mx_host,domain_count,primary_asn
tinyhost.shop,30994,"AS51167 (CONTABO, DE)"
route1.mx.cloudflare.net,2886,"AS13335 (CLOUDFLARENET - Cloudflare, Inc., US)"
route2.mx.cloudflare.net,2843,"AS13335 (CLOUDFLARENET - Cloudflare, Inc., US)"
route3.mx.cloudflare.net,2783,"AS13335 (CLOUDFLARENET - Cloudflare, Inc., US)"
mx1.simplelogin.co,2714,"AS62371 (PROTON, CH)"
park-mx.above.com,2054,"AS133618 (TRELLIAN-AS-AP Trellian Pty. Limited, AU)"
aspmx.l.google.com,1887,"AS15169 (GOOGLE - Google LLC, US)"
mail.wabblywabble.com,1804,"AS14061 (DIGITALOCEAN-ASN - DigitalOcean, LLC, US)"
emailfake.com,1717,"AS30886 (KOMITEX-AS, UA)"
mx156.hostedmxserver.com,1389,"AS14061 (DIGITALOCEAN-ASN - DigitalOcean, LLC, US)"
generator.email,1262,"AS30886 (KOMITEX-AS, UA)"
smtp.yopmail.com,1243,"AS16276 (OVH, FR)"
aero4.unstablemail.com,1025,"AS14061 (DIGITALOCEAN-ASN - DigitalOcean, LLC, US)"
eforward1.registrar-servers.com,1001,"AS22612 (NAMECHEAP-NET - Namecheap, Inc., US)"
mail.h-email.net,976,"AS24940 (HETZNER-AS, DE)"
mx4.beavis99.com,926,"AS24940 (HETZNER-AS, DE)"
smtp.google.com,648,"AS15169 (GOOGLE - Google LLC, US)"
mail.anonaddy.me,588,"AS47172 (GREENHOST, NL)"
mx1.improvmx.com,554,"AS16509 (AMAZON-02 - Amazon.com, Inc., US)"
localhost,527,
mx.emlhub.com,503,"AS24940 (HETZNER-AS, DE)"
mail.mailerhost.net,490,"AS213230 (HETZNER-CLOUD2-AS, DE)"
mx.plingest.com,448,"AS63023 (AS-GLOBALTELEHOST - GTHost, US)"
mx1.hostinger.com,448,"AS13335 (CLOUDFLARENET - Cloudflare, Inc., US)"
mx1.beget.com,409,"AS198610 (BEGET-AS, RU)"
mx.spymail.one,396,"AS24940 (HETZNER-AS, DE)"
mxa.mailgun.org,394,"AS396982 (GOOGLE-CLOUD-PLATFORM - Google LLC, US)"
mx.emltmp.com,384,"AS24940 (HETZNER-AS, DE)"
inbound-smtp.us-east-1.amazonaws.com,381,"AS14618 (AMAZON-AES - Amazon.com, Inc., US)"
mx.emlpro.com,372,"AS24940 (HETZNER-AS, DE)"
smtp.secureserver.net,366,"AS398101 (GO-DADDY-COM-LLC - GoDaddy.com, LLC, US)"
mx.10mail.org,349,"AS24940 (HETZNER-AS, DE)"
mx.dropmail.me,347,"AS24940 (HETZNER-AS, DE)"
mx37.mb5p.com,342,"AS14061 (DIGITALOCEAN-ASN - DigitalOcean, LLC, US)"
mx1.forwardemail.net,329,"AS60068 (CDN77 _, GB)"
mx.freeml.net,328,"AS24940 (HETZNER-AS, DE)"
tempm.com,321,"AS30886 (KOMITEX-AS, UA)"
mx1-hosting.jellyfish.systems,316,"AS22612 (NAMECHEAP-NET - Namecheap, Inc., US)"
mx1.timeweb.ru,301,"AS9123 (TIMEWEB-AS, RU)"
mail.mailinator.com,283,"AS63949 (AKAMAI-LINODE-AP Akamai Connected Cloud, SG)"
mx.moakt.com,273,"AS46475 (LIMESTONENETWORKS - Limestone Networks, Inc., US)"
mx.yomail.info,268,"AS24940 (HETZNER-AS, DE)"
mail2.anonaddy.me,266,"AS202053 (UPCLOUD, FI)"
mx00.mail.com,263,"AS8560 (IONOS-AS This is the joint network for IONOS, Fasthosts, Arsys, 1&1 Mail and Media and 1&1 Telecom. Formerly known as 1&1 Internet SE., DE)"
mx195.mb5p.com,261,"AS14061 (DIGITALOCEAN-ASN - DigitalOcean, LLC, US)"
mail.casadorock.com,255,"AS212317 (HETZNER-CLOUD3-AS, DE)"
mx.10mail.xyz,228,"AS24940 (HETZNER-AS, DE)"
smtpv2.ec2.33mail.com,213,"AS14618 (AMAZON-AES - Amazon.com, Inc., US)"
mxb.mailgun.org,206,"AS396982 (GOOGLE-CLOUD-PLATFORM - Google LLC, US)"
sss.pp.ua,199,
mx.zoho.com,194,"AS2639 (ZOHO-AS - ZOHO, US)"
custmx.cscdns.net,171,"AS63949 (AKAMAI-LINODE-AP Akamai Connected Cloud, SG)"
mx.dka.mailcore.net,160,"AS3308 (TELIANET-DENMARK, SE)"
mail.ese.kr,159,"AS9318 (SKB-AS SK Broadband Co Ltd, KR)"
mailosaur.net,157,"AS396982 (GOOGLE-CLOUD-PLATFORM - Google LLC, US)"
~,154,
inbound-smtp.skiff.com,149,"AS16509 (AMAZON-02 - Amazon.com, Inc., US)"
mail.protonmail.ch,147,"AS62371 (PROTON, CH)"
em4.rejecthost.com,147,"AS14061 (DIGITALOCEAN-ASN - DigitalOcean, LLC, US)"
mail.wallywatts.com,143,"AS24940 (HETZNER-AS, DE)"
smtp.oneb.net,142,"AS24940 (HETZNER-AS, DE)"
mx.yandex.net,140,AS13238 (YANDEX - YANDEX LLC)
em4.catchservers.com,139,"AS14061 (DIGITALOCEAN-ASN - DigitalOcean, LLC, US)"
mx1.privateemail.com,138,"AS22612 (NAMECHEAP-NET - Namecheap, Inc., US)"
spool.mail.gandi.net,134,"AS29169 (GANDI-AS Domain name registrar - www.gandi.net, FR)"
em4.mainnetmail.com,129,"AS14061 (DIGITALOCEAN-ASN - DigitalOcean, LLC, US)"
blackhole.aftermarket.pl,129,"AS48707 (AS48707-OPS-, PL)"
ereg4.brushemail.com,125,"AS14061 (DIGITALOCEAN-ASN - DigitalOcean, LLC, US)"
in1-smtp.messagingengine.com,123,"AS151847 (FASTMAILPTYLTD-AS-AP Fastmail Pty Ltd, AU)"
use4.bumpemail.com,118,"AS213230 (HETZNER-CLOUD2-AS, DE)"
mxa-00169c01.gslb.pphosted.com,117,"AS26211 (PROOFPOINT-ASN-US-WEST - Proofpoint, Inc., US)"
reception01.mail-vert.fr,115,"AS16276 (OVH, FR)"
mx.powered.name,110,"AS24940 (HETZNER-AS, DE)"
mx.mailpwr.com,107,"AS24940 (HETZNER-AS, DE)"
mx.mailhost12.net,104,"AS14061 (DIGITALOCEAN-ASN - DigitalOcean, LLC, US)"
mx.mimimail.me,103,"AS24940 (HETZNER-AS, DE)"
mx.breakthur.com,102,"AS14061 (DIGITALOCEAN-ASN - DigitalOcean, LLC, US)"
mail.xoxox.ooo,100,"AS47583 (AS-HOSTINGER, CY)"
aero4.stememail.com,94,"AS14061 (DIGITALOCEAN-ASN - DigitalOcean, LLC, US)"
w4.aerospaceemail.com,94,"AS14061 (DIGITALOCEAN-ASN - DigitalOcean, LLC, US)"
mx10.antispam.mailspamprotection.com,91,"AS396982 (GOOGLE-CLOUD-PLATFORM - Google LLC, US)"
srv4.recoverhost.com,90,"AS14061 (DIGITALOCEAN-ASN - DigitalOcean, LLC, US)"
mx.tmail.delivery,88,"AS16509 (AMAZON-02 - Amazon.com, Inc., US)"
mail4.outsideserver.com,83,"AS14061 (DIGITALOCEAN-ASN - DigitalOcean, LLC, US)"
in.mail.tm,82,"AS24940 (HETZNER-AS, DE)"
tm.xuanlich.com,80,"AS14061 (DIGITALOCEAN-ASN - DigitalOcean, LLC, US)"
recv1.erinn.biz,79,"AS7506 (INTERQ GMO Internet Group, Inc., JP)"
mx.stackmail.com,79,"AS48254 (TWENTYI, GB)"
mx.generic-isp.com,78,"AS14061 (DIGITALOCEAN-ASN - DigitalOcean, LLC, US)"
mx1.titan.email,75,"AS14618 (AMAZON-AES - Amazon.com, Inc., US)"
mx1.hosting.reg.ru,75,"AS197695 (AS-REG, RU)"
mxbiz1.qq.com,73,"AS9304 (HUTCHISON-AS-AP HGC Global Communications Limited, HK)"
mx01.mail.icloud.com,72,"AS714 (APPLE-ENGINEERING - Apple Inc., US)"
mx4.mxcomet.com,72,"AS24940 (HETZNER-AS, DE)"
mainmx4.darkprobe.com,70,"AS14061 (DIGITALOCEAN-ASN - DigitalOcean, LLC, US)"
coloa4.hubblehost.com,68,"AS14061 (DIGITALOCEAN-ASN - DigitalOcean, LLC, US)"
mx.hover.com.cust.hostedemail.com,67,"AS15348 (TUCOWS - Tucows.com Co., CA)"
mail.eye-mail.net,65,"AS24940 (HETZNER-AS, DE)"
mx1.mail.ovh.net,65,"AS16276 (OVH, FR)"
mx2.forwardemail.net,65,"AS60068 (CDN77 _, GB)"
mail.computer.com,65,"AS199524 (GCORE, LU)"
emx.mail.ru,64,"AS47764 (VK-AS, RU)"
mx.discard.email,59,"AS197540 (NETCUP-AS netcup GmbH, DE)"
fwd.regery.net,56,"AS24940 (HETZNER-AS, DE)"
mx01.ionos.com,54,"AS8560 (IONOS-AS This is the joint network for IONOS, Fasthosts, Arsys, 1&1 Mail and Media and 1&1 Telecom. Formerly known as 1&1 Internet SE., DE)"
mx00.ionos.com,54,"AS8560 (IONOS-AS This is the joint network for IONOS, Fasthosts, Arsys, 1&1 Mail and Media and 1&1 Telecom. Formerly known as 1&1 Internet SE., DE)"
inbound-smtp.us-west-2.amazonaws.com,54,"AS16509 (AMAZON-02 - Amazon.com, Inc., US)"
mx.yandex.ru,53,AS13238 (YANDEX - YANDEX LLC)
mx.zoho.eu,53,"AS205111 (ZOHO-EU, NL)"
mail.hope-mail.com,53,"AS213230 (HETZNER-CLOUD2-AS, DE)"
tryninja.io,53,"AS63949 (AKAMAI-LINODE-AP Akamai Connected Cloud, SG)"
mail1.mailcore.email,52,"AS57043 (HOSTKEY-AS, NL)"
parkmail.dynadot.com,50,"AS36086 (TELX-LEGACY - Telx, US)"
email-fake.com,50,"AS30886 (KOMITEX-AS, UA)"
mail.tazza.me,50,"AS47583 (AS-HOSTINGER, CY)"
la4.inquirymailer.com,49,"AS14061 (DIGITALOCEAN-ASN - DigitalOcean, LLC, US)"
domain-us-1.getmx.com,49,"AS14061 (DIGITALOCEAN-ASN - DigitalOcean, LLC, US)"
mx1.emailsrvr.com,49,"AS27357 (RACKSPACE - Rackspace Hosting, US)"
mx1-us1.ppe-hosted.com,49,"AS22843 (PROOFPOINT-ASN-US-EAST - Proofpoint, Inc., US)"
mail.tempmail.id.vn,47,"AS135905 (VNPT-AS-VN VIETNAM POSTS AND TELECOMMUNICATIONS GROUP, VN)"
eml.monster,46,"AS14061 (DIGITALOCEAN-ASN - DigitalOcean, LLC, US)"
smtp.trashmail.com,46,"AS24940 (HETZNER-AS, DE)"
mail2.namebrightmail.com,45,"AS12025 (IMDC-AS12025 - Iron Mountain Data Center, US)"
mail1.namebrightmail.com,44,"AS12025 (IMDC-AS12025 - Iron Mountain Data Center, US)"
mx00.emig.gmx.net,43,"AS8560 (IONOS-AS This is the joint network for IONOS, Fasthosts, Arsys, 1&1 Mail and Media and 1&1 Telecom. Formerly known as 1&1 Internet SE., DE)"
fwd1.porkbun.com,41,"AS16509 (AMAZON-02 - Amazon.com, Inc., US)"
smtpin.rzone.de,41,"AS6724 (STRATO STRATO AG, DE)"
cs30080.seedhost.eu,40,"AS60781 (LEASEWEB-NL-AMS-01 Netherlands, NL)"
us-smtp-inbound-1.mimecast.com,39,"AS30031 (MIMECAST-US - Mimecast North America Inc, US)"
tja.papierkorb.me,39,"AS24940 (HETZNER-AS, DE)"
mx01.emig.gmx.net,38,"AS8560 (IONOS-AS This is the joint network for IONOS, Fasthosts, Arsys, 1&1 Mail and Media and 1&1 Telecom. Formerly known as 1&1 Internet SE., DE)"
mail.mailscr.us,38,"AS51167 (CONTABO, DE)"
mx4.mail.ovh.net,38,"AS16276 (OVH, FR)"
mx4.emailowl.com,37,"AS20473 (AS-VULTR - The Constant Company, LLC, US)"
mx4.beavis99.net,36,"AS24940 (HETZNER-AS, DE)"
smtp.getontheweb.com,36,"AS396982 (GOOGLE-CLOUD-PLATFORM - Google LLC, US)"
webhost.dynadot.com,36,"AS16509 (AMAZON-02 - Amazon.com, Inc., US)"
mx1.darkvilto.biz,35,"AS24940 (HETZNER-AS, DE)"
mailgw.ns36.de,33,
mailnesia.com,33,"AS29802 (HVC-AS - HIVELOCITY, Inc., US)"
mail.pickelhost.com,32,"AS14061 (DIGITALOCEAN-ASN - DigitalOcean, LLC, US)"
void.blackhole.mx,32,"AS24940 (HETZNER-AS, DE)"
mx00.ionos.de,31,"AS8560 (IONOS-AS This is the joint network for IONOS, Fasthosts, Arsys, 1&1 Mail and Media and 1&1 Telecom. Formerly known as 1&1 Internet SE., DE)"
in.mailsac.com,31,"AS16509 (AMAZON-02 - Amazon.com, Inc., US)"
mx1.mailhop.org,30,"AS16509 (AMAZON-02 - Amazon.com, Inc., US)"
mx1.efwd.spaceship.net,30,"AS22612 (NAMECHEAP-NET - Namecheap, Inc., US)"
gourmet7.spamgourmet.com,29,"AS10439 (CARINET - CariNet, Inc., US)"
mx4.mb1p.com,28,"AS24940 (HETZNER-AS, DE)"
mx1.ewebdevelopment.com,28,"AS14061 (DIGITALOCEAN-ASN - DigitalOcean, LLC, US)"
eur.olc.protection.outlook.com,28,"AS8075 (MICROSOFT-CORP-MSN-AS-BLOCK - Microsoft Corporation, US)"
bccto.cc,27,"AS36352 (AS-COLOCROSSING - HostPapa, US)"
mx.jailbreakeverything.com,27,"AS20473 (AS-VULTR - The Constant Company, LLC, US)"
mx-aol.mail.gm0.yahoodns.net,27,"AS36646 (YAHOO-NE1 - Yahoo Holdings Inc., US)"
apc.olc.protection.outlook.com,27,"AS8075 (MICROSOFT-CORP-MSN-AS-BLOCK - Microsoft Corporation, US)"
mail.b-io.co,26,"AS24940 (HETZNER-AS, DE)"
mx.pigeonprotocol.com,26,"AS20473 (AS-VULTR - The Constant Company, LLC, US)"
mx1.feishu.cn,26,"AS16509 (AMAZON-02 - Amazon.com, Inc., US)"
nguyendoll.com,26,"AS135905 (VNPT-AS-VN VIETNAM POSTS AND TELECOMMUNICATIONS GROUP, VN)"
pkvw-mx.msg.pkvw.co.charter.net,26,"AS40294 (CHARTER-40294-DC - Charter Communications LLC, US)"
aspmx1.migadu.com,25,"AS16276 (OVH, FR)"
mailserver.purelymail.com,25,"AS14618 (AMAZON-AES - Amazon.com, Inc., US)"
mx01.ionos.de,25,"AS8560 (IONOS-AS This is the joint network for IONOS, Fasthosts, Arsys, 1&1 Mail and Media and 1&1 Telecom. Formerly known as 1&1 Internet SE., DE)"
mx.zoho.in,25,"AS56201 (ZOHO-IN Zoho Corporation Pvt. Ltd, IN)"
mx.noophost.com,24,"AS135905 (VNPT-AS-VN VIETNAM POSTS AND TELECOMMUNICATIONS GROUP, VN)"
mta-gw.infomaniak.ch,24,"AS29222 (INFOMANIAK-AS, CH)"
mxb-00169c01.gslb.pphosted.com,24,"AS22843 (PROOFPOINT-ASN-US-EAST - Proofpoint, Inc., US)"
mx2.efwd.spaceship.net,24,"AS22612 (NAMECHEAP-NET - Namecheap, Inc., US)"
alltheemails.com,24,"AS8860 (DELTA-BG-AS, BG)"
domains.33mail.com,23,"AS14618 (AMAZON-AES - Amazon.com, Inc., US)"
mxn.mxhichina.com,23,"AS45102 (ALIBABA-CN-NET Alibaba US Technology Co., Ltd., CN)"
hzmx01.mxmail.netease.com,23,"AS45102 (ALIBABA-CN-NET Alibaba US Technology Co., Ltd., CN)"
mx.tempmail.cn,22,"AS60404 (LITESERVER, NL)"
own1-mx.iaprem.fun,22,"AS7506 (INTERQ GMO Internet Group, Inc., JP)"
r3.domainparking.reg.ru,22,"AS197695 (AS-REG, RU)"
mx10.mailspamprotection.com,22,"AS396982 (GOOGLE-CLOUD-PLATFORM - Google LLC, US)"
mail.tutanota.de,21,"AS210909 (TUTA, DE)"
bulc.club,21,"AS32244 (LIQUIDWEB - Liquid Web, L.L.C, US)"
mx01.ionos.co.uk,21,"AS8560 (IONOS-AS This is the joint network for IONOS, Fasthosts, Arsys, 1&1 Mail and Media and 1&1 Telecom. Formerly known as 1&1 Internet SE., DE)"
inbound-smtp.eu-west-1.amazonaws.com,21,"AS16509 (AMAZON-02 - Amazon.com, Inc., US)"
mx1.qiye.aliyun.com,21,"AS45102 (ALIBABA-CN-NET Alibaba US Technology Co., Ltd., CN)"
mx.sendgrid.net,21,"AS16509 (AMAZON-02 - Amazon.com, Inc., US)"
nam.olc.protection.outlook.com,21,"AS8075 (MICROSOFT-CORP-MSN-AS-BLOCK - Microsoft Corporation, US)"
mx01.posteo.de,21,"AS8495 (INTERNET_AG Frankfurt-Munich-Stuttgart-Amsterdam-London, DE)"
mx.temp-mail.io,20,"AS24940 (HETZNER-AS, DE)"
mx4.burnserver.com,20,"AS14061 (DIGITALOCEAN-ASN - DigitalOcean, LLC, US)"
mx.proxiedmail.com,20,"AS14061 (DIGITALOCEAN-ASN - DigitalOcean, LLC, US)"
mx2.timeweb.ru,20,"AS9123 (TIMEWEB-AS, RU)"
mx.smtp.dev,20,"AS24940 (HETZNER-AS, DE)"
relay.wn-power.com,20,"AS11014 (CPS, AR)"
mail.24.email,20,"AS210976 (TWC-EU, KZ)"
0.0.0.0,19,
mail.aeronyx.cfd,19,"AS203446 (AS203446, GB)"
ghs.google.com,19,"AS15169 (GOOGLE - Google LLC, US)"
isaac.mx.cloudflare.net,19,"AS13335 (CLOUDFLARENET - Cloudflare, Inc., US)"
mx02.xnote.us,19,"AS63949 (AKAMAI-LINODE-AP Akamai Connected Cloud, SG)"
mail.tempmail-plus.com,19,"AS42846 (GUZELHOSTING GNET INTERNET TELEKOMUNIKASYON A.S., TR)"
mail.webmailious.top,19,"AS24940 (HETZNER-AS, DE)"
mx00.ionos.co.uk,19,"AS8560 (IONOS-AS This is the joint network for IONOS, Fasthosts, Arsys, 1&1 Mail and Media and 1&1 Telecom. Formerly known as 1&1 Internet SE., DE)"
mx1.forwardmx.net,18,"AS212317 (HETZNER-CLOUD3-AS, DE)"
mx1-usg2.ppe-hosted.com,18,"AS14618 (AMAZON-AES - Amazon.com, Inc., US)"
email.gravityengine.cc,18,"AS31898 (ORACLE-BMC-31898 - Oracle Corporation, US)"
mx1.spaceweb.ru,17,"AS44112 (SWEB-AS, RU)"
relay7m.it.nrw.de,17,"AS43066 (IT-NRW, DE)"
bh.markmonitor.com,17,
mail.parktons.com,17,"AS20473 (AS-VULTR - The Constant Company, LLC, US)"
smtp.chinaqoe.com,17,"AS45102 (ALIBABA-CN-NET Alibaba US Technology Co., Ltd., CN)"
mail.easytrashmail.eu,17,"AS44486 (SYNLINQ synlinq.de, DE)"
mxa.eu.mailgun.org,17,"AS396982 (GOOGLE-CLOUD-PLATFORM - Google LLC, US)"
mx-in.g.apple.com,17,"AS714 (APPLE-ENGINEERING - Apple Inc., US)"
gourmet.spamgourmet.com,16,"AS10439 (CARINET - CariNet, Inc., US)"
gr.priyomail.net,16,"AS24940 (HETZNER-AS, DE)"
amir.mx.cloudflare.net,16,"AS13335 (CLOUDFLARENET - Cloudflare, Inc., US)"
mx1.spacemail.com,16,"AS22612 (NAMECHEAP-NET - Namecheap, Inc., US)"
mx1.alias.proton.me,16,"AS62371 (PROTON, CH)"
mailx.gridhost.com,16,"AS46261 (QUICKPACKET - QuickPacket, LLC, US)"
mx03.posteo.de,16,"AS8495 (INTERNET_AG Frankfurt-Munich-Stuttgart-Amsterdam-London, DE)"
mail.theloi.io.vn,15,"AS18403 (FPT-AS-AP FPT Telecom Company, VN)"
mx01.ionos.fr,15,"AS8560 (IONOS-AS This is the joint network for IONOS, Fasthosts, Arsys, 1&1 Mail and Media and 1&1 Telecom. Formerly known as 1&1 Internet SE., DE)"
mail.ezonemail.com,15,"AS47583 (AS-HOSTINGER, CY)"
mx1.altaddress.net,15,"AS7922 (COMCAST-7922 - Comcast Cable Communications, LLC, US)"
hosting.bofhland.org,15,"AS14061 (DIGITALOCEAN-ASN - DigitalOcean, LLC, US)"
mail1.testinator.com,15,"AS63949 (AKAMAI-LINODE-AP Akamai Connected Cloud, SG)"
privateemail.chessgameland.com,15,"AS24940 (HETZNER-AS, DE)"
mx1.mailchannels.net,15,"AS16509 (AMAZON-02 - Amazon.com, Inc., US)"
mail.unlimitmail.com,15,"AS135932 (VNDATA-AS-VN Viet Storage Technology Joint Stock Company, VN)"
mx4-prod.edatasource.com,15,"AS14618 (AMAZON-AES - Amazon.com, Inc., US)"
mx0.123-reg.co.uk,15,"AS398101 (GO-DADDY-COM-LLC - GoDaddy.com, LLC, US)"
mx1.hostinger.in,15,"AS13335 (CLOUDFLARENET - Cloudflare, Inc., US)"
mx203.inbound-mx.net,14,"AS14061 (DIGITALOCEAN-ASN - DigitalOcean, LLC, US)"
mail.x-networks.net,14,"AS14061 (DIGITALOCEAN-ASN - DigitalOcean, LLC, US)"
mx1-usg1.ppe-hosted.com,14,"AS14618 (AMAZON-AES - Amazon.com, Inc., US)"
3potify.com,14,"AS14061 (DIGITALOCEAN-ASN - DigitalOcean, LLC, US)"
linda.mx.cloudflare.net,14,"AS13335 (CLOUDFLARENET - Cloudflare, Inc., US)"
mx1.tempmail.so,14,"AS45102 (ALIBABA-CN-NET Alibaba US Technology Co., Ltd., CN)"
mailgenk.com,14,"AS22612 (NAMECHEAP-NET - Namecheap, Inc., US)"
mail,14,
mail.vortex.skyfall.dev,14,"AS13335 (CLOUDFLARENET - Cloudflare, Inc., US)"
mail.happyisp.com,14,"AS213230 (HETZNER-CLOUD2-AS, DE)"
mx1.csof.net,14,"AS24940 (HETZNER-AS, DE)"
mail.paicha.cloud,14,"AS131965 (XSERVER Xserver Inc., JP)"
null.corpmailsvcs.com,14,
box.m1lf.party,13,"AS197540 (NETCUP-AS netcup GmbH, DE)"
mail.alternativeid.com,13,"AS16509 (AMAZON-02 - Amazon.com, Inc., US)"
mail.nominalia.com,13,"AS39729 (REGISTER-AS, IT)"
mx.expiredtoaster.org,13,"AS20473 (AS-VULTR - The Constant Company, LLC, US)"
temp-mail-pro.com,13,"AS45102 (ALIBABA-CN-NET Alibaba US Technology Co., Ltd., CN)"
mail.dynainbox.com,13,"AS24940 (HETZNER-AS, DE)"
plant.blueberrymail.net,13,"AS213230 (HETZNER-CLOUD2-AS, DE)"
alt1.aspmx.l.google.com,13,"AS15169 (GOOGLE - Google LLC, US)"
eu-smtp-inbound-1.mimecast.com,13,"AS42427 (MIMECAST-UK, GB)"
mx2.improvmx.com,13,"AS16509 (AMAZON-02 - Amazon.com, Inc., US)"
smtp.spam4.me,13,"AS60781 (LEASEWEB-NL-AMS-01 Netherlands, NL)"
arrow.mxrouting.net,12,"AS46261 (QUICKPACKET - QuickPacket, LLC, US)"
mail.chessgamingworld.com,12,"AS24940 (HETZNER-AS, DE)"
mx1.larksuite.com,12,"AS16509 (AMAZON-02 - Amazon.com, Inc., US)"
mx01.lolipop.jp,12,"AS7506 (INTERQ GMO Internet Group, Inc., JP)"
mail.sfxmailbox.com,12,"AS24940 (HETZNER-AS, DE)"
us2.mx1.mailhostbox.com,12,"AS46606 (UNIFIEDLAYER-AS-1 - Unified Layer, US)"
mx00.udag.de,12,"AS15598 (IPX-AS15598, DE)"
mail.cpsinet.net,12,"AS396949 (CLOUDWEBMANAGE-TX - Kamatera, Inc., US)"
mail.mkomail.cyou,12,"AS16276 (OVH, FR)"
mail-temp.com,12,"AS30886 (KOMITEX-AS, UA)"
plato.junkemailfilter.com,12,"AS6939 (HURRICANE - Hurricane Electric LLC, US)"
mx1.vfemail.net,12,"AS202448 (MVPS www.mvps.net, CY)"
mx04.posteo.de,12,"AS8495 (INTERNET_AG Frankfurt-Munich-Stuttgart-Amsterdam-London, DE)"
usb-smtp-inbound-1.mimecast.com,11,"AS30031 (MIMECAST-US - Mimecast North America Inc, US)"
relay0.it.nrw.de,11,"AS43066 (IT-NRW, DE)"
apollo.mailbox49.com,11,"AS35916 (MULTA-ASN1 - MULTACOM CORPORATION, US)"
mail.tempmailbox.net,11,"AS14061 (DIGITALOCEAN-ASN - DigitalOcean, LLC, US)"
mx1.mxfilter.net,11,"AS46824 (NAMECRANE - NameCrane LLC, US)"
mxext1.mailbox.org,11,"AS199118 (HPLS-AS, DE)"
mx.joyrideday.com,11,"AS29873 (BIZLAND-SD - Newfold Digital, Inc., US)"
mx00.ionos.fr,11,"AS8560 (IONOS-AS This is the joint network for IONOS, Fasthosts, Arsys, 1&1 Mail and Media and 1&1 Telecom. Formerly known as 1&1 Internet SE., DE)"
mx2.spacemail.com,11,"AS22612 (NAMECHEAP-NET - Namecheap, Inc., US)"
mail.notletters.com,11,"AS16276 (OVH, FR)"
mx2.csof.net,11,"AS24940 (HETZNER-AS, DE)"
broker.balansor.com,11,"AS24940 (HETZNER-AS, DE)"
mx00.ionos.es,11,"AS8560 (IONOS-AS This is the joint network for IONOS, Fasthosts, Arsys, 1&1 Mail and Media and 1&1 Telecom. Formerly known as 1&1 Internet SE., DE)"
mx.tlen.pl,11,"AS31080 (O2-AS, PL)"
s151.goserver.host,11,"AS48324 (DE-WEBGO www.webgo.de, DE)"
mail.mail10p.com,11,"AS135905 (VNPT-AS-VN VIETNAM POSTS AND TELECOMMUNICATIONS GROUP, VN)"
mx00.gmx.net,11,"AS8560 (IONOS-AS This is the joint network for IONOS, Fasthosts, Arsys, 1&1 Mail and Media and 1&1 Telecom. Formerly known as 1&1 Internet SE., DE)"
mx01.nvidma.com,11,"AS14618 (AMAZON-AES - Amazon.com, Inc., US)"
mail.vanhoang.vn,10,"AS18450 (WEBNX - WebNX, Inc., US)"
mc2.cloudfido.com,10,"AS16276 (OVH, FR)"
mail.temporarily.de,10,"AS12574 (ROUTING Franzstr. 51, 52064 Aachen, DE)"
mx.ukraine.com.ua,10,"AS200000 (UKRAINE-AS, UA)"
mx.checker.in,10,"AS24940 (HETZNER-AS, DE)"
mx.services,10,"AS200000 (UKRAINE-AS, UA)"
mx.fex.plus,10,"AS63023 (AS-GLOBALTELEHOST - GTHost, US)"
mail.testinator.email,10,"AS63949 (AKAMAI-LINODE-AP Akamai Connected Cloud, SG)"
mx01.mail.com,10,"AS8560 (IONOS-AS This is the joint network for IONOS, Fasthosts, Arsys, 1&1 Mail and Media and 1&1 Telecom. Formerly known as 1&1 Internet SE., DE)"
mx.freecustom.email,10,"AS197540 (NETCUP-AS netcup GmbH, DE)"
mail.mailings.live,10,"AS16276 (OVH, FR)"
mx0.mail.ovh.net,10,"AS16276 (OVH, FR)"
mx5-prod.edatasource.com,10,"AS14618 (AMAZON-AES - Amazon.com, Inc., US)"
mail.furvionx.com,10,"AS210976 (TWC-EU, KZ)"
mx.add5000.com,9,"AS30886 (KOMITEX-AS, UA)"
mx-biz.mail.am0.yahoodns.net,9,"AS26101 (YAHOO-BF1 - Yahoo Holdings Inc., US)"
mx.4mznz.com,9,"AS16509 (AMAZON-02 - Amazon.com, Inc., US)"
mailserver.livemail.co.uk,9,"AS8560 (IONOS-AS This is the joint network for IONOS, Fasthosts, Arsys, 1&1 Mail and Media and 1&1 Telecom. Formerly known as 1&1 Internet SE., DE)"
mx5.freeola.com,9,"AS13037 (ZEN-AS Zen Internet - UK, GB)"
rack-host.net,9,"AS33724 (BIZNESSHOSTING-DBA-VOLICO - VOLICO, US)"
mx0101.titan.email,9,"AS16509 (AMAZON-02 - Amazon.com, Inc., US)"
abusekiste.net,9,"AS39835 (GOETEL, DE)"
li.chinaqoe.com,9,"AS45102 (ALIBABA-CN-NET Alibaba US Technology Co., Ltd., CN)"
mx2.mailchannels.net,9,"AS16509 (AMAZON-02 - Amazon.com, Inc., US)"
gmr-smtp-in.l.google.com,9,"AS15169 (GOOGLE - Google LLC, US)"
domain-us-1.cuiqiu.net,9,"AS132203 (TENCENT-NET-AP-CN Tencent Building, Kejizhongyi Avenue, CN)"
mx001.netsol.xion.oxcs.net,9,"AS29838 (AMC - Atlantic Metro Communications II, Inc., US)"
mx1.netim.net,9,"AS24935 (ATE-AS, FR)"
mx01.earthlink-vadesecure.net,9,"AS16276 (OVH, FR)"
mx.netidentity.com.cust.hostedemail.com,9,"AS15348 (TUCOWS - Tucows.com Co., CA)"
mx2.freeola.com,9,"AS25577 (C4L-AS, GB)"
mail.catchallmx.com,8,"AS16276 (OVH, FR)"
mx.trouble-free.net,8,"AS19318 (IS-AS-1 - Interserver, Inc, US)"
mail.andrewcluh.top,8,"AS203446 (AS203446, GB)"
mx.48hr.email,8,"AS24961 (MYLOC-AS IP Backbone of WIIT AG formerly myLoc managed IT AG, DE)"
mail.brevitron.cfd,8,"AS203446 (AS203446, GB)"
mx1.ovh.net,8,"AS16276 (OVH, FR)"
smtpin.vvv.facebook.com,8,"AS32934 (FACEBOOK - Facebook, Inc., US)"
mail.rakibbd.com,8,"AS202422 (GHOST, LU)"
mail.temporary-mail.net,8,"AS45102 (ALIBABA-CN-NET Alibaba US Technology Co., Ltd., CN)"
mx002.netsol.xion.oxcs.net,8,"AS29838 (AMC - Atlantic Metro Communications II, Inc., US)"
us2.mx3.mailhostbox.com,8,"AS46606 (UNIFIEDLAYER-AS-1 - Unified Layer, US)"
mx4.freeola.com,8,"AS13037 (ZEN-AS Zen Internet - UK, GB)"
mail.virtualnetia.de,8,"AS214996 (NETCUP, DE)"
mail.register.it,8,"AS39729 (REGISTER-AS, IT)"
sitemail.everyone.net,8,"AS30447 (INFB2-AS - Internet Names For Business Inc., CA)"
mailinator.com,8,"AS13335 (CLOUDFLARENET - Cloudflare, Inc., US)"
asahinet-mx-v4.xspmail.jp,8,"AS2497 (IIJ Internet Initiative Japan Inc., JP)"
mail.trashmail.de,8,"AS16276 (OVH, FR)"
mail.idp365.net,8,"AS60819 (SAFENAMES-AS, GB)"
mx.191mariobet.com,7,"AS24940 (HETZNER-AS, DE)"
mx1.dreamhost.com,7,"AS26347 (DREAMHOST-AS - New Dream Network, LLC, US)"
mail.2fa.vn,7,"AS24940 (HETZNER-AS, DE)"
mx.post.tf,7,"AS41608 (NEXTGENWEBS-NL, ES)"
mx.imena.ua,7,"AS25393 (MIROHOST, US)"
feedback-smtp.us-east-1.amazonses.com,7,"AS14618 (AMAZON-AES - Amazon.com, Inc., US)"
mx4.arrivalserver.com,7,"AS213230 (HETZNER-CLOUD2-AS, DE)"
generator.email.xxxx,7,
mx.ym.163.com,7,"AS139203 (CHINANET-GUIZHOU-GUIAN-IDC Guizhou GuiAn IDC, CN)"
dca4.patternemail.com,7,"AS14061 (DIGITALOCEAN-ASN - DigitalOcean, LLC, US)"
mx2.privateemail.com,7,"AS22612 (NAMECHEAP-NET - Namecheap, Inc., US)"
mx.isp-inter.net,7,"AS14061 (DIGITALOCEAN-ASN - DigitalOcean, LLC, US)"
mail.jabmag.com,7,"AS14061 (DIGITALOCEAN-ASN - DigitalOcean, LLC, US)"
us-smtp-inbound-2.mimecast.com,7,"AS30031 (MIMECAST-US - Mimecast North America Inc, US)"
mail.thirdechelon.net,7,"AS24940 (HETZNER-AS, DE)"
mail10.mymailcheap.com,7,"AS16276 (OVH, FR)"
alt1.cloudcone.mx,7,"AS35916 (MULTA-ASN1 - MULTACOM CORPORATION, US)"
mail.resolutux.com,7,"AS203446 (AS203446, GB)"
mx1.ticketsinbound.com,7,"AS40021 (CONTABO-40021 - Contabo Inc., US)"
mx.spamexperts.com,7,"AS16633 (I-3 - N-able Technologies, Inc., US)"
mxdomain.qq.com,7,"AS132203 (TENCENT-NET-AP-CN Tencent Building, Kejizhongyi Avenue, CN)"
mail.tennleague.com,7,"AS24940 (HETZNER-AS, DE)"
mx01.ionos.es,7,"AS8560 (IONOS-AS This is the joint network for IONOS, Fasthosts, Arsys, 1&1 Mail and Media and 1&1 Telecom. Formerly known as 1&1 Internet SE., DE)"
mx195.m1bp.com,7,"AS14061 (DIGITALOCEAN-ASN - DigitalOcean, LLC, US)"
mx.mail-temporaire.fr,7,"AS12876 (Online SAS, FR)"
mxia.craigslist.org,7,"AS22414 (CRAIGS-NET-1 - Craigslist, Inc., US)"
mail.mailserver.lol,7,"AS36352 (AS-COLOCROSSING - HostPapa, US)"
fusion.mxrouting.net,7,"AS46261 (QUICKPACKET - QuickPacket, LLC, US)"
mx02.mail.icloud.com,7,"AS714 (APPLE-ENGINEERING - Apple Inc., US)"
cloudbmail.com,7,"AS39287 (ABSTRACT, FI)"
mail.nospam.today,7,"AS212477 (ROYALE-AS, NL)"
mail.usmailz.com,7,"AS213230 (HETZNER-CLOUD2-AS, DE)"
mail.mailmask.cc,7,"AS212477 (ROYALE-AS, NL)"
mail.mailde.de,7,"AS24940 (HETZNER-AS, DE)"
mx1.cock.li,7,"AS9009 (M247, RO)"
in.mail.gw,7,"AS24940 (HETZNER-AS, DE)"
mx-eu.mail.am0.yahoodns.net,7,"AS34010 (YAHOO-IRD, GB)"
mail.deepmails.org,6,"AS45102 (ALIBABA-CN-NET Alibaba US Technology Co., Ltd., CN)"
mx1.torpig-sinkhole.org,6,"AS24940 (HETZNER-AS, DE)"
mail.avc5.icu,6,"AS132203 (TENCENT-NET-AP-CN Tencent Building, Kejizhongyi Avenue, CN)"
wednesday.mxrouting.net,6,"AS398810 (MXROUTE - MXroute LLC, US)"
mail01.czarymary.pl,6,"AS16276 (OVH, FR)"
smtp03.topdns.com,6,"AS43350 (NFORCE, NL)"
mx2.r4l.com,6,"AS16276 (OVH, FR)"
mx1.beget.ru,6,"AS198610 (BEGET-AS, RU)"
mail.writing.com,6,"AS63949 (AKAMAI-LINODE-AP Akamai Connected Cloud, SG)"
mail1.sourcefactory.at,6,"AS24940 (HETZNER-AS, DE)"
mx1.startmail.com,6,"AS28685 (ASN-ROUTIT, NL)"
mx01.1and1.com,6,"AS8560 (IONOS-AS This is the joint network for IONOS, Fasthosts, Arsys, 1&1 Mail and Media and 1&1 Telecom. Formerly known as 1&1 Internet SE., DE)"
mx.firstmail.ltd,6,"AS12586 (ASGHOSTNET, DE)"
mail.anonymmail.net,6,"AS24940 (HETZNER-AS, DE)"
srv467103.hstgr.cloud,6,"AS47583 (AS-HOSTINGER, CY)"
mail.net-bizz.com,6,"AS24940 (HETZNER-AS, DE)"
fmg-mail-1.fakemailgenerator.com,6,"AS63949 (AKAMAI-LINODE-AP Akamai Connected Cloud, SG)"
mailstore1.secureserver.net,6,"AS398101 (GO-DADDY-COM-LLC - GoDaddy.com, LLC, US)"
smtp.byom.de,6,"AS24940 (HETZNER-AS, DE)"
mx1.mail.hostpoint.ch,6,"AS29097 (HOSTPOINT-AS, CH)"
mail.yaxmail.net,6,"AS14061 (DIGITALOCEAN-ASN - DigitalOcean, LLC, US)"
mx03.secure-mailgate.com,6,"AS45012 (CLOUDPIT, DE)"
custom.boomlify.com,6,"AS202422 (GHOST, LU)"
mw-002.cafe24.com,6,"AS4766 (KIXS-AS-KR Korea Telecom, KR)"
mail.tempmail.co.uk,6,"AS24940 (HETZNER-AS, DE)"
mailcluster.loopia.se,6,"AS39570 (LOOPIA, SE)"
prd-smtp.10minutemail.com,6,"AS16509 (AMAZON-02 - Amazon.com, Inc., US)"
mx01.gmx.net,6,"AS8560 (IONOS-AS This is the joint network for IONOS, Fasthosts, Arsys, 1&1 Mail and Media and 1&1 Telecom. Formerly known as 1&1 Internet SE., DE)"
mx.onlygoodsoftware.com,6,"AS24940 (HETZNER-AS, DE)"
qiye163mx01.mxmail.netease.com,6,"AS45102 (ALIBABA-CN-NET Alibaba US Technology Co., Ltd., CN)"
mx1.hostinger.es,6,"AS13335 (CLOUDFLARENET - Cloudflare, Inc., US)"
smtp7.opayq.com,6,"AS14618 (AMAZON-AES - Amazon.com, Inc., US)"
mx-01.kurumsaleposta.com,5,"AS34619 (CIZGI, TR)"
one.mxroute.com,5,"AS24940 (HETZNER-AS, DE)"
mx37.m1bp.com,5,"AS14061 (DIGITALOCEAN-ASN - DigitalOcean, LLC, US)"
mailpit.newkso.ru,5,"AS216071 (VDSINA, AE)"
mx00.1and1.com,5,"AS8560 (IONOS-AS This is the joint network for IONOS, Fasthosts, Arsys, 1&1 Mail and Media and 1&1 Telecom. Formerly known as 1&1 Internet SE., DE)"
mail.host-my-mail.com,5,"AS15169 (GOOGLE - Google LLC, US)"
mx.zoho.com.au,5,"AS139006 (ZCPL-AS-AP Zoho Corporation PTY LTD, AU)"
relay.ws.ws,5,"AS3561 (CENTURYLINK-LEGACY-SAVVIS - CenturyLink Communications, LLC, US)"
mx003.netsol.xion.oxcs.net,5,"AS16276 (OVH, FR)"
mx-1.dpoczta.pl,5,"AS48896 (DHOSTING-AS Warsaw, Poland, PL)"
hi.mail.cx,5,"AS24940 (HETZNER-AS, DE)"
mx.bump.email,5,"AS16276 (OVH, FR)"
mx.buzondecorreo.com,5,"AS8560 (IONOS-AS This is the joint network for IONOS, Fasthosts, Arsys, 1&1 Mail and Media and 1&1 Telecom. Formerly known as 1&1 Internet SE., DE)"
mx.unaux.com,5,"AS34119 (WILDCARD-AS Wildcard UK Limited, GB)"
mx1.hostinger.com.br,5,"AS13335 (CLOUDFLARENET - Cloudflare, Inc., US)"
mx3.freeola.com,5,"AS25577 (C4L-AS, GB)"
fwd1.hosts.co.uk,5,"AS8622 (ISIONUK Team Blue Internet Services UK Ltd, GB)"
glacier.mxrouting.net,5,"AS46261 (QUICKPACKET - QuickPacket, LLC, US)"
fpo9.mail.dk,5,"AS8677 (WORLDLINE, FR)"
nomail.nic.ru,5,
mx1.mytemp.email,5,"AS60118 (CYBERSMARTSOLUTIONS-AS, RO)"
smtp.rzone.de,5,"AS6724 (STRATO STRATO AG, DE)"
mx1.us.mailhop.org,5,"AS16509 (AMAZON-02 - Amazon.com, Inc., US)"
mx02.memail.com,5,"AS24940 (HETZNER-AS, DE)"
mx.mailprotect.be,5,"AS34762 (COMBELL-AS, BE)"
mx2.netim.net,5,"AS24935 (ATE-AS, FR)"
mx2.den.yt,5,"AS36352 (AS-COLOCROSSING - HostPapa, US)"
mx-caprica.zoneedit.com,5,"AS16686 (EDNS - easyDNS Technologies, Inc., CA)"
mx01.hornetsecurity.com,5,"AS25394 (MK-NETZDIENSTE-AS, DE)"
mx1.tmdhosting.com,5,"AS32475 (SINGLEHOP-LLC - Internap Holding LLC, US)"
mail.solpay.gg,5,"AS53667 (PONYNET - FranTech Solutions, US)"
www386.your-server.de,5,"AS24940 (HETZNER-AS, DE)"
mail.tempmailx.xyz,5,"AS203248 (BURTINET, TR)"
handle.catchemail.ml,5,"AS16509 (AMAZON-02 - Amazon.com, Inc., US)"
mail.tmp.al,5,"AS197540 (NETCUP-AS netcup GmbH, DE)"
mail.spammail.me,5,"AS14061 (DIGITALOCEAN-ASN - DigitalOcean, LLC, US)"
mail.secludedhusky.com,5,"AS31863 (DACEN-2 - Centrilogic, Inc., US)"
mx.domeneshop.no,5,"AS12996 (DOMENESHOP Oslo, Norway, NO)"
heracles.mxrouting.net,5,"AS24940 (HETZNER-AS, DE)"
mail.aauto.ai,4,"AS5650 (FRONTIER-FRTR - Frontier Communications of America, Inc., US)"
mx-caprica.easydns.com,4,"AS16686 (EDNS - easyDNS Technologies, Inc., CA)"
echo.mxrouting.net,4,"AS46261 (QUICKPACKET - QuickPacket, LLC, US)"
mx1c28.carrierzone.com,4,"AS30447 (INFB2-AS - Internet Names For Business Inc., CA)"
mx3.r4l.com,4,"AS16276 (OVH, FR)"
mx1.cloudhosting.uk,4,"AS12488 (KRYSTAL, GB)"
mail1.no-ip.com,4,"AS14627 (NOIP-VITAL - Vitalwerks Internet Solutions, LLC, US)"
mx.all-harmless.domains,4,"AS396982 (GOOGLE-CLOUD-PLATFORM - Google LLC, US)"
auxmx4.darkprobe.com,4,"AS14061 (DIGITALOCEAN-ASN - DigitalOcean, LLC, US)"
tempmail10.com,4,"AS24940 (HETZNER-AS, DE)"
mail.androl.cfd,4,"AS203446 (AS203446, GB)"
mail.cresvyn.cfd,4,"AS203446 (AS203446, GB)"
mail.ephemeralpostal.com,4,"AS63949 (AKAMAI-LINODE-AP Akamai Connected Cloud, SG)"
mx.ae9.eu,4,"AS24940 (HETZNER-AS, DE)"
mx001.register.xion.oxcs.net,4,"AS29838 (AMC - Atlantic Metro Communications II, Inc., US)"
mx-2.dpoczta.pl,4,"AS48896 (DHOSTING-AS Warsaw, Poland, PL)"
mx1c40.carrierzone.com,4,"AS30447 (INFB2-AS - Internet Names For Business Inc., CA)"
mx1.forwardmx.io,4,"AS212317 (HETZNER-CLOUD3-AS, DE)"
temporary-mail.paicha.cloud,4,"AS131965 (XSERVER Xserver Inc., JP)"
mail.accountsite.me,4,"AS60592 (GRANSY Gransy s.r.o. gransy.com, CZ)"
ms01-los.cloudsyhosting.com,4,"AS6939 (HURRICANE - Hurricane Electric LLC, US)"
spamrelay.zxcs.nl,4,"AS206281 (AS-ZXCS, NL)"
mx1-eu1.ppe-hosted.com,4,"AS52129 (PROOFPOINT-ASN-EU, US)"
plsmtp1.hushmail.com,4,"AS13768 (COGECO-PEER1 - Aptum Technologies, CA)"
mx0001.neo.space,4,"AS14618 (AMAZON-AES - Amazon.com, Inc., US)"
mail.genmacos.com,4,"AS40021 (CONTABO-40021 - Contabo Inc., US)"
mail11.mymailcheap.com,4,"AS16276 (OVH, FR)"
park01.gkg.net,4,"AS30600 (AS-CMN - Metronet, US)"
mx1.emailowl.com,4,"AS20473 (AS-VULTR - The Constant Company, LLC, US)"
taylor.mxrouting.net,4,"AS24940 (HETZNER-AS, DE)"
atlas-cz-10mx2.eco-mx.cz,4,"AS43614 (ECONOMIA-, CZ)"
mx.rf.gd,4,"AS34119 (WILDCARD-AS Wildcard UK Limited, GB)"
mx.srvxx.dev,4,"AS13335 (CLOUDFLARENET - Cloudflare, Inc., US)"
m1.feishu.cn,4,"AS16509 (AMAZON-02 - Amazon.com, Inc., US)"
bounce.argewebhosting.nl,4,"AS48635 (CLDIN-NL Your Hosting B.V. part of Your.Online, NL)"
mx1.e4ward.com,4,"AS63949 (AKAMAI-LINODE-AP Akamai Connected Cloud, SG)"
mx1.hc2186-24.iphmx.com,4,"AS16417 (IRONPORT-SYSTEMS-INC - Cisco Systems Ironport Division, US)"
mx.coxmail.com,4,"AS22773 (ASN-CXA-ALL-CCI-22773-RDC - Cox Communications Inc., US)"
smtp1-msp.securence.com,4,"AS10242 (USINTERNET - US Internet Corp, US)"
mail.jre1.cn,4,"AS132203 (TENCENT-NET-AP-CN Tencent Building, Kejizhongyi Avenue, CN)"
aero4.externalemail.com,4,"AS14061 (DIGITALOCEAN-ASN - DigitalOcean, LLC, US)"
mail.webador.com,4,"AS396982 (GOOGLE-CLOUD-PLATFORM - Google LLC, US)"
mail.jtw.dk,4,"AS24940 (HETZNER-AS, DE)"
sequoia.dino.icu,4,"AS31898 (ORACLE-BMC-31898 - Oracle Corporation, US)"
mail.chi.mailserver.vg,4,"AS36352 (AS-COLOCROSSING - HostPapa, US)"
mxdm-ap-southeast-1.aliyun.com,4,"AS45102 (ALIBABA-CN-NET Alibaba US Technology Co., Ltd., CN)"
mx3.ovh.net,4,"AS16276 (OVH, FR)"
aspmx.daum.net,4,"AS7625 (DAUM-AS Kakao Corp, KR)"
mail.fviadropinbox.com,4,"AS39287 (ABSTRACT, FI)"
mail.adbidio.com,4,"AS16276 (OVH, FR)"
mail1.smtp99.com,4,"AS63949 (AKAMAI-LINODE-AP Akamai Connected Cloud, SG)"
mailforward1.cloudns.net,4,"AS205787 (PUBLICLOUD, BG)"
mx186.mb1p.com,4,"AS14061 (DIGITALOCEAN-ASN - DigitalOcean, LLC, US)"
mail.guerrillamail.com,4,"AS60781 (LEASEWEB-NL-AMS-01 Netherlands, NL)"
mx.epizy.com,4,"AS34119 (WILDCARD-AS Wildcard UK Limited, GB)"
loti3.papierkorb.me,4,"AS24940 (HETZNER-AS, DE)"
mx3-prod.edatasource.com,4,"AS14618 (AMAZON-AES - Amazon.com, Inc., US)"
mx2.daemonmail.net,4,"AS16509 (AMAZON-02 - Amazon.com, Inc., US)"
mail.m2u.io,4,"AS63473 (HOSTHATCH - HostHatch, LLC, US)"
mxb.tempamail.com,4,"AS14061 (DIGITALOCEAN-ASN - DigitalOcean, LLC, US)"
witcher.mxrouting.net,4,"AS46261 (QUICKPACKET - QuickPacket, LLC, US)"
mail.unbox.at,4,"AS24940 (HETZNER-AS, DE)"
primium1.mailtam.com,4,"AS45102 (ALIBABA-CN-NET Alibaba US Technology Co., Ltd., CN)"
mx01.101webmail.com,4,"AS24940 (HETZNER-AS, DE)"
mail.nickstel.com,4,"AS14061 (DIGITALOCEAN-ASN - DigitalOcean, LLC, US)"
mail.spambox.xyz,4,"AS35916 (MULTA-ASN1 - MULTACOM CORPORATION, US)"
srv.tempmail.de,4,"AS197540 (NETCUP-AS netcup GmbH, DE)"
mail.meshmail.info,3,"AS14061 (DIGITALOCEAN-ASN - DigitalOcean, LLC, US)"
0,3,
mf1.nic.ru,3,"AS48287 (RU-CENTER, RU)"
smtp1.mwmail.net,3,"AS63949 (AKAMAI-LINODE-AP Akamai Connected Cloud, SG)"
mx.1secmail.com,3,"AS16276 (OVH, FR)"
mx5.advancedhosters.com,3,"AS39572 (ADVANCEDHOSTERS-AS, NL)"
mx01.mailtechy.com,3,"AS16509 (AMAZON-02 - Amazon.com, Inc., US)"
box.ywitio.com,3,"AS16276 (OVH, FR)"
webmail.mailmonstruo.com,3,
antispam2.ihs.com.tr,3,"AS49126 (AS49126, TR)"
mx1.daemonmail.net,3,"AS16509 (AMAZON-02 - Amazon.com, Inc., US)"
sv62.ifastnet11.org,3,"AS34119 (WILDCARD-AS Wildcard UK Limited, GB)"
mx-mail.asoftware.net,3,
safari.mxrouting.net,3,"AS46261 (QUICKPACKET - QuickPacket, LLC, US)"
2.rack-host.net,3,"AS33724 (BIZNESSHOSTING-DBA-VOLICO - VOLICO, US)"
mail.azurien.cfd,3,"AS203446 (AS203446, GB)"
mxbiz2.qq.com,3,"AS132203 (TENCENT-NET-AP-CN Tencent Building, Kejizhongyi Avenue, CN)"
mail.cybertemp.xyz,3,"AS203446 (AS203446, GB)"
mail.delvionis.cfd,3,"AS203446 (AS203446, GB)"
mx1.tld-mx.com,3,"AS327979 (DIAMATRIX, ZA)"
db.obninsk.biz,3,"AS8636 (MAXNET Russia, RU)"
mx.tempmail365.com,3,"AS132203 (TENCENT-NET-AP-CN Tencent Building, Kejizhongyi Avenue, CN)"
mx0a-00051b01.pphosted.com,3,"AS26211 (PROOFPOINT-ASN-US-WEST - Proofpoint, Inc., US)"
mxa-002a6b01.gslb.pphosted.com,3,"AS26211 (PROOFPOINT-ASN-US-WEST - Proofpoint, Inc., US)"
mx1.vixmalls.com,3,"AS63949 (AKAMAI-LINODE-AP Akamai Connected Cloud, SG)"
nomail.r01.ru,3,
deadletter.directnic.com,3,
redirect.domain-robot.org,3,"AS15456 (INTERNETX-AS, DE)"
mail.biomails.com,3,"AS24940 (HETZNER-AS, DE)"
mx.soverin.net,3,"AS211993 (SOVERIN, NL)"
mailforward41.cloudns.net,3,"AS43350 (NFORCE, NL)"
mail.lima-city.de,3,"AS47447 (TTM, DE)"
mxin5.virginmedia.com,3,"AS6830 (LIBERTYGLOBAL Liberty Global formerly UPC Broadband Holding, aka AORTA, NL)"
mail.0du.win,3,"AS35916 (MULTA-ASN1 - MULTACOM CORPORATION, US)"
mx2.simplelogin.co,3,"AS62371 (PROTON, CH)"
server-1752099632.getmx.org,3,
shadow.mxrouting.net,3,"AS24940 (HETZNER-AS, DE)"
mx1.hanami.run,3,"AS24940 (HETZNER-AS, DE)"
mail.mailer-host.com,3,"AS213230 (HETZNER-CLOUD2-AS, DE)"
mail.myriadmail.com,3,"AS25820 (IT7NET - IT7 Networks Inc, CA)"
mail.incognitomail.co,3,"AS14618 (AMAZON-AES - Amazon.com, Inc., US)"
mx3.pub.mailpod12-cph3.one.com,3,"AS51468 (ONECOM, DK)"
mx.imatrixbase.com,3,"AS32491 (TUCOWS-3 - Tucows.com Co., CA)"
mx01.dm.aliyun.com,3,"AS37963 (ALIBABA-CN-NET Hangzhou Alibaba Advertising Co.,Ltd., CN)"
li585-225.members.linode.com,3,"AS63949 (AKAMAI-LINODE-AP Akamai Connected Cloud, SG)"
de-smtp-inbound-1.mimecast.com,3,"AS39588 (MIMECAST-DE, GB)"
mxa-0015af01.gslb.pphosted.com,3,"AS26211 (PROOFPOINT-ASN-US-WEST - Proofpoint, Inc., US)"
mx02.nicmail.ru,3,"AS48287 (RU-CENTER, RU)"
mx1c25.carrierzone.com,3,"AS30447 (INFB2-AS - Internet Names For Business Inc., CA)"
mail.dmiklorsetj.com,3,"AS202448 (MVPS www.mvps.net, CY)"
edud.site,3,"AS213230 (HETZNER-CLOUD2-AS, DE)"
us2.mx2.mailhostbox.com,3,"AS46606 (UNIFIEDLAYER-AS-1 - Unified Layer, US)"
mx.online.net,3,"AS12876 (Online SAS, FR)"
mail.mmoapi.shop,3,"AS209874 (TECHTIDE, PT)"
mail1.bb-online.co.uk,3,"AS20473 (AS-VULTR - The Constant Company, LLC, US)"
mx1-us.emailsecurity.app,3,"AS8075 (MICROSOFT-CORP-MSN-AS-BLOCK - Microsoft Corporation, US)"
mx3.pub.mailpod11-cph3.one.com,3,"AS51468 (ONECOM, DK)"
mx186.m2bp.com,3,"AS14061 (DIGITALOCEAN-ASN - DigitalOcean, LLC, US)"
mx1.1984.is,3,"AS44925 (THE-1984-AS, IS)"
mxw.263.net,3,"AS14061 (DIGITALOCEAN-ASN - DigitalOcean, LLC, US)"
reject1.heluna.com,3,"AS14618 (AMAZON-AES - Amazon.com, Inc., US)"
moose.mxrouting.net,3,"AS46261 (QUICKPACKET - QuickPacket, LLC, US)"
mx-tnl.mail.saunalahti.fi,3,"AS719 (ELISA-AS ELISA OYJ, FI)"
mx.domainparking.de,3,"AS13335 (CLOUDFLARENET - Cloudflare, Inc., US)"
307bf9f3a985d730c266a40023b589d71c32d214,3,
mx.temporarymail.cc,3,
mx004.netsol.xion.oxcs.net,3,"AS16276 (OVH, FR)"
mail.spamdecoy.net,3,
mail.outlssk.com,3,"AS132203 (TENCENT-NET-AP-CN Tencent Building, Kejizhongyi Avenue, CN)"
blizzard.mxrouting.net,3,"AS46261 (QUICKPACKET - QuickPacket, LLC, US)"
mx.zoho.com.cn,3,"AS9308 (CHINA-ABITCOOL AbitcoolChina Inc., CN)"
mail.dispomail.xyz,3,"AS965 (WEBHOSTINGHOLDINGS - Webhosting Holdings LLC, US)"
mx4.pub.mailpod11-cph3.one.com,3,"AS51468 (ONECOM, DK)"
mail.afraid.org,3,"AS36351 (SOFTLAYER - IBM Cloud, US)"
mxa-00176601.gslb.pphosted.com,3,"AS22843 (PROOFPOINT-ASN-US-EAST - Proofpoint, Inc., US)"
mx.rovixdropinbox.rovix.cloud,3,"AS36352 (AS-COLOCROSSING - HostPapa, US)"
smtp-in.sfr.fr,3,"AS15557 (LDCOMNET --- I3Dnet ---, FR)"
smtp58.geico.com,3,"AS14450 (GEICO01 - GEICO, US)"
mail.emziegz.com,3,"AS203446 (AS203446, GB)"
mx.rcn.com,3,"AS31898 (ORACLE-BMC-31898 - Oracle Corporation, US)"
mx.serviciodecorreo.es,3,"AS8560 (IONOS-AS This is the joint network for IONOS, Fasthosts, Arsys, 1&1 Mail and Media and 1&1 Telecom. Formerly known as 1&1 Internet SE., DE)"
mail.fakeemail.net,3,"AS24940 (HETZNER-AS, DE)"
mail.skrimple.net,3,"AS212317 (HETZNER-CLOUD3-AS, DE)"
mx.ezyro.com,3,"AS34119 (WILDCARD-AS Wildcard UK Limited, GB)"
mail.mailfastcoder.com,3,"AS35876 (VOLTNET-01 -03 - VoltNet inc, US)"
alt3.aspmx.l.google.com,3,"AS15169 (GOOGLE - Google LLC, US)"
mx.runbox.com,3,"AS50304 (BLIX, NO)"
mail.suspended-domain.com,3,
mail16.serv00.com,3,"AS57367 (ECO-ATMAN-PL ECO-ATMAN-, PL)"
alt4.aspmx.l.google.com,3,"AS15169 (GOOGLE - Google LLC, US)"
mx.kindamail.com,3,"AS14061 (DIGITALOCEAN-ASN - DigitalOcean, LLC, US)"
mx.simply.com,3,"AS48854 (TEAM-BLUE-DENMARK, DK)"
mail.leveragers.xyz,3,"AS214677 (DELUXHOST, IT)"
postamt.it.nrw.de,3,"AS43066 (IT-NRW, DE)"
mx.mailgw.com,3,"AS14618 (AMAZON-AES - Amazon.com, Inc., US)"
inmx.rambler.ru,3,"AS24638 (RAMBLER-TELECOM-AS, RU)"
mx04.secure-mailgate.com,3,"AS45012 (CLOUDPIT, DE)"
kim.kimhoangsieunhan.com,3,"AS20473 (AS-VULTR - The Constant Company, LLC, US)"
mxlb.ispgateway.de,3,"AS34011 (GD-EMEA-DC-CGN1, DE)"
mx.zohomail.com,3,"AS2639 (ZOHO-AS - ZOHO, US)"
eu-smtp-inbound-2.mimecast.com,3,"AS42427 (MIMECAST-UK, GB)"
mail.x-box.in,3,"AS47583 (AS-HOSTINGER, CY)"
crowdpress.it,3,"AS16509 (AMAZON-02 - Amazon.com, Inc., US)"
random-us-1.pinmx.com,3,"AS14061 (DIGITALOCEAN-ASN - DigitalOcean, LLC, US)"
mx.paubox.com,3,"AS16509 (AMAZON-02 - Amazon.com, Inc., US)"
mx01.xnote.us,3,"AS63949 (AKAMAI-LINODE-AP Akamai Connected Cloud, SG)"
232.o74.org,3,"AS8560 (IONOS-AS This is the joint network for IONOS, Fasthosts, Arsys, 1&1 Mail and Media and 1&1 Telecom. Formerly known as 1&1 Internet SE., DE)"
mx.mail.sohu.net,3,"AS4837 (CHINA169-BACKBONE CHINA UNICOM China169 Backbone, CN)"
mx1.spambox.us,3,
mail.svsrv.ru,3,"AS8359 (MTS, RU)"
mail.tempmail.net,3,"AS198203 (ASN-ROUTELABEL, NL)"
mx1.r4l.com,3,"AS16276 (OVH, FR)"
mail5.serv00.com,2,"AS57367 (ECO-ATMAN-PL ECO-ATMAN-, PL)"
plesk-server.folderz.nl,2,"AS208258 (ACCESS2IT Access2.IT Network, NL)"
188mx01.mxmail.netease.com,2,"AS45102 (ALIBABA-CN-NET Alibaba US Technology Co., Ltd., CN)"
mx.antispams.com,2,"AS16276 (OVH, FR)"
kr1-aspmx1.worksmobile.com,2,"AS23576 (NHN-AS-KR NAVER Cloud Corp., KR)"
mx1c45.carrierzone.com,2,"AS30447 (INFB2-AS - Internet Names For Business Inc., CA)"
mx.siteprotect.com,2,"AS18447 (AFFINITY-INTER - Ntirety, Inc., US)"
server-207-244-255-85.da.direct,2,"AS40021 (CONTABO-40021 - Contabo Inc., US)"
email.1xp.fr,2,"AS16276 (OVH, FR)"
mta.21cn.com,2,"AS58466 (CT-GUANGZHOU-IDC CHINANET Guangdong province network, CN)"
mx1.agenturserver.de,2,"AS15817 (MITTWALD-AS Mittwald CM Service GmbH und Co. KG, DE)"
mail.a348.cn,2,"AS132203 (TENCENT-NET-AP-CN Tencent Building, Kejizhongyi Avenue, CN)"
mx004.bluehost.xion.oxcs.net,2,"AS16276 (OVH, FR)"
mx1.alastyr.com,2,"AS3188 (ALASTYR, TR)"
mail.epiclink.net,2,"AS24940 (HETZNER-AS, DE)"
mx1.zenbox.pl,2,"AS31229 (PL-BEYOND-AS, PL)"
mail.avc3.icu,2,"AS132203 (TENCENT-NET-AP-CN Tencent Building, Kejizhongyi Avenue, CN)"
mail.aliasvault.net,2,"AS24940 (HETZNER-AS, DE)"
mx00.1and1.es,2,"AS8560 (IONOS-AS This is the joint network for IONOS, Fasthosts, Arsys, 1&1 Mail and Media and 1&1 Telecom. Formerly known as 1&1 Internet SE., DE)"
87.98.164.155,2,
usmle.nl,2,
mx364.umbler.com,2,"AS53057 (RedeHost Internet Ltda., BR)"
mx1.mijndomein.nl,2,"AS211993 (SOVERIN, NL)"
mail.sylentha.cfd,2,"AS203446 (AS203446, GB)"
richardyee-mx-test.asanatest1.us,2,"AS16509 (AMAZON-02 - Amazon.com, Inc., US)"
smtp1.mailfence.com,2,"AS3356 (LEVEL3 - Level 3 Parent, LLC, US)"
alt2.aspmx.l.google.com,2,"AS15169 (GOOGLE - Google LLC, US)"
mail89.onamae.ne.jp,2,"AS7506 (INTERQ GMO Internet Group, Inc., JP)"
mail.dildoe.cfd,2,"AS58087 (FLORIANKOLB, DE)"
mail.juvanta.cfd,2,"AS203446 (AS203446, GB)"
mx2.titan.email,2,"AS14618 (AMAZON-AES - Amazon.com, Inc., US)"
bing-com.mail.protection.outlook.com,2,"AS8075 (MICROSOFT-CORP-MSN-AS-BLOCK - Microsoft Corporation, US)"
box.zeromail.link,2,"AS24940 (HETZNER-AS, DE)"
wes1-mx1.wedos.net,2,"AS197019 (WEDOS, CZ)"
mx.agmail.smarshmail.com,2,"AS16406 (AS-INTERMEDIA - Intermedia.net, Inc., US)"
mx1.krystal.uk,2,"AS12488 (KRYSTAL, GB)"
mail.email4edu.com,2,"AS20738 (GD-EMEA-DC-LD5, GB)"
mx.emea.email.fireeyecloud.com,2,"AS16509 (AMAZON-02 - Amazon.com, Inc., US)"
redir.epik.com,2,"AS394456 (EPIK-LLC - Epik LLC, US)"
mailgate1.isp-cosimo.de,2,"AS21413 (ENVIA-TEL-AS D-09114 Chemnitz, DE)"
mail.dhfmail.com,2,"AS174 (COGENT-174 - Cogent Communications, LLC, US)"
mail.brevionix.cfd,2,"AS203446 (AS203446, GB)"
mx1.mijn.host,2,"AS3223 (VOXILITY, GB)"
mx1.mirohost.net,2,"AS25393 (MIROHOST, US)"
mx.dcentmail.com,2,"AS269800 (NTERCONEXION HN S.A, HN)"
mail.arcentra.cfd,2,"AS203446 (AS203446, GB)"
mx.bt.prod.cloud.openwave.ai,2,"AS31898 (ORACLE-BMC-31898 - Oracle Corporation, US)"
mx1.reg365.net,2,"AS8622 (ISIONUK Team Blue Internet Services UK Ltd, GB)"
mx1.hostinger.com.ua,2,"AS13335 (CLOUDFLARENET - Cloudflare, Inc., US)"
mx.turkticaret.net,2,"AS197720 (TURKTICARET-AS1, TR)"
mail.gw.010101.org,2,"AS24940 (HETZNER-AS, DE)"
mx1.arandomserver.com,2,"AS20068 (HAWKHOST - Hawk Host Inc., CA)"
mxa-000e5c18.gslb.pphosted.com,2,"AS26211 (PROOFPOINT-ASN-US-WEST - Proofpoint, Inc., US)"
mail.msmail.dev,2,"AS24940 (HETZNER-AS, DE)"
mail.emaildee.com,2,"AS13335 (CLOUDFLARENET - Cloudflare, Inc., US)"
mx2.pub.mailpod12-cph3.one.com,2,"AS51468 (ONECOM, DK)"
mail.clyvantis.cfd,2,"AS203446 (AS203446, GB)"
mx1.hostinger.pk,2,"AS13335 (CLOUDFLARENET - Cloudflare, Inc., US)"
fwd0.hosts.co.uk,2,"AS8622 (ISIONUK Team Blue Internet Services UK Ltd, GB)"
mxa-00262c01.gslb.pphosted.com,2,"AS22843 (PROOFPOINT-ASN-US-EAST - Proofpoint, Inc., US)"
mx.transip.email,2,"AS20857 (TRANSIP-AS Amsterdam, the Netherlands, NL)"
anonbox.net,2,"AS50472 (CHAOS-AS, DE)"
mxa-00496301.gslb.pphosted.com,2,"AS26211 (PROOFPOINT-ASN-US-WEST - Proofpoint, Inc., US)"
mx.centurylink.net,2,"AS14618 (AMAZON-AES - Amazon.com, Inc., US)"
mx1.hostinger.lt,2,"AS13335 (CLOUDFLARENET - Cloudflare, Inc., US)"
mx-01-us-east-2.prod.hydra.sophos.com,2,"AS16509 (AMAZON-02 - Amazon.com, Inc., US)"
mail.neomails.com,2,"AS46475 (LIMESTONENETWORKS - Limestone Networks, Inc., US)"
akika-pl.mail.protection.outlook.com,2,"AS8075 (MICROSOFT-CORP-MSN-AS-BLOCK - Microsoft Corporation, US)"
sl.monopato.com,2,"AS29066 (VELIANET-AS velia.net Internetdienste GmbH, DE)"
mailstream-central.mxrecord.mx,2,"AS13335 (CLOUDFLARENET - Cloudflare, Inc., US)"
mail.mtempmail.com,2,"AS51167 (CONTABO, DE)"
mail.edumaili.com,2,"AS16276 (OVH, FR)"
mailfilter.domainorderdns.nl,2,"AS39704 (CJ2-AS, NL)"
mx.great-site.net,2,"AS34119 (WILDCARD-AS Wildcard UK Limited, GB)"
mail.eldeninfo.xyz,2,"AS45102 (ALIBABA-CN-NET Alibaba US Technology Co., Ltd., CN)"
m1.emailowl.com,2,"AS14061 (DIGITALOCEAN-ASN - DigitalOcean, LLC, US)"
mail.craventry.cfd,2,"AS203446 (AS203446, GB)"
mx-proxy501.heteml.jp,2,"AS7506 (INTERQ GMO Internet Group, Inc., JP)"
mail.shitmail.org,2,"AS16276 (OVH, FR)"
mx1.intuit.iphmx.com,2,"AS16417 (IRONPORT-SYSTEMS-INC - Cisco Systems Ironport Division, US)"
mail.elumetra.cfd,2,"AS203446 (AS203446, GB)"
mail.costcosaletracker.com,2,"AS400587 (RYAMER - Ryamer, LLC, US)"
mail.imena.com.ua,2,"AS25393 (MIROHOST, US)"
mx01.cloud.vadesecure.com,2,"AS12876 (Online SAS, FR)"
smtp-in0.prod0.webspace.bz,2,"AS48596 (INWX, DE)"
mx.mailtrap.monster,2,"AS16276 (OVH, FR)"
mx1.flockmail.com,2,"AS16509 (AMAZON-02 - Amazon.com, Inc., US)"
mail.rediffmailpro.com,2,"AS38224 (REDIFF-AS Rediff.com India Limited, IN)"
srv4.unstablemail.com,2,"AS14061 (DIGITALOCEAN-ASN - DigitalOcean, LLC, US)"
mx.mytemp.email,2,"AS60118 (CYBERSMARTSOLUTIONS-AS, RO)"
m02.internetmailserver.net,2,"AS14415 (HOSTCOLLECTIVE - Host Collective, Inc., US)"
ca.loadip.com,2,"AS16276 (OVH, FR)"
gfrault2.hostarmada.net,2,"AS16276 (OVH, FR)"
redbull.mxrouting.net,2,"AS46261 (QUICKPACKET - QuickPacket, LLC, US)"
missioninbox.outboxment.com,2,"AS20473 (AS-VULTR - The Constant Company, LLC, US)"
mx01.mail-redirect.de,2,"AS24940 (HETZNER-AS, DE)"
mail.winandoffice.com,2,"AS22612 (NAMECHEAP-NET - Namecheap, Inc., US)"
mx-ha02.web.de,2,"AS8560 (IONOS-AS This is the joint network for IONOS, Fasthosts, Arsys, 1&1 Mail and Media and 1&1 Telecom. Formerly known as 1&1 Internet SE., DE)"
mx.gwsberlin.de,2,"AS3320 (DTAG Internet service provider operations, DE)"
mail.korsarfive.com,2,"AS216127 (AS-NUXTCLOUD, GB)"
sg2.priyomail.net,2,"AS16276 (OVH, FR)"
mail.floopa.com,2,"AS24940 (HETZNER-AS, DE)"
mx2-hosting.jellyfish.systems,2,"AS22612 (NAMECHEAP-NET - Namecheap, Inc., US)"
mail.tempail.com.tr,2,"AS42846 (GUZELHOSTING GNET INTERNET TELEKOMUNIKASYON A.S., TR)"
forward.yoursrs.com,2,"AS25151 (CYSO-AS, NL)"
mailser.temp-mail.gg,2,"AS51167 (CONTABO, DE)"
mx.maximail.fyi,2,"AS24940 (HETZNER-AS, DE)"
eforward3.registrar-servers.com,2,"AS22612 (NAMECHEAP-NET - Namecheap, Inc., US)"
gishpuppy.com,2,"AS45146 (RAJASA-AS-ID-AP PT. Raja Sepadan Abadi, ID)"
mx.mailwel.com,2,"AS14061 (DIGITALOCEAN-ASN - DigitalOcean, LLC, US)"
mail.xsandi.id,2,"AS133800 (IDNIC-BIZNETGIO-AS-ID PT Biznet Gio Nusantara, ID)"
mxint01.1and1.com,2,"AS8560 (IONOS-AS This is the joint network for IONOS, Fasthosts, Arsys, 1&1 Mail and Media and 1&1 Telecom. Formerly known as 1&1 Internet SE., DE)"
mailserver.businessidentity.llc,2,"AS394456 (EPIK-LLC - Epik LLC, US)"
relay1.netnames.net,2,"AS34922 (NETNAMES, GB)"
ghost.mxroute.com,2,"AS24940 (HETZNER-AS, DE)"
mxa-00a11501.gslb.pphosted.com,2,"AS22843 (PROOFPOINT-ASN-US-EAST - Proofpoint, Inc., US)"
mx01.ionos.mx,2,"AS8560 (IONOS-AS This is the joint network for IONOS, Fasthosts, Arsys, 1&1 Mail and Media and 1&1 Telecom. Formerly known as 1&1 Internet SE., DE)"
mx2.yunyou.top,2,"AS21859 (ZEN-ECN - Zenlayer Inc, US)"
mx4.pub.mailpod12-cph3.one.com,2,"AS51468 (ONECOM, DK)"
mail.itempmails.com,2,"AS212531 (INTERNETO-VIZIJA, LT)"
west.smtp.mx.exch032.serverdata.net,2,"AS16406 (AS-INTERMEDIA - Intermedia.net, Inc., US)"
mail.voonoo.net,2,"AS24940 (HETZNER-AS, DE)"
mail.gwhc.net,2,"AS6327 (SHAW - Shaw Communications, CA)"
mx-01-eu-central-1.prod.hydra.sophos.com,2,"AS16509 (AMAZON-02 - Amazon.com, Inc., US)"
mx1.changeip.com,2,"AS18403 (FPT-AS-AP FPT Telecom Company, VN)"
mx1.yunyou.top,2,"AS21859 (ZEN-ECN - Zenlayer Inc, US)"
tempemailer.org,2,"AS23352 (SERVERCENTRAL - DEFT.COM, US)"
mx8.name.com,2,"AS36351 (SOFTLAYER - IBM Cloud, US)"
imap.tempemail.co,2,"AS211001 (TTR-GROUP, HK)"
mail.blyxen.org,2,"AS24940 (HETZNER-AS, DE)"
mx-01-us-west-2.prod.hydra.sophos.com,2,"AS16509 (AMAZON-02 - Amazon.com, Inc., US)"
eforward6.registrar-servers.com,2,"AS22612 (NAMECHEAP-NET - Namecheap, Inc., US)"
mail.lvovs.com,2,"AS24940 (HETZNER-AS, DE)"
cwmail.conepuppy.com,2,"AS22653 (GLOBALCOMPASS - Cyber Wurx LLC, US)"
mxint02.1and1.com,2,"AS8560 (IONOS-AS This is the joint network for IONOS, Fasthosts, Arsys, 1&1 Mail and Media and 1&1 Telecom. Formerly known as 1&1 Internet SE., DE)"
smtp01.tempermail.com,2,"AS14061 (DIGITALOCEAN-ASN - DigitalOcean, LLC, US)"
mx.zipnet.us,2,"AS16509 (AMAZON-02 - Amazon.com, Inc., US)"
mail.getnede.com,2,"AS16509 (AMAZON-02 - Amazon.com, Inc., US)"
mail79.conoha.ne.jp,2,"AS7506 (INTERQ GMO Internet Group, Inc., JP)"
inbound.postmarkapp.com,2,"AS14618 (AMAZON-AES - Amazon.com, Inc., US)"
smtp1.lerelaisinternet.com,2,"AS8362 (245 Boulevard de Tournai, FR)"
mx1.mtaroutes.com,2,"AS16633 (I-3 - N-able Technologies, Inc., US)"
mail.fvds.ru,2,"AS29182 (RU-JSCIOT, RU)"
inbound-smtp.eu-central-1.amazonaws.com,2,"AS16509 (AMAZON-02 - Amazon.com, Inc., US)"
mailhost.spearphish.com,2,"AS16509 (AMAZON-02 - Amazon.com, Inc., US)"
primary.yourfilter.nl,2,"AS48635 (CLDIN-NL Your Hosting B.V. part of Your.Online, NL)"
us1.workspace.org,2,"AS965 (WEBHOSTINGHOLDINGS - Webhosting Holdings LLC, US)"
mxwcom.263xmail.com,2,"AS14061 (DIGITALOCEAN-ASN - DigitalOcean, LLC, US)"
gateway.cliffmail.com,2,"AS197540 (NETCUP-AS netcup GmbH, DE)"
imsmx1.netvigator.com,2,"AS4760 (HKTIMS-AP HKT Limited, HK)"
mx.yopmail.com,2,"AS16276 (OVH, FR)"
mxw.mxhichina.com,2,"AS45102 (ALIBABA-CN-NET Alibaba US Technology Co., Ltd., CN)"
inbound.mail.naiadsystems.com,2,"AS11608 (ATG-11608 - Accretive Networks, US)"
mail.kd2.org,2,"AS16276 (OVH, FR)"
lax-us.mx.axel.lotto,2,"AS60117 (HS, AE)"
mail.gweb.hu,2,"AS16276 (OVH, FR)"
mx-in02.natrohost.com,2,"AS34619 (CIZGI, TR)"
safetymail.info,2,"AS63949 (AKAMAI-LINODE-AP Akamai Connected Cloud, SG)"
freyja.panascais.email,2,"AS34549 (MEER-AS meerfarbig GmbH & Co. KG, DE)"
nirvana.admins.ws,2,"AS29239 (I-NETPARTNER-AS, DE)"
mail.love-your.mom,2,"AS44486 (SYNLINQ synlinq.de, DE)"
mx1.hostinger.co.id,2,"AS13335 (CLOUDFLARENET - Cloudflare, Inc., US)"
e.nm.ru,2,"AS42775 (DSRT-NET, GB)"
mx8.aftermarket.hosting,2,"AS48707 (AS48707-OPS-, PL)"
mail.nomorix.cfd,2,"AS203446 (AS203446, GB)"
mail.skyfalled.com,2,"AS214882 (ARENHOST Steven Gusti Hutama, ID)"
primary.us.email.fireeyecloud.com,2,"AS14618 (AMAZON-AES - Amazon.com, Inc., US)"
mtab.intel.com,2,"AS4983 (INTEL-SC-AS - Intel Corporation, US)"
mx1.netsolmail.net,2,"AS19871 (NETWORK-SOLUTIONS-HOSTING - Network Solutions, LLC, US)"
mail.openlandguide.xyz,2,"AS45102 (ALIBABA-CN-NET Alibaba US Technology Co., Ltd., CN)"
mailsnails.com,2,"AS16276 (OVH, FR)"
mx1.mail4qa.com,2,"AS60068 (CDN77 _, GB)"
mail.tempmailusa.com,2,"AS24940 (HETZNER-AS, DE)"
mail.mailinater.com,2,"AS63949 (AKAMAI-LINODE-AP Akamai Connected Cloud, SG)"
niepodam.pl,2,"AS16276 (OVH, FR)"
mail.mailper.com,2,"AS213230 (HETZNER-CLOUD2-AS, DE)"
mail.smtpreply.com,2,"AS29028 (COMPUKOS-AS, NL)"
mailforward64.cloudns.net,2,"AS35661 (VIRTUASYS-EU Lift weight. Push bytes. Never drop. Repeat., FR)"
gulvmoppe.alphacron.de,2,"AS28748 (ALPHACRON-AS AlphaCron Datensysteme, DE)"
mx.maximail.vip,2,"AS24940 (HETZNER-AS, DE)"
mx.postbox.uno,2,"AS214996 (NETCUP, DE)"
mx0.ovh.net,2,"AS16276 (OVH, FR)"
email.tdbnet.it,2,"AS12874 (FASTWEB, IT)"
in.arubabusiness.it,2,"AS31034 (ARUBA-ASN, IT)"
mailblinker.com,2,"AS47583 (AS-HOSTINGER, CY)"
smtp.mmosolution.org,2,"AS135932 (VNDATA-AS-VN Viet Storage Technology Joint Stock Company, VN)"
mail1.small.pl,2,"AS57367 (ECO-ATMAN-PL ECO-ATMAN-, PL)"
mx1.hostinger.fr,2,"AS13335 (CLOUDFLARENET - Cloudflare, Inc., US)"
mx1.tempmail.world,2,"AS214902 (PFWEBSOLUTIONS, DK)"
mx1.pub.mailpod14-cph3.one.com,2,"AS51468 (ONECOM, DK)"
mail.muamail.net,2,"AS50131 (SPARTANHOST, GB)"
mumara.email,2,"AS400384 (HOSTINGS-HOUSE-US - Hostings House, US)"
mx.enmail.co,2,"AS52148 (ENIXLTD, GB)"
atlas-cz-10mx1.eco-mx.cz,2,"AS43614 (ECONOMIA-, CZ)"
1-grid-mx01.co.za,2,"AS36943 (ZA-1-Grid, ZA)"
mx.lsyx.me,2,"AS906 (DMIT - DMIT Cloud Services, US)"
mail.machineitservices.com,2,"AS16276 (OVH, FR)"
reception.mail-tester.com,2,"AS31898 (ORACLE-BMC-31898 - Oracle Corporation, US)"
asl2.h-e-s.de,2,"AS3209 (VODANET International IP-Backbone of Vodafone, DE)"
mx.temp-mailfree.com,2,"AS8888 (XTOM xTom Pty Ltd, AU)"
mail.littlehostingcompany.com,2,"AS24940 (HETZNER-AS, DE)"
escml233z.pjc.com,2,"AS13839 (P1P3R - Piper Sandler Companies, US)"
nguyenngocanhtu.com,2,"AS135918 (DVS-AS-VN VIET DIGITAL TECHNOLOGY LIABILITY COMPANY, VN)"
mail.bccto.me,2,"AS63949 (AKAMAI-LINODE-AP Akamai Connected Cloud, SG)"
mxext2.mailbox.org,2,"AS199118 (HPLS-AS, DE)"
fwd2.hosts.co.uk,2,"AS8622 (ISIONUK Team Blue Internet Services UK Ltd, GB)"
mxa-0077b904.gslb.pphosted.com,2,"AS22843 (PROOFPOINT-ASN-US-EAST - Proofpoint, Inc., US)"
mail.htom.online,2,
mail.novyrix.cfd,2,"AS203446 (AS203446, GB)"
mail.priyomail.net,2,"AS24940 (HETZNER-AS, DE)"
server-1762502973.cuiqiu.vip,2,"AS132203 (TENCENT-NET-AP-CN Tencent Building, Kejizhongyi Avenue, CN)"
mail.xcode.ro,2,"AS14061 (DIGITALOCEAN-ASN - DigitalOcean, LLC, US)"
mx.altice.prod.cloud.openwave.ai,2,"AS31898 (ORACLE-BMC-31898 - Oracle Corporation, US)"
mail2.mailinator.com,2,"AS63949 (AKAMAI-LINODE-AP Akamai Connected Cloud, SG)"
p.webcom.ctmail.com,2,
mx2.telenet-ops.be,2,"AS6848 (TELENET-AS, BE)"
mxb.eu.mailgun.org,2,"AS396982 (GOOGLE-CLOUD-PLATFORM - Google LLC, US)"
smtp-receiver.re146.dev,2,"AS24940 (HETZNER-AS, DE)"
redirect.ovh.net,2,"AS16276 (OVH, FR)"
mail.duckmail.sbs,2,"AS397966 (READYDEDISLLC - ReadyDedis, LLC, US)"
nak-mail.de,2,"AS16276 (OVH, FR)"
smtp.tinyurl.com,2,
mx1.smtp.goog,2,"AS15169 (GOOGLE - Google LLC, US)"
mx07.register.com,2,"AS19871 (NETWORK-SOLUTIONS-HOSTING - Network Solutions, LLC, US)"
mail.pronosoft.com,2,"AS6738 (DRI, FR)"
mx6.name.com,2,"AS36351 (SOFTLAYER - IBM Cloud, US)"
mx1.uu.me,2,"AS14618 (AMAZON-AES - Amazon.com, Inc., US)"
mail.test1byali.cfd,2,"AS203446 (AS203446, GB)"
mx3.qq.com,2,"AS132203 (TENCENT-NET-AP-CN Tencent Building, Kejizhongyi Avenue, CN)"
mx002.bluehost.xion.oxcs.net,2,"AS29838 (AMC - Atlantic Metro Communications II, Inc., US)"
mx.targetbyte.com,2,"AS24940 (HETZNER-AS, DE)"
igw08.site4now.net,2,"AS46844 (SHARKTECH - Sharktech, US)"
mail.smtp99.com,2,"AS63949 (AKAMAI-LINODE-AP Akamai Connected Cloud, SG)"
mx1.evapmail.com,2,"AS16276 (OVH, FR)"
pax.zz.de,2,"AS24940 (HETZNER-AS, DE)"
mx3.mailpod15-cph3.g1i.one.com,2,"AS51468 (ONECOM, DK)"
mail.tempmail.com.tr,2,"AS42846 (GUZELHOSTING GNET INTERNET TELEKOMUNIKASYON A.S., TR)"
mrouterin.brutele.be,2,"AS12392 (ASVOO VOO S.A., BE)"
mx2.startmail.com,2,"AS28685 (ASN-ROUTIT, NL)"
mail.tempmail.sk,2,"AS24940 (HETZNER-AS, DE)"
mail.tempmail.ch,2,"AS24940 (HETZNER-AS, DE)"
mail.tempmailled.com,2,"AS42846 (GUZELHOSTING GNET INTERNET TELEKOMUNIKASYON A.S., TR)"
mx.sendcloud.org,2,"AS23724 (CHINANET-IDC-BJ-AP IDC, China Telecommunications Corporation, CN)"
mx01.memail.com,2,"AS24940 (HETZNER-AS, DE)"
mx0.email,2,"AS51167 (CONTABO, DE)"
smtp.spamex.com,2,"AS14618 (AMAZON-AES - Amazon.com, Inc., US)"
177.mailgw.de,2,"AS197540 (NETCUP-AS netcup GmbH, DE)"
mx001.dclux.xion.oxcs.net,2,"AS16276 (OVH, FR)"
mx.post-protect.org,2,"AS13977 (CTELCO - Fidium, US)"
mta5.am0.yahoodns.net,2,"AS36647 (YAHOO-GQ1 - Yahoo Holdings Inc., US)"
inbound.mx0.in,2,"AS14061 (DIGITALOCEAN-ASN - DigitalOcean, LLC, US)"
mail.12244.xyz,1,
mx.123-m.com,1,"AS16509 (AMAZON-02 - Amazon.com, Inc., US)"
adamandeve.co.uk,1,
_dc-mx.9e10927d5d9a.adaromania.com,1,"AS51167 (CONTABO, DE)"
_dc-mx.f94a66f6987e.1234techland.info,1,"AS204601 (PODAON, NL)"
mail.adaptix.cloud,1,"AS29802 (HVC-AS - HIVELOCITY, Inc., US)"
mx1.adamastore.co,1,"AS200107 (KL-EXT, CH)"
mailstore1.addcious.com,1,"AS14061 (DIGITALOCEAN-ASN - DigitalOcean, LLC, US)"
123anddone.com,1,"AS27589 (MOJOHOST - MOJOHOST, US)"
mail.adeany.com,1,"AS14061 (DIGITALOCEAN-ASN - DigitalOcean, LLC, US)"
125-jahre-kudamm.de,1,"AS5539 (SPACENET SpaceNET AG, DE)"
mail.addique.com,1,"AS24940 (HETZNER-AS, DE)"
adelaidecasino-com-au.mail.protection.outlook.com,1,"AS8075 (MICROSOFT-CORP-MSN-AS-BLOCK - Microsoft Corporation, US)"
addyoubooks.com,1,"AS20857 (TRANSIP-AS Amsterdam, the Netherlands, NL)"
mx.12gmail.com,1,"AS16509 (AMAZON-02 - Amazon.com, Inc., US)"
mail.adip.com,1,"AS8560 (IONOS-AS This is the joint network for IONOS, Fasthosts, Arsys, 1&1 Mail and Media and 1&1 Telecom. Formerly known as 1&1 Internet SE., DE)"
adamarket.my.id,1,"AS136052 (IDNIC-IDCLOUDHOST-AS-ID PT Cloud Hosting Indonesia, ID)"
fm01.absys-online.fr,1,"AS198682 (NETIWAN-AS, FR)"
mail.1337.care,1,"AS44486 (SYNLINQ synlinq.de, DE)"
adiq-eu.mail.protection.outlook.com,1,"AS8075 (MICROSOFT-CORP-MSN-AS-BLOCK - Microsoft Corporation, US)"
mx.12hourmail.com,1,"AS16276 (OVH, FR)"
admail.online,1,"AS14061 (DIGITALOCEAN-ASN - DigitalOcean, LLC, US)"
mx2.adipex7z.com,1,"AS200107 (KL-EXT, CH)"
adm-com.mail.protection.outlook.com,1,"AS8075 (MICROSOFT-CORP-MSN-AS-BLOCK - Microsoft Corporation, US)"
admin4cloud-net.mail.protection.outlook.com,1,
mail.123info.ru,1,"AS57494 (ADMAN-AS, RU)"
usa.mx1.mailanyone.net,1,"AS16509 (AMAZON-02 - Amazon.com, Inc., US)"
133mail.cn,1,"AS37963 (ALIBABA-CN-NET Hangzhou Alibaba Advertising Co.,Ltd., CN)"
mail.admint.club,1,"AS16276 (OVH, FR)"
mail.14-8000.ru,1,"AS51167 (CONTABO, DE)"
smtp.1337.no,1,"AS34989 (SERVETHEWORLD-AS, NO)"
mail.admiration.site,1,"AS212477 (ROYALE-AS, NL)"
mx0.1337.email,1,"AS197540 (NETCUP-AS netcup GmbH, DE)"
mail.admintoplist.com,1,"AS51167 (CONTABO, DE)"
14n-co-uk.mail.protection.outlook.com,1,"AS8075 (MICROSOFT-CORP-MSN-AS-BLOCK - Microsoft Corporation, US)"
mail.admirelimo.com,1,"AS46606 (UNIFIEDLAYER-AS-1 - Unified Layer, US)"
adobg.com,1,"AS46606 (UNIFIEDLAYER-AS-1 - Unified Layer, US)"
adobe8.com,1,"AS26337 (OIS1 - Oso Grande IP Services, LLC, US)"
vidar.edeinternet.net,1,"AS16509 (AMAZON-02 - Amazon.com, Inc., US)"
15qm.com,1,"AS9370 (SAKURA-B SAKURA Internet Inc., JP)"
adobz-com.mail.protection.outlook.com,1,"AS8075 (MICROSOFT-CORP-MSN-AS-BLOCK - Microsoft Corporation, US)"
adoptioncrossroads-org.mail.protection.outlook.com,1,"AS8075 (MICROSOFT-CORP-MSN-AS-BLOCK - Microsoft Corporation, US)"
adoropet-com.mail.protection.outlook.com,1,"AS8075 (MICROSOFT-CORP-MSN-AS-BLOCK - Microsoft Corporation, US)"
mail.15h.ru,1,"AS50340 (SELECTEL-MSK, RU)"
adolfhitlerspeeches.com,1,"AS46606 (UNIFIEDLAYER-AS-1 - Unified Layer, US)"
_dc-mx.922de7792365.1701host.com,1,"AS33028 (AS33028 - VEXXHOST, Inc., CA)"
mail.adpi.com,1,"AS55293 (A2HOSTING - A2 Hosting, Inc., US)"
adofe.com,1,"AS16276 (OVH, FR)"
15963.fr.nf,1,"AS16276 (OVH, FR)"
adpt-com.mail.protection.outlook.com,1,"AS8075 (MICROSOFT-CORP-MSN-AS-BLOCK - Microsoft Corporation, US)"
adobe6.com,1,"AS214036 (ULTAHOST-AS, US)"
mail.adone.com,1,"AS60781 (LEASEWEB-NL-AMS-01 Netherlands, NL)"
adpo-com.mail.protection.outlook.com,1,"AS8075 (MICROSOFT-CORP-MSN-AS-BLOCK - Microsoft Corporation, US)"
mxa-0032c001.gslb.pphosted.com,1,"AS22843 (PROOFPOINT-ASN-US-EAST - Proofpoint, Inc., US)"
adt-com.mail.protection.outlook.com,1,"AS8075 (MICROSOFT-CORP-MSN-AS-BLOCK - Microsoft Corporation, US)"
mx2.pub.mailpod9-cph3.one.com,1,"AS51468 (ONECOM, DK)"
mail.18119894.xyz,1,"AS132241 (SKSATECH1-MY SKSA TECHNOLOGY SDN BHD, MY)"
mail.advantagebussines.online,1,"AS203446 (AS203446, GB)"
adresse.biz.st,1,"AS16276 (OVH, FR)"
mail.adulttoys.com,1,"AS20001 (TWC-20001-PACWEST - Charter Communications Inc, US)"
167mail.com,1,"AS33182 (DIMENOC - HostDime.com, Inc., US)"
advanceclean-co-nz.mail.protection.outlook.com,1,"AS8075 (MICROSOFT-CORP-MSN-AS-BLOCK - Microsoft Corporation, US)"
adresse.infos.st,1,"AS16276 (OVH, FR)"
mail.laivue.com,1,"AS24940 (HETZNER-AS, DE)"
1800banks.com,1,
mail.advgamer.cc,1,"AS45102 (ALIBABA-CN-NET Alibaba US Technology Co., Ltd., CN)"
adobo.com,1,"AS47846 (SEDO-AS, DE)"
advair-coupons.com,1,"AS37907 (DIGIROCK DigiRock, Inc., JP)"
mail.advitise.com,1,"AS14061 (DIGITALOCEAN-ASN - DigitalOcean, LLC, US)"
mail.18dewa.net,1,"AS212238 (CDNEXT, GB)"
gator4259.hostgator.com,1,"AS19871 (NETWORK-SOLUTIONS-HOSTING - Network Solutions, LLC, US)"
mail.18am.ru,1,"AS62082 (HOSTLAND, RU)"
mail.adsignifmail.com,1,"AS197695 (AS-REG, RU)"
mx.adzillastudio.com,1,"AS14061 (DIGITALOCEAN-ASN - DigitalOcean, LLC, US)"
mx-postz5r4.adviseity.com,1,"AS14061 (DIGITALOCEAN-ASN - DigitalOcean, LLC, US)"
mx.199903.xyz,1,"AS3842 (RAMNODE - InMotion Hosting, Inc., US)"
mxb-00102601.gslb.pphosted.com,1,"AS26211 (PROOFPOINT-ASN-US-WEST - Proofpoint, Inc., US)"
mta-189.21cn.com,1,"AS45102 (ALIBABA-CN-NET Alibaba US Technology Co., Ltd., CN)"
aedp-com.mail.protection.outlook.com,1,"AS8075 (MICROSOFT-CORP-MSN-AS-BLOCK - Microsoft Corporation, US)"
mx.adaraluxury.com,1,"AS31034 (ARUBA-ASN, IT)"
aeai.com,1,"AS31898 (ORACLE-BMC-31898 - Oracle Corporation, US)"
aefna-com.mail.protection.outlook.com,1,"AS8075 (MICROSOFT-CORP-MSN-AS-BLOCK - Microsoft Corporation, US)"
addy.thatxtreme.dev,1,"AS16276 (OVH, FR)"
mail.19840507.xyz,1,"AS51167 (CONTABO, DE)"
mail.19840505.xyz,1,"AS51167 (CONTABO, DE)"
mail.admonishebml.ru,1,"AS12586 (ASGHOSTNET, DE)"
mail.adrenocortmail.com,1,"AS12586 (ASGHOSTNET, DE)"
mail.adenocmail.com,1,"AS12586 (ASGHOSTNET, DE)"
mail.administramails.ru,1,"AS12586 (ASGHOSTNET, DE)"
mail.adsorbabfmals.com,1,"AS12586 (ASGHOSTNET, DE)"
mail.administramail.ru,1,"AS12586 (ASGHOSTNET, DE)"
mail.adjustmail.com,1,"AS12586 (ASGHOSTNET, DE)"
mail.adamantoblli.com,1,"AS12586 (ASGHOSTNET, DE)"
mail.adamanmail.com,1,"AS12586 (ASGHOSTNET, DE)"
mail.adulfmals.com,1,"AS12586 (ASGHOSTNET, DE)"
mail.administraemail.ru,1,"AS12586 (ASGHOSTNET, DE)"
mail.adenohypli.com,1,"AS12586 (ASGHOSTNET, DE)"
mail.admifml.com,1,"AS12586 (ASGHOSTNET, DE)"
mail.adolescjmail.ru,1,"AS12586 (ASGHOSTNET, DE)"
mail.adminis.ru,1,"AS12586 (ASGHOSTNET, DE)"
mail.adiathfmals.com,1,"AS12586 (ASGHOSTNET, DE)"
mail.adjudmail.ru,1,"AS12586 (ASGHOSTNET, DE)"
mail02.lombardodier.com,1,"AS8220 (COLT COLT Technology Services Group Limited, GB)"
mail.19840506.xyz,1,"AS51167 (CONTABO, DE)"
mail.adenemail.ru,1,"AS12586 (ASGHOSTNET, DE)"
mail.19840509.xyz,1,"AS51167 (CONTABO, DE)"
mail.adenoidectmail.ru,1,"AS12586 (ASGHOSTNET, DE)"
mail.adenorsmail.ru,1,"AS12586 (ASGHOSTNET, DE)"
1adobe.com,1,"AS397423 (TIER-NET - Tier.Net Technologies LLC, US)"
mail.adenocmail.ru,1,"AS12586 (ASGHOSTNET, DE)"
_dc-mx.4735341d96c9.aegis-conference.eu,1,"AS205275 (ROMARG, RO)"
mail.19840508.xyz,1,"AS51167 (CONTABO, DE)"
aelp-com.mail.protection.outlook.com,1,"AS8075 (MICROSOFT-CORP-MSN-AS-BLOCK - Microsoft Corporation, US)"
aena-com.mail.protection.outlook.com,1,"AS8075 (MICROSOFT-CORP-MSN-AS-BLOCK - Microsoft Corporation, US)"
mail.aerezzje.xyz,1,"AS24940 (HETZNER-AS, DE)"
mail.1blackmoon.com,1,"AS212441 (CLOUDASSETS, RU)"
mxb-0006a701.gslb.pphosted.com,1,"AS22843 (PROOFPOINT-ASN-US-EAST - Proofpoint, Inc., US)"
mail.aerobicservice.com,1,"AS19871 (NETWORK-SOLUTIONS-HOSTING - Network Solutions, LLC, US)"
mail.aeroxboy.com,1,"AS47583 (AS-HOSTINGER, CY)"
mail.aerosinfl.com,1,"AS12586 (ASGHOSTNET, DE)"
mail.aetheron.cfd,1,"AS203446 (AS203446, GB)"
mail.aerotheramail.com,1,"AS12586 (ASGHOSTNET, DE)"
mail.aeroemmale.com,1,"AS12586 (ASGHOSTNET, DE)"
mail.aerotherapmail.ru,1,"AS12586 (ASGHOSTNET, DE)"
mail.aethermails.com,1,"AS47583 (AS-HOSTINGER, CY)"
aetn-com.mail.protection.outlook.com,1,"AS8075 (MICROSOFT-CORP-MSN-AS-BLOCK - Microsoft Corporation, US)"
aetnadentaloffers-com.mail.protection.outlook.com,1,"AS8075 (MICROSOFT-CORP-MSN-AS-BLOCK - Microsoft Corporation, US)"
mail.aeryn.shop,1,"AS51167 (CONTABO, DE)"
mail.aetiinf.com,1,"AS12586 (ASGHOSTNET, DE)"
adxp-com.mail.protection.outlook.com,1,"AS8075 (MICROSOFT-CORP-MSN-AS-BLOCK - Microsoft Corporation, US)"
mail.aerotonoli.ru,1,"AS12586 (ASGHOSTNET, DE)"
_dc-mx.a19a1871e851.1home.urgntx.com,1,"AS46261 (QUICKPACKET - QuickPacket, LLC, US)"
mail1.aeta-audio.com,1,"AS5410 (BOUYGTEL-ISP, FR)"
mail.affairmail.com,1,"AS12586 (ASGHOSTNET, DE)"
afglca-com0i.mail.protection.outlook.com,1,"AS8075 (MICROSOFT-CORP-MSN-AS-BLOCK - Microsoft Corporation, US)"
mail.1king.vip,1,"AS45102 (ALIBABA-CN-NET Alibaba US Technology Co., Ltd., CN)"
mx2.affricca.com,1,"AS200107 (KL-EXT, CH)"
mx.buhzon.ru,1,"AS12683 (STATEL-AS PJSC Rostelecom. Stavropol branch, RU)"
1meanpenguin-com.mail.protection.outlook.com,1,"AS8075 (MICROSOFT-CORP-MSN-AS-BLOCK - Microsoft Corporation, US)"
affcats.com,1,"AS146943 (TIER4CLOU-AS Tier 4 Cloud Services, IN)"
mxa-001f5701.gslb.pphosted.com,1,"AS22843 (PROOFPOINT-ASN-US-EAST - Proofpoint, Inc., US)"
1nss-com.mail.protection.outlook.com,1,"AS8075 (MICROSOFT-CORP-MSN-AS-BLOCK - Microsoft Corporation, US)"
pmx1.afp.com,1,"AS10806 (AFP-NET - AGENCE FRANCE PRESSE, US)"
mail.afmail.com,1,"AS13037 (ZEN-AS Zen Internet - UK, GB)"
mx.afremails.com,1,"AS14061 (DIGITALOCEAN-ASN - DigitalOcean, LLC, US)"
a937749.mx.mailhop.org,1,"AS16509 (AMAZON-02 - Amazon.com, Inc., US)"
afscme-org.mail.protection.outlook.com,1,"AS8075 (MICROSOFT-CORP-MSN-AS-BLOCK - Microsoft Corporation, US)"
mail.1nom.org,1,"AS15557 (LDCOMNET --- I3Dnet ---, FR)"
mail.afisha.biz.ua,1,
afternic-com.mail.protection.outlook.com,1,"AS8075 (MICROSOFT-CORP-MSN-AS-BLOCK - Microsoft Corporation, US)"
afun-com.mail.protection.outlook.com,1,"AS8075 (MICROSOFT-CORP-MSN-AS-BLOCK - Microsoft Corporation, US)"
mx.afunthingtodo.com,1,"AS29873 (BIZLAND-SD - Newfold Digital, Inc., US)"
smtp.sendfiend.com,1,"AS44381 (ITSJEFEN-AS, NO)"
mx1.1pad.de,1,"AS200107 (KL-EXT, CH)"
mail.1sec-mail.space,1,"AS22612 (NAMECHEAP-NET - Namecheap, Inc., US)"
mail.1sec-mail.com,1,"AS24940 (HETZNER-AS, DE)"
_dc-mx.dbf0cbc67491.1secemail.com,1,"AS16276 (OVH, FR)"
mail.agamogeninf.com,1,"AS12586 (ASGHOSTNET, DE)"
afw.fr.nf,1,"AS16276 (OVH, FR)"
mail.agathokamail.com,1,"AS12586 (ASGHOSTNET, DE)"
mail.agammaglobulifmail.ru,1,"AS12586 (ASGHOSTNET, DE)"
amaonline-mx.email-protect.gosecure.net,1,"AS29909 (METROOPTIC - Metro Optic, CA)"
1stgroup-ca.mail.protection.outlook.com,1,"AS8075 (MICROSOFT-CORP-MSN-AS-BLOCK - Microsoft Corporation, US)"
lists.1slate.com,1,"AS213230 (HETZNER-CLOUD2-AS, DE)"
1t-ml.com,1,"AS2514 (INFOSPHERE NTT PC Communications, Inc., JP)"
mx1.1tmail.ltd,1,"AS200107 (KL-EXT, CH)"
mail.1usemail.com,1,"AS14061 (DIGITALOCEAN-ASN - DigitalOcean, LLC, US)"
1uro-com.mail.protection.outlook.com,1,"AS8075 (MICROSOFT-CORP-MSN-AS-BLOCK - Microsoft Corporation, US)"
aghayeseo.com,1,"AS51026 (MOBINHOSTINFRASTRUCTURE, IR)"
agileit-com.mail.protection.outlook.com,1,"AS8075 (MICROSOFT-CORP-MSN-AS-BLOCK - Microsoft Corporation, US)"
mail.1tware.com,1,"AS53589 (PLANETHOSTER-8 - PlanetHoster, CA)"
mail.1ti.ru,1,"AS210079 (EUROBYTE, RU)"
m-13b.th.seeweb.it,1,
agentoto4d.org,1,"AS21859 (ZEN-ECN - Zenlayer Inc, US)"
mail.agglutinmail.ru,1,"AS12586 (ASGHOSTNET, DE)"
mail.agp.edu.pl,1,"AS16276 (OVH, FR)"
agpb-com.mail.protection.outlook.com,1,"AS8075 (MICROSOFT-CORP-MSN-AS-BLOCK - Microsoft Corporation, US)"
mx2.1webmail.gdn,1,"AS200107 (KL-EXT, CH)"
mail.1wyws.top,1,"AS196645 (HOSTPRO-AS, UA)"
mail.agoranews.top,1,"AS16276 (OVH, FR)"
agsmechanicalinc-com.mail.protection.outlook.com,1,"AS8075 (MICROSOFT-CORP-MSN-AS-BLOCK - Microsoft Corporation, US)"
agridaya.com,1,"AS58487 (CRI-AS-AP CV. Rumahweb Indonesia, ID)"
mail.agonirsmail.ru,1,"AS12586 (ASGHOSTNET, DE)"
mail.agricultumail.ru,1,"AS12586 (ASGHOSTNET, DE)"
mail.agribusinruby.ru,1,"AS12586 (ASGHOSTNET, DE)"
mail.agrmails.ru,1,"AS12586 (ASGHOSTNET, DE)"
mail.agrostogrmails.ru,1,"AS12586 (ASGHOSTNET, DE)"
mail.200m.website,1,"AS14061 (DIGITALOCEAN-ASN - DigitalOcean, LLC, US)"
ahc-com.mail.protection.outlook.com,1,"AS8075 (MICROSOFT-CORP-MSN-AS-BLOCK - Microsoft Corporation, US)"
mail.1zaem.ru,1,"AS44094 (WEBHOST1-AS, RU)"
mx1-eu.emailsecurity.app,1,"AS8075 (MICROSOFT-CORP-MSN-AS-BLOCK - Microsoft Corporation, US)"
mail.agyemail.ru,1,"AS12586 (ASGHOSTNET, DE)"
mail.1xa.ru,1,"AS50340 (SELECTEL-MSK, RU)"
mx.ahihimail.com,1,"AS7393 (CYBERCON - CYBERCON, INC., US)"
ahene.com,1,"AS32244 (LIQUIDWEB - Liquid Web, L.L.C, US)"
aha-video.mail.protection.outlook.com,1,"AS8075 (MICROSOFT-CORP-MSN-AS-BLOCK - Microsoft Corporation, US)"
plmail.ut.pl,1,"AS16276 (OVH, FR)"
container.temporarily.de,1,"AS8560 (IONOS-AS This is the joint network for IONOS, Fasthosts, Arsys, 1&1 Mail and Media and 1&1 Telecom. Formerly known as 1&1 Internet SE., DE)"
mail.agrovideo.com.br,1,"AS16276 (OVH, FR)"
2014mail.ru,1,"AS215117 (HOSTERDADDY, IN)"
mail.2026.cam,1,"AS40021 (CONTABO-40021 - Contabo Inc., US)"
ahmm-co-uk.mail.protection.outlook.com,1,"AS8075 (MICROSOFT-CORP-MSN-AS-BLOCK - Microsoft Corporation, US)"
mail.ahrefto.site,1,"AS198610 (BEGET-AS, RU)"
_dc-mx.21f271ee0cae.ai2111.com,1,"AS7393 (CYBERCON - CYBERCON, INC., US)"
mail.2027.cam,1,"AS40021 (CONTABO-40021 - Contabo Inc., US)"
mx.ai-rbnb.com,1,"AS29873 (BIZLAND-SD - Newfold Digital, Inc., US)"
mail.ahouse.top,1,"AS24940 (HETZNER-AS, DE)"
aibnb-com.mail.protection.outlook.com,1,"AS8075 (MICROSOFT-CORP-MSN-AS-BLOCK - Microsoft Corporation, US)"
mail.tdev.com.au,1,"AS133159 (MAMMOTHMEDIA-AS-AP Mammoth Media Pty Ltd, AU)"
mail.20minute.email,1,"AS212441 (CLOUDASSETS, RU)"
_dc-mx.e89a6294c0bd.aicreativen.site,1,"AS216071 (VDSINA, AE)"
mx.212staff.com,1,"AS14061 (DIGITALOCEAN-ASN - DigitalOcean, LLC, US)"
simplemailserver.20minutemail.com,1,"AS31034 (ARUBA-ASN, IT)"
aieen.com,1,"AS51167 (CONTABO, DE)"
aidweightloss.co.uk,1,"AS20473 (AS-VULTR - The Constant Company, LLC, US)"
mail.aichmopmail.ru,1,"AS12586 (ASGHOSTNET, DE)"
mx.2100.com.cust.a.hostedemail.com,1,"AS15348 (TUCOWS - Tucows.com Co., CA)"
1aspmx.l.google.com,1,
mail.ailicke.com,1,"AS14061 (DIGITALOCEAN-ASN - DigitalOcean, LLC, US)"
aifreetoolz.com,1,"AS24940 (HETZNER-AS, DE)"
22-bet.org,1,"AS58061 (SCALAXY-AS, LV)"
mail.aimserv.com,1,"AS24589 (TELENETSIA-AS Telenet AUT-NUM peering specification object, LV)"
aiemail.studio,1,"AS49467 (EUROTA-ASN EUROTA INTERNET SERVICES LTD, TR)"
nomail.1winrussia.com,1,
mail.aicraft.agency,1,"AS29182 (RU-JSCIOT, RU)"
mail.air-inbox.com,1,"AS47583 (AS-HOSTINGER, CY)"
london.mxroute.com,1,"AS49981 (WORLDSTREAM, NL)"
mx1.aikq.de,1,"AS60294 (DE-DGW Deutsche Glasfaser Wholesale Internet, DE)"
mail.ailem.info,1,"AS3209 (VODANET International IP-Backbone of Vodafone, DE)"
mail.ai-report.ru,1,"AS57494 (ADMAN-AS, RU)"
mx6.aircargomax.us,1,
comm.23k.com,1,"AS395336 (MACST-ATL - MacStadium, Inc., US)"
aileensoo.com,1,"AS199695 (ANYM-NET, ID)"
air.com,1,"AS19318 (IS-AS-1 - Interserver, Inc, US)"
emailfwd.airbnbz.com,1,"AS16276 (OVH, FR)"
aircapitol-net.mail.protection.outlook.com,1,"AS8075 (MICROSOFT-CORP-MSN-AS-BLOCK - Microsoft Corporation, US)"
_dc-mx.119e2c4eba2a.24hrsshipping.com,1,
mail.agrifinance.org,1,"AS37061 (Safaricom, KE)"
mx6.airjordanoutletclub.us,1,
mx0.airecipebox.com,1,"AS34011 (GD-EMEA-DC-CGN1, DE)"
mail.24mail.space,1,"AS51167 (CONTABO, DE)"
24hourfitness-com.mail.protection.outlook.com,1,"AS8075 (MICROSOFT-CORP-MSN-AS-BLOCK - Microsoft Corporation, US)"
w01fe010.kasserver.com,1,"AS34788 (NMM-AS D - 02742 Friedersdorf Hauptstrasse 68, DE)"
mx99.ultimatedns.net,1,"AS11404 (AS-WAVE-1 - Wave Broadband, US)"
ailocal.ro,1,"AS56654 (AS56654, RO)"
mx1.24mail.json.cm,1,"AS16276 (OVH, FR)"
mail.airmailbox.website,1,"AS14061 (DIGITALOCEAN-ASN - DigitalOcean, LLC, US)"
24hour.email,1,"AS7684 (SAKURA-A SAKURA Internet Inc., JP)"
mail.airmaiil.com,1,"AS12586 (ASGHOSTNET, DE)"
mail.24x7help.hotelpost.click,1,"AS51167 (CONTABO, DE)"
mail.ajaxgptai.com,1,"AS14061 (DIGITALOCEAN-ASN - DigitalOcean, LLC, US)"
ajg-com.mail.protection.outlook.com,1,"AS8075 (MICROSOFT-CORP-MSN-AS-BLOCK - Microsoft Corporation, US)"
mail.ajeeb.email,1,"AS12876 (Online SAS, FR)"
282mail.com,1,"AS133752 (LEASEWEB-APAC-HKG-10 LEASEWEB HONG KONG LIMITED, HK)"
ak.gy,1,"AS7506 (INTERQ GMO Internet Group, Inc., JP)"
mx3.zoho.com,1,"AS2639 (ZOHO-AS - ZOHO, US)"
ajmail.com.1.0001.arsmtp.com,1,"AS53780 (AS-APPRIVER - APPRIVER LLC, US)"
akamail.com,1,"AS55293 (A2HOSTING - A2 Hosting, Inc., US)"
mail.2all.xyz,1,"AS60781 (LEASEWEB-NL-AMS-01 Netherlands, NL)"
mail.akdip.com,1,"AS14061 (DIGITALOCEAN-ASN - DigitalOcean, LLC, US)"
_dc-mx.b215ef89999d.akara-ise.com,1,"AS56067 (METRABYTE-TH 453 Ladplacout Jorakhaebua, TH)"
mail.2clubx.com,1,"AS20857 (TRANSIP-AS Amsterdam, the Netherlands, NL)"
2chmail.net,1,"AS131921 (GMOCL GMO GlobalSign Holdings K.K., JP)"
mmx0.mail.ovh.net,1,
mail.24prm.ru,1,"AS8496 (RU-OPTIBIT, RU)"
mail.2endesk.com,1,"AS8075 (MICROSOFT-CORP-MSN-AS-BLOCK - Microsoft Corporation, US)"
mail1042.onamae.ne.jp,1,"AS58791 (GMOOSK-NET GMO Internet Group, Inc., JP)"
akugu.com,1,"AS7506 (INTERQ GMO Internet Group, Inc., JP)"
2epf.com,1,"AS24940 (HETZNER-AS, DE)"
mx1.hostinger.web.tr,1,"AS13335 (CLOUDFLARENET - Cloudflare, Inc., US)"
alack-com.mail.protection.outlook.com,1,"AS8075 (MICROSOFT-CORP-MSN-AS-BLOCK - Microsoft Corporation, US)"
mxs.ht-systems.ru,1,"AS12616 (HOSTING-MSK, RU)"
antispam.websahibi.com,1,"AS397563 (ADEOXTECH - ADEOX, US)"
alaskaair-com.mail.protection.outlook.com,1,"AS8075 (MICROSOFT-CORP-MSN-AS-BLOCK - Microsoft Corporation, US)"
_dc-mx.abc7151628d9.albaspecials.com,1,"AS20857 (TRANSIP-AS Amsterdam, the Netherlands, NL)"
2mailnext.com,1,"AS47583 (AS-HOSTINGER, CY)"
mail.alassian.com,1,"AS46606 (UNIFIEDLAYER-AS-1 - Unified Layer, US)"
mail.2minstory.com,1,"AS51167 (CONTABO, DE)"
mail9.alapage.ru,1,"AS207728 (EUROHOSTER Hosting Provider EuroHoster Ltd., BG)"
mail.albos.in,1,"AS44486 (SYNLINQ synlinq.de, DE)"
2odem.com,1,"AS47583 (AS-HOSTINGER, CY)"
mail.albigmail.com,1,"AS12586 (ASGHOSTNET, DE)"
mail.2mailnext.top,1,"AS47583 (AS-HOSTINGER, CY)"
mail.alcody.com,1,"AS18779 (EGIHOSTING - EGIHosting, US)"
alarmsysteem-online.mail.protection.outlook.com,1,"AS8075 (MICROSOFT-CORP-MSN-AS-BLOCK - Microsoft Corporation, US)"
mail.alcohfmail.ru,1,"AS12586 (ASGHOSTNET, DE)"
2olb.com,1,"AS24940 (HETZNER-AS, DE)"
mail.albocinemail.ru,1,"AS12586 (ASGHOSTNET, DE)"
mail.alcohrsmail.ru,1,"AS12586 (ASGHOSTNET, DE)"
mx6.alegrabrasil.com,1,
mail.alcoholommail.com,1,"AS12586 (ASGHOSTNET, DE)"
mail.alcoholomemy.com,1,"AS12586 (ASGHOSTNET, DE)"
mail.2mail2.ru,1,"AS204490 (ASKONTEL, RU)"
mail.alcapt.ru,1,"AS12586 (ASGHOSTNET, DE)"
mail.alcoholimail.ru,1,"AS12586 (ASGHOSTNET, DE)"
mail.alcapml.ru,1,"AS12586 (ASGHOSTNET, DE)"
aldeyaa-ae.mail.protection.outlook.com,1,"AS8075 (MICROSOFT-CORP-MSN-AS-BLOCK - Microsoft Corporation, US)"
mx2.2sbcglobal.net,1,"AS200107 (KL-EXT, CH)"
hallenberg.com,1,"AS197540 (NETCUP-AS netcup GmbH, DE)"
mx1.alaskasolareclipse.com,1,"AS216139 (IRONHOST, GB)"
mail.alexaninf.com,1,"AS12586 (ASGHOSTNET, DE)"
2var.com,1,"AS211126 (WHG-MEX, GB)"
mx.2umail.org,1,"AS16276 (OVH, FR)"
mail.alexisalo.ru,1,"AS12586 (ASGHOSTNET, DE)"
mail.alexitemail.ru,1,"AS12586 (ASGHOSTNET, DE)"
mail.alexiphamails.ru,1,"AS12586 (ASGHOSTNET, DE)"
mail.algomeemi.com,1,"AS12586 (ASGHOSTNET, DE)"
algiardinodifranco.com,1,"AS395092 (SHOCK-1 - Shock Hosting LLC, US)"
alhutaib-com.mail.protection.outlook.com,1,"AS8075 (MICROSOFT-CORP-MSN-AS-BLOCK - Microsoft Corporation, US)"
algonquinheights-com.mail.protection.outlook.com,1,"AS8075 (MICROSOFT-CORP-MSN-AS-BLOCK - Microsoft Corporation, US)"
mx01.mail.alibaba.com,1,"AS37963 (ALIBABA-CN-NET Hangzhou Alibaba Advertising Co.,Ltd., CN)"
mail.aliasprojekt.pl,1,"AS203417 (LH, PL)"
mail.alias.gaviso.agency,1,"AS212317 (HETZNER-CLOUD3-AS, DE)"
mail.3060.nl,1,"AS24940 (HETZNER-AS, DE)"
alifdz.com,1,"AS16276 (OVH, FR)"
mail20.lh.pl,1,"AS203417 (LH, PL)"
mail.alisaol.com,1,"AS14061 (DIGITALOCEAN-ASN - DigitalOcean, LLC, US)"
mail.alikando.su,1,"AS212477 (ROYALE-AS, NL)"
mail.all-mail.net,1,"AS47583 (AS-HOSTINGER, CY)"
mail.alimentotmail.ru,1,"AS12586 (ASGHOSTNET, DE)"
mail.alkalmail.ru,1,"AS12586 (ASGHOSTNET, DE)"
mx.allfreemail.net,1,"AS16276 (OVH, FR)"
allhostguide-com.mail.protection.outlook.com,1,"AS8075 (MICROSOFT-CORP-MSN-AS-BLOCK - Microsoft Corporation, US)"
mail.allegorimail.ru,1,"AS12586 (ASGHOSTNET, DE)"
alling-bet3.com,1,"AS39521 (TNGNET, NL)"
mail.allegmail.ru,1,"AS12586 (ASGHOSTNET, DE)"
sm.alistate.com,1,"AS11042 (NTHL - NETWORK TRANSIT HOLDINGS LLC, US)"
mx.allmp3stars.com,1,"AS14061 (DIGITALOCEAN-ASN - DigitalOcean, LLC, US)"
mx2.allaboutdogstraining.com,1,"AS24940 (HETZNER-AS, DE)"
mx.allmarkshare.info,1,"AS14061 (DIGITALOCEAN-ASN - DigitalOcean, LLC, US)"
mail.allotropvegai.ru,1,"AS12586 (ASGHOSTNET, DE)"
356930-xyz.mail.protection.outlook.com,1,"AS8075 (MICROSOFT-CORP-MSN-AS-BLOCK - Microsoft Corporation, US)"
mail.allionmail.ru,1,"AS12586 (ASGHOSTNET, DE)"
2d-art.ru,1,"AS29182 (RU-JSCIOT, RU)"
alloggia.de,1,"AS3209 (VODANET International IP-Backbone of Vodafone, DE)"
mail.allitermail.ru,1,"AS12586 (ASGHOSTNET, DE)"
mx1.allpaydayloans.info,1,"AS200107 (KL-EXT, CH)"
mail.allfolk.ru,1,"AS44094 (WEBHOST1-AS, RU)"
mail.360.delivery,1,"AS54641 (IMH-IAD - InMotion Hosting, Inc., US)"
mail.allopatrolml.ru,1,"AS12586 (ASGHOSTNET, DE)"
allstage-com.mail.protection.outlook.com,1,"AS8075 (MICROSOFT-CORP-MSN-AS-BLOCK - Microsoft Corporation, US)"
mail.alabama-nedv.ru,1,"AS59729 (ITL-BG, US)"
allstat-com.mail.protection.outlook.com,1,"AS8075 (MICROSOFT-CORP-MSN-AS-BLOCK - Microsoft Corporation, US)"
360.industries,1,"AS22611 (INMOTION - InMotion Hosting, Inc., US)"
allstats.com,1,"AS46606 (UNIFIEDLAYER-AS-1 - Unified Layer, US)"
mx.374kj.com,1,"AS14061 (DIGITALOCEAN-ASN - DigitalOcean, LLC, US)"
allsuperinfo-com.mail.protection.outlook.com,1,"AS8075 (MICROSOFT-CORP-MSN-AS-BLOCK - Microsoft Corporation, US)"
mx1.mysuperpageshosting.com,1,"AS30447 (INFB2-AS - Internet Names For Business Inc., CA)"
mail.360.moscow,1,"AS56740 (DATAHATA-AS, BY)"
mx.allwebemails.com,1,"AS16276 (OVH, FR)"
mail.360spel.se,1,"AS206170 (INLEED, SE)"
almarcontainergroup-com.mail.protection.outlook.com,1,"AS8075 (MICROSOFT-CORP-MSN-AS-BLOCK - Microsoft Corporation, US)"
mail.38831316.xyz,1,"AS51167 (CONTABO, DE)"
mail.almatips.com,1,"AS14061 (DIGITALOCEAN-ASN - DigitalOcean, LLC, US)"
mail.38831320.xyz,1,"AS51167 (CONTABO, DE)"
almanara.info,1,"AS36218 (WHG-CAN, GB)"
mail.almail.com,1,"AS4685 (ASAHI-NET Asahi Net, JP)"
alobotanics.com,1,"AS59253 (LEASEWEB-APAC-SIN-11 LEASEWEB SINGAPORE PTE. LTD., SG)"
mail.alosp.com,1,"AS14061 (DIGITALOCEAN-ASN - DigitalOcean, LLC, US)"
mail.alotevi.com,1,"AS47583 (AS-HOSTINGER, CY)"
mail.alopfmals.com,1,"AS12586 (ASGHOSTNET, DE)"
alpha-web.net,1,"AS47583 (AS-HOSTINGER, CY)"
alpenit-at.mail.protection.outlook.com,1,"AS8075 (MICROSOFT-CORP-MSN-AS-BLOCK - Microsoft Corporation, US)"
mail.alkalifmail.ru,1,"AS12586 (ASGHOSTNET, DE)"
catchall.tijdelijkmailadres.nl,1,"AS30870 (TRANS-IX-AS Trans-iX Autonomous System, NL)"
3daistudio-com.mail.protection.outlook.com,1,"AS8075 (MICROSOFT-CORP-MSN-AS-BLOCK - Microsoft Corporation, US)"
alphax.fr.nf,1,"AS16276 (OVH, FR)"
alphatech-llc.mail.protection.outlook.com,1,"AS8075 (MICROSOFT-CORP-MSN-AS-BLOCK - Microsoft Corporation, US)"
3enrg.com,1,"AS7393 (CYBERCON - CYBERCON, INC., US)"
mail.3fdn.com,1,"AS14061 (DIGITALOCEAN-ASN - DigitalOcean, LLC, US)"
alphadeutsch.com,1,"AS19437 (SS-ASH - SECURED SERVERS LLC, US)"
mail.allopatrmail.ru,1,"AS12586 (ASGHOSTNET, DE)"
3dsgateway.eu,1,"AS5606 (GTS-BACKBONE GTS Telecom, RO)"
mail.alreval.com,1,"AS14061 (DIGITALOCEAN-ASN - DigitalOcean, LLC, US)"
alstate.com,1,"AS16276 (OVH, FR)"
mx1.free.fr,1,
alternativapoteknorge.space,1,"AS32475 (SINGLEHOP-LLC - Internap Holding LLC, US)"
alteryx-com.mail.protection.outlook.com,1,"AS8075 (MICROSOFT-CORP-MSN-AS-BLOCK - Microsoft Corporation, US)"
mail.altmails.com,1,"AS51167 (CONTABO, DE)"
alternavox.net,1,"AS40092 (ONIAAS - HostPapa, US)"
mail.altimetfmals.com,1,"AS12586 (ASGHOSTNET, DE)"
mail.alternmail.ru,1,"AS12586 (ASGHOSTNET, DE)"
altrans.fr.nf,1,"AS16276 (OVH, FR)"
mail.aluminebml.ru,1,"AS12586 (ASGHOSTNET, DE)"
alvechurchacousticroots-com.mail.protection.outlook.com,1,"AS8075 (MICROSOFT-CORP-MSN-AS-BLOCK - Microsoft Corporation, US)"
a090220.mx.mailhop.org,1,"AS16509 (AMAZON-02 - Amazon.com, Inc., US)"
mail.alveomail.com,1,"AS12586 (ASGHOSTNET, DE)"
alvinneo-com.mail.protection.outlook.com,1,"AS8075 (MICROSOFT-CORP-MSN-AS-BLOCK - Microsoft Corporation, US)"
mail.alysz.com,1,"AS14061 (DIGITALOCEAN-ASN - DigitalOcean, LLC, US)"
mail.alvemail.ru,1,"AS12586 (ASGHOSTNET, DE)"
alwmail.site,1,"AS7684 (SAKURA-A SAKURA Internet Inc., JP)"
box.fidei.email,1,"AS47066 (PRGMR - prgmr.com, Inc., US)"
alzeri-com.mail.protection.outlook.com,1,"AS8075 (MICROSOFT-CORP-MSN-AS-BLOCK - Microsoft Corporation, US)"
alves.fr.nf,1,"AS16276 (OVH, FR)"
mail.alveoloml.ru,1,"AS12586 (ASGHOSTNET, DE)"
mx1.eu.mailhop.org,1,"AS16509 (AMAZON-02 - Amazon.com, Inc., US)"
mail.ama-trans.de,1,"AS24940 (HETZNER-AS, DE)"
mx.emailarray.com,1,"AS13768 (COGECO-PEER1 - Aptum Technologies, CA)"
mx.3nixmail.com,1,"AS16509 (AMAZON-02 - Amazon.com, Inc., US)"
mx2.hc1077-89.ap.iphmx.com,1,"AS30215 (AS-CISCOHPS-APAC - Cisco Systems Ironport Division, US)"
mail.allegoricfl.com,1,"AS12586 (ASGHOSTNET, DE)"
mail.amails.ru,1,"AS12586 (ASGHOSTNET, DE)"
mail.amaryllidmail.com,1,"AS12586 (ASGHOSTNET, DE)"
mail.alphanummail.ru,1,"AS12586 (ASGHOSTNET, DE)"
mail.amalgafkml.ru,1,"AS12586 (ASGHOSTNET, DE)"
mx.3rdhour.com.cust.b.hostedemail.com,1,"AS32491 (TUCOWS-3 - Tucows.com Co., CA)"
mail.amarmails.ru,1,"AS12586 (ASGHOSTNET, DE)"
mail.amazingly.online,1,"AS40021 (CONTABO-40021 - Contabo Inc., US)"
3xodus-com.mail.protection.outlook.com,1,
mxb-0020eb02.gslb.pphosted.com,1,"AS22843 (PROOFPOINT-ASN-US-EAST - Proofpoint, Inc., US)"
amcplus-com.mail.protection.outlook.com,1,"AS8075 (MICROSOFT-CORP-MSN-AS-BLOCK - Microsoft Corporation, US)"
mail.ambulmail.com,1,"AS12586 (ASGHOSTNET, DE)"
mail.ambisexmy.com,1,"AS12586 (ASGHOSTNET, DE)"
mail.amelabs.com,1,"AS16509 (AMAZON-02 - Amazon.com, Inc., US)"
americandisabilityalliance-com.mail.protection.outlook.com,1,"AS8075 (MICROSOFT-CORP-MSN-AS-BLOCK - Microsoft Corporation, US)"
mail.amelioebml.ru,1,"AS12586 (ASGHOSTNET, DE)"
amenorjmail.ru,1,"AS213702 (QWINS-LTD QWINS AS-SET: ~ # AS213702:AS-CUSTOMERS, GB)"
mail.ameremail.ru,1,"AS12586 (ASGHOSTNET, DE)"
418-se.mail.protection.outlook.com,1,"AS8075 (MICROSOFT-CORP-MSN-AS-BLOCK - Microsoft Corporation, US)"
mail.42o.org,1,"AS63949 (AKAMAI-LINODE-AP Akamai Connected Cloud, SG)"
americanpersonalized-com.mail.protection.outlook.com,1,"AS8075 (MICROSOFT-CORP-MSN-AS-BLOCK - Microsoft Corporation, US)"
mx1.altdesign.info,1,"AS200107 (KL-EXT, CH)"
e0mylfe.amerilinkmail.com,1,"AS14061 (DIGITALOCEAN-ASN - DigitalOcean, LLC, US)"
americashealthshare-org.mail.protection.outlook.com,1,"AS8075 (MICROSOFT-CORP-MSN-AS-BLOCK - Microsoft Corporation, US)"
mxa-0017ff01.gslb.pphosted.com,1,"AS26211 (PROOFPOINT-ASN-US-WEST - Proofpoint, Inc., US)"
mail.americemi.com,1,"AS12586 (ASGHOSTNET, DE)"
dkim.amerinetgate.com,1,"AS14061 (DIGITALOCEAN-ASN - DigitalOcean, LLC, US)"
mail.altruistfmk.com,1,"AS12586 (ASGHOSTNET, DE)"
poczta.genetic.pl,1,"AS29522 (CF-KRK, PL)"
mxa-000f3401.gslb.pphosted.com,1,"AS26211 (PROOFPOINT-ASN-US-WEST - Proofpoint, Inc., US)"
mail.aminoamail.com,1,"AS40021 (CONTABO-40021 - Contabo Inc., US)"
mail.ameriemail.ru,1,"AS12586 (ASGHOSTNET, DE)"
mx.amitywe.us,1,"AS29873 (BIZLAND-SD - Newfold Digital, Inc., US)"
mail.amiri.net,1,"AS40100 (ALURIUM - Alurium Hosting, US)"
mail.453000.win,1,"AS932 (XNNET - XNNET LLC, US)"
amk-co-uk.mail.protection.outlook.com,1,"AS8075 (MICROSOFT-CORP-MSN-AS-BLOCK - Microsoft Corporation, US)"
mail.amongth.com,1,"AS47583 (AS-HOSTINGER, CY)"
mail.aminopfmus.ru,1,"AS12586 (ASGHOSTNET, DE)"
amhpdf-com-br.mail.protection.outlook.com,1,"AS8075 (MICROSOFT-CORP-MSN-AS-BLOCK - Microsoft Corporation, US)"
mail.amiramov.ru,1,"AS211183 (ADMINVPS, RU)"
mail.ammails.ru,1,"AS12586 (ASGHOSTNET, DE)"
mail.amozix.com,1,"AS14061 (DIGITALOCEAN-ASN - DigitalOcean, LLC, US)"
mail.amissibiufml.ru,1,"AS12586 (ASGHOSTNET, DE)"
amperecomputing-com.mail.protection.outlook.com,1,"AS8075 (MICROSOFT-CORP-MSN-AS-BLOCK - Microsoft Corporation, US)"
mail.amortfmk.com,1,"AS12586 (ASGHOSTNET, DE)"
_dc-mx.8a6dc5f8dd32.amr.urgntx.com,1,"AS46261 (QUICKPACKET - QuickPacket, LLC, US)"
mail.amphidiscli.com,1,"AS12586 (ASGHOSTNET, DE)"
mail.amplindia.com,1,"AS46606 (UNIFIEDLAYER-AS-1 - Unified Layer, US)"
mail.ammonmails.ru,1,"AS12586 (ASGHOSTNET, DE)"
mail.45it.ru,1,"AS29182 (RU-JSCIOT, RU)"
amphitheatmail.com,1,"AS213702 (QWINS-LTD QWINS AS-SET: ~ # AS213702:AS-CUSTOMERS, GB)"
mail.amoemail.ru,1,"AS12586 (ASGHOSTNET, DE)"
amsaustralia-com0i.mail.protection.outlook.com,1,"AS8075 (MICROSOFT-CORP-MSN-AS-BLOCK - Microsoft Corporation, US)"
mx6.amateurspot.net,1,
mail.amovmails.ru,1,"AS12586 (ASGHOSTNET, DE)"
mail.ampelosalo.ru,1,"AS12586 (ASGHOSTNET, DE)"
mail.amphithea.ru,1,"AS12586 (ASGHOSTNET, DE)"
mail.amyxrolest.com,1,"AS47583 (AS-HOSTINGER, CY)"
mail.amwomail.com,1,"AS12586 (ASGHOSTNET, DE)"
c246.8899kk.net,1,"AS13335 (CLOUDFLARENET - Cloudflare, Inc., US)"
4899w.com,1,"AS45102 (ALIBABA-CN-NET Alibaba US Technology Co., Ltd., CN)"
anagotulsa-net.mail.protection.outlook.com,1,"AS8075 (MICROSOFT-CORP-MSN-AS-BLOCK - Microsoft Corporation, US)"
mail.anaesthesli.com,1,"AS12586 (ASGHOSTNET, DE)"
anal.com,1,"AS395412 (VS-MEDIA-IPV4 - VS Media Inc., US)"
mail.amylemail.ru,1,"AS12586 (ASGHOSTNET, DE)"
4audiocassettes.com,1,"AS131965 (XSERVER Xserver Inc., JP)"
avgate.ssl.aiosl.com,1,"AS4694 (IDCF IDC Frontier Inc., JP)"
mail.anaemail.ru,1,"AS12586 (ASGHOSTNET, DE)"
mail.anacml.ru,1,"AS12586 (ASGHOSTNET, DE)"
mail.anaemal.com,1,"AS12586 (ASGHOSTNET, DE)"
mail.anacolfmail.ru,1,"AS12586 (ASGHOSTNET, DE)"
mail.47t.de,1,"AS42730 (EVANZOAS, DE)"
mail.anagrammatmail.ru,1,"AS12586 (ASGHOSTNET, DE)"
mail.anarac.com,1,"AS14061 (DIGITALOCEAN-ASN - DigitalOcean, LLC, US)"
amco-com-ar.mail.protection.outlook.com,1,"AS8075 (MICROSOFT-CORP-MSN-AS-BLOCK - Microsoft Corporation, US)"
mail.anagraemail.ru,1,"AS12586 (ASGHOSTNET, DE)"
4charlotte-com.mail.protection.outlook.com,1,"AS8075 (MICROSOFT-CORP-MSN-AS-BLOCK - Microsoft Corporation, US)"
mail.anagrammamail.ru,1,"AS12586 (ASGHOSTNET, DE)"
mail.anaphr.com,1,"AS12586 (ASGHOSTNET, DE)"
mx.misk.com,1,"AS14618 (AMAZON-AES - Amazon.com, Inc., US)"
4d-com.mail.protection.outlook.com,1,"AS8075 (MICROSOFT-CORP-MSN-AS-BLOCK - Microsoft Corporation, US)"
mail.4collectors.com,1,"AS16276 (OVH, FR)"
mail.anaphrml.ru,1,"AS12586 (ASGHOSTNET, DE)"
mail2.smtp99.com,1,"AS63949 (AKAMAI-LINODE-AP Akamai Connected Cloud, SG)"
anaphylmail.ru,1,"AS213702 (QWINS-LTD QWINS AS-SET: ~ # AS213702:AS-CUSTOMERS, GB)"
mail.anaphylactifmail.ru,1,"AS12586 (ASGHOSTNET, DE)"
mail.ambideml.ru,1,"AS12586 (ASGHOSTNET, DE)"
mail.anathemamail.ru,1,"AS12586 (ASGHOSTNET, DE)"
mail.anbinhnet.com,1,"AS63760 (AZDIGI-AS-VN AZDIGI Corporation, VN)"
mail.andalangpt.app,1,"AS45102 (ALIBABA-CN-NET Alibaba US Technology Co., Ltd., CN)"
smtp.al.nz,1,"AS135069 (FEENIX-AS-AP Feenix Communications Limited, NZ)"
andrewmurphy.org,1,"AS20473 (AS-VULTR - The Constant Company, LLC, US)"
mail.andispnb.web.id,1,"AS214882 (ARENHOST Steven Gusti Hutama, ID)"
4flyfishing.com,1,"AS39566 (AS-SMARTHOST-, PL)"
4finance-com.mail.protection.outlook.com,1,"AS8075 (MICROSOFT-CORP-MSN-AS-BLOCK - Microsoft Corporation, US)"
mail.andro-players.com,1,"AS33993 (UFO-AS, RU)"
mail.4hickory.com,1,"AS400754 (GO-DADDY-COM-LLC - GoDaddy.com, LLC, US)"
mail.androdi.com,1,"AS12586 (ASGHOSTNET, DE)"
mail.androdiofml.com,1,"AS12586 (ASGHOSTNET, DE)"
4hairloss.com,1,"AS29802 (HVC-AS - HIVELOCITY, Inc., US)"
mail.andromonmail.com,1,"AS12586 (ASGHOSTNET, DE)"
mail.mkgenk.com,1,"AS22612 (NAMECHEAP-NET - Namecheap, Inc., US)"
mail.4kites.com,1,"AS398101 (GO-DADDY-COM-LLC - GoDaddy.com, LLC, US)"
angelareedfox.com,1,"AS59253 (LEASEWEB-APAC-SIN-11 LEASEWEB SINGAPORE PTE. LTD., SG)"
androclijmail.ru,1,"AS213702 (QWINS-LTD QWINS AS-SET: ~ # AS213702:AS-CUSTOMERS, GB)"
mail.angelacorrias.com,1,"AS55293 (A2HOSTING - A2 Hosting, Inc., US)"
mail.anerytmail.ru,1,"AS12586 (ASGHOSTNET, DE)"
mx.angelandcurve.com.cust.a.hostedemail.com,1,
mail.androspomail.ru,1,"AS12586 (ASGHOSTNET, DE)"
mail.angelawalkerrealestateagentfortworthtx.com,1,"AS46606 (UNIFIEDLAYER-AS-1 - Unified Layer, US)"
angelcarehospice-com02c.mail.protection.outlook.com,1,"AS8075 (MICROSOFT-CORP-MSN-AS-BLOCK - Microsoft Corporation, US)"
mail.anecdotebml.ru,1,"AS12586 (ASGHOSTNET, DE)"
ipnet.internetpartners.com,1,"AS12033 (ASN-AT-12033 - Adams TelSystems, Inc., US)"
mail.angem.com,1,"AS42612 (DINAHOSTING-AS, ES)"
mail.angieplease.com,1,"AS36007 (KAMATERA - Kamatera, Inc., US)"
4meetings.com,1,"AS30083 (AS-30083-US-VELIA-NET - velia.net, DE)"
mail.angiocardmail.com,1,"AS12586 (ASGHOSTNET, DE)"
mail.angimail.com,1,"AS12586 (ASGHOSTNET, DE)"
7azlmx.anglosh.com,1,"AS14061 (DIGITALOCEAN-ASN - DigitalOcean, LLC, US)"
mail.anglofmals.com,1,"AS12586 (ASGHOSTNET, DE)"
mail.angulfml.com,1,"AS12586 (ASGHOSTNET, DE)"
mx-parked.serveriai.lt,1,"AS212531 (INTERNETO-VIZIJA, LT)"
mail.anginopruby.ru,1,"AS12586 (ASGHOSTNET, DE)"
mail.angioemail.ru,1,"AS12586 (ASGHOSTNET, DE)"
mx2.4prkrmmail.net,1,"AS200107 (KL-EXT, CH)"
mail.angiome.ru,1,"AS12586 (ASGHOSTNET, DE)"
angka69.com,1,"AS31898 (ORACLE-BMC-31898 - Oracle Corporation, US)"
mail.angiotemalu.ru,1,"AS12586 (ASGHOSTNET, DE)"
4signs-com.mail.protection.outlook.com,1,"AS8075 (MICROSOFT-CORP-MSN-AS-BLOCK - Microsoft Corporation, US)"
4pet.ro,1,"AS5606 (GTS-BACKBONE GTS Telecom, RO)"
4tucson-com.mail.protection.outlook.com,1,"AS8075 (MICROSOFT-CORP-MSN-AS-BLOCK - Microsoft Corporation, US)"
m1.dnsix.com,1,
mail.4sauna.ru,1,"AS35278 (SPRINTHOST, RU)"
mx-att.mail.am0.4ttmail.com,1,"AS14061 (DIGITALOCEAN-ASN - DigitalOcean, LLC, US)"
mail.4warding.net,1,"AS24940 (HETZNER-AS, DE)"
mail.4yoga.com,1,"AS24611 (DCLUX-AS Datacenter Luxembourg, LU)"
mail.4memphis.com,1,"AS25563 (WEBLAND-AS CH-4142 Muenchenstein, CH)"
mail.4x10.ru,1,"AS29182 (RU-JSCIOT, RU)"
mail.51tiemo.com,1,"AS51167 (CONTABO, DE)"
50plusfitnesscenters.com,1,"AS16276 (OVH, FR)"
undercover-germany.in.tmes.trendmicro.eu,1,"AS16509 (AMAZON-02 - Amazon.com, Inc., US)"
mail.535.com,1,"AS31898 (ORACLE-BMC-31898 - Oracle Corporation, US)"
53w-com.mx1.arsmtp.com,1,"AS53780 (AS-APPRIVER - APPRIVER LLC, US)"
mx.yuyclub.xyz,1,"AS16509 (AMAZON-02 - Amazon.com, Inc., US)"
mail.5ber.com,1,"AS136907 (HWCLOUDS-AS-AP HUAWEI CLOUDS, HK)"
mail.5esla.com,1,"AS33182 (DIMENOC - HostDime.com, Inc., US)"
mail3.5july.org,1,"AS8473 (BAHNHOF, SE)"
5minutetrip.com,1,"AS20857 (TRANSIP-AS Amsterdam, the Netherlands, NL)"
mail.5z.com,1,"AS203476 (GANDI-AS-2 Domain name registrar - www.gandi.net, FR)"
mail.5tn.ru,1,"AS50340 (SELECTEL-MSK, RU)"
5rezor.io,1,"AS199968 (IWSNET, AM)"
mx1.650dialup.com,1,"AS200107 (KL-EXT, CH)"
mail.668mail.com,1,"AS63949 (AKAMAI-LINODE-AP Akamai Connected Cloud, SG)"
mail.6974.click,1,"AS203446 (AS203446, GB)"
688as.org,1,"AS20857 (TRANSIP-AS Amsterdam, the Netherlands, NL)"
mail.69v9.com,1,"AS40476 (SCALAHOSTING - Scala Hosting LLC, US)"
mail.6ip.us,1,"AS24940 (HETZNER-AS, DE)"
mail.5oz.ru,1,"AS39337 (CORPSOFT24, RU)"
6rezor.io,1,"AS199968 (IWSNET, AM)"
mx6.799fu.com,1,
7csthrive-com.mail.protection.outlook.com,1,"AS8075 (MICROSOFT-CORP-MSN-AS-BLOCK - Microsoft Corporation, US)"
7899w.top,1,"AS45102 (ALIBABA-CN-NET Alibaba US Technology Co., Ltd., CN)"
7dewapoker.net,1,"AS22612 (NAMECHEAP-NET - Namecheap, Inc., US)"
mail.7gr.pl,1,"AS41079 (CF-GDA, PL)"
mx2.zoho.com,1,"AS2639 (ZOHO-AS - ZOHO, US)"
mail.7mail.xyz,1,"AS204957 (GREENFLOID-AS, US)"
789toto.org,1,"AS22612 (NAMECHEAP-NET - Namecheap, Inc., US)"
mail.7magazinov.ru,1,
mx-in.808651.com,1,"AS16276 (OVH, FR)"
8723891.com,1,"AS37963 (ALIBABA-CN-NET Hangzhou Alibaba Advertising Co.,Ltd., CN)"
malibuzz.888tron.net,1,"AS51167 (CONTABO, DE)"
_dc-mx.07ec86aee63e.88trader.com,1,"AS20473 (AS-VULTR - The Constant Company, LLC, US)"
emailhosting.webhostbd.com,1,"AS16276 (OVH, FR)"
8intel-com.mail.protection.outlook.com,1,"AS8075 (MICROSOFT-CORP-MSN-AS-BLOCK - Microsoft Corporation, US)"
mail.900k.es,1,"AS16276 (OVH, FR)"
mail.93re.com,1,"AS14061 (DIGITALOCEAN-ASN - DigitalOcean, LLC, US)"
mail.944.dog,1,"AS9009 (M247, RO)"
mail.972076224.xyz,1,"AS51167 (CONTABO, DE)"
gmail-smtp-in.l.97gmail.com,1,"AS19318 (IS-AS-1 - Interserver, Inc, US)"
mail.972076221.xyz,1,"AS51167 (CONTABO, DE)"
mail.972076223.xyz,1,"AS51167 (CONTABO, DE)"
mail.972198405.xyz,1,"AS51167 (CONTABO, DE)"
mail.972198403.xyz,1,"AS51167 (CONTABO, DE)"
mail.972198402.xyz,1,"AS51167 (CONTABO, DE)"
mail.972076222.xyz,1,"AS51167 (CONTABO, DE)"
mail.93rus.myjino.ru,1,"AS8342 (RTCOMM-AS, RU)"
mail.972076225.xyz,1,"AS51167 (CONTABO, DE)"
_dc-mx.25a89da950a8.999nudes.com,1,"AS209847 (THE, NL)"
99pubblicita.com,1,"AS47583 (AS-HOSTINGER, CY)"
mail.99email.xyz,1,"AS132203 (TENCENT-NET-AP-CN Tencent Building, Kejizhongyi Avenue, CN)"
9899w.top,1,"AS45102 (ALIBABA-CN-NET Alibaba US Technology Co., Ltd., CN)"
mail.996.run.place,1,"AS16276 (OVH, FR)"
mail.99marks.com,1,"AS63023 (AS-GLOBALTELEHOST - GTHost, US)"
99alternatives.com,1,"AS5089 (NTL, GB)"
mail.99v8.com,1,"AS40476 (SCALAHOSTING - Scala Hosting LLC, US)"
mx.9oul.com,1,"AS14061 (DIGITALOCEAN-ASN - DigitalOcean, LLC, US)"
mx1.9times.club,1,"AS200107 (KL-EXT, CH)"
a.lovepettoys.shop,1,"AS47583 (AS-HOSTINGER, CY)"
mail.a-b.co.za,1,"AS328037 (Elitehost, ZA)"
a2zure-com.mail.protection.outlook.com,1,
mail.a1b31.xyz,1,"AS399646 (DARTNODE - Snaju Development, US)"
mail.a2qp.com,1,"AS14061 (DIGITALOCEAN-ASN - DigitalOcean, LLC, US)"
a1dp.com,1,"AS32475 (SINGLEHOP-LLC - Internap Holding LLC, US)"
144.217.183.134,1,
mail.a-sound.ru,1,"AS210079 (EUROBYTE, RU)"
mail.a88i.fit,1,"AS22612 (NAMECHEAP-NET - Namecheap, Inc., US)"
mx.aaamail.online,1,"AS35916 (MULTA-ASN1 - MULTACOM CORPORATION, US)"
mail.a99z.com,1,"AS40476 (SCALAHOSTING - Scala Hosting LLC, US)"
mail.aa.earnlivez.net,1,"AS24940 (HETZNER-AS, DE)"
mail.00two.shop,1,"AS16276 (OVH, FR)"
mail.aaddweb.com,1,"AS14061 (DIGITALOCEAN-ASN - DigitalOcean, LLC, US)"
mx01.easyname.eu,1,"AS47692 (NESSUS, AT)"
mail.aallaa.org,1,"AS47583 (AS-HOSTINGER, CY)"
01p-co-jp.mail.protection.outlook.com,1,"AS8075 (MICROSOFT-CORP-MSN-AS-BLOCK - Microsoft Corporation, US)"
airsmtp.com,1,"AS7506 (INTERQ GMO Internet Group, Inc., JP)"
airtalkwireless-com.mail.eo.outlook.com,1,"AS8075 (MICROSOFT-CORP-MSN-AS-BLOCK - Microsoft Corporation, US)"
airsuspension-com.mail.protection.outlook.com,1,"AS8075 (MICROSOFT-CORP-MSN-AS-BLOCK - Microsoft Corporation, US)"
mx.aaronboydarts.com,1,"AS14061 (DIGITALOCEAN-ASN - DigitalOcean, LLC, US)"
mxa-00a06401.gslb.pphosted.com,1,"AS22843 (PROOFPOINT-ASN-US-EAST - Proofpoint, Inc., US)"
aaronlittles-com.mail.protection.outlook.com,1,"AS8075 (MICROSOFT-CORP-MSN-AS-BLOCK - Microsoft Corporation, US)"
cname.chacuo.net,1,"AS37963 (ALIBABA-CN-NET Hangzhou Alibaba Advertising Co.,Ltd., CN)"
mail.aaru-link.com,1,"AS931 (HYONIX - Hyonix, SG)"
mx1.hc5440-32.iphmx.com,1,"AS16417 (IRONPORT-SYSTEMS-INC - Cisco Systems Ironport Division, US)"
mail.aitechwala.site,1,"AS19318 (IS-AS-1 - Interserver, Inc, US)"
mail.aituvip.com,1,"AS14061 (DIGITALOCEAN-ASN - DigitalOcean, LLC, US)"
mail.aixne.com,1,"AS14061 (DIGITALOCEAN-ASN - DigitalOcean, LLC, US)"
mail.aixnv.com,1,"AS14061 (DIGITALOCEAN-ASN - DigitalOcean, LLC, US)"
aiwritingmeta-com.mail.protection.outlook.com,1,"AS8075 (MICROSOFT-CORP-MSN-AS-BLOCK - Microsoft Corporation, US)"
mail.aitolml.ru,1,"AS12586 (ASGHOSTNET, DE)"
mail.airxr.ru,1,"AS56577 (ASRELINK, RU)"
mail.ab1.pl,1,"AS50599 (Autonomous System for Dataspace P.S.A., PL)"
mx2.0662dq.com,1,"AS200107 (KL-EXT, CH)"
mail.abbevimals.ru,1,"AS12586 (ASGHOSTNET, DE)"
mx.abcnetworkingu.pl,1,"AS14061 (DIGITALOCEAN-ASN - DigitalOcean, LLC, US)"
abdataclassaction-com.mail.protection.outlook.com,1,"AS8075 (MICROSOFT-CORP-MSN-AS-BLOCK - Microsoft Corporation, US)"
mail.abecmalis.com,1,"AS12586 (ASGHOSTNET, DE)"
mail.aber.com,1,"AS63949 (AKAMAI-LINODE-AP Akamai Connected Cloud, SG)"
hunterslaptop.0box.net,1,"AS8560 (IONOS-AS This is the joint network for IONOS, Fasthosts, Arsys, 1&1 Mail and Media and 1&1 Telecom. Formerly known as 1&1 Internet SE., DE)"
mail.abdomics.ru,1,"AS12586 (ASGHOSTNET, DE)"
mx1.0clock.org,1,"AS200107 (KL-EXT, CH)"
abmmscloud.mail.protection.outlook.com,1,"AS8075 (MICROSOFT-CORP-MSN-AS-BLOCK - Microsoft Corporation, US)"
d250843a.ess.barracudanetworks.com,1,"AS16509 (AMAZON-02 - Amazon.com, Inc., US)"
abogadomall-com.mail.protection.outlook.com,1,"AS8075 (MICROSOFT-CORP-MSN-AS-BLOCK - Microsoft Corporation, US)"
mx.abonc.com,1,"AS14061 (DIGITALOCEAN-ASN - DigitalOcean, LLC, US)"
mail.abode.com,1,"AS7922 (COMCAST-7922 - Comcast Cable Communications, LLC, US)"
mail.abomifml.com,1,"AS12586 (ASGHOSTNET, DE)"
mail.abifmail.ru,1,"AS12586 (ASGHOSTNET, DE)"
planthree.seihappy.com,1,"AS54801 (ZILLION-NETWORK - Zillion Network Inc., US)"
mail.0hdear.com,1,"AS47583 (AS-HOSTINGER, CY)"
aboutfitness.net,1,"AS14061 (DIGITALOCEAN-ASN - DigitalOcean, LLC, US)"
mx6.emailowl.com,1,"AS20473 (AS-VULTR - The Constant Company, LLC, US)"
web-lax-1.axfra.net,1,"AS26666 (INTERSERVER-LAX - Interserver, Inc, US)"
abo-free.fr.nf,1,"AS16276 (OVH, FR)"
abp-com.mail.protection.outlook.com,1,"AS8075 (MICROSOFT-CORP-MSN-AS-BLOCK - Microsoft Corporation, US)"
aboodbab.com,1,"AS47583 (AS-HOSTINGER, CY)"
mx.abogadosybienesraices.com,1,"AS16509 (AMAZON-02 - Amazon.com, Inc., US)"
abshc-com.mail.protection.outlook.com,1,"AS8075 (MICROSOFT-CORP-MSN-AS-BLOCK - Microsoft Corporation, US)"
absolutecarefunerals.com,1,"AS20473 (AS-VULTR - The Constant Company, LLC, US)"
mx.0kn.tech,1,"AS29802 (HVC-AS - HIVELOCITY, Inc., US)"
abstractocean-com.mail.protection.outlook.com,1,"AS8075 (MICROSOFT-CORP-MSN-AS-BLOCK - Microsoft Corporation, US)"
mail.absorbemail.com,1,"AS12586 (ASGHOSTNET, DE)"
mail.absorptiml.ru,1,"AS12586 (ASGHOSTNET, DE)"
mail0001.0ne.lv,1,"AS24940 (HETZNER-AS, DE)"
mail.academic.edu.rs,1,"AS16276 (OVH, FR)"
_dc-mx.1c0c16a30e01.acanadianpharmacy.com,1,"AS22612 (NAMECHEAP-NET - Namecheap, Inc., US)"
academiccommunity.com,1,"AS398101 (GO-DADDY-COM-LLC - GoDaddy.com, LLC, US)"
ac-malin.fr.nf,1,"AS16276 (OVH, FR)"
mail.acccmail.com,1,"AS12586 (ASGHOSTNET, DE)"
mail.acatali.com,1,"AS12586 (ASGHOSTNET, DE)"
accentri-com.mail.protection.outlook.com,1,"AS8075 (MICROSOFT-CORP-MSN-AS-BLOCK - Microsoft Corporation, US)"
mail.abysskl.ru,1,"AS12586 (ASGHOSTNET, DE)"
accent.home.pl,1,"AS12824 (HOMEPL-AS, PL)"
mail.acasabianca.com,1,"AS197712 (CDMON sistemes@cdmon.com, ES)"
mail.acadfml.ru,1,"AS12586 (ASGHOSTNET, DE)"
mail.acarmails.ru,1,"AS12586 (ASGHOSTNET, DE)"
p.0ut.online,1,
acchroma-com.mail.protection.outlook.com,1,"AS8075 (MICROSOFT-CORP-MSN-AS-BLOCK - Microsoft Corporation, US)"
accidentfund-com.mail.protection.outlook.com,1,"AS8075 (MICROSOFT-CORP-MSN-AS-BLOCK - Microsoft Corporation, US)"
mail.hooverboe.com,1,"AS24940 (HETZNER-AS, DE)"
mail.accidenmail.ru,1,"AS12586 (ASGHOSTNET, DE)"
mail.accidentes.art,1,"AS46606 (UNIFIEDLAYER-AS-1 - Unified Layer, US)"
mail.accommodate.top,1,"AS16276 (OVH, FR)"
mail.accidenolml.ru,1,"AS12586 (ASGHOSTNET, DE)"
accurate-com.mail.protection.outlook.com,1,"AS8075 (MICROSOFT-CORP-MSN-AS-BLOCK - Microsoft Corporation, US)"
mail.accommodemail.ru,1,"AS12586 (ASGHOSTNET, DE)"
mail.accountabmail.ru,1,"AS12586 (ASGHOSTNET, DE)"
mail.acdcdcmail.com,1,"AS12586 (ASGHOSTNET, DE)"
_dc-mx.8a4d62d7e563.ace.in.ua,1,"AS56851 (VPS-UA-AS, UA)"
mail.acemail.info,1,"AS47583 (AS-HOSTINGER, CY)"
mx6.4-speed.net,1,"AS13649 (ASN-FLEXENTIAL - Flexential Colorado Corp., US)"
mail.accultura.ru,1,"AS12586 (ASGHOSTNET, DE)"
mail.aceomail.com,1,"AS12586 (ASGHOSTNET, DE)"
acexchange-com.mail.protection.outlook.com,1,"AS8075 (MICROSOFT-CORP-MSN-AS-BLOCK - Microsoft Corporation, US)"
12-co-uk0c.mail.protection.outlook.com,1,"AS8075 (MICROSOFT-CORP-MSN-AS-BLOCK - Microsoft Corporation, US)"
acgmetals-com.mail.protection.outlook.com,1,"AS8075 (MICROSOFT-CORP-MSN-AS-BLOCK - Microsoft Corporation, US)"
mail.acetylcholininf.com,1,"AS12586 (ASGHOSTNET, DE)"
dalult3.hostarmada.net,1,"AS63949 (AKAMAI-LINODE-AP Akamai Connected Cloud, SG)"
mail.acetylcholinesmy.com,1,"AS12586 (ASGHOSTNET, DE)"
acgsearch-com.mail.protection.outlook.com,1,"AS8075 (MICROSOFT-CORP-MSN-AS-BLOCK - Microsoft Corporation, US)"
acetylcholinmail.com,1,"AS213702 (QWINS-LTD QWINS AS-SET: ~ # AS213702:AS-CUSTOMERS, GB)"
mail.acetoamail.ru,1,"AS12586 (ASGHOSTNET, DE)"
mail.acetolml.ru,1,"AS12586 (ASGHOSTNET, DE)"
mail.1-obivka-mebeli-vminske.ru,1,"AS44094 (WEBHOST1-AS, RU)"
acipower-com.mail.protection.outlook.com,1,"AS8075 (MICROSOFT-CORP-MSN-AS-BLOCK - Microsoft Corporation, US)"
mail.acidimail.com,1,"AS12586 (ASGHOSTNET, DE)"
acli-com.mail.protection.outlook.com,1,"AS8075 (MICROSOFT-CORP-MSN-AS-BLOCK - Microsoft Corporation, US)"
mx1.mailhop.us,1,"AS16509 (AMAZON-02 - Amazon.com, Inc., US)"
amide.acnatu.com,1,"AS16276 (OVH, FR)"
acne-com.mail.protection.outlook.com,1,"AS8075 (MICROSOFT-CORP-MSN-AS-BLOCK - Microsoft Corporation, US)"
mail.achieva.ru,1,"AS12586 (ASGHOSTNET, DE)"
1010bo-com.mail.protection.outlook.com,1,"AS8075 (MICROSOFT-CORP-MSN-AS-BLOCK - Microsoft Corporation, US)"
mail.achromml.ru,1,"AS12586 (ASGHOSTNET, DE)"
mx.acnonline.com,1,"AS29873 (BIZLAND-SD - Newfold Digital, Inc., US)"
mail.acidimemails.ru,1,"AS12586 (ASGHOSTNET, DE)"
acornautism-com.mail.protection.outlook.com,1,"AS8075 (MICROSOFT-CORP-MSN-AS-BLOCK - Microsoft Corporation, US)"
mail.achromaemail.ru,1,"AS12586 (ASGHOSTNET, DE)"
mail.acidimail.ru,1,"AS12586 (ASGHOSTNET, DE)"
mail.acipensermail.ru,1,"AS12586 (ASGHOSTNET, DE)"
mail.acipensemail.ru,1,"AS12586 (ASGHOSTNET, DE)"
malibuzz.107punto7.com,1,"AS51167 (CONTABO, DE)"
colo1.acrewgame.com,1,"AS14061 (DIGITALOCEAN-ASN - DigitalOcean, LLC, US)"
acllp.com.mx1.fusemail.net,1,"AS16509 (AMAZON-02 - Amazon.com, Inc., US)"
mail.acromimail.com,1,"AS12586 (ASGHOSTNET, DE)"
mail.acromiohli.com,1,"AS12586 (ASGHOSTNET, DE)"
mail.acoustoeml.ru,1,"AS12586 (ASGHOSTNET, DE)"
mail.acromonomail.com,1,"AS12586 (ASGHOSTNET, DE)"
mail.acroparemail.com,1,"AS12586 (ASGHOSTNET, DE)"
acrisure-com.l-v1.mx.microsoft,1,"AS8075 (MICROSOFT-CORP-MSN-AS-BLOCK - Microsoft Corporation, US)"
mail.acronymemi.com,1,"AS12586 (ASGHOSTNET, DE)"
mail.acrofkml.com,1,"AS12586 (ASGHOSTNET, DE)"
mail.acetylcholgh.ru,1,"AS12586 (ASGHOSTNET, DE)"
acquirmail.com,1,"AS213702 (QWINS-LTD QWINS AS-SET: ~ # AS213702:AS-CUSTOMERS, GB)"
mail.acrothoemi.com,1,"AS12586 (ASGHOSTNET, DE)"
acornsbristol.com,1,"AS34931 (AWARESOFT, GB)"
action1-com.mail.protection.outlook.com,1,"AS8075 (MICROSOFT-CORP-MSN-AS-BLOCK - Microsoft Corporation, US)"
mail.acrodermamail.ru,1,"AS12586 (ASGHOSTNET, DE)"
mail.10minutemail.be,1,"AS8075 (MICROSOFT-CORP-MSN-AS-BLOCK - Microsoft Corporation, US)"
_dc-mx.4b51a05ff504.10minutesemail.net,1,"AS24940 (HETZNER-AS, DE)"
mail.activationn.com,1,"AS24940 (HETZNER-AS, DE)"
mail.10minut.xyz,1,"AS31898 (ORACLE-BMC-31898 - Oracle Corporation, US)"
ms1.fishyes.net,1,"AS63949 (AKAMAI-LINODE-AP Akamai Connected Cloud, SG)"
mail.actinfml.com,1,"AS12586 (ASGHOSTNET, DE)"
mail.acroscmail.ru,1,"AS12586 (ASGHOSTNET, DE)"
mx02.mail-redirect.eu,1,"AS24940 (HETZNER-AS, DE)"
mail.actinomofmail.ru,1,"AS12586 (ASGHOSTNET, DE)"
actarus.infos.st,1,"AS16276 (OVH, FR)"
mail.actinometruby.ru,1,"AS12586 (ASGHOSTNET, DE)"
mail.actinoptolml.ru,1,"AS12586 (ASGHOSTNET, DE)"
mail.10minutemail.pl,1,"AS50599 (Autonomous System for Dataspace P.S.A., PL)"
mail.actrses.com,1,"AS47583 (AS-HOSTINGER, CY)"
mail.acucre.com,1,"AS47583 (AS-HOSTINGER, CY)"
mx.b.locaweb.com.br,1,"AS27715 (Locaweb Servicos de Internet SA, BR)"
mail.actimalary.ru,1,"AS12586 (ASGHOSTNET, DE)"
mail.acuntco.com,1,"AS47583 (AS-HOSTINGER, CY)"
mx.111222.pl,1,"AS14061 (DIGITALOCEAN-ASN - DigitalOcean, LLC, US)"
mail.112583.xyz,1,"AS51167 (CONTABO, DE)"
mail.115200.xyz,1,"AS45102 (ALIBABA-CN-NET Alibaba US Technology Co., Ltd., CN)"
mailhost.adacautomotive.com,1,
mail.acuarun.com,1,"AS201446 (PROFESIONALHOSTING, ES)"
mail.10minutenemail.de,1,"AS197540 (NETCUP-AS netcup GmbH, DE)"
mail.absorbenty.pl,1,"AS50840 (AS-HITME, PL)"
mail.adaandbitcoin.com,1,"AS51167 (CONTABO, DE)"
acton-plumber-w3.co.uk,1,"AS42831 (UKSERVERS-AS UK Dedicated Servers, Hosting and Co-Location, GB)"
0v.ro,1,"AS16276 (OVH, FR)"
0u.ro,1,"AS16276 (OVH, FR)"
eff587a20a58ec4f8c55ab6f25eb15.pamx1.hotmail.com,1,"AS8075 (MICROSOFT-CORP-MSN-AS-BLOCK - Microsoft Corporation, US)"
aspmx5.googlemail.com,1,"AS15169 (GOOGLE - Google LLC, US)"
mail.benefit.carolinensielrestaurants.click,1,"AS51167 (CONTABO, DE)"
mx-c.beloffmail.net.ua,1,"AS20473 (AS-VULTR - The Constant Company, LLC, US)"
mail.beneemail.ru,1,"AS12586 (ASGHOSTNET, DE)"
benedicmail.com,1,"AS213702 (QWINS-LTD QWINS AS-SET: ~ # AS213702:AS-CUSTOMERS, GB)"
beo-com.mail.protection.outlook.com,1,"AS8075 (MICROSOFT-CORP-MSN-AS-BLOCK - Microsoft Corporation, US)"
colo3.benshelf.com,1,"AS14061 (DIGITALOCEAN-ASN - DigitalOcean, LLC, US)"
mail.berbekmail.com,1,"AS12586 (ASGHOSTNET, DE)"
mail.berodomoko.be,1,"AS8075 (MICROSOFT-CORP-MSN-AS-BLOCK - Microsoft Corporation, US)"
mail.bergenregional.com,1,"AS210250 (WPX, BG)"
benlianfoundation.com,1,"AS31042 (SERBIA-BROADBAND-AS Serbia BroadBand-Srpske Kablovske mreze d.o.o., RS)"
mail.berycsemail.ru,1,"AS12586 (ASGHOSTNET, DE)"
mail.beonweb.ru,1,
mail.i1f.me,1,"AS14061 (DIGITALOCEAN-ASN - DigitalOcean, LLC, US)"
mail.besplatnye-yuridicheskie-konsultacii.ru,1,"AS50340 (SELECTEL-MSK, RU)"
mx2.best-john-boats.com,1,"AS200107 (KL-EXT, CH)"
mail.best-mail-x.com,1,"AS24940 (HETZNER-AS, DE)"
mx.berwie.com,1,"AS44476 (ZETTA-AS, BG)"
mail.bestkonto.pl,1,"AS16276 (OVH, FR)"
mail.best-things.ru,1,"AS210079 (EUROBYTE, RU)"
bestguns.xyz,1,"AS22612 (NAMECHEAP-NET - Namecheap, Inc., US)"
mx1.besthostever.xyz,1,"AS200107 (KL-EXT, CH)"
mail.best-temp-mail.info,1,"AS35916 (MULTA-ASN1 - MULTACOM CORPORATION, US)"
andromeda.j-webdesigns.com,1,"AS29066 (VELIANET-AS velia.net Internetdienste GmbH, DE)"
dcb4.patternemail.com,1,"AS14061 (DIGITALOCEAN-ASN - DigitalOcean, LLC, US)"
122.51.11.139,1,
mail.bestonlinecasinosincanada.com,1,"AS51248 (HOST-TELECOM, CZ)"
bestforexrobots.uno,1,"AS22612 (NAMECHEAP-NET - Namecheap, Inc., US)"
bestdarkspotcorrector.org,1,"AS24940 (HETZNER-AS, DE)"
mail.bestpornstream.com,1,"AS19871 (NETWORK-SOLUTIONS-HOSTING - Network Solutions, LLC, US)"
mx6.besttopbeat.com,1,
bestreviews-com.mail.protection.outlook.com,1,"AS8075 (MICROSOFT-CORP-MSN-AS-BLOCK - Microsoft Corporation, US)"
mx6.bestvalentinedayideas.com,1,
w0202cd3.kasserver.com,1,"AS34788 (NMM-AS D - 02742 Friedersdorf Hauptstrasse 68, DE)"
mail.bestvashikaran.com,1,"AS46606 (UNIFIEDLAYER-AS-1 - Unified Layer, US)"
smx-2.bestweb.net,1,"AS47071 (CHR-SOLUTIONS - CHR SOLUTIONS INC, US)"
mail.bestmiaminews.com,1,"AS40021 (CONTABO-40021 - Contabo Inc., US)"
mail.beta.edu.pl,1,"AS24940 (HETZNER-AS, DE)"
betget.com,1,"AS24940 (HETZNER-AS, DE)"
mail.betkava.com,1,"AS16276 (OVH, FR)"
bethlehemcenter-org.mail.protection.outlook.com,1,"AS8075 (MICROSOFT-CORP-MSN-AS-BLOCK - Microsoft Corporation, US)"
mail.bestpozitiv.ru,1,
mail1.sitemailserver.com,1,"AS26753 (IN2NET-NETWORK - In2net Network Inc., CA)"
betbet.club,1,"AS14061 (DIGITALOCEAN-ASN - DigitalOcean, LLC, US)"
mail.bettinoleather.com,1,"AS55293 (A2HOSTING - A2 Hosting, Inc., US)"
mail.betmax88.net,1,"AS138915 (KAOPU-HK Kaopu Cloud HK Limited, HK)"
betmoon.net,1,"AS55286 (SERVER-MANIA - B2 Net Solutions Inc., CA)"
smtp-in.bev.net,1,"AS1312 (VA-TECH-AS - Virginia Polytechnic Institute and State Univ., US)"
mail.beverlytx.com,1,"AS47583 (AS-HOSTINGER, CY)"
bettymills-com.mail.protection.outlook.com,1,"AS8075 (MICROSOFT-CORP-MSN-AS-BLOCK - Microsoft Corporation, US)"
bevhattaway.com,1,"AS9009 (M247, RO)"
mail21.lh.pl,1,"AS203417 (LH, PL)"
bfbs-com.mail.protection.outlook.com,1,"AS8075 (MICROSOFT-CORP-MSN-AS-BLOCK - Microsoft Corporation, US)"
mail.betting777.net,1,"AS138915 (KAOPU-HK Kaopu Cloud HK Limited, HK)"
me.bfirstmail.com,1,"AS12586 (ASGHOSTNET, DE)"
mail.bg.extra-breast.info,1,"AS41079 (CF-GDA, PL)"
remote.bgbit.com,1,"AS51855 (NETCOMP, BG)"
bgob-com.mail.protection.outlook.com,1,"AS8075 (MICROSOFT-CORP-MSN-AS-BLOCK - Microsoft Corporation, US)"
mx0a-001d5301.pphosted.com,1,"AS26211 (PROOFPOINT-ASN-US-WEST - Proofpoint, Inc., US)"
mail.nance.com,1,"AS29873 (BIZLAND-SD - Newfold Digital, Inc., US)"
mail.bibie.me,1,"AS16276 (OVH, FR)"
mx6.bidoubidou.com,1,
biberk-com.mail.protection.outlook.com,1,"AS8075 (MICROSOFT-CORP-MSN-AS-BLOCK - Microsoft Corporation, US)"
mail.bicammail.com,1,"AS24940 (HETZNER-AS, DE)"
_dc-mx.1000f7e7a575.bidmay.com,1,"AS213652 (SUNUCUN-CLOUD, TR)"
mail.biblimail.com,1,"AS12586 (ASGHOSTNET, DE)"
mail.bibliogrmail.com,1,"AS12586 (ASGHOSTNET, DE)"
bibliopmail.com,1,"AS213702 (QWINS-LTD QWINS AS-SET: ~ # AS213702:AS-CUSTOMERS, GB)"
smtp.truocloud.com,1,"AS16276 (OVH, FR)"
bibi.biz.st,1,"AS16276 (OVH, FR)"
mail.bibulfmail.ru,1,"AS12586 (ASGHOSTNET, DE)"
mx1.bieliznasklep.net,1,"AS200107 (KL-EXT, CH)"
mail.bicentenebml.ru,1,"AS12586 (ASGHOSTNET, DE)"
mail.bientotmail.com,1,"AS12586 (ASGHOSTNET, DE)"
mail.bibliomail.ru,1,"AS12586 (ASGHOSTNET, DE)"
mail.bibliosalo.ru,1,"AS12586 (ASGHOSTNET, DE)"
mail.biftinex.com,1,"AS214036 (ULTAHOST-AS, US)"
mx1.bighost.bid,1,"AS200107 (KL-EXT, CH)"
mail.biggestresourcelink.info,1,"AS8075 (MICROSOFT-CORP-MSN-AS-BLOCK - Microsoft Corporation, US)"
mail.bigemaiil.com,1,"AS12586 (ASGHOSTNET, DE)"
bifle.fr.nf,1,"AS16276 (OVH, FR)"
mx.bigprofessor.so,1,"AS14061 (DIGITALOCEAN-ASN - DigitalOcean, LLC, US)"
barracuda.bigthumb.com,1,"AS7018 (ATT-INTERNET4 - AT&T Enterprises, LLC, US)"
bigmood.net,1,"AS31477 (DUOCAST-AS, NL)"
bigrocksolutions-com.mail.protection.outlook.com,1,"AS8075 (MICROSOFT-CORP-MSN-AS-BLOCK - Microsoft Corporation, US)"
mail.bigredmail.com,1,"AS24940 (HETZNER-AS, DE)"
mail.bigvietnam.online,1,"AS19318 (IS-AS-1 - Interserver, Inc, US)"
mx6.bikerbrat.com,1,
bigwin333.org,1,"AS22612 (NAMECHEAP-NET - Namecheap, Inc., US)"
bikhamhealthcare-com.mail.protection.outlook.com,1,"AS8075 (MICROSOFT-CORP-MSN-AS-BLOCK - Microsoft Corporation, US)"
mx12.bigmir.net,1,"AS39468 (BIGMIR-INTERNET-AS, UA)"
mx3.pub.mailpod14-cph3.one.com,1,"AS51468 (ONECOM, DK)"
mail.bigso.se,1,"AS3301 (TELIANET-SWEDEN Telia Company, SE)"
billseo.com,1,"AS47583 (AS-HOSTINGER, CY)"
bilderbergmeetings-org.mail.protection.outlook.com,1,"AS8075 (MICROSOFT-CORP-MSN-AS-BLOCK - Microsoft Corporation, US)"
mail.biliterfml.com,1,"AS12586 (ASGHOSTNET, DE)"
mail.billieholidayhubs.click,1,"AS51167 (CONTABO, DE)"
extmail.bigpond.com,1,"AS1221 (ASN-TELSTRA Telstra Limited, AU)"
mail.bimart.com,1,"AS209 (CENTURYLINK-US-LEGACY-QWEST - CenturyLink Communications, LLC, US)"
mail.binaryoption.store,1,"AS22612 (NAMECHEAP-NET - Namecheap, Inc., US)"
mail.bilance.com,1,"AS52030 (SERVERPLAN-AS, IT)"
binaryoptions.monster,1,"AS197540 (NETCUP-AS netcup GmbH, DE)"
mail.bildirio.com,1,"AS24940 (HETZNER-AS, DE)"
route.binefet.com,1,"AS14061 (DIGITALOCEAN-ASN - DigitalOcean, LLC, US)"
binderworld-com01e.mail.protection.outlook.com,1,"AS8075 (MICROSOFT-CORP-MSN-AS-BLOCK - Microsoft Corporation, US)"
mail.binech.com,1,"AS14061 (DIGITALOCEAN-ASN - DigitalOcean, LLC, US)"
binary-clock.pro,1,"AS49467 (EUROTA-ASN EUROTA INTERNET SERVICES LTD, TR)"
mail.bigx.com,1,"AS209561 (DVGLOBALBV, NL)"
mail.binaryoption-navi.info,1,"AS22612 (NAMECHEAP-NET - Namecheap, Inc., US)"
mail.binmail.co,1,"AS53589 (PLANETHOSTER-8 - PlanetHoster, CA)"
mx01.xinno.nl,1,"AS60781 (LEASEWEB-NL-AMS-01 Netherlands, NL)"
binaryoptiontrader.site,1,"AS22612 (NAMECHEAP-NET - Namecheap, Inc., US)"
mail.bine.com,1,"AS8739 (ICDSOFT, BG)"
binaryoptionstrade.monster,1,"AS197540 (NETCUP-AS netcup GmbH, DE)"
mail.binbx.net,1,"AS24940 (HETZNER-AS, DE)"
m.kjfds.com,1,"AS36352 (AS-COLOCROSSING - HostPapa, US)"
mail.biodegrmails.ru,1,"AS12586 (ASGHOSTNET, DE)"
mail.biodynamail.ru,1,"AS12586 (ASGHOSTNET, DE)"
mail.bioelectrli.com,1,"AS12586 (ASGHOSTNET, DE)"
mail.bioelectrof.ru,1,"AS12586 (ASGHOSTNET, DE)"
bioaccumail.com,1,"AS213702 (QWINS-LTD QWINS AS-SET: ~ # AS213702:AS-CUSTOMERS, GB)"
mail.biogeogfml.com,1,"AS12586 (ASGHOSTNET, DE)"
mail.biologybookworld.com,1,"AS201909 (INTELI-TECH-DEVELOPMENT-SRL, RO)"
mail.bioelemail.ru,1,"AS12586 (ASGHOSTNET, DE)"
mail.bioinstrumenmy.com,1,"AS12586 (ASGHOSTNET, DE)"
mail.biomrsmail.ru,1,"AS12586 (ASGHOSTNET, DE)"
mail.biopotsemail.com,1,"AS12586 (ASGHOSTNET, DE)"
mail.bioluminemail.ru,1,"AS12586 (ASGHOSTNET, DE)"
mail.biometmil.ru,1,"AS12586 (ASGHOSTNET, DE)"
mail.bioncore.com,1,"AS25504 (CRONON-AS Obermuensterstr. 9, DE)"
mail.biogeemail.ru,1,"AS12586 (ASGHOSTNET, DE)"
mail.biostatifmail.ru,1,"AS12586 (ASGHOSTNET, DE)"
mail.biotmail.ru,1,"AS12586 (ASGHOSTNET, DE)"
mail.biosysml.ru,1,"AS12586 (ASGHOSTNET, DE)"
mail.bipam.net,1,"AS51167 (CONTABO, DE)"
mail.biphoo.uk,1,"AS40021 (CONTABO-40021 - Contabo Inc., US)"
biosoznanie.ru,1,"AS202422 (GHOST, LU)"
mail.bipdenver.com,1,"AS40021 (CONTABO-40021 - Contabo Inc., US)"
mail.biosysfl.com,1,"AS12586 (ASGHOSTNET, DE)"
mail.biorsmail.ru,1,"AS12586 (ASGHOSTNET, DE)"
mail.bipmessenger.com,1,"AS40021 (CONTABO-40021 - Contabo Inc., US)"
mail.bipbiz.com,1,"AS40021 (CONTABO-40021 - Contabo Inc., US)"
mail.bipamerica.co,1,"AS40021 (CONTABO-40021 - Contabo Inc., US)"
bipartisanpolicy-org.mail.protection.outlook.com,1,"AS8075 (MICROSOFT-CORP-MSN-AS-BLOCK - Microsoft Corporation, US)"
mail.bipamerica.net,1,"AS40021 (CONTABO-40021 - Contabo Inc., US)"
mail.bipamerica.us,1,"AS40021 (CONTABO-40021 - Contabo Inc., US)"
mail.biphouston.com,1,"AS40021 (CONTABO-40021 - Contabo Inc., US)"
mail.bipko.info,1,"AS51167 (CONTABO, DE)"
mail.bipillinois.com,1,"AS40021 (CONTABO-40021 - Contabo Inc., US)"
mail.bipatl.com,1,"AS40021 (CONTABO-40021 - Contabo Inc., US)"
mail.bipcharlotte.com,1,"AS40021 (CONTABO-40021 - Contabo Inc., US)"
mail.bipjobs.com,1,"AS51167 (CONTABO, DE)"
mail.bipamerican.com,1,"AS40021 (CONTABO-40021 - Contabo Inc., US)"
mail.bipmiamifl.com,1,"AS51167 (CONTABO, DE)"
mail.biphoo.ca,1,"AS40021 (CONTABO-40021 - Contabo Inc., US)"
mail.bipbipamerica.com,1,"AS40021 (CONTABO-40021 - Contabo Inc., US)"
mail.bipcolumbus.com,1,"AS40021 (CONTABO-40021 - Contabo Inc., US)"
mail.bipaustin.com,1,"AS40021 (CONTABO-40021 - Contabo Inc., US)"
mail.bipdetroit.com,1,"AS51167 (CONTABO, DE)"
mail.bipprime.net,1,"AS63023 (AS-GLOBALTELEHOST - GTHost, US)"
mail.bip.nyc,1,"AS40021 (CONTABO-40021 - Contabo Inc., US)"
mail.biplosangeles.com,1,"AS40021 (CONTABO-40021 - Contabo Inc., US)"
mail.bipfortworth.com,1,"AS40021 (CONTABO-40021 - Contabo Inc., US)"
mail.biphoo.in,1,"AS40021 (CONTABO-40021 - Contabo Inc., US)"
mail.bipdallas.com,1,"AS40021 (CONTABO-40021 - Contabo Inc., US)"
mail.bipindianalopis.com,1,"AS40021 (CONTABO-40021 - Contabo Inc., US)"
mail.bipmemphis.com,1,"AS51167 (CONTABO, DE)"
mail.bipapartments.com,1,"AS40021 (CONTABO-40021 - Contabo Inc., US)"
bisco-com.mail.protection.outlook.com,1,"AS8075 (MICROSOFT-CORP-MSN-AS-BLOCK - Microsoft Corporation, US)"
mail.bipamerica.com,1,"AS51167 (CONTABO, DE)"
mail.bipluxuryapts.com,1,"AS51167 (CONTABO, DE)"
custommail.hyperoffice.com,1,
mail.bipny.com,1,"AS40021 (CONTABO-40021 - Contabo Inc., US)"
mail.biplasvegas.com,1,"AS51167 (CONTABO, DE)"
mail.bipsanantonio.com,1,"AS51167 (CONTABO, DE)"
mail.gerds.space,1,"AS20473 (AS-VULTR - The Constant Company, LLC, US)"
mail.bipjacksonville.com,1,"AS40021 (CONTABO-40021 - Contabo Inc., US)"
mta.biorezonans-warszawa.com.pl,1,"AS57367 (ECO-ATMAN-PL ECO-ATMAN-, PL)"
mail.bipamerica.info,1,"AS51167 (CONTABO, DE)"
mail.bipko.biz,1,"AS51167 (CONTABO, DE)"
mail.bipprime.com,1,"AS51167 (CONTABO, DE)"
mail.bipmilwaukee.com,1,"AS51167 (CONTABO, DE)"
mx.bissabiss.com,1,"AS14061 (DIGITALOCEAN-ASN - DigitalOcean, LLC, US)"
mail.bipdeals.com,1,"AS51167 (CONTABO, DE)"
mx4.oderland.com,1,"AS44136 (ASODERLAND, SE)"
biso.com,1,"AS22612 (NAMECHEAP-NET - Namecheap, Inc., US)"
mxb-0032ee01.gslb.pphosted.com,1,"AS22843 (PROOFPOINT-ASN-US-EAST - Proofpoint, Inc., US)"
bitfinexe.com,1,"AS52148 (ENIXLTD, GB)"
bitestudios-com.mail.protection.outlook.com,1,"AS8075 (MICROSOFT-CORP-MSN-AS-BLOCK - Microsoft Corporation, US)"
mx1.hc189923.iphmx.com,1,"AS16417 (IRONPORT-SYSTEMS-INC - Cisco Systems Ironport Division, US)"
bitmarte-com.mail.protection.outlook.com,1,"AS8075 (MICROSOFT-CORP-MSN-AS-BLOCK - Microsoft Corporation, US)"
p3plzcpnl506991.prod.phx3.secureserver.net,1,"AS398101 (GO-DADDY-COM-LLC - GoDaddy.com, LLC, US)"
mail.bitqate.com,1,"AS400596 (ELIXIOR-CLOUD - Technologies Elixior, CA)"
mx1.bitlly.xyz,1,"AS200107 (KL-EXT, CH)"
mail.bitsom.com,1,"AS19871 (NETWORK-SOLUTIONS-HOSTING - Network Solutions, LLC, US)"
bito-com.mail.protection.outlook.com,1,"AS8075 (MICROSOFT-CORP-MSN-AS-BLOCK - Microsoft Corporation, US)"
mx.bitsi.com,1,"AS29873 (BIZLAND-SD - Newfold Digital, Inc., US)"
mail.biphoo.eu,1,"AS51167 (CONTABO, DE)"
biti-com.mail.protection.outlook.com,1,"AS8075 (MICROSOFT-CORP-MSN-AS-BLOCK - Microsoft Corporation, US)"
smtp-01.tld.t-online.de,1,"AS3320 (DTAG Internet service provider operations, DE)"
mail.bizhostmail.com,1,"AS14061 (DIGITALOCEAN-ASN - DigitalOcean, LLC, US)"
mx6.bizzinfos.info,1,
mail.bkbcom.com,1,"AS152992 (DATAONLINE-VN ONLINE DATA COMPANY LIMITED, VN)"
biz.st,1,"AS16276 (OVH, FR)"
mail.bitsyo.com,1,"AS48635 (CLDIN-NL Your Hosting B.V. part of Your.Online, NL)"
mail.bizuteriazklasa.pl,1,"AS24940 (HETZNER-AS, DE)"
_dc-mx.3a4d7e6da026.bktmart.com,1,"AS199404 (WHG-IN, GB)"
_dc-mx.3dba39d11062.blackhatninjas.com,1,"AS27323 (SERVERSTADIUM - Wowrack.com, US)"
mail.black1mail.com,1,"AS12586 (ASGHOSTNET, DE)"
mail.blackholeop.com,1,"AS12586 (ASGHOSTNET, DE)"
mail.bjmo.com,1,"AS34941 (CYBERCOM-AS, SE)"
mx2.blackbird.ws,1,"AS200107 (KL-EXT, CH)"
blank-com.mail.protection.outlook.com,1,
mail.blackhat.dad,1,"AS39287 (ABSTRACT, FI)"
mail01.blackinbox.org,1,"AS36351 (SOFTLAYER - IBM Cloud, US)"
mail.blastforward.net,1,"AS21499 (GODADDY-SXB, DE)"
blinkmail.space,1,"AS36352 (AS-COLOCROSSING - HostPapa, US)"
mx.bloc.quebec.cust.a.hostedemail.com,1,"AS15348 (TUCOWS - Tucows.com Co., CA)"
mx1.blinkweb.bid,1,"AS200107 (KL-EXT, CH)"
mx.blockhousecalifornia.com,1,"AS29873 (BIZLAND-SD - Newfold Digital, Inc., US)"
mail.blockgemini.org,1,"AS174 (COGENT-174 - Cogent Communications, LLC, US)"
mx.blog-galaxy.com,1,"AS20473 (AS-VULTR - The Constant Company, LLC, US)"
mx.blockhouseco.com,1,"AS29873 (BIZLAND-SD - Newfold Digital, Inc., US)"
mail.blogging.com,1,
mx.blog4us.eu,1,"AS14061 (DIGITALOCEAN-ASN - DigitalOcean, LLC, US)"
mail.bizwork.top,1,"AS63949 (AKAMAI-LINODE-AP Akamai Connected Cloud, SG)"
_dc-mx.ec6fa29f68da.blogbuildingu.com,1,"AS22612 (NAMECHEAP-NET - Namecheap, Inc., US)"
mx.yourelection.net,1,"AS54290 (HOSTWINDS - Hostwinds LLC., US)"
mail.blogerspace.com,1,"AS44486 (SYNLINQ synlinq.de, DE)"
mx1.blinkweb.top,1,"AS200107 (KL-EXT, CH)"
mail.bloggersxmi.com,1,"AS47583 (AS-HOSTINGER, CY)"
blo.com,1,"AS46652 (SERVERSTACK-ASN - DigitalOcean, LLC, US)"
blocked-drains-bushey.co.uk,1,"AS42831 (UKSERVERS-AS UK Dedicated Servers, Hosting and Co-Location, GB)"
mail.blockchainanddefinews.com,1,"AS51167 (CONTABO, DE)"
mx1.bloggingnow.site,1,"AS200107 (KL-EXT, CH)"
blocquebecois.quebec,1,"AS36666 (GTCOMM - GloboTech Communications, CA)"
blog-net-gr.mail.protection.outlook.com,1,
blogiddaa.xyz,1,"AS24940 (HETZNER-AS, DE)"
mail.blogos.net,1,"AS46606 (UNIFIEDLAYER-AS-1 - Unified Layer, US)"
mx1.bloggingpro.fun,1,"AS200107 (KL-EXT, CH)"
mail.typepad.com,1,"AS16509 (AMAZON-02 - Amazon.com, Inc., US)"
mail.blogosfer.com,1,"AS63949 (AKAMAI-LINODE-AP Akamai Connected Cloud, SG)"
mx1.bloggingpro.info,1,"AS200107 (KL-EXT, CH)"
mail.blogdynamics.com,1,"AS210878 (TREADSTONE-AS, RO)"
blogtron.com,1,"AS12876 (Online SAS, FR)"
mail.blondmail.com,1,"AS16276 (OVH, FR)"
mx1.bloggingnow.info,1,"AS200107 (KL-EXT, CH)"
mail.bloombridals.com,1,"AS24940 (HETZNER-AS, DE)"
m.blouseness.com,1,"AS14061 (DIGITALOCEAN-ASN - DigitalOcean, LLC, US)"
mx1.blogster.info,1,"AS200107 (KL-EXT, CH)"
mail.animenews.cc,1,"AS45102 (ALIBABA-CN-NET Alibaba US Technology Co., Ltd., CN)"
mailhosting.in.rs,1,"AS24940 (HETZNER-AS, DE)"
mail.blueauramassage.com,1,"AS204800 (WHG-SGP, GB)"
mail.animewiki.cc,1,"AS45102 (ALIBABA-CN-NET Alibaba US Technology Co., Ltd., CN)"
bluedream-com-au.mail.protection.outlook.com,1,"AS8075 (MICROSOFT-CORP-MSN-AS-BLOCK - Microsoft Corporation, US)"
blogwebsite.top,1,"AS51167 (CONTABO, DE)"
mail.bloog-24.com,1,"AS16276 (OVH, FR)"
mail.bloumemail.com,1,"AS198825 (VERYCLOUD-SAS, FR)"
mail.bluelawllp.com,1,"AS8075 (MICROSOFT-CORP-MSN-AS-BLOCK - Microsoft Corporation, US)"
mxa-001e9e01.gslb.pphosted.com,1,"AS26211 (PROOFPOINT-ASN-US-WEST - Proofpoint, Inc., US)"
mail0001.blueonder.co.uk,1,"AS24940 (HETZNER-AS, DE)"
bluecyber-com-br.mail.protection.outlook.com,1,"AS8075 (MICROSOFT-CORP-MSN-AS-BLOCK - Microsoft Corporation, US)"
mailstore1.blueportalmail.com,1,"AS14061 (DIGITALOCEAN-ASN - DigitalOcean, LLC, US)"
mx.anhem.com.cust.a.hostedemail.com,1,"AS15348 (TUCOWS - Tucows.com Co., CA)"
mx1.blucd.org,1,"AS24940 (HETZNER-AS, DE)"
mail.animadvemals.ru,1,"AS12586 (ASGHOSTNET, DE)"
www673.your-server.de,1,"AS24940 (HETZNER-AS, DE)"
mxa-0009a802.gslb.pphosted.com,1,"AS22843 (PROOFPOINT-ASN-US-EAST - Proofpoint, Inc., US)"
mail.bluvisio.de,1,"AS203329 (ESHELTER, DE)"
smtp-in.blu.it,1,"AS8660 (MATRIX-AS, IT)"
bmm-com.mail.protection.outlook.com,1,"AS8075 (MICROSOFT-CORP-MSN-AS-BLOCK - Microsoft Corporation, US)"
mxa-0059cf01.gslb.pphosted.com,1,"AS22843 (PROOFPOINT-ASN-US-EAST - Proofpoint, Inc., US)"
bmg-com.mail.protection.outlook.com,1,"AS8075 (MICROSOFT-CORP-MSN-AS-BLOCK - Microsoft Corporation, US)"
bm-o.com,1,"AS131965 (XSERVER Xserver Inc., JP)"
mailroot8.namespro.ca,1,"AS55286 (SERVER-MANIA - B2 Net Solutions Inc., CA)"
bmo5-com.mail.protection.outlook.com,1,"AS8075 (MICROSOFT-CORP-MSN-AS-BLOCK - Microsoft Corporation, US)"
mx1.blacksburg.net,1,"AS7922 (COMCAST-7922 - Comcast Cable Communications, LLC, US)"
bmtmart.com,1,"AS58487 (CRI-AS-AP CV. Rumahweb Indonesia, ID)"
mx1.hc324-48.eu.iphmx.com,1,"AS30238 (AS-IRONP-VEGA - Cisco Systems Ironport Division, US)"
spbox2.bmp.net.id,1,"AS63949 (AKAMAI-LINODE-AP Akamai Connected Cloud, SG)"
mxtls.expurgate.net,1,"AS29014 (SCALEUP, DE)"
bngx-com.mail.protection.outlook.com,1,"AS8075 (MICROSOFT-CORP-MSN-AS-BLOCK - Microsoft Corporation, US)"
bnintl-com.mail.protection.outlook.com,1,"AS8075 (MICROSOFT-CORP-MSN-AS-BLOCK - Microsoft Corporation, US)"
bndtla-com.mail.protection.outlook.com,1,"AS8075 (MICROSOFT-CORP-MSN-AS-BLOCK - Microsoft Corporation, US)"
bnymellonn-com.mail.protection.outlook.com,1,"AS8075 (MICROSOFT-CORP-MSN-AS-BLOCK - Microsoft Corporation, US)"
1-grid-mx04.co.za,1,
mail.boatmail.us,1,"AS47583 (AS-HOSTINGER, CY)"
colo2f4.boardth.com,1,"AS14061 (DIGITALOCEAN-ASN - DigitalOcean, LLC, US)"
_dc-mx.84863473576d.bobkasus.site,1,"AS216071 (VDSINA, AE)"
mail.bnro.com,1,"AS12657 (BAYCIX Benzstr. 13, DE)"
mail.bocilaws.club,1,"AS51167 (CONTABO, DE)"
bobocooler.com,1,"AS28753 (LEASEWEB-DE-FRA-10, DE)"
mxa-001a2001.gslb.pphosted.com,1,"AS22843 (PROOFPOINT-ASN-US-EAST - Proofpoint, Inc., US)"
mx.bodyscrubrecipes.com,1,"AS14061 (DIGITALOCEAN-ASN - DigitalOcean, LLC, US)"
mx1.hostinger.kr,1,"AS13335 (CLOUDFLARENET - Cloudflare, Inc., US)"
mail.boftm.com,1,"AS14061 (DIGITALOCEAN-ASN - DigitalOcean, LLC, US)"
mail.boixi.com,1,"AS14061 (DIGITALOCEAN-ASN - DigitalOcean, LLC, US)"
_dc-mx.f72b326c5e9e.bol188.com,1,"AS54290 (HOSTWINDS - Hostwinds LLC., US)"
mx1.boinkmas.top,1,"AS200107 (KL-EXT, CH)"
mail.bolivianomail.com,1,"AS12586 (ASGHOSTNET, DE)"
mail.mixtmedia.ro,1,"AS51167 (CONTABO, DE)"
bola208.com,1,"AS22612 (NAMECHEAP-NET - Namecheap, Inc., US)"
mail0001.blueyoner.co.uk,1,"AS24940 (HETZNER-AS, DE)"
mail.bonggdalu.site,1,"AS22612 (NAMECHEAP-NET - Namecheap, Inc., US)"
mail.bonia.com,1,"AS55720 (GIGABIT-MY Gigabit Hosting Sdn Bhd, MY)"
bonnellproject.org,1,"AS14061 (DIGITALOCEAN-ASN - DigitalOcean, LLC, US)"
boo-com.mail.protection.outlook.com,1,"AS8075 (MICROSOFT-CORP-MSN-AS-BLOCK - Microsoft Corporation, US)"
mail.bonjourfmail.com,1,"AS12586 (ASGHOSTNET, DE)"
mail.bmomento.com,1,"AS210403 (LWS, FR)"
mail.booka.info,1,"AS50132 (WRG-AS, GB)"
mail.aniross.com,1,"AS14061 (DIGITALOCEAN-ASN - DigitalOcean, LLC, US)"
mail.anisomail.ru,1,"AS12586 (ASGHOSTNET, DE)"
mail.anisomails.ru,1,"AS12586 (ASGHOSTNET, DE)"
mail.anisoceufml.ru,1,"AS12586 (ASGHOSTNET, DE)"
mail.anisochmalis.com,1,"AS12586 (ASGHOSTNET, DE)"
mail.anisossemail.com,1,"AS12586 (ASGHOSTNET, DE)"
anit.ro,1,"AS43927 (HOSTERION, RO)"
bayous.ankarapdr.com,1,"AS16276 (OVH, FR)"
mail.ankylostio.com,1,"AS12586 (ASGHOSTNET, DE)"
mail.bltiwd.com,1,
animail.shop,1,
mail.anidaw.com,1,
mail.ankyloblepmail.ru,1,"AS12586 (ASGHOSTNET, DE)"
mail.bluestonefield.vip,1,"AS214996 (NETCUP, DE)"
anhhungrom47.xyz,1,"AS20068 (HAWKHOST - Hawk Host Inc., CA)"
mail0001.blueyoder.co.uk,1,"AS24940 (HETZNER-AS, DE)"
bookingzagreb.com,1,"AS12417 (DHH-AS, HR)"
mail.boomito.com,1,"AS47583 (AS-HOSTINGER, CY)"
mail.annivefmals.com,1,"AS12586 (ASGHOSTNET, DE)"
booktonlook.com,1,"AS13335 (CLOUDFLARENET - Cloudflare, Inc., US)"
mail.boommail.online,1,"AS40021 (CONTABO-40021 - Contabo Inc., US)"
boomerbenefits-com.mail.protection.outlook.com,1,"AS8075 (MICROSOFT-CORP-MSN-AS-BLOCK - Microsoft Corporation, US)"
bookz.site,1,"AS399250 (NAMEHERO-KCDC - Name Hero, LLC, US)"
mail.nix.to,1,"AS6698 (VIRTUALSYSTEMS, UA)"
mx.bookwhiptrips.com,1,"AS16509 (AMAZON-02 - Amazon.com, Inc., US)"
mail.boostoid.com,1,"AS63949 (AKAMAI-LINODE-AP Akamai Connected Cloud, SG)"
wprod0.leemail.me,1,"AS63949 (AKAMAI-LINODE-AP Akamai Connected Cloud, SG)"
bolatiga.com,1,"AS19318 (IS-AS-1 - Interserver, Inc, US)"
mail.anonpop.com,1,"AS63949 (AKAMAI-LINODE-AP Akamai Connected Cloud, SG)"
mail.anonmails.de,1,"AS8560 (IONOS-AS This is the joint network for IONOS, Fasthosts, Arsys, 1&1 Mail and Media and 1&1 Telecom. Formerly known as 1&1 Internet SE., DE)"
mail.boldtype.ink,1,"AS20473 (AS-VULTR - The Constant Company, LLC, US)"
mail.boldvisionmail.com,1,"AS12586 (ASGHOSTNET, DE)"
mail.anoniem.email,1,"AS206281 (AS-ZXCS, NL)"
smtp.werkhausen.org,1,"AS24940 (HETZNER-AS, DE)"
bluewebdesigns.com,1,"AS40092 (ONIAAS - HostPapa, US)"
mail.anoreml.ru,1,"AS12586 (ASGHOSTNET, DE)"
boneng-us.mail.protection.outlook.com,1,"AS8075 (MICROSOFT-CORP-MSN-AS-BLOCK - Microsoft Corporation, US)"
mail.bormasmail.com,1,"AS12586 (ASGHOSTNET, DE)"
mxa-00253f01.gslb.pphosted.com,1,"AS26211 (PROOFPOINT-ASN-US-WEST - Proofpoint, Inc., US)"
bon-maison.com,1,"AS31898 (ORACLE-BMC-31898 - Oracle Corporation, US)"
mx.anphropic.com,1,"AS34119 (WILDCARD-AS Wildcard UK Limited, GB)"
mail.bonsoirmail.com,1,"AS12586 (ASGHOSTNET, DE)"
mail.antejentme.ru,1,"AS12586 (ASGHOSTNET, DE)"
mail.antepredmail.ru,1,"AS12586 (ASGHOSTNET, DE)"
korient.anterast.com,1,"AS14061 (DIGITALOCEAN-ASN - DigitalOcean, LLC, US)"
mail.answerjo.ru,1,"AS12586 (ASGHOSTNET, DE)"
a935283.mx.mailhop.org,1,"AS16509 (AMAZON-02 - Amazon.com, Inc., US)"
bosca-com.mail.protection.outlook.com,1,"AS8075 (MICROSOFT-CORP-MSN-AS-BLOCK - Microsoft Corporation, US)"
mail.anteemail.ru,1,"AS12586 (ASGHOSTNET, DE)"
mail.antepeml.ru,1,"AS12586 (ASGHOSTNET, DE)"
anthemcom-com.mail.protection.outlook.com,1,"AS8075 (MICROSOFT-CORP-MSN-AS-BLOCK - Microsoft Corporation, US)"
anthems.com,1,"AS63410 (PRIVATESYSTEMS - PrivateSystems Networks, US)"
anthep.com,1,"AS30475 (WEHOSTWEBSITES-COM - Handy Networks, LLC, US)"
anthim-com.mail.protection.outlook.com,1,"AS8075 (MICROSOFT-CORP-MSN-AS-BLOCK - Microsoft Corporation, US)"
anthnydas-com.mail.protection.outlook.com,1,"AS8075 (MICROSOFT-CORP-MSN-AS-BLOCK - Microsoft Corporation, US)"
mail.anthm.com,1,"AS46606 (UNIFIEDLAYER-AS-1 - Unified Layer, US)"
m01.internetmailserver.net,1,"AS14415 (HOSTCOLLECTIVE - Host Collective, Inc., US)"
mail.anthomali.ru,1,"AS12586 (ASGHOSTNET, DE)"
257083856.pamx1.hotmail.com,1,"AS8075 (MICROSOFT-CORP-MSN-AS-BLOCK - Microsoft Corporation, US)"
mx6.anitadarkvideos.net,1,
web1.revivenode.com,1,"AS13627 (AMBYRE - Ambyre LLC, US)"
mail.anthropophfml.com,1,"AS12586 (ASGHOSTNET, DE)"
mail.anthropoemail.ru,1,"AS12586 (ASGHOSTNET, DE)"
mail.anthropocentriruby.ru,1,"AS12586 (ASGHOSTNET, DE)"
mail.anthroposomail.ru,1,"AS12586 (ASGHOSTNET, DE)"
mail.anthropogeic.com,1,"AS12586 (ASGHOSTNET, DE)"
mail.anthropomfmk.com,1,"AS12586 (ASGHOSTNET, DE)"
mail.anthropometfml.ru,1,"AS12586 (ASGHOSTNET, DE)"
mail.anthropocentsemail.com,1,"AS12586 (ASGHOSTNET, DE)"
mail.anthropomomail.com,1,"AS12586 (ASGHOSTNET, DE)"
mail.antiagglme.ru,1,"AS12586 (ASGHOSTNET, DE)"
mail.botryomail.com,1,"AS12586 (ASGHOSTNET, DE)"
mail.antiaphkl.ru,1,"AS12586 (ASGHOSTNET, DE)"
mail.antibassalo.ru,1,"AS12586 (ASGHOSTNET, DE)"
mail.antianaphli.com,1,"AS12586 (ASGHOSTNET, DE)"
mail.bothriocepmil.ru,1,"AS12586 (ASGHOSTNET, DE)"
mx6.bottesuggds.com,1,
mail.anticiml.ru,1,"AS12586 (ASGHOSTNET, DE)"
mail.anticipfmals.com,1,"AS12586 (ASGHOSTNET, DE)"
mail.anticlima.ru,1,"AS12586 (ASGHOSTNET, DE)"
mail.anticormail.com,1,"AS12586 (ASGHOSTNET, DE)"
mail.antibimali.ru,1,"AS12586 (ASGHOSTNET, DE)"
mail.antiferroli.com,1,"AS12586 (ASGHOSTNET, DE)"
anti-ronflement.info,1,"AS50474 (O2SWITCH, FR)"
mail.anticonstitusemail.com,1,"AS12586 (ASGHOSTNET, DE)"
mail.antifrsmail.ru,1,"AS12586 (ASGHOSTNET, DE)"
mail.anticmails.ru,1,"AS12586 (ASGHOSTNET, DE)"
mail.anthropomoemail.ru,1,"AS12586 (ASGHOSTNET, DE)"
antiferromail.com,1,"AS213702 (QWINS-LTD QWINS AS-SET: ~ # AS213702:AS-CUSTOMERS, GB)"
mail.antiketomails.ru,1,"AS12586 (ASGHOSTNET, DE)"
mail.antimonml.ru,1,"AS12586 (ASGHOSTNET, DE)"
mail.anticholimail.ru,1,"AS12586 (ASGHOSTNET, DE)"
mail.boun.cr,1,"AS14061 (DIGITALOCEAN-ASN - DigitalOcean, LLC, US)"
mail.antichrfml.ru,1,"AS12586 (ASGHOSTNET, DE)"
mail.antihemoml.ru,1,"AS12586 (ASGHOSTNET, DE)"
spf0.boukshilf.com,1,"AS14061 (DIGITALOCEAN-ASN - DigitalOcean, LLC, US)"
mail.antimoni.ru,1,"AS12586 (ASGHOSTNET, DE)"
mail.antidotmail.ru,1,"AS12586 (ASGHOSTNET, DE)"
mail.antideemail.ru,1,"AS12586 (ASGHOSTNET, DE)"
mail.antiloemail.ru,1,"AS12586 (ASGHOSTNET, DE)"
mail.antimmail.com,1,"AS12586 (ASGHOSTNET, DE)"
mail.antimamail.ru,1,"AS12586 (ASGHOSTNET, DE)"
mail.antinli.com,1,"AS12586 (ASGHOSTNET, DE)"
mail.bolsosalpormayor.com,1,
mx.freenet.de,1,"AS8648 (ONE-NETWORK, DE)"
mail.antimonarmale.com,1,"AS12586 (ASGHOSTNET, DE)"
mail.bouterk.com,1,"AS12586 (ASGHOSTNET, DE)"
mx.openssl.it,1,"AS197540 (NETCUP-AS netcup GmbH, DE)"
mail.antiseolml.ru,1,"AS12586 (ASGHOSTNET, DE)"
mail.antiscormalis.com,1,"AS12586 (ASGHOSTNET, DE)"
mail.antiprotoufml.ru,1,"AS12586 (ASGHOSTNET, DE)"
mail.antismail.com,1,"AS12586 (ASGHOSTNET, DE)"
mail.antimiml.ru,1,"AS12586 (ASGHOSTNET, DE)"
mail.antirsmail.ru,1,"AS12586 (ASGHOSTNET, DE)"
east-mailqb35c2.bombence.com,1,"AS14061 (DIGITALOCEAN-ASN - DigitalOcean, LLC, US)"
mail.antisialamail.ru,1,"AS12586 (ASGHOSTNET, DE)"
mail.antisialmails.ru,1,"AS12586 (ASGHOSTNET, DE)"
mail.antiscrsmail.ru,1,"AS12586 (ASGHOSTNET, DE)"
mail.antivaml.ru,1,"AS12586 (ASGHOSTNET, DE)"
mail.antityfkml.com,1,"AS12586 (ASGHOSTNET, DE)"
mail.antnem.com,1,"AS211306 (TREADSTONE-AS, RO)"
mail.ano-mail.net,1,"AS24940 (HETZNER-AS, DE)"
mx1.boxa.host,1,"AS200107 (KL-EXT, CH)"
chi.2xs.de,1,"AS3320 (DTAG Internet service provider operations, DE)"
fusion-relay.mxrouting.net,1,
mail.boxformail.in,1,"AS24940 (HETZNER-AS, DE)"
mx1.booktoplady.com,1,"AS200107 (KL-EXT, CH)"
_dc-mx.0e9283c2724e.antthropic.com,1,"AS47583 (AS-HOSTINGER, CY)"
mail.box-email.ru,1,"AS29182 (RU-JSCIOT, RU)"
mail.antonomasmail.com,1,"AS12586 (ASGHOSTNET, DE)"
antovietnam-com.mail.protection.outlook.com,1,"AS8075 (MICROSOFT-CORP-MSN-AS-BLOCK - Microsoft Corporation, US)"
mail.boxmail.store,1,"AS135918 (DVS-AS-VN VIET DIGITAL TECHNOLOGY LIABILITY COMPANY, VN)"
mx1.boxmail.lol,1,"AS200107 (KL-EXT, CH)"
mail.boxnavi.com,1,"AS14061 (DIGITALOCEAN-ASN - DigitalOcean, LLC, US)"
mail.box-mail.ru,1,"AS204997 (FIRSTBYTE-AS, GB)"
mail.opsengine.net,1,"AS16276 (OVH, FR)"
mail.boxtemp.com.br,1,"AS63949 (AKAMAI-LINODE-AP Akamai Connected Cloud, SG)"
mail.anyalias.com,1,"AS8075 (MICROSOFT-CORP-MSN-AS-BLOCK - Microsoft Corporation, US)"
mail.anxietyfmail.com,1,"AS12586 (ASGHOSTNET, DE)"
mail.boykmail.com,1,"AS12586 (ASGHOSTNET, DE)"
mail.boxmus.com,1,"AS55688 (BEON-AS-ID PT. Beon Intermedia, ID)"
asp.anyance.com,1,"AS14061 (DIGITALOCEAN-ASN - DigitalOcean, LLC, US)"
mail.anypsj.com,1,"AS16276 (OVH, FR)"
mail.anypsd.com,1,"AS14061 (DIGITALOCEAN-ASN - DigitalOcean, LLC, US)"
mx.webmo.fr,1,"AS34177 (CELESTE-AS CELESTE - Internet services provider, FR)"
mail.anyeud.com,1,"AS12586 (ASGHOSTNET, DE)"
mail.anythinmail.com,1,"AS12586 (ASGHOSTNET, DE)"
mail.bpham.info,1,"AS25532 (MASTERHOST-AS Moscow, Russia, RU)"
bqhonda.com,1,"AS47583 (AS-HOSTINGER, CY)"
mail.bozev.com,1,"AS132203 (TENCENT-NET-AP-CN Tencent Building, Kejizhongyi Avenue, CN)"
mail.aol.blue,1,"AS15317 (SERVEREL-AS - Serverel Inc., US)"
bqm2dyl.com,1,"AS47583 (AS-HOSTINGER, CY)"
mail.boxppy.ru,1,"AS44094 (WEBHOST1-AS, RU)"
br53dd.com,1,"AS7393 (CYBERCON - CYBERCON, INC., US)"
mx1.bqhost.top,1,"AS200107 (KL-EXT, CH)"
alt3.gmr-smtp-in.l.google.com,1,"AS15169 (GOOGLE - Google LLC, US)"
mail.brachioganmail.ru,1,"AS12586 (ASGHOSTNET, DE)"
mail.brachistocepmails.ru,1,"AS12586 (ASGHOSTNET, DE)"
mail.brachioinf.com,1,"AS12586 (ASGHOSTNET, DE)"
mail.brachydsalo.ru,1,"AS12586 (ASGHOSTNET, DE)"
esysp2.mail.pairserver.com,1,"AS7859 (PAIR-NETWORKS - pair Networks, US)"
mailwall.digionline.de,1,"AS8220 (COLT COLT Technology Services Group Limited, GB)"
brainsworld-com.mail.protection.outlook.com,1,"AS8075 (MICROSOFT-CORP-MSN-AS-BLOCK - Microsoft Corporation, US)"
mail.aonwin.com,1,"AS138915 (KAOPU-HK Kaopu Cloud HK Limited, HK)"
mail.aortoscmail.com,1,"AS12586 (ASGHOSTNET, DE)"
mail.braloon.com,1,"AS47583 (AS-HOSTINGER, CY)"
aonwin.net,1,"AS22612 (NAMECHEAP-NET - Namecheap, Inc., US)"
mx1.brand-app.biz,1,"AS200107 (KL-EXT, CH)"
ap-com.mail.protection.outlook.com,1,"AS8075 (MICROSOFT-CORP-MSN-AS-BLOCK - Microsoft Corporation, US)"
mail.brajer.pl,1,"AS50599 (Autonomous System for Dataspace P.S.A., PL)"
aonwin.org,1,"AS22612 (NAMECHEAP-NET - Namecheap, Inc., US)"
antispam.fr.nf,1,"AS16276 (OVH, FR)"
mail.gw.brainstorm.bg,1,"AS50020 (RACCOM-AS, BG)"
d15380a.ess.barracudanetworks.com,1,"AS16509 (AMAZON-02 - Amazon.com, Inc., US)"
mx6.antisnoringdevicesupdate.com,1,
mail.brasilybelleza.com,1,"AS12876 (Online SAS, FR)"
mail.aphromail.com,1,"AS12586 (ASGHOSTNET, DE)"
braw-com.mail.protection.outlook.com,1,"AS8075 (MICROSOFT-CORP-MSN-AS-BLOCK - Microsoft Corporation, US)"
box-co-uk.mail.protection.outlook.com,1,"AS8075 (MICROSOFT-CORP-MSN-AS-BLOCK - Microsoft Corporation, US)"
mail.apartotels.com,1,"AS64236 (UNREAL-SERVERS - UnReal Servers, LLC, US)"
mx3594.syd1.mymailhosting.com,1,"AS216180 (WHG-AUS, GB)"
melian.pentabarf.de,1,"AS24940 (HETZNER-AS, DE)"
cluster5.us.messagelabs.com,1,"AS396982 (GOOGLE-CLOUD-PLATFORM - Google LLC, US)"
mail.breackmail.com,1,"AS12586 (ASGHOSTNET, DE)"
w2cdkcolo3.breaite.com,1,"AS14061 (DIGITALOCEAN-ASN - DigitalOcean, LLC, US)"
mail.aple.com,1,
mx1.krystal.io,1,"AS12488 (KRYSTAL, GB)"
mx3.friendfinder.com,1,"AS25875 (VARIOUS - FriendFinder Networks Inc, US)"
mail.aplotmail.com,1,"AS12586 (ASGHOSTNET, DE)"
mail.antiversum.de,1,"AS24940 (HETZNER-AS, DE)"
mail.apogeotmail.ru,1,"AS12586 (ASGHOSTNET, DE)"
apmail.org,1,"AS7506 (INTERQ GMO Internet Group, Inc., JP)"
brexiten.com,1,"AS7393 (CYBERCON - CYBERCON, INC., US)"
mx.apoimail.net,1,"AS14061 (DIGITALOCEAN-ASN - DigitalOcean, LLC, US)"
mail.breatheyou.in,1,"AS39287 (ABSTRACT, FI)"
mail.apodeimalu.ru,1,"AS12586 (ASGHOSTNET, DE)"
mail.brevifomil.ru,1,"AS12586 (ASGHOSTNET, DE)"
mail.apomimalu.ru,1,"AS12586 (ASGHOSTNET, DE)"
mail.apophthe.ru,1,"AS12586 (ASGHOSTNET, DE)"
mail.apothegmmail.ru,1,"AS12586 (ASGHOSTNET, DE)"
mail.apothegmfmail.ru,1,"AS12586 (ASGHOSTNET, DE)"
mail.apostv.com,1,"AS14061 (DIGITALOCEAN-ASN - DigitalOcean, LLC, US)"
mxb-0013b701.gslb.pphosted.com,1,"AS26211 (PROOFPOINT-ASN-US-WEST - Proofpoint, Inc., US)"
briarsgolf-com.mail.protection.outlook.com,1,"AS8075 (MICROSOFT-CORP-MSN-AS-BLOCK - Microsoft Corporation, US)"
mail.apomemail.ru,1,"AS16276 (OVH, FR)"
mail.apolemail.ru,1,"AS12586 (ASGHOSTNET, DE)"
mail.apothmals.ru,1,"AS12586 (ASGHOSTNET, DE)"
briefcase-com.mail.protection.outlook.com,1,"AS8075 (MICROSOFT-CORP-MSN-AS-BLOCK - Microsoft Corporation, US)"
brickrodeosteam.org,1,"AS16509 (AMAZON-02 - Amazon.com, Inc., US)"
brightenmail.com,1,"AS47583 (AS-HOSTINGER, CY)"
brighterbay-com.mail.protection.outlook.com,1,"AS8075 (MICROSOFT-CORP-MSN-AS-BLOCK - Microsoft Corporation, US)"
mail.brightfuturemail.com,1,"AS12586 (ASGHOSTNET, DE)"
mail.brightlightmail.com,1,"AS12586 (ASGHOSTNET, DE)"
mail.appc.se,1,"AS14061 (DIGITALOCEAN-ASN - DigitalOcean, LLC, US)"
mail.brightpathassociates.com,1,"AS14061 (DIGITALOCEAN-ASN - DigitalOcean, LLC, US)"
_dc-mx.30d045945563.brillob.com,1,"AS141995 (CAPL-AS-AP Contabo Asia Private Limited, SG)"
mail.appl-e.com,1,
appetizijmail.ru,1,"AS213702 (QWINS-LTD QWINS AS-SET: ~ # AS213702:AS-CUSTOMERS, GB)"
mail.appendicectmail.ru,1,"AS12586 (ASGHOSTNET, DE)"
brite-mail.com,1,"AS20860 (IOMART-AS, GB)"
bpornd.com,1,"AS27589 (MOJOHOST - MOJOHOST, US)"
appic-com.mail.protection.outlook.com,1,"AS8075 (MICROSOFT-CORP-MSN-AS-BLOCK - Microsoft Corporation, US)"
mx1.brinkvideo.win,1,"AS200107 (KL-EXT, CH)"
britbox-com.mail.protection.outlook.com,1,"AS8075 (MICROSOFT-CORP-MSN-AS-BLOCK - Microsoft Corporation, US)"
brite.email,1,"AS20860 (IOMART-AS, GB)"
mailroom4.hostrocket.com,1,"AS23535 (HOSTROCKET - HostRocket.com, Inc., US)"
apple.edu.pl,1,"AS20068 (HAWKHOST - Hawk Host Inc., CA)"
applegift-xyz.mail.protection.outlook.com,1,"AS8075 (MICROSOFT-CORP-MSN-AS-BLOCK - Microsoft Corporation, US)"
arobase-es.pixtel.net,1,"AS31660 (PIXTEL-AS, FR)"
mx.apple7.com,1,"AS58791 (GMOOSK-NET GMO Internet Group, Inc., JP)"
mail.brkngbdmail.com,1,"AS12586 (ASGHOSTNET, DE)"
bro.com,1,"AS54641 (IMH-IAD - InMotion Hosting, Inc., US)"
applek.com,1,"AS7684 (SAKURA-A SAKURA Internet Inc., JP)"
level3mx.brokenion.com,1,"AS14061 (DIGITALOCEAN-ASN - DigitalOcean, LLC, US)"
uws64-182.cafe24.com,1,"AS4766 (KIXS-AS-KR Korea Telecom, KR)"
applex-com.mail.protection.outlook.com,1,"AS8075 (MICROSOFT-CORP-MSN-AS-BLOCK - Microsoft Corporation, US)"
broadnetalliance.org,1,"AS57043 (HOSTKEY-AS, NL)"
d277939a.ess.barracudanetworks.com,1,"AS16509 (AMAZON-02 - Amazon.com, Inc., US)"
appmail.uk,1,"AS7506 (INTERQ GMO Internet Group, Inc., JP)"
applyfordisability-ws.mail.protection.outlook.com,1,"AS8075 (MICROSOFT-CORP-MSN-AS-BLOCK - Microsoft Corporation, US)"
mx1.hc5744-77.iphmx.com,1,"AS16417 (IRONPORT-SYSTEMS-INC - Cisco Systems Ironport Division, US)"
mail.apppe.com,1,"AS396982 (GOOGLE-CLOUD-PLATFORM - Google LLC, US)"
m4.xrea.com,1,"AS58791 (GMOOSK-NET GMO Internet Group, Inc., JP)"
mail.appositmail.com,1,"AS12586 (ASGHOSTNET, DE)"
mail.appreciati.ru,1,"AS12586 (ASGHOSTNET, DE)"
browardworkshop-com.mail.protection.outlook.com,1,"AS8075 (MICROSOFT-CORP-MSN-AS-BLOCK - Microsoft Corporation, US)"
mail.appreciativmfri.com,1,"AS12586 (ASGHOSTNET, DE)"
dnsmx.broothi.com,1,"AS14061 (DIGITALOCEAN-ASN - DigitalOcean, LLC, US)"
mail.appremails.ru,1,"AS12586 (ASGHOSTNET, DE)"
mail.approxima.ru,1,"AS12586 (ASGHOSTNET, DE)"
smtp.gwh.cz,1,"AS48364 (ACVYSKOV-AS, CZ)"
aprice-co.mail.protection.outlook.com,1,
mx6.apranakikitoto.pw,1,
mail.bronix.ru,1,"AS48716 (PSKZ-ALA, KZ)"
mail.appsmail.me,1,"AS14061 (DIGITALOCEAN-ASN - DigitalOcean, LLC, US)"
mx1.hc56-19.eu.iphmx.com,1,"AS30238 (AS-IRONP-VEGA - Cisco Systems Ironport Division, US)"
aprinta-com.mail.protection.outlook.com,1,"AS8075 (MICROSOFT-CORP-MSN-AS-BLOCK - Microsoft Corporation, US)"
colo1.brrval.com,1,"AS14061 (DIGITALOCEAN-ASN - DigitalOcean, LLC, US)"
mail.apps.dj,1,"AS36351 (SOFTLAYER - IBM Cloud, US)"
edge.bruhdanmail.in.ua,1,"AS20473 (AS-VULTR - The Constant Company, LLC, US)"
mail.aprte.com,1,"AS14061 (DIGITALOCEAN-ASN - DigitalOcean, LLC, US)"
apqle.com,1,"AS9371 (SAKURA-C SAKURA Internet Inc., JP)"
mxa-0005a803.gslb.pphosted.com,1,"AS22843 (PROOFPOINT-ASN-US-EAST - Proofpoint, Inc., US)"
smtp.brunosamericangrill.com,1,"AS16276 (OVH, FR)"
mail.bsaloving.com,1,"AS47583 (AS-HOSTINGER, CY)"
apsit.in.tmes.trendmicro.eu,1,"AS16509 (AMAZON-02 - Amazon.com, Inc., US)"
cdn.corpemail.net,1,"AS45102 (ALIBABA-CN-NET Alibaba US Technology Co., Ltd., CN)"
mail.apvsbrasil.com.br,1,"AS8075 (MICROSOFT-CORP-MSN-AS-BLOCK - Microsoft Corporation, US)"
mail.apsis-audit.com,1,"AS16276 (OVH, FR)"
mail.bsget.com,1,"AS16276 (OVH, FR)"
mail3.bsnow.net,1,"AS136787 (PACKETHUBSA-AS-AP PacketHub S.A., PA)"
aquera-com.mail.protection.outlook.com,1,"AS8075 (MICROSOFT-CORP-MSN-AS-BLOCK - Microsoft Corporation, US)"
mx2.bseomail.com,1,"AS200107 (KL-EXT, CH)"
pop3.bstmail.com,1,"AS401696 (COGNETCLOUD - cognetcloud INC, US)"
mail.bruson.ru,1,"AS44094 (WEBHOST1-AS, RU)"
btgroupcloud-mail-onmicrosoft-com.mail.protection.outlook.com,1,"AS8075 (MICROSOFT-CORP-MSN-AS-BLOCK - Microsoft Corporation, US)"
mail.arachmail.com,1,"AS12586 (ASGHOSTNET, DE)"
mail.ararebml.ru,1,"AS12586 (ASGHOSTNET, DE)"
mail.arbumasa.com,1,"AS10834 (Telefonica de Argentina, AR)"
mail.arborimale.com,1,"AS12586 (ASGHOSTNET, DE)"
mail.arcadein.com,1,"AS14061 (DIGITALOCEAN-ASN - DigitalOcean, LLC, US)"
helium.btintermet.com,1,"AS14061 (DIGITALOCEAN-ASN - DigitalOcean, LLC, US)"
mail.arbitrazhnyee-yuristy.ru,1,"AS50340 (SELECTEL-MSK, RU)"
btconnect-com.mail.eo.outlook.com,1,"AS8075 (MICROSOFT-CORP-MSN-AS-BLOCK - Microsoft Corporation, US)"
mail.archaeolli.com,1,"AS12586 (ASGHOSTNET, DE)"
mail.archaeoloruby.ru,1,"AS12586 (ASGHOSTNET, DE)"
mx1.btintinternet.com,1,"AS200107 (KL-EXT, CH)"
mail.archeologmails.ru,1,"AS12586 (ASGHOSTNET, DE)"
mail.archaeolfml.ru,1,"AS12586 (ASGHOSTNET, DE)"
mail.architersmail.ru,1,"AS12586 (ASGHOSTNET, DE)"
mail.archididmalis.com,1,"AS12586 (ASGHOSTNET, DE)"
arcsig.com,1,"AS12876 (Online SAS, FR)"
mx-asp.arcleti.com,1,"AS14061 (DIGITALOCEAN-ASN - DigitalOcean, LLC, US)"
btx.com.1.0001.arsmtp.com,1,"AS53780 (AS-APPRIVER - APPRIVER LLC, US)"
mail.arcompus.net,1,"AS59580 (BATTERFLYAIMEDIA-AS, RU)"
buckeyelegal-com.mail.protection.outlook.com,1,"AS8075 (MICROSOFT-CORP-MSN-AS-BLOCK - Microsoft Corporation, US)"
mail.areometruby.ru,1,"AS12586 (ASGHOSTNET, DE)"
mail01.buchananinbox.com,1,"AS36351 (SOFTLAYER - IBM Cloud, US)"
webmail.aretacollege.com,1,"AS135450 (IDNIC-BSTI-AS-ID PT Berkah Solusi Teknologi Informasi, ID)"
mail.areorsmail.ru,1,"AS12586 (ASGHOSTNET, DE)"
area-thinking.de,1,"AS1299 (TWELVE99 Arelion, fka Telia Carrier, SE)"
mail.argumenils.ru,1,"AS12586 (ASGHOSTNET, DE)"
mail.argumentativethesis.com,1,"AS209605 (HOSTBALTIC, LT)"
mail.arends.com.au,1,"AS133159 (MAMMOTHMEDIA-AS-AP Mammoth Media Pty Ltd, AU)"
host.augmentj.com,1,"AS32244 (LIQUIDWEB - Liquid Web, L.L.C, US)"
mail.buidoicholon.space,1,"AS22612 (NAMECHEAP-NET - Namecheap, Inc., US)"
mail.buffsmail.com,1,"AS12586 (ASGHOSTNET, DE)"
arimaclanka-com.mail.protection.outlook.com,1,"AS8075 (MICROSOFT-CORP-MSN-AS-BLOCK - Microsoft Corporation, US)"
mx.building-bridges.com.cust.a.hostedemail.com,1,
arifmahmud-com.mail.protection.outlook.com,1,"AS8075 (MICROSOFT-CORP-MSN-AS-BLOCK - Microsoft Corporation, US)"
buhori.cloud,1,"AS63949 (AKAMAI-LINODE-AP Akamai Connected Cloud, SG)"
arisecreation-com.mail.protection.outlook.com,1,
a311514.mx.mailhop.org,1,"AS16509 (AMAZON-02 - Amazon.com, Inc., US)"
mx1.bugmenever.com,1,"AS200107 (KL-EXT, CH)"
buerkle-schoeck-de.mail.cloud.nospamproxy.com,1,"AS16509 (AMAZON-02 - Amazon.com, Inc., US)"
mail.arhshtab.ru,1,"AS210079 (EUROBYTE, RU)"
mx1.hostinger.co.uk,1,"AS13335 (CLOUDFLARENET - Cloudflare, Inc., US)"
mail.arimidex.website,1,"AS46606 (UNIFIEDLAYER-AS-1 - Unified Layer, US)"
arisenet-com.mail.protection.outlook.com,1,"AS8075 (MICROSOFT-CORP-MSN-AS-BLOCK - Microsoft Corporation, US)"
mail.aridasarip.ru,1,"AS200487 (OOOVPS-AS, RU)"
mail.arithmmail.ru,1,"AS12586 (ASGHOSTNET, DE)"
mx.mail.hosting-russia.ru,1,"AS202984 (TEAM-HOST AS, RU)"
mail.aristemail.ru,1,"AS12586 (ASGHOSTNET, DE)"
trymonocle-com.mail.protection.outlook.com,1,"AS8075 (MICROSOFT-CORP-MSN-AS-BLOCK - Microsoft Corporation, US)"
mail.arkansasland.us,1,"AS63410 (PRIVATESYSTEMS - PrivateSystems Networks, US)"
ariesqq.com,1,"AS212238 (CDNEXT, GB)"
mx-vip-01.kinghost.net,1,"AS28299 (LWSA SA, BR)"
mail.bulletsmail.com,1,"AS12586 (ASGHOSTNET, DE)"
mail.bultoc.com,1,"AS14061 (DIGITALOCEAN-ASN - DigitalOcean, LLC, US)"
mail.arlingtonwire.com,1,"AS40021 (CONTABO-40021 - Contabo Inc., US)"
tarpit.bumpymail.com,1,
bullsheathleather-com.mail.protection.outlook.com,1,"AS8075 (MICROSOFT-CORP-MSN-AS-BLOCK - Microsoft Corporation, US)"
mail.bulksmsmobilemarketing.com,1,"AS18501 (JOESD-18501 - CyberCloud Professionals LLC, US)"
armada4d.net,1,"AS22612 (NAMECHEAP-NET - Namecheap, Inc., US)"
156939929.pamx1.hotmail.com,1,"AS8075 (MICROSOFT-CORP-MSN-AS-BLOCK - Microsoft Corporation, US)"
bungx-com.mail.protection.outlook.com,1,
mail.arktico.com,1,"AS14061 (DIGITALOCEAN-ASN - DigitalOcean, LLC, US)"
armadimail.com,1,"AS213702 (QWINS-LTD QWINS AS-SET: ~ # AS213702:AS-CUSTOMERS, GB)"
mail.arnazom.com,1,"AS8075 (MICROSOFT-CORP-MSN-AS-BLOCK - Microsoft Corporation, US)"
mail.bune.pw,1,"AS24940 (HETZNER-AS, DE)"
mail.armind.com,1,"AS60781 (LEASEWEB-NL-AMS-01 Netherlands, NL)"
mx1.arobe.com,1,"AS20756 (NAMESHIELD, FR)"
mail.ars-invest.ru,1,"AS9032 (LIDER-RF-DC Moscow, Russia, RU)"
mail.burgermailcomp.com,1,"AS9009 (M247, RO)"
mail.bureaucraemail.ru,1,"AS12586 (ASGHOSTNET, DE)"
bg365securemaillb.bechtle.com,1,"AS8075 (MICROSOFT-CORP-MSN-AS-BLOCK - Microsoft Corporation, US)"
artgen-ai0i.mail.protection.outlook.com,1,"AS8075 (MICROSOFT-CORP-MSN-AS-BLOCK - Microsoft Corporation, US)"
mail.burnermail.io,1,"AS63949 (AKAMAI-LINODE-AP Akamai Connected Cloud, SG)"
mail.armp-rdc.cd,1,"AS210403 (LWS, FR)"
mail.arsenmail.ru,1,"AS12586 (ASGHOSTNET, DE)"
colo3.bushance.com,1,"AS14061 (DIGITALOCEAN-ASN - DigitalOcean, LLC, US)"
inbound-smtp.us-west-2.amazonses.com,1,
mx01.servology.co.uk,1,"AS47227 (SERVOLOGY Charles Briscoe-Smith trading as Servology, GB)"
mail.arterimail.ru,1,"AS12586 (ASGHOSTNET, DE)"
_dc-mx.a8fe081fcf40.businessinboxpro.com,1,"AS18450 (WEBNX - WebNX, Inc., US)"
mail.arterimail.com,1,"AS12586 (ASGHOSTNET, DE)"
mail.businessinfoservicess.com,1,"AS212317 (HETZNER-CLOUD3-AS, DE)"
mail.arteriomail.ru,1,"AS12586 (ASGHOSTNET, DE)"
businessmailsystem.com,1,"AS32244 (LIQUIDWEB - Liquid Web, L.L.C, US)"
businessproja-com.mail.protection.outlook.com,1,"AS8075 (MICROSOFT-CORP-MSN-AS-BLOCK - Microsoft Corporation, US)"
articul8-ai.mail.protection.outlook.com,1,"AS8075 (MICROSOFT-CORP-MSN-AS-BLOCK - Microsoft Corporation, US)"
mx.artificialbelligerence.com,1,"AS29873 (BIZLAND-SD - Newfold Digital, Inc., US)"
mail.artesyn-power.ru,1,"AS35278 (SPRINTHOST, RU)"
mail.artisanbooth.com,1,"AS398101 (GO-DADDY-COM-LLC - GoDaddy.com, LLC, US)"
mail.artifactemi.com,1,"AS12586 (ASGHOSTNET, DE)"
mail.artificiemi.com,1,"AS12586 (ASGHOSTNET, DE)"
mail.artificismail.com,1,"AS12586 (ASGHOSTNET, DE)"
mail.artisemail.com,1,"AS12586 (ASGHOSTNET, DE)"
bak002igozsx7.butcherity.com,1,"AS14061 (DIGITALOCEAN-ASN - DigitalOcean, LLC, US)"
mail.bus-motors.com,1,"AS29182 (RU-JSCIOT, RU)"
mail.artamebel.ru,1,"AS44094 (WEBHOST1-AS, RU)"
_dc-mx.eac220afbfed.artificialintelligence.productions,1,"AS22612 (NAMECHEAP-NET - Namecheap, Inc., US)"
mail.butter9x.com,1,"AS47583 (AS-HOSTINGER, CY)"
mail.busyresourcebroker.info,1,"AS8075 (MICROSOFT-CORP-MSN-AS-BLOCK - Microsoft Corporation, US)"
mxb-0072c901.gslb.pphosted.com,1,"AS52129 (PROOFPOINT-ASN-EU, US)"
mail.arttouchs.com,1,"AS19871 (NETWORK-SOLUTIONS-HOSTING - Network Solutions, LLC, US)"
mxdm-us-east-1.aliyun.com,1,"AS45102 (ALIBABA-CN-NET Alibaba US Technology Co., Ltd., CN)"
mail.imena.ua,1,"AS25393 (MIROHOST, US)"
arumail.com,1,"AS63018 (DEDICATED - Dedicated.com, US)"
buyblindsnow-com.mail.protection.outlook.com,1,"AS8075 (MICROSOFT-CORP-MSN-AS-BLOCK - Microsoft Corporation, US)"
arwana21.net,1,"AS396356 (LATITUDE-SH - Latitude.sh, US)"
mail.arvernenergies.fr,1,"AS203500 (ABEILLE-AS, FR)"
arwana21.org,1,"AS212238 (CDNEXT, GB)"
aspmx.l.google.com.asanatest1.us,1,
mail.artykuly.net.pl,1,"AS50599 (Autonomous System for Dataspace P.S.A., PL)"
mx.buygolfmall.com,1,"AS14061 (DIGITALOCEAN-ASN - DigitalOcean, LLC, US)"
asamail-com.mail.protection.outlook.com,1,"AS8075 (MICROSOFT-CORP-MSN-AS-BLOCK - Microsoft Corporation, US)"
asbeauty-com.mail.protection.outlook.com,1,"AS8075 (MICROSOFT-CORP-MSN-AS-BLOCK - Microsoft Corporation, US)"
mail.ariagate.com,1,"AS212552 (BITCOMMAND, AM)"
buymoreplays.com,1,"AS32475 (SINGLEHOP-LLC - Internap Holding LLC, US)"
buymotors-online.mail.protection.outlook.com,1,"AS8075 (MICROSOFT-CORP-MSN-AS-BLOCK - Microsoft Corporation, US)"
mail.asdasd.nl,1,"AS24940 (HETZNER-AS, DE)"
mail.ascidi.ru,1,"AS12586 (ASGHOSTNET, DE)"
mail.buyteen.com,1,"AS22612 (NAMECHEAP-NET - Namecheap, Inc., US)"
mail.buysrilanka.com,1,"AS53667 (PONYNET - FranTech Solutions, US)"
mail.buy.tj,1,"AS9123 (TIMEWEB-AS, RU)"
mail.asbomsk.ru,1,"AS51659 (ASBAXET, RU)"
domain-hk-1.cuiqiu.net,1,"AS132203 (TENCENT-NET-AP-CN Tencent Building, Kejizhongyi Avenue, CN)"
mail.asdfsdfjrmail.com,1,"AS14061 (DIGITALOCEAN-ASN - DigitalOcean, LLC, US)"
mx.asdfsdfjrmail.net,1,"AS14061 (DIGITALOCEAN-ASN - DigitalOcean, LLC, US)"
mail16.lh.pl,1,"AS203417 (LH, PL)"
mx.asdooeemail.net,1,"AS14061 (DIGITALOCEAN-ASN - DigitalOcean, LLC, US)"
aseq-com.mail.protection.outlook.com,1,"AS8075 (MICROSOFT-CORP-MSN-AS-BLOCK - Microsoft Corporation, US)"
mail.asfdasd.com,1,"AS14061 (DIGITALOCEAN-ASN - DigitalOcean, LLC, US)"
mx2.asdfooff.org,1,"AS200107 (KL-EXT, CH)"
mail.ashiro.biz,1,"AS44486 (SYNLINQ synlinq.de, DE)"
ashishsingla.com,1,"AS40021 (CONTABO-40021 - Contabo Inc., US)"
ashampoo-com.mail.protection.outlook.com,1,"AS8075 (MICROSOFT-CORP-MSN-AS-BLOCK - Microsoft Corporation, US)"
ashford-plumbers.co.uk,1,"AS42831 (UKSERVERS-AS UK Dedicated Servers, Hosting and Co-Location, GB)"
www.armstrongbuildings.com,1,
asiapoker389.net,1,"AS22612 (NAMECHEAP-NET - Namecheap, Inc., US)"
asiapoker389.com,1,"AS22612 (NAMECHEAP-NET - Namecheap, Inc., US)"
askadoctor-help.mail.protection.outlook.com,1,"AS8075 (MICROSOFT-CORP-MSN-AS-BLOCK - Microsoft Corporation, US)"
mail.bvgb.com,1,"AS32097 (WII - WholeSale Internet, Inc., US)"
askanexpertonline-com.mail.protection.outlook.com,1,"AS8075 (MICROSOFT-CORP-MSN-AS-BLOCK - Microsoft Corporation, US)"
mx.poczta.onet.pl,1,"AS12990 (ONET-PL-AS1 Onet.pl portal network, PL)"
mx.askian-mail.com,1,"AS16276 (OVH, FR)"
asktech-support.mail.protection.outlook.com,1,"AS8075 (MICROSOFT-CORP-MSN-AS-BLOCK - Microsoft Corporation, US)"
buyvaltrexonline.store,1,"AS38623 (VIETTELCAMBODIA-AS-AP ISPIXP IN CAMBODIA WITH THE BEST VERVICE IN THERE., KH)"
mail.bwmyga.com,1,"AS24940 (HETZNER-AS, DE)"
boundijji84g.asleepity.com,1,"AS14061 (DIGITALOCEAN-ASN - DigitalOcean, LLC, US)"
askopindo.com,1,"AS137373 (IDNIC-SUITEN-AS-ID PT. SUITEN INOVASI SUKSES, ID)"
asper-ai.mail.protection.outlook.com,1,"AS8075 (MICROSOFT-CORP-MSN-AS-BLOCK - Microsoft Corporation, US)"
mail.asphyxifml.com,1,"AS12586 (ASGHOSTNET, DE)"
mx.wifieye.com,1,"AS7018 (ATT-INTERNET4 - AT&T Enterprises, LLC, US)"
asobe.com,1,"AS9371 (SAKURA-C SAKURA Internet Inc., JP)"
mxa-001d2f02.gslb.pphosted.com,1,"AS26211 (PROOFPOINT-ASN-US-WEST - Proofpoint, Inc., US)"
mail.assensemail.com,1,"AS12586 (ASGHOSTNET, DE)"
mail.assimilatifmail.ru,1,"AS12586 (ASGHOSTNET, DE)"
mail.assimimail.ru,1,"AS12586 (ASGHOSTNET, DE)"
mail.byagu.com,1,"AS14061 (DIGITALOCEAN-ASN - DigitalOcean, LLC, US)"
mail.assist.thewisetransfer.click,1,"AS51167 (CONTABO, DE)"
assurancewireless-com.mail.protection.outlook.com,1,"AS8075 (MICROSOFT-CORP-MSN-AS-BLOCK - Microsoft Corporation, US)"
mail.assistance.carolinensiellive.click,1,"AS51167 (CONTABO, DE)"
assureddentallab-net.mail.protection.outlook.com,1,"AS8075 (MICROSOFT-CORP-MSN-AS-BLOCK - Microsoft Corporation, US)"
astarmax.com,1,"AS20068 (HAWKHOST - Hawk Host Inc., CA)"
astripe.com,1,"AS46606 (UNIFIEDLAYER-AS-1 - Unified Layer, US)"
asso.st,1,"AS16276 (OVH, FR)"
mail.byhbit.com,1,"AS48314 (IP-PROJECTS, DE)"
mail.bytedump.online,1,"AS24940 (HETZNER-AS, DE)"
mail.astromalis.com,1,"AS12586 (ASGHOSTNET, DE)"
mail.astrometeormail.ru,1,"AS12586 (ASGHOSTNET, DE)"
bytesundbeats.de,1,"AS34788 (NMM-AS D - 02742 Friedersdorf Hauptstrasse 68, DE)"
mail.astrophotogmail.ru,1,"AS12586 (ASGHOSTNET, DE)"
mail.byon.in,1,"AS55688 (BEON-AS-ID PT. Beon Intermedia, ID)"
mail.bystrovozvodimye-zdanija-moskva.ru,1,"AS44094 (WEBHOST1-AS, RU)"
mail.asubtlejm.com,1,"AS47583 (AS-HOSTINGER, CY)"
mail.bypass.city,1,"AS30823 (AUROLOGIC aurologic GmbH, DE)"
pmg.master.hostxpress.page,1,"AS16276 (OVH, FR)"
mail.atagelomail.com,1,"AS12586 (ASGHOSTNET, DE)"
mail.atelierdelune.shop,1,"AS203446 (AS203446, GB)"
mx1.atende.pl,1,"AS15694 (ATMAN-ISP-AS ATM S.A., PL)"
atedmail.com,1,"AS213702 (QWINS-LTD QWINS AS-SET: ~ # AS213702:AS-CUSTOMERS, GB)"
c.lovepettoys.shop,1,"AS47583 (AS-HOSTINGER, CY)"
mail.athebe.com,1,"AS55293 (A2HOSTING - A2 Hosting, Inc., US)"
mx.atene.com,1,"AS31034 (ARUBA-ASN, IT)"
mx.easymail.ca,1,"AS16686 (EDNS - easyDNS Technologies, Inc., CA)"
mail.c-cenfirman.com,1,"AS16276 (OVH, FR)"
athener-com.mail.protection.outlook.com,1,"AS8075 (MICROSOFT-CORP-MSN-AS-BLOCK - Microsoft Corporation, US)"
c-bba.top,1,"AS20473 (AS-VULTR - The Constant Company, LLC, US)"
mail.athenr.com,1,"AS46606 (UNIFIEDLAYER-AS-1 - Unified Layer, US)"
atheng-com.mail.protection.outlook.com,1,"AS8075 (MICROSOFT-CORP-MSN-AS-BLOCK - Microsoft Corporation, US)"
mail.c-iti.com,1,"AS209824 (GS, DE)"
atherne.com,1,"AS209341 (WHG-FRA, GB)"
athenex-com.mail.protection.outlook.com,1,"AS8075 (MICROSOFT-CORP-MSN-AS-BLOCK - Microsoft Corporation, US)"
c-eric.fr.nf,1,"AS16276 (OVH, FR)"
mail.funeralone.net,1,"AS16276 (OVH, FR)"
athens-com.mail.protection.outlook.com,1,"AS8075 (MICROSOFT-CORP-MSN-AS-BLOCK - Microsoft Corporation, US)"
mail.atherosclfl.com,1,"AS12586 (ASGHOSTNET, DE)"
mail.atherosclmail.com,1,"AS12586 (ASGHOSTNET, DE)"
mail.athy.com,1,"AS8739 (ICDSOFT, BG)"
mail.atlant.link,1,"AS16276 (OVH, FR)"
mail.ationsmail.com,1,"AS12586 (ASGHOSTNET, DE)"
mx.breezelineohio.net,1,"AS31898 (ORACLE-BMC-31898 - Oracle Corporation, US)"
mail.atlanticyu.com,1,"AS47583 (AS-HOSTINGER, CY)"
mail.ationismmail.com,1,"AS132203 (TENCENT-NET-AP-CN Tencent Building, Kejizhongyi Avenue, CN)"
mail.atlantanewsplus.com,1,"AS51167 (CONTABO, DE)"
mail.atlassean.com,1,"AS394695 (PUBLIC-DOMAIN-REGISTRY - PDR, US)"
c21service.com,1,"AS36351 (SOFTLAYER - IBM Cloud, US)"
mail.ateh.su,1,"AS29182 (RU-JSCIOT, RU)"
mail1.atomicmail.io,1,"AS24940 (HETZNER-AS, DE)"
mx02.atobe.com,1,"AS23808 (TOSHIMA-NET TOSHIMA CABLE NETWORK CO.,LTD, JP)"
mail.atmosphmalis.com,1,"AS12586 (ASGHOSTNET, DE)"
mail.atheneq.com,1,"AS150846 (AXYS-VN Room 1508, 15th Floor, Vincom Center Building, 72 Le Thanh Ton, Ben Nghe Ward, District 1, Ho Chi Minh City, Vietnam, VN)"
cust28976-1.in.mailcontrol.com,1,"AS44444 (FORCEPOINT-CLOUD-AS, GB)"
c3o-ai.mail.protection.outlook.com,1,"AS8075 (MICROSOFT-CORP-MSN-AS-BLOCK - Microsoft Corporation, US)"
mail.atomistifml.com,1,"AS12586 (ASGHOSTNET, DE)"
atmc-net.mx.av-mx.com,1,"AS31898 (ORACLE-BMC-31898 - Oracle Corporation, US)"
mail.atorymail.com,1,"AS12586 (ASGHOSTNET, DE)"
mail.atoptomail.com,1,"AS12586 (ASGHOSTNET, DE)"
mail.atozshop.site,1,"AS31898 (ORACLE-BMC-31898 - Oracle Corporation, US)"
atp-com.mail.protection.outlook.com,1,"AS8075 (MICROSOFT-CORP-MSN-AS-BLOCK - Microsoft Corporation, US)"
aspmx.l.google.com.atrickmail.com,1,
mx0b-00191d01.pphosted.com,1,"AS22843 (PROOFPOINT-ASN-US-EAST - Proofpoint, Inc., US)"
mail.atropinimale.com,1,"AS12586 (ASGHOSTNET, DE)"
mail.c-dominicfrance.com,1,"AS16276 (OVH, FR)"
atsw-de.mail.protection.outlook.com,1,"AS8075 (MICROSOFT-CORP-MSN-AS-BLOCK - Microsoft Corporation, US)"
mx.c63u.com,1,"AS31034 (ARUBA-ASN, IT)"
mail.c7fk799.com,1,"AS47583 (AS-HOSTINGER, CY)"
mail.attjkmail.ru,1,"AS12586 (ASGHOSTNET, DE)"
mail.101domain.com,1,"AS22773 (ASN-CXA-ALL-CCI-22773-RDC - Cox Communications Inc., US)"
mail.audacityorg.de,1,
mail.aubady.com,1,"AS14061 (DIGITALOCEAN-ASN - DigitalOcean, LLC, US)"
mail.audiofu.com,1,"AS24940 (HETZNER-AS, DE)"
mx.attack11.com,1,"AS9371 (SAKURA-C SAKURA Internet Inc., JP)"
mail.audiemail.ru,1,"AS12586 (ASGHOSTNET, DE)"
audleytravel-com.mail.protection.outlook.com,1,"AS8075 (MICROSOFT-CORP-MSN-AS-BLOCK - Microsoft Corporation, US)"
mail.cabalistifml.ru,1,"AS12586 (ASGHOSTNET, DE)"
post.cablegateast.com,1,"AS14061 (DIGITALOCEAN-ASN - DigitalOcean, LLC, US)"
caca69.com,1,"AS396356 (LATITUDE-SH - Latitude.sh, US)"
mail.augmentationtechnology.com,1,"AS40021 (CONTABO-40021 - Contabo Inc., US)"
mxb-00143702.gslb.pphosted.com,1,"AS22843 (PROOFPOINT-ASN-US-EAST - Proofpoint, Inc., US)"
cacciatorelegal-com.mail.protection.outlook.com,1,"AS8075 (MICROSOFT-CORP-MSN-AS-BLOCK - Microsoft Corporation, US)"
mail.auralith.cfd,1,"AS203446 (AS203446, GB)"
mail.caciocaruby.ru,1,"AS12586 (ASGHOSTNET, DE)"
augustarfinancial-com.mail.protection.outlook.com,1,"AS8075 (MICROSOFT-CORP-MSN-AS-BLOCK - Microsoft Corporation, US)"
mail.aumails.ru,1,"AS12586 (ASGHOSTNET, DE)"
cabiste.fr.nf,1,"AS16276 (OVH, FR)"
mail.caesalfml.ru,1,"AS12586 (ASGHOSTNET, DE)"
mail.caesalpiml.ru,1,"AS12586 (ASGHOSTNET, DE)"
mail.aurevoirmail.com,1,"AS12586 (ASGHOSTNET, DE)"
aulaline.com,1,"AS34119 (WILDCARD-AS Wildcard UK Limited, GB)"
a604126.mx.mailhop.org,1,"AS16509 (AMAZON-02 - Amazon.com, Inc., US)"
mail.cafesui.com,1,"AS14061 (DIGITALOCEAN-ASN - DigitalOcean, LLC, US)"
mail.caftee.com,1,"AS14061 (DIGITALOCEAN-ASN - DigitalOcean, LLC, US)"
fortimail.cafe24.com,1,"AS4766 (KIXS-AS-KR Korea Telecom, KR)"
mxb-0022b902.gslb.pphosted.com,1,"AS22843 (PROOFPOINT-ASN-US-EAST - Proofpoint, Inc., US)"
box.netevasion.com,1,"AS12876 (Online SAS, FR)"
mail.austinprimetimes.com,1,"AS40021 (CONTABO-40021 - Contabo Inc., US)"
australianfinefood.com,1,"AS16276 (OVH, FR)"
mail.aurelstyle.ru,1,
_dc-mx.91239548f6e6.austriasocial.com,1,"AS51167 (CONTABO, DE)"
mail.auth.legal,1,"AS14061 (DIGITALOCEAN-ASN - DigitalOcean, LLC, US)"
mail.cajacket.com,1,"AS14061 (DIGITALOCEAN-ASN - DigitalOcean, LLC, US)"
mail.caldrexa.cfd,1,"AS203446 (AS203446, GB)"
_dc-mx.bfce4a5a7598.auth2fa.com,1,"AS24940 (HETZNER-AS, DE)"
mail.autecrsmail.ru,1,"AS12586 (ASGHOSTNET, DE)"
mail.calamitoufkml.com,1,"AS12586 (ASGHOSTNET, DE)"
mail.calciovolbomails.ru,1,"AS12586 (ASGHOSTNET, DE)"
mail.authoritybeast.com,1,"AS40021 (CONTABO-40021 - Contabo Inc., US)"
mail.caleanmail.ru,1,"AS197695 (AS-REG, RU)"
mail.calelectmail.ru,1,"AS12586 (ASGHOSTNET, DE)"
d261192a.ess.barracudanetworks.com,1,"AS16509 (AMAZON-02 - Amazon.com, Inc., US)"
_dc-mx.44fd92515bb0.autobotsoft.net,1,"AS399275 (SOLID - Solid Systems LLC, US)"
mail.autobirsmail.ru,1,"AS12586 (ASGHOSTNET, DE)"
caliburn-us.mail.protection.outlook.com,1,"AS8075 (MICROSOFT-CORP-MSN-AS-BLOCK - Microsoft Corporation, US)"
mail.caligimails.ru,1,"AS12586 (ASGHOSTNET, DE)"
mail.autocatfmk.com,1,"AS12586 (ASGHOSTNET, DE)"
mail.autocatmail.com,1,"AS12586 (ASGHOSTNET, DE)"
mail.autobimalary.ru,1,"AS12586 (ASGHOSTNET, DE)"
calendro.fr.nf,1,"AS16276 (OVH, FR)"
callmemaximillian.kylos.pl,1,"AS203417 (LH, PL)"
mail.camaloon.net,1,"AS24940 (HETZNER-AS, DE)"
calvivahealth-org.mail.protection.outlook.com,1,"AS8075 (MICROSOFT-CORP-MSN-AS-BLOCK - Microsoft Corporation, US)"
calima.asso.st,1,"AS16276 (OVH, FR)"
mail.calumnifml.com,1,"AS12586 (ASGHOSTNET, DE)"
mail.calculator.city,1,"AS31898 (ORACLE-BMC-31898 - Oracle Corporation, US)"
mail.autoeemail.ru,1,"AS12586 (ASGHOSTNET, DE)"
autofix-ae.mail.protection.outlook.com,1,"AS8075 (MICROSOFT-CORP-MSN-AS-BLOCK - Microsoft Corporation, US)"
cam4you.cc,1,"AS51191 (XIRRA, DE)"
mx1c1.camcast.net,1,"AS63949 (AKAMAI-LINODE-AP Akamai Connected Cloud, SG)"
mx1-mailcontrol.conova.com,1,"AS5404 (CONOVA-AS ASN conova communications GmbH, AT)"
mail.autoinocumals.ru,1,"AS12586 (ASGHOSTNET, DE)"
mail.autolithml.ru,1,"AS12586 (ASGHOSTNET, DE)"
mail.autogeneml.ru,1,"AS12586 (ASGHOSTNET, DE)"
mail.autogenrsmail.ru,1,"AS12586 (ASGHOSTNET, DE)"
autolithmail.com,1,"AS213702 (QWINS-LTD QWINS AS-SET: ~ # AS213702:AS-CUSTOMERS, GB)"
autoloans.us,1,"AS20068 (HAWKHOST - Hawk Host Inc., CA)"
mail.autoimmunml.ru,1,"AS12586 (ASGHOSTNET, DE)"
automatedremote-com.mail.protection.outlook.com,1,"AS8075 (MICROSOFT-CORP-MSN-AS-BLOCK - Microsoft Corporation, US)"
mail.autoimmfml.ru,1,"AS12586 (ASGHOSTNET, DE)"
mail.autointoximail.com,1,"AS12586 (ASGHOSTNET, DE)"
mail.caltiger.net.in,1,"AS16509 (AMAZON-02 - Amazon.com, Inc., US)"
mail.automemail.ru,1,"AS12586 (ASGHOSTNET, DE)"
mail.camisetascomohongos.com,1,"AS49635 (CLOUDING, ES)"
campbellnet-ca.mail.protection.outlook.com,1,"AS8075 (MICROSOFT-CORP-MSN-AS-BLOCK - Microsoft Corporation, US)"
mail.automecmity.ru,1,"AS12586 (ASGHOSTNET, DE)"
mail.autoprotectcoverage.com,1,"AS210250 (WPX, BG)"
mail.autoschrsmail.ru,1,"AS12586 (ASGHOSTNET, DE)"
camgirls.de,1,"AS51191 (XIRRA, DE)"
mail.autopages.site,1,"AS198610 (BEGET-AS, RU)"
mail.campus.agp.edu.pl,1,"AS16276 (OVH, FR)"
mail.autosuggmail.com,1,"AS12586 (ASGHOSTNET, DE)"
grupokaufmann.in.tmes.trendmicro.com,1,"AS14618 (AMAZON-AES - Amazon.com, Inc., US)"
loopback.internic.ca,1,
mx.xmission.com,1,"AS6315 (XMISSION - XMission, L.C., US)"
mail.auxille.com,1,"AS14061 (DIGITALOCEAN-ASN - DigitalOcean, LLC, US)"
av.dbbest.net,1,"AS13188 (TRIOLAN, UA)"
mail.autothaumaml.ru,1,"AS12586 (ASGHOSTNET, DE)"
auzure-com.mail.protection.outlook.com,1,"AS8075 (MICROSOFT-CORP-MSN-AS-BLOCK - Microsoft Corporation, US)"
mail.canadianpharmacylist.com,1,"AS209605 (HOSTBALTIC, LT)"
mail.canadiamail.ru,1,"AS12586 (ASGHOSTNET, DE)"
xrspmail.com,1,"AS47583 (AS-HOSTINGER, CY)"
mx1.canadianpharmacyseo.us,1,"AS200107 (KL-EXT, CH)"
mail.avalentra.cfd,1,"AS203446 (AS203446, GB)"
mail.ava-studio.ru,1,"AS210079 (EUROBYTE, RU)"
mail.avangard.ru.com,1,"AS44486 (SYNLINQ synlinq.de, DE)"
mail.avalanche1.com,1,"AS31898 (ORACLE-BMC-31898 - Oracle Corporation, US)"
mail.canalemail.ru,1,"AS12586 (ASGHOSTNET, DE)"
autre.fr.nf,1,"AS16276 (OVH, FR)"
mx.avanafilprime.com,1,"AS14061 (DIGITALOCEAN-ASN - DigitalOcean, LLC, US)"
autorijschoolpoul.com,1,"AS205876 (HOASTED, NL)"
avast-com.mail.protection.outlook.com,1,"AS8075 (MICROSOFT-CORP-MSN-AS-BLOCK - Microsoft Corporation, US)"
mail.candcluton.com,1,"AS7979 (SERVERS-COM - Servers.com, Inc., US)"
_dc-mx.b5483bb4bd27.candymail.app,1,"AS18450 (WEBNX - WebNX, Inc., US)"
mxa-002c5201.gslb.pphosted.com,1,"AS26211 (PROOFPOINT-ASN-US-WEST - Proofpoint, Inc., US)"
avg-com.mail.protection.outlook.com,1,"AS8075 (MICROSOFT-CORP-MSN-AS-BLOCK - Microsoft Corporation, US)"
mail.averon.cc,1,"AS55688 (BEON-AS-ID PT. Beon Intermedia, ID)"
cameraobscuratavira.com,1,"AS33876 (FLESK-AS, PT)"
aver-com.mail.protection.outlook.com,1,"AS8075 (MICROSOFT-CORP-MSN-AS-BLOCK - Microsoft Corporation, US)"
mail.aviro.com,1,"AS63949 (AKAMAI-LINODE-AP Akamai Connected Cloud, SG)"
aviemore-net.mail.protection.outlook.com,1,"AS8075 (MICROSOFT-CORP-MSN-AS-BLOCK - Microsoft Corporation, US)"
mail.cannasemail.com,1,"AS12586 (ASGHOSTNET, DE)"
mail.canonicakl.ru,1,"AS12586 (ASGHOSTNET, DE)"
mail.avitamfl.com,1,"AS12586 (ASGHOSTNET, DE)"
mail.avitamiruby.ru,1,"AS12586 (ASGHOSTNET, DE)"
mx.canvasaffiliate.com,1,"AS9009 (M247, RO)"
mail.candymail.de,1,"AS24940 (HETZNER-AS, DE)"
mx1.avissena.com,1,"AS200107 (KL-EXT, CH)"
mx.caotuanhung.shop,1,"AS20473 (AS-VULTR - The Constant Company, LLC, US)"
avshealth-com.mail.protection.outlook.com,1,"AS8075 (MICROSOFT-CORP-MSN-AS-BLOCK - Microsoft Corporation, US)"
mail.avtolev.com,1,"AS14061 (DIGITALOCEAN-ASN - DigitalOcean, LLC, US)"
mail.avtodublikat.ru,1,"AS14956 (ROUTERHOSTING - RouterHosting LLC, US)"
capitalandco-net.mail.protection.outlook.com,1,"AS8075 (MICROSOFT-CORP-MSN-AS-BLOCK - Microsoft Corporation, US)"
mail.avpai.org,1,"AS44051 (FORNEX-AS, ES)"
mail.avumail.com,1,"AS14061 (DIGITALOCEAN-ASN - DigitalOcean, LLC, US)"
mail.capitalimail.com,1,"AS40021 (CONTABO-40021 - Contabo Inc., US)"
mail.awarejune.com,1,"AS8175 (HIGHSPEEDWEB - High Speed WebGenesis 2 Networks, US)"
awarenessu.com,1,"AS20473 (AS-VULTR - The Constant Company, LLC, US)"
mx0a-001b4103.pphosted.com,1,"AS26211 (PROOFPOINT-ASN-US-WEST - Proofpoint, Inc., US)"
_dc-mx.21003bbced4e.awca.eu,1,"AS12876 (Online SAS, FR)"
awep.net,1,"AS58487 (CRI-AS-AP CV. Rumahweb Indonesia, ID)"
mx1.capitaline.com,1,"AS4755 (TATACOMM-AS TATA Communications formerly VSNL is Leading ISP, IN)"
mail.awnspeeds.com,1,"AS47583 (AS-HOSTINGER, CY)"
capld-org.mail.protection.outlook.com,1,"AS8075 (MICROSOFT-CORP-MSN-AS-BLOCK - Microsoft Corporation, US)"
mx.awesomesaucemail.org,1,"AS24940 (HETZNER-AS, DE)"
mail.capsulomail.com,1,"AS12586 (ASGHOSTNET, DE)"
_dc-mx.661690fac81c.capybaras.site,1,"AS216071 (VDSINA, AE)"
mail.avtoyurist-moskva1.ru,1,"AS44094 (WEBHOST1-AS, RU)"
mail.caprifrsmail.ru,1,"AS12586 (ASGHOSTNET, DE)"
mail.caraff.com,1,"AS20857 (TRANSIP-AS Amsterdam, the Netherlands, NL)"
caramailmx.d3vs.net,1,"AS16276 (OVH, FR)"
mail.carabifmail.ru,1,"AS12586 (ASGHOSTNET, DE)"
mail.caramelisalo.ru,1,"AS12586 (ASGHOSTNET, DE)"
mail.caravemail.ru,1,"AS12586 (ASGHOSTNET, DE)"
mail.caramelizmail.ru,1,"AS12586 (ASGHOSTNET, DE)"
mail.carbohemo.ru,1,"AS12586 (ASGHOSTNET, DE)"
mail.awumail.com,1,"AS14061 (DIGITALOCEAN-ASN - DigitalOcean, LLC, US)"
mail.carbonysemail.com,1,"AS12586 (ASGHOSTNET, DE)"
mail.carcinmail.com,1,"AS12586 (ASGHOSTNET, DE)"
awsome-gadgets.com,1,"AS20278 (NEXEON - Nexeon Technologies, Inc., US)"
mail.carcinosmails.ru,1,"AS12586 (ASGHOSTNET, DE)"
mail.cardmails.ru,1,"AS12586 (ASGHOSTNET, DE)"
mail.awesomeplacesonearth.com,1,"AS16276 (OVH, FR)"
mail.carcinosamails.ru,1,"AS12586 (ASGHOSTNET, DE)"
mail.cardemail.ru,1,"AS12586 (ASGHOSTNET, DE)"
mail.cardimalis.com,1,"AS12586 (ASGHOSTNET, DE)"
mail.cardiemail.ru,1,"AS12586 (ASGHOSTNET, DE)"
mail.cardioce.ru,1,"AS12586 (ASGHOSTNET, DE)"
axenor-co-uk.mail.protection.outlook.com,1,"AS8075 (MICROSOFT-CORP-MSN-AS-BLOCK - Microsoft Corporation, US)"
mail.axiomatml.ru,1,"AS12586 (ASGHOSTNET, DE)"
mail.axkleinfa.com,1,"AS47583 (AS-HOSTINGER, CY)"
mxs.oml.ru,1,"AS60357 (MEGAGROUP-AS, RU)"
mail.care.gettravellersrest.click,1,"AS51167 (CONTABO, DE)"
mail.cardiorsmail.ru,1,"AS12586 (ASGHOSTNET, DE)"
mail.axeprim.eu,1,"AS15967 (NETARTGROUP, PL)"
careplussolutions-com.mail.protection.outlook.com,1,"AS8075 (MICROSOFT-CORP-MSN-AS-BLOCK - Microsoft Corporation, US)"
mail.awatum.de,1,"AS3209 (VODANET International IP-Backbone of Vodafone, DE)"
mail.careline.click,1,"AS51167 (CONTABO, DE)"
mail.carenmiosga.click,1,"AS51167 (CONTABO, DE)"
carmechanic-expert.mail.protection.outlook.com,1,"AS8075 (MICROSOFT-CORP-MSN-AS-BLOCK - Microsoft Corporation, US)"
mx01.dandomain.dk,1,"AS48854 (TEAM-BLUE-DENMARK, DK)"
carinamiranda.org,1,"AS32613 (IWEB-AS - Leaseweb Canada Inc., CA)"
mail.carludfmail.ru,1,"AS12586 (ASGHOSTNET, DE)"
carioca.biz.st,1,"AS16276 (OVH, FR)"
a365677.mx.mailhop.org,1,"AS16509 (AMAZON-02 - Amazon.com, Inc., US)"
mail.ayfoto.com,1,"AS14061 (DIGITALOCEAN-ASN - DigitalOcean, LLC, US)"
mail.card.zp.ua,1,"AS15738 (UAEXPRESS Ukraine, UA)"
mail.carloszbs.ru,1,"AS44094 (WEBHOST1-AS, RU)"
mail.ayimail.com,1,"AS14061 (DIGITALOCEAN-ASN - DigitalOcean, LLC, US)"
mail.ayomail.com,1,"AS16276 (OVH, FR)"
mxa-001ffb01.gslb.pphosted.com,1,"AS22843 (PROOFPOINT-ASN-US-EAST - Proofpoint, Inc., US)"
a189593.mx.mailhop.org,1,"AS16509 (AMAZON-02 - Amazon.com, Inc., US)"
mail.carolinensielwebcam.click,1,"AS51167 (CONTABO, DE)"
mail.carolinensielkarte.click,1,"AS51167 (CONTABO, DE)"
mail.carolinensiellive.click,1,"AS51167 (CONTABO, DE)"
mail.ayqtellsu.com,1,"AS47583 (AS-HOSTINGER, CY)"
mail.carolinensielrestaurants.click,1,"AS51167 (CONTABO, DE)"
mail.carolinensielhafen.click,1,"AS51167 (CONTABO, DE)"
mail.carpometacmail.ru,1,"AS12586 (ASGHOSTNET, DE)"
carrosusadoscostarica.com,1,"AS22612 (NAMECHEAP-NET - Namecheap, Inc., US)"
az.com,1,"AS54641 (IMH-IAD - InMotion Hosting, Inc., US)"
a468836.mx.mailhop.org,1,"AS16509 (AMAZON-02 - Amazon.com, Inc., US)"
ocn-fc-r-01.ocn.ad.jp,1,"AS4713 (OCN NTT DOCOMO BUSINESS,Inc., JP)"
carnesa.biz.st,1,"AS16276 (OVH, FR)"
carsunshade-com.mail.protection.outlook.com,1,"AS8075 (MICROSOFT-CORP-MSN-AS-BLOCK - Microsoft Corporation, US)"
az7re-com.mail.protection.outlook.com,1,"AS8075 (MICROSOFT-CORP-MSN-AS-BLOCK - Microsoft Corporation, US)"
mail.azame.pw,1,"AS44486 (SYNLINQ synlinq.de, DE)"
carver-com.mail.protection.outlook.com,1,"AS8075 (MICROSOFT-CORP-MSN-AS-BLOCK - Microsoft Corporation, US)"
mx1.cartone.fun,1,"AS200107 (KL-EXT, CH)"
mail.caryopfmail.ru,1,"AS12586 (ASGHOSTNET, DE)"
mail.carwow.click,1,"AS51167 (CONTABO, DE)"
azhre-com.mail.protection.outlook.com,1,
mail.caryopsemail.com,1,"AS12586 (ASGHOSTNET, DE)"
mail.azacavesuite.com,1,"AS51557 (TR-ISIMTESCIL-20201202, TR)"
mail.caryophylmale.com,1,"AS12586 (ASGHOSTNET, DE)"
mail.casadmail.com,1,"AS12586 (ASGHOSTNET, DE)"
azentron.com,1,"AS47692 (NESSUS, AT)"
azire-com.mail.protection.outlook.com,1,"AS8075 (MICROSOFT-CORP-MSN-AS-BLOCK - Microsoft Corporation, US)"
azeqsd.fr.nf,1,"AS16276 (OVH, FR)"
azjre-com.mail.protection.outlook.com,1,"AS8075 (MICROSOFT-CORP-MSN-AS-BLOCK - Microsoft Corporation, US)"
cashflow-com.mail.protection.outlook.com,1,"AS8075 (MICROSOFT-CORP-MSN-AS-BLOCK - Microsoft Corporation, US)"
mail.azooma.ru,1,"AS25532 (MASTERHOST-AS Moscow, Russia, RU)"
mail.azqas.com,1,"AS14061 (DIGITALOCEAN-ASN - DigitalOcean, LLC, US)"
axiz.digital,1,"AS37153 (xneelo, ZA)"
aztre-com.mail.protection.outlook.com,1,
mx1.azumail.com,1,"AS62371 (PROTON, CH)"
mail.casinonair.com,1,"AS209605 (HOSTBALTIC, LT)"
casinocanberra-com-au.mail.protection.outlook.com,1,"AS8075 (MICROSOFT-CORP-MSN-AS-BLOCK - Microsoft Corporation, US)"
grupocasinoclub.in.tmes.trendmicro.com,1,"AS14618 (AMAZON-AES - Amazon.com, Inc., US)"
mail.casino.guru,1,"AS51013 (WEBSUPPORT-SRO-SK-AS, SK)"
ac30.capytumbum.online,1,"AS149124 (THANHPHAT-VN WEBPX SOFTWARE COMPANY LIMITED, VN)"
azufre-com.mail.protection.outlook.com,1,"AS8075 (MICROSOFT-CORP-MSN-AS-BLOCK - Microsoft Corporation, US)"
cash128.com,1,"AS212238 (CDNEXT, GB)"
casino-org.mail.protection.outlook.com,1,"AS8075 (MICROSOFT-CORP-MSN-AS-BLOCK - Microsoft Corporation, US)"
casinogm-es.mail.protection.outlook.com,1,"AS8075 (MICROSOFT-CORP-MSN-AS-BLOCK - Microsoft Corporation, US)"
mail.azur3.com,1,"AS18779 (EGIHOSTING - EGIHosting, US)"
casinogranmadrid-es.mail.protection.outlook.com,1,"AS8075 (MICROSOFT-CORP-MSN-AS-BLOCK - Microsoft Corporation, US)"
casinodeparis-fr.mail.protection.outlook.com,1,"AS8075 (MICROSOFT-CORP-MSN-AS-BLOCK - Microsoft Corporation, US)"
casinocosmopol-se.mail.protection.outlook.com,1,"AS8075 (MICROSOFT-CORP-MSN-AS-BLOCK - Microsoft Corporation, US)"
_dc-mx.bc97e9445fed.casinollo.com,1,"AS59939 (WIBO-AS, LT)"
4bf503015dfe70562352127556e1c2cd\@inbound.postmarkapp.com,1,"AS23352 (SERVERCENTRAL - DEFT.COM, US)"
hst3.ncsrv.de,1,"AS24989 (EQUINIX-CONNECT-GERMANY Equinix Germany, DE)"
mail.azirmail.com,1,"AS51167 (CONTABO, DE)"
mailserver.casinofootball.co.uk,1,"AS8560 (IONOS-AS This is the joint network for IONOS, Fasthosts, Arsys, 1&1 Mail and Media and 1&1 Telecom. Formerly known as 1&1 Internet SE., DE)"
cashadvanceqmvt.com,1,"AS16276 (OVH, FR)"
mx.azurer.com,1,
azure9-com.mail.protection.outlook.com,1,"AS8075 (MICROSOFT-CORP-MSN-AS-BLOCK - Microsoft Corporation, US)"
mail.casinocorfu.gr,1,"AS55293 (A2HOSTING - A2 Hosting, Inc., US)"
mail.casinopokergambleing.com,1,"AS13335 (CLOUDFLARENET - Cloudflare, Inc., US)"
azurep-com.mail.protection.outlook.com,1,"AS8075 (MICROSOFT-CORP-MSN-AS-BLOCK - Microsoft Corporation, US)"
azureb-com.mail.protection.outlook.com,1,"AS8075 (MICROSOFT-CORP-MSN-AS-BLOCK - Microsoft Corporation, US)"
casinos-at.mail.protection.outlook.com,1,"AS8075 (MICROSOFT-CORP-MSN-AS-BLOCK - Microsoft Corporation, US)"
mail.azurem.com,1,"AS19871 (NETWORK-SOLUTIONS-HOSTING - Network Solutions, LLC, US)"
mail.casinorodos.gr,1,"AS6799 (OTENET-GR Athens - Greece, GR)"
_dc-mx.fc42122cdc24.cassiawilliamsrealestateagentallentx.com,1,"AS47583 (AS-HOSTINGER, CY)"
azuree.com,1,"AS148993 (DIANAHOSTLTD-AS-AP Diana Host Ltd, BD)"
casinoshaman.com,1,"AS8860 (DELTA-BG-AS, BG)"
casinodavos-ch.mail.protection.outlook.com,1,"AS8075 (MICROSOFT-CORP-MSN-AS-BLOCK - Microsoft Corporation, US)"
casinoflorinas.gr,1,"AS42831 (UKSERVERS-AS UK Dedicated Servers, Hosting and Co-Location, GB)"
mx.azuer.com,1,"AS16371 (ACENS_AS Spain Hosting, housing and VPN services, ES)"
mxa-0014ca01.gslb.pphosted.com,1,"AS22843 (PROOFPOINT-ASN-US-EAST - Proofpoint, Inc., US)"
mx1.fastmail.gr,1,"AS24940 (HETZNER-AS, DE)"
mail.casualdx.com,1,"AS14061 (DIGITALOCEAN-ASN - DigitalOcean, LLC, US)"
mail.caspianfan.ir,1,"AS212216 (NETAFRAZ, IR)"
cloudscan12.ilger.com,1,"AS12874 (FASTWEB, IT)"
mail.azhene.com,1,"AS60976 (POL, IR)"
mail.catachresml.ru,1,"AS12586 (ASGHOSTNET, DE)"
mail.cat.pp.ua,1,"AS24940 (HETZNER-AS, DE)"
mail.casualtyfmail.com,1,"AS12586 (ASGHOSTNET, DE)"
catbar.net,1,"AS7506 (INTERQ GMO Internet Group, Inc., JP)"
mail.catalept.ru,1,"AS12586 (ASGHOSTNET, DE)"
mail.catadiopmail.ru,1,"AS12586 (ASGHOSTNET, DE)"
mail.cataphoretifml.ru,1,"AS12586 (ASGHOSTNET, DE)"
catalystnetwork-info.mail.protection.outlook.com,1,"AS8075 (MICROSOFT-CORP-MSN-AS-BLOCK - Microsoft Corporation, US)"
casinosabordehogar.cl,1,"AS10834 (Telefonica de Argentina, AR)"
mail.caspiantejarat.com,1,"AS42043 (BERTINATECHNOLOGYCOMPANY, IR)"
mail.catdogmail.com,1,"AS12586 (ASGHOSTNET, DE)"
mail.catchall.fr,1,"AS56630 (MELBICOM-EU-AS Melbikomas UAB, LT)"
mail.categsemail.com,1,"AS12586 (ASGHOSTNET, DE)"
d200401a.ess.barracudanetworks.com,1,"AS16509 (AMAZON-02 - Amazon.com, Inc., US)"
casinowin88.org,1,"AS26496 (AS-26496-GO-DADDY-COM-LLC - GoDaddy.com, LLC, US)"
mx6.catnipcat.net,1,
mail.catheterml.ru,1,"AS12586 (ASGHOSTNET, DE)"
cati-com.mail.protection.outlook.com,1,"AS8075 (MICROSOFT-CORP-MSN-AS-BLOCK - Microsoft Corporation, US)"
b.lovepettoys.shop,1,"AS47583 (AS-HOSTINGER, CY)"
catssfood.shop,1,"AS136246 (TOMATTOSTL-AS-AP Tomattos Technologies Ltd., BD)"
cbd-7.com,1,"AS50474 (O2SWITCH, FR)"
mail.b1of96u.com,1,"AS47583 (AS-HOSTINGER, CY)"
mail.cbghot.com,1,
cbbomail.com,1,"AS213702 (QWINS-LTD QWINS AS-SET: ~ # AS213702:AS-CUSTOMERS, GB)"
mail.cbd-8.com,1,"AS50474 (O2SWITCH, FR)"
cbjunkie-com.mail.protection.outlook.com,1,"AS8075 (MICROSOFT-CORP-MSN-AS-BLOCK - Microsoft Corporation, US)"
azyure.com,1,"AS133159 (MAMMOTHMEDIA-AS-AP Mammoth Media Pty Ltd, AU)"
mail.cc.openbillieholiday.click,1,"AS51167 (CONTABO, DE)"
mx-100.reflexion.net,1,
cby-edu-kg.mail.protection.outlook.com,1,"AS8075 (MICROSOFT-CORP-MSN-AS-BLOCK - Microsoft Corporation, US)"
mail.b6vscarmen.com,1,"AS47583 (AS-HOSTINGER, CY)"
mail.cconsistwe.com,1,"AS47583 (AS-HOSTINGER, CY)"
cccc.com,1,"AS133752 (LEASEWEB-APAC-HKG-10 LEASEWEB HONG KONG LIMITED, HK)"
mail.northshore.net,1,"AS174 (COGENT-174 - Cogent Communications, LLC, US)"
cciderry-com.mail.protection.outlook.com,1,"AS8075 (MICROSOFT-CORP-MSN-AS-BLOCK - Microsoft Corporation, US)"
mx1.b5safaria.com,1,"AS200107 (KL-EXT, CH)"
mail.b88i.ink,1,"AS22612 (NAMECHEAP-NET - Namecheap, Inc., US)"
cdc-com.mail.protection.outlook.com,1,"AS8075 (MICROSOFT-CORP-MSN-AS-BLOCK - Microsoft Corporation, US)"
_dc-mx.fe5bde2015d7.cdkey.com,1,"AS20860 (IOMART-AS, GB)"
mail.b7s.ru,1,"AS24940 (HETZNER-AS, DE)"
mail.b9x45v1m.com,1,"AS47583 (AS-HOSTINGER, CY)"
mail.cdpa.cc,1,
cdobe-com.mail.protection.outlook.com,1,
mail.babyfun.fun,1,"AS40021 (CONTABO-40021 - Contabo Inc., US)"
ce-ucf-edu.mail.protection.outlook.com,1,"AS8075 (MICROSOFT-CORP-MSN-AS-BLOCK - Microsoft Corporation, US)"
mxb-00220401.gslb.pphosted.com,1,"AS22843 (PROOFPOINT-ASN-US-EAST - Proofpoint, Inc., US)"
mail.ceberium.com,1,"AS14061 (DIGITALOCEAN-ASN - DigitalOcean, LLC, US)"
ega02.vas-server.cz,1,"AS39392 (SUPERNETWORK _, CZ)"
mail.ce.io,1,"AS63018 (DEDICATED - Dedicated.com, US)"
entrusting.backlinkhorsepower.com,1,"AS16276 (OVH, FR)"
mx1.hostinger.ph,1,"AS13335 (CLOUDFLARENET - Cloudflare, Inc., US)"
modem.ceenaudi.com,1,"AS14061 (DIGITALOCEAN-ASN - DigitalOcean, LLC, US)"
cegna-com.mail.protection.outlook.com,1,"AS8075 (MICROSOFT-CORP-MSN-AS-BLOCK - Microsoft Corporation, US)"
cegetel.fr.nf,1,"AS16276 (OVH, FR)"
mail.bachpanglobal.com,1,"AS199404 (WHG-IN, GB)"
mail.ceex.io,1,"AS47302 (CYON, CH)"
mx.backyardgardenblog.com,1,"AS14061 (DIGITALOCEAN-ASN - DigitalOcean, LLC, US)"
mail.bacteemail.ru,1,"AS12586 (ASGHOSTNET, DE)"
mail.bacterils.ru,1,"AS12586 (ASGHOSTNET, DE)"
mail.bacterifl.com,1,"AS12586 (ASGHOSTNET, DE)"
mail.bacteriotmail.ru,1,"AS12586 (ASGHOSTNET, DE)"
mail.bactfml.com,1,"AS12586 (ASGHOSTNET, DE)"
mail.cellcashr.com,1,"AS22612 (NAMECHEAP-NET - Namecheap, Inc., US)"
mail.bacria.net,1,"AS51167 (CONTABO, DE)"
mail.bacterifmals.com,1,"AS12586 (ASGHOSTNET, DE)"
mail.bactermalis.com,1,"AS12586 (ASGHOSTNET, DE)"
bacria.com,1,"AS51167 (CONTABO, DE)"
mail.altsci.com,1,"AS6939 (HURRICANE - Hurricane Electric LLC, US)"
bacteriomail.com,1,"AS213702 (QWINS-LTD QWINS AS-SET: ~ # AS213702:AS-CUSTOMERS, GB)"
mail.bacteriomail.ru,1,"AS12586 (ASGHOSTNET, DE)"
mail.celestebml.ru,1,"AS12586 (ASGHOSTNET, DE)"
mail.badopsec.lol,1,"AS44486 (SYNLINQ synlinq.de, DE)"
mx01.mxtoolbox.de,1,"AS12897 (ENTEGAMEDIANET ENTEGA Medianet GmbH, DE)"
mail.cengrop.com,1,"AS14061 (DIGITALOCEAN-ASN - DigitalOcean, LLC, US)"
celticwoman-com.mail.protection.outlook.com,1,"AS8075 (MICROSOFT-CORP-MSN-AS-BLOCK - Microsoft Corporation, US)"
mail.cemeteryfmail.com,1,"AS12586 (ASGHOSTNET, DE)"
baebies-com.mail.protection.outlook.com,1,"AS8075 (MICROSOFT-CORP-MSN-AS-BLOCK - Microsoft Corporation, US)"
sv31.byethost31.org,1,"AS34119 (WILDCARD-AS Wildcard UK Limited, GB)"
mail.bagonew.com,1,"AS51167 (CONTABO, DE)"
centeene.com,1,"AS54641 (IMH-IAD - InMotion Hosting, Inc., US)"
mx.centeno.com,1,"AS29873 (BIZLAND-SD - Newfold Digital, Inc., US)"
mail.center-mail.de,1,"AS63949 (AKAMAI-LINODE-AP Akamai Connected Cloud, SG)"
centralrealestate-com01i.mail.protection.outlook.com,1,
mail.bacteroidmail.com,1,"AS207957 (SERVHOST-AS, GB)"
mail.eamarketing.dev,1,"AS22612 (NAMECHEAP-NET - Namecheap, Inc., US)"
ceed-se.mail.protection.outlook.com,1,"AS8075 (MICROSOFT-CORP-MSN-AS-BLOCK - Microsoft Corporation, US)"
localhost.badoo.live,1,
mail.centermail.at,1,"AS33695 (SCALEMATRIX - ScaleMatrix, US)"
mx6.bagscheaps.org,1,
mx.centen.com.cust.hostedemail.com,1,"AS15348 (TUCOWS - Tucows.com Co., CA)"
mail.centesimvegai.ru,1,"AS12586 (ASGHOSTNET, DE)"
mail.centr-fejerverkov28.ru,1,"AS44094 (WEBHOST1-AS, RU)"
centraldasaude.xyz,1,"AS22612 (NAMECHEAP-NET - Namecheap, Inc., US)"
mail.centraldecomunicacion.es,1,"AS16276 (OVH, FR)"
centraltermites.site,1,"AS35916 (MULTA-ASN1 - MULTACOM CORPORATION, US)"
mail.centrodeolhoscampos.com,1,"AS19871 (NETWORK-SOLUTIONS-HOSTING - Network Solutions, LLC, US)"
mx.centurytrl.net,1,"AS26666 (INTERSERVER-LAX - Interserver, Inc, US)"
mx.cenurytel.net,1,"AS19318 (IS-AS-1 - Interserver, Inc, US)"
centrodereclamos.com,1,"AS27823 (Dattatec.com, AR)"
mail.bailbondsdirect.com,1,"AS55293 (A2HOSTING - A2 Hosting, Inc., US)"
mx.centrurytel.net,1,"AS19318 (IS-AS-1 - Interserver, Inc, US)"
mail.cephalothsalo.ru,1,"AS12586 (ASGHOSTNET, DE)"
bahoo.biz.st,1,"AS16276 (OVH, FR)"
ceramictile-outlet.com,1,"AS20068 (HAWKHOST - Hawk Host Inc., CA)"
mail.cephalanfkml.com,1,"AS12586 (ASGHOSTNET, DE)"
mail.cephafml.com,1,"AS12586 (ASGHOSTNET, DE)"
mail.centr-luch.ru,1,"AS44094 (WEBHOST1-AS, RU)"
mail.bagitgorgeous.com,1,
bahtiar.id,1,"AS63949 (AKAMAI-LINODE-AP Akamai Connected Cloud, SG)"
bainbridgere-com.mx1.arsmtp.com,1,"AS53780 (AS-APPRIVER - APPRIVER LLC, US)"
mail.ceremonimail.ru,1,"AS12586 (ASGHOSTNET, DE)"
mail.ceremoio.com,1,"AS12586 (ASGHOSTNET, DE)"
mail.cerrajeroscastellon24horas.com,1,"AS16276 (OVH, FR)"
mail.cerrajerosmadridbaratos.com,1,"AS16276 (OVH, FR)"
mail.central-asia.travel,1,"AS59939 (WIBO-AS, LT)"
mail.casinoreting.com,1,"AS204601 (PODAON, NL)"
mail.cerrajerosmurcia.info,1,"AS16276 (OVH, FR)"
mxa-005c5601.gslb.pphosted.com,1,"AS26211 (PROOFPOINT-ASN-US-WEST - Proofpoint, Inc., US)"
mail.certifiedtgp.com,1,"AS212317 (HETZNER-CLOUD3-AS, DE)"
certexx.fr.nf,1,"AS16276 (OVH, FR)"
mail.cetakexpress.com,1,"AS198610 (BEGET-AS, RU)"
mx-host.dot.tk,1,"AS10439 (CARINET - CariNet, Inc., US)"
mail.cervicoemail.ru,1,"AS12586 (ASGHOSTNET, DE)"
mail.balawo.com,1,"AS14061 (DIGITALOCEAN-ASN - DigitalOcean, LLC, US)"
balconat-com.mail.protection.outlook.com,1,"AS8075 (MICROSOFT-CORP-MSN-AS-BLOCK - Microsoft Corporation, US)"
mail.balanoprsmail.ru,1,"AS12586 (ASGHOSTNET, DE)"
mail.cervicofmail.ru,1,"AS12586 (ASGHOSTNET, DE)"
mx01.ionos.it,1,"AS8560 (IONOS-AS This is the joint network for IONOS, Fasthosts, Arsys, 1&1 Mail and Media and 1&1 Telecom. Formerly known as 1&1 Internet SE., DE)"
mail.cevipsa.com,1,"AS14061 (DIGITALOCEAN-ASN - DigitalOcean, LLC, US)"
cexio-com.mail.protection.outlook.com,1,"AS8075 (MICROSOFT-CORP-MSN-AS-BLOCK - Microsoft Corporation, US)"
mx1.cetpass.com,1,"AS200107 (KL-EXT, CH)"
baltimorechildrensbusinessfair-com.mail.protection.outlook.com,1,
cetinraf.com,1,"AS42846 (GUZELHOSTING GNET INTERNET TELEKOMUNIKASYON A.S., TR)"
mail.gwc.ca,1,"AS14618 (AMAZON-AES - Amazon.com, Inc., US)"
mx.ballysale.com,1,"AS14061 (DIGITALOCEAN-ASN - DigitalOcean, LLC, US)"
mail.cexc.io,1,"AS216071 (VDSINA, AE)"
mail.balm.beachtenenglisch.click,1,"AS51167 (CONTABO, DE)"
mail.cfdlstackf.com,1,"AS47583 (AS-HOSTINGER, CY)"
cez.io,1,"AS42807 (AEROTEK-AS, TR)"
mail.baltimorebusinessdaily.com,1,"AS40021 (CONTABO-40021 - Contabo Inc., US)"
mail.baltimorenewswire.com,1,"AS40021 (CONTABO-40021 - Contabo Inc., US)"
ceti-com.mail.protection.outlook.com,1,"AS8075 (MICROSOFT-CORP-MSN-AS-BLOCK - Microsoft Corporation, US)"
mx1.lcn.com,1,"AS8622 (ISIONUK Team Blue Internet Services UK Ltd, GB)"
mx6.bananashakem.com,1,
_dc-mx.d7e464c7b3d3.bamlife.ru,1,"AS211381 (PODAON, LV)"
bamjamz.com,1,"AS40244 (TURNKEY-INTERNET - Turnkey Internet Inc., US)"
mail.cfo.futbol,1,"AS16276 (OVH, FR)"
cfvingenieria.com,1,"AS23352 (SERVERCENTRAL - DEFT.COM, US)"
cgclaims-com.mail.protection.outlook.com,1,"AS8075 (MICROSOFT-CORP-MSN-AS-BLOCK - Microsoft Corporation, US)"
mail.bananmail.com,1,"AS12586 (ASGHOSTNET, DE)"
mail.cfh.ch,1,"AS21069 (ASN-METANET Routingpeering issues: noc@metanet.ch, CH)"
mail.bangemji.my.id,1,"AS203446 (AS203446, GB)"
bankofamderica.com,1,"AS14315 (1GSERVERS - 1GSERVERS, LLC, US)"
mail.bandamn.ru,1,"AS44094 (WEBHOST1-AS, RU)"
mxa-0000ec01.gslb.pphosted.com,1,"AS26211 (PROOFPOINT-ASN-US-WEST - Proofpoint, Inc., US)"
mxb-0000ec02.gslb.pphosted.com,1,"AS26211 (PROOFPOINT-ASN-US-WEST - Proofpoint, Inc., US)"
mx1.hc4829-81.iphmx.com,1,"AS16417 (IRONPORT-SYSTEMS-INC - Cisco Systems Ironport Division, US)"
_dc-mx.67c80105f652.bankowepromocje.com.pl,1,"AS50599 (Autonomous System for Dataspace P.S.A., PL)"
mxb-0000ec01.gslb.pphosted.com,1,"AS22843 (PROOFPOINT-ASN-US-EAST - Proofpoint, Inc., US)"
mail2.siteamerica.com,1,"AS3561 (CENTURYLINK-LEGACY-SAVVIS - CenturyLink Communications, LLC, US)"
mail.baranmail.com,1,"AS12586 (ASGHOSTNET, DE)"
barooko.com,1,"AS14670 (WHG-USE1, GB)"
mail.barakademin.se,1,"AS214640 (HOSTUP HOSTUP, SE)"
barnyard-com.mail.protection.outlook.com,1,"AS8075 (MICROSOFT-CORP-MSN-AS-BLOCK - Microsoft Corporation, US)"
mail.barocemail.ru,1,"AS12586 (ASGHOSTNET, DE)"
mail.barneu.com,1,"AS14061 (DIGITALOCEAN-ASN - DigitalOcean, LLC, US)"
mail.barothermohygremi.com,1,"AS12586 (ASGHOSTNET, DE)"
mail.banten.me,1,"AS60592 (GRANSY Gransy s.r.o. gransy.com, CZ)"
mail.bankrotstvoufa.ru,1,"AS35278 (SPRINTHOST, RU)"
mail.basidiml.ru,1,"AS12586 (ASGHOSTNET, DE)"
basicdigitalmedia-net.mail.protection.outlook.com,1,"AS8075 (MICROSOFT-CORP-MSN-AS-BLOCK - Microsoft Corporation, US)"
level2mx.basketth.com,1,"AS14061 (DIGITALOCEAN-ASN - DigitalOcean, LLC, US)"
mail.basidiommails.ru,1,"AS12586 (ASGHOSTNET, DE)"
mail.battleperks.com,1,"AS18501 (JOESD-18501 - CyberCloud Professionals LLC, US)"
mxa-00159f01.gslb.pphosted.com,1,"AS22843 (PROOFPOINT-ASN-US-EAST - Proofpoint, Inc., US)"
mail.baskinome.ru,1,"AS51852 (PLI-AS, PA)"
mail.bathukfmk.com,1,"AS12586 (ASGHOSTNET, DE)"
mail.baserelief.ru,1,"AS50340 (SELECTEL-MSK, RU)"
batget.com,1,"AS9371 (SAKURA-C SAKURA Internet Inc., JP)"
mail.batso.com,1,"AS18447 (AFFINITY-INTER - Ntirety, Inc., US)"
_dc-mx.246df1880ddb.bazoocam.co,1,"AS22612 (NAMECHEAP-NET - Namecheap, Inc., US)"
_dc-mx.9b5d377f9c5f.bazienfejar.com,1,"AS46606 (UNIFIEDLAYER-AS-1 - Unified Layer, US)"
mail.baylead.com,1,"AS46606 (UNIFIEDLAYER-AS-1 - Unified Layer, US)"
m.bbcvt.com,1,"AS401696 (COGNETCLOUD - cognetcloud INC, US)"
mail.bayomail.com,1,"AS12586 (ASGHOSTNET, DE)"
mirunasex.sextoys.bar,1,"AS47583 (AS-HOSTINGER, CY)"
mx2.bauchtanzkunst.info,1,"AS20756 (NAMESHIELD, FR)"
mail.bbitj.com,1,"AS14061 (DIGITALOCEAN-ASN - DigitalOcean, LLC, US)"
mail.bbitq.com,1,"AS14061 (DIGITALOCEAN-ASN - DigitalOcean, LLC, US)"
mx0.bbnx.net,1,"AS7018 (ATT-INTERNET4 - AT&T Enterprises, LLC, US)"
bazreno.com,1,"AS31549 (RASANA, IR)"
bbs-com.mail.protection.outlook.com,1,"AS8075 (MICROSOFT-CORP-MSN-AS-BLOCK - Microsoft Corporation, US)"
mail.bbswordiwc.com,1,"AS47583 (AS-HOSTINGER, CY)"
mail.bcarriedxl.com,1,"AS47583 (AS-HOSTINGER, CY)"
tmsevpc.daouoffice.com,1,"AS15169 (GOOGLE - Google LLC, US)"
bboys.fr.nf,1,"AS16276 (OVH, FR)"
d141365a.ess.barracudanetworks.com,1,"AS16509 (AMAZON-02 - Amazon.com, Inc., US)"
bcbsh-com.mail.protection.outlook.com,1,"AS8075 (MICROSOFT-CORP-MSN-AS-BLOCK - Microsoft Corporation, US)"
d214219a.ess.barracudanetworks.com,1,"AS16509 (AMAZON-02 - Amazon.com, Inc., US)"
bcbc-com.mail.protection.outlook.com,1,"AS8075 (MICROSOFT-CORP-MSN-AS-BLOCK - Microsoft Corporation, US)"
bcbst-com.mail.protection.outlook.com,1,"AS8075 (MICROSOFT-CORP-MSN-AS-BLOCK - Microsoft Corporation, US)"
mx2.pub.mailpod14-cph3.one.com,1,"AS51468 (ONECOM, DK)"
bcrs-com.mail.protection.outlook.com,1,
mxa-003f7301.gslb.pphosted.com,1,"AS26211 (PROOFPOINT-ASN-US-WEST - Proofpoint, Inc., US)"
mail.bccplease.com,1,"AS206281 (AS-ZXCS, NL)"
mxa-0019e301.gslb.pphosted.com,1,"AS22843 (PROOFPOINT-ASN-US-EAST - Proofpoint, Inc., US)"
mxb-002d9c01.gslb.pphosted.com,1,"AS22843 (PROOFPOINT-ASN-US-EAST - Proofpoint, Inc., US)"
mail.bcm.edu.pl,1,"AS16276 (OVH, FR)"
bcompiled3.com,1,"AS47583 (AS-HOSTINGER, CY)"
mail1.baltimorecountymd.gov,1,"AS53302 (BALTIMORECOUNTYGOVERNMENT - Baltimore County Government, US)"
bcs-com.mail.protection.outlook.com,1,"AS8075 (MICROSOFT-CORP-MSN-AS-BLOCK - Microsoft Corporation, US)"
bcxpartners-com.mail.protection.outlook.com,1,"AS8075 (MICROSOFT-CORP-MSN-AS-BLOCK - Microsoft Corporation, US)"
bcbsr.com,1,"AS16276 (OVH, FR)"
bbox-com.mail.protection.outlook.com,1,"AS8075 (MICROSOFT-CORP-MSN-AS-BLOCK - Microsoft Corporation, US)"
mx01.cloudzimail.com,1,"AS4755 (TATACOMM-AS TATA Communications formerly VSNL is Leading ISP, IN)"
vaslcsmtp11.cambiahealth.com,1,"AS23496 (CAMBIAHEALTH - Cambia Health Solutions, Inc., US)"
mail.bd.if.ua,1,
_dc-mx.e1c374005988.bdm.ovh,1,"AS24940 (HETZNER-AS, DE)"
mail.bdgstr.com,1,"AS24940 (HETZNER-AS, DE)"
mail.beachflag.click,1,"AS51167 (CONTABO, DE)"
mail.beachhotelzoutelande.click,1,"AS51167 (CONTABO, DE)"
mail.bclds.pl,1,"AS24940 (HETZNER-AS, DE)"
mail.beachboys.click,1,"AS51167 (CONTABO, DE)"
mail.beachtenenglisch.click,1,"AS51167 (CONTABO, DE)"
mail.beachvolleyball.click,1,"AS51167 (CONTABO, DE)"
mail.beastmailer.com,1,"AS24940 (HETZNER-AS, DE)"
_dc-mx.4ba7651ec319.bebas.blog,1,"AS12876 (Online SAS, FR)"
mx1.beddly.com,1,"AS26666 (INTERSERVER-LAX - Interserver, Inc, US)"
beautifulhair.info,1,"AS22611 (INMOTION - InMotion Hosting, Inc., US)"
mail.bedroomsod.com,1,"AS47583 (AS-HOSTINGER, CY)"
beds.com,1,"AS19318 (IS-AS-1 - Interserver, Inc, US)"
mail4.beefmilk.com,1,"AS136787 (PACKETHUBSA-AS-AP PacketHub S.A., PA)"
beemechanical-com.mail.protection.outlook.com,1,"AS8075 (MICROSOFT-CORP-MSN-AS-BLOCK - Microsoft Corporation, US)"
mail.beautytesterin.de,1,"AS24940 (HETZNER-AS, DE)"
mail.bechtac.pomorze.pl,1,"AS24940 (HETZNER-AS, DE)"
mail.befirstmail.xyz,1,"AS20473 (AS-VULTR - The Constant Company, LLC, US)"
befoster-com.mail.protection.outlook.com,1,"AS8075 (MICROSOFT-CORP-MSN-AS-BLOCK - Microsoft Corporation, US)"
e.beganment.com,1,"AS14061 (DIGITALOCEAN-ASN - DigitalOcean, LLC, US)"
beachsuites-com.mail.protection.outlook.com,1,"AS8075 (MICROSOFT-CORP-MSN-AS-BLOCK - Microsoft Corporation, US)"
_dc-mx.06a7d00f9fe9.belamar.pt,1,"AS39444 (OWENTIS-AS, FR)"
mx2.bedmail.top,1,"AS200107 (KL-EXT, CH)"
mail.bekommenmail.com,1,"AS12586 (ASGHOSTNET, DE)"
beliefnet-com.mail.protection.outlook.com,1,"AS8075 (MICROSOFT-CORP-MSN-AS-BLOCK - Microsoft Corporation, US)"
belediyeevleri2noluasm.com,1,"AS208483 (WERIDATA-LLC, US)"
engine01-40032-1.icritical.com,1,"AS16509 (AMAZON-02 - Amazon.com, Inc., US)"
mxmta.bellnet.ca,1,"AS577 (BACOM - Bell Canada, CA)"
beli4d.com,1,"AS59253 (LEASEWEB-APAC-SIN-11 LEASEWEB SINGAPORE PTE. LTD., SG)"
mail.belettersmail.com,1,"AS207957 (SERVHOST-AS, GB)"
mx.becanada-mail.com,1,"AS16276 (OVH, FR)"
mail.dunkos.xyz,1,"AS19318 (IS-AS-1 - Interserver, Inc, US)"
mail.duno.com,1,"AS47583 (AS-HOSTINGER, CY)"
mail.cmailg.com,1,"AS46606 (UNIFIEDLAYER-AS-1 - Unified Layer, US)"
cmirealestate-com.mail.protection.outlook.com,1,"AS8075 (MICROSOFT-CORP-MSN-AS-BLOCK - Microsoft Corporation, US)"
mail.cmail.asia,1,"AS16276 (OVH, FR)"
mail.duodesemail.ru,1,"AS12586 (ASGHOSTNET, DE)"
cmo-com.mail.protection.outlook.com,1,"AS8075 (MICROSOFT-CORP-MSN-AS-BLOCK - Microsoft Corporation, US)"
a196450.mx.mailhop.org,1,"AS16509 (AMAZON-02 - Amazon.com, Inc., US)"
_dc-mx.072dffa3578f.dustbin.one,1,"AS20473 (AS-VULTR - The Constant Company, LLC, US)"
d188650a.ess.barracudanetworks.com,1,"AS16509 (AMAZON-02 - Amazon.com, Inc., US)"
cmail.fr.nf,1,"AS16276 (OVH, FR)"
mx1.mymangomail.com,1,"AS53667 (PONYNET - FranTech Solutions, US)"
mail.durandinterstellar.com,1,"AS29182 (RU-JSCIOT, RU)"
mail.dutiesu0.com,1,"AS47583 (AS-HOSTINGER, CY)"
mail.dupa.pl,1,"AS16276 (OVH, FR)"
srv.smarfred.com,1,"AS44803 (WEBDOCK-AS, DK)"
mail.cnanb.com,1,"AS14061 (DIGITALOCEAN-ASN - DigitalOcean, LLC, US)"
mail.duoden.ru,1,"AS12586 (ASGHOSTNET, DE)"
mailstore.dustinry.com,1,"AS14061 (DIGITALOCEAN-ASN - DigitalOcean, LLC, US)"
_dc-mx.4483654e659c.duta303.org,1,"AS57344 (TELEHOUSE-AS, BG)"
dv7.com,1,"AS32475 (SINGLEHOP-LLC - Internap Holding LLC, US)"
mail.cnieux.com,1,"AS14061 (DIGITALOCEAN-ASN - DigitalOcean, LLC, US)"
mx6.dvdnewshome.com,1,
mail.cmtcenter.org,1,"AS63989 (DE-CORP DE-CORP, TH)"
mail.dvdpit.com,1,"AS14061 (DIGITALOCEAN-ASN - DigitalOcean, LLC, US)"
mail.cnew.ir,1,"AS36351 (SOFTLAYER - IBM Cloud, US)"
mail.coachnutrio.com,1,"AS24940 (HETZNER-AS, DE)"
1926461866.pamx1.hotmail.com,1,"AS8075 (MICROSOFT-CORP-MSN-AS-BLOCK - Microsoft Corporation, US)"
dwgre-com0i.mail.protection.outlook.com,1,"AS8075 (MICROSOFT-CORP-MSN-AS-BLOCK - Microsoft Corporation, US)"
mail.coachtransformationacademy.com,1,"AS31898 (ORACLE-BMC-31898 - Oracle Corporation, US)"
dwfgf.xyz,1,"AS16276 (OVH, FR)"
mail.coalifml.ru,1,"AS12586 (ASGHOSTNET, DE)"
duta303.net,1,"AS31898 (ORACLE-BMC-31898 - Oracle Corporation, US)"
mx2.hc194770.iphmx.com,1,"AS16417 (IRONPORT-SYSTEMS-INC - Cisco Systems Ironport Division, US)"
coastaltechpros-com.mail.protection.outlook.com,1,"AS8075 (MICROSOFT-CORP-MSN-AS-BLOCK - Microsoft Corporation, US)"
mx.serveriai.lt,1,"AS212531 (INTERNETO-VIZIJA, LT)"
mail.coalifi.ru,1,"AS12586 (ASGHOSTNET, DE)"
mail.coagsemail.ru,1,"AS12586 (ASGHOSTNET, DE)"
cobaltservicesinc.com.1.0001.arsmtp.com,1,"AS53780 (AS-APPRIVER - APPRIVER LLC, US)"
mx0.coco-dive.com,1,"AS54290 (HOSTWINDS - Hostwinds LLC., US)"
mx0.cocktailservice-tropical.de,1,"AS34011 (GD-EMEA-DC-CGN1, DE)"
mail.cocoidprzodu.be,1,"AS8075 (MICROSOFT-CORP-MSN-AS-BLOCK - Microsoft Corporation, US)"
mail.spam.observer,1,
mail.cocemail.ru,1,"AS12586 (ASGHOSTNET, DE)"
cobal.infos.st,1,"AS16276 (OVH, FR)"
mail.dz17.net,1,"AS19871 (NETWORK-SOLUTIONS-HOSTING - Network Solutions, LLC, US)"
duylong.name.vn,1,
cocoro.uk,1,"AS7506 (INTERQ GMO Internet Group, Inc., JP)"
mail.codeandconvert.com,1,"AS209767 (SAMTECO, RO)"
_dc-mx.c74d7f0b4bd1.codefree24.de,1,"AS51167 (CONTABO, DE)"
mail.codegraph.cc,1,"AS24940 (HETZNER-AS, DE)"
dzieciswiat.pl,1,"AS12824 (HOMEPL-AS, PL)"
a818907.mx.mailhop.org,1,"AS16509 (AMAZON-02 - Amazon.com, Inc., US)"
_dc-mx.bb71f928b143.codeksa.tk,1,"AS51167 (CONTABO, DE)"
cocobet77.com,1,"AS22612 (NAMECHEAP-NET - Namecheap, Inc., US)"
mail.codestar.site,1,"AS40021 (CONTABO-40021 - Contabo Inc., US)"
dxt-com.mail.protection.outlook.com,1,"AS8075 (MICROSOFT-CORP-MSN-AS-BLOCK - Microsoft Corporation, US)"
e-mail.com,1,"AS7018 (ATT-INTERNET4 - AT&T Enterprises, LLC, US)"
mail.codem.site,1,"AS27823 (Dattatec.com, AR)"
filter10.antispamcloud.com,1,"AS16633 (I-3 - N-able Technologies, Inc., US)"
mx1.dznf.net,1,"AS200107 (KL-EXT, CH)"
kddi146.e-mail.jp,1,"AS2516 (KDDI KDDI CORPORATION, JP)"
inbound-reply.s1.exacttarget.com,1,"AS14340 (SALESFORCE - Salesforce.com, Inc., US)"
e.lovepettoys.shop,1,"AS47583 (AS-HOSTINGER, CY)"
codz.site,1,"AS16276 (OVH, FR)"
mail.e-mail.cafe,1,"AS16276 (OVH, FR)"
mail.coenoboli.ru,1,"AS12586 (ASGHOSTNET, DE)"
bak001.coffeeity.com,1,"AS14061 (DIGITALOCEAN-ASN - DigitalOcean, LLC, US)"
mx.cogeco.ca,1,"AS31898 (ORACLE-BMC-31898 - Oracle Corporation, US)"
mail.coffeescerini.com,1,"AS36352 (AS-COLOCROSSING - HostPapa, US)"
smtp-hc04.infoselfcloud.com,1,"AS51621 (INFOSELF, ES)"
mail.cohdi.com,1,"AS14061 (DIGITALOCEAN-ASN - DigitalOcean, LLC, US)"
duyfkentrading-com.mail.protection.outlook.com,1,"AS8075 (MICROSOFT-CORP-MSN-AS-BLOCK - Microsoft Corporation, US)"
mail.cognoscie.com,1,"AS12586 (ASGHOSTNET, DE)"
coibex-com.mail.protection.outlook.com,1,"AS8075 (MICROSOFT-CORP-MSN-AS-BLOCK - Microsoft Corporation, US)"
mail.coeducati.ru,1,"AS12586 (ASGHOSTNET, DE)"
mail.cogitabmail.ru,1,"AS12586 (ASGHOSTNET, DE)"
e2estudios-com.mail.protection.outlook.com,1,"AS8075 (MICROSOFT-CORP-MSN-AS-BLOCK - Microsoft Corporation, US)"
mail.e-windykacje.pl,1,"AS50599 (Autonomous System for Dataspace P.S.A., PL)"
mail.e-position.pl,1,"AS50599 (Autonomous System for Dataspace P.S.A., PL)"
mail.e4ivstampk.com,1,"AS47583 (AS-HOSTINGER, CY)"
mailforward71.cloudns.net,1,"AS7203 (LEASEWEB-USA-SFO - Leaseweb USA, Inc., US)"
mail.coinec.com,1,"AS46606 (UNIFIEDLAYER-AS-1 - Unified Layer, US)"
coinix.com,1,"AS36351 (SOFTLAYER - IBM Cloud, US)"
coinbasec.com,1,"AS63410 (PRIVATESYSTEMS - PrivateSystems Networks, US)"
mx.coingx.com,1,"AS24940 (HETZNER-AS, DE)"
mail.e52.ru,1,"AS197695 (AS-REG, RU)"
mail.coinxt.net,1,"AS14061 (DIGITALOCEAN-ASN - DigitalOcean, LLC, US)"
coinx-com.mail.protection.outlook.com,1,"AS8075 (MICROSOFT-CORP-MSN-AS-BLOCK - Microsoft Corporation, US)"
mail.e90.biz,1,"AS41079 (CF-GDA, PL)"
mail.eachera.com,1,"AS16276 (OVH, FR)"
mail.e88i.fit,1,"AS22612 (NAMECHEAP-NET - Namecheap, Inc., US)"
filter.upwardmail.net,1,"AS398146 (EMYPEOPLE - eMyPeople LLC, US)"
smtp.cokling.com,1,"AS14061 (DIGITALOCEAN-ASN - DigitalOcean, LLC, US)"
e6wa.com,1,"AS24940 (HETZNER-AS, DE)"
mx.colaik.com,1,"AS26666 (INTERSERVER-LAX - Interserver, Inc, US)"
mail.eamsurn.com,1,"AS47583 (AS-HOSTINGER, CY)"
colehaan-com.mail.protection.outlook.com,1,"AS8075 (MICROSOFT-CORP-MSN-AS-BLOCK - Microsoft Corporation, US)"
eamail-com.mail.protection.outlook.com,1,"AS8075 (MICROSOFT-CORP-MSN-AS-BLOCK - Microsoft Corporation, US)"
mail.collapse3b.com,1,"AS47583 (AS-HOSTINGER, CY)"
earlepress-com.mail.protection.outlook.com,1,"AS8075 (MICROSOFT-CORP-MSN-AS-BLOCK - Microsoft Corporation, US)"
ealea.fr.nf,1,"AS16276 (OVH, FR)"
coleure.com,1,"AS46606 (UNIFIEDLAYER-AS-1 - Unified Layer, US)"
mail.collaprsmail.ru,1,"AS12586 (ASGHOSTNET, DE)"
_dc-mx.8120cd7686af.earthmail.online,1,"AS16276 (OVH, FR)"
mail.collectivimail.ru,1,"AS12586 (ASGHOSTNET, DE)"
mail.collectionjo.ru,1,"AS12586 (ASGHOSTNET, DE)"
mail.conterra.com,1,
mail.collegee.net,1,"AS50474 (O2SWITCH, FR)"
mx.earpitchtraining.info,1,"AS14061 (DIGITALOCEAN-ASN - DigitalOcean, LLC, US)"
mail.eastsidecounselingcenters.com,1,
colmex-com.mail.protection.outlook.com,1,"AS8075 (MICROSOFT-CORP-MSN-AS-BLOCK - Microsoft Corporation, US)"
colinrofe-co-uk.mail.protection.outlook.com,1,"AS8075 (MICROSOFT-CORP-MSN-AS-BLOCK - Microsoft Corporation, US)"
router.eastriveramail.com,1,"AS14061 (DIGITALOCEAN-ASN - DigitalOcean, LLC, US)"
mail.colibacmail.com,1,"AS12586 (ASGHOSTNET, DE)"
mx01.earthliknk.net,1,"AS14061 (DIGITALOCEAN-ASN - DigitalOcean, LLC, US)"
mail.colorixy.com,1,"AS24940 (HETZNER-AS, DE)"
eastwestpr-com.mail.protection.outlook.com,1,"AS8075 (MICROSOFT-CORP-MSN-AS-BLOCK - Microsoft Corporation, US)"
mail.colonializfml.com,1,"AS12586 (ASGHOSTNET, DE)"
easy-com.mail.protection.outlook.com,1,"AS8075 (MICROSOFT-CORP-MSN-AS-BLOCK - Microsoft Corporation, US)"
mx.easymailer.live,1,"AS16276 (OVH, FR)"
coloradocanine-org.mail.protection.outlook.com,1,"AS8075 (MICROSOFT-CORP-MSN-AS-BLOCK - Microsoft Corporation, US)"
mail.easymails.cc,1,"AS44486 (SYNLINQ synlinq.de, DE)"
mail.neomailsrvr.com,1,"AS63949 (AKAMAI-LINODE-AP Akamai Connected Cloud, SG)"
mail.legtux.org,1,"AS16276 (OVH, FR)"
mail.columbusnewstimes.com,1,"AS40021 (CONTABO-40021 - Contabo Inc., US)"
mail.easypass.rs,1,"AS24940 (HETZNER-AS, DE)"
mail.colorsmail.ru,1,"AS12586 (ASGHOSTNET, DE)"
mail.com-ma.net,1,"AS53589 (PLANETHOSTER-8 - PlanetHoster, CA)"
mx0.mail.ovh.ca,1,"AS16276 (OVH, FR)"
mail.coloplus.ru,1,"AS44094 (WEBHOST1-AS, RU)"
mx2.combustore.co,1,"AS200107 (KL-EXT, CH)"
mail.eatrhlink.net,1,"AS14061 (DIGITALOCEAN-ASN - DigitalOcean, LLC, US)"
mail.combinamails.ru,1,"AS12586 (ASGHOSTNET, DE)"
mail.eatgood.site,1,"AS210403 (LWS, FR)"
mail.easyandhardwaysout.com,1,"AS29182 (RU-JSCIOT, RU)"
mail.comfort.carolinensielrestaurants.click,1,"AS51167 (CONTABO, DE)"
mail.comfort.beachhotelzoutelande.click,1,"AS51167 (CONTABO, DE)"
comfortmedical-com.mail.protection.outlook.com,1,"AS8075 (MICROSOFT-CORP-MSN-AS-BLOCK - Microsoft Corporation, US)"
mail.coduq.site,1,"AS132203 (TENCENT-NET-AP-CN Tencent Building, Kejizhongyi Avenue, CN)"
mx.motives.com,1,"AS63949 (AKAMAI-LINODE-AP Akamai Connected Cloud, SG)"
mail.comfort.thetravellersrest.click,1,"AS51167 (CONTABO, DE)"
mail.commefml.com,1,"AS12586 (ASGHOSTNET, DE)"
mail.ebimails.ru,1,"AS12586 (ASGHOSTNET, DE)"
mail.eblanomail.com,1,"AS12586 (ASGHOSTNET, DE)"
mail.commentatomil.ru,1,"AS12586 (ASGHOSTNET, DE)"
ebrius.net,1,"AS47583 (AS-HOSTINGER, CY)"
commercialwindowcoverings-org.mail.protection.outlook.com,1,"AS8075 (MICROSOFT-CORP-MSN-AS-BLOCK - Microsoft Corporation, US)"
commercialcleanrsco-com.mail.protection.outlook.com,1,"AS8075 (MICROSOFT-CORP-MSN-AS-BLOCK - Microsoft Corporation, US)"
d109412b.ess.barracudanetworks.com,1,"AS16509 (AMAZON-02 - Amazon.com, Inc., US)"
ndstech-mx2.titanhq.com,1,"AS16509 (AMAZON-02 - Amazon.com, Inc., US)"
mail.commemomails.ru,1,"AS12586 (ASGHOSTNET, DE)"
mail.communicativfkml.com,1,"AS12586 (ASGHOSTNET, DE)"
mail.commismail.ru,1,"AS12586 (ASGHOSTNET, DE)"
mail.communalml.ru,1,"AS12586 (ASGHOSTNET, DE)"
mail.communisfkml.com,1,"AS12586 (ASGHOSTNET, DE)"
mail.commutmail.com,1,"AS24940 (HETZNER-AS, DE)"
comnex-com.mail.protection.outlook.com,1,"AS8075 (MICROSOFT-CORP-MSN-AS-BLOCK - Microsoft Corporation, US)"
mail.ebyjeans.com,1,"AS47583 (AS-HOSTINGER, CY)"
mail.ebullmail.ru,1,"AS12586 (ASGHOSTNET, DE)"
mail.ebulkl.ru,1,"AS12586 (ASGHOSTNET, DE)"
protonmail.ch,1,"AS62371 (PROTON, CH)"
mail.communitize.net,1,"AS394695 (PUBLIC-DOMAIN-REGISTRY - PDR, US)"
mail.compactifi.ru,1,"AS12586 (ASGHOSTNET, DE)"
mail.companionab.ru,1,"AS12586 (ASGHOSTNET, DE)"
comotaken.com,1,"AS24940 (HETZNER-AS, DE)"
mail.ecclesiafml.ru,1,"AS12586 (ASGHOSTNET, DE)"
echosofspirit.com.mail.protection.outlook.com,1,
comparisions.net,1,"AS7506 (INTERQ GMO Internet Group, Inc., JP)"
cc-mail3.ecenomecs.com,1,"AS14061 (DIGITALOCEAN-ASN - DigitalOcean, LLC, US)"
compareautoinsurancequotes-com01i1b1e.mail.protection.outlook.com,1,"AS8075 (MICROSOFT-CORP-MSN-AS-BLOCK - Microsoft Corporation, US)"
ecclesiamail.com,1,"AS213702 (QWINS-LTD QWINS AS-SET: ~ # AS213702:AS-CUSTOMERS, GB)"
_dc-mx.927b659f3044.compare-health-quotes.com,1,"AS20021 (LNH-INC - Ntirety, Inc., US)"
mx.comparepetinsurance.biz,1,"AS14061 (DIGITALOCEAN-ASN - DigitalOcean, LLC, US)"
comparison411-com.mail.protection.outlook.com,1,"AS8075 (MICROSOFT-CORP-MSN-AS-BLOCK - Microsoft Corporation, US)"
companyonline.in,1,"AS32475 (SINGLEHOP-LLC - Internap Holding LLC, US)"
mail.ecclespt.ru,1,"AS12586 (ASGHOSTNET, DE)"
echoencephalmail.com,1,"AS213702 (QWINS-LTD QWINS AS-SET: ~ # AS213702:AS-CUSTOMERS, GB)"
mail.competition.tel,1,"AS16276 (OVH, FR)"
mail.echinodmali.ru,1,"AS12586 (ASGHOSTNET, DE)"
ecidmail.com,1,"AS213702 (QWINS-LTD QWINS AS-SET: ~ # AS213702:AS-CUSTOMERS, GB)"
mail.ecclemail.ru,1,"AS12586 (ASGHOSTNET, DE)"
completegenomics-com02b.mail.protection.outlook.com,1,"AS8075 (MICROSOFT-CORP-MSN-AS-BLOCK - Microsoft Corporation, US)"
mail.compatime.ru,1,"AS12586 (ASGHOSTNET, DE)"
mail.compeaaemail.ru,1,"AS12586 (ASGHOSTNET, DE)"
mail.comparegoodshoes.com,1,"AS24940 (HETZNER-AS, DE)"
mail.competitebml.ru,1,"AS12586 (ASGHOSTNET, DE)"
comporium-net.mx.av-mx.com,1,"AS31898 (ORACLE-BMC-31898 - Oracle Corporation, US)"
mail.compartmersmail.ru,1,"AS12586 (ASGHOSTNET, DE)"
mail.compliansmail.com,1,"AS12586 (ASGHOSTNET, DE)"
mail.comptanoo.com,1,"AS16276 (OVH, FR)"
mail.ecocloud.com,1,"AS4620 (SOLONE-AS-AP Sol One Anycast Delivery Network, SG)"
computerexpress-us.mail.protection.outlook.com,1,
mail.compliancefmail.com,1,"AS12586 (ASGHOSTNET, DE)"
mail.ecomdaily.com,1,"AS213230 (HETZNER-CLOUD2-AS, DE)"
mxhost.compservmail.com,1,"AS14061 (DIGITALOCEAN-ASN - DigitalOcean, LLC, US)"
mail.ecologimil.ru,1,"AS12586 (ASGHOSTNET, DE)"
mail.economemails.ru,1,"AS12586 (ASGHOSTNET, DE)"
computers1st.com,1,"AS33182 (DIMENOC - HostDime.com, Inc., US)"
mail.economeli.com,1,"AS12586 (ASGHOSTNET, DE)"
mail.echtmail.de,1,"AS42730 (EVANZOAS, DE)"
mxa-00926c01.gslb.pphosted.com,1,"AS22843 (PROOFPOINT-ASN-US-EAST - Proofpoint, Inc., US)"
blackhole.con.com,1,
mail.ecstor.com,1,"AS14061 (DIGITALOCEAN-ASN - DigitalOcean, LLC, US)"
economicsuds.ru,1,"AS213702 (QWINS-LTD QWINS AS-SET: ~ # AS213702:AS-CUSTOMERS, GB)"
ecomail.com,1,"AS9371 (SAKURA-C SAKURA Internet Inc., JP)"
mail.comprarfarmacia.site,1,"AS16276 (OVH, FR)"
mail.ectocommfkml.com,1,"AS12586 (ASGHOSTNET, DE)"
mail.ectrosynde.com,1,"AS12586 (ASGHOSTNET, DE)"
mail.ecuemail.ru,1,"AS12586 (ASGHOSTNET, DE)"
mx.conceptcateringbyck.com,1,"AS51167 (CONTABO, DE)"
mail.ectromail.ru,1,"AS12586 (ASGHOSTNET, DE)"
mail.conceptualfml.com,1,"AS12586 (ASGHOSTNET, DE)"
w0153599.kasserver.com,1,"AS34788 (NMM-AS D - 02742 Friedersdorf Hauptstrasse 68, DE)"
mail.concretifkml.com,1,"AS12586 (ASGHOSTNET, DE)"
completemad-com.mail.protection.partner.outlook.cn,1,"AS58593 (BLUECLOUD Shanghai Blue Cloud Technology Co.,Ltd, CN)"
mxb-00a18f02.gslb.pphosted.com,1,"AS52129 (PROOFPOINT-ASN-EU, US)"
mail.conceptufmail.ru,1,"AS12586 (ASGHOSTNET, DE)"
mail.concionmail.ru,1,"AS12586 (ASGHOSTNET, DE)"
concur-com.mail.protection.outlook.com,1,"AS8075 (MICROSOFT-CORP-MSN-AS-BLOCK - Microsoft Corporation, US)"
mxb-009ab001.gslb.pphosted.com,1,"AS52129 (PROOFPOINT-ASN-EU, US)"
mx1c28.concentric.com,1,"AS30447 (INFB2-AS - Internet Names For Business Inc., CA)"
mail.conditimail.ru,1,"AS12586 (ASGHOSTNET, DE)"
5,1,
ecosolutions.biz.id,1,"AS141120 (IDNIC-WARNAHOST-AS-ID PT Warna Data Multimedia, ID)"
mail.conegotodosganan.com,1,"AS27640 (GIGASNET-AS - GIGAS HOSTING USA, LLC, US)"
edaom.com,1,"AS197706 (KEMINET A datacenter located in TiranaAlbania. Webhosting, Dedicated Servers, VPS, IPv4IPv6 leasing, AL)"
mail.confinmail.com,1,"AS12586 (ASGHOSTNET, DE)"
configurmail.com,1,"AS213702 (QWINS-LTD QWINS AS-SET: ~ # AS213702:AS-CUSTOMERS, GB)"
mail.conforemail.ru,1,"AS12586 (ASGHOSTNET, DE)"
mail.conferenciasaude15.org.br,1,"AS16276 (OVH, FR)"
mail.complextender.ru,1,"AS44094 (WEBHOST1-AS, RU)"
mail.editrsmail.ru,1,"AS12586 (ASGHOSTNET, DE)"
mx2.xel.nl,1,"AS12859 (NL-BIT BIT BV, NL)"
direct10.connectcrossword.com,1,"AS14061 (DIGITALOCEAN-ASN - DigitalOcean, LLC, US)"
_dc-mx.c175842e86ca.conquer-matrix.com,1,"AS16276 (OVH, FR)"
mail.edu-mail.edu.pl,1,"AS42846 (GUZELHOSTING GNET INTERNET TELEKOMUNIKASYON A.S., TR)"
connecture-com.mail.protection.outlook.com,1,"AS8075 (MICROSOFT-CORP-MSN-AS-BLOCK - Microsoft Corporation, US)"
mail.edriophtholml.ru,1,"AS12586 (ASGHOSTNET, DE)"
edp-com.mail.protection.outlook.com,1,"AS8075 (MICROSOFT-CORP-MSN-AS-BLOCK - Microsoft Corporation, US)"
congdongmu.net,1,"AS18403 (FPT-AS-AP FPT Telecom Company, VN)"
rts-services.com,1,"AS16509 (AMAZON-02 - Amazon.com, Inc., US)"
mail.colorcastmail.com,1,"AS207957 (SERVHOST-AS, GB)"
mta.consistth.com,1,"AS14061 (DIGITALOCEAN-ASN - DigitalOcean, LLC, US)"
mail.consignifioli.ru,1,"AS12586 (ASGHOSTNET, DE)"
mail.considefmk.com,1,"AS12586 (ASGHOSTNET, DE)"
mail.educationfmail.com,1,"AS12586 (ASGHOSTNET, DE)"
app.arya.biz.id.id,1,
mail.conservationjo.ru,1,"AS12586 (ASGHOSTNET, DE)"
mail.conspiramail.com,1,"AS12586 (ASGHOSTNET, DE)"
cluster.relay.agava.net,1,"AS197695 (AS-REG, RU)"
_dc-mx.235f68b8d965.edumail.icu,1,"AS16276 (OVH, FR)"
mail.constitutimail.com,1,"AS12586 (ASGHOSTNET, DE)"
mail.edumail.store,1,"AS44486 (SYNLINQ synlinq.de, DE)"
mail.edumaga.com,1,"AS3842 (RAMNODE - InMotion Hosting, Inc., US)"
mail.edumail.su,1,"AS16276 (OVH, FR)"
_dc-mx.449cdebb4acd.conscious.organic,1,"AS16276 (OVH, FR)"
mail.edumail.edu.rs,1,"AS16276 (OVH, FR)"
mail.consutoriodaray.com,1,"AS209767 (SAMTECO, RO)"
consumerproductsintl-com.mail.protection.outlook.com,1,"AS8075 (MICROSOFT-CORP-MSN-AS-BLOCK - Microsoft Corporation, US)"
mail.edusath.com,1,"AS3842 (RAMNODE - InMotion Hosting, Inc., US)"
mail.edumail.me,1,"AS42846 (GUZELHOSTING GNET INTERNET TELEKOMUNIKASYON A.S., TR)"
mail.ee1.pl,1,"AS41079 (CF-GDA, PL)"
mail.contact.academic.edu.rs,1,"AS16276 (OVH, FR)"
mail.contactbox.work,1,"AS214996 (NETCUP, DE)"
app.arya.biz.id,1,
mail.contact.openbillieholiday.click,1,"AS51167 (CONTABO, DE)"
mail.eeauqspent.com,1,"AS47583 (AS-HOSTINGER, CY)"
mail.containzof.com,1,"AS47583 (AS-HOSTINGER, CY)"
mail.contact.carenmiosga.click,1,"AS51167 (CONTABO, DE)"
h1.hitme.pl,1,"AS50840 (AS-HITME, PL)"
contact.biz.st,1,"AS16276 (OVH, FR)"
mail.contempormail.ru,1,"AS12586 (ASGHOSTNET, DE)"
contact.infos.st,1,"AS16276 (OVH, FR)"
mail.contemporaneoumfri.com,1,"AS12586 (ASGHOSTNET, DE)"
mail.contermail.com,1,"AS12586 (ASGHOSTNET, DE)"
mail.contesemail.ru,1,"AS12586 (ASGHOSTNET, DE)"
contentvibee.com,1,"AS24940 (HETZNER-AS, DE)"
mail.continrsmail.ru,1,"AS12586 (ASGHOSTNET, DE)"
edviagara.com,1,"AS37907 (DIGIROCK DigiRock, Inc., JP)"
server710278.nazwa.pl,1,"AS15967 (NETARTGROUP, PL)"
eepl.com,1,"AS32613 (IWEB-AS - Leaseweb Canada Inc., CA)"
eeu.jp,1,"AS7506 (INTERQ GMO Internet Group, Inc., JP)"
eetcafedebrakkegrond.com,1,"AS20857 (TRANSIP-AS Amsterdam, the Netherlands, NL)"
mail1.ts-gmbh.de,1,"AS24940 (HETZNER-AS, DE)"
mail.controversiafmals.com,1,"AS12586 (ASGHOSTNET, DE)"
mail.convalmail.ru,1,"AS12586 (ASGHOSTNET, DE)"
mail.conventionaruby.ru,1,"AS12586 (ASGHOSTNET, DE)"
colo1.contuild.com,1,"AS14061 (DIGITALOCEAN-ASN - DigitalOcean, LLC, US)"
mail.conventiomail.ru,1,"AS12586 (ASGHOSTNET, DE)"
mail.conventemail.ru,1,"AS12586 (ASGHOSTNET, DE)"
mail.conventionalimail.com,1,"AS12586 (ASGHOSTNET, DE)"
mail.contumelioufmals.com,1,"AS12586 (ASGHOSTNET, DE)"
mail.conventionmail.com,1,"AS12586 (ASGHOSTNET, DE)"
mail.conversatiomail.ru,1,"AS12586 (ASGHOSTNET, DE)"
mail.conversmail.ru,1,"AS12586 (ASGHOSTNET, DE)"
mail.conversatioruby.ru,1,"AS12586 (ASGHOSTNET, DE)"
mail.conventionafkml.com,1,"AS12586 (ASGHOSTNET, DE)"
mail.effexts.com,1,"AS14061 (DIGITALOCEAN-ASN - DigitalOcean, LLC, US)"
mail.efficientmx.com,1,"AS24940 (HETZNER-AS, DE)"
mail.convolutfml.com,1,"AS12586 (ASGHOSTNET, DE)"
mail.convivmail.ru,1,"AS12586 (ASGHOSTNET, DE)"
mail.convolvufml.com,1,"AS12586 (ASGHOSTNET, DE)"
mail.convolvumail.com,1,"AS12586 (ASGHOSTNET, DE)"
mail.protection.outlook.com,1,
cookie007.fr.nf,1,"AS16276 (OVH, FR)"
eft-one.mail.protection.outlook.com,1,"AS8075 (MICROSOFT-CORP-MSN-AS-BLOCK - Microsoft Corporation, US)"
mail.congest.club,1,"AS31863 (DACEN-2 - Centrilogic, Inc., US)"
mail.cookmasterok.ru,1,"AS44094 (WEBHOST1-AS, RU)"
econolar.com.br,1,"AS29802 (HVC-AS - HIVELOCITY, Inc., US)"
coniex-com.mail.protection.outlook.com,1,"AS8075 (MICROSOFT-CORP-MSN-AS-BLOCK - Microsoft Corporation, US)"
edhardy-onsale.com,1,"AS59253 (LEASEWEB-APAC-SIN-11 LEASEWEB SINGAPORE PTE. LTD., SG)"
mail.cooncreekfamilyfarm.com,1,"AS212477 (ROYALE-AS, NL)"
mail.coomalary.ru,1,"AS12586 (ASGHOSTNET, DE)"
coop1001facons.ca,1,
mail.egirl.help,1,"AS44486 (SYNLINQ synlinq.de, DE)"
mail.cooperafkml.com,1,"AS12586 (ASGHOSTNET, DE)"
mail.cooperativmail.ru,1,"AS12586 (ASGHOSTNET, DE)"
mail.cooperativmfri.com,1,"AS12586 (ASGHOSTNET, DE)"
mx1.umd.iphmx.com,1,
mail.coopermail.ru,1,"AS12586 (ASGHOSTNET, DE)"
mail.coordifmus.ru,1,"AS12586 (ASGHOSTNET, DE)"
copecbd-com.mail.protection.outlook.com,1,"AS8075 (MICROSOFT-CORP-MSN-AS-BLOCK - Microsoft Corporation, US)"
egmail-com.p10.spamhero.com,1,"AS13767 (DATABANK-DFW - DataBank Holdings, Ltd., US)"
mail.coqmail.com,1,"AS14061 (DIGITALOCEAN-ASN - DigitalOcean, LLC, US)"
mail.copyrigfmk.com,1,"AS12586 (ASGHOSTNET, DE)"
malibuzz.egypthacker.com,1,"AS51167 (CONTABO, DE)"
mail.corallsemail.com,1,"AS12586 (ASGHOSTNET, DE)"
mail.coracoamails.ru,1,"AS12586 (ASGHOSTNET, DE)"
mail.copyright-gratuit.net,1,"AS965 (WEBHOSTINGHOLDINGS - Webhosting Holdings LLC, US)"
mail.wservices.ch,1,
mail.congregatiml.ru,1,
mx.getcourse.ru,1,"AS49505 (SELECTEL, RU)"
conex.com,1,
mailin.mx-hub.eu,1,"AS29134 (IGNUM-AS Czech Republic, CZ)"
mail.conidirsmail.ru,1,
_dc-mx.7ed2a19d7cb7.edmontonportablesigns.com,1,
mail.coreligsemail.com,1,"AS12586 (ASGHOSTNET, DE)"
sv16259.xserver.jp,1,"AS131965 (XSERVER Xserver Inc., JP)"
mail.eicircuitm.com,1,"AS47583 (AS-HOSTINGER, CY)"
eiectrum-org.mail.protection.outlook.com,1,"AS8075 (MICROSOFT-CORP-MSN-AS-BLOCK - Microsoft Corporation, US)"
cority-com.mail.protection.outlook.com,1,"AS8075 (MICROSOFT-CORP-MSN-AS-BLOCK - Microsoft Corporation, US)"
mail.eepmarketing.com,1,
mail.controlinbox.com,1,"AS19318 (IS-AS-1 - Interserver, Inc, US)"
esb.einfolab.com,1,"AS5645 (TEKSAVVY - TekSavvy Solutions, Inc., CA)"
mail.einweg-email.com,1,"AS60781 (LEASEWEB-NL-AMS-01 Netherlands, NL)"
einsteinaccounting.com,1,"AS24940 (HETZNER-AS, DE)"
corpohosting.com,1,"AS16276 (OVH, FR)"
mail.einmalmail.de,1,"AS31103 (KEYWEB-AS, DE)"
mxgate.corporate.vinnica.ua,1,"AS20473 (AS-VULTR - The Constant Company, LLC, US)"
fr.priyomail.net,1,"AS16276 (OVH, FR)"
mail.eiveg.com,1,"AS14061 (DIGITALOCEAN-ASN - DigitalOcean, LLC, US)"
eithub-com.mail.protection.outlook.com,1,"AS8075 (MICROSOFT-CORP-MSN-AS-BLOCK - Microsoft Corporation, US)"
mail.correctionfmail.com,1,"AS12586 (ASGHOSTNET, DE)"
mail.corpomail.site,1,"AS209847 (THE, NL)"
ismtp.copper.everyone.net,1,"AS30447 (INFB2-AS - Internet Names For Business Inc., CA)"
mail.corrective.getwisetransfer.click,1,"AS51167 (CONTABO, DE)"
mail.correotemporal.mx,1,"AS46475 (LIMESTONENETWORKS - Limestone Networks, Inc., US)"
mx.solnube.com,1,"AS26832 (RICAWEBSERVICES - Rica Web Services, CA)"
mail.coracoaemail.ru,1,"AS12586 (ASGHOSTNET, DE)"
mail.correspeaaemail.ru,1,"AS12586 (ASGHOSTNET, DE)"
a738596.mx.mailhop.org,1,"AS16509 (AMAZON-02 - Amazon.com, Inc., US)"
mail.cosmopolme.ru,1,"AS12586 (ASGHOSTNET, DE)"
mail.cosxo.com,1,"AS14061 (DIGITALOCEAN-ASN - DigitalOcean, LLC, US)"
mailex.cosco.com,1,"AS4847 (CNIX-AP China Networks Inter-Exchange, CN)"
mail.cotmandenecrescentbr5.com,1,"AS22612 (NAMECHEAP-NET - Namecheap, Inc., US)"
costmedbuy.com,1,"AS16276 (OVH, FR)"
ekurhuleni.co.za,1,"AS328364 (Host-Africa-AS, ZA)"
mail.cottagefarmsoap.com,1,"AS6364 (ATLANTIC-NET-1 - Atlantic.net, Inc., US)"
mail.cotylomail.ru,1,"AS12586 (ASGHOSTNET, DE)"
elasmotmail.com,1,"AS213702 (QWINS-LTD QWINS AS-SET: ~ # AS213702:AS-CUSTOMERS, GB)"
mail.coulomemail.com,1,"AS12586 (ASGHOSTNET, DE)"
elchato-com.mail.protection.outlook.com,1,"AS8075 (MICROSOFT-CORP-MSN-AS-BLOCK - Microsoft Corporation, US)"
mail.cottagedelight.co.uk,1,"AS13335 (CLOUDFLARENET - Cloudflare, Inc., US)"
mail.counterconditmails.ru,1,"AS12586 (ASGHOSTNET, DE)"
mail.counterinsurgeruby.ru,1,"AS12586 (ASGHOSTNET, DE)"
d321182a.ess.barracudanetworks.com,1,"AS16509 (AMAZON-02 - Amazon.com, Inc., US)"
mail.counterproducmail.ru,1,"AS12586 (ASGHOSTNET, DE)"
mail.counterfasalo.ru,1,"AS12586 (ASGHOSTNET, DE)"
mail.corifmail.ru,1,"AS12586 (ASGHOSTNET, DE)"
mail.counterrmails.ru,1,"AS12586 (ASGHOSTNET, DE)"
counterrevmail.com,1,"AS213702 (QWINS-LTD QWINS AS-SET: ~ # AS213702:AS-CUSTOMERS, GB)"
corinthianinsurance-com.mail.protection.outlook.com,1,"AS8075 (MICROSOFT-CORP-MSN-AS-BLOCK - Microsoft Corporation, US)"
mail.elecromail.com,1,"AS24940 (HETZNER-AS, DE)"
mail.couplesandtantra.com,1,"AS22611 (INMOTION - InMotion Hosting, Inc., US)"
mx2.pub.mailpod5-cph3.one.com,1,"AS51468 (ONECOM, DK)"
mail.elecemi.com,1,"AS12586 (ASGHOSTNET, DE)"
eldger.com,1,"AS60117 (HS, AE)"
mail.couponcodey.com,1,"AS63949 (AKAMAI-LINODE-AP Akamai Connected Cloud, SG)"
eldobhato-level.hu,1,"AS210772 (NEWPUSH, HU)"
msn.elecling.com,1,"AS14061 (DIGITALOCEAN-ASN - DigitalOcean, LLC, US)"
elect-nhs-uk.mail.protection.outlook.com,1,"AS8075 (MICROSOFT-CORP-MSN-AS-BLOCK - Microsoft Corporation, US)"
mx0.lcn.com,1,"AS8622 (ISIONUK Team Blue Internet Services UK Ltd, GB)"
mail.electmalu.ru,1,"AS12586 (ASGHOSTNET, DE)"
electram-org.mail.protection.outlook.com,1,"AS8075 (MICROSOFT-CORP-MSN-AS-BLOCK - Microsoft Corporation, US)"
couponhouse.info,1,"AS9371 (SAKURA-C SAKURA Internet Inc., JP)"
courriel.fr.nf,1,"AS16276 (OVH, FR)"
electrickeychain.com,1,"AS12876 (Online SAS, FR)"
ehealthinsurance-com.mail.protection.outlook.com,1,
mail.electrmail.ru,1,"AS12586 (ASGHOSTNET, DE)"
ac1rmailstore.cousinment.com,1,"AS14061 (DIGITALOCEAN-ASN - DigitalOcean, LLC, US)"
mail.electrocarmail.ru,1,"AS12586 (ASGHOSTNET, DE)"
mxb-00039202.gslb.pphosted.com,1,"AS26211 (PROOFPOINT-ASN-US-WEST - Proofpoint, Inc., US)"
mail.electrmails.ru,1,"AS12586 (ASGHOSTNET, DE)"
mail.electrochemail.ru,1,"AS12586 (ASGHOSTNET, DE)"
mail.electrocheruby.ru,1,"AS12586 (ASGHOSTNET, DE)"
mail.electrocamail.com,1,"AS12586 (ASGHOSTNET, DE)"
covenirbpo-com.mail.protection.outlook.com,1,"AS8075 (MICROSOFT-CORP-MSN-AS-BLOCK - Microsoft Corporation, US)"
course-nl.mail.protection.outlook.com,1,"AS8075 (MICROSOFT-CORP-MSN-AS-BLOCK - Microsoft Corporation, US)"
mail.electrocmalu.ru,1,"AS12586 (ASGHOSTNET, DE)"
mail.electrochemale.com,1,"AS12586 (ASGHOSTNET, DE)"
mail.electriccityrw.com,1,"AS210878 (TREADSTONE-AS, RO)"
mail.electroch.ru,1,"AS12586 (ASGHOSTNET, DE)"
mail.electrocml.ru,1,"AS12586 (ASGHOSTNET, DE)"
mx2.courtrf.com,1,"AS200107 (KL-EXT, CH)"
mail.electrodeosmail.ru,1,"AS12586 (ASGHOSTNET, DE)"
coveredca-com.mail.protection.outlook.com,1,"AS8075 (MICROSOFT-CORP-MSN-AS-BLOCK - Microsoft Corporation, US)"
mail.electroenemail.ru,1,"AS12586 (ASGHOSTNET, DE)"
mail.electrocmails.ru,1,"AS12586 (ASGHOSTNET, DE)"
electrodemail.com,1,"AS213702 (QWINS-LTD QWINS AS-SET: ~ # AS213702:AS-CUSTOMERS, GB)"
mail.electroemail.ru,1,"AS12586 (ASGHOSTNET, DE)"
mail.electrogamail.com,1,"AS12586 (ASGHOSTNET, DE)"
mail.electrohydlity.ru,1,"AS12586 (ASGHOSTNET, DE)"
mail.electroextmails.ru,1,"AS12586 (ASGHOSTNET, DE)"
electronicmail-us.mail.protection.outlook.com,1,"AS8075 (MICROSOFT-CORP-MSN-AS-BLOCK - Microsoft Corporation, US)"
mail.electrolumail.com,1,"AS12586 (ASGHOSTNET, DE)"
mail.electronefml.com,1,"AS12586 (ASGHOSTNET, DE)"
mail.electrolfml.ru,1,"AS12586 (ASGHOSTNET, DE)"
mail.electrolymail.ru,1,"AS12586 (ASGHOSTNET, DE)"
electrolummail.com,1,"AS213702 (QWINS-LTD QWINS AS-SET: ~ # AS213702:AS-CUSTOMERS, GB)"
mail.electroreli.com,1,"AS12586 (ASGHOSTNET, DE)"
electrophomail.com,1,"AS213702 (QWINS-LTD QWINS AS-SET: ~ # AS213702:AS-CUSTOMERS, GB)"
mail.electrophormfri.com,1,"AS12586 (ASGHOSTNET, DE)"
electrotemail.com,1,"AS213702 (QWINS-LTD QWINS AS-SET: ~ # AS213702:AS-CUSTOMERS, GB)"
mail.electropml.ru,1,"AS12586 (ASGHOSTNET, DE)"
cox-com.mail.protection.outlook.com,1,"AS8075 (MICROSOFT-CORP-MSN-AS-BLOCK - Microsoft Corporation, US)"
mail.eleemomail.ru,1,"AS12586 (ASGHOSTNET, DE)"
mail.cozydrop.xyz,1,"AS19318 (IS-AS-1 - Interserver, Inc, US)"
mail.elememail.ru,1,"AS12586 (ASGHOSTNET, DE)"
elements-org.mail.protection.outlook.com,1,"AS8075 (MICROSOFT-CORP-MSN-AS-BLOCK - Microsoft Corporation, US)"
mail.elementfmals.com,1,"AS12586 (ASGHOSTNET, DE)"
coza.ro,1,"AS203053 (CLAUSWEB, RO)"
mx0a-00149f01.pphosted.com,1,"AS26211 (PROOFPOINT-ASN-US-WEST - Proofpoint, Inc., US)"
mail.corynebac.com,1,"AS12586 (ASGHOSTNET, DE)"
mxa-00a07e01.gslb.pphosted.com,1,"AS22843 (PROOFPOINT-ASN-US-EAST - Proofpoint, Inc., US)"
cosmeticdentistryorlandpark-com.mail.protection.outlook.com,1,"AS8075 (MICROSOFT-CORP-MSN-AS-BLOCK - Microsoft Corporation, US)"
cpgclinic-com.mail.protection.outlook.com,1,"AS8075 (MICROSOFT-CORP-MSN-AS-BLOCK - Microsoft Corporation, US)"
mx1.elerrisgroup.com,1,"AS200107 (KL-EXT, CH)"
mail.cph.su,1,"AS29182 (RU-JSCIOT, RU)"
cptr-com.mail.protection.outlook.com,1,"AS8075 (MICROSOFT-CORP-MSN-AS-BLOCK - Microsoft Corporation, US)"
mail.crabdance.com,1,"AS46844 (SHARKTECH - Sharktech, US)"
mx1c8.carrierinternetsolutions.com,1,"AS14116 (INFB-AS - Internet Names For Business Inc., CA)"
mail.elhida.com,1,"AS47583 (AS-HOSTINGER, CY)"
mail.craniofmk.com,1,"AS12586 (ASGHOSTNET, DE)"
mx1.elfox.net,1,"AS200107 (KL-EXT, CH)"
elhase.com,1,"AS19871 (NETWORK-SOLUTIONS-HOSTING - Network Solutions, LLC, US)"
mail.elfepost.com,1,"AS12586 (ASGHOSTNET, DE)"
mail.cranioloufml.ru,1,"AS12586 (ASGHOSTNET, DE)"
mail.craniopharfmk.com,1,"AS12586 (ASGHOSTNET, DE)"
crappertracker-com.mail.protection.outlook.com,1,"AS8075 (MICROSOFT-CORP-MSN-AS-BLOCK - Microsoft Corporation, US)"
mx.deltaforce.net,1,"AS63949 (AKAMAI-LINODE-AP Akamai Connected Cloud, SG)"
mail.elite.gold.edu.pl,1,"AS16276 (OVH, FR)"
mail.elimmail.com,1,"AS12586 (ASGHOSTNET, DE)"
mail.crazespaces.pw,1,"AS14061 (DIGITALOCEAN-ASN - DigitalOcean, LLC, US)"
mail.crazy.hcap.ai,1,"AS203446 (AS203446, GB)"
w019f54e.kasserver.com,1,"AS34788 (NMM-AS D - 02742 Friedersdorf Hauptstrasse 68, DE)"
crazydomains-com.mail.eo.outlook.com,1,"AS8075 (MICROSOFT-CORP-MSN-AS-BLOCK - Microsoft Corporation, US)"
mail.elixora.cfd,1,"AS203446 (AS203446, GB)"
_dc-mx.efca6cff5bef.crazymailing.com,1,"AS14061 (DIGITALOCEAN-ASN - DigitalOcean, LLC, US)"
mail.creadmail.com,1,"AS12586 (ASGHOSTNET, DE)"
mx.ellingtonvets.com,1,"AS29873 (BIZLAND-SD - Newfold Digital, Inc., US)"
mail.ellamail.com,1,"AS12586 (ASGHOSTNET, DE)"
ellora-us.mail.protection.outlook.com,1,"AS8075 (MICROSOFT-CORP-MSN-AS-BLOCK - Microsoft Corporation, US)"
mail.creasmail.com,1,"AS12586 (ASGHOSTNET, DE)"
elmiracap-com.mail.protection.outlook.com,1,"AS8075 (MICROSOFT-CORP-MSN-AS-BLOCK - Microsoft Corporation, US)"
mail.elmoscow.ru,1,"AS42889 (METAVIRA-AS, RU)"
creazionisa.com,1,"AS47583 (AS-HOSTINGER, CY)"
elocumail.com,1,"AS213702 (QWINS-LTD QWINS AS-SET: ~ # AS213702:AS-CUSTOMERS, GB)"
mail.creativepathmail.com,1,"AS12586 (ASGHOSTNET, DE)"
pmg.hashcellrelay.com,1,"AS8866 (VIVACOM-AS BULGARIA, BG)"
mail.crazzzyballs.ru,1,"AS29182 (RU-JSCIOT, RU)"
mail.credibilismail.com,1,"AS12586 (ASGHOSTNET, DE)"
mail.creditka.fans,1,"AS16276 (OVH, FR)"
elsco-com.mail.protection.outlook.com,1,"AS8075 (MICROSOFT-CORP-MSN-AS-BLOCK - Microsoft Corporation, US)"
creditonebank-com.mail.protection.outlook.com,1,"AS8075 (MICROSOFT-CORP-MSN-AS-BLOCK - Microsoft Corporation, US)"
mail.creezmail.com,1,"AS12586 (ASGHOSTNET, DE)"
mail.elerso.com,1,"AS14061 (DIGITALOCEAN-ASN - DigitalOcean, LLC, US)"
mail.ekiu.com,1,"AS63068 (CROCWEB - CrocWeb, CA)"
mx683760.spe.ucebox.co.za,1,"AS37611 (AFRIHOST-SP, ZA)"
emaginas-com.mail.protection.outlook.com,1,"AS8075 (MICROSOFT-CORP-MSN-AS-BLOCK - Microsoft Corporation, US)"
mail.crimea-kurort-online.ru,1,"AS44094 (WEBHOST1-AS, RU)"
email-temporaire.fr,1,"AS16276 (OVH, FR)"
w01c199d.kasserver.com,1,"AS34788 (NMM-AS D - 02742 Friedersdorf Hauptstrasse 68, DE)"
cronexus-com.mail.protection.outlook.com,1,"AS8075 (MICROSOFT-CORP-MSN-AS-BLOCK - Microsoft Corporation, US)"
mx1.crmrc.us,1,"AS200107 (KL-EXT, CH)"
mail.cross.edu.pl,1,"AS24940 (HETZNER-AS, DE)"
mail.cristalin.ru,1,"AS44094 (WEBHOST1-AS, RU)"
mx1.crossyroadhacks.com,1,"AS200107 (KL-EXT, CH)"
mail.cpav3.com,1,
mx2.croudmails.info,1,"AS200107 (KL-EXT, CH)"
mx1.crossmail.bid,1,"AS200107 (KL-EXT, CH)"
crpyto-com.mail.protection.outlook.com,1,
crpto-com.mail.protection.outlook.com,1,"AS8075 (MICROSOFT-CORP-MSN-AS-BLOCK - Microsoft Corporation, US)"
d161055a.ess.barracudanetworks.com,1,"AS16509 (AMAZON-02 - Amazon.com, Inc., US)"
crownbet-com-au.mail.protection.outlook.com,1,"AS8075 (MICROSOFT-CORP-MSN-AS-BLOCK - Microsoft Corporation, US)"
mail.crwdstrike.com,1,
mail.cryobioic.com,1,"AS12586 (ASGHOSTNET, DE)"
mail.cryptocron.com,1,
mail.crypto1mail.com,1,"AS12586 (ASGHOSTNET, DE)"
_dc-mx.a62f6110f597.cryptoinvestar.com,1,"AS197540 (NETCUP-AS netcup GmbH, DE)"
crypton-com.mail.protection.outlook.com,1,"AS8075 (MICROSOFT-CORP-MSN-AS-BLOCK - Microsoft Corporation, US)"
mail.cryptosmileys.com,1,"AS22612 (NAMECHEAP-NET - Namecheap, Inc., US)"
mail.cryptom.com,1,"AS201584 (SUPERPAY, TR)"
cryptov.com,1,"AS19850 (GIGAFIBR - GigaFibr Inc, CA)"
mail.emb666.com,1,"AS13335 (CLOUDFLARENET - Cloudflare, Inc., US)"
smtp.cs.email,1,"AS60781 (LEASEWEB-NL-AMS-01 Netherlands, NL)"
elva-app.mail.protection.outlook.com,1,"AS8075 (MICROSOFT-CORP-MSN-AS-BLOCK - Microsoft Corporation, US)"
level2mx.elumlabr.com,1,"AS14061 (DIGITALOCEAN-ASN - DigitalOcean, LLC, US)"
mail.crystallogrfmals.com,1,"AS12586 (ASGHOSTNET, DE)"
mail.crystallogmali.ru,1,"AS12586 (ASGHOSTNET, DE)"
mail.elti.si,1,
mail.creteanu.com,1,"AS14061 (DIGITALOCEAN-ASN - DigitalOcean, LLC, US)"
grep.mosax.net,1,"AS48685 (OK-AS, IS)"
mail.csico.com,1,
tohru-net.p10.spamhero.com,1,"AS13767 (DATABANK-DFW - DataBank Holdings, Ltd., US)"
mail.elvemail.com,1,"AS12586 (ASGHOSTNET, DE)"
mail.cryptokoinnews.com,1,"AS51167 (CONTABO, DE)"
crgevents-com.mail.protection.outlook.com,1,"AS8075 (MICROSOFT-CORP-MSN-AS-BLOCK - Microsoft Corporation, US)"
mail.cskarmelita.com,1,"AS9009 (M247, RO)"
mail.ctarp.xyz,1,"AS151858 (INTERDIGI-VN INTERDIGI JOINT STOCK COMPANY, VN)"
mail.puncanaserver.com,1,"AS40021 (CONTABO-40021 - Contabo Inc., US)"
ctii-com.mail.protection.outlook.com,1,"AS8075 (MICROSOFT-CORP-MSN-AS-BLOCK - Microsoft Corporation, US)"
mail.ctopicsbh.com,1,"AS47583 (AS-HOSTINGER, CY)"
fb.mail.gandi.net,1,"AS29169 (GANDI-AS Domain name registrar - www.gandi.net, FR)"
cti-com.mail.protection.outlook.com,1,"AS8075 (MICROSOFT-CORP-MSN-AS-BLOCK - Microsoft Corporation, US)"
mail.csproject.org,1,"AS19994 (RACKSPACE - Rackspace Hosting, US)"
mail.em-meblekuchenne.pl,1,"AS50599 (Autonomous System for Dataspace P.S.A., PL)"
cuarda-com.mail.protection.outlook.com,1,"AS8075 (MICROSOFT-CORP-MSN-AS-BLOCK - Microsoft Corporation, US)"
mail.cuedigy.com,1,"AS47583 (AS-HOSTINGER, CY)"
cubework-com.mail.protection.outlook.com,1,"AS8075 (MICROSOFT-CORP-MSN-AS-BLOCK - Microsoft Corporation, US)"
mail.cudilero.com,1,"AS19871 (NETWORK-SOLUTIONS-HOSTING - Network Solutions, LLC, US)"
mail.cuirugu.com,1,"AS47583 (AS-HOSTINGER, CY)"
mail.cudimex.com,1,"AS47583 (AS-HOSTINGER, CY)"
mail.cuba.com.br,1,"AS19871 (NETWORK-SOLUTIONS-HOSTING - Network Solutions, LLC, US)"
cultiv8mediastrategies-com.mail.protection.outlook.com,1,"AS8075 (MICROSOFT-CORP-MSN-AS-BLOCK - Microsoft Corporation, US)"
webnode01-mx.zxcs.nl,1,"AS206281 (AS-ZXCS, NL)"
cubox.biz.st,1,"AS16276 (OVH, FR)"
mail.cupreman.me,1,"AS16276 (OVH, FR)"
mail.cultivamail.ru,1,"AS12586 (ASGHOSTNET, DE)"
smtp.culondir.com,1,"AS14061 (DIGITALOCEAN-ASN - DigitalOcean, LLC, US)"
mx01.ctserv.net,1,"AS42003 (OGERONET OGERO Telecom, LB)"
mx.ctshp.org,1,"AS29873 (BIZLAND-SD - Newfold Digital, Inc., US)"
mxb.api-mail.com,1,"AS3842 (RAMNODE - InMotion Hosting, Inc., US)"
mail.currsmail.ru,1,"AS12586 (ASGHOSTNET, DE)"
a249405.mx.mailhop.org,1,"AS16509 (AMAZON-02 - Amazon.com, Inc., US)"
mail.curvml.ru,1,"AS12586 (ASGHOSTNET, DE)"
mx1.curletter.com,1,"AS200107 (KL-EXT, CH)"
karlmalone.paralleloserver.it,1,"AS12637 (SEEWEB Web hosting, colocation and cloud services, IT)"
mx-asp.curtund.com,1,"AS14061 (DIGITALOCEAN-ASN - DigitalOcean, LLC, US)"
mail.customs2g3.com,1,"AS47583 (AS-HOSTINGER, CY)"
mail.customercare.thetravellersrest.click,1,"AS51167 (CONTABO, DE)"
mail.customercare.openbillieholiday.click,1,"AS51167 (CONTABO, DE)"
mx.cuteboyo.com,1,"AS14061 (DIGITALOCEAN-ASN - DigitalOcean, LLC, US)"
mail.customer.hotelhafenhamburg.click,1,"AS51167 (CONTABO, DE)"
mail.cutsup.com,1,"AS14061 (DIGITALOCEAN-ASN - DigitalOcean, LLC, US)"
mta6.cverizon.net,1,"AS19318 (IS-AS-1 - Interserver, Inc, US)"
ocean.mxroute.com,1,"AS24940 (HETZNER-AS, DE)"
mail.cvkmonaco.com,1,"AS47583 (AS-HOSTINGER, CY)"
mail.cvshea1th.com,1,
_dc-mx.3785b56157b2.cv.org.ua,1,"AS56851 (VPS-UA-AS, UA)"
cvigna-com.mail.protection.outlook.com,1,"AS8075 (MICROSOFT-CORP-MSN-AS-BLOCK - Microsoft Corporation, US)"
mail.currentmail.com,1,"AS42093 (INTERRACKS-AS, NL)"
west.smtp.mx.exch091.serverdata.net,1,"AS16406 (AS-INTERMEDIA - Intermedia.net, Inc., US)"
mx1.hostinguk.net,1,"AS20860 (IOMART-AS, GB)"
mail.cveti73.ru,1,"AS209641 (I-SERVERS-EAST, GB)"
mail.customdevices.ru,1,"AS44094 (WEBHOST1-AS, RU)"
currencymeter.com,1,"AS399250 (NAMEHERO-KCDC - Name Hero, LLC, US)"
mail.cxwet.com,1,"AS14061 (DIGITALOCEAN-ASN - DigitalOcean, LLC, US)"
cyber-matrix.com,1,"AS47583 (AS-HOSTINGER, CY)"
bak002.cy2077delta.com,1,"AS14061 (DIGITALOCEAN-ASN - DigitalOcean, LLC, US)"
mail.cyanomail.com,1,"AS12586 (ASGHOSTNET, DE)"
mail.cybersex.com,1,"AS398101 (GO-DADDY-COM-LLC - GoDaddy.com, LLC, US)"
orient.cyberlinkhub.com,1,"AS14061 (DIGITALOCEAN-ASN - DigitalOcean, LLC, US)"
cybit-com.mail.protection.outlook.com,1,"AS8075 (MICROSOFT-CORP-MSN-AS-BLOCK - Microsoft Corporation, US)"
mail.cyclohexfml.ru,1,"AS12586 (ASGHOSTNET, DE)"
uk.mx1.mailanyone.net,1,"AS16509 (AMAZON-02 - Amazon.com, Inc., US)"
mail.cylindricfml.ru,1,"AS12586 (ASGHOSTNET, DE)"
mail.cytomorphmail.ru,1,"AS12586 (ASGHOSTNET, DE)"
cyti-com.mail.protection.outlook.com,1,"AS8075 (MICROSOFT-CORP-MSN-AS-BLOCK - Microsoft Corporation, US)"
mail.cz.extra-breast.info,1,"AS41079 (CF-GDA, PL)"
mail.cystouremail.com,1,"AS12586 (ASGHOSTNET, DE)"
mail.cylindrmails.ru,1,"AS12586 (ASGHOSTNET, DE)"
mail.cytopaemail.ru,1,"AS12586 (ASGHOSTNET, DE)"
mail.cytohyalmail.ru,1,"AS12586 (ASGHOSTNET, DE)"
mail.cytopathnmail.com,1,"AS12586 (ASGHOSTNET, DE)"
mail.cytoplasmifmus.ru,1,"AS12586 (ASGHOSTNET, DE)"
mail.czarinaallanigue.com,1,"AS19871 (NETWORK-SOLUTIONS-HOSTING - Network Solutions, LLC, US)"
mail.cytorsmail.ru,1,"AS12586 (ASGHOSTNET, DE)"
mail.cytostamails.ru,1,"AS12586 (ASGHOSTNET, DE)"
mail.czechoslomail.ru,1,"AS12586 (ASGHOSTNET, DE)"
d.lovepettoys.shop,1,"AS47583 (AS-HOSTINGER, CY)"
a702908.mx.mailhop.org,1,"AS16509 (AMAZON-02 - Amazon.com, Inc., US)"
d-skin.com,1,"AS205876 (HOASTED, NL)"
mail.d123.com,1,"AS29873 (BIZLAND-SD - Newfold Digital, Inc., US)"
mail.d4networks.org,1,"AS64236 (UNREAL-SERVERS - UnReal Servers, LLC, US)"
mx.d7floors.com.cust.a.hostedemail.com,1,"AS15348 (TUCOWS - Tucows.com Co., CA)"
mx.d7design.com.cust.a.hostedemail.com,1,"AS15348 (TUCOWS - Tucows.com Co., CA)"
mail.czujepismonosem.pl,1,"AS50599 (Autonomous System for Dataspace P.S.A., PL)"
mail.d88i.live,1,"AS22612 (NAMECHEAP-NET - Namecheap, Inc., US)"
mx.d7crews.com.cust.a.hostedemail.com,1,"AS15348 (TUCOWS - Tucows.com Co., CA)"
mx.d7painting.com.cust.a.hostedemail.com,1,"AS15348 (TUCOWS - Tucows.com Co., CA)"
mx.d7lights.com.cust.a.hostedemail.com,1,"AS15348 (TUCOWS - Tucows.com Co., CA)"
mx.d7electrical.com.cust.a.hostedemail.com,1,"AS15348 (TUCOWS - Tucows.com Co., CA)"
mx.d7solar.com.cust.a.hostedemail.com,1,"AS15348 (TUCOWS - Tucows.com Co., CA)"
mx.d7paving.com.cust.a.hostedemail.com,1,"AS15348 (TUCOWS - Tucows.com Co., CA)"
mail.czytnik-rss.pl,1,"AS20853 (ETOP-AS, PL)"
mail.dacryocymail.ru,1,"AS12586 (ASGHOSTNET, DE)"
mail.dactyliofm.ru,1,"AS12586 (ASGHOSTNET, DE)"
mail.dacryocyfl.com,1,"AS12586 (ASGHOSTNET, DE)"
mail.dacryohemail.com,1,"AS12586 (ASGHOSTNET, DE)"
mail.dacrymail.com,1,"AS12586 (ASGHOSTNET, DE)"
mail.dailypublish.com,1,"AS63949 (AKAMAI-LINODE-AP Akamai Connected Cloud, SG)"
mail.dailybrewreviews.com,1,"AS204601 (PODAON, NL)"
dab.ro,1,"AS203053 (CLAUSWEB, RO)"
mail.cumonteenass.com,1,"AS56485 (THEHOST-AS, UA)"
mail.crypto-mmm.com,1,"AS212461 (NEMTCOV, RU)"
mail.daemsteam.com,1,"AS25151 (CYSO-AS, NL)"
dalyoko.com,1,"AS24940 (HETZNER-AS, DE)"
dakaka.org,1,"AS7506 (INTERQ GMO Internet Group, Inc., JP)"
mail.dammexe.net,1,"AS46606 (UNIFIEDLAYER-AS-1 - Unified Layer, US)"
danamail-com.mail.protection.outlook.com,1,"AS8075 (MICROSOFT-CORP-MSN-AS-BLOCK - Microsoft Corporation, US)"
damiancronin-co-uk.mail.protection.outlook.com,1,"AS8075 (MICROSOFT-CORP-MSN-AS-BLOCK - Microsoft Corporation, US)"
mail.tmbi.co.uk,1,"AS8560 (IONOS-AS This is the joint network for IONOS, Fasthosts, Arsys, 1&1 Mail and Media and 1&1 Telecom. Formerly known as 1&1 Internet SE., DE)"
mail.daneral.com,1,"AS14061 (DIGITALOCEAN-ASN - DigitalOcean, LLC, US)"
danmoulson-com.mail.protection.outlook.com,1,"AS8075 (MICROSOFT-CORP-MSN-AS-BLOCK - Microsoft Corporation, US)"
_dc-mx.c8f1bbdc7892.dapetjackpot.com,1,"AS51167 (CONTABO, DE)"
mail.dark2web.art,1,"AS16276 (OVH, FR)"
mail.darktrace.com,1,"AS16509 (AMAZON-02 - Amazon.com, Inc., US)"
mx1.darpun.xyz,1,"AS200107 (KL-EXT, CH)"
mail.data-bricks.com,1,"AS31898 (ORACLE-BMC-31898 - Oracle Corporation, US)"
databriicks-com.mail.protection.outlook.com,1,"AS8075 (MICROSOFT-CORP-MSN-AS-BLOCK - Microsoft Corporation, US)"
server.datanumen.com,1,"AS22611 (INMOTION - InMotion Hosting, Inc., US)"
mail.datarecovery.net,1,"AS25956 (LOGIXCOMM-AS4 - Logix, US)"
mx1.5smail.email,1,
dataorbot-com.mail.protection.outlook.com,1,"AS8075 (MICROSOFT-CORP-MSN-AS-BLOCK - Microsoft Corporation, US)"
darty.biz.st,1,"AS16276 (OVH, FR)"
mail.dashz.top,1,"AS16276 (OVH, FR)"
mail.dartsgirls.com,1,"AS24940 (HETZNER-AS, DE)"
e.datamzone.com,1,"AS14061 (DIGITALOCEAN-ASN - DigitalOcean, LLC, US)"
mail.datsun.com,1,"AS23724 (CHINANET-IDC-BJ-AP IDC, China Telecommunications Corporation, CN)"
mail.daviddjroy.com,1,"AS16276 (OVH, FR)"
mail.davdata.nl,1,"AS20857 (TRANSIP-AS Amsterdam, the Netherlands, NL)"
davenstore.com,1,"AS38767 (IDNIC-AMSCLOUD-AS-ID PT Awan Media Semesta, ID)"
dazere-info.mail.protection.outlook.com,1,
mail.dbmail.one,1,"AS20473 (AS-VULTR - The Constant Company, LLC, US)"
dbdrainagenottingham.co.uk,1,"AS44043 (CYBER_FOLKS-RO-DC_CLJ, RO)"
194019900.pamx1.hotmail.com,1,"AS8075 (MICROSOFT-CORP-MSN-AS-BLOCK - Microsoft Corporation, US)"
mail.dauer.de,1,"AS3320 (DTAG Internet service provider operations, DE)"
mail.dboso.com,1,"AS14061 (DIGITALOCEAN-ASN - DigitalOcean, LLC, US)"
scrubber.dca.net,1,"AS6372 (DCANET - DCANet, US)"
dcbs-com.mail.protection.outlook.com,1,"AS8075 (MICROSOFT-CORP-MSN-AS-BLOCK - Microsoft Corporation, US)"
mx0.dcharter.net,1,"AS19318 (IS-AS-1 - Interserver, Inc, US)"
dccpl.com,1,"AS46606 (UNIFIEDLAYER-AS-1 - Unified Layer, US)"
dchase.com,1,"AS54641 (IMH-IAD - InMotion Hosting, Inc., US)"
a594668.mx.mailhop.org,1,"AS16509 (AMAZON-02 - Amazon.com, Inc., US)"
dcodax.net,1,"AS51167 (CONTABO, DE)"
mail.ddns.net,1,"AS16582 (NEXTLEVELINTERNET - NEXT LEVEL INTERNET, INC., US)"
mx4.hanmail.net,1,"AS152199 (KAKAOCORP-AS-KR Kakao Corp, KR)"
_dc-mx.341ec8cc6375.ddsongyy.com,1,"AS19871 (NETWORK-SOLUTIONS-HOSTING - Network Solutions, LLC, US)"
mail.de.extra-breast.info,1,"AS41079 (CF-GDA, PL)"
dcepl.com,1,"AS24940 (HETZNER-AS, DE)"
mail.deadspam.com,1,"AS22612 (NAMECHEAP-NET - Namecheap, Inc., US)"
_dc-mx.6144400e003b.deagot.com,1,"AS965 (WEBHOSTINGHOLDINGS - Webhosting Holdings LLC, US)"
mail.de-a.org,1,"AS36351 (SOFTLAYER - IBM Cloud, US)"
ddataintegrasi.com,1,"AS131775 (IDNIC-JALANET-AS-ID PT. Jupiter Jala Arta, ID)"
w015020f.kasserver.com,1,"AS34788 (NMM-AS D - 02742 Friedersdorf Hauptstrasse 68, DE)"
debatehistory.com,1,"AS46606 (UNIFIEDLAYER-AS-1 - Unified Layer, US)"
debtrelief.us,1,"AS24940 (HETZNER-AS, DE)"
mail.deaminemail.ru,1,"AS12586 (ASGHOSTNET, DE)"
mail.deambml.ru,1,"AS12586 (ASGHOSTNET, DE)"
deathbycounciltax.com,1,"AS7393 (CYBERCON - CYBERCON, INC., US)"
mail.ddn.kz,1,"AS200962 (CITICOM , KZ)"
mail.deceit.pro,1,"AS47583 (AS-HOSTINGER, CY)"
mail.deciemail.ru,1,"AS12586 (ASGHOSTNET, DE)"
dealsonland.us,1,"AS22612 (NAMECHEAP-NET - Namecheap, Inc., US)"
mail.decarboxylruby.ru,1,"AS12586 (ASGHOSTNET, DE)"
mail.deckerdesign.co,1,"AS46606 (UNIFIEDLAYER-AS-1 - Unified Layer, US)"
mail.decentralimail.ru,1,"AS12586 (ASGHOSTNET, DE)"
mail.debitummail.com,1,"AS12586 (ASGHOSTNET, DE)"
decard-io.mail.protection.outlook.com,1,"AS8075 (MICROSOFT-CORP-MSN-AS-BLOCK - Microsoft Corporation, US)"
mail.decalcs.com,1,"AS12586 (ASGHOSTNET, DE)"
mail.decimalimyu.ru,1,"AS12586 (ASGHOSTNET, DE)"
mail.decarboni.ru,1,"AS12586 (ASGHOSTNET, DE)"
mail.decertifimail.ru,1,"AS12586 (ASGHOSTNET, DE)"
mail.decontammail.ru,1,"AS12586 (ASGHOSTNET, DE)"
mail.decalcifility.ru,1,"AS12586 (ASGHOSTNET, DE)"
mail.dedmail.com,1,"AS20473 (AS-VULTR - The Constant Company, LLC, US)"
mail.decoraemi.com,1,"AS12586 (ASGHOSTNET, DE)"
mail.dedifast.taxi,1,"AS42831 (UKSERVERS-AS UK Dedicated Servers, Hosting and Co-Location, GB)"
mail.dedifferemail.com,1,"AS12586 (ASGHOSTNET, DE)"
tempmail.dearmer.xyz,1,"AS395954 (LEASEWEB-USA-LAX - Leaseweb USA, Inc., US)"
deep-com.mail.protection.outlook.com,1,"AS8075 (MICROSOFT-CORP-MSN-AS-BLOCK - Microsoft Corporation, US)"
mail.deducmalis.com,1,"AS12586 (ASGHOSTNET, DE)"
cluster6.netcore.co.in,1,"AS33480 (WEBWERKSAS1 - Web Werks, US)"
deeplc.com,1,"AS30455 (HOSTVENOM-LLC - HostVenom LLC, US)"
deeply-com.mail.protection.outlook.com,1,"AS8075 (MICROSOFT-CORP-MSN-AS-BLOCK - Microsoft Corporation, US)"
mail.deepml.com,1,"AS400754 (GO-DADDY-COM-LLC - GoDaddy.com, LLC, US)"
mail.plainpicture.com,1,"AS24940 (HETZNER-AS, DE)"
mail.definingjtl.com,1,"AS47583 (AS-HOSTINGER, CY)"
mail.defibrilfl.com,1,"AS12586 (ASGHOSTNET, DE)"
mx0.defandit.com,1,"AS25697 (UPCLOUDUSA - UpCloud USA Inc, US)"
dede.infos.st,1,"AS16276 (OVH, FR)"
mail.deformamail.ru,1,"AS12586 (ASGHOSTNET, DE)"
mail.deflagramale.com,1,"AS12586 (ASGHOSTNET, DE)"
defomail-com.mail.protection.outlook.com,1,"AS8075 (MICROSOFT-CORP-MSN-AS-BLOCK - Microsoft Corporation, US)"
mail.defibrils.com,1,"AS12586 (ASGHOSTNET, DE)"
mail.defendjo.ru,1,"AS12586 (ASGHOSTNET, DE)"
deepstore.site,1,"AS58487 (CRI-AS-AP CV. Rumahweb Indonesia, ID)"
bak003.degetul.com,1,"AS14061 (DIGITALOCEAN-ASN - DigitalOcean, LLC, US)"
degap.fr.nf,1,"AS16276 (OVH, FR)"
box.theultr.com,1,"AS63949 (AKAMAI-LINODE-AP Akamai Connected Cloud, SG)"
mail.dehonestebml.ru,1,"AS12586 (ASGHOSTNET, DE)"
mail.dehydrormyu.ru,1,"AS12586 (ASGHOSTNET, DE)"
mx.adept.co.za,1,"AS15022 (ADEPT-, ZA)"
mail.delineruby.ru,1,"AS12586 (ASGHOSTNET, DE)"
mail.datamind.icu,1,
s88.goserver.host,1,"AS48324 (DE-WEBGO www.webgo.de, DE)"
mail.delorex.com,1,"AS14061 (DIGITALOCEAN-ASN - DigitalOcean, LLC, US)"
mail.delimitsemail.com,1,"AS12586 (ASGHOSTNET, DE)"
mxa-00154901.gslb.pphosted.com,1,"AS26211 (PROOFPOINT-ASN-US-WEST - Proofpoint, Inc., US)"
mail.delicruez.com,1,"AS53667 (PONYNET - FranTech Solutions, US)"
mail.dematerialimail.com,1,"AS12586 (ASGHOSTNET, DE)"
mail.dematerimails.ru,1,"AS12586 (ASGHOSTNET, DE)"
deltadentalcoversme-com.mail.protection.outlook.com,1,"AS8075 (MICROSOFT-CORP-MSN-AS-BLOCK - Microsoft Corporation, US)"
mail.demobilimails.ru,1,"AS12586 (ASGHOSTNET, DE)"
mail.demainmail.com,1,"AS12586 (ASGHOSTNET, DE)"
_dc-mx.5c8dd0967c28.dencxvo.com,1,"AS51167 (CONTABO, DE)"
mail.demonimail.ru,1,"AS12586 (ASGHOSTNET, DE)"
mail.demonstra.ru,1,"AS12586 (ASGHOSTNET, DE)"
mail.demineemail.ru,1,"AS12586 (ASGHOSTNET, DE)"
mail.democratim.com,1,"AS12586 (ASGHOSTNET, DE)"
mail.deltabox.cfd,1,"AS24940 (HETZNER-AS, DE)"
mail.denaturime.ru,1,"AS12586 (ASGHOSTNET, DE)"
demytholomail.com,1,"AS213702 (QWINS-LTD QWINS AS-SET: ~ # AS213702:AS-CUSTOMERS, GB)"
mail.demoraemail.ru,1,"AS12586 (ASGHOSTNET, DE)"
mail.density2v.com,1,"AS47583 (AS-HOSTINGER, CY)"
mail.demineramity.ru,1,"AS12586 (ASGHOSTNET, DE)"
mail.densebpoqq.com,1,"AS47583 (AS-HOSTINGER, CY)"
mail.denatioemail.ru,1,"AS12586 (ASGHOSTNET, DE)"
mail.demonetmails.ru,1,"AS12586 (ASGHOSTNET, DE)"
mail.denitrificmfri.com,1,"AS12586 (ASGHOSTNET, DE)"
mail.denitrifimail.ru,1,"AS12586 (ASGHOSTNET, DE)"
mail.denmail.ru,1,"AS12586 (ASGHOSTNET, DE)"
mail.denominamail.com,1,"AS12586 (ASGHOSTNET, DE)"
dentalplans-com.mail.protection.outlook.com,1,"AS8075 (MICROSOFT-CORP-MSN-AS-BLOCK - Microsoft Corporation, US)"
dentalinsurance-com.mail.protection.outlook.com,1,"AS8075 (MICROSOFT-CORP-MSN-AS-BLOCK - Microsoft Corporation, US)"
mail.haocall.com,1,"AS45090 (TENCENT-NET-AP Shenzhen Tencent Computer Systems Company Limited, CN)"
denvergeek-com.mail.protection.outlook.com,1,"AS8075 (MICROSOFT-CORP-MSN-AS-BLOCK - Microsoft Corporation, US)"
mail.demand.pictures,1,"AS16276 (OVH, FR)"
_dc-mx.6b5d774e4b94.denyfromall.org,1,"AS34119 (WILDCARD-AS Wildcard UK Limited, GB)"
mail.denumerali.com,1,"AS12586 (ASGHOSTNET, DE)"
mail.depersonalmail.ru,1,"AS12586 (ASGHOSTNET, DE)"
mail.depersonainf.com,1,"AS12586 (ASGHOSTNET, DE)"
dependenceuds.ru,1,"AS213702 (QWINS-LTD QWINS AS-SET: ~ # AS213702:AS-CUSTOMERS, GB)"
mail.deplorabruby.ru,1,"AS12586 (ASGHOSTNET, DE)"
mail.depopulils.ru,1,"AS12586 (ASGHOSTNET, DE)"
mail.depreciamail.ru,1,"AS12586 (ASGHOSTNET, DE)"
mail.derkombi.de,1,
mail.deregumail.com,1,"AS12586 (ASGHOSTNET, DE)"
mail.depoteemi.com,1,"AS12586 (ASGHOSTNET, DE)"
mail.deregml.ru,1,"AS12586 (ASGHOSTNET, DE)"
mail.depolarebml.ru,1,"AS12586 (ASGHOSTNET, DE)"
mail.deregumail.ru,1,"AS12586 (ASGHOSTNET, DE)"
mx5.spamtador.com,1,"AS12338 (EUSKALTEL, ES)"
mail.dermatocmail.com,1,"AS12586 (ASGHOSTNET, DE)"
mail.dermatotmale.com,1,"AS12586 (ASGHOSTNET, DE)"
mail.derluxuswagen.de,1,
mail.desalmail.ru,1,"AS12586 (ASGHOSTNET, DE)"
mail.derrenmail.com,1,"AS12586 (ASGHOSTNET, DE)"
mail.designtile.info,1,
mail.dermatosclmails.ru,1,"AS12586 (ASGHOSTNET, DE)"
mail.dermagmail.ru,1,"AS12586 (ASGHOSTNET, DE)"
mail.dermatomyruby.ru,1,"AS12586 (ASGHOSTNET, DE)"
mail.dermatomails.ru,1,"AS12586 (ASGHOSTNET, DE)"
a634648.mx.mailhop.org,1,"AS16509 (AMAZON-02 - Amazon.com, Inc., US)"
designbuildsd-com.mail.protection.outlook.com,1,"AS8075 (MICROSOFT-CORP-MSN-AS-BLOCK - Microsoft Corporation, US)"
_dc-mx.e6e5bf388ada.designog.com,1,"AS22612 (NAMECHEAP-NET - Namecheap, Inc., US)"
mail.desedumail.com,1,"AS12586 (ASGHOSTNET, DE)"
desfrenes.fr.nf,1,"AS16276 (OVH, FR)"
mx.descargalo.org,1,"AS29873 (BIZLAND-SD - Newfold Digital, Inc., US)"
mx1.hostinger.mx,1,"AS13335 (CLOUDFLARENET - Cloudflare, Inc., US)"
mail.desoz.com,1,"AS24940 (HETZNER-AS, DE)"
mail.desoxycortimail.com,1,"AS12586 (ASGHOSTNET, DE)"
deskmail.xyz,1,"AS16276 (OVH, FR)"
mail.deteceaaemail.ru,1,"AS12586 (ASGHOSTNET, DE)"
mail.despmail.com,1,"AS12586 (ASGHOSTNET, DE)"
mail.detexx.com,1,"AS14144 (ADMIN-ON-DEMAND-LLC - Admin on Demand, LLC, US)"
mail.detesta.ru,1,"AS12586 (ASGHOSTNET, DE)"
mail.desulfemail.ru,1,"AS12586 (ASGHOSTNET, DE)"
_dc-mx.7f5e9f195dcc.detran.site,1,"AS63023 (AS-GLOBALTELEHOST - GTHost, US)"
mail.detribaliils.ru,1,"AS12586 (ASGHOSTNET, DE)"
detachmail.com,1,"AS213702 (QWINS-LTD QWINS AS-SET: ~ # AS213702:AS-CUSTOMERS, GB)"
mail.detikcapsa.org,1,"AS22612 (NAMECHEAP-NET - Namecheap, Inc., US)"
mail.detmail.ru,1,"AS12586 (ASGHOSTNET, DE)"
mail.developermail.com,1,
mail.dev.mrotzis.com,1,"AS24940 (HETZNER-AS, DE)"
mail.dev.bcm.edu.pl,1,"AS16276 (OVH, FR)"
mail.determail.ru,1,"AS12586 (ASGHOSTNET, DE)"
mail.devbike.com,1,"AS14061 (DIGITALOCEAN-ASN - DigitalOcean, LLC, US)"
mailserver66.chickenkiller.com,1,"AS31898 (ORACLE-BMC-31898 - Oracle Corporation, US)"
dev-omarplayz-eu-org.mail.protection.outlook.com,1,"AS8075 (MICROSOFT-CORP-MSN-AS-BLOCK - Microsoft Corporation, US)"
mail.dev.semar.edu.pl,1,"AS16276 (OVH, FR)"
malibuzz.devere-malta.com,1,"AS51167 (CONTABO, DE)"
detoro-com.inbound.emailservice.io,1,"AS14618 (AMAZON-AES - Amazon.com, Inc., US)"
developmmail.com,1,"AS213702 (QWINS-LTD QWINS AS-SET: ~ # AS213702:AS-CUSTOMERS, GB)"
mail.devitrmail.ru,1,"AS12586 (ASGHOSTNET, DE)"
mail.detektywenigma.pl,1,"AS50599 (Autonomous System for Dataspace P.S.A., PL)"
mail.chachyn.site,1,"AS16276 (OVH, FR)"
mx.chacuo.net,1,"AS37963 (ALIBABA-CN-NET Hangzhou Alibaba Advertising Co.,Ltd., CN)"
chace-com.mail.protection.outlook.com,1,"AS8075 (MICROSOFT-CORP-MSN-AS-BLOCK - Microsoft Corporation, US)"
mx00.ionos.mx,1,"AS8560 (IONOS-AS This is the joint network for IONOS, Fasthosts, Arsys, 1&1 Mail and Media and 1&1 Telecom. Formerly known as 1&1 Internet SE., DE)"
mail.detash.kg,1,"AS48271 (CITY-TELECOM-AS, KG)"
d348389a.ess.barracudanetworks.com,1,"AS16509 (AMAZON-02 - Amazon.com, Inc., US)"
chade-com.mail.protection.outlook.com,1,"AS8075 (MICROSOFT-CORP-MSN-AS-BLOCK - Microsoft Corporation, US)"
mail.dezedd.com,1,"AS47583 (AS-HOSTINGER, CY)"
dexmail.icu,1,"AS16276 (OVH, FR)"
mail.devly.site,1,"AS141995 (CAPL-AS-AP Contabo Asia Private Limited, SG)"
mail.ch-centre-bretagne.fr,1,"AS212208 (GCS_RTB-AS, FR)"
cgw.fr.nf,1,"AS15557 (LDCOMNET --- I3Dnet ---, FR)"
dewabola303.com,1,"AS396356 (LATITUDE-SH - Latitude.sh, US)"
mail.dfirstmail.com,1,"AS12586 (ASGHOSTNET, DE)"
mail.dgepl.com,1,"AS46606 (UNIFIEDLAYER-AS-1 - Unified Layer, US)"
mailcrab.dataforce.org.uk,1,"AS15490 (SHANEMCC, GB)"
mail.dezcentr56.ru,1,"AS44094 (WEBHOST1-AS, RU)"
mx.dhbusinesstrade.info,1,"AS14061 (DIGITALOCEAN-ASN - DigitalOcean, LLC, US)"
dgse.infos.st,1,"AS16276 (OVH, FR)"
mail.dhnow.com,1,"AS14061 (DIGITALOCEAN-ASN - DigitalOcean, LLC, US)"
apt.hldns.ru,1,"AS20473 (AS-VULTR - The Constant Company, LLC, US)"
mx-vip-02.kinghost.net,1,"AS28299 (LWSA SA, BR)"
mx.diablogold.net,1,"AS14061 (DIGITALOCEAN-ASN - DigitalOcean, LLC, US)"
mx1.diablo3character.com,1,"AS200107 (KL-EXT, CH)"
mail.diabomail.com,1,"AS12586 (ASGHOSTNET, DE)"
mail.diagonalli.com,1,"AS12586 (ASGHOSTNET, DE)"
dhanaramarine.com,1,"AS52148 (ENIXLTD, GB)"
mail.dialypemail.ru,1,"AS12586 (ASGHOSTNET, DE)"
dibtec-store.mail.protection.outlook.com,1,
mail.dialorsmail.ru,1,"AS12586 (ASGHOSTNET, DE)"
mail.diapense.com,1,"AS12586 (ASGHOSTNET, DE)"
mail.diastereoemail.ru,1,"AS12586 (ASGHOSTNET, DE)"
newman-dfw-lin.mirus.io,1,"AS63949 (AKAMAI-LINODE-AP Akamai Connected Cloud, SG)"
mail.diastereoimail.com,1,"AS12586 (ASGHOSTNET, DE)"
mail.diatonmail.ru,1,"AS12586 (ASGHOSTNET, DE)"
mail.diathermail.ru,1,"AS12586 (ASGHOSTNET, DE)"
mail.diddyricky.info,1,"AS203446 (AS203446, GB)"
diariodigital.info,1,"AS16276 (OVH, FR)"
dewajudi.org,1,"AS26496 (AS-26496-GO-DADDY-COM-LLC - GoDaddy.com, LLC, US)"
mail.dichvulike.info,1,"AS135932 (VNDATA-AS-VN Viet Storage Technology Joint Stock Company, VN)"
mail.diddyricky.store,1,"AS203446 (AS203446, GB)"
mail-hetzner01.teamorange.hu,1,"AS24940 (HETZNER-AS, DE)"
mail.diatherm.ru,1,"AS12586 (ASGHOSTNET, DE)"
mail.dictatmail.ru,1,"AS12586 (ASGHOSTNET, DE)"
mail.diaphormails.ru,1,"AS12586 (ASGHOSTNET, DE)"
mail.diddyricky.com,1,"AS203446 (AS203446, GB)"
mail.diddyricky.fr,1,"AS203446 (AS203446, GB)"
mail.didix.ru,1,"AS12876 (Online SAS, FR)"
mail.dietna.com,1,"AS14061 (DIGITALOCEAN-ASN - DigitalOcean, LLC, US)"
mail.diablodawg.com,1,"AS29182 (RU-JSCIOT, RU)"
mail.dianetiks.ru,1,"AS214172 (PURESERVERS, HK)"
mail.diffusifmk.com,1,"AS12586 (ASGHOSTNET, DE)"
mail.differentimfri.com,1,"AS12586 (ASGHOSTNET, DE)"
mail.differentfmail.ru,1,"AS12586 (ASGHOSTNET, DE)"
mail.difficilemail.com,1,"AS12586 (ASGHOSTNET, DE)"
mail.diffusmail.ru,1,"AS12586 (ASGHOSTNET, DE)"
mail.digitalcourier.xyz,1,"AS20473 (AS-VULTR - The Constant Company, LLC, US)"
mail.digitaemail.ru,1,"AS12586 (ASGHOSTNET, DE)"
mail.bepress.com,1,"AS16509 (AMAZON-02 - Amazon.com, Inc., US)"
mail.digestimail.ru,1,"AS12586 (ASGHOSTNET, DE)"
mail.digitalparcels.xyz,1,"AS20473 (AS-VULTR - The Constant Company, LLC, US)"
mail.digitalesbusiness.info,1,"AS34240 (MANITU, DE)"
digitalfocuses.com,1,"AS52148 (ENIXLTD, GB)"
mail.digitalbox4.com,1,"AS63410 (PRIVATESYSTEMS - PrivateSystems Networks, US)"
_dc-mx.ee20739d611e.digitaltransarchive.net,1,"AS46606 (UNIFIEDLAYER-AS-1 - Unified Layer, US)"
fran4.symbolhost.com,1,"AS16276 (OVH, FR)"
mail.diiodotmails.ru,1,"AS12586 (ASGHOSTNET, DE)"
digitalproductprovider.com,1,"AS148993 (DIANAHOSTLTD-AS-AP Diana Host Ltd, BD)"
mail.dihydrostrepio.com,1,"AS12586 (ASGHOSTNET, DE)"
mail.dilatatfmus.ru,1,"AS12586 (ASGHOSTNET, DE)"
nguyendoll.site,1,
mx2.diigo.club,1,"AS200107 (KL-EXT, CH)"
digitaluds.ru,1,"AS213702 (QWINS-LTD QWINS AS-SET: ~ # AS213702:AS-CUSTOMERS, GB)"
mail.dimalary.ru,1,"AS12586 (ASGHOSTNET, DE)"
mxa-00085101.gslb.pphosted.com,1,"AS26211 (PROOFPOINT-ASN-US-WEST - Proofpoint, Inc., US)"
dinero-real.com,1,
mail.dimethylsuic.com,1,"AS12586 (ASGHOSTNET, DE)"
mail.dimensionfmail.com,1,"AS12586 (ASGHOSTNET, DE)"
dimethylnmail.com,1,"AS213702 (QWINS-LTD QWINS AS-SET: ~ # AS213702:AS-CUSTOMERS, GB)"
mail.dinamuradrealestateagentglendaleaz.com,1,"AS46606 (UNIFIEDLAYER-AS-1 - Unified Layer, US)"
mx.dinorc.com.cust.b.hostedemail.com,1,"AS32491 (TUCOWS-3 - Tucows.com Co., CA)"
mail.diosfkml.ru,1,"AS12586 (ASGHOSTNET, DE)"
mail.diphenyle.ru,1,"AS12586 (ASGHOSTNET, DE)"
mail.dinkmail.com,1,"AS37153 (xneelo, ZA)"
mail.diplofml.com,1,"AS12586 (ASGHOSTNET, DE)"
mail.diplo.edu.pl,1,"AS16276 (OVH, FR)"
mail.diplom-v-kaluge.ru,1,"AS197695 (AS-REG, RU)"
mail.diplefml.com,1,"AS12586 (ASGHOSTNET, DE)"
mail.dipsomemail.ru,1,"AS12586 (ASGHOSTNET, DE)"
mail.dipterocarpmail.ru,1,"AS12586 (ASGHOSTNET, DE)"
mail.diplom-voronesh.ru,1,"AS197695 (AS-REG, RU)"
mail.diplom-v-ulyanovske.ru,1,"AS197695 (AS-REG, RU)"
mail.dipoelast.ru,1,"AS197695 (AS-REG, RU)"
mail.diplomy-v-orenburge.ru,1,"AS197695 (AS-REG, RU)"
dinqx-com.mail.protection.outlook.com,1,"AS8075 (MICROSOFT-CORP-MSN-AS-BLOCK - Microsoft Corporation, US)"
a34-mta04.direcpc.com,1,"AS6621 (HNS-DIRECPC - Hughes Network Systems, LLC, US)"
mail.chalcomail.com,1,"AS12586 (ASGHOSTNET, DE)"
mx0a-00191d01.pphosted.com,1,"AS26211 (PROOFPOINT-ASN-US-WEST - Proofpoint, Inc., US)"
mail.disagreinf.com,1,"AS12586 (ASGHOSTNET, DE)"
mail.chaneymonge.us,1,"AS40926 (SURFAIRWIRELESS-IL-01 - Surf Air Wireless, LLC, US)"
mail.disaffilfml.com,1,"AS12586 (ASGHOSTNET, DE)"
mail.disamail.ru,1,"AS12586 (ASGHOSTNET, DE)"
disabilityapplicationhelp-org.mail.protection.outlook.com,1,"AS8075 (MICROSOFT-CORP-MSN-AS-BLOCK - Microsoft Corporation, US)"
mail.disassocimfri.com,1,"AS12586 (ASGHOSTNET, DE)"
mail.disassrsmail.ru,1,"AS12586 (ASGHOSTNET, DE)"
amx2.xworks.net,1,"AS205542 (DATAHAUS, DE)"
chadgpt-com.mail.protection.outlook.com,1,"AS8075 (MICROSOFT-CORP-MSN-AS-BLOCK - Microsoft Corporation, US)"
disabilityclaimssolutions.com,1,"AS32244 (LIQUIDWEB - Liquid Web, L.L.C, US)"
mail.disaffecfmail.ru,1,"AS12586 (ASGHOSTNET, DE)"
mail.disartiemail.ru,1,"AS12586 (ASGHOSTNET, DE)"
mail.disciplmails.ru,1,"AS12586 (ASGHOSTNET, DE)"
mail.disciplin.ru,1,"AS12586 (ASGHOSTNET, DE)"
mail.dymarent.cfd,1,"AS203446 (AS203446, GB)"
mail.disciplinaruby.ru,1,"AS12586 (ASGHOSTNET, DE)"
mail.dynarix.cfd,1,"AS203446 (AS203446, GB)"
mail.disconfofkml.ru,1,"AS12586 (ASGHOSTNET, DE)"
mail.disciplimail.ru,1,"AS12586 (ASGHOSTNET, DE)"
mail.discoblmail.com,1,"AS12586 (ASGHOSTNET, DE)"
mail.disconml.ru,1,"AS12586 (ASGHOSTNET, DE)"
mail.discompofml.ru,1,"AS12586 (ASGHOSTNET, DE)"
dynastyantique.com,1,"AS22611 (INMOTION - InMotion Hosting, Inc., US)"
mail.discontrsmail.ru,1,"AS12586 (ASGHOSTNET, DE)"
mail.discoplus.ca,1,"AS14102 (GTVR - Transvision Reseau Inc., CA)"
mail.discontmalis.com,1,"AS12586 (ASGHOSTNET, DE)"
mail.chapsmail.com,1,"AS16276 (OVH, FR)"
dyndns-org.mail.protection.outlook.com,1,"AS8075 (MICROSOFT-CORP-MSN-AS-BLOCK - Microsoft Corporation, US)"
dynabird.sakura.ne.jp,1,"AS9371 (SAKURA-C SAKURA Internet Inc., JP)"
mail.discontfmail.ru,1,"AS12586 (ASGHOSTNET, DE)"
mail.charactesemail.com,1,"AS12586 (ASGHOSTNET, DE)"
mail.chapterfmail.com,1,"AS12586 (ASGHOSTNET, DE)"
charactmail.com,1,"AS213702 (QWINS-LTD QWINS AS-SET: ~ # AS213702:AS-CUSTOMERS, GB)"
mail.discontinsalo.ru,1,"AS12586 (ASGHOSTNET, DE)"
discoverlosangeles-com.mail.protection.outlook.com,1,"AS8075 (MICROSOFT-CORP-MSN-AS-BLOCK - Microsoft Corporation, US)"
mail.chargehosting.com,1,"AS215481 (FLEXYNODE-AS, NL)"
mail.dyspituio.com,1,"AS12586 (ASGHOSTNET, DE)"
mail.discouragefmail.com,1,"AS12586 (ASGHOSTNET, DE)"
mail.chargeamail.ru,1,"AS12586 (ASGHOSTNET, DE)"
discussion.website,1,"AS55470 (CYFUTURE-AS-IN Cyfuture India Pvt. Ltd., IN)"
mxa-001d7a03.gslb.pphosted.com,1,"AS22843 (PROOFPOINT-ASN-US-EAST - Proofpoint, Inc., US)"
weasel.ninja,1,"AS14061 (DIGITALOCEAN-ASN - DigitalOcean, LLC, US)"
mail2.ianpullen.com,1,"AS63949 (AKAMAI-LINODE-AP Akamai Connected Cloud, SG)"
psv4xz4pc44z.fips.yxbq.mail-manager-smtp.amazonaws.com,1,"AS16509 (AMAZON-02 - Amazon.com, Inc., US)"
mail.disefl.com,1,"AS16276 (OVH, FR)"
mail.discufmail.ru,1,"AS12586 (ASGHOSTNET, DE)"
charmingfaredemo.com,1,"AS19871 (NETWORK-SOLUTIONS-HOSTING - Network Solutions, LLC, US)"
charlies-com.mail.protection.outlook.com,1,"AS8075 (MICROSOFT-CORP-MSN-AS-BLOCK - Microsoft Corporation, US)"
mx.expedient.net,1,"AS17054 (EXPEDIENT - Expedient, US)"
mx.dishmail.net,1,
mail.disingme.ru,1,"AS12586 (ASGHOSTNET, DE)"
mail.disintmalary.ru,1,"AS12586 (ASGHOSTNET, DE)"
mail.dishonorabmail.ru,1,"AS12586 (ASGHOSTNET, DE)"
mail.dishoils.ru,1,"AS12586 (ASGHOSTNET, DE)"
disneyplus-com.mail.protection.outlook.com,1,"AS8075 (MICROSOFT-CORP-MSN-AS-BLOCK - Microsoft Corporation, US)"
mail.disincorpormail.ru,1,"AS12586 (ASGHOSTNET, DE)"
mail.disobemail.ru,1,"AS12586 (ASGHOSTNET, DE)"
mail.disingenuouomail.ru,1,"AS12586 (ASGHOSTNET, DE)"
mail.dispensafmk.com,1,"AS12586 (ASGHOSTNET, DE)"
mx1.disposabl.com,1,"AS209243 (QUICKHOSTUK, GB)"
displays2go-com.mail.protection.outlook.com,1,"AS8075 (MICROSOFT-CORP-MSN-AS-BLOCK - Microsoft Corporation, US)"
chasecom-com.mail.protection.outlook.com,1,"AS8075 (MICROSOFT-CORP-MSN-AS-BLOCK - Microsoft Corporation, US)"
mail.disobedifml.com,1,"AS12586 (ASGHOSTNET, DE)"
mail.charms-shop.com,1,"AS16276 (OVH, FR)"
_dc-mx.2f98926d9db1.disposable-temporary-email.com,1,"AS213230 (HETZNER-CLOUD2-AS, DE)"
mail.disposableinbox.xyz,1,"AS20473 (AS-VULTR - The Constant Company, LLC, US)"
mail.disincorml.ru,1,"AS12586 (ASGHOSTNET, DE)"
mail.chass.com,1,"AS19871 (NETWORK-SOLUTIONS-HOSTING - Network Solutions, LLC, US)"
mx1.disposeamail.com,1,"AS14061 (DIGITALOCEAN-ASN - DigitalOcean, LLC, US)"
mx.chasel.com,1,"AS29873 (BIZLAND-SD - Newfold Digital, Inc., US)"
chasek.com,1,"AS31898 (ORACLE-BMC-31898 - Oracle Corporation, US)"
mail.chatbelgique.com,1,"AS22653 (GLOBALCOMPASS - Cyber Wurx LLC, US)"
mail.disposablemail.com,1,"AS16276 (OVH, FR)"
mail.disproportiomail.com,1,"AS12586 (ASGHOSTNET, DE)"
mail.disproportionaio.com,1,"AS12586 (ASGHOSTNET, DE)"
bslmsn.dissertationwritingtops.com,1,"AS209605 (HOSTBALTIC, LT)"
mail1.g18.pair.com,1,"AS7859 (PAIR-NETWORKS - pair Networks, US)"
mail.charolottetimes46.com,1,"AS51167 (CONTABO, DE)"
mail.disqualimails.ru,1,"AS12586 (ASGHOSTNET, DE)"
mail.disqualific.com,1,"AS12586 (ASGHOSTNET, DE)"
chatbotbuilder-ai.mail.protection.outlook.com,1,"AS8075 (MICROSOFT-CORP-MSN-AS-BLOCK - Microsoft Corporation, US)"
mail.disproportionmail.ru,1,"AS12586 (ASGHOSTNET, DE)"
dist-com.mail.protection.outlook.com,1,"AS8075 (MICROSOFT-CORP-MSN-AS-BLOCK - Microsoft Corporation, US)"
mail.dispostable.com,1,"AS14061 (DIGITALOCEAN-ASN - DigitalOcean, LLC, US)"
mail.disproportmails.ru,1,"AS12586 (ASGHOSTNET, DE)"
mail.chatfrenchguiana.com,1,"AS22653 (GLOBALCOMPASS - Cyber Wurx LLC, US)"
mail.disservicmails.ru,1,"AS12586 (ASGHOSTNET, DE)"
mail.dissimi.com,1,"AS12586 (ASGHOSTNET, DE)"
mail.dissimilamail.ru,1,"AS12586 (ASGHOSTNET, DE)"
mail.dissimimyu.ru,1,"AS12586 (ASGHOSTNET, DE)"
mx-n.global-mail.cn,1,"AS135377 (UCLOUD-HK-AS-AP UCLOUD INFORMATION TECHNOLOGY HK LIMITED, HK)"
mail.denomla.com,1,"AS132203 (TENCENT-NET-AP-CN Tencent Building, Kejizhongyi Avenue, CN)"
mail.dissiemail.ru,1,"AS12586 (ASGHOSTNET, DE)"
mail.distinguisfmals.com,1,"AS12586 (ASGHOSTNET, DE)"
mail.distribuolml.ru,1,"AS12586 (ASGHOSTNET, DE)"
mail.dissoemail.ru,1,"AS12586 (ASGHOSTNET, DE)"
distinguismail.com,1,"AS213702 (QWINS-LTD QWINS AS-SET: ~ # AS213702:AS-CUSTOMERS, GB)"
mail.chatgptx.com,1,"AS24940 (HETZNER-AS, DE)"
a514252.mx.mailhop.org,1,"AS16509 (AMAZON-02 - Amazon.com, Inc., US)"
mail.chatsitereviews.com,1,"AS19871 (NETWORK-SOLUTIONS-HOSTING - Network Solutions, LLC, US)"
mail.chatpolynesie.com,1,"AS22653 (GLOBALCOMPASS - Cyber Wurx LLC, US)"
mail.diversify.re,1,"AS16276 (OVH, FR)"
mail.chatluxembourg.net,1,"AS22653 (GLOBALCOMPASS - Cyber Wurx LLC, US)"
mail.diureticmyu.ru,1,"AS12586 (ASGHOSTNET, DE)"
chatopen-app.mail.protection.outlook.com,1,"AS8075 (MICROSOFT-CORP-MSN-AS-BLOCK - Microsoft Corporation, US)"
mail.dividendxk.com,1,"AS47583 (AS-HOSTINGER, CY)"
_dc-mx.a5a031319064.divestops.com,1,"AS34119 (WILDCARD-AS Wildcard UK Limited, GB)"
mail.diversififmail.ru,1,"AS12586 (ASGHOSTNET, DE)"
_dc-mx.406412e555b3.chatzpt.com,1,"AS55470 (CYFUTURE-AS-IN Cyfuture India Pvt. Ltd., IN)"
chat-gpt.com,1,"AS200019 (ALEXHOST, MD)"
chbase.com.1.0001.arsmtp.com,1,
mail.divine-wholeness.com,1,"AS6724 (STRATO STRATO AG, DE)"
mx.chcb.info,1,"AS29873 (BIZLAND-SD - Newfold Digital, Inc., US)"
mail.chavhanga.com,1,"AS37153 (xneelo, ZA)"
mail.dixman.xyz,1,"AS9891 (CSLOX-IDC-AS-AP CS LOXINFO Public Company Limited., TH)"
mail.dixz.org,1,"AS3842 (RAMNODE - InMotion Hosting, Inc., US)"
djmiamisteve-com.mail.protection.outlook.com,1,
mail.djidjoe.com,1,"AS7393 (CYBERCON - CYBERCON, INC., US)"
mx.leenucks.com,1,"AS6327 (SHAW - Shaw Communications, CA)"
mail.dkcgrateful.com,1,"AS47583 (AS-HOSTINGER, CY)"
mx6.cheaps5.com,1,
mail.cheatautomation.com,1,
mx6.cheapsnowbootsus.com,1,
mail.desolamail.com,1,"AS132203 (TENCENT-NET-AP-CN Tencent Building, Kejizhongyi Avenue, CN)"
mail01.checkemail.biz,1,"AS36351 (SOFTLAYER - IBM Cloud, US)"
mx.checkyourform.xyz,1,"AS36352 (AS-COLOCROSSING - HostPapa, US)"
checkssuperstore-com01e.mail.protection.outlook.com,1,"AS8075 (MICROSOFT-CORP-MSN-AS-BLOCK - Microsoft Corporation, US)"
dlemail.ru,1,"AS9002 (RETN-AS, GB)"
checkbox.biz,1,"AS45638 (SYNERGYWHOLESALE-AP SYNERGY WHOLESALE PTY LTD, AU)"
cheapsportschinajerseysonline.com,1,"AS149020 (WEBHORIZON-AS-AP WebHorizon Internet Services, SG)"
cheekymonkey-co-uk.mail.protection.outlook.com,1,"AS8075 (MICROSOFT-CORP-MSN-AS-BLOCK - Microsoft Corporation, US)"
_dc-mx.ba2ddc0d6ad7.dlroperations.com,1,"AS22612 (NAMECHEAP-NET - Namecheap, Inc., US)"
mail.chemiluminesmail.ru,1,"AS12586 (ASGHOSTNET, DE)"
mail.chemotherml.ru,1,"AS12586 (ASGHOSTNET, DE)"
mail.chemothemail.com,1,"AS12586 (ASGHOSTNET, DE)"
mail.chemgu.com,1,"AS132203 (TENCENT-NET-AP-CN Tencent Building, Kejizhongyi Avenue, CN)"
mail.dmalary.ru,1,"AS12586 (ASGHOSTNET, DE)"
_dc-mx.1c13d123b5cf.cherrysfineart.com,1,"AS24940 (HETZNER-AS, DE)"
mail.dmaildd.com,1,"AS14061 (DIGITALOCEAN-ASN - DigitalOcean, LLC, US)"
_dc-mx.d527bd254355.dmepl.com,1,"AS137035 (PWCS-AS-AP Parallel Web Cloud Services, IN)"
mail.chenopoml.ru,1,"AS12586 (ASGHOSTNET, DE)"
mail.chery-clubs.ru,1,"AS198068 (PAGM-AS, EE)"
hy8qasp.cherobe.com,1,"AS14061 (DIGITALOCEAN-ASN - DigitalOcean, LLC, US)"
chevrolet-com.mail.protection.outlook.com,1,"AS8075 (MICROSOFT-CORP-MSN-AS-BLOCK - Microsoft Corporation, US)"
mail.dmslovakiat.com,1,"AS47583 (AS-HOSTINGER, CY)"
jubal.westnet.com,1,"AS11579 (LANLINE - LANline Communications Inc, US)"
chiabuy.life,1,"AS199404 (WHG-IN, GB)"
mail.chiaplotbuy.xyz,1,"AS19318 (IS-AS-1 - Interserver, Inc, US)"
mail.chiaplotshop.xyz,1,"AS19318 (IS-AS-1 - Interserver, Inc, US)"
_dc-mx.9ba384500b65.chiaplotbuy.eu,1,"AS12876 (Online SAS, FR)"
_dc-mx.6918ee461b91.dndx.com,1,"AS63023 (AS-GLOBALTELEHOST - GTHost, US)"
mail.dnevniq.com,1,"AS198610 (BEGET-AS, RU)"
dmts.fr.nf,1,"AS16276 (OVH, FR)"
mail.chicco.org.es,1,"AS24940 (HETZNER-AS, DE)"
mx.dnamail.fi,1,"AS16086 (DNA, FI)"
chiefexecutive-net.mail.protection.outlook.com,1,"AS8075 (MICROSOFT-CORP-MSN-AS-BLOCK - Microsoft Corporation, US)"
mail.email-me.co.uk,1,"AS16276 (OVH, FR)"
mail.chernyshow.ru,1,"AS44094 (WEBHOST1-AS, RU)"
mx0.chiefmail.kr.ua,1,"AS20473 (AS-VULTR - The Constant Company, LLC, US)"
mail.chiangmaiair.org,1,"AS965 (WEBHOSTINGHOLDINGS - Webhosting Holdings LLC, US)"
chickenbreeds.net,1,"AS46475 (LIMESTONENETWORKS - Limestone Networks, Inc., US)"
mail.chihairstraightenerv.com,1,
boundfpiy5at.childrenth.com,1,"AS14061 (DIGITALOCEAN-ASN - DigitalOcean, LLC, US)"
fast3x.chimneycats.com,1,"AS14061 (DIGITALOCEAN-ASN - DigitalOcean, LLC, US)"
chimpn-com01b.mail.protection.outlook.com,1,"AS8075 (MICROSOFT-CORP-MSN-AS-BLOCK - Microsoft Corporation, US)"
mail.doads.org,1,"AS16276 (OVH, FR)"
dockstones.com,1,"AS47583 (AS-HOSTINGER, CY)"
docmax.my.to,1,"AS6805 (TDDE-ASN1, DE)"
mail.doc8sign.com,1,"AS35985 (ONERINGNET-ATL-1 - One Ring Networks, Inc., US)"
mail.doco77.com,1,"AS35908 (VPLSNET - Krypt Technologies, US)"
mail.chiroptmail.com,1,"AS12586 (ASGHOSTNET, DE)"
dns.docknke.com,1,"AS14061 (DIGITALOCEAN-ASN - DigitalOcean, LLC, US)"
mail.docasign.com,1,"AS16276 (OVH, FR)"
mfsmax.docomo.ne.jp,1,"AS2514 (INFOSPHERE NTT PC Communications, Inc., JP)"
mail.chlamydommail.com,1,"AS12586 (ASGHOSTNET, DE)"
mail.doctormail.info,1,"AS44486 (SYNLINQ synlinq.de, DE)"
chlorotrifluomail.com,1,"AS213702 (QWINS-LTD QWINS AS-SET: ~ # AS213702:AS-CUSTOMERS, GB)"
mail.documefml.com,1,"AS12586 (ASGHOSTNET, DE)"
chnnyc-org.mail.protection.outlook.com,1,"AS8075 (MICROSOFT-CORP-MSN-AS-BLOCK - Microsoft Corporation, US)"
sibmail.com,1,"AS395839 (HOSTKEY-USA - HOSTKEY, US)"
mail.choanoflagli.com,1,"AS12586 (ASGHOSTNET, DE)"
chloruoromail.com,1,"AS213702 (QWINS-LTD QWINS AS-SET: ~ # AS213702:AS-CUSTOMERS, GB)"
mx.docusign2.com,1,"AS14618 (AMAZON-AES - Amazon.com, Inc., US)"
ax.virusfree.cz,1,"AS21430 (WIA-AS, CZ)"
chodas-com.mail.protection.outlook.com,1,"AS8075 (MICROSOFT-CORP-MSN-AS-BLOCK - Microsoft Corporation, US)"
mail.doctrinar.com,1,"AS12586 (ASGHOSTNET, DE)"
docusignr.com,1,"AS55720 (GIGABIT-MY Gigabit Hosting Sdn Bhd, MY)"
chministries-org.mail.protection.outlook.com,1,"AS8075 (MICROSOFT-CORP-MSN-AS-BLOCK - Microsoft Corporation, US)"
mail.choicemail1.com,1,"AS14061 (DIGITALOCEAN-ASN - DigitalOcean, LLC, US)"
mail.documenrsmail.ru,1,"AS12586 (ASGHOSTNET, DE)"
mail.choleropruby.ru,1,"AS12586 (ASGHOSTNET, DE)"
mail.cholecystolimail.com,1,"AS12586 (ASGHOSTNET, DE)"
wedos.root-servers.cz,1,"AS197019 (WEDOS, CZ)"
docusjgn-com.mail.protection.outlook.com,1,"AS8075 (MICROSOFT-CORP-MSN-AS-BLOCK - Microsoft Corporation, US)"
mail.cholecystojemail.com,1,"AS12586 (ASGHOSTNET, DE)"
mail.cholecystogasinf.com,1,"AS12586 (ASGHOSTNET, DE)"
mail.cholecystoli.ru,1,"AS12586 (ASGHOSTNET, DE)"
mail.cholemail.com,1,"AS12586 (ASGHOSTNET, DE)"
mail.cholthomail.com,1,"AS12586 (ASGHOSTNET, DE)"
mail.choledocholimail.com,1,"AS12586 (ASGHOSTNET, DE)"
mail.chong-mail.net,1,"AS24940 (HETZNER-AS, DE)"
mail.chondrosamails.ru,1,"AS12586 (ASGHOSTNET, DE)"
mail.choledochoduomail.com,1,"AS12586 (ASGHOSTNET, DE)"
mail.chonxi.com,1,"AS14061 (DIGITALOCEAN-ASN - DigitalOcean, LLC, US)"
mail.cholthomail.ru,1,"AS12586 (ASGHOSTNET, DE)"
chort.eu,1,"AS19871 (NETWORK-SOLUTIONS-HOSTING - Network Solutions, LLC, US)"
chookie-com.mail.protection.outlook.com,1,"AS8075 (MICROSOFT-CORP-MSN-AS-BLOCK - Microsoft Corporation, US)"
mail.chorimail.com,1,"AS12586 (ASGHOSTNET, DE)"
mail.dodecaml.ru,1,"AS12586 (ASGHOSTNET, DE)"
mail.chorioasemail.com,1,"AS12586 (ASGHOSTNET, DE)"
mx-inx6lb6eo.doesnment.com,1,"AS14061 (DIGITALOCEAN-ASN - DigitalOcean, LLC, US)"
mail.chongsoft.com,1,"AS25820 (IT7NET - IT7 Networks Inc, CA)"
mail.choremail.ru,1,"AS12586 (ASGHOSTNET, DE)"
dogsmot.com,1,"AS7506 (INTERQ GMO Internet Group, Inc., JP)"
christchurchcasino-co-nz.mail.protection.outlook.com,1,"AS8075 (MICROSOFT-CORP-MSN-AS-BLOCK - Microsoft Corporation, US)"
mail.chopz.top,1,"AS16276 (OVH, FR)"
dogn-com.mail.protection.outlook.com,1,"AS8075 (MICROSOFT-CORP-MSN-AS-BLOCK - Microsoft Corporation, US)"
mail.doj.one,1,"AS44486 (SYNLINQ synlinq.de, DE)"
mail9.mydevil.net,1,"AS57367 (ECO-ATMAN-PL ECO-ATMAN-, PL)"
mail.doiea.com,1,"AS26666 (INTERSERVER-LAX - Interserver, Inc, US)"
mail.doitups.com,1,"AS47583 (AS-HOSTINGER, CY)"
mail-nl.cpdmail.nl,1,"AS9009 (M247, RO)"
mail.chromentis.cfd,1,"AS203446 (AS203446, GB)"
mail.chongsoft.cn,1,"AS25820 (IT7NET - IT7 Networks Inc, CA)"
christianneighbors-org.mail.eo.outlook.com,1,"AS8075 (MICROSOFT-CORP-MSN-AS-BLOCK - Microsoft Corporation, US)"
mail.chromatogrfkml.ru,1,"AS12586 (ASGHOSTNET, DE)"
mail.chromolithogrebml.ru,1,"AS12586 (ASGHOSTNET, DE)"
bak002.doistry.com,1,"AS14061 (DIGITALOCEAN-ASN - DigitalOcean, LLC, US)"
mail.chromaemail.ru,1,"AS12586 (ASGHOSTNET, DE)"
mail.chromarsmail.ru,1,"AS12586 (ASGHOSTNET, DE)"
mail.dolphincityrecords.com,1,"AS14061 (DIGITALOCEAN-ASN - DigitalOcean, LLC, US)"
dollsplasticsurgery-com.mail.protection.outlook.com,1,"AS8075 (MICROSOFT-CORP-MSN-AS-BLOCK - Microsoft Corporation, US)"
mail.dollargiftcards.com,1,"AS31898 (ORACLE-BMC-31898 - Oracle Corporation, US)"
mail.dolofan.com,1,"AS14061 (DIGITALOCEAN-ASN - DigitalOcean, LLC, US)"
mail.dolorifkml.com,1,"AS12586 (ASGHOSTNET, DE)"
mail.chrysoaristmy.com,1,"AS12586 (ASGHOSTNET, DE)"
mail.chromomail.com,1,"AS12586 (ASGHOSTNET, DE)"
chrysant.info,1,"AS20068 (HAWKHOST - Hawk Host Inc., CA)"
mail.chronobmails.ru,1,"AS12586 (ASGHOSTNET, DE)"
domain-grow.xyz,1,"AS20068 (HAWKHOST - Hawk Host Inc., CA)"
doitagile-com.mail.protection.outlook.com,1,"AS8075 (MICROSOFT-CORP-MSN-AS-BLOCK - Microsoft Corporation, US)"
vade-mx-fr02.hornetsecurity.com,1,"AS25091 (IP-MAX IP-Max SA, CH)"
mail01.dolphinmail.org,1,"AS36351 (SOFTLAYER - IBM Cloud, US)"
mail.chubsmail.com,1,"AS12586 (ASGHOSTNET, DE)"
mail.chuongtrinhcanhac.com,1,"AS46606 (UNIFIEDLAYER-AS-1 - Unified Layer, US)"
mx1.domaincroud.host,1,"AS200107 (KL-EXT, CH)"
churchofo-com.mail.protection.outlook.com,1,"AS8075 (MICROSOFT-CORP-MSN-AS-BLOCK - Microsoft Corporation, US)"
mail.churcfml.com,1,"AS12586 (ASGHOSTNET, DE)"
chungfundraiser.com,1,"AS20068 (HAWKHOST - Hawk Host Inc., CA)"
mail.domeerer.com,1,"AS14061 (DIGITALOCEAN-ASN - DigitalOcean, LLC, US)"
mail.dominatingkeywords.com,1,"AS398101 (GO-DADDY-COM-LLC - GoDaddy.com, LLC, US)"
mx.domain.com,1,"AS29873 (BIZLAND-SD - Newfold Digital, Inc., US)"
mailtest.ci3co.com,1,"AS22773 (ASN-CXA-ALL-CCI-22773-RDC - Cox Communications Inc., US)"
mail.chymotrypmail.com,1,"AS12586 (ASGHOSTNET, DE)"
mail.cialis-otc.com,1,"AS197695 (AS-REG, RU)"
mail.domicilimail.ru,1,"AS12586 (ASGHOSTNET, DE)"
bslmsn.domycollegehomeworkforme.com,1,"AS209605 (HOSTBALTIC, LT)"
mx6.cialisonline-20mg.com,1,
mail.cialidsmail.com,1,"AS12586 (ASGHOSTNET, DE)"
mail.domozmail.com,1,"AS24940 (HETZNER-AS, DE)"
mail.dona.one,1,"AS44486 (SYNLINQ synlinq.de, DE)"
bslmsn.domyhomeworkformecheap.com,1,"AS209605 (HOSTBALTIC, LT)"
mail.dona.pw,1,"AS44486 (SYNLINQ synlinq.de, DE)"
dominikcumhuriyeti.com,1,"AS203576 (INTERNETBILISIM, TR)"
mail.don.edu.pl,1,"AS44486 (SYNLINQ synlinq.de, DE)"
donations.com,1,"AS40021 (CONTABO-40021 - Contabo Inc., US)"
racks.doncong.com,1,"AS14061 (DIGITALOCEAN-ASN - DigitalOcean, LLC, US)"
vipmailgate.earthlink.net,1,
mx1.cialiscouponss.com,1,"AS200107 (KL-EXT, CH)"
relay.zoner.com,1,"AS34222 (ZONER-AS, CZ)"
cieco-com.mail.protection.outlook.com,1,"AS8075 (MICROSOFT-CORP-MSN-AS-BLOCK - Microsoft Corporation, US)"
domofony.info.pl,1,"AS203417 (LH, PL)"
mail.domyz-drewna.pl,1,"AS20804 (ASN-TELENERGO ul. PERKUNA 47, WARSZAWA, PL)"
mail.ciceronifmus.ru,1,"AS12586 (ASGHOSTNET, DE)"
mxa-00103a01.gslb.pphosted.com,1,"AS26211 (PROOFPOINT-ASN-US-WEST - Proofpoint, Inc., US)"
cidi-com.mail.protection.outlook.com,1,"AS8075 (MICROSOFT-CORP-MSN-AS-BLOCK - Microsoft Corporation, US)"
mail81.conoha.ne.jp,1,"AS7506 (INTERQ GMO Internet Group, Inc., JP)"
mail.dondom.ru,1,"AS210079 (EUROBYTE, RU)"
cifi-com.mail.protection.outlook.com,1,"AS8075 (MICROSOFT-CORP-MSN-AS-BLOCK - Microsoft Corporation, US)"
ciesco-com.mail.protection.outlook.com,1,"AS8075 (MICROSOFT-CORP-MSN-AS-BLOCK - Microsoft Corporation, US)"
mail.dona.rip,1,"AS44486 (SYNLINQ synlinq.de, DE)"
mg.cifro.tech,1,"AS12389 (ROSTELECOM-AS PJSC Rostelecom. Technical Team, RU)"
_dc-mx.034c4f59a5a5.cignax.com,1,"AS22612 (NAMECHEAP-NET - Namecheap, Inc., US)"
cigi-com.mail.protection.outlook.com,1,"AS8075 (MICROSOFT-CORP-MSN-AS-BLOCK - Microsoft Corporation, US)"
dons.mooo.com,1,"AS3462 (HINET Data Communication Business Group, TW)"
cignas.com,1,"AS204800 (WHG-SGP, GB)"
p.doobb.com,1,"AS401696 (COGNETCLOUD - cognetcloud INC, US)"
mail.doithe47.com,1,"AS135905 (VNPT-AS-VN VIETNAM POSTS AND TELECOMMUNICATIONS GROUP, VN)"
mail.donymails.com,1,"AS47583 (AS-HOSTINGER, CY)"
cignah-com.mail.protection.outlook.com,1,"AS8075 (MICROSOFT-CORP-MSN-AS-BLOCK - Microsoft Corporation, US)"
mxa-000e5c16.gslb.pphosted.com,1,"AS26211 (PROOFPOINT-ASN-US-WEST - Proofpoint, Inc., US)"
mx.doommail.com,1,"AS29873 (BIZLAND-SD - Newfold Digital, Inc., US)"
ciisco-com.mail.protection.outlook.com,1,"AS8075 (MICROSOFT-CORP-MSN-AS-BLOCK - Microsoft Corporation, US)"
cignae.com,1,"AS24940 (HETZNER-AS, DE)"
mail.dontsendmespam.de,1,
mail.donat.club,1,"AS44051 (FORNEX-AS, ES)"
mail.cilokmen.site,1,"AS51167 (CONTABO, DE)"
_dc-mx.0dd828df871c.dor4.ru,1,"AS211381 (PODAON, LV)"
mail.ngway.it,1,"AS3242 (ASN-ITNET, IT)"
mail.cineangiocamail.com,1,"AS12586 (ASGHOSTNET, DE)"
mail.cinematogrfl.com,1,"AS12586 (ASGHOSTNET, DE)"
mx.doppioclick.it,1,"AS31034 (ARUBA-ASN, IT)"
mail.cineradiomy.com,1,"AS12586 (ASGHOSTNET, DE)"
cinephotomicmail.com,1,"AS213702 (QWINS-LTD QWINS AS-SET: ~ # AS213702:AS-CUSTOMERS, GB)"
mail.dorsibremail.ru,1,"AS12586 (ASGHOSTNET, DE)"
mx.cinemacollection.ru,1,"AS216300 (ABKHAZMEDIA-AS, GE)"
cingram-org.mail.protection.outlook.com,1,"AS8075 (MICROSOFT-CORP-MSN-AS-BLOCK - Microsoft Corporation, US)"
doubletale-com.mail.protection.outlook.com,1,
ciqra-com.mail.protection.outlook.com,1,"AS8075 (MICROSOFT-CORP-MSN-AS-BLOCK - Microsoft Corporation, US)"
mail.dotzq.com,1,"AS14061 (DIGITALOCEAN-ASN - DigitalOcean, LLC, US)"
mx.cipi.com,1,"AS29873 (BIZLAND-SD - Newfold Digital, Inc., US)"
mail.circumambf.ru,1,"AS12586 (ASGHOSTNET, DE)"
mail.circumambmails.ru,1,"AS12586 (ASGHOSTNET, DE)"
doubledayinsurance-com.mail.protection.outlook.com,1,"AS8075 (MICROSOFT-CORP-MSN-AS-BLOCK - Microsoft Corporation, US)"
mail.circumesophfm.ru,1,"AS12586 (ASGHOSTNET, DE)"
mail.circumesopfml.com,1,"AS12586 (ASGHOSTNET, DE)"
mail.circumamb.com,1,"AS12586 (ASGHOSTNET, DE)"
mxa-00400e02.gslb.pphosted.com,1,"AS26211 (PROOFPOINT-ASN-US-WEST - Proofpoint, Inc., US)"
ciri-com.mail.protection.outlook.com,1,"AS8075 (MICROSOFT-CORP-MSN-AS-BLOCK - Microsoft Corporation, US)"
mx6.doudounecanadagoosesoldesfrance.com,1,
mail.circulmail.ru,1,"AS12586 (ASGHOSTNET, DE)"
mx6.doudoune-ralphlauren.com,1,
mail.circumambfkml.ru,1,"AS12586 (ASGHOSTNET, DE)"
mail.cirefusmail.com,1,"AS12586 (ASGHOSTNET, DE)"
mail.circumesemail.ru,1,"AS12586 (ASGHOSTNET, DE)"
mail.circumstmail.ru,1,"AS12586 (ASGHOSTNET, DE)"
mail.circumnavigmails.ru,1,"AS12586 (ASGHOSTNET, DE)"
malibuzz.dovereducationlink.com,1,
mail.dou.pt,1,"AS51167 (CONTABO, DE)"
mail.circumambumail.ru,1,"AS12586 (ASGHOSTNET, DE)"
mail.circumeaaemail.ru,1,"AS12586 (ASGHOSTNET, DE)"
mail.circumamkl.ru,1,"AS12586 (ASGHOSTNET, DE)"
mail.circumvallfmail.ru,1,"AS12586 (ASGHOSTNET, DE)"
mail.cisca.com,1,"AS27823 (Dattatec.com, AR)"
ciscod-com.mail.protection.outlook.com,1,"AS8075 (MICROSOFT-CORP-MSN-AS-BLOCK - Microsoft Corporation, US)"
mail.doulas.org,1,"AS14061 (DIGITALOCEAN-ASN - DigitalOcean, LLC, US)"
cisco3-com.mail.protection.outlook.com,1,"AS8075 (MICROSOFT-CORP-MSN-AS-BLOCK - Microsoft Corporation, US)"
ciscoe.com,1,"AS46606 (UNIFIEDLAYER-AS-1 - Unified Layer, US)"
ciscom-com.mail.protection.outlook.com,1,"AS8075 (MICROSOFT-CORP-MSN-AS-BLOCK - Microsoft Corporation, US)"
ciseo-com.mail.protection.outlook.com,1,"AS8075 (MICROSOFT-CORP-MSN-AS-BLOCK - Microsoft Corporation, US)"
ciscor-com.mail.protection.outlook.com,1,"AS8075 (MICROSOFT-CORP-MSN-AS-BLOCK - Microsoft Corporation, US)"
cisci-com.mail.protection.outlook.com,1,"AS8075 (MICROSOFT-CORP-MSN-AS-BLOCK - Microsoft Corporation, US)"
mail1.doublemail.de,1,"AS24940 (HETZNER-AS, DE)"
mx.co4.in,1,"AS34119 (WILDCARD-AS Wildcard UK Limited, GB)"
ciscp.com,1,"AS9371 (SAKURA-C SAKURA Internet Inc., JP)"
dota2walls.com,1,"AS136557 (HOST-AS-AP Host Universal Pty Ltd, AU)"
mx.downloadmoviefilm.net,1,"AS14061 (DIGITALOCEAN-ASN - DigitalOcean, LLC, US)"
spamtitan.citig.com,1,"AS16509 (AMAZON-02 - Amazon.com, Inc., US)"
mx.cooo.in,1,"AS34119 (WILDCARD-AS Wildcard UK Limited, GB)"
mx.circlegame.iceiy.com,1,"AS34119 (WILDCARD-AS Wildcard UK Limited, GB)"
citizenbank-com.mail.protection.outlook.com,1,"AS8075 (MICROSOFT-CORP-MSN-AS-BLOCK - Microsoft Corporation, US)"
citizensbank-com02b.mail.protection.outlook.com,1,"AS8075 (MICROSOFT-CORP-MSN-AS-BLOCK - Microsoft Corporation, US)"
citm-com.mail.protection.outlook.com,1,"AS8075 (MICROSOFT-CORP-MSN-AS-BLOCK - Microsoft Corporation, US)"
mxa-00104201.gslb.pphosted.com,1,"AS26211 (PROOFPOINT-ASN-US-WEST - Proofpoint, Inc., US)"
mail.cityofsomerton.com,1,
citylightsart.com,1,"AS57043 (HOSTKEY-AS, NL)"
mx.citic.com,1,"AS55990 (HWCSNET Huawei Cloud Service data center, CN)"
mail.cityofbatesvillems.com,1,
mx1.dpstele.net,1,"AS3549 (LVLT-3549 - Level 3 Parent, LLC, US)"
mail.dpam.com,1,"AS13768 (COGECO-PEER1 - Aptum Technologies, CA)"
cito-com.mail.protection.outlook.com,1,"AS8075 (MICROSOFT-CORP-MSN-AS-BLOCK - Microsoft Corporation, US)"
d188237a.ess.barracudanetworks.com,1,"AS16509 (AMAZON-02 - Amazon.com, Inc., US)"
mx-vip2.lanetcie.com,1,"AS21409 (IKOULA, FR)"
civiclink-org01c.mail.protection.outlook.com,1,"AS8075 (MICROSOFT-CORP-MSN-AS-BLOCK - Microsoft Corporation, US)"
mx.dr69.site,1,"AS16509 (AMAZON-02 - Amazon.com, Inc., US)"
citysafescore.com,1,"AS40021 (CONTABO-40021 - Contabo Inc., US)"
civilium-com.mail.protection.outlook.com,1,"AS8075 (MICROSOFT-CORP-MSN-AS-BLOCK - Microsoft Corporation, US)"
mx-mail4.dragence.com,1,"AS14061 (DIGITALOCEAN-ASN - DigitalOcean, LLC, US)"
_dc-mx.80553c99661f.dragonsmail.com,1,"AS36352 (AS-COLOCROSSING - HostPapa, US)"
cjsco-com.mail.protection.outlook.com,1,"AS8075 (MICROSOFT-CORP-MSN-AS-BLOCK - Microsoft Corporation, US)"
cizco.com,1,"AS54643 (IDIGITAL - Idigital Internet Inc., CA)"
mail.dr0m.ru,1,"AS29182 (RU-JSCIOT, RU)"
dragonfly-africa.mail.protection.outlook.com,1,"AS8075 (MICROSOFT-CORP-MSN-AS-BLOCK - Microsoft Corporation, US)"
mail.ckkdetails.com,1,"AS47583 (AS-HOSTINGER, CY)"
a435187.mx.mailhop.org,1,"AS16509 (AMAZON-02 - Amazon.com, Inc., US)"
_dc-mx.9ad52ff75c28.draylaw.com,1,"AS40676 (AS40676 - Psychz Networks, US)"
mail.ckiaspal.ovh,1,"AS16509 (AMAZON-02 - Amazon.com, Inc., US)"
mx.cizna.com,1,"AS4678 (FINE Canon IT Solutions Inc., JP)"
itmr.in.tmes.trendmicro.com,1,"AS14618 (AMAZON-AES - Amazon.com, Inc., US)"
ckspackaging-com.mx1.arsmtp.com,1,"AS53780 (AS-APPRIVER - APPRIVER LLC, US)"
mx2.draviero.info,1,"AS200107 (KL-EXT, CH)"
mail.drdreyy.com,1,"AS47583 (AS-HOSTINGER, CY)"
mail.cktd.com,1,"AS32097 (WII - WholeSale Internet, Inc., US)"
work-mx.app.hey.com,1,"AS25657 (BASECAMP - Basecamp, LLC, US)"
mail.ckyc.com,1,"AS32097 (WII - WholeSale Internet, Inc., US)"
mail.dreamvoyage.cc,1,"AS214996 (NETCUP, DE)"
mx.dreamydeals.shop.cust.b.hostedemail.com,1,"AS32491 (TUCOWS-3 - Tucows.com Co., CA)"
mail.dreithen.site,1,"AS51167 (CONTABO, DE)"
friday.x-secure.net,1,"AS24940 (HETZNER-AS, DE)"
mail.dremixd.com,1,"AS47583 (AS-HOSTINGER, CY)"
drepl-com.mail.protection.outlook.com,1,"AS8075 (MICROSOFT-CORP-MSN-AS-BLOCK - Microsoft Corporation, US)"
dreamgreen.fr.nf,1,"AS16276 (OVH, FR)"
mx.dresssmall.com,1,"AS14061 (DIGITALOCEAN-ASN - DigitalOcean, LLC, US)"
mx.classesmail.com,1,"AS16276 (OVH, FR)"
mail.classicaltantra.com,1,"AS22611 (INMOTION - InMotion Hosting, Inc., US)"
mail.classified.zone,1,"AS55293 (A2HOSTING - A2 Hosting, Inc., US)"
mx01.dondominio.com,1,"AS57910 (SCIP-AS Soluciones Corporativas IP SCIP, ES)"
host3595.vnode.com.vn,1,"AS38732 (CMCTELECOM-VN CMC Telecom Infrastructure Company, VN)"
classpass-com.mail.protection.outlook.com,1,"AS8075 (MICROSOFT-CORP-MSN-AS-BLOCK - Microsoft Corporation, US)"
mail.claudd.com,1,"AS14061 (DIGITALOCEAN-ASN - DigitalOcean, LLC, US)"
mail.classitheme.com,1,
mail.drevo.si,1,"AS48894 (OPTIMUS-AS, SI)"
webmail.dristle-it-llc.store,1,"AS16276 (OVH, FR)"
a860850.mx.mailhop.org,1,"AS16509 (AMAZON-02 - Amazon.com, Inc., US)"
mail.clcbs.com,1,"AS31898 (ORACLE-BMC-31898 - Oracle Corporation, US)"
cleaningbusinessmentor-com.mail.protection.outlook.com,1,"AS8075 (MICROSOFT-CORP-MSN-AS-BLOCK - Microsoft Corporation, US)"
mx2.claudiaamaya.com,1,"AS200107 (KL-EXT, CH)"
cleanbeyondco-com.mail.protection.outlook.com,1,"AS8075 (MICROSOFT-CORP-MSN-AS-BLOCK - Microsoft Corporation, US)"
drivemail.sbs,1,"AS16276 (OVH, FR)"
util01.verticalscope.com,1,
mx01.tophost.ch,1,"AS35206 (NOVATREND-AS, CH)"
cleaningcompanybristol.com,1,"AS395111 (KVCNET-2009 - KVCHOSTING.COM LLC, US)"
drnatashafinlay.com,1,"AS20473 (AS-VULTR - The Constant Company, LLC, US)"
clearwaterarizona-com.mail.protection.outlook.com,1,"AS8075 (MICROSOFT-CORP-MSN-AS-BLOCK - Microsoft Corporation, US)"
clearwire.net,1,"AS63410 (PRIVATESYSTEMS - PrivateSystems Networks, US)"
mx1.clearmail.online,1,"AS200107 (KL-EXT, CH)"
clevelandinnovation-com.mail.protection.outlook.com,1,"AS8075 (MICROSOFT-CORP-MSN-AS-BLOCK - Microsoft Corporation, US)"
drombox-com.mail.protection.outlook.com,1,"AS8075 (MICROSOFT-CORP-MSN-AS-BLOCK - Microsoft Corporation, US)"
mail.cleantalkorg1.ru,1,"AS29182 (RU-JSCIOT, RU)"
cleptomail.com,1,"AS213702 (QWINS-LTD QWINS AS-SET: ~ # AS213702:AS-CUSTOMERS, GB)"
dronemeuphigh.com,1,"AS31898 (ORACLE-BMC-31898 - Oracle Corporation, US)"
api.tempmail.fish,1,"AS24940 (HETZNER-AS, DE)"
mail.cleriolml.ru,1,"AS12586 (ASGHOSTNET, DE)"
mail.clayandplay.ru,1,"AS44094 (WEBHOST1-AS, RU)"
dropbokx.com,1,"AS20857 (TRANSIP-AS Amsterdam, the Netherlands, NL)"
mail.dropmailer.net,1,"AS24940 (HETZNER-AS, DE)"
mail.dropmaily.xyz,1,"AS19318 (IS-AS-1 - Interserver, Inc, US)"
dropmailx.com,1,"AS209341 (WHG-FRA, GB)"
mail.dropjar.com,1,"AS16276 (OVH, FR)"
mail.droits-de-revente.site,1,"AS214172 (PURESERVERS, HK)"
mail.drovantis.cfd,1,"AS203446 (AS203446, GB)"
mail.dropmeon.com,1,"AS16276 (OVH, FR)"
droptempmail.com,1,"AS19318 (IS-AS-1 - Interserver, Inc, US)"
mx.aftermarket.pl,1,"AS48707 (AS48707-OPS-, PL)"
mail.civvic.ro,1,
mx.drorevsm.com,1,"AS14061 (DIGITALOCEAN-ASN - DigitalOcean, LLC, US)"
_dc-mx.0a9a6f74e5f0.clickr.pro,1,"AS20473 (AS-VULTR - The Constant Company, LLC, US)"
mail.clientacceleratoracademy.com,1,"AS26496 (AS-26496-GO-DADDY-COM-LLC - GoDaddy.com, LLC, US)"
mail.drugsellers.com,1,"AS44486 (SYNLINQ synlinq.de, DE)"
mail.dropd.ru,1,"AS29182 (RU-JSCIOT, RU)"
drsafir-com.mail.protection.outlook.com,1,"AS8075 (MICROSOFT-CORP-MSN-AS-BLOCK - Microsoft Corporation, US)"
mail.drugordr.com,1,"AS14061 (DIGITALOCEAN-ASN - DigitalOcean, LLC, US)"
mail.druckwerk.info,1,"AS22611 (INMOTION - InMotion Hosting, Inc., US)"
cliffcastlecasino-net.mail.protection.outlook.com,1,"AS8075 (MICROSOFT-CORP-MSN-AS-BLOCK - Microsoft Corporation, US)"
climatefoolsday.com,1,"AS30633 (LEASEWEB-USA-WDC - Leaseweb USA, Inc., US)"
mail.clinicopatmail.com,1,"AS12586 (ASGHOSTNET, DE)"
mail.clinicopamail.com,1,"AS12586 (ASGHOSTNET, DE)"
mail.clocusign.com,1,"AS701 (UUNET - Verizon Business, US)"
email.clockance.com,1,"AS14061 (DIGITALOCEAN-ASN - DigitalOcean, LLC, US)"
mail.clokkmail.com,1,"AS12586 (ASGHOSTNET, DE)"
dsco-com.mail.protection.outlook.com,1,"AS8075 (MICROSOFT-CORP-MSN-AS-BLOCK - Microsoft Corporation, US)"
mail.drzwi.turek.pl,1,
nstemp1.dns4userver.com,1,"AS52030 (SERVERPLAN-AS, IT)"
mail.cloneotp.com,1,"AS31898 (ORACLE-BMC-31898 - Oracle Corporation, US)"
mx.clonmel.com,1,"AS29873 (BIZLAND-SD - Newfold Digital, Inc., US)"
mail.dsmail.shop,1,"AS40021 (CONTABO-40021 - Contabo Inc., US)"
abcxyzhtv.mailtam.com,1,"AS45102 (ALIBABA-CN-NET Alibaba US Technology Co., Ltd., CN)"
dslextreme-com.mx.av-mx.com,1,"AS31898 (ORACLE-BMC-31898 - Oracle Corporation, US)"
mail.clixoft.com,1,"AS200000 (UKRAINE-AS, UA)"
mail.clock64.ru,1,"AS44094 (WEBHOST1-AS, RU)"
d261500a.ess.barracudanetworks.com,1,"AS16509 (AMAZON-02 - Amazon.com, Inc., US)"
mail.closetraid.me,1,"AS36444 (NEXCESS-NET - Liquid Web, L.L.C, US)"
route.clothance.com,1,"AS14061 (DIGITALOCEAN-ASN - DigitalOcean, LLC, US)"
mx.dstefaniak.pl,1,"AS14061 (DIGITALOCEAN-ASN - DigitalOcean, LLC, US)"
a697714.mx.mailhop.org,1,"AS16509 (AMAZON-02 - Amazon.com, Inc., US)"
dspwebservices.com,1,"AS16509 (AMAZON-02 - Amazon.com, Inc., US)"
mail.cloudcarib.net,1,"AS19377 (CLOUD-CARIB-LTD - Cloud Carib Limited, BS)"
mail.dtoro.com,1,"AS16276 (OVH, FR)"
mail.cloudcourier.xyz,1,"AS20473 (AS-VULTR - The Constant Company, LLC, US)"
mxa-canary.global.inbound.cf-emailsecurity.net,1,"AS13335 (CLOUDFLARENET - Cloudflare, Inc., US)"
dtlabs-org.mail.protection.outlook.com,1,"AS8075 (MICROSOFT-CORP-MSN-AS-BLOCK - Microsoft Corporation, US)"
mailforward21.cloudns.net,1,"AS43350 (NFORCE, NL)"
mailforward101.cloudns.net,1,"AS43350 (NFORCE, NL)"
cloudmail.lol,1,"AS16276 (OVH, FR)"
mail.cloudparcels.xyz,1,"AS20473 (AS-VULTR - The Constant Company, LLC, US)"
dreammachines.com.pl,1,"AS5617 (TPNET, PL)"
mail.inboxesmail.app,1,"AS135918 (DVS-AS-VN VIET DIGITAL TECHNOLOGY LIABILITY COMPANY, VN)"
mail.clowmail.com,1,"AS16276 (OVH, FR)"
mx.dtmricambi.com,1,"AS13182 (ASN-ADHOC-NETWORK Rimini, Italy, IT)"
smtp-inbound1.duck.com,1,"AS8075 (MICROSOFT-CORP-MSN-AS-BLOCK - Microsoft Corporation, US)"
mx.duccong.pro,1,"AS20473 (AS-VULTR - The Constant Company, LLC, US)"
duckduckgo-com.mail.protection.outlook.com,1,"AS8075 (MICROSOFT-CORP-MSN-AS-BLOCK - Microsoft Corporation, US)"
mail.duckspam.com,1,"AS24940 (HETZNER-AS, DE)"
mx.dubilowski.com,1,"AS29873 (BIZLAND-SD - Newfold Digital, Inc., US)"
mail.clropbox.com,1,"AS26367 (BRADLEY-UNIVERSITY - Bradley University, US)"
mail.mmocommunity.io.vn,1,"AS135918 (DVS-AS-VN VIET DIGITAL TECHNOLOGY LIABILITY COMPANY, VN)"
mail.clubabfml.com,1,"AS12586 (ASGHOSTNET, DE)"
duhanicapital-com.mail.protection.outlook.com,1,"AS8075 (MICROSOFT-CORP-MSN-AS-BLOCK - Microsoft Corporation, US)"
mail.dukedish.com,1,"AS14061 (DIGITALOCEAN-ASN - DigitalOcean, LLC, US)"
mail.duhastmail.com,1,"AS12586 (ASGHOSTNET, DE)"
velocity2.kintana.com,1,"AS7018 (ATT-INTERNET4 - AT&T Enterprises, LLC, US)"
mail.clubstt.com,1,"AS47583 (AS-HOSTINGER, CY)"
dukeseyecare-com.mail.protection.outlook.com,1,"AS8075 (MICROSOFT-CORP-MSN-AS-BLOCK - Microsoft Corporation, US)"
mail.clubnews.ru,1,"AS42889 (METAVIRA-AS, RU)"
cmx0.sol.net,1,"AS14536 (ASN-SOL - sol.net Network Services, US)"
mail.dumpmail.de,1,"AS197540 (NETCUP-AS netcup GmbH, DE)"
dominomail.creative-intelligence.it,1,"AS15691 (LEONET-AS-, IT)"
drop-ekholm-org.mail.protection.outlook.com,1,"AS8075 (MICROSOFT-CORP-MSN-AS-BLOCK - Microsoft Corporation, US)"
mail.drovenix.cfd,1,"AS203446 (AS203446, GB)"
mx.drthedf.org,1,"AS14061 (DIGITALOCEAN-ASN - DigitalOcean, LLC, US)"
mx.club-casino.ru,1,"AS48282 (VDSINA-AS, RU)"
g.lovepettoys.shop,1,"AS47583 (AS-HOSTINGER, CY)"
mail.g212dnk5.com,1,"AS47583 (AS-HOSTINGER, CY)"
mail.g33k.com.ve,1,
lepus.uberspace.de,1,"AS25560 (RHTEC-AS www.rh-tec.de, DE)"
mail.g88i.art,1,"AS22612 (NAMECHEAP-NET - Namecheap, Inc., US)"
mail.gabox.store,1,"AS212441 (CLOUDASSETS, RU)"
mail.gabescott.co,1,"AS25532 (MASTERHOST-AS Moscow, Russia, RU)"
inbound-smtp.region.amazonaws.com,1,
mail.gaeltacht.net,1,"AS31898 (ORACLE-BMC-31898 - Oracle Corporation, US)"
mail.gaifx.com,1,"AS24940 (HETZNER-AS, DE)"
gaico.com,1,"AS22611 (INMOTION - InMotion Hosting, Inc., US)"
mail.galamail.biz,1,"AS44486 (SYNLINQ synlinq.de, DE)"
mail2.cali.co.uk,1,"AS8075 (MICROSOFT-CORP-MSN-AS-BLOCK - Microsoft Corporation, US)"
galvanpro-com.mail.protection.outlook.com,1,"AS8075 (MICROSOFT-CORP-MSN-AS-BLOCK - Microsoft Corporation, US)"
gallowaybell-com.mail.protection.outlook.com,1,"AS8075 (MICROSOFT-CORP-MSN-AS-BLOCK - Microsoft Corporation, US)"
galco-dev.mail.protection.outlook.com,1,"AS8075 (MICROSOFT-CORP-MSN-AS-BLOCK - Microsoft Corporation, US)"
mail.galmalary.ru,1,"AS12586 (ASGHOSTNET, DE)"
mail.gambarupdate.com,1,"AS32097 (WII - WholeSale Internet, Inc., US)"
gambling-com.mail.protection.outlook.com,1,"AS8075 (MICROSOFT-CORP-MSN-AS-BLOCK - Microsoft Corporation, US)"
mail.galactomail.ru,1,"AS12586 (ASGHOSTNET, DE)"
mail.galvanomamail.ru,1,"AS12586 (ASGHOSTNET, DE)"
mail.galvanoplasmail.ru,1,"AS12586 (ASGHOSTNET, DE)"
mail.galvanrsmail.ru,1,"AS12586 (ASGHOSTNET, DE)"
mx.galaxy.tv,1,"AS44476 (ZETTA-AS, BG)"
mail.games-games.online,1,"AS965 (WEBHOSTINGHOLDINGS - Webhosting Holdings LLC, US)"
mail.gamingfun.xyz,1,"AS24940 (HETZNER-AS, DE)"
mail.gamemaiil.com,1,"AS12586 (ASGHOSTNET, DE)"
mail.game-email.com,1,"AS215341 (HOST-ON Host-On Service Provider GmbH, DE)"
mx.gamearea.site,1,"AS34119 (WILDCARD-AS Wildcard UK Limited, GB)"
mail.galvanommails.ru,1,"AS12586 (ASGHOSTNET, DE)"
mxmail.gamermail.net.ua,1,"AS20473 (AS-VULTR - The Constant Company, LLC, US)"
mail.galvanotmail.ru,1,"AS12586 (ASGHOSTNET, DE)"
mail.gamedaytshirt.com,1,"AS45102 (ALIBABA-CN-NET Alibaba US Technology Co., Ltd., CN)"
mail.game-db.top,1,"AS16125 (CHERRYSERVERS1-AS, LT)"
mail.gametheorylabs.com,1,"AS54641 (IMH-IAD - InMotion Hosting, Inc., US)"
galaxim.fr.nf,1,"AS16276 (OVH, FR)"
mail.gaogle.com,1,"AS400754 (GO-DADDY-COM-LLC - GoDaddy.com, LLC, US)"
mail.gangliofml.com,1,"AS12586 (ASGHOSTNET, DE)"
mail.ganglionemail.ru,1,"AS12586 (ASGHOSTNET, DE)"
esa1.hc358-86.ca.iphmx.com,1,"AS16417 (IRONPORT-SYSTEMS-INC - Cisco Systems Ironport Division, US)"
mx.ganzo-jp.com.cust.b.hostedemail.com,1,"AS32491 (TUCOWS-3 - Tucows.com Co., CA)"
mail.gamil.com,1,"AS8739 (ICDSOFT, BG)"
webmail-107.cafe24.com,1,"AS4766 (KIXS-AS-KR Korea Telecom, KR)"
mail.garbagemail.org,1,"AS21003 (GPTC-AS, LY)"
mail.gate8.io,1,
mail.gastrodmail.ru,1,"AS12586 (ASGHOSTNET, DE)"
gatamala-com.mail.protection.outlook.com,1,"AS8075 (MICROSOFT-CORP-MSN-AS-BLOCK - Microsoft Corporation, US)"
xaviestore.xyz,1,
mail.gastroenteroli.com,1,"AS12586 (ASGHOSTNET, DE)"
mail.gastropnefmk.com,1,"AS12586 (ASGHOSTNET, DE)"
gatespassadvisors-com.mail.protection.outlook.com,1,"AS8075 (MICROSOFT-CORP-MSN-AS-BLOCK - Microsoft Corporation, US)"
gasp-live.mail.protection.outlook.com,1,"AS8075 (MICROSOFT-CORP-MSN-AS-BLOCK - Microsoft Corporation, US)"
mail.gastroduodemail.ru,1,"AS12586 (ASGHOSTNET, DE)"
mail.gastroelyt.ru,1,"AS12586 (ASGHOSTNET, DE)"
malibuzz.gaynewworkforce.com,1,"AS51167 (CONTABO, DE)"
_dc-mx.32da48dc7aab.gaziw.com,1,"AS16276 (OVH, FR)"
mx1.hostmailserver.com,1,"AS174 (COGENT-174 - Cogent Communications, LLC, US)"
mail.gatewayrealestate.click,1,"AS51167 (CONTABO, DE)"
greenpuma7.sakura.ne.jp,1,"AS9371 (SAKURA-C SAKURA Internet Inc., JP)"
mail.gardel.org,1,"AS34762 (COMBELL-AS, BE)"
mail.gcbcdiet.com,1,"AS14670 (WHG-USE1, GB)"
mail.domdom.hu,1,"AS15566 (INFOTECHNA Budapest, HU)"
gcmini-com.mail.protection.outlook.com,1,"AS8075 (MICROSOFT-CORP-MSN-AS-BLOCK - Microsoft Corporation, US)"
email.gdbdata.net,1,"AS14061 (DIGITALOCEAN-ASN - DigitalOcean, LLC, US)"
mxa-003f2702.gslb.pphosted.com,1,"AS22843 (PROOFPOINT-ASN-US-EAST - Proofpoint, Inc., US)"
mail.gdienter.com,1,"AS47583 (AS-HOSTINGER, CY)"
mx2.gdemoy.site,1,"AS200107 (KL-EXT, CH)"
mta.gcx.pl,1,"AS24940 (HETZNER-AS, DE)"
gddp2018.edu.vn,1,"AS20068 (HAWKHOST - Hawk Host Inc., CA)"
gemini-com0e.mail.protection.outlook.com,1,"AS8075 (MICROSOFT-CORP-MSN-AS-BLOCK - Microsoft Corporation, US)"
gdsland-com-au.mail.protection.outlook.com,1,"AS8075 (MICROSOFT-CORP-MSN-AS-BLOCK - Microsoft Corporation, US)"
_dc-mx.47d4e525f5d5.geburtstagsgruesse.club,1,"AS47583 (AS-HOSTINGER, CY)"
geco-com.mail.protection.outlook.com,1,"AS8075 (MICROSOFT-CORP-MSN-AS-BLOCK - Microsoft Corporation, US)"
mail.geeco.com,1,"AS22611 (INMOTION - InMotion Hosting, Inc., US)"
geeker-co.mail.protection.outlook.com,1,"AS8075 (MICROSOFT-CORP-MSN-AS-BLOCK - Microsoft Corporation, US)"
edge.gdf.it,1,"AS30722 (VODAFONE-IT-ASN, IT)"
mail.email24.ovh,1,"AS50599 (Autonomous System for Dataspace P.S.A., PL)"
mail.gecicimail.net,1,"AS42846 (GUZELHOSTING GNET INTERNET TELEKOMUNIKASYON A.S., TR)"
mail.geicom.com,1,"AS46606 (UNIFIEDLAYER-AS-1 - Unified Layer, US)"
mail.gectommail.ru,1,"AS12586 (ASGHOSTNET, DE)"
mail.gratisneuke.be,1,"AS8075 (MICROSOFT-CORP-MSN-AS-BLOCK - Microsoft Corporation, US)"
_dc-mx.342a9d07ac6d.email.mw,1,"AS197540 (NETCUP-AS netcup GmbH, DE)"
mx.geio.com,1,"AS29873 (BIZLAND-SD - Newfold Digital, Inc., US)"
mx.gekco.com,1,"AS29873 (BIZLAND-SD - Newfold Digital, Inc., US)"
mail.gelitik.in,1,"AS24940 (HETZNER-AS, DE)"
gelarqq.com,1,"AS22612 (NAMECHEAP-NET - Namecheap, Inc., US)"
mail.gelco.com,1,
email.gen.tr,1,"AS42846 (GUZELHOSTING GNET INTERNET TELEKOMUNIKASYON A.S., TR)"
gemani-com.mail.protection.outlook.com,1,"AS8075 (MICROSOFT-CORP-MSN-AS-BLOCK - Microsoft Corporation, US)"
mx.plala.or.jp,1,"AS4713 (OCN NTT DOCOMO BUSINESS,Inc., JP)"
jones.geminicg.com,1,"AS16276 (OVH, FR)"
malta.iway.ch,1,"AS8758 (IWAY, CH)"
923584149.pamx1.hotmail.com,1,"AS8075 (MICROSOFT-CORP-MSN-AS-BLOCK - Microsoft Corporation, US)"
mx1.webh.email,1,"AS41508 (PL-IWACOM-AS, PL)"
geminiq-com.mail.protection.outlook.com,1,"AS8075 (MICROSOFT-CORP-MSN-AS-BLOCK - Microsoft Corporation, US)"
geminj-com.mail.protection.outlook.com,1,"AS8075 (MICROSOFT-CORP-MSN-AS-BLOCK - Microsoft Corporation, US)"
mx0.gemsofaspen.com,1,"AS16276 (OVH, FR)"
inbound.registeredsite.com,1,"AS19871 (NETWORK-SOLUTIONS-HOSTING - Network Solutions, LLC, US)"
gemoni.com,1,"AS40244 (TURNKEY-INTERNET - Turnkey Internet Inc., US)"
email.net.tr,1,"AS42846 (GUZELHOSTING GNET INTERNET TELEKOMUNIKASYON A.S., TR)"
gemlnl-com.mail.protection.outlook.com,1,"AS8075 (MICROSOFT-CORP-MSN-AS-BLOCK - Microsoft Corporation, US)"
linkfirst-smtp.linkeo.org,1,"AS15557 (LDCOMNET --- I3Dnet ---, FR)"
my-mx.email-protect.gosecure.net,1,"AS29909 (METROOPTIC - Metro Optic, CA)"
mail.genderuzsk.com,1,"AS47583 (AS-HOSTINGER, CY)"
geldwaschmaschine.de,1,"AS51191 (XIRRA, DE)"
mail.gemsmail.com,1,"AS14061 (DIGITALOCEAN-ASN - DigitalOcean, LLC, US)"
mail.geleo.com,1,"AS37963 (ALIBABA-CN-NET Hangzhou Alibaba Advertising Co.,Ltd., CN)"
gratosmail.fr.nf,1,"AS16276 (OVH, FR)"
genesis-digital.net,1,"AS32475 (SINGLEHOP-LLC - Internap Holding LLC, US)"
feedback-smtp.eu-west-1.amazonses.com,1,"AS16509 (AMAZON-02 - Amazon.com, Inc., US)"
mail.email.by,1,"AS48716 (PSKZ-ALA, KZ)"
mail.generalizmail.com,1,"AS12586 (ASGHOSTNET, DE)"
dedi8411.your-server.de,1,"AS24940 (HETZNER-AS, DE)"
lionbridge-com.mail.protection.outlook.com,1,"AS8075 (MICROSOFT-CORP-MSN-AS-BLOCK - Microsoft Corporation, US)"
mail.genshinzone.cc,1,"AS45102 (ALIBABA-CN-NET Alibaba US Technology Co., Ltd., CN)"
mail.genshinguide.cc,1,"AS45102 (ALIBABA-CN-NET Alibaba US Technology Co., Ltd., CN)"
mail.genshinfans.cc,1,"AS45102 (ALIBABA-CN-NET Alibaba US Technology Co., Ltd., CN)"
mail.genshinbox.cc,1,"AS45102 (ALIBABA-CN-NET Alibaba US Technology Co., Ltd., CN)"
mx01.genetiklab.com,1,"AS51557 (TR-ISIMTESCIL-20201202, TR)"
mail.genshinplus.cc,1,"AS45102 (ALIBABA-CN-NET Alibaba US Technology Co., Ltd., CN)"
spam.generalbiol.com,1,"AS4134 (CHINANET-BACKBONE No.31,Jin-rong Street, CN)"
mail.gelmini.com,1,"AS5602 (AS-IRIDEOS-KP, IT)"
genspark-ai.mail.protection.outlook.com,1,"AS8075 (MICROSOFT-CORP-MSN-AS-BLOCK - Microsoft Corporation, US)"
_dc-mx.76776b8f6eb3.genzotp.com,1,"AS24940 (HETZNER-AS, DE)"
mail.gemsgallerythailand.ru,1,"AS210079 (EUROBYTE, RU)"
w017995f.kasserver.com,1,"AS34788 (NMM-AS D - 02742 Friedersdorf Hauptstrasse 68, DE)"
mail.gemail.ru,1,"AS197695 (AS-REG, RU)"
mail48.mydevil.net,1,"AS57367 (ECO-ATMAN-PL ECO-ATMAN-, PL)"
mail.geograpmail.ru,1,"AS12586 (ASGHOSTNET, DE)"
gemini4.com,1,"AS201200 (SUPERHOSTING_AS, BG)"
mxa-00173101.gslb.pphosted.com,1,"AS52129 (PROOFPOINT-ASN-EU, US)"
mx1.genvia01.com,1,"AS200107 (KL-EXT, CH)"
mail.generalml.ru,1,"AS12586 (ASGHOSTNET, DE)"
mail.geochronmail.com,1,"AS12586 (ASGHOSTNET, DE)"
mail.geobotamail.com,1,"AS12586 (ASGHOSTNET, DE)"
mail.geochronomfri.com,1,"AS12586 (ASGHOSTNET, DE)"
mail.geographiruby.ru,1,"AS12586 (ASGHOSTNET, DE)"
mail.generalimail.ru,1,"AS12586 (ASGHOSTNET, DE)"
geoteknica-com.mail.protection.outlook.com,1,"AS8075 (MICROSOFT-CORP-MSN-AS-BLOCK - Microsoft Corporation, US)"
mx.georgehood.com,1,"AS29873 (BIZLAND-SD - Newfold Digital, Inc., US)"
mail.generarsmail.ru,1,"AS12586 (ASGHOSTNET, DE)"
mail.genitemail.ru,1,"AS12586 (ASGHOSTNET, DE)"
mx.germanmails.biz,1,"AS14061 (DIGITALOCEAN-ASN - DigitalOcean, LLC, US)"
germanozd.com,1,"AS47583 (AS-HOSTINGER, CY)"
mail.geomorphmail.ru,1,"AS12586 (ASGHOSTNET, DE)"
mail.geometmail.ru,1,"AS12586 (ASGHOSTNET, DE)"
mail.geomorp.ru,1,"AS12586 (ASGHOSTNET, DE)"
mx0002.neo.space,1,"AS14618 (AMAZON-AES - Amazon.com, Inc., US)"
mail.geopolmail.ru,1,"AS12586 (ASGHOSTNET, DE)"
geoinsights360.shop,1,"AS136246 (TOMATTOSTL-AS-AP Tomattos Technologies Ltd., BD)"
mail.geochmails.ru,1,"AS12586 (ASGHOSTNET, DE)"
mail.geomemail.ru,1,"AS12586 (ASGHOSTNET, DE)"
mail.geomorpmail.ru,1,"AS12586 (ASGHOSTNET, DE)"
mail.getairmail.com,1,"AS16276 (OVH, FR)"
mail.geodemil.ru,1,"AS12586 (ASGHOSTNET, DE)"
mx2.get-more-leads-now.com,1,"AS200107 (KL-EXT, CH)"
mail.getburner.email,1,"AS63949 (AKAMAI-LINODE-AP Akamai Connected Cloud, SG)"
getemails.uk,1,"AS49467 (EUROTA-ASN EUROTA INTERNET SERVICES LTD, TR)"
mxa-0049a501.gslb.pphosted.com,1,"AS26211 (PROOFPOINT-ASN-US-WEST - Proofpoint, Inc., US)"
mail.gesticulfml.ru,1,"AS12586 (ASGHOSTNET, DE)"
mail.getanswer.gettravellersrest.click,1,"AS51167 (CONTABO, DE)"
mx01.cbsolt.net,1,"AS21056 (ASN-WELCOMEITALIA, IT)"
mail.getnada.com,1,"AS16276 (OVH, FR)"
mail.getmule.com,1,"AS16276 (OVH, FR)"
getours-com-au.mail.protection.outlook.com,1,"AS8075 (MICROSOFT-CORP-MSN-AS-BLOCK - Microsoft Corporation, US)"
mail.getmails.eu,1,"AS24940 (HETZNER-AS, DE)"
mail.gettempmail.com,1,"AS48282 (VDSINA-AS, RU)"
getsomail.com,1,"AS14670 (WHG-USE1, GB)"
getimel.com,1,"AS47583 (AS-HOSTINGER, CY)"
getwellsoon-co-uk.mail.protection.outlook.com,1,"AS8075 (MICROSOFT-CORP-MSN-AS-BLOCK - Microsoft Corporation, US)"
mail.getwisetransfer.click,1,"AS51167 (CONTABO, DE)"
mail.email64.com,1,"AS14061 (DIGITALOCEAN-ASN - DigitalOcean, LLC, US)"
emailband.com,1,"AS47583 (AS-HOSTINGER, CY)"
gfbysaints.com,1,"AS47583 (AS-HOSTINGER, CY)"
mail.geumatophobia.com,1,"AS12586 (ASGHOSTNET, DE)"
mail.gettravellersrest.click,1,"AS51167 (CONTABO, DE)"
_dc-mx.2028ba539df3.emailcloudhub.uk,1,"AS18450 (WEBNX - WebNX, Inc., US)"
mail.getyourmojo.co,1,"AS51167 (CONTABO, DE)"
mail.emailbin.net,1,"AS14061 (DIGITALOCEAN-ASN - DigitalOcean, LLC, US)"
mx.gfgfgf.org,1,"AS14061 (DIGITALOCEAN-ASN - DigitalOcean, LLC, US)"
mail.emailertr.com,1,"AS14061 (DIGITALOCEAN-ASN - DigitalOcean, LLC, US)"
mx1.emailapps.info,1,"AS200107 (KL-EXT, CH)"
mail.emailgenerator.online,1,"AS47583 (AS-HOSTINGER, CY)"
mail.emailed.com,1,
relay.careerbuilder.com,1,"AS32977 (CBSITE-CHI-WEB - CareerBuilder, LLC, US)"
emaildark.fr.nf,1,"AS16276 (OVH, FR)"
emailgsa6.xyz,1,"AS59253 (LEASEWEB-APAC-SIN-11 LEASEWEB SINGAPORE PTE. LTD., SG)"
emailgsa2.xyz,1,"AS59253 (LEASEWEB-APAC-SIN-11 LEASEWEB SINGAPORE PTE. LTD., SG)"
emailgsa3.xyz,1,"AS59253 (LEASEWEB-APAC-SIN-11 LEASEWEB SINGAPORE PTE. LTD., SG)"
emailgsa9.xyz,1,"AS59253 (LEASEWEB-APAC-SIN-11 LEASEWEB SINGAPORE PTE. LTD., SG)"
emailgsa11.xyz,1,"AS59253 (LEASEWEB-APAC-SIN-11 LEASEWEB SINGAPORE PTE. LTD., SG)"
emailgsa1.xyz,1,"AS59253 (LEASEWEB-APAC-SIN-11 LEASEWEB SINGAPORE PTE. LTD., SG)"
emailgsa4.xyz,1,"AS59253 (LEASEWEB-APAC-SIN-11 LEASEWEB SINGAPORE PTE. LTD., SG)"
emailgsa5.xyz,1,"AS59253 (LEASEWEB-APAC-SIN-11 LEASEWEB SINGAPORE PTE. LTD., SG)"
emailgsa13.xyz,1,"AS59253 (LEASEWEB-APAC-SIN-11 LEASEWEB SINGAPORE PTE. LTD., SG)"
emailgsa12.xyz,1,"AS59253 (LEASEWEB-APAC-SIN-11 LEASEWEB SINGAPORE PTE. LTD., SG)"
emailgsa15.xyz,1,"AS59253 (LEASEWEB-APAC-SIN-11 LEASEWEB SINGAPORE PTE. LTD., SG)"
emailgsa10.xyz,1,"AS59253 (LEASEWEB-APAC-SIN-11 LEASEWEB SINGAPORE PTE. LTD., SG)"
emailgsa8.xyz,1,"AS59253 (LEASEWEB-APAC-SIN-11 LEASEWEB SINGAPORE PTE. LTD., SG)"
emailgsa7.xyz,1,"AS59253 (LEASEWEB-APAC-SIN-11 LEASEWEB SINGAPORE PTE. LTD., SG)"
emailgsa14.xyz,1,"AS59253 (LEASEWEB-APAC-SIN-11 LEASEWEB SINGAPORE PTE. LTD., SG)"
emailfowarding.com,1,"AS14061 (DIGITALOCEAN-ASN - DigitalOcean, LLC, US)"
mail.emailinfive.com,1,"AS24940 (HETZNER-AS, DE)"
gfree.fr,1,"AS16276 (OVH, FR)"
emailhere.info,1,"AS49467 (EUROTA-ASN EUROTA INTERNET SERVICES LTD, TR)"
mail.ggezmail.com,1,"AS12586 (ASGHOSTNET, DE)"
mx6.emailrii.com,1,
mx1.emailmobile.net,1,"AS200107 (KL-EXT, CH)"
mx1.emailmysr.com,1,"AS200107 (KL-EXT, CH)"
inbox.emailmiser.com,1,"AS33387 (NOCIX - Nocix, LLC, US)"
mail.emailresort.com,1,"AS63949 (AKAMAI-LINODE-AP Akamai Connected Cloud, SG)"
_dc-mx.1df0a807a702.emailsm.com,1,"AS36666 (GTCOMM - GloboTech Communications, CA)"
mx6.emailswhois.com,1,
mail.xtoolsvn.net,1,"AS16276 (OVH, FR)"
_dc-mx.9d1c629d4fbe.emailsementaraid.my.id,1,"AS59253 (LEASEWEB-APAC-SIN-11 LEASEWEB SINGAPORE PTE. LTD., SG)"
mail.emailsecure.top,1,"AS16276 (OVH, FR)"
emailtaxi.de,1,"AS8560 (IONOS-AS This is the joint network for IONOS, Fasthosts, Arsys, 1&1 Mail and Media and 1&1 Telecom. Formerly known as 1&1 Internet SE., DE)"
ggmail.biz.st,1,"AS16276 (OVH, FR)"
ggmail.website,1,"AS49981 (WORLDSTREAM, NL)"
mail.emailus.hotelhafenhamburg.click,1,"AS51167 (CONTABO, DE)"
mx1.emailwww.pro,1,
mail.emailworth.com,1,"AS22612 (NAMECHEAP-NET - Namecheap, Inc., US)"
mail.emailus.thebillieholiday.click,1,"AS51167 (CONTABO, DE)"
mail.emailxfer.com,1,"AS14061 (DIGITALOCEAN-ASN - DigitalOcean, LLC, US)"
emailirani.ir,1,"AS212025 (CUKMAN-AS, HR)"
emailx.org,1,"AS26042 (FIBERSTATE - FiberState, LLC, US)"
mail.ghanalandbank.com,1,"AS63949 (AKAMAI-LINODE-AP Akamai Connected Cloud, SG)"
_dc-mx.7d1ee4d70897.emarkwebsolutions.com,1,"AS21409 (IKOULA, FR)"
mx1.emailsy.info,1,"AS200107 (KL-EXT, CH)"
emailstip.info,1,"AS49467 (EUROTA-ASN EUROTA INTERNET SERVICES LTD, TR)"
emailterminal.info,1,"AS49467 (EUROTA-ASN EUROTA INTERNET SERVICES LTD, TR)"
mail.embrille.com,1,"AS47583 (AS-HOSTINGER, CY)"
mail.heheheha.shop,1,
mail.best1-host.com,1,"AS397071 (AWEB-LLC-ASN - AWEB LLC, US)"
gharda-com.mail.protection.outlook.com,1,"AS8075 (MICROSOFT-CORP-MSN-AS-BLOCK - Microsoft Corporation, US)"
mail.greaterhouse.org,1,"AS46606 (UNIFIEDLAYER-AS-1 - Unified Layer, US)"
mail.embrymali.ru,1,"AS12586 (ASGHOSTNET, DE)"
mail.embryomail.ru,1,"AS12586 (ASGHOSTNET, DE)"
_dc-mx.b12b59e37309.emergencymail.site,1,"AS24940 (HETZNER-AS, DE)"
mail.emeaaemail.ru,1,"AS12586 (ASGHOSTNET, DE)"
mail.embryogmail.ru,1,"AS12586 (ASGHOSTNET, DE)"
mail.embryonolml.ru,1,"AS12586 (ASGHOSTNET, DE)"
mail.ghizzonimoto.com,1,
mail.greatburn.ru,1,"AS21100 (ITLDC-EU, US)"
mx.greatlakesstate.com.cust.b.hostedemail.com,1,"AS32491 (TUCOWS-3 - Tucows.com Co., CA)"
mail.ghostbin.cfd,1,"AS24940 (HETZNER-AS, DE)"
emailtemp.xyz,1,
greencafe24.com,1,"AS47583 (AS-HOSTINGER, CY)"
emicomfort-com.mail.protection.outlook.com,1,"AS8075 (MICROSOFT-CORP-MSN-AS-BLOCK - Microsoft Corporation, US)"
smtp.embarqmaik.com,1,"AS26666 (INTERSERVER-LAX - Interserver, Inc, US)"
rockyii.thisco.com,1,"AS16509 (AMAZON-02 - Amazon.com, Inc., US)"
mail.emailus.getwisetransfer.click,1,
mail.giantmaiil.com,1,"AS12586 (ASGHOSTNET, DE)"
mailhost.comcetera.com,1,"AS63949 (AKAMAI-LINODE-AP Akamai Connected Cloud, SG)"
mail.emohawk.xyz,1,"AS47583 (AS-HOSTINGER, CY)"
emeil.ir,1,"AS212025 (CUKMAN-AS, HR)"
mail.ghostmail.net,1,"AS47217 (PLANETEL-SPA, IT)"
mx1.emmail.info,1,"AS200107 (KL-EXT, CH)"
mail.emocmail.com,1,"AS12586 (ASGHOSTNET, DE)"
_dc-mx.44a5909276f2.gicik.net,1,"AS200223 (ETHERON, NL)"
gide-com.mail.protection.outlook.com,1,"AS8075 (MICROSOFT-CORP-MSN-AS-BLOCK - Microsoft Corporation, US)"
eml.pp.ua.eml.pp.ua,1,
mail.emotionalfml.com,1,"AS12586 (ASGHOSTNET, DE)"
mail.emotrsmail.ru,1,"AS12586 (ASGHOSTNET, DE)"
mail.gidrantmail.com,1,"AS12586 (ASGHOSTNET, DE)"
mail.ggvgmail.com,1,"AS12586 (ASGHOSTNET, DE)"
gifto12.com,1,"AS47583 (AS-HOSTINGER, CY)"
mail.gifuniverse.com,1,"AS14061 (DIGITALOCEAN-ASN - DigitalOcean, LLC, US)"
mail.empireofbeauty.co.uk,1,"AS24940 (HETZNER-AS, DE)"
giftya-com.mail.protection.outlook.com,1,"AS8075 (MICROSOFT-CORP-MSN-AS-BLOCK - Microsoft Corporation, US)"
imap.mail.webnode.com,1,"AS39729 (REGISTER-AS, IT)"
gighub-com.mail.protection.outlook.com,1,"AS8075 (MICROSOFT-CORP-MSN-AS-BLOCK - Microsoft Corporation, US)"
ghehop.com,1,"AS45538 (ODSJSC-AS-VN ODS Joint Stock Company, VN)"
mail.emtsua.com,1,"AS47583 (AS-HOSTINGER, CY)"
emptymail.online,1,"AS213702 (QWINS-LTD QWINS AS-SET: ~ # AS213702:AS-CUSTOMERS, GB)"
gijode.click,1,"AS20068 (HAWKHOST - Hawk Host Inc., CA)"
mail.embolmyu.ru,1,"AS12586 (ASGHOSTNET, DE)"
ghad.net,1,"AS398395 (LEVELONESERVERS - PureVoltage Hosting Inc., US)"
emtlife.com,1,"AS29802 (HVC-AS - HIVELOCITY, Inc., US)"
emta-com.mail.protection.outlook.com,1,"AS8075 (MICROSOFT-CORP-MSN-AS-BLOCK - Microsoft Corporation, US)"
mail.gimpmail.com,1,"AS16276 (OVH, FR)"
mail.emulsml.ru,1,"AS12586 (ASGHOSTNET, DE)"
mail.gikmail.com,1,"AS42889 (METAVIRA-AS, RU)"
mail.enbox.site,1,"AS20473 (AS-VULTR - The Constant Company, LLC, US)"
mail.emulsificmail.ru,1,"AS12586 (ASGHOSTNET, DE)"
_dc-mx.4a23d4d6a94d.enchitaku.com,1,"AS51167 (CONTABO, DE)"
mail.ginzi.be,1,"AS8075 (MICROSOFT-CORP-MSN-AS-BLOCK - Microsoft Corporation, US)"
gimuemoa.fr.nf,1,"AS16276 (OVH, FR)"
mail.encephafl.com,1,"AS12586 (ASGHOSTNET, DE)"
mail.enantiomail.ru,1,"AS12586 (ASGHOSTNET, DE)"
mail.enantiemail.ru,1,"AS12586 (ASGHOSTNET, DE)"
mail.encephamail.com,1,"AS12586 (ASGHOSTNET, DE)"
mail.encephalomenli.com,1,"AS12586 (ASGHOSTNET, DE)"
mail.endarterme.ru,1,"AS12586 (ASGHOSTNET, DE)"
mx.giochi0.it,1,"AS14061 (DIGITALOCEAN-ASN - DigitalOcean, LLC, US)"
mail.giphub.com,1,"AS10066 (GAYANET-AS-KR LG HelloVision Corp., KR)"
mail.encyclomail.com,1,"AS12586 (ASGHOSTNET, DE)"
mail.enalioemail.ru,1,"AS12586 (ASGHOSTNET, DE)"
mail.metro2000.net,1,"AS10367 (FIBERCAST - Fibercast Corporation, US)"
mail.endocannic.com,1,"AS12586 (ASGHOSTNET, DE)"
mail.encephaml.ru,1,"AS12586 (ASGHOSTNET, DE)"
mail.endopermail.com,1,"AS12586 (ASGHOSTNET, DE)"
mail.endothelmy.com,1,"AS12586 (ASGHOSTNET, DE)"
mail.encyclopedmail.ru,1,"AS12586 (ASGHOSTNET, DE)"
mail.endometlity.ru,1,"AS12586 (ASGHOSTNET, DE)"
mail.endotrsmail.ru,1,"AS12586 (ASGHOSTNET, DE)"
mx7.girhub.com,1,"AS27257 (WEBAIR-INTERNET - Webair Internet Development Company Inc., US)"
mail.endocrinolmail.ru,1,"AS12586 (ASGHOSTNET, DE)"
mail.endomeml.ru,1,"AS12586 (ASGHOSTNET, DE)"
giovana.org,1,"AS264254 (AZAN SERVICOS DE INTERNET, BR)"
githqb.com,1,"AS63949 (AKAMAI-LINODE-AP Akamai Connected Cloud, SG)"
girlstalkplay.com,1,"AS6364 (ATLANTIC-NET-1 - Atlantic.net, Inc., US)"
mail.endoanolml.ru,1,"AS12586 (ASGHOSTNET, DE)"
gite-io.mail.protection.outlook.com,1,"AS8075 (MICROSOFT-CORP-MSN-AS-BLOCK - Microsoft Corporation, US)"
mail.enetomail.ru,1,"AS12586 (ASGHOSTNET, DE)"
englandvs.com,1,"AS7393 (CYBERCON - CYBERCON, INC., US)"
giti-com.mail.protection.outlook.com,1,"AS8075 (MICROSOFT-CORP-MSN-AS-BLOCK - Microsoft Corporation, US)"
mx7.gitihub.com,1,"AS27257 (WEBAIR-INTERNET - Webair Internet Development Company Inc., US)"
orient.engraar.com,1,"AS14061 (DIGITALOCEAN-ASN - DigitalOcean, LLC, US)"
rte039zrhz.englishity.com,1,"AS14061 (DIGITALOCEAN-ASN - DigitalOcean, LLC, US)"
mail.emisfml.com,1,"AS12586 (ASGHOSTNET, DE)"
mail.givememail.club,1,"AS14061 (DIGITALOCEAN-ASN - DigitalOcean, LLC, US)"
mail.enmaila.com,1,"AS14061 (DIGITALOCEAN-ASN - DigitalOcean, LLC, US)"
mail.givmail.com,1,"AS16276 (OVH, FR)"
mail.emwe.ru,1,"AS44094 (WEBHOST1-AS, RU)"
mx1.enginemail.top,1,"AS200107 (KL-EXT, CH)"
ddns.enput.com,1,"AS209 (CENTURYLINK-US-LEGACY-QWEST - CenturyLink Communications, LLC, US)"
_dc-mx.fd5bbd5acab1.enrmail.com,1,"AS16276 (OVH, FR)"
mail.enspinner.com,1,"AS24940 (HETZNER-AS, DE)"
mail.enquiry.beachhotelzoutelande.click,1,"AS51167 (CONTABO, DE)"
mail.enquiry.getwisetransfer.click,1,"AS51167 (CONTABO, DE)"
mail.enterpriseln.us,1,"AS22612 (NAMECHEAP-NET - Namecheap, Inc., US)"
mail.entipat.com,1,"AS47583 (AS-HOSTINGER, CY)"
mail.enter.net,1,"AS32244 (LIQUIDWEB - Liquid Web, L.L.C, US)"
mail.entamomalis.com,1,"AS12586 (ASGHOSTNET, DE)"
ensis.site,1,"AS52148 (ENIXLTD, GB)"
mail.entomolfml.com,1,"AS12586 (ASGHOSTNET, DE)"
mail.entemalary.ru,1,"AS12586 (ASGHOSTNET, DE)"
mail.environmli.com,1,"AS12586 (ASGHOSTNET, DE)"
envirophoenix-com.mail.protection.outlook.com,1,"AS8075 (MICROSOFT-CORP-MSN-AS-BLOCK - Microsoft Corporation, US)"
mail.entamail.ru,1,"AS12586 (ASGHOSTNET, DE)"
mail.gkolimp.ru,1,"AS44094 (WEBHOST1-AS, RU)"
envita-com.mail.protection.outlook.com,1,"AS8075 (MICROSOFT-CORP-MSN-AS-BLOCK - Microsoft Corporation, US)"
mail.entomfmail.ru,1,"AS12586 (ASGHOSTNET, DE)"
smtp.envolplus.com,1,"AS6364 (ATLANTIC-NET-1 - Atlantic.net, Inc., US)"
mail.entuziast-center.ru,1,"AS50340 (SELECTEL-MSK, RU)"
mail.eo-z.com,1,"AS14061 (DIGITALOCEAN-ASN - DigitalOcean, LLC, US)"
mail.glaptopsw.com,1,"AS47583 (AS-HOSTINGER, CY)"
mail.gladimail.com,1,"AS12586 (ASGHOSTNET, DE)"
mail.glacioml.ru,1,"AS12586 (ASGHOSTNET, DE)"
mail.glacioloebml.ru,1,"AS12586 (ASGHOSTNET, DE)"
glasses-com.mail.protection.outlook.com,1,"AS8075 (MICROSOFT-CORP-MSN-AS-BLOCK - Microsoft Corporation, US)"
mail.enzymatifml.ru,1,"AS12586 (ASGHOSTNET, DE)"
mail.glaventra.cfd,1,"AS203446 (AS203446, GB)"
mail.ghymail.com,1,"AS14061 (DIGITALOCEAN-ASN - DigitalOcean, LLC, US)"
eonmech-com.mail.protection.outlook.com,1,"AS8075 (MICROSOFT-CORP-MSN-AS-BLOCK - Microsoft Corporation, US)"
mx.eopn.com,1,"AS29873 (BIZLAND-SD - Newfold Digital, Inc., US)"
mail.eosada.com,1,"AS14061 (DIGITALOCEAN-ASN - DigitalOcean, LLC, US)"
mail.eosatx.com,1,"AS14061 (DIGITALOCEAN-ASN - DigitalOcean, LLC, US)"
glaziers-erith.co.uk,1,"AS42831 (UKSERVERS-AS UK Dedicated Servers, Hosting and Co-Location, GB)"
mx1.mttm.nu,1,"AS16509 (AMAZON-02 - Amazon.com, Inc., US)"
mail.eoslux.com,1,"AS14061 (DIGITALOCEAN-ASN - DigitalOcean, LLC, US)"
glenfieldelectrical-com.mail.protection.outlook.com,1,"AS8075 (MICROSOFT-CORP-MSN-AS-BLOCK - Microsoft Corporation, US)"
glaziers-waterloo.co.uk,1,"AS42831 (UKSERVERS-AS UK Dedicated Servers, Hosting and Co-Location, GB)"
mail.eosino.ru,1,"AS12586 (ASGHOSTNET, DE)"
inx.eoutrbl.com,1,"AS14061 (DIGITALOCEAN-ASN - DigitalOcean, LLC, US)"
198.252.99.156,1,
mail.eosomail.ru,1,"AS12586 (ASGHOSTNET, DE)"
gland.xxl.st,1,"AS16276 (OVH, FR)"
eoro-com.mail.protection.outlook.com,1,"AS8075 (MICROSOFT-CORP-MSN-AS-BLOCK - Microsoft Corporation, US)"
mail.edud.site,1,"AS213230 (HETZNER-CLOUD2-AS, DE)"
mail.epeiromail.com,1,"AS12586 (ASGHOSTNET, DE)"
global2.xyz,1,"AS32475 (SINGLEHOP-LLC - Internap Holding LLC, US)"
mx0.engfootballfans.com,1,"AS54290 (HOSTWINDS - Hostwinds LLC., US)"
epexegmail.com,1,"AS213702 (QWINS-LTD QWINS AS-SET: ~ # AS213702:AS-CUSTOMERS, GB)"
ephold-com.mail.protection.outlook.com,1,"AS8075 (MICROSOFT-CORP-MSN-AS-BLOCK - Microsoft Corporation, US)"
mail.epeirmalu.ru,1,"AS12586 (ASGHOSTNET, DE)"
mx.epic-tech.org,1,"AS14061 (DIGITALOCEAN-ASN - DigitalOcean, LLC, US)"
mail.epiar.net,1,"AS212317 (HETZNER-CLOUD3-AS, DE)"
mail.ephemerofml.com,1,"AS12586 (ASGHOSTNET, DE)"
mail.epicplayblog.cc,1,"AS45102 (ALIBABA-CN-NET Alibaba US Technology Co., Ltd., CN)"
mail.epicamail.com,1,"AS12586 (ASGHOSTNET, DE)"
globalinternet.fr.nf,1,"AS16276 (OVH, FR)"
mail.epichlorohfkml.com,1,"AS12586 (ASGHOSTNET, DE)"
mail.epicamil.ru,1,"AS12586 (ASGHOSTNET, DE)"
mail.epifmk.com,1,"AS12586 (ASGHOSTNET, DE)"
mail.episcopalifml.com,1,"AS12586 (ASGHOSTNET, DE)"
mail.episcopalmy.com,1,"AS12586 (ASGHOSTNET, DE)"
mail.episemail.ru,1,"AS12586 (ASGHOSTNET, DE)"
smtp.globo.com,1,"AS396982 (GOOGLE-CLOUD-PLATFORM - Google LLC, US)"
mail.epistmail.com,1,"AS12586 (ASGHOSTNET, DE)"
gladogmi.fr.nf,1,"AS16276 (OVH, FR)"
mail.epigrrsmail.ru,1,"AS12586 (ASGHOSTNET, DE)"
mail.epididyfml.ru,1,"AS12586 (ASGHOSTNET, DE)"
mail.epithelimails.ru,1,"AS12586 (ASGHOSTNET, DE)"
entrens-com.mail.protection.outlook.com,1,"AS8075 (MICROSOFT-CORP-MSN-AS-BLOCK - Microsoft Corporation, US)"
mail.globulimals.ru,1,"AS12586 (ASGHOSTNET, DE)"
mail.entrepremail.ru,1,"AS12586 (ASGHOSTNET, DE)"
tempmail.epmmo.com,1,"AS14061 (DIGITALOCEAN-ASN - DigitalOcean, LLC, US)"
gloriatours-com01e.mail.protection.outlook.com,1,"AS8075 (MICROSOFT-CORP-MSN-AS-BLOCK - Microsoft Corporation, US)"
mail.epitomi.ru,1,"AS12586 (ASGHOSTNET, DE)"
mail.epomail.com,1,"AS32097 (WII - WholeSale Internet, Inc., US)"
mx.wuaze.com,1,"AS34119 (WILDCARD-AS Wildcard UK Limited, GB)"
pmg196.emca.pl,1,"AS47223 (LUKMAN, PL)"
mail.glovvdays.com,1,"AS12586 (ASGHOSTNET, DE)"
antispam01.imos.net,1,"AS20677 (IMOS-AS Alfons-Feifel-Str. 9, DE)"
epshop.online,1,"AS13335 (CLOUDFLARENET - Cloudflare, Inc., US)"
_dc-mx.69f5e053ae5a.glydehouse.co.uk,1,"AS20068 (HAWKHOST - Hawk Host Inc., CA)"
mail.gluconcs.ru,1,"AS12586 (ASGHOSTNET, DE)"
mail.globalkino.ru,1,"AS31252 (STARNET-AS, MD)"
mail.gma1il.com,1,"AS47583 (AS-HOSTINGER, CY)"
mail.gluteoinmail.ru,1,"AS12586 (ASGHOSTNET, DE)"
mail.glycerog.ru,1,"AS12586 (ASGHOSTNET, DE)"
mail.gmaiil.my.id,1,"AS133800 (IDNIC-BIZNETGIO-AS-ID PT Biznet Gio Nusantara, ID)"
mail.equatmails.ru,1,"AS12586 (ASGHOSTNET, DE)"
mail.equifirst.in,1,"AS46606 (UNIFIEDLAYER-AS-1 - Unified Layer, US)"
mail.epipheninf.com,1,"AS12586 (ASGHOSTNET, DE)"
mail.equatoolml.ru,1,"AS12586 (ASGHOSTNET, DE)"
mail.epichlmail.ru,1,"AS12586 (ASGHOSTNET, DE)"
mail.eq-trainer.ru,1,"AS44094 (WEBHOST1-AS, RU)"
mail.epiphyllmails.ru,1,"AS12586 (ASGHOSTNET, DE)"
equipmentsfinances-com.mail.protection.outlook.com,1,"AS8075 (MICROSOFT-CORP-MSN-AS-BLOCK - Microsoft Corporation, US)"
mail.equimolmale.com,1,"AS12586 (ASGHOSTNET, DE)"
mail.episcomails.ru,1,"AS12586 (ASGHOSTNET, DE)"
mail.equivara.cfd,1,"AS203446 (AS203446, GB)"
mail.anonmail.lol,1,"AS141995 (CAPL-AS-AP Contabo Asia Private Limited, SG)"
entyrecare-com.mail.protection.outlook.com,1,"AS8075 (MICROSOFT-CORP-MSN-AS-BLOCK - Microsoft Corporation, US)"
gmail-gr-com.mail.protection.outlook.com,1,"AS8075 (MICROSOFT-CORP-MSN-AS-BLOCK - Microsoft Corporation, US)"
mail.equivofl.com,1,"AS12586 (ASGHOSTNET, DE)"
mail.equivolity.ru,1,"AS12586 (ASGHOSTNET, DE)"
_dc-mx.92cfe6de228a.gmail.pm,1,"AS36352 (AS-COLOCROSSING - HostPapa, US)"
mail.equmalary.ru,1,"AS12586 (ASGHOSTNET, DE)"
mailu-gvbn7-u65696.vm.elestio.app,1,
mx1.gmail.it,1,"AS31103 (KEYWEB-AS, DE)"
mx-post.erahods.com,1,"AS14061 (DIGITALOCEAN-ASN - DigitalOcean, LLC, US)"
mail.gmailasdfas.com,1,"AS14061 (DIGITALOCEAN-ASN - DigitalOcean, LLC, US)"
mail.gmail7.com,1,"AS31898 (ORACLE-BMC-31898 - Oracle Corporation, US)"
mail.eposta.work,1,"AS132203 (TENCENT-NET-AP-CN Tencent Building, Kejizhongyi Avenue, CN)"
gmail-smtp-in.l.gmail3.com,1,"AS19318 (IS-AS-1 - Interserver, Inc, US)"
mx6.gmailcomcom.com,1,
mail.gmaildottrick.com,1,"AS47583 (AS-HOSTINGER, CY)"
mx6.gmaildort.com,1,
gmail4.com,1,"AS9416 (MULTIMEDIA-AS-AP Hoshin Multimedia Center Inc., TW)"
mx6.gmailertyq.com,1,
mx.gmailfe.com,1,"AS14061 (DIGITALOCEAN-ASN - DigitalOcean, LLC, US)"
mail.ercohomes.ca,1,"AS19871 (NETWORK-SOLUTIONS-HOSTING - Network Solutions, LLC, US)"
mx5.gmoserver.jp,1,"AS7506 (INTERQ GMO Internet Group, Inc., JP)"
mail.ereplyzy.com,1,"AS47583 (AS-HOSTINGER, CY)"
mail.erermail.com,1,"AS14061 (DIGITALOCEAN-ASN - DigitalOcean, LLC, US)"
rte03.ereirqu.com,1,"AS14061 (DIGITALOCEAN-ASN - DigitalOcean, LLC, US)"
mail.gmaill.my.id,1,"AS31898 (ORACLE-BMC-31898 - Oracle Corporation, US)"
mail.gmailnew.com,1,"AS24940 (HETZNER-AS, DE)"
mail.gmail.pp.ua,1,"AS3255 (UARNET-AS UARNet-Eksintech, UA)"
mx6.gmailweerr.com,1,
smtp-in.erine.email,1,"AS16276 (OVH, FR)"
mail.epipemail.ru,1,"AS12586 (ASGHOSTNET, DE)"
mail.eriesemail.com,1,"AS132203 (TENCENT-NET-AP-CN Tencent Building, Kejizhongyi Avenue, CN)"
mail.gmailjj.com,1,"AS37963 (ALIBABA-CN-NET Hangzhou Alibaba Advertising Co.,Ltd., CN)"
epimymail.com,1,"AS213702 (QWINS-LTD QWINS AS-SET: ~ # AS213702:AS-CUSTOMERS, GB)"
mx6.gmailzdfsdfds.com,1,
mail.ericsupport.com,1,"AS40021 (CONTABO-40021 - Contabo Inc., US)"
gmail-smtp-in.l.gmailya.com,1,"AS19318 (IS-AS-1 - Interserver, Inc, US)"
mx1.gmailssdf.com,1,"AS24940 (HETZNER-AS, DE)"
gmail-smtp-in.l.gmailw.com,1,"AS19318 (IS-AS-1 - Interserver, Inc, US)"
mail.gmakl.com,1,"AS203476 (GANDI-AS-2 Domain name registrar - www.gandi.net, FR)"
mailwel.com,1,"AS14061 (DIGITALOCEAN-ASN - DigitalOcean, LLC, US)"
mail.gmails.top,1,"AS132203 (TENCENT-NET-AP-CN Tencent Building, Kejizhongyi Avenue, CN)"
mail.ermael.com,1,"AS14061 (DIGITALOCEAN-ASN - DigitalOcean, LLC, US)"
mail.user-mail.net,1,"AS213230 (HETZNER-CLOUD2-AS, DE)"
mx1.epwwrestling.com,1,"AS200107 (KL-EXT, CH)"
gmail-smtp-in.l.gmal1.com,1,"AS19318 (IS-AS-1 - Interserver, Inc, US)"
gmcil-com.mail.protection.outlook.com,1,"AS8075 (MICROSOFT-CORP-MSN-AS-BLOCK - Microsoft Corporation, US)"
mail.geekmafia.com,1,
mail.epithelmails.ru,1,"AS12586 (ASGHOSTNET, DE)"
mail.eqimail.com,1,"AS14061 (DIGITALOCEAN-ASN - DigitalOcean, LLC, US)"
gmimfg-com.mail.protection.outlook.com,1,"AS8075 (MICROSOFT-CORP-MSN-AS-BLOCK - Microsoft Corporation, US)"
mail.eroticimail.com,1,"AS12586 (ASGHOSTNET, DE)"
mail.entomophtrsmail.ru,1,"AS12586 (ASGHOSTNET, DE)"
gmex-fr.mail.protection.outlook.com,1,"AS8075 (MICROSOFT-CORP-MSN-AS-BLOCK - Microsoft Corporation, US)"
mail.gmoil.xyz,1,"AS22612 (NAMECHEAP-NET - Namecheap, Inc., US)"
gmmx.com,1,"AS55293 (A2HOSTING - A2 Hosting, Inc., US)"
mail.erodifl.com,1,"AS12586 (ASGHOSTNET, DE)"
mail.erpin.org,1,"AS3842 (RAMNODE - InMotion Hosting, Inc., US)"
mail.erotogrmail.com,1,"AS12586 (ASGHOSTNET, DE)"
mxa-00784301.gslb.pphosted.com,1,"AS26211 (PROOFPOINT-ASN-US-WEST - Proofpoint, Inc., US)"
gmqil-com.mail.protection.outlook.com,1,"AS8075 (MICROSOFT-CORP-MSN-AS-BLOCK - Microsoft Corporation, US)"
mail.eqmail.com,1,"AS45090 (TENCENT-NET-AP Shenzhen Tencent Computer Systems Company Limited, CN)"
mx.ertemaik.com,1,"AS14061 (DIGITALOCEAN-ASN - DigitalOcean, LLC, US)"
errorid.com,1,"AS16276 (OVH, FR)"
gmsil.com.1.0001.arsmtp.com,1,"AS53780 (AS-APPRIVER - APPRIVER LLC, US)"
mail.gmthub.com,1,"AS9930 (TTNET-MY TIME dotCom Berhad No. 14, Jalan Majistret U126 Hicom Glenmarie Industrial Park 40150 Shah Alam Selangor, Malaysia, MY)"
x9.ertrade.com,1,"AS53850 (GORILLASERVERS - GorillaServers, Inc., US)"
mail.erotomails.ru,1,"AS12586 (ASGHOSTNET, DE)"
mail.equianguli.com,1,"AS12586 (ASGHOSTNET, DE)"
mail.erviomail.com,1,"AS12586 (ASGHOSTNET, DE)"
mail.ervmail.com,1,"AS12586 (ASGHOSTNET, DE)"
mail.gng.edu.pl,1,"AS16276 (OVH, FR)"
mail.gniazdoorlow.edu.pl,1,"AS24940 (HETZNER-AS, DE)"
mail.erysipelfml.com,1,"AS12586 (ASGHOSTNET, DE)"
mail.erythrocinf.com,1,"AS12586 (ASGHOSTNET, DE)"
mail.erythrocytinf.com,1,"AS12586 (ASGHOSTNET, DE)"
mail.erythrsmail.ru,1,"AS12586 (ASGHOSTNET, DE)"
a113362.mx.mailhop.org,1,"AS16509 (AMAZON-02 - Amazon.com, Inc., US)"
mail.erythml.ru,1,"AS12586 (ASGHOSTNET, DE)"
gnaii.com,1,"AS17506 (UCOM ARTERIA Networks Corporation, JP)"
mail.gnathostfmail.ru,1,"AS12586 (ASGHOSTNET, DE)"
mail.9n9n9t.jp,1,"AS9370 (SAKURA-B SAKURA Internet Inc., JP)"
_dc-mx.7f369b9bb125.escholcreations.com,1,"AS38719 (DREAMSCAPE-AS-AP Dreamscape Networks Limited, AU)"
mail.erythroblasfmus.ru,1,"AS12586 (ASGHOSTNET, DE)"
mail.gnoeaaemail.ru,1,"AS12586 (ASGHOSTNET, DE)"
go-daddypromocode.com,1,
mail.esdruns.com,1,"AS47583 (AS-HOSTINGER, CY)"
mail.erythroblmail.ru,1,"AS12586 (ASGHOSTNET, DE)"
mx.go-ogle.com,1,"AS29873 (BIZLAND-SD - Newfold Digital, Inc., US)"
mail.esensbuy.com,1,"AS14618 (AMAZON-AES - Amazon.com, Inc., US)"
mail.eschaumail.com,1,"AS12586 (ASGHOSTNET, DE)"
escortsdudley.com,1,"AS22612 (NAMECHEAP-NET - Namecheap, Inc., US)"
mail.glomeruloneml.ru,1,"AS12586 (ASGHOSTNET, DE)"
mail.esgame.pl,1,"AS41079 (CF-GDA, PL)"
mxa-0018d001.gslb.pphosted.com,1,"AS26211 (PROOFPOINT-ASN-US-WEST - Proofpoint, Inc., US)"
esckiz.xyz,1,"AS132420 (E2E-NETWORKS-IN 282, Sector 19, IN)"
mail.go2usa.info,1,"AS47583 (AS-HOSTINGER, CY)"
mailstd-04.zth.netdesignhost.com,1,"AS135161 (GMO-Z-COM-TH GMO-Z com NetDesign Holdings Co., Ltd., JP)"
mx1.oweb.cn,1,"AS4811 (CHINANET-SHANGHAI-MAN China Telecom Group, CN)"
mail.go2site.info,1,"AS24940 (HETZNER-AS, DE)"
msn.eshimod.com,1,"AS14061 (DIGITALOCEAN-ASN - DigitalOcean, LLC, US)"
godaddy-com.mail.protection.outlook.com,1,"AS8075 (MICROSOFT-CORP-MSN-AS-BLOCK - Microsoft Corporation, US)"
god-mail.com,1,"AS32475 (SINGLEHOP-LLC - Internap Holding LLC, US)"
mail.godfare.com,1,"AS14061 (DIGITALOCEAN-ASN - DigitalOcean, LLC, US)"
_dc-mx.a8e6d80e1032.gocyb.org,1,"AS1856 (DISN-PILOTNET2 - RTX BBN Technologies, Inc., US)"
esportslatam-com01i.mail.protection.outlook.com,1,"AS8075 (MICROSOFT-CORP-MSN-AS-BLOCK - Microsoft Corporation, US)"
espiraldevendas-com-br.mail.protection.outlook.com,1,
mail.esponamail.com,1,"AS12586 (ASGHOSTNET, DE)"
mail.gobo-projectors.ru,1,"AS44094 (WEBHOST1-AS, RU)"
bslmsn.essayssolution.com,1,"AS209605 (HOSTBALTIC, LT)"
mx1.essay-top.biz,1,"AS200107 (KL-EXT, CH)"
mail.gofolic.org,1,"AS54290 (HOSTWINDS - Hostwinds LLC., US)"
espismail.com,1,"AS213702 (QWINS-LTD QWINS AS-SET: ~ # AS213702:AS-CUSTOMERS, GB)"
mail.godrej-forestgrove.com,1,"AS394695 (PUBLIC-DOMAIN-REGISTRY - PDR, US)"
essaywritingservicelinked.com,1,"AS53755 (IOFLOOD - Input Output Flood LLC, US)"
goeedl.com,1,"AS201682 (LIQUID-WEB-BV, US)"
mail.gogogmail.com,1,"AS14061 (DIGITALOCEAN-ASN - DigitalOcean, LLC, US)"
mail.estabamail.com,1,"AS12586 (ASGHOSTNET, DE)"
mail.establishmemail.com,1,"AS12586 (ASGHOSTNET, DE)"
mail.establismail.com,1,"AS12586 (ASGHOSTNET, DE)"
esmyar.ir,1,"AS57230 (ARIAWEBCO-AS, IR)"
esmeraldamagina.com,1,"AS34762 (COMBELL-AS, BE)"
mail.gold.edu.pl,1,"AS16276 (OVH, FR)"
mail.gold-mania.com,1,"AS25532 (MASTERHOST-AS Moscow, Russia, RU)"
mail.esthesiopmail.com,1,"AS12586 (ASGHOSTNET, DE)"
mail.esterificfm.ru,1,"AS12586 (ASGHOSTNET, DE)"
mail.esthesmail.ru,1,"AS12586 (ASGHOSTNET, DE)"
eta-com.mail.protection.outlook.com,1,"AS8075 (MICROSOFT-CORP-MSN-AS-BLOCK - Microsoft Corporation, US)"
goldmansachs-com01b.mail.protection.outlook.com,1,"AS8075 (MICROSOFT-CORP-MSN-AS-BLOCK - Microsoft Corporation, US)"
etcone-net.mail.protection.outlook.com,1,
mail.etaajir.net,1,"AS19871 (NETWORK-SOLUTIONS-HOSTING - Network Solutions, LLC, US)"
box.hashcellrelay.com,1,"AS8866 (VIVACOM-AS BULGARIA, BG)"
mx.etc.syn-alias.com,1,"AS31898 (ORACLE-BMC-31898 - Oracle Corporation, US)"
ezmail.mail.etempmail.net,1,"AS19318 (IS-AS-1 - Interserver, Inc, US)"
west.smtp.mx.exch092.serverdata.net,1,"AS16406 (AS-INTERMEDIA - Intermedia.net, Inc., US)"
mail.goldenpinefield.com,1,"AS214996 (NETCUP, DE)"
mail.goldpaclk.store,1,"AS24940 (HETZNER-AS, DE)"
mx.mail.gol.com,1,"AS23720 (RMNI-AS-AP Rakuten Mobile Network, Inc., JP)"
mx.ethereal.email,1,"AS24940 (HETZNER-AS, DE)"
eternity-my-id.mail.protection.outlook.com,1,
mx1.smail.com.tr,1,"AS211577 (ZERSNETLLC, US)"
mx6.golfnewshome.com,1,
goldstandard99.com,1,"AS42821 (RAPIDNET-DE Haunstetter Str. 19, DE)"
mail.goldfox.ru,1,
mail.eti.eu.com,1,"AS51167 (CONTABO, DE)"
mail1.etlgr.com,1,"AS8069 (MICROSOFT-CORP-MSN-AS-BLOCK - Microsoft Corporation, US)"
mail.goldmansuchs.com,1,"AS3257 (GTT-BACKBONE GTT, US)"
mx1.eth2btc.info,1,"AS200107 (KL-EXT, CH)"
mail.ethnomusmail.com,1,"AS12586 (ASGHOSTNET, DE)"
mail.etherifimail.ru,1,"AS12586 (ASGHOSTNET, DE)"
ethodmail.com,1,"AS213702 (QWINS-LTD QWINS AS-SET: ~ # AS213702:AS-CUSTOMERS, GB)"
mail.ethnohifkml.ru,1,"AS12586 (ASGHOSTNET, DE)"
mail.etherefml.ru,1,"AS12586 (ASGHOSTNET, DE)"
gomaile.com,1,"AS29222 (INFOMANIAK-AS, CH)"
golfloverusa.shop,1,"AS136246 (TOMATTOSTL-AS-AP Tomattos Technologies Ltd., BD)"
mail.ethnobotmail.ru,1,"AS12586 (ASGHOSTNET, DE)"
mail.etherefkml.ru,1,"AS12586 (ASGHOSTNET, DE)"
mail.gonaute.com,1,"AS14061 (DIGITALOCEAN-ASN - DigitalOcean, LLC, US)"
a-mail-in.xora.com,1,"AS14618 (AMAZON-AES - Amazon.com, Inc., US)"
mail.goninja.com,1,"AS63949 (AKAMAI-LINODE-AP Akamai Connected Cloud, SG)"
mail.gonadotrfmals.com,1,"AS12586 (ASGHOSTNET, DE)"
mail.etorro.com,1,"AS13246 (INETWIRE-AS Key-Systems GmbH PartnerGate, DE)"
vlmx-air.secure.ne.jp,1,"AS2516 (KDDI KDDI CORPORATION, JP)"
v150936.kasserver.com,1,"AS34788 (NMM-AS D - 02742 Friedersdorf Hauptstrasse 68, DE)"
mx1.hc3620-0.iphmx.com,1,"AS16417 (IRONPORT-SYSTEMS-INC - Cisco Systems Ironport Division, US)"
mail.etorg.com,1,"AS44901 (BELCLOUD Premium IP transit network, BG)"
mail.gonoblamail.com,1,"AS12586 (ASGHOSTNET, DE)"
mail2.etro.com,1,"AS12874 (FASTWEB, IT)"
mx.etowahpainassociates.com,1,"AS16509 (AMAZON-02 - Amazon.com, Inc., US)"
mail.etradm.com,1,"AS8708 (DIGI-ROMANIA 75 Dr. Staicovici, RO)"
mail.eu6genetic.com,1,"AS47583 (AS-HOSTINGER, CY)"
mail.etymolo.com,1,"AS12586 (ASGHOSTNET, DE)"
mail.etymologmale.com,1,"AS12586 (ASGHOSTNET, DE)"
mail.etymolomail.ru,1,"AS12586 (ASGHOSTNET, DE)"
smtp.eu.org,1,"AS12322 (PROXAD, FR)"
mx.euesolucoes.online,1,"AS20473 (AS-VULTR - The Constant Company, LLC, US)"
mailin1.goodmood.co.uk,1,"AS51013 (WEBSUPPORT-SRO-SK-AS, SK)"
mail.etymoml.ru,1,"AS12586 (ASGHOSTNET, DE)"
mail.goodbone.ru,1,"AS21100 (ITLDC-EU, US)"
googital.com,1,"AS42846 (GUZELHOSTING GNET INTERNET TELEKOMUNIKASYON A.S., TR)"
mail.eurogenet.com,1,"AS19377 (CLOUD-CARIB-LTD - Cloud Carib Limited, BS)"
google2u.com,1,"AS212317 (HETZNER-CLOUD3-AS, DE)"
mail2.cave.net,1,"AS13706 (COMPLETEWEBNET - CompleteWeb.Net LLC, US)"
mx.googlw.com.cust.a.hostedemail.com,1,"AS15348 (TUCOWS - Tucows.com Co., CA)"
mail.go-vegas.ru,1,"AS204601 (PODAON, NL)"
mail.euucn.com,1,"AS14061 (DIGITALOCEAN-ASN - DigitalOcean, LLC, US)"
mail.goosenetwork.org,1,"AS51167 (CONTABO, DE)"
f.omail.cc,1,"AS31898 (ORACLE-BMC-31898 - Oracle Corporation, US)"
mail.goohle.co.ua,1,
mx1.goood-mail.net,1,"AS200107 (KL-EXT, CH)"
mail01.goosebox.net,1,"AS36351 (SOFTLAYER - IBM Cloud, US)"
mail.eutycsalo.ru,1,"AS12586 (ASGHOSTNET, DE)"
malibuzz.gordoncastlehighlandgames.com,1,"AS51167 (CONTABO, DE)"
mail.gopeemail.com,1,"AS12586 (ASGHOSTNET, DE)"
mail.eurobet88.net,1,"AS9808 (CHINAMOBILE-CN China Mobile Communications Group Co., Ltd., CN)"
mx01.windstream.net,1,"AS31898 (ORACLE-BMC-31898 - Oracle Corporation, US)"
mail.evangelicmail.ru,1,"AS12586 (ASGHOSTNET, DE)"
mail.eveist.com,1,"AS14061 (DIGITALOCEAN-ASN - DigitalOcean, LLC, US)"
mail.evangelifl.com,1,"AS12586 (ASGHOSTNET, DE)"
mail.evangemail.com,1,"AS12586 (ASGHOSTNET, DE)"
evbholdingsllc-com.mail.protection.outlook.com,1,"AS8075 (MICROSOFT-CORP-MSN-AS-BLOCK - Microsoft Corporation, US)"
mail.evangeemail.ru,1,"AS12586 (ASGHOSTNET, DE)"
pro60.emailserver.vn,1,"AS45538 (ODSJSC-AS-VN ODS Joint Stock Company, VN)"
mx1.goproaccessories.us,1,"AS200107 (KL-EXT, CH)"
mail.evangelismfri.com,1,"AS12586 (ASGHOSTNET, DE)"
mx.gorommasala.com,1,"AS14061 (DIGITALOCEAN-ASN - DigitalOcean, LLC, US)"
mail.euvotodistrital.org.br,1,"AS16276 (OVH, FR)"
mx001.gorillaswithdirtyarmpits.com,1,"AS24940 (HETZNER-AS, DE)"
gorleylalonde-com.mail.protection.outlook.com,1,"AS8075 (MICROSOFT-CORP-MSN-AS-BLOCK - Microsoft Corporation, US)"
mail.evangelml.ru,1,"AS12586 (ASGHOSTNET, DE)"
mail.gosneer.com,1,"AS32097 (WII - WholeSale Internet, Inc., US)"
gosharks-net.mail.protection.outlook.com,1,"AS8075 (MICROSOFT-CORP-MSN-AS-BLOCK - Microsoft Corporation, US)"
mail.gmip.fr,1,"AS203476 (GANDI-AS-2 Domain name registrar - www.gandi.net, FR)"
mail.evangelmail.ru,1,"AS12586 (ASGHOSTNET, DE)"
_dc-mx.66102a41b374.eventnice.id,1,"AS136170 (EXBCOID-AS-AP PT. EXABYTES NETWORK INDONESIA, ID)"
mail.europrint-russia.ru,1,"AS29182 (RU-JSCIOT, RU)"
mail.evangelimail.ru,1,"AS12586 (ASGHOSTNET, DE)"
gothub-com.mail.protection.outlook.com,1,
mx3.eu001.everymail.com,1,"AS16276 (OVH, FR)"
event-united.com,1,"AS14618 (AMAZON-AES - Amazon.com, Inc., US)"
euromail.hu,1,"AS60071 (RENDSZERNET-AS, HU)"
mail.everythingispersonal.com,1,"AS24940 (HETZNER-AS, DE)"
mail.goto.tempo-mail.pro,1,"AS22612 (NAMECHEAP-NET - Namecheap, Inc., US)"
_dc-mx.c39eb409b415.gotempmail.me,1,"AS57043 (HOSTKEY-AS, NL)"
mail.gottakh.com,1,"AS47583 (AS-HOSTINGER, CY)"
mail.europesoftwares.net,1,"AS210403 (LWS, FR)"
mail.eventuruby.ru,1,"AS12586 (ASGHOSTNET, DE)"
mail.evgeniazimina.com,1,"AS35278 (SPRINTHOST, RU)"
evolutiongene-com.mail.protection.outlook.com,1,"AS8075 (MICROSOFT-CORP-MSN-AS-BLOCK - Microsoft Corporation, US)"
mail.governmentgis.com,1,"AS31898 (ORACLE-BMC-31898 - Oracle Corporation, US)"
mail.evontra.cfd,1,"AS203446 (AS203446, GB)"
mail.wolstencroft.com.au,1,"AS38195 (SUPERLOOP-AS-AP Superloop, AU)"
mutagim-com.mail.protection.outlook.com,1,"AS8075 (MICROSOFT-CORP-MSN-AS-BLOCK - Microsoft Corporation, US)"
mail.evilgodshop.com,1,"AS135983 (TINO-AS-VN Tino Group Joint Stock Company, VN)"
mail.evigrxplus.com,1,"AS63023 (AS-GLOBALTELEHOST - GTHost, US)"
mx1.gotoinbox.bid,1,"AS200107 (KL-EXT, CH)"
mail.governmenfl.com,1,"AS12586 (ASGHOSTNET, DE)"
mail.evoveo.com,1,"AS14670 (WHG-USE1, GB)"
mail.evoro.eu,1,"AS216063 (TWENTYFOURFIRE, DE)"
mail.governamail.ru,1,"AS12586 (ASGHOSTNET, DE)"
mail.gourmetnation.com.au,1,"AS45638 (SYNERGYWHOLESALE-AP SYNERGY WHOLESALE PTY LTD, AU)"
mail.gorsvet.org.ua,1,"AS50340 (SELECTEL-MSK, RU)"
mail.gpcharlie.com,1,"AS47583 (AS-HOSTINGER, CY)"
gowingo.xyz,1,"AS24940 (HETZNER-AS, DE)"
space.cyberly.com,1,"AS63949 (AKAMAI-LINODE-AP Akamai Connected Cloud, SG)"
mail.evolutrsmail.ru,1,"AS12586 (ASGHOSTNET, DE)"
mail.ewroteed.com,1,"AS47583 (AS-HOSTINGER, CY)"
mx2.ewebpills.com,1,"AS200107 (KL-EXT, CH)"
mail.gpromotedx.com,1,"AS47583 (AS-HOSTINGER, CY)"
mail.gowp.pl,1,"AS47544 (IQPL-AS, PL)"
ex-io.mail.protection.outlook.com,1,"AS8075 (MICROSOFT-CORP-MSN-AS-BLOCK - Microsoft Corporation, US)"
mail.evilin-expo.ru,1,"AS44094 (WEBHOST1-AS, RU)"
mail.gptmuramedia.biz.id,1,
mail.gps.pics,1,"AS46606 (UNIFIEDLAYER-AS-1 - Unified Layer, US)"
mail.exactlegalreview.com,1,"AS204601 (PODAON, NL)"
mail.gowithsee.com,1,"AS47995 (AT-AS, RU)"
exactmedicare-com.mail.protection.outlook.com,1,"AS8075 (MICROSOFT-CORP-MSN-AS-BLOCK - Microsoft Corporation, US)"
mail.exaggerfml.ru,1,"AS12586 (ASGHOSTNET, DE)"
mail.exams.gng.edu.pl,1,"AS16276 (OVH, FR)"
mail.exc.com,1,"AS61969 (TEAMINTERNET-AS, DE)"
mail.exartimail.com,1,"AS12586 (ASGHOSTNET, DE)"
gradientai-com.mail.protection.outlook.com,1,"AS8075 (MICROSOFT-CORP-MSN-AS-BLOCK - Microsoft Corporation, US)"
mailstream-east.mxrecord.io,1,"AS13335 (CLOUDFLARENET - Cloudflare, Inc., US)"
mx.graffitiresin.com,1,"AS29873 (BIZLAND-SD - Newfold Digital, Inc., US)"
mail.grand-me.club,1,"AS16276 (OVH, FR)"
mail.grandmasmail.com,1,"AS14061 (DIGITALOCEAN-ASN - DigitalOcean, LLC, US)"
asp.granadm.com,1,"AS14061 (DIGITALOCEAN-ASN - DigitalOcean, LLC, US)"
mail.exchangejo.ru,1,"AS12586 (ASGHOSTNET, DE)"
mail1.grandcom.net,1,"AS19318 (IS-AS-1 - Interserver, Inc, US)"
mx5.mailspace.id,1,"AS138115 (IDNIC-DENEVA-AS-ID PT Deneva, ID)"
mail.exceptioebml.ru,1,"AS12586 (ASGHOSTNET, DE)"
mail.excommunifmail.ru,1,"AS12586 (ASGHOSTNET, DE)"
excodus-com.mail.protection.outlook.com,1,"AS8075 (MICROSOFT-CORP-MSN-AS-BLOCK - Microsoft Corporation, US)"
mail.exchanmails.ru,1,"AS12586 (ASGHOSTNET, DE)"
mail.excommunicmfri.com,1,"AS12586 (ASGHOSTNET, DE)"
grandcasinobaden-ch.mail.protection.outlook.com,1,"AS8075 (MICROSOFT-CORP-MSN-AS-BLOCK - Microsoft Corporation, US)"
mail.grassfed.us,1,"AS24961 (MYLOC-AS IP Backbone of WIIT AG formerly myLoc managed IT AG, DE)"
mail.graphemsemail.com,1,"AS12586 (ASGHOSTNET, DE)"
colo3.exemetr.com,1,"AS14061 (DIGITALOCEAN-ASN - DigitalOcean, LLC, US)"
mail.gravexia.cfd,1,"AS203446 (AS203446, GB)"
mail.excommunimail.ru,1,"AS12586 (ASGHOSTNET, DE)"
mail.exempfmk.com,1,"AS12586 (ASGHOSTNET, DE)"
sxb1plzcpnl487827.prod.sxb1.secureserver.net,1,"AS21499 (GODADDY-SXB, DE)"
rte03hbn86.exhaycle.com,1,"AS14061 (DIGITALOCEAN-ASN - DigitalOcean, LLC, US)"
mail.exentfml.com,1,"AS12586 (ASGHOSTNET, DE)"
_dc-mx.7a8fb726c194.grbto.net,1,"AS51167 (CONTABO, DE)"
mail.excommmail.ru,1,"AS12586 (ASGHOSTNET, DE)"
mail.granuloml.ru,1,"AS12586 (ASGHOSTNET, DE)"
mail.exmab.com,1,"AS14061 (DIGITALOCEAN-ASN - DigitalOcean, LLC, US)"
mail.greenhousemail.com,1,"AS14061 (DIGITALOCEAN-ASN - DigitalOcean, LLC, US)"
mail01.greeninbox.org,1,"AS36351 (SOFTLAYER - IBM Cloud, US)"
mail.exhibitiofmail.ru,1,"AS12586 (ASGHOSTNET, DE)"
mail.exodus1.com,1,"AS46606 (UNIFIEDLAYER-AS-1 - Unified Layer, US)"
mail.exodusx.com,1,"AS22612 (NAMECHEAP-NET - Namecheap, Inc., US)"
mail.exoduscom.com,1,"AS46606 (UNIFIEDLAYER-AS-1 - Unified Layer, US)"
owa.dgm.bg,1,"AS48115 (DGM-AS Sofia, Bulgaria, BG)"
mail.exodus8.com,1,"AS55293 (A2HOSTING - A2 Hosting, Inc., US)"
exodux-com.mail.protection.outlook.com,1,"AS8075 (MICROSOFT-CORP-MSN-AS-BLOCK - Microsoft Corporation, US)"
exoodus-com.mail.protection.outlook.com,1,"AS8075 (MICROSOFT-CORP-MSN-AS-BLOCK - Microsoft Corporation, US)"
mail.exoworld.earth,1,"AS203446 (AS203446, GB)"
exous-com.mail.protection.outlook.com,1,"AS8075 (MICROSOFT-CORP-MSN-AS-BLOCK - Microsoft Corporation, US)"
mail.exmoordistillery.com,1,
gregorheating-co-uk.mail.protection.outlook.com,1,"AS8075 (MICROSOFT-CORP-MSN-AS-BLOCK - Microsoft Corporation, US)"
mail.exoptemail.ru,1,"AS12586 (ASGHOSTNET, DE)"
m012.dmail.id,1,"AS59135 (IDNIC-SDK-AS-ID PT Suraloka Digital Kreatif, ID)"
mail.exopterymail.ru,1,"AS12586 (ASGHOSTNET, DE)"
mail.exobiolmail.ru,1,"AS12586 (ASGHOSTNET, DE)"
mail.exoticfruitplants.eu,1,"AS24940 (HETZNER-AS, DE)"
greysacademy-com01c.mail.protection.outlook.com,1,"AS8075 (MICROSOFT-CORP-MSN-AS-BLOCK - Microsoft Corporation, US)"
mx.greystones.com.cust.a.hostedemail.com,1,"AS15348 (TUCOWS - Tucows.com Co., CA)"
mxb-001a8401.gslb.pphosted.com,1,"AS26211 (PROOFPOINT-ASN-US-WEST - Proofpoint, Inc., US)"
griffinmgmt-com.mail.protection.outlook.com,1,"AS8075 (MICROSOFT-CORP-MSN-AS-BLOCK - Microsoft Corporation, US)"
mail.experimemail.com,1,"AS12586 (ASGHOSTNET, DE)"
mail.gov-ny.site,1,"AS204601 (PODAON, NL)"
mail.expl0it.store,1,"AS24940 (HETZNER-AS, DE)"
mail.experimentmails.ru,1,"AS12586 (ASGHOSTNET, DE)"
mail.experimmali.ru,1,"AS12586 (ASGHOSTNET, DE)"
mail.expedisalo.ru,1,"AS12586 (ASGHOSTNET, DE)"
mail.expectofkml.ru,1,"AS12586 (ASGHOSTNET, DE)"
eutemp.eu,1,"AS24961 (MYLOC-AS IP Backbone of WIIT AG formerly myLoc managed IT AG, DE)"
mail.experimenmail.ru,1,"AS12586 (ASGHOSTNET, DE)"
dmarcdb4wb.expltain.com,1,"AS14061 (DIGITALOCEAN-ASN - DigitalOcean, LLC, US)"
mail.expert-a.ru,1,"AS39238 (OKBPROGRESS Moscow, Russia, RU)"
mail.expressletter.net,1,"AS212772 (ADGUARD, CY)"
grmail-com.mail.protection.outlook.com,1,"AS8075 (MICROSOFT-CORP-MSN-AS-BLOCK - Microsoft Corporation, US)"
mail.grizlmail.com,1,"AS12586 (ASGHOSTNET, DE)"
mail.groovetrove.org,1,"AS8001 (COLOGIX - Cologix, Inc, US)"
mail.grosfillex-furniture.com,1,"AS13213 (UK2NET-AS, GB)"
mail.explanatmails.ru,1,"AS12586 (ASGHOSTNET, DE)"
mx1.mailcast.io,1,"AS20473 (AS-VULTR - The Constant Company, LLC, US)"
a262435.mx.mailhop.org,1,"AS16509 (AMAZON-02 - Amazon.com, Inc., US)"
mail.extemporaio.com,1,"AS12586 (ASGHOSTNET, DE)"
mail.extemporaneolity.ru,1,"AS12586 (ASGHOSTNET, DE)"
extracurricularsociety.com,1,
mail.extempormail.com,1,"AS12586 (ASGHOSTNET, DE)"
mail.exterocefmals.com,1,"AS12586 (ASGHOSTNET, DE)"
mail.greentouwn.ru,1,"AS56694 (SMARTAPE, RU)"
relay1.express.net.ua,1,"AS15738 (UAEXPRESS Ukraine, UA)"
mail.extra-breast.info,1,"AS41079 (CF-GDA, PL)"
port443.net,1,"AS63949 (AKAMAI-LINODE-AP Akamai Connected Cloud, SG)"
mail.exteriormail.ru,1,"AS12586 (ASGHOSTNET, DE)"
extremangola-com.mail.protection.outlook.com,1,"AS8075 (MICROSOFT-CORP-MSN-AS-BLOCK - Microsoft Corporation, US)"
mail.exuge.com,1,"AS14061 (DIGITALOCEAN-ASN - DigitalOcean, LLC, US)"
mail.extraconstiinf.com,1,"AS12586 (ASGHOSTNET, DE)"
mail.extraconstimail.com,1,"AS12586 (ASGHOSTNET, DE)"
mail.extracorpmail.ru,1,"AS12586 (ASGHOSTNET, DE)"
mail.extempmail.ru,1,"AS12586 (ASGHOSTNET, DE)"
_dc-mx.1449d0009f6a.growseo.com,1,"AS32244 (LIQUIDWEB - Liquid Web, L.L.C, US)"
exwa.org,1,"AS7506 (INTERQ GMO Internet Group, Inc., JP)"
yivgateway.extrset.com,1,"AS14061 (DIGITALOCEAN-ASN - DigitalOcean, LLC, US)"
mail.extrafomail.com,1,"AS12586 (ASGHOSTNET, DE)"
mail.extrachromfmail.ru,1,"AS12586 (ASGHOSTNET, DE)"
mx2.hc1583-69.eu.iphmx.com,1,"AS30238 (AS-IRONP-VEGA - Cisco Systems Ironport Division, US)"
mail.exuvimail.com,1,"AS12586 (ASGHOSTNET, DE)"
mail.externalizmail.ru,1,"AS12586 (ASGHOSTNET, DE)"
extinlapa.com.br,1,"AS19871 (NETWORK-SOLUTIONS-HOSTING - Network Solutions, LLC, US)"
grr.la,1,"AS60781 (LEASEWEB-NL-AMS-01 Netherlands, NL)"
grezor.io,1,"AS199968 (IWSNET, AM)"
mail.extrinsime.ru,1,"AS12586 (ASGHOSTNET, DE)"
mail.extemporizmail.ru,1,"AS12586 (ASGHOSTNET, DE)"
mail.extrammali.ru,1,"AS12586 (ASGHOSTNET, DE)"
mail.extrapulmail.ru,1,"AS12586 (ASGHOSTNET, DE)"
mx1.hc4518-41.iphmx.com,1,"AS16417 (IRONPORT-SYSTEMS-INC - Cisco Systems Ironport Division, US)"
mail.extraseml.ru,1,"AS12586 (ASGHOSTNET, DE)"
mail.extraormails.ru,1,"AS12586 (ASGHOSTNET, DE)"
mail.extrapla.ru,1,"AS12586 (ASGHOSTNET, DE)"
mail.exulrsmail.ru,1,"AS12586 (ASGHOSTNET, DE)"
newtechly.com,1,"AS16276 (OVH, FR)"
a850875.mx.mailhop.org,1,"AS16509 (AMAZON-02 - Amazon.com, Inc., US)"
mail.eyepaste.com,1,"AS40021 (CONTABO-40021 - Contabo Inc., US)"
mx.eyefullproductions.com,1,"AS29873 (BIZLAND-SD - Newfold Digital, Inc., US)"
mail.eynlong.com,1,"AS14061 (DIGITALOCEAN-ASN - DigitalOcean, LLC, US)"
mail.grupobhk.com,1,"AS19318 (IS-AS-1 - Interserver, Inc, US)"
mail.gwi.com.tw,1,"AS3462 (HINET Data Communication Business Group, TW)"
mail.gsa-base.ru,1,"AS206791 (SBY-TELECOM-AS, UA)"
_dc-mx.6a51c9429b1b.ez.insure,1,"AS20021 (LNH-INC - Ntirety, Inc., US)"
btmail.gsmini.com,1,"AS42960 (VH-GLOBAL VH Global Limited, HK)"
mail0001.ezernet.lv,1,"AS24940 (HETZNER-AS, DE)"
gshub-ltd.mail.protection.outlook.com,1,"AS8075 (MICROSOFT-CORP-MSN-AS-BLOCK - Microsoft Corporation, US)"
ezmail.pro,1,"AS135905 (VNPT-AS-VN VIETNAM POSTS AND TELECOMMUNICATIONS GROUP, VN)"
mail.ezpara.com,1,"AS51167 (CONTABO, DE)"
mx1.gspousea.com,1,"AS200107 (KL-EXT, CH)"
mail.ezstest.com,1,"AS63949 (AKAMAI-LINODE-AP Akamai Connected Cloud, SG)"
d346674a.ess.barracudanetworks.com,1,"AS16509 (AMAZON-02 - Amazon.com, Inc., US)"
a991136.mx.mailhop.org,1,"AS16509 (AMAZON-02 - Amazon.com, Inc., US)"
f.lovepettoys.shop,1,"AS47583 (AS-HOSTINGER, CY)"
gthw-com.mx1.arsmtp.com,1,"AS53780 (AS-APPRIVER - APPRIVER LLC, US)"
mx06.au.com,1,"AS2516 (KDDI KDDI CORPORATION, JP)"
m.gtptk.com,1,"AS401696 (COGNETCLOUD - cognetcloud INC, US)"
mail.gtwaddress.com,1,"AS47583 (AS-HOSTINGER, CY)"
p.f1t.online,1,"AS401696 (COGNETCLOUD - cognetcloud INC, US)"
mail.hatechno.vn,1,"AS131414 (LVSOFT-AS-VN Long Van Soft Solution JSC, VN)"
gtx-com.mail.protection.outlook.com,1,"AS8075 (MICROSOFT-CORP-MSN-AS-BLOCK - Microsoft Corporation, US)"
mail.guadrianlife.com,1,"AS27956 (Cyber Cast International, S.A., PA)"
mx2.gu5t.com,1,"AS200107 (KL-EXT, CH)"
f1files.com,1,"AS20857 (TRANSIP-AS Amsterdam, the Netherlands, NL)"
mail.ez.lv,1,"AS12578 (APOLLO-AS Latvia, LV)"
d210779a.ess.barracudanetworks.com,1,"AS16509 (AMAZON-02 - Amazon.com, Inc., US)"
guarda5.com,1,"AS131965 (XSERVER Xserver Inc., JP)"
mail.f5foster.com,1,"AS47583 (AS-HOSTINGER, CY)"
recv7.erinn.biz,1,"AS7506 (INTERQ GMO Internet Group, Inc., JP)"
mail.trafficbox.email,1,"AS14618 (AMAZON-AES - Amazon.com, Inc., US)"
mx6.guccitripwell.com,1,
gtmail.site,1,"AS42846 (GUZELHOSTING GNET INTERNET TELEKOMUNIKASYON A.S., TR)"
mail.guerrillamail.biz,1,"AS60781 (LEASEWEB-NL-AMS-01 Netherlands, NL)"
mail.f88i.click,1,"AS22612 (NAMECHEAP-NET - Namecheap, Inc., US)"
_dc-mx.95642e8dce05.guerrillamail.info,1,"AS60781 (LEASEWEB-NL-AMS-01 Netherlands, NL)"
guardo.com,1,"AS24940 (HETZNER-AS, DE)"
_dc-mx.1d1000604dfb.guerrillamail.org,1,"AS60781 (LEASEWEB-NL-AMS-01 Netherlands, NL)"
mail.guarda2.com,1,"AS16276 (OVH, FR)"
_dc-mx.8b0dfaa65e94.guerrillamail.net,1,"AS60781 (LEASEWEB-NL-AMS-01 Netherlands, NL)"
mail.guerrillamailblock.com,1,"AS60781 (LEASEWEB-NL-AMS-01 Netherlands, NL)"
mail.guerrillamail.de,1,"AS60781 (LEASEWEB-NL-AMS-01 Netherlands, NL)"
mx1.gugoumail.com,1,"AS24940 (HETZNER-AS, DE)"
mail.fabtivia.com,1,"AS14061 (DIGITALOCEAN-ASN - DigitalOcean, LLC, US)"
mail.guerraepaz.org.br,1,"AS16276 (OVH, FR)"
mail.fabrikamail.com,1,"AS12586 (ASGHOSTNET, DE)"
facebook2.com,1,"AS20473 (AS-VULTR - The Constant Company, LLC, US)"
mx.gundogtrainerarkansas.com,1,"AS29873 (BIZLAND-SD - Newfold Digital, Inc., US)"
mx1.faceepicentre.com,1,"AS200107 (KL-EXT, CH)"
mail.facemac.website,1,"AS40021 (CONTABO-40021 - Contabo Inc., US)"
mail.gunlukhavadurumu.net,1,"AS211851 (WEB9-YAZILIM-BILISIM-HIZMETLERI, TR)"
_dc-mx.5ed8a28ae7f6.gutsmail.com,1,"AS36352 (AS-COLOCROSSING - HostPapa, US)"
facoro-cl.mail.protection.outlook.com,1,"AS8075 (MICROSOFT-CORP-MSN-AS-BLOCK - Microsoft Corporation, US)"
fadilec-com.mail.protection.outlook.com,1,"AS8075 (MICROSOFT-CORP-MSN-AS-BLOCK - Microsoft Corporation, US)"
mail.guysmail.com,1,"AS16276 (OVH, FR)"
mail.gutturalmalis.com,1,"AS12586 (ASGHOSTNET, DE)"
mail.fake-emails.com,1,"AS197540 (NETCUP-AS netcup GmbH, DE)"
mail.guron.ru,1,"AS29182 (RU-JSCIOT, RU)"
mail.gutturo.ru,1,"AS12586 (ASGHOSTNET, DE)"
109.62.115.106,1,
mail.fadems.org.br,1,"AS16276 (OVH, FR)"
mail.fakemail.net,1,"AS16276 (OVH, FR)"
mx.falazone.com,1,"AS14061 (DIGITALOCEAN-ASN - DigitalOcean, LLC, US)"
app.pacekopat.com,1,"AS16276 (OVH, FR)"
mail.gwanime.com,1,"AS53850 (GORILLASERVERS - GorillaServers, Inc., US)"
mail.gw.to,1,"AS42831 (UKSERVERS-AS UK Dedicated Servers, Hosting and Co-Location, GB)"
mail.gwarek.com.pl,1,"AS41079 (CF-GDA, PL)"
_dc-mx.b5812e2eb391.gwenbd94.com,1,"AS51167 (CONTABO, DE)"
mail.gwalegal.pl,1,"AS29522 (CF-KRK, PL)"
mail.gwdemolition.com,1,"AS46606 (UNIFIEDLAYER-AS-1 - Unified Layer, US)"
gweiss-com.mail.protection.outlook.com,1,"AS8075 (MICROSOFT-CORP-MSN-AS-BLOCK - Microsoft Corporation, US)"
mail.gw-elec.co.uk,1,"AS20738 (GD-EMEA-DC-LD5, GB)"
mail.fairnewsspears.com,1,"AS24940 (HETZNER-AS, DE)"
mail.gwaliorchemicals.com,1,"AS46606 (UNIFIEDLAYER-AS-1 - Unified Layer, US)"
mail.gvozdvkedah.fun,1,"AS62082 (HOSTLAND, RU)"
mail.gwerin.com,1,"AS20860 (IOMART-AS, GB)"
mail.gwe.net,1,"AS46606 (UNIFIEDLAYER-AS-1 - Unified Layer, US)"
mail.gwivs.com,1,"AS46606 (UNIFIEDLAYER-AS-1 - Unified Layer, US)"
mail.gwmmedia.com,1,"AS55293 (A2HOSTING - A2 Hosting, Inc., US)"
email.gwjlaw.com,1,"AS3356 (LEVEL3 - Level 3 Parent, LLC, US)"
gwlogistyka-pl.mail.protection.outlook.com,1,"AS8075 (MICROSOFT-CORP-MSN-AS-BLOCK - Microsoft Corporation, US)"
e.falleweng.com,1,"AS14061 (DIGITALOCEAN-ASN - DigitalOcean, LLC, US)"
gwinnettschoolofdance-com.mail.protection.outlook.com,1,"AS8075 (MICROSOFT-CORP-MSN-AS-BLOCK - Microsoft Corporation, US)"
mail.gwizdek.eu,1,"AS29522 (CF-KRK, PL)"
mail.faldamail.com,1,"AS12586 (ASGHOSTNET, DE)"
mx6.fallloveinlv.com,1,
mail.gwe.com.au,1,"AS4764 (WIDEBAND-AS-AP Aussie Broadband, AU)"
mail.gwinner.de,1,"AS200924 (SIS2, DE)"
mail.gwtgp.com,1,"AS398101 (GO-DADDY-COM-LLC - GoDaddy.com, LLC, US)"
mail.gwfd.com,1,"AS4906 (FDS-01 - Frontline Communications, US)"
surat.gwk.id,1,"AS140388 (IDNIC-GARISWAKTU-AS-ID PT. Garis Waktu Kita, ID)"
mail.gwip.com,1,"AS3462 (HINET Data Communication Business Group, TW)"
mail.faltd.net,1,"AS9009 (M247, RO)"
mail.fake-mail.net,1,"AS24940 (HETZNER-AS, DE)"
mail.gwsa-guelph.ca,1,"AS40438 (CANHOST-INC - Canhost Inc., CA)"
mail.gwwlaw.com,1,"AS17054 (EXPEDIENT - Expedient, US)"
mail.gwgms.de,1,"AS8893 (ARTFILES-AS Artfiles New Media GmbH, DE)"
mail.gwq-serviceplus.de,1,"AS20676 (PLUSNET *****************, DE)"
mail.gwsolutions.ca,1,"AS29873 (BIZLAND-SD - Newfold Digital, Inc., US)"
mail.gxbarbara.com,1,"AS47583 (AS-HOSTINGER, CY)"
mail.gwhizmedia.com,1,"AS14618 (AMAZON-AES - Amazon.com, Inc., US)"
mail.familfmk.com,1,"AS12586 (ASGHOSTNET, DE)"
mail.famemaiil.com,1,"AS12586 (ASGHOSTNET, DE)"
mail.gwn24.de,1,"AS212613 (GWN24, DE)"
mail.falsifmail.ru,1,"AS12586 (ASGHOSTNET, DE)"
mail.gwynjonesschool.co.uk,1,"AS21499 (GODADDY-SXB, DE)"
mail.gwi.co.za,1,"AS37153 (xneelo, ZA)"
mx1.gwbnsh.net.cn,1,"AS131536 (SHGWBNNET Shanghai Great Wall Broadband Network Service Co., Ltd., CN)"
mail.gxgxg.xyz,1,"AS399646 (DARTNODE - Snaju Development, US)"
mail.gwaccounting.com.au,1,"AS38719 (DREAMSCAPE-AS-AP Dreamscape Networks Limited, AU)"
mail.gwenergy.hu,1,"AS42964 (SIGMANET-HU-AS, HU)"
fancydancecasino-net.mail.protection.outlook.com,1,"AS8075 (MICROSOFT-CORP-MSN-AS-BLOCK - Microsoft Corporation, US)"
sslmail.verwaltungsportal.de,1,"AS24940 (HETZNER-AS, DE)"
mail.gwtirol.at,1,"AS8412 (TMA Magenta Telekom, AT)"
mail.gwwpro.de,1,"AS199752 (GO-TREX Go-Trex Internet Solution Partner, NL)"
mail.guardai.com,1,"AS31898 (ORACLE-BMC-31898 - Oracle Corporation, US)"
mail.gwydion.org,1,"AS51167 (CONTABO, DE)"
mail.gwynfanbungalow.co.uk,1,"AS61323 (UKFAST, GB)"
mail.fanrecognition.com,1,"AS63949 (AKAMAI-LINODE-AP Akamai Connected Cloud, SG)"
mail.fansatix.com,1,"AS47583 (AS-HOSTINGER, CY)"
mail.gwpmultimedia.com,1,"AS34931 (AWARESOFT, GB)"
fancypolitics.com,1,"AS26496 (AS-26496-GO-DADDY-COM-LLC - GoDaddy.com, LLC, US)"
mxa-00a18f02.gslb.pphosted.com,1,"AS52129 (PROOFPOINT-ASN-EU, US)"
mail.gwu-eckernfoerde.de,1,"AS3209 (VODANET International IP-Backbone of Vodafone, DE)"
mail.gw24.at,1,"AS8412 (TMA Magenta Telekom, AT)"
mail.gwintech.com.my,1,"AS46015 (EXABYTES-AS-AP Exa Bytes Network Sdn.Bhd., MY)"
mail.gwerders.ch,1,"AS24940 (HETZNER-AS, DE)"
mail.gymzz.com,1,"AS24940 (HETZNER-AS, DE)"
gwu-plettenberg-de.mail.cloud.nospamproxy.com,1,"AS16509 (AMAZON-02 - Amazon.com, Inc., US)"
mail.gynmail.com,1,"AS12586 (ASGHOSTNET, DE)"
mail.farironalds.com,1,"AS210976 (TWC-EU, KZ)"
mail.fantalk.ru,1,"AS50340 (SELECTEL-MSK, RU)"
gway-co-za.mail.protection.outlook.com,1,"AS8075 (MICROSOFT-CORP-MSN-AS-BLOCK - Microsoft Corporation, US)"
mail.gyrofreqfmus.ru,1,"AS12586 (ASGHOSTNET, DE)"
h.lovepettoys.shop,1,"AS47583 (AS-HOSTINGER, CY)"
mail.farah.rip,1,"AS44486 (SYNLINQ synlinq.de, DE)"
mail1.boehringer-ingelheim.com,1,"AS15404 (COLT Technology Services Group, GB)"
mail.gzyp21.net,1,"AS24940 (HETZNER-AS, DE)"
mail.agrico.org,1,"AS2497 (IIJ Internet Initiative Japan Inc., JP)"
ecwebmail-010.cafe24.com,1,"AS4766 (KIXS-AS-KR Korea Telecom, KR)"
mx.fashion-hairistyle.org,1,"AS14061 (DIGITALOCEAN-ASN - DigitalOcean, LLC, US)"
webmail-068.cafe24.com,1,"AS4766 (KIXS-AS-KR Korea Telecom, KR)"
mail.h2beta.com,1,"AS14061 (DIGITALOCEAN-ASN - DigitalOcean, LLC, US)"
h3gm.com,1,"AS53667 (PONYNET - FranTech Solutions, US)"
mail.farzanehbeautysalon.ir,1,"AS31549 (RASANA, IR)"
mail.fashionfmail.com,1,"AS12586 (ASGHOSTNET, DE)"
mail.fast-breast-augmentation.info,1,"AS41079 (CF-GDA, PL)"
w01c8522.kasserver.com,1,"AS34788 (NMM-AS D - 02742 Friedersdorf Hauptstrasse 68, DE)"
mail.fastemails.us,1,"AS47583 (AS-HOSTINGER, CY)"
mail.fashionmail.ru,1,"AS12586 (ASGHOSTNET, DE)"
mx1.fast-email.info,1,"AS200107 (KL-EXT, CH)"
mx1.fastacura.com,1,"AS200107 (KL-EXT, CH)"
mail.fastletter.cfd,1,"AS24940 (HETZNER-AS, DE)"
mail.fastidiousjo.ru,1,"AS12586 (ASGHOSTNET, DE)"
mail.fastmailnow.com,1,"AS29182 (RU-JSCIOT, RU)"
mail.h88i.store,1,"AS22612 (NAMECHEAP-NET - Namecheap, Inc., US)"
mail.fastmailservice.xyz,1,"AS20473 (AS-VULTR - The Constant Company, LLC, US)"
mx1.fastermand.com,1,"AS200107 (KL-EXT, CH)"
mx1.fastmails.club,1,"AS200107 (KL-EXT, CH)"
mx2.fastmailforyou.net,1,"AS200107 (KL-EXT, CH)"
mail.fastsell.me,1,"AS51973 (KOLT-AS, RU)"
mail.fastsms24.shop,1,"AS44486 (SYNLINQ synlinq.de, DE)"
mail.fastsms.my,1,"AS44486 (SYNLINQ synlinq.de, DE)"
mail.fastmailonii.org,1,"AS49981 (WORLDSTREAM, NL)"
mail.gwerk.ch,1,"AS24940 (HETZNER-AS, DE)"
mx1.fastshipcialis.com,1,"AS200107 (KL-EXT, CH)"
fastmailnode.com,1,"AS22611 (INMOTION - InMotion Hosting, Inc., US)"
mail.fatflap.com,1,"AS24940 (HETZNER-AS, DE)"
mx1.h9js8y6.com,1,"AS200107 (KL-EXT, CH)"
mail.hacccc.com,1,"AS14061 (DIGITALOCEAN-ASN - DigitalOcean, LLC, US)"
haberci-com.mail.protection.outlook.com,1,"AS8075 (MICROSOFT-CORP-MSN-AS-BLOCK - Microsoft Corporation, US)"
_dc-mx.bb161ec9c40e.hacker.com.se,1,"AS19318 (IS-AS-1 - Interserver, Inc, US)"
_dc-mx.6ba36d8226db.faunmail.com,1,"AS36352 (AS-COLOCROSSING - HostPapa, US)"
mail.faxico.com,1,"AS14061 (DIGITALOCEAN-ASN - DigitalOcean, LLC, US)"
mail.favordmail.com,1,"AS12586 (ASGHOSTNET, DE)"
fazdnetc.com,1,"AS47583 (AS-HOSTINGER, CY)"
mail.fazka.ovh,1,"AS203446 (AS203446, GB)"
emailfwd.hadal.net,1,"AS16276 (OVH, FR)"
mx-02-eu-central-1.prod.hydra.sophos.com,1,"AS16509 (AMAZON-02 - Amazon.com, Inc., US)"
mail.haematolemi.com,1,"AS12586 (ASGHOSTNET, DE)"
mail.fbi.one,1,"AS44486 (SYNLINQ synlinq.de, DE)"
hadigel.net,1,"AS47585 (YIGITHOSTING, TR)"
mail.hagiolfkml.com,1,"AS12586 (ASGHOSTNET, DE)"
mail.haemacytmails.ru,1,"AS12586 (ASGHOSTNET, DE)"
mail.hagimails.ru,1,"AS12586 (ASGHOSTNET, DE)"
fbspl-com.mail.protection.outlook.com,1,"AS8075 (MICROSOFT-CORP-MSN-AS-BLOCK - Microsoft Corporation, US)"
mail.fastwebpost.com.pl,1,"AS50599 (Autonomous System for Dataspace P.S.A., PL)"
malibuzz.haitibox.com,1,"AS51167 (CONTABO, DE)"
mx10.websupport.sk,1,"AS51013 (WEBSUPPORT-SRO-SK-AS, SK)"
mail.pulseinbox.space,1,"AS24940 (HETZNER-AS, DE)"
mail235148.maychuemail.com,1,"AS7643 (VNPT-AS-VN Vietnam Posts and Telecommunications VNPT, VN)"
fcl-co-jp.mail.protection.outlook.com,1,"AS8075 (MICROSOFT-CORP-MSN-AS-BLOCK - Microsoft Corporation, US)"
dc-48cc5efe5beb.fcl.me,1,
mail.fddeutschb.com,1,"AS47583 (AS-HOSTINGER, CY)"
mail.halionex.cfd,1,"AS203446 (AS203446, GB)"
mail.data443.io,1,"AS36236 (NETACTUATE - NetActuate, Inc, US)"
mail.farmoaks.com,1,"AS132203 (TENCENT-NET-AP-CN Tencent Building, Kejizhongyi Avenue, CN)"
mx.zya.me,1,"AS34119 (WILDCARD-AS Wildcard UK Limited, GB)"
mail.hallucinatmil.ru,1,"AS12586 (ASGHOSTNET, DE)"
haltongp-nhs-uk.mail.protection.outlook.com,1,"AS8075 (MICROSOFT-CORP-MSN-AS-BLOCK - Microsoft Corporation, US)"
hz2.altospam.com,1,"AS24679 (SSERV-AS, DE)"
mail.hamamelix.com,1,"AS12586 (ASGHOSTNET, DE)"
mail.guarde.com,1,"AS174 (COGENT-174 - Cogent Communications, LLC, US)"
mail.haechot.com,1,"AS132203 (TENCENT-NET-AP-CN Tencent Building, Kejizhongyi Avenue, CN)"
mail.hamiltkl.ru,1,"AS12586 (ASGHOSTNET, DE)"
mail.fbeaveraqb.com,1,"AS47583 (AS-HOSTINGER, CY)"
mail.hagiolofml.ru,1,"AS12586 (ASGHOSTNET, DE)"
mail.featcore.com,1,"AS14061 (DIGITALOCEAN-ASN - DigitalOcean, LLC, US)"
mail.feck.com,1,"AS14618 (AMAZON-AES - Amazon.com, Inc., US)"
mail.featurejo.ru,1,"AS12586 (ASGHOSTNET, DE)"
fedadvantage-com.mail.protection.outlook.com,1,"AS8075 (MICROSOFT-CORP-MSN-AS-BLOCK - Microsoft Corporation, US)"
federalworklaw-com.mail.protection.outlook.com,1,"AS8075 (MICROSOFT-CORP-MSN-AS-BLOCK - Microsoft Corporation, US)"
mail.federationfmail.com,1,"AS12586 (ASGHOSTNET, DE)"
mail.handrik.com,1,"AS14061 (DIGITALOCEAN-ASN - DigitalOcean, LLC, US)"
mail.federalcashagency.com,1,"AS198068 (PAGM-AS, EE)"
handrfabrics-com.mail.protection.outlook.com,1,"AS8075 (MICROSOFT-CORP-MSN-AS-BLOCK - Microsoft Corporation, US)"
mx2.handbega.xyz,1,"AS200107 (KL-EXT, CH)"
bound.feelingity.com,1,"AS14061 (DIGITALOCEAN-ASN - DigitalOcean, LLC, US)"
hangar18-org.mail.protection.outlook.com,1,"AS8075 (MICROSOFT-CORP-MSN-AS-BLOCK - Microsoft Corporation, US)"
mail.federalml.ru,1,"AS12586 (ASGHOSTNET, DE)"
a249901.mx.mailhop.org,1,"AS16509 (AMAZON-02 - Amazon.com, Inc., US)"
fefemail.com,1,"AS16276 (OVH, FR)"
mx1.feeladult.com,1,"AS200107 (KL-EXT, CH)"
mx.hannahouse.co.cust.b.hostedemail.com,1,"AS32491 (TUCOWS-3 - Tucows.com Co., CA)"
mxa-002a2102.gslb.pphosted.com,1,"AS22843 (PROOFPOINT-ASN-US-EAST - Proofpoint, Inc., US)"
_dc-mx.a735b1e48c44.femdom-fan.com,1,"AS204601 (PODAON, NL)"
mail.felicitoufml.com,1,"AS12586 (ASGHOSTNET, DE)"
mail.feedback.51tiemo.com,1,"AS51167 (CONTABO, DE)"
mail.haostuni.com,1,"AS27823 (Dattatec.com, AR)"
mail.hanul.com,1,"AS55615 (DUZONBIZON-AS-KR DOUZONEBIZON, KR)"
mail.hanymail.com,1,"AS12586 (ASGHOSTNET, DE)"
mx6.fergley.com,1,
felmondas.info,1,"AS16276 (OVH, FR)"
happedmail.com,1,"AS213702 (QWINS-LTD QWINS AS-SET: ~ # AS213702:AS-CUSTOMERS, GB)"
mail.fermer1.ru,1,
_dc-mx.d1419515b31b.happy-talking.org,1,"AS51167 (CONTABO, DE)"
mail.feretmail.com,1,"AS12586 (ASGHOSTNET, DE)"
mail.happycloudmail.com,1,"AS12586 (ASGHOSTNET, DE)"
mail.feroxid.com,1,"AS14061 (DIGITALOCEAN-ASN - DigitalOcean, LLC, US)"
mail.harakirimail.com,1,"AS14061 (DIGITALOCEAN-ASN - DigitalOcean, LLC, US)"
mail.happydomik.ru,1,"AS44094 (WEBHOST1-AS, RU)"
mail.hardingpost.com,1,"AS14061 (DIGITALOCEAN-ASN - DigitalOcean, LLC, US)"
hardassetalliance-com.mail.protection.outlook.com,1,"AS8075 (MICROSOFT-CORP-MSN-AS-BLOCK - Microsoft Corporation, US)"
mail.haribu.com,1,"AS63949 (AKAMAI-LINODE-AP Akamai Connected Cloud, SG)"
mail.ferracioli.com.ar,1,"AS28009 (Davitel S.A., AR)"
harlock-net.mail.protection.outlook.com,1,"AS8075 (MICROSOFT-CORP-MSN-AS-BLOCK - Microsoft Corporation, US)"
hardwaretech-info.mail.protection.outlook.com,1,"AS8075 (MICROSOFT-CORP-MSN-AS-BLOCK - Microsoft Corporation, US)"
mx2.mail.hostpoint.ch,1,"AS29097 (HOSTPOINT-AS, CH)"
fethard.net,1,"AS40092 (ONIAAS - HostPapa, US)"
mail.hardenabmail.ru,1,"AS12586 (ASGHOSTNET, DE)"
mail.festivaldomingosmartins.com.br,1,"AS16276 (OVH, FR)"
mail.ferrimaml.ru,1,"AS12586 (ASGHOSTNET, DE)"
mail.harpaxomail.ru,1,"AS12586 (ASGHOSTNET, DE)"
grego.hardonline.com.br,1,"AS28229 (HARDONLINE LTDA, BR)"
mail.ffkelmmail.com,1,"AS9009 (M247, RO)"
ffo-kr.mail.protection.outlook.com,1,"AS8075 (MICROSOFT-CORP-MSN-AS-BLOCK - Microsoft Corporation, US)"
provisional.fgcart.com,1,"AS209847 (THE, NL)"
gmail-smtp-in.l.google.com,1,"AS15169 (GOOGLE - Google LLC, US)"
_dc-mx.42bbd2a3d14f.hashtagtesla.com,1,"AS33387 (NOCIX - Nocix, LLC, US)"
mx.hatmail.store,1,"AS24940 (HETZNER-AS, DE)"
mx.hats-wholesaler.com,1,"AS14061 (DIGITALOCEAN-ASN - DigitalOcean, LLC, US)"
mail.hassandesigns.top,1,"AS24940 (HETZNER-AS, DE)"
mail.fhsysa.com,1,"AS24940 (HETZNER-AS, DE)"
malibuzz.havilahdefilippis.com,1,"AS51167 (CONTABO, DE)"
haveanotion-com.mail.protection.outlook.com,1,"AS8075 (MICROSOFT-CORP-MSN-AS-BLOCK - Microsoft Corporation, US)"
fhtworld-com.mail.protection.outlook.com,1,"AS8075 (MICROSOFT-CORP-MSN-AS-BLOCK - Microsoft Corporation, US)"
mail.fiberckb.com,1,"AS47583 (AS-HOSTINGER, CY)"
fhpfhp.fr.nf,1,"AS16276 (OVH, FR)"
mxrouter.haveship.com,1,"AS14061 (DIGITALOCEAN-ASN - DigitalOcean, LLC, US)"
fidawines-com.mail.protection.outlook.com,1,
mx.fibram.tech.cust.a.hostedemail.com,1,
mailqtz491a.fiberzonewest.com,1,"AS14061 (DIGITALOCEAN-ASN - DigitalOcean, LLC, US)"
fidelity-com.mail.protection.outlook.com,1,"AS8075 (MICROSOFT-CORP-MSN-AS-BLOCK - Microsoft Corporation, US)"
mx.hawkeyestate.com.cust.hostedemail.com,1,"AS15348 (TUCOWS - Tucows.com Co., CA)"
mail.fibulocalmail.ru,1,"AS12586 (ASGHOSTNET, DE)"
mail.fibulocalmail.com,1,"AS12586 (ASGHOSTNET, DE)"
fide-com.mail.protection.outlook.com,1,"AS8075 (MICROSOFT-CORP-MSN-AS-BLOCK - Microsoft Corporation, US)"
a590413.mx.mailhop.org,1,"AS16509 (AMAZON-02 - Amazon.com, Inc., US)"
fidelitylifeinsurance-com.mail.protection.outlook.com,1,"AS8075 (MICROSOFT-CORP-MSN-AS-BLOCK - Microsoft Corporation, US)"
mail.fibrinocml.ru,1,"AS12586 (ASGHOSTNET, DE)"
mx.uzmanposta.com,1,"AS42910 (PREMIERDC-VERI-MERKEZI-ANONIM-SIRKETI PREMIERDC, TR)"
mx1.fibertel.com.ar,1,"AS7303 (Telecom Argentina S.A., AR)"
mail.figvision.io,1,"AS51167 (CONTABO, DE)"
hazecobill.com,1,"AS51167 (CONTABO, DE)"
mta.figureance.com,1,"AS14061 (DIGITALOCEAN-ASN - DigitalOcean, LLC, US)"
hazirtestler.com,1,"AS24940 (HETZNER-AS, DE)"
mail.fibulocmali.ru,1,"AS12586 (ASGHOSTNET, DE)"
mail.fiifke.de,1,"AS197540 (NETCUP-AS netcup GmbH, DE)"
_dc-mx.ad544044261e.filinocenciojr.com,1,"AS31898 (ORACLE-BMC-31898 - Oracle Corporation, US)"
mx.filmak.pl,1,"AS14061 (DIGITALOCEAN-ASN - DigitalOcean, LLC, US)"
mail01.film-blog.biz,1,"AS36351 (SOFTLAYER - IBM Cloud, US)"
filmhouseng-com.mail.protection.outlook.com,1,"AS8075 (MICROSOFT-CORP-MSN-AS-BLOCK - Microsoft Corporation, US)"
_dc-mx.64ad00207b77.filmyzilla.network,1,"AS201814 (MEVSPACE, PL)"
_dc-mx.5ba384597f8c.financeland.co.uk,1,"AS965 (WEBHOSTINGHOLDINGS - Webhosting Holdings LLC, US)"
_dc-mx.67b6ed4fbe2b.filozofija.info,1,"AS22612 (NAMECHEAP-NET - Namecheap, Inc., US)"
hatmail.ir,1,"AS212025 (CUKMAN-AS, HR)"
mail.finansowa-strona.pl,1,"AS41079 (CF-GDA, PL)"
mail.filtrmail.com,1,"AS12586 (ASGHOSTNET, DE)"
financiallyfitandlit-com.mail.protection.outlook.com,1,"AS8075 (MICROSOFT-CORP-MSN-AS-BLOCK - Microsoft Corporation, US)"
mail.financas.online,1,"AS31898 (ORACLE-BMC-31898 - Oracle Corporation, US)"
mail.fingso.com,1,"AS14061 (DIGITALOCEAN-ASN - DigitalOcean, LLC, US)"
mail.fin-assistant.ru,1,"AS35278 (SPRINTHOST, RU)"
financeideas.org,1,"AS204800 (WHG-SGP, GB)"
mail.finloe.com,1,"AS14061 (DIGITALOCEAN-ASN - DigitalOcean, LLC, US)"
mail.filmkachat.ru,1,"AS209641 (I-SERVERS-EAST, GB)"
finnso-com.mail.protection.outlook.com,1,"AS8075 (MICROSOFT-CORP-MSN-AS-BLOCK - Microsoft Corporation, US)"
mail.finicfml.com,1,"AS12586 (ASGHOSTNET, DE)"
firbolg.com,1,
mx.fireden.net,1,"AS53356 (FREE RANGE CLOUD - Free Range Cloud Hosting Inc., CA)"
mail.firmspp.com,1,"AS47583 (AS-HOSTINGER, CY)"
mails.firemail.biz,1,"AS24940 (HETZNER-AS, DE)"
mail.firepmail.com,1,"AS12586 (ASGHOSTNET, DE)"
mail.firgmail.com,1,"AS12586 (ASGHOSTNET, DE)"
ffrci.com,1,"AS29802 (HVC-AS - HIVELOCITY, Inc., US)"
_dc-mx.b996b7ff38ca.firemail.com.br,1,"AS262954 (VirtuaServer Informatica Ltda, BR)"
firstcitizenss-com.mail.protection.outlook.com,1,"AS8075 (MICROSOFT-CORP-MSN-AS-BLOCK - Microsoft Corporation, US)"
mx1.first-mail.info,1,"AS200107 (KL-EXT, CH)"
mail.fikachovlinks.ru,1,"AS44094 (WEBHOST1-AS, RU)"
_dc-mx.cd30e2d7bedf.firstpageranker.com,1,"AS135133 (PDPL-AS-AP PI DATA CENTERS PRIVATE LIMITED, IN)"
mail.firstaidtrainingmelbournecbd.com.au,1,"AS55803 (HOSTOPIA-AU Hostopia Australia Web Pty Ltd, AU)"
firestryke.com,1,"AS34931 (AWARESOFT, GB)"
mail.firstmail.eu.org,1,"AS12586 (ASGHOSTNET, DE)"
mx.firstmailler.net,1,"AS12586 (ASGHOSTNET, DE)"
mail.firstmailler.com,1,"AS12586 (ASGHOSTNET, DE)"
mx.firstpuneproperties.com.cust.a.hostedemail.com,1,
fishfuse-com.mail.protection.outlook.com,1,"AS8075 (MICROSOFT-CORP-MSN-AS-BLOCK - Microsoft Corporation, US)"
firstcitizensb.com,1,"AS212531 (INTERNETO-VIZIJA, LT)"
server.dhondaley.com,1,"AS133296 (WEBWERKS-AS-IN Web Werks India Pvt. Ltd., IN)"
mx0.mail7.freehost.com.ua,1,"AS42331 (FREEHOST, UA)"
mail.fishdating.net,1,"AS20738 (GD-EMEA-DC-LD5, GB)"
mxb-00160e01.gslb.pphosted.com,1,"AS26211 (PROOFPOINT-ASN-US-WEST - Proofpoint, Inc., US)"
mail.fitgrouptraining.com,1,"AS46606 (UNIFIEDLAYER-AS-1 - Unified Layer, US)"
fitmart-com.mail.protection.outlook.com,1,"AS8075 (MICROSOFT-CORP-MSN-AS-BLOCK - Microsoft Corporation, US)"
mail.firstmail.ru,1,"AS12586 (ASGHOSTNET, DE)"
mx6.fitzgeraldforjudge.com,1,
mail.fivefriendsmail.com,1,"AS47583 (AS-HOSTINGER, CY)"
mail.fivemails.com,1,"AS24940 (HETZNER-AS, DE)"
mail.fivermail.com,1,"AS16276 (OVH, FR)"
mx2.finpar.ru,1,"AS50241 (UNITTEL-AS, RU)"
fivegoodfriends-com-au.mail.protection.outlook.com,1,"AS8075 (MICROSOFT-CORP-MSN-AS-BLOCK - Microsoft Corporation, US)"
mail.firemail.de,1,"AS24940 (HETZNER-AS, DE)"
fixedfor.com,1,"AS47583 (AS-HOSTINGER, CY)"
fivestars-market.com,1,"AS131921 (GMOCL GMO GlobalSign Holdings K.K., JP)"
mail.fjnseo.com,1,"AS31898 (ORACLE-BMC-31898 - Oracle Corporation, US)"
mail.fiver5.ru,1,"AS44094 (WEBHOST1-AS, RU)"
mail.fkainc.com,1,"AS14061 (DIGITALOCEAN-ASN - DigitalOcean, LLC, US)"
mx.fkksol.com,1,"AS14061 (DIGITALOCEAN-ASN - DigitalOcean, LLC, US)"
fizmail.com,1,"AS26042 (FIBERSTATE - FiberState, LLC, US)"
mail.flashmail.my,1,"AS24940 (HETZNER-AS, DE)"
mx.flash-mail.xyz,1,"AS16509 (AMAZON-02 - Amazon.com, Inc., US)"
flaido-com.mail.protection.outlook.com,1,"AS8075 (MICROSOFT-CORP-MSN-AS-BLOCK - Microsoft Corporation, US)"
mail.flashpost.net,1,"AS212772 (ADGUARD, CY)"
mx6.flashgoto.com,1,
mxabjm.chinaemail.cn,1,"AS132203 (TENCENT-NET-AP-CN Tencent Building, Kejizhongyi Avenue, CN)"
mail.fl4shmail.com,1,"AS12586 (ASGHOSTNET, DE)"
mail.flagymail.com,1,"AS12586 (ASGHOSTNET, DE)"
haw88.com,1,"AS214036 (ULTAHOST-AS, US)"
mail.figna.com,1,"AS398101 (GO-DADDY-COM-LLC - GoDaddy.com, LLC, US)"
flashbox.5july.org,1,"AS8473 (BAHNHOF, SE)"
qjcgacc-mail3.flavourity.com,1,"AS14061 (DIGITALOCEAN-ASN - DigitalOcean, LLC, US)"
fletesya.com,1,"AS14670 (WHG-USE1, GB)"
mail.flashmail.pro,1,"AS135905 (VNPT-AS-VN VIETNAM POSTS AND TELECOMMUNICATIONS GROUP, VN)"
flibu.com,1,"AS51167 (CONTABO, DE)"
flightright-com.mail.protection.outlook.com,1,"AS8075 (MICROSOFT-CORP-MSN-AS-BLOCK - Microsoft Corporation, US)"
smtp.faisco.cn,1,"AS58466 (CT-GUANGZHOU-IDC CHINANET Guangdong province network, CN)"
mail.flipz.top,1,"AS16276 (OVH, FR)"
mail.flipflop.mooo.com,1,"AS8881 (VERSATEL, DE)"
mail.florevia.cfd,1,"AS203446 (AS203446, GB)"
flemail.ru,1,"AS9002 (RETN-AS, GB)"
floridakidcare-org.mail.protection.outlook.com,1,"AS8075 (MICROSOFT-CORP-MSN-AS-BLOCK - Microsoft Corporation, US)"
mail.floris.sa.com,1,"AS200303 (LUMASERV LUMASERV GmbH, DE)"
finderskeepers-co-uk.mail.protection.outlook.com,1,"AS8075 (MICROSOFT-CORP-MSN-AS-BLOCK - Microsoft Corporation, US)"
flobo.fr.nf,1,"AS16276 (OVH, FR)"
mail.floriamail.com,1,"AS12586 (ASGHOSTNET, DE)"
mail.freesea.ru,1,"AS24940 (HETZNER-AS, DE)"
floodouts.com,1,"AS151967 (DLIS-AS-AP DLITS, BD)"
mx2.flour.icu,1,"AS200107 (KL-EXT, CH)"
mail.flsxnamed.com,1,"AS47583 (AS-HOSTINGER, CY)"
fluefix.com,1,"AS32475 (SINGLEHOP-LLC - Internap Holding LLC, US)"
mail.flutred.com,1,"AS51167 (CONTABO, DE)"
mail.flyerzwtxk.com,1,"AS47583 (AS-HOSTINGER, CY)"
mail.floripfmus.ru,1,"AS12586 (ASGHOSTNET, DE)"
flyvaunt-com.mail.protection.outlook.com,1,"AS8075 (MICROSOFT-CORP-MSN-AS-BLOCK - Microsoft Corporation, US)"
mail.flufimail.com,1,"AS12586 (ASGHOSTNET, DE)"
mail.flyrine.com,1,"AS14061 (DIGITALOCEAN-ASN - DigitalOcean, LLC, US)"
flyjet.net,1,"AS22611 (INMOTION - InMotion Hosting, Inc., US)"
mail.flyymail.com,1,"AS11878 (TZULO - tzulo, inc., US)"
mail.florestafazadiferenca.org.br,1,"AS16276 (OVH, FR)"
mail.epicabox.com,1,"AS214996 (NETCUP, DE)"
mail.flyovertrees.com,1,"AS16276 (OVH, FR)"
mail.fmonaghan.shop,1,"AS36352 (AS-COLOCROSSING - HostPapa, US)"
mail.fmailnex.com,1,"AS12586 (ASGHOSTNET, DE)"
mail.fmaild.com,1,"AS12586 (ASGHOSTNET, DE)"
mail.fmailler.com,1,"AS12586 (ASGHOSTNET, DE)"
mail.fmaillerbox.com,1,"AS12586 (ASGHOSTNET, DE)"
me.fmaillerbox.net,1,"AS12586 (ASGHOSTNET, DE)"
mx1.fnkewl.com,1,"AS16509 (AMAZON-02 - Amazon.com, Inc., US)"
foleyarmory-com.mail.protection.outlook.com,1,"AS8075 (MICROSOFT-CORP-MSN-AS-BLOCK - Microsoft Corporation, US)"
focussocialshop.com,1,"AS20857 (TRANSIP-AS Amsterdam, the Netherlands, NL)"
mail.fontaneriaenvalencia.com,1,"AS16276 (OVH, FR)"
mail.fontlooks.com,1,"AS24940 (HETZNER-AS, DE)"
mx.foodieinfluence.online,1,"AS20473 (AS-VULTR - The Constant Company, LLC, US)"
mail.foodfarms.net,1,"AS47583 (AS-HOSTINGER, CY)"
mx-forum.ogicom.pl,1,"AS34360 (OGICOM, PL)"
mail.foobarbot.net,1,"AS24940 (HETZNER-AS, DE)"
foodiesforum-com.mail.protection.outlook.com,1,"AS8075 (MICROSOFT-CORP-MSN-AS-BLOCK - Microsoft Corporation, US)"
mail.folhadobrasil.top,1,"AS16276 (OVH, FR)"
mail.fonkmail.com,1,"AS12586 (ASGHOSTNET, DE)"
mail.folhadenoticias.top,1,"AS16276 (OVH, FR)"
footmassage-club.mail.protection.outlook.com,1,"AS8075 (MICROSOFT-CORP-MSN-AS-BLOCK - Microsoft Corporation, US)"
for4mail.com,1,"AS47583 (AS-HOSTINGER, CY)"
in1.smtp.messagingengine.com,1,"AS151847 (FASTMAILPTYLTD-AS-AP Fastmail Pty Ltd, AU)"
mail.forestemissions.org,1,"AS204601 (PODAON, NL)"
foothills-net.mx.av-mx.com,1,"AS31898 (ORACLE-BMC-31898 - Oracle Corporation, US)"
mxa-00498f03.gslb.pphosted.com,1,"AS26211 (PROOFPOINT-ASN-US-WEST - Proofpoint, Inc., US)"
mx1.zoho.com,1,
mail.forcemaiil.com,1,"AS12586 (ASGHOSTNET, DE)"
mx.forextradingsystemsreviews.info,1,"AS14061 (DIGITALOCEAN-ASN - DigitalOcean, LLC, US)"
mail.foresmail.com,1,"AS12586 (ASGHOSTNET, DE)"
mail.formail.store,1,"AS36352 (AS-COLOCROSSING - HostPapa, US)"
forgeglobal-com.mail.protection.outlook.com,1,"AS8075 (MICROSOFT-CORP-MSN-AS-BLOCK - Microsoft Corporation, US)"
mail.formsphk.com,1,"AS47583 (AS-HOSTINGER, CY)"
forextrust.org,1,"AS24940 (HETZNER-AS, DE)"
mail.for-all.pl,1,"AS50599 (Autonomous System for Dataspace P.S.A., PL)"
formfree-com.mail.protection.outlook.com,1,"AS8075 (MICROSOFT-CORP-MSN-AS-BLOCK - Microsoft Corporation, US)"
mx.forms-checker.online,1,"AS36352 (AS-COLOCROSSING - HostPapa, US)"
mx2-us1.ppe-hosted.com,1,"AS13916 (PROOFPOINT-UT7 - Proofpoint, Inc., US)"
mx.formtest.guru,1,"AS36352 (AS-COLOCROSSING - HostPapa, US)"
mail.formalfmk.com,1,"AS12586 (ASGHOSTNET, DE)"
_dc-mx.64d2f619d91d.forexscalp.ru,1,"AS211381 (PODAON, LV)"
fortheveteran-com.mail.protection.outlook.com,1,"AS8075 (MICROSOFT-CORP-MSN-AS-BLOCK - Microsoft Corporation, US)"
mail.fortgamer.cc,1,"AS45102 (ALIBABA-CN-NET Alibaba US Technology Co., Ltd., CN)"
mail.formiemail.ru,1,"AS12586 (ASGHOSTNET, DE)"
fortressfinancial-co.mail.protection.outlook.com,1,"AS8075 (MICROSOFT-CORP-MSN-AS-BLOCK - Microsoft Corporation, US)"
forthepeople-com.mail.protection.outlook.com,1,"AS8075 (MICROSOFT-CORP-MSN-AS-BLOCK - Microsoft Corporation, US)"
fortressfinancial-biz.mail.protection.outlook.com,1,"AS8075 (MICROSOFT-CORP-MSN-AS-BLOCK - Microsoft Corporation, US)"
fortect-com.mail.protection.outlook.com,1,"AS8075 (MICROSOFT-CORP-MSN-AS-BLOCK - Microsoft Corporation, US)"
mx.forumoxy.com,1,"AS14061 (DIGITALOCEAN-ASN - DigitalOcean, LLC, US)"
mx2.formdmail.net,1,"AS200107 (KL-EXT, CH)"
w01d447a.kasserver.com,1,"AS34788 (NMM-AS D - 02742 Friedersdorf Hauptstrasse 68, DE)"
mail.forisfammails.ru,1,"AS12586 (ASGHOSTNET, DE)"
foss-pl.mail.protection.outlook.com,1,"AS8075 (MICROSOFT-CORP-MSN-AS-BLOCK - Microsoft Corporation, US)"
foss-de.mail.protection.outlook.com,1,"AS8075 (MICROSOFT-CORP-MSN-AS-BLOCK - Microsoft Corporation, US)"
foss-nl.mail.protection.outlook.com,1,"AS8075 (MICROSOFT-CORP-MSN-AS-BLOCK - Microsoft Corporation, US)"
fouristic-us.mail.protection.outlook.com,1,"AS8075 (MICROSOFT-CORP-MSN-AS-BLOCK - Microsoft Corporation, US)"
mail.fortifmil.ru,1,"AS12586 (ASGHOSTNET, DE)"
mailgw01.host.it,1,"AS47242 (HOST-SPA, IT)"
forumbacklinks.net,1,"AS24940 (HETZNER-AS, DE)"
forserumsif.nu,1,"AS200719 (MISSDOMAIN, SE)"
mail.fq1my2c.com,1,"AS47583 (AS-HOSTINGER, CY)"
mail.fossiliemail.ru,1,"AS12586 (ASGHOSTNET, DE)"
mptn01.mptn.org,1,"AS10753 (LUMEN-LEGACY-L3-CUSTOMER-SHARED-USE - Level 3 Parent, LLC, US)"
mail.fr33mail.info,1,"AS24940 (HETZNER-AS, DE)"
fr.nf,1,"AS16276 (OVH, FR)"
mail.fran1st.com,1,"AS216475 (NKTELECOM, US)"
mailrelay.nova.gr,1,"AS25472 (WIND-AS, GR)"
mail.franksresume.com,1,"AS204601 (PODAON, NL)"
mail.freadingsq.com,1,"AS47583 (AS-HOSTINGER, CY)"
mx.frapmail.com,1,"AS19318 (IS-AS-1 - Interserver, Inc, US)"
inbound.homesteadmail.com,1,"AS19871 (NETWORK-SOLUTIONS-HOSTING - Network Solutions, LLC, US)"
mail.freans.com,1,"AS14061 (DIGITALOCEAN-ASN - DigitalOcean, LLC, US)"
mx.fre.fr,1,"AS35667 (XSALTO35667, FR)"
mail.frednmail.com,1,"AS12586 (ASGHOSTNET, DE)"
mail.free-temp-mail.eu.org,1,"AS22612 (NAMECHEAP-NET - Namecheap, Inc., US)"
mail.fontimail.com,1,"AS132203 (TENCENT-NET-AP-CN Tencent Building, Kejizhongyi Avenue, CN)"
mail.freeapi.pro.vn,1,"AS149125 (DV4S-VN 4S TECHNOLOGY TRADING SERVICES COMPANY LIMITED, VN)"
mail.freedomainn.group,1,"AS42831 (UKSERVERS-AS UK Dedicated Servers, Hosting and Co-Location, GB)"
mx.freeemailservice.info,1,"AS14061 (DIGITALOCEAN-ASN - DigitalOcean, LLC, US)"
freehotmail.net,1,"AS47583 (AS-HOSTINGER, CY)"
mx.freehosting2010.com,1,"AS14061 (DIGITALOCEAN-ASN - DigitalOcean, LLC, US)"
mail.freeindexer.com,1,"AS24940 (HETZNER-AS, DE)"
mail.freefirstmail.xyz,1,"AS20473 (AS-VULTR - The Constant Company, LLC, US)"
mail1.freedomringspartnership.com,1,"AS6364 (ATLANTIC-NET-1 - Atlantic.net, Inc., US)"
mail01.freelymail.com,1,"AS36351 (SOFTLAYER - IBM Cloud, US)"
mxcorp.dca.untd.com,1,"AS13446 (AS-NETZERO - Netzero,INC., US)"
mail.luke.observer,1,"AS16276 (OVH, FR)"
freemail.biz.st,1,"AS16276 (OVH, FR)"
mail.freecdb.top,1,"AS60592 (GRANSY Gransy s.r.o. gransy.com, CZ)"
mx6.freeonlineke.com,1,
ns515491.ip-192-95-29.net,1,"AS16276 (OVH, FR)"
api.freeroid.com,1,"AS24940 (HETZNER-AS, DE)"
mail.freespainmail.com,1,"AS24940 (HETZNER-AS, DE)"
mx.freetimer.online,1,"AS16276 (OVH, FR)"
mail.yurtmail.com,1,"AS14061 (DIGITALOCEAN-ASN - DigitalOcean, LLC, US)"
mx1.freewebpages.bid,1,"AS200107 (KL-EXT, CH)"
mail.1844web.org,1,"AS19318 (IS-AS-1 - Interserver, Inc, US)"
mail.freezmail.com,1,"AS12586 (ASGHOSTNET, DE)"
mail.fregmail.com,1,"AS12586 (ASGHOSTNET, DE)"
mx.fremontquote.com,1,"AS46475 (LIMESTONENETWORKS - Limestone Networks, Inc., US)"
mutant.cliffmail.com,1,"AS60404 (LITESERVER, NL)"
mail.frescmail.com,1,"AS12586 (ASGHOSTNET, DE)"
mail.fpsinformer.xyz,1,"AS45102 (ALIBABA-CN-NET Alibaba US Technology Co., Ltd., CN)"
mail.fpstipscentral.xyz,1,"AS45102 (ALIBABA-CN-NET Alibaba US Technology Co., Ltd., CN)"
mail.fpsrealm.xyz,1,"AS45102 (ALIBABA-CN-NET Alibaba US Technology Co., Ltd., CN)"
_dc-mx.708c4b7e7f7f.frm.ovh,1,"AS24940 (HETZNER-AS, DE)"
mail.fringmail.com,1,"AS12586 (ASGHOSTNET, DE)"
frmturkiye-com.mail.protection.outlook.com,1,"AS8075 (MICROSOFT-CORP-MSN-AS-BLOCK - Microsoft Corporation, US)"
frezor.io,1,"AS199968 (IWSNET, AM)"
mail.frisber.co,1,"AS212317 (HETZNER-CLOUD3-AS, DE)"
mail.friteuse.top,1,"AS214996 (NETCUP, DE)"
mail1.bravehost.com,1,"AS174 (COGENT-174 - Cogent Communications, LLC, US)"
mail.frodmail.com,1,"AS12586 (ASGHOSTNET, DE)"
mx2.frontirenet.net,1,"AS200107 (KL-EXT, CH)"
mail.frontomrsmail.ru,1,"AS12586 (ASGHOSTNET, DE)"
mail.frgviana-nedv.ru,1,"AS209641 (I-SERVERS-EAST, GB)"
m.oneplai.com,1,"AS8560 (IONOS-AS This is the joint network for IONOS, Fasthosts, Arsys, 1&1 Mail and Media and 1&1 Telecom. Formerly known as 1&1 Internet SE., DE)"
mailforward103.cloudns.net,1,"AS205787 (PUBLICLOUD, BG)"
frostmail.fr.nf,1,"AS16276 (OVH, FR)"
mail.frontomaxmails.ru,1,"AS12586 (ASGHOSTNET, DE)"
mail.frontomaxme.ru,1,"AS12586 (ASGHOSTNET, DE)"
mail.frrotk.com,1,"AS24940 (HETZNER-AS, DE)"
mx-10.us-east.atmailcloud.com,1,"AS14618 (AMAZON-AES - Amazon.com, Inc., US)"
mail.fskk.pl,1,"AS50599 (Autonomous System for Dataspace P.S.A., PL)"
fsociety.org,1,"AS36666 (GTCOMM - GloboTech Communications, CA)"
mail.fuckingduh.com,1,"AS14061 (DIGITALOCEAN-ASN - DigitalOcean, LLC, US)"
mail.fuligimails.ru,1,"AS12586 (ASGHOSTNET, DE)"
mail.fskatt.se,1,"AS206170 (INLEED, SE)"
mail.fuhrenmail.com,1,"AS12586 (ASGHOSTNET, DE)"
vps-berlin.ftp.sh,1,"AS8560 (IONOS-AS This is the joint network for IONOS, Fasthosts, Arsys, 1&1 Mail and Media and 1&1 Telecom. Formerly known as 1&1 Internet SE., DE)"
fun2-biz.mail.protection.outlook.com,1,"AS8075 (MICROSOFT-CORP-MSN-AS-BLOCK - Microsoft Corporation, US)"
mail.tempmailcentral.com,1,"AS51167 (CONTABO, DE)"
mail.fumesmail.com,1,"AS12586 (ASGHOSTNET, DE)"
mail.mailserver.hu,1,"AS5483 (MAGYAR-TELEKOM-MAIN-AS Magyar Telekom Nyrt., HU)"
mail.funadventuremail.com,1,"AS12586 (ASGHOSTNET, DE)"
mail.funteka.com,1,"AS14061 (DIGITALOCEAN-ASN - DigitalOcean, LLC, US)"
mail.funnynona.com,1,"AS32097 (WII - WholeSale Internet, Inc., US)"
mail.funnylala.com,1,"AS32097 (WII - WholeSale Internet, Inc., US)"
mail.fullzero.com.ar,1,"AS24940 (HETZNER-AS, DE)"
mail.funjourneymail.com,1,"AS12586 (ASGHOSTNET, DE)"
furnitureliquidationconsultants-com.mail.protection.outlook.com,1,"AS8075 (MICROSOFT-CORP-MSN-AS-BLOCK - Microsoft Corporation, US)"
furusato.tokyo,1,"AS131965 (XSERVER Xserver Inc., JP)"
mx-post.furaugn.com,1,"AS14061 (DIGITALOCEAN-ASN - DigitalOcean, LLC, US)"
futuremarketinsights-com.mail.protection.outlook.com,1,"AS8075 (MICROSOFT-CORP-MSN-AS-BLOCK - Microsoft Corporation, US)"
mail.fundacaocasagrande.org.br,1,"AS16276 (OVH, FR)"
mx1.furnitureinfoguide.com,1,"AS200107 (KL-EXT, CH)"
fuzzy-server.com,1,"AS204800 (WHG-SGP, GB)"
mx1.futuremail.info,1,"AS200107 (KL-EXT, CH)"
ailurus.de,1,"AS6724 (STRATO STRATO AG, DE)"
mail.fwfr.com,1,"AS13335 (CLOUDFLARENET - Cloudflare, Inc., US)"
mail.fwxr.com,1,"AS13335 (CLOUDFLARENET - Cloudflare, Inc., US)"
mail.fxtubes.com,1,"AS14061 (DIGITALOCEAN-ASN - DigitalOcean, LLC, US)"
fwcebook.com,1,"AS44273 (GODADDY-DNS, DE)"
pmg.fws.fr,1,"AS16276 (OVH, FR)"
mail.fyronex.cfd,1,"AS203446 (AS203446, GB)"
mx1.fxmail.ws,1,"AS200107 (KL-EXT, CH)"
mail1.funnymail.de,1,"AS24940 (HETZNER-AS, DE)"
fysiowellnessvandervelde.nl,1,"AS31477 (DUOCAST-AS, NL)"
mail.fyii.de,1,"AS8560 (IONOS-AS This is the joint network for IONOS, Fasthosts, Arsys, 1&1 Mail and Media and 1&1 Telecom. Formerly known as 1&1 Internet SE., DE)"
firstemp.site,1,
mail.isbjct4e.com,1,"AS47583 (AS-HOSTINGER, CY)"
mail.isar.org,1,"AS38719 (DREAMSCAPE-AS-AP Dreamscape Networks Limited, AU)"
iscacorp-com.mail.protection.outlook.com,1,"AS8075 (MICROSOFT-CORP-MSN-AS-BLOCK - Microsoft Corporation, US)"
mxb-002ece01.gslb.pphosted.com,1,"AS22843 (PROOFPOINT-ASN-US-EAST - Proofpoint, Inc., US)"
mx1.isachermeskelly.com,1,"AS200107 (KL-EXT, CH)"
isaa-com.mail.protection.outlook.com,1,"AS8075 (MICROSOFT-CORP-MSN-AS-BLOCK - Microsoft Corporation, US)"
mail.ischiocfkml.com,1,"AS12586 (ASGHOSTNET, DE)"
malibuzz.isomnio.com,1,"AS51167 (CONTABO, DE)"
mailserver.israelgives.org,1,"AS16509 (AMAZON-02 - Amazon.com, Inc., US)"
mail.isoelemail.com,1,"AS12586 (ASGHOSTNET, DE)"
mail.ischiovermail.ru,1,"AS12586 (ASGHOSTNET, DE)"
mail.isomeromal.com,1,"AS12586 (ASGHOSTNET, DE)"
mail.isot.se,1,"AS21499 (GODADDY-SXB, DE)"
mail.isopermail.com,1,"AS12586 (ASGHOSTNET, DE)"
isep.fr.nf,1,"AS16276 (OVH, FR)"
mail.iscidayanismasi.org,1,"AS16276 (OVH, FR)"
mail.isi-group.ru,1,"AS210079 (EUROBYTE, RU)"
israeli-occupation.org,1,"AS215117 (HOSTERDADDY, IN)"
mail.isolatmail.com,1,"AS12586 (ASGHOSTNET, DE)"
mail.isoperolml.ru,1,"AS12586 (ASGHOSTNET, DE)"
mail.mxdood.com,1,"AS16509 (AMAZON-02 - Amazon.com, Inc., US)"
mail.isoagglupt.ru,1,"AS12586 (ASGHOSTNET, DE)"
mail.iseo24h.com,1,"AS63949 (AKAMAI-LINODE-AP Akamai Connected Cloud, SG)"
mail.isoamail.ru,1,"AS12586 (ASGHOSTNET, DE)"
mail.isothiopt.ru,1,"AS12586 (ASGHOSTNET, DE)"
mail.ischioceufml.ru,1,"AS12586 (ASGHOSTNET, DE)"
mail.isotemail.ru,1,"AS12586 (ASGHOSTNET, DE)"
issimro-com.mail.protection.outlook.com,1,"AS8075 (MICROSOFT-CORP-MSN-AS-BLOCK - Microsoft Corporation, US)"
mail.isodiemail.ru,1,"AS12586 (ASGHOSTNET, DE)"
mail.isoallml.ru,1,"AS12586 (ASGHOSTNET, DE)"
mail.isolatmail.ru,1,"AS12586 (ASGHOSTNET, DE)"
mail.isopremail.ru,1,"AS12586 (ASGHOSTNET, DE)"
mail.isometrmails.ru,1,"AS12586 (ASGHOSTNET, DE)"
mail.isonicovegai.ru,1,"AS12586 (ASGHOSTNET, DE)"
mail.isomails.ru,1,"AS12586 (ASGHOSTNET, DE)"
mx10.it.com,1,"AS47768 (INTISTELECOM-AS, GB)"
mail.itacto.com,1,"AS51167 (CONTABO, DE)"
istanbulsiiri.com,1,"AS216244 (DATATR Data TR Bilisim Teknoloji Hizmetleri, TR)"
isuzuute-com-au.mail.protection.outlook.com,1,"AS8075 (MICROSOFT-CORP-MSN-AS-BLOCK - Microsoft Corporation, US)"
mail.istioph.ru,1,"AS12586 (ASGHOSTNET, DE)"
itatti-harvard-edu.mail.protection.outlook.com,1,"AS8075 (MICROSOFT-CORP-MSN-AS-BLOCK - Microsoft Corporation, US)"
mail.iswire.com,1,"AS14061 (DIGITALOCEAN-ASN - DigitalOcean, LLC, US)"
mail.itaolo.com,1,"AS14061 (DIGITALOCEAN-ASN - DigitalOcean, LLC, US)"
mail.isoceemail.ru,1,"AS12586 (ASGHOSTNET, DE)"
mail.itchydog.store,1,"AS24940 (HETZNER-AS, DE)"
mail.islandi-nedv.ru,1,"AS56694 (SMARTAPE, RU)"
mail.itcess.com,1,"AS14061 (DIGITALOCEAN-ASN - DigitalOcean, LLC, US)"
mail.itdbe.com,1,"AS24940 (HETZNER-AS, DE)"
eagle.mxlogin.com,1,"AS46261 (QUICKPACKET - QuickPacket, LLC, US)"
mail.itgracevvx.com,1,"AS47583 (AS-HOSTINGER, CY)"
mx16.turkticaret.net,1,
mail.it.x24hr.com,1,"AS39927 (ELIGHT-AS, RU)"
pmx.megacp.com,1,"AS41075 (ATW-AS, HU)"
mail.itinefmk.com,1,"AS12586 (ASGHOSTNET, DE)"
mail.itmail.site,1,"AS12714 (MEGAFON-AS Moscow, Russia, RU)"
itmo.edu.pl,1,"AS20068 (HAWKHOST - Hawk Host Inc., CA)"
mail.itinermals.ru,1,"AS12586 (ASGHOSTNET, DE)"
itx-com.mail.protection.outlook.com,1,"AS8075 (MICROSOFT-CORP-MSN-AS-BLOCK - Microsoft Corporation, US)"
iu1-org.mail.protection.outlook.com,1,"AS8075 (MICROSOFT-CORP-MSN-AS-BLOCK - Microsoft Corporation, US)"
itssoluciones.com,1,"AS133296 (WEBWERKS-AS-IN Web Werks India Pvt. Ltd., IN)"
mail.itnewsflash.com,1,"AS51167 (CONTABO, DE)"
mxb-00198c03.gslb.pphosted.com,1,"AS26211 (PROOFPOINT-ASN-US-WEST - Proofpoint, Inc., US)"
itsupporthq.com,1,"AS24940 (HETZNER-AS, DE)"
ivanti-com.mail.protection.outlook.com,1,"AS8075 (MICROSOFT-CORP-MSN-AS-BLOCK - Microsoft Corporation, US)"
iveszics-com.mail.protection.outlook.com,1,"AS8075 (MICROSOFT-CORP-MSN-AS-BLOCK - Microsoft Corporation, US)"
mail.ivomail.com,1,"AS26554 (US-SIGNAL - US Signal Company, L.L.C., US)"
mail.iwatermail.com,1,"AS63949 (AKAMAI-LINODE-AP Akamai Connected Cloud, SG)"
mail.iwinedu.com,1,"AS3842 (RAMNODE - InMotion Hosting, Inc., US)"
mail.iwristlu.com,1,"AS47583 (AS-HOSTINGER, CY)"
mailgateway.openema.net,1,"AS12876 (Online SAS, FR)"
mail.ixhale.com,1,"AS14061 (DIGITALOCEAN-ASN - DigitalOcean, LLC, US)"
mail.itsme.edu.pl,1,"AS16276 (OVH, FR)"
izemail-com.mail.protection.outlook.com,1,
webmail.iysqv.com,1,"AS16276 (OVH, FR)"
_dc-mx.26d016b96925.izomail.online,1,"AS16276 (OVH, FR)"
iya.fr.nf,1,"AS16276 (OVH, FR)"
disposable.aq.si,1,"AS8075 (MICROSOFT-CORP-MSN-AS-BLOCK - Microsoft Corporation, US)"
mail.iwantto.be,1,"AS210403 (LWS, FR)"
_dc-mx.fdda682dced9.j3j.org,1,"AS14061 (DIGITALOCEAN-ASN - DigitalOcean, LLC, US)"
1-grid-mx03.co.za,1,"AS36943 (ZA-1-Grid, ZA)"
_dc-mx.121dfa154fde.j12345.ru,1,"AS58061 (SCALAXY-AS, LV)"
a575967.mx.mailhop.org,1,"AS16509 (AMAZON-02 - Amazon.com, Inc., US)"
a075814.mx.mailhop.org,1,"AS16509 (AMAZON-02 - Amazon.com, Inc., US)"
jackson-com.mail.protection.outlook.com,1,"AS8075 (MICROSOFT-CORP-MSN-AS-BLOCK - Microsoft Corporation, US)"
mailbt.jackymail.top,1,"AS3214 (XTOM xTom GmbH, DE)"
_dc-mx.efb4a79f079f.jak-zaoszczedzic.pl,1,"AS47544 (IQPL-AS, PL)"
mx3.pub.mailpod5-cph3.one.com,1,"AS51468 (ONECOM, DK)"
jakarta.io.vn,1,"AS149125 (DV4S-VN 4S TECHNOLOGY TRADING SERVICES COMPANY LIMITED, VN)"
mail.jam.earnlivez.net,1,"AS24940 (HETZNER-AS, DE)"
jamtogel.org,1,"AS22612 (NAMECHEAP-NET - Namecheap, Inc., US)"
mx6.janewsonline.com,1,
mail.jaguare.ru,1,"AS210079 (EUROBYTE, RU)"
poczta.jaki-kredyt-wybrac.pl,1,"AS31242 (TKPSA-AS, PL)"
smtp-fwd.wordpress.com,1,"AS2635 (AUTOMATTIC - Automattic, Inc, US)"
mail.japnc.com,1,"AS14061 (DIGITALOCEAN-ASN - DigitalOcean, LLC, US)"
mail.japandmail.com,1,"AS12586 (ASGHOSTNET, DE)"
jasawebsitepremium.com,1,"AS138115 (IDNIC-DENEVA-AS-ID PT Deneva, ID)"
mail.javindra.cfd,1,"AS203446 (AS203446, GB)"
_dc-mx.7234997a2444.jaysclay.org,1,"AS22612 (NAMECHEAP-NET - Namecheap, Inc., US)"
mail.jazzvip.site,1,"AS40021 (CONTABO-40021 - Contabo Inc., US)"
jayabet188.net,1,"AS22612 (NAMECHEAP-NET - Namecheap, Inc., US)"
jbnote.com,1,"AS47583 (AS-HOSTINGER, CY)"
jayapoker99.net,1,"AS22612 (NAMECHEAP-NET - Namecheap, Inc., US)"
jayjessup.com,1,"AS16276 (OVH, FR)"
mail.jcausedm.com,1,"AS47583 (AS-HOSTINGER, CY)"
mail.jbauto.ru,1,"AS49505 (SELECTEL, RU)"
jasdor.web.id,1,"AS58487 (CRI-AS-AP CV. Rumahweb Indonesia, ID)"
jcpenney-com.mail.protection.outlook.com,1,"AS8075 (MICROSOFT-CORP-MSN-AS-BLOCK - Microsoft Corporation, US)"
mail.jddrew.com,1,"AS18779 (EGIHOSTING - EGIHosting, US)"
hbm-com.mail.protection.outlook.com,1,"AS8075 (MICROSOFT-CORP-MSN-AS-BLOCK - Microsoft Corporation, US)"
hburgchc-org.mail.protection.outlook.com,1,"AS8075 (MICROSOFT-CORP-MSN-AS-BLOCK - Microsoft Corporation, US)"
jasabacklinkpbn.co.id,1,"AS136170 (EXBCOID-AS-AP PT. EXABYTES NETWORK INDONESIA, ID)"
mail.hbtchmail.com,1,"AS12586 (ASGHOSTNET, DE)"
harpercollins.com,1,"AS13335 (CLOUDFLARENET - Cloudflare, Inc., US)"
je-storemedia.my.id,1,"AS139989 (IDNIC-ATHAMEDIANET-AS-ID CV Atha Media Prima, ID)"
mail.hbs-group.ru,1,"AS210079 (EUROBYTE, RU)"
trendmail01.denso-ts.it,1,"AS51964 (ORANGE-BUSINESS-SERVICES-IPSN-ASN, US)"
mail01.jeffersonbox.com,1,"AS36351 (SOFTLAYER - IBM Cloud, US)"
jeddahtravels.com,1,"AS33182 (DIMENOC - HostDime.com, Inc., US)"
jeffvuk-com.mail.protection.outlook.com,1,"AS8075 (MICROSOFT-CORP-MSN-AS-BLOCK - Microsoft Corporation, US)"
jeff-ml.mail.protection.outlook.com,1,"AS8075 (MICROSOFT-CORP-MSN-AS-BLOCK - Microsoft Corporation, US)"
mail.jeffersofmals.com,1,"AS12586 (ASGHOSTNET, DE)"
mxext-a.dnet.net.id,1,"AS9794 (DNET-ID-AP PT. Core Mediatech D-NET, ID)"
mx6.jerseymallusa.com,1,
mail.jescanned.com,1,"AS47583 (AS-HOSTINGER, CY)"
mgw2.mx.zaq.ne.jp,1,"AS2516 (KDDI KDDI CORPORATION, JP)"
mail.jeremfml.com,1,"AS12586 (ASGHOSTNET, DE)"
mail.jeta.com,1,"AS19318 (IS-AS-1 - Interserver, Inc, US)"
mail.solifon.com,1,"AS3842 (RAMNODE - InMotion Hosting, Inc., US)"
mail.jetsay.com,1,"AS14061 (DIGITALOCEAN-ASN - DigitalOcean, LLC, US)"
mail.hbocom.ru,1,"AS207957 (SERVHOST-AS, GB)"
mail.gueret.fr,1,"AS5410 (BOUYGTEL-ISP, FR)"
mail.gridhost.com,1,"AS46261 (QUICKPACKET - QuickPacket, LLC, US)"
jetable.fr.nf,1,"AS16276 (OVH, FR)"
mail.jamtogel.store,1,"AS19871 (NETWORK-SOLUTIONS-HOSTING - Network Solutions, LLC, US)"
mx.jfxklwyj.shop,1,"AS31034 (ARUBA-ASN, IT)"
mail.jetable.pp.ua,1,
jhuf-net.mail.protection.outlook.com,1,
mxa-003db102.gslb.pphosted.com,1,"AS22843 (PROOFPOINT-ASN-US-EAST - Proofpoint, Inc., US)"
mail0001.jhotmail.co.uk,1,"AS24940 (HETZNER-AS, DE)"
mail.jengo.com,1,"AS21069 (ASN-METANET Routingpeering issues: noc@metanet.ch, CH)"
mail.jimong.com,1,"AS47583 (AS-HOSTINGER, CY)"
mail.jincer.com,1,"AS14061 (DIGITALOCEAN-ASN - DigitalOcean, LLC, US)"
mail.jitsu.my,1,"AS44486 (SYNLINQ synlinq.de, DE)"
mail.jioso.com,1,"AS63949 (AKAMAI-LINODE-AP Akamai Connected Cloud, SG)"
hccil-org.mail.protection.outlook.com,1,"AS8075 (MICROSOFT-CORP-MSN-AS-BLOCK - Microsoft Corporation, US)"
_dc-mx.4e2c27b0ba7e.jiwatoto.org,1,"AS57344 (TELEHOUSE-AS, BG)"
mail.hcoupledp.com,1,"AS47583 (AS-HOSTINGER, CY)"
jinva.fr.nf,1,"AS16276 (OVH, FR)"
mta.nshk.net,1,"AS58779 (I4HKLIMITED-AS i4HK Limited, HK)"
mail.hdala.com,1,"AS14061 (DIGITALOCEAN-ASN - DigitalOcean, LLC, US)"
hcltech-com.mail.protection.outlook.com,1,"AS8075 (MICROSOFT-CORP-MSN-AS-BLOCK - Microsoft Corporation, US)"
mx1.hccmail.win,1,"AS200107 (KL-EXT, CH)"
_dc-mx.1d639b41989e.jjnan.com,1,"AS35916 (MULTA-ASN1 - MULTACOM CORPORATION, US)"
mxa-000e5c01.gslb.pphosted.com,1,"AS26211 (PROOFPOINT-ASN-US-WEST - Proofpoint, Inc., US)"
hdslatour-fr0i.mail.protection.outlook.com,1,"AS8075 (MICROSOFT-CORP-MSN-AS-BLOCK - Microsoft Corporation, US)"
mail.hdcvolosy.ru,1,"AS210079 (EUROBYTE, RU)"
_dc-mx.9a2a22dd7e13.hdturkey.com,1,"AS51167 (CONTABO, DE)"
jkmechanical-com.mail.protection.outlook.com,1,"AS8075 (MICROSOFT-CORP-MSN-AS-BLOCK - Microsoft Corporation, US)"
mail.headset5pl.com,1,"AS47583 (AS-HOSTINGER, CY)"
mx1.cernercloud.com,1,"AS17264 (CERNER-COM - Cerner Corporation, US)"
col.hdz.hr,1,"AS24940 (HETZNER-AS, DE)"
mail.jir.su,1,"AS29182 (RU-JSCIOT, RU)"
mail.healthdietshop.com,1,"AS16276 (OVH, FR)"
healthfit247.com,1,"AS7393 (CYBERCON - CYBERCON, INC., US)"
healthplanssolutions-com.mail.protection.outlook.com,1,"AS8075 (MICROSOFT-CORP-MSN-AS-BLOCK - Microsoft Corporation, US)"
jmail.fr.nf,1,"AS16276 (OVH, FR)"
jmjhomeservices-com.mail.protection.outlook.com,1,"AS8075 (MICROSOFT-CORP-MSN-AS-BLOCK - Microsoft Corporation, US)"
mail.healthshare101.com,1,"AS46606 (UNIFIEDLAYER-AS-1 - Unified Layer, US)"
mail.healthroutine.click,1,"AS51167 (CONTABO, DE)"
sex.keishichootsukakeisatsusho.org,1,"AS131965 (XSERVER Xserver Inc., JP)"
x.keishichootsukakeisatsusho.com,1,"AS131965 (XSERVER Xserver Inc., JP)"
mail.healthroutinenail.click,1,"AS51167 (CONTABO, DE)"
x.keishichootsukakeisatsusho.net,1,"AS131965 (XSERVER Xserver Inc., JP)"
mail.jmvoice.com,1,"AS14061 (DIGITALOCEAN-ASN - DigitalOcean, LLC, US)"
mail.healthshots.center,1,"AS51167 (CONTABO, DE)"
jmsalarm-dk.mail.protection.outlook.com,1,"AS8075 (MICROSOFT-CORP-MSN-AS-BLOCK - Microsoft Corporation, US)"
mail.jmail.ro,1,"AS16276 (OVH, FR)"
kelloggchurch.org,1,"AS33182 (DIMENOC - HostDime.com, Inc., US)"
mx.kellybagonline.com,1,"AS14061 (DIGITALOCEAN-ASN - DigitalOcean, LLC, US)"
healxo.org,1,"AS37907 (DIGIROCK DigiRock, Inc., JP)"
heartrate.com,1,"AS396982 (GOOGLE-CLOUD-PLATFORM - Google LLC, US)"
jnswritesy.com,1,"AS47583 (AS-HOSTINGER, CY)"
mail.kelsallandco.com,1,"AS32097 (WII - WholeSale Internet, Inc., US)"
keluaranhk.online,1,"AS59253 (LEASEWEB-APAC-SIN-11 LEASEWEB SINGAPORE PTE. LTD., SG)"
jo-mail.com,1,"AS47583 (AS-HOSTINGER, CY)"
mail.kemmer.co,1,"AS22612 (NAMECHEAP-NET - Namecheap, Inc., US)"
mail.kemfra.com,1,"AS14061 (DIGITALOCEAN-ASN - DigitalOcean, LLC, US)"
mail.heavyhearfml.com,1,"AS12586 (ASGHOSTNET, DE)"
mx1sap.heopas.com,1,"AS24940 (HETZNER-AS, DE)"
jobs-readysethire-com.mail.protection.outlook.com,1,"AS8075 (MICROSOFT-CORP-MSN-AS-BLOCK - Microsoft Corporation, US)"
mx.hediye-sepeti.com.cust.b.hostedemail.com,1,"AS32491 (TUCOWS-3 - Tucows.com Co., CA)"
_dc-mx.1cda1aa6ab1b.jjk.app,1,"AS4766 (KIXS-AS-KR Korea Telecom, KR)"
mail.hedef610.com,1,"AS42807 (AEROTEK-AS, TR)"
mail.heframe.com,1,"AS51167 (CONTABO, DE)"
java-trade.ru,1,"AS49981 (WORLDSTREAM, NL)"
mail.heeaaemail.ru,1,"AS12586 (ASGHOSTNET, DE)"
mail.hedonistmail.ru,1,"AS12586 (ASGHOSTNET, DE)"
mail.hegamespotr.com,1,"AS47583 (AS-HOSTINGER, CY)"
mail.jocdk.com,1,"AS40021 (CONTABO-40021 - Contabo Inc., US)"
mail1016.onamae.ne.jp,1,"AS58791 (GMOOSK-NET GMO Internet Group, Inc., JP)"
mail.hegelfmk.com,1,"AS12586 (ASGHOSTNET, DE)"
mx0a-004ac301.pphosted.com,1,"AS26211 (PROOFPOINT-ASN-US-WEST - Proofpoint, Inc., US)"
jockeyplaza-com-pe.mail.protection.outlook.com,1,"AS8075 (MICROSOFT-CORP-MSN-AS-BLOCK - Microsoft Corporation, US)"
w01cbc8c.kasserver.com,1,"AS34788 (NMM-AS D - 02742 Friedersdorf Hauptstrasse 68, DE)"
mxny1.fogcreek.com,1,
mail.jockeyses.ru,1,"AS12586 (ASGHOSTNET, DE)"
mail.heixs.com,1,"AS14061 (DIGITALOCEAN-ASN - DigitalOcean, LLC, US)"
mail.joetestalot.com,1,"AS31898 (ORACLE-BMC-31898 - Oracle Corporation, US)"
mx.helenchongtherapy.com.cust.a.hostedemail.com,1,
mail.helianmail.ru,1,"AS12586 (ASGHOSTNET, DE)"
mail.heliomemalu.ru,1,"AS12586 (ASGHOSTNET, DE)"
hello.labubutoymkt.site,1,"AS36352 (AS-COLOCROSSING - HostPapa, US)"
mail.hello.carolinensielhafen.click,1,"AS51167 (CONTABO, DE)"
mail.johnmy.com,1,"AS138995 (ANTBOX1-AS-AP Antbox Networks Limited, HK)"
jilet.net,1,"AS42846 (GUZELHOSTING GNET INTERNET TELEKOMUNIKASYON A.S., TR)"
mail.hellohitech.com,1,"AS132056 (SCICUBE-AS RM B, 2F 88 KWAI CHEONG ROAD, HK)"
mail.hellomaazine.com,1,"AS46606 (UNIFIEDLAYER-AS-1 - Unified Layer, US)"
mail.hellomailo.net,1,"AS212772 (ADGUARD, CY)"
mailcow.uptraff.com,1,"AS205544 (LEASEWEB-UK-LON-11, GB)"
mx1.hdfshsh.stream,1,
mail.healthcheck.click,1,"AS51167 (CONTABO, DE)"
mail.healthcoachpractitioner.com,1,
mx.public.govdelivery.com,1,
mail.helminthol.com,1,"AS12586 (ASGHOSTNET, DE)"
healthpilot-com.mail.protection.outlook.com,1,"AS8075 (MICROSOFT-CORP-MSN-AS-BLOCK - Microsoft Corporation, US)"
mail.help.carolinensiellive.click,1,"AS51167 (CONTABO, DE)"
mail.help.thewisetransfer.click,1,"AS51167 (CONTABO, DE)"
mail.help.thebillieholiday.click,1,"AS51167 (CONTABO, DE)"
mail.joliejoie.com,1,
mail.helpdesk.carenmiosga.click,1,"AS51167 (CONTABO, DE)"
mail.joliekemulder.nl,1,"AS1101 (IP-EEND-AS IP-EEND BV, NL)"
joker87.net,1,"AS212238 (CDNEXT, GB)"
jonathanyeosg.com,1,"AS22611 (INMOTION - InMotion Hosting, Inc., US)"
mx.jonathanherbert.com.cust.b.hostedemail.com,1,"AS32491 (TUCOWS-3 - Tucows.com Co., CA)"
helperv.com,1,"AS51167 (CONTABO, DE)"
mx.joggingplouguerneau.org,1,"AS51167 (CONTABO, DE)"
helperv.net,1,"AS51167 (CONTABO, DE)"
mail.hematencml.ru,1,"AS12586 (ASGHOSTNET, DE)"
mail.hematocrysmail.com,1,"AS12586 (ASGHOSTNET, DE)"
mail.hematemail.ru,1,"AS12586 (ASGHOSTNET, DE)"
mail.hematopmyu.ru,1,"AS12586 (ASGHOSTNET, DE)"
mail.hello.gatewayrealestate.click,1,"AS51167 (CONTABO, DE)"
mail.jordanambrosia.com,1,"AS16509 (AMAZON-02 - Amazon.com, Inc., US)"
mail.hemiascoml.ru,1,"AS12586 (ASGHOSTNET, DE)"
mx1.hemmersbach.com,1,"AS3320 (DTAG Internet service provider operations, DE)"
mail.hemiascommail.ru,1,"AS12586 (ASGHOSTNET, DE)"
mail.hemiamail.ru,1,"AS12586 (ASGHOSTNET, DE)"
mail.hemimetmail.ru,1,"AS12586 (ASGHOSTNET, DE)"
mail.hemispherfmals.com,1,"AS12586 (ASGHOSTNET, DE)"
mail.hemimmail.ru,1,"AS12586 (ASGHOSTNET, DE)"
mail.hemoglobli.com,1,"AS12586 (ASGHOSTNET, DE)"
mail.hemodimail.ru,1,"AS12586 (ASGHOSTNET, DE)"
mail.hemocytmail.ru,1,"AS12586 (ASGHOSTNET, DE)"
mail.hemomalary.ru,1,"AS12586 (ASGHOSTNET, DE)"
mail.jordansneaker.ru,1,"AS16276 (OVH, FR)"
mail.jornaldeagora.top,1,"AS16276 (OVH, FR)"
henceut.com,1,"AS20068 (HAWKHOST - Hawk Host Inc., CA)"
mail.jordanair.ru,1,"AS57494 (ADMAN-AS, RU)"
mail.jornaldoestado.top,1,"AS16276 (OVH, FR)"
mail.jornaldamaia.pt,1,"AS2860 (NOS_COMUNICACOES, PT)"
mail.hendecasy.ru,1,"AS12586 (ASGHOSTNET, DE)"
hendygroup-com01c.mail.protection.outlook.com,1,"AS8075 (MICROSOFT-CORP-MSN-AS-BLOCK - Microsoft Corporation, US)"
gate.hengely.com,1,"AS14061 (DIGITALOCEAN-ASN - DigitalOcean, LLC, US)"
mx6.journalistuk.com,1,
josubby.it,1,"AS16276 (OVH, FR)"
mail.hepatmail.ru,1,"AS12586 (ASGHOSTNET, DE)"
mail.journaliemail.ru,1,"AS12586 (ASGHOSTNET, DE)"
mail.henolclock.in,1,"AS24940 (HETZNER-AS, DE)"
mx.herestoreonsale.org,1,"AS14061 (DIGITALOCEAN-ASN - DigitalOcean, LLC, US)"
heritagemotors-in.mail.protection.outlook.com,1,"AS8075 (MICROSOFT-CORP-MSN-AS-BLOCK - Microsoft Corporation, US)"
lucy.mxrouting.net,1,"AS24940 (HETZNER-AS, DE)"
mail.hereditsalo.ru,1,"AS12586 (ASGHOSTNET, DE)"
mail.health-plan-enrollment.com,1,"AS396982 (GOOGLE-CLOUD-PLATFORM - Google LLC, US)"
mail.jmailservice.com,1,
mail.heresmails.ru,1,"AS12586 (ASGHOSTNET, DE)"
mail.help.gatewayrealestate.click,1,"AS51167 (CONTABO, DE)"
jpmarkets-co-za.mail.protection.outlook.com,1,"AS8075 (MICROSOFT-CORP-MSN-AS-BLOCK - Microsoft Corporation, US)"
mail.jpg-egypt.com,1,"AS31898 (ORACLE-BMC-31898 - Oracle Corporation, US)"
jphold-com.mail.protection.outlook.com,1,"AS8075 (MICROSOFT-CORP-MSN-AS-BLOCK - Microsoft Corporation, US)"
mx2.jojamail.com,1,"AS200107 (KL-EXT, CH)"
herocopters.com,1,"AS20857 (TRANSIP-AS Amsterdam, the Netherlands, NL)"
mx.pbis.nifty.com,1,"AS2516 (KDDI KDDI CORPORATION, JP)"
jovo.app,1,"AS14061 (DIGITALOCEAN-ASN - DigitalOcean, LLC, US)"
mail.joy-sharks.ru,1,"AS204601 (PODAON, NL)"
mail.heteroamail.com,1,"AS12586 (ASGHOSTNET, DE)"
mail.helptoearnmoney.com,1,"AS16276 (OVH, FR)"
herveyhideout.com,1,"AS24940 (HETZNER-AS, DE)"
hessrohmercpa-com.mail.eo.outlook.com,1,"AS8075 (MICROSOFT-CORP-MSN-AS-BLOCK - Microsoft Corporation, US)"
mail.heterofmk.com,1,"AS12586 (ASGHOSTNET, DE)"
mail.heteroefml.com,1,"AS12586 (ASGHOSTNET, DE)"
mail.heterogli.com,1,"AS12586 (ASGHOSTNET, DE)"
mail.heteroinf.com,1,"AS12586 (ASGHOSTNET, DE)"
mail.heterogenemail.com,1,"AS12586 (ASGHOSTNET, DE)"
mail.heterochemail.ru,1,"AS12586 (ASGHOSTNET, DE)"
mail.heterodmail.ru,1,"AS12586 (ASGHOSTNET, DE)"
mail.heterometamail.com,1,"AS12586 (ASGHOSTNET, DE)"
mail.heterometic.com,1,"AS12586 (ASGHOSTNET, DE)"
mail.heterolmails.ru,1,"AS12586 (ASGHOSTNET, DE)"
mail.heteromorebml.ru,1,"AS12586 (ASGHOSTNET, DE)"
_dc-mx.13051a1dbb5f.hexhex.site,1,"AS216071 (VDSINA, AE)"
hexagonhost.com,1,"AS36454 (WHG-DAL, GB)"
mail.hdpornstream.com,1,"AS56485 (THEHOST-AS, UA)"
mail.heterotropmails.ru,1,"AS12586 (ASGHOSTNET, DE)"
hesapkurtar.com,1,"AS51559 (NETINTERNET Netinternet Bilisim Teknolojileri AS, TR)"
mail.hemidemismail.com,1,"AS12586 (ASGHOSTNET, DE)"
hexv.com,1,
mail.hexahydromail.ru,1,"AS12586 (ASGHOSTNET, DE)"
mail.hemini.com,1,"AS13285 (OPALTELECOM-AS TalkTalk Communications Limited, GB)"
home-mx.app.hey.com,1,"AS25657 (BASECAMP - Basecamp, LLC, US)"
mail.hexacomail.ru,1,"AS12586 (ASGHOSTNET, DE)"
heydayfm-nl.mail.protection.outlook.com,1,"AS8075 (MICROSOFT-CORP-MSN-AS-BLOCK - Microsoft Corporation, US)"
mail.hemimeinf.com,1,"AS12586 (ASGHOSTNET, DE)"
mail.hexametmail.ru,1,"AS12586 (ASGHOSTNET, DE)"
mail.hemimetamml.ru,1,"AS12586 (ASGHOSTNET, DE)"
henamail.com,1,"AS31898 (ORACLE-BMC-31898 - Oracle Corporation, US)"
jrwbuilders-net.mail.protection.outlook.com,1,"AS8075 (MICROSOFT-CORP-MSN-AS-BLOCK - Microsoft Corporation, US)"
josh4jersey-com.mail.protection.outlook.com,1,"AS8075 (MICROSOFT-CORP-MSN-AS-BLOCK - Microsoft Corporation, US)"
hengo.com,1,"AS20857 (TRANSIP-AS Amsterdam, the Netherlands, NL)"
mx1.hgmail.com,1,"AS14061 (DIGITALOCEAN-ASN - DigitalOcean, LLC, US)"
x9.hgh.net,1,"AS36352 (AS-COLOCROSSING - HostPapa, US)"
mail.jsrsolutions.com,1,"AS46606 (UNIFIEDLAYER-AS-1 - Unified Layer, US)"
m.jstmail.com,1,"AS401696 (COGNETCLOUD - cognetcloud INC, US)"
mail.jswfdb48z.com,1,"AS47583 (AS-HOSTINGER, CY)"
jsmail.fr.nf,1,"AS16276 (OVH, FR)"
mail.jtempmail.com,1,"AS24940 (HETZNER-AS, DE)"
mail.js11.top,1,"AS16276 (OVH, FR)"
jsmail.biz.st,1,"AS16276 (OVH, FR)"
helenmorre.com,1,"AS149020 (WEBHORIZON-AS-AP WebHorizon Internet Services, SG)"
mail.hematenceils.ru,1,"AS12586 (ASGHOSTNET, DE)"
mail.hi2.in,1,"AS24940 (HETZNER-AS, DE)"
_dc-mx.e48cac2b3704.herly.my.id,1,"AS138115 (IDNIC-DENEVA-AS-ID PT Deneva, ID)"
mail.jpbit.com,1,"AS8560 (IONOS-AS This is the joint network for IONOS, Fasthosts, Arsys, 1&1 Mail and Media and 1&1 Telecom. Formerly known as 1&1 Internet SE., DE)"
mx0.ik2.com,1,"AS20454 (SSASN2 - SECURED SERVERS LLC, US)"
mail.hibernemi.com,1,"AS12586 (ASGHOSTNET, DE)"
juarabola.site,1,"AS394380 (LEASEWEB-USA-DAL - Leaseweb USA, Inc., US)"
jucoin-com.mail.protection.outlook.com,1,"AS8075 (MICROSOFT-CORP-MSN-AS-BLOCK - Microsoft Corporation, US)"
hibernianfc-co-uk.mail.protection.outlook.com,1,"AS8075 (MICROSOFT-CORP-MSN-AS-BLOCK - Microsoft Corporation, US)"
hicap-ai.mail.protection.outlook.com,1,"AS8075 (MICROSOFT-CORP-MSN-AS-BLOCK - Microsoft Corporation, US)"
mail.hidebox.org,1,"AS24940 (HETZNER-AS, DE)"
mail.hiccupemail.com,1,"AS12586 (ASGHOSTNET, DE)"
hidemyass-com.mail.protection.outlook.com,1,"AS8075 (MICROSOFT-CORP-MSN-AS-BLOCK - Microsoft Corporation, US)"
jualfoodtruck.com,1,"AS140389 (IDNIC-DBIZ-AS-ID PT Dewa Bisnis Digital, ID)"
mail.hidesmail.com,1,"AS212772 (ADGUARD, CY)"
mail.hidesmail.net,1,"AS212772 (ADGUARD, CY)"
mail.hidingmail.com,1,"AS212772 (ADGUARD, CY)"
mail.jugarmail.com,1,"AS12586 (ASGHOSTNET, DE)"
mx.tblock.net,1,"AS395839 (HOSTKEY-USA - HOSTKEY, US)"
mail.jujucrafts.com,1,"AS197540 (NETCUP-AS netcup GmbH, DE)"
mail.jukeiot.xyz,1,"AS40021 (CONTABO-40021 - Contabo Inc., US)"
mail.hierogly.ru,1,"AS12586 (ASGHOSTNET, DE)"
w018838d.kasserver.com,1,"AS34788 (NMM-AS D - 02742 Friedersdorf Hauptstrasse 68, DE)"
a915740.mx.mailhop.org,1,"AS16509 (AMAZON-02 - Amazon.com, Inc., US)"
mail.heterils.ru,1,"AS12586 (ASGHOSTNET, DE)"
hide.biz.st,1,"AS16276 (OVH, FR)"
mail.heterochrsmail.ru,1,"AS12586 (ASGHOSTNET, DE)"
mx6.jumpman23-shop.com,1,
mx.highheelcl.com,1,"AS14061 (DIGITALOCEAN-ASN - DigitalOcean, LLC, US)"
mx1.julymovo.com,1,"AS200107 (KL-EXT, CH)"
mail.heteroaggmail.ru,1,"AS12586 (ASGHOSTNET, DE)"
mail.heterometli.com,1,"AS12586 (ASGHOSTNET, DE)"
mx1.jumbox.site,1,"AS200107 (KL-EXT, CH)"
mail.hetersmail.ru,1,"AS12586 (ASGHOSTNET, DE)"
mail.heteromoemail.ru,1,"AS12586 (ASGHOSTNET, DE)"
mail.heterophufml.ru,1,"AS12586 (ASGHOSTNET, DE)"
mail.highspiritmail.com,1,"AS12586 (ASGHOSTNET, DE)"
mail.jungledmail.com,1,"AS12586 (ASGHOSTNET, DE)"
gw5202.fortimail.com,1,"AS40934 (FORTINET - Fortinet Inc., US)"
mail.stable.jupbit.com,1,"AS24940 (HETZNER-AS, DE)"
jupix.sytes.net,1,"AS25255 (H3G-AUSTRIA-AS TELE2 AUSTRIA , AT)"
juoksutek.com,1,"AS54641 (IMH-IAD - InMotion Hosting, Inc., US)"
_dc-mx.5b158ef3b37f.jupiterblock.com,1,"AS33387 (NOCIX - Nocix, LLC, US)"
mail.jump-communication.com,1,"AS197922 (TECHCREA-SOLUTIONS, FR)"
mail.jungermannmail.ru,1,"AS12586 (ASGHOSTNET, DE)"
bnxarte02.juormer.com,1,"AS14061 (DIGITALOCEAN-ASN - DigitalOcean, LLC, US)"
justanswer-com.mail.protection.outlook.com,1,"AS8075 (MICROSOFT-CORP-MSN-AS-BLOCK - Microsoft Corporation, US)"
_dc-mx.011e84a81afb.justatemp.com,1,"AS51167 (CONTABO, DE)"
jusaa.com,1,"AS4713 (OCN NTT DOCOMO BUSINESS,Inc., JP)"
mail.hinegpt.xyz,1,"AS16276 (OVH, FR)"
www.hintz.org,1,"AS4771 (SPARKNZ Spark New Zealand Trading Ltd., NZ)"
mx2.justbigbox.com,1,"AS200107 (KL-EXT, CH)"
v080082.kasserver.com,1,"AS34788 (NMM-AS D - 02742 Friedersdorf Hauptstrasse 68, DE)"
hilloftara-com.mail.protection.outlook.com,1,"AS8075 (MICROSOFT-CORP-MSN-AS-BLOCK - Microsoft Corporation, US)"
mail.hippopicker.com,1,"AS55293 (A2HOSTING - A2 Hosting, Inc., US)"
mail.hikmarket.com,1,"AS204213 (NETMIHAN, IR)"
mail.justasalud.com,1,"AS27823 (Dattatec.com, AR)"
justintrend-com.mail.protection.outlook.com,1,"AS8075 (MICROSOFT-CORP-MSN-AS-BLOCK - Microsoft Corporation, US)"
mail.hindilanguage.org,1,"AS214996 (NETCUP, DE)"
vps.justrom.org,1,"AS207252 (REALTOX-MEDIA, DE)"
mail.justiciabfml.com,1,"AS12586 (ASGHOSTNET, DE)"
fwmail.hinet.net,1,"AS3462 (HINET Data Communication Business Group, TW)"
securemail1.hostingservice.fi,1,"AS58003 (PLANEETTA-AS, FI)"
mail.just-games.ru,1,"AS62082 (HOSTLAND, RU)"
himail.infos.st,1,"AS16276 (OVH, FR)"
mail.hippopemail.ru,1,"AS12586 (ASGHOSTNET, DE)"
mail.hisila.com,1,"AS14061 (DIGITALOCEAN-ASN - DigitalOcean, LLC, US)"
mail.justicmalu.ru,1,"AS12586 (ASGHOSTNET, DE)"
mail.historyinheels.com,1,"AS204601 (PODAON, NL)"
mail.justsend.online,1,"AS37611 (AFRIHOST-SP, ZA)"
mail.historioginf.com,1,"AS12586 (ASGHOSTNET, DE)"
historiogrmail.com,1,"AS213702 (QWINS-LTD QWINS AS-SET: ~ # AS213702:AS-CUSTOMERS, GB)"
jwcemail-com.mail.protection.outlook.com,1,"AS8075 (MICROSOFT-CORP-MSN-AS-BLOCK - Microsoft Corporation, US)"
mail.histormails.ru,1,"AS12586 (ASGHOSTNET, DE)"
mail.jwk4227ufn.com,1,"AS47583 (AS-HOSTINGER, CY)"
mail.jwork.ru,1,"AS44923 (AIRNET, RU)"
shade.treva.nl,1,"AS20857 (TRANSIP-AS Amsterdam, the Netherlands, NL)"
www669.your-server.de,1,"AS24940 (HETZNER-AS, DE)"
mail.hkirsan.com,1,"AS14061 (DIGITALOCEAN-ASN - DigitalOcean, LLC, US)"
mail.jxpomup.com,1,"AS37963 (ALIBABA-CN-NET Hangzhou Alibaba Advertising Co.,Ltd., CN)"
a622689.mx.mailhop.org,1,"AS16509 (AMAZON-02 - Amazon.com, Inc., US)"
v,1,
a177026.mx.mailhop.org,1,"AS16509 (AMAZON-02 - Amazon.com, Inc., US)"
a681026.mx.mailhop.org,1,"AS16509 (AMAZON-02 - Amazon.com, Inc., US)"
mail.hl-geist-spital.de,1,"AS50474 (O2SWITCH, FR)"
proxy.k-net.online,1,"AS35592 (COOLHOUSING-AS Vinohradska 190, CZ)"
mail.hmail.ninja,1,"AS24940 (HETZNER-AS, DE)"
mxb-000ee401.gslb.pphosted.com,1,"AS26211 (PROOFPOINT-ASN-US-WEST - Proofpoint, Inc., US)"
hmotomotiv.xyz,1,"AS210388 (HAYALHOST, TR)"
mail.k3663a40w.com,1,"AS47583 (AS-HOSTINGER, CY)"
k3-ai.mail.protection.outlook.com,1,"AS8075 (MICROSOFT-CORP-MSN-AS-BLOCK - Microsoft Corporation, US)"
west.smtp.exch080.serverdata.net,1,"AS16406 (AS-INTERMEDIA - Intermedia.net, Inc., US)"
_dc-mx.511bc786b588.hoanganh.mx,1,"AS149107 (TRUMVPS-VN TRUMVPS COMPANY LIMITED, VN)"
mx2.ho3twwn.com,1,"AS200107 (KL-EXT, CH)"
hoanghainam.com,1,
mxf.zmail300.cn,1,"AS23724 (CHINANET-IDC-BJ-AP IDC, China Telecommunications Corporation, CN)"
mail.hoanggiaanh.com,1,"AS24085 (QTSC-AS-VN Quang Trung Software City Development Company, VN)"
mail.hnemail.org,1,"AS132203 (TENCENT-NET-AP-CN Tencent Building, Kejizhongyi Avenue, CN)"
mail.hobbyhorfml.com,1,"AS12586 (ASGHOSTNET, DE)"
mail.k69d.com,1,"AS40476 (SCALAHOSTING - Scala Hosting LLC, US)"
mail.k88i.ink,1,"AS22612 (NAMECHEAP-NET - Namecheap, Inc., US)"
hoi-poi.com,1,"AS58791 (GMOOSK-NET GMO Internet Group, Inc., JP)"
mail.k99m.com,1,"AS40476 (SCALAHOSTING - Scala Hosting LLC, US)"
mail.hoicasau.com,1,"AS135905 (VNPT-AS-VN VIETNAM POSTS AND TELECOMMUNICATIONS GROUP, VN)"
mail.k8xp.com,1,"AS16276 (OVH, FR)"
mail.k99z.com,1,"AS40476 (SCALAHOSTING - Scala Hosting LLC, US)"
kafai-net.mail.protection.outlook.com,1,
_dc-mx.556f55c9966f.hollywoodereporter.com,1,"AS47583 (AS-HOSTINGER, CY)"
mail.kaedar.com,1,"AS14061 (DIGITALOCEAN-ASN - DigitalOcean, LLC, US)"
mx.holotrekking.online,1,"AS20473 (AS-VULTR - The Constant Company, LLC, US)"
mx.hollywooddreamcorset.com,1,"AS14061 (DIGITALOCEAN-ASN - DigitalOcean, LLC, US)"
kahndefense.com,1,"AS14061 (DIGITALOCEAN-ASN - DigitalOcean, LLC, US)"
imh.delivery.net,1,
mx1.hogwarts.edu.kg,1,"AS62371 (PROTON, CH)"
mx1.holmatrousa.com,1,"AS200107 (KL-EXT, CH)"
mail.kaarlojosefmail.com,1,"AS207957 (SERVHOST-AS, GB)"
mail.holomemail.ru,1,"AS12586 (ASGHOSTNET, DE)"
mail.homeandcastletv.com,1,"AS42846 (GUZELHOSTING GNET INTERNET TELEKOMUNIKASYON A.S., TR)"
www.homelu.com,1,"AS63949 (AKAMAI-LINODE-AP Akamai Connected Cloud, SG)"
mail.kadachigov.ru,1,
kaleidescape-com.mail.protection.outlook.com,1,"AS8075 (MICROSOFT-CORP-MSN-AS-BLOCK - Microsoft Corporation, US)"
mx3.vodafonemail.de,1,"AS3209 (VODANET International IP-Backbone of Vodafone, DE)"
mail.homeommail.ru,1,"AS12586 (ASGHOSTNET, DE)"
mail.kakorraphiapebml.ru,1,"AS12586 (ASGHOSTNET, DE)"
mail.kalquoris.cfd,1,"AS203446 (AS203446, GB)"
mail.kamagra.org,1,"AS208273 (SECUNET, SC)"
mail.homeworkcourseworkhelps.com,1,"AS209605 (HOSTBALTIC, LT)"
mxa-002bcf01.gslb.pphosted.com,1,"AS22843 (PROOFPOINT-ASN-US-EAST - Proofpoint, Inc., US)"
kalia.edu.pl,1,"AS209341 (WHG-FRA, GB)"
mx1.homail.it,1,
mail.hommiemail.com,1,"AS12586 (ASGHOSTNET, DE)"
mail.homoee.com,1,"AS12586 (ASGHOSTNET, DE)"
mail.homoscedinf.com,1,"AS12586 (ASGHOSTNET, DE)"
mail.homosexmy.com,1,"AS12586 (ASGHOSTNET, DE)"
mail.homophomail.com,1,"AS12586 (ASGHOSTNET, DE)"
kandkinsurance-com.mail.protection.outlook.com,1,"AS8075 (MICROSOFT-CORP-MSN-AS-BLOCK - Microsoft Corporation, US)"
mail0001.homtial.co.uk,1,"AS24940 (HETZNER-AS, DE)"
mail.homoeommails.ru,1,"AS12586 (ASGHOSTNET, DE)"
mail.homoeopafml.ru,1,"AS12586 (ASGHOSTNET, DE)"
mail.homocmali.ru,1,"AS12586 (ASGHOSTNET, DE)"
mail.homosexmail.ru,1,"AS12586 (ASGHOSTNET, DE)"
mail.homophonifml.ru,1,"AS12586 (ASGHOSTNET, DE)"
mail.homog.ru,1,"AS12586 (ASGHOSTNET, DE)"
_dc-mx.6ea1d5571ea1.kanonmail.com,1,"AS24940 (HETZNER-AS, DE)"
mx-inxmt.hondsemi.com,1,"AS14061 (DIGITALOCEAN-ASN - DigitalOcean, LLC, US)"
mail.kaoing.com,1,"AS14061 (DIGITALOCEAN-ASN - DigitalOcean, LLC, US)"
kakaveo3.io.vn,1,
kaopiz-com.mail.protection.outlook.com,1,"AS8075 (MICROSOFT-CORP-MSN-AS-BLOCK - Microsoft Corporation, US)"
mail.honorabmail.ru,1,"AS12586 (ASGHOSTNET, DE)"
kapptiger.com,1,"AS14061 (DIGITALOCEAN-ASN - DigitalOcean, LLC, US)"
mail.hopemail.biz,1,"AS12876 (Online SAS, FR)"
mx.hopefulservices.com,1,"AS29873 (BIZLAND-SD - Newfold Digital, Inc., US)"
mail.kamen-market.ru,1,"AS44094 (WEBHOST1-AS, RU)"
coziwk3web.hoplise.com,1,"AS14061 (DIGITALOCEAN-ASN - DigitalOcean, LLC, US)"
horizonfundinggroup-com.mail.protection.outlook.com,1,"AS8075 (MICROSOFT-CORP-MSN-AS-BLOCK - Microsoft Corporation, US)"
mx.horizonspost.com,1,"AS16276 (OVH, FR)"
dedi1590.your-server.de,1,"AS24940 (HETZNER-AS, DE)"
mail.hormonopmail.ru,1,"AS12586 (ASGHOSTNET, DE)"
mail.kartenmansd.com,1,"AS9009 (M247, RO)"
a988022.mx.mailhop.org,1,"AS16509 (AMAZON-02 - Amazon.com, Inc., US)"
mail.horizmali.ru,1,"AS12586 (ASGHOSTNET, DE)"
mail.horticulmalu.ru,1,"AS12586 (ASGHOSTNET, DE)"
mx.lovestoblog.com,1,"AS34119 (WILDCARD-AS Wildcard UK Limited, GB)"
kataskopoi.com,1,
asterix.kaspop.com,1,"AS26666 (INTERSERVER-LAX - Interserver, Inc, US)"
mail.hospitalimail.ru,1,"AS12586 (ASGHOSTNET, DE)"
holidayloans.us,1,"AS34931 (AWARESOFT, GB)"
mail.hostb.xyz,1,"AS14061 (DIGITALOCEAN-ASN - DigitalOcean, LLC, US)"
mx6.katonoma.com,1,
mxa-0015f701.gslb.pphosted.com,1,"AS26211 (PROOFPOINT-ASN-US-WEST - Proofpoint, Inc., US)"
mail.karta-tahografa.ru,1,"AS50340 (SELECTEL-MSK, RU)"
mx1.hostingninja.bid,1,"AS200107 (KL-EXT, CH)"
mx.kawaiilife.shop.cust.b.hostedemail.com,1,"AS32491 (TUCOWS-3 - Tucows.com Co., CA)"
mail.host15.ru,1,"AS29182 (RU-JSCIOT, RU)"
katanganews.cd,1,"AS24940 (HETZNER-AS, DE)"
mail.host-001.eu,1,"AS50840 (AS-HITME, PL)"
kaysartycles.com,1,"AS45638 (SYNERGYWHOLESALE-AP SYNERGY WHOLESALE PTY LTD, AU)"
hotcoffeeclub-com.mail.protection.outlook.com,1,
mx1.hostmaster.bid,1,"AS200107 (KL-EXT, CH)"
mx1.hostmein.bid,1,"AS200107 (KL-EXT, CH)"
mx1.hostnow.bid,1,"AS200107 (KL-EXT, CH)"
mail.hot.com,1,"AS204957 (GREENFLOID-AS, US)"
mail.hosting.cd,1,"AS328442 (UNITED-SA, CD)"
mx1.hostingninja.top,1,"AS200107 (KL-EXT, CH)"
immobile.home.pl,1,"AS12824 (HOMEPL-AS, PL)"
mxa-0028a403.gslb.pphosted.com,1,"AS26211 (PROOFPOINT-ASN-US-WEST - Proofpoint, Inc., US)"
mail.hotelhafenhamburg.click,1,"AS51167 (CONTABO, DE)"
mail.hotelsbest.com,1,"AS63949 (AKAMAI-LINODE-AP Akamai Connected Cloud, SG)"
mail.hotelpost.click,1,"AS51167 (CONTABO, DE)"
mail.kbvehicle.com,1,"AS47583 (AS-HOSTINGER, CY)"
please.maill.me,1,"AS12400 (PARTNER-AS, IL)"
mail.katchup.co.nz,1,"AS23655 (TWODEGREES-NZ-AS 2degrees Networks Limited, NZ)"
hotmai.com,1,
mx1.cleanmx.pt,1,"AS24768 (ALMOUROLTEC, PT)"
mail.kcdn.site,1,"AS36352 (AS-COLOCROSSING - HostPapa, US)"
_dc-mx.a1e4f22e5a2a.hotemail.com.br,1,"AS262954 (VirtuaServer Informatica Ltda, BR)"
mail.kc-kenes.kz,1,"AS207333 (HOSTER-AST Hoster.KZ - Astana, KZ)"
mail.kazan-hotel.com,1,"AS29182 (RU-JSCIOT, RU)"
mail.kcdn.pro,1,"AS36352 (AS-COLOCROSSING - HostPapa, US)"
hotmail.pl,1,"AS8075 (MICROSOFT-CORP-MSN-AS-BLOCK - Microsoft Corporation, US)"
hotmail-cz.f-v1.mx.microsoft,1,"AS8075 (MICROSOFT-CORP-MSN-AS-BLOCK - Microsoft Corporation, US)"
hotmac.com.a.mxof.com,1,"AS394437 (PSLIGHTWAVE - PS Lightwave, US)"
mail01.hotmailboxlive.com,1,"AS36351 (SOFTLAYER - IBM Cloud, US)"
mail.kdjhemail.com,1,"AS212317 (HETZNER-CLOUD3-AS, DE)"
mail.hotgamblingguide.info,1,"AS213230 (HETZNER-CLOUD2-AS, DE)"
mail.hotmali.com,1,"AS19871 (NETWORK-SOLUTIONS-HOSTING - Network Solutions, LLC, US)"
mail.hotmailse.com,1,"AS45090 (TENCENT-NET-AP Shenzhen Tencent Computer Systems Company Limited, CN)"
mx.keatonbeachproperties.com,1,"AS29873 (BIZLAND-SD - Newfold Digital, Inc., US)"
mail.hotmails.com,1,
mail.hotmil.fr,1,"AS53667 (PONYNET - FranTech Solutions, US)"
mail0001.hotmiail.co.uk,1,"AS24940 (HETZNER-AS, DE)"
hotseat-co-uk.mail.protection.outlook.com,1,"AS8075 (MICROSOFT-CORP-MSN-AS-BLOCK - Microsoft Corporation, US)"
hotrodsbydean-com.mail.protection.outlook.com,1,"AS8075 (MICROSOFT-CORP-MSN-AS-BLOCK - Microsoft Corporation, US)"
hotrometa.com,1,"AS20473 (AS-VULTR - The Constant Company, LLC, US)"
mail.kedikumu.net,1,"AS42846 (GUZELHOSTING GNET INTERNET TELEKOMUNIKASYON A.S., TR)"
kegleyelectric-com.mail.protection.outlook.com,1,"AS8075 (MICROSOFT-CORP-MSN-AS-BLOCK - Microsoft Corporation, US)"
mail.hotoelecfl.com,1,"AS12586 (ASGHOSTNET, DE)"
mx2-forward.atom.com,1,
mail.hotsale.com,1,
mail.kenfern.com,1,"AS14061 (DIGITALOCEAN-ASN - DigitalOcean, LLC, US)"
mail.hotmali.cn,1,"AS45090 (TENCENT-NET-AP Shenzhen Tencent Computer Systems Company Limited, CN)"
hourglassinitiative-org.mail.protection.outlook.com,1,"AS8075 (MICROSOFT-CORP-MSN-AS-BLOCK - Microsoft Corporation, US)"
mail.hotwomansexvideo.com,1,"AS19871 (NETWORK-SOLUTIONS-HOSTING - Network Solutions, LLC, US)"
mail.keepyourshitprivate.com,1,
mxa-002d6e01.gslb.pphosted.com,1,"AS22843 (PROOFPOINT-ASN-US-EAST - Proofpoint, Inc., US)"
mail.hovanfood.com,1,"AS204800 (WHG-SGP, GB)"
mail.keratemail.ru,1,"AS12586 (ASGHOSTNET, DE)"
kentuckybourbonwhisky.com,1,"AS31898 (ORACLE-BMC-31898 - Oracle Corporation, US)"
mail.kerotu.com,1,"AS14061 (DIGITALOCEAN-ASN - DigitalOcean, LLC, US)"
mail.keratectmil.ru,1,"AS12586 (ASGHOSTNET, DE)"
a597274.mx.mailhop.org,1,"AS16509 (AMAZON-02 - Amazon.com, Inc., US)"
mail.kesehatantubuh.com,1,"AS60781 (LEASEWEB-NL-AMS-01 Netherlands, NL)"
mail.howdoyoumountain.com,1,"AS16509 (AMAZON-02 - Amazon.com, Inc., US)"
mail.keratodmail.ru,1,"AS12586 (ASGHOSTNET, DE)"
mail.ketozie.com,1,"AS24940 (HETZNER-AS, DE)"
fast3x.howovur.com,1,"AS14061 (DIGITALOCEAN-ASN - DigitalOcean, LLC, US)"
mail.hpari.com,1,"AS14061 (DIGITALOCEAN-ASN - DigitalOcean, LLC, US)"
mike.zesti.org,1,"AS24940 (HETZNER-AS, DE)"
mail.kedrovskiy.ru,1,"AS44094 (WEBHOST1-AS, RU)"
cloud.hostega.eu,1,"AS61272 (IST-AS, LT)"
mx.worldserver.net,1,"AS15657 (SPEEDBONE-AS, DE)"
mail.hpinfomedia.de,1,"AS8881 (VERSATEL, DE)"
mail.hphasesw.com,1,"AS47583 (AS-HOSTINGER, CY)"
mail.keylinkcorp.co,1,"AS31898 (ORACLE-BMC-31898 - Oracle Corporation, US)"
mxa-0041f601.gslb.pphosted.com,1,"AS26211 (PROOFPOINT-ASN-US-WEST - Proofpoint, Inc., US)"
hpwm.com,1,"AS40092 (ONIAAS - HostPapa, US)"
mail.keyworddo.com,1,"AS47583 (AS-HOSTINGER, CY)"
keynote2keynote.com,1,"AS16276 (OVH, FR)"
mail.hr.bcm.edu.pl,1,"AS16276 (OVH, FR)"
mail.hrbackground.com,1,"AS19871 (NETWORK-SOLUTIONS-HOSTING - Network Solutions, LLC, US)"
mail.hpc.tw,1,"AS3462 (HINET Data Communication Business Group, TW)"
khayden.com,1,"AS45102 (ALIBABA-CN-NET Alibaba US Technology Co., Ltd., CN)"
mxb-00103102.gslb.pphosted.com,1,"AS22843 (PROOFPOINT-ASN-US-EAST - Proofpoint, Inc., US)"
mx1.hsn.iphmx.com,1,"AS16417 (IRONPORT-SYSTEMS-INC - Cisco Systems Ironport Division, US)"
htc-com.mail.protection.outlook.com,1,"AS8075 (MICROSOFT-CORP-MSN-AS-BLOCK - Microsoft Corporation, US)"
htx-com0e.mail.protection.outlook.com,1,"AS8075 (MICROSOFT-CORP-MSN-AS-BLOCK - Microsoft Corporation, US)"
htd-com.mail.protection.outlook.com,1,"AS8075 (MICROSOFT-CORP-MSN-AS-BLOCK - Microsoft Corporation, US)"
hsmultirental.com,1,"AS59210 (PHOENIXNAP-AS-SG1 PhoenixNAP, SG)"
_dc-mx.b203b33fd169.htsfamily.com,1,"AS12586 (ASGHOSTNET, DE)"
mx2.htmeil.com,1,"AS200107 (KL-EXT, CH)"
mail.htrx.com,1,"AS16509 (AMAZON-02 - Amazon.com, Inc., US)"
hts-com.mail.protection.outlook.com,1,"AS8075 (MICROSOFT-CORP-MSN-AS-BLOCK - Microsoft Corporation, US)"
mail.kickers-world.be,1,"AS8075 (MICROSOFT-CORP-MSN-AS-BLOCK - Microsoft Corporation, US)"
kickvictoria.com,1,"AS8560 (IONOS-AS This is the joint network for IONOS, Fasthosts, Arsys, 1&1 Mail and Media and 1&1 Telecom. Formerly known as 1&1 Internet SE., DE)"
hts-pro.mail.protection.outlook.com,1,"AS8075 (MICROSOFT-CORP-MSN-AS-BLOCK - Microsoft Corporation, US)"
ki-sign.com,1,"AS7684 (SAKURA-A SAKURA Internet Inc., JP)"
htxo-com.mail.protection.outlook.com,1,
mail.kidaroa.com,1,"AS14061 (DIGITALOCEAN-ASN - DigitalOcean, LLC, US)"
mail.htomail.it,1,"AS24940 (HETZNER-AS, DE)"
mail.kia.com,1,"AS9524 (HMC-AS Hyundai Autoever Corp., KR)"
kielon.pl,1,"AS51167 (CONTABO, DE)"
cc-mail3.kiecchn.com,1,"AS14061 (DIGITALOCEAN-ASN - DigitalOcean, LLC, US)"
mail.https.edu.kg,1,"AS42846 (GUZELHOSTING GNET INTERNET TELEKOMUNIKASYON A.S., TR)"
mail.kikscool.com,1,"AS32097 (WII - WholeSale Internet, Inc., US)"
htxt.com,1,"AS40092 (ONIAAS - HostPapa, US)"
mail.htp-tel.de,1,"AS13045 (HTP-AS, DE)"
mail.htxc.com,1,"AS23724 (CHINANET-IDC-BJ-AP IDC, China Telecommunications Corporation, CN)"
huany.net,1,"AS46606 (UNIFIEDLAYER-AS-1 - Unified Layer, US)"
mail.hubpro.site,1,"AS31898 (ORACLE-BMC-31898 - Oracle Corporation, US)"
kimchichi.com,1,"AS63949 (AKAMAI-LINODE-AP Akamai Connected Cloud, SG)"
mail.kilmail.com,1,"AS12586 (ASGHOSTNET, DE)"
mx0.kimberlymed.com,1,"AS31898 (ORACLE-BMC-31898 - Oracle Corporation, US)"
rte02.hublinestream.com,1,"AS14061 (DIGITALOCEAN-ASN - DigitalOcean, LLC, US)"
corevoyage.net,1,"AS39287 (ABSTRACT, FI)"
mx7.hubsopt.com,1,"AS27257 (WEBAIR-INTERNET - Webair Internet Development Company Inc., US)"
mail.brazhengchen.nl,1,"AS24971 (MASTER-AS Czech Republic www.master.cz, CZ)"
kindleebs.xyz,1,"AS131775 (IDNIC-JALANET-AS-ID PT. Jupiter Jala Arta, ID)"
mail.kingbet99.com,1,"AS22612 (NAMECHEAP-NET - Namecheap, Inc., US)"
mail.huertoadictos.com,1,"AS7018 (ATT-INTERNET4 - AT&T Enterprises, LLC, US)"
kineticsystems-com.mail.protection.outlook.com,1,"AS8075 (MICROSOFT-CORP-MSN-AS-BLOCK - Microsoft Corporation, US)"
mx1.hudhu.pw,1,"AS200107 (KL-EXT, CH)"
mailforward42.cloudns.net,1,"AS205787 (PUBLICLOUD, BG)"
mail.htxz.com,1,"AS140293 (CHINATELECOM-JIANGSU-CHANGZHOU-5G-NETWORK CHINATELECOM Jiangsu province Changzhou 5G network, CN)"
huimana-com.mail.protection.outlook.com,1,
level3mxwd5ksnt.hugeance.com,1,"AS14061 (DIGITALOCEAN-ASN - DigitalOcean, LLC, US)"
mail.hugemaiil.com,1,"AS12586 (ASGHOSTNET, DE)"
mail.kinesiovegai.ru,1,"AS12586 (ASGHOSTNET, DE)"
mx2.kim-tape.com,1,"AS24940 (HETZNER-AS, DE)"
mx1.kingofmails.com,1,"AS200107 (KL-EXT, CH)"
mail.hulapla.de,1,"AS6724 (STRATO STRATO AG, DE)"
kingstonjugglers.org,1,"AS62240 (CLOUVIDER Clouvider - Global ASN, GB)"
mail.hugohost.pl,1,"AS61154 (INTEGRADESIGN, PL)"
hulu-com.mail.protection.outlook.com,1,"AS8075 (MICROSOFT-CORP-MSN-AS-BLOCK - Microsoft Corporation, US)"
hulmana-com.mail.protection.outlook.com,1,"AS8075 (MICROSOFT-CORP-MSN-AS-BLOCK - Microsoft Corporation, US)"
kingzippers-com.mail.protection.outlook.com,1,"AS8075 (MICROSOFT-CORP-MSN-AS-BLOCK - Microsoft Corporation, US)"
mail.kinkz.com,1,"AS20738 (GD-EMEA-DC-LD5, GB)"
humaa-com.mail.protection.outlook.com,1,"AS8075 (MICROSOFT-CORP-MSN-AS-BLOCK - Microsoft Corporation, US)"
mail.human.com,1,"AS46606 (UNIFIEDLAYER-AS-1 - Unified Layer, US)"
humanaq-com.mail.protection.outlook.com,1,"AS8075 (MICROSOFT-CORP-MSN-AS-BLOCK - Microsoft Corporation, US)"
mx.humanab.com,1,"AS6724 (STRATO STRATO AG, DE)"
mx1027.onamae.ne.jp,1,"AS58791 (GMOOSK-NET GMO Internet Group, Inc., JP)"
humanc.com,1,"AS13767 (DATABANK-DFW - DataBank Holdings, Ltd., US)"
mail.humaniml.ru,1,"AS12586 (ASGHOSTNET, DE)"
mail.human2.com,1,"AS210250 (WPX, BG)"
mail.ceriousdevtech.com,1,"AS11492 (CABLEONE - CABLE ONE, INC., US)"
mail.kirisbyforum.fun,1,"AS62082 (HOSTLAND, RU)"
hunana.com,1,"AS46606 (UNIFIEDLAYER-AS-1 - Unified Layer, US)"
hungeral.com,1,"AS47583 (AS-HOSTINGER, CY)"
kissypie.com,1,"AS7506 (INTERQ GMO Internet Group, Inc., JP)"
humanai.com,1,"AS51167 (CONTABO, DE)"
huno-com.mail.protection.outlook.com,1,"AS8075 (MICROSOFT-CORP-MSN-AS-BLOCK - Microsoft Corporation, US)"
imail.hunara.com,1,"AS4766 (KIXS-AS-KR Korea Telecom, KR)"
kisco-com.mail.protection.outlook.com,1,"AS8075 (MICROSOFT-CORP-MSN-AS-BLOCK - Microsoft Corporation, US)"
mxa-00279701.gslb.pphosted.com,1,
mail.huntarapp.com,1,"AS63949 (AKAMAI-LINODE-AP Akamai Connected Cloud, SG)"
mail.kit-dv.su,1,"AS48108 (VIRTUALDC, RU)"
mail.kitsfans.com,1,"AS32097 (WII - WholeSale Internet, Inc., US)"
mx7.hungtington.com,1,"AS27257 (WEBAIR-INTERNET - Webair Internet Development Company Inc., US)"
hunnyberry.com,1,"AS16509 (AMAZON-02 - Amazon.com, Inc., US)"
w01a07df.kasserver.com,1,"AS34788 (NMM-AS D - 02742 Friedersdorf Hauptstrasse 68, DE)"
mail.kittiza.com,1,"AS47583 (AS-HOSTINGER, CY)"
kismail.ru,1,"AS9002 (RETN-AS, GB)"
mail.hunterhouse.pl,1,"AS16276 (OVH, FR)"
hurcmail.com,1,"AS213702 (QWINS-LTD QWINS AS-SET: ~ # AS213702:AS-CUSTOMERS, GB)"
email.hush2u.com,1,"AS24940 (HETZNER-AS, DE)"
_dc-mx.bfc424da4b57.huskysteals.com,1,"AS19871 (NETWORK-SOLUTIONS-HOSTING - Network Solutions, LLC, US)"
mail.hutudns.com,1,"AS14061 (DIGITALOCEAN-ASN - DigitalOcean, LLC, US)"
huntingtonb.com,1,"AS212531 (INTERNETO-VIZIJA, LT)"
hvntinqton-com.mail.protection.outlook.com,1,"AS8075 (MICROSOFT-CORP-MSN-AS-BLOCK - Microsoft Corporation, US)"
mail.huweimail.cn,1,"AS132203 (TENCENT-NET-AP-CN Tencent Building, Kejizhongyi Avenue, CN)"
kkiinn.com,1,"AS204800 (WHG-SGP, GB)"
mx.kkredyt.pl,1,"AS14061 (DIGITALOCEAN-ASN - DigitalOcean, LLC, US)"
mail.klav6.com,1,"AS14061 (DIGITALOCEAN-ASN - DigitalOcean, LLC, US)"
mail.hwmail.kro.kr,1,"AS396982 (GOOGLE-CLOUD-PLATFORM - Google LLC, US)"
mail.huzurevi.net,1,"AS209711 (MUVHOST, TR)"
mail.klabuk.pl,1,"AS50840 (AS-HITME, PL)"
mail.klone0rz.be,1,"AS8075 (MICROSOFT-CORP-MSN-AS-BLOCK - Microsoft Corporation, US)"
a446530.mx.mailhop.org,1,"AS16509 (AMAZON-02 - Amazon.com, Inc., US)"
mail.klyverra.cfd,1,"AS203446 (AS203446, GB)"
mail.klzlk.com,1,"AS26496 (AS-26496-GO-DADDY-COM-LLC - GoDaddy.com, LLC, US)"
mail.hyaloplemail.ru,1,"AS12586 (ASGHOSTNET, DE)"
mail.hydrodmail.com,1,"AS12586 (ASGHOSTNET, DE)"
mail.hyalini.ru,1,"AS12586 (ASGHOSTNET, DE)"
mail.hydrogenolml.ru,1,"AS12586 (ASGHOSTNET, DE)"
mail.hydrocellebml.ru,1,"AS12586 (ASGHOSTNET, DE)"
mail.hydrotifkml.com,1,"AS12586 (ASGHOSTNET, DE)"
mail.hydrofml.com,1,"AS12586 (ASGHOSTNET, DE)"
mail.hydrometmail.com,1,"AS12586 (ASGHOSTNET, DE)"
mail.hydrodymail.ru,1,"AS12586 (ASGHOSTNET, DE)"
mail.hydrodymails.ru,1,"AS12586 (ASGHOSTNET, DE)"
mail.hydromefml.ru,1,"AS12586 (ASGHOSTNET, DE)"
mail.hydroformemail.ru,1,"AS12586 (ASGHOSTNET, DE)"
mail.hydromemalu.ru,1,"AS12586 (ASGHOSTNET, DE)"
mail.kmpd.com,1,"AS32097 (WII - WholeSale Internet, Inc., US)"
mail.hydrobmalu.ru,1,"AS12586 (ASGHOSTNET, DE)"
mail.hydrosulphuebml.ru,1,"AS12586 (ASGHOSTNET, DE)"
mail.kliogio.ru,1,"AS24940 (HETZNER-AS, DE)"
mail.hydrobil.ru,1,"AS12586 (ASGHOSTNET, DE)"
malibuzz.hypeinteractive.us,1,"AS51167 (CONTABO, DE)"
mail.kmf.com.ua,1,"AS24703 (UN-UKRAINE-AS Kiev, Ukraine, UA)"
_dc-mx.c08be3755209.hyipfanclub.eu,1,"AS12876 (Online SAS, FR)"
mail.hydromail.ru,1,"AS12586 (ASGHOSTNET, DE)"
mail.hydroxymail.ru,1,"AS12586 (ASGHOSTNET, DE)"
mail.hymenophemail.ru,1,"AS12586 (ASGHOSTNET, DE)"
mail.hypemail.ru,1,"AS12586 (ASGHOSTNET, DE)"
mail.hypercrli.com,1,"AS12586 (ASGHOSTNET, DE)"
hybrid.trade,1,"AS14061 (DIGITALOCEAN-ASN - DigitalOcean, LLC, US)"
mail.hyperlemi.com,1,"AS12586 (ASGHOSTNET, DE)"
mail.hyperphaloli.ru,1,"AS12586 (ASGHOSTNET, DE)"
mail.hypemails.ru,1,"AS12586 (ASGHOSTNET, DE)"
hyperomail.com,1,"AS213702 (QWINS-LTD QWINS AS-SET: ~ # AS213702:AS-CUSTOMERS, GB)"
mail.hypermomale.com,1,"AS12586 (ASGHOSTNET, DE)"
mail.hyperaebml.ru,1,"AS12586 (ASGHOSTNET, DE)"
mail.hyperkemail.ru,1,"AS12586 (ASGHOSTNET, DE)"
mail.hyperlipifml.ru,1,"AS12586 (ASGHOSTNET, DE)"
mail.hyperoxymail.com,1,"AS12586 (ASGHOSTNET, DE)"
mail.hypermemale.com,1,"AS12586 (ASGHOSTNET, DE)"
mail.hypocraterili.com,1,"AS12586 (ASGHOSTNET, DE)"
mail.hyperebml.ru,1,"AS12586 (ASGHOSTNET, DE)"
mail.hyperthmail.com,1,"AS12586 (ASGHOSTNET, DE)"
mail.hyperventie.com,1,"AS12586 (ASGHOSTNET, DE)"
mail.hyperthyolml.ru,1,"AS12586 (ASGHOSTNET, DE)"
mail.hyperexcmity.ru,1,"AS12586 (ASGHOSTNET, DE)"
hyperphalmail.com,1,"AS213702 (QWINS-LTD QWINS AS-SET: ~ # AS213702:AS-CUSTOMERS, GB)"
knowhowitaly.com,1,"AS62904 (AS62904 - Eonix Corporation, US)"
mail.hypnogenets.com,1,"AS12586 (ASGHOSTNET, DE)"
mail.hypermetam.ru,1,"AS12586 (ASGHOSTNET, DE)"
mail.hyperventilfml.com,1,"AS12586 (ASGHOSTNET, DE)"
mail.hypertooli.ru,1,"AS12586 (ASGHOSTNET, DE)"
mail.hypermalu.ru,1,"AS12586 (ASGHOSTNET, DE)"
mail.hyperpebml.ru,1,"AS12586 (ASGHOSTNET, DE)"
mail.hypogomity.ru,1,"AS12586 (ASGHOSTNET, DE)"
mail.hypocorili.com,1,"AS12586 (ASGHOSTNET, DE)"
mail.hypmalu.ru,1,"AS12586 (ASGHOSTNET, DE)"
mail.hypodicemi.com,1,"AS12586 (ASGHOSTNET, DE)"
mail.hypochmalis.com,1,"AS12586 (ASGHOSTNET, DE)"
mail.hypostatmail.com,1,"AS12586 (ASGHOSTNET, DE)"
mail.hyperurolml.ru,1,"AS12586 (ASGHOSTNET, DE)"
mail.hypsiceph.com,1,"AS12586 (ASGHOSTNET, DE)"
mail.hypomotmail.ru,1,"AS12586 (ASGHOSTNET, DE)"
mail.hyposemail.com,1,"AS12586 (ASGHOSTNET, DE)"
mail.hypnoanalemail.ru,1,"AS12586 (ASGHOSTNET, DE)"
mail.hypoalimeemail.ru,1,"AS12586 (ASGHOSTNET, DE)"
mail.hypovitamail.com,1,"AS12586 (ASGHOSTNET, DE)"
mail.hyposemail.ru,1,"AS12586 (ASGHOSTNET, DE)"
mail.hyprsmail.ru,1,"AS12586 (ASGHOSTNET, DE)"
mail.hypochoemail.ru,1,"AS12586 (ASGHOSTNET, DE)"
mail.hypsistenoceli.com,1,"AS12586 (ASGHOSTNET, DE)"
mail.hypocaoli.ru,1,"AS12586 (ASGHOSTNET, DE)"
mail.hypophysectmail.ru,1,"AS12586 (ASGHOSTNET, DE)"
mail.hypothyr.ru,1,"AS12586 (ASGHOSTNET, DE)"
mail.hypomemail.ru,1,"AS12586 (ASGHOSTNET, DE)"
mail.hypochomails.ru,1,"AS12586 (ASGHOSTNET, DE)"
kobold.org,1,"AS23535 (HOSTROCKET - HostRocket.com, Inc., US)"
mail.kodx.uk,1,"AS216071 (VDSINA, AE)"
mail.hztx.com,1,
mail.kodpan.com,1,"AS14061 (DIGITALOCEAN-ASN - DigitalOcean, LLC, US)"
mx2.kohlsinbound.iphmx.com,1,"AS16417 (IRONPORT-SYSTEMS-INC - Cisco Systems Ironport Division, US)"
_dc-mx.58eeb48e2f55.i-strony.pl,1,"AS41079 (CF-GDA, PL)"
mail.i-taiwan.tv,1,"AS36351 (SOFTLAYER - IBM Cloud, US)"
mail.koiqe.com,1,"AS26666 (INTERSERVER-LAX - Interserver, Inc, US)"
i.lovepettoys.shop,1,"AS47583 (AS-HOSTINGER, CY)"
hutomosungkar.com,1,"AS139457 (IDNIC-ANTMEDIAHOST-AS-ID PT Semut Data Indonesia, ID)"
mail.kobietaidom.pl,1,"AS207668 (ITH-, PL)"
mail.i-plus.net,1,"AS12167 (LIGHTWAVE-DALLAS - LightWave Networks, US)"
mail.koilonrsmail.ru,1,"AS12586 (ASGHOSTNET, DE)"
sniper.i-sens.com,1,"AS9318 (SKB-AS SK Broadband Co Ltd, KR)"
mail.kogda.online,1,"AS8342 (RTCOMM-AS, RU)"
deadletter.fabulous.com,1,
mail.i201zzf8x.com,1,"AS47583 (AS-HOSTINGER, CY)"
mx.koloekmail.net,1,"AS14061 (DIGITALOCEAN-ASN - DigitalOcean, LLC, US)"
mail.idelneftemash.ru,1,"AS28812 (JSCBIS-AS, RU)"
bsf400.mailserve.co.jp,1,"AS24282 (KIR KAGOYA JAPAN Inc., JP)"
mail.koleco.info,1,"AS43362 (MAJORDOMO, RU)"
mx.kolagenanaturalny.eu,1,"AS14061 (DIGITALOCEAN-ASN - DigitalOcean, LLC, US)"
webmail3.mireene.com,1,"AS38424 (KCT-AS-KR KOREA CABLE TELECOM, KR)"
mail1.i2pmail.org,1,
kombiservisler.com,1,"AS207279 (MARKAHOST-TELEKOMUNIKASYON-LIMITED-SIRKETI MARKAHOST, TR)"
mail.konkatsudonki.xyz,1,"AS196645 (HOSTPRO-AS, UA)"
mail.i4j0j3iz0.com,1,"AS47583 (AS-HOSTINGER, CY)"
msv.softbank.jp,1,"AS17505 (SBMOBILE SoftBank Corp., JP)"
mail.i54mail.com,1,"AS12586 (ASGHOSTNET, DE)"
koneshdistribuidores.com.mx,1,"AS53824 (LIQUIDWEB - Liquid Web, L.L.C, US)"
mail.konbat.ru,1,
kospa.kommunity.net,1,"AS12312 (ECOTEL, DE)"
mail.konsultaciya-yurista-v-moskve.ru,1,"AS50340 (SELECTEL-MSK, RU)"
kopagas-com.mail.protection.outlook.com,1,"AS8075 (MICROSOFT-CORP-MSN-AS-BLOCK - Microsoft Corporation, US)"
konstruksituntas.com,1,"AS139457 (IDNIC-ANTMEDIAHOST-AS-ID PT Semut Data Indonesia, ID)"
mail.kootenaitreeservice.com,1,"AS55293 (A2HOSTING - A2 Hosting, Inc., US)"
mail.i88i.fit,1,"AS22612 (NAMECHEAP-NET - Namecheap, Inc., US)"
mail.konsultacii-advokata.ru,1,"AS50340 (SELECTEL-MSK, RU)"
mail.iamail.com,1,
s10708.lon1.stableserver.net,1,"AS51713 (WHG-LON, GB)"
mail.iaindustrie.fr,1,"AS50474 (O2SWITCH, FR)"
koran3000.com,1,"AS7393 (CYBERCON - CYBERCON, INC., US)"
mail.korvanta.cfd,1,"AS203446 (AS203446, GB)"
mail.korarlocalbrand.com,1,"AS9009 (M247, RO)"
mail.ianony.net,1,"AS13335 (CLOUDFLARENET - Cloudflare, Inc., US)"
mail.korvax.cfd,1,"AS24940 (HETZNER-AS, DE)"
mx.iapm.ca.cust.a.hostedemail.com,1,"AS15348 (TUCOWS - Tucows.com Co., CA)"
mx1.jimdo.com,1,"AS27357 (RACKSPACE - Rackspace Hosting, US)"
mail.iatromatinf.com,1,"AS12586 (ASGHOSTNET, DE)"
aspmx.1.google.com,1,
mail.iatromathemafml.com,1,"AS12586 (ASGHOSTNET, DE)"
ibcooking-com.mail.protection.outlook.com,1,"AS8075 (MICROSOFT-CORP-MSN-AS-BLOCK - Microsoft Corporation, US)"
iber-com.mail.protection.outlook.com,1,"AS8075 (MICROSOFT-CORP-MSN-AS-BLOCK - Microsoft Corporation, US)"
iba-edu-pk.mail.protection.outlook.com,1,"AS8075 (MICROSOFT-CORP-MSN-AS-BLOCK - Microsoft Corporation, US)"
ianq.com,1,"AS45638 (SYNERGYWHOLESALE-AP SYNERGY WHOLESALE PTY LTD, AU)"
aspmx1.googlemail.com,1,
mail6.g24.pair.com,1,"AS7859 (PAIR-NETWORKS - pair Networks, US)"
ibj-com.mail.protection.outlook.com,1,"AS8075 (MICROSOFT-CORP-MSN-AS-BLOCK - Microsoft Corporation, US)"
mail.kox.com,1,"AS21499 (GODADDY-SXB, DE)"
mail.kosla.pl,1,"AS41079 (CF-GDA, PL)"
ibml-com.mail.protection.outlook.com,1,"AS8075 (MICROSOFT-CORP-MSN-AS-BLOCK - Microsoft Corporation, US)"
kowavietnam-com.mail.protection.outlook.com,1,"AS8075 (MICROSOFT-CORP-MSN-AS-BLOCK - Microsoft Corporation, US)"
ibmi-com.mail.protection.outlook.com,1,"AS8075 (MICROSOFT-CORP-MSN-AS-BLOCK - Microsoft Corporation, US)"
hypercarmail.com,1,"AS211056 (KHALIJSERVER, IR)"
mx1.kotsu01.info,1,"AS200107 (KL-EXT, CH)"
mail.ibn.com,1,"AS45352 (IPSERVERONE-AS-AP IP ServerOne Solutions Sdn Bhd, MY)"
mx.ibmg.com.cust.a.hostedemail.com,1,"AS15348 (TUCOWS - Tucows.com Co., CA)"
mxa-0097e501.gslb.pphosted.com,1,"AS26211 (PROOFPOINT-ASN-US-WEST - Proofpoint, Inc., US)"
ibizaholidays.com,1,"AS26496 (AS-26496-GO-DADDY-COM-LLC - GoDaddy.com, LLC, US)"
ibo-com.mail.protection.outlook.com,1,"AS8075 (MICROSOFT-CORP-MSN-AS-BLOCK - Microsoft Corporation, US)"
mx9.aftermarket.hosting,1,"AS48707 (AS48707-OPS-, PL)"
mail.iamguide.ru,1,"AS44094 (WEBHOST1-AS, RU)"
mxb-00120b02.gslb.pphosted.com,1,"AS26211 (PROOFPOINT-ASN-US-WEST - Proofpoint, Inc., US)"
mx1.ibmmails.com,1,"AS200107 (KL-EXT, CH)"
iblbildbyra.se,1,"AS35041 (NET-BINERO-STHLM1, SE)"
mail.iamcoder.ru,1,"AS44094 (WEBHOST1-AS, RU)"
mail.ibntel.com,1,"AS701 (UUNET - Verizon Business, US)"
ibtso-com.mail.protection.outlook.com,1,"AS8075 (MICROSOFT-CORP-MSN-AS-BLOCK - Microsoft Corporation, US)"
kpsc-com.mail.protection.outlook.com,1,"AS8075 (MICROSOFT-CORP-MSN-AS-BLOCK - Microsoft Corporation, US)"
mail.ibmm.com,1,"AS13246 (INETWIRE-AS Key-Systems GmbH PartnerGate, DE)"
mail.icanfatbike.com,1,"AS46606 (UNIFIEDLAYER-AS-1 - Unified Layer, US)"
mail.keppler-it.de,1,"AS24940 (HETZNER-AS, DE)"
mailcleaner.icaruslegend.com,1,"AS16276 (OVH, FR)"
icce.org.in,1,"AS199404 (WHG-IN, GB)"
ibx.com.br,1,"AS33182 (DIMENOC - HostDime.com, Inc., US)"
krakel-com.mail.protection.outlook.com,1,"AS8075 (MICROSOFT-CORP-MSN-AS-BLOCK - Microsoft Corporation, US)"
krak3n-com.mx1.arsmtp.com,1,"AS53780 (AS-APPRIVER - APPRIVER LLC, US)"
sbg3.cpanel.speed-cloud.fr,1,"AS16276 (OVH, FR)"
kerio1.kampmail.de,1,"AS8648 (ONE-NETWORK, DE)"
mail.kravintis.cfd,1,"AS203446 (AS203446, GB)"
mxa-00a11b02.gslb.pphosted.com,1,"AS22843 (PROOFPOINT-ASN-US-EAST - Proofpoint, Inc., US)"
mail.kreatorzyimprez.pl,1,"AS41079 (CF-GDA, PL)"
mail.ichthyolfml.com,1,"AS12586 (ASGHOSTNET, DE)"
mail.icemails.top,1,"AS24940 (HETZNER-AS, DE)"
mx1-us2.ppe-hosted.com,1,"AS13916 (PROOFPOINT-UT7 - Proofpoint, Inc., US)"
kredohealth-com.mail.protection.outlook.com,1,"AS8075 (MICROSOFT-CORP-MSN-AS-BLOCK - Microsoft Corporation, US)"
mail.ichthyolomail.ru,1,"AS12586 (ASGHOSTNET, DE)"
mail.kreuiema.com,1,"AS14061 (DIGITALOCEAN-ASN - DigitalOcean, LLC, US)"
kriken-com.mail.protection.outlook.com,1,"AS8075 (MICROSOFT-CORP-MSN-AS-BLOCK - Microsoft Corporation, US)"
mx1.orcon.net.nz,1,"AS9790 (TWO-DEGREES-AS-AP Two Degrees Networks Limited, NZ)"
mail.iconmal.com,1,"AS14061 (DIGITALOCEAN-ASN - DigitalOcean, LLC, US)"
mail.iconofkml.com,1,"AS12586 (ASGHOSTNET, DE)"
_dc-mx.67206788df58.krissysummers.com,1,"AS147124 (IDNIC-HOSTINGAN-AS-ID PT Hostingan Awan Indonesia, ID)"
icm-com.mail.protection.outlook.com,1,"AS8075 (MICROSOFT-CORP-MSN-AS-BLOCK - Microsoft Corporation, US)"
mail.iconogrmail.ru,1,"AS12586 (ASGHOSTNET, DE)"
mail.iconomail.ru,1,"AS12586 (ASGHOSTNET, DE)"
icti-com.mail.protection.outlook.com,1,"AS8075 (MICROSOFT-CORP-MSN-AS-BLOCK - Microsoft Corporation, US)"
mx.icrr2011symp.pl,1,"AS14061 (DIGITALOCEAN-ASN - DigitalOcean, LLC, US)"
mail.id.semar.edu.pl,1,"AS16276 (OVH, FR)"
id-pl.mail.protection.outlook.com,1,"AS8075 (MICROSOFT-CORP-MSN-AS-BLOCK - Microsoft Corporation, US)"
mail.kreditkartenvergleich.jetzt,1,"AS13246 (INETWIRE-AS Key-Systems GmbH PartnerGate, DE)"
mail.kredyt-dla-ciebie.com.pl,1,"AS197155 (ARTNET, PL)"
mx.mailinator.com,1,"AS13335 (CLOUDFLARENET - Cloudflare, Inc., US)"
id-candyschool-eu-org.mail.protection.outlook.com,1,"AS8075 (MICROSOFT-CORP-MSN-AS-BLOCK - Microsoft Corporation, US)"
mail.idawah.com,1,"AS14061 (DIGITALOCEAN-ASN - DigitalOcean, LLC, US)"
_dc-mx.0d794ed6f625.idcreate.site,1,"AS24940 (HETZNER-AS, DE)"
smtp,1,
mail.krysentra.cfd,1,"AS203446 (AS203446, GB)"
_dc-mx.60da49c2fc5b.idealpersonaltrainers.com,1,
_dc-mx.8e4148ef4be8.idealencounters.com,1,"AS24940 (HETZNER-AS, DE)"
ns02.000webhost.com,1,"AS47583 (AS-HOSTINGER, CY)"
ksao-us.mail.protection.outlook.com,1,"AS8075 (MICROSOFT-CORP-MSN-AS-BLOCK - Microsoft Corporation, US)"
mail.ideiadenegocio.com,1,"AS19871 (NETWORK-SOLUTIONS-HOSTING - Network Solutions, LLC, US)"
kscommunication-com.mail.protection.outlook.com,1,"AS8075 (MICROSOFT-CORP-MSN-AS-BLOCK - Microsoft Corporation, US)"
_dc-mx.95b6345df1fb.idf.ovh,1,"AS24940 (HETZNER-AS, DE)"
mx37.ksgmac.com,1,"AS63949 (AKAMAI-LINODE-AP Akamai Connected Cloud, SG)"
a714079.mx.mailhop.org,1,"AS16509 (AMAZON-02 - Amazon.com, Inc., US)"
_dc-mx.bd5db09c9768.idfd.live,1,"AS24940 (HETZNER-AS, DE)"
mail.ideuse.com,1,"AS14061 (DIGITALOCEAN-ASN - DigitalOcean, LLC, US)"
mail.identific.ru,1,"AS12586 (ASGHOSTNET, DE)"
mail.ideologimail.ru,1,"AS12586 (ASGHOSTNET, DE)"
mail.ideatimails.ru,1,"AS12586 (ASGHOSTNET, DE)"
mail.idensemail.ru,1,"AS12586 (ASGHOSTNET, DE)"
mail.ideograpml.ru,1,"AS12586 (ASGHOSTNET, DE)"
mail-mx-01.ktc235a.fibernetics.ca,1,"AS36493 (295CA-TOR-ASN - FIBERNETICS CORPORATION, CA)"
mail.idiomalu.ru,1,"AS12586 (ASGHOSTNET, DE)"
mail.idiomunmail.com,1,"AS12586 (ASGHOSTNET, DE)"
mail.idioticfl.com,1,"AS12586 (ASGHOSTNET, DE)"
kta-com.mail.protection.outlook.com,1,"AS8075 (MICROSOFT-CORP-MSN-AS-BLOCK - Microsoft Corporation, US)"
mail.idiofm.ru,1,"AS12586 (ASGHOSTNET, DE)"
idm-com.mail.protection.outlook.com,1,"AS8075 (MICROSOFT-CORP-MSN-AS-BLOCK - Microsoft Corporation, US)"
mail.idiosynmail.ru,1,"AS12586 (ASGHOSTNET, DE)"
idointucson-com.mail.protection.outlook.com,1,"AS8075 (MICROSOFT-CORP-MSN-AS-BLOCK - Microsoft Corporation, US)"
mail.ibmr.com,1,"AS31083 (TELEPOINT, BG)"
mail.idiorepmails.ru,1,"AS12586 (ASGHOSTNET, DE)"
mail.idmali.ru,1,"AS12586 (ASGHOSTNET, DE)"
smtp.idont.date,1,"AS16509 (AMAZON-02 - Amazon.com, Inc., US)"
mail.idiomemail.ru,1,"AS12586 (ASGHOSTNET, DE)"
idp-com.mail.protection.outlook.com,1,"AS8075 (MICROSOFT-CORP-MSN-AS-BLOCK - Microsoft Corporation, US)"
mail.idiomatmity.ru,1,"AS12586 (ASGHOSTNET, DE)"
mail.iconicompany.com,1,"AS208677 (CLOUDRU-AS, RU)"
kt5x.com,1,"AS24940 (HETZNER-AS, DE)"
idropshipper.com,1,"AS16276 (OVH, FR)"
idrrate-com.mail.protection.outlook.com,1,"AS8075 (MICROSOFT-CORP-MSN-AS-BLOCK - Microsoft Corporation, US)"
mx02.cloud.ru,1,"AS208677 (CLOUDRU-AS, RU)"
mxa-002fb301.gslb.pphosted.com,1,"AS22843 (PROOFPOINT-ASN-US-EAST - Proofpoint, Inc., US)"
mx1.kubrickmail.com,1,"AS200107 (KL-EXT, CH)"
mail.ieatspam.eu,1,"AS24940 (HETZNER-AS, DE)"
mail.kudagacor.fun,1,"AS59253 (LEASEWEB-APAC-SIN-11 LEASEWEB SINGAPORE PTE. LTD., SG)"
ifavorsprt-com.mail.protection.outlook.com,1,
mail.iemail.fun,1,"AS12586 (ASGHOSTNET, DE)"
ifchuck.com,1,"AS47583 (AS-HOSTINGER, CY)"
d178795a.ess.barracudanetworks.com,1,"AS16509 (AMAZON-02 - Amazon.com, Inc., US)"
mail.kulepszejprzyszlosci.pl,1,"AS8308 (NASK-COMMERCIAL, PL)"
idpoker99.org,1,"AS22612 (NAMECHEAP-NET - Namecheap, Inc., US)"
mail.ifoxdd.com,1,"AS14061 (DIGITALOCEAN-ASN - DigitalOcean, LLC, US)"
mail.endora.cz,1,"AS29134 (IGNUM-AS Czech Republic, CZ)"
mail.ifsso.net,1,"AS216071 (VDSINA, AE)"
mail.ifomail.com,1,"AS14061 (DIGITALOCEAN-ASN - DigitalOcean, LLC, US)"
mx0155.ppsmtp.com,1,"AS31898 (ORACLE-BMC-31898 - Oracle Corporation, US)"
igeonmail.com,1,"AS213702 (QWINS-LTD QWINS AS-SET: ~ # AS213702:AS-CUSTOMERS, GB)"
v4337.m3xs.net,1,"AS27589 (MOJOHOST - MOJOHOST, US)"
igrovieavtomati.org,1,"AS202422 (GHOST, LU)"
mail.ignomail.com,1,"AS12586 (ASGHOSTNET, DE)"
mail.ignomifmals.com,1,"AS12586 (ASGHOSTNET, DE)"
dali.ihc.com,1,"AS11052 (IHC-NET - Intermountain Health Care, Inc., US)"
ihamail-com.mail.protection.outlook.com,1,"AS8075 (MICROSOFT-CORP-MSN-AS-BLOCK - Microsoft Corporation, US)"
mail.kukowski.eu,1,"AS50599 (Autonomous System for Dataspace P.S.A., PL)"
iifinder-com.mail.protection.outlook.com,1,"AS8075 (MICROSOFT-CORP-MSN-AS-BLOCK - Microsoft Corporation, US)"
mx.ijobns.com,1,
mail.hwy9.com,1,"AS14061 (DIGITALOCEAN-ASN - DigitalOcean, LLC, US)"
msn.iirport.com,1,"AS14061 (DIGITALOCEAN-ASN - DigitalOcean, LLC, US)"
mail.iinq.com,1,"AS4808 (CHINA169-BJ China Unicom Beijing Province Network, CN)"
mail.ikewe.com,1,"AS14061 (DIGITALOCEAN-ASN - DigitalOcean, LLC, US)"
mail.ikkjacket.com,1,"AS47583 (AS-HOSTINGER, CY)"
mail.ikbenspamvrij.nl,1,"AS50673 (SERVERIUS-AS, NL)"
ilamseo-com.mail.protection.outlook.com,1,"AS8075 (MICROSOFT-CORP-MSN-AS-BLOCK - Microsoft Corporation, US)"
contact.ilavana.com,1,"AS400509 (ASIPFB - IPFB LLC, US)"
mail.ikomunia.pl,1,"AS8308 (NASK-COMMERCIAL, PL)"
mx.ilikeyoustore.org,1,"AS14061 (DIGITALOCEAN-ASN - DigitalOcean, LLC, US)"
mail.iitb.in,1,"AS34689 (HOSTEROID, RO)"
spf.ilbudre.com,1,"AS14061 (DIGITALOCEAN-ASN - DigitalOcean, LLC, US)"
illimitabmail-com.mail.protection.outlook.com,1,"AS8075 (MICROSOFT-CORP-MSN-AS-BLOCK - Microsoft Corporation, US)"
mail.ileosigmmail.com,1,"AS12586 (ASGHOSTNET, DE)"
mail.iliofmk.com,1,"AS12586 (ASGHOSTNET, DE)"
mail.illegitifl.com,1,"AS12586 (ASGHOSTNET, DE)"
a088734.mx.mailhop.org,1,"AS16509 (AMAZON-02 - Amazon.com, Inc., US)"
ilove-com.mail.protection.outlook.com,1,"AS8075 (MICROSOFT-CORP-MSN-AS-BLOCK - Microsoft Corporation, US)"
racks.illnessth.com,1,"AS14061 (DIGITALOCEAN-ASN - DigitalOcean, LLC, US)"
mail.illegiemail.ru,1,"AS12586 (ASGHOSTNET, DE)"
mail.illusofmk.com,1,"AS12586 (ASGHOSTNET, DE)"
mail.ilydeen.org,1,"AS47583 (AS-HOSTINGER, CY)"
gatew2rh0o.iloveion.com,1,"AS14061 (DIGITALOCEAN-ASN - DigitalOcean, LLC, US)"
mail.illumifmail.ru,1,"AS12586 (ASGHOSTNET, DE)"
mail.illegimails.ru,1,"AS12586 (ASGHOSTNET, DE)"
ikuti.my.id,1,"AS138115 (IDNIC-DENEVA-AS-ID PT Deneva, ID)"
illimitajmail.ru,1,"AS213702 (QWINS-LTD QWINS AS-SET: ~ # AS213702:AS-CUSTOMERS, GB)"
mail.imagesnuptial.com,1,"AS212192 (INTELI-TECH-DEVELOPMENT-SRL, RO)"
mail.illegitimail.ru,1,"AS12586 (ASGHOSTNET, DE)"
_dc-mx.2e7fea9b3eed.ilsalento.info,1,"AS31034 (ARUBA-ASN, IT)"
imagnumhealthcare-com.mail.protection.outlook.com,1,"AS8075 (MICROSOFT-CORP-MSN-AS-BLOCK - Microsoft Corporation, US)"
mail.imalias.com,1,"AS14061 (DIGITALOCEAN-ASN - DigitalOcean, LLC, US)"
mail.imageninnova.com,1,"AS46606 (UNIFIEDLAYER-AS-1 - Unified Layer, US)"
imail.edu.vn,1,"AS20068 (HAWKHOST - Hawk Host Inc., CA)"
mx.ilpiacere.it,1,"AS31034 (ARUBA-ASN, IT)"
mail.imaginmail.ru,1,"AS12586 (ASGHOSTNET, DE)"
imap.fr.nf,1,"AS16276 (OVH, FR)"
imails.asso.st,1,"AS16276 (OVH, FR)"
mail.imagirsmail.ru,1,"AS12586 (ASGHOSTNET, DE)"
mail.imatrekkie.com,1,"AS4739 (INTERNODE-AS Internode Pty Ltd, AU)"
mail.idrifla.com,1,"AS53667 (PONYNET - FranTech Solutions, US)"
_dc-mx.da3b9eb7f901.imgtokyo.com,1,"AS206264 (AMARUTU-TECHNOLOGY, SC)"
_dc-mx.27c33030a41e.immo-rocket.fr,1,"AS50474 (O2SWITCH, FR)"
dpsmartmail35.doteasy.com,1,"AS36218 (WHG-CAN, GB)"
mail.imnart.com,1,"AS14061 (DIGITALOCEAN-ASN - DigitalOcean, LLC, US)"
imgresizer.shop,1,"AS136246 (TOMATTOSTL-AS-AP Tomattos Technologies Ltd., BD)"
immatmail.com,1,"AS213702 (QWINS-LTD QWINS AS-SET: ~ # AS213702:AS-CUSTOMERS, GB)"
mail.immethodicfl.com,1,"AS12586 (ASGHOSTNET, DE)"
mx.imovie.link,1,"AS29873 (BIZLAND-SD - Newfold Digital, Inc., US)"
mail.immunoelectrmail.com,1,"AS12586 (ASGHOSTNET, DE)"
mail.immateriamail.ru,1,"AS12586 (ASGHOSTNET, DE)"
mail.immunocmail.com,1,"AS12586 (ASGHOSTNET, DE)"
mail.imobie.com,1,"AS32244 (LIQUIDWEB - Liquid Web, L.L.C, US)"
mail.imirsmail.ru,1,"AS12586 (ASGHOSTNET, DE)"
m-01b.th.seeweb.it,1,
mail.immobilizmail.ru,1,"AS12586 (ASGHOSTNET, DE)"
impactmarketing-global.mail.protection.outlook.com,1,"AS8075 (MICROSOFT-CORP-MSN-AS-BLOCK - Microsoft Corporation, US)"
imh.life,1,"AS49981 (WORLDSTREAM, NL)"
mail.immova.ru,1,"AS12586 (ASGHOSTNET, DE)"
w00a66b4.kasserver.com,1,"AS34788 (NMM-AS D - 02742 Friedersdorf Hauptstrasse 68, DE)"
imperialmanagement-com.mail.protection.outlook.com,1,"AS8075 (MICROSOFT-CORP-MSN-AS-BLOCK - Microsoft Corporation, US)"
mail.imitrex-sumatriptan.com,1,"AS24940 (HETZNER-AS, DE)"
mail.immethodicme.ru,1,"AS12586 (ASGHOSTNET, DE)"
mail.immmail.ru,1,"AS12586 (ASGHOSTNET, DE)"
mail.krake.de,1,"AS3320 (DTAG Internet service provider operations, DE)"
mail.immunoche.ru,1,"AS12586 (ASGHOSTNET, DE)"
mail.imperscrisemail.com,1,"AS12586 (ASGHOSTNET, DE)"
mail.impersml.ru,1,"AS12586 (ASGHOSTNET, DE)"
mail.immobilmail.ru,1,"AS12586 (ASGHOSTNET, DE)"
mail.immunosuppmail.ru,1,"AS12586 (ASGHOSTNET, DE)"
mail.improvedtt.com,1,"AS47583 (AS-HOSTINGER, CY)"
mail.implementafkml.com,1,"AS12586 (ASGHOSTNET, DE)"
mail.imperturbmail.com,1,"AS12586 (ASGHOSTNET, DE)"
mail.imparisymyu.ru,1,"AS12586 (ASGHOSTNET, DE)"
mail.immmalary.ru,1,"AS12586 (ASGHOSTNET, DE)"
mail.impersmail.com,1,"AS12586 (ASGHOSTNET, DE)"
mail.imperceptibfm.ru,1,"AS12586 (ASGHOSTNET, DE)"
mail.impeaaemail.ru,1,"AS12586 (ASGHOSTNET, DE)"
mail.impermalu.ru,1,"AS12586 (ASGHOSTNET, DE)"
mail.impecunmalu.ru,1,"AS12586 (ASGHOSTNET, DE)"
mail.immunopamalu.ru,1,"AS12586 (ASGHOSTNET, DE)"
mail.immunosuppremail.ru,1,"AS12586 (ASGHOSTNET, DE)"
mail.impeemail.ru,1,"AS12586 (ASGHOSTNET, DE)"
mail.imprezorganizacja.pl,1,"AS47544 (IQPL-AS, PL)"
mail.imstations.com,1,"AS24940 (HETZNER-AS, DE)"
_dc-mx.0a498d498a16.imtheoneivebeenlookingfor.com,1,"AS31898 (ORACLE-BMC-31898 - Oracle Corporation, US)"
mail.impolimail.ru,1,"AS12586 (ASGHOSTNET, DE)"
mail.imperiamails.ru,1,"AS12586 (ASGHOSTNET, DE)"
mail.impetumail.ru,1,"AS12586 (ASGHOSTNET, DE)"
mail.imparml.ru,1,"AS12586 (ASGHOSTNET, DE)"
mail.imperimail.ru,1,"AS12586 (ASGHOSTNET, DE)"
mail.impartibebml.ru,1,"AS12586 (ASGHOSTNET, DE)"
mail.implaemail.ru,1,"AS12586 (ASGHOSTNET, DE)"
mail.implauemail.ru,1,"AS12586 (ASGHOSTNET, DE)"
mx.fw.bytemail.io,1,"AS47583 (AS-HOSTINGER, CY)"
imuasouthwest-com.mail.protection.outlook.com,1,"AS8075 (MICROSOFT-CORP-MSN-AS-BLOCK - Microsoft Corporation, US)"
mail.impracticmail.ru,1,"AS12586 (ASGHOSTNET, DE)"
in-wordprezz.com,1,"AS46606 (UNIFIEDLAYER-AS-1 - Unified Layer, US)"
mail.improbabimyu.ru,1,"AS12586 (ASGHOSTNET, DE)"
mail132.imtel.com,1,"AS4766 (KIXS-AS-KR Korea Telecom, KR)"
mail.improvml.ru,1,"AS12586 (ASGHOSTNET, DE)"
impropriajmail.ru,1,"AS213702 (QWINS-LTD QWINS AS-SET: ~ # AS213702:AS-CUSTOMERS, GB)"
mailin1.in4el.com,1,"AS51013 (WEBSUPPORT-SRO-SK-AS, SK)"
mail.inaccfkml.com,1,"AS12586 (ASGHOSTNET, DE)"
inbaca-com.mail.protection.outlook.com,1,"AS8075 (MICROSOFT-CORP-MSN-AS-BLOCK - Microsoft Corporation, US)"
mail.inauthormail.com,1,"AS12586 (ASGHOSTNET, DE)"
pmg.in-ulm.de,1,"AS25538 (IN-ULM, DE)"
inappreciatmail.com,1,"AS213702 (QWINS-LTD QWINS AS-SET: ~ # AS213702:AS-CUSTOMERS, GB)"
mail.inapproamail.com,1,"AS12586 (ASGHOSTNET, DE)"
imq.fi,1,"AS35382 (GLESYS-FI-2, SE)"
mx.testmail.app,1,"AS14618 (AMAZON-AES - Amazon.com, Inc., US)"
ingress.inboxes.app,1,"AS16276 (OVH, FR)"
mail.inboxeen.com,1,"AS63949 (AKAMAI-LINODE-AP Akamai Connected Cloud, SG)"
mail.inboxgate.rest,1,"AS14061 (DIGITALOCEAN-ASN - DigitalOcean, LLC, US)"
mx.inboxorigin.com,1,"AS16276 (OVH, FR)"
mail.imexcointernational.com,1,"AS38532 (EXABYTES-AS-AP Exabytes Network Singapore Pte. Ltd., SG)"
mail.inartmails.ru,1,"AS12586 (ASGHOSTNET, DE)"
mail.imperiya1.ru,1,"AS44094 (WEBHOST1-AS, RU)"
mail.inauthemail.ru,1,"AS12586 (ASGHOSTNET, DE)"
mail.inboxbear.com,1,"AS16276 (OVH, FR)"
mail1.inboxes.com,1,"AS16276 (OVH, FR)"
mail.inapprecimail.ru,1,"AS12586 (ASGHOSTNET, DE)"
mail.inalienabfmail.ru,1,"AS12586 (ASGHOSTNET, DE)"
mail.inalteramail.ru,1,"AS12586 (ASGHOSTNET, DE)"
mail.inartemail.ru,1,"AS12586 (ASGHOSTNET, DE)"
mail.inartistimail.ru,1,"AS12586 (ASGHOSTNET, DE)"
mail.inartiemail.ru,1,"AS12586 (ASGHOSTNET, DE)"
mail.dynip.asia,1,"AS213230 (HETZNER-CLOUD2-AS, DE)"
mail.inartmail.ru,1,"AS12586 (ASGHOSTNET, DE)"
mail.inboxturtle.dev,1,"AS24940 (HETZNER-AS, DE)"
mail.inclick.net,1,"AS36351 (SOFTLAYER - IBM Cloud, US)"
mail.inappmails.ru,1,"AS12586 (ASGHOSTNET, DE)"
incisivemedia-com.mail.protection.outlook.com,1,"AS8075 (MICROSOFT-CORP-MSN-AS-BLOCK - Microsoft Corporation, US)"
mail.inboxmails.de,1,"AS44486 (SYNLINQ synlinq.de, DE)"
mail.alphainstinct.ro,1,"AS12876 (Online SAS, FR)"
mail.romancesgroup.com,1,"AS14061 (DIGITALOCEAN-ASN - DigitalOcean, LLC, US)"
mail.incondensmail.com,1,"AS40021 (CONTABO-40021 - Contabo Inc., US)"
mail.inboxalias.com,1,"AS16276 (OVH, FR)"
inbtel.com,1,"AS8560 (IONOS-AS This is the joint network for IONOS, Fasthosts, Arsys, 1&1 Mail and Media and 1&1 Telecom. Formerly known as 1&1 Internet SE., DE)"
mx2.inboxmails.net,1,"AS200107 (KL-EXT, CH)"
mail.incombustili.com,1,"AS12586 (ASGHOSTNET, DE)"
mail.increase5f.com,1,"AS47583 (AS-HOSTINGER, CY)"
mail.incommensumails.ru,1,"AS12586 (ASGHOSTNET, DE)"
mail.incomprehensiblfkml.com,1,"AS12586 (ASGHOSTNET, DE)"
mail.incommutali.com,1,"AS12586 (ASGHOSTNET, DE)"
mail.inddweg.com,1,"AS47583 (AS-HOSTINGER, CY)"
mail.inconsequenfl.com,1,"AS12586 (ASGHOSTNET, DE)"
incontext3d-com.mail.protection.outlook.com,1,"AS8075 (MICROSOFT-CORP-MSN-AS-BLOCK - Microsoft Corporation, US)"
mail.incondenli.com,1,"AS12586 (ASGHOSTNET, DE)"
mail.incommunmail.com,1,"AS12586 (ASGHOSTNET, DE)"
mail.incommensmails.ru,1,"AS12586 (ASGHOSTNET, DE)"
incomprehensmail.com,1,"AS213702 (QWINS-LTD QWINS AS-SET: ~ # AS213702:AS-CUSTOMERS, GB)"
incompatimail.com,1,"AS213702 (QWINS-LTD QWINS AS-SET: ~ # AS213702:AS-CUSTOMERS, GB)"
mail.incommmali.ru,1,"AS12586 (ASGHOSTNET, DE)"
mail.incalculabmail.ru,1,"AS12586 (ASGHOSTNET, DE)"
mail.incommumity.ru,1,"AS12586 (ASGHOSTNET, DE)"
mail.incorponmail.com,1,"AS12586 (ASGHOSTNET, DE)"
mail.inboxpro.top,1,"AS16276 (OVH, FR)"
mail.indianahorsecouncil.org,1,"AS44486 (SYNLINQ synlinq.de, DE)"
mail.incommunmail.ru,1,"AS12586 (ASGHOSTNET, DE)"
mail.incredisemail.com,1,"AS12586 (ASGHOSTNET, DE)"
mail.incomemail.ru,1,"AS12586 (ASGHOSTNET, DE)"
dkim.incrots.com,1,"AS14061 (DIGITALOCEAN-ASN - DigitalOcean, LLC, US)"
mail.indescrifml.com,1,"AS12586 (ASGHOSTNET, DE)"
mail.inconsidmails.ru,1,"AS12586 (ASGHOSTNET, DE)"
mail.incardinaufml.ru,1,"AS12586 (ASGHOSTNET, DE)"
mail.incommoml.ru,1,"AS12586 (ASGHOSTNET, DE)"
incrediemail.com,1,"AS393960 (HOST4GEEKS-LLC - Host4Geeks LLC, US)"
mail.inconeaaemail.ru,1,"AS12586 (ASGHOSTNET, DE)"
mail.incomprehml.ru,1,"AS12586 (ASGHOSTNET, DE)"
mail.inconsidermail.ru,1,"AS12586 (ASGHOSTNET, DE)"
incorrigimail.com,1,"AS213702 (QWINS-LTD QWINS AS-SET: ~ # AS213702:AS-CUSTOMERS, GB)"
a923185.mx.mailhop.org,1,"AS16509 (AMAZON-02 - Amazon.com, Inc., US)"
mail.incorpoml.ru,1,"AS12586 (ASGHOSTNET, DE)"
mail.imails.info,1,"AS48314 (IP-PROJECTS, DE)"
indel-com.mail.protection.outlook.com,1,"AS8075 (MICROSOFT-CORP-MSN-AS-BLOCK - Microsoft Corporation, US)"
mail.incontrovemail.ru,1,"AS12586 (ASGHOSTNET, DE)"
mail.indefemail.ru,1,"AS12586 (ASGHOSTNET, DE)"
mail.indescribamail.ru,1,"AS12586 (ASGHOSTNET, DE)"
mail.indeterminality.ru,1,"AS12586 (ASGHOSTNET, DE)"
mail.indefinaemail.ru,1,"AS12586 (ASGHOSTNET, DE)"
mail.indemail.ru,1,"AS12586 (ASGHOSTNET, DE)"
mail.indelml.ru,1,"AS12586 (ASGHOSTNET, DE)"
mail2.bahnhof.se,1,"AS8473 (BAHNHOF, SE)"
indus-tech.mail.protection.outlook.com,1,
mx2.indiego.host,1,"AS200107 (KL-EXT, CH)"
mail.indemails.ru,1,"AS12586 (ASGHOSTNET, DE)"
mail.indefatmyu.ru,1,"AS12586 (ASGHOSTNET, DE)"
mail.indistinguimail.com,1,"AS12586 (ASGHOSTNET, DE)"
mail.indivimail.com,1,"AS12586 (ASGHOSTNET, DE)"
mail.indissolumy.com,1,"AS12586 (ASGHOSTNET, DE)"
mail.indissolmalu.ru,1,"AS12586 (ASGHOSTNET, DE)"
mail.indiscipl.ru,1,"AS12586 (ASGHOSTNET, DE)"
mail.individpt.ru,1,"AS12586 (ASGHOSTNET, DE)"
mail.indispupt.ru,1,"AS12586 (ASGHOSTNET, DE)"
mail.individusmail.ru,1,"AS12586 (ASGHOSTNET, DE)"
ineedmoney-com.mail.protection.outlook.com,1,"AS8075 (MICROSOFT-CORP-MSN-AS-BLOCK - Microsoft Corporation, US)"
mail.indiho.info,1,"AS41079 (CF-GDA, PL)"
mail.indiscrimmails.ru,1,"AS12586 (ASGHOSTNET, DE)"
indianembassyusa.gov.in,1,"AS18229 (CTRLS-AS-IN CtrlS, IN)"
mail.indiscrimimail.ru,1,"AS12586 (ASGHOSTNET, DE)"
mail.indusmails.ru,1,"AS12586 (ASGHOSTNET, DE)"
mail.indiscrmails.ru,1,"AS12586 (ASGHOSTNET, DE)"
mail.indubitic.com,1,"AS12586 (ASGHOSTNET, DE)"
mail.indistriml.ru,1,"AS12586 (ASGHOSTNET, DE)"
mail.indistribmail.ru,1,"AS12586 (ASGHOSTNET, DE)"
mail.industrialimy.com,1,"AS12586 (ASGHOSTNET, DE)"
indogame.site,1,"AS135360 (ARGONDATANETWORK-AS-AP Argon Data Network, ID)"
mail.ineffacfkml.com,1,"AS12586 (ASGHOSTNET, DE)"
mail.indiscriminmail.ru,1,"AS12586 (ASGHOSTNET, DE)"
mail.inexterfml.com,1,"AS12586 (ASGHOSTNET, DE)"
inel-com.mail.protection.outlook.com,1,"AS8075 (MICROSOFT-CORP-MSN-AS-BLOCK - Microsoft Corporation, US)"
mail.inelegfml.com,1,"AS12586 (ASGHOSTNET, DE)"
mail.infeasf.ru,1,"AS12586 (ASGHOSTNET, DE)"
mail.ineffectuamail.ru,1,"AS12586 (ASGHOSTNET, DE)"
inemimail.com,1,"AS213702 (QWINS-LTD QWINS AS-SET: ~ # AS213702:AS-CUSTOMERS, GB)"
mail.inestimmail.com,1,"AS12586 (ASGHOSTNET, DE)"
mail.ineffec.ru,1,"AS12586 (ASGHOSTNET, DE)"
mail.inexplicabfkml.com,1,"AS12586 (ASGHOSTNET, DE)"
mail.indumail.ru,1,"AS12586 (ASGHOSTNET, DE)"
inevitabmail.com,1,"AS213702 (QWINS-LTD QWINS AS-SET: ~ # AS213702:AS-CUSTOMERS, GB)"
mail.inexhausinf.com,1,"AS12586 (ASGHOSTNET, DE)"
mail.infinitybooksjapan.org,1,"AS31898 (ORACLE-BMC-31898 - Oracle Corporation, US)"
mail.inextrili.com,1,"AS12586 (ASGHOSTNET, DE)"
mail.inexpressic.com,1,"AS12586 (ASGHOSTNET, DE)"
mail.inequitabmails.ru,1,"AS12586 (ASGHOSTNET, DE)"
mail.infeainf.com,1,"AS12586 (ASGHOSTNET, DE)"
mail.inequivamyu.ru,1,"AS12586 (ASGHOSTNET, DE)"
mail.infinitmail.com,1,"AS12586 (ASGHOSTNET, DE)"
mail.inferobranmail.ru,1,"AS12586 (ASGHOSTNET, DE)"
inexpugnjmail.ru,1,"AS213702 (QWINS-LTD QWINS AS-SET: ~ # AS213702:AS-CUSTOMERS, GB)"
inexplicitjmail.ru,1,"AS213702 (QWINS-LTD QWINS AS-SET: ~ # AS213702:AS-CUSTOMERS, GB)"
mail.infinitesfml.com,1,"AS12586 (ASGHOSTNET, DE)"
mail.infinitesmy.com,1,"AS12586 (ASGHOSTNET, DE)"
indobetting.net,1,"AS22612 (NAMECHEAP-NET - Namecheap, Inc., US)"
mail.inexorabmity.ru,1,"AS12586 (ASGHOSTNET, DE)"
mail.infecs.ru,1,"AS12586 (ASGHOSTNET, DE)"
mail.inexpmail.ru,1,"AS12586 (ASGHOSTNET, DE)"
mail.infaemail.ru,1,"AS12586 (ASGHOSTNET, DE)"
mail.inexecmail.ru,1,"AS12586 (ASGHOSTNET, DE)"
mail.inevitabf.ru,1,"AS12586 (ASGHOSTNET, DE)"
mail.inet.net.id,1,"AS24532 (INET-AS-ID PT. Inet Global Indo, ID)"
mail-mx1.infolinewest.com,1,"AS14061 (DIGITALOCEAN-ASN - DigitalOcean, LLC, US)"
mail.informini.site,1,"AS22612 (NAMECHEAP-NET - Namecheap, Inc., US)"
mail.tdax.vn,1,"AS38731 (VTDC-AS-VN Vietel - CHT Compamy Ltd, VN)"
infusit-com.mail.protection.outlook.com,1,"AS8075 (MICROSOFT-CORP-MSN-AS-BLOCK - Microsoft Corporation, US)"
infos.st,1,"AS16276 (OVH, FR)"
informatykbiurowy.pl,1,"AS15967 (NETARTGROUP, PL)"
mx.ingrich.com,1,"AS51167 (CONTABO, DE)"
mail.infraclavifml.com,1,"AS12586 (ASGHOSTNET, DE)"
3407be7ee4e82eb6c4d548a93d7a60.pamx1.hotmail.com,1,"AS8075 (MICROSOFT-CORP-MSN-AS-BLOCK - Microsoft Corporation, US)"
ex3bq5w.inglosh.com,1,"AS14061 (DIGITALOCEAN-ASN - DigitalOcean, LLC, US)"
informagico-it.mail.protection.outlook.com,1,"AS8075 (MICROSOFT-CORP-MSN-AS-BLOCK - Microsoft Corporation, US)"
indobola228.net,1,"AS26496 (AS-26496-GO-DADDY-COM-LLC - GoDaddy.com, LLC, US)"
inhomeideas.com,1,"AS40244 (TURNKEY-INTERNET - Turnkey Internet Inc., US)"
malibuzz.inlandharmonychorus.org,1,"AS51167 (CONTABO, DE)"
mail.inguimails.ru,1,"AS12586 (ASGHOSTNET, DE)"
injuredworker-com.mail.protection.outlook.com,1,"AS8075 (MICROSOFT-CORP-MSN-AS-BLOCK - Microsoft Corporation, US)"
inktuativ-com.mail.protection.outlook.com,1,"AS8075 (MICROSOFT-CORP-MSN-AS-BLOCK - Microsoft Corporation, US)"
infoslot88.com,1,"AS214036 (ULTAHOST-AS, US)"
mail.inimitrsmail.ru,1,"AS12586 (ASGHOSTNET, DE)"
rte01.initwag.com,1,"AS14061 (DIGITALOCEAN-ASN - DigitalOcean, LLC, US)"
mail.ingam.top,1,"AS24940 (HETZNER-AS, DE)"
mail.inlandnwroofingandrepair.com,1,"AS55293 (A2HOSTING - A2 Hosting, Inc., US)"
mail.ingursmail.ru,1,"AS12586 (ASGHOSTNET, DE)"
industrialelectronica.com,1,"AS61493 (InterBS S.R.L. BAEHOST, AR)"
aupro1.fcomet.com,1,"AS216180 (WHG-AUS, GB)"
mail.inmail7.com,1,"AS14061 (DIGITALOCEAN-ASN - DigitalOcean, LLC, US)"
mail.initializmail.ru,1,"AS12586 (ASGHOSTNET, DE)"
mail.innermongolia.com,1,"AS19318 (IS-AS-1 - Interserver, Inc, US)"
mx1.inlovevk.net,1,"AS200107 (KL-EXT, CH)"
mail.inohm.com,1,"AS63949 (AKAMAI-LINODE-AP Akamai Connected Cloud, SG)"
mail.innovatifmk.com,1,"AS12586 (ASGHOSTNET, DE)"
inq.com.s6a1.psmtp.com,1,
ifmail-com.mail.protection.outlook.com,1,"AS8075 (MICROSOFT-CORP-MSN-AS-BLOCK - Microsoft Corporation, US)"
_dc-mx.58d594ac3326.insgrmail.site,1,"AS24940 (HETZNER-AS, DE)"
mail.inoperfmail.ru,1,"AS12586 (ASGHOSTNET, DE)"
mail.inquiries.hotelhafenhamburg.click,1,"AS51167 (CONTABO, DE)"
mail.inshuan.com,1,"AS14061 (DIGITALOCEAN-ASN - DigitalOcean, LLC, US)"
mail.insigniatalks.com,1,"AS204601 (PODAON, NL)"
mail.inopermails.ru,1,"AS12586 (ASGHOSTNET, DE)"
mail.insalubfml.com,1,"AS12586 (ASGHOSTNET, DE)"
insideviewinspections.com,1,"AS14061 (DIGITALOCEAN-ASN - DigitalOcean, LLC, US)"
inidewa.org,1,"AS63949 (AKAMAI-LINODE-AP Akamai Connected Cloud, SG)"
inno.tel,1,"AS16276 (OVH, FR)"
mail.insideoffer.site,1,"AS198610 (BEGET-AS, RU)"
mx1.insighbb.com,1,"AS54290 (HOSTWINDS - Hostwinds LLC., US)"
insocmail.com,1,"AS213702 (QWINS-LTD QWINS AS-SET: ~ # AS213702:AS-CUSTOMERS, GB)"
mail.instantletter.net,1,"AS212772 (ADGUARD, CY)"
mail.insalubmail.ru,1,"AS12586 (ASGHOSTNET, DE)"
instapixel-com.mail.protection.outlook.com,1,
mail.instantbox.online,1,"AS19318 (IS-AS-1 - Interserver, Inc, US)"
mail.inseparmalu.ru,1,"AS12586 (ASGHOSTNET, DE)"
mail.insemifmail.ru,1,"AS12586 (ASGHOSTNET, DE)"
_dc-mx.2df48eac064d.instant-email.org,1,"AS214996 (NETCUP, DE)"
mail.insensimyu.ru,1,"AS12586 (ASGHOSTNET, DE)"
mail.insensimail.ru,1,"AS12586 (ASGHOSTNET, DE)"
mail.inspirofmus.ru,1,"AS12586 (ASGHOSTNET, DE)"
vps-d7448b7e.vps.ovh.net,1,"AS16276 (OVH, FR)"
mail.instantsemail.com,1,"AS12586 (ASGHOSTNET, DE)"
mail.institutioic.com,1,"AS12586 (ASGHOSTNET, DE)"
mail.institutionmail.com,1,"AS12586 (ASGHOSTNET, DE)"
insurepro20-com.mail.protection.outlook.com,1,"AS8075 (MICROSOFT-CORP-MSN-AS-BLOCK - Microsoft Corporation, US)"
mail.insubsmail.com,1,"AS12586 (ASGHOSTNET, DE)"
mail.instimail.ru,1,"AS12586 (ASGHOSTNET, DE)"
mail.institutionfmail.ru,1,"AS12586 (ASGHOSTNET, DE)"
mail.webl.com,1,"AS29802 (HVC-AS - HIVELOCITY, Inc., US)"
mail.instrumentmail.ru,1,"AS12586 (ASGHOSTNET, DE)"
intd-com.mail.protection.outlook.com,1,"AS8075 (MICROSOFT-CORP-MSN-AS-BLOCK - Microsoft Corporation, US)"
instantmessage.online,1,"AS16276 (OVH, FR)"
mail.insurrect.ru,1,"AS12586 (ASGHOSTNET, DE)"
mail.institutiomail.ru,1,"AS12586 (ASGHOSTNET, DE)"
inte1-com.mail.protection.outlook.com,1,"AS8075 (MICROSOFT-CORP-MSN-AS-BLOCK - Microsoft Corporation, US)"
everglades-mx.dynu.com,1,"AS398019 (DYNU - Dynu Systems Incorporated, US)"
mail.insane.nq.pl,1,"AS34324 (NETLINK-AS ul. Korabnicka 9, 32-050 Skawina, Poland, PL)"
mail.insubordinmail.ru,1,"AS12586 (ASGHOSTNET, DE)"
mail.insurmountamail.ru,1,"AS12586 (ASGHOSTNET, DE)"
inteli-com.mail.protection.outlook.com,1,"AS8075 (MICROSOFT-CORP-MSN-AS-BLOCK - Microsoft Corporation, US)"
intelb.com,1,"AS14618 (AMAZON-AES - Amazon.com, Inc., US)"
x07.i.ismtp.integra.net,1,"AS7385 (ABUL-14-7385 - Allstream Business US, LLC, US)"
mail.insurrectmail.ru,1,"AS12586 (ASGHOSTNET, DE)"
intep-com.mail.protection.outlook.com,1,"AS8075 (MICROSOFT-CORP-MSN-AS-BLOCK - Microsoft Corporation, US)"
intelo-com.mail.protection.outlook.com,1,"AS8075 (MICROSOFT-CORP-MSN-AS-BLOCK - Microsoft Corporation, US)"
mail.int-el.com,1,"AS4788 (TTSSB-MY TM TECHNOLOGY SERVICES SDN. BHD., MY)"
mail.interaxiruby.ru,1,"AS12586 (ASGHOSTNET, DE)"
malibuzz.interactionpolls.com,1,"AS51167 (CONTABO, DE)"
intelz.com,1,"AS14670 (WHG-USE1, GB)"
mail.intelleinf.com,1,"AS12586 (ASGHOSTNET, DE)"
inten-com.mail.protection.outlook.com,1,"AS8075 (MICROSOFT-CORP-MSN-AS-BLOCK - Microsoft Corporation, US)"
mail.inteemail.ru,1,"AS12586 (ASGHOSTNET, DE)"
mail.intellecemi.com,1,"AS12586 (ASGHOSTNET, DE)"
mail.intellectuainf.com,1,"AS12586 (ASGHOSTNET, DE)"
intercede-com.mail.protection.outlook.com,1,"AS8075 (MICROSOFT-CORP-MSN-AS-BLOCK - Microsoft Corporation, US)"
mail.intellectumy.com,1,"AS12586 (ASGHOSTNET, DE)"
mail.intellectkl.ru,1,"AS12586 (ASGHOSTNET, DE)"
mail.intellectumail.ru,1,"AS12586 (ASGHOSTNET, DE)"
mail.intercomfmals.com,1,"AS12586 (ASGHOSTNET, DE)"
insurrancehub.shop,1,"AS136246 (TOMATTOSTL-AS-AP Tomattos Technologies Ltd., BD)"
mail.intelligefml.ru,1,"AS12586 (ASGHOSTNET, DE)"
mail.interdenommail.com,1,"AS12586 (ASGHOSTNET, DE)"
mail.interdependmail.com,1,"AS12586 (ASGHOSTNET, DE)"
mail.interdependmail.ru,1,"AS12586 (ASGHOSTNET, DE)"
mail.interdenominamail.com,1,"AS12586 (ASGHOSTNET, DE)"
mail.interdepartli.com,1,"AS12586 (ASGHOSTNET, DE)"
interimsac-com.mail.protection.outlook.com,1,"AS8075 (MICROSOFT-CORP-MSN-AS-BLOCK - Microsoft Corporation, US)"
mail.interfratmail.ru,1,"AS12586 (ASGHOSTNET, DE)"
mail.interambumail.ru,1,"AS12586 (ASGHOSTNET, DE)"
mail.interdiscpt.ru,1,"AS12586 (ASGHOSTNET, DE)"
mail.interimail.ru,1,"AS12586 (ASGHOSTNET, DE)"
mail.interfml.com,1,"AS12586 (ASGHOSTNET, DE)"
mail.intelligebml.ru,1,"AS12586 (ASGHOSTNET, DE)"
mail.interlaemail.ru,1,"AS12586 (ASGHOSTNET, DE)"
ascentwl-com.mail.protection.outlook.com,1,"AS8075 (MICROSOFT-CORP-MSN-AS-BLOCK - Microsoft Corporation, US)"
mail1012.conoha.ne.jp,1,"AS58791 (GMOOSK-NET GMO Internet Group, Inc., JP)"
mail.interfrat.ru,1,"AS12586 (ASGHOSTNET, DE)"
mail.interfeemail.ru,1,"AS12586 (ASGHOSTNET, DE)"
mail.interminismy.com,1,"AS12586 (ASGHOSTNET, DE)"
mail.intermli.com,1,"AS12586 (ASGHOSTNET, DE)"
mail0001.interfee.it,1,"AS24940 (HETZNER-AS, DE)"
mx08.rackhost.hu,1,"AS210579 (RACKHOST-AS, HU)"
mail.interjacfmals.com,1,"AS12586 (ASGHOSTNET, DE)"
netnordic.in.tmes.trendmicro.eu,1,"AS16509 (AMAZON-02 - Amazon.com, Inc., US)"
mail.interdepemalu.ru,1,"AS12586 (ASGHOSTNET, DE)"
mail.intercommunimail.ru,1,"AS12586 (ASGHOSTNET, DE)"
mail.interfero.ru,1,"AS12586 (ASGHOSTNET, DE)"
mail.interdivegai.ru,1,"AS12586 (ASGHOSTNET, DE)"
mail.interminli.com,1,"AS12586 (ASGHOSTNET, DE)"
mail.interlinemail.ru,1,"AS12586 (ASGHOSTNET, DE)"
mail.interfemail.ru,1,"AS12586 (ASGHOSTNET, DE)"
mx.internetallure.com,1,"AS14061 (DIGITALOCEAN-ASN - DigitalOcean, LLC, US)"
mail.interfrsmail.ru,1,"AS12586 (ASGHOSTNET, DE)"
internatmail.com,1,"AS213702 (QWINS-LTD QWINS AS-SET: ~ # AS213702:AS-CUSTOMERS, GB)"
mail.interjmails.ru,1,"AS12586 (ASGHOSTNET, DE)"
mail.intermedmail.ru,1,"AS12586 (ASGHOSTNET, DE)"
mail.interlorsmail.ru,1,"AS12586 (ASGHOSTNET, DE)"
inteel.com,1,"AS200534 (MSERWIS-AS, PL)"
mail.intermeemail.ru,1,"AS12586 (ASGHOSTNET, DE)"
mail.intermmalu.ru,1,"AS12586 (ASGHOSTNET, DE)"
pl1-bhs6.hostingpanel1.com,1,
interpath-com.mail.protection.outlook.com,1,"AS8075 (MICROSOFT-CORP-MSN-AS-BLOCK - Microsoft Corporation, US)"
mail.internatimails.ru,1,"AS12586 (ASGHOSTNET, DE)"
mail.interjacvegai.ru,1,"AS12586 (ASGHOSTNET, DE)"
mail.internatmalu.ru,1,"AS12586 (ASGHOSTNET, DE)"
mailstation.uu.net,1,"AS701 (UUNET - Verizon Business, US)"
mail.intermmail.ru,1,"AS12586 (ASGHOSTNET, DE)"
mail.intermpt.ru,1,"AS12586 (ASGHOSTNET, DE)"
mail.internaemail.ru,1,"AS12586 (ASGHOSTNET, DE)"
mail.intermomail.ru,1,"AS12586 (ASGHOSTNET, DE)"
mail.intestifml.ru,1,"AS12586 (ASGHOSTNET, DE)"
poczta.internetdodomu.pl,1,"AS31242 (TKPSA-AS, PL)"
mail.interjectiruby.ru,1,"AS12586 (ASGHOSTNET, DE)"
mail.interiorin.ru,1,"AS210079 (EUROBYTE, RU)"
mail.interminkl.ru,1,"AS12586 (ASGHOSTNET, DE)"
intim2.net,1,"AS32181 (ASN-GIGENET - GigeNET, US)"
mail.internatismail.ru,1,"AS12586 (ASGHOSTNET, DE)"
mail.interrelvegai.ru,1,"AS12586 (ASGHOSTNET, DE)"
mxb-00505701.gslb.pphosted.com,1,"AS22843 (PROOFPOINT-ASN-US-EAST - Proofpoint, Inc., US)"
mail.interplamail.ru,1,"AS12586 (ASGHOSTNET, DE)"
mail.intobx.com,1,"AS14061 (DIGITALOCEAN-ASN - DigitalOcean, LLC, US)"
interrmail.com,1,"AS213702 (QWINS-LTD QWINS AS-SET: ~ # AS213702:AS-CUSTOMERS, GB)"
mail.intimmail.ru,1,"AS12586 (ASGHOSTNET, DE)"
mail.intestml.ru,1,"AS12586 (ASGHOSTNET, DE)"
intoit-se.mail.protection.outlook.com,1,"AS8075 (MICROSOFT-CORP-MSN-AS-BLOCK - Microsoft Corporation, US)"
mail.intem.com,1,"AS38927 (NETBUILD-AS, DE)"
mail.interpumail.ru,1,"AS12586 (ASGHOSTNET, DE)"
mail.interplanetary.ru,1,"AS12586 (ASGHOSTNET, DE)"
a349949.mx.mailhop.org,1,"AS16509 (AMAZON-02 - Amazon.com, Inc., US)"
mail.intervenemail.ru,1,"AS12586 (ASGHOSTNET, DE)"
mail.interrelatiomail.ru,1,"AS12586 (ASGHOSTNET, DE)"
mail.interspamail.ru,1,"AS12586 (ASGHOSTNET, DE)"
mail.intertesseemail.ru,1,"AS12586 (ASGHOSTNET, DE)"
interwin99.net,1,"AS212238 (CDNEXT, GB)"
mail.intmails.ru,1,"AS12586 (ASGHOSTNET, DE)"
mail.intoleric.com,1,"AS12586 (ASGHOSTNET, DE)"
mail.interpenrsmail.ru,1,"AS12586 (ASGHOSTNET, DE)"
mx2.intimacly.com,1,"AS200107 (KL-EXT, CH)"
mx2.intomail.bid,1,"AS200107 (KL-EXT, CH)"
mail.introex.com,1,"AS14061 (DIGITALOCEAN-ASN - DigitalOcean, LLC, US)"
mail.inversiq.cfd,1,"AS203446 (AS203446, GB)"
mx1.intomail.win,1,"AS200107 (KL-EXT, CH)"
mail.intoxicatedufml.ru,1,"AS12586 (ASGHOSTNET, DE)"
mail.intracutli.com,1,"AS12586 (ASGHOSTNET, DE)"
mail.intracrsmail.ru,1,"AS12586 (ASGHOSTNET, DE)"
mail.intramolevegai.ru,1,"AS12586 (ASGHOSTNET, DE)"
mail.intradepartmmail.ru,1,"AS12586 (ASGHOSTNET, DE)"
invel-com.mail.protection.outlook.com,1,"AS8075 (MICROSOFT-CORP-MSN-AS-BLOCK - Microsoft Corporation, US)"
mail.investingtur.com,1,"AS8492 (OBIT-AS OBIT Ltd., RU)"
mail.intrel.com,1,"AS8739 (ICDSOFT, BG)"
mail.intoxicamail.ru,1,"AS12586 (ASGHOSTNET, DE)"
invalemail.com,1,"AS213702 (QWINS-LTD QWINS AS-SET: ~ # AS213702:AS-CUSTOMERS, GB)"
mail.interwin99.org,1,"AS9808 (CHINAMOBILE-CN China Mobile Communications Group Co., Ltd., CN)"
mail.invarli.com,1,"AS12586 (ASGHOSTNET, DE)"
mail.intrinsimail.ru,1,"AS12586 (ASGHOSTNET, DE)"
mail.intramomail.ru,1,"AS12586 (ASGHOSTNET, DE)"
mail.intraterrif.ru,1,"AS12586 (ASGHOSTNET, DE)"
mx26.valuehost.ru,1,"AS30943 (BIGWEB-AS BIGWEB Network, RU)"
mail.invaluablfkml.ru,1,"AS12586 (ASGHOSTNET, DE)"
mail.inzura.net,1,"AS22612 (NAMECHEAP-NET - Namecheap, Inc., US)"
lsbak001.inwagit.com,1,"AS14061 (DIGITALOCEAN-ASN - DigitalOcean, LLC, US)"
mail.investigebml.ru,1,"AS12586 (ASGHOSTNET, DE)"
a931954.mx.mailhop.org,1,"AS16509 (AMAZON-02 - Amazon.com, Inc., US)"
mail.invenmalu.ru,1,"AS12586 (ASGHOSTNET, DE)"
mail.intxr.com,1,"AS15685 (CASABLANCA-AS Internet & Collocation Provider, CZ)"
mail.invincemail.ru,1,"AS12586 (ASGHOSTNET, DE)"
mail.invigoratmail.ru,1,"AS12586 (ASGHOSTNET, DE)"
cloud.linkdata.com,1,"AS210767 (LINKHOST, GB)"
mail.investml.ru,1,"AS12586 (ASGHOSTNET, DE)"
ionqu-com.mail.protection.outlook.com,1,
iolo-com.mail.protection.outlook.com,1,"AS8075 (MICROSOFT-CORP-MSN-AS-BLOCK - Microsoft Corporation, US)"
mail.ioea.net,1,"AS14061 (DIGITALOCEAN-ASN - DigitalOcean, LLC, US)"
mail.iodsemail.com,1,"AS12586 (ASGHOSTNET, DE)"
smtp-box-01.iol.pt,1,"AS1897 (EUNET, PT)"
mail.involuntmail.ru,1,"AS12586 (ASGHOSTNET, DE)"
investfxlearning.com,1,"AS16276 (OVH, FR)"
mail.imobiliare.blog,1,"AS24940 (HETZNER-AS, DE)"
ionucated.com,1,"AS47583 (AS-HOSTINGER, CY)"
ionqs-com.mail.protection.outlook.com,1,"AS8075 (MICROSOFT-CORP-MSN-AS-BLOCK - Microsoft Corporation, US)"
investosl.com,1,"AS25697 (UPCLOUDUSA - UpCloud USA Inc, US)"
mail.iobm.com,1,"AS14061 (DIGITALOCEAN-ASN - DigitalOcean, LLC, US)"
mail.inytel.com,1,"AS3352 (TELEFONICA_DE_ESPANA, ES)"
ionu-com.mail.protection.outlook.com,1,"AS8075 (MICROSOFT-CORP-MSN-AS-BLOCK - Microsoft Corporation, US)"
mail.ioplo.com,1,"AS14061 (DIGITALOCEAN-ASN - DigitalOcean, LLC, US)"
mail.inzh-s.ru,1,"AS44094 (WEBHOST1-AS, RU)"
ionqx.com,1,"AS46475 (LIMESTONENETWORKS - Limestone Networks, Inc., US)"
mail.iozak.com,1,"AS19318 (IS-AS-1 - Interserver, Inc, US)"
ionex.com,1,"AS7203 (LEASEWEB-USA-SFO - Leaseweb USA, Inc., US)"
mail.taunusstein.net,1,"AS24940 (HETZNER-AS, DE)"
mx6.iphonemsk.com,1,
aurora.netsec.ch,1,"AS29691 (NINE, CH)"
mx2.iphoneonandroid.com,1,"AS200107 (KL-EXT, CH)"
ipad3.net,1,"AS214036 (ULTAHOST-AS, US)"
ipm-fi.mail.protection.outlook.com,1,"AS8075 (MICROSOFT-CORP-MSN-AS-BLOCK - Microsoft Corporation, US)"
w019652d.kasserver.com,1,"AS34788 (NMM-AS D - 02742 Friedersdorf Hauptstrasse 68, DE)"
mail.iqr.fi,1,"AS16086 (DNA, FI)"
ilimail.com,1,"AS43350 (NFORCE, NL)"
iqi-fi.mail.protection.outlook.com,1,"AS8075 (MICROSOFT-CORP-MSN-AS-BLOCK - Microsoft Corporation, US)"
irgiprojek2-dpdns-org.mail.protection.outlook.com,1,"AS8075 (MICROSOFT-CORP-MSN-AS-BLOCK - Microsoft Corporation, US)"
irgiprojek4-dpdns-org.mail.protection.outlook.com,1,"AS8075 (MICROSOFT-CORP-MSN-AS-BLOCK - Microsoft Corporation, US)"
irishscholar.com,1,"AS39122 (BLACKNIGHT-AS, IE)"
mail.iridoscli.com,1,"AS12586 (ASGHOSTNET, DE)"
mail.iridodinf.com,1,"AS12586 (ASGHOSTNET, DE)"
mail.iridochoroli.com,1,"AS12586 (ASGHOSTNET, DE)"
mail.s1843.sureserver.com,1,"AS8739 (ICDSOFT, BG)"
irm-com.mail.protection.outlook.com,1,"AS8075 (MICROSOFT-CORP-MSN-AS-BLOCK - Microsoft Corporation, US)"
mail.ironmantriathlons.net,1,"AS14061 (DIGITALOCEAN-ASN - DigitalOcean, LLC, US)"
mail.iridosmail.com,1,"AS12586 (ASGHOSTNET, DE)"
irsguidelines.net,1,"AS14061 (DIGITALOCEAN-ASN - DigitalOcean, LLC, US)"
mx1.irishspringrealty.com,1,"AS200107 (KL-EXT, CH)"
mail.irrefrali.com,1,"AS12586 (ASGHOSTNET, DE)"
mail.irritml.ru,1,"AS12586 (ASGHOSTNET, DE)"
mail.irredudp.com,1,"AS12586 (ASGHOSTNET, DE)"
mail.irreconcilinf.com,1,"AS12586 (ASGHOSTNET, DE)"
mail.irrespmail.com,1,"AS12586 (ASGHOSTNET, DE)"
isgs-com0e.mail.protection.outlook.com,1,"AS8075 (MICROSOFT-CORP-MSN-AS-BLOCK - Microsoft Corporation, US)"
irremismail.com,1,"AS213702 (QWINS-LTD QWINS AS-SET: ~ # AS213702:AS-CUSTOMERS, GB)"
mail.irremedmail.com,1,"AS12586 (ASGHOSTNET, DE)"
mail.irresfmk.com,1,"AS12586 (ASGHOSTNET, DE)"
mail.irrevocabmails.ru,1,"AS12586 (ASGHOSTNET, DE)"
mail.irresolumail.ru,1,"AS12586 (ASGHOSTNET, DE)"
mail.irriemail.ru,1,"AS12586 (ASGHOSTNET, DE)"
mail.irreveremail.ru,1,"AS12586 (ASGHOSTNET, DE)"
mail.iridodmail.ru,1,"AS12586 (ASGHOSTNET, DE)"
a516721.mx.mailhop.org,1,"AS16509 (AMAZON-02 - Amazon.com, Inc., US)"
mail.irregemail.ru,1,"AS12586 (ASGHOSTNET, DE)"
mail.irreconcmails.ru,1,"AS12586 (ASGHOSTNET, DE)"
mail.irremmail.ru,1,"AS12586 (ASGHOSTNET, DE)"
mx2.reg365.net,1,"AS8622 (ISIONUK Team Blue Internet Services UK Ltd, GB)"
mail.irreprehemail.ru,1,"AS12586 (ASGHOSTNET, DE)"
mail.irreprehe.ru,1,"AS12586 (ASGHOSTNET, DE)"
mail.irresolvabmail.ru,1,"AS12586 (ASGHOSTNET, DE)"
iranmarket.info,1,"AS48715 (SEFROYEKPARDAZENG-AS Sefroyek Pardaz Engineering Company, IR)"
mail.irlmail.com,1,"AS30900 (WEBWORLD-AS ta Web World Ireland, IE)"
irgiprojek1-dpdns-org.mail.protection.outlook.com,1,"AS8075 (MICROSOFT-CORP-MSN-AS-BLOCK - Microsoft Corporation, US)"
intsl.com,1,"AS12488 (KRYSTAL, GB)"
mas-fc-r-11.mail.goo.jp,1,"AS4713 (OCN NTT DOCOMO BUSINESS,Inc., JP)"
mail.gnfox.cloudns.be,1,"AS62468 (HKCLOUDX - VpsQuan L.L.C., US)"
mail.mail.kschecker.online,1,"AS203446 (AS203446, GB)"
slapp.lienau.me,1,"AS8560 (IONOS-AS This is the joint network for IONOS, Fasthosts, Arsys, 1&1 Mail and Media and 1&1 Telecom. Formerly known as 1&1 Internet SE., DE)"
_dc-mx.19abca72c8bd.mail.mailifyy.com,1,"AS51167 (CONTABO, DE)"
mail.tdstoragebay.com,1,"AS13428 (SURFAIRWIRELESS-IN-02 - Surf Air Wireless, LLC, US)"
mail2.space,1,"AS47583 (AS-HOSTINGER, CY)"
mail.tbr.fr.nf,1,"AS16276 (OVH, FR)"
mx.mail.xiuvi.cn,1,"AS132203 (TENCENT-NET-AP-CN Tencent Building, Kejizhongyi Avenue, CN)"
mx.mail24.club,1,"AS29873 (BIZLAND-SD - Newfold Digital, Inc., US)"
mail.mail56.me,1,"AS47583 (AS-HOSTINGER, CY)"
mail.mail4u.info,1,"AS14061 (DIGITALOCEAN-ASN - DigitalOcean, LLC, US)"
relay1-new.mail.zp.ua,1,"AS15738 (UAEXPRESS Ukraine, UA)"
mx.mail4days.com,1,"AS16276 (OVH, FR)"
mx6.mailairport.com,1,
mail.mail42.shop,1,"AS51167 (CONTABO, DE)"
mail.mail5.info,1,"AS44486 (SYNLINQ synlinq.de, DE)"
mail2bin.com,1,"AS174 (COGENT-174 - Cogent Communications, LLC, US)"
mail.mail5.su,1,"AS44486 (SYNLINQ synlinq.de, DE)"
mail1a.de,1,"AS197540 (NETCUP-AS netcup GmbH, DE)"
mx.mail4trash.com,1,"AS16276 (OVH, FR)"
mailaugust.com,1,"AS47583 (AS-HOSTINGER, CY)"
mail.mailabconline.com,1,
mail.mailbeaver.net,1,"AS63949 (AKAMAI-LINODE-AP Akamai Connected Cloud, SG)"
mx.mailblog.biz,1,"AS14061 (DIGITALOCEAN-ASN - DigitalOcean, LLC, US)"
mailals.com,1,"AS54290 (HOSTWINDS - Hostwinds LLC., US)"
mailanti.com,1,"AS54290 (HOSTWINDS - Hostwinds LLC., US)"
mail.mailbucket.cc,1,"AS22612 (NAMECHEAP-NET - Namecheap, Inc., US)"
mx1.mailasdkr.net,1,"AS200107 (KL-EXT, CH)"
mailbox92-com.mail.protection.outlook.com,1,"AS8075 (MICROSOFT-CORP-MSN-AS-BLOCK - Microsoft Corporation, US)"
mailboxonline-org.mail.protection.outlook.com,1,"AS8075 (MICROSOFT-CORP-MSN-AS-BLOCK - Microsoft Corporation, US)"
mail.mailcker.com,1,"AS14061 (DIGITALOCEAN-ASN - DigitalOcean, LLC, US)"
mx1.mailbox1.gdn,1,"AS200107 (KL-EXT, CH)"
mailclimp.com,1,"AS47583 (AS-HOSTINGER, CY)"
mail.maildepot.net,1,"AS63949 (AKAMAI-LINODE-AP Akamai Connected Cloud, SG)"
mail2.mailcatch.com,1,"AS16276 (OVH, FR)"
_dc-mx.364932edcd99.maildax.me,1,"AS16276 (OVH, FR)"
mailbox.biz.st,1,"AS16276 (OVH, FR)"
mx6.mailerrtts.com,1,
mx.maildrop.cc,1,"AS24940 (HETZNER-AS, DE)"
mx.forwarding-service.maildim.com,1,"AS13335 (CLOUDFLARENET - Cloudflare, Inc., US)"
mail.mailcorplrtgood.com,1,"AS9009 (M247, RO)"
_dc-mx.8003d431763a.mailengs.com,1,"AS51167 (CONTABO, DE)"
mail.mailbucket.org,1,"AS32181 (ASN-GIGENET - GigeNET, US)"
mail.mailerq.net,1,"AS63949 (AKAMAI-LINODE-AP Akamai Connected Cloud, SG)"
mailerde.com,1,"AS54290 (HOSTWINDS - Hostwinds LLC., US)"
mail.maile.com,1,"AS20773 (GODADDY, DE)"
mail.mailer2.net,1,"AS47583 (AS-HOSTINGER, CY)"
mail1.maildx.com,1,"AS44418 (BITDEFENDER-AS, RO)"
mailersc.com,1,"AS54290 (HOSTWINDS - Hostwinds LLC., US)"
mail.mailcore.info,1,"AS8075 (MICROSOFT-CORP-MSN-AS-BLOCK - Microsoft Corporation, US)"
mx.maileto.com,1,"AS19318 (IS-AS-1 - Interserver, Inc, US)"
mail.mailfm.net,1,"AS14061 (DIGITALOCEAN-ASN - DigitalOcean, LLC, US)"
mail.mailfirst.icu,1,"AS14061 (DIGITALOCEAN-ASN - DigitalOcean, LLC, US)"
mailer.edu.pl,1,"AS20068 (HAWKHOST - Hawk Host Inc., CA)"
mailerie.com,1,"AS54290 (HOSTWINDS - Hostwinds LLC., US)"
mailfen.com,1,"AS54290 (HOSTWINDS - Hostwinds LLC., US)"
mail1.mailforspam.com,1,"AS14061 (DIGITALOCEAN-ASN - DigitalOcean, LLC, US)"
mailell.com,1,"AS54290 (HOSTWINDS - Hostwinds LLC., US)"
mail.mailforspam.net,1,"AS204800 (WHG-SGP, GB)"
mail1.mailfs.com,1,"AS44418 (BITDEFENDER-AS, RO)"
mailcard.net,1,"AS16276 (OVH, FR)"
mailfer.com,1,"AS54290 (HOSTWINDS - Hostwinds LLC., US)"
mail.mailforminutes.com,1,"AS47583 (AS-HOSTINGER, CY)"
mailexpire.com,1,"AS46475 (LIMESTONENETWORKS - Limestone Networks, Inc., US)"
mailer.io.vn,1,"AS20068 (HAWKHOST - Hawk Host Inc., CA)"
mx6.mailhub.pw,1,
mail.mailgutter.com,1,"AS40021 (CONTABO-40021 - Contabo Inc., US)"
mailgia.com,1,"AS54290 (HOSTWINDS - Hostwinds LLC., US)"
mail.mailhellox.fun,1,"AS47583 (AS-HOSTINGER, CY)"
mx.mailtie.com,1,"AS63949 (AKAMAI-LINODE-AP Akamai Connected Cloud, SG)"
mailhair.com,1,"AS54290 (HOSTWINDS - Hostwinds LLC., US)"
mg-standard.sakura.ne.jp,1,
mail.mailfit.top,1,"AS26042 (FIBERSTATE - FiberState, LLC, US)"
mailhon.com,1,"AS54290 (HOSTWINDS - Hostwinds LLC., US)"
_dc-mx.15eba8c7c036.mailifyy.com,1,"AS51167 (CONTABO, DE)"
_dc-mx.c0fe39ca2719.mailhub2.site,1,"AS216071 (VDSINA, AE)"
mail.mailhubbox.shop,1,"AS51167 (CONTABO, DE)"
mx.mailhz.me,1,"AS14061 (DIGITALOCEAN-ASN - DigitalOcean, LLC, US)"
mx1.mailimate.com,1,"AS45090 (TENCENT-NET-AP Shenzhen Tencent Computer Systems Company Limited, CN)"
mail.mailimpulse.com,1,"AS63410 (PRIVATESYSTEMS - PrivateSystems Networks, US)"
mail.mailinator.net,1,"AS63949 (AKAMAI-LINODE-AP Akamai Connected Cloud, SG)"
mail.mailinator.us,1,"AS24940 (HETZNER-AS, DE)"
mail.mailgen.pw,1,"AS132203 (TENCENT-NET-AP-CN Tencent Building, Kejizhongyi Avenue, CN)"
mail.mailinator.co.uk,1,"AS14061 (DIGITALOCEAN-ASN - DigitalOcean, LLC, US)"
mail.mailingo.net,1,"AS63949 (AKAMAI-LINODE-AP Akamai Connected Cloud, SG)"
kdx.mine.nu,1,"AS21413 (ENVIA-TEL-AS D-09114 Chemnitz, DE)"
mail.mailinux.me,1,"AS44486 (SYNLINQ synlinq.de, DE)"
_dc-mx.cc9350db55ee.mailio.site,1,"AS24940 (HETZNER-AS, DE)"
mail.mailin8r.com,1,"AS24940 (HETZNER-AS, DE)"
mailjuan.com,1,"AS54290 (HOSTWINDS - Hostwinds LLC., US)"
mx.mailhole.de,1,"AS24940 (HETZNER-AS, DE)"
maillang.com,1,"AS54290 (HOSTWINDS - Hostwinds LLC., US)"
mailjean.com,1,"AS54290 (HOSTWINDS - Hostwinds LLC., US)"
mx2.mailinatior.com,1,"AS200107 (KL-EXT, CH)"
mailkon.com,1,"AS54290 (HOSTWINDS - Hostwinds LLC., US)"
mail.mailify.top,1,"AS202619 (DOVECOM, RU)"
mail.mailkv.com,1,"AS132203 (TENCENT-NET-AP-CN Tencent Building, Kejizhongyi Avenue, CN)"
mail.mailforxr.site,1,"AS210079 (EUROBYTE, RU)"
maillap.com,1,"AS54290 (HOSTWINDS - Hostwinds LLC., US)"
inbound-smtp.us-east-1.amazonaws.comx,1,
mx.mailloading.com,1,"AS14061 (DIGITALOCEAN-ASN - DigitalOcean, LLC, US)"
mailluxe.com,1,"AS54290 (HOSTWINDS - Hostwinds LLC., US)"
mx.mailmagnet.co,1,"AS16276 (OVH, FR)"
mailmae.com,1,"AS54290 (HOSTWINDS - Hostwinds LLC., US)"
_dc-mx.9f6490b49486.mailmail.sbs,1,"AS200223 (ETHERON, NL)"
maillote.com,1,"AS54290 (HOSTWINDS - Hostwinds LLC., US)"
mailmel.com,1,"AS54290 (HOSTWINDS - Hostwinds LLC., US)"
mx-asgard.mailinblack.com,1,"AS8075 (MICROSOFT-CORP-MSN-AS-BLOCK - Microsoft Corporation, US)"
_dc-mx.7e2a4728ad04.mailn.site,1,"AS24940 (HETZNER-AS, DE)"
mx.mailme24.com,1,"AS16276 (OVH, FR)"
mx1.mailna.co,1,"AS24940 (HETZNER-AS, DE)"
mx1.mailna.in,1,"AS24940 (HETZNER-AS, DE)"
mx1.mailme.vip,1,"AS200107 (KL-EXT, CH)"
mx1.mailna.biz,1,"AS14061 (DIGITALOCEAN-ASN - DigitalOcean, LLC, US)"
mailmit.com,1,"AS54290 (HOSTWINDS - Hostwinds LLC., US)"
mx2.maillink.info,1,"AS200107 (KL-EXT, CH)"
mx1.mailna.me,1,"AS24940 (HETZNER-AS, DE)"
mail.maillv.com,1,"AS12586 (ASGHOSTNET, DE)"
mes.maillsk.com,1,"AS12586 (ASGHOSTNET, DE)"
mailniu.com,1,"AS54290 (HOSTWINDS - Hostwinds LLC., US)"
mailo.edu.pl,1,"AS20068 (HAWKHOST - Hawk Host Inc., CA)"
mail.mailmelt.cfd,1,"AS24940 (HETZNER-AS, DE)"
mx1.mailmefast.info,1,"AS200107 (KL-EXT, CH)"
smtp.mailmoat.com,1,"AS22768 (SYNERGYBROADBAND-MI-02 - SYNERGY BROADBAND, US)"
mail.mailgen.info,1,"AS132203 (TENCENT-NET-AP-CN Tencent Building, Kejizhongyi Avenue, CN)"
mail.likemail.com,1,"AS32244 (LIQUIDWEB - Liquid Web, L.L.C, US)"
mx.mailorc.com,1,"AS16276 (OVH, FR)"
_dc-mx.ec1653aca4ca.mailp.site,1,"AS24940 (HETZNER-AS, DE)"
mail.mailgojoker.com,1,"AS132203 (TENCENT-NET-AP-CN Tencent Building, Kejizhongyi Avenue, CN)"
mailify.org,1,"AS137035 (PWCS-AS-AP Parallel Web Cloud Services, IN)"
_dc-mx.b7d10cb374ff.mailpk.site,1,"AS24940 (HETZNER-AS, DE)"
_dc-mx.da94502b5f19.mailp.org,1,"AS24940 (HETZNER-AS, DE)"
mx1.mailmonster.bid,1,"AS200107 (KL-EXT, CH)"
mailprotech.com,1,"AS47583 (AS-HOSTINGER, CY)"
mx6.mailrerrs.com,1,
mail.mailrc.biz,1,"AS14061 (DIGITALOCEAN-ASN - DigitalOcean, LLC, US)"
mx.mailref.net,1,"AS14061 (DIGITALOCEAN-ASN - DigitalOcean, LLC, US)"
_dc-mx.ba1a9db12592.mailrapidpro.com,1,"AS18450 (WEBNX - WebNX, Inc., US)"
_dc-mx.4aeb423a363d.mailru.site,1,"AS24940 (HETZNER-AS, DE)"
mail.mailretrer.com,1,"AS14061 (DIGITALOCEAN-ASN - DigitalOcean, LLC, US)"
mailrest.com,1,"AS54290 (HOSTWINDS - Hostwinds LLC., US)"
mail.devrolab.com,1,
mailros.com,1,"AS54290 (HOSTWINDS - Hostwinds LLC., US)"
mx.mailsadf.net,1,"AS14061 (DIGITALOCEAN-ASN - DigitalOcean, LLC, US)"
mx.mailsdfd.net,1,"AS14061 (DIGITALOCEAN-ASN - DigitalOcean, LLC, US)"
mx1.mailrock.biz,1,"AS200107 (KL-EXT, CH)"
mx.mailsdfeer.net,1,"AS14061 (DIGITALOCEAN-ASN - DigitalOcean, LLC, US)"
mail.mailsd.net,1,"AS14061 (DIGITALOCEAN-ASN - DigitalOcean, LLC, US)"
mail.mailsecv.com,1,"AS47583 (AS-HOSTINGER, CY)"
mail.bridgeasia.group,1,"AS24940 (HETZNER-AS, DE)"
mail.heroicmail.com,1,"AS399250 (NAMEHERO-KCDC - Name Hero, LLC, US)"
mail.mailni.club,1,"AS132203 (TENCENT-NET-AP-CN Tencent Building, Kejizhongyi Avenue, CN)"
mx01.mailguard.me,1,"AS16276 (OVH, FR)"
d.mx.mailshell.com,1,"AS63949 (AKAMAI-LINODE-AP Akamai Connected Cloud, SG)"
mailska.com,1,"AS54290 (HOSTWINDS - Hostwinds LLC., US)"
mx.mailslite.com,1,"AS14061 (DIGITALOCEAN-ASN - DigitalOcean, LLC, US)"
mail.mailsphere.space,1,"AS49683 (MASSIVEGRID, GB)"
mx2.mailsinabox.bid,1,"AS200107 (KL-EXT, CH)"
w019efd9.kasserver.com,1,"AS34788 (NMM-AS D - 02742 Friedersdorf Hauptstrasse 68, DE)"
mailsst.com,1,"AS54290 (HOSTWINDS - Hostwinds LLC., US)"
mailste.com,1,"AS54290 (HOSTWINDS - Hostwinds LLC., US)"
_dc-mx.0583831c3117.mailtelig.site,1,"AS24940 (HETZNER-AS, DE)"
mx2.mailspirit.info,1,"AS200107 (KL-EXT, CH)"
mailswim.com,1,"AS54290 (HOSTWINDS - Hostwinds LLC., US)"
mailtal.com,1,"AS54290 (HOSTWINDS - Hostwinds LLC., US)"
mail.mailthink.net,1,"AS63949 (AKAMAI-LINODE-AP Akamai Connected Cloud, SG)"
mail.tempy.email,1,"AS16509 (AMAZON-02 - Amazon.com, Inc., US)"
mailsi.online,1,"AS203380 (DAINTERNATIONALGROUP, BG)"
_dc-mx.4c3854fd3df9.mailtemp.uk,1,"AS49467 (EUROTA-ASN EUROTA INTERNET SERVICES LTD, TR)"
mailsafe.fr.nf,1,"AS16276 (OVH, FR)"
mail.mailtmk.com,1,"AS14061 (DIGITALOCEAN-ASN - DigitalOcean, LLC, US)"
global.mailtemp.net,1,"AS401696 (COGNETCLOUD - cognetcloud INC, US)"
mail.mailtrust.online,1,"AS12586 (ASGHOSTNET, DE)"
m.mailvh.com,1,"AS401696 (COGNETCLOUD - cognetcloud INC, US)"
_dc-mx.c2476fbd758d.mailw.site,1,"AS24940 (HETZNER-AS, DE)"
mail.mailvs.net,1,"AS14061 (DIGITALOCEAN-ASN - DigitalOcean, LLC, US)"
mail.mailvq.net,1,"AS14061 (DIGITALOCEAN-ASN - DigitalOcean, LLC, US)"
mail.mailvip.info,1,"AS44486 (SYNLINQ synlinq.de, DE)"
api.moeclub.org,1,"AS16276 (OVH, FR)"
mailxing.com,1,"AS54290 (HOSTWINDS - Hostwinds LLC., US)"
mail1.mailsrv.ru,1,"AS12578 (APOLLO-AS Latvia, LV)"
mail.mailzhi.com,1,"AS36007 (KAMATERA - Kamatera, Inc., US)"
mail.mailus.carolinensiellive.click,1,"AS51167 (CONTABO, DE)"
mail.mailus.thewisetransfer.click,1,"AS51167 (CONTABO, DE)"
mail.mailus.thebillieholiday.click,1,"AS51167 (CONTABO, DE)"
mail.mailopenz.com,1,"AS29182 (RU-JSCIOT, RU)"
mailaccs.store,1,"AS49981 (WORLDSTREAM, NL)"
mailzilla-com.p10.spamhero.com,1,"AS13354 (ZC38-AS1 - zColo, US)"
mailv1.theloi.io.vn,1,"AS149089 (CLOUDFLY-VN CLOUDFLY CORPORATION, VN)"
mail.mainlinehosting.net,1,"AS46606 (UNIFIEDLAYER-AS-1 - Unified Layer, US)"
mx1.major-jobs.com,1,"AS200107 (KL-EXT, CH)"
mail.maily.website,1,"AS50599 (Autonomous System for Dataspace P.S.A., PL)"
mail.makeemailgreat.com,1,"AS16276 (OVH, FR)"
mx1.make-bootable-disks.com,1,"AS200107 (KL-EXT, CH)"
mail.maily.info,1,"AS24940 (HETZNER-AS, DE)"
makeme-fashion.com,1,"AS153528 (ESL-AS-AP ExtentIT Solution Limited, BD)"
maltacp.com,1,"AS47583 (AS-HOSTINGER, CY)"
mail.malassimilmfri.com,1,"AS12586 (ASGHOSTNET, DE)"
mail.mamamintaemail.com,1,"AS16276 (OVH, FR)"
mailtune.ir,1,"AS12660 (SHARIF-EDU-NET, IR)"
malamail.com,1,"AS213702 (QWINS-LTD QWINS AS-SET: ~ # AS213702:AS-CUSTOMERS, GB)"
mail.malobservfml.com,1,"AS12586 (ASGHOSTNET, DE)"
zc-mx.zohocorp.com,1,"AS56201 (ZOHO-IN Zoho Corporation Pvt. Ltd, IN)"
mail.malariolmail.ru,1,"AS12586 (ASGHOSTNET, DE)"
mamabood.com,1,"AS47583 (AS-HOSTINGER, CY)"
maloufco-com.mail.protection.outlook.com,1,"AS8075 (MICROSOFT-CORP-MSN-AS-BLOCK - Microsoft Corporation, US)"
mail.managemail.ru,1,"AS12586 (ASGHOSTNET, DE)"
mx4.m2bp.com,1,"AS24940 (HETZNER-AS, DE)"
mx.mannbdinfo.org,1,"AS14061 (DIGITALOCEAN-ASN - DigitalOcean, LLC, US)"
mail.manipulafl.com,1,"AS12586 (ASGHOSTNET, DE)"
manipumail.com,1,"AS213702 (QWINS-LTD QWINS AS-SET: ~ # AS213702:AS-CUSTOMERS, GB)"
a015456.mx.mailhop.org,1,"AS16509 (AMAZON-02 - Amazon.com, Inc., US)"
mail.manometrifml.com,1,"AS12586 (ASGHOSTNET, DE)"
mail.maneuveraomail.ru,1,"AS12586 (ASGHOSTNET, DE)"
mail.manipukl.ru,1,"AS12586 (ASGHOSTNET, DE)"
manuka-com.mail.protection.outlook.com,1,"AS8075 (MICROSOFT-CORP-MSN-AS-BLOCK - Microsoft Corporation, US)"
mail.mania99.org,1,"AS57344 (TELEHOUSE-AS, BG)"
mail.mailni.biz,1,"AS132203 (TENCENT-NET-AP-CN Tencent Building, Kejizhongyi Avenue, CN)"
mami999.net,1,"AS26496 (AS-26496-GO-DADDY-COM-LLC - GoDaddy.com, LLC, US)"
mail.manomails.ru,1,"AS12586 (ASGHOSTNET, DE)"
mail.mapcorewards.com,1,"AS209 (CENTURYLINK-US-LEGACY-QWEST - CenturyLink Communications, LLC, US)"
_dc-mx.b75a243f5b54.marattok.com,1,"AS16276 (OVH, FR)"
mail.manufactmail.ru,1,"AS12586 (ASGHOSTNET, DE)"
smtp.mareno.net,1,"AS54290 (HOSTWINDS - Hostwinds LLC., US)"
marchfh-com.mail.protection.outlook.com,1,"AS8075 (MICROSOFT-CORP-MSN-AS-BLOCK - Microsoft Corporation, US)"
mail.marciszewski.pl,1,"AS41079 (CF-GDA, PL)"
mxb-0014b501.gslb.pphosted.com,1,"AS22843 (PROOFPOINT-ASN-US-EAST - Proofpoint, Inc., US)"
mail.markerting4all.shop,1,
mail.mariewallacerealestateagentfolsomca.com,1,"AS46606 (UNIFIEDLAYER-AS-1 - Unified Layer, US)"
margimail.com,1,"AS213702 (QWINS-LTD QWINS AS-SET: ~ # AS213702:AS-CUSTOMERS, GB)"
zelda.veridyen.com,1,"AS209853 (VERIDYEN Veridyen Bilisim Teknolojileri Sanayi ve Ticaret Limited Sirketi, TR)"
mail.marmaryta.com,1,"AS47583 (AS-HOSTINGER, CY)"
mail.marlboro-ez-cigarettes.com,1,"AS16276 (OVH, FR)"
mail.mark-mail.pro,1,"AS200740 (FIRST-SERVER-EU-AS FIRST-SERVER-US, GB)"
156121029.pamx1.hotmail.com,1,"AS8075 (MICROSOFT-CORP-MSN-AS-BLOCK - Microsoft Corporation, US)"
mx.mandisa.dpdns.org,1,"AS34119 (WILDCARD-AS Wildcard UK Limited, GB)"
mail.marketing.healthcareprivacy.click,1,"AS51167 (CONTABO, DE)"
mail.many-slots.ru,1,"AS50340 (SELECTEL-MSK, RU)"
mail.kumpa.xyz,1,"AS40021 (CONTABO-40021 - Contabo Inc., US)"
mail.kuponjitu.org,1,"AS22612 (NAMECHEAP-NET - Namecheap, Inc., US)"
mail.marsipobrinf.com,1,"AS12586 (ASGHOSTNET, DE)"
_dc-mx.f1253c53bdf9.martmerc.com,1,"AS46475 (LIMESTONENETWORKS - Limestone Networks, Inc., US)"
marchelloua.mooo.com,1,"AS205727 (ARUBAPL-AS, IT)"
mail.marvelfight.cc,1,"AS45102 (ALIBABA-CN-NET Alibaba US Technology Co., Ltd., CN)"
marketlink.info,1,"AS30083 (AS-30083-US-VELIA-NET - velia.net, DE)"
mail.marwan.shop,1,"AS22612 (NAMECHEAP-NET - Namecheap, Inc., US)"
mashorts.com,1,"AS47583 (AS-HOSTINGER, CY)"
mail.marywesley.com,1,"AS46606 (UNIFIEDLAYER-AS-1 - Unified Layer, US)"
mail.mashy.com,1,"AS24940 (HETZNER-AS, DE)"
mx1.mashed.site,1,"AS200107 (KL-EXT, CH)"
mail.martyroml.ru,1,"AS12586 (ASGHOSTNET, DE)"
mail0.maskmail.net,1,"AS16509 (AMAZON-02 - Amazon.com, Inc., US)"
mx1-cluster15.immenzaces.com,1,"AS137488 (ICEWARP-AS-AP IceWarp Technologies Pvt. Ltd., IN)"
mail.masculmail.ru,1,"AS12586 (ASGHOSTNET, DE)"
mx.mas90help.com,1,"AS16276 (OVH, FR)"
marvinlee.net,1,"AS30475 (WEHOSTWEBSITES-COM - Handy Networks, LLC, US)"
mail.massazhistki-40.com,1,"AS29182 (RU-JSCIOT, RU)"
mail.massazhistki-na-dom.com,1,"AS29182 (RU-JSCIOT, RU)"
mail.marksandspencer.com.vn,1,"AS16276 (OVH, FR)"
mail.massazhistki-50.com,1,"AS29182 (RU-JSCIOT, RU)"
mail.massageplanner.com,1,"AS201682 (LIQUID-WEB-BV, US)"
mail.kupit-pesok-v-volhove.ru,1,"AS35278 (SPRINTHOST, RU)"
masterdomino88.net,1,"AS22612 (NAMECHEAP-NET - Namecheap, Inc., US)"
mx1.masterhost.site,1,"AS200107 (KL-EXT, CH)"
mail.master-crm.ru,1,"AS35278 (SPRINTHOST, RU)"
masterpokerqq.net,1,"AS22612 (NAMECHEAP-NET - Namecheap, Inc., US)"
masterdomino88.org,1,"AS212238 (CDNEXT, GB)"
mx2.mail.corp.masterhost.ru,1,"AS25532 (MASTERHOST-AS Moscow, Russia, RU)"
mx.mastplants.com.cust.b.hostedemail.com,1,"AS32491 (TUCOWS-3 - Tucows.com Co., CA)"
mail.matanmail.com,1,"AS12586 (ASGHOSTNET, DE)"
mx.mataa.me,1,"AS34119 (WILDCARD-AS Wildcard UK Limited, GB)"
spf0.materael.com,1,"AS14061 (DIGITALOCEAN-ASN - DigitalOcean, LLC, US)"
mail.materfmk.com,1,"AS12586 (ASGHOSTNET, DE)"
mail.materifl.com,1,"AS12586 (ASGHOSTNET, DE)"
mail.materics.ru,1,"AS12586 (ASGHOSTNET, DE)"
mail.materimail.ru,1,"AS12586 (ASGHOSTNET, DE)"
mail.matemails.ru,1,"AS12586 (ASGHOSTNET, DE)"
mail.materml.ru,1,"AS12586 (ASGHOSTNET, DE)"
mail.makefriends.ru,1,"AS216139 (IRONHOST, GB)"
mail.mariecharlesrealestateagenthumbletx.com,1,"AS46606 (UNIFIEDLAYER-AS-1 - Unified Layer, US)"
w01e3f50.kasserver.com,1,"AS34788 (NMM-AS D - 02742 Friedersdorf Hauptstrasse 68, DE)"
markarcher.com.au,1,"AS19871 (NETWORK-SOLUTIONS-HOSTING - Network Solutions, LLC, US)"
mail.maulmail.com,1,"AS12586 (ASGHOSTNET, DE)"
mail.matmail.ru,1,"AS12586 (ASGHOSTNET, DE)"
maxamba.com,1,
mx.maxbeautyhair.com.cust.b.hostedemail.com,1,"AS32491 (TUCOWS-3 - Tucows.com Co., CA)"
mx.maxdispatchconnect.com.cust.a.hostedemail.com,1,"AS15348 (TUCOWS - Tucows.com Co., CA)"
mail.marsipomail.com,1,"AS12586 (ASGHOSTNET, DE)"
mail.maxric.com,1,"AS14061 (DIGITALOCEAN-ASN - DigitalOcean, LLC, US)"
mail.maxrollspins.co,1,"AS24940 (HETZNER-AS, DE)"
mail.maxsad.com,1,"AS51167 (CONTABO, DE)"
maxxedout.net,1,"AS209 (CENTURYLINK-US-LEGACY-QWEST - CenturyLink Communications, LLC, US)"
marvinlee.com,1,"AS30475 (WEHOSTWEBSITES-COM - Handy Networks, LLC, US)"
mx0a-00108d02.pphosted.com,1,"AS26211 (PROOFPOINT-ASN-US-WEST - Proofpoint, Inc., US)"
mxa-00739801.gslb.pphosted.com,1,"AS26211 (PROOFPOINT-ASN-US-WEST - Proofpoint, Inc., US)"
markellaw-com.mail.protection.outlook.com,1,
mbcannj-com.mail.protection.outlook.com,1,
mail.mastopamail.ru,1,"AS12586 (ASGHOSTNET, DE)"
mbm-com.mail.protection.outlook.com,1,"AS8075 (MICROSOFT-CORP-MSN-AS-BLOCK - Microsoft Corporation, US)"
mbejci.com,1,"AS24940 (HETZNER-AS, DE)"
mcafee-com.mail.protection.outlook.com,1,"AS8075 (MICROSOFT-CORP-MSN-AS-BLOCK - Microsoft Corporation, US)"
mail.mcguide.cc,1,"AS45102 (ALIBABA-CN-NET Alibaba US Technology Co., Ltd., CN)"
mcc-east.mx.a.cloudfilter.net,1,"AS14618 (AMAZON-AES - Amazon.com, Inc., US)"
a406698.mx.mailhop.org,1,"AS16509 (AMAZON-02 - Amazon.com, Inc., US)"
a214134.mx.mailhop.org,1,"AS16509 (AMAZON-02 - Amazon.com, Inc., US)"
mail.mdamageqdz.com,1,"AS47583 (AS-HOSTINGER, CY)"
mdexc-com.mail.protection.outlook.com,1,"AS8075 (MICROSOFT-CORP-MSN-AS-BLOCK - Microsoft Corporation, US)"
matydezynfekcyjne.com.pl,1,"AS15967 (NETARTGROUP, PL)"
mdo88.org,1,"AS22612 (NAMECHEAP-NET - Namecheap, Inc., US)"
me5a-com.mail.protection.outlook.com,1,
mdo88.com,1,"AS22612 (NAMECHEAP-NET - Namecheap, Inc., US)"
maxillomamail.com,1,"AS213702 (QWINS-LTD QWINS AS-SET: ~ # AS213702:AS-CUSTOMERS, GB)"
meboxmedia.us,1,"AS14061 (DIGITALOCEAN-ASN - DigitalOcean, LLC, US)"
mail.mofpay.com,1,"AS14061 (DIGITALOCEAN-ASN - DigitalOcean, LLC, US)"
a656183.mx.mailhop.org,1,"AS16509 (AMAZON-02 - Amazon.com, Inc., US)"
mx1.hostinger.co,1,"AS13335 (CLOUDFLARENET - Cloudflare, Inc., US)"
mec-com.mail.protection.outlook.com,1,"AS8075 (MICROSOFT-CORP-MSN-AS-BLOCK - Microsoft Corporation, US)"
mcdomaine.fr.nf,1,"AS16276 (OVH, FR)"
meda-com.mail.protection.outlook.com,1,"AS8075 (MICROSOFT-CORP-MSN-AS-BLOCK - Microsoft Corporation, US)"
mx1.mohmal.in,1,"AS24940 (HETZNER-AS, DE)"
mx1.mohmal.club,1,"AS24940 (HETZNER-AS, DE)"
mail.maylx.com,1,"AS14061 (DIGITALOCEAN-ASN - DigitalOcean, LLC, US)"
mail.mechanml.ru,1,"AS12586 (ASGHOSTNET, DE)"
mail.mechanomail.ru,1,"AS12586 (ASGHOSTNET, DE)"
medc-com.mail.protection.outlook.com,1,"AS8075 (MICROSOFT-CORP-MSN-AS-BLOCK - Microsoft Corporation, US)"
mail.mechanomails.ru,1,"AS12586 (ASGHOSTNET, DE)"
mohemil.com,1,"AS47583 (AS-HOSTINGER, CY)"
mail.mediapulsetech.com,1,"AS398101 (GO-DADDY-COM-LLC - GoDaddy.com, LLC, US)"
mohmal.tech,1,"AS48348 (CLOUDBUILDERS, ES)"
mois-com.mail.protection.outlook.com,1,"AS8075 (MICROSOFT-CORP-MSN-AS-BLOCK - Microsoft Corporation, US)"
mazon-com.mail.protection.outlook.com,1,"AS8075 (MICROSOFT-CORP-MSN-AS-BLOCK - Microsoft Corporation, US)"
mecs-de.mail.protection.outlook.com,1,"AS8075 (MICROSOFT-CORP-MSN-AS-BLOCK - Microsoft Corporation, US)"
hostmx01.logix.in,1,"AS4755 (TATACOMM-AS TATA Communications formerly VSNL is Leading ISP, IN)"
mail.med-tovary.com,1,"AS197695 (AS-REG, RU)"
mohamadkarimian.com,1,"AS24940 (HETZNER-AS, DE)"
mx0a-002c9901.pphosted.com,1,"AS26211 (PROOFPOINT-ASN-US-WEST - Proofpoint, Inc., US)"
medicaregenius-com.mail.protection.outlook.com,1,"AS8075 (MICROSOFT-CORP-MSN-AS-BLOCK - Microsoft Corporation, US)"
mail.mediatml.ru,1,"AS12586 (ASGHOSTNET, DE)"
medicaresolutions-com.mail.protection.outlook.com,1,"AS8075 (MICROSOFT-CORP-MSN-AS-BLOCK - Microsoft Corporation, US)"
medigap-com.mail.protection.outlook.com,1,"AS8075 (MICROSOFT-CORP-MSN-AS-BLOCK - Microsoft Corporation, US)"
tccm.in.tmes.trendmicro.com,1,"AS14618 (AMAZON-AES - Amazon.com, Inc., US)"
medjetassist-com.mail.protection.outlook.com,1,"AS8075 (MICROSOFT-CORP-MSN-AS-BLOCK - Microsoft Corporation, US)"
mediosmail.com,1,"AS213702 (QWINS-LTD QWINS AS-SET: ~ # AS213702:AS-CUSTOMERS, GB)"
mta.marloni.com.pl,1,"AS16276 (OVH, FR)"
rmw-002.fmcity.com,1,"AS4766 (KIXS-AS-KR Korea Telecom, KR)"
mail.meefff.com,1,"AS24940 (HETZNER-AS, DE)"
mail.meditermails.ru,1,"AS12586 (ASGHOSTNET, DE)"
mail.mediterr.ru,1,"AS12586 (ASGHOSTNET, DE)"
mx-hosting.biz.net.id,1,"AS38482 (BIZNET2-AS-ID Biznet ISP, ID)"
mail.maturmail.com,1,"AS132203 (TENCENT-NET-AP-CN Tencent Building, Kejizhongyi Avenue, CN)"
meetupmonkey.com,1,"AS54113 (FASTLY - Fastly, Inc., US)"
kwiatownik.pl,1,"AS15967 (NETARTGROUP, PL)"
mx.me-angel.net,1,"AS14061 (DIGITALOCEAN-ASN - DigitalOcean, LLC, US)"
kwmail-smtp-lb-e1d4ee68a4c31204.elb.eu-west-1.amazonaws.com,1,
kwcp.com,1,"AS136907 (HWCLOUDS-AS-AP HUAWEI CLOUDS, HK)"
mail.me.tempo-mail.pro,1,"AS22612 (NAMECHEAP-NET - Namecheap, Inc., US)"
mx2.mega1.gdn,1,"AS200107 (KL-EXT, CH)"
mx6.meangel.net,1,
mail.medremservis.ru,1,"AS198068 (PAGM-AS, EE)"
mx03.mea.com,1,"AS4680 (MIND Mitsubishi Electric Information Network Corporation, JP)"
mail.meandu.store,1,"AS47583 (AS-HOSTINGER, CY)"
mail.kvartagroup.ru,1,"AS210079 (EUROBYTE, RU)"
kx-com.mail.protection.outlook.com,1,"AS8075 (MICROSOFT-CORP-MSN-AS-BLOCK - Microsoft Corporation, US)"
mx.megape.in,1,"AS14061 (DIGITALOCEAN-ASN - DigitalOcean, LLC, US)"
mebeldomoi.com,1,"AS20068 (HAWKHOST - Hawk Host Inc., CA)"
mail.megaposty.com,1,"AS36352 (AS-COLOCROSSING - HostPapa, US)"
_dc-mx.d4ef8ce45444.megastorage.xyz,1,"AS22612 (NAMECHEAP-NET - Namecheap, Inc., US)"
mail.megalosmail.com,1,"AS12586 (ASGHOSTNET, DE)"
mx2.megahost.info,1,"AS200107 (KL-EXT, CH)"
mail.megakarml.ru,1,"AS12586 (ASGHOSTNET, DE)"
megamail.fr.nf,1,"AS16276 (OVH, FR)"
mail.megalecvegai.ru,1,"AS12586 (ASGHOSTNET, DE)"
mail.megdalomail.com,1,"AS12586 (ASGHOSTNET, DE)"
mega-com.mail.protection.outlook.com,1,"AS8075 (MICROSOFT-CORP-MSN-AS-BLOCK - Microsoft Corporation, US)"
mail.megachiromail.ru,1,"AS12586 (ASGHOSTNET, DE)"
mail.megacepfmail.ru,1,"AS12586 (ASGHOSTNET, DE)"
mail.kyntaris.cfd,1,"AS203446 (AS203446, GB)"
mail.megakarmails.ru,1,"AS12586 (ASGHOSTNET, DE)"
mail.megalogomail.ru,1,"AS12586 (ASGHOSTNET, DE)"
mail.megalocrsmail.ru,1,"AS12586 (ASGHOSTNET, DE)"
mail.megalocemail.ru,1,"AS12586 (ASGHOSTNET, DE)"
mail.megalomail.ru,1,"AS12586 (ASGHOSTNET, DE)"
mail.melaptop.net,1,
mail.mechanorecmail.ru,1,"AS12586 (ASGHOSTNET, DE)"
mx1.mohmal.im,1,"AS24940 (HETZNER-AS, DE)"
a092943.mx.mailhop.org,1,"AS16509 (AMAZON-02 - Amazon.com, Inc., US)"
mx.b.hostedemail.com,1,"AS32491 (TUCOWS-3 - Tucows.com Co., CA)"
melanmail.com,1,"AS213702 (QWINS-LTD QWINS AS-SET: ~ # AS213702:AS-CUSTOMERS, GB)"
kyuusei.fr.nf,1,"AS16276 (OVH, FR)"
malibuzz.mellieswelding.com,1,"AS51167 (CONTABO, DE)"
mail.kyphosco.ru,1,"AS12586 (ASGHOSTNET, DE)"
mail.melanofiml.ru,1,"AS12586 (ASGHOSTNET, DE)"
mx.melite.shop.cust.b.hostedemail.com,1,"AS32491 (TUCOWS-3 - Tucows.com Co., CA)"
mx0.meltmail.com,1,"AS54290 (HOSTWINDS - Hostwinds LLC., US)"
_dc-mx.d184a5df35a6.meltp.com,1,"AS24940 (HETZNER-AS, DE)"
melissachi.com,1,"AS58061 (SCALAXY-AS, LV)"
melssa.com,1,"AS33322 (NDCHOST - Network Data Center Host, Inc., US)"
mail.meinspamschutz.de,1,"AS197540 (NETCUP-AS netcup GmbH, DE)"
dhmx01.emig.gmx.net,1,"AS8560 (IONOS-AS This is the joint network for IONOS, Fasthosts, Arsys, 1&1 Mail and Media and 1&1 Telecom. Formerly known as 1&1 Internet SE., DE)"
mail.melbet-ok.ru,1,"AS58061 (SCALAXY-AS, LV)"
mail.mehrpoy.ir,1,"AS204213 (NETMIHAN, IR)"
megoqo.ru,1,"AS204601 (PODAON, NL)"
dmarc.memhers.com,1,"AS14061 (DIGITALOCEAN-ASN - DigitalOcean, LLC, US)"
mxr.memorimail.com,1,"AS14061 (DIGITALOCEAN-ASN - DigitalOcean, LLC, US)"
level3mx.memoryence.com,1,"AS14061 (DIGITALOCEAN-ASN - DigitalOcean, LLC, US)"
mail.memorafmk.com,1,"AS12586 (ASGHOSTNET, DE)"
mail.memorialimy.com,1,"AS12586 (ASGHOSTNET, DE)"
mail.memorifmail.ru,1,"AS12586 (ASGHOSTNET, DE)"
memorisx.com,1,"AS24940 (HETZNER-AS, DE)"
mail.memes.watch,1,
mail.l-bank.de,1,"AS29682 (LBANK-DE-KA-AS, DE)"
mail.l5prefixm.com,1,"AS47583 (AS-HOSTINGER, CY)"
mail.menitao.com,1,"AS14061 (DIGITALOCEAN-ASN - DigitalOcean, LLC, US)"
mail.meningoencmail.com,1,"AS12586 (ASGHOSTNET, DE)"
mail.meningoencephli.com,1,"AS12586 (ASGHOSTNET, DE)"
mail.menormail.com,1,"AS12586 (ASGHOSTNET, DE)"
mail.l7b2l47k.com,1,"AS47583 (AS-HOSTINGER, CY)"
mail.l88i.live,1,"AS22612 (NAMECHEAP-NET - Namecheap, Inc., US)"
mail.mepost.pw,1,"AS14061 (DIGITALOCEAN-ASN - DigitalOcean, LLC, US)"
mepo.uk,1,"AS7506 (INTERQ GMO Internet Group, Inc., JP)"
mx2.menviagraget.com,1,"AS200107 (KL-EXT, CH)"
mail.elinks.hosting,1,"AS24940 (HETZNER-AS, DE)"
la-boite-a-lettre.fr.nf,1,"AS16276 (OVH, FR)"
mail.lab.agp.edu.pl,1,"AS16276 (OVH, FR)"
mail.mercadodeactivos.com,1,"AS209341 (WHG-FRA, GB)"
mail.labiovfmk.com,1,"AS12586 (ASGHOSTNET, DE)"
mail2.mera.com,1,"AS206402 (ORION, CH)"
mail.mentomeemail.ru,1,"AS12586 (ASGHOSTNET, DE)"
kylemaguire-com.mail.protection.outlook.com,1,"AS8075 (MICROSOFT-CORP-MSN-AS-BLOCK - Microsoft Corporation, US)"
mx.merchstore.store.cust.b.hostedemail.com,1,"AS32491 (TUCOWS-3 - Tucows.com Co., CA)"
wxrte02.laboraryer.com,1,"AS14061 (DIGITALOCEAN-ASN - DigitalOcean, LLC, US)"
mail.mergecraft.shop,1,"AS47583 (AS-HOSTINGER, CY)"
laborfirst-com.mx1.arsmtp.com,1,"AS53780 (AS-APPRIVER - APPRIVER LLC, US)"
igw18.site4now.net,1,"AS46844 (SHARKTECH - Sharktech, US)"
nas.megatel.md,1,"AS31204 (SUNCOMMUNICATIONS-AS JV Sun Communications Autonomous System, MD)"
smtp.lacedmail.com,1,"AS396982 (GOOGLE-CLOUD-PLATFORM - Google LLC, US)"
mail.labialimail.ru,1,"AS12586 (ASGHOSTNET, DE)"
mail.labyrintml.ru,1,"AS12586 (ASGHOSTNET, DE)"
mail.mercenmil.ru,1,"AS12586 (ASGHOSTNET, DE)"
melancomail.com,1,"AS213702 (QWINS-LTD QWINS AS-SET: ~ # AS213702:AS-CUSTOMERS, GB)"
_dc-mx.5899d627a1e7.merlinlabs.dev,1,"AS7922 (COMCAST-7922 - Comcast Cable Communications, LLC, US)"
6fb66153aa05234083d2f8c710c698.pamx1.hotmail.com,1,"AS8075 (MICROSOFT-CORP-MSN-AS-BLOCK - Microsoft Corporation, US)"
mail.laboremail.ru,1,"AS12586 (ASGHOSTNET, DE)"
a388437.mx.mailhop.org,1,"AS16509 (AMAZON-02 - Amazon.com, Inc., US)"
mail.lactoveinf.com,1,"AS12586 (ASGHOSTNET, DE)"
mail.lactclmail.com,1,"AS12586 (ASGHOSTNET, DE)"
lacraffe.fr.nf,1,"AS16276 (OVH, FR)"
mail.lackadaisicamail.ru,1,"AS12586 (ASGHOSTNET, DE)"
mesc-com.mail.protection.outlook.com,1,"AS8075 (MICROSOFT-CORP-MSN-AS-BLOCK - Microsoft Corporation, US)"
a242604.mx.mailhop.org,1,"AS16509 (AMAZON-02 - Amazon.com, Inc., US)"
mail.laboratortehnicadentara.ro,1,"AS56654 (AS56654, RO)"
mail.meritomail.ru,1,"AS12586 (ASGHOSTNET, DE)"
ladyakikobassethoundpuppieshome.com,1,"AS29802 (HVC-AS - HIVELOCITY, Inc., US)"
lackmail.ru,1,"AS9002 (RETN-AS, GB)"
mail.mesopomail.com,1,"AS12586 (ASGHOSTNET, DE)"
mail.lagify.com,1,"AS47583 (AS-HOSTINGER, CY)"
mesotheliomaclaimscenter-info.mail.protection.outlook.com,1,"AS8075 (MICROSOFT-CORP-MSN-AS-BLOCK - Microsoft Corporation, US)"
mesemails.fr.nf,1,"AS16276 (OVH, FR)"
mes-emails.fr.nf,1,"AS16276 (OVH, FR)"
met-com.mail.protection.outlook.com,1,"AS8075 (MICROSOFT-CORP-MSN-AS-BLOCK - Microsoft Corporation, US)"
mx1.hc590-51.ca.iphmx.com,1,"AS16417 (IRONPORT-SYSTEMS-INC - Cisco Systems Ironport Division, US)"
meta3-com.mail.protection.outlook.com,1,"AS8075 (MICROSOFT-CORP-MSN-AS-BLOCK - Microsoft Corporation, US)"
mx01.yoncu.com,1,"AS208425 (YONCU, CY)"
meta5-com.mail.protection.outlook.com,1,"AS8075 (MICROSOFT-CORP-MSN-AS-BLOCK - Microsoft Corporation, US)"
mess-mails.fr.nf,1,"AS16276 (OVH, FR)"
lakecapital-com01b.mail.protection.outlook.com,1,"AS8075 (MICROSOFT-CORP-MSN-AS-BLOCK - Microsoft Corporation, US)"
mail.laevoromails.ru,1,"AS12586 (ASGHOSTNET, DE)"
a497769.mx.mailhop.org,1,"AS16509 (AMAZON-02 - Amazon.com, Inc., US)"
mx.lgflmail.org,1,"AS60187 (LGFL-AS, GB)"
mail.metacinnmail.com,1,"AS12586 (ASGHOSTNET, DE)"
mail.metacarpomail.com,1,"AS12586 (ASGHOSTNET, DE)"
mx1.sl.lakurdina.co.uk,1,"AS24940 (HETZNER-AS, DE)"
mail.ladapickup.ru,1,"AS8342 (RTCOMM-AS, RU)"
mx1.brightberri.net,1,"AS8075 (MICROSOFT-CORP-MSN-AS-BLOCK - Microsoft Corporation, US)"
mx.metaf.com,1,"AS31034 (ARUBA-ASN, IT)"
mx01.xworks.net,1,
mail.lambdasu.com,1,"AS47583 (AS-HOSTINGER, CY)"
mail.metallotmail.ru,1,"AS12586 (ASGHOSTNET, DE)"
mail.metallomail.ru,1,"AS12586 (ASGHOSTNET, DE)"
mail.metamatheic.com,1,"AS12586 (ASGHOSTNET, DE)"
metcoat-com.mail.protection.outlook.com,1,"AS8075 (MICROSOFT-CORP-MSN-AS-BLOCK - Microsoft Corporation, US)"
metan-com.mail.protection.outlook.com,1,"AS8075 (MICROSOFT-CORP-MSN-AS-BLOCK - Microsoft Corporation, US)"
metabox.info,1,"AS24940 (HETZNER-AS, DE)"
mail.metabfmail.ru,1,"AS12586 (ASGHOSTNET, DE)"
mail.meti.com,1,"AS701 (UUNET - Verizon Business, US)"
mail.lamesamail.com,1,"AS12586 (ASGHOSTNET, DE)"
mail.metallograemail.ru,1,"AS12586 (ASGHOSTNET, DE)"
mail.meteorfl.com,1,"AS12586 (ASGHOSTNET, DE)"
mail.metav.com,1,"AS24940 (HETZNER-AS, DE)"
mail.methylamail.com,1,"AS12586 (ASGHOSTNET, DE)"
mail.metaphtfml.ru,1,"AS12586 (ASGHOSTNET, DE)"
mail.meteemail.ru,1,"AS12586 (ASGHOSTNET, DE)"
mail.metamorphjmail.ru,1,"AS12586 (ASGHOSTNET, DE)"
methyl.fr.nf,1,"AS8560 (IONOS-AS This is the joint network for IONOS, Fasthosts, Arsys, 1&1 Mail and Media and 1&1 Telecom. Formerly known as 1&1 Internet SE., DE)"
mail.metapsmalu.ru,1,"AS12586 (ASGHOSTNET, DE)"
mx7.metlfie.com,1,"AS27257 (WEBAIR-INTERNET - Webair Internet Development Company Inc., US)"
mail.metastmail.ru,1,"AS12586 (ASGHOSTNET, DE)"
acssports.tzo.com,1,
mail.landmanreportcard.com,1,"AS63949 (AKAMAI-LINODE-AP Akamai Connected Cloud, SG)"
mail.metromailz.com,1,"AS24940 (HETZNER-AS, DE)"
mail.meteormail.ru,1,"AS12586 (ASGHOSTNET, DE)"
mail.lamellirsmail.ru,1,"AS12586 (ASGHOSTNET, DE)"
mail.metherwallet.com,1,"AS45839 (SHINJIRU-MY-AS-AP Shinjiru Technology Sdn Bhd, MY)"
mail.metta.com,1,"AS5650 (FRONTIER-FRTR - Frontier Communications of America, Inc., US)"
metroset-net.mail.protection.outlook.com,1,"AS8075 (MICROSOFT-CORP-MSN-AS-BLOCK - Microsoft Corporation, US)"
lank-com.mail.protection.outlook.com,1,
foxstl-com.snwlhosted.com,1,"AS30021 (SNWL-COLO-SJL - SonicWALL, Inc., US)"
mxa-00242d01.gslb.pphosted.com,1,"AS26211 (PROOFPOINT-ASN-US-WEST - Proofpoint, Inc., US)"
mail.lan.de,1,"AS24940 (HETZNER-AS, DE)"
mail.lan-utan-uc-se.com,1,"AS207668 (ITH-, PL)"
mettlesphee.ddnsfree.com,1,"AS8708 (DIGI-ROMANIA 75 Dr. Staicovici, RO)"
landrumsupply-com.p10.mxthunder.com,1,"AS13354 (ZC38-AS1 - zColo, US)"
langitpoker.org,1,"AS22612 (NAMECHEAP-NET - Namecheap, Inc., US)"
mail.metropoliolml.ru,1,"AS12586 (ASGHOSTNET, DE)"
lano-com.mail.protection.outlook.com,1,"AS8075 (MICROSOFT-CORP-MSN-AS-BLOCK - Microsoft Corporation, US)"
mail.metropomail.ru,1,"AS12586 (ASGHOSTNET, DE)"
mail.metrificasmail.ru,1,"AS12586 (ASGHOSTNET, DE)"
mail.lankarani.org,1,"AS55293 (A2HOSTING - A2 Hosting, Inc., US)"
mexcc-com.mail.protection.outlook.com,1,"AS8075 (MICROSOFT-CORP-MSN-AS-BLOCK - Microsoft Corporation, US)"
mexci.com,1,"AS22878 (ASACENET1 - ACENET, INC., US)"
mexca-com.mail.protection.outlook.com,1,"AS8075 (MICROSOFT-CORP-MSN-AS-BLOCK - Microsoft Corporation, US)"
mail.laoia.com,1,"AS63949 (AKAMAI-LINODE-AP Akamai Connected Cloud, SG)"
mail.metrosalpmail.ru,1,"AS12586 (ASGHOSTNET, DE)"
mxb-005e9701.gslb.pphosted.com,1,"AS52129 (PROOFPOINT-ASN-EU, US)"
mail.metropolmail.ru,1,"AS12586 (ASGHOSTNET, DE)"
mail.langmarket.com,1,"AS43513 (NANO-AS, LV)"
mx002.cloudus.xion.oxcs.net,1,"AS29838 (AMC - Atlantic Metro Communications II, Inc., US)"
mail.landmeel.nl,1,"AS24940 (HETZNER-AS, DE)"
mail.mexvat.com,1,"AS14061 (DIGITALOCEAN-ASN - DigitalOcean, LLC, US)"
mexcx.com,1,"AS14061 (DIGITALOCEAN-ASN - DigitalOcean, LLC, US)"
laodimail.com,1,"AS213702 (QWINS-LTD QWINS AS-SET: ~ # AS213702:AS-CUSTOMERS, GB)"
mexx-com.mail.protection.outlook.com,1,"AS8075 (MICROSOFT-CORP-MSN-AS-BLOCK - Microsoft Corporation, US)"
mx.mexyc.com.cust.b.hostedemail.com,1,"AS32491 (TUCOWS-3 - Tucows.com Co., CA)"
mey-com-tr.mail.protection.outlook.com,1,"AS8075 (MICROSOFT-CORP-MSN-AS-BLOCK - Microsoft Corporation, US)"
mail.laparohysteemi.com,1,"AS12586 (ASGHOSTNET, DE)"
mx01.mailplug.com,1,"AS4766 (KIXS-AS-KR Korea Telecom, KR)"
mail.lapasamail.com,1,"AS12586 (ASGHOSTNET, DE)"
mail.lancastertheguardian.com,1,"AS9891 (CSLOX-IDC-AS-AP CS LOXINFO Public Company Limited., TH)"
ladger.com,1,"AS201200 (SUPERHOSTING_AS, BG)"
mx.metamodel.dev,1,"AS48282 (VDSINA-AS, RU)"
mail.landmail.nl,1,"AS24940 (HETZNER-AS, DE)"
mx3.nameshield.com,1,"AS20756 (NAMESHIELD, FR)"
mail.laporte.fr,1,"AS35667 (XSALTO35667, FR)"
mail.lary-lcc.click,1,"AS16276 (OVH, FR)"
mail.lashyd.com,1,"AS14061 (DIGITALOCEAN-ASN - DigitalOcean, LLC, US)"
lashaedesign-com.mail.protection.outlook.com,1,"AS8075 (MICROSOFT-CORP-MSN-AS-BLOCK - Microsoft Corporation, US)"
lapostemobile-fr.mail.protection.outlook.com,1,"AS8075 (MICROSOFT-CORP-MSN-AS-BLOCK - Microsoft Corporation, US)"
mail.mgmonlinecasino.us,1,"AS209605 (HOSTBALTIC, LT)"
mail.mgmcasinoonline.us,1,"AS209605 (HOSTBALTIC, LT)"
mx.lasixprime.com,1,"AS14061 (DIGITALOCEAN-ASN - DigitalOcean, LLC, US)"
mx2.mailpod1-osl1.g1i.uniweb.no,1,"AS51468 (ONECOM, DK)"
mail.laryngopharmail.ru,1,"AS12586 (ASGHOSTNET, DE)"
mgtlife-com.mail.protection.outlook.com,1,"AS8075 (MICROSOFT-CORP-MSN-AS-BLOCK - Microsoft Corporation, US)"
mail.mhimail.com,1,"AS132203 (TENCENT-NET-AP-CN Tencent Building, Kejizhongyi Avenue, CN)"
lasercalibration.ru,1,"AS16010 (MAGTICOMAS Magticom, GE)"
mail.mi-tienda.com.co,1,"AS40824 (WZ-US-40824 - Webzilla Inc., US)"
mail.mgail.com,1,"AS13246 (INETWIRE-AS Key-Systems GmbH PartnerGate, DE)"
mbox.freehostia.com,1,"AS14555 (LIQUIDNETLTD1 - LiquidNet US LLC, US)"
mail.laurenbt.com,1,"AS47583 (AS-HOSTINGER, CY)"
mail.mexicons.com,1,"AS29182 (RU-JSCIOT, RU)"
_dc-mx.ee935d36d179.miadz.com,1,"AS32475 (SINGLEHOP-LLC - Internap Holding LLC, US)"
mail.lashop.biz.ua,1,"AS24940 (HETZNER-AS, DE)"
mail.laurenscoaching.com,1,"AS31898 (ORACLE-BMC-31898 - Oracle Corporation, US)"
mail.latinvoip.es,1,"AS27823 (Dattatec.com, AR)"
mx.miaferrari.com.cust.hostedemail.com,1,"AS15348 (TUCOWS - Tucows.com Co., CA)"
miamirheumatology-com.mail.protection.outlook.com,1,"AS8075 (MICROSOFT-CORP-MSN-AS-BLOCK - Microsoft Corporation, US)"
replies.mxb.mailgun.org,1,"AS396982 (GOOGLE-CLOUD-PLATFORM - Google LLC, US)"
mail.latitudmail.ru,1,"AS12586 (ASGHOSTNET, DE)"
lawdepot-com.mail.protection.outlook.com,1,"AS8075 (MICROSOFT-CORP-MSN-AS-BLOCK - Microsoft Corporation, US)"
mx2.lavarip.xyz,1,"AS200107 (KL-EXT, CH)"
mail.micasafinancial.com,1,"AS15164 (UPNLLC - Unite Private Networks LLC., US)"
lavabit.com,1,"AS60131 (HIGH5-, NL)"
mail.laryngmails.ru,1,"AS16276 (OVH, FR)"
emailfwd.lawenforcementcanada.ca,1,"AS16276 (OVH, FR)"
mx1.lawdeskltd.com,1,"AS200107 (KL-EXT, CH)"
mail.lawsuitinfocenter.com,1,"AS46606 (UNIFIEDLAYER-AS-1 - Unified Layer, US)"
micorreotemp.es,1,"AS23352 (SERVERCENTRAL - DEFT.COM, US)"
mail.micremails.ru,1,"AS12586 (ASGHOSTNET, DE)"
mail.lbani.com,1,"AS53755 (IOFLOOD - Input Output Flood LLC, US)"
mail.microminimail.com,1,"AS40021 (CONTABO-40021 - Contabo Inc., US)"
mail.laypal.com,1,"AS16509 (AMAZON-02 - Amazon.com, Inc., US)"
mail.microinnovation.net,1,"AS6079 (RCN-AS - RCN, US)"
lbicams.com,1,"AS14061 (DIGITALOCEAN-ASN - DigitalOcean, LLC, US)"
mail.micrommail.com,1,"AS12586 (ASGHOSTNET, DE)"
mickaben.fr.nf,1,"AS16276 (OVH, FR)"
lbicamera.com,1,"AS14061 (DIGITALOCEAN-ASN - DigitalOcean, LLC, US)"
mail.microelectrophmy.com,1,"AS12586 (ASGHOSTNET, DE)"
mail.lawyer-uslugi.ru,1,"AS49505 (SELECTEL, RU)"
mail.microelectroli.com,1,"AS12586 (ASGHOSTNET, DE)"
mail.microevolutmail.com,1,"AS12586 (ASGHOSTNET, DE)"
mail.microevmail.com,1,"AS12586 (ASGHOSTNET, DE)"
mail.microelectfl.com,1,"AS12586 (ASGHOSTNET, DE)"
mail.microbimail.ru,1,"AS12586 (ASGHOSTNET, DE)"
microminmail.com,1,"AS213702 (QWINS-LTD QWINS AS-SET: ~ # AS213702:AS-CUSTOMERS, GB)"
mail.microgamemail.ru,1,"AS12586 (ASGHOSTNET, DE)"
mail.micropamail.com,1,"AS12586 (ASGHOSTNET, DE)"
mail.microcircumail.ru,1,"AS12586 (ASGHOSTNET, DE)"
mickaben.biz.st,1,"AS16276 (OVH, FR)"
mail.microphomail.com,1,"AS12586 (ASGHOSTNET, DE)"
microsoftcom-com.mail.protection.outlook.com,1,
email.microsoft.fr,1,
microsoft4-com.mail.protection.outlook.com,1,
mail.microsmail.com,1,"AS12586 (ASGHOSTNET, DE)"
mail.microbemail.ru,1,"AS12586 (ASGHOSTNET, DE)"
mail.microbacmail.ru,1,"AS12586 (ASGHOSTNET, DE)"
mail.lbhank.com,1,"AS16556 (TOTALCHOICE-HOSTING - TotalChoice Hosting, LLC, US)"
mail.microoremail.ru,1,"AS12586 (ASGHOSTNET, DE)"
mickaben.xxl.st,1,"AS16276 (OVH, FR)"
lbtransit-com.mail.protection.outlook.com,1,"AS8075 (MICROSOFT-CORP-MSN-AS-BLOCK - Microsoft Corporation, US)"
mail.microarcmail.ru,1,"AS12586 (ASGHOSTNET, DE)"
mail.microormails.ru,1,"AS12586 (ASGHOSTNET, DE)"
mail.lcc-company.one,1,"AS16276 (OVH, FR)"
mail.microoemail.ru,1,"AS12586 (ASGHOSTNET, DE)"
mail.microseismofkml.ru,1,"AS12586 (ASGHOSTNET, DE)"
mail.microchirmail.ru,1,"AS12586 (ASGHOSTNET, DE)"
mail.microparmail.ru,1,"AS12586 (ASGHOSTNET, DE)"
mail.microgametmail.ru,1,"AS12586 (ASGHOSTNET, DE)"
mail.microleprsmail.ru,1,"AS12586 (ASGHOSTNET, DE)"
mail.micromanmalu.ru,1,"AS12586 (ASGHOSTNET, DE)"
lcedaresf.com,1,"AS47583 (AS-HOSTINGER, CY)"
mail.microdensif.ru,1,"AS12586 (ASGHOSTNET, DE)"
mx2.lce0ak.com,1,"AS200107 (KL-EXT, CH)"
mail.microspectropmail.com,1,"AS12586 (ASGHOSTNET, DE)"
midcoastmowerandsaw.com,1,"AS16509 (AMAZON-02 - Amazon.com, Inc., US)"
mx.microysoft.com,1,"AS34119 (WILDCARD-AS Wildcard UK Limited, GB)"
mail.ldamk.com,1,"AS54641 (IMH-IAD - InMotion Hosting, Inc., US)"
mxa-002fe801.gslb.pphosted.com,1,"AS22843 (PROOFPOINT-ASN-US-EAST - Proofpoint, Inc., US)"
mail.micrsomali.ru,1,"AS12586 (ASGHOSTNET, DE)"
mail.microsofz.com,1,
ldeger.com,1,"AS60117 (HS, AE)"
mail.britsys.net,1,"AS205787 (PUBLICLOUD, BG)"
mx1.ldokfgfmail.net,1,"AS200107 (KL-EXT, CH)"
mail.leadharbor.org,1,"AS24940 (HETZNER-AS, DE)"
mail.xqkj.top,1,"AS4134 (CHINANET-BACKBONE No.31,Jin-rong Street, CN)"
leadersinevents-com.mail.protection.outlook.com,1,"AS8075 (MICROSOFT-CORP-MSN-AS-BLOCK - Microsoft Corporation, US)"
mail.mifml.com,1,"AS12586 (ASGHOSTNET, DE)"
mail2.mih-team.com,1,"AS31898 (ORACLE-BMC-31898 - Oracle Corporation, US)"
adraptor.email,1,
w0150a43.kasserver.com,1,"AS34788 (NMM-AS D - 02742 Friedersdorf Hauptstrasse 68, DE)"
mail.midgame.ru,1,"AS204601 (PODAON, NL)"
mikrotik.website,1,"AS22612 (NAMECHEAP-NET - Namecheap, Inc., US)"
leantechy.xyz,1,"AS397423 (TIER-NET - Tier.Net Technologies LLC, US)"
mx.interia.pl,1,"AS16138 (INTERIA, PL)"
leatherology-com.mail.protection.outlook.com,1,"AS8075 (MICROSOFT-CORP-MSN-AS-BLOCK - Microsoft Corporation, US)"
mail.balancepost.in,1,
mail.militarget.com,1,"AS48635 (CLDIN-NL Your Hosting B.V. part of Your.Online, NL)"
mail.militarimail.com,1,"AS12586 (ASGHOSTNET, DE)"
millboard-com.mail.protection.outlook.com,1,"AS8075 (MICROSOFT-CORP-MSN-AS-BLOCK - Microsoft Corporation, US)"
millmontinsurance-com.mail.protection.outlook.com,1,"AS8075 (MICROSOFT-CORP-MSN-AS-BLOCK - Microsoft Corporation, US)"
mail.milliequimale.com,1,"AS12586 (ASGHOSTNET, DE)"
mail.lechemail.com,1,"AS12586 (ASGHOSTNET, DE)"
malibuzz.miloandpi.com,1,"AS51167 (CONTABO, DE)"
ledcer-com.mail.protection.outlook.com,1,"AS8075 (MICROSOFT-CORP-MSN-AS-BLOCK - Microsoft Corporation, US)"
mimigo-com01b.mail.protection.outlook.com,1,
ledger0-com.mail.protection.outlook.com,1,"AS8075 (MICROSOFT-CORP-MSN-AS-BLOCK - Microsoft Corporation, US)"
ledges-com.mail.protection.outlook.com,1,"AS8075 (MICROSOFT-CORP-MSN-AS-BLOCK - Microsoft Corporation, US)"
ledgern-com.mail.protection.outlook.com,1,"AS8075 (MICROSOFT-CORP-MSN-AS-BLOCK - Microsoft Corporation, US)"
ledegr.com,1,"AS60117 (HS, AE)"
ledfger.com,1,"AS60117 (HS, AE)"
ledgerq-com.mail.protection.outlook.com,1,"AS8075 (MICROSOFT-CORP-MSN-AS-BLOCK - Microsoft Corporation, US)"
ledgur-com.mail.protection.outlook.com,1,"AS8075 (MICROSOFT-CORP-MSN-AS-BLOCK - Microsoft Corporation, US)"
miloras.fr.nf,1,"AS16276 (OVH, FR)"
mail.mihanmail.com,1,"AS24940 (HETZNER-AS, DE)"
ledgher.com,1,"AS60117 (HS, AE)"
ledgwr.com,1,"AS60117 (HS, AE)"
ledgewr.com,1,"AS60117 (HS, AE)"
mail02.lediger-consulting.de,1,"AS51167 (CONTABO, DE)"
ledgert.com,1,"AS60117 (HS, AE)"
w01a4668.kasserver.com,1,"AS34788 (NMM-AS D - 02742 Friedersdorf Hauptstrasse 68, DE)"
mail.ledgerl.com,1,"AS63068 (CROCWEB - CrocWeb, CA)"
ledgrr.com,1,"AS60117 (HS, AE)"
mindful-care.mail.protection.outlook.com,1,"AS8075 (MICROSOFT-CORP-MSN-AS-BLOCK - Microsoft Corporation, US)"
ledgwer.com,1,"AS60117 (HS, AE)"
ledgez.com,1,"AS33182 (DIMENOC - HostDime.com, Inc., US)"
ledtechnologies-com.mx1.arsmtp.com,1,"AS53780 (AS-APPRIVER - APPRIVER LLC, US)"
mindcloud-app.mail.protection.outlook.com,1,"AS8075 (MICROSOFT-CORP-MSN-AS-BLOCK - Microsoft Corporation, US)"
ledgfer.com,1,"AS60117 (HS, AE)"
ledgrer.com,1,"AS60117 (HS, AE)"
ledsger.com,1,"AS60117 (HS, AE)"
ledhger.com,1,"AS60117 (HS, AE)"
a717992.mx.mailhop.org,1,"AS16509 (AMAZON-02 - Amazon.com, Inc., US)"
leczycanie.pl,1,"AS20853 (ETOP-AS, PL)"
leftymouse.com,1,"AS29802 (HVC-AS - HIVELOCITY, Inc., US)"
lefdger.com,1,"AS60117 (HS, AE)"
foreverlovingu.com,1,"AS135983 (TINO-AS-VN Tino Group Joint Stock Company, VN)"
mail.legenmail.com,1,"AS12586 (ASGHOSTNET, DE)"
mail.lejada.pl,1,
mail.mini-mail-x.com,1,"AS24940 (HETZNER-AS, DE)"
mail.legitimasemail.com,1,"AS12586 (ASGHOSTNET, DE)"
minadentist.com,1,"AS57497 (FARASOSAMANEHPASARGAD, IR)"
mail.legacyschool.com,1,"AS53107 (EVEO S.A., BR)"
mail.mineralimail.ru,1,"AS12586 (ASGHOSTNET, DE)"
server2.lelie.sytes.net,1,"AS15435 (KABELFOON DELTA Fiber Nederland, NL)"
mail.legislamail.ru,1,"AS12586 (ASGHOSTNET, DE)"
mail.ministre.rocks,1,"AS16276 (OVH, FR)"
mail.kamilpaprotny.pl,1,"AS24940 (HETZNER-AS, DE)"
mail.lelucoon.net,1,"AS14061 (DIGITALOCEAN-ASN - DigitalOcean, LLC, US)"
mx6.lemurhost.net,1,
mintserver.mintemail.com,1,
mail.legiondesign.ru,1,"AS35278 (SPRINTHOST, RU)"
mail.minefieldmail.com,1,"AS207957 (SERVHOST-AS, GB)"
www655.your-server.de,1,"AS24940 (HETZNER-AS, DE)"
mail.lendlesssn.com,1,"AS47583 (AS-HOSTINGER, CY)"
minusai-com01c.mail.protection.outlook.com,1,"AS8075 (MICROSOFT-CORP-MSN-AS-BLOCK - Microsoft Corporation, US)"
mail.lemkmail.com,1,"AS12586 (ASGHOSTNET, DE)"
mx.minimail.eu.org,1,"AS24940 (HETZNER-AS, DE)"
smtp.minutemail.cc,1,"AS54913 (CLOUDWEBMANAGE-CANADA - Kamatera, Inc., US)"
mail.minuteinbox.com,1,"AS16276 (OVH, FR)"
lempi-app.mail.protection.outlook.com,1,"AS8075 (MICROSOFT-CORP-MSN-AS-BLOCK - Microsoft Corporation, US)"
mxa-001f7f01.gslb.pphosted.com,1,"AS22843 (PROOFPOINT-ASN-US-EAST - Proofpoint, Inc., US)"
mionex-com.mail.protection.outlook.com,1,
smtp.ladatap.com,1,"AS11696 (NBS11696 - Fusion, LLC, US)"
mail.minuteafter.com,1,"AS16276 (OVH, FR)"
mx01.vargonen.net,1,"AS50941 (VARGONEN, TR)"
mail.leno.com,1,"AS9070 (COOOLBOX, BG)"
lentzgann-com.mail.protection.outlook.com,1,"AS8075 (MICROSOFT-CORP-MSN-AS-BLOCK - Microsoft Corporation, US)"
mail.lenticulomail.com,1,"AS12586 (ASGHOSTNET, DE)"
mail.lensmarket.com,1,"AS199724 (TEKNODC, TR)"
miracleoilhairelixir.com,1,"AS22612 (NAMECHEAP-NET - Namecheap, Inc., US)"
miravane-com.mail.protection.outlook.com,1,"AS8075 (MICROSOFT-CORP-MSN-AS-BLOCK - Microsoft Corporation, US)"
mail.mirosend.com,1,"AS47583 (AS-HOSTINGER, CY)"
mail.miracufmk.com,1,"AS12586 (ASGHOSTNET, DE)"
mirrormate-com.mail.protection.outlook.com,1,"AS8075 (MICROSOFT-CORP-MSN-AS-BLOCK - Microsoft Corporation, US)"
mail.lerany.com,1,"AS14061 (DIGITALOCEAN-ASN - DigitalOcean, LLC, US)"
mail.lero3.com,1,"AS14061 (DIGITALOCEAN-ASN - DigitalOcean, LLC, US)"
mail.miranda.pictures,1,"AS16276 (OVH, FR)"
mxrouteroa.lerfuwond.com,1,"AS14061 (DIGITALOCEAN-ASN - DigitalOcean, LLC, US)"
mail.lepidodimail.ru,1,"AS12586 (ASGHOSTNET, DE)"
mail.leptomenimale.com,1,"AS12586 (ASGHOSTNET, DE)"
mail.misadventvegai.ru,1,"AS12586 (ASGHOSTNET, DE)"
mail.ct8.pl,1,"AS24940 (HETZNER-AS, DE)"
lerdger.com,1,"AS60117 (HS, AE)"
mail.misericmfri.com,1,"AS12586 (ASGHOSTNET, DE)"
mail.lerokmail.com,1,"AS12586 (ASGHOSTNET, DE)"
mail.misinterprmail.com,1,"AS12586 (ASGHOSTNET, DE)"
mail.misidentific.com,1,"AS12586 (ASGHOSTNET, DE)"
lesdger.com,1,"AS60117 (HS, AE)"
mail.lepidosamail.ru,1,"AS12586 (ASGHOSTNET, DE)"
mail.misclassifmails.ru,1,"AS12586 (ASGHOSTNET, DE)"
lesger.com,1,"AS60117 (HS, AE)"
mail.miscommunimail.ru,1,"AS12586 (ASGHOSTNET, DE)"
mail.lepidodersmail.ru,1,"AS12586 (ASGHOSTNET, DE)"
mail.misappromail.ru,1,"AS12586 (ASGHOSTNET, DE)"
mail.leptodactmails.ru,1,"AS12586 (ASGHOSTNET, DE)"
mail.misclassimalu.ru,1,"AS12586 (ASGHOSTNET, DE)"
mail.misclassirsmail.ru,1,"AS12586 (ASGHOSTNET, DE)"
mail.mismails.ru,1,"AS12586 (ASGHOSTNET, DE)"
lessonlogs.com,1,"AS32244 (LIQUIDWEB - Liquid Web, L.L.C, US)"
mail.mistreatses.ru,1,"AS12586 (ASGHOSTNET, DE)"
mail.mirpiknika.ru,1,"AS210079 (EUROBYTE, RU)"
mail.miuiqke.xyz,1,"AS40021 (CONTABO-40021 - Contabo Inc., US)"
mx.lettersboxmail.com,1,"AS207957 (SERVHOST-AS, GB)"
mail.miwacle.com,1,"AS14061 (DIGITALOCEAN-ASN - DigitalOcean, LLC, US)"
mail.letterhaven.net,1,"AS212772 (ADGUARD, CY)"
mail.letterprotect.com,1,"AS212772 (ADGUARD, CY)"
mail.letterprotect.net,1,"AS212772 (ADGUARD, CY)"
mail.letterguard.net,1,"AS212772 (ADGUARD, CY)"
mail.leukocmail.com,1,"AS132203 (TENCENT-NET-AP-CN Tencent Building, Kejizhongyi Avenue, CN)"
mx.mix-good.com,1,"AS14061 (DIGITALOCEAN-ASN - DigitalOcean, LLC, US)"
mixoxo-com.mail.protection.outlook.com,1,
mail.letstalk.thetravellersrest.click,1,"AS51167 (CONTABO, DE)"
letteruds.ru,1,"AS213702 (QWINS-LTD QWINS AS-SET: ~ # AS213702:AS-CUSTOMERS, GB)"
mail.mitmail.ru,1,"AS12586 (ASGHOSTNET, DE)"
mail.leucocytogefml.com,1,"AS12586 (ASGHOSTNET, DE)"
mail.leucocmail.com,1,"AS12586 (ASGHOSTNET, DE)"
mail.leukomail.com,1,"AS12586 (ASGHOSTNET, DE)"
mail.letterdrop.cfd,1,"AS24940 (HETZNER-AS, DE)"
mail.leto-dance.ru,1,"AS198068 (PAGM-AS, EE)"
mjepelite-com.mail.protection.outlook.com,1,"AS8075 (MICROSOFT-CORP-MSN-AS-BLOCK - Microsoft Corporation, US)"
mx01.muumuu-mail.com,1,"AS7506 (INTERQ GMO Internet Group, Inc., JP)"
mx3.onemail.vn,1,"AS135905 (VNPT-AS-VN VIETNAM POSTS AND TELECOMMUNICATIONS GROUP, VN)"
malibuzz.lewiseffectfoundation.org,1,"AS51167 (CONTABO, DE)"
malibuzz.lewistweedtastic.com,1,"AS51167 (CONTABO, DE)"
mail.leucocsalo.ru,1,"AS12586 (ASGHOSTNET, DE)"
mail.leucocymails.ru,1,"AS12586 (ASGHOSTNET, DE)"
_dc-mx.f42d607f7f99.mjj.cm,1,"AS36352 (AS-COLOCROSSING - HostPapa, US)"
lewdger.com,1,"AS60117 (HS, AE)"
mjo-fr.mail.protection.outlook.com,1,"AS8075 (MICROSOFT-CORP-MSN-AS-BLOCK - Microsoft Corporation, US)"
lexisnexis-com.mail.protection.outlook.com,1,"AS8075 (MICROSOFT-CORP-MSN-AS-BLOCK - Microsoft Corporation, US)"
mail.lexus138.net,1,"AS212238 (CDNEXT, GB)"
mail.lexina.top,1,"AS45102 (ALIBABA-CN-NET Alibaba US Technology Co., Ltd., CN)"
mail.lftjaguar.com,1,"AS47583 (AS-HOSTINGER, CY)"
lfttse.xyz,1,
cluster1.us.messagelabs.com,1,"AS396982 (GOOGLE-CLOUD-PLATFORM - Google LLC, US)"
mkta-com.mail.protection.outlook.com,1,"AS8075 (MICROSOFT-CORP-MSN-AS-BLOCK - Microsoft Corporation, US)"
mail.lgbtqpow.com,1,"AS47583 (AS-HOSTINGER, CY)"
mlexc-com.mail.protection.outlook.com,1,"AS8075 (MICROSOFT-CORP-MSN-AS-BLOCK - Microsoft Corporation, US)"
mail.mkzaso.com,1,"AS24940 (HETZNER-AS, DE)"
mail.mlhweb.com,1,"AS46606 (UNIFIEDLAYER-AS-1 - Unified Layer, US)"
levfy.com,1,"AS45839 (SHINJIRU-MY-AS-AP Shinjiru Technology Sdn Bhd, MY)"
mmaily.com,1,"AS47583 (AS-HOSTINGER, CY)"
mail-mx1.liadhene.com,1,"AS14061 (DIGITALOCEAN-ASN - DigitalOcean, LLC, US)"
mx6.mmm-invest.biz,1,
mlpsex.com,1,"AS149020 (WEBHORIZON-AS-AP WebHorizon Internet Services, SG)"
lgm-fi.mail.protection.outlook.com,1,"AS8075 (MICROSOFT-CORP-MSN-AS-BLOCK - Microsoft Corporation, US)"
lh.ro,1,"AS29205 (VERCOM, PL)"
libcrtymutual-com.mail.protection.outlook.com,1,"AS8075 (MICROSOFT-CORP-MSN-AS-BLOCK - Microsoft Corporation, US)"
mmciinc.com.1.0001.arsmtp.com,1,"AS53780 (AS-APPRIVER - APPRIVER LLC, US)"
s1.meandmyid.com,1,"AS8075 (MICROSOFT-CORP-MSN-AS-BLOCK - Microsoft Corporation, US)"
mmkozmetik-com.mail.protection.outlook.com,1,"AS8075 (MICROSOFT-CORP-MSN-AS-BLOCK - Microsoft Corporation, US)"
mx1.mmail.trade,1,"AS200107 (KL-EXT, CH)"
mail.mlkancelaria.com.pl,1,"AS50599 (Autonomous System for Dataspace P.S.A., PL)"
mxa-002a7801.gslb.pphosted.com,1,"AS22843 (PROOFPOINT-ASN-US-EAST - Proofpoint, Inc., US)"
mail.liberfml.com,1,"AS12586 (ASGHOSTNET, DE)"
mmtlife-com.mail.protection.outlook.com,1,"AS8075 (MICROSOFT-CORP-MSN-AS-BLOCK - Microsoft Corporation, US)"
mail.library.gng.edu.pl,1,"AS16276 (OVH, FR)"
mail.libermails.ru,1,"AS12586 (ASGHOSTNET, DE)"
mxa-00894002.gslb.pphosted.com,1,"AS22843 (PROOFPOINT-ASN-US-EAST - Proofpoint, Inc., US)"
mail.lican.in,1,"AS16276 (OVH, FR)"
mail.liberaemail.ru,1,"AS12586 (ASGHOSTNET, DE)"
mail.liberatoli.ru,1,"AS12586 (ASGHOSTNET, DE)"
mail.libermail.ru,1,"AS12586 (ASGHOSTNET, DE)"
mnexc-com.mail.protection.outlook.com,1,"AS8075 (MICROSOFT-CORP-MSN-AS-BLOCK - Microsoft Corporation, US)"
mailmnatd4d.librthly.com,1,"AS14061 (DIGITALOCEAN-ASN - DigitalOcean, LLC, US)"
mx.liberto.it,1,"AS31034 (ARUBA-ASN, IT)"
mx.libox.fr,1,"AS24940 (HETZNER-AS, DE)"
mail.libidinmail.ru,1,"AS12586 (ASGHOSTNET, DE)"
sl.projectsegfau.lt,1,"AS58212 (DATAFOREST, DE)"
mx.mnx-family.com,1,"AS51167 (CONTABO, DE)"
libera.ir,1,"AS24940 (HETZNER-AS, DE)"
lifebeyondservice.com,1,
lie.fr,1,"AS40092 (ONIAAS - HostPapa, US)"
mo-com.mail.protection.outlook.com,1,"AS8075 (MICROSOFT-CORP-MSN-AS-BLOCK - Microsoft Corporation, US)"
mail.mnzle.com,1,"AS19871 (NETWORK-SOLUTIONS-HOSTING - Network Solutions, LLC, US)"
mail.moba365.cc,1,"AS45102 (ALIBABA-CN-NET Alibaba US Technology Co., Ltd., CN)"
natx1.armadaservers.com,1,"AS63949 (AKAMAI-LINODE-AP Akamai Connected Cloud, SG)"
mail.lifecoach4elite.net,1,"AS19871 (NETWORK-SOLUTIONS-HOSTING - Network Solutions, LLC, US)"
lifestaging.us,1,"AS36351 (SOFTLAYER - IBM Cloud, US)"
mail4.boehringer-ingelheim.com,1,"AS15404 (COLT Technology Services Group, GB)"
lifesciencetechnologies-com.mail.protection.outlook.com,1,"AS8075 (MICROSOFT-CORP-MSN-AS-BLOCK - Microsoft Corporation, US)"
mail.lifezg.com,1,"AS14061 (DIGITALOCEAN-ASN - DigitalOcean, LLC, US)"
mail.lifetotech.com,1,"AS14061 (DIGITALOCEAN-ASN - DigitalOcean, LLC, US)"
mail.mobilemail365.com,1,"AS24940 (HETZNER-AS, DE)"
mx.liftcigs.xyz,1,"AS20473 (AS-VULTR - The Constant Company, LLC, US)"
lifford-com.mail.protection.outlook.com,1,"AS8075 (MICROSOFT-CORP-MSN-AS-BLOCK - Microsoft Corporation, US)"
mail.liftticketsystem.com,1,"AS204800 (WHG-SGP, GB)"
mobileunlocked-com.mail.protection.outlook.com,1,"AS8075 (MICROSOFT-CORP-MSN-AS-BLOCK - Microsoft Corporation, US)"
mxrouter.liggegi.com,1,"AS14061 (DIGITALOCEAN-ASN - DigitalOcean, LLC, US)"
mobi.web.id,1,"AS58487 (CRI-AS-AP CV. Rumahweb Indonesia, ID)"
mail.lift.healthcareprivacy.click,1,"AS51167 (CONTABO, DE)"
homer.westcall.net,1,"AS41733 (ZTELECOM-AS, RU)"
mobisystems-com.mail.protection.outlook.com,1,"AS8075 (MICROSOFT-CORP-MSN-AS-BLOCK - Microsoft Corporation, US)"
mail.moabuild.com,1,"AS132203 (TENCENT-NET-AP-CN Tencent Building, Kejizhongyi Avenue, CN)"
mx.ligolfcourse.online,1,"AS20473 (AS-VULTR - The Constant Company, LLC, US)"
mail.ligue-games.art,1,"AS16276 (OVH, FR)"
lightshopindia-com.mail.protection.outlook.com,1,"AS8075 (MICROSOFT-CORP-MSN-AS-BLOCK - Microsoft Corporation, US)"
mail.lightbeammail.com,1,"AS12586 (ASGHOSTNET, DE)"
mail.life-smile.ru,1,"AS210079 (EUROBYTE, RU)"
mailo.ligmamail.com,1,"AS60068 (CDN77 _, GB)"
mail.mocvn.com,1,"AS14061 (DIGITALOCEAN-ASN - DigitalOcean, LLC, US)"
mail.likeance.com,1,"AS47583 (AS-HOSTINGER, CY)"
mail.ligufmals.com,1,"AS12586 (ASGHOSTNET, DE)"
mail.moderize.com,1,"AS22612 (NAMECHEAP-NET - Namecheap, Inc., US)"
likeageek.fr.nf,1,"AS16276 (OVH, FR)"
_dc-mx.86da9aa1e427.modermail.com,1,"AS36352 (AS-COLOCROSSING - HostPapa, US)"
modernmaleclinic-com.mail.protection.outlook.com,1,"AS8075 (MICROSOFT-CORP-MSN-AS-BLOCK - Microsoft Corporation, US)"
likelystory.net,1,"AS16276 (OVH, FR)"
mail.modernfs.pl,1,"AS41079 (CF-GDA, PL)"
mail.ligadasflorestas.org.br,1,"AS16276 (OVH, FR)"
mail.limemail.biz,1,"AS16276 (OVH, FR)"
mail.limandomail.com,1,"AS12586 (ASGHOSTNET, DE)"
mail.modifiali.com,1,"AS12586 (ASGHOSTNET, DE)"
mail.lillibuvegai.ru,1,"AS12586 (ASGHOSTNET, DE)"
mojzur.com,1,"AS49981 (WORLDSTREAM, NL)"
mail.mojocreator.com,1,"AS11320 (LIGHTEDGE-AS-02 - LightEdge Solutions, US)"
mojok88.net,1,"AS22612 (NAMECHEAP-NET - Namecheap, Inc., US)"
mail19.lh.pl,1,"AS203417 (LH, PL)"
linden-com.mail.protection.outlook.com,1,"AS8075 (MICROSOFT-CORP-MSN-AS-BLOCK - Microsoft Corporation, US)"
mail.lindaontheweb.com,1,"AS46606 (UNIFIEDLAYER-AS-1 - Unified Layer, US)"
mx-lilo.mailo.com,1,"AS8304 (ECRITEL-FRANCE ISP and web hosting., FR)"
mail.lilin.pl,1,"AS50599 (Autonomous System for Dataspace P.S.A., PL)"
mail1.linemail.uk,1,"AS47172 (GREENHOST, NL)"
mail.mojiphone.pl,1,"AS47544 (IQPL-AS, PL)"
molfettacorp-com.mail.protection.outlook.com,1,"AS8075 (MICROSOFT-CORP-MSN-AS-BLOCK - Microsoft Corporation, US)"
mommyfix-com.mail.protection.outlook.com,1,
mx.mollo-tutto.com,1,"AS31034 (ARUBA-ASN, IT)"
mailhook.momentaryemail.com,1,"AS8560 (IONOS-AS This is the joint network for IONOS, Fasthosts, Arsys, 1&1 Mail and Media and 1&1 Telecom. Formerly known as 1&1 Internet SE., DE)"
mx.01898.com,1,"AS29873 (BIZLAND-SD - Newfold Digital, Inc., US)"
momoi.uk,1,"AS7506 (INTERQ GMO Internet Group, Inc., JP)"
monentrepreneur-com0i.mail.protection.outlook.com,1,"AS8075 (MICROSOFT-CORP-MSN-AS-BLOCK - Microsoft Corporation, US)"
mail.like-v.ru,1,"AS29182 (RU-JSCIOT, RU)"
mail.moleemail.ru,1,"AS12586 (ASGHOSTNET, DE)"
mail.moleculfmail.ru,1,"AS12586 (ASGHOSTNET, DE)"
mail.link-assistant.com,1,"AS24940 (HETZNER-AS, DE)"
monasterevin-com.mail.protection.outlook.com,1,"AS8075 (MICROSOFT-CORP-MSN-AS-BLOCK - Microsoft Corporation, US)"
mail.linearisvegai.ru,1,"AS12586 (ASGHOSTNET, DE)"
mail.mollifvegai.ru,1,"AS12586 (ASGHOSTNET, DE)"
mx2.linkadulttoys.com,1,"AS200107 (KL-EXT, CH)"
mail.linguopamalu.ru,1,"AS12586 (ASGHOSTNET, DE)"
mail.linearisruby.ru,1,"AS12586 (ASGHOSTNET, DE)"
mail.linkrer.com,1,"AS14061 (DIGITALOCEAN-ASN - DigitalOcean, LLC, US)"
mail.linguatfmus.ru,1,"AS12586 (ASGHOSTNET, DE)"
mail.linlshe.com,1,"AS14061 (DIGITALOCEAN-ASN - DigitalOcean, LLC, US)"
moncourrier.fr.nf,1,"AS16276 (OVH, FR)"
moncourriel.fr.nf,1,"AS16276 (OVH, FR)"
_dc-mx.1218b77b17f6.moneyup.club,1,"AS29802 (HVC-AS - HIVELOCITY, Inc., US)"
_dc-mx.b7406c49095a.linshi-email.com,1,"AS63949 (AKAMAI-LINODE-AP Akamai Connected Cloud, SG)"
monemail.fr.nf,1,"AS16276 (OVH, FR)"
mail.linshiyouxiang.net,1,"AS45102 (ALIBABA-CN-NET Alibaba US Technology Co., Ltd., CN)"
mx3.mailspace.id,1,"AS138115 (IDNIC-DENEVA-AS-ID PT Deneva, ID)"
mx0.telebecinternet.com,1,
monochromeapp-com.mail.protection.outlook.com,1,
mondial.asso.st,1,"AS16276 (OVH, FR)"
mail.linuxpl.eu,1,"AS41079 (CF-GDA, PL)"
mail.linx.email,1,"AS47583 (AS-HOSTINGER, CY)"
mail.monitoring-obmennikov-ua.site,1,"AS22611 (INMOTION - InMotion Hosting, Inc., US)"
lionelastomers-com.mail.protection.outlook.com,1,"AS8075 (MICROSOFT-CORP-MSN-AS-BLOCK - Microsoft Corporation, US)"
liposuctionofmiami.com,1,"AS46606 (UNIFIEDLAYER-AS-1 - Unified Layer, US)"
mail.monosyllabli.com,1,"AS12586 (ASGHOSTNET, DE)"
mail.liquic.com,1,"AS63949 (AKAMAI-LINODE-AP Akamai Connected Cloud, SG)"
mail.lipomail.com,1,"AS12586 (ASGHOSTNET, DE)"
liqid-com.mail.protection.outlook.com,1,"AS8075 (MICROSOFT-CORP-MSN-AS-BLOCK - Microsoft Corporation, US)"
monmail.fr.nf,1,"AS16276 (OVH, FR)"
liqquid-com.mail.protection.outlook.com,1,"AS8075 (MICROSOFT-CORP-MSN-AS-BLOCK - Microsoft Corporation, US)"
mail.monomolecufmals.com,1,"AS12586 (ASGHOSTNET, DE)"
liqu1d-com.mail.protection.outlook.com,1,"AS8075 (MICROSOFT-CORP-MSN-AS-BLOCK - Microsoft Corporation, US)"
mail.mongomail.ru,1,"AS12586 (ASGHOSTNET, DE)"
mail.lipsanogrfml.com,1,"AS12586 (ASGHOSTNET, DE)"
monommail.com,1,"AS213702 (QWINS-LTD QWINS AS-SET: ~ # AS213702:AS-CUSTOMERS, GB)"
mail.monomolpt.ru,1,"AS12586 (ASGHOSTNET, DE)"
mail.monosynmail.com,1,"AS12586 (ASGHOSTNET, DE)"
linksdown.net,1,"AS24940 (HETZNER-AS, DE)"
mail.monofiml.ru,1,"AS12586 (ASGHOSTNET, DE)"
mail.monosmail.com,1,"AS12586 (ASGHOSTNET, DE)"
mail.liquidd.com,1,"AS31898 (ORACLE-BMC-31898 - Oracle Corporation, US)"
liquidl-com.mail.protection.outlook.com,1,"AS8075 (MICROSOFT-CORP-MSN-AS-BLOCK - Microsoft Corporation, US)"
mail.montanaweddingdjs.com,1,"AS400754 (GO-DADDY-COM-LLC - GoDaddy.com, LLC, US)"
monosubsmail.com,1,"AS213702 (QWINS-LTD QWINS AS-SET: ~ # AS213702:AS-CUSTOMERS, GB)"
mail.linkzz.cyou,1,"AS60117 (HS, AE)"
mx.myregisteredsite.com,1,"AS19871 (NETWORK-SOLUTIONS-HOSTING - Network Solutions, LLC, US)"
liquidx-com.mail.protection.outlook.com,1,"AS8075 (MICROSOFT-CORP-MSN-AS-BLOCK - Microsoft Corporation, US)"
mail.linksgold.ru,1,"AS209641 (I-SERVERS-EAST, GB)"
liqwid-com.mail.protection.outlook.com,1,"AS8075 (MICROSOFT-CORP-MSN-AS-BLOCK - Microsoft Corporation, US)"
mail.monopolizvegai.ru,1,"AS12586 (ASGHOSTNET, DE)"
mail.monophyme.ru,1,"AS12586 (ASGHOSTNET, DE)"
liquit-com.mail.protection.outlook.com,1,"AS8075 (MICROSOFT-CORP-MSN-AS-BLOCK - Microsoft Corporation, US)"
liquis-com.mail.protection.outlook.com,1,"AS8075 (MICROSOFT-CORP-MSN-AS-BLOCK - Microsoft Corporation, US)"
mail.monochromamail.ru,1,"AS12586 (ASGHOSTNET, DE)"
mail.monochrvegai.ru,1,"AS12586 (ASGHOSTNET, DE)"
montjoie-fr.mail.protection.outlook.com,1,"AS8075 (MICROSOFT-CORP-MSN-AS-BLOCK - Microsoft Corporation, US)"
mail.monotosalo.ru,1,"AS12586 (ASGHOSTNET, DE)"
mail.monochloromail.ru,1,"AS12586 (ASGHOSTNET, DE)"
liqvid-com.mail.protection.outlook.com,1,"AS8075 (MICROSOFT-CORP-MSN-AS-BLOCK - Microsoft Corporation, US)"
mail.monomails.ru,1,"AS12586 (ASGHOSTNET, DE)"
mail.monometmail.ru,1,"AS12586 (ASGHOSTNET, DE)"
montreal.com,1,"AS61969 (TEAMINTERNET-AS, DE)"
mail.monopolismail.ru,1,"AS12586 (ASGHOSTNET, DE)"
mail.montowniafryzur.pl,1,"AS41079 (CF-GDA, PL)"
mail.monophemail.ru,1,"AS12586 (ASGHOSTNET, DE)"
mxs.hoster.ru,1,"AS12616 (HOSTING-MSK, RU)"
mail.monotheimail.ru,1,"AS12586 (ASGHOSTNET, DE)"
mail.monotheimails.ru,1,"AS12586 (ASGHOSTNET, DE)"
a3zspf0.monugur.com,1,"AS14061 (DIGITALOCEAN-ASN - DigitalOcean, LLC, US)"
mail.moonairse.com,1,"AS24940 (HETZNER-AS, DE)"
mail.lista.cc,1,"AS45102 (ALIBABA-CN-NET Alibaba US Technology Co., Ltd., CN)"
mail.lisptutorials.com,1,"AS16276 (OVH, FR)"
mx1.setaou.net,1,"AS34019 (HIVANE, FR)"
mail.lite14.us,1,"AS51167 (CONTABO, DE)"
mx.mooonity.com.cust.b.hostedemail.com,1,"AS32491 (TUCOWS-3 - Tucows.com Co., CA)"
liteprompter.com,1,"AS9009 (M247, RO)"
mail.moootech.mooo.com,1,"AS18106 (VIEWQWEST-SG-AP Viewqwest Pte Ltd, SG)"
mail.morethanametal.com,1,"AS63949 (AKAMAI-LINODE-AP Akamai Connected Cloud, SG)"
insimenator.org,1,"AS19318 (IS-AS-1 - Interserver, Inc, US)"
mx.inet.vn,1,"AS149068 (INETSOFT-AS-VN iNET software one member company limited, VN)"
mx1.morganstanley.com,1,"AS5049 (MORGAN-ASN - Morgan Stanley Group Inc., US)"
mail.lithophotomail.ru,1,"AS12586 (ASGHOSTNET, DE)"
mail.livealtmail.com,1,"AS47583 (AS-HOSTINGER, CY)"
mail.liturgmail.ru,1,"AS12586 (ASGHOSTNET, DE)"
mail.luxevents.lu,1,"AS24940 (HETZNER-AS, DE)"
mail.morningglowmail.com,1,"AS12586 (ASGHOSTNET, DE)"
mail.mortgagecalculatorwithtaxess.com,1,"AS8075 (MICROSOFT-CORP-MSN-AS-BLOCK - Microsoft Corporation, US)"
mail.morshmail.com,1,"AS12586 (ASGHOSTNET, DE)"
mx.livejournali.com,1,"AS20473 (AS-VULTR - The Constant Company, LLC, US)"
mail.live-sexycam.fr,1,"AS50474 (O2SWITCH, FR)"
mail.liveamericans.com,1,"AS210878 (TREADSTONE-AS, RO)"
live-vu-edu-au.mail.protection.outlook.com,1,"AS8075 (MICROSOFT-CORP-MSN-AS-BLOCK - Microsoft Corporation, US)"
mail.morrisonave.es,1,"AS197712 (CDMON sistemes@cdmon.com, ES)"
mosaimail.com,1,"AS213702 (QWINS-LTD QWINS AS-SET: ~ # AS213702:AS-CUSTOMERS, GB)"
live-mdx-ac-uk.mail.protection.outlook.com,1,"AS8075 (MICROSOFT-CORP-MSN-AS-BLOCK - Microsoft Corporation, US)"
livewildlyinspired-com.mail.protection.outlook.com,1,"AS8075 (MICROSOFT-CORP-MSN-AS-BLOCK - Microsoft Corporation, US)"
d283618a.ess.barracudanetworks.com,1,"AS16509 (AMAZON-02 - Amazon.com, Inc., US)"
mail.lizery.com,1,"AS14061 (DIGITALOCEAN-ASN - DigitalOcean, LLC, US)"
mx1.livesilk.info,1,"AS200107 (KL-EXT, CH)"
lixir-fr.mail.protection.outlook.com,1,"AS8075 (MICROSOFT-CORP-MSN-AS-BLOCK - Microsoft Corporation, US)"
smtp.kalbfeld.net,1,"AS54380 (THOUGHTWAVE - ThoughtWave Technologies, Inc., US)"
alt1.mymailcheap.com,1,"AS16276 (OVH, FR)"
mail.moroz-it.ru,1,"AS35278 (SPRINTHOST, RU)"
mail.mouthube0t.com,1,"AS47583 (AS-HOSTINGER, CY)"
mail.motivatfmail.ru,1,"AS12586 (ASGHOSTNET, DE)"
movestax-com.mail.protection.outlook.com,1,"AS8075 (MICROSOFT-CORP-MSN-AS-BLOCK - Microsoft Corporation, US)"
mx6.movieblocking.com,1,
mountebanjmail.ru,1,"AS213702 (QWINS-LTD QWINS AS-SET: ~ # AS213702:AS-CUSTOMERS, GB)"
mail.mostafapour.com,1,"AS61173 (GWSN-AS, IR)"
poczta.moto-gosz.pl,1,"AS31242 (TKPSA-AS, PL)"
mx3.verisign.se,1,"AS26134 (BROAD-RUN-BORDER-AS - VeriSign Infrastructure & Operations, US)"
mail.mourouzis.com,1,"AS24940 (HETZNER-AS, DE)"
lkedger.com,1,"AS60117 (HS, AE)"
mail.moyakik.com,1,"AS32097 (WII - WholeSale Internet, Inc., US)"
mx1.mozej.com,1,"AS24940 (HETZNER-AS, DE)"
lledger-com.mail.protection.outlook.com,1,"AS8075 (MICROSOFT-CORP-MSN-AS-BLOCK - Microsoft Corporation, US)"
llbertymutual-com.mail.protection.outlook.com,1,"AS8075 (MICROSOFT-CORP-MSN-AS-BLOCK - Microsoft Corporation, US)"
llhtx-com.mail.protection.outlook.com,1,"AS8075 (MICROSOFT-CORP-MSN-AS-BLOCK - Microsoft Corporation, US)"
mail.live-gaming.net,1,"AS44094 (WEBHOST1-AS, RU)"
mail.llusimail.com,1,"AS12586 (ASGHOSTNET, DE)"
relay1.redynet.com.ar,1,"AS27898 (Redynet SRL, AR)"
mail.lmaritimen.com,1,"AS47583 (AS-HOSTINGER, CY)"
_dc-mx.2d81ea866d2c.mpk.ovh,1,"AS24940 (HETZNER-AS, DE)"
movietv4u.com,1,"AS213438 (COLOCATEL-INC Colocatel Network - High Bandwidth Dedicated Servers, SC)"
mx.moyareklama.ru,1,"AS34267 (DEBRYANSK-AS-1 PJSC Rostelecom. Bryansk branch, RU)"
a149445.mx.mailhop.org,1,"AS16509 (AMAZON-02 - Amazon.com, Inc., US)"
mail.mpdacrylics.com,1,"AS17378 (AS17378 - TierPoint, LLC, US)"
mx2.mpl8.info,1,"AS200107 (KL-EXT, CH)"
mail.lllooch.ru,1,"AS210079 (EUROBYTE, RU)"
letmail.landesk.com,1,"AS395344 (IVANTI-BD - Ivanti, Inc., US)"
mailgateway.mpwin.co.in,1,"AS45117 (INPL-IN-AP Ishans Network, IN)"
mail.mr24.co,1,"AS198921 (UNIXSTORM-AS, PL)"
mr-email.fr.nf,1,"AS16276 (OVH, FR)"
loaddefender-com.mail.protection.outlook.com,1,"AS8075 (MICROSOFT-CORP-MSN-AS-BLOCK - Microsoft Corporation, US)"
mail.mreta.com,1,"AS40738 (IVENUE - Ivenue.com Inc., US)"
mrbcompany.online,1,"AS133752 (LEASEWEB-APAC-HKG-10 LEASEWEB HONG KONG LIMITED, HK)"
mail.lnovic.com,1,"AS24940 (HETZNER-AS, DE)"
mail.mrmemorial.com,1,"AS47583 (AS-HOSTINGER, CY)"
mrd3588-cloudns-be.mail.protection.outlook.com,1,"AS8075 (MICROSOFT-CORP-MSN-AS-BLOCK - Microsoft Corporation, US)"
mailapp.hiworks.co.kr,1,"AS3786 (LGDACOM LG DACOM Corporation, KR)"
mrmail-info.mail.protection.outlook.com,1,"AS8075 (MICROSOFT-CORP-MSN-AS-BLOCK - Microsoft Corporation, US)"
mail.mrain.ru,1,"AS44094 (WEBHOST1-AS, RU)"
mx2.loanins.org,1,"AS200107 (KL-EXT, CH)"
mx6.mb1p.com,1,"AS14061 (DIGITALOCEAN-ASN - DigitalOcean, LLC, US)"
mail.loancalculator.world,1,"AS31898 (ORACLE-BMC-31898 - Oracle Corporation, US)"
mail.mrotzis.com,1,"AS24940 (HETZNER-AS, DE)"
localjobsnearme.com,1,
mail.localintucson.com,1,"AS46606 (UNIFIEDLAYER-AS-1 - Unified Layer, US)"
mail.located6j.com,1,"AS47583 (AS-HOSTINGER, CY)"
mail.msarra.com,1,"AS14061 (DIGITALOCEAN-ASN - DigitalOcean, LLC, US)"
mscoftp-work-gd.mail.protection.outlook.com,1,
inbound.locateth.com,1,"AS14061 (DIGITALOCEAN-ASN - DigitalOcean, LLC, US)"
mx2.localsape.com,1,"AS200107 (KL-EXT, CH)"
locialispl.com,1,"AS7684 (SAKURA-A SAKURA Internet Inc., JP)"
mail.lodger.com,1,"AS57795 (NGNETWORKS NG-BLU Networks ASN, NL)"
msgsafe-io.mail.protection.outlook.com,1,"AS8075 (MICROSOFT-CORP-MSN-AS-BLOCK - Microsoft Corporation, US)"
mail.msgos.com,1,"AS14061 (DIGITALOCEAN-ASN - DigitalOcean, LLC, US)"
mail.locationlocationlocation.eu,1,"AS50474 (O2SWITCH, FR)"
mail.loganister.com,1,"AS203446 (AS203446, GB)"
mail.login-chatgpt.com,1,"AS8560 (IONOS-AS This is the joint network for IONOS, Fasthosts, Arsys, 1&1 Mail and Media and 1&1 Telecom. Formerly known as 1&1 Internet SE., DE)"
_dc-mx.ffe364e31b18.msn.com.se,1,"AS19318 (IS-AS-1 - Interserver, Inc, US)"
logodesignsexpertllc-com.mail.protection.outlook.com,1,
mail.logarithcs.ru,1,"AS12586 (ASGHOSTNET, DE)"
depot.dial.pipex.com,1,"AS13285 (OPALTELECOM-AS TalkTalk Communications Limited, GB)"
msxd-com.mail.protection.outlook.com,1,"AS8075 (MICROSOFT-CORP-MSN-AS-BLOCK - Microsoft Corporation, US)"
msxc-com.mail.protection.outlook.com,1,"AS8075 (MICROSOFT-CORP-MSN-AS-BLOCK - Microsoft Corporation, US)"
_dc-mx.a4918e409908.msugcf.org,1,"AS20068 (HAWKHOST - Hawk Host Inc., CA)"
mail.mt2016.com,1,"AS14061 (DIGITALOCEAN-ASN - DigitalOcean, LLC, US)"
mail1.mt2009.com,1,"AS44418 (BITDEFENDER-AS, RO)"
mail1.mt2015.com,1,"AS44418 (BITDEFENDER-AS, RO)"
mail1.mt2014.com,1,"AS44418 (BITDEFENDER-AS, RO)"
mail.logogrammatmail.com,1,"AS12586 (ASGHOSTNET, DE)"
mta-com.mail.protection.outlook.com,1,"AS8075 (MICROSOFT-CORP-MSN-AS-BLOCK - Microsoft Corporation, US)"
lohzz.com,1,"AS14061 (DIGITALOCEAN-ASN - DigitalOcean, LLC, US)"
mail.lolgo.cc,1,"AS45102 (ALIBABA-CN-NET Alibaba US Technology Co., Ltd., CN)"
mt25.org,1,"AS214036 (ULTAHOST-AS, US)"
lolibuy.com,1,"AS51191 (XIRRA, DE)"
mtrade-com.mail.protection.outlook.com,1,"AS8075 (MICROSOFT-CORP-MSN-AS-BLOCK - Microsoft Corporation, US)"
mail.tms.us,1,"AS7018 (ATT-INTERNET4 - AT&T Enterprises, LLC, US)"
mail.loh.pp.ua,1,"AS24940 (HETZNER-AS, DE)"
mail.loltmail.com,1,"AS12586 (ASGHOSTNET, DE)"
mx1.lomaschool.org,1,"AS200107 (KL-EXT, CH)"
muatoc.com,1,
long-com.mail.protection.outlook.com,1,"AS8075 (MICROSOFT-CORP-MSN-AS-BLOCK - Microsoft Corporation, US)"
mx4125.usc1.mymailhosting.com,1,"AS36454 (WHG-DAL, GB)"
mtsdi.com,1,"AS24940 (HETZNER-AS, DE)"
longbridgefinancial-com02e.mail.protection.outlook.com,1,"AS8075 (MICROSOFT-CORP-MSN-AS-BLOCK - Microsoft Corporation, US)"
mail.mucilagimail.com,1,"AS12586 (ASGHOSTNET, DE)"
_dc-mx.e52158f6e84b.longmontpooltablerepair.com,1,"AS29802 (HVC-AS - HIVELOCITY, Inc., US)"
aspmx3.googlemail.com,1,"AS15169 (GOOGLE - Google LLC, US)"
mx6.loopy-deals.com,1,
relay1.mt-system.ru,1,"AS34042 (MTTELECOM-AS, RU)"
mail.lookugly.com,1,"AS136787 (PACKETHUBSA-AS-AP PacketHub S.A., PA)"
mail.loopbox.store,1,"AS19318 (IS-AS-1 - Interserver, Inc, US)"
mulberry-de.mail.protection.outlook.com,1,"AS8075 (MICROSOFT-CORP-MSN-AS-BLOCK - Microsoft Corporation, US)"
mail.cepu.it,1,"AS12874 (FASTWEB, IT)"
mail.lorientediy.com,1,"AS47583 (AS-HOSTINGER, CY)"
mx6.losebellyfatau.com,1,
lorencic-ro.mail.protection.outlook.com,1,"AS8075 (MICROSOFT-CORP-MSN-AS-BLOCK - Microsoft Corporation, US)"
mail.multidirecs.com,1,"AS12586 (ASGHOSTNET, DE)"
mail.muhammali.ru,1,"AS12586 (ASGHOSTNET, DE)"
munajem-com.mail.protection.outlook.com,1,"AS8075 (MICROSOFT-CORP-MSN-AS-BLOCK - Microsoft Corporation, US)"
mx.jtw.dk,1,"AS24940 (HETZNER-AS, DE)"
mail.multiartmail.ru,1,"AS12586 (ASGHOSTNET, DE)"
_dc-mx.d624b7df8a02.lotto-wizard.net,1,"AS14061 (DIGITALOCEAN-ASN - DigitalOcean, LLC, US)"
mail.multitudinvegai.ru,1,"AS12586 (ASGHOSTNET, DE)"
w0150d61.kasserver.com,1,"AS34788 (NMM-AS D - 02742 Friedersdorf Hauptstrasse 68, DE)"
mail.multianmals.ru,1,"AS12586 (ASGHOSTNET, DE)"
route.muonwhila.com,1,"AS14061 (DIGITALOCEAN-ASN - DigitalOcean, LLC, US)"
lotdeals.us,1,"AS22612 (NAMECHEAP-NET - Namecheap, Inc., US)"
lotshop.us,1,"AS22612 (NAMECHEAP-NET - Namecheap, Inc., US)"
mx6.louboutinemart.com,1,
mail.multipliemail.ru,1,"AS12586 (ASGHOSTNET, DE)"
umail.ru,1,"AS35473 (MTSNET-URAL-AS, RU)"
mx6.louis-vuittonsac.com,1,
mail.museumpi.com,1,"AS24940 (HETZNER-AS, DE)"
mx1.lotusloungecafe.com,1,"AS202053 (UPCLOUD, FI)"
musialowski.pl,1,"AS12824 (HOMEPL-AS, PL)"
router.loudment.com,1,"AS14061 (DIGITALOCEAN-ASN - DigitalOcean, LLC, US)"
mail.municipmail.ru,1,"AS12586 (ASGHOSTNET, DE)"
mx2.musicalnr.com,1,"AS200107 (KL-EXT, CH)"
mx6.louisvuittonsjapan.com,1,
museojmail.ru,1,"AS213702 (QWINS-LTD QWINS AS-SET: ~ # AS213702:AS-CUSTOMERS, GB)"
mx1.muskgrow.com,1,"AS200107 (KL-EXT, CH)"
louno.com,1,"AS21777 (MASSIVE-NETWORKS - Massive Networks, US)"
orion.musicnetwork.ch,1,"AS6730 (SUNRISE, CH)"
plavsnich.grwelch.com,1,"AS63949 (AKAMAI-LINODE-AP Akamai Connected Cloud, SG)"
mutualofomaha-com.mail.protection.outlook.com,1,"AS8075 (MICROSOFT-CORP-MSN-AS-BLOCK - Microsoft Corporation, US)"
mail.louisiaruby.ru,1,"AS12586 (ASGHOSTNET, DE)"
mx.mutlife.com.cust.b.hostedemail.com,1,"AS32491 (TUCOWS-3 - Tucows.com Co., CA)"
muslimpress.com,1,"AS62048 (ACAI, IR)"
mutti.com,1,"AS16276 (OVH, FR)"
loveesq.com,1,"AS7393 (CYBERCON - CYBERCON, INC., US)"
mvlaw-us.mail.protection.outlook.com,1,"AS8075 (MICROSOFT-CORP-MSN-AS-BLOCK - Microsoft Corporation, US)"
mx.loveme.com,1,"AS20454 (SSASN2 - SECURED SERVERS LLC, US)"
lovework.jp,1,"AS131965 (XSERVER Xserver Inc., JP)"
mxa-0076c801.gslb.pphosted.com,1,"AS22843 (PROOFPOINT-ASN-US-EAST - Proofpoint, Inc., US)"
mwh-group.mail.protection.outlook.com,1,"AS8075 (MICROSOFT-CORP-MSN-AS-BLOCK - Microsoft Corporation, US)"
rte01.lpefuho.com,1,"AS14061 (DIGITALOCEAN-ASN - DigitalOcean, LLC, US)"
mx.ibaloch.com,1,"AS34119 (WILDCARD-AS Wildcard UK Limited, GB)"
m-04b.th.seeweb.it,1,
lrgrahamj.com,1,"AS47583 (AS-HOSTINGER, CY)"
lredger.com,1,"AS60117 (HS, AE)"
mail.lsaar.com,1,"AS14061 (DIGITALOCEAN-ASN - DigitalOcean, LLC, US)"
lqm-fi.mail.protection.outlook.com,1,"AS8075 (MICROSOFT-CORP-MSN-AS-BLOCK - Microsoft Corporation, US)"
_dc-mx.478cb648523c.lsyx24.com,1,"AS399275 (SOLID - Solid Systems LLC, US)"
ltcconsumer-com.mail.protection.outlook.com,1,"AS8075 (MICROSOFT-CORP-MSN-AS-BLOCK - Microsoft Corporation, US)"
lttcloud-com.mail.protection.outlook.com,1,"AS8075 (MICROSOFT-CORP-MSN-AS-BLOCK - Microsoft Corporation, US)"
mx-mail.ltswireless.com,1,"AS61046 (HZ-UK-AS, BG)"
ltx-com.mail.protection.outlook.com,1,"AS8075 (MICROSOFT-CORP-MSN-AS-BLOCK - Microsoft Corporation, US)"
lubo-com.mail.protection.outlook.com,1,"AS8075 (MICROSOFT-CORP-MSN-AS-BLOCK - Microsoft Corporation, US)"
mail.ltnclaudeproxy.shop,1,"AS59253 (LEASEWEB-APAC-SIN-11 LEASEWEB SINGAPORE PTE. LTD., SG)"
mx.lubrorein.com,1,"AS14061 (DIGITALOCEAN-ASN - DigitalOcean, LLC, US)"
mx6.ludovodka.com,1,
lucrasystems-com.mail.protection.outlook.com,1,"AS8075 (MICROSOFT-CORP-MSN-AS-BLOCK - Microsoft Corporation, US)"
ludger-com.mail.protection.outlook.com,1,"AS8075 (MICROSOFT-CORP-MSN-AS-BLOCK - Microsoft Corporation, US)"
mx.mxdus.com,1,"AS51167 (CONTABO, DE)"
lufaf-com.mail.protection.outlook.com,1,"AS8075 (MICROSOFT-CORP-MSN-AS-BLOCK - Microsoft Corporation, US)"
mail.luckymail.org,1,"AS21003 (GPTC-AS, LY)"
mail.lugubr.com,1,"AS12586 (ASGHOSTNET, DE)"
luckystarcasino.org.1.0001.arsmtp.com,1,"AS53780 (AS-APPRIVER - APPRIVER LLC, US)"
mail.lucergmail.ru,1,"AS12586 (ASGHOSTNET, DE)"
mxfinancialservices-com.mail.protection.outlook.com,1,"AS8075 (MICROSOFT-CORP-MSN-AS-BLOCK - Microsoft Corporation, US)"
lu-no.com,1,"AS7684 (SAKURA-A SAKURA Internet Inc., JP)"
mail.luminexis.cfd,1,"AS203446 (AS203446, GB)"
mail.lumyrix.cfd,1,"AS203446 (AS203446, GB)"
mx.lukemail.info,1,"AS16276 (OVH, FR)"
mail.lumo.com,1,"AS36351 (SOFTLAYER - IBM Cloud, US)"
mail.lumtu.com,1,"AS59939 (WIBO-AS, LT)"
us1-smtp-mx2.titanhq.com,1,"AS16509 (AMAZON-02 - Amazon.com, Inc., US)"
mail.lunoo.com,1,"AS24940 (HETZNER-AS, DE)"
lunor-com.mail.protection.outlook.com,1,"AS8075 (MICROSOFT-CORP-MSN-AS-BLOCK - Microsoft Corporation, US)"
mail.luminmil.ru,1,"AS12586 (ASGHOSTNET, DE)"
lunox-com.mail.protection.outlook.com,1,"AS8075 (MICROSOFT-CORP-MSN-AS-BLOCK - Microsoft Corporation, US)"
mx.lunoq.com.cust.b.hostedemail.com,1,"AS32491 (TUCOWS-3 - Tucows.com Co., CA)"
lunoa.com,1,"AS9371 (SAKURA-C SAKURA Internet Inc., JP)"
lunou.com,1,"AS36666 (GTCOMM - GloboTech Communications, CA)"
mx2.zoner.fi,1,"AS1759 (TSF-IP-CORE Telia Finland Oyj, FI)"
mail.mxscout.com,1,"AS212772 (ADGUARD, CY)"
mail.lunoc.com,1,"AS396982 (GOOGLE-CLOUD-PLATFORM - Google LLC, US)"
luon-com.mail.protection.outlook.com,1,"AS8075 (MICROSOFT-CORP-MSN-AS-BLOCK - Microsoft Corporation, US)"
87.233.194.107,1,
mail.lunar4d.org,1,"AS9808 (CHINAMOBILE-CN China Mobile Communications Group Co., Ltd., CN)"
d8580a.ess.barracudanetworks.com,1,"AS16509 (AMAZON-02 - Amazon.com, Inc., US)"
mail.mxvia.com,1,"AS14061 (DIGITALOCEAN-ASN - DigitalOcean, LLC, US)"
mail.luxentra.cfd,1,"AS203446 (AS203446, GB)"
mail.luxovira.cfd,1,"AS203446 (AS203446, GB)"
mx6.luxuriousdress.net,1,
luve-fr.mail.protection.outlook.com,1,"AS8075 (MICROSOFT-CORP-MSN-AS-BLOCK - Microsoft Corporation, US)"
mail.luxusmail.uk,1,"AS46606 (UNIFIEDLAYER-AS-1 - Unified Layer, US)"
mx.lvfityou.com,1,"AS14061 (DIGITALOCEAN-ASN - DigitalOcean, LLC, US)"
mx.lvcheapusa.com,1,"AS14061 (DIGITALOCEAN-ASN - DigitalOcean, LLC, US)"
mail.luxurybet138.com,1,"AS138915 (KAOPU-HK Kaopu Cloud HK Limited, HK)"
mail.lvivmail.com,1,"AS12586 (ASGHOSTNET, DE)"
mail.lwide.com,1,"AS14061 (DIGITALOCEAN-ASN - DigitalOcean, LLC, US)"
lwedger.com,1,"AS60117 (HS, AE)"
mail.lxvsi.com,1,"AS16276 (OVH, FR)"
mail.lyoris.cfd,1,"AS24940 (HETZNER-AS, DE)"
mx.lycos.nl.cust.b.hostedemail.com,1,"AS32491 (TUCOWS-3 - Tucows.com Co., CA)"
mail.lyunsa.com,1,"AS14061 (DIGITALOCEAN-ASN - DigitalOcean, LLC, US)"
mx.lycos.at.cust.b.hostedemail.com,1,"AS32491 (TUCOWS-3 - Tucows.com Co., CA)"
mail.lymphografl.com,1,"AS12586 (ASGHOSTNET, DE)"
lymphopmail.com,1,"AS213702 (QWINS-LTD QWINS AS-SET: ~ # AS213702:AS-CUSTOMERS, GB)"
msolv-com0c.mail.protection.outlook.com,1,"AS8075 (MICROSOFT-CORP-MSN-AS-BLOCK - Microsoft Corporation, US)"
spheremail.net,1,"AS14618 (AMAZON-AES - Amazon.com, Inc., US)"
mail.lymphangmalu.ru,1,"AS12586 (ASGHOSTNET, DE)"
non-exist.web-axis.net,1,"AS4739 (INTERNODE-AS Internode Pty Ltd, AU)"
m2r60ff.com,1,"AS47583 (AS-HOSTINGER, CY)"
mail.m3ta.com,1,"AS398101 (GO-DADDY-COM-LLC - GoDaddy.com, LLC, US)"
mail.1kb.no,1,"AS25148 (BASEFARM-ASN Oslo - Norway, NO)"
134-199-163-222.cprapid.com,1,"AS14061 (DIGITALOCEAN-ASN - DigitalOcean, LLC, US)"
mail1.ssadm.org,1,"AS35387 (SYNERGY-AS, RU)"
mail.m88i.click,1,"AS22612 (NAMECHEAP-NET - Namecheap, Inc., US)"
maargasystems-com.mail.protection.outlook.com,1,"AS8075 (MICROSOFT-CORP-MSN-AS-BLOCK - Microsoft Corporation, US)"
macauthority-com.mail.protection.outlook.com,1,"AS8075 (MICROSOFT-CORP-MSN-AS-BLOCK - Microsoft Corporation, US)"
ma1l.duckdns.org,1,"AS16276 (OVH, FR)"
macwish.com,1,
macfittest.com,1,"AS213549 (SATISFYHOST, GB)"
mabal.fr.nf,1,"AS16276 (OVH, FR)"
mail.macosten.com,1,"AS14061 (DIGITALOCEAN-ASN - DigitalOcean, LLC, US)"
a182602.mx.mailhop.org,1,"AS16509 (AMAZON-02 - Amazon.com, Inc., US)"
ma-boite-aux-lettres.infos.st,1,"AS16276 (OVH, FR)"
mail.mafozex.xyz,1,"AS40021 (CONTABO-40021 - Contabo Inc., US)"
mail.macroprmails.ru,1,"AS12586 (ASGHOSTNET, DE)"
mail.maghyg.xyz,1,"AS47583 (AS-HOSTINGER, CY)"
mail.madiba-shirt.com,1,"AS37153 (xneelo, ZA)"
mail.madibashirts.com,1,"AS37153 (xneelo, ZA)"
macstoredigital.id,1,"AS149359 (IDNIC-PDM-AS-ID PT Persada Data Multimedia, ID)"
mail.macrobivegai.ru,1,"AS12586 (ASGHOSTNET, DE)"
mail.macrodmail.ru,1,"AS12586 (ASGHOSTNET, DE)"
s0.protection.netiyi.com,1,"AS201928 (ASNETIYI, TR)"
mail35.mydevil.net,1,"AS57367 (ECO-ATMAN-PL ECO-ATMAN-, PL)"
magura-shop.mail.protection.outlook.com,1,"AS8075 (MICROSOFT-CORP-MSN-AS-BLOCK - Microsoft Corporation, US)"
mail.magicparcels.xyz,1,"AS20473 (AS-VULTR - The Constant Company, LLC, US)"
mail.magnetimail.com,1,"AS12586 (ASGHOSTNET, DE)"
mail.magnetohydrodymy.com,1,"AS12586 (ASGHOSTNET, DE)"
mail.magistinf.com,1,"AS12586 (ASGHOSTNET, DE)"
mahoteki.com,1,"AS131965 (XSERVER Xserver Inc., JP)"
mx2.cityemail.com,1,"AS393653 (WIZ1 - Wizard Tower Techno Services, CA)"
mx.mail-data.net,1,"AS14061 (DIGITALOCEAN-ASN - DigitalOcean, LLC, US)"
mail.magistratmail.ru,1,"AS12586 (ASGHOSTNET, DE)"
smtp.mail-filter.com,1,"AS24940 (HETZNER-AS, DE)"
mx.mail-pop3.com,1,"AS16276 (OVH, FR)"
mx.mail-score.com,1,"AS16276 (OVH, FR)"
h2.hitme.pl,1,"AS50840 (AS-HITME, PL)"
mail-4-uk.co.uk,1,"AS42831 (UKSERVERS-AS UK Dedicated Servers, Hosting and Co-Location, GB)"
mx2.mail-server.bid,1,"AS200107 (KL-EXT, CH)"
mail-mario.fr.nf,1,"AS16276 (OVH, FR)"
mail-uk.co.uk,1,"AS42831 (UKSERVERS-AS UK Dedicated Servers, Hosting and Co-Location, GB)"
mail.magnetifm.ru,1,"AS12586 (ASGHOSTNET, DE)"
mail.burneremailid.com,1,"AS14061 (DIGITALOCEAN-ASN - DigitalOcean, LLC, US)"
mail.tempai.org,1,"AS63949 (AKAMAI-LINODE-AP Akamai Connected Cloud, SG)"
mahantejarat.com,1,"AS48715 (SEFROYEKPARDAZENG-AS Sefroyek Pardaz Engineering Company, IR)"
mail.magnet-immigration.com,1,"AS51167 (CONTABO, DE)"
_dc-mx.b2c82c8a4ea4.mail.com.vc,1,"AS19318 (IS-AS-1 - Interserver, Inc, US)"
chatfunny.com,1,"AS47583 (AS-HOSTINGER, CY)"
smtp2.mail.be,1,"AS3356 (LEVEL3 - Level 3 Parent, LLC, US)"
mx.mail-send.ru,1,"AS216071 (VDSINA, AE)"
mx.mose-mail.jp,1,"AS2497 (IIJ Internet Initiative Japan Inc., JP)"
mx1.seznam.cz,1,"AS43037 (SEZNAM-, CZ)"
mail0001.peoplepc.fr,1,"AS24940 (HETZNER-AS, DE)"
aeris.myserverhosts.com,1,"AS46606 (UNIFIEDLAYER-AS-1 - Unified Layer, US)"
perceptium-com.mail.protection.outlook.com,1,"AS8075 (MICROSOFT-CORP-MSN-AS-BLOCK - Microsoft Corporation, US)"
mx0.nardi-furniture.com,1,"AS6364 (ATLANTIC-NET-1 - Atlantic.net, Inc., US)"
mail.perance.com,1,"AS13246 (INETWIRE-AS Key-Systems GmbH PartnerGate, DE)"
mail.percemails.ru,1,"AS12586 (ASGHOSTNET, DE)"
nashagencyinsurance-com.mail.protection.outlook.com,1,"AS8075 (MICROSOFT-CORP-MSN-AS-BLOCK - Microsoft Corporation, US)"
mail.narcoaml.ru,1,"AS12586 (ASGHOSTNET, DE)"
mx.nashvillequote.com,1,"AS29873 (BIZLAND-SD - Newfold Digital, Inc., US)"
mail.narcoanfl.com,1,"AS12586 (ASGHOSTNET, DE)"
mail.narcissisml.ru,1,"AS12586 (ASGHOSTNET, DE)"
mail.nastase.ddnsfree.com,1,"AS8708 (DIGI-ROMANIA 75 Dr. Staicovici, RO)"
mail.perdmail.ru,1,"AS12586 (ASGHOSTNET, DE)"
mail.perennolml.ru,1,"AS12586 (ASGHOSTNET, DE)"
mail.tdvolya.ru,1,"AS44927 (TELECOM-MPK, RU)"
mx1.nate.com,1,"AS4792 (NATECOMMS-AS-KR NATE Communications Corporation, KR)"
nationwidedebtconsultants-co-uk.mail.protection.outlook.com,1,"AS8075 (MICROSOFT-CORP-MSN-AS-BLOCK - Microsoft Corporation, US)"
mx003.register.xion.oxcs.net,1,"AS16276 (OVH, FR)"
mail.perimails.ru,1,"AS12586 (ASGHOSTNET, DE)"
mail.pericfmk.com,1,"AS12586 (ASGHOSTNET, DE)"
mail.periml.ru,1,"AS12586 (ASGHOSTNET, DE)"
mail.periodimail.ru,1,"AS12586 (ASGHOSTNET, DE)"
nationwido-com.mail.protection.outlook.com,1,"AS8075 (MICROSOFT-CORP-MSN-AS-BLOCK - Microsoft Corporation, US)"
mail.pericolgmail.ru,1,"AS12586 (ASGHOSTNET, DE)"
mail.pergamentolml.ru,1,"AS12586 (ASGHOSTNET, DE)"
mail.peribronml.ru,1,"AS12586 (ASGHOSTNET, DE)"
_dc-mx.4d61e1a9b84e.perkdaily.com,1,"AS14670 (WHG-USE1, GB)"
mail.periodfmk.com,1,"AS12586 (ASGHOSTNET, DE)"
mail.perichofmail.ru,1,"AS12586 (ASGHOSTNET, DE)"
mail.perisalpml.ru,1,"AS12586 (ASGHOSTNET, DE)"
mail.periarmail.ru,1,"AS12586 (ASGHOSTNET, DE)"
mail.nationamail.com,1,"AS12586 (ASGHOSTNET, DE)"
mail.natiret.com,1,"AS14061 (DIGITALOCEAN-ASN - DigitalOcean, LLC, US)"
mail.perivesufml.ru,1,"AS12586 (ASGHOSTNET, DE)"
mail.perinfml.com,1,"AS12586 (ASGHOSTNET, DE)"
mail.peripmails.ru,1,"AS12586 (ASGHOSTNET, DE)"
mail.perioemail.ru,1,"AS12586 (ASGHOSTNET, DE)"
mail.peripatmil.ru,1,"AS12586 (ASGHOSTNET, DE)"
mail.peripatf.ru,1,"AS12586 (ASGHOSTNET, DE)"
nationalvtc.com,1,"AS47583 (AS-HOSTINGER, CY)"
mail.perichonebml.ru,1,"AS12586 (ASGHOSTNET, DE)"
nationwire.com,1,"AS46606 (UNIFIEDLAYER-AS-1 - Unified Layer, US)"
peristalmail.com,1,"AS213702 (QWINS-LTD QWINS AS-SET: ~ # AS213702:AS-CUSTOMERS, GB)"
mail.perioolml.ru,1,"AS12586 (ASGHOSTNET, DE)"
perpetualblonde.com,1,"AS20248 (TAKE2 - Take 2 Hosting, Inc., US)"
mail.perissodolml.ru,1,"AS12586 (ASGHOSTNET, DE)"
bound.natuanal.com,1,"AS14061 (DIGITALOCEAN-ASN - DigitalOcean, LLC, US)"
mail.perm-master.ru,1,"AS49505 (SELECTEL, RU)"
_dc-mx.961d83866f0d.naturalstonetables.com,1,"AS40476 (SCALAHOSTING - Scala Hosting LLC, US)"
mail.permalu.ru,1,"AS12586 (ASGHOSTNET, DE)"
mail.naturaemail.ru,1,"AS12586 (ASGHOSTNET, DE)"
mail.perrybear.com,1,
mxicorpa.craigslist.org,1,"AS22414 (CRAIGS-NET-1 - Craigslist, Inc., US)"
mail.nativejo.ru,1,"AS12586 (ASGHOSTNET, DE)"
mail.permeamail.ru,1,"AS12586 (ASGHOSTNET, DE)"
malibuzz.navendazanist.net,1,"AS51167 (CONTABO, DE)"
mail.peronospomails.ru,1,"AS12586 (ASGHOSTNET, DE)"
_dc-mx.39d9cc8f1c59.nav.urgntx.com,1,"AS46261 (QUICKPACKET - QuickPacket, LLC, US)"
nautiq-de.mail.protection.outlook.com,1,"AS8075 (MICROSOFT-CORP-MSN-AS-BLOCK - Microsoft Corporation, US)"
mx.perplexitu.ai,1,"AS31034 (ARUBA-ASN, IT)"
mail.personmail.ru,1,"AS12586 (ASGHOSTNET, DE)"
mail.personimail.ru,1,"AS12586 (ASGHOSTNET, DE)"
mail.personifmails.ru,1,"AS12586 (ASGHOSTNET, DE)"
mx.nayobok.net,1,"AS14061 (DIGITALOCEAN-ASN - DigitalOcean, LLC, US)"
mail.personarsmail.ru,1,"AS12586 (ASGHOSTNET, DE)"
mail.personifrsmail.ru,1,"AS12586 (ASGHOSTNET, DE)"
mail.persumail.ru,1,"AS12586 (ASGHOSTNET, DE)"
mail.pestalozmail.com,1,"AS40021 (CONTABO-40021 - Contabo Inc., US)"
mail.pessimistolml.ru,1,"AS12586 (ASGHOSTNET, DE)"
peta-com.mail.protection.outlook.com,1,"AS8075 (MICROSOFT-CORP-MSN-AS-BLOCK - Microsoft Corporation, US)"
malibuzz.petebrigham.net,1,"AS51167 (CONTABO, DE)"
mail.nbobd.com,1,"AS47583 (AS-HOSTINGER, CY)"
pet-cam-ac-uk.mail.protection.outlook.com,1,"AS8075 (MICROSOFT-CORP-MSN-AS-BLOCK - Microsoft Corporation, US)"
mx1.hc2638-63.iphmx.com,1,"AS16417 (IRONPORT-SYSTEMS-INC - Cisco Systems Ironport Division, US)"
mail.pestalokl.ru,1,"AS12586 (ASGHOSTNET, DE)"
petlife-com.mail.protection.outlook.com,1,"AS8075 (MICROSOFT-CORP-MSN-AS-BLOCK - Microsoft Corporation, US)"
ncced.org,1,"AS14061 (DIGITALOCEAN-ASN - DigitalOcean, LLC, US)"
malibuzz.ncaaomg.com,1,"AS51167 (CONTABO, DE)"
nc-com.mail.protection.outlook.com,1,"AS8075 (MICROSOFT-CORP-MSN-AS-BLOCK - Microsoft Corporation, US)"
mail.ncsar.com,1,"AS14061 (DIGITALOCEAN-ASN - DigitalOcean, LLC, US)"
ncta-com.mail.protection.outlook.com,1,"AS8075 (MICROSOFT-CORP-MSN-AS-BLOCK - Microsoft Corporation, US)"
mail.nchealthplans.com,1,"AS32244 (LIQUIDWEB - Liquid Web, L.L.C, US)"
pfvmedia.com,1,"AS36218 (WHG-CAN, GB)"
mx2.pezhub.org,1,"AS200107 (KL-EXT, CH)"
mail.ndarseyco.com,1,"AS47583 (AS-HOSTINGER, CY)"
mx15.ukraine.com.ua,1,"AS200000 (UKRAINE-AS, UA)"
wget.ge,1,
mail9.mymailcheap.com,1,"AS16276 (OVH, FR)"
mail.pgrealty.in,1,"AS63023 (AS-GLOBALTELEHOST - GTHost, US)"
smtp1.sfr.com,1,"AS15557 (LDCOMNET --- I3Dnet ---, FR)"
ndsconnect.no.test-google-a.com,1,
neamb-com.mail.protection.outlook.com,1,"AS8075 (MICROSOFT-CORP-MSN-AS-BLOCK - Microsoft Corporation, US)"
phantomapp-com01i.mail.protection.outlook.com,1,"AS8075 (MICROSOFT-CORP-MSN-AS-BLOCK - Microsoft Corporation, US)"
mail.phamay.com,1,"AS14061 (DIGITALOCEAN-ASN - DigitalOcean, LLC, US)"
mail.phaantm.de,1,"AS6724 (STRATO STRATO AG, DE)"
mail.phantasmail.com,1,"AS12586 (ASGHOSTNET, DE)"
mail.nebulatools.pro,1,
mail.phanerofmail.ru,1,"AS12586 (ASGHOSTNET, DE)"
mail.pharmacologimfri.com,1,"AS12586 (ASGHOSTNET, DE)"
mail.pharisaicmail.com,1,"AS12586 (ASGHOSTNET, DE)"
mail.phanemails.ru,1,"AS12586 (ASGHOSTNET, DE)"
mail.phantasmaebml.ru,1,"AS12586 (ASGHOSTNET, DE)"
mail.necub.com,1,"AS63949 (AKAMAI-LINODE-AP Akamai Connected Cloud, SG)"
mail.pharmacologifmail.ru,1,"AS12586 (ASGHOSTNET, DE)"
mail.neclipspui.com,1,"AS47583 (AS-HOSTINGER, CY)"
mail.roylenferink.com,1,"AS15435 (KABELFOON DELTA Fiber Nederland, NL)"
mail.pharmacoml.ru,1,"AS12586 (ASGHOSTNET, DE)"
mail.pharyngoesopolml.ru,1,"AS12586 (ASGHOSTNET, DE)"
mail.pharyngomail.com,1,"AS12586 (ASGHOSTNET, DE)"
mail.pharyngotonmalu.ru,1,"AS12586 (ASGHOSTNET, DE)"
mail.pharmamails.ru,1,"AS12586 (ASGHOSTNET, DE)"
mail.pharyngoepigmy.com,1,"AS12586 (ASGHOSTNET, DE)"
mail.pharyngopalfmail.ru,1,"AS12586 (ASGHOSTNET, DE)"
_dc-mx.843a3be73f82.neert.com,1,"AS16276 (OVH, FR)"
mail.phenorsmail.ru,1,"AS12586 (ASGHOSTNET, DE)"
mail.phenylket.ru,1,"AS12586 (ASGHOSTNET, DE)"
mail.pereskazfilma.site,1,"AS209641 (I-SERVERS-EAST, GB)"
mail.nehomesdeaf.org,1,"AS13335 (CLOUDFLARENET - Cloudflare, Inc., US)"
mail.phenomenolsemail.com,1,"AS12586 (ASGHOSTNET, DE)"
mail.phenomenmfri.com,1,"AS12586 (ASGHOSTNET, DE)"
phemexi.com,1,"AS214036 (ULTAHOST-AS, US)"
phillies1-com.mail.protection.outlook.com,1,"AS8075 (MICROSOFT-CORP-MSN-AS-BLOCK - Microsoft Corporation, US)"
mail.philanthropfml.com,1,"AS12586 (ASGHOSTNET, DE)"
pgslot78.net,1,"AS31898 (ORACLE-BMC-31898 - Oracle Corporation, US)"
philosophyofindia.com,1,"AS24940 (HETZNER-AS, DE)"
mail.philosophmail.com,1,"AS132203 (TENCENT-NET-AP-CN Tencent Building, Kejizhongyi Avenue, CN)"
mail.philosophfmals.com,1,"AS12586 (ASGHOSTNET, DE)"
d161553a.ess.barracudanetworks.com,1,"AS16509 (AMAZON-02 - Amazon.com, Inc., US)"
mail.philoprogenfmals.com,1,"AS12586 (ASGHOSTNET, DE)"
_dc-mx.7cec0cdaf2da.phoenixgreenvillesinn.com,1,"AS46606 (UNIFIEDLAYER-AS-1 - Unified Layer, US)"
mail.myexclusivemadosils.com,1,"AS202448 (MVPS www.mvps.net, CY)"
_dc-mx.230fbc262676.phoenixcomputerrepairservice.net,1,"AS33182 (DIMENOC - HostDime.com, Inc., US)"
mxa-002dbe01.gslb.pphosted.com,1,"AS22843 (PROOFPOINT-ASN-US-EAST - Proofpoint, Inc., US)"
mail.philosomali.ru,1,"AS12586 (ASGHOSTNET, DE)"
mail.philosmail.ru,1,"AS12586 (ASGHOSTNET, DE)"
gate.nembors.com,1,"AS14061 (DIGITALOCEAN-ASN - DigitalOcean, LLC, US)"
mail.phlebecmil.ru,1,"AS12586 (ASGHOSTNET, DE)"
phoenixstyle.com,1,"AS36351 (SOFTLAYER - IBM Cloud, US)"
phonex-com.mail.protection.outlook.com,1,
mail.nematmail.ru,1,"AS12586 (ASGHOSTNET, DE)"
mail.phocomgmail.ru,1,"AS12586 (ASGHOSTNET, DE)"
mail.nematodruby.ru,1,"AS12586 (ASGHOSTNET, DE)"
mail.phoeniml.ru,1,"AS12586 (ASGHOSTNET, DE)"
neocreative-com.mail.protection.outlook.com,1,"AS8075 (MICROSOFT-CORP-MSN-AS-BLOCK - Microsoft Corporation, US)"
mail.neocolonifmals.com,1,"AS12586 (ASGHOSTNET, DE)"
mail.neocomail.com,1,"AS12586 (ASGHOSTNET, DE)"
mail.phonocardml.ru,1,"AS12586 (ASGHOSTNET, DE)"
mail.phosphatidylml.ru,1,"AS12586 (ASGHOSTNET, DE)"
mail.phonofml.ru,1,"AS12586 (ASGHOSTNET, DE)"
mail1.neomailbox.com,1,"AS50613 (THORDC-AS, IS)"
mail.neoconser.com,1,"AS12586 (ASGHOSTNET, DE)"
mail.phonogramail.com,1,"AS12586 (ASGHOSTNET, DE)"
mail.phosphofructmail.com,1,"AS132203 (TENCENT-NET-AP-CN Tencent Building, Kejizhongyi Avenue, CN)"
mail.photobeactruby.ru,1,"AS12586 (ASGHOSTNET, DE)"
neptuneflood-com.mail.protection.outlook.com,1,"AS8075 (MICROSOFT-CORP-MSN-AS-BLOCK - Microsoft Corporation, US)"
mail.photochrfml.com,1,"AS12586 (ASGHOSTNET, DE)"
mail.photoelectmail.ru,1,"AS12586 (ASGHOSTNET, DE)"
fast3x.neowavehub.com,1,"AS14061 (DIGITALOCEAN-ASN - DigitalOcean, LLC, US)"
mail.photoaemail.ru,1,"AS12586 (ASGHOSTNET, DE)"
mail.photodissmali.ru,1,"AS12586 (ASGHOSTNET, DE)"
mail.photodissoc.com,1,"AS12586 (ASGHOSTNET, DE)"
mail.neighbour.co.uk,1,"AS24940 (HETZNER-AS, DE)"
mail.photocoainf.com,1,"AS12586 (ASGHOSTNET, DE)"
mail.photograpfml.ru,1,"AS12586 (ASGHOSTNET, DE)"
mail.nerdkul.com,1,"AS32097 (WII - WholeSale Internet, Inc., US)"
mail.photokfmk.com,1,"AS12586 (ASGHOSTNET, DE)"
mail.phonocarmalu.ru,1,"AS12586 (ASGHOSTNET, DE)"
mail.photographme.ru,1,"AS12586 (ASGHOSTNET, DE)"
mail.photodisintegmy.com,1,"AS12586 (ASGHOSTNET, DE)"
mail.photojournebml.ru,1,"AS12586 (ASGHOSTNET, DE)"
mail.neogrammail.ru,1,"AS12586 (ASGHOSTNET, DE)"
mail.photomeemail.ru,1,"AS12586 (ASGHOSTNET, DE)"
mail.photomicrmails.ru,1,"AS12586 (ASGHOSTNET, DE)"
mail.photomicrsmail.ru,1,"AS12586 (ASGHOSTNET, DE)"
mail.nemail.ru,1,"AS8342 (RTCOMM-AS, RU)"
mail.photoautomail.ru,1,"AS12586 (ASGHOSTNET, DE)"
mail.phosphofructokmail.ru,1,"AS12586 (ASGHOSTNET, DE)"
mail.phototypesfkml.ru,1,"AS12586 (ASGHOSTNET, DE)"
mail.pherrex.com,1,"AS24940 (HETZNER-AS, DE)"
mail.photomicr.com,1,"AS12586 (ASGHOSTNET, DE)"
mail.photommails.ru,1,"AS12586 (ASGHOSTNET, DE)"
mail.photochronomail.ru,1,"AS12586 (ASGHOSTNET, DE)"
mail.photoelastmail.ru,1,"AS12586 (ASGHOSTNET, DE)"
photomorphmail.com,1,"AS213702 (QWINS-LTD QWINS AS-SET: ~ # AS213702:AS-CUSTOMERS, GB)"
mail.philipposflavors.com,1,"AS29066 (VELIANET-AS velia.net Internetdienste GmbH, DE)"
mail.photobmail.ru,1,"AS12586 (ASGHOSTNET, DE)"
mail.photolymail.ru,1,"AS12586 (ASGHOSTNET, DE)"
mail.phototelefml.ru,1,"AS12586 (ASGHOSTNET, DE)"
phse-com.mail.protection.outlook.com,1,"AS8075 (MICROSOFT-CORP-MSN-AS-BLOCK - Microsoft Corporation, US)"
mail.nerio.cz,1,"AS24940 (HETZNER-AS, DE)"
mx.phreaker.net,1,
mail.photolithoemail.ru,1,"AS12586 (ASGHOSTNET, DE)"
mail.phronemomail.ru,1,"AS12586 (ASGHOSTNET, DE)"
mail2,1,
bak002.phugruphy.com,1,"AS14061 (DIGITALOCEAN-ASN - DigitalOcean, LLC, US)"
mail.phylactomail.ru,1,"AS12586 (ASGHOSTNET, DE)"
relay1.net.ua,1,"AS15800 (COORDINATOR-AS East-Ukrainian NIC, UA)"
mail.phytopathome.ru,1,"AS12586 (ASGHOSTNET, DE)"
dmarc.phyopoc.com,1,"AS14061 (DIGITALOCEAN-ASN - DigitalOcean, LLC, US)"
mail.phytemail.ru,1,"AS12586 (ASGHOSTNET, DE)"
mail.physiognomail.com,1,"AS12586 (ASGHOSTNET, DE)"
physiothemail.com,1,"AS213702 (QWINS-LTD QWINS AS-SET: ~ # AS213702:AS-CUSTOMERS, GB)"
mail.phytosumail.ru,1,"AS12586 (ASGHOSTNET, DE)"
mail.physiochmail.ru,1,"AS12586 (ASGHOSTNET, DE)"
mail.phytosuccmalis.com,1,"AS12586 (ASGHOSTNET, DE)"
mx-asp.netaxistech.com,1,"AS14061 (DIGITALOCEAN-ASN - DigitalOcean, LLC, US)"
mail.netfacc.com,1,"AS47583 (AS-HOSTINGER, CY)"
mxrouter.netcombase.com,1,"AS14061 (DIGITALOCEAN-ASN - DigitalOcean, LLC, US)"
mail.physiognoml.ru,1,"AS12586 (ASGHOSTNET, DE)"
mail.phylemail.ru,1,"AS12586 (ASGHOSTNET, DE)"
mail.physiothmalu.ru,1,"AS12586 (ASGHOSTNET, DE)"
asl.h-e-s.de,1,"AS20676 (PLUSNET *****************, DE)"
netchilee.cl,1,"AS64161 (GRUPO ZGH SPA, CL)"
pianounlimited.com,1,"AS60781 (LEASEWEB-NL-AMS-01 Netherlands, NL)"
mail.physicocmail.ru,1,"AS12586 (ASGHOSTNET, DE)"
mail.physiograpmail.ru,1,"AS12586 (ASGHOSTNET, DE)"
mail.piaemail.ru,1,"AS12586 (ASGHOSTNET, DE)"
uixie.porkbun.com,1,"AS16509 (AMAZON-02 - Amazon.com, Inc., US)"
mx6.pichosti.info,1,
mail.netfxd.com,1,"AS14061 (DIGITALOCEAN-ASN - DigitalOcean, LLC, US)"
picsedate.com,1,"AS14061 (DIGITALOCEAN-ASN - DigitalOcean, LLC, US)"
mail.narekvor.com,1,"AS216071 (VDSINA, AE)"
mail.netfli.com,1,"AS16509 (AMAZON-02 - Amazon.com, Inc., US)"
mail.piala188.com,1,"AS9808 (CHINAMOBILE-CN China Mobile Communications Group Co., Ltd., CN)"
mx2.pickadulttoys.com,1,"AS200107 (KL-EXT, CH)"
mail.netinta.com,1,"AS14061 (DIGITALOCEAN-ASN - DigitalOcean, LLC, US)"
mx.netins.net.cust.b.hostedemail.com,1,"AS32491 (TUCOWS-3 - Tucows.com Co., CA)"
mail.netlix.com,1,"AS398101 (GO-DADDY-COM-LLC - GoDaddy.com, LLC, US)"
netricity-nl.mail.protection.outlook.com,1,"AS8075 (MICROSOFT-CORP-MSN-AS-BLOCK - Microsoft Corporation, US)"
mail.netscapezs.com,1,"AS47583 (AS-HOSTINGER, CY)"
mail.netoiu.com,1,"AS14061 (DIGITALOCEAN-ASN - DigitalOcean, LLC, US)"
mail.phonghoithao.net,1,"AS16276 (OVH, FR)"
mail.nettojuku.xyz,1,"AS196645 (HOSTPRO-AS, UA)"
aksesemail.my.id,1,"AS141968 (IDNIC-IKADA-AS-ID PT Industri Kreatif Digital, ID)"
piaskowanie24.pl,1,"AS39566 (AS-SMARTHOST-, PL)"
xroute.netsurferzone.com,1,"AS14061 (DIGITALOCEAN-ASN - DigitalOcean, LLC, US)"
mail.pidge.cfd,1,"AS24940 (HETZNER-AS, DE)"
msn.netstreamcore.com,1,"AS14061 (DIGITALOCEAN-ASN - DigitalOcean, LLC, US)"
netwitness-com.mail.protection.outlook.com,1,"AS8075 (MICROSOFT-CORP-MSN-AS-BLOCK - Microsoft Corporation, US)"
mail.pii.at,1,"AS8560 (IONOS-AS This is the joint network for IONOS, Fasthosts, Arsys, 1&1 Mail and Media and 1&1 Telecom. Formerly known as 1&1 Internet SE., DE)"
mail.netkozlam.ru,1,"AS9009 (M247, RO)"
piletaparvaz.com,1,"AS48715 (SEFROYEKPARDAZENG-AS Sefroyek Pardaz Engineering Company, IR)"
mail.piletaparvaz.ir,1,"AS48715 (SEFROYEKPARDAZENG-AS Sefroyek Pardaz Engineering Company, IR)"
mail.netgas.info,1,"AS16276 (OVH, FR)"
netvision.es,1,"AS48348 (CLOUDBUILDERS, ES)"
mx1.networksfs.com,1,"AS200107 (KL-EXT, CH)"
mx2.networkapps.info,1,"AS200107 (KL-EXT, CH)"
mail.neuroanaic.com,1,"AS12586 (ASGHOSTNET, DE)"
mail.neurobiomail.ru,1,"AS12586 (ASGHOSTNET, DE)"
mail.neurodegeinf.com,1,"AS12586 (ASGHOSTNET, DE)"
mail.neurochoriomail.com,1,"AS12586 (ASGHOSTNET, DE)"
mail.nevadaibm.com,1,"AS47583 (AS-HOSTINGER, CY)"
mail.neuropamail.ru,1,"AS12586 (ASGHOSTNET, DE)"
mail.neuropsycrsmail.ru,1,"AS12586 (ASGHOSTNET, DE)"
mail.neverover.life,1,"AS203446 (AS203446, GB)"
mail.neurophli.com,1,"AS12586 (ASGHOSTNET, DE)"
mail.neuropsycmail.com,1,"AS12586 (ASGHOSTNET, DE)"
mx1.neusp.loan,1,"AS200107 (KL-EXT, CH)"
mail.neuroparamail.ru,1,"AS12586 (ASGHOSTNET, DE)"
mtavwpb.pinevalleyspeed.com,1,"AS14061 (DIGITALOCEAN-ASN - DigitalOcean, LLC, US)"
spf0pyh.pinevalleytel.com,1,"AS14061 (DIGITALOCEAN-ASN - DigitalOcean, LLC, US)"
hubmike.com,1,"AS39287 (ABSTRACT, FI)"
pinnacle-bank.mail.protection.outlook.com,1,"AS8075 (MICROSOFT-CORP-MSN-AS-BLOCK - Microsoft Corporation, US)"
newaddr.com,1,"AS7506 (INTERQ GMO Internet Group, Inc., JP)"
mail.pinicho.us.to,1,"AS57269 (DIGISPAINTELECOM, ES)"
pintapartners-com.mail.protection.outlook.com,1,"AS8075 (MICROSOFT-CORP-MSN-AS-BLOCK - Microsoft Corporation, US)"
mx1.pinemaile.com,1,"AS200107 (KL-EXT, CH)"
mail.pinocytemail.ru,1,"AS12586 (ASGHOSTNET, DE)"
pioneex-com.mail.protection.outlook.com,1,"AS8075 (MICROSOFT-CORP-MSN-AS-BLOCK - Microsoft Corporation, US)"
pilomaterialy32.ru,1,"AS204601 (PODAON, NL)"
mail.pisem.net,1,"AS58051 (ZUME, GB)"
mail.pissmail.com,1,"AS51167 (CONTABO, DE)"
malibuzz.pitonresources.org,1,"AS51167 (CONTABO, DE)"
mail.pistolcrockett.com,1,"AS46606 (UNIFIEDLAYER-AS-1 - Unified Layer, US)"
piscosf.com,1,"AS58487 (CRI-AS-AP CV. Rumahweb Indonesia, ID)"
newdelhi.io.vn,1,"AS20068 (HAWKHOST - Hawk Host Inc., CA)"
mail.pisciculmail.ru,1,"AS12586 (ASGHOSTNET, DE)"
mail.pipiska6879.cf,1,"AS51167 (CONTABO, DE)"
mx6.newmedicforum.com,1,
pitimail.xxl.st,1,"AS16276 (OVH, FR)"
argw.fsi.ne.jp,1,"AS23824 (FUTURE Future Spirits Co.,Ltd., JP)"
mx1.pixelrate.site,1,"AS200107 (KL-EXT, CH)"
mail.newpk.com,1,"AS45352 (IPSERVERONE-AS-AP IP ServerOne Solutions Sdn Bhd, MY)"
a113487.mx.mailhop.org,1,"AS16509 (AMAZON-02 - Amazon.com, Inc., US)"
mail.newross.net,1,"AS29550 (SIMPLYTRANSIT, GB)"
mail.newsoperator.com,1,"AS36444 (NEXCESS-NET - Liquid Web, L.L.C, US)"
mail.news21.top,1,"AS200019 (ALEXHOST, MD)"
mx6.newssportsjapan.com,1,
mx.pjmanufacturing.com,1,"AS14061 (DIGITALOCEAN-ASN - DigitalOcean, LLC, US)"
d300261a.ess.barracudanetworks.com,1,"AS16509 (AMAZON-02 - Amazon.com, Inc., US)"
newyorklife-com01i.mail.protection.outlook.com,1,"AS8075 (MICROSOFT-CORP-MSN-AS-BLOCK - Microsoft Corporation, US)"
mail.newsdailynation.com,1,"AS51167 (CONTABO, DE)"
newyorkinjurynews.com,1,"AS32244 (LIQUIDWEB - Liquid Web, L.L.C, US)"
pk2s.com,1,"AS53767 (ICASTCENTER - iCastCenter, US)"
newyorklice-com.mail.protection.outlook.com,1,"AS8075 (MICROSOFT-CORP-MSN-AS-BLOCK - Microsoft Corporation, US)"
newyork.io.vn,1,"AS20068 (HAWKHOST - Hawk Host Inc., CA)"
_dc-mx.48e0df320fda.pkmail.site,1,"AS24940 (HETZNER-AS, DE)"
mail.neuropsychmail.ru,1,"AS12586 (ASGHOSTNET, DE)"
networlds.online,1,"AS16276 (OVH, FR)"
mail.neurolepmail.com,1,"AS12586 (ASGHOSTNET, DE)"
mail.neuropsychmalis.com,1,"AS12586 (ASGHOSTNET, DE)"
mail.neurofibmails.ru,1,"AS12586 (ASGHOSTNET, DE)"
nexe-com.mail.protection.outlook.com,1,"AS8075 (MICROSOFT-CORP-MSN-AS-BLOCK - Microsoft Corporation, US)"
next.ovh,1,"AS397423 (TIER-NET - Tier.Net Technologies LLC, US)"
mail.piogroup.software,1,"AS49824 (ACTPA-AS Astra LLC, UA)"
mail.placeright.ru,1,"AS210079 (EUROBYTE, RU)"
mail.pionexs.com,1,"AS46606 (UNIFIEDLAYER-AS-1 - Unified Layer, US)"
mail.nexc.com,1,"AS24940 (HETZNER-AS, DE)"
mail.nexterazone.click,1,"AS51167 (CONTABO, DE)"
mx00.ionos.it,1,"AS8560 (IONOS-AS This is the joint network for IONOS, Fasthosts, Arsys, 1&1 Mail and Media and 1&1 Telecom. Formerly known as 1&1 Internet SE., DE)"
west-mail2.pirkong.com,1,"AS14061 (DIGITALOCEAN-ASN - DigitalOcean, LLC, US)"
mail.nextstopvalhalla.com,1,"AS14061 (DIGITALOCEAN-ASN - DigitalOcean, LLC, US)"
s2927.can1.stableserver.net,1,"AS36218 (WHG-CAN, GB)"
mail.nexusmail.cfd,1,"AS24940 (HETZNER-AS, DE)"
planetu-agency.mail.protection.outlook.com,1,"AS8075 (MICROSOFT-CORP-MSN-AS-BLOCK - Microsoft Corporation, US)"
mail.nexttempmail.com,1,"AS273612 (FABWEB SERVICOS DE INTERNET LTDA, BR)"
mx0a-001c5701.pphosted.com,1,"AS26211 (PROOFPOINT-ASN-US-WEST - Proofpoint, Inc., US)"
mail.nexus388.org,1,"AS57344 (TELEHOUSE-AS, BG)"
mail.neurobimail.ru,1,
mail.neuroanatmail.com,1,
mx20.013net.net,1,"AS1680 (NV-ASN CELLCOM ltd., IL)"
mail.neuropamail.com,1,
mx6.nflravenssuperbowl.com,1,
mail.nfstripss.com,1,"AS47583 (AS-HOSTINGER, CY)"
mail.plasmoemail.ru,1,"AS12586 (ASGHOSTNET, DE)"
mail.ngem.net,1,"AS14061 (DIGITALOCEAN-ASN - DigitalOcean, LLC, US)"
mx6.plavixprime.com,1,
mail.platituinf.com,1,"AS12586 (ASGHOSTNET, DE)"
mail.platinrsmail.ru,1,"AS12586 (ASGHOSTNET, DE)"
route.ngainitr.com,1,"AS14061 (DIGITALOCEAN-ASN - DigitalOcean, LLC, US)"
ngf1-com.mail.protection.outlook.com,1,"AS8075 (MICROSOFT-CORP-MSN-AS-BLOCK - Microsoft Corporation, US)"
mail.playmtv.com,1,"AS397373 (H4Y-TECHNOLOGIES - H4Y Technologies LLC, US)"
mail.playfulmail.com,1,"AS12586 (ASGHOSTNET, DE)"
mxa-001d1709.gslb.pphosted.com,1,"AS52129 (PROOFPOINT-ASN-EU, US)"
mail.plaync.xyz,1,"AS132203 (TENCENT-NET-AP-CN Tencent Building, Kejizhongyi Avenue, CN)"
mail.nhatu.com,1,"AS14061 (DIGITALOCEAN-ASN - DigitalOcean, LLC, US)"
mail.nexentia.cfd,1,"AS203446 (AS203446, GB)"
mail.omnipotent.net,1,"AS40475 (APPLIEDOPS - Applied Operations, LLC, US)"
_dc-mx.f05ac5fcdb36.nhmicrosoft.com,1,"AS51167 (CONTABO, DE)"
mail.plenoryx.cfd,1,"AS203446 (AS203446, GB)"
mail.pleuroperis.com,1,"AS12586 (ASGHOSTNET, DE)"
mailbuilderbuilder.com,1,"AS396982 (GOOGLE-CLOUD-PLATFORM - Google LLC, US)"
playtubes.net,1,"AS23470 (RELIABLESITE - ReliableSite.Net LLC, US)"
mail.plesiomail.ru,1,"AS12586 (ASGHOSTNET, DE)"
mx2.next-mail.info,1,"AS200107 (KL-EXT, CH)"
mail.pleuropersmail.ru,1,"AS12586 (ASGHOSTNET, DE)"
box.mailingdesk.com,1,"AS63949 (AKAMAI-LINODE-AP Akamai Connected Cloud, SG)"
nextgen365events-com.mail.protection.outlook.com,1,"AS8075 (MICROSOFT-CORP-MSN-AS-BLOCK - Microsoft Corporation, US)"
mail.niceart.club,1,"AS49981 (WORLDSTREAM, NL)"
mx1ces.nice.com,1,"AS30238 (AS-IRONP-VEGA - Cisco Systems Ironport Division, US)"
mx.niagaslotter-seo.com,1,"AS16276 (OVH, FR)"
mail.plockton.net,1,"AS63949 (AKAMAI-LINODE-AP Akamai Connected Cloud, SG)"
mail.nextmail.online,1,"AS51167 (CONTABO, DE)"
_dc-mx.56f4b4ac06e7.nicemail.club,1,"AS60781 (LEASEWEB-NL-AMS-01 Netherlands, NL)"
mail.pliquid.com,1,"AS20647 (IPB IPB Internet Provider in Berlin GmbH, DE)"
mail-smtp.ployerem.com,1,"AS14061 (DIGITALOCEAN-ASN - DigitalOcean, LLC, US)"
50.47.186.142,1,
mail.plumdrop.xyz,1,"AS19318 (IS-AS-1 - Interserver, Inc, US)"
mail.nicegovmail.com,1,"AS14061 (DIGITALOCEAN-ASN - DigitalOcean, LLC, US)"
mail.nicemaiil.com,1,"AS12586 (ASGHOSTNET, DE)"
plumber-thatcham.co.uk,1,"AS42831 (UKSERVERS-AS UK Dedicated Servers, Hosting and Co-Location, GB)"
w019e258.kasserver.com,1,"AS34788 (NMM-AS D - 02742 Friedersdorf Hauptstrasse 68, DE)"
mail.temp-code.xyz,1,"AS135932 (VNDATA-AS-VN Viet Storage Technology Joint Stock Company, VN)"
pliz.fr.nf,1,"AS16276 (OVH, FR)"
plusance.com,1,"AS47583 (AS-HOSTINGER, CY)"
mx6.plusonefactory.com,1,
mail.plurilafml.ru,1,"AS12586 (ASGHOSTNET, DE)"
plp2.com,1,"AS24940 (HETZNER-AS, DE)"
jp1.fcomet.com,1,"AS63949 (AKAMAI-LINODE-AP Akamai Connected Cloud, SG)"
mail.nicoric.com,1,"AS63949 (AKAMAI-LINODE-AP Akamai Connected Cloud, SG)"
_dc-mx.d3f24f438bee.plymouthhalfmarathon.com,1,"AS51167 (CONTABO, DE)"
mail.nicloo.com,1,"AS14061 (DIGITALOCEAN-ASN - DigitalOcean, LLC, US)"
_dc-mx.61fd30c77f72.pmail.site,1,"AS24940 (HETZNER-AS, DE)"
pmaconsultants-com.mail.protection.outlook.com,1,"AS8075 (MICROSOFT-CORP-MSN-AS-BLOCK - Microsoft Corporation, US)"
mail.pmail.asia,1,"AS16276 (OVH, FR)"
mail.existiert.ch,1,"AS29222 (INFOMANIAK-AS, CH)"
pmc-com.mail.protection.outlook.com,1,"AS8075 (MICROSOFT-CORP-MSN-AS-BLOCK - Microsoft Corporation, US)"
nie-podam.pl,1,"AS16276 (OVH, FR)"
mail.plutus.family,1,"AS25504 (CRONON-AS Obermuensterstr. 9, DE)"
mx.pmheating.com,1,"AS51167 (CONTABO, DE)"
placebomail10.com,1,"AS51167 (CONTABO, DE)"
mail.nievemail.com,1,"AS12586 (ASGHOSTNET, DE)"
nidokela.biz.st,1,"AS16276 (OVH, FR)"
mail.nietamail.com,1,"AS12586 (ASGHOSTNET, DE)"
pmsvs-com.mail.protection.outlook.com,1,"AS8075 (MICROSOFT-CORP-MSN-AS-BLOCK - Microsoft Corporation, US)"
pnb-com.mail.protection.outlook.com,1,"AS8075 (MICROSOFT-CORP-MSN-AS-BLOCK - Microsoft Corporation, US)"
nik.edu.pl,1,"AS20068 (HAWKHOST - Hawk Host Inc., CA)"
mail01.hkmsys.com,1,"AS4694 (IDCF IDC Frontier Inc., JP)"
pnco-com.mail.protection.outlook.com,1,"AS8075 (MICROSOFT-CORP-MSN-AS-BLOCK - Microsoft Corporation, US)"
pncj-com.mail.protection.outlook.com,1,"AS8075 (MICROSOFT-CORP-MSN-AS-BLOCK - Microsoft Corporation, US)"
mx.nikejashoes.com,1,"AS14061 (DIGITALOCEAN-ASN - DigitalOcean, LLC, US)"
pncu-com.mail.protection.outlook.com,1,"AS8075 (MICROSOFT-CORP-MSN-AS-BLOCK - Microsoft Corporation, US)"
d237003.a.ess.uk.barracudanetworks.com,1,"AS16509 (AMAZON-02 - Amazon.com, Inc., US)"
mxb-0019ba01.gslb.pphosted.com,1,"AS26211 (PROOFPOINT-ASN-US-WEST - Proofpoint, Inc., US)"
pnf-com.mail.protection.outlook.com,1,"AS8075 (MICROSOFT-CORP-MSN-AS-BLOCK - Microsoft Corporation, US)"
mx.nikeshoesoutletforsale.com,1,"AS14061 (DIGITALOCEAN-ASN - DigitalOcean, LLC, US)"
newzealand-impressions.info,1,
mail.pneumatifml.ru,1,"AS12586 (ASGHOSTNET, DE)"
mail.pneumatotsalo.ru,1,"AS12586 (ASGHOSTNET, DE)"
mail.pneumoperimy.com,1,"AS12586 (ASGHOSTNET, DE)"
nikkifenton-com.mail.protection.outlook.com,1,"AS8075 (MICROSOFT-CORP-MSN-AS-BLOCK - Microsoft Corporation, US)"
mail.pneumoencepmail.ru,1,"AS12586 (ASGHOSTNET, DE)"
pneumoiosismail.com,1,"AS213702 (QWINS-LTD QWINS AS-SET: ~ # AS213702:AS-CUSTOMERS, GB)"
east.smtp.mx.exch026.serverdata.net,1,"AS16406 (AS-INTERMEDIA - Intermedia.net, Inc., US)"
mail.meatflavoredbeer.com,1,"AS14061 (DIGITALOCEAN-ASN - DigitalOcean, LLC, US)"
mail.pneumasalo.ru,1,"AS12586 (ASGHOSTNET, DE)"
nextgenadmin-com.mail.protection.outlook.com,1,"AS8075 (MICROSOFT-CORP-MSN-AS-BLOCK - Microsoft Corporation, US)"
nimapinfotech-net.mail.protection.outlook.com,1,"AS8075 (MICROSOFT-CORP-MSN-AS-BLOCK - Microsoft Corporation, US)"
nikora.biz.st,1,"AS16276 (OVH, FR)"
nikora.fr.nf,1,"AS16276 (OVH, FR)"
mail.pnpbiz.com,1,"AS3786 (LGDACOM LG DACOM Corporation, KR)"
poc-com.mail.protection.outlook.com,1,"AS8075 (MICROSOFT-CORP-MSN-AS-BLOCK - Microsoft Corporation, US)"
mail.nimsai.com,1,"AS51167 (CONTABO, DE)"
ninjatrader-com.mail.protection.outlook.com,1,"AS8075 (MICROSOFT-CORP-MSN-AS-BLOCK - Microsoft Corporation, US)"
mail.nhakhoavietsmile.com,1,"AS131353 (NHANHOA-AS-VN NhanHoa Software company, VN)"
mail.pleasewait.icu,1,"AS202412 (OMEGATECH-AS, SC)"
mail.pococemail.ru,1,"AS12586 (ASGHOSTNET, DE)"
mail.pnc2.com,1,"AS44476 (ZETTA-AS, BG)"
mail.nitrificfkml.ru,1,"AS12586 (ASGHOSTNET, DE)"
mail.nitrobacolml.ru,1,"AS12586 (ASGHOSTNET, DE)"
mail.nixemail.net,1,"AS47583 (AS-HOSTINGER, CY)"
mail.nitrocmail.ru,1,"AS12586 (ASGHOSTNET, DE)"
podium4sport-com.mail.protection.outlook.com,1,"AS8075 (MICROSOFT-CORP-MSN-AS-BLOCK - Microsoft Corporation, US)"
mail.nitrohydromalis.com,1,"AS12586 (ASGHOSTNET, DE)"
poesie-de-nuit.com,1,"AS53589 (PLANETHOSTER-8 - PlanetHoster, CA)"
podam.pl,1,"AS16276 (OVH, FR)"
nitel.com,1,"AS42807 (AEROTEK-AS, TR)"
gy70mx-domain.poemment.com,1,"AS14061 (DIGITALOCEAN-ASN - DigitalOcean, LLC, US)"
mail.podicrsmail.ru,1,"AS12586 (ASGHOSTNET, DE)"
nixonbox.com,1,"AS63068 (CROCWEB - CrocWeb, CA)"
mail.pleuroperimail.com,1,"AS12586 (ASGHOSTNET, DE)"
mail.pleuropneumail.ru,1,"AS12586 (ASGHOSTNET, DE)"
mail01.nextfash.com,1,"AS36351 (SOFTLAYER - IBM Cloud, US)"
mail.njc65c15z.com,1,"AS47583 (AS-HOSTINGER, CY)"
mail.pogonopfmail.ru,1,"AS12586 (ASGHOSTNET, DE)"
mail.poh.pp.ua,1,"AS16276 (OVH, FR)"
mail.pokemail.net,1,"AS60781 (LEASEWEB-NL-AMS-01 Netherlands, NL)"
mail.njtec.com,1,"AS31898 (ORACLE-BMC-31898 - Oracle Corporation, US)"
nkasaruparanationalpark.com,1,"AS36454 (WHG-DAL, GB)"
mail.poko.my,1,"AS44486 (SYNLINQ synlinq.de, DE)"
pokemons1.fr.nf,1,"AS16276 (OVH, FR)"
pokervizta.com,1,"AS59253 (LEASEWEB-APAC-SIN-11 LEASEWEB SINGAPORE PTE. LTD., SG)"
mail.poker-texas.com.pl,1,"AS24940 (HETZNER-AS, DE)"
s135.cyber-folks.pl,1,"AS41079 (CF-GDA, PL)"
mail.policemail.lol,1,"AS203446 (AS203446, GB)"
mail.polandychart.com,1,"AS9009 (M247, RO)"
mail1.poky.ro,1,"AS44418 (BITDEFENDER-AS, RO)"
mail.policyofliberty.com,1,"AS34119 (WILDCARD-AS Wildcard UK Limited, GB)"
t1direct10.policiman.com,1,"AS14061 (DIGITALOCEAN-ASN - DigitalOcean, LLC, US)"
mail.nmagazinec.com,1,"AS47583 (AS-HOSTINGER, CY)"
mail.seitz.solutions,1,"AS197540 (NETCUP-AS netcup GmbH, DE)"
polkaarsenal-com.mail.protection.outlook.com,1,"AS8075 (MICROSOFT-CORP-MSN-AS-BLOCK - Microsoft Corporation, US)"
mailin.mx-hub.net,1,"AS8648 (ONE-NETWORK, DE)"
mail.poliomyemail.ru,1,"AS12586 (ASGHOSTNET, DE)"
polkarsenal-com.mail.protection.outlook.com,1,"AS8075 (MICROSOFT-CORP-MSN-AS-BLOCK - Microsoft Corporation, US)"
mail.polosmail.com,1,"AS12586 (ASGHOSTNET, DE)"
nm123.com,1,"AS132203 (TENCENT-NET-AP-CN Tencent Building, Kejizhongyi Avenue, CN)"
mx1.nllfan.com,1,"AS16509 (AMAZON-02 - Amazon.com, Inc., US)"
mail.polychrommail.com,1,"AS12586 (ASGHOSTNET, DE)"
mail.polyemail.ru,1,"AS12586 (ASGHOSTNET, DE)"
mail.polyacrymails.ru,1,"AS12586 (ASGHOSTNET, DE)"
mail.rainmail.xyz,1,"AS20473 (AS-VULTR - The Constant Company, LLC, US)"
mail.polycotylemail.ru,1,"AS12586 (ASGHOSTNET, DE)"
mail.polycotylmail.ru,1,"AS12586 (ASGHOSTNET, DE)"
mail.polygaemail.ru,1,"AS12586 (ASGHOSTNET, DE)"
mail.polymastmail.ru,1,"AS12586 (ASGHOSTNET, DE)"
nngcapitalfund-com.mail.protection.outlook.com,1,"AS8075 (MICROSOFT-CORP-MSN-AS-BLOCK - Microsoft Corporation, US)"
mail2.polizei.nrw.de,1,"AS3320 (DTAG Internet service provider operations, DE)"
mail.polychromatmail.com,1,"AS12586 (ASGHOSTNET, DE)"
mail.polyplacemail.ru,1,"AS12586 (ASGHOSTNET, DE)"
mail.polysylmail.ru,1,"AS12586 (ASGHOSTNET, DE)"
mail.polyphonimfri.com,1,"AS12586 (ASGHOSTNET, DE)"
mail.polina777.ru,1,"AS29182 (RU-JSCIOT, RU)"
mail.polyunsamail.ru,1,"AS12586 (ASGHOSTNET, DE)"
mail.polythmails.ru,1,"AS12586 (ASGHOSTNET, DE)"
mail.polyeemail.ru,1,"AS12586 (ASGHOSTNET, DE)"
mail.nn2.pl,1,"AS47544 (IQPL-AS, PL)"
mail.polyphonfmals.com,1,"AS12586 (ASGHOSTNET, DE)"
mail.polynucmails.ru,1,"AS12586 (ASGHOSTNET, DE)"
mail.polyplemail.ru,1,"AS12586 (ASGHOSTNET, DE)"
mail.polytheistmail.ru,1,"AS12586 (ASGHOSTNET, DE)"
nomorespam-com0ei.mail.protection.outlook.com,1,"AS8075 (MICROSOFT-CORP-MSN-AS-BLOCK - Microsoft Corporation, US)"
mail.nnvl.com,1,"AS36352 (AS-COLOCROSSING - HostPapa, US)"
mail.no11.xyz,1,"AS399646 (DARTNODE - Snaju Development, US)"
mx1.ponycloud.net,1,
mail.polymermails.ru,1,"AS12586 (ASGHOSTNET, DE)"
sh6.falconinternet.net,1,"AS2711 (SPIRITTEL-AS - Spirit Communications, US)"
pokerbet99.com,1,"AS44259 (ULTAHOST-AP-AS, US)"
no33-com.mail.protection.outlook.com,1,"AS8075 (MICROSOFT-CORP-MSN-AS-BLOCK - Microsoft Corporation, US)"
mail.poo.email,1,"AS14061 (DIGITALOCEAN-ASN - DigitalOcean, LLC, US)"
mail.nobinbox.com,1,"AS11878 (TZULO - tzulo, inc., US)"
poczta.pomoc.info.pl,1,"AS24940 (HETZNER-AS, DE)"
mail.online.net,1,"AS12876 (Online SAS, FR)"
mail.no1namemail.com,1,"AS12586 (ASGHOSTNET, DE)"
mail.pokupai-mili.ru,1,"AS44094 (WEBHOST1-AS, RU)"
mail.nodns.org,1,"AS46606 (UNIFIEDLAYER-AS-1 - Unified Layer, US)"
mail.nocturnsgaming.com,1,"AS42846 (GUZELHOSTING GNET INTERNET TELEKOMUNIKASYON A.S., TR)"
_dc-mx.624bc085a8e3.noexpire.top,1,"AS214996 (NETCUP, DE)"
popgx-com.mail.protection.outlook.com,1,"AS8075 (MICROSOFT-CORP-MSN-AS-BLOCK - Microsoft Corporation, US)"
mail.noideamail.com,1,"AS12586 (ASGHOSTNET, DE)"
mail.noissmail.com,1,"AS12586 (ASGHOSTNET, DE)"
smtp.popmail.io,1,"AS20115 (CHARTER-20115 - Charter Communications LLC, US)"
mx.nogmailspam.info,1,"AS16276 (OVH, FR)"
rte01.noisyence.com,1,"AS14061 (DIGITALOCEAN-ASN - DigitalOcean, LLC, US)"
mx.popdrunk.com,1,"AS16276 (OVH, FR)"
mail.nolettersbox.com,1,"AS207957 (SERVHOST-AS, GB)"
mx1.sys.sulinet.hu,1,"AS1955 (HBONE-AS KIFU, HU)"
mail.noinspect.top,1,"AS203446 (AS203446, GB)"
mail.popsamail.com,1,"AS12586 (ASGHOSTNET, DE)"
mx2.popmaildf.com,1,"AS200107 (KL-EXT, CH)"
popol.fr.nf,1,"AS16276 (OVH, FR)"
imx.nom.za,1,"AS12989 (BLACKHOST AS12989.NET, CA)"
mail.nonbelligfl.com,1,"AS12586 (ASGHOSTNET, DE)"
nomes.fr.nf,1,"AS16276 (OVH, FR)"
mail.nondon.site,1,"AS40021 (CONTABO-40021 - Contabo Inc., US)"
nondenomimail.com,1,"AS213702 (QWINS-LTD QWINS AS-SET: ~ # AS213702:AS-CUSTOMERS, GB)"
mail.nolog.cz,1,"AS43541 (VSHOSTING, CZ)"
mail.noncompetmail.ru,1,"AS12586 (ASGHOSTNET, DE)"
mail.nonaemail.ru,1,"AS12586 (ASGHOSTNET, DE)"
mail.nonageemail.ru,1,"AS12586 (ASGHOSTNET, DE)"
nondetemail.com,1,"AS213702 (QWINS-LTD QWINS AS-SET: ~ # AS213702:AS-CUSTOMERS, GB)"
mail.nonheremails.ru,1,"AS12586 (ASGHOSTNET, DE)"
mail.noncommuaemail.ru,1,"AS12586 (ASGHOSTNET, DE)"
pornstarhdporn.com,1,"AS63949 (AKAMAI-LINODE-AP Akamai Connected Cloud, SG)"
mail.nomail.ch,1,"AS8758 (IWAY, CH)"
mail.nonhierarcmfri.com,1,"AS12586 (ASGHOSTNET, DE)"
mail.nondetereaaemail.ru,1,"AS12586 (ASGHOSTNET, DE)"
mail.porencepmil.ru,1,"AS12586 (ASGHOSTNET, DE)"
aurinkoinen.halinalle.net,1,"AS24940 (HETZNER-AS, DE)"
mail.nonequilifmail.ru,1,"AS12586 (ASGHOSTNET, DE)"
mail.nonparticimails.ru,1,"AS12586 (ASGHOSTNET, DE)"
mail.noninstitumail.ru,1,"AS12586 (ASGHOSTNET, DE)"
mail.nonimisemail.com,1,"AS12586 (ASGHOSTNET, DE)"
mail.nonmigrfml.com,1,"AS12586 (ASGHOSTNET, DE)"
mail.noninflrsmail.ru,1,"AS12586 (ASGHOSTNET, DE)"
mail.noninstitulity.ru,1,"AS12586 (ASGHOSTNET, DE)"
mail.nonhommalu.ru,1,"AS12586 (ASGHOSTNET, DE)"
mail.nonhieremail.ru,1,"AS12586 (ASGHOSTNET, DE)"
mail.nonoblemail.ru,1,"AS12586 (ASGHOSTNET, DE)"
mail.nonproliferfmail.ru,1,"AS12586 (ASGHOSTNET, DE)"
mail.nonprognostifl.com,1,"AS12586 (ASGHOSTNET, DE)"
mail.nonmail.ru,1,"AS12586 (ASGHOSTNET, DE)"
mail.nondeterminmail.ru,1,"AS12586 (ASGHOSTNET, DE)"
mail.nonoblml.ru,1,"AS12586 (ASGHOSTNET, DE)"
mail.porshemail.com,1,"AS12586 (ASGHOSTNET, DE)"
mail.porphyrimail.com,1,"AS12586 (ASGHOSTNET, DE)"
mail.portal.academic.edu.rs,1,"AS16276 (OVH, FR)"
mail.nonsapudp.com,1,"AS12586 (ASGHOSTNET, DE)"
mail.nonvolatilmail.com,1,"AS12586 (ASGHOSTNET, DE)"
mail.nonvolatiic.com,1,"AS12586 (ASGHOSTNET, DE)"
mail.nonreprsmail.ru,1,"AS12586 (ASGHOSTNET, DE)"
mail.nonrecipromail.ru,1,"AS12586 (ASGHOSTNET, DE)"
mail.nonteremail.ru,1,"AS12586 (ASGHOSTNET, DE)"
porphyromail.com,1,"AS213702 (QWINS-LTD QWINS AS-SET: ~ # AS213702:AS-CUSTOMERS, GB)"
mail.nooonmail.com,1,"AS12586 (ASGHOSTNET, DE)"
mail.porquemail.com,1,"AS12586 (ASGHOSTNET, DE)"
mail.norahoguerealestateagentbrokenarrowok.com,1,
mail.nonparticfmail.ru,1,"AS12586 (ASGHOSTNET, DE)"
norcalsecurityca.com,1,"AS59253 (LEASEWEB-APAC-SIN-11 LEASEWEB SINGAPORE PTE. LTD., SG)"
mxa-00411f01.gslb.pphosted.com,1,"AS26211 (PROOFPOINT-ASN-US-WEST - Proofpoint, Inc., US)"
northdallashomebuyers-com.mail.protection.outlook.com,1,
_dc-mx.592f37d97b0c.northernbets.co,1,"AS63473 (HOSTHATCH - HostHatch, LLC, US)"
mail.vsmailpro.com,1,"AS47583 (AS-HOSTINGER, CY)"
normhillaviation-com.mail.protection.outlook.com,1,"AS8075 (MICROSOFT-CORP-MSN-AS-BLOCK - Microsoft Corporation, US)"
mail.portaldenoticias.top,1,"AS16276 (OVH, FR)"
mail.northcoastbconline.com,1,"AS210878 (TREADSTONE-AS, RO)"
mail.post-shift.ru,1,"AS29182 (RU-JSCIOT, RU)"
mx1.sf.ice-networks.com,1,"AS50613 (THORDC-AS, IS)"
mail.norvanta.cfd,1,"AS203446 (AS203446, GB)"
norton-com.mail.protection.outlook.com,1,"AS8075 (MICROSOFT-CORP-MSN-AS-BLOCK - Microsoft Corporation, US)"
mail.northwestpharmacylabs.com,1,"AS209605 (HOSTBALTIC, LT)"
mail.postdrop.cfd,1,"AS24940 (HETZNER-AS, DE)"
mx1.post123.site,1,"AS200107 (KL-EXT, CH)"
mail.postencepfml.com,1,"AS12586 (ASGHOSTNET, DE)"
northstarsaves-com.mail.protection.outlook.com,1,"AS8075 (MICROSOFT-CORP-MSN-AS-BLOCK - Microsoft Corporation, US)"
nospamthanks-com.mail.protection.outlook.com,1,"AS8075 (MICROSOFT-CORP-MSN-AS-BLOCK - Microsoft Corporation, US)"
mx.nosings.com.cust.a.hostedemail.com,1,"AS15348 (TUCOWS - Tucows.com Co., CA)"
relay-avs.poste.it,1,"AS16509 (AMAZON-02 - Amazon.com, Inc., US)"
mail.nosogfl.com,1,"AS12586 (ASGHOSTNET, DE)"
mail.postinbox.pw,1,"AS200303 (LUMASERV LUMASERV GmbH, DE)"
mail.postinbox.my,1,"AS44486 (SYNLINQ synlinq.de, DE)"
nospam.fr.nf,1,"AS16276 (OVH, FR)"
mail.postinbox.shop,1,"AS44486 (SYNLINQ synlinq.de, DE)"
mail.notboxletters.com,1,"AS207957 (SERVHOST-AS, GB)"
mail.postinbox.website,1,"AS200303 (LUMASERV LUMASERV GmbH, DE)"
mxcluster-01.premium.mailwall.com,1,"AS20860 (IOMART-AS, GB)"
mail.postinbox.ru,1,"AS200303 (LUMASERV LUMASERV GmbH, DE)"
postm.net,1,"AS7506 (INTERQ GMO Internet Group, Inc., JP)"
notbooknotbuk.com,1,"AS63949 (AKAMAI-LINODE-AP Akamai Connected Cloud, SG)"
mx1.twitter.com,1,"AS13414 (TWITTER - Twitter Inc., US)"
nothingtoseehere-ca.mail.protection.outlook.com,1,"AS8075 (MICROSOFT-CORP-MSN-AS-BLOCK - Microsoft Corporation, US)"
mx02.easyname.eu,1,"AS47692 (NESSUS, AT)"
mail.notebooks.ru,1,"AS210079 (EUROBYTE, RU)"
notebooki-lv.mail.protection.outlook.com,1,"AS8075 (MICROSOFT-CORP-MSN-AS-BLOCK - Microsoft Corporation, US)"
u15z9hmx-post.postnma.com,1,"AS14061 (DIGITALOCEAN-ASN - DigitalOcean, LLC, US)"
postupstand-com.mail.protection.outlook.com,1,"AS8075 (MICROSOFT-CORP-MSN-AS-BLOCK - Microsoft Corporation, US)"
mail.postrealy.cfd,1,"AS24940 (HETZNER-AS, DE)"
mail.postpositml.ru,1,"AS12586 (ASGHOSTNET, DE)"
mail.notipr.com,1,"AS14061 (DIGITALOCEAN-ASN - DigitalOcean, LLC, US)"
mail.poststream.cfd,1,"AS24940 (HETZNER-AS, DE)"
smtp.direkt-domains.de,1,"AS8560 (IONOS-AS This is the joint network for IONOS, Fasthosts, Arsys, 1&1 Mail and Media and 1&1 Telecom. Formerly known as 1&1 Internet SE., DE)"
mail.notreallybutseriously.com,1,"AS16509 (AMAZON-02 - Amazon.com, Inc., US)"
email.nameiet.com,1,"AS20473 (AS-VULTR - The Constant Company, LLC, US)"
mail.noticemail.ru,1,"AS12586 (ASGHOSTNET, DE)"
east-mailmqkxyvj.potaance.com,1,"AS14061 (DIGITALOCEAN-ASN - DigitalOcean, LLC, US)"
mx1.notsharingmy.info,1,
mail.postzygapmail.ru,1,"AS12586 (ASGHOSTNET, DE)"
mail.postzygapml.ru,1,"AS12586 (ASGHOSTNET, DE)"
mail.potamog.ru,1,"AS12586 (ASGHOSTNET, DE)"
poubelle.fr.nf,1,"AS16276 (OVH, FR)"
mail.novamails.my,1,"AS24940 (HETZNER-AS, DE)"
mail.noticiasdobrasil.top,1,"AS16276 (OVH, FR)"
mail.novatiz.com,1,"AS14061 (DIGITALOCEAN-ASN - DigitalOcean, LLC, US)"
mail.postroimkotedg.ru,1,"AS29182 (RU-JSCIOT, RU)"
powerapps911-com.mail.protection.outlook.com,1,"AS8075 (MICROSOFT-CORP-MSN-AS-BLOCK - Microsoft Corporation, US)"
powerplatformconf-com.mail.protection.outlook.com,1,"AS8075 (MICROSOFT-CORP-MSN-AS-BLOCK - Microsoft Corporation, US)"
ahem.adaptivetelehealth.com,1,"AS14061 (DIGITALOCEAN-ASN - DigitalOcean, LLC, US)"
mxa-0030d301.gslb.pphosted.com,1,"AS22843 (PROOFPOINT-ASN-US-EAST - Proofpoint, Inc., US)"
mail.poww.me,1,"AS47583 (AS-HOSTINGER, CY)"
mail.postshift.ru,1,"AS29182 (RU-JSCIOT, RU)"
mail.pox2.com,1,"AS14061 (DIGITALOCEAN-ASN - DigitalOcean, LLC, US)"
mail.novstan.com,1,"AS14061 (DIGITALOCEAN-ASN - DigitalOcean, LLC, US)"
mail.nov-vek.ru,1,"AS210079 (EUROBYTE, RU)"
mail.nova.nov.su,1,"AS44486 (SYNLINQ synlinq.de, DE)"
mail.notlettersmail.com,1,"AS207957 (SERVHOST-AS, GB)"
mail.nowlike.com,1,"AS40021 (CONTABO-40021 - Contabo Inc., US)"
mail.powiekszaniepenisaxxl.pl,1,"AS47544 (IQPL-AS, PL)"
mail.nowni.com,1,"AS31898 (ORACLE-BMC-31898 - Oracle Corporation, US)"
mail.pozycjonowaniekielce.pl,1,"AS47544 (IQPL-AS, PL)"
mail.pozycjanusz.pl,1,"AS47544 (IQPL-AS, PL)"
mail.potolki-voronezh.ru,1,"AS29182 (RU-JSCIOT, RU)"
mail.pozycjonowanietop.pl,1,"AS50599 (Autonomous System for Dataspace P.S.A., PL)"
mx1.pp.ua.uadns.com,1,"AS24940 (HETZNER-AS, DE)"
mx2.noyabrsk.me,1,"AS200107 (KL-EXT, CH)"
mail.nproxi.com,1,"AS47583 (AS-HOSTINGER, CY)"
noyp.fr.nf,1,"AS16276 (OVH, FR)"
mx3.mailhop.org,1,"AS16509 (AMAZON-02 - Amazon.com, Inc., US)"
mxr.pperspe.com,1,"AS14061 (DIGITALOCEAN-ASN - DigitalOcean, LLC, US)"
mx1.npsis.net,1,"AS200107 (KL-EXT, CH)"
mail.poyraz.biz,1,"AS210574 (POYRAZ, TR)"
mx1.ppetw.com,1,"AS200107 (KL-EXT, CH)"
mail.pozitiv.ru,1,"AS57494 (ADMAN-AS, RU)"
_dc-mx.2ca538bb9bca.nrehi.com,1,"AS24940 (HETZNER-AS, DE)"
mail.ppp998.com,1,"AS131775 (IDNIC-JALANET-AS-ID PT. Jupiter Jala Arta, ID)"
mail.ppppmail.com,1,"AS24940 (HETZNER-AS, DE)"
smtp-02.tld.t-online.de,1,"AS3320 (DTAG Internet service provider operations, DE)"
mail.ppnet.ru,1,"AS210079 (EUROBYTE, RU)"
fsmg3.ppz-trzemeszno.com.pl,1,"AS5617 (TPNET, PL)"
mx.pozycjonowanie.com.pl,1,"AS34360 (OGICOM, PL)"
smx178.cn4e.com,1,"AS139021 (WEST263GO-HK West263 International Limited, HK)"
mail.pprostitutki-samara.info,1,"AS49981 (WORLDSTREAM, NL)"
mail.practiils.ru,1,"AS12586 (ASGHOSTNET, DE)"
mx01.agnat.pl,1,"AS60713 (TARRCI-AS, PL)"
router.prairieconnectco.com,1,"AS14061 (DIGITALOCEAN-ASN - DigitalOcean, LLC, US)"
mx.nscoy.com,1,"AS396982 (GOOGLE-CLOUD-PLATFORM - Google LLC, US)"
mail.praetomalis.com,1,"AS12586 (ASGHOSTNET, DE)"
nsareit-net.mail.protection.outlook.com,1,"AS8075 (MICROSOFT-CORP-MSN-AS-BLOCK - Microsoft Corporation, US)"
post.prafessur.com,1,"AS14061 (DIGITALOCEAN-ASN - DigitalOcean, LLC, US)"
postmasterunu.pranceville.com,1,"AS14061 (DIGITALOCEAN-ASN - DigitalOcean, LLC, US)"
xroute.prasenor.com,1,"AS14061 (DIGITALOCEAN-ASN - DigitalOcean, LLC, US)"
mail.praxersmail.ru,1,"AS12586 (ASGHOSTNET, DE)"
nssi-com.mail.protection.outlook.com,1,"AS8075 (MICROSOFT-CORP-MSN-AS-BLOCK - Microsoft Corporation, US)"
mail.nsvpn.com,1,"AS14061 (DIGITALOCEAN-ASN - DigitalOcean, LLC, US)"
nsl168.com,1,"AS59253 (LEASEWEB-APAC-SIN-11 LEASEWEB SINGAPORE PTE. LTD., SG)"
mail.ntercommunimy.com,1,"AS12586 (ASGHOSTNET, DE)"
mail.precemail.com,1,"AS12586 (ASGHOSTNET, DE)"
mail0001.nterfree.it,1,"AS24940 (HETZNER-AS, DE)"
mail.nterhymail.com,1,"AS12586 (ASGHOSTNET, DE)"
mail.predamail.com,1,"AS12586 (ASGHOSTNET, DE)"
mail.predesemail.ru,1,"AS12586 (ASGHOSTNET, DE)"
pre.com,1,"AS46475 (LIMESTONENETWORKS - Limestone Networks, Inc., US)"
mail.predestmail.com,1,"AS12586 (ASGHOSTNET, DE)"
mail.predestinat.ru,1,"AS12586 (ASGHOSTNET, DE)"
mail.predesigmail.ru,1,"AS12586 (ASGHOSTNET, DE)"
mail.predesimail.ru,1,"AS12586 (ASGHOSTNET, DE)"
mail.predetermimail.ru,1,"AS12586 (ASGHOSTNET, DE)"
mail.preconsmali.ru,1,"AS12586 (ASGHOSTNET, DE)"
preklady-polstina.cz,1,"AS209341 (WHG-FRA, GB)"
prediksitogeljp.com,1,"AS22612 (NAMECHEAP-NET - Namecheap, Inc., US)"
_dc-mx.86e2cb013f70.premierinbox.com,1,"AS18450 (WEBNX - WebNX, Inc., US)"
mail.premiumgo.id,1,"AS51167 (CONTABO, DE)"
mail.premthings.shop,1,"AS16276 (OVH, FR)"
prasannasafetynets.com,1,"AS394695 (PUBLIC-DOMAIN-REGISTRY - PDR, US)"
mail.premillemail.com,1,"AS12586 (ASGHOSTNET, DE)"
monday.mxrouting.net,1,"AS46261 (QUICKPACKET - QuickPacket, LLC, US)"
mail.nuclene.com,1,"AS14061 (DIGITALOCEAN-ASN - DigitalOcean, LLC, US)"
mail.premillenf.ru,1,"AS12586 (ASGHOSTNET, DE)"
mail.nucleopli.com,1,"AS12586 (ASGHOSTNET, DE)"
mail.nucleosyntebml.ru,1,"AS12586 (ASGHOSTNET, DE)"
mail.prenotifimail.ru,1,"AS12586 (ASGHOSTNET, DE)"
mail.prenotifmail.ru,1,"AS12586 (ASGHOSTNET, DE)"
premiumku.com,1,"AS15169 (GOOGLE - Google LLC, US)"
mail.preparml.ru,1,"AS12586 (ASGHOSTNET, DE)"
mail.nukahome.com,1,"AS21499 (GODADDY-SXB, DE)"
mail.presentamail.ru,1,"AS12586 (ASGHOSTNET, DE)"
mail1.prestoncannabisclub.co.uk,1,"AS30633 (LEASEWEB-USA-WDC - Leaseweb USA, Inc., US)"
numberwork.com.pri-mx.uk0105.smtproutes.com,1,"AS16633 (I-3 - N-able Technologies, Inc., US)"
mail.numbersgh.com,1,"AS47583 (AS-HOSTINGER, CY)"
pressureuds.ru,1,"AS213702 (QWINS-LTD QWINS AS-SET: ~ # AS213702:AS-CUSTOMERS, GB)"
mail.prestidigimail.ru,1,"AS12586 (ASGHOSTNET, DE)"
mx-mail4.numllery.com,1,"AS14061 (DIGITALOCEAN-ASN - DigitalOcean, LLC, US)"
mail.presynapt.com,1,"AS12586 (ASGHOSTNET, DE)"
mail.preternaturamail.ru,1,"AS12586 (ASGHOSTNET, DE)"
west-mail2.preventth.com,1,"AS14061 (DIGITALOCEAN-ASN - DigitalOcean, LLC, US)"
nurminenlogistics-com.mail.protection.outlook.com,1,"AS8075 (MICROSOFT-CORP-MSN-AS-BLOCK - Microsoft Corporation, US)"
cluster8.eu.messagelabs.com,1,"AS396982 (GOOGLE-CLOUD-PLATFORM - Google LLC, US)"
nutricompany-com.mail.protection.outlook.com,1,"AS8075 (MICROSOFT-CORP-MSN-AS-BLOCK - Microsoft Corporation, US)"
mx2.nurdea.com,1,"AS200107 (KL-EXT, CH)"
mx6.priligyprime.com,1,
mailin1.nutrelino.com,1,"AS51013 (WEBSUPPORT-SRO-SK-AS, SK)"
mx.priffe.com,1,"AS31034 (ARUBA-ASN, IT)"
mail.prime.gold.edu.pl,1,"AS16276 (OVH, FR)"
mail.primalary.ru,1,"AS12586 (ASGHOSTNET, DE)"
mail.primaemi.com,1,"AS12586 (ASGHOSTNET, DE)"
_dc-mx.adeecff591dd.primemailhub.com,1,"AS18450 (WEBNX - WebNX, Inc., US)"
smtp3.daytoncreative.net,1,"AS10796 (TWC-10796-MIDWEST - Charter Communications Inc, US)"
smtp0.primemail.vn.ua,1,"AS20473 (AS-VULTR - The Constant Company, LLC, US)"
mail.nvestmail.com,1,"AS12586 (ASGHOSTNET, DE)"
mail.princeroyal.net,1,"AS46606 (UNIFIEDLAYER-AS-1 - Unified Layer, US)"
mail.primormail.com,1,"AS12586 (ASGHOSTNET, DE)"
mail.princeance.com,1,"AS47583 (AS-HOSTINGER, CY)"
nvidiaw-com.mail.protection.outlook.com,1,"AS8075 (MICROSOFT-CORP-MSN-AS-BLOCK - Microsoft Corporation, US)"
nvidiau-com.mail.protection.outlook.com,1,"AS8075 (MICROSOFT-CORP-MSN-AS-BLOCK - Microsoft Corporation, US)"
nvisia-com.mail.protection.outlook.com,1,"AS8075 (MICROSOFT-CORP-MSN-AS-BLOCK - Microsoft Corporation, US)"
nvidiao-com.mail.protection.outlook.com,1,"AS8075 (MICROSOFT-CORP-MSN-AS-BLOCK - Microsoft Corporation, US)"
mail.nvana.xyz,1,"AS210294 (UKRDOMEN, UA)"
nvidiav-com.mail.protection.outlook.com,1,"AS8075 (MICROSOFT-CORP-MSN-AS-BLOCK - Microsoft Corporation, US)"
nvidya.com,1,"AS31898 (ORACLE-BMC-31898 - Oracle Corporation, US)"
mail.prime-models.ru,1,"AS8342 (RTCOMM-AS, RU)"
mx1018.onamae.ne.jp,1,"AS58791 (GMOOSK-NET GMO Internet Group, Inc., JP)"
prioritycarpetcleaning-net.mail.protection.outlook.com,1,"AS8075 (MICROSOFT-CORP-MSN-AS-BLOCK - Microsoft Corporation, US)"
www56.your-server.de,1,"AS24940 (HETZNER-AS, DE)"
mail.prival.io,1,"AS47172 (GREENHOST, NL)"
imap.reusable.email,1,"AS16276 (OVH, FR)"
mx1.priorityxn5.com,1,"AS200107 (KL-EXT, CH)"
zweb.prisonity.com,1,"AS14061 (DIGITALOCEAN-ASN - DigitalOcean, LLC, US)"
mx.private-investigator-fortlauderdale.com,1,"AS29873 (BIZLAND-SD - Newfold Digital, Inc., US)"
mail.privacymail.top,1,"AS16276 (OVH, FR)"
smtp1.privaterelay.appleid.com,1,"AS714 (APPLE-ENGINEERING - Apple Inc., US)"
_dc-mx.5caee4130143.privatenumbermovie.com,1,"AS215117 (HOSTERDADDY, IN)"
mail.securxid.com,1,"AS199524 (GCORE, LU)"
priyo.email,1,"AS24940 (HETZNER-AS, DE)"
_dc-mx.d54fa3528265.priyo.ovh,1,"AS24940 (HETZNER-AS, DE)"
_dc-mx.6eb2bc6305ee.priyomail.in,1,"AS24940 (HETZNER-AS, DE)"
sendmail.privateemail.uz.ua,1,"AS20473 (AS-VULTR - The Constant Company, LLC, US)"
_dc-mx.ec2a6491d734.priyp.com,1,"AS24940 (HETZNER-AS, DE)"
_dc-mx.96820f99d37b.priyoemail.site,1,"AS24940 (HETZNER-AS, DE)"
_dc-mx.270d99c823d7.priyomail.nl,1,"AS24940 (HETZNER-AS, DE)"
_dc-mx.b1ee54206fe9.priyo-mail.com,1,"AS24940 (HETZNER-AS, DE)"
mail.prixfixeny.com,1,"AS31898 (ORACLE-BMC-31898 - Oracle Corporation, US)"
nyasan.com,1,"AS7506 (INTERQ GMO Internet Group, Inc., JP)"
prnc-com.mail.protection.outlook.com,1,"AS8075 (MICROSOFT-CORP-MSN-AS-BLOCK - Microsoft Corporation, US)"
_dc-mx.f556b561fec1.priyomail.top,1,"AS24940 (HETZNER-AS, DE)"
nyc2way-com.mail.protection.outlook.com,1,"AS8075 (MICROSOFT-CORP-MSN-AS-BLOCK - Microsoft Corporation, US)"
mail.prntsscr.com,1,"AS42868 (NIOBEBILISIMHIZMETLERI, TR)"
mail.prize4d.net,1,"AS212238 (CDNEXT, GB)"
spf.nycemore.com,1,"AS14061 (DIGITALOCEAN-ASN - DigitalOcean, LLC, US)"
mail.nyc360news.com,1,"AS40021 (CONTABO-40021 - Contabo Inc., US)"
ce2021091710001.dnssw.net,1,"AS41541 (SWHO-AS swhosting.com, ES)"
mail.o2stk.org,1,"AS22351 (INTELSAT-1 - INTELSAT GLOBAL SERVICE CORPORATION, US)"
mail.o88i.ink,1,
mail.domainca.com,1,"AS3786 (LGDACOM LG DACOM Corporation, KR)"
o2cr.com,1,"AS24940 (HETZNER-AS, DE)"
mail.o5o5.ru,1,"AS9123 (TIMEWEB-AS, RU)"
mail.oallenlj.com,1,"AS47583 (AS-HOSTINGER, CY)"
mail.oaksw.com,1,"AS14061 (DIGITALOCEAN-ASN - DigitalOcean, LLC, US)"
oasismediacity-org.mail.protection.outlook.com,1,
oasisshirleypark-org.mail.protection.outlook.com,1,"AS8075 (MICROSOFT-CORP-MSN-AS-BLOCK - Microsoft Corporation, US)"
mail.oaudienceij.com,1,"AS47583 (AS-HOSTINGER, CY)"
oasishadley-org.mail.protection.outlook.com,1,"AS8075 (MICROSOFT-CORP-MSN-AS-BLOCK - Microsoft Corporation, US)"
mxa-00505701.gslb.pphosted.com,1,"AS22843 (PROOFPOINT-ASN-US-EAST - Proofpoint, Inc., US)"
ob.0sg.net,1,"AS10439 (CARINET - CariNet, Inc., US)"
oasismediacityuk-org.mail.protection.outlook.com,1,"AS8075 (MICROSOFT-CORP-MSN-AS-BLOCK - Microsoft Corporation, US)"
oasismayfield-org.mail.protection.outlook.com,1,"AS8075 (MICROSOFT-CORP-MSN-AS-BLOCK - Microsoft Corporation, US)"
mail.obelion.cfd,1,"AS203446 (AS203446, GB)"
oasiswintringham-org.mail.protection.outlook.com,1,"AS8075 (MICROSOFT-CORP-MSN-AS-BLOCK - Microsoft Corporation, US)"
obermail-com.mail.protection.outlook.com,1,"AS8075 (MICROSOFT-CORP-MSN-AS-BLOCK - Microsoft Corporation, US)"
oasisjohnwilliams-org.mail.protection.outlook.com,1,"AS8075 (MICROSOFT-CORP-MSN-AS-BLOCK - Microsoft Corporation, US)"
oasisoldham-org.mail.protection.outlook.com,1,"AS8075 (MICROSOFT-CORP-MSN-AS-BLOCK - Microsoft Corporation, US)"
oasisimmingham-org.mail.protection.outlook.com,1,"AS8075 (MICROSOFT-CORP-MSN-AS-BLOCK - Microsoft Corporation, US)"
mail.obeto.site,1,"AS24940 (HETZNER-AS, DE)"
obesityhelp-online.mail.protection.outlook.com,1,"AS8075 (MICROSOFT-CORP-MSN-AS-BLOCK - Microsoft Corporation, US)"
obgsdf.site,1,"AS47583 (AS-HOSTINGER, CY)"
oasisbrightstowe-org.mail.protection.outlook.com,1,"AS8075 (MICROSOFT-CORP-MSN-AS-BLOCK - Microsoft Corporation, US)"
oasisenfield-org.mail.protection.outlook.com,1,"AS8075 (MICROSOFT-CORP-MSN-AS-BLOCK - Microsoft Corporation, US)"
mail.oazv.net,1,"AS14061 (DIGITALOCEAN-ASN - DigitalOcean, LLC, US)"
webmail.obeamb.com,1,"AS16276 (OVH, FR)"
obm-com.mail.protection.outlook.com,1,"AS8075 (MICROSOFT-CORP-MSN-AS-BLOCK - Microsoft Corporation, US)"
mail.objectifimails.ru,1,"AS12586 (ASGHOSTNET, DE)"
s2.obemail.com,1,"AS24971 (MASTER-AS Czech Republic www.master.cz, CZ)"
ns3821.banahosting.com,1,"AS23352 (SERVERCENTRAL - DEFT.COM, US)"
mail.objectifemail.ru,1,"AS12586 (ASGHOSTNET, DE)"
obedimail.com,1,"AS213702 (QWINS-LTD QWINS AS-SET: ~ # AS213702:AS-CUSTOMERS, GB)"
mail.ocassettew.com,1,"AS47583 (AS-HOSTINGER, CY)"
mail.occidentalic.com,1,"AS12586 (ASGHOSTNET, DE)"
octa.com,1,"AS32244 (LIQUIDWEB - Liquid Web, L.L.C, US)"
mail.oceanolfl.com,1,"AS12586 (ASGHOSTNET, DE)"
mail.ocliteracy.com,1,"AS31898 (ORACLE-BMC-31898 - Oracle Corporation, US)"
mail.octbit.com,1,"AS14061 (DIGITALOCEAN-ASN - DigitalOcean, LLC, US)"
mail.ocenka-krym.ru,1,"AS197695 (AS-REG, RU)"
mail.octmail.ru,1,"AS12586 (ASGHOSTNET, DE)"
mail.oceanbreezehub.top,1,"AS214996 (NETCUP, DE)"
mail.octingemail.com,1,"AS12586 (ASGHOSTNET, DE)"
mail.octomalu.ru,1,"AS12586 (ASGHOSTNET, DE)"
mx.ebola.cz,1,"AS29134 (IGNUM-AS Czech Republic, CZ)"
mw2prrw31p.bizmw.com,1,"AS4713 (OCN NTT DOCOMO BUSINESS,Inc., JP)"
dc-d336d3ae246b.odzyskiwaniedanych.com,1,
mx1d.odoo.com,1,"AS16276 (OVH, FR)"
mail.odontoblmil.ru,1,"AS12586 (ASGHOSTNET, DE)"
sthelen.odp.com,1,"AS10835 (VISIONARY - Visionary Communications LLC, US)"
mail.odontolmyu.ru,1,"AS12586 (ASGHOSTNET, DE)"
chocobo.mxrouting.net,1,"AS46261 (QUICKPACKET - QuickPacket, LLC, US)"
oelmjo.com,1,"AS47583 (AS-HOSTINGER, CY)"
oegmail.store,1,"AS40021 (CONTABO-40021 - Contabo Inc., US)"
mail.odorifermfri.com,1,"AS12586 (ASGHOSTNET, DE)"
odulonmail.com,1,"AS213702 (QWINS-LTD QWINS AS-SET: ~ # AS213702:AS-CUSTOMERS, GB)"
oemailbox.info,1,"AS49467 (EUROTA-ASN EUROTA INTERNET SERVICES LTD, TR)"
webmail.oeralb.com,1,"AS16276 (OVH, FR)"
mail.odzywkidorzes.eu,1,"AS50599 (Autonomous System for Dataspace P.S.A., PL)"
mail.oetrymail.com,1,"AS12586 (ASGHOSTNET, DE)"
oemailbox.com,1,"AS49467 (EUROTA-ASN EUROTA INTERNET SERVICES LTD, TR)"
mail.ofansclub.com,1,"AS32097 (WII - WholeSale Internet, Inc., US)"
officeinhome.online,1,"AS12824 (HOMEPL-AS, PL)"
mail.oenanthallity.ru,1,"AS12586 (ASGHOSTNET, DE)"
mail.oesophagmail.com,1,"AS12586 (ASGHOSTNET, DE)"
mx6.officemanagementinfo.com,1,
obitoto88.com,1,"AS26496 (AS-26496-GO-DADDY-COM-LLC - GoDaddy.com, LLC, US)"
mail.oenanthaml.ru,1,"AS12586 (ASGHOSTNET, DE)"
oferta.pl,1,"AS15967 (NETARTGROUP, PL)"
w01d7fcb.kasserver.com,1,"AS34788 (NMM-AS D - 02742 Friedersdorf Hauptstrasse 68, DE)"
officialsimunlock-com.mail.protection.outlook.com,1,"AS8075 (MICROSOFT-CORP-MSN-AS-BLOCK - Microsoft Corporation, US)"
mx.offersal.es,1,"AS16509 (AMAZON-02 - Amazon.com, Inc., US)"
offshorebookies.com,1,"AS22612 (NAMECHEAP-NET - Namecheap, Inc., US)"
oforce-com.mail.protection.outlook.com,1,"AS8075 (MICROSOFT-CORP-MSN-AS-BLOCK - Microsoft Corporation, US)"
mail.oftenerey.com,1,"AS47583 (AS-HOSTINGER, CY)"
mail.offthechainfishing.com,1,"AS26337 (OIS1 - Oso Grande IP Services, LLC, US)"
mail.ofirit.com,1,"AS14061 (DIGITALOCEAN-ASN - DigitalOcean, LLC, US)"
mail.officimail.ru,1,"AS12586 (ASGHOSTNET, DE)"
mail.ogchecker.com,1,"AS51167 (CONTABO, DE)"
mail.ofomail.com,1,"AS42960 (VH-GLOBAL VH Global Limited, HK)"
ofisher.net,1,"AS14670 (WHG-USE1, GB)"
mail.ographicallymail.com,1,"AS132203 (TENCENT-NET-AP-CN Tencent Building, Kejizhongyi Avenue, CN)"
ohiohelps-org.mail.protection.outlook.com,1,"AS8075 (MICROSOFT-CORP-MSN-AS-BLOCK - Microsoft Corporation, US)"
mail.domnia.com,1,"AS16509 (AMAZON-02 - Amazon.com, Inc., US)"
mail.ohm.edu.pl,1,"AS24940 (HETZNER-AS, DE)"
_dc-mx.03b4f3c69165.ohi-design.pl,1,"AS50599 (Autonomous System for Dataspace P.S.A., PL)"
mail.ogrodzenia.pl,1,"AS60713 (TARRCI-AS, PL)"
ogloszenia.site,1,"AS49981 (WORLDSTREAM, NL)"
mx2.oiltempof.icu,1,"AS200107 (KL-EXT, CH)"
mx7.oi.com.br,1,"AS15830 (EQUINIX, NL)"
mail.ojooo.com,1,"AS24940 (HETZNER-AS, DE)"
mail.ok5a.com,1,"AS16509 (AMAZON-02 - Amazon.com, Inc., US)"
oka-com.mail.protection.outlook.com,1,"AS8075 (MICROSOFT-CORP-MSN-AS-BLOCK - Microsoft Corporation, US)"
ok-com.mail.protection.outlook.com,1,"AS8075 (MICROSOFT-CORP-MSN-AS-BLOCK - Microsoft Corporation, US)"
10mx.hover.com.cust.hostedemail.com,1,
dnses4a31m.okayion.com,1,"AS14061 (DIGITALOCEAN-ASN - DigitalOcean, LLC, US)"
d406989.a.ess.ca.barracudanetworks.com,1,"AS16509 (AMAZON-02 - Amazon.com, Inc., US)"
mail.ohforgetit.com,1,"AS47172 (GREENHOST, NL)"
mxs.mail.ru,1,"AS47764 (VK-AS, RU)"
mail.okhko.com,1,"AS14061 (DIGITALOCEAN-ASN - DigitalOcean, LLC, US)"
mail.ohwowi.cyou,1,"AS60117 (HS, AE)"
mail.okgmail.com,1,"AS47583 (AS-HOSTINGER, CY)"
okgtd.com,1,"AS52148 (ENIXLTD, GB)"
mail.okcomputer.ru,1,"AS210079 (EUROBYTE, RU)"
oktad-com.mail.protection.outlook.com,1,"AS8075 (MICROSOFT-CORP-MSN-AS-BLOCK - Microsoft Corporation, US)"
oktag-com.mail.protection.outlook.com,1,"AS8075 (MICROSOFT-CORP-MSN-AS-BLOCK - Microsoft Corporation, US)"
125.76.225.15,1,
_dc-mx.4dc989b9ae1b.okulistykakaszubska.pl,1,"AS207668 (ITH-, PL)"
okmta.com,1,"AS22878 (ASACENET1 - ACENET, INC., US)"
mail.okchat365.com,1,"AS63949 (AKAMAI-LINODE-AP Akamai Connected Cloud, SG)"
mail.oktacom.com,1,"AS8560 (IONOS-AS This is the joint network for IONOS, Fasthosts, Arsys, 1&1 Mail and Media and 1&1 Telecom. Formerly known as 1&1 Internet SE., DE)"
_dc-mx.3f1f2b0effa8.oku.ovh,1,"AS24940 (HETZNER-AS, DE)"
mail.okymail.site,1,"AS24940 (HETZNER-AS, DE)"
_dc-mx.4ca75f70edcf.okyre.com,1,"AS16276 (OVH, FR)"
mail.okna-sochi.ru,1,"AS210079 (EUROBYTE, RU)"
mail.oneroyal.cc,1,"AS17561 (LCS-AS-AP LARUS Limited, HK)"
okva-com.mail.protection.outlook.com,1,"AS8075 (MICROSOFT-CORP-MSN-AS-BLOCK - Microsoft Corporation, US)"
mail.okte.com,1,"AS46606 (UNIFIEDLAYER-AS-1 - Unified Layer, US)"
okrhosting.com,1,"AS202053 (UPCLOUD, FI)"
_dc-mx.32889813ce57.oky.ovh,1,"AS24940 (HETZNER-AS, DE)"
okty.com,1,"AS9371 (SAKURA-C SAKURA Internet Inc., JP)"
mail2.olcx.net,1,"AS11115 (ONLINE-TECH-LLC - Otava, LLC, US)"
mail.oktaf.com,1,"AS38927 (NETBUILD-AS, DE)"
mx1.webhero.com,1,"AS7258 (CATALOG-AS7258 - Webhero, Inc., US)"
mail.oleta.com,1,"AS46606 (UNIFIEDLAYER-AS-1 - Unified Layer, US)"
olenai-com.mail.protection.outlook.com,1,"AS8075 (MICROSOFT-CORP-MSN-AS-BLOCK - Microsoft Corporation, US)"
mail.olekpesmailtnew.org,1,"AS9009 (M247, RO)"
mail.olbank.com,1,"AS48371 (WESTLAN-AS, RU)"
mail.oligomeio.com,1,"AS12586 (ASGHOSTNET, DE)"
mail.oleoreemail.ru,1,"AS12586 (ASGHOSTNET, DE)"
mail.oligodemail.com,1,"AS12586 (ASGHOSTNET, DE)"
mail.oligomenli.com,1,"AS12586 (ASGHOSTNET, DE)"
mail.ollbiz.com,1,"AS54641 (IMH-IAD - InMotion Hosting, Inc., US)"
mail.oligohymalu.ru,1,"AS12586 (ASGHOSTNET, DE)"
mail.oligosml.ru,1,"AS12586 (ASGHOSTNET, DE)"
vserv02.steinbruch.info,1,"AS8648 (ONE-NETWORK, DE)"
olsita.com,1,"AS47583 (AS-HOSTINGER, CY)"
_dc-mx.ecf43c067ef9.omail.edu.pl,1,"AS16276 (OVH, FR)"
mx1.pub.mailpod5-cph3.one.com,1,"AS51468 (ONECOM, DK)"
olononmail.com,1,"AS213702 (QWINS-LTD QWINS AS-SET: ~ # AS213702:AS-CUSTOMERS, GB)"
okw-com.mail.protection.outlook.com,1,"AS8075 (MICROSOFT-CORP-MSN-AS-BLOCK - Microsoft Corporation, US)"
mail.omheightsy.com,1,"AS47583 (AS-HOSTINGER, CY)"
olypmall.ru,1,"AS9002 (RETN-AS, GB)"
mx.oktogold.ru,1,"AS3216 (SOVAM-AS, RU)"
mail.emailofsteel.com,1,"AS24940 (HETZNER-AS, DE)"
mx-post.ombrallu.com,1,"AS14061 (DIGITALOCEAN-ASN - DigitalOcean, LLC, US)"
mail.omegabit.com,1,"AS14589 (DIGITALWEST-AS - Wave Broadband, US)"
mail.omnisent.cfd,1,"AS203446 (AS203446, GB)"
mail.omnivex.cfd,1,"AS203446 (AS203446, GB)"
mail.omailo.top,1,"AS24940 (HETZNER-AS, DE)"
mail.omnidirecsemail.com,1,"AS12586 (ASGHOSTNET, DE)"
au-smtp-inbound-1.mimecast.com,1,"AS136792 (MIMECAST-AS-AP Mimecast Australia Pty Ltd, AU)"
mail.omnipercipfmals.com,1,"AS12586 (ASGHOSTNET, DE)"
oncohealth-us.mail.protection.outlook.com,1,"AS8075 (MICROSOFT-CORP-MSN-AS-BLOCK - Microsoft Corporation, US)"
colo2.omthbaro.com,1,"AS14061 (DIGITALOCEAN-ASN - DigitalOcean, LLC, US)"
mail.on-review.com,1,"AS51167 (CONTABO, DE)"
post.one.lt,1,
onelogin-com.mail.protection.outlook.com,1,"AS8075 (MICROSOFT-CORP-MSN-AS-BLOCK - Microsoft Corporation, US)"
mail.onemail.host,1,"AS14061 (DIGITALOCEAN-ASN - DigitalOcean, LLC, US)"
mail.onehandtyper.com,1,"AS63949 (AKAMAI-LINODE-AP Akamai Connected Cloud, SG)"
mail.oncogmails.ru,1,"AS12586 (ASGHOSTNET, DE)"
mail.one.earnlivez.net,1,"AS24940 (HETZNER-AS, DE)"
mx1.oncloud.ws,1,"AS200107 (KL-EXT, CH)"
oneoffemail-com.mail.protection.outlook.com,1,"AS8075 (MICROSOFT-CORP-MSN-AS-BLOCK - Microsoft Corporation, US)"
oneheartusa-com.mail.protection.outlook.com,1,"AS8075 (MICROSOFT-CORP-MSN-AS-BLOCK - Microsoft Corporation, US)"
aries.kasat.net,1,"AS29686 (PROBENETWORKS-AS, DE)"
mail.tinyhost.shop,1,
mail.oneirolfmail.ru,1,"AS12586 (ASGHOSTNET, DE)"
mail.snips.tech,1,"AS24940 (HETZNER-AS, DE)"
mail.onepvp.com,1,"AS14061 (DIGITALOCEAN-ASN - DigitalOcean, LLC, US)"
mail.omsk-viagra.ru,1,"AS29182 (RU-JSCIOT, RU)"
mx1.hc2684-48.iphmx.com,1,"AS16417 (IRONPORT-SYSTEMS-INC - Cisco Systems Ironport Division, US)"
onetab-fr.mail.protection.outlook.com,1,"AS8075 (MICROSOFT-CORP-MSN-AS-BLOCK - Microsoft Corporation, US)"
mx01.perier.pl,1,"AS46261 (QUICKPACKET - QuickPacket, LLC, US)"
mx.mailservice.com,1,"AS24940 (HETZNER-AS, DE)"
mail.oniventa.cfd,1,"AS203446 (AS203446, GB)"
mail0.serv00.com,1,"AS57367 (ECO-ATMAN-PL ECO-ATMAN-, PL)"
mail.onionred.com,1,"AS14061 (DIGITALOCEAN-ASN - DigitalOcean, LLC, US)"
mail.onlinecasinoindex.us,1,"AS209605 (HOSTBALTIC, LT)"
mail84.conoha.ne.jp,1,"AS7506 (INTERQ GMO Internet Group, Inc., JP)"
mx6.onlinebankingcibc.com,1,
mail2.onetm.jp,1,"AS7684 (SAKURA-A SAKURA Internet Inc., JP)"
onlinemailbox.cc,1,"AS32244 (LIQUIDWEB - Liquid Web, L.L.C, US)"
_dc-mx.b42abde2d8d9.onlinesearchtool.org,1,"AS20473 (AS-VULTR - The Constant Company, LLC, US)"
mail.onlinecasinoslotsix.us,1,"AS58061 (SCALAXY-AS, LV)"
onlyapp.net,1,"AS7506 (INTERQ GMO Internet Group, Inc., JP)"
mail.onlinesexcamchat.com,1,"AS8175 (HIGHSPEEDWEB - High Speed WebGenesis 2 Networks, US)"
onprice-co.mail.protection.outlook.com,1,
mx00.emig.kundenserver.de,1,"AS8560 (IONOS-AS This is the joint network for IONOS, Fasthosts, Arsys, 1&1 Mail and Media and 1&1 Telecom. Formerly known as 1&1 Internet SE., DE)"
mail.onlinedars.com,1,"AS212216 (NETAFRAZ, IR)"
mx1.onlinemail.press,1,"AS200107 (KL-EXT, CH)"
mail.email.brandpolgroup.com,1,"AS24940 (HETZNER-AS, DE)"
one-exposure.com,1,"AS50613 (THORDC-AS, IS)"
onpointpartners-com.mail.protection.outlook.com,1,"AS8075 (MICROSOFT-CORP-MSN-AS-BLOCK - Microsoft Corporation, US)"
online-pharmacy-inc.com,1,"AS24940 (HETZNER-AS, DE)"
mail.onsensmail.com,1,"AS12586 (ASGHOSTNET, DE)"
mx1.onlinewcm.com,1,"AS200107 (KL-EXT, CH)"
mail.ontasa.com,1,"AS14061 (DIGITALOCEAN-ASN - DigitalOcean, LLC, US)"
onion.win,1,"AS14061 (DIGITALOCEAN-ASN - DigitalOcean, LLC, US)"
ontrack-com.mail.protection.outlook.com,1,"AS8075 (MICROSOFT-CORP-MSN-AS-BLOCK - Microsoft Corporation, US)"
mail.onomamail.ru,1,"AS12586 (ASGHOSTNET, DE)"
mail.onomaemail.ru,1,"AS12586 (ASGHOSTNET, DE)"
d174060a.ess.barracudanetworks.com,1,"AS16509 (AMAZON-02 - Amazon.com, Inc., US)"
lavimail.lavisystems.com,1,"AS24940 (HETZNER-AS, DE)"
mxa-00206402.gslb.pphosted.com,1,"AS26211 (PROOFPOINT-ASN-US-WEST - Proofpoint, Inc., US)"
mx1.onshop5.com,1,"AS200107 (KL-EXT, CH)"
mail.onymi.com,1,"AS14061 (DIGITALOCEAN-ASN - DigitalOcean, LLC, US)"
mail.onychatrfmail.ru,1,"AS12586 (ASGHOSTNET, DE)"
mail.onychommails.ru,1,"AS12586 (ASGHOSTNET, DE)"
mail.oo.pl,1,"AS50599 (Autonomous System for Dataspace P.S.A., PL)"
mx.mail.outmsg.com,1,"AS24940 (HETZNER-AS, DE)"
me.oonmail.com,1,"AS12586 (ASGHOSTNET, DE)"
mail.oophorosalpingefml.com,1,"AS12586 (ASGHOSTNET, DE)"
mail.oopi.org,1,"AS24940 (HETZNER-AS, DE)"
mail.oophorefmail.ru,1,"AS12586 (ASGHOSTNET, DE)"
mxb-00069f01.gslb.pphosted.com,1,"AS22843 (PROOFPOINT-ASN-US-EAST - Proofpoint, Inc., US)"
mail.open-economy.org,1,"AS64236 (UNREAL-SERVERS - UnReal Servers, LLC, US)"
mx.openmail.pro,1,"AS16276 (OVH, FR)"
mail.openskj.com,1,"AS47583 (AS-HOSTINGER, CY)"
mail.openbillieholiday.click,1,"AS51167 (CONTABO, DE)"
opay.money,1,"AS16276 (OVH, FR)"
mail.op-enai.com,1,"AS24940 (HETZNER-AS, DE)"
inb.openlinemail.com,1,"AS14061 (DIGITALOCEAN-ASN - DigitalOcean, LLC, US)"
mail.opinionsbte.com,1,"AS47583 (AS-HOSTINGER, CY)"
mail.openskynet.click,1,"AS51167 (CONTABO, DE)"
mail.operculmails.ru,1,"AS12586 (ASGHOSTNET, DE)"
mail.oonq.com,1,"AS47846 (SEDO-AS, DE)"
okyta-com.mail.protection.outlook.com,1,"AS8075 (MICROSOFT-CORP-MSN-AS-BLOCK - Microsoft Corporation, US)"
mail.ophthalpf.ru,1,"AS12586 (ASGHOSTNET, DE)"
mail.ophthalmodmail.com,1,"AS12586 (ASGHOSTNET, DE)"
mail.opiniatimail.ru,1,"AS12586 (ASGHOSTNET, DE)"
opmmax.com,1,"AS24940 (HETZNER-AS, DE)"
mail.opilon.com,1,"AS212317 (HETZNER-CLOUD3-AS, DE)"
mail.opkast.net,1,"AS19871 (NETWORK-SOLUTIONS-HOSTING - Network Solutions, LLC, US)"
mail.opisthmail.com,1,"AS12586 (ASGHOSTNET, DE)"
mail.opisthoglsemail.com,1,"AS12586 (ASGHOSTNET, DE)"
mx1.operabrow.com,1,"AS200107 (KL-EXT, CH)"
mail.ophidinf.com,1,"AS12586 (ASGHOSTNET, DE)"
mail.ophthalmomail.com,1,"AS12586 (ASGHOSTNET, DE)"
opple-com.mail.protection.outlook.com,1,"AS8075 (MICROSOFT-CORP-MSN-AS-BLOCK - Microsoft Corporation, US)"
mail.opinionatml.ru,1,"AS12586 (ASGHOSTNET, DE)"
mail.opiniomail.com,1,"AS12586 (ASGHOSTNET, DE)"
mail.opisthomil.ru,1,"AS12586 (ASGHOSTNET, DE)"
mx.12ssl.cn,1,"AS141995 (CAPL-AS-AP Contabo Asia Private Limited, SG)"
mail.operatiopt.ru,1,"AS12586 (ASGHOSTNET, DE)"
mail.opposmail.ru,1,"AS12586 (ASGHOSTNET, DE)"
mail.oppositisemail.com,1,"AS12586 (ASGHOSTNET, DE)"
mx1c60.megamailservers.eu,1,"AS9115 (INFB-AS9115, CA)"
mail.optimistic.co.uk,1,"AS8622 (ISIONUK Team Blue Internet Services UK Ltd, GB)"
mail.opsonizmil.ru,1,"AS12586 (ASGHOSTNET, DE)"
mail.oqtypical.com,1,"AS47583 (AS-HOSTINGER, CY)"
mail.optovka.net,1,"AS211381 (PODAON, LV)"
orage-com.mail.protection.outlook.com,1,"AS8075 (MICROSOFT-CORP-MSN-AS-BLOCK - Microsoft Corporation, US)"
mail.oravantis.cfd,1,"AS203446 (AS203446, GB)"
mail.oraxcle.com,1,"AS47583 (AS-HOSTINGER, CY)"
mail.oravell.cfd,1,"AS203446 (AS203446, GB)"
orderexpress.in.tmes.trendmicro.com,1,"AS14618 (AMAZON-AES - Amazon.com, Inc., US)"
mail.ordinarybzi.com,1,"AS47583 (AS-HOSTINGER, CY)"
mail.ordinaryyz1.com,1,"AS47583 (AS-HOSTINGER, CY)"
oranglucu.com,1,"AS59210 (PHOENIXNAP-AS-SG1 PhoenixNAP, SG)"
mx04.ingw.orange.tn,1,"AS37492 (ORANGE-, TN)"
mail.ordite.com,1,"AS14061 (DIGITALOCEAN-ASN - DigitalOcean, LLC, US)"
inc.wanadoo.es,1,"AS12479 (UNI2-AS, ES)"
organicleanmaine-net.mail.protection.outlook.com,1,"AS8075 (MICROSOFT-CORP-MSN-AS-BLOCK - Microsoft Corporation, US)"
mail.opticien-visual-serris.fr,1,"AS16276 (OVH, FR)"
relais-ias89.francetelecom.com,1,"AS3215 (France Telecom - Orange, FR)"
relais-ias241.francetelecom.com,1,"AS3215 (France Telecom - Orange, FR)"
mail.organoemail.ru,1,"AS12586 (ASGHOSTNET, DE)"
mail.organophosmail.ru,1,"AS12586 (ASGHOSTNET, DE)"
ord.biz.st,1,"AS16276 (OVH, FR)"
mail01.orangeinbox.org,1,"AS36351 (SOFTLAYER - IBM Cloud, US)"
mx.mailbox.orange-business.com,1,"AS2280 (OCBHONEY OCB public cloud network, FR)"
mail.organosmail.ru,1,"AS12586 (ASGHOSTNET, DE)"
ormutual-com.mail.protection.outlook.com,1,"AS8075 (MICROSOFT-CORP-MSN-AS-BLOCK - Microsoft Corporation, US)"
mail.organrsmail.ru,1,"AS12586 (ASGHOSTNET, DE)"
organics.com.bd,1,"AS139016 (EXONHOST-AS-AP EXONHOST, BD)"
mail.ornithodsemail.com,1,"AS12586 (ASGHOSTNET, DE)"
mxr.orviongate.com,1,"AS14061 (DIGITALOCEAN-ASN - DigitalOcean, LLC, US)"
mail.orthopsymail.ru,1,"AS12586 (ASGHOSTNET, DE)"
mail.ortaemi.com,1,"AS12586 (ASGHOSTNET, DE)"
mx2.orgcity.info,1,"AS200107 (KL-EXT, CH)"
mail.orienmalu.ru,1,"AS12586 (ASGHOSTNET, DE)"
mail.orimail.com,1,"AS24806 (INTERNET-CZ Ktis 2, 384 03 Ktis, CZ)"
ormail.com.a.mxof.com,1,"AS394437 (PSLIGHTWAVE - PS Lightwave, US)"
mail.osendingwr.com,1,"AS47583 (AS-HOSTINGER, CY)"
smtp.mysportmail.com,1,"AS28573 (Claro NXT Telecomunicacoes Ltda, BR)"
mail.orthogemail.ru,1,"AS12586 (ASGHOSTNET, DE)"
mail.oscillogmail.com,1,"AS12586 (ASGHOSTNET, DE)"
mail.osmoreguli.com,1,"AS12586 (ASGHOSTNET, DE)"
_dc-mx.9426b803f883.ostrozneinwestowanie.pl,1,"AS16276 (OVH, FR)"
mail.ostahie.com,1,"AS14061 (DIGITALOCEAN-ASN - DigitalOcean, LLC, US)"
mail.ostinmail.com,1,"AS14061 (DIGITALOCEAN-ASN - DigitalOcean, LLC, US)"
mail.ossicumail.ru,1,"AS12586 (ASGHOSTNET, DE)"
mail.osmoregulmfri.com,1,"AS12586 (ASGHOSTNET, DE)"
mail.ossificfmail.ru,1,"AS12586 (ASGHOSTNET, DE)"
mail.osmorept.ru,1,"AS12586 (ASGHOSTNET, DE)"
mail.otakuinsights.xyz,1,"AS45102 (ALIBABA-CN-NET Alibaba US Technology Co., Ltd., CN)"
mail.osteodli.com,1,"AS12586 (ASGHOSTNET, DE)"
mail.osteologmail.com,1,"AS12586 (ASGHOSTNET, DE)"
tirte02.ospirun.com,1,"AS14061 (DIGITALOCEAN-ASN - DigitalOcean, LLC, US)"
mail.osmanlinetwork.com,1,"AS48678 (TR-PENTECH-AS PENDC Data Center Infrastructure, TR)"
mail.otakuhub.xyz,1,"AS45102 (ALIBABA-CN-NET Alibaba US Technology Co., Ltd., CN)"
mail.osteochomail.ru,1,"AS12586 (ASGHOSTNET, DE)"
mail.ostemail.com,1,"AS12586 (ASGHOSTNET, DE)"
mail.osmodysmail.ru,1,"AS12586 (ASGHOSTNET, DE)"
mail.osmormails.ru,1,"AS12586 (ASGHOSTNET, DE)"
mx.oswo.net,1,"AS14061 (DIGITALOCEAN-ASN - DigitalOcean, LLC, US)"
otgtires-com.mail.protection.outlook.com,1,"AS8075 (MICROSOFT-CORP-MSN-AS-BLOCK - Microsoft Corporation, US)"
mail.osteophloli.ru,1,"AS12586 (ASGHOSTNET, DE)"
mail.osteoemail.ru,1,"AS12586 (ASGHOSTNET, DE)"
smtp.otkmail.com,1,"AS49981 (WORLDSTREAM, NL)"
otoro.com,1,"AS31898 (ORACLE-BMC-31898 - Oracle Corporation, US)"
mail.osteosclmails.ru,1,"AS12586 (ASGHOSTNET, DE)"
mail.otprmail.com,1,"AS16276 (OVH, FR)"
otona.uk,1,"AS7506 (INTERQ GMO Internet Group, Inc., JP)"
mail.otorhinolarymail.com,1,"AS12586 (ASGHOSTNET, DE)"
otoborsam.com,1,"AS42846 (GUZELHOSTING GNET INTERNET TELEKOMUNIKASYON A.S., TR)"
mail2.otmail.jp,1,"AS7684 (SAKURA-A SAKURA Internet Inc., JP)"
mail.ototarz.com,1,"AS211567 (BITWISE, TR)"
mail.otrimail.com,1,"AS12586 (ASGHOSTNET, DE)"
mx2.otvetinavoprosi.com,1,"AS200107 (KL-EXT, CH)"
mail.oughlmail.com,1,"AS12586 (ASGHOSTNET, DE)"
bslmsn.ouressays.com,1,"AS209605 (HOSTBALTIC, LT)"
mail.oursupaluv.com,1,"AS204601 (PODAON, NL)"
mail.oursemail.com,1,"AS12586 (ASGHOSTNET, DE)"
mail.ourtimesupport.com,1,"AS14061 (DIGITALOCEAN-ASN - DigitalOcean, LLC, US)"
as-mx1.it-smartsolutions.com,1,"AS20860 (IOMART-AS, GB)"
mail.outlmail.com,1,"AS12586 (ASGHOSTNET, DE)"
outlolk-com.mail.protection.outlook.com,1,"AS8075 (MICROSOFT-CORP-MSN-AS-BLOCK - Microsoft Corporation, US)"
mx.outlok.cz,1,"AS14061 (DIGITALOCEAN-ASN - DigitalOcean, LLC, US)"
mx.outlok.it,1,"AS31034 (ARUBA-ASN, IT)"
mail.outliook.com,1,"AS36352 (AS-COLOCROSSING - HostPapa, US)"
outluok-com.olc.outluok.com,1,"AS26666 (INTERSERVER-LAX - Interserver, Inc, US)"
mail.ovbest.com,1,"AS14061 (DIGITALOCEAN-ASN - DigitalOcean, LLC, US)"
mail.overnted.com,1,"AS47583 (AS-HOSTINGER, CY)"
mail.overcomebf.com,1,"AS47583 (AS-HOSTINGER, CY)"
mail.ovariecmail.ru,1,"AS12586 (ASGHOSTNET, DE)"
overmetre.com,1,"AS14061 (DIGITALOCEAN-ASN - DigitalOcean, LLC, US)"
mail.overcarsmail.ru,1,"AS12586 (ASGHOSTNET, DE)"
overstock-com.mail.protection.outlook.com,1,"AS8075 (MICROSOFT-CORP-MSN-AS-BLOCK - Microsoft Corporation, US)"
mail.overemom.com,1,"AS12586 (ASGHOSTNET, DE)"
_dc-mx.f0a91c0d4e9c.over-craft.ru,1,"AS211381 (PODAON, LV)"
mail.overdevemails.ru,1,"AS12586 (ASGHOSTNET, DE)"
mail.overestebml.ru,1,"AS12586 (ASGHOSTNET, DE)"
mail.overdetemail.com,1,"AS12586 (ASGHOSTNET, DE)"
mail.overscrupursmail.ru,1,"AS12586 (ASGHOSTNET, DE)"
mail.overscrupmail.ru,1,"AS12586 (ASGHOSTNET, DE)"
mail.overscrupumail.com,1,"AS12586 (ASGHOSTNET, DE)"
mail.overdrafml.com,1,"AS12586 (ASGHOSTNET, DE)"
mail.overmultfmals.com,1,"AS12586 (ASGHOSTNET, DE)"
mail.overemphamail.ru,1,"AS12586 (ASGHOSTNET, DE)"
mail.overfamail.ru,1,"AS12586 (ASGHOSTNET, DE)"
mail.overscrupulemail.ru,1,"AS12586 (ASGHOSTNET, DE)"
mail.oversmail.ru,1,"AS12586 (ASGHOSTNET, DE)"
mail.overcomcs.ru,1,"AS12586 (ASGHOSTNET, DE)"
mail.overscrukl.ru,1,"AS12586 (ASGHOSTNET, DE)"
mail.overscrupt.ru,1,"AS12586 (ASGHOSTNET, DE)"
mail.ovipoemail.ru,1,"AS12586 (ASGHOSTNET, DE)"
overfammail.com,1,"AS213702 (QWINS-LTD QWINS AS-SET: ~ # AS213702:AS-CUSTOMERS, GB)"
mail.overemails.ru,1,"AS12586 (ASGHOSTNET, DE)"
mail.overexrsmail.ru,1,"AS12586 (ASGHOSTNET, DE)"
mail.ovigefml.com,1,"AS12586 (ASGHOSTNET, DE)"
outtlook.shop,1,"AS136246 (TOMATTOSTL-AS-AP Tomattos Technologies Ltd., BD)"
mail.ovovili.com,1,"AS12586 (ASGHOSTNET, DE)"
mail.oviposimail.ru,1,"AS12586 (ASGHOSTNET, DE)"
mail.overliemail.ru,1,"AS12586 (ASGHOSTNET, DE)"
mail.ovovivipcs.ru,1,"AS12586 (ASGHOSTNET, DE)"
mail.owmail.net,1,"AS24940 (HETZNER-AS, DE)"
mail.oxfor.edu.pl,1,"AS16276 (OVH, FR)"
mail.my-e-mail.info,1,"AS24940 (HETZNER-AS, DE)"
cisco-esa01-smtp-cc.ox.com,1,"AS46887 (CROWNCASTLE-AS46887 - Crown Castle Fiber LLC, US)"
oxbridgeprograms-com.mail.protection.outlook.com,1,"AS8075 (MICROSOFT-CORP-MSN-AS-BLOCK - Microsoft Corporation, US)"
mail.oxfarm1.com,1,"AS47583 (AS-HOSTINGER, CY)"
mail.oxidoredumfri.com,1,"AS12586 (ASGHOSTNET, DE)"
mail.oxamail.ru,1,"AS12586 (ASGHOSTNET, DE)"
owl.com.br,1,"AS33182 (DIMENOC - HostDime.com, Inc., US)"
mail.oxopoha.com,1,"AS14061 (DIGITALOCEAN-ASN - DigitalOcean, LLC, US)"
mail.osimail.com,1,"AS16276 (OVH, FR)"
mail.oxidamail.ru,1,"AS12586 (ASGHOSTNET, DE)"
smtp.oxplean.com,1,"AS14061 (DIGITALOCEAN-ASN - DigitalOcean, LLC, US)"
mail.oxygeebml.ru,1,"AS12586 (ASGHOSTNET, DE)"
mail.oxtenda.com,1,"AS14061 (DIGITALOCEAN-ASN - DigitalOcean, LLC, US)"
mail.ozkadem.edu.pl,1,"AS24940 (HETZNER-AS, DE)"
mail.ozist.us,1,"AS51167 (CONTABO, DE)"
_dc-mx.23b2af0092ca.ozekinci.com,1,"AS20068 (HAWKHOST - Hawk Host Inc., CA)"
_dc-mx.53541646bebe.ozpokies.online,1,"AS22612 (NAMECHEAP-NET - Namecheap, Inc., US)"
ozweddings.com,1,"AS36352 (AS-COLOCROSSING - HostPapa, US)"
node39.myfcloudto.com,1,"AS63949 (AKAMAI-LINODE-AP Akamai Connected Cloud, SG)"
ozost.com,1,"AS27589 (MOJOHOST - MOJOHOST, US)"
mail.ozon888.net,1,"AS396356 (LATITUDE-SH - Latitude.sh, US)"
mx179.mb5p.com,1,"AS14061 (DIGITALOCEAN-ASN - DigitalOcean, LLC, US)"
p-cc1.top,1,"AS20473 (AS-VULTR - The Constant Company, LLC, US)"
mail.ozsaip.com,1,"AS24940 (HETZNER-AS, DE)"
pacificcrestdigital-com.mail.protection.outlook.com,1,"AS8075 (MICROSOFT-CORP-MSN-AS-BLOCK - Microsoft Corporation, US)"
mail.p-ctrl.com,1,"AS131921 (GMOCL GMO GlobalSign Holdings K.K., JP)"
pacificlife.mail.protection.outlook.com,1,"AS8075 (MICROSOFT-CORP-MSN-AS-BLOCK - Microsoft Corporation, US)"
mail.pachycml.ru,1,"AS12586 (ASGHOSTNET, DE)"
mail.pachymenime.ru,1,"AS12586 (ASGHOSTNET, DE)"
pacificprime.in.tmes-sg.trendmicro.com,1,"AS16509 (AMAZON-02 - Amazon.com, Inc., US)"
a982513.mx.mailhop.org,1,"AS16509 (AMAZON-02 - Amazon.com, Inc., US)"
mail.pacifismail.com,1,"AS12586 (ASGHOSTNET, DE)"
mail.padye.com,1,"AS47583 (AS-HOSTINGER, CY)"
mx1.ovo.sc,1,"AS9009 (M247, RO)"
mail.pactdog.com,1,"AS18779 (EGIHOSTING - EGIHosting, US)"
mail.padvue.com,1,"AS46606 (UNIFIEDLAYER-AS-1 - Unified Layer, US)"
pafnuty.com,1,"AS14061 (DIGITALOCEAN-ASN - DigitalOcean, LLC, US)"
_dc-mx.48e5be76649f.pagonpae.com,1,"AS51167 (CONTABO, DE)"
page1ranker.com,1,"AS54290 (HOSTWINDS - Hostwinds LLC., US)"
paiindustries-com.mail.protection.outlook.com,1,"AS8075 (MICROSOFT-CORP-MSN-AS-BLOCK - Microsoft Corporation, US)"
palantirx-com.mail.protection.outlook.com,1,"AS8075 (MICROSOFT-CORP-MSN-AS-BLOCK - Microsoft Corporation, US)"
mail.palaeoclimail.com,1,"AS12586 (ASGHOSTNET, DE)"
mail.palaeoemail.com,1,"AS12586 (ASGHOSTNET, DE)"
mx.palantar.com,1,"AS29873 (BIZLAND-SD - Newfold Digital, Inc., US)"
mail.palaeoencemy.com,1,"AS12586 (ASGHOSTNET, DE)"
mail.palaeopli.com,1,"AS12586 (ASGHOSTNET, DE)"
mail.palaeontofml.com,1,"AS12586 (ASGHOSTNET, DE)"
mail.palemail.ru,1,"AS12586 (ASGHOSTNET, DE)"
mail.paleocmail.ru,1,"AS12586 (ASGHOSTNET, DE)"
mail.paleoanthropomail.com,1,"AS12586 (ASGHOSTNET, DE)"
mail.paleoethmalu.ru,1,"AS12586 (ASGHOSTNET, DE)"
mail.palamail.ru,1,"AS12586 (ASGHOSTNET, DE)"
mail.paleogramalu.ru,1,"AS12586 (ASGHOSTNET, DE)"
mail.paleoanthropic.com,1,"AS12586 (ASGHOSTNET, DE)"
mail.palaeofml.com,1,"AS12586 (ASGHOSTNET, DE)"
mail.paleornimail.ru,1,"AS12586 (ASGHOSTNET, DE)"
mail.palersmail.ru,1,"AS12586 (ASGHOSTNET, DE)"
mail.paleotrmail.ru,1,"AS12586 (ASGHOSTNET, DE)"
mail.paleoceanomy.com,1,"AS12586 (ASGHOSTNET, DE)"
mail.palatopfmail.ru,1,"AS12586 (ASGHOSTNET, DE)"
palanir.com,1,"AS31549 (RASANA, IR)"
mail.paleopmail.com,1,"AS12586 (ASGHOSTNET, DE)"
mail.paleopatmail.com,1,"AS12586 (ASGHOSTNET, DE)"
mail.paito4d.org,1,"AS214036 (ULTAHOST-AS, US)"
mail.palatopmail.ru,1,"AS12586 (ASGHOSTNET, DE)"
mx.palmwestwallets.com.cust.b.hostedemail.com,1,"AS32491 (TUCOWS-3 - Tucows.com Co., CA)"
mail.paleopinf.com,1,"AS12586 (ASGHOSTNET, DE)"
mail.palingmail.com,1,"AS12586 (ASGHOSTNET, DE)"
mail.paleobpt.ru,1,"AS12586 (ASGHOSTNET, DE)"
paleopathmail.com,1,"AS213702 (QWINS-LTD QWINS AS-SET: ~ # AS213702:AS-CUSTOMERS, GB)"
mail.paleoencefl.com,1,"AS12586 (ASGHOSTNET, DE)"
mail.paleontolmail.ru,1,"AS12586 (ASGHOSTNET, DE)"
mail.palmatipafmail.ru,1,"AS12586 (ASGHOSTNET, DE)"
mx6.palosdonar.com,1,
mail.palau-nedv.ru,1,"AS56694 (SMARTAPE, RU)"
palsengineering.com,1,"AS24940 (HETZNER-AS, DE)"
mx-vip-01.uni5.net,1,"AS28299 (LWSA SA, BR)"
mx6.my7km.com,1,
mail.pamrankinrealestateagentcarlsbadca.com,1,"AS46606 (UNIFIEDLAYER-AS-1 - Unified Layer, US)"
mail.pamrankinrealestateagentvistaca.com,1,"AS46606 (UNIFIEDLAYER-AS-1 - Unified Layer, US)"
mail.pamrankinrealestateagentescondidoca.com,1,"AS46606 (UNIFIEDLAYER-AS-1 - Unified Layer, US)"
mail.palynolmail.com,1,"AS12586 (ASGHOSTNET, DE)"
mail.pamrankinrealestateagentsandiegoca.com,1,"AS46606 (UNIFIEDLAYER-AS-1 - Unified Layer, US)"
pamil.fr.nf,1,"AS16276 (OVH, FR)"
mail.pamrankinrealestateagentsanmarcosca.com,1,"AS46606 (UNIFIEDLAYER-AS-1 - Unified Layer, US)"
mail.pamrankinrealestateagentoceansideca.com,1,"AS46606 (UNIFIEDLAYER-AS-1 - Unified Layer, US)"
mail.pandai.art,1,"AS42831 (UKSERVERS-AS UK Dedicated Servers, Hosting and Co-Location, GB)"
mail.pandai.in,1,"AS42831 (UKSERVERS-AS UK Dedicated Servers, Hosting and Co-Location, GB)"
myannuityadvisors-com.mail.protection.outlook.com,1,"AS8075 (MICROSOFT-CORP-MSN-AS-BLOCK - Microsoft Corporation, US)"
mail.pancremail.com,1,"AS12586 (ASGHOSTNET, DE)"
mx.myabccompany.info,1,"AS14061 (DIGITALOCEAN-ASN - DigitalOcean, LLC, US)"
mx2.my6com.com,1,"AS200107 (KL-EXT, CH)"
mybentek-com.mail.protection.outlook.com,1,"AS8075 (MICROSOFT-CORP-MSN-AS-BLOCK - Microsoft Corporation, US)"
a435745.mx.mailhop.org,1,"AS16509 (AMAZON-02 - Amazon.com, Inc., US)"
mx76.mb1p.com,1,"AS14061 (DIGITALOCEAN-ASN - DigitalOcean, LLC, US)"
myasthemail.ru,1,"AS213702 (QWINS-LTD QWINS AS-SET: ~ # AS213702:AS-CUSTOMERS, GB)"
router.pangtiin.com,1,"AS14061 (DIGITALOCEAN-ASN - DigitalOcean, LLC, US)"
mycareint-com.mail.protection.outlook.com,1,
mx.mybestmailbox.com,1,"AS16276 (OVH, FR)"
zmail.xceltec.in,1,"AS51167 (CONTABO, DE)"
mail.myazg.ru,1,"AS197695 (AS-REG, RU)"
pandemic.cloud,1,"AS14061 (DIGITALOCEAN-ASN - DigitalOcean, LLC, US)"
mycareonboard.com,1,"AS398101 (GO-DADDY-COM-LLC - GoDaddy.com, LLC, US)"
mx.mycreativeinbox.com,1,"AS16276 (OVH, FR)"
mail.mycryptocurrency24.com,1,"AS44051 (FORNEX-AS, ES)"
panen228.org,1,"AS22612 (NAMECHEAP-NET - Namecheap, Inc., US)"
mail.pantomalary.ru,1,"AS12586 (ASGHOSTNET, DE)"
mail.paperpapyrus.com,1,"AS47583 (AS-HOSTINGER, CY)"
mydesign-studio.com,1,"AS131965 (XSERVER Xserver Inc., JP)"
mail.pankeberlin.de,1,"AS24940 (HETZNER-AS, DE)"
mail.paphiopmails.ru,1,"AS12586 (ASGHOSTNET, DE)"
_dc-mx.a2724dbe25f8.myemail.my,1,"AS32244 (LIQUIDWEB - Liquid Web, L.L.C, US)"
myemailmail-com.mail.protection.outlook.com,1,
mychoice.co.uk,1,"AS49981 (WORLDSTREAM, NL)"
mail.mycomyriolml.ru,1,"AS12586 (ASGHOSTNET, DE)"
mail.paphiopmail.ru,1,"AS12586 (ASGHOSTNET, DE)"
mail.myelence.ru,1,"AS12586 (ASGHOSTNET, DE)"
mail.paracefml.ru,1,"AS12586 (ASGHOSTNET, DE)"
mail.myemail.fun,1,"AS29182 (RU-JSCIOT, RU)"
mail.myelencmail.com,1,"AS12586 (ASGHOSTNET, DE)"
mx.herwallet.com,1,"AS29873 (BIZLAND-SD - Newfold Digital, Inc., US)"
mail.papulmail.ru,1,"AS12586 (ASGHOSTNET, DE)"
paradigmatical.com,1,"AS213702 (QWINS-LTD QWINS AS-SET: ~ # AS213702:AS-CUSTOMERS, GB)"
mail.myeloemail.ru,1,"AS12586 (ASGHOSTNET, DE)"
mail.papulovesf.ru,1,"AS12586 (ASGHOSTNET, DE)"
mail.paradigmatfl.com,1,"AS12586 (ASGHOSTNET, DE)"
mail.paradigmaml.ru,1,"AS12586 (ASGHOSTNET, DE)"
mycommodities.space,1,"AS49981 (WORLDSTREAM, NL)"
mail.paraformalmail.ru,1,"AS12586 (ASGHOSTNET, DE)"
mail.paraprofmail.ru,1,"AS12586 (ASGHOSTNET, DE)"
mail.myetherwallt.com,1,"AS45839 (SHINJIRU-MY-AS-AP Shinjiru Technology Sdn Bhd, MY)"
mail.papodejornal.top,1,"AS16276 (OVH, FR)"
mail.mycard.net.ua,1,"AS15738 (UAEXPRESS Ukraine, UA)"
mail.paradoxrsmail.ru,1,"AS12586 (ASGHOSTNET, DE)"
mail.paradisi.ru,1,"AS12586 (ASGHOSTNET, DE)"
mail.paramags.com,1,"AS12586 (ASGHOSTNET, DE)"
mail.myetherwalley.com,1,"AS45839 (SHINJIRU-MY-AS-AP Shinjiru Technology Sdn Bhd, MY)"
mail.parapsycmail.com,1,"AS12586 (ASGHOSTNET, DE)"
mail.myetherwllet.com,1,"AS45839 (SHINJIRU-MY-AS-AP Shinjiru Technology Sdn Bhd, MY)"
mail.parallemail.ru,1,"AS12586 (ASGHOSTNET, DE)"
mail.myetherwalket.com,1,"AS45839 (SHINJIRU-MY-AS-AP Shinjiru Technology Sdn Bhd, MY)"
mail.parasluhov.ru,1,"AS35278 (SPRINTHOST, RU)"
mail.parapsychomail.com,1,"AS12586 (ASGHOSTNET, DE)"
mail.myetherwsllet.com,1,"AS45839 (SHINJIRU-MY-AS-AP Shinjiru Technology Sdn Bhd, MY)"
mail.parclan.com,1,"AS14061 (DIGITALOCEAN-ASN - DigitalOcean, LLC, US)"
parelay.org,1,"AS398101 (GO-DADDY-COM-LLC - GoDaddy.com, LLC, US)"
mail.parasitomail.ru,1,"AS12586 (ASGHOSTNET, DE)"
mail.myetherallet.com,1,"AS45839 (SHINJIRU-MY-AS-AP Shinjiru Technology Sdn Bhd, MY)"
mail.myethwrwallet.com,1,"AS45839 (SHINJIRU-MY-AS-AP Shinjiru Technology Sdn Bhd, MY)"
paratmail.com,1,"AS213702 (QWINS-LTD QWINS AS-SET: ~ # AS213702:AS-CUSTOMERS, GB)"
mail.parasyemail.ru,1,"AS12586 (ASGHOSTNET, DE)"
mail.myetjerwallet.com,1,"AS45839 (SHINJIRU-MY-AS-AP Shinjiru Technology Sdn Bhd, MY)"
mail.parakeetcare.org,1,"AS35042 (LAYER7-NETWORKS-, DE)"
mail.mygrovemail.com,1,"AS47583 (AS-HOSTINGER, CY)"
mail.myethrwallet.com,1,"AS45839 (SHINJIRU-MY-AS-AP Shinjiru Technology Sdn Bhd, MY)"
mail.parasrsmail.ru,1,"AS12586 (ASGHOSTNET, DE)"
mail.parapromail.ru,1,"AS12586 (ASGHOSTNET, DE)"
mail.paralytmail.ru,1,"AS12586 (ASGHOSTNET, DE)"
mail.parasalpimails.ru,1,"AS12586 (ASGHOSTNET, DE)"
mail.parietofmail.ru,1,"AS12586 (ASGHOSTNET, DE)"
mail.myhashpower.com,1,"AS47583 (AS-HOSTINGER, CY)"
mail.myetherwallrt.com,1,"AS45839 (SHINJIRU-MY-AS-AP Shinjiru Technology Sdn Bhd, MY)"
mail.parietosplamail.ru,1,"AS12586 (ASGHOSTNET, DE)"
mail.parietof.ru,1,"AS12586 (ASGHOSTNET, DE)"
myhealthmyterms-com.mail.protection.outlook.com,1,"AS8075 (MICROSOFT-CORP-MSN-AS-BLOCK - Microsoft Corporation, US)"
mx.parfumpoint.store.cust.a.hostedemail.com,1,"AS15348 (TUCOWS - Tucows.com Co., CA)"
mail.parelecemail.ru,1,"AS12586 (ASGHOSTNET, DE)"
mx1.mygeoweb.info,1,"AS200107 (KL-EXT, CH)"
mail.parietosplml.ru,1,"AS12586 (ASGHOSTNET, DE)"
mail.myetherwaklet.com,1,"AS45839 (SHINJIRU-MY-AS-AP Shinjiru Technology Sdn Bhd, MY)"
mail.parietofrvegai.ru,1,"AS12586 (ASGHOSTNET, DE)"
mail.myetgerwallet.com,1,"AS45839 (SHINJIRU-MY-AS-AP Shinjiru Technology Sdn Bhd, MY)"
mail.myinbox21.shop,1,"AS51167 (CONTABO, DE)"
mx1.myimail.bid,1,"AS200107 (KL-EXT, CH)"
mail.myetheewallet.com,1,"AS45839 (SHINJIRU-MY-AS-AP Shinjiru Technology Sdn Bhd, MY)"
mx1.myinbox.icu,1,"AS200107 (KL-EXT, CH)"
mail.parfum33.ru,1,"AS198068 (PAGM-AS, EE)"
mail.myetherwalle.com,1,"AS45839 (SHINJIRU-MY-AS-AP Shinjiru Technology Sdn Bhd, MY)"
mx2.myhost.trade,1,"AS200107 (KL-EXT, CH)"
mail.myethrrwallet.com,1,"AS45839 (SHINJIRU-MY-AS-AP Shinjiru Technology Sdn Bhd, MY)"
mykidsfuture.com,1,"AS14061 (DIGITALOCEAN-ASN - DigitalOcean, LLC, US)"
mx2.hostinger.com,1,"AS13335 (CLOUDFLARENET - Cloudflare, Inc., US)"
aspmx2.googlemail.com,1,"AS15169 (GOOGLE - Google LLC, US)"
mail0001.myk-pyk.eu,1,"AS24940 (HETZNER-AS, DE)"
parqal-com.mail.protection.outlook.com,1,"AS8075 (MICROSOFT-CORP-MSN-AS-BLOCK - Microsoft Corporation, US)"
mail.mylenobl.ru,1,"AS197695 (AS-REG, RU)"
mail.parthxxtoasts.site,1,"AS203446 (AS203446, GB)"
parsellfuneralhomes-com.mail.protection.outlook.com,1,"AS8075 (MICROSOFT-CORP-MSN-AS-BLOCK - Microsoft Corporation, US)"
mail.parliamenml.ru,1,"AS12586 (ASGHOSTNET, DE)"
mail.parliamentmail.ru,1,"AS12586 (ASGHOSTNET, DE)"
mail.particulamails.ru,1,"AS12586 (ASGHOSTNET, DE)"
mail.mylovezya.my.id,1,"AS45102 (ALIBABA-CN-NET Alibaba US Technology Co., Ltd., CN)"
mail.particularic.com,1,"AS12586 (ASGHOSTNET, DE)"
mail.mymailnow.store,1,"AS24940 (HETZNER-AS, DE)"
mymail90.com,1,"AS47583 (AS-HOSTINGER, CY)"
mail.myliomail.ru,1,"AS12586 (ASGHOSTNET, DE)"
mail.partner-tex.ru,1,"AS210079 (EUROBYTE, RU)"
mail.partiemail.ru,1,"AS12586 (ASGHOSTNET, DE)"
mail.parrsmail.ru,1,"AS12586 (ASGHOSTNET, DE)"
mail.mymailoasis.com,1,"AS14061 (DIGITALOCEAN-ASN - DigitalOcean, LLC, US)"
mymarketinguniversity.com,1,"AS30475 (WEHOSTWEBSITES-COM - Handy Networks, LLC, US)"
mx01.partiorganizasyon.com,1,"AS51557 (TR-ISIMTESCIL-20201202, TR)"
smtp.mylolis.top,1,"AS61112 (AkileCloud Network, GB)"
mymailbox.xxl.st,1,"AS16276 (OVH, FR)"
paschke-org.mail.protection.outlook.com,1,"AS8075 (MICROSOFT-CORP-MSN-AS-BLOCK - Microsoft Corporation, US)"
mail.parochmails.ru,1,"AS16276 (OVH, FR)"
mymail.infos.st,1,"AS16276 (OVH, FR)"
mail.pasqad.com,1,"AS24940 (HETZNER-AS, DE)"
mx.pas.net.id,1,"AS150961 (IDNIC-KLIKPAS-ID PT. Pandeglang Akses Semesta, ID)"
mymailhub.pro,1,"AS49467 (EUROTA-ASN EUROTA INTERNET SERVICES LTD, TR)"
mynanaimohomes.com,1,
pasqel-com.mail.protection.outlook.com,1,"AS8075 (MICROSOFT-CORP-MSN-AS-BLOCK - Microsoft Corporation, US)"
pasqai-com.mail.protection.outlook.com,1,"AS8075 (MICROSOFT-CORP-MSN-AS-BLOCK - Microsoft Corporation, US)"
mx1.mymymymail.net,1,"AS200107 (KL-EXT, CH)"
mail.myntora.cfd,1,"AS203446 (AS203446, GB)"
mail.mynetstore.de,1,"AS24940 (HETZNER-AS, DE)"
mx2.mymymymail.com,1,"AS200107 (KL-EXT, CH)"
mail.yarsa.io,1,"AS16509 (AMAZON-02 - Amazon.com, Inc., US)"
mail.myocofmail.ru,1,"AS12586 (ASGHOSTNET, DE)"
mail.pettin.com,1,"AS16509 (AMAZON-02 - Amazon.com, Inc., US)"
mail.myodiemail.ru,1,"AS12586 (ASGHOSTNET, DE)"
cpanel.freehosting.com,1,"AS24940 (HETZNER-AS, DE)"
mail.myopmail.com,1,"AS6389 (BELLSOUTH-NET-BLK - AT&T Enterprises, LLC, US)"
mail.myodiamail.ru,1,"AS12586 (ASGHOSTNET, DE)"
mx.passal.com,1,"AS3462 (HINET Data Communication Business Group, TW)"
myplancomparison-com.mail.protection.outlook.com,1,"AS8075 (MICROSOFT-CORP-MSN-AS-BLOCK - Microsoft Corporation, US)"
mxa-001f6501.gslb.pphosted.com,1,"AS26211 (PROOFPOINT-ASN-US-WEST - Proofpoint, Inc., US)"
pathwaysforlife-care.mail.protection.outlook.com,1,"AS8075 (MICROSOFT-CORP-MSN-AS-BLOCK - Microsoft Corporation, US)"
partisigeser.com,1,"AS9657 (MELSANET-ID-AP Melsa-i-net AS, ID)"
mail.pathomail.com,1,"AS12586 (ASGHOSTNET, DE)"
mail.paterrsmail.ru,1,"AS12586 (ASGHOSTNET, DE)"
mypup-nl.mail.protection.outlook.com,1,"AS8075 (MICROSOFT-CORP-MSN-AS-BLOCK - Microsoft Corporation, US)"
mail.pathoge.com,1,"AS12586 (ASGHOSTNET, DE)"
mail.paterfamail.ru,1,"AS12586 (ASGHOSTNET, DE)"
mail.paternalmalary.ru,1,"AS12586 (ASGHOSTNET, DE)"
patriotcashoffer-com.mail.protection.outlook.com,1,"AS8075 (MICROSOFT-CORP-MSN-AS-BLOCK - Microsoft Corporation, US)"
m.myse5.com,1,"AS401696 (COGNETCLOUD - cognetcloud INC, US)"
mail.myrmecolmail.ru,1,"AS12586 (ASGHOSTNET, DE)"
mail.patroiio.com,1,"AS12586 (ASGHOSTNET, DE)"
mail.myriolmail.ru,1,"AS12586 (ASGHOSTNET, DE)"
d298415a.ess.barracudanetworks.com,1,"AS16509 (AMAZON-02 - Amazon.com, Inc., US)"
mail.patrilomails.ru,1,"AS12586 (ASGHOSTNET, DE)"
myskaltech.com,1,
myself.fr.nf,1,"AS16276 (OVH, FR)"
mail.myrtherwallet.com,1,"AS45839 (SHINJIRU-MY-AS-AP Shinjiru Technology Sdn Bhd, MY)"
myrecovery.casa,1,"AS22612 (NAMECHEAP-NET - Namecheap, Inc., US)"
mta1.youcan.shop,1,"AS13335 (CLOUDFLARENET - Cloudflare, Inc., US)"
mail.mytemails.com,1,"AS24940 (HETZNER-AS, DE)"
pay-mon.com,1,"AS47583 (AS-HOSTINGER, CY)"
emailqu.com,1,"AS141968 (IDNIC-IKADA-AS-ID PT Industri Kreatif Digital, ID)"
mail.mytrashmailer.com,1,"AS20473 (AS-VULTR - The Constant Company, LLC, US)"
mail.mytrashmailr.com,1,"AS47583 (AS-HOSTINGER, CY)"
mail.mytanks.ru,1,"AS9123 (TIMEWEB-AS, RU)"
myus-com.mail.protection.outlook.com,1,"AS8075 (MICROSOFT-CORP-MSN-AS-BLOCK - Microsoft Corporation, US)"
mail1.mytrashmail.com,1,"AS44418 (BITDEFENDER-AS, RO)"
paydayloanaffiliate.com,1,"AS32748 (STEADFAST - Steadfast, US)"
myukemail.com,1,"AS47583 (AS-HOSTINGER, CY)"
relay.paglusch.com,1,"AS212317 (HETZNER-CLOUD3-AS, DE)"
mprdmxin.myway.co.uk,1,"AS53316 (ASN-CHEETA-MAIL - CHEETAHMAIL, US)"
mail.myxentra.cfd,1,"AS203446 (AS203446, GB)"
mail.myeyherwallet.com,1,"AS45839 (SHINJIRU-MY-AS-AP Shinjiru Technology Sdn Bhd, MY)"
mail.mytherwallet.com,1,"AS45839 (SHINJIRU-MY-AS-AP Shinjiru Technology Sdn Bhd, MY)"
mail.mywtherwallet.com,1,"AS45839 (SHINJIRU-MY-AS-AP Shinjiru Technology Sdn Bhd, MY)"
mail.myxobmail.ru,1,"AS12586 (ASGHOSTNET, DE)"
mzwallace-com.mail.protection.outlook.com,1,"AS8075 (MICROSOFT-CORP-MSN-AS-BLOCK - Microsoft Corporation, US)"
mail.pazuric.com,1,"AS14061 (DIGITALOCEAN-ASN - DigitalOcean, LLC, US)"
n-system.com,1,"AS9371 (SAKURA-C SAKURA Internet Inc., JP)"
mx.n2antiques.com,1,"AS29873 (BIZLAND-SD - Newfold Digital, Inc., US)"
eve.buynlarge.net,1,"AS24940 (HETZNER-AS, DE)"
n1c-info.mail.protection.outlook.com,1,"AS8075 (MICROSOFT-CORP-MSN-AS-BLOCK - Microsoft Corporation, US)"
n2crafts-com.mail.protection.outlook.com,1,"AS8075 (MICROSOFT-CORP-MSN-AS-BLOCK - Microsoft Corporation, US)"
n2everything-com.mail.protection.outlook.com,1,"AS8075 (MICROSOFT-CORP-MSN-AS-BLOCK - Microsoft Corporation, US)"
pc24-nhs-uk.mail.protection.outlook.com,1,"AS8075 (MICROSOFT-CORP-MSN-AS-BLOCK - Microsoft Corporation, US)"
mail.popmails.ru,1,"AS24940 (HETZNER-AS, DE)"
mx.pc1520.com,1,"AS14061 (DIGITALOCEAN-ASN - DigitalOcean, LLC, US)"
n2fun-com.mail.protection.outlook.com,1,"AS8075 (MICROSOFT-CORP-MSN-AS-BLOCK - Microsoft Corporation, US)"
mail01.n2money.com,1,"AS36351 (SOFTLAYER - IBM Cloud, US)"
mx1.n2california.com,1,"AS16509 (AMAZON-02 - Amazon.com, Inc., US)"
pchelpsoft-com.mail.protection.outlook.com,1,"AS8075 (MICROSOFT-CORP-MSN-AS-BLOCK - Microsoft Corporation, US)"
mx1.n2chevies.com,1,"AS16509 (AMAZON-02 - Amazon.com, Inc., US)"
mx1.n2choir.com,1,"AS16509 (AMAZON-02 - Amazon.com, Inc., US)"
mail.paymal.com,1,"AS47846 (SEDO-AS, DE)"
mail.n2medicine.com,1,"AS398101 (GO-DADDY-COM-LLC - GoDaddy.com, LLC, US)"
mx1.n2acting.com,1,"AS16509 (AMAZON-02 - Amazon.com, Inc., US)"
mx1.n2cmt.com,1,"AS16509 (AMAZON-02 - Amazon.com, Inc., US)"
n2rocknroll.com,1,"AS20068 (HAWKHOST - Hawk Host Inc., CA)"
n2texas.com,1,"AS46606 (UNIFIEDLAYER-AS-1 - Unified Layer, US)"
mail.n2pc.com,1,"AS16556 (TOTALCHOICE-HOSTING - TotalChoice Hosting, LLC, US)"
mx1.n2knitting.com,1,"AS16509 (AMAZON-02 - Amazon.com, Inc., US)"
mx1.n2mustangs.com,1,"AS16509 (AMAZON-02 - Amazon.com, Inc., US)"
mx1.n2stockcars.com,1,"AS16509 (AMAZON-02 - Amazon.com, Inc., US)"
mx1.n2track.com,1,"AS16509 (AMAZON-02 - Amazon.com, Inc., US)"
mx1.n2sun.com,1,"AS16509 (AMAZON-02 - Amazon.com, Inc., US)"
mx1.n2dinosaurs.com,1,"AS16509 (AMAZON-02 - Amazon.com, Inc., US)"
mx1.n2archery.com,1,"AS16509 (AMAZON-02 - Amazon.com, Inc., US)"
mx1.n2birds.com,1,"AS16509 (AMAZON-02 - Amazon.com, Inc., US)"
mx1.n2trouble.com,1,"AS16509 (AMAZON-02 - Amazon.com, Inc., US)"
mx1.n2fords.com,1,"AS16509 (AMAZON-02 - Amazon.com, Inc., US)"
mx1.n2wildlife.com,1,"AS16509 (AMAZON-02 - Amazon.com, Inc., US)"
pdaonmail.com,1,"AS213702 (QWINS-LTD QWINS AS-SET: ~ # AS213702:AS-CUSTOMERS, GB)"
mail.n88i.space,1,"AS22612 (NAMECHEAP-NET - Namecheap, Inc., US)"
pdfn.site,1,"AS16276 (OVH, FR)"
na-cat.com,1,"AS7506 (INTERQ GMO Internet Group, Inc., JP)"
na-drakeintl-com.mail.protection.outlook.com,1,"AS8075 (MICROSOFT-CORP-MSN-AS-BLOCK - Microsoft Corporation, US)"
_dc-mx.f0a0f880fd09.na-start.com,1,"AS14061 (DIGITALOCEAN-ASN - DigitalOcean, LLC, US)"
mail.na-beregah-kryma.ru,1,"AS197695 (AS-REG, RU)"
b03ccc5a381539b4.mx2.emailprofi.seznam.cz,1,"AS43037 (SEZNAM-, CZ)"
n7ob.com,1,"AS24940 (HETZNER-AS, DE)"
mail.nacho.pw,1,"AS16276 (OVH, FR)"
mx1.n8.gs,1,"AS24940 (HETZNER-AS, DE)"
pdvcn-com.mail.protection.outlook.com,1,"AS8075 (MICROSOFT-CORP-MSN-AS-BLOCK - Microsoft Corporation, US)"
mail.nacion.com.mx,1,"AS3842 (RAMNODE - InMotion Hosting, Inc., US)"
peacefulstrings-com.mail.protection.outlook.com,1,"AS8075 (MICROSOFT-CORP-MSN-AS-BLOCK - Microsoft Corporation, US)"
peak-bank.mail.protection.outlook.com,1,"AS8075 (MICROSOFT-CORP-MSN-AS-BLOCK - Microsoft Corporation, US)"
mail.peacefulmindmail.com,1,"AS12586 (ASGHOSTNET, DE)"
d122753a.ess.barracudanetworks.com,1,"AS16509 (AMAZON-02 - Amazon.com, Inc., US)"
w00c4076.kasserver.com,1,"AS34788 (NMM-AS D - 02742 Friedersdorf Hauptstrasse 68, DE)"
mail.peakpharmacy.shop,1,"AS213230 (HETZNER-CLOUD2-AS, DE)"
nadmorzem.com,1,"AS29522 (CF-KRK, PL)"
mx.pecdo.com,1,"AS14061 (DIGITALOCEAN-ASN - DigitalOcean, LLC, US)"
mail.pearpplemail.com,1,"AS12586 (ASGHOSTNET, DE)"
www.pedco.com,1,"AS40034 (CONFLUENCE-NETWORK-INC - Confluence Networks Inc, VG)"
mail.pedasemail.com,1,"AS12586 (ASGHOSTNET, DE)"
mail.pegoku.com,1,"AS57269 (DIGISPAINTELECOM, ES)"
mail.najlepszeprzeprowadzki.pl,1,"AS41079 (CF-GDA, PL)"
mail.pekoi.com,1,"AS14061 (DIGITALOCEAN-ASN - DigitalOcean, LLC, US)"
pelicanstate-com.mail.protection.outlook.com,1,"AS8075 (MICROSOFT-CORP-MSN-AS-BLOCK - Microsoft Corporation, US)"
mail.nakedtruth.biz,1,"AS15456 (INTERNETX-AS, DE)"
pelung-com.mail.protection.outlook.com,1,"AS8075 (MICROSOFT-CORP-MSN-AS-BLOCK - Microsoft Corporation, US)"
mail.pelagimail.ru,1,"AS12586 (ASGHOSTNET, DE)"
mail.has-mail.de,1,"AS24940 (HETZNER-AS, DE)"
pemex-com.mail.protection.outlook.com,1,"AS8075 (MICROSOFT-CORP-MSN-AS-BLOCK - Microsoft Corporation, US)"
mail.nalizatiomail.ru,1,"AS12586 (ASGHOSTNET, DE)"
mail.pemess.com,1,"AS47583 (AS-HOSTINGER, CY)"
mail.penmail.store,1,"AS7552 (VIETEL-AS-AP Viettel Group, VN)"
mail.penis.larping.agency,1,"AS203446 (AS203446, GB)"
postmaster21u.penfale.com,1,"AS14061 (DIGITALOCEAN-ASN - DigitalOcean, LLC, US)"
mail.penetrafmals.com,1,"AS12586 (ASGHOSTNET, DE)"
mail.pemwe.com,1,"AS24940 (HETZNER-AS, DE)"
mail.nanoware.store,1,"AS16276 (OVH, FR)"
mail.peno-blok1.ru,1,"AS198068 (PAGM-AS, EE)"
mail.pentobarfml.com,1,"AS12586 (ASGHOSTNET, DE)"
mx1.glomulser.com,1,"AS14555 (LIQUIDNETLTD1 - LiquidNet US LLC, US)"
mail.nam.su,1,"AS29182 (RU-JSCIOT, RU)"
nanozone-net.mail.protection.outlook.com,1,"AS8075 (MICROSOFT-CORP-MSN-AS-BLOCK - Microsoft Corporation, US)"
napabenefits-org01b.mail.protection.outlook.com,1,"AS8075 (MICROSOFT-CORP-MSN-AS-BLOCK - Microsoft Corporation, US)"
mail.nakedgirlsass.com,1,"AS56485 (THEHOST-AS, UA)"
mail.pentecomail.ru,1,"AS12586 (ASGHOSTNET, DE)"
peonex.com,1,"AS33182 (DIMENOC - HostDime.com, Inc., US)"
mail.mymailbox.top,1,"AS19437 (SS-ASH - SECURED SERVERS LLC, US)"
ridermail.shop,1,"AS209341 (WHG-FRA, GB)"
rifkinfox-com.mail.protection.outlook.com,1,"AS8075 (MICROSOFT-CORP-MSN-AS-BLOCK - Microsoft Corporation, US)"
mail.ricrk.com,1,"AS26666 (INTERSERVER-LAX - Interserver, Inc, US)"
mail.ridabmals.ru,1,"AS12586 (ASGHOSTNET, DE)"
antispam.graffitiweb.com,1,"AS20811 (BRENNERCOM-AS, IT)"
mail.rigidifimyu.ru,1,"AS12586 (ASGHOSTNET, DE)"
mail.rinkmail.com,1,"AS40021 (CONTABO-40021 - Contabo Inc., US)"
mx.rietti.com,1,"AS29873 (BIZLAND-SD - Newfold Digital, Inc., US)"
mail.ringx.com,1,"AS32613 (IWEB-AS - Leaseweb Canada Inc., CA)"
spf.ringment.com,1,"AS14061 (DIGITALOCEAN-ASN - DigitalOcean, LLC, US)"
mx1.rigidmail.top,1,"AS200107 (KL-EXT, CH)"
risk-lexisnexis-com.mail.protection.outlook.com,1,"AS8075 (MICROSOFT-CORP-MSN-AS-BLOCK - Microsoft Corporation, US)"
mail.ritual-rom.ru,1,"AS211642 (ADMINVPS, RU)"
rnimail.riviera-networks.com,1,"AS207181 (RNITELCO, FR)"
rivetti-com.mail.protection.outlook.com,1,"AS8075 (MICROSOFT-CORP-MSN-AS-BLOCK - Microsoft Corporation, US)"
ritualimail.com,1,"AS213702 (QWINS-LTD QWINS AS-SET: ~ # AS213702:AS-CUSTOMERS, GB)"
riverviewcontractors-com.mail.protection.outlook.com,1,"AS8075 (MICROSOFT-CORP-MSN-AS-BLOCK - Microsoft Corporation, US)"
mx.rizet.in,1,"AS14061 (DIGITALOCEAN-ASN - DigitalOcean, LLC, US)"
mail.rjdaum.com,1,"AS20001 (TWC-20001-PACWEST - Charter Communications Inc, US)"
mail.righteb.com,1,"AS204213 (NETMIHAN, IR)"
rlginc-com.mail.protection.outlook.com,1,"AS8075 (MICROSOFT-CORP-MSN-AS-BLOCK - Microsoft Corporation, US)"
rmexc-com.mail.protection.outlook.com,1,"AS8075 (MICROSOFT-CORP-MSN-AS-BLOCK - Microsoft Corporation, US)"
mail.rmalary.ru,1,"AS12586 (ASGHOSTNET, DE)"
mail.rnlcrosoft.com,1,"AS26367 (BRADLEY-UNIVERSITY - Bradley University, US)"
mail.roalx.com,1,"AS14061 (DIGITALOCEAN-ASN - DigitalOcean, LLC, US)"
rntmail.online,1,"AS213702 (QWINS-LTD QWINS AS-SET: ~ # AS213702:AS-CUSTOMERS, GB)"
robertmowlavi-com.mail.protection.outlook.com,1,
smtp25s.cp.hosting-srv.net,1,"AS4694 (IDCF IDC Frontier Inc., JP)"
mx-in.rnvb.com,1,"AS16276 (OVH, FR)"
mail.robo3.me,1,"AS47583 (AS-HOSTINGER, CY)"
mail.robo3.co,1,"AS47583 (AS-HOSTINGER, CY)"
mail.robot2.me,1,"AS47583 (AS-HOSTINGER, CY)"
mx1.roadrunneer.com,1,"AS54290 (HOSTWINDS - Hostwinds LLC., US)"
mail.robot-mail.com,1,"AS16276 (OVH, FR)"
mail.rm-tour.ru,1,"AS44094 (WEBHOST1-AS, RU)"
d231462a.ess.barracudanetworks.com,1,"AS16509 (AMAZON-02 - Amazon.com, Inc., US)"
rocketmail.fun,1,"AS16276 (OVH, FR)"
mx6.rodsupersale.com,1,
mta5.am0.rocketmaill.com,1,"AS26666 (INTERSERVER-LAX - Interserver, Inc, US)"
mx1.rockstmail.com,1,"AS200107 (KL-EXT, CH)"
mail.rockstarseo.net,1,"AS46606 (UNIFIEDLAYER-AS-1 - Unified Layer, US)"
mail.robinkikuchi.us,1,"AS29182 (RU-JSCIOT, RU)"
mail.roentgenographf.ru,1,"AS12586 (ASGHOSTNET, DE)"
mail.rojay.fr,1,"AS50474 (O2SWITCH, FR)"
_dc-mx.2a997846ceca.rohkalby.com,1,"AS965 (WEBHOSTINGHOLDINGS - Webhosting Holdings LLC, US)"
mail.robinkikuchi.info,1,"AS29182 (RU-JSCIOT, RU)"
mail.roentgenotmyu.ru,1,"AS12586 (ASGHOSTNET, DE)"
mx1.rodtookjing.com,1,"AS200107 (KL-EXT, CH)"
mx.rogetti.com,1,"AS31034 (ARUBA-ASN, IT)"
mail.robink.info,1,"AS29182 (RU-JSCIOT, RU)"
roivenue-com.mail.protection.outlook.com,1,"AS8075 (MICROSOFT-CORP-MSN-AS-BLOCK - Microsoft Corporation, US)"
mail.roksa.pl,1,"AS16276 (OVH, FR)"
mailforward13.cloudns.net,1,"AS35661 (VIRTUASYS-EU Lift weight. Push bytes. Never drop. Repeat., FR)"
gdalult4.hostarmada.net,1,"AS394380 (LEASEWEB-USA-DAL - Leaseweb USA, Inc., US)"
mail.roman.tehsusu.biz.id,1,"AS51167 (CONTABO, DE)"
romaniansalsafestival.com,1,"AS14061 (DIGITALOCEAN-ASN - DigitalOcean, LLC, US)"
mail.rns-50.ru,1,"AS24940 (HETZNER-AS, DE)"
ronnierage-net.mail.protection.outlook.com,1,"AS8075 (MICROSOFT-CORP-MSN-AS-BLOCK - Microsoft Corporation, US)"
mx1.cloudhosting.net,1,"AS12488 (KRYSTAL, GB)"
mail.romanticiolml.ru,1,"AS12586 (ASGHOSTNET, DE)"
mail.romatomail.com,1,"AS12586 (ASGHOSTNET, DE)"
smtp.roethke.info,1,"AS197540 (NETCUP-AS netcup GmbH, DE)"
mail.ronaldofmail.com,1,"AS12586 (ASGHOSTNET, DE)"
roquette-com.mail.protection.outlook.com,1,"AS8075 (MICROSOFT-CORP-MSN-AS-BLOCK - Microsoft Corporation, US)"
mail.gwara.de,1,"AS30962 (COMTRANCE-AS, DE)"
mail.roridulvegai.ru,1,"AS12586 (ASGHOSTNET, DE)"
mail.rotogum.online,1,"AS51167 (CONTABO, DE)"
mail.roseoftralee.com,1,"AS24940 (HETZNER-AS, DE)"
rosary.net,1,"AS22612 (NAMECHEAP-NET - Namecheap, Inc., US)"
mail.rotogum.com,1,"AS51167 (CONTABO, DE)"
w00ffc10.kasserver.com,1,"AS34788 (NMM-AS D - 02742 Friedersdorf Hauptstrasse 68, DE)"
mail.roudar.com,1,"AS14061 (DIGITALOCEAN-ASN - DigitalOcean, LLC, US)"
postj29ouc.rouflav.com,1,"AS14061 (DIGITALOCEAN-ASN - DigitalOcean, LLC, US)"
mail.rotogum.info,1,"AS51167 (CONTABO, DE)"
roupr-com.mail.protection.outlook.com,1,"AS8075 (MICROSOFT-CORP-MSN-AS-BLOCK - Microsoft Corporation, US)"
mail.roweryo.com,1,"AS14061 (DIGITALOCEAN-ASN - DigitalOcean, LLC, US)"
mail.risingsuntouch.com,1,
mx2.roundlayout.com,1,"AS200107 (KL-EXT, CH)"
mx2.royalmarket.club,1,"AS200107 (KL-EXT, CH)"
mail.royalvx.com,1,"AS14061 (DIGITALOCEAN-ASN - DigitalOcean, LLC, US)"
rpocc.ru,1,"AS43865 (INTEK-M-AS, RU)"
mail.royalhost.info,1,"AS22612 (NAMECHEAP-NET - Namecheap, Inc., US)"
ccs.pl,1,"AS12824 (HOMEPL-AS, PL)"
rrezor.io,1,"AS200514 (KNOWNSRV, GB)"
mx.rrediffmail.com,1,"AS26666 (INTERSERVER-LAX - Interserver, Inc, US)"
mail.rs311e8.com,1,"AS47583 (AS-HOSTINGER, CY)"
mail.roundwall.ru,1,"AS21100 (ITLDC-EU, US)"
mail.rssdevsites.com,1,"AS204800 (WHG-SGP, GB)"
mx.rtert.org,1,"AS14061 (DIGITALOCEAN-ASN - DigitalOcean, LLC, US)"
mx1.rrrcat.com,1,"AS200107 (KL-EXT, CH)"
rsibanjarmasin.com,1,"AS215117 (HOSTERDADDY, IN)"
rtd-com.mail.protection.outlook.com,1,"AS8075 (MICROSOFT-CORP-MSN-AS-BLOCK - Microsoft Corporation, US)"
rtjg99.com,1,"AS397423 (TIER-NET - Tier.Net Technologies LLC, US)"
rtvlansingerland-nl.mail.protection.outlook.com,1,"AS8075 (MICROSOFT-CORP-MSN-AS-BLOCK - Microsoft Corporation, US)"
rtezor.io,1,"AS200514 (KNOWNSRV, GB)"
mail.ru.tempo-mail.pro,1,"AS22612 (NAMECHEAP-NET - Namecheap, Inc., US)"
mx.rtoro.com,1,"AS29873 (BIZLAND-SD - Newfold Digital, Inc., US)"
rtrezor.io,1,"AS200514 (KNOWNSRV, GB)"
mx2.pub.mailpod11-cph3.one.com,1,"AS51468 (ONECOM, DK)"
mail.rbran.com,1,"AS263108 (OPANET TELECOMUNICACOES LTDA - ME, BR)"
msn.ruincoat.com,1,"AS14061 (DIGITALOCEAN-ASN - DigitalOcean, LLC, US)"
mail.run2mail.com,1,"AS24940 (HETZNER-AS, DE)"
rtp77.net,1,"AS212238 (CDNEXT, GB)"
mail.runwaylml.com,1,"AS13335 (CLOUDFLARENET - Cloudflare, Inc., US)"
mail.ruben.si,1,"AS31898 (ORACLE-BMC-31898 - Oracle Corporation, US)"
mail.rushranch.blog,1,"AS204601 (PODAON, NL)"
mail.rundablage.com,1,"AS44133 (IPAX-AS, AT)"
mail.runball.us,1,"AS34233 (SUPERIOR-AS, NL)"
mail.rus-massaggio.com,1,"AS29182 (RU-JSCIOT, RU)"
mail.rus-service-melitta.ru,1,"AS29182 (RU-JSCIOT, RU)"
router.ruralreachnow.com,1,"AS14061 (DIGITALOCEAN-ASN - DigitalOcean, LLC, US)"
mail.ruskovka.ru,1,
mail.rusanplus.ru,1,"AS29182 (RU-JSCIOT, RU)"
mail.rumorcircle.com,1,"AS51167 (CONTABO, DE)"
mail.runballrally.us,1,"AS34233 (SUPERIOR-AS, NL)"
mx-domain.rvneous.com,1,"AS14061 (DIGITALOCEAN-ASN - DigitalOcean, LLC, US)"
rvctf.com,1,"AS32475 (SINGLEHOP-LLC - Internap Holding LLC, US)"
mx.rvarb.eu5.net,1,"AS44476 (ZETTA-AS, BG)"
mail.rwstatus.com,1,"AS14061 (DIGITALOCEAN-ASN - DigitalOcean, LLC, US)"
j7hxrte03.rvseice.com,1,"AS14061 (DIGITALOCEAN-ASN - DigitalOcean, LLC, US)"
mail.ruutukf.com,1,"AS24940 (HETZNER-AS, DE)"
mail.rutop.net,1,"AS50448 (SYSTEM-SERVICE-AS, RU)"
mx1.fabulousemail.com,1,"AS399522 (TP - The Producers, Inc., US)"
my.rg1.site,1,"AS14061 (DIGITALOCEAN-ASN - DigitalOcean, LLC, US)"
mail.ipora.org,1,"AS197071 (ACTIVE-SERVERS active-servers.com, DE)"
a826007.mx.mailhop.org,1,"AS16509 (AMAZON-02 - Amazon.com, Inc., US)"
mail.ryzenmail.com,1,"AS24940 (HETZNER-AS, DE)"
mx-post.ryvelide.com,1,"AS14061 (DIGITALOCEAN-ASN - DigitalOcean, LLC, US)"
rygel.infos.st,1,"AS16276 (OVH, FR)"
mail.rzesyodzywka.pl,1,"AS41079 (CF-GDA, PL)"
cacter.s-ap.com,1,"AS23724 (CHINANET-IDC-BJ-AP IDC, China Telecommunications Corporation, CN)"
mail.rzemien1.iswift.eu,1,"AS24940 (HETZNER-AS, DE)"
mx.s-e-arch.com,1,"AS29873 (BIZLAND-SD - Newfold Digital, Inc., US)"
mail.rzesomaniak.pl,1,"AS47544 (IQPL-AS, PL)"
mx.rxtx.cx,1,"AS211494 (NARAYANA, EE)"
mail.s16g0.tobu-wedding.com,1,"AS3462 (HINET Data Communication Business Group, TW)"
mail.s1rx2.tobu-wedding.com,1,"AS3462 (HINET Data Communication Business Group, TW)"
mail.s1rx1.tobu-wedding.com,1,"AS3462 (HINET Data Communication Business Group, TW)"
mail.s16rx2.tobu-wedding.com,1,"AS3462 (HINET Data Communication Business Group, TW)"
mail.s16rx1.tobu-wedding.com,1,"AS3462 (HINET Data Communication Business Group, TW)"
s1p-com.mail.protection.outlook.com,1,"AS8075 (MICROSOFT-CORP-MSN-AS-BLOCK - Microsoft Corporation, US)"
mail.s16rx3.tobu-wedding.com,1,"AS3462 (HINET Data Communication Business Group, TW)"
mail.s16rx4.tobu-wedding.com,1,"AS3462 (HINET Data Communication Business Group, TW)"
mail.s1rx4.tobu-wedding.com,1,"AS3462 (HINET Data Communication Business Group, TW)"
mail.s1rx3.tobu-wedding.com,1,"AS3462 (HINET Data Communication Business Group, TW)"
email-temp.com,1,"AS30886 (KOMITEX-AS, UA)"
mg.drive.ne.jp,1,
sa2p-com.mail.protection.outlook.com,1,"AS8075 (MICROSOFT-CORP-MSN-AS-BLOCK - Microsoft Corporation, US)"
saa.com.1.0001.arsmtp.com,1,"AS53780 (AS-APPRIVER - APPRIVER LLC, US)"
a426624.mx.mailhop.org,1,"AS16509 (AMAZON-02 - Amazon.com, Inc., US)"
sabby-io.mail.protection.outlook.com,1,"AS8075 (MICROSOFT-CORP-MSN-AS-BLOCK - Microsoft Corporation, US)"
mx.saap.com,1,"AS31034 (ARUBA-ASN, IT)"
mail.probiv.xyz,1,"AS9009 (M247, RO)"
mail.processzhq.com,1,"AS47583 (AS-HOSTINGER, CY)"
mail.proctosig.com,1,"AS12586 (ASGHOSTNET, DE)"
saccaud.com,1,"AS47583 (AS-HOSTINGER, CY)"
mail.sabesmail.com,1,"AS12586 (ASGHOSTNET, DE)"
mail.processifmk.com,1,"AS12586 (ASGHOSTNET, DE)"
mail.sacramemail.com,1,"AS12586 (ASGHOSTNET, DE)"
_dc-mx.273a6118c72d.sade.com,1,"AS13335 (CLOUDFLARENET - Cloudflare, Inc., US)"
sadas-com.mail.protection.outlook.com,1,"AS8075 (MICROSOFT-CORP-MSN-AS-BLOCK - Microsoft Corporation, US)"
mail.sacramenmail.ru,1,"AS12586 (ASGHOSTNET, DE)"
mail.safariextendr.com,1,"AS16276 (OVH, FR)"
mail.safeinbox.xyz,1,"AS51167 (CONTABO, DE)"
mail.sadomasocmail.ru,1,"AS12586 (ASGHOSTNET, DE)"
safelite-com.mail.protection.outlook.com,1,"AS8075 (MICROSOFT-CORP-MSN-AS-BLOCK - Microsoft Corporation, US)"
_dc-mx.9f448b278f89.safinancecenter.org,1,"AS22612 (NAMECHEAP-NET - Namecheap, Inc., US)"
mx.arris.pl,1,"AS16276 (OVH, FR)"
mx.eforw.com,1,"AS14061 (DIGITALOCEAN-ASN - DigitalOcean, LLC, US)"
sabalanmusic.ir,1,"AS24940 (HETZNER-AS, DE)"
mx2.safemail.icu,1,"AS200107 (KL-EXT, CH)"
route.safelyment.com,1,"AS14061 (DIGITALOCEAN-ASN - DigitalOcean, LLC, US)"
m.kw8.eu,1,"AS24940 (HETZNER-AS, DE)"
mail.sailawayny.com,1,"AS63410 (PRIVATESYSTEMS - PrivateSystems Networks, US)"
mail.safarjo.com,1,"AS16276 (OVH, FR)"
_dc-mx.787bc5d38a2d.saint-philip.com,1,"AS22612 (NAMECHEAP-NET - Namecheap, Inc., US)"
mail.saierw.com,1,"AS14061 (DIGITALOCEAN-ASN - DigitalOcean, LLC, US)"
msn.sailorment.com,1,"AS14061 (DIGITALOCEAN-ASN - DigitalOcean, LLC, US)"
mail.saga4d.net,1,"AS214036 (ULTAHOST-AS, US)"
spamtitan1.salemmedia.com,1,"AS16509 (AMAZON-02 - Amazon.com, Inc., US)"
mx7.salck.com,1,"AS27257 (WEBAIR-INTERNET - Webair Internet Development Company Inc., US)"
mail.saldosremates.com,1,"AS23273 (HOSTP-LA - HostPapa, US)"
mail.salicylamail.ru,1,"AS12586 (ASGHOSTNET, DE)"
salvoleatherworks-com.mail.protection.outlook.com,1,
mailsync.gw-it.eu,1,"AS8560 (IONOS-AS This is the joint network for IONOS, Fasthosts, Arsys, 1&1 Mail and Media and 1&1 Telecom. Formerly known as 1&1 Internet SE., DE)"
mail.salmail.ru,1,"AS12586 (ASGHOSTNET, DE)"
mail.salpingomail.com,1,"AS12586 (ASGHOSTNET, DE)"
gate.saloteon.com,1,"AS14061 (DIGITALOCEAN-ASN - DigitalOcean, LLC, US)"
mail.salpingomyu.ru,1,"AS12586 (ASGHOSTNET, DE)"
samazon-com.mail.protection.outlook.com,1,
d260901a.ess.barracudanetworks.com,1,"AS16509 (AMAZON-02 - Amazon.com, Inc., US)"
mail.salvageabruby.ru,1,"AS12586 (ASGHOSTNET, DE)"
mail.salvadomail.com,1,"AS12586 (ASGHOSTNET, DE)"
mail.samauil.com,1,"AS14061 (DIGITALOCEAN-ASN - DigitalOcean, LLC, US)"
mail.sam1.eu.org,1,"AS22612 (NAMECHEAP-NET - Namecheap, Inc., US)"
mail.salvatiojmail.ru,1,"AS12586 (ASGHOSTNET, DE)"
mx01.saltel.net,1,"AS19318 (IS-AS-1 - Interserver, Inc, US)"
mail.mosesmail.net,1,"AS202940 (ITCNG ITC Internet Service Provider, IL)"
sampsonteam-com.mail.protection.outlook.com,1,"AS8075 (MICROSOFT-CORP-MSN-AS-BLOCK - Microsoft Corporation, US)"
mta2.uthscsa.edu,1,"AS26971 (-Reserved AS-, ZZ)"
mail.sanaglobe.de,1,"AS197540 (NETCUP-AS netcup GmbH, DE)"
sandboxa.com,1,"AS31898 (ORACLE-BMC-31898 - Oracle Corporation, US)"
sandcars.net,1,"AS47583 (AS-HOSTINGER, CY)"
mailin.samsung.com,1,"AS6619 (SAMSUNGSDS-AS-KR SamsungSDS Inc., KR)"
sangamcentre-org-uk.mail.protection.outlook.com,1,"AS8075 (MICROSOFT-CORP-MSN-AS-BLOCK - Microsoft Corporation, US)"
mail.sandboxaz.com,1,"AS19871 (NETWORK-SOLUTIONS-HOSTING - Network Solutions, LLC, US)"
sandiegoemergencyplumber.com,1,"AS26042 (FIBERSTATE - FiberState, LLC, US)"
sandvpn-com.mail.protection.outlook.com,1,"AS8075 (MICROSOFT-CORP-MSN-AS-BLOCK - Microsoft Corporation, US)"
sanmateo4cs-org.mail.protection.outlook.com,1,"AS8075 (MICROSOFT-CORP-MSN-AS-BLOCK - Microsoft Corporation, US)"
mail.sanguinopumail.ru,1,"AS12586 (ASGHOSTNET, DE)"
mail.sanguinasmail.ru,1,"AS12586 (ASGHOSTNET, DE)"
jupiter.acomsys.de,1,"AS6724 (STRATO STRATO AG, DE)"
mx1.hostinger.com.hk,1,"AS13335 (CLOUDFLARENET - Cloudflare, Inc., US)"
santaland-com.mail.protection.outlook.com,1,"AS8075 (MICROSOFT-CORP-MSN-AS-BLOCK - Microsoft Corporation, US)"
mail.sandsplace.top,1,"AS31863 (DACEN-2 - Centrilogic, Inc., US)"
mail.sanibact-errecom.com,1,"AS52030 (SERVERPLAN-AS, IT)"
sap4-com.mail.protection.outlook.com,1,"AS8075 (MICROSOFT-CORP-MSN-AS-BLOCK - Microsoft Corporation, US)"
mail.sanzv.com,1,"AS14061 (DIGITALOCEAN-ASN - DigitalOcean, LLC, US)"
mail.santalmail.com,1,"AS12586 (ASGHOSTNET, DE)"
sangqiao.net,1,"AS61207 (ILAIT, SE)"
sap8.com,1,"AS31898 (ORACLE-BMC-31898 - Oracle Corporation, US)"
mx.sapya.com,1,"AS28748 (ALPHACRON-AS AlphaCron Datensysteme, DE)"
mail.sanjati.com,1,"AS24940 (HETZNER-AS, DE)"
saq-com.mail.protection.outlook.com,1,"AS8075 (MICROSOFT-CORP-MSN-AS-BLOCK - Microsoft Corporation, US)"
bind.sappisi.com,1,"AS14061 (DIGITALOCEAN-ASN - DigitalOcean, LLC, US)"
mail.sapx.com,1,"AS398101 (GO-DADDY-COM-LLC - GoDaddy.com, LLC, US)"
mail.sanering-stockholm.nu,1,"AS214640 (HOSTUP HOSTUP, SE)"
proemail.work.gd,1,"AS57568 (TR_ARVANCLOUD, AE)"
mta.proeful.com,1,"AS14061 (DIGITALOCEAN-ASN - DigitalOcean, LLC, US)"
mail.professionfml.com,1,"AS12586 (ASGHOSTNET, DE)"
ipmailmx.internode.on.net,1,"AS16509 (AMAZON-02 - Amazon.com, Inc., US)"
sar-com.mail.protection.outlook.com,1,"AS8075 (MICROSOFT-CORP-MSN-AS-BLOCK - Microsoft Corporation, US)"
publicms2.mail2world.com,1,"AS17378 (AS17378 - TierPoint, LLC, US)"
mail.sarcomails.ru,1,"AS12586 (ASGHOSTNET, DE)"
profesjonalne-pozycjonowanie.com,1,"AS12824 (HOMEPL-AS, PL)"
mail.sarcomail.com,1,"AS12586 (ASGHOSTNET, DE)"
log3.outlook.co.im,1,"AS50340 (SELECTEL-MSK, RU)"
mail.sarcospmail.com,1,"AS12586 (ASGHOSTNET, DE)"
sapy-com.mail.protection.outlook.com,1,"AS8075 (MICROSOFT-CORP-MSN-AS-BLOCK - Microsoft Corporation, US)"
_dc-mx.416fb10c6343.profissaomaquiadora.com,1,"AS46606 (UNIFIEDLAYER-AS-1 - Unified Layer, US)"
mail.professionml.ru,1,"AS12586 (ASGHOSTNET, DE)"
mail.sarracenmail.ru,1,"AS12586 (ASGHOSTNET, DE)"
_dc-mx.a8b39f6c19d6.satamqx.com,1,"AS51167 (CONTABO, DE)"
mx.progiftstore.org,1,"AS14061 (DIGITALOCEAN-ASN - DigitalOcean, LLC, US)"
mx0a-001f5801.pphosted.com,1,"AS26211 (PROOFPOINT-ASN-US-WEST - Proofpoint, Inc., US)"
proemail.publicvm.com,1,
mail.satiabmil.ru,1,"AS12586 (ASGHOSTNET, DE)"
mail.prognostimail.ru,1,"AS12586 (ASGHOSTNET, DE)"
a928894.mx.mailhop.org,1,"AS16509 (AMAZON-02 - Amazon.com, Inc., US)"
ff-ip4-mx-vip1.progigy.net,1,"AS26666 (INTERSERVER-LAX - Interserver, Inc, US)"
mail.galapp.net,1,"AS50728 (GALACTICA-AS, PL)"
mail.saturamails.ru,1,"AS12586 (ASGHOSTNET, DE)"
mail.satumalu.ru,1,"AS12586 (ASGHOSTNET, DE)"
progressivem-com.mail.eo.outlook.com,1,"AS8075 (MICROSOFT-CORP-MSN-AS-BLOCK - Microsoft Corporation, US)"
mail.saturamail.com,1,"AS12586 (ASGHOSTNET, DE)"
mail.progressive2.com,1,"AS19871 (NETWORK-SOLUTIONS-HOSTING - Network Solutions, LLC, US)"
mail.progps.rs,1,"AS24940 (HETZNER-AS, DE)"
mx1.saturnrules.com,1,"AS16509 (AMAZON-02 - Amazon.com, Inc., US)"
saveonenergy-org01j.mail.protection.outlook.com,1,"AS8075 (MICROSOFT-CORP-MSN-AS-BLOCK - Microsoft Corporation, US)"
progressivex-com.mail.protection.outlook.com,1,"AS8075 (MICROSOFT-CORP-MSN-AS-BLOCK - Microsoft Corporation, US)"
saveautoinsurance-com.mail.protection.outlook.com,1,"AS8075 (MICROSOFT-CORP-MSN-AS-BLOCK - Microsoft Corporation, US)"
web.sautcuso.com,1,"AS14061 (DIGITALOCEAN-ASN - DigitalOcean, LLC, US)"
mail.savests.com,1,"AS14061 (DIGITALOCEAN-ASN - DigitalOcean, LLC, US)"
mail.progonrumarket.ru,1,"AS210079 (EUROBYTE, RU)"
progressive1.com,1,"AS21782 (PLATEAU - Plateau Telecommunications Incorporated, US)"
zimbra.saurik.com,1,"AS16509 (AMAZON-02 - Amazon.com, Inc., US)"
mail.project1.alikando.su,1,"AS212477 (ROYALE-AS, NL)"
mx10.active24.cz,1,"AS51013 (WEBSUPPORT-SRO-SK-AS, SK)"
mail.prohade.com,1,"AS14061 (DIGITALOCEAN-ASN - DigitalOcean, LLC, US)"
mail.progressivek.com,1,"AS45102 (ALIBABA-CN-NET Alibaba US Technology Co., Ltd., CN)"
saturdaynightspecial.org,1,"AS151704 (BHARATDC-AS BHARAT DATACENTER, IN)"
projectearth.earth,1,"AS63949 (AKAMAI-LINODE-AP Akamai Connected Cloud, SG)"
projectsgrid-com.mail.protection.outlook.com,1,"AS8075 (MICROSOFT-CORP-MSN-AS-BLOCK - Microsoft Corporation, US)"
projekty.com,1,"AS12824 (HOMEPL-AS, PL)"
mail.prokuratura-rb.ru,1,"AS204601 (PODAON, NL)"
mailone.promail.co.in,1,"AS47172 (GREENHOST, NL)"
projectcrankwalk.com,1,"AS29802 (HVC-AS - HIVELOCITY, Inc., US)"
d91814a.ess.barracudanetworks.com,1,"AS16509 (AMAZON-02 - Amazon.com, Inc., US)"
a767673.mx.mailhop.org,1,"AS16509 (AMAZON-02 - Amazon.com, Inc., US)"
progetti.rs,1,"AS31042 (SERBIA-BROADBAND-AS Serbia BroadBand-Srpske Kablovske mreze d.o.o., RS)"
mail.proletarmail.com,1,"AS12586 (ASGHOSTNET, DE)"
sayeghlawfirm-com.mail.protection.outlook.com,1,"AS8075 (MICROSOFT-CORP-MSN-AS-BLOCK - Microsoft Corporation, US)"
_dc-mx.d23188725793.promails.work,1,"AS18450 (WEBNX - WebNX, Inc., US)"
_dc-mx.49b32c9197bb.promailexchange.com,1,"AS18450 (WEBNX - WebNX, Inc., US)"
mail.sayawaka-dea.info,1,"AS14061 (DIGITALOCEAN-ASN - DigitalOcean, LLC, US)"
sayp-com.mail.protection.outlook.com,1,"AS8075 (MICROSOFT-CORP-MSN-AS-BLOCK - Microsoft Corporation, US)"
mail.prohost24.ru,1,"AS29182 (RU-JSCIOT, RU)"
mail.promist-sa.com,1,"AS63949 (AKAMAI-LINODE-AP Akamai Connected Cloud, SG)"
mail1.rox.net,1,"AS8823 (AUTONOMOUSSYSTEMROCKENSTEINAG, DE)"
mail2.sayfa.info,1,"AS12876 (Online SAS, FR)"
sbcmx1.sbcbglobal.net,1,"AS63949 (AKAMAI-LINODE-AP Akamai Connected Cloud, SG)"
mail.promptly700.com,1,"AS47583 (AS-HOSTINGER, CY)"
mail.claimsite.net,1,"AS16509 (AMAZON-02 - Amazon.com, Inc., US)"
promotime-com.mail.protection.outlook.com,1,"AS8075 (MICROSOFT-CORP-MSN-AS-BLOCK - Microsoft Corporation, US)"
ff-ip4-mx-vip1.sbcgolbal.com,1,"AS63949 (AKAMAI-LINODE-AP Akamai Connected Cloud, SG)"
mail.promenadahotel.pl,1,"AS29522 (CF-KRK, PL)"
mail.promotamails.ru,1,"AS12586 (ASGHOSTNET, DE)"
ff-ip4-mx-vip1.sbccglobal.net,1,"AS63949 (AKAMAI-LINODE-AP Akamai Connected Cloud, SG)"
ff-ip4-mx-vip1.sbcgobla.net,1,"AS63949 (AKAMAI-LINODE-AP Akamai Connected Cloud, SG)"
mail.promyvia.cfd,1,"AS203446 (AS203446, GB)"
ff-ip4-mx-vip1.sbeglobal.net,1,"AS63949 (AKAMAI-LINODE-AP Akamai Connected Cloud, SG)"
level3mx.proncapel.com,1,"AS14061 (DIGITALOCEAN-ASN - DigitalOcean, LLC, US)"
mail.promotmail.ru,1,"AS12586 (ASGHOSTNET, DE)"
prontobet-com.mail.protection.outlook.com,1,"AS8075 (MICROSOFT-CORP-MSN-AS-BLOCK - Microsoft Corporation, US)"
mx2.sbcgolbel.net,1,"AS200107 (KL-EXT, CH)"
mail.propagamails.ru,1,"AS12586 (ASGHOSTNET, DE)"
propagandimail.com,1,"AS213702 (QWINS-LTD QWINS AS-SET: ~ # AS213702:AS-CUSTOMERS, GB)"
my.mailbux.com,1,"AS24940 (HETZNER-AS, DE)"
mailsec.protonmail.ch,1,"AS62371 (PROTON, CH)"
mail.propaganmail.com,1,"AS12586 (ASGHOSTNET, DE)"
propeciabuyonlinenm.com,1,"AS131965 (XSERVER Xserver Inc., JP)"
sbscyber-com.b-v1.mx.microsoft,1,"AS8075 (MICROSOFT-CORP-MSN-AS-BLOCK - Microsoft Corporation, US)"
_dc-mx.e756a6d8f56b.282mail.com,1,
mail.prophylacfmail.ru,1,"AS12586 (ASGHOSTNET, DE)"
mail.propiomail.com,1,"AS12586 (ASGHOSTNET, DE)"
mail.sbuttone.com,1,"AS47583 (AS-HOSTINGER, CY)"
proslowo.home.pl,1,"AS12824 (HOMEPL-AS, PL)"
mail.promtmt.ru,1,"AS50340 (SELECTEL-MSK, RU)"
mail.propionmail.com,1,"AS12586 (ASGHOSTNET, DE)"
mail.propionalmail.ru,1,"AS12586 (ASGHOSTNET, DE)"
mail.prosisemail.com,1,"AS12586 (ASGHOSTNET, DE)"
mail.proselytimail.ru,1,"AS12586 (ASGHOSTNET, DE)"
mail.prosperformula.com,1,"AS19969 (JOESDATACENTER - CyberCloud Professionals LLC, US)"
scae-com.mail.protection.outlook.com,1,"AS8075 (MICROSOFT-CORP-MSN-AS-BLOCK - Microsoft Corporation, US)"
mail.prosoponemail.ru,1,"AS12586 (ASGHOSTNET, DE)"
scale2-com.mail.protection.outlook.com,1,"AS8075 (MICROSOFT-CORP-MSN-AS-BLOCK - Microsoft Corporation, US)"
mail.scabiml.ru,1,"AS12586 (ASGHOSTNET, DE)"
scalew-com.mail.protection.outlook.com,1,
scaleb-com.mail.protection.outlook.com,1,"AS8075 (MICROSOFT-CORP-MSN-AS-BLOCK - Microsoft Corporation, US)"
mail.protestore.co,1,"AS47583 (AS-HOSTINGER, CY)"
mail.prostatovesmail.com,1,"AS12586 (ASGHOSTNET, DE)"
proto2mail.com,1,"AS47583 (AS-HOSTINGER, CY)"
mail.axo.ai,1,"AS32097 (WII - WholeSale Internet, Inc., US)"
mail.protectsmail.com,1,"AS212772 (ADGUARD, CY)"
protodigitalservices-co-uk.mail.protection.outlook.com,1,"AS8075 (MICROSOFT-CORP-MSN-AS-BLOCK - Microsoft Corporation, US)"
w01df6ed.kasserver.com,1,"AS34788 (NMM-AS D - 02742 Friedersdorf Hauptstrasse 68, DE)"
scape-com.mail.protection.outlook.com,1,"AS8075 (MICROSOFT-CORP-MSN-AS-BLOCK - Microsoft Corporation, US)"
scalpnet.ru,1,"AS204957 (GREENFLOID-AS, US)"
pmg1.poczta-2.pl,1,"AS8323 (CYFRONET-AS2 Metropolitan Area Network Autonomous System, PL)"
scaleg.com,1,"AS37907 (DIGIROCK DigiRock, Inc., JP)"
mail.prothonotarruby.ru,1,"AS12586 (ASGHOSTNET, DE)"
mail.prostitutki-saransk.xyz,1,"AS49981 (WORLDSTREAM, NL)"
mail.prostitutki-pskov.xyz,1,"AS49981 (WORLDSTREAM, NL)"
scame-com.mail.protection.outlook.com,1,"AS8075 (MICROSOFT-CORP-MSN-AS-BLOCK - Microsoft Corporation, US)"
mail.provermail.ru,1,"AS12586 (ASGHOSTNET, DE)"
mail.prostreaming.com,1,"AS8560 (IONOS-AS This is the joint network for IONOS, Fasthosts, Arsys, 1&1 Mail and Media and 1&1 Telecom. Formerly known as 1&1 Internet SE., DE)"
scale-com01b.mail.protection.outlook.com,1,"AS8075 (MICROSOFT-CORP-MSN-AS-BLOCK - Microsoft Corporation, US)"
mxr.scaredment.com,1,"AS14061 (DIGITALOCEAN-ASN - DigitalOcean, LLC, US)"
a033999.mx.mailhop.org,1,"AS16509 (AMAZON-02 - Amazon.com, Inc., US)"
mx6.protrendcolorshop.com,1,
mail.scatinc.com,1,"AS14061 (DIGITALOCEAN-ASN - DigitalOcean, LLC, US)"
mail.onsite.ru,1,"AS41722 (MIRAN-AS Miran DC, RU)"
sceenic-com.mail.protection.outlook.com,1,"AS8075 (MICROSOFT-CORP-MSN-AS-BLOCK - Microsoft Corporation, US)"
a571684.mx.mailhop.org,1,"AS16509 (AMAZON-02 - Amazon.com, Inc., US)"
mail.prout.be,1,"AS12392 (ASVOO VOO S.A., BE)"
ff-ip4-mx-vip1.sccglobal.net,1,"AS63949 (AKAMAI-LINODE-AP Akamai Connected Cloud, SG)"
mail.provincialimail.ru,1,"AS12586 (ASGHOSTNET, DE)"
mx.proveity.com,1,"AS14061 (DIGITALOCEAN-ASN - DigitalOcean, LLC, US)"
mx2.dreamhost.com,1,"AS26347 (DREAMHOST-AS - New Dream Network, LLC, US)"
mail.proste-przetargi.pl,1,"AS16276 (OVH, FR)"
mail.generator.email,1,"AS30886 (KOMITEX-AS, UA)"
mailstream.domainsure.com,1,"AS16686 (EDNS - easyDNS Technologies, Inc., CA)"
proudexec.com,1,"AS24940 (HETZNER-AS, DE)"
scarletstream.com,1,"AS24940 (HETZNER-AS, DE)"
prpa-org.mail.protection.outlook.com,1,"AS8075 (MICROSOFT-CORP-MSN-AS-BLOCK - Microsoft Corporation, US)"
mail.proxylust.com,1,"AS33387 (NOCIX - Nocix, LLC, US)"
mail.proyectoser.org,1,"AS17378 (AS17378 - TierPoint, LLC, US)"
mail.schgab.com,1,"AS8560 (IONOS-AS This is the joint network for IONOS, Fasthosts, Arsys, 1&1 Mail and Media and 1&1 Telecom. Formerly known as 1&1 Internet SE., DE)"
mail.schillerizfml.ru,1,"AS12586 (ASGHOSTNET, DE)"
mail.schistosomail.ru,1,"AS12586 (ASGHOSTNET, DE)"
mail.prtlinuxemail.com,1,"AS9009 (M247, RO)"
scholarconferences-org.mail.protection.outlook.com,1,"AS8075 (MICROSOFT-CORP-MSN-AS-BLOCK - Microsoft Corporation, US)"
mail.schizophrenifkml.ru,1,"AS12586 (ASGHOSTNET, DE)"
_dc-mx.5bb2e99f1b7e.progonxrumerom.site,1,"AS216071 (VDSINA, AE)"
progem.pl,1,"AS12824 (HOMEPL-AS, PL)"
mx.prudentialh.com.cust.b.hostedemail.com,1,"AS32491 (TUCOWS-3 - Tucows.com Co., CA)"
_dc-mx.7e89817e718e.sathinews.com,1,"AS51167 (CONTABO, DE)"
mail.schlankefigur24.de,1,"AS197706 (KEMINET A datacenter located in TiranaAlbania. Webhosting, Dedicated Servers, VPS, IPv4IPv6 leasing, AL)"
www546.your-server.de,1,"AS24940 (HETZNER-AS, DE)"
project-2501.com,1,"AS11427 (TWC-11427-TEXAS - Charter Communications Inc, US)"
mail.prudintial.com,1,"AS394695 (PUBLIC-DOMAIN-REGISTRY - PDR, US)"
mail.schwab1.com,1,
smx01.a1.net,1,"AS8447 (A1TELEKOM-AT A1 Telekom Austria AG, AT)"
mx.dotster.com,1,"AS29873 (BIZLAND-SD - Newfold Digital, Inc., US)"
schwaab-com.mail.protection.outlook.com,1,"AS8075 (MICROSOFT-CORP-MSN-AS-BLOCK - Microsoft Corporation, US)"
scholarshipsusa.net,1,"AS6700 (BEOTEL-AS www.beotel.net, RS)"
mail.schulzanallem.de,1,"AS197540 (NETCUP-AS netcup GmbH, DE)"
mx1.prydirect.info,1,"AS14618 (AMAZON-AES - Amazon.com, Inc., US)"
mail.ps5-store.ru,1,"AS35278 (SPRINTHOST, RU)"
mx7.schwasb.com,1,"AS27257 (WEBAIR-INTERNET - Webair Internet Development Company Inc., US)"
schwob-com.mail.protection.outlook.com,1,"AS8075 (MICROSOFT-CORP-MSN-AS-BLOCK - Microsoft Corporation, US)"
mail.pseudonamail.ru,1,"AS12586 (ASGHOSTNET, DE)"
schwaib.com,1,"AS34549 (MEER-AS meerfarbig GmbH & Co. KG, DE)"
mail.pseudointel.com,1,"AS12586 (ASGHOSTNET, DE)"
mail.pseudoparemail.ru,1,"AS12586 (ASGHOSTNET, DE)"
mail.pseudaposmail.ru,1,"AS12586 (ASGHOSTNET, DE)"
mail.pseudohallucimail.ru,1,"AS12586 (ASGHOSTNET, DE)"
mx2.cogentco.com,1,"AS174 (COGENT-174 - Cogent Communications, LLC, US)"
mail.sciencejrq.com,1,"AS47583 (AS-HOSTINGER, CY)"
mail.scienmail.ru,1,"AS12586 (ASGHOSTNET, DE)"
pseudocmail.com,1,"AS211056 (KHALIJSERVER, IR)"
psoriasis-org.mail.protection.outlook.com,1,"AS8075 (MICROSOFT-CORP-MSN-AS-BLOCK - Microsoft Corporation, US)"
mail.sclerodmail.com,1,"AS12586 (ASGHOSTNET, DE)"
mail.sclerokeramail.ru,1,"AS12586 (ASGHOSTNET, DE)"
mail.scmail.net,1,"AS213230 (HETZNER-CLOUD2-AS, DE)"
mail.cloudformers.pl,1,"AS12831 (TASK-AS, PL)"
mail.scopelimit.com,1,"AS40021 (CONTABO-40021 - Contabo Inc., US)"
mail.abcsolar.com,1,"AS14061 (DIGITALOCEAN-ASN - DigitalOcean, LLC, US)"
psychicsource-com.mail.protection.outlook.com,1,"AS8075 (MICROSOFT-CORP-MSN-AS-BLOCK - Microsoft Corporation, US)"
scorebuddyqa-com.mail.protection.outlook.com,1,"AS8075 (MICROSOFT-CORP-MSN-AS-BLOCK - Microsoft Corporation, US)"
mail.psyans.ru,1,"AS49505 (SELECTEL, RU)"
_dc-mx.05ca1520e41b.scott-lee-heating.com,1,"AS60781 (LEASEWEB-NL-AMS-01 Netherlands, NL)"
mail.sburningk.com,1,"AS47583 (AS-HOSTINGER, CY)"
mail.propitimails.ru,1,"AS12586 (ASGHOSTNET, DE)"
mail.psychmalu.ru,1,"AS12586 (ASGHOSTNET, DE)"
mail.psychoamails.ru,1,"AS12586 (ASGHOSTNET, DE)"
mail.psychoanamail.ru,1,"AS12586 (ASGHOSTNET, DE)"
mail.psychogmails.ru,1,"AS12586 (ASGHOSTNET, DE)"
mail.psychoprophsalo.ru,1,"AS12586 (ASGHOSTNET, DE)"
mail.psychiatragabinet.pl,1,"AS15967 (NETARTGROUP, PL)"
mail.psychotheomail.ru,1,"AS12586 (ASGHOSTNET, DE)"
mail.psychobimale.com,1,"AS12586 (ASGHOSTNET, DE)"
mail.psychopanmails.ru,1,"AS12586 (ASGHOSTNET, DE)"
mail.psychophysiomail.com,1,"AS12586 (ASGHOSTNET, DE)"
scottses-com.mail.protection.outlook.com,1,"AS8075 (MICROSOFT-CORP-MSN-AS-BLOCK - Microsoft Corporation, US)"
mail.psychopathomail.ru,1,"AS12586 (ASGHOSTNET, DE)"
mail.prosobrancmail.com,1,"AS12586 (ASGHOSTNET, DE)"
scaled.mail.protection.office365.us,1,"AS8075 (MICROSOFT-CORP-MSN-AS-BLOCK - Microsoft Corporation, US)"
protecemail.com,1,"AS213702 (QWINS-LTD QWINS AS-SET: ~ # AS213702:AS-CUSTOMERS, GB)"
pteddyxo.com,1,"AS47583 (AS-HOSTINGER, CY)"
protectmyfamily-com01ie.mail.protection.outlook.com,1,"AS8075 (MICROSOFT-CORP-MSN-AS-BLOCK - Microsoft Corporation, US)"
mail.protectsmail.net,1,"AS212772 (ADGUARD, CY)"
mail.ptilonorhemail.ru,1,"AS12586 (ASGHOSTNET, DE)"
mail.scrophulariamfri.com,1,"AS12586 (ASGHOSTNET, DE)"
smtp.ptncereio.com,1,"AS14061 (DIGITALOCEAN-ASN - DigitalOcean, LLC, US)"
ptsconnect-com0i.mail.protection.outlook.com,1,"AS8075 (MICROSOFT-CORP-MSN-AS-BLOCK - Microsoft Corporation, US)"
mail.pt.extra-breast.info,1,"AS41079 (CF-GDA, PL)"
mail.scrutinizfml.com,1,"AS12586 (ASGHOSTNET, DE)"
mx.scule.com,1,"AS29873 (BIZLAND-SD - Newfold Digital, Inc., US)"
pubb-site.mail.protection.outlook.com,1,"AS8075 (MICROSOFT-CORP-MSN-AS-BLOCK - Microsoft Corporation, US)"
mail.pubgmcentral.xyz,1,"AS45102 (ALIBABA-CN-NET Alibaba US Technology Co., Ltd., CN)"
mail.pub-mail.com,1,"AS212317 (HETZNER-CLOUD3-AS, DE)"
mx.sdf.org,1,"AS14361 (HOPONE-GLOBAL - HopOne Internet Corporation, US)"
ff-ip4-mx-vip1.sdbcglobal.net,1,"AS63949 (AKAMAI-LINODE-AP Akamai Connected Cloud, SG)"
prudentialb-com.mail.protection.outlook.com,1,"AS8075 (MICROSOFT-CORP-MSN-AS-BLOCK - Microsoft Corporation, US)"
publy.site,1,"AS40676 (AS40676 - Psychz Networks, US)"
mail.moratelindo.net,1,"AS131111 (CEPATNET-AS-ID PT Mora Telematika Indonesia, ID)"
mail.sdf44.com,1,"AS132203 (TENCENT-NET-AP-CN Tencent Building, Kejizhongyi Avenue, CN)"
sdfbd.com,1,"AS59210 (PHOENIXNAP-AS-SG1 PhoenixNAP, SG)"
mail.sdfsdf.nl,1,"AS24940 (HETZNER-AS, DE)"
schoolsupplynetwork-co-uk.mail.protection.outlook.com,1,"AS8075 (MICROSOFT-CORP-MSN-AS-BLOCK - Microsoft Corporation, US)"
mail.puedemail.com,1,"AS12586 (ASGHOSTNET, DE)"
mail.puercomail.com,1,"AS12586 (ASGHOSTNET, DE)"
mail.pulawski.biz,1,"AS22611 (INMOTION - InMotion Hosting, Inc., US)"
sdj.fr.nf,1,"AS16276 (OVH, FR)"
mail.sdlat.com,1,"AS14061 (DIGITALOCEAN-ASN - DigitalOcean, LLC, US)"
mail.pukoni.com,1,"AS24940 (HETZNER-AS, DE)"
mail.pulsedlife.com,1,"AS8001 (COLOGIX - Cologix, Inc, US)"
mx.pulseofthestreets.com.cust.b.hostedemail.com,1,"AS32491 (TUCOWS-3 - Tucows.com Co., CA)"
seajaymfg.com,1,"AS16276 (OVH, FR)"
mail1.puppetmail.de,1,"AS24940 (HETZNER-AS, DE)"
mail.purchasamail.ru,1,"AS12586 (ASGHOSTNET, DE)"
mail.purchasmail.ru,1,"AS12586 (ASGHOSTNET, DE)"
mail.se-center.ru,1,"AS8342 (RTCOMM-AS, RU)"
mail.seattledec.com,1,"AS47583 (AS-HOSTINGER, CY)"
mailcow-iqbn0-u38293.vm.elestio.app,1,"AS24940 (HETZNER-AS, DE)"
purecoffeebeanmax.com,1,"AS14555 (LIQUIDNETLTD1 - LiquidNet US LLC, US)"
seasideorient.com,1,"AS46505 (NIXIHOST - NixiHost.com Incorporated, US)"
dkim.seatence.com,1,"AS14061 (DIGITALOCEAN-ASN - DigitalOcean, LLC, US)"
puritygas-com.mail.protection.outlook.com,1,"AS8075 (MICROSOFT-CORP-MSN-AS-BLOCK - Microsoft Corporation, US)"
s4411.lon1.stableserver.net,1,"AS51713 (WHG-LON, GB)"
mail.sebekmail.com,1,"AS12586 (ASGHOSTNET, DE)"
hegvka0direct10.purmuttad.com,1,"AS14061 (DIGITALOCEAN-ASN - DigitalOcean, LLC, US)"
_dc-mx.0c27da88e882.scratchcuisine.com,1,"AS46606 (UNIFIEDLAYER-AS-1 - Unified Layer, US)"
sbobet99id.com,1,"AS149020 (WEBHORIZON-AS-AP WebHorizon Internet Services, SG)"
mail.pusillanimomail.com,1,"AS12586 (ASGHOSTNET, DE)"
mail.pusillanmails.ru,1,"AS12586 (ASGHOSTNET, DE)"
securatrack-io.mail.protection.outlook.com,1,"AS8075 (MICROSOFT-CORP-MSN-AS-BLOCK - Microsoft Corporation, US)"
a998568.mx.mailhop.org,1,"AS16509 (AMAZON-02 - Amazon.com, Inc., US)"
mx2.secretfashionstore.com,1,"AS200107 (KL-EXT, CH)"
mail.sectionalifl.com,1,"AS12586 (ASGHOSTNET, DE)"
mail.secundogmail.ru,1,"AS12586 (ASGHOSTNET, DE)"
secrid-com.mail.protection.outlook.com,1,"AS8075 (MICROSOFT-CORP-MSN-AS-BLOCK - Microsoft Corporation, US)"
mail.secularmail.com,1,"AS12586 (ASGHOSTNET, DE)"
mx2.forwardmx.net,1,"AS212317 (HETZNER-CLOUD3-AS, DE)"
securecheckcashing-com.mail.protection.outlook.com,1,"AS8075 (MICROSOFT-CORP-MSN-AS-BLOCK - Microsoft Corporation, US)"
securemx01.mailplug.com,1,"AS4766 (KIXS-AS-KR Korea Telecom, KR)"
mail.sdack.net,1,"AS14061 (DIGITALOCEAN-ASN - DigitalOcean, LLC, US)"
mx2.pvtnetflix.com,1,"AS200107 (KL-EXT, CH)"
securitytechnologygroup-com.mail.protection.outlook.com,1,"AS8075 (MICROSOFT-CORP-MSN-AS-BLOCK - Microsoft Corporation, US)"
mxa-0016f501.gslb.pphosted.com,1,"AS26211 (PROOFPOINT-ASN-US-WEST - Proofpoint, Inc., US)"
pwpwa.com,1,"AS7506 (INTERQ GMO Internet Group, Inc., JP)"
securiotec-com.mail.protection.outlook.com,1,"AS8075 (MICROSOFT-CORP-MSN-AS-BLOCK - Microsoft Corporation, US)"
mail.sedona-vortex-tours.com,1,"AS46606 (UNIFIEDLAYER-AS-1 - Unified Layer, US)"
mail.sedimentolofmail.ru,1,"AS12586 (ASGHOSTNET, DE)"
mail.securespend.app,1,"AS57724 (DDOS-GUARD, RU)"
seedfields-art.mail.protection.outlook.com,1,"AS8075 (MICROSOFT-CORP-MSN-AS-BLOCK - Microsoft Corporation, US)"
mail.securespends.net,1,"AS57724 (DDOS-GUARD, RU)"
seedscommerce.com,1,"AS58955 (BANGMODENTERPRISE-TH Bangmod Enterprise Co., Ltd., TH)"
mail.pulwarm.net,1,"AS47583 (AS-HOSTINGER, CY)"
mail.seemsence.com,1,"AS47583 (AS-HOSTINGER, CY)"
seedingbot.com,1,"AS63760 (AZDIGI-AS-VN AZDIGI Corporation, VN)"
mail01.seemail.info,1,"AS36351 (SOFTLAYER - IBM Cloud, US)"
mail.segregafmk.com,1,"AS12586 (ASGHOSTNET, DE)"
mail.pylorogasmail.com,1,"AS40021 (CONTABO-40021 - Contabo Inc., US)"
mail.pylephlefkml.ru,1,"AS12586 (ASGHOSTNET, DE)"
seenotice.tech,1,"AS7684 (SAKURA-A SAKURA Internet Inc., JP)"
mail.pylorostmale.com,1,"AS12586 (ASGHOSTNET, DE)"
mail.sehier.fr,1,"AS16276 (OVH, FR)"
seksik.site,1,"AS12824 (HOMEPL-AS, PL)"
pyonex.com,1,"AS51191 (XIRRA, DE)"
mail.pyrheliarsmail.ru,1,"AS12586 (ASGHOSTNET, DE)"
mail.pyramfmals.com,1,"AS12586 (ASGHOSTNET, DE)"
mx.pyroleech.com,1,"AS14061 (DIGITALOCEAN-ASN - DigitalOcean, LLC, US)"
mail.pyrogemail.ru,1,"AS12586 (ASGHOSTNET, DE)"
mail.pyiquantum.com,1,"AS132420 (E2E-NETWORKS-IN 282, Sector 19, IN)"
seksiaki.pl,1,"AS15967 (NETARTGROUP, PL)"
mail.pyrosenex.cfd,1,"AS203446 (AS203446, GB)"
metamail.skroutz.gr,1,"AS202042 (SKROUTZ-, GR)"
mail.pyroanml.ru,1,"AS12586 (ASGHOSTNET, DE)"
mail.pythagomail.ru,1,"AS12586 (ASGHOSTNET, DE)"
poczta.pystyportfel.pl,1,"AS31242 (TKPSA-AS, PL)"
_dc-mx.6f4f8bf9fb3f.secmail.in,1,"AS46606 (UNIFIEDLAYER-AS-1 - Unified Layer, US)"
mail.selagimail.ru,1,"AS12586 (ASGHOSTNET, DE)"
mx6.selectyourinfo.com,1,
selectraindustries-com.mail.protection.outlook.com,1,"AS8075 (MICROSOFT-CORP-MSN-AS-BLOCK - Microsoft Corporation, US)"
mail.secadoramail.com,1,"AS12586 (ASGHOSTNET, DE)"
mail.selenomail.ru,1,"AS12586 (ASGHOSTNET, DE)"
mail.selenotrmail.ru,1,"AS12586 (ASGHOSTNET, DE)"
mail.put2.net,1,"AS24940 (HETZNER-AS, DE)"
mail.seculari.ru,1,"AS12586 (ASGHOSTNET, DE)"
securden-com.mail.protection.outlook.com,1,"AS8075 (MICROSOFT-CORP-MSN-AS-BLOCK - Microsoft Corporation, US)"
sellers-me-uk.mail.protection.outlook.com,1,"AS8075 (MICROSOFT-CORP-MSN-AS-BLOCK - Microsoft Corporation, US)"
mail.selltub.me,1,"AS203446 (AS203446, GB)"
mail.semar.edu.pl,1,"AS16276 (OVH, FR)"
mail.selenezero.com,1,"AS14956 (ROUTERHOSTING - RouterHosting LLC, US)"
mail.semfmail.ru,1,"AS12586 (ASGHOSTNET, DE)"
mail.semiaemail.ru,1,"AS12586 (ASGHOSTNET, DE)"
mail.semeiinf.com,1,"AS12586 (ASGHOSTNET, DE)"
mail.semihisemail.ru,1,"AS12586 (ASGHOSTNET, DE)"
mail.semimememail.ru,1,"AS12586 (ASGHOSTNET, DE)"
mail.semidiapt.ru,1,"AS12586 (ASGHOSTNET, DE)"
mail.semiopfml.ru,1,"AS12586 (ASGHOSTNET, DE)"
mail.semioffi.ru,1,"AS12586 (ASGHOSTNET, DE)"
mail.semidiatessaron.com,1,"AS12586 (ASGHOSTNET, DE)"
mail.semipamails.ru,1,"AS12586 (ASGHOSTNET, DE)"
mail.semiprofessmail.ru,1,"AS12586 (ASGHOSTNET, DE)"
mail.semiautml.ru,1,"AS12586 (ASGHOSTNET, DE)"
mail.semiautomli.com,1,"AS12586 (ASGHOSTNET, DE)"
mail.semiprofesfl.com,1,"AS12586 (ASGHOSTNET, DE)"
mail.semiterrmails.ru,1,"AS12586 (ASGHOSTNET, DE)"
mail.semiprofessmails.ru,1,"AS12586 (ASGHOSTNET, DE)"
mail.q8cbwendy.com,1,"AS47583 (AS-HOSTINGER, CY)"
mail.semivertrsmail.ru,1,"AS12586 (ASGHOSTNET, DE)"
mail.senatmail.ru,1,"AS12586 (ASGHOSTNET, DE)"
sendos.fr.nf,1,"AS16276 (OVH, FR)"
mx2.pwodskdf.net,1,"AS200107 (KL-EXT, CH)"
send-email.org,1,"AS14061 (DIGITALOCEAN-ASN - DigitalOcean, LLC, US)"
check.vivametric.com,1,"AS16276 (OVH, FR)"
mail.qacmemphis.com,1,"AS47583 (AS-HOSTINGER, CY)"
sengo-com.mail.protection.outlook.com,1,"AS8075 (MICROSOFT-CORP-MSN-AS-BLOCK - Microsoft Corporation, US)"
mail1.freekmail.eu,1,
mail.senoramail.com,1,"AS12586 (ASGHOSTNET, DE)"
mxrouter.qaoloty.com,1,"AS14061 (DIGITALOCEAN-ASN - DigitalOcean, LLC, US)"
mail.qarea.com,1,"AS49981 (WORLDSTREAM, NL)"
sendos.infos.st,1,"AS16276 (OVH, FR)"
mail.seo.linksolltd.com,1,
localhost.qaypal.com,1,"AS13335 (CLOUDFLARENET - Cloudflare, Inc., US)"
mx.seolondon.co.uk.cust.a.hostedemail.com,1,
qbesar.net,1,"AS394380 (LEASEWEB-USA-DAL - Leaseweb USA, Inc., US)"
mx10.jdm.pl,1,"AS16276 (OVH, FR)"
mail.qblockingd.com,1,"AS47583 (AS-HOSTINGER, CY)"
w00f9157.kasserver.com,1,"AS34788 (NMM-AS D - 02742 Friedersdorf Hauptstrasse 68, DE)"
mail.seoneo.online,1,"AS24940 (HETZNER-AS, DE)"
seo4pymes.com,1,"AS23352 (SERVERCENTRAL - DEFT.COM, US)"
mail.seoforum.com,1,"AS58305 (SYN-US SYN, GB)"
mail.qc.to,1,"AS36351 (SOFTLAYER - IBM Cloud, US)"
mail.seoplans.net.au,1,"AS19871 (NETWORK-SOLUTIONS-HOSTING - Network Solutions, LLC, US)"
seoarticlepowa.com,1,"AS200719 (MISSDOMAIN, SE)"
mail.qcmails.ca,1,"AS51167 (CONTABO, DE)"
senzimi-skincare.com,1,"AS26496 (AS-26496-GO-DADDY-COM-LLC - GoDaddy.com, LLC, US)"
seo-specialists.lv,1,"AS199558 (MEDPA-AS, LV)"
mailin.mx-hub.sk,1,"AS8648 (ONE-NETWORK, DE)"
mail.seoserwer.com,1,"AS50599 (Autonomous System for Dataspace P.S.A., PL)"
mail.separmail.com,1,"AS12586 (ASGHOSTNET, DE)"
sera-com.mail.protection.outlook.com,1,"AS8075 (MICROSOFT-CORP-MSN-AS-BLOCK - Microsoft Corporation, US)"
mail.septentrinf.com,1,"AS12586 (ASGHOSTNET, DE)"
qcico.com,1,"AS51026 (MOBINHOSTINFRASTRUCTURE, IR)"
mail.serenith.cfd,1,"AS203446 (AS203446, GB)"
qdproceedsp.com,1,"AS47583 (AS-HOSTINGER, CY)"
mail.serbia.edu.rs,1,"AS42846 (GUZELHOSTING GNET INTERNET TELEKOMUNIKASYON A.S., TR)"
mx.serea.shop.cust.b.hostedemail.com,1,"AS32491 (TUCOWS-3 - Tucows.com Co., CA)"
mail.qedwardr.com,1,"AS47583 (AS-HOSTINGER, CY)"
seooffpageservices.xyz,1,"AS24940 (HETZNER-AS, DE)"
mail.qeispacesq.com,1,"AS47583 (AS-HOSTINGER, CY)"
mail.sequipment.ru,1,"AS210079 (EUROBYTE, RU)"
mail.seodonor.ru,1,"AS21100 (ITLDC-EU, US)"
mx.sergw.com,1,"AS14061 (DIGITALOCEAN-ASN - DigitalOcean, LLC, US)"
mx2.global.datahoster.net,1,
mx.sergiowatches.com.cust.b.hostedemail.com,1,"AS32491 (TUCOWS-3 - Tucows.com Co., CA)"
mail.seorj.cn,1,"AS25820 (IT7NET - IT7 Networks Inc, CA)"
mail.serimails.ru,1,"AS12586 (ASGHOSTNET, DE)"
mail.seriesmail.com,1,"AS12586 (ASGHOSTNET, DE)"
mail.seriouslydan.com,1,"AS31898 (ORACLE-BMC-31898 - Oracle Corporation, US)"
mx.serendipitypk.com,1,"AS29873 (BIZLAND-SD - Newfold Digital, Inc., US)"
mail.seroentmail.ru,1,"AS12586 (ASGHOSTNET, DE)"
mail.seroent.ru,1,"AS12586 (ASGHOSTNET, DE)"
mail.serramontenissan.com,1,"AS46606 (UNIFIEDLAYER-AS-1 - Unified Layer, US)"
mail1003.conoha.ne.jp,1,"AS58791 (GMOOSK-NET GMO Internet Group, Inc., JP)"
mail.serodiemail.ru,1,"AS12586 (ASGHOSTNET, DE)"
mail.qfhometown.com,1,"AS47583 (AS-HOSTINGER, CY)"
mail.seroent.com,1,"AS12586 (ASGHOSTNET, DE)"
mail.seri168.net,1,"AS138915 (KAOPU-HK Kaopu Cloud HK Limited, HK)"
racksov9.qeurtor.com,1,"AS14061 (DIGITALOCEAN-ASN - DigitalOcean, LLC, US)"
mx1.series-online.info,1,"AS200107 (KL-EXT, CH)"
mail.qfrwilliam.com,1,"AS47583 (AS-HOSTINGER, CY)"
w017bceb.kasserver.com,1,"AS34788 (NMM-AS D - 02742 Friedersdorf Hauptstrasse 68, DE)"
mx01.service-now.com,1,"AS16839 (SNC - SERVICENOW, INC., US)"
service4now-com.mail.protection.outlook.com,1,
serviceenow-com.mail.protection.outlook.com,1,
mail.qhstreetr.com,1,"AS47583 (AS-HOSTINGER, CY)"
servermail.cfd,1,"AS16276 (OVH, FR)"
server-bussiness.com,1,"AS24961 (MYLOC-AS IP Backbone of WIIT AG formerly myLoc managed IT AG, DE)"
mail.service.beachhotelzoutelande.click,1,"AS51167 (CONTABO, DE)"
serviceno-com.mail.protection.outlook.com,1,"AS8075 (MICROSOFT-CORP-MSN-AS-BLOCK - Microsoft Corporation, US)"
mail.serverqs.com,1,"AS64286 (LOGICWEB - LogicWeb Inc., US)"
mail.servicenaw.com,1,"AS394695 (PUBLIC-DOMAIN-REGISTRY - PDR, US)"
mail.servr.org,1,"AS24940 (HETZNER-AS, DE)"
mail.qis.net,1,"AS7055 (QIS - Quantum Internet Services, Inc., US)"
mail.sesquipemail.ru,1,"AS12586 (ASGHOSTNET, DE)"
setna-com.mail.protection.outlook.com,1,"AS8075 (MICROSOFT-CORP-MSN-AS-BLOCK - Microsoft Corporation, US)"
mail.lh.pl,1,"AS203417 (LH, PL)"
mail.sesquipemails.ru,1,"AS12586 (ASGHOSTNET, DE)"
servismerkezi.info,1,"AS42846 (GUZELHOSTING GNET INTERNET TELEKOMUNIKASYON A.S., TR)"
mail.seven6s.com,1,"AS47583 (AS-HOSTINGER, CY)"
mx4.zenbox.pl,1,"AS31229 (PL-BEYOND-AS, PL)"
mail.qkjruledr.com,1,"AS47583 (AS-HOSTINGER, CY)"
mail.seumnmail.com,1,"AS132203 (TENCENT-NET-AP-CN Tencent Building, Kejizhongyi Avenue, CN)"
mail.seven7mail.com,1,"AS12586 (ASGHOSTNET, DE)"
mail.seslikalbimsin.com,1,"AS210574 (POYRAZ, TR)"
mail.qlillness.com,1,"AS47583 (AS-HOSTINGER, CY)"
mail.sexakt.org,1,"AS8075 (MICROSOFT-CORP-MSN-AS-BLOCK - Microsoft Corporation, US)"
mail.qkrxoals.kro.kr,1,
mx.sex.si,1,"AS51167 (CONTABO, DE)"
mail.sexamail.ru,1,"AS12586 (ASGHOSTNET, DE)"
mail.qmails.website,1,"AS204601 (PODAON, NL)"
mail.sexymusclegirls.net,1,"AS14061 (DIGITALOCEAN-ASN - DigitalOcean, LLC, US)"
mail.sexualml.ru,1,"AS12586 (ASGHOSTNET, DE)"
mail.qmai1.com,1,"AS19871 (NETWORK-SOLUTIONS-HOSTING - Network Solutions, LLC, US)"
mail.qmailv.com,1,"AS14061 (DIGITALOCEAN-ASN - DigitalOcean, LLC, US)"
mailsg.eurodyn.com,1,"AS15430 (European Dynamics SA, GR)"
mail.sfdi.site,1,"AS55293 (A2HOSTING - A2 Hosting, Inc., US)"
mail.sfgpros.com,1,"AS27446 (AS-ERCBB - ERC Broadband, US)"
sferrabros-com.mail.protection.outlook.com,1,"AS8075 (MICROSOFT-CORP-MSN-AS-BLOCK - Microsoft Corporation, US)"
mail.qnorfolkx.com,1,"AS47583 (AS-HOSTINGER, CY)"
qmoil.com,1,"AS24940 (HETZNER-AS, DE)"
mx1.sfdgdmail.com,1,"AS200107 (KL-EXT, CH)"
mail.sfirstmail.com,1,"AS12586 (ASGHOSTNET, DE)"
sfutilities-com.mail.protection.outlook.com,1,"AS8075 (MICROSOFT-CORP-MSN-AS-BLOCK - Microsoft Corporation, US)"
sft-fr.mail.protection.outlook.com,1,"AS8075 (MICROSOFT-CORP-MSN-AS-BLOCK - Microsoft Corporation, US)"
sfy-com.mail.protection.outlook.com,1,"AS8075 (MICROSOFT-CORP-MSN-AS-BLOCK - Microsoft Corporation, US)"
server3.sgate.net,1,"AS16276 (OVH, FR)"
_dc-mx.00690da88d2b.sgm.ovh,1,"AS24940 (HETZNER-AS, DE)"
w020e0dc.kasserver.com,1,"AS34788 (NMM-AS D - 02742 Friedersdorf Hauptstrasse 68, DE)"
qooqle.cc,1,"AS25820 (IT7NET - IT7 Networks Inc, CA)"
mx.syd120.com,1,"AS8075 (MICROSOFT-CORP-MSN-AS-BLOCK - Microsoft Corporation, US)"
mx7.servienow.com,1,"AS27257 (WEBAIR-INTERNET - Webair Internet Development Company Inc., US)"
mail.shadowcraft.online,1,"AS16276 (OVH, FR)"
mail.shadowpost.store,1,"AS51167 (CONTABO, DE)"
mail.sgale.com,1,"AS34931 (AWARESOFT, GB)"
_dc-mx.715f3b3cab54.shakarianlawgroup.com,1,"AS51167 (CONTABO, DE)"
mx.qqaa.com,1,"AS14618 (AMAZON-AES - Amazon.com, Inc., US)"
qqaonwin.org,1,"AS22612 (NAMECHEAP-NET - Namecheap, Inc., US)"
mail.shakespmails.ru,1,"AS12586 (ASGHOSTNET, DE)"
w00ba216.kasserver.com,1,"AS34788 (NMM-AS D - 02742 Friedersdorf Hauptstrasse 68, DE)"
email.qs2k.com,1,"AS63949 (AKAMAI-LINODE-AP Akamai Connected Cloud, SG)"
qscale-com.mail.protection.outlook.com,1,"AS8075 (MICROSOFT-CORP-MSN-AS-BLOCK - Microsoft Corporation, US)"
qseminarb.com,1,"AS47583 (AS-HOSTINGER, CY)"
mail.shapsugskaya.ru,1,"AS29182 (RU-JSCIOT, RU)"
mail.shares.tel,1,"AS29182 (RU-JSCIOT, RU)"
shats.com,1,"AS19122 (ESTRUXTURE-ON-19122 - eStruxture Data Centers Inc., CA)"
mx1.schwab.com,1,
sharonapple.com,1,"AS131965 (XSERVER Xserver Inc., JP)"
mail.shayzam.net,1,"AS47583 (AS-HOSTINGER, CY)"
shw-central.mx.a.cloudfilter.net,1,"AS16509 (AMAZON-02 - Amazon.com, Inc., US)"
network.sufitchi.com,1,"AS13886 (CLOUD-SOUTH - Cloud South, US)"
shchiba.uk,1,"AS7506 (INTERQ GMO Internet Group, Inc., JP)"
quack-co-uk.mail.protection.outlook.com,1,
mail.sheelmail.com,1,"AS12586 (ASGHOSTNET, DE)"
mail.sharpland.ru,1,"AS21100 (ITLDC-EU, US)"
mail.sheinup.com,1,"AS14061 (DIGITALOCEAN-ASN - DigitalOcean, LLC, US)"
shemadeitcompany-com.mail.protection.outlook.com,1,"AS8075 (MICROSOFT-CORP-MSN-AS-BLOCK - Microsoft Corporation, US)"
mail.quadragemail.ru,1,"AS12586 (ASGHOSTNET, DE)"
mail.quadrivalfml.ru,1,"AS12586 (ASGHOSTNET, DE)"
mail.quadrumail.ru,1,"AS12586 (ASGHOSTNET, DE)"
quaich-com.mail.protection.outlook.com,1,"AS8075 (MICROSOFT-CORP-MSN-AS-BLOCK - Microsoft Corporation, US)"
mail.qualifimails.ru,1,"AS12586 (ASGHOSTNET, DE)"
mail.qualifmail.ru,1,"AS12586 (ASGHOSTNET, DE)"
shepherds-house.com,1,"AS209341 (WHG-FRA, GB)"
mxa-001ca501.gslb.pphosted.com,1,"AS26211 (PROOFPOINT-ASN-US-WEST - Proofpoint, Inc., US)"
www376.your-server.de,1,"AS24940 (HETZNER-AS, DE)"
mx6.quanthax.com,1,
mail.shieldedpost.net,1,"AS212772 (ADGUARD, CY)"
mail.quantinium.com,1,"AS36103 (CENTRALUTAH - Central Utah Telephone, Inc., US)"
quantumtoolset-com.mail.protection.outlook.com,1,"AS8075 (MICROSOFT-CORP-MSN-AS-BLOCK - Microsoft Corporation, US)"
mail.quarvex.cfd,1,"AS203446 (AS203446, GB)"
mail1.glue.ch,1,
quasdmail.com,1,"AS213702 (QWINS-LTD QWINS AS-SET: ~ # AS213702:AS-CUSTOMERS, GB)"
mail.quartmail.com,1,"AS12586 (ASGHOSTNET, DE)"
mail.qudera.com,1,"AS19871 (NETWORK-SOLUTIONS-HOSTING - Network Solutions, LLC, US)"
mail.quedra.com,1,"AS12296 (ADANET-, TR)"
mail.shiningstarmail.com,1,"AS12586 (ASGHOSTNET, DE)"
mail.quentavo.cfd,1,"AS203446 (AS203446, GB)"
mail.quecruncher.com,1,"AS41528 (LOOPIA3, SE)"
query.com,1,"AS19318 (IS-AS-1 - Interserver, Inc, US)"
smtp.shitmail.me,1,"AS20473 (AS-VULTR - The Constant Company, LLC, US)"
queru.com,1,"AS6939 (HURRICANE - Hurricane Electric LLC, US)"
queri-com.mail.protection.outlook.com,1,"AS8075 (MICROSOFT-CORP-MSN-AS-BLOCK - Microsoft Corporation, US)"
mail.questionmail.ru,1,"AS12586 (ASGHOSTNET, DE)"
mx1.quequeremos.com,1,"AS200107 (KL-EXT, CH)"
e.shockong.com,1,"AS14061 (DIGITALOCEAN-ASN - DigitalOcean, LLC, US)"
mail.querah.com,1,"AS210403 (LWS, FR)"
25e9498a758d4b930b45132a7e1d17.pamx1.hotmail.com,1,"AS8075 (MICROSOFT-CORP-MSN-AS-BLOCK - Microsoft Corporation, US)"
mail.quicklyy.fun,1,
mx1.queza.com,1,"AS39729 (REGISTER-AS, IT)"
mx1.shoeonlineblog.com,1,"AS200107 (KL-EXT, CH)"
mail2.tencent.com,1,
mail.quickanswer.hotelcareer.click,1,"AS51167 (CONTABO, DE)"
mail.shootingstarrealty.com,1,"AS55293 (A2HOSTING - A2 Hosting, Inc., US)"
mail.quick.careline.click,1,"AS51167 (CONTABO, DE)"
queray-com.mail.protection.outlook.com,1,"AS8075 (MICROSOFT-CORP-MSN-AS-BLOCK - Microsoft Corporation, US)"
quickloans-com.mail.protection.outlook.com,1,"AS8075 (MICROSOFT-CORP-MSN-AS-BLOCK - Microsoft Corporation, US)"
quickinbox.com,1,"AS20068 (HAWKHOST - Hawk Host Inc., CA)"
_dc-mx.aab084b15deb.quickmail.uk,1,"AS18450 (WEBNX - WebNX, Inc., US)"
mail.quicktreage.com,1,"AS47583 (AS-HOSTINGER, CY)"
mail.quickreply.carolinensielhafen.click,1,"AS51167 (CONTABO, DE)"
quicktemp.email,1,"AS12876 (Online SAS, FR)"
mail.quiet-branch.com,1,"AS197540 (NETCUP-AS netcup GmbH, DE)"
mail.quieresmail.com,1,"AS12586 (ASGHOSTNET, DE)"
mail.quienmail.com,1,"AS12586 (ASGHOSTNET, DE)"
mail.quikdrop.space,1,"AS19318 (IS-AS-1 - Interserver, Inc, US)"
quikaid-com.mail.eo.outlook.com,1,"AS8075 (MICROSOFT-CORP-MSN-AS-BLOCK - Microsoft Corporation, US)"
mail.quinquesylfml.ru,1,"AS12586 (ASGHOSTNET, DE)"
mail.quickz.top,1,"AS16276 (OVH, FR)"
mail.quickreply.51tiemo.com,1,"AS51167 (CONTABO, DE)"
mx.shopifyu.com,1,"AS29873 (BIZLAND-SD - Newfold Digital, Inc., US)"
shopisfy.com,1,"AS40279 (FORESTRACKS - ForestRacks, US)"
mail.quixentra.cfd,1,"AS203446 (AS203446, GB)"
mail.shopifyv.com,1,"AS46606 (UNIFIEDLAYER-AS-1 - Unified Layer, US)"
mail.quirmail.ru,1,"AS12586 (ASGHOSTNET, DE)"
quirsratio.com,1,"AS47583 (AS-HOSTINGER, CY)"
mail.quorixia.cfd,1,"AS203446 (AS203446, GB)"
mail.shopnotech.com,1,"AS153528 (ESL-AS-AP ExtentIT Solution Limited, BD)"
d292659a.ess.barracudanetworks.com,1,"AS16509 (AMAZON-02 - Amazon.com, Inc., US)"
shoppingcabinets-com.mail.protection.outlook.com,1,"AS8075 (MICROSOFT-CORP-MSN-AS-BLOCK - Microsoft Corporation, US)"
quotewizard-com.mail.protection.outlook.com,1,"AS8075 (MICROSOFT-CORP-MSN-AS-BLOCK - Microsoft Corporation, US)"
mx2.shopnflravenjerseys.com,1,"AS200107 (KL-EXT, CH)"
mail.quuradminb.com,1,"AS47583 (AS-HOSTINGER, CY)"
fast3x.shoppung.com,1,"AS14061 (DIGITALOCEAN-ASN - DigitalOcean, LLC, US)"
mail.qvera.com,1,"AS13767 (DATABANK-DFW - DataBank Holdings, Ltd., US)"
mail.shouldpjr.com,1,"AS47583 (AS-HOSTINGER, CY)"
mail.qvaq.ru,1,"AS197695 (AS-REG, RU)"
mx.inbox.eu,1,"AS12993 (DEAC-AS, LV)"
shotmail.ru,1,"AS9002 (RETN-AS, GB)"
qwarmingu.com,1,"AS47583 (AS-HOSTINGER, CY)"
mail.shrib.com,1,"AS21069 (ASN-METANET Routingpeering issues: noc@metanet.ch, CH)"
mx1.qvwthrows.com,1,"AS200107 (KL-EXT, CH)"
mx-in.showeller.com,1,"AS16276 (OVH, FR)"
mx-asp.shuelder.com,1,"AS14061 (DIGITALOCEAN-ASN - DigitalOcean, LLC, US)"
mail.shutupandbet.com,1,"AS19871 (NETWORK-SOLUTIONS-HOSTING - Network Solutions, LLC, US)"
mail.shoptoolhp.com,1,"AS135905 (VNPT-AS-VN VIETNAM POSTS AND TELECOMMUNICATIONS GROUP, VN)"
mx2.shutenk-shop.com,1,"AS200107 (KL-EXT, CH)"
mx1.shut.ws,1,"AS200107 (KL-EXT, CH)"
mx1.qwfox.com,1,"AS200107 (KL-EXT, CH)"
mail.qwertymail.ru,1,"AS8342 (RTCOMM-AS, RU)"
sidebyside.co.uk,1,"AS21499 (GODADDY-SXB, DE)"
s2.affitrkr.com,1,"AS27176 (DATAWAGON - DataWagon LLC, US)"
sidement.com,1,"AS47583 (AS-HOSTINGER, CY)"
mail.sidler.us,1,"AS46606 (UNIFIEDLAYER-AS-1 - Unified Layer, US)"
mail.sicmg.com,1,"AS14061 (DIGITALOCEAN-ASN - DigitalOcean, LLC, US)"
sidecar-ai.mail.protection.outlook.com,1,"AS8075 (MICROSOFT-CORP-MSN-AS-BLOCK - Microsoft Corporation, US)"
mail.qyver.online,1,"AS29066 (VELIANET-AS velia.net Internetdienste GmbH, DE)"
sickseo.co.uk,1,"AS34931 (AWARESOFT, GB)"
mail.qzlfalleno.com,1,"AS47583 (AS-HOSTINGER, CY)"
qzure-com.mail.protection.outlook.com,1,
sigismail.com,1,"AS19318 (IS-AS-1 - Interserver, Inc, US)"
signa-com.mail.protection.outlook.com,1,"AS8075 (MICROSOFT-CORP-MSN-AS-BLOCK - Microsoft Corporation, US)"
mail.signalance.com,1,"AS47583 (AS-HOSTINGER, CY)"
_dc-mx.9d7b183a0643.qzueos.com,1,"AS16276 (OVH, FR)"
signaturerealtynj-com.mail.protection.outlook.com,1,"AS8075 (MICROSOFT-CORP-MSN-AS-BLOCK - Microsoft Corporation, US)"
mail.r-undelete.com,1,"AS40028 (AS40028 - 1651884 Ontario Inc., CA)"
mail.sigmoidsemail.com,1,"AS12586 (ASGHOSTNET, DE)"
ec2-34-220-151-213.us-west-2.compute.amazonaws.com,1,"AS16509 (AMAZON-02 - Amazon.com, Inc., US)"
sify-com.mail.protection.outlook.com,1,"AS8075 (MICROSOFT-CORP-MSN-AS-BLOCK - Microsoft Corporation, US)"
mail.signifimails.ru,1,"AS12586 (ASGHOSTNET, DE)"
mail.sigaul.com,1,"AS55688 (BEON-AS-ID PT. Beon Intermedia, ID)"
sija.pl,1,"AS24940 (HETZNER-AS, DE)"
r-ga.com,1,"AS204800 (WHG-SGP, GB)"
silaaccounting-com.mail.protection.outlook.com,1,"AS8075 (MICROSOFT-CORP-MSN-AS-BLOCK - Microsoft Corporation, US)"
r2ginversiones.com,1,"AS55293 (A2HOSTING - A2 Hosting, Inc., US)"
signifmail.com,1,"AS213702 (QWINS-LTD QWINS AS-SET: ~ # AS213702:AS-CUSTOMERS, GB)"
r3-com.mail.protection.outlook.com,1,"AS8075 (MICROSOFT-CORP-MSN-AS-BLOCK - Microsoft Corporation, US)"
silenceuds.ru,1,"AS213702 (QWINS-LTD QWINS AS-SET: ~ # AS213702:AS-CUSTOMERS, GB)"
mail.silvaron.cfd,1,"AS203446 (AS203446, GB)"
mail.sillylf.com,1,"AS47583 (AS-HOSTINGER, CY)"
mail.r4temail.com,1,"AS12586 (ASGHOSTNET, DE)"
simmanllc-com.mail.protection.outlook.com,1,"AS8075 (MICROSOFT-CORP-MSN-AS-BLOCK - Microsoft Corporation, US)"
simbia-com.mail.protection.outlook.com,1,"AS8075 (MICROSOFT-CORP-MSN-AS-BLOCK - Microsoft Corporation, US)"
mx1.r7.email.locaweb.com.br,1,"AS27715 (Locaweb Servicos de Internet SA, BR)"
mx2.simple-mail-server.bid,1,"AS200107 (KL-EXT, CH)"
simplyshop24.com,1,"AS14618 (AMAZON-AES - Amazon.com, Inc., US)"
simplyina.com,1,"AS22612 (NAMECHEAP-NET - Namecheap, Inc., US)"
r8r4p0cb.com,1,"AS24961 (MYLOC-AS IP Backbone of WIIT AG formerly myLoc managed IT AG, DE)"
racarie-com.mail.protection.outlook.com,1,
mail.singaporeg.sg,1,"AS3758 (SINGNET SingNet, SG)"
mail.singledaddydaycare.blog,1,"AS204601 (PODAON, NL)"
mail.racaho.com,1,"AS14061 (DIGITALOCEAN-ASN - DigitalOcean, LLC, US)"
a483290.mx.mailhop.org,1,"AS16509 (AMAZON-02 - Amazon.com, Inc., US)"
mail.sinemail.info,1,"AS8075 (MICROSOFT-CORP-MSN-AS-BLOCK - Microsoft Corporation, US)"
mail.radexi.com,1,"AS51167 (CONTABO, DE)"
mail.radiant-flow.org,1,"AS197540 (NETCUP-AS netcup GmbH, DE)"
mail.radbandz.com,1,"AS55293 (A2HOSTING - A2 Hosting, Inc., US)"
sindu.org,1,"AS58487 (CRI-AS-AP CV. Rumahweb Indonesia, ID)"
radicalsecurity-org.mail.protection.outlook.com,1,"AS8075 (MICROSOFT-CORP-MSN-AS-BLOCK - Microsoft Corporation, US)"
qbak001.racovor.com,1,"AS14061 (DIGITALOCEAN-ASN - DigitalOcean, LLC, US)"
mail.radiculemfri.com,1,"AS12586 (ASGHOSTNET, DE)"
mail.sinistromail.ru,1,"AS12586 (ASGHOSTNET, DE)"
mail.radiaolml.ru,1,"AS12586 (ASGHOSTNET, DE)"
mx.radio-crazy.pl,1,"AS14061 (DIGITALOCEAN-ASN - DigitalOcean, LLC, US)"
dns.racycli.com,1,"AS14061 (DIGITALOCEAN-ASN - DigitalOcean, LLC, US)"
mail.radioautmail.ru,1,"AS12586 (ASGHOSTNET, DE)"
mail.radioacmail.ru,1,"AS12586 (ASGHOSTNET, DE)"
bak002.sinrasu.com,1,"AS14061 (DIGITALOCEAN-ASN - DigitalOcean, LLC, US)"
mail.radexi.info,1,"AS51167 (CONTABO, DE)"
mail.radioemail.ru,1,"AS12586 (ASGHOSTNET, DE)"
mail.radioauemail.ru,1,"AS12586 (ASGHOSTNET, DE)"
mail.radiofml.ru,1,"AS12586 (ASGHOSTNET, DE)"
mail.radioml.ru,1,"AS12586 (ASGHOSTNET, DE)"
mail.siphonosrsmail.ru,1,"AS12586 (ASGHOSTNET, DE)"
mail.radiomail.ru,1,"AS12586 (ASGHOSTNET, DE)"
mail.radiophotmail.ru,1,"AS12586 (ASGHOSTNET, DE)"
mail.rackabzar.com,1,"AS16276 (OVH, FR)"
radiobmail.com,1,"AS213702 (QWINS-LTD QWINS AS-SET: ~ # AS213702:AS-CUSTOMERS, GB)"
sip-com.mail.protection.outlook.com,1,"AS8075 (MICROSOFT-CORP-MSN-AS-BLOCK - Microsoft Corporation, US)"
mail.radiometeinf.com,1,"AS12586 (ASGHOSTNET, DE)"
mail.siphonobranli.com,1,"AS12586 (ASGHOSTNET, DE)"
mail.radiotelepmail.ru,1,"AS12586 (ASGHOSTNET, DE)"
mail.radiote.ru,1,"AS12586 (ASGHOSTNET, DE)"
sirtime.com,1,"AS19871 (NETWORK-SOLUTIONS-HOSTING - Network Solutions, LLC, US)"
mail.radiotelinf.com,1,"AS12586 (ASGHOSTNET, DE)"
mail.radiotept.ru,1,"AS12586 (ASGHOSTNET, DE)"
mail.siphonobrinf.com,1,"AS12586 (ASGHOSTNET, DE)"
mail.siphonobremail.ru,1,"AS12586 (ASGHOSTNET, DE)"
mail.radiotraemail.ru,1,"AS12586 (ASGHOSTNET, DE)"
siogenicmail.com,1,"AS213702 (QWINS-LTD QWINS AS-SET: ~ # AS213702:AS-CUSTOMERS, GB)"
siphonobrmail.com,1,"AS213702 (QWINS-LTD QWINS AS-SET: ~ # AS213702:AS-CUSTOMERS, GB)"
mail.radiolummail.com,1,"AS12586 (ASGHOSTNET, DE)"
_dc-mx.496981f08d19.ragai.site,1,"AS216071 (VDSINA, AE)"
mail.radirsmail.ru,1,"AS12586 (ASGHOSTNET, DE)"
mail.sisterselement.com,1,"AS151858 (INTERDIGI-VN INTERDIGI JOINT STOCK COMPANY, VN)"
webmail.sisood.com,1,"AS16276 (OVH, FR)"
mx.rain.network,1,"AS37105 (RAIN-GROUP-HOLDINGS, ZA)"
mx1.mx-relay.com,1,"AS16633 (I-3 - N-able Technologies, Inc., US)"
colo2.rainence.com,1,"AS14061 (DIGITALOCEAN-ASN - DigitalOcean, LLC, US)"
mail.rainga.ng,1,"AS203446 (AS203446, GB)"
mx.free.nf,1,"AS34119 (WILDCARD-AS Wildcard UK Limited, GB)"
rajshreetrading.com,1,"AS204800 (WHG-SGP, GB)"
mail.sixze.com,1,"AS14061 (DIGITALOCEAN-ASN - DigitalOcean, LLC, US)"
rakuten-com.mail.protection.outlook.com,1,"AS8075 (MICROSOFT-CORP-MSN-AS-BLOCK - Microsoft Corporation, US)"
mail.sitdown.info,1,"AS37153 (xneelo, ZA)"
mail.raja333.org,1,"AS57344 (TELEHOUSE-AS, BG)"
mx6.ralph-laurensoldes.com,1,
mtrv4xroute.raligaan.com,1,"AS14061 (DIGITALOCEAN-ASN - DigitalOcean, LLC, US)"
mx6.ralphlaurenfemme3.com,1,
raja333.net,1,"AS214036 (ULTAHOST-AS, US)"
pop.sk2.biz,1,"AS401696 (COGNETCLOUD - cognetcloud INC, US)"
mail.rambara.com,1,"AS14061 (DIGITALOCEAN-ASN - DigitalOcean, LLC, US)"
mail.ramcen.com,1,"AS14061 (DIGITALOCEAN-ASN - DigitalOcean, LLC, US)"
ramen.org,1,"AS9371 (SAKURA-C SAKURA Internet Inc., JP)"
mail.ramizan.com,1,"AS14061 (DIGITALOCEAN-ASN - DigitalOcean, LLC, US)"
ramaakunting.com,1,"AS131775 (IDNIC-JALANET-AS-ID PT. Jupiter Jala Arta, ID)"
mail.raken.com,1,"AS15576 (NTS, CH)"
mail.raleighshoebuddy.com,1,"AS29182 (RU-JSCIOT, RU)"
skeletoncoastnationalpark.com,1,"AS36454 (WHG-DAL, GB)"
mail.truocloud.com,1,"AS16276 (OVH, FR)"
mail.skandiasport.com,1,"AS210878 (TREADSTONE-AS, RO)"
mail.rando.buzz,1,"AS31863 (DACEN-2 - Centrilogic, Inc., US)"
rancemail.com,1,"AS213702 (QWINS-LTD QWINS AS-SET: ~ # AS213702:AS-CUSTOMERS, GB)"
mail.skincareit.com,1,"AS22612 (NAMECHEAP-NET - Namecheap, Inc., US)"
mail.rankermath.com.tr,1,"AS213535 (YOTTASRC, SA)"
rajapoker99.net,1,"AS22612 (NAMECHEAP-NET - Namecheap, Inc., US)"
randol.infos.st,1,"AS16276 (OVH, FR)"
mx1.skibidipa.com,1,"AS200107 (KL-EXT, CH)"
s73.srv-console.com,1,"AS213535 (YOTTASRC, SA)"
mail.skillful.top,1,"AS16276 (OVH, FR)"
skoozipasta-com.mail.protection.outlook.com,1,"AS8075 (MICROSOFT-CORP-MSN-AS-BLOCK - Microsoft Corporation, US)"
skachat-888poker.ru,1,"AS204601 (PODAON, NL)"
mail.rapidlyws.com,1,"AS47583 (AS-HOSTINGER, CY)"
mail.rapidletter.net,1,"AS212772 (ADGUARD, CY)"
mail.rapidmail.de,1,"AS58010 (UVENSYS, DE)"
rapidmail.sbs,1,"AS16276 (OVH, FR)"
_dc-mx.45f449f75e84.rapidwebmail.com,1,"AS18450 (WEBNX - WebNX, Inc., US)"
skycustomhomes-com.mail.protection.outlook.com,1,"AS8075 (MICROSOFT-CORP-MSN-AS-BLOCK - Microsoft Corporation, US)"
rapidefr.fr.nf,1,"AS16276 (OVH, FR)"
mail.rapzip.com,1,
skylinesco-com.mail.protection.outlook.com,1,"AS8075 (MICROSOFT-CORP-MSN-AS-BLOCK - Microsoft Corporation, US)"
mail.rateliso.com,1,
email.skylinescity.com,1,"AS36352 (AS-COLOCROSSING - HostPapa, US)"
mail.skyworldtech.com,1,
mail.skyhighdreem.com,1,"AS12586 (ASGHOSTNET, DE)"
mail.skylinkdistribution.com,1,"AS14061 (DIGITALOCEAN-ASN - DigitalOcean, LLC, US)"
mail.ratiocmail.com,1,"AS12586 (ASGHOSTNET, DE)"
skynet.infos.st,1,"AS16276 (OVH, FR)"
mail.rattasatxqc.fun,1,"AS203446 (AS203446, GB)"
mail.ratiocimails.ru,1,"AS12586 (ASGHOSTNET, DE)"
raspv.com,1,"AS24940 (HETZNER-AS, DE)"
mail.ratiocmail.ru,1,"AS12586 (ASGHOSTNET, DE)"
a628249.mx.mailhop.org,1,"AS16509 (AMAZON-02 - Amazon.com, Inc., US)"
a346873.mx.mailhop.org,1,"AS16509 (AMAZON-02 - Amazon.com, Inc., US)"
mail.rax.la,1,"AS197540 (NETCUP-AS netcup GmbH, DE)"
slacc.com,1,"AS20115 (CHARTER-20115 - Charter Communications LLC, US)"
rawlingsfuneralhome-com.mail.protection.outlook.com,1,"AS8075 (MICROSOFT-CORP-MSN-AS-BLOCK - Microsoft Corporation, US)"
mx.glb.proximus.be,1,"AS5432 (PROXIMUS-ISP-AS, BE)"
mail.cytechint.io,1,"AS14618 (AMAZON-AES - Amazon.com, Inc., US)"
slaci.com,1,"AS40092 (ONIAAS - HostPapa, US)"
smtp1.level27.eu,1,"AS59943 (LEVEL27-AS * Please direct all complaints to support@level27.be *, BE)"
dhmx02.emig.gmx.net,1,"AS8560 (IONOS-AS This is the joint network for IONOS, Fasthosts, Arsys, 1&1 Mail and Media and 1&1 Telecom. Formerly known as 1&1 Internet SE., DE)"
mail.ravenom.ru,1,"AS8926 (MOLDTELECOM-AS Moldtelecom Autonomous System, MD)"
mail.ratixq.com,1,"AS24940 (HETZNER-AS, DE)"
mail.slamemail.com,1,"AS12586 (ASGHOSTNET, DE)"
blackhole.tem.scaleway.com,1,"AS12876 (Online SAS, FR)"
sldmwa-mail.sldmwa.org,1,"AS7018 (ATT-INTERNET4 - AT&T Enterprises, LLC, US)"
w01a091f.kasserver.com,1,"AS34788 (NMM-AS D - 02742 Friedersdorf Hauptstrasse 68, DE)"
mail.raymanmail.com,1,"AS12586 (ASGHOSTNET, DE)"
sleepary-com.mail.protection.outlook.com,1,"AS8075 (MICROSOFT-CORP-MSN-AS-BLOCK - Microsoft Corporation, US)"
mx1.cmlt.us,1,"AS63949 (AKAMAI-LINODE-AP Akamai Connected Cloud, SG)"
mail.slgdaily.xyz,1,"AS45102 (ALIBABA-CN-NET Alibaba US Technology Co., Ltd., CN)"
slfence-com.mail.protection.outlook.com,1,"AS8075 (MICROSOFT-CORP-MSN-AS-BLOCK - Microsoft Corporation, US)"
mail.sleapmail.com,1,"AS12586 (ASGHOSTNET, DE)"
mail.slepikas.com,1,"AS16509 (AMAZON-02 - Amazon.com, Inc., US)"
mail.rcardiogrammail.com,1,"AS197540 (NETCUP-AS netcup GmbH, DE)"
mail.slicediceandspiceny.com,1,"AS63949 (AKAMAI-LINODE-AP Akamai Connected Cloud, SG)"
mx1.slapmail.top,1,"AS200107 (KL-EXT, CH)"
mail.slippery.email,1,"AS16509 (AMAZON-02 - Amazon.com, Inc., US)"
rcdom-org-uk.mail.protection.outlook.com,1,"AS8075 (MICROSOFT-CORP-MSN-AS-BLOCK - Microsoft Corporation, US)"
mail.slingomother.ru,1,"AS198068 (PAGM-AS, EE)"
rbtsaratov.ru,1,"AS204601 (PODAON, NL)"
mail.slimz.top,1,"AS16276 (OVH, FR)"
mail.slipperyjo.ru,1,"AS12586 (ASGHOSTNET, DE)"
rd-com.mail.protection.outlook.com,1,"AS8075 (MICROSOFT-CORP-MSN-AS-BLOCK - Microsoft Corporation, US)"
slpack-com.mail.protection.outlook.com,1,"AS8075 (MICROSOFT-CORP-MSN-AS-BLOCK - Microsoft Corporation, US)"
sltmail-com.mail.protection.outlook.com,1,"AS8075 (MICROSOFT-CORP-MSN-AS-BLOCK - Microsoft Corporation, US)"
dkim.rdharewa.com,1,"AS14061 (DIGITALOCEAN-ASN - DigitalOcean, LLC, US)"
slu21svky.com,1,"AS47583 (AS-HOSTINGER, CY)"
smallntm.lol,1,"AS47583 (AS-HOSTINGER, CY)"
mail.smart-thailand.com,1,
smartgrid-com.mail.protection.outlook.com,1,"AS8075 (MICROSOFT-CORP-MSN-AS-BLOCK - Microsoft Corporation, US)"
smtp-gateway.ski.net.id,1,"AS59281 (SKINET-AS-ID PT Sumber Koneksi Indonesia, ID)"
slot889.net,1,"AS26496 (AS-26496-GO-DADDY-COM-LLC - GoDaddy.com, LLC, US)"
mail.smallbutnaughty.com,1,"AS210079 (EUROBYTE, RU)"
mail.smellfear.com,1,"AS136787 (PACKETHUBSA-AS-AP PacketHub S.A., PA)"
mail.react-mail.com,1,"AS31898 (ORACLE-BMC-31898 - Oracle Corporation, US)"
_dc-mx.2e3e6939f355.reactbooks.com,1,"AS46606 (UNIFIEDLAYER-AS-1 - Unified Layer, US)"
work.timbu.cloud,1,"AS24940 (HETZNER-AS, DE)"
mail.reactfrin.ru,1,"AS12586 (ASGHOSTNET, DE)"
smithemail-net.mail.protection.outlook.com,1,"AS8075 (MICROSOFT-CORP-MSN-AS-BLOCK - Microsoft Corporation, US)"
aravis.smeux.com,1,"AS16276 (OVH, FR)"
readmail.biz.st,1,"AS16276 (OVH, FR)"
mail.reaggravfml.ru,1,"AS12586 (ASGHOSTNET, DE)"
mail.smiletransport.com,1,"AS56067 (METRABYTE-TH 453 Ladplacout Jorakhaebua, TH)"
mail.smsinbox.shop,1,"AS44486 (SYNLINQ synlinq.de, DE)"
host3.realcheckstubs.com,1,"AS32244 (LIQUIDWEB - Liquid Web, L.L.C, US)"
mail.smoothjourneymail.com,1,"AS12586 (ASGHOSTNET, DE)"
sms-at.mail.protection.outlook.com,1,"AS8075 (MICROSOFT-CORP-MSN-AS-BLOCK - Microsoft Corporation, US)"
smsturkey.com,1,"AS42846 (GUZELHOSTING GNET INTERNET TELEKOMUNIKASYON A.S., TR)"
realchristine.com,1,"AS133752 (LEASEWEB-APAC-HKG-10 LEASEWEB HONG KONG LIMITED, HK)"
smoug.net,1,"AS2514 (INFOSPHERE NTT PC Communications, Inc., JP)"
mx2.reality-concept.club,1,"AS200107 (KL-EXT, CH)"
rebby-io.mail.protection.outlook.com,1,"AS8075 (MICROSOFT-CORP-MSN-AS-BLOCK - Microsoft Corporation, US)"
mail.reassurvegai.ru,1,"AS12586 (ASGHOSTNET, DE)"
colo3.rearised.com,1,"AS14061 (DIGITALOCEAN-ASN - DigitalOcean, LLC, US)"
mail.reassimi.com,1,"AS12586 (ASGHOSTNET, DE)"
mx1.hostinger.it,1,"AS13335 (CLOUDFLARENET - Cloudflare, Inc., US)"
mail.recapitufmail.ru,1,"AS12586 (ASGHOSTNET, DE)"
mx1.rebekamail.com,1,"AS200107 (KL-EXT, CH)"
reattivonews.com,1,"AS24940 (HETZNER-AS, DE)"
mail.recertifml.ru,1,"AS12586 (ASGHOSTNET, DE)"
mail.recapiml.ru,1,"AS12586 (ASGHOSTNET, DE)"
mail.receptimail.ru,1,"AS12586 (ASGHOSTNET, DE)"
mail.reciprmails.ru,1,"AS12586 (ASGHOSTNET, DE)"
mail.reciprocfml.com,1,"AS12586 (ASGHOSTNET, DE)"
mail.recodifimails.ru,1,"AS12586 (ASGHOSTNET, DE)"
mail.reconcilabmails.ru,1,"AS12586 (ASGHOSTNET, DE)"
mail.reconfirmafkml.ru,1,"AS12586 (ASGHOSTNET, DE)"
mail.reconsoli.ru,1,"AS12586 (ASGHOSTNET, DE)"
recorderxfm.com,1,"AS47583 (AS-HOSTINGER, CY)"
mail.recodificfmail.ru,1,"AS12586 (ASGHOSTNET, DE)"
recurrenta.com,1,"AS14061 (DIGITALOCEAN-ASN - DigitalOcean, LLC, US)"
mail.reconsomail.ru,1,"AS12586 (ASGHOSTNET, DE)"
mail.recrystallifmk.com,1,"AS12586 (ASGHOSTNET, DE)"
_dc-mx.7f5098d22653.red-r.org,1,"AS63473 (HOSTHATCH - HostHatch, LLC, US)"
mail.rectangml.ru,1,"AS12586 (ASGHOSTNET, DE)"
mail.red-pearl-model.de,1,"AS24940 (HETZNER-AS, DE)"
mail.recreatimail.ru,1,"AS12586 (ASGHOSTNET, DE)"
mail.recrimimail.ru,1,"AS12586 (ASGHOSTNET, DE)"
mail.recurvirosmail.ru,1,"AS12586 (ASGHOSTNET, DE)"
red-tron.com,1,"AS51191 (XIRRA, DE)"
reddcoin2.com,1,"AS47583 (AS-HOSTINGER, CY)"
recupmail.com,1,"AS213702 (QWINS-LTD QWINS AS-SET: ~ # AS213702:AS-CUSTOMERS, GB)"
redf.site,1,"AS15802 (DU-AS1, AE)"
mail.redacciones.net,1,"AS56958 (RAIOLANETWORKS Raiola Networks S.L., ES)"
redesdem.com,1,"AS19871 (NETWORK-SOLUTIONS-HOSTING - Network Solutions, LLC, US)"
mail.redevtmail.com,1,"AS12586 (ASGHOSTNET, DE)"
mail.red-paddle.ru,1,"AS29182 (RU-JSCIOT, RU)"
reddmachine-com.mail.protection.outlook.com,1,"AS8075 (MICROSOFT-CORP-MSN-AS-BLOCK - Microsoft Corporation, US)"
mx6.rediffmail.net,1,
mail.smtp33.com,1,"AS47583 (AS-HOSTINGER, CY)"
mail.redmail.shop,1,"AS4766 (KIXS-AS-KR Korea Telecom, KR)"
mail.redistribmil.ru,1,"AS12586 (ASGHOSTNET, DE)"
mail.redfeathercrow.com,1,"AS29182 (RU-JSCIOT, RU)"
mail.redmaiil.com,1,"AS12586 (ASGHOSTNET, DE)"
mx2.rediffmailo.com,1,"AS200107 (KL-EXT, CH)"
redrockdigital.net,1,"AS14061 (DIGITALOCEAN-ASN - DigitalOcean, LLC, US)"
redrivervalleyacademy.com,1,"AS59253 (LEASEWEB-APAC-SIN-11 LEASEWEB SINGAPORE PTE. LTD., SG)"
redi.fr.nf,1,"AS16276 (OVH, FR)"
reedbusiness-nl.mail.protection.outlook.com,1,"AS8075 (MICROSOFT-CORP-MSN-AS-BLOCK - Microsoft Corporation, US)"
mail.reductiaemail.ru,1,"AS12586 (ASGHOSTNET, DE)"
in.remailer.it,1,"AS31034 (ARUBA-ASN, IT)"
mail.reebnz.com,1,"AS9009 (M247, RO)"
ns1.dns-parking.com,1,"AS13335 (CLOUDFLARENET - Cloudflare, Inc., US)"
reemedical-com.mail.protection.outlook.com,1,"AS8075 (MICROSOFT-CORP-MSN-AS-BLOCK - Microsoft Corporation, US)"
sn0wf1ake-com.mail.protection.outlook.com,1,
redrect.site,1,"AS53038 (IDC19 - WDI SOLUCOES EM TEC INFORMACAO LTDA, BR)"
mail.reevamails.ru,1,"AS12586 (ASGHOSTNET, DE)"
mail.reevalmail.com,1,"AS12586 (ASGHOSTNET, DE)"
mail.reeval.ru,1,"AS12586 (ASGHOSTNET, DE)"
au-smtp-inbound-2.mimecast.com,1,"AS136792 (MIMECAST-AS-AP Mimecast Australia Pty Ltd, AU)"
mail.reevamail.com,1,"AS12586 (ASGHOSTNET, DE)"
mail.reduplicatmails.ru,1,"AS12586 (ASGHOSTNET, DE)"
mail.snapmail.site,1,"AS24940 (HETZNER-AS, DE)"
mail.snapmail.cc,1,"AS45102 (ALIBABA-CN-NET Alibaba US Technology Co., Ltd., CN)"
_dc-mx.fc65f059fa79.regadub.ru,1,"AS213038 (DREAMVPS, IL)"
mail.refrangimail.ru,1,"AS12586 (ASGHOSTNET, DE)"
regencyop-com.mail.protection.outlook.com,1,"AS8075 (MICROSOFT-CORP-MSN-AS-BLOCK - Microsoft Corporation, US)"
mail.regionalmgmt.com,1,"AS7922 (COMCAST-7922 - Comcast Cable Communications, LLC, US)"
mail.sneakers-blog.com,1,"AS48635 (CLDIN-NL Your Hosting B.V. part of Your.Online, NL)"
mail.regardermail.com,1,"AS12586 (ASGHOSTNET, DE)"
registry-godaddy.mail.protection.outlook.com,1,"AS8075 (MICROSOFT-CORP-MSN-AS-BLOCK - Microsoft Corporation, US)"
mail.reginekarlsen.me,1,"AS15685 (CASABLANCA-AS Internet & Collocation Provider, CZ)"
mx3.oderland.com,1,"AS44136 (ASODERLAND, SE)"
w01590c9.kasserver.com,1,"AS34788 (NMM-AS D - 02742 Friedersdorf Hauptstrasse 68, DE)"
netcarrier-mx.email-protect.gosecure.net,1,"AS29909 (METROOPTIC - Metro Optic, CA)"
mail.rehabmalu.ru,1,"AS12586 (ASGHOSTNET, DE)"
mail.sngcom.ru,1,"AS200487 (OOOVPS-AS, RU)"
mail.rehabirsmail.ru,1,"AS12586 (ASGHOSTNET, DE)"
mail.reinterpretafmals.com,1,"AS12586 (ASGHOSTNET, DE)"
mail.reharmonmails.ru,1,"AS12586 (ASGHOSTNET, DE)"
mail.reindustml.ru,1,"AS12586 (ASGHOSTNET, DE)"
rejeki303.org,1,"AS22612 (NAMECHEAP-NET - Namecheap, Inc., US)"
mail.rekaer.com,1,"AS14061 (DIGITALOCEAN-ASN - DigitalOcean, LLC, US)"
mail.reinvestimail.ru,1,"AS12586 (ASGHOSTNET, DE)"
mail.reklama.com,1,"AS31898 (ORACLE-BMC-31898 - Oracle Corporation, US)"
mail.reincarnamail.ru,1,"AS12586 (ASGHOSTNET, DE)"
reklambladerbjudande.se,1,"AS20857 (TRANSIP-AS Amsterdam, the Netherlands, NL)"
mail.reinvmail.ru,1,"AS12586 (ASGHOSTNET, DE)"
mail.snapbrentwood.org,1,"AS41000 (FREETHOUGHT-AS, GB)"
relationshiphotline.com,1,"AS14061 (DIGITALOCEAN-ASN - DigitalOcean, LLC, US)"
mail.relativismail.com,1,"AS12586 (ASGHOSTNET, DE)"
mail.relativmail.ru,1,"AS12586 (ASGHOSTNET, DE)"
mail.relayix.cfd,1,"AS24940 (HETZNER-AS, DE)"
reliable1iowa-com.mail.protection.outlook.com,1,"AS8075 (MICROSOFT-CORP-MSN-AS-BLOCK - Microsoft Corporation, US)"
mail.reliable-mail.com,1,"AS32244 (LIQUIDWEB - Liquid Web, L.L.C, US)"
mail.remarkablfmail.ru,1,"AS12586 (ASGHOSTNET, DE)"
mail.remembeli.com,1,"AS12586 (ASGHOSTNET, DE)"
mail.relocfmk.com,1,"AS12586 (ASGHOSTNET, DE)"
mail.remodificmail.ru,1,"AS12586 (ASGHOSTNET, DE)"
mail.remilitarmail.com,1,"AS12586 (ASGHOSTNET, DE)"
removersllc-com.mail.protection.outlook.com,1,"AS8075 (MICROSOFT-CORP-MSN-AS-BLOCK - Microsoft Corporation, US)"
mail.remuneinf.com,1,"AS12586 (ASGHOSTNET, DE)"
rentalcardaily.com,1,"AS24940 (HETZNER-AS, DE)"
mail.renegmail.ru,1,"AS12586 (ASGHOSTNET, DE)"
mail.renocemail.ru,1,"AS12586 (ASGHOSTNET, DE)"
mail.renvotra.cfd,1,"AS203446 (AS203446, GB)"
mail.renegotsalo.ru,1,"AS12586 (ASGHOSTNET, DE)"
mail.renomail.ru,1,"AS12586 (ASGHOSTNET, DE)"
mail.reparamails.ru,1,"AS12586 (ASGHOSTNET, DE)"
reply.ticketmaster.com,1,"AS46318 (TECHOPS-ASN-4 - Live Nation Entertainment, Inc., US)"
mail.repairalliance.org,1,"AS197540 (NETCUP-AS netcup GmbH, DE)"
mail.repemail.ru,1,"AS12586 (ASGHOSTNET, DE)"
mail.replaceamail.ru,1,"AS12586 (ASGHOSTNET, DE)"
mail.replyloop.com,1,"AS16276 (OVH, FR)"
mail.reorien.ru,1,"AS12586 (ASGHOSTNET, DE)"
mail.repex.es,1,"AS16276 (OVH, FR)"
_dc-mx.4b5194ebd4ce.reprocar.com,1,"AS8560 (IONOS-AS This is the joint network for IONOS, Fasthosts, Arsys, 1&1 Mail and Media and 1&1 Telecom. Formerly known as 1&1 Internet SE., DE)"
mail.reprehensiml.ru,1,"AS12586 (ASGHOSTNET, DE)"
mail.repetitiruby.ru,1,"AS12586 (ASGHOSTNET, DE)"
mail.reprehensmalu.ru,1,"AS12586 (ASGHOSTNET, DE)"
repormail.com,1,"AS213702 (QWINS-LTD QWINS AS-SET: ~ # AS213702:AS-CUSTOMERS, GB)"
mail.representebml.ru,1,"AS12586 (ASGHOSTNET, DE)"
mail.representmails.ru,1,"AS12586 (ASGHOSTNET, DE)"
mail.research.gng.edu.pl,1,"AS16276 (OVH, FR)"
mail.representatinf.com,1,"AS12586 (ASGHOSTNET, DE)"
mail.repolarimail.ru,1,"AS12586 (ASGHOSTNET, DE)"
malibuzz.resetsecure.org,1,"AS51167 (CONTABO, DE)"
mail.representatmyu.ru,1,"AS12586 (ASGHOSTNET, DE)"
mail.representa.ru,1,"AS12586 (ASGHOSTNET, DE)"
mail.reorganili.com,1,"AS12586 (ASGHOSTNET, DE)"
mail.resmso.com,1,"AS24940 (HETZNER-AS, DE)"
spf0.rescueence.com,1,"AS14061 (DIGITALOCEAN-ASN - DigitalOcean, LLC, US)"
level2mx.rerdingag.com,1,"AS14061 (DIGITALOCEAN-ASN - DigitalOcean, LLC, US)"
resolveclaims-co.mail.protection.outlook.com,1,"AS8075 (MICROSOFT-CORP-MSN-AS-BLOCK - Microsoft Corporation, US)"
mail18.lh.pl,1,"AS203417 (LH, PL)"
mail.resorcinolmail.ru,1,"AS12586 (ASGHOSTNET, DE)"
mail.responsive.co.il,1,"AS55293 (A2HOSTING - A2 Hosting, Inc., US)"
restarteurope-com.mail.protection.outlook.com,1,"AS8075 (MICROSOFT-CORP-MSN-AS-BLOCK - Microsoft Corporation, US)"
mail.respirml.ru,1,"AS12586 (ASGHOSTNET, DE)"
mail.responsibilmfri.com,1,"AS12586 (ASGHOSTNET, DE)"
mx.resumeworks4u.com,1,"AS29873 (BIZLAND-SD - Newfold Digital, Inc., US)"
mail.respectamail.ru,1,"AS12586 (ASGHOSTNET, DE)"
retailglobal-com.mail.protection.outlook.com,1,"AS8075 (MICROSOFT-CORP-MSN-AS-BLOCK - Microsoft Corporation, US)"
mx6.retinaprime.com,1,
reta-com.mail.protection.outlook.com,1,"AS8075 (MICROSOFT-CORP-MSN-AS-BLOCK - Microsoft Corporation, US)"
mail.retroaml.ru,1,"AS12586 (ASGHOSTNET, DE)"
mail.retainabmail.ru,1,"AS12586 (ASGHOSTNET, DE)"
mail.reticemail.ru,1,"AS12586 (ASGHOSTNET, DE)"
mx.reusable.email,1,"AS16276 (OVH, FR)"
mail.retiemail.ru,1,"AS12586 (ASGHOSTNET, DE)"
mx01.mail.ncse.pl,1,"AS197226 (SPRINT-SDC, PL)"
mail.retractmail.ru,1,"AS12586 (ASGHOSTNET, DE)"
mail.retractamail.ru,1,"AS12586 (ASGHOSTNET, DE)"
mail.retirmail.com,1,"AS12586 (ASGHOSTNET, DE)"
mail.retrocognfml.ru,1,"AS12586 (ASGHOSTNET, DE)"
mail.retroactfmail.ru,1,"AS12586 (ASGHOSTNET, DE)"
mail.reticuloenmail.com,1,"AS12586 (ASGHOSTNET, DE)"
mail.retrommail.ru,1,"AS12586 (ASGHOSTNET, DE)"
mail.retragmail.com,1,"AS3842 (RAMNODE - InMotion Hosting, Inc., US)"
resultaatmarketing.com,1,"AS63949 (AKAMAI-LINODE-AP Akamai Connected Cloud, SG)"
mail.reverberatmail.ru,1,"AS12586 (ASGHOSTNET, DE)"
mail.reuniofmk.com,1,"AS12586 (ASGHOSTNET, DE)"
mail.reusmail.com,1,"AS12586 (ASGHOSTNET, DE)"
mail.reversimail.ru,1,"AS12586 (ASGHOSTNET, DE)"
mail.reverrsmail.ru,1,"AS12586 (ASGHOSTNET, DE)"
mail.reutilmalis.com,1,"AS12586 (ASGHOSTNET, DE)"
mail.revivmil.ru,1,"AS12586 (ASGHOSTNET, DE)"
mail.revitalility.ru,1,"AS12586 (ASGHOSTNET, DE)"
mail.revolutimail.ru,1,"AS12586 (ASGHOSTNET, DE)"
mail.revolumalis.com,1,"AS12586 (ASGHOSTNET, DE)"
mx2.reviewsmr.com,1,"AS200107 (KL-EXT, CH)"
ressources-solidaires.info,1,"AS131965 (XSERVER Xserver Inc., JP)"
revolutionalgorithm.com.revolutionalgorithm.com,1,
mail.rexabot.com,1,"AS203446 (AS203446, GB)"
rexodus-com.mail.protection.outlook.com,1,"AS8075 (MICROSOFT-CORP-MSN-AS-BLOCK - Microsoft Corporation, US)"
rezor.io,1,"AS200514 (KNOWNSRV, GB)"
mail.rezato.com,1,"AS14061 (DIGITALOCEAN-ASN - DigitalOcean, LLC, US)"
mail.revistaagora.top,1,"AS16276 (OVH, FR)"
rgrocks-com.mail.protection.outlook.com,1,
mail.rfreedomj.com,1,"AS47583 (AS-HOSTINGER, CY)"
mail.rhabdomyos.ru,1,"AS12586 (ASGHOSTNET, DE)"
mail.rhabdomyosmail.ru,1,"AS12586 (ASGHOSTNET, DE)"
inbound.rhadryeir.com,1,"AS14061 (DIGITALOCEAN-ASN - DigitalOcean, LLC, US)"
mail.rhodymeemail.ru,1,"AS12586 (ASGHOSTNET, DE)"
mail.rhemail.ru,1,"AS12586 (ASGHOSTNET, DE)"
mail.rheumamails.ru,1,"AS12586 (ASGHOSTNET, DE)"
rhinolmail.com,1,"AS213702 (QWINS-LTD QWINS AS-SET: ~ # AS213702:AS-CUSTOMERS, GB)"
mail.rhondawilcoxfitness.com,1,"AS46606 (UNIFIEDLAYER-AS-1 - Unified Layer, US)"
ribo-com.mail.protection.outlook.com,1,"AS8075 (MICROSOFT-CORP-MSN-AS-BLOCK - Microsoft Corporation, US)"
mail.riazika.com,1,"AS51431 (IR-AVABARID-AS, IR)"
mail.rgdoubtdhq.com,1,"AS53667 (PONYNET - FranTech Solutions, US)"
trusturs-com.in.shield.security,1,"AS16509 (AMAZON-02 - Amazon.com, Inc., US)"
mail.spicysoda.com,1,"AS16276 (OVH, FR)"
mail.trustwalleet.com,1,"AS132203 (TENCENT-NET-AP-CN Tencent Building, Kejizhongyi Avenue, CN)"
spized-com.mail.protection.outlook.com,1,"AS8075 (MICROSOFT-CORP-MSN-AS-BLOCK - Microsoft Corporation, US)"
mail.tryburner.email,1,"AS63949 (AKAMAI-LINODE-AP Akamai Connected Cloud, SG)"
mail.tryninja.io,1,"AS63949 (AKAMAI-LINODE-AP Akamai Connected Cloud, SG)"
a795737.mx.mailhop.org,1,"AS16509 (AMAZON-02 - Amazon.com, Inc., US)"
trwezor.io,1,"AS200514 (KNOWNSRV, GB)"
spiritsingles.com,1,"AS29802 (HVC-AS - HIVELOCITY, Inc., US)"
mail.trynta.com,1,"AS14061 (DIGITALOCEAN-ASN - DigitalOcean, LLC, US)"
mail.trynishoes.com,1,"AS24940 (HETZNER-AS, DE)"
mail.trysti.us,1,"AS51167 (CONTABO, DE)"
mail.trusttravellive.org,1,"AS10297 (ENET-2 - eNET Inc., US)"
trwzor.io,1,"AS200514 (KNOWNSRV, GB)"
splack-com.mail.protection.outlook.com,1,"AS8075 (MICROSOFT-CORP-MSN-AS-BLOCK - Microsoft Corporation, US)"
mail.trusttravellive.net,1,"AS10297 (ENET-2 - eNET Inc., US)"
tryzoe.com,1,"AS47583 (AS-HOSTINGER, CY)"
mail.truuhost.com,1,"AS32097 (WII - WholeSale Internet, Inc., US)"
mail.spirituamail.ru,1,"AS12586 (ASGHOSTNET, DE)"
mail1.spoofmail.es,1,"AS24940 (HETZNER-AS, DE)"
mail1.spoofmail.de,1,"AS24940 (HETZNER-AS, DE)"
sportarch-site.mail.protection.outlook.com,1,"AS8075 (MICROSOFT-CORP-MSN-AS-BLOCK - Microsoft Corporation, US)"
trzezor.io,1,"AS200514 (KNOWNSRV, GB)"
trzor.io,1,"AS200514 (KNOWNSRV, GB)"
mail.sportitanz.me,1,"AS45102 (ALIBABA-CN-NET Alibaba US Technology Co., Ltd., CN)"
trzzor.io,1,"AS200514 (KNOWNSRV, GB)"
mail.splenomeml.ru,1,"AS12586 (ASGHOSTNET, DE)"
trzeor.io,1,"AS200514 (KNOWNSRV, GB)"
mail.trypanosomfmals.com,1,"AS12586 (ASGHOSTNET, DE)"
mail.spiritualifiml.ru,1,"AS12586 (ASGHOSTNET, DE)"
mxb-00201601.gslb.pphosted.com,1,"AS22843 (PROOFPOINT-ASN-US-EAST - Proofpoint, Inc., US)"
mx.tsnmw.com,1,"AS14061 (DIGITALOCEAN-ASN - DigitalOcean, LLC, US)"
mail.tsela.com,1,"AS328037 (Elitehost, ZA)"
sporexbet.com,1,"AS46844 (SHARKTECH - Sharktech, US)"
trydeal.com,1,"AS29802 (HVC-AS - HIVELOCITY, Inc., US)"
trustwallit.com,1,"AS6698 (VIRTUALSYSTEMS, UA)"
trustwallot.com,1,"AS6698 (VIRTUALSYSTEMS, UA)"
mail.spotale.com,1,"AS14061 (DIGITALOCEAN-ASN - DigitalOcean, LLC, US)"
sportscentertltc.com,1,"AS46475 (LIMESTONENETWORKS - Limestone Networks, Inc., US)"
mail.vas-hosting.cz,1,"AS39392 (SUPERNETWORK _, CZ)"
mail.tsreademail.com,1,"AS12586 (ASGHOSTNET, DE)"
mail.trypanopt.ru,1,"AS12586 (ASGHOSTNET, DE)"
tt-com.mail.protection.outlook.com,1,"AS8075 (MICROSOFT-CORP-MSN-AS-BLOCK - Microsoft Corporation, US)"
ttezor.io,1,"AS200514 (KNOWNSRV, GB)"
tssla-com.mail.eo.outlook.com,1,"AS8075 (MICROSOFT-CORP-MSN-AS-BLOCK - Microsoft Corporation, US)"
mail.trusttravellive.info,1,"AS10297 (ENET-2 - eNET Inc., US)"
mx1.hostedemail.io,1,"AS13768 (COGECO-PEER1 - Aptum Technologies, CA)"
mail.spoofmail.fr,1,"AS24940 (HETZNER-AS, DE)"
mail.spotkfy.com,1,"AS24940 (HETZNER-AS, DE)"
rte01.sppedence.com,1,"AS14061 (DIGITALOCEAN-ASN - DigitalOcean, LLC, US)"
7etjtgr9qc8m.mail-manager-smtp.eu-central-1.on.aws,1,"AS16509 (AMAZON-02 - Amazon.com, Inc., US)"
tualias-com.mail.protection.outlook.com,1,"AS8075 (MICROSOFT-CORP-MSN-AS-BLOCK - Microsoft Corporation, US)"
mx.tucsonquote.com,1,"AS32613 (IWEB-AS - Leaseweb Canada Inc., CA)"
mail.tubermail.com,1,"AS12586 (ASGHOSTNET, DE)"
mail.tuberfml.com,1,"AS12586 (ASGHOSTNET, DE)"
squaredup-com.mail.protection.outlook.com,1,"AS8075 (MICROSOFT-CORP-MSN-AS-BLOCK - Microsoft Corporation, US)"
mail.ttsport42.ru,1,"AS198068 (PAGM-AS, EE)"
mail.squashship.com,1,"AS47583 (AS-HOSTINGER, CY)"
mail.tunelux.com,1,"AS14061 (DIGITALOCEAN-ASN - DigitalOcean, LLC, US)"
mail.squizzy.net,1,"AS197540 (NETCUP-AS netcup GmbH, DE)"
mail.tupmail.com,1,"AS16276 (OVH, FR)"
tunnelbound.com,1,"AS33182 (DIMENOC - HostDime.com, Inc., US)"
mail.sqlnex.com,1,"AS51167 (CONTABO, DE)"
mail.squizzy.eu,1,"AS197540 (NETCUP-AS netcup GmbH, DE)"
mail.squizzy.de,1,"AS197540 (NETCUP-AS netcup GmbH, DE)"
srikandi-id.mail.protection.outlook.com,1,"AS8075 (MICROSOFT-CORP-MSN-AS-BLOCK - Microsoft Corporation, US)"
mail.turf.exchange,1,"AS16276 (OVH, FR)"
email.turkeyth.com,1,"AS14061 (DIGITALOCEAN-ASN - DigitalOcean, LLC, US)"
mx1.ntchosting.com,1,"AS14555 (LIQUIDNETLTD1 - LiquidNet US LLC, US)"
mx1.turbospinz.co,1,"AS200107 (KL-EXT, CH)"
turkishad.com,1,"AS56851 (VPS-UA-AS, UA)"
mail.turkuazballooning.com,1,"AS51557 (TR-ISIMTESCIL-20201202, TR)"
ssahgfemrl.com,1,"AS14061 (DIGITALOCEAN-ASN - DigitalOcean, LLC, US)"
mail.turual.com,1,"AS14061 (DIGITALOCEAN-ASN - DigitalOcean, LLC, US)"
mail.tuscerrajerosvalladolid.com,1,"AS16276 (OVH, FR)"
srf-fr.mail.protection.outlook.com,1,"AS8075 (MICROSOFT-CORP-MSN-AS-BLOCK - Microsoft Corporation, US)"
mail.ssdihelp.org,1,"AS22612 (NAMECHEAP-NET - Namecheap, Inc., US)"
mail.turkey-nedv.ru,1,"AS59729 (ITL-BG, US)"
srypto.com,1,"AS16276 (OVH, FR)"
mail.turkishcitizenshipbyinvestments.com,1,"AS49334 (SH-COM-, TR)"
mail.turkishairlinesopen.golf,1,"AS31898 (ORACLE-BMC-31898 - Oracle Corporation, US)"
ssfaa-com.mail.protection.outlook.com,1,"AS8075 (MICROSOFT-CORP-MSN-AS-BLOCK - Microsoft Corporation, US)"
mx.ssgegypt.net,1,"AS29873 (BIZLAND-SD - Newfold Digital, Inc., US)"
sslack-com.mail.protection.outlook.com,1,"AS8075 (MICROSOFT-CORP-MSN-AS-BLOCK - Microsoft Corporation, US)"
mail01.gedo.se,1,"AS199950 (HJELM-ENTERPRISES-AB, SE)"
ssinvestimentos.com,1,"AS47583 (AS-HOSTINGER, CY)"
tutuapp.bid,1,"AS47583 (AS-HOSTINGER, CY)"
tusitiowebgratis.com.ar,1,"AS23352 (SERVERCENTRAL - DEFT.COM, US)"
mail.tverya.com,1,"AS47583 (AS-HOSTINGER, CY)"
d57213a.ess.barracudanetworks.com,1,"AS16509 (AMAZON-02 - Amazon.com, Inc., US)"
ssi-bsn.infos.st,1,"AS16276 (OVH, FR)"
sstechsystem-com.mail.protection.outlook.com,1,"AS8075 (MICROSOFT-CORP-MSN-AS-BLOCK - Microsoft Corporation, US)"
_dc-mx.9e4ef0eea843.tutor.edu.kg,1,"AS31898 (ORACLE-BMC-31898 - Oracle Corporation, US)"
stabilify-net.mail.protection.outlook.com,1,"AS8075 (MICROSOFT-CORP-MSN-AS-BLOCK - Microsoft Corporation, US)"
mail.stacjonarnyinternet.pl,1,"AS63949 (AKAMAI-LINODE-AP Akamai Connected Cloud, SG)"
st-com.mail.protection.outlook.com,1,"AS8075 (MICROSOFT-CORP-MSN-AS-BLOCK - Microsoft Corporation, US)"
mail.twelfthstatecbd.com,1,"AS20473 (AS-VULTR - The Constant Company, LLC, US)"
mail.stafflazarus.com,1,"AS51167 (CONTABO, DE)"
mta.tweting.com,1,"AS14061 (DIGITALOCEAN-ASN - DigitalOcean, LLC, US)"
mail.ssoid.in.net,1,"AS51167 (CONTABO, DE)"
eauq59bind.twinoaktelco.com,1,"AS14061 (DIGITALOCEAN-ASN - DigitalOcean, LLC, US)"
mail.twins1.com,1,"AS209 (CENTURYLINK-US-LEGACY-QWEST - CenturyLink Communications, LLC, US)"
twinzero.net,1,"AS131965 (XSERVER Xserver Inc., JP)"
mx.tino.vn,1,"AS135951 (WEBICO-AS-VN Webico Company Limited, VN)"
mail.tvoymanager.ru,1,"AS16276 (OVH, FR)"
_dc-mx.e970a4722807.twooceanstours.com,1,"AS16276 (OVH, FR)"
_dc-mx.05b232066a89.tworcyimprez.pl,1,"AS16276 (OVH, FR)"
stapestreet-com.mail.protection.outlook.com,1,
tweet.fr.nf,1,"AS16276 (OVH, FR)"
mail.stab-gen.ru,1,"AS62082 (HOSTLAND, RU)"
mail.twycloudy.com,1,"AS47583 (AS-HOSTINGER, CY)"
mail.standasmail.com,1,"AS12586 (ASGHOSTNET, DE)"
mail.twojalawenda.pl,1,"AS15626 (GF-UA, US)"
mail.txen.de,1,"AS197540 (NETCUP-AS netcup GmbH, DE)"
mx.starikmail.in,1,"AS14061 (DIGITALOCEAN-ASN - DigitalOcean, LLC, US)"
mail.starr9.com,1,"AS14061 (DIGITALOCEAN-ASN - DigitalOcean, LLC, US)"
mail.staphylomalu.ru,1,"AS12586 (ASGHOSTNET, DE)"
email3.webglobe.cz,1,"AS8648 (ONE-NETWORK, DE)"
mail.start-up.observer,1,"AS16276 (OVH, FR)"
mail.starlit-seas.net,1,"AS6364 (ATLANTIC-NET-1 - Atlantic.net, Inc., US)"
stargaterecords.com,1,"AS16276 (OVH, FR)"
_dc-mx.05cf29754cff.startupschwag.com,1,"AS14061 (DIGITALOCEAN-ASN - DigitalOcean, LLC, US)"
mail.startymedia.com,1,"AS16276 (OVH, FR)"
mx.stardiesel.org,1,"AS13182 (ASN-ADHOC-NETWORK Rimini, Italy, IT)"
twojekonto.pl,1,"AS41966 (SKYNET, PL)"
mx.stardiesel.info,1,"AS13182 (ASN-ADHOC-NETWORK Rimini, Italy, IT)"
mx.stardiesel.biz,1,"AS13182 (ASN-ADHOC-NETWORK Rimini, Italy, IT)"
mail.tychr.com,1,"AS8075 (MICROSOFT-CORP-MSN-AS-BLOCK - Microsoft Corporation, US)"
mail.starzip.link,1,
statdvr-com.mail.protection.outlook.com,1,"AS8075 (MICROSOFT-CORP-MSN-AS-BLOCK - Microsoft Corporation, US)"
mail.tydamail.com,1,"AS12586 (ASGHOSTNET, DE)"
custom.mailum.com,1,"AS16276 (OVH, FR)"
mail.stat.org.pl,1,"AS198921 (UNIXSTORM-AS, PL)"
mx.tynemouth.net,1,"AS52148 (ENIXLTD, GB)"
tyrezor.io,1,"AS200514 (KNOWNSRV, GB)"
mail.typhommail.ru,1,"AS12586 (ASGHOSTNET, DE)"
mail.typhomamail.ru,1,"AS12586 (ASGHOSTNET, DE)"
stavki-prognozi-bonusi.ru,1,"AS33724 (BIZNESSHOSTING-DBA-VOLICO - VOLICO, US)"
unum-com0c.mail.protection.outlook.com,1,"AS8075 (MICROSOFT-CORP-MSN-AS-BLOCK - Microsoft Corporation, US)"
uwillsuc-pw0ci.mail.protection.outlook.com,1,"AS8075 (MICROSOFT-CORP-MSN-AS-BLOCK - Microsoft Corporation, US)"
uhc-com0c.mail.protection.outlook.com,1,"AS8075 (MICROSOFT-CORP-MSN-AS-BLOCK - Microsoft Corporation, US)"
steam-area.ru,1,"AS213702 (QWINS-LTD QWINS AS-SET: ~ # AS213702:AS-CUSTOMERS, GB)"
mail.stempmail.com,1,"AS47583 (AS-HOSTINGER, CY)"
mail.steatornmail.ru,1,"AS12586 (ASGHOSTNET, DE)"
tyhe.ro,1,"AS208475 (NRG, RO)"
mail.stereophotomail.com,1,"AS12586 (ASGHOSTNET, DE)"
mail.stereopmail.com,1,"AS12586 (ASGHOSTNET, DE)"
mail.stereotypmy.com,1,"AS12586 (ASGHOSTNET, DE)"
mail.steveix.com,1,"AS14061 (DIGITALOCEAN-ASN - DigitalOcean, LLC, US)"
_dc-mx.e6e59500c0fe.stevenorbye.com,1,"AS20857 (TRANSIP-AS Amsterdam, the Netherlands, NL)"
mx0.u-s-k.ru,1,"AS44128 (INTERNET-PRO-AS, RU)"
mail.stenopersmail.ru,1,"AS12586 (ASGHOSTNET, DE)"
mail.stereogrmail.ru,1,"AS12586 (ASGHOSTNET, DE)"
www182.your-server.de,1,"AS24940 (HETZNER-AS, DE)"
mail.stereologiruby.ru,1,"AS12586 (ASGHOSTNET, DE)"
stgeorgefire-com.mail.protection.outlook.com,1,"AS8075 (MICROSOFT-CORP-MSN-AS-BLOCK - Microsoft Corporation, US)"
mail.u6lvty2.com,1,"AS47583 (AS-HOSTINGER, CY)"
sthaniyasarkar.com,1,"AS204800 (WHG-SGP, GB)"
mail.stewamail.com,1,"AS12586 (ASGHOSTNET, DE)"
mail.stereotypoemail.ru,1,"AS12586 (ASGHOSTNET, DE)"
mail.stereomail.ru,1,"AS12586 (ASGHOSTNET, DE)"
stirpe-com.mail.protection.outlook.com,1,"AS8075 (MICROSOFT-CORP-MSN-AS-BLOCK - Microsoft Corporation, US)"
mail.ua3jx7n0w3.com,1,"AS47583 (AS-HOSTINGER, CY)"
stitools.net,1,"AS12876 (Online SAS, FR)"
mx.stkwiwatch.com,1,"AS9009 (M247, RO)"
stmail.site,1,"AS151858 (INTERDIGI-VN INTERDIGI JOINT STOCK COMPANY, VN)"
mail.uapproves.com,1,"AS47583 (AS-HOSTINGER, CY)"
mail.stomach4m.com,1,"AS47583 (AS-HOSTINGER, CY)"
malibuzz.stockmount.info,1,"AS51167 (CONTABO, DE)"
mail.stomatosemail.com,1,"AS12586 (ASGHOSTNET, DE)"
mx.uaucriativa.com,1,"AS13335 (CLOUDFLARENET - Cloudflare, Inc., US)"
uam.com,1,"AS40092 (ONIAAS - HostPapa, US)"
mail.stomatom.com,1,"AS12586 (ASGHOSTNET, DE)"
mail.uaxpress.com,1,"AS14061 (DIGITALOCEAN-ASN - DigitalOcean, LLC, US)"
ubc-com.mail.protection.outlook.com,1,"AS8075 (MICROSOFT-CORP-MSN-AS-BLOCK - Microsoft Corporation, US)"
mail83.onamae.ne.jp,1,"AS7506 (INTERQ GMO Internet Group, Inc., JP)"
mail.stomatolomail.ru,1,"AS12586 (ASGHOSTNET, DE)"
mail.stomatoml.ru,1,"AS12586 (ASGHOSTNET, DE)"
mail.ubetoo.com,1,"AS13335 (CLOUDFLARENET - Cloudflare, Inc., US)"
mx.uberz.com,1,"AS29873 (BIZLAND-SD - Newfold Digital, Inc., US)"
storestand.net,1,"AS20068 (HAWKHOST - Hawk Host Inc., CA)"
malibuzz.storm-gain.net,1,
ubmail-com.mail.protection.outlook.com,1,"AS8075 (MICROSOFT-CORP-MSN-AS-BLOCK - Microsoft Corporation, US)"
mail.ubiqumail.com,1,"AS12586 (ASGHOSTNET, DE)"
mxa-0019e702.gslb.pphosted.com,1,"AS22843 (PROOFPOINT-ASN-US-EAST - Proofpoint, Inc., US)"
mail.steklosila.ru,1,"AS12695 (DINET-AS, RU)"
mail.ubiquitmail.ru,1,"AS12586 (ASGHOSTNET, DE)"
mx.propertyminder.com,1,"AS13917 (CORPWEST - Corporate West Computer Systems, Inc., US)"
mxa-00a3ab01.gslb.pphosted.com,1,"AS22843 (PROOFPOINT-ASN-US-EAST - Proofpoint, Inc., US)"
mail.stiffberry.ru,1,"AS21100 (ITLDC-EU, US)"
mail.ubiquitmails.ru,1,"AS12586 (ASGHOSTNET, DE)"
mail.ubiquitemail.ru,1,"AS12586 (ASGHOSTNET, DE)"
uberlandiacontabil.com.br,1,"AS32244 (LIQUIDWEB - Liquid Web, L.L.C, US)"
alinto.cleanmail.net,1,"AS6730 (SUNRISE, CH)"
www51.your-server.de,1,"AS24940 (HETZNER-AS, DE)"
mail.stpattys5k.com,1,"AS26337 (OIS1 - Oso Grande IP Services, LLC, US)"
mail.ublast.live,1,"AS51167 (CONTABO, DE)"
mail.ubars.ru,1,"AS49505 (SELECTEL, RU)"
mail.udbbsaa.store,1,"AS132203 (TENCENT-NET-AP-CN Tencent Building, Kejizhongyi Avenue, CN)"
mail.udo8.com,1,"AS14061 (DIGITALOCEAN-ASN - DigitalOcean, LLC, US)"
m97d.udingclin.com,1,"AS14061 (DIGITALOCEAN-ASN - DigitalOcean, LLC, US)"
mail.strategycritique.xyz,1,"AS45102 (ALIBABA-CN-NET Alibaba US Technology Co., Ltd., CN)"
mail.strategyinsights.xyz,1,"AS45102 (ALIBABA-CN-NET Alibaba US Technology Co., Ltd., CN)"
mail.stravico.cfd,1,"AS203446 (AS203446, GB)"
_dc-mx.661d79190d8e.stread.tech,1,"AS133800 (IDNIC-BIZNETGIO-AS-ID PT Biznet Gio Nusantara, ID)"
mail.stread.shop,1,"AS133800 (IDNIC-BIZNETGIO-AS-ID PT Biznet Gio Nusantara, ID)"
strayapps-com01c.mail.protection.outlook.com,1,"AS8075 (MICROSOFT-CORP-MSN-AS-BLOCK - Microsoft Corporation, US)"
mx1.hc834-32.eu.iphmx.com,1,"AS30238 (AS-IRONP-VEGA - Cisco Systems Ironport Division, US)"
mail.udoit2.eu,1,"AS34762 (COMBELL-AS, BE)"
mail.tzymail.com,1,"AS132203 (TENCENT-NET-AP-CN Tencent Building, Kejizhongyi Avenue, CN)"
mail.u4nzbr5q3.com,1,"AS47583 (AS-HOSTINGER, CY)"
mail.streetwormail.com,1,"AS12586 (ASGHOSTNET, DE)"
steninmail.com,1,"AS213702 (QWINS-LTD QWINS AS-SET: ~ # AS213702:AS-CUSTOMERS, GB)"
stripez-com.mail.protection.outlook.com,1,"AS8075 (MICROSOFT-CORP-MSN-AS-BLOCK - Microsoft Corporation, US)"
strimpe.com,1,"AS23470 (RELIABLESITE - ReliableSite.Net LLC, US)"
stripes-com.mail.protection.outlook.com,1,"AS8075 (MICROSOFT-CORP-MSN-AS-BLOCK - Microsoft Corporation, US)"
strite-com.mail.protection.outlook.com,1,"AS8075 (MICROSOFT-CORP-MSN-AS-BLOCK - Microsoft Corporation, US)"
mail.ufc.edu.pl,1,"AS24940 (HETZNER-AS, DE)"
mail.strivingman.com,1,"AS46606 (UNIFIEDLAYER-AS-1 - Unified Layer, US)"
mx.stroitel-ru.com,1,"AS14061 (DIGITALOCEAN-ASN - DigitalOcean, LLC, US)"
mail.stereotrmail.ru,1,"AS12586 (ASGHOSTNET, DE)"
mx.uesla.com,1,"AS31034 (ARUBA-ASN, IT)"
stripc.com,1,"AS37907 (DIGIROCK DigiRock, Inc., JP)"
mail.morapa.net,1,"AS12876 (Online SAS, FR)"
mail.storos.ru,1,"AS25446 (ERTH-CLOUD-AS, RU)"
strikebreakeruds.ru,1,"AS213702 (QWINS-LTD QWINS AS-SET: ~ # AS213702:AS-CUSTOMERS, GB)"
mail.stronggirl.de,1,"AS24940 (HETZNER-AS, DE)"
mail.stronawww.eu,1,"AS16276 (OVH, FR)"
mx6.uggbuystorejp.com,1,
mx.appix.it,1,"AS16276 (OVH, FR)"
mail.strona1.pl,1,"AS47544 (IQPL-AS, PL)"
mail.student.neonet.ac.nz,1,"AS16276 (OVH, FR)"
mail.student.semar.edu.pl,1,"AS16276 (OVH, FR)"
mail.stronywww-na-plus.com.pl,1,"AS16276 (OVH, FR)"
mx01.biz.comcast.net,1,
mx.uha.com,1,"AS29873 (BIZLAND-SD - Newfold Digital, Inc., US)"
mail.students.academic.edu.rs,1,"AS16276 (OVH, FR)"
d504493.a.ess.au.barracudanetworks.com,1,"AS16509 (AMAZON-02 - Amazon.com, Inc., US)"
usb-smtp-inbound-2.mimecast.com,1,"AS30031 (MIMECAST-US - Mimecast North America Inc, US)"
uhd-com.mail.protection.outlook.com,1,"AS8075 (MICROSOFT-CORP-MSN-AS-BLOCK - Microsoft Corporation, US)"
mail.stonedmail.online,1,"AS132203 (TENCENT-NET-AP-CN Tencent Building, Kejizhongyi Avenue, CN)"
east.smtp.mx.exch129.serverdata.net,1,"AS16406 (AS-INTERMEDIA - Intermedia.net, Inc., US)"
mail.stereoraudp.com,1,
mail.stereophotoli.com,1,
mail0001.stuffmail.de,1,"AS24940 (HETZNER-AS, DE)"
malibuzz.sturgeonpointchurch.com,1,"AS51167 (CONTABO, DE)"
studentuds.ru,1,"AS213702 (QWINS-LTD QWINS AS-SET: ~ # AS213702:AS-CUSTOMERS, GB)"
mail.studiodesain.me,1,"AS15685 (CASABLANCA-AS Internet & Collocation Provider, CZ)"
stuttgarter.org,1,
storrent.net,1,"AS16276 (OVH, FR)"
stwserve-com.mail.protection.outlook.com,1,"AS8075 (MICROSOFT-CORP-MSN-AS-BLOCK - Microsoft Corporation, US)"
mail.mail.uhq.wtf,1,
stwiphone.com,1,"AS54290 (HOSTWINDS - Hostwinds LLC., US)"
uher-com.mail.eo.outlook.com,1,"AS8075 (MICROSOFT-CORP-MSN-AS-BLOCK - Microsoft Corporation, US)"
deltaww.in.tmes.trendmicro.com,1,"AS14618 (AMAZON-AES - Amazon.com, Inc., US)"
mxa-00158801.gslb.pphosted.com,1,"AS26211 (PROOFPOINT-ASN-US-WEST - Proofpoint, Inc., US)"
mail3.nestlemart.com,1,"AS45102 (ALIBABA-CN-NET Alibaba US Technology Co., Ltd., CN)"
mail.studwork.su,1,"AS47995 (AT-AS, RU)"
mail.ubm.md,1,"AS201206 (LINEVAST, DE)"
uhyc.com.mx1.fluentnetwork.rcimx.net,1,
stungun.ru,1,"AS16010 (MAGTICOMAS Magticom, GE)"
mail.stylomemail.ru,1,"AS12586 (ASGHOSTNET, DE)"
mail.ujames3nh.com,1,"AS47583 (AS-HOSTINGER, CY)"
mail.uhhu.ru,1,"AS211183 (ADMINVPS, RU)"
mail.stroemka.ru,1,"AS20655 (E-STYLEISP-AS, RU)"
mail.subdiaphra.com,1,"AS12586 (ASGHOSTNET, DE)"
mail.stylomax.ru,1,"AS12586 (ASGHOSTNET, DE)"
mail.stylomalu.ru,1,"AS12586 (ASGHOSTNET, DE)"
mail.stylmail.ru,1,"AS12586 (ASGHOSTNET, DE)"
mail.subaponemails.ru,1,"AS12586 (ASGHOSTNET, DE)"
submitprofit-com.mail.protection.outlook.com,1,"AS8075 (MICROSOFT-CORP-MSN-AS-BLOCK - Microsoft Corporation, US)"
mail.ujxspots.com,1,"AS47583 (AS-HOSTINGER, CY)"
mail.sublamail.com,1,"AS12586 (ASGHOSTNET, DE)"
mail.subeqmalu.ru,1,"AS12586 (ASGHOSTNET, DE)"
mail.sublimifmail.com,1,"AS12586 (ASGHOSTNET, DE)"
mail.uk-medical-insurance.com,1,"AS45187 (RACKSPACE-AP Rackspace IT Hosting AS IT Hosting Provider Hong Kong, HK)"
mail.stresspc.com,1,"AS47583 (AS-HOSTINGER, CY)"
mx1.subpastore.co,1,"AS200107 (KL-EXT, CH)"
mail.subprofessfml.com,1,"AS12586 (ASGHOSTNET, DE)"
smtp.uk.org,1,"AS16509 (AMAZON-02 - Amazon.com, Inc., US)"
mail.subdeacofmail.ru,1,"AS12586 (ASGHOSTNET, DE)"
mail.subjectfmail.ru,1,"AS12586 (ASGHOSTNET, DE)"
mail.subendocmails.ru,1,"AS12586 (ASGHOSTNET, DE)"
succeedabw.com,1,"AS47583 (AS-HOSTINGER, CY)"
mail.subindicoml.ru,1,"AS12586 (ASGHOSTNET, DE)"
mail.subintegu.ru,1,"AS12586 (ASGHOSTNET, DE)"
mail.subindimail.ru,1,"AS12586 (ASGHOSTNET, DE)"
mail.subintemalu.ru,1,"AS12586 (ASGHOSTNET, DE)"
mail.subsimail.ru,1,"AS12586 (ASGHOSTNET, DE)"
mail.subventsemail.com,1,"AS12586 (ASGHOSTNET, DE)"
mx.uk2.net.cust.a.hostedemail.com,1,"AS15348 (TUCOWS - Tucows.com Co., CA)"
mail.stripei.com,1,"AS55293 (A2HOSTING - A2 Hosting, Inc., US)"
mail.stripe3.com,1,"AS46606 (UNIFIEDLAYER-AS-1 - Unified Layer, US)"
suburqq.net,1,"AS22612 (NAMECHEAP-NET - Namecheap, Inc., US)"
mx1.successlocation.work,1,"AS200107 (KL-EXT, CH)"
mail.sudarin.com,1,"AS51167 (CONTABO, DE)"
mail.substantifmail.ru,1,"AS12586 (ASGHOSTNET, DE)"
_dc-mx.7631c20b73f9.ukm.ovh,1,"AS24940 (HETZNER-AS, DE)"
mail.sudarin.info,1,"AS51167 (CONTABO, DE)"
mail.substantfml.ru,1,"AS12586 (ASGHOSTNET, DE)"
mx.suchance.com,1,"AS14061 (DIGITALOCEAN-ASN - DigitalOcean, LLC, US)"
dhl-com.fortimailcloud.com,1,"AS40934 (FORTINET - Fortinet Inc., US)"
mail.subterrrsmail.ru,1,"AS12586 (ASGHOSTNET, DE)"
mail.sud.in,1,"AS33387 (NOCIX - Nocix, LLC, US)"
zenon.ukraina.net,1,"AS47253 (AS-BNETSET, PS)"
mail.subspecialsemail.ru,1,"AS12586 (ASGHOSTNET, DE)"
mail.ubera.com,1,"AS197712 (CDMON sistemes@cdmon.com, ES)"
ukmailhub.pro,1,"AS49467 (EUROTA-ASN EUROTA INTERNET SERVICES LTD, TR)"
uws8-wpm-5000.cafe24.com,1,"AS4766 (KIXS-AS-KR Korea Telecom, KR)"
gateway.ukrmail.org.ua,1,"AS20473 (AS-VULTR - The Constant Company, LLC, US)"
sudoorsandesh.com,1,"AS29802 (HVC-AS - HIVELOCITY, Inc., US)"
mxhost.suftwari.com,1,"AS14061 (DIGITALOCEAN-ASN - DigitalOcean, LLC, US)"
mail.ulaptopsn.com,1,"AS47583 (AS-HOSTINGER, CY)"
pine.superhosting.bg,1,"AS201200 (SUPERHOSTING_AS, BG)"
mail.suggest.carolinensielrestaurants.click,1,"AS51167 (CONTABO, DE)"
mail.ulteriq.cfd,1,"AS203446 (AS203446, GB)"
mail.sukses.club,1,"AS14061 (DIGITALOCEAN-ASN - DigitalOcean, LLC, US)"
ultimatebusinessservices-com.mail.protection.outlook.com,1,"AS8075 (MICROSOFT-CORP-MSN-AS-BLOCK - Microsoft Corporation, US)"
_dc-mx.e897b7d1f242.sukipremium.tech,1,"AS214882 (ARENHOST Steven Gusti Hutama, ID)"
ultimateteamsite.com,1,"AS40676 (AS40676 - Psychz Networks, US)"
mail.student.gold.edu.pl,1,"AS16276 (OVH, FR)"
_dc-mx.697952021b3b.sullivanplastic.com,1,"AS51167 (CONTABO, DE)"
ultimateturfinc-net.mail.protection.outlook.com,1,"AS8075 (MICROSOFT-CORP-MSN-AS-BLOCK - Microsoft Corporation, US)"
mail.ultravex.cfd,1,"AS203446 (AS203446, GB)"
mail.stroydom54.ru,1,"AS29182 (RU-JSCIOT, RU)"
sullygames.com,1,"AS23352 (SERVERCENTRAL - DEFT.COM, US)"
ulum-com.mail.protection.outlook.com,1,"AS8075 (MICROSOFT-CORP-MSN-AS-BLOCK - Microsoft Corporation, US)"
_dc-mx.d471eb002571.ugrafix.com,1,"AS14670 (WHG-USE1, GB)"
ulm-dsl.de,1,"AS25538 (IN-ULM, DE)"
mail.ultramomail.com,1,"AS12586 (ASGHOSTNET, DE)"
mail.ulber.com,1,"AS42730 (EVANZOAS, DE)"
mail.ultranationamy.com,1,"AS12586 (ASGHOSTNET, DE)"
mail.ulturmail.com,1,"AS12586 (ASGHOSTNET, DE)"
mail.umail.asia,1,"AS16276 (OVH, FR)"
mail.ultrawebb.com,1,"AS210878 (TREADSTONE-AS, RO)"
umata.net,1,"AS8075 (MICROSOFT-CORP-MSN-AS-BLOCK - Microsoft Corporation, US)"
summitrestaurantandbar.com,1,"AS32475 (SINGLEHOP-LLC - Internap Holding LLC, US)"
mail.ultranatiomail.ru,1,"AS12586 (ASGHOSTNET, DE)"
mail.ultimobramails.ru,1,"AS12586 (ASGHOSTNET, DE)"
mail.sulfadimmali.ru,1,"AS12586 (ASGHOSTNET, DE)"
umbrila-com.mail.protection.outlook.com,1,"AS8075 (MICROSOFT-CORP-MSN-AS-BLOCK - Microsoft Corporation, US)"
mail.sulphantiils.ru,1,"AS12586 (ASGHOSTNET, DE)"
mail.sulphantimolml.ru,1,"AS12586 (ASGHOSTNET, DE)"
mail.ultramodernfml.ru,1,"AS12586 (ASGHOSTNET, DE)"
mail.sulphantimmals.ru,1,"AS12586 (ASGHOSTNET, DE)"
mail.ultramicremail.ru,1,"AS12586 (ASGHOSTNET, DE)"
mail.sunclubcasino.com,1,"AS19148 (LEASEWEB-USA-PHX - Leaseweb USA, Inc., US)"
sumurborjogjakarta.com,1,"AS131775 (IDNIC-JALANET-AS-ID PT. Jupiter Jala Arta, ID)"
mx1.umail4less.bid,1,"AS200107 (KL-EXT, CH)"
studytantra.com,1,"AS22611 (INMOTION - InMotion Hosting, Inc., US)"
mx2.sundriesday.com,1,"AS200107 (KL-EXT, CH)"
mail.sundsmail.com,1,"AS12586 (ASGHOSTNET, DE)"
umhold-com.mail.protection.outlook.com,1,"AS8075 (MICROSOFT-CORP-MSN-AS-BLOCK - Microsoft Corporation, US)"
0x4dnracks.sunsabla.com,1,"AS14061 (DIGITALOCEAN-ASN - DigitalOcean, LLC, US)"
mail.sunnydaymail.com,1,"AS12586 (ASGHOSTNET, DE)"
mail.unaccountamy.com,1,"AS12586 (ASGHOSTNET, DE)"
unbanq-com.mail.protection.outlook.com,1,
mail.unapprmalis.com,1,"AS12586 (ASGHOSTNET, DE)"
unaccusmail.com,1,"AS213702 (QWINS-LTD QWINS AS-SET: ~ # AS213702:AS-CUSTOMERS, GB)"
mail.unapologeic.com,1,"AS12586 (ASGHOSTNET, DE)"
mail.supenc.com,1,"AS14061 (DIGITALOCEAN-ASN - DigitalOcean, LLC, US)"
mail.unarticfmk.com,1,"AS12586 (ASGHOSTNET, DE)"
mail.unabbremail.ru,1,"AS12586 (ASGHOSTNET, DE)"
mail.unadmittufml.ru,1,"AS12586 (ASGHOSTNET, DE)"
mail.umlimte.com,1,"AS24940 (HETZNER-AS, DE)"
mail.unafforfm.ru,1,"AS12586 (ASGHOSTNET, DE)"
mail.unbelievamy.com,1,"AS12586 (ASGHOSTNET, DE)"
mail.unbox.edu.pl,1,"AS44486 (SYNLINQ synlinq.de, DE)"
mail.unapolmity.ru,1,"AS12586 (ASGHOSTNET, DE)"
mail.unanticmails.ru,1,"AS12586 (ASGHOSTNET, DE)"
mail.unappetiufml.ru,1,"AS12586 (ASGHOSTNET, DE)"
mail.unaccommomails.ru,1,"AS12586 (ASGHOSTNET, DE)"
mail.unartimails.ru,1,"AS12586 (ASGHOSTNET, DE)"
mail.unaccustils.ru,1,"AS12586 (ASGHOSTNET, DE)"
mailx.xnsregistrar.com,1,"AS20473 (AS-VULTR - The Constant Company, LLC, US)"
uk-is.mail.protection.outlook.com,1,"AS8075 (MICROSOFT-CORP-MSN-AS-BLOCK - Microsoft Corporation, US)"
mail.unauthentmails.ru,1,"AS12586 (ASGHOSTNET, DE)"
uncermail.com,1,"AS213702 (QWINS-LTD QWINS AS-SET: ~ # AS213702:AS-CUSTOMERS, GB)"
mail.uncharacterismail.com,1,"AS12586 (ASGHOSTNET, DE)"
suntanuds.ru,1,"AS213702 (QWINS-LTD QWINS AS-SET: ~ # AS213702:AS-CUSTOMERS, GB)"
mail.unamali.ru,1,"AS12586 (ASGHOSTNET, DE)"
mail.unapemail.ru,1,"AS12586 (ASGHOSTNET, DE)"
mail.unassailabmyu.ru,1,"AS12586 (ASGHOSTNET, DE)"
mail.unattainabfml.ru,1,"AS12586 (ASGHOSTNET, DE)"
mail.unartifimail.ru,1,"AS12586 (ASGHOSTNET, DE)"
mail.unassailabmail.ru,1,"AS12586 (ASGHOSTNET, DE)"
unbelievable.co.uk,1,"AS201682 (LIQUID-WEB-BV, US)"
mail.unauthenmail.ru,1,"AS12586 (ASGHOSTNET, DE)"
mailserver.uk.to,1,"AS8560 (IONOS-AS This is the joint network for IONOS, Fasthosts, Arsys, 1&1 Mail and Media and 1&1 Telecom. Formerly known as 1&1 Internet SE., DE)"
mail.supemail.ru,1,"AS12586 (ASGHOSTNET, DE)"
mail.unappropmail.ru,1,"AS12586 (ASGHOSTNET, DE)"
mail.uncamphomil.ru,1,"AS12586 (ASGHOSTNET, DE)"
mail.supercolumnfl.com,1,"AS12586 (ASGHOSTNET, DE)"
mail.supercrsemail.com,1,"AS12586 (ASGHOSTNET, DE)"
mail.uncompromisimail.ru,1,"AS12586 (ASGHOSTNET, DE)"
_dc-mx.855906d43a56.superhostformula.com,1,"AS51167 (CONTABO, DE)"
mail.uncertifimail.ru,1,"AS12586 (ASGHOSTNET, DE)"
underdog-co-uk.mail.protection.outlook.com,1,"AS8075 (MICROSOFT-CORP-MSN-AS-BLOCK - Microsoft Corporation, US)"
mail.undercapimail.com,1,"AS12586 (ASGHOSTNET, DE)"
mail.supererogamail.com,1,"AS12586 (ASGHOSTNET, DE)"
mail.superannolml.ru,1,"AS12586 (ASGHOSTNET, DE)"
mail.superarsmail.ru,1,"AS12586 (ASGHOSTNET, DE)"
mail.uncoordmails.ru,1,"AS12586 (ASGHOSTNET, DE)"
mail.undemonstremail.ru,1,"AS12586 (ASGHOSTNET, DE)"
mail.uncivilimail.ru,1,"AS12586 (ASGHOSTNET, DE)"
mail.superelmail.ru,1,"AS12586 (ASGHOSTNET, DE)"
mail.underpopulmfri.com,1,"AS12586 (ASGHOSTNET, DE)"
mail.uncomails.ru,1,"AS12586 (ASGHOSTNET, DE)"
mail.uncompemalu.ru,1,"AS12586 (ASGHOSTNET, DE)"
mail.uncomfortabmail.ru,1,"AS12586 (ASGHOSTNET, DE)"
mail.undelivmail.ru,1,"AS12586 (ASGHOSTNET, DE)"
mail.uncommunicamail.ru,1,"AS12586 (ASGHOSTNET, DE)"
mail.uncomplimmail.ru,1,"AS12586 (ASGHOSTNET, DE)"
mail.uncompaebml.ru,1,"AS12586 (ASGHOSTNET, DE)"
mail.understasmail.com,1,"AS12586 (ASGHOSTNET, DE)"
mail.uncoorsmail.ru,1,"AS12586 (ASGHOSTNET, DE)"
mail.unconqueramail.ru,1,"AS12586 (ASGHOSTNET, DE)"
mail.unconquerableufml.ru,1,"AS12586 (ASGHOSTNET, DE)"
mail.uncoordmail.ru,1,"AS12586 (ASGHOSTNET, DE)"
mail.undefatmail.ru,1,"AS12586 (ASGHOSTNET, DE)"
mail.supermmw.online,1,"AS24940 (HETZNER-AS, DE)"
mail.underestimyu.ru,1,"AS12586 (ASGHOSTNET, DE)"
mail.supereremail.ru,1,"AS12586 (ASGHOSTNET, DE)"
mail.undercapitafml.ru,1,"AS12586 (ASGHOSTNET, DE)"
mail.supererml.ru,1,"AS12586 (ASGHOSTNET, DE)"
mail.superexemail.ru,1,"AS12586 (ASGHOSTNET, DE)"
mail.supererf.ru,1,"AS12586 (ASGHOSTNET, DE)"
mail.superfecrsmail.ru,1,"AS12586 (ASGHOSTNET, DE)"
mail.superfolmail.ru,1,"AS12586 (ASGHOSTNET, DE)"
mail.underempml.ru,1,"AS12586 (ASGHOSTNET, DE)"
mail.supernainf.com,1,"AS12586 (ASGHOSTNET, DE)"
mail.undernrsmail.ru,1,"AS12586 (ASGHOSTNET, DE)"
mail.underrepre.ru,1,"AS12586 (ASGHOSTNET, DE)"
mx-ha.skymail.net.br,1,"AS265262 (Skymail Servicos de Computacao e Provimento de Inf, BR)"
mail.superintendefml.ru,1,"AS12586 (ASGHOSTNET, DE)"
mail.undifferentfml.ru,1,"AS12586 (ASGHOSTNET, DE)"
mail.superocomail.com,1,"AS12586 (ASGHOSTNET, DE)"
mail.supernmalis.com,1,"AS12586 (ASGHOSTNET, DE)"
mail.unenthusmail.com,1,"AS12586 (ASGHOSTNET, DE)"
mailstore.unfairship.com,1,"AS14061 (DIGITALOCEAN-ASN - DigitalOcean, LLC, US)"
mail.superintenruby.ru,1,"AS12586 (ASGHOSTNET, DE)"
mail.supersenmail.com,1,"AS12586 (ASGHOSTNET, DE)"
mx2.superpsychics.org,1,"AS200107 (KL-EXT, CH)"
mail.unexceptiomfri.com,1,"AS12586 (ASGHOSTNET, DE)"
mx.undeva.net,1,"AS10439 (CARINET - CariNet, Inc., US)"
mail.supersclmail.com,1,"AS12586 (ASGHOSTNET, DE)"
mail.supernadmalu.ru,1,"AS12586 (ASGHOSTNET, DE)"
mail.undiplommalu.ru,1,"AS12586 (ASGHOSTNET, DE)"
mail.unfalsi.com,1,"AS12586 (ASGHOSTNET, DE)"
mail.unfavorabs.com,1,"AS12586 (ASGHOSTNET, DE)"
mail.undiscriemail.ru,1,"AS12586 (ASGHOSTNET, DE)"
mail.undistingumails.ru,1,"AS12586 (ASGHOSTNET, DE)"
ice.unheatedgems.net,1,"AS20473 (AS-VULTR - The Constant Company, LLC, US)"
mail.ungainfml.com,1,"AS12586 (ASGHOSTNET, DE)"
mail.unforgettali.com,1,"AS12586 (ASGHOSTNET, DE)"
mail.supernatumail.ru,1,"AS12586 (ASGHOSTNET, DE)"
mail.supernamalu.ru,1,"AS12586 (ASGHOSTNET, DE)"
mail.supersaturmail.ru,1,"AS12586 (ASGHOSTNET, DE)"
mail.unelabolml.ru,1,"AS12586 (ASGHOSTNET, DE)"
mail.unecomails.ru,1,"AS12586 (ASGHOSTNET, DE)"
bak002.unheowave.com,1,"AS14061 (DIGITALOCEAN-ASN - DigitalOcean, LLC, US)"
mail.superparml.ru,1,"AS12586 (ASGHOSTNET, DE)"
mail.unelaml.ru,1,"AS12586 (ASGHOSTNET, DE)"
mail.unexmail.ru,1,"AS12586 (ASGHOSTNET, DE)"
mail.unexceptmail.ru,1,"AS12586 (ASGHOSTNET, DE)"
mail.unhabitmfri.com,1,"AS12586 (ASGHOSTNET, DE)"
mail.unequmalu.ru,1,"AS12586 (ASGHOSTNET, DE)"
mail.unfathomabmail.ru,1,"AS12586 (ASGHOSTNET, DE)"
mail.unevangmail.ru,1,"AS12586 (ASGHOSTNET, DE)"
mail.unexammails.ru,1,"AS12586 (ASGHOSTNET, DE)"
unidatame-com01i.mail.protection.outlook.com,1,"AS8075 (MICROSOFT-CORP-MSN-AS-BLOCK - Microsoft Corporation, US)"
mail.unfavouraml.ru,1,"AS12586 (ASGHOSTNET, DE)"
mail.ungentlefml.ru,1,"AS12586 (ASGHOSTNET, DE)"
mail.superterrmails.ru,1,"AS12586 (ASGHOSTNET, DE)"
mail.unidiremail.com,1,"AS12586 (ASGHOSTNET, DE)"
mail.supersml.ru,1,"AS12586 (ASGHOSTNET, DE)"
mail.unidentic.com,1,"AS12586 (ASGHOSTNET, DE)"
supplycomm-com-au.mail.protection.outlook.com,1,"AS8075 (MICROSOFT-CORP-MSN-AS-BLOCK - Microsoft Corporation, US)"
supplyhouse-com.mail.protection.outlook.com,1,"AS8075 (MICROSOFT-CORP-MSN-AS-BLOCK - Microsoft Corporation, US)"
mail.ungentlemamails.ru,1,"AS12586 (ASGHOSTNET, DE)"
mail.superterrml.ru,1,"AS12586 (ASGHOSTNET, DE)"
mail.undersecfrin.ru,1,"AS12586 (ASGHOSTNET, DE)"
support-com.mail.protection.outlook.com,1,"AS8075 (MICROSOFT-CORP-MSN-AS-BLOCK - Microsoft Corporation, US)"
mail.unifab.ai,1,"AS7203 (LEASEWEB-USA-SFO - Leaseweb USA, Inc., US)"
mail.unilmail.com,1,"AS12586 (ASGHOSTNET, DE)"
mail.unimpeamail.com,1,"AS12586 (ASGHOSTNET, DE)"
mx.yaanimail.com,1,"AS34984 (TELLCOM-AS, TR)"
mail.unincorpmale.com,1,"AS12586 (ASGHOSTNET, DE)"
exults.unim.com,1,"AS29802 (HVC-AS - HIVELOCITY, Inc., US)"
mail.uninhibfl.com,1,"AS12586 (ASGHOSTNET, DE)"
mail.uninsuramy.com,1,"AS12586 (ASGHOSTNET, DE)"
mail.uninmail.com,1,"AS12586 (ASGHOSTNET, DE)"
summerlinmedia.net,1,"AS14061 (DIGITALOCEAN-ASN - DigitalOcean, LLC, US)"
mail-pod-29.int.zendesk.com,1,"AS16509 (AMAZON-02 - Amazon.com, Inc., US)"
mail.uninvesmail.com,1,"AS12586 (ASGHOSTNET, DE)"
mail.support.beachflag.click,1,"AS51167 (CONTABO, DE)"
mail.summercool.ae,1,"AS51167 (CONTABO, DE)"
mail.unimpreils.ru,1,"AS12586 (ASGHOSTNET, DE)"
mail.unificatifkml.ru,1,"AS12586 (ASGHOSTNET, DE)"
mx.unifique.net,1,"AS28343 (UNIFIQUE TELECOMUNICACOES SA, BR)"
mail.uninemail.ru,1,"AS12586 (ASGHOSTNET, DE)"
mail.uniqo.xyz,1,"AS399646 (DARTNODE - Snaju Development, US)"
mail.unipath.edu.pl,1,"AS16276 (OVH, FR)"
mail.uniformalu.ru,1,"AS12586 (ASGHOSTNET, DE)"
summitoftruth-com.mail.protection.outlook.com,1,"AS8075 (MICROSOFT-CORP-MSN-AS-BLOCK - Microsoft Corporation, US)"
mail.unimaml.ru,1,"AS12586 (ASGHOSTNET, DE)"
mail.unincorml.ru,1,"AS12586 (ASGHOSTNET, DE)"
mail.uninteresti.ru,1,"AS12586 (ASGHOSTNET, DE)"
mail.ultranationalebml.ru,1,"AS12586 (ASGHOSTNET, DE)"
mail.unilifmail.ru,1,"AS12586 (ASGHOSTNET, DE)"
mail.unite5.com,1,"AS14061 (DIGITALOCEAN-ASN - DigitalOcean, LLC, US)"
mail.unintoxmails.ru,1,"AS12586 (ASGHOSTNET, DE)"
mail.support.51tiemo.com,1,"AS51167 (CONTABO, DE)"
mail.supportfmail.com,1,"AS12586 (ASGHOSTNET, DE)"
mail.unipersonmail.ru,1,"AS12586 (ASGHOSTNET, DE)"
mail.uniqueseo.pl,1,"AS41079 (CF-GDA, PL)"
mail.unirmail.com,1,"AS12586 (ASGHOSTNET, DE)"
mx.dhealthgroup.com,1,"AS29873 (BIZLAND-SD - Newfold Digital, Inc., US)"
mail.ultrasomail.ru,1,"AS12586 (ASGHOSTNET, DE)"
mail.unitedhaelthgroup.com,1,"AS394695 (PUBLIC-DOMAIN-REGISTRY - PDR, US)"
unionpkg.com,1,"AS36352 (AS-COLOCROSSING - HostPapa, US)"
mail.unitaic.com,1,"AS12586 (ASGHOSTNET, DE)"
mail.unintellimails.ru,1,"AS12586 (ASGHOSTNET, DE)"
mail.uninterprmail.ru,1,"AS12586 (ASGHOSTNET, DE)"
mail.supramolemfri.com,1,"AS12586 (ASGHOSTNET, DE)"
mail.uniremail.ru,1,"AS12586 (ASGHOSTNET, DE)"
mx1.suomi24.heinlein-hosting.de,1,"AS199118 (HPLS-AS, DE)"
unitmail.info,1,"AS49467 (EUROTA-ASN EUROTA INTERNET SERVICES LTD, TR)"
mail.univers.edu.rs,1,"AS16276 (OVH, FR)"
unaccompaniedminers-com.mail.protection.outlook.com,1,"AS8075 (MICROSOFT-CORP-MSN-AS-BLOCK - Microsoft Corporation, US)"
universalcreditor.com,1,"AS7393 (CYBERCON - CYBERCON, INC., US)"
unitedihealthgroup.com,1,"AS137035 (PWCS-AS-AP Parallel Web Cloud Services, IN)"
mail.unisermyu.ru,1,"AS12586 (ASGHOSTNET, DE)"
mx.universeshopping.net.cust.b.hostedemail.com,1,"AS32491 (TUCOWS-3 - Tucows.com Co., CA)"
universenews.site,1,"AS59210 (PHOENIXNAP-AS-SG1 PhoenixNAP, SG)"
universalfish.com.1.0001.arsmtp.com,1,"AS53780 (AS-APPRIVER - APPRIVER LLC, US)"
universamail.com,1,"AS213702 (QWINS-LTD QWINS AS-SET: ~ # AS213702:AS-CUSTOMERS, GB)"
mail.surfeu.se,1,"AS24940 (HETZNER-AS, DE)"
mail.uniros.ru,1,"AS198068 (PAGM-AS, EE)"
surveyrnonkey-net.mail.protection.outlook.com,1,
mail.unlockbase.com,1,"AS16509 (AMAZON-02 - Amazon.com, Inc., US)"
mail.supranatpt.ru,1,"AS12586 (ASGHOSTNET, DE)"
mail.suppoint.ru,1,"AS210079 (EUROBYTE, RU)"
mail.supraventrmail.ru,1,"AS12586 (ASGHOSTNET, DE)"
webmailezl3rw4.unlikeyth.com,1,"AS14061 (DIGITALOCEAN-ASN - DigitalOcean, LLC, US)"
mail.surucukursukadikoy.com,1,"AS51557 (TR-ISIMTESCIL-20201202, TR)"
mail.univerrsmail.ru,1,"AS12586 (ASGHOSTNET, DE)"
_dc-mx.b5ae5437cbd2.surveyrmonkey.com,1,"AS14061 (DIGITALOCEAN-ASN - DigitalOcean, LLC, US)"
mx.surmail.com,1,"AS4134 (CHINANET-BACKBONE No.31,Jin-rong Street, CN)"
mail.unmanagli.com,1,"AS12586 (ASGHOSTNET, DE)"
mail.unmentionfml.com,1,"AS12586 (ASGHOSTNET, DE)"
unlimitedlinuxhosting.com,1,"AS32244 (LIQUIDWEB - Liquid Web, L.L.C, US)"
suryaelectricals.com,1,"AS20068 (HAWKHOST - Hawk Host Inc., CA)"
mail.universmyu.ru,1,"AS12586 (ASGHOSTNET, DE)"
mail.universomail.ru,1,"AS12586 (ASGHOSTNET, DE)"
mail.unmeasumail.ru,1,"AS12586 (ASGHOSTNET, DE)"
mail.unprofemail.com,1,"AS12586 (ASGHOSTNET, DE)"
p.suvvs.com,1,
mail.unnecessml.ru,1,"AS12586 (ASGHOSTNET, DE)"
sutterhealth-org.mail.protection.outlook.com,1,"AS8075 (MICROSOFT-CORP-MSN-AS-BLOCK - Microsoft Corporation, US)"
mail.unreadamy.com,1,"AS12586 (ASGHOSTNET, DE)"
mail.unreadic.com,1,"AS12586 (ASGHOSTNET, DE)"
mail.unmarrimail.ru,1,"AS12586 (ASGHOSTNET, DE)"
mail.unreconcfl.com,1,"AS12586 (ASGHOSTNET, DE)"
mail.unmalary.ru,1,"AS12586 (ASGHOSTNET, DE)"
mail.unremunes.com,1,"AS12586 (ASGHOSTNET, DE)"
mail.unrespecto.com,1,"AS12586 (ASGHOSTNET, DE)"
mail.unsatisfix.com,1,"AS12586 (ASGHOSTNET, DE)"
mx-inx.unstonco.com,1,"AS14061 (DIGITALOCEAN-ASN - DigitalOcean, LLC, US)"
mail.unmerifml.ru,1,"AS12586 (ASGHOSTNET, DE)"
mail.unoperml.ru,1,"AS12586 (ASGHOSTNET, DE)"
mail.unsentimmalis.com,1,"AS12586 (ASGHOSTNET, DE)"
mail.unnoticeaml.ru,1,"AS12586 (ASGHOSTNET, DE)"
mail.unspecimale.com,1,"AS12586 (ASGHOSTNET, DE)"
unum2-com.mail.protection.outlook.com,1,
mail.unnecessmails.ru,1,"AS12586 (ASGHOSTNET, DE)"
suzy-email.mail.protection.outlook.com,1,"AS8075 (MICROSOFT-CORP-MSN-AS-BLOCK - Microsoft Corporation, US)"
mail.unrestjo.ru,1,"AS12586 (ASGHOSTNET, DE)"
mail.unopeemail.ru,1,"AS12586 (ASGHOSTNET, DE)"
mail.unrepml.ru,1,"AS12586 (ASGHOSTNET, DE)"
mail.unsystemamail.com,1,"AS12586 (ASGHOSTNET, DE)"
mx2.sute.jp,1,"AS7684 (SAKURA-A SAKURA Internet Inc., JP)"
mail.untenmail.com,1,"AS12586 (ASGHOSTNET, DE)"
mail.unorthofmail.ru,1,"AS12586 (ASGHOSTNET, DE)"
mail.sustaingoods.com,1,"AS9891 (CSLOX-IDC-AS-AP CS LOXINFO Public Company Limited., TH)"
mail.unremiteaaemail.ru,1,"AS12586 (ASGHOSTNET, DE)"
unumx-com.mail.protection.outlook.com,1,"AS8075 (MICROSOFT-CORP-MSN-AS-BLOCK - Microsoft Corporation, US)"
mail.unrecovolml.ru,1,"AS12586 (ASGHOSTNET, DE)"
mail.unpredictab.ru,1,"AS12586 (ASGHOSTNET, DE)"
mail2.g24.pair.com,1,"AS7859 (PAIR-NETWORKS - pair Networks, US)"
5f450921631ccd41bbed097a97ac13.pamx1.hotmail.com,1,"AS8075 (MICROSOFT-CORP-MSN-AS-BLOCK - Microsoft Corporation, US)"
mail.untransmail.com,1,"AS12586 (ASGHOSTNET, DE)"
mail.unsatmail.ru,1,"AS12586 (ASGHOSTNET, DE)"
mail.unsanctifimail.ru,1,"AS12586 (ASGHOSTNET, DE)"
mail.unprejumail.ru,1,"AS12586 (ASGHOSTNET, DE)"
mail.unsanctifimails.ru,1,"AS12586 (ASGHOSTNET, DE)"
mail.unpuamali.ru,1,"AS12586 (ASGHOSTNET, DE)"
mail.untrr.ro,1,"AS16276 (OVH, FR)"
mail.unreconcmail.ru,1,"AS12586 (ASGHOSTNET, DE)"
mail.unreciprmail.ru,1,"AS12586 (ASGHOSTNET, DE)"
mail.sustentafmail.ru,1,"AS12586 (ASGHOSTNET, DE)"
mail.unrecipr.ru,1,"AS12586 (ASGHOSTNET, DE)"
mail.unsatirsmail.ru,1,"AS12586 (ASGHOSTNET, DE)"
mail.unscientifmail.ru,1,"AS12586 (ASGHOSTNET, DE)"
mail.unseasonaml.ru,1,"AS12586 (ASGHOSTNET, DE)"
mail.unsysmails.ru,1,"AS12586 (ASGHOSTNET, DE)"
mail.unsubdivufml.ru,1,"AS12586 (ASGHOSTNET, DE)"
mail.unsubstanmails.ru,1,"AS12586 (ASGHOSTNET, DE)"
mail.unsympathemail.ru,1,"AS12586 (ASGHOSTNET, DE)"
mail.uoom.us,1,
uorak.com,1,"AS14618 (AMAZON-AES - Amazon.com, Inc., US)"
mail.unwormalu.ru,1,"AS12586 (ASGHOSTNET, DE)"
swagflavor.com,1,"AS63949 (AKAMAI-LINODE-AP Akamai Connected Cloud, SG)"
malibuzz.swagmami.com,1,"AS51167 (CONTABO, DE)"
swanintl-com01b.mail.protection.outlook.com,1,"AS8075 (MICROSOFT-CORP-MSN-AS-BLOCK - Microsoft Corporation, US)"
mail.up.agp.edu.pl,1,"AS16276 (OVH, FR)"
sgrmgw5.swatchgroup.com,1,"AS3303 (SWISSCOM Swisscom Switzerland Ltd, CH)"
mail.sweemri.com,1,"AS14061 (DIGITALOCEAN-ASN - DigitalOcean, LLC, US)"
mail.sviodd.com,1,"AS24940 (HETZNER-AS, DE)"
swedbay.org,1,"AS22612 (NAMECHEAP-NET - Namecheap, Inc., US)"
east-mail.sweatpopi.com,1,"AS14061 (DIGITALOCEAN-ASN - DigitalOcean, LLC, US)"
mx.sweetvibes-bakery.com.cust.b.hostedemail.com,1,"AS32491 (TUCOWS-3 - Tucows.com Co., CA)"
mail.swiatlemmalowane.pl,1,"AS41079 (CF-GDA, PL)"
upholt-com.mail.protection.outlook.com,1,"AS8075 (MICROSOFT-CORP-MSN-AS-BLOCK - Microsoft Corporation, US)"
upholdu-com.mail.protection.outlook.com,1,"AS8075 (MICROSOFT-CORP-MSN-AS-BLOCK - Microsoft Corporation, US)"
swipeeat.com,1,"AS7393 (CYBERCON - CYBERCON, INC., US)"
upc.infos.st,1,"AS16276 (OVH, FR)"
mail.uphol.com,1,"AS19871 (NETWORK-SOLUTIONS-HOSTING - Network Solutions, LLC, US)"
mail.uphoid.com,1,"AS39287 (ABSTRACT, FI)"
mxin1-upcmail-ie.edge.unified.services,1,
mail.upmail.pro,1,"AS197540 (NETCUP-AS netcup GmbH, DE)"
uplandscc-com.mail.protection.outlook.com,1,"AS8075 (MICROSOFT-CORP-MSN-AS-BLOCK - Microsoft Corporation, US)"
474607876.pamx1.hotmail.com,1,"AS8075 (MICROSOFT-CORP-MSN-AS-BLOCK - Microsoft Corporation, US)"
uphols.com,1,"AS131965 (XSERVER Xserver Inc., JP)"
mail.swiftlist.io,1,"AS31898 (ORACLE-BMC-31898 - Oracle Corporation, US)"
mail.upliftermail.com,1,"AS12586 (ASGHOSTNET, DE)"
mail.swudutchyy.com,1,"AS47583 (AS-HOSTINGER, CY)"
upple.com,1,"AS58791 (GMOOSK-NET GMO Internet Group, Inc., JP)"
gatewaymx.swva.net,1,"AS16942 (CITIZENS - Citizens Telephone Cooperative, US)"
sxt.com.inbound15.mxlogic.net,1,
mail.upstate.dev,1,"AS63410 (PRIVATESYSTEMS - PrivateSystems Networks, US)"
mail.uppror.se,1,"AS206170 (INLEED, SE)"
mx1.mas.t-systems-service.com,1,"AS34086 (SCZN-AS, DE)"
sycale-com.mail.protection.outlook.com,1,"AS8075 (MICROSOFT-CORP-MSN-AS-BLOCK - Microsoft Corporation, US)"
smtp.sybilmail.de,1,"AS14061 (DIGITALOCEAN-ASN - DigitalOcean, LLC, US)"
mail.sydamail.com,1,"AS12586 (ASGHOSTNET, DE)"
mxa-001bee01.gslb.pphosted.com,1,"AS26211 (PROOFPOINT-ASN-US-WEST - Proofpoint, Inc., US)"
mail21.mymailcheap.com,1,"AS16276 (OVH, FR)"
mail.urbismail.com,1,"AS32613 (IWEB-AS - Leaseweb Canada Inc., CA)"
mail.uranostaphmail.com,1,"AS12586 (ASGHOSTNET, DE)"
syap.com,1,"AS47302 (CYON, CH)"
mail.synarca.com,1,"AS14061 (DIGITALOCEAN-ASN - DigitalOcean, LLC, US)"
mail.symbolab.ai,1,"AS24940 (HETZNER-AS, DE)"
mail.synapsehq.cfd,1,"AS24940 (HETZNER-AS, DE)"
mail.syncax.com,1,"AS14061 (DIGITALOCEAN-ASN - DigitalOcean, LLC, US)"
mail.symbolicfmk.com,1,"AS12586 (ASGHOSTNET, DE)"
nlevel3mx.urgechen.com,1,"AS14061 (DIGITALOCEAN-ASN - DigitalOcean, LLC, US)"
_dc-mx.caba5cd90f6d.urlme.online,1,"AS20068 (HAWKHOST - Hawk Host Inc., CA)"
mail.sybaaemail.ru,1,"AS12586 (ASGHOSTNET, DE)"
_dc-mx.27bd541940e1.syndicatemortgages.com,1,"AS16509 (AMAZON-02 - Amazon.com, Inc., US)"
mail.ureteromail.com,1,"AS12586 (ASGHOSTNET, DE)"
synami-com.mail.protection.outlook.com,1,"AS8075 (MICROSOFT-CORP-MSN-AS-BLOCK - Microsoft Corporation, US)"
uretemail.com,1,"AS213702 (QWINS-LTD QWINS AS-SET: ~ # AS213702:AS-CUSTOMERS, GB)"
mx.sympatico.ca,1,"AS577 (BACOM - Bell Canada, CA)"
mail.uranosc.ru,1,"AS12586 (ASGHOSTNET, DE)"
mail.synovaris.cfd,1,"AS203446 (AS203446, GB)"
mail.urbanmail.ru,1,"AS12586 (ASGHOSTNET, DE)"
mail.uraplive.com,1,"AS51167 (CONTABO, DE)"
mail.uranmails.ru,1,"AS12586 (ASGHOSTNET, DE)"
mail.symphysmail.ru,1,"AS12586 (ASGHOSTNET, DE)"
mail.sympathemail.ru,1,"AS12586 (ASGHOSTNET, DE)"
mail.syfilis.ru,1,"AS29182 (RU-JSCIOT, RU)"
mail.syllafmail.ru,1,"AS12586 (ASGHOSTNET, DE)"
uqm-fi.mail.avaruus.net,1,"AS51311 (ASNS, FI)"
mail.urethromail.ru,1,"AS12586 (ASGHOSTNET, DE)"
mail.symmetrsmail.ru,1,"AS12586 (ASGHOSTNET, DE)"
mail.uretercystmail.ru,1,"AS12586 (ASGHOSTNET, DE)"
systel-us.mail.protection.outlook.com,1,"AS8075 (MICROSOFT-CORP-MSN-AS-BLOCK - Microsoft Corporation, US)"
mxhostjjgaxa.syslinknet.com,1,"AS14061 (DIGITALOCEAN-ASN - DigitalOcean, LLC, US)"
mail.uretersmail.ru,1,"AS12586 (ASGHOSTNET, DE)"
mail.symphyseotomy.ru,1,"AS12586 (ASGHOSTNET, DE)"
system4northflorida-net01i.mail.protection.outlook.com,1,"AS8075 (MICROSOFT-CORP-MSN-AS-BLOCK - Microsoft Corporation, US)"
mail.ureterogmail.ru,1,"AS12586 (ASGHOSTNET, DE)"
mail.symptomatruby.ru,1,"AS12586 (ASGHOSTNET, DE)"
mail.urobilmail.ru,1,"AS12586 (ASGHOSTNET, DE)"
sytolmail.com,1,"AS213702 (QWINS-LTD QWINS AS-SET: ~ # AS213702:AS-CUSTOMERS, GB)"
mail2.no-ip.com,1,"AS32181 (ASN-GIGENET - GigeNET, US)"
system4sjv-net.mail.protection.outlook.com,1,"AS8075 (MICROSOFT-CORP-MSN-AS-BLOCK - Microsoft Corporation, US)"
usaaa-com.mail.protection.outlook.com,1,"AS8075 (MICROSOFT-CORP-MSN-AS-BLOCK - Microsoft Corporation, US)"
mx.usa1.com.cust.b.hostedemail.com,1,"AS32491 (TUCOWS-3 - Tucows.com Co., CA)"
mail.usa.edu.pl,1,"AS24940 (HETZNER-AS, DE)"
usaam-com.mail.protection.outlook.com,1,"AS8075 (MICROSOFT-CORP-MSN-AS-BLOCK - Microsoft Corporation, US)"
urwifi.guru,1,"AS29757 (WEBLINE19 - Webline Services Inc, US)"
mail.urologcenter.ru,1,"AS29182 (RU-JSCIOT, RU)"
usagica.com,1,"AS7506 (INTERQ GMO Internet Group, Inc., JP)"
usach-com.mail.protection.outlook.com,1,"AS8075 (MICROSOFT-CORP-MSN-AS-BLOCK - Microsoft Corporation, US)"
mailx.szap.com,1,"AS17623 (CNCGROUP-SZ China Unicom Shenzen network, CN)"
mx1.briteberri.net,1,"AS8075 (MICROSOFT-CORP-MSN-AS-BLOCK - Microsoft Corporation, US)"
_dc-mx.13074b11bed4.t-email.org,1,"AS47583 (AS-HOSTINGER, CY)"
tmobile-com0c.mail.protection.outlook.com,1,"AS8075 (MICROSOFT-CORP-MSN-AS-BLOCK - Microsoft Corporation, US)"
mail.urules.ru,1,"AS211642 (ADMINVPS, RU)"
w0157741.kasserver.com,1,"AS34788 (NMM-AS D - 02742 Friedersdorf Hauptstrasse 68, DE)"
mail.usareplicawatch.com,1,"AS58791 (GMOOSK-NET GMO Internet Group, Inc., JP)"
mail.usako.be,1,"AS8075 (MICROSOFT-CORP-MSN-AS-BLOCK - Microsoft Corporation, US)"
mail.t-mail.asia,1,"AS16276 (OVH, FR)"
mail.t-m.pw,1,"AS12586 (ASGHOSTNET, DE)"
gsinult4.hostarmada.net,1,"AS59253 (LEASEWEB-APAC-SIN-11 LEASEWEB SINGAPORE PTE. LTD., SG)"
usaza.com,1,"AS19871 (NETWORK-SOLUTIONS-HOSTING - Network Solutions, LLC, US)"
t24e4p7.com,1,"AS47583 (AS-HOSTINGER, CY)"
mxa-00110801.gslb.pphosted.com,1,"AS52129 (PROOFPOINT-ASN-EU, US)"
t.119fk.com,1,"AS132203 (TENCENT-NET-AP-CN Tencent Building, Kejizhongyi Avenue, CN)"
mx.t-online.hu,1,"AS5483 (MAGYAR-TELEKOM-MAIN-AS Magyar Telekom Nyrt., HU)"
d15381a.ess.barracudanetworks.com,1,"AS16509 (AMAZON-02 - Amazon.com, Inc., US)"
mail1.usbank.com,1,"AS3147 (US-BANCORP - U.S. BANCORP, US)"
mail.t3t97d1d.com,1,"AS47583 (AS-HOSTINGER, CY)"
tabak003.usdatapoint.com,1,"AS14061 (DIGITALOCEAN-ASN - DigitalOcean, LLC, US)"
p.usduu.com,1,"AS401696 (COGNETCLOUD - cognetcloud INC, US)"
mail2.t-b-k.ru,1,"AS16262 (DATACHEAP-LLC-AS, RU)"
mail.usefulab.com,1,"AS47583 (AS-HOSTINGER, CY)"
mail.use.carolinensielhafen.click,1,"AS51167 (CONTABO, DE)"
usbtoken.ro,1,"AS5606 (GTS-BACKBONE GTS Telecom, RO)"
mail.t-d-ural.ru,1,"AS29648 (COMLINE-AS, RU)"
usgbank-com.mail.protection.outlook.com,1,
mail.t5d.com,1,"AS40092 (ONIAAS - HostPapa, US)"
mail.usharingk.com,1,"AS47583 (AS-HOSTINGER, CY)"
usia-com.mail.protection.outlook.com,1,"AS8075 (MICROSOFT-CORP-MSN-AS-BLOCK - Microsoft Corporation, US)"
_dc-mx.6922a5c5658b.usm.ovh,1,"AS24940 (HETZNER-AS, DE)"
mail.uspeakw.com,1,"AS47583 (AS-HOSTINGER, CY)"
mail.ustudentli.com,1,"AS47583 (AS-HOSTINGER, CY)"
taaltoon.nl,1,"AS20857 (TRANSIP-AS Amsterdam, the Netherlands, NL)"
w02014e8.kasserver.com,1,"AS34788 (NMM-AS D - 02742 Friedersdorf Hauptstrasse 68, DE)"
usu-com.mail.protection.outlook.com,1,"AS8075 (MICROSOFT-CORP-MSN-AS-BLOCK - Microsoft Corporation, US)"
mail.usedhospitalbeds.com,1,"AS29182 (RU-JSCIOT, RU)"
relay.steelweb.org,1,"AS7018 (ATT-INTERNET4 - AT&T Enterprises, LLC, US)"
gate.usualion.com,1,"AS14061 (DIGITALOCEAN-ASN - DigitalOcean, LLC, US)"
mail.ustilali.com,1,"AS12586 (ASGHOSTNET, DE)"
mail.usufrmail.com,1,"AS12586 (ASGHOSTNET, DE)"
mail.ustilagimy.com,1,"AS12586 (ASGHOSTNET, DE)"
rte01.tabletship.com,1,"AS14061 (DIGITALOCEAN-ASN - DigitalOcean, LLC, US)"
mtag.tachnuqia.com,1,"AS14061 (DIGITALOCEAN-ASN - DigitalOcean, LLC, US)"
mail.tabernarsmail.ru,1,"AS12586 (ASGHOSTNET, DE)"
mx.utimail.com,1,"AS29873 (BIZLAND-SD - Newfold Digital, Inc., US)"
smtp.tacomail.de,1,"AS14061 (DIGITALOCEAN-ASN - DigitalOcean, LLC, US)"
mail.uterfl.com,1,"AS12586 (ASGHOSTNET, DE)"
utilityassistance.org,1,"AS54641 (IMH-IAD - InMotion Hosting, Inc., US)"
mail.tacoblastmail.com,1,"AS12586 (ASGHOSTNET, DE)"
mail.utiliseremail.com,1,"AS12586 (ASGHOSTNET, DE)"
mail.usufrmails.ru,1,"AS12586 (ASGHOSTNET, DE)"
mail.utoo.email,1,"AS47583 (AS-HOSTINGER, CY)"
mail.tempemails.xyz,1,"AS24940 (HETZNER-AS, DE)"
mail.ekspreso.net,1,"AS63949 (AKAMAI-LINODE-AP Akamai Connected Cloud, SG)"
mail.utoro.com,1,"AS9370 (SAKURA-B SAKURA Internet Inc., JP)"
_dc-mx.7ccbf0c60908.uuaoo.com,1,
mx.kerjamail.co,1,"AS136052 (IDNIC-IDCLOUDHOST-AS-ID PT Cloud Hosting Indonesia, ID)"
tahuisi.buzz,1,"AS47583 (AS-HOSTINGER, CY)"
mx1.ipax.at,1,"AS44133 (IPAX-AS, AT)"
mail.utemail.ru,1,"AS12586 (ASGHOSTNET, DE)"
mail.utirsmail.ru,1,"AS12586 (ASGHOSTNET, DE)"
_dc-mx.347f1b56eebb.taichungpools.com,1,"AS22612 (NAMECHEAP-NET - Namecheap, Inc., US)"
mail.uteromalu.ru,1,"AS12586 (ASGHOSTNET, DE)"
mail.uterocesalo.ru,1,"AS12586 (ASGHOSTNET, DE)"
tagara.infos.st,1,"AS16276 (OVH, FR)"
tagmymedia.com,1,"AS51713 (WHG-LON, GB)"
omzsmtpe02.verizonbusiness.com,1,"AS3378 (MCI-ASN - Verizon Business, US)"
upimage.net,1,"AS42846 (GUZELHOSTING GNET INTERNET TELEKOMUNIKASYON A.S., TR)"
mail.taimb.com,1,"AS14061 (DIGITALOCEAN-ASN - DigitalOcean, LLC, US)"
mx1.uukx.info,1,"AS200107 (KL-EXT, CH)"
uptimebee.com,1,"AS19318 (IS-AS-1 - Interserver, Inc, US)"
mx.uvvc.info,1,"AS14061 (DIGITALOCEAN-ASN - DigitalOcean, LLC, US)"
mail.takeitsocial.com,1,"AS394695 (PUBLIC-DOMAIN-REGISTRY - PDR, US)"
mail.uralmaxx.ru,1,
mail.tafoi.gr,1,"AS16276 (OVH, FR)"
mx.talgem.com,1,"AS29873 (BIZLAND-SD - Newfold Digital, Inc., US)"
talkingaboutfinance-com.mail.protection.outlook.com,1,"AS8075 (MICROSOFT-CORP-MSN-AS-BLOCK - Microsoft Corporation, US)"
talantir-com.mail.protection.outlook.com,1,"AS8075 (MICROSOFT-CORP-MSN-AS-BLOCK - Microsoft Corporation, US)"
mail.talenmail.com,1,"AS12586 (ASGHOSTNET, DE)"
talkiebuddy.com,1,"AS32475 (SINGLEHOP-LLC - Internap Holding LLC, US)"
mx002.tt.xion.oxcs.net,1,"AS16276 (OVH, FR)"
mail.taltalk.net,1,"AS19318 (IS-AS-1 - Interserver, Inc, US)"
mail.glinxy.org,1,"AS24940 (HETZNER-AS, DE)"
mail.tanamail.com,1,"AS24940 (HETZNER-AS, DE)"
mail.talismana.ru,1,"AS13335 (CLOUDFLARENET - Cloudflare, Inc., US)"
tandemgleitschirmflug-de.mail.protection.outlook.com,1,"AS8075 (MICROSOFT-CORP-MSN-AS-BLOCK - Microsoft Corporation, US)"
mail.tanfem.com,1,"AS22611 (INMOTION - InMotion Hosting, Inc., US)"
tan9595.com,1,"AS63023 (AS-GLOBALTELEHOST - GTHost, US)"
tampaflcomputerrepair.com,1,"AS33182 (DIMENOC - HostDime.com, Inc., US)"
mail.talonamails.ru,1,"AS12586 (ASGHOSTNET, DE)"
s13603.fra1.stableserver.net,1,"AS209341 (WHG-FRA, GB)"
mail.unylix.com,1,"AS24940 (HETZNER-AS, DE)"
mxa-00173301.gslb.pphosted.com,1,"AS22843 (PROOFPOINT-ASN-US-EAST - Proofpoint, Inc., US)"
mail.tamabebml.ru,1,"AS12586 (ASGHOSTNET, DE)"
taphoa.shop,1,"AS59253 (LEASEWEB-APAC-SIN-11 LEASEWEB SINGAPORE PTE. LTD., SG)"
mail.tanoem.com,1,"AS45544 (SUPERDATA-AS-VN SUPERDATA-, VN)"
mail.tapinmalis.com,1,"AS12586 (ASGHOSTNET, DE)"
mail.tartoor.com,1,"AS47583 (AS-HOSTINGER, CY)"
mail.taskscbo.com,1,"AS47583 (AS-HOSTINGER, CY)"
tarqem-com.mail.protection.outlook.com,1,"AS8075 (MICROSOFT-CORP-MSN-AS-BLOCK - Microsoft Corporation, US)"
mail.usgeek.org,1,"AS3842 (RAMNODE - InMotion Hosting, Inc., US)"
bak002.tasteofriver.com,1,"AS14061 (DIGITALOCEAN-ASN - DigitalOcean, LLC, US)"
mxb-0020ab02.gslb.pphosted.com,1,"AS22843 (PROOFPOINT-ASN-US-EAST - Proofpoint, Inc., US)"
mail0001.tariffenet.it,1,"AS24940 (HETZNER-AS, DE)"
tatsu.uk,1,"AS7506 (INTERQ GMO Internet Group, Inc., JP)"
mail.tatilbonus.com,1,"AS51557 (TR-ISIMTESCIL-20201202, TR)"
mxa-00232e01.gslb.pphosted.com,1,"AS26211 (PROOFPOINT-ASN-US-WEST - Proofpoint, Inc., US)"
mail.taugr.com,1,"AS14061 (DIGITALOCEAN-ASN - DigitalOcean, LLC, US)"
taupoker.org,1,"AS394380 (LEASEWEB-USA-DAL - Leaseweb USA, Inc., US)"
taxexpertnow-com.mail.protection.outlook.com,1,"AS8075 (MICROSOFT-CORP-MSN-AS-BLOCK - Microsoft Corporation, US)"
taurusbet.org,1,"AS262287 (Latitude.sh LTDA, BR)"
mail.targem.com,1,"AS62214 (RACKFOREST-AS, HU)"
taxisrilanka.co.uk,1,"AS52148 (ENIXLTD, GB)"
mail.tbuildersw.com,1,"AS47583 (AS-HOSTINGER, CY)"
tbuist-com.mail.protection.outlook.com,1,"AS8075 (MICROSOFT-CORP-MSN-AS-BLOCK - Microsoft Corporation, US)"
mail.tautomermail.ru,1,"AS12586 (ASGHOSTNET, DE)"
mail.visbella.store,1,"AS63949 (AKAMAI-LINODE-AP Akamai Connected Cloud, SG)"
mail.talmo.online,1,"AS216139 (IRONHOST, GB)"
mail.tchatsenegal.com,1,"AS22653 (GLOBALCOMPASS - Cyber Wurx LLC, US)"
mail.tchatrencontrenc.com,1,"AS22653 (GLOBALCOMPASS - Cyber Wurx LLC, US)"
prefix1.tcc.on.ca,1,"AS395173 (AS-TCCL-18 - Tuckersmith Communications Co-Operative Limited, CA)"
td3-com.mail.protection.outlook.com,1,"AS8075 (MICROSOFT-CORP-MSN-AS-BLOCK - Microsoft Corporation, US)"
tdg-com.mail.protection.outlook.com,1,
mail.tdavis2000.com,1,"AS29873 (BIZLAND-SD - Newfold Digital, Inc., US)"
mail.tdconcreteandconstruction.com,1,"AS55293 (A2HOSTING - A2 Hosting, Inc., US)"
mail.tde-ga.com,1,"AS55293 (A2HOSTING - A2 Hosting, Inc., US)"
tdisystems.co.uk,1,"AS32475 (SINGLEHOP-LLC - Internap Holding LLC, US)"
mx2.supremebox.com,1,"AS14555 (LIQUIDNETLTD1 - LiquidNet US LLC, US)"
mail.tdiradio.com,1,"AS51167 (CONTABO, DE)"
tdl.com,1,"AS6939 (HURRICANE - Hurricane Electric LLC, US)"
mail.tdcb.com.tw,1,"AS3462 (HINET Data Communication Business Group, TW)"
mail.tdcsltd.co.uk,1,"AS31898 (ORACLE-BMC-31898 - Oracle Corporation, US)"
mx1.tde.com,1,"AS16509 (AMAZON-02 - Amazon.com, Inc., US)"
mail.tda-sgft.com,1,"AS8560 (IONOS-AS This is the joint network for IONOS, Fasthosts, Arsys, 1&1 Mail and Media and 1&1 Telecom. Formerly known as 1&1 Internet SE., DE)"
mail.tdk-eng.pl,1,"AS29522 (CF-KRK, PL)"
mail.tdphotography.ca,1,"AS40092 (ONIAAS - HostPapa, US)"
tdibi-com0i.mail.protection.outlook.com,1,"AS8075 (MICROSOFT-CORP-MSN-AS-BLOCK - Microsoft Corporation, US)"
mail.tdnlawgroup.com,1,"AS46606 (UNIFIEDLAYER-AS-1 - Unified Layer, US)"
mail.tdhintl.net,1,"AS26337 (OIS1 - Oso Grande IP Services, LLC, US)"
mailgw.tracenet.cz,1,"AS42422 (SECURITYNET-AS, CZ)"
mail.tdh.com,1,"AS11878 (TZULO - tzulo, inc., US)"
mh102.infi.net,1,"AS14446 (CNT-ASN - Central Newspapers Technologies Inc., US)"
tdsgroup.in,1,"AS46606 (UNIFIEDLAYER-AS-1 - Unified Layer, US)"
tdict-nl0e.mail.protection.outlook.com,1,"AS8075 (MICROSOFT-CORP-MSN-AS-BLOCK - Microsoft Corporation, US)"
mx0b-00292f01.pphosted.com,1,"AS22843 (PROOFPOINT-ASN-US-EAST - Proofpoint, Inc., US)"
mail.tdstechng.com,1,"AS46606 (UNIFIEDLAYER-AS-1 - Unified Layer, US)"
tdsla-com.mail.protection.outlook.com,1,"AS8075 (MICROSOFT-CORP-MSN-AS-BLOCK - Microsoft Corporation, US)"
it4u.cyfox.com,1,"AS396982 (GOOGLE-CLOUD-PLATFORM - Google LLC, US)"
mail.tdplumbing.com,1,"AS701 (UUNET - Verizon Business, US)"
mxa-00549401.gslb.pphosted.com,1,"AS22843 (PROOFPOINT-ASN-US-EAST - Proofpoint, Inc., US)"
mail.tdisystems.ca,1,"AS40476 (SCALAHOSTING - Scala Hosting LLC, US)"
tda.mail.protection.office365.us,1,"AS8075 (MICROSOFT-CORP-MSN-AS-BLOCK - Microsoft Corporation, US)"
tds-com.mail.protection.outlook.com,1,"AS8075 (MICROSOFT-CORP-MSN-AS-BLOCK - Microsoft Corporation, US)"
mail.tdf-online.de,1,"AS31103 (KEYWEB-AS, DE)"
mail.tdubmn.com,1,"AS8739 (ICDSOFT, BG)"
mail.tdw.com.pl,1,"AS41079 (CF-GDA, PL)"
tdt-com.mail.protection.outlook.com,1,"AS8075 (MICROSOFT-CORP-MSN-AS-BLOCK - Microsoft Corporation, US)"
tdstech-com.mail.protection.outlook.com,1,"AS8075 (MICROSOFT-CORP-MSN-AS-BLOCK - Microsoft Corporation, US)"
mail.teacher.semar.edu.pl,1,"AS16276 (OVH, FR)"
te-com.mail.protection.outlook.com,1,"AS8075 (MICROSOFT-CORP-MSN-AS-BLOCK - Microsoft Corporation, US)"
mail.tdcom.fr,1,"AS34177 (CELESTE-AS CELESTE - Internet services provider, FR)"
mail.tdtpowersteel.com.ph,1,"AS9299 (IPG-AS-AP Philippine Long Distance Telephone Company, PH)"
mail.tdrrecords.net,1,"AS8739 (ICDSOFT, BG)"
tdwcloseouts-com.mail.protection.outlook.com,1,"AS8075 (MICROSOFT-CORP-MSN-AS-BLOCK - Microsoft Corporation, US)"
pmg.se2e.de,1,"AS24940 (HETZNER-AS, DE)"
mail.td-engineering.pl,1,"AS41079 (CF-GDA, PL)"
mail.tdmgroup.pl,1,"AS47544 (IQPL-AS, PL)"
mail.tdproject.pl,1,"AS41079 (CF-GDA, PL)"
mail.tdd520.com,1,"AS132203 (TENCENT-NET-AP-CN Tencent Building, Kejizhongyi Avenue, CN)"
mail.tdhnarath.com,1,"AS9891 (CSLOX-IDC-AS-AP CS LOXINFO Public Company Limited., TH)"
mxa-002f3801.gslb.pphosted.com,1,"AS26211 (PROOFPOINT-ASN-US-WEST - Proofpoint, Inc., US)"
us1mail01.teledyne.com,1,"AS397353 (TDY-US1-DC - Teledyne Technologies Incorporated, US)"
mail.tdri.com,1,"AS16276 (OVH, FR)"
td-pilstanj.si.mcp.controlpanel.si,1,"AS43128 (DHH-AS, SI)"
teaelcreative-com.mail.protection.outlook.com,1,"AS8075 (MICROSOFT-CORP-MSN-AS-BLOCK - Microsoft Corporation, US)"
webmail.tdt.it,1,"AS56320 (VIKING-AS, IT)"
tcl-com.corpsmtp.net,1,"AS14061 (DIGITALOCEAN-ASN - DigitalOcean, LLC, US)"
gws-03.tdm.de,1,"AS12312 (ECOTEL, DE)"
panel.visit-site.xyz,1,"AS60781 (LEASEWEB-NL-AMS-01 Netherlands, NL)"
team-mailsac-com.mail.protection.outlook.com,1,"AS8075 (MICROSOFT-CORP-MSN-AS-BLOCK - Microsoft Corporation, US)"
mail.tdvideo.com.br,1,"AS31898 (ORACLE-BMC-31898 - Oracle Corporation, US)"
mail.tdlawfirm.com,1,"AS31083 (TELEPOINT, BG)"
mail.tdmwater.vn,1,"AS18403 (FPT-AS-AP FPT Telecom Company, VN)"
mail.tdmtravel.hu,1,"AS14061 (DIGITALOCEAN-ASN - DigitalOcean, LLC, US)"
tdrelectronics.co.uk,1,"AS34282 (UKNOC-AS, GB)"
mail.tdrnetworks.com,1,"AS31641 (ATLAS-COMMUNICATIONS-AS, GB)"
mail.tddblog.com,1,"AS12843 (TELEMAXX, DE)"
tdz.com,1,"AS60494 (UNELINK, ES)"
malibuzz.teamster.com,1,"AS51167 (CONTABO, DE)"
mail.tdtkeramiek.be,1,"AS206281 (AS-ZXCS, NL)"
mail.tdpdriussipietro.it,1,"AS60087 (ASSUPERNOVA, IT)"
mail.tdtdqn.online,1,"AS132203 (TENCENT-NET-AP-CN Tencent Building, Kejizhongyi Avenue, CN)"
mail.td-line.de,1,"AS42730 (EVANZOAS, DE)"
mail.tdfcantabria.com,1,"AS16276 (OVH, FR)"
mail.tdr.net.au,1,"AS45671 (AS45671-NET-AU Wholesale Services Provider, AU)"
mail.tdfc.de,1,"AS42730 (EVANZOAS, DE)"
mail.tdyn.org,1,"AS395532 (1P-WSS - Web Site Source, US)"
mail.tdvmedia.es,1,"AS196713 (ABANSYS_AND_HOSTYTEC-AS C. Charles Robert Darwin, 11, ES)"
mail.tdkd.org.tr,1,"AS56643 (UZAKNET, TR)"
mail.tdkit.ru,1,"AS47655 (LINKINTEL, RU)"
techdf-com.mail.protection.outlook.com,1,"AS8075 (MICROSOFT-CORP-MSN-AS-BLOCK - Microsoft Corporation, US)"
techgroup-me.mail.protection.outlook.com,1,"AS8075 (MICROSOFT-CORP-MSN-AS-BLOCK - Microsoft Corporation, US)"
mail.tdfermer.kz,1,"AS207333 (HOSTER-AST Hoster.KZ - Astana, KZ)"
mail.tdm.hu,1,"AS62214 (RACKFOREST-AS, HU)"
mail.tdv.at,1,"AS8447 (A1TELEKOM-AT A1 Telekom Austria AG, AT)"
tdezor.io,1,"AS199968 (IWSNET, AM)"
hosting.conseev.com,1,"AS206834 (TEAMINTERNET-CA-AS, DE)"
mail.tdmparis.com,1,"AS21409 (IKOULA, FR)"
protector-node-sec.cloud258.com,1,"AS38283 (CHINANET-SCIDC-AS-AP CHINANET SiChuan Telecom Internet Data Center, CN)"
mail.td-dravlje.si,1,"AS43128 (DHH-AS, SI)"
mail.tdico.net,1,"AS60976 (POL, IR)"
mail.tdera.ru,1,"AS60913 (UR-AS, RU)"
mail.tdf-ecotech.by,1,"AS6697 (BELPAK-AS BELPAK, BY)"
106422138.pamx1.hotmail.com,1,"AS8075 (MICROSOFT-CORP-MSN-AS-BLOCK - Microsoft Corporation, US)"
mail.techtary.com,1,"AS14061 (DIGITALOCEAN-ASN - DigitalOcean, LLC, US)"
mail.techromo.com,1,"AS18779 (EGIHOSTING - EGIHosting, US)"
mail.tdrez.ru,1,"AS35278 (SPRINTHOST, RU)"
tds.net.id,1,"AS38750 (TDS-AS-ID Telemedia Dinamika Sarana, PT, ID)"
mail.tedla.com,1,"AS7922 (COMCAST-7922 - Comcast Cable Communications, LLC, US)"
mail.teearsw.com,1,"AS47583 (AS-HOSTINGER, CY)"
mx.tecmur2.org,1,
techchamak.com,1,"AS63023 (AS-GLOBALTELEHOST - GTHost, US)"
mail.tds.ge,1,"AS35805 (SILKNET-AS Silknet Autonomous System, GE)"
mail.teeuk.com,1,"AS47583 (AS-HOSTINGER, CY)"
mail.teewars.org,1,"AS24940 (HETZNER-AS, DE)"
mx.a.cronos-painel.com,1,"AS27715 (Locaweb Servicos de Internet SA, BR)"
mx.c.cronos-painel.com,1,"AS27715 (Locaweb Servicos de Internet SA, BR)"
teezor.io,1,"AS200514 (KNOWNSRV, GB)"
mail.teiracing.com,1,"AS31898 (ORACLE-BMC-31898 - Oracle Corporation, US)"
teensexgif.com,1,"AS149020 (WEBHORIZON-AS-AP WebHorizon Internet Services, SG)"
mail.tememail.org,1,
_dc-mx.7dcc18a7e28e.teliemail.site,1,"AS24940 (HETZNER-AS, DE)"
_dc-mx.73acc77ca988.teligmail.site,1,"AS24940 (HETZNER-AS, DE)"
_dc-mx.6b4a687d9d89.teligmail.store,1,"AS24940 (HETZNER-AS, DE)"
_dc-mx.5987f60d539f.telimail.online,1,"AS24940 (HETZNER-AS, DE)"
mail.telesysbpo.com,1,"AS32097 (WII - WholeSale Internet, Inc., US)"
teknoaiglobal.com,1,"AS58487 (CRI-AS-AP CV. Rumahweb Indonesia, ID)"
mail.telemetrfl.com,1,"AS12586 (ASGHOSTNET, DE)"
telemessage-com.mail.protection.outlook.com,1,"AS8075 (MICROSOFT-CORP-MSN-AS-BLOCK - Microsoft Corporation, US)"
tel-com.mail.protection.outlook.com,1,"AS8075 (MICROSOFT-CORP-MSN-AS-BLOCK - Microsoft Corporation, US)"
telsa-com.b-v1.mx.microsoft,1,"AS8075 (MICROSOFT-CORP-MSN-AS-BLOCK - Microsoft Corporation, US)"
mail.teleolomfri.com,1,"AS12586 (ASGHOSTNET, DE)"
mail.temp-emails.org,1,"AS51167 (CONTABO, DE)"
_dc-mx.5d71931657d7.temp-inbox.me,1,"AS19318 (IS-AS-1 - Interserver, Inc, US)"
mail.temp-mail.best,1,"AS8560 (IONOS-AS This is the joint network for IONOS, Fasthosts, Arsys, 1&1 Mail and Media and 1&1 Telecom. Formerly known as 1&1 Internet SE., DE)"
_dc-mx.8236f27b95b9.temp-mail.asia,1,"AS16276 (OVH, FR)"
mail.temp-mail-email.org,1,"AS24940 (HETZNER-AS, DE)"
mail.tdata.it,1,"AS52030 (SERVERPLAN-AS, IT)"
mail.temp-mail.snaper24.com,1,"AS16509 (AMAZON-02 - Amazon.com, Inc., US)"
telkomuniversity.duckdns.org,1,"AS16276 (OVH, FR)"
telsmart-info.mail.protection.outlook.com,1,"AS8075 (MICROSOFT-CORP-MSN-AS-BLOCK - Microsoft Corporation, US)"
mail.temp-mail-go.info,1,"AS35916 (MULTA-ASN1 - MULTACOM CORPORATION, US)"
mail-server-1.tronics.dev,1,"AS16276 (OVH, FR)"
mail.telecommml.ru,1,"AS12586 (ASGHOSTNET, DE)"
mail.temp.edu.pl,1,"AS42846 (GUZELHOSTING GNET INTERNET TELEKOMUNIKASYON A.S., TR)"
mail.telemetmail.ru,1,"AS12586 (ASGHOSTNET, DE)"
tnetmx.telefonica.net,1,"AS16371 (ACENS_AS Spain Hosting, housing and VPN services, ES)"
_dc-mx.8c6cffccfc57.temp.ly,1,"AS206216 (ADVIN-AS, US)"
mail.telethfkml.ru,1,"AS12586 (ASGHOSTNET, DE)"
mail.temp-email.id,1,"AS55688 (BEON-AS-ID PT. Beon Intermedia, ID)"
mail.telecommunicattmail.ru,1,"AS12586 (ASGHOSTNET, DE)"
mail.telangrsmail.ru,1,"AS12586 (ASGHOSTNET, DE)"
mail.temp-mail-365.info,1,"AS35916 (MULTA-ASN1 - MULTACOM CORPORATION, US)"
_dc-mx.c197c19096bd.tempathiburan.com,1,"AS22612 (NAMECHEAP-NET - Namecheap, Inc., US)"
phdmail-net.p10.mxthunder.com,1,"AS13767 (DATABANK-DFW - DataBank Holdings, Ltd., US)"
mail.tempemail.ninja,1,"AS40676 (AS40676 - Psychz Networks, US)"
_dc-mx.5e39744b76c6.tempail.email,1,"AS16276 (OVH, FR)"
mail.temperal-mail.store,1,"AS51167 (CONTABO, DE)"
mx1.temp1.club,1,"AS200107 (KL-EXT, CH)"
mail.telomerimail.ru,1,"AS12586 (ASGHOSTNET, DE)"
mx001.tempemail.biz,1,"AS24940 (HETZNER-AS, DE)"
mx.sapo.pt,1,"AS3243 (MEO-RESIDENCIAL, PT)"
tempitmail.online,1,"AS47583 (AS-HOSTINGER, CY)"
mail01.tempe-mail.com,1,"AS36351 (SOFTLAYER - IBM Cloud, US)"
_dc-mx.00fa934865be.tempizo.com,1,"AS16276 (OVH, FR)"
mail.tempinbox.xyz,1,"AS46475 (LIMESTONENETWORKS - Limestone Networks, Inc., US)"
mail.tempemailbox.com,1,"AS47583 (AS-HOSTINGER, CY)"
mail.telephomalu.ru,1,"AS12586 (ASGHOSTNET, DE)"
mail.tempbox.fr,1,"AS8560 (IONOS-AS This is the joint network for IONOS, Fasthosts, Arsys, 1&1 Mail and Media and 1&1 Telecom. Formerly known as 1&1 Internet SE., DE)"
mail.temploop.net,1,"AS47583 (AS-HOSTINGER, CY)"
mail.telecomix.pl,1,"AS197155 (ARTNET, PL)"
mail.televisionjo.ru,1,"AS12586 (ASGHOSTNET, DE)"
_dc-mx.5e5e17bc6c36.tempmail.cc,1,"AS14061 (DIGITALOCEAN-ASN - DigitalOcean, LLC, US)"
temp-mailfb.shop,1,"AS136246 (TOMATTOSTL-AS-AP Tomattos Technologies Ltd., BD)"
_dc-mx.300bbbb45ac8.tempemailo.org,1,"AS30277 (DFW-DATACENTER - DFW Datacenter, US)"
tempemail.net,1,"AS36007 (KAMATERA - Kamatera, Inc., US)"
ustemp.us,1,"AS24961 (MYLOC-AS IP Backbone of WIIT AG formerly myLoc managed IT AG, DE)"
tempbox.co.uk,1,"AS34931 (AWARESOFT, GB)"
mail.tempmail44.com,1,"AS136246 (TOMATTOSTL-AS-AP Tomattos Technologies Ltd., BD)"
mail.tempmail.us.com,1,"AS16276 (OVH, FR)"
emailfwd.tempmail.ca,1,"AS16276 (OVH, FR)"
mx.temp.skymeshdynamics.com,1,"AS30886 (KOMITEX-AS, UA)"
mx.delivery.tmail.thehp.in,1,
mail.tempmail.rest,1,"AS24940 (HETZNER-AS, DE)"
mail.tempmail3.com,1,"AS47583 (AS-HOSTINGER, CY)"
smtp.tempmail365.com,1,"AS132203 (TENCENT-NET-AP-CN Tencent Building, Kejizhongyi Avenue, CN)"
_dc-mx.60a5fea121b1.tempmail.dev,1,"AS29802 (HVC-AS - HIVELOCITY, Inc., US)"
mail.tempmail.io,1,"AS14061 (DIGITALOCEAN-ASN - DigitalOcean, LLC, US)"
mail.tempmail.ws,1,"AS8560 (IONOS-AS This is the joint network for IONOS, Fasthosts, Arsys, 1&1 Mail and Media and 1&1 Telecom. Formerly known as 1&1 Internet SE., DE)"
temp-mail.guru,1,"AS136246 (TOMATTOSTL-AS-AP Tomattos Technologies Ltd., BD)"
tempemails.io,1,"AS46562 (PERFORMIVE - Performive LLC, US)"
tempmail.sx,1,"AS14555 (LIQUIDNETLTD1 - LiquidNet US LLC, US)"
tempmaill.io,1,"AS209341 (WHG-FRA, GB)"
tempmailnow.org,1,"AS204800 (WHG-SGP, GB)"
tempemail.in,1,"AS53667 (PONYNET - FranTech Solutions, US)"
_mx.tempmail.pink,1,"AS14061 (DIGITALOCEAN-ASN - DigitalOcean, LLC, US)"
mail.tempmailpro.in,1,"AS16509 (AMAZON-02 - Amazon.com, Inc., US)"
mail.tempmail.im,1,"AS32097 (WII - WholeSale Internet, Inc., US)"
mail0001.tempmail.it,1,"AS24940 (HETZNER-AS, DE)"
_dc-mx.31d855f6e4f8.tempmail.edu.kg,1,"AS214996 (NETCUP, DE)"
mail.tempmailt.com,1,"AS16276 (OVH, FR)"
mail.tempmailto.com,1,"AS209341 (WHG-FRA, GB)"
mail.tempmailturbo.com,1,"AS214996 (NETCUP, DE)"
tempmail44.shop,1,"AS136246 (TOMATTOSTL-AS-AP Tomattos Technologies Ltd., BD)"
mail.teleport-pskov.ru,1,"AS39238 (OKBPROGRESS Moscow, Russia, RU)"
tempmail.guru,1,"AS46606 (UNIFIEDLAYER-AS-1 - Unified Layer, US)"
mail.temporaryemail.dpdns.org,1,"AS22612 (NAMECHEAP-NET - Namecheap, Inc., US)"
tempomail.id,1,"AS16276 (OVH, FR)"
tempmailninja.com,1,"AS24940 (HETZNER-AS, DE)"
mail.tempmailpro.io,1,"AS47583 (AS-HOSTINGER, CY)"
mail.temporarify.com,1,"AS401479 (DBM-ASN-KC - Database Mart LLC, US)"
mail.temporarly.com,1,"AS19871 (NETWORK-SOLUTIONS-HOSTING - Network Solutions, LLC, US)"
mail8.serv00.com,1,"AS57367 (ECO-ATMAN-PL ECO-ATMAN-, PL)"
temp.infos.st,1,"AS16276 (OVH, FR)"
mail.temporopmail.com,1,"AS40021 (CONTABO-40021 - Contabo Inc., US)"
temp-mail.cam,1,"AS16276 (OVH, FR)"
mail.tempsmail.sbs,1,"AS16509 (AMAZON-02 - Amazon.com, Inc., US)"
_dc-mx.1d79071d1d54.temporaryemail.org,1,"AS49981 (WORLDSTREAM, NL)"
mail.temp.ly,1,"AS13335 (CLOUDFLARENET - Cloudflare, Inc., US)"
w0108f4a.kasserver.com,1,"AS34788 (NMM-AS D - 02742 Friedersdorf Hauptstrasse 68, DE)"
mail.techbike.ru,1,"AS44094 (WEBHOST1-AS, RU)"
mail.tempyx.com,1,"AS11878 (TZULO - tzulo, inc., US)"
tempnumber.shop,1,"AS136246 (TOMATTOSTL-AS-AP Tomattos Technologies Ltd., BD)"
mail.temptami.com,1,"AS16276 (OVH, FR)"
mail.temporaryemail.ai,1,"AS24940 (HETZNER-AS, DE)"
mail.tempxzy.net,1,"AS51167 (CONTABO, DE)"
mail.tempmailr.com,1,"AS53667 (PONYNET - FranTech Solutions, US)"
mail0001.temporarioemail.com.br,1,"AS24940 (HETZNER-AS, DE)"
tempmail.ac.id,1,"AS14061 (DIGITALOCEAN-ASN - DigitalOcean, LLC, US)"
tempmail.lat,1,"AS49635 (CLOUDING, ES)"
mail.tempmail.org.pl,1,"AS50599 (Autonomous System for Dataspace P.S.A., PL)"
mail.tempmailgenerator.co,1,"AS57344 (TELEHOUSE-AS, BG)"
mx1.maileroo.com,1,"AS20473 (AS-VULTR - The Constant Company, LLC, US)"
mail.tdnaozi.club,1,"AS132203 (TENCENT-NET-AP-CN Tencent Building, Kejizhongyi Avenue, CN)"
mail.tempmaila.org,1,"AS202376 (ARVID-LOGICUM, EE)"
mail.tempmailonline.xyz,1,"AS965 (WEBHOSTINGHOLDINGS - Webhosting Holdings LLC, US)"
mail.tenvil.com,1,"AS14061 (DIGITALOCEAN-ASN - DigitalOcean, LLC, US)"
mail.tenermail.com,1,"AS12586 (ASGHOSTNET, DE)"
ahihi3.tempdukviet.site,1,"AS149124 (THANHPHAT-VN WEBPX SOFTWARE COMPANY LIMITED, VN)"
mx-a.blackfin.io,1,"AS14618 (AMAZON-AES - Amazon.com, Inc., US)"
mail.terarmail.com,1,"AS12586 (ASGHOSTNET, DE)"
terezor.io,1,"AS200514 (KNOWNSRV, GB)"
tempmail.host,1,"AS141892 (IDNIC-SENGKED-AS-ID CV Andhika Pratama Sanggoro, ID)"
mail.terrorqb.com,1,"AS47583 (AS-HOSTINGER, CY)"
d273984a.ess.barracudanetworks.com,1,"AS16509 (AMAZON-02 - Amazon.com, Inc., US)"
tesa-com.mail.protection.outlook.com,1,"AS8075 (MICROSOFT-CORP-MSN-AS-BLOCK - Microsoft Corporation, US)"
mail.territormail.com,1,"AS12586 (ASGHOSTNET, DE)"
mail.tentmail.ru,1,"AS12586 (ASGHOSTNET, DE)"
tempverify.com,1,"AS133070 (EHL-AS-AP EBN HOST LIMITED, BD)"
teslab-com.mail.protection.outlook.com,1,"AS8075 (MICROSOFT-CORP-MSN-AS-BLOCK - Microsoft Corporation, US)"
mx2.tesiov.info,1,"AS200107 (KL-EXT, CH)"
mx.teslaa.com,1,"AS29873 (BIZLAND-SD - Newfold Digital, Inc., US)"
mail.terato.ru,1,"AS12586 (ASGHOSTNET, DE)"
mail.teratopebml.ru,1,"AS12586 (ASGHOSTNET, DE)"
terzor.io,1,"AS200514 (KNOWNSRV, GB)"
terre.infos.st,1,"AS16276 (OVH, FR)"
tershaber.com,1,"AS42846 (GUZELHOSTING GNET INTERNET TELEKOMUNIKASYON A.S., TR)"
mail.territemails.ru,1,"AS12586 (ASGHOSTNET, DE)"
mx01.1and1.es,1,"AS8560 (IONOS-AS This is the joint network for IONOS, Fasthosts, Arsys, 1&1 Mail and Media and 1&1 Telecom. Formerly known as 1&1 Internet SE., DE)"
mail.testosteroneforman.com,1,"AS46606 (UNIFIEDLAYER-AS-1 - Unified Layer, US)"
mail.tdqn9.club,1,"AS132203 (TENCENT-NET-AP-CN Tencent Building, Kejizhongyi Avenue, CN)"
testshiv.com,1,"AS53767 (ICASTCENTER - iCastCenter, US)"
mail.testaceofmk.com,1,"AS12586 (ASGHOSTNET, DE)"
mx.testform.xyz,1,"AS399820 (ATOMIC-NETWORKS-1 - SPARKED HOST LLC, US)"
mx.testing-your-form.info,1,"AS200019 (ALEXHOST, MD)"
mail.terhorst-online.nl,1,"AS20847 (PREVIDER-AS, NL)"
teska.com,1,"AS51559 (NETINTERNET Netinternet Bilisim Teknolojileri AS, TR)"
mail.tetramethmail.com,1,"AS12586 (ASGHOSTNET, DE)"
test-infos.fr.nf,1,"AS16276 (OVH, FR)"
mx.headshot.news,1,"AS3491 (CONSOLE-CONNECT-ASN - PCCW Global, Inc., US)"
textgenerator-ai01b.mail.protection.outlook.com,1,"AS8075 (MICROSOFT-CORP-MSN-AS-BLOCK - Microsoft Corporation, US)"
mail.tf7nzhw.com,1,"AS47583 (AS-HOSTINGER, CY)"
mail.tess.com.br,1,"AS19871 (NETWORK-SOLUTIONS-HOSTING - Network Solutions, LLC, US)"
mail.tetrahydml.ru,1,"AS12586 (ASGHOSTNET, DE)"
mail.tetrafluoroemail.ru,1,"AS12586 (ASGHOSTNET, DE)"
mail.tetrakishexahfmail.ru,1,"AS12586 (ASGHOSTNET, DE)"
tesyla.com,1,"AS50565 (MUZAFFERGULER, TR)"
tezor.io,1,"AS200514 (KNOWNSRV, GB)"
mail.tenzoves.ru,1,"AS197695 (AS-REG, RU)"
mail.tetraheemail.ru,1,"AS12586 (ASGHOSTNET, DE)"
mail.tetrachlorommails.ru,1,"AS12586 (ASGHOSTNET, DE)"
mail.tetrachloromalu.ru,1,"AS12586 (ASGHOSTNET, DE)"
mail.tetractiimail.ru,1,"AS12586 (ASGHOSTNET, DE)"
mail.tettigonfml.ru,1,"AS12586 (ASGHOSTNET, DE)"
mx1.mailpod1-osl1.g1i.uniweb.no,1,"AS51468 (ONECOM, DK)"
mx6.thaiedvisa.com,1,
mail.tgvis.com,1,"AS14061 (DIGITALOCEAN-ASN - DigitalOcean, LLC, US)"
mail.th3syracuse.com,1,"AS32097 (WII - WholeSale Internet, Inc., US)"
thaibikemart.com,1,"AS12876 (Online SAS, FR)"
mail.thalarex.cfd,1,"AS203446 (AS203446, GB)"
mail1.thankyou2010.com,1,"AS44418 (BITDEFENDER-AS, RO)"
thc-com.mail.protection.outlook.com,1,"AS8075 (MICROSOFT-CORP-MSN-AS-BLOCK - Microsoft Corporation, US)"
e.thaotri.com,1,"AS14061 (DIGITALOCEAN-ASN - DigitalOcean, LLC, US)"
thdesign.pl,1,"AS12824 (HOMEPL-AS, PL)"
tfezor.io,1,"AS199968 (IWSNET, AM)"
thalesdsi.mail.protection.office365.us,1,"AS8075 (MICROSOFT-CORP-MSN-AS-BLOCK - Microsoft Corporation, US)"
the-bloggers-exchange.org,1,"AS7684 (SAKURA-A SAKURA Internet Inc., JP)"
mail.thangmaygiadinh.com,1,"AS131414 (LVSOFT-AS-VN Long Van Soft Solution JSC, VN)"
the303company-com.mail.protection.outlook.com,1,"AS8075 (MICROSOFT-CORP-MSN-AS-BLOCK - Microsoft Corporation, US)"
mail.theavyk.com,1,"AS47583 (AS-HOSTINGER, CY)"
_dc-mx.5f96fc60c1c8.the-source.co.il,1,"AS1680 (NV-ASN CELLCOM ltd., IL)"
mail.thalamocmail.ru,1,"AS12586 (ASGHOSTNET, DE)"
a585700.mx.mailhop.org,1,"AS16509 (AMAZON-02 - Amazon.com, Inc., US)"
theapp-agency.mail.protection.outlook.com,1,"AS8075 (MICROSOFT-CORP-MSN-AS-BLOCK - Microsoft Corporation, US)"
mail.theanonymousemail.com,1,"AS32400 (HWSERVICES-32400 - Ntirety, Inc., US)"
mx.thebest4ever.com,1,"AS20473 (AS-VULTR - The Constant Company, LLC, US)"
mx.thebestmoneymakingtips.info,1,"AS14061 (DIGITALOCEAN-ASN - DigitalOcean, LLC, US)"
mail.theatrnmail.com,1,"AS12586 (ASGHOSTNET, DE)"
mail.thebudhound.com,1,
mail.thebillieholiday.click,1,"AS51167 (CONTABO, DE)"
theclinicshield-com.mail.protection.outlook.com,1,"AS8075 (MICROSOFT-CORP-MSN-AS-BLOCK - Microsoft Corporation, US)"
the-maji.com,1,"AS14555 (LIQUIDNETLTD1 - LiquidNet US LLC, US)"
thedocerosa-com.mail.protection.outlook.com,1,"AS8075 (MICROSOFT-CORP-MSN-AS-BLOCK - Microsoft Corporation, US)"
mail.theclubcasino.com.au,1,"AS38719 (DREAMSCAPE-AS-AP Dreamscape Networks Limited, AU)"
a220121.mx.mailhop.org,1,"AS16509 (AMAZON-02 - Amazon.com, Inc., US)"
thefrenchie-co.mail.protection.outlook.com,1,"AS8075 (MICROSOFT-CORP-MSN-AS-BLOCK - Microsoft Corporation, US)"
thefreedomdaily-com.mail.protection.outlook.com,1,"AS8075 (MICROSOFT-CORP-MSN-AS-BLOCK - Microsoft Corporation, US)"
mail.theflavorbells.com,1,"AS394303 (BIGSCOOTS - BigScoots, US)"
_dc-mx.a913fcf0d858.thehatedestroyer.com,1,"AS22612 (NAMECHEAP-NET - Namecheap, Inc., US)"
thehappyclean-net.mail.protection.outlook.com,1,"AS8075 (MICROSOFT-CORP-MSN-AS-BLOCK - Microsoft Corporation, US)"
thehomeinsuranceguide-com.mail.protection.outlook.com,1,"AS8075 (MICROSOFT-CORP-MSN-AS-BLOCK - Microsoft Corporation, US)"
thecheesymouse.co.uk,1,"AS8560 (IONOS-AS This is the joint network for IONOS, Fasthosts, Arsys, 1&1 Mail and Media and 1&1 Telecom. Formerly known as 1&1 Internet SE., DE)"
mail.thehubporno.com,1,"AS49981 (WORLDSTREAM, NL)"
thekeypeople-net.mail.protection.outlook.com,1,"AS8075 (MICROSOFT-CORP-MSN-AS-BLOCK - Microsoft Corporation, US)"
thehagiasophia.com,1,"AS52030 (SERVERPLAN-AS, IT)"
theloftbarn-com.mail.protection.outlook.com,1,"AS8075 (MICROSOFT-CORP-MSN-AS-BLOCK - Microsoft Corporation, US)"
mail.themanlythings.com,1,"AS13335 (CLOUDFLARENET - Cloudflare, Inc., US)"
thelotstore.cc,1,"AS22612 (NAMECHEAP-NET - Namecheap, Inc., US)"
thelotstore.net,1,"AS22612 (NAMECHEAP-NET - Namecheap, Inc., US)"
mx.themarketingsolutions.info,1,"AS14061 (DIGITALOCEAN-ASN - DigitalOcean, LLC, US)"
thekphub.com,1,"AS34931 (AWARESOFT, GB)"
a859540.mx.mailhop.org,1,"AS16509 (AMAZON-02 - Amazon.com, Inc., US)"
mx1.spamfiltering.com,1,"AS20860 (IOMART-AS, GB)"
therecoverycompanion-com.mail.protection.outlook.com,1,
theorlandoblog.com,1,"AS46505 (NIXIHOST - NixiHost.com Incorporated, US)"
mail.theologfml.com,1,"AS12586 (ASGHOSTNET, DE)"
mail.thepinkbee.com,1,"AS31898 (ORACLE-BMC-31898 - Oracle Corporation, US)"
theplug-org.mail.protection.outlook.com,1,"AS8075 (MICROSOFT-CORP-MSN-AS-BLOCK - Microsoft Corporation, US)"
mx.themindgardengroup.com,1,"AS16509 (AMAZON-02 - Amazon.com, Inc., US)"
therapynotes-com.mail.protection.outlook.com,1,"AS8075 (MICROSOFT-CORP-MSN-AS-BLOCK - Microsoft Corporation, US)"
_dc-mx.3cc7d86f79d5.therealcolonel.press,1,"AS56851 (VPS-UA-AS, UA)"
mail.thejokercard.net,1,"AS57724 (DDOS-GUARD, RU)"
sw-proxy01.stiftung-warentest.de,1,
mail.theophilamail.ru,1,"AS12586 (ASGHOSTNET, DE)"
mail.theraphofmail.ru,1,"AS12586 (ASGHOSTNET, DE)"
mail.thesugarmakerbakery.com,1,"AS32244 (LIQUIDWEB - Liquid Web, L.L.C, US)"
mail.thermommails.ru,1,"AS12586 (ASGHOSTNET, DE)"
mail.thermometrifmail.ru,1,"AS12586 (ASGHOSTNET, DE)"
theswanfactory-com.mail.protection.outlook.com,1,"AS8075 (MICROSOFT-CORP-MSN-AS-BLOCK - Microsoft Corporation, US)"
mail.thermometmail.ru,1,"AS12586 (ASGHOSTNET, DE)"
smtp.thetips.dev,1,"AS18403 (FPT-AS-AP FPT Telecom Company, VN)"
mail.thermodynml.ru,1,"AS12586 (ASGHOSTNET, DE)"
mail.thermodynammail.ru,1,"AS12586 (ASGHOSTNET, DE)"
mx.thewebbusinessresearch.com,1,"AS14061 (DIGITALOCEAN-ASN - DigitalOcean, LLC, US)"
mail.thermoelept.ru,1,"AS12586 (ASGHOSTNET, DE)"
mail.thermodynam.ru,1,"AS12586 (ASGHOSTNET, DE)"
mail.thewhitehursts.org,1,"AS14061 (DIGITALOCEAN-ASN - DigitalOcean, LLC, US)"
mail.thermomagnmail.ru,1,"AS12586 (ASGHOSTNET, DE)"
mail.thetravellersrest.click,1,"AS51167 (CONTABO, DE)"
thewellnesstechnique-com.mail.protection.outlook.com,1,"AS8075 (MICROSOFT-CORP-MSN-AS-BLOCK - Microsoft Corporation, US)"
mx.theweepingdragon.net,1,"AS29873 (BIZLAND-SD - Newfold Digital, Inc., US)"
mail.thetulsatimes.com,1,"AS40021 (CONTABO-40021 - Contabo Inc., US)"
mail.thepsx.ru,1,"AS35278 (SPRINTHOST, RU)"
mail.thewisetransfer.click,1,"AS51167 (CONTABO, DE)"
mail.thessaloufml.ru,1,"AS12586 (ASGHOSTNET, DE)"
m9zngfmxrouter.thiefness.com,1,"AS14061 (DIGITALOCEAN-ASN - DigitalOcean, LLC, US)"
mail.thinkimpact.com,1,"AS210250 (WPX, BG)"
thinklocalsantacruz-com.mail.protection.outlook.com,1,"AS8075 (MICROSOFT-CORP-MSN-AS-BLOCK - Microsoft Corporation, US)"
mail.theta.pl,1,"AS50840 (AS-HITME, PL)"
thinkcomputers-org.mail.protection.outlook.com,1,"AS8075 (MICROSOFT-CORP-MSN-AS-BLOCK - Microsoft Corporation, US)"
mx.thismail.net,1,"AS16509 (AMAZON-02 - Amazon.com, Inc., US)"
malibuzz.thiswildsong.com,1,"AS51167 (CONTABO, DE)"
threadedwsw.com,1,"AS47583 (AS-HOSTINGER, CY)"
thoroughbredbhc-com.mail.protection.outlook.com,1,"AS8075 (MICROSOFT-CORP-MSN-AS-BLOCK - Microsoft Corporation, US)"
threadandtonic-com.mail.protection.outlook.com,1,"AS8075 (MICROSOFT-CORP-MSN-AS-BLOCK - Microsoft Corporation, US)"
thotwerx.com,1,"AS40092 (ONIAAS - HostPapa, US)"
mx.throwam.com,1,"AS16509 (AMAZON-02 - Amazon.com, Inc., US)"
thrott.com,1,"AS14061 (DIGITALOCEAN-ASN - DigitalOcean, LLC, US)"
_dc-mx.8986c82b7e48.throwawayemail.com,1,"AS14361 (HOPONE-GLOBAL - HopOne Internet Corporation, US)"
thigmotrojmail.ru,1,"AS213702 (QWINS-LTD QWINS AS-SET: ~ # AS213702:AS-CUSTOMERS, GB)"
mx.throttlehq.com,1,"AS14061 (DIGITALOCEAN-ASN - DigitalOcean, LLC, US)"
mail.thioeaaemail.ru,1,"AS12586 (ASGHOSTNET, DE)"
office.thoughttechnology.com,1,"AS22652 (FIBRENOIRE-INTERNET - Videotron Ltee, CA)"
thscontainers-co-uk.mail.eo.outlook.com,1,"AS8075 (MICROSOFT-CORP-MSN-AS-BLOCK - Microsoft Corporation, US)"
mx1.throwawaymail.app,1,"AS213230 (HETZNER-CLOUD2-AS, DE)"
mail.thunkinator.org,1,"AS63949 (AKAMAI-LINODE-AP Akamai Connected Cloud, SG)"
thuughts.com,1,"AS47583 (AS-HOSTINGER, CY)"
thxmail.net,1,"AS7506 (INTERQ GMO Internet Group, Inc., JP)"
mail.throwaway.io,1,"AS42831 (UKSERVERS-AS UK Dedicated Servers, Hosting and Co-Location, GB)"
thx-com.mail.protection.outlook.com,1,"AS8075 (MICROSOFT-CORP-MSN-AS-BLOCK - Microsoft Corporation, US)"
mail.thoracocsalo.ru,1,"AS12586 (ASGHOSTNET, DE)"
mail.tibionli.com,1,"AS12586 (ASGHOSTNET, DE)"
tibionamail.com,1,"AS213702 (QWINS-LTD QWINS AS-SET: ~ # AS213702:AS-CUSTOMERS, GB)"
mail.thyroarytmail.ru,1,"AS12586 (ASGHOSTNET, DE)"
mail.tiempomail.com,1,"AS12586 (ASGHOSTNET, DE)"
m.tikokv.com,1,"AS401696 (COGNETCLOUD - cognetcloud INC, US)"
mx6.timberlandfordonline.com,1,
_dc-mx.f535a36892ec.timail.site,1,"AS24940 (HETZNER-AS, DE)"
tillion-com.mail.protection.outlook.com,1,"AS8075 (MICROSOFT-CORP-MSN-AS-BLOCK - Microsoft Corporation, US)"
tienen-be.mail.protection.outlook.com,1,"AS8075 (MICROSOFT-CORP-MSN-AS-BLOCK - Microsoft Corporation, US)"
mail.timgmail.com,1,"AS14061 (DIGITALOCEAN-ASN - DigitalOcean, LLC, US)"
mail.timind.co,1,"AS131392 (RUNSYSTEM-AS-VN GMO-Z.com Runsystem Joint Stock Company, VN)"
timextender-com.mail.protection.outlook.com,1,"AS8075 (MICROSOFT-CORP-MSN-AS-BLOCK - Microsoft Corporation, US)"
tincheck-com.mail.protection.outlook.com,1,"AS8075 (MICROSOFT-CORP-MSN-AS-BLOCK - Microsoft Corporation, US)"
mail.tinnermail.com,1,"AS12586 (ASGHOSTNET, DE)"
tinnitusremediesforyou.com,1,"AS399250 (NAMEHERO-KCDC - Name Hero, LLC, US)"
tipranks-com.mail.protection.outlook.com,1,"AS8075 (MICROSOFT-CORP-MSN-AS-BLOCK - Microsoft Corporation, US)"
mail.tippy.net,1,"AS36473 (CONTE-25-BLA-RST - Contegix, US)"
mail.tirillo.com,1,"AS14061 (DIGITALOCEAN-ASN - DigitalOcean, LLC, US)"
mail0001.tisacli.co.uk,1,"AS24940 (HETZNER-AS, DE)"
titafeminina.com,1,"AS14618 (AMAZON-AES - Amazon.com, Inc., US)"
mail.tivendra.cfd,1,"AS203446 (AS203446, GB)"
mxr.titenpa.com,1,"AS14061 (DIGITALOCEAN-ASN - DigitalOcean, LLC, US)"
mx.tirv.net.cust.a.hostedemail.com,1,"AS15348 (TUCOWS - Tucows.com Co., CA)"
mail.titmail.com,1,"AS45090 (TENCENT-NET-AP Shenzhen Tencent Computer Systems Company Limited, CN)"
mail.tiyx.party,1,"AS213495 (SERVITRO-LTD, GB)"
mail.crooi.io,1,"AS36352 (AS-COLOCROSSING - HostPapa, US)"
tkaniny.com,1,"AS12824 (HOMEPL-AS, PL)"
mail.tkmy88m.com,1,"AS47583 (AS-HOSTINGER, CY)"
mail.tkhplanesw.com,1,"AS47583 (AS-HOSTINGER, CY)"
tipperary.net,1,"AS29550 (SIMPLYTRANSIT, GB)"
mail.tkgiare.store,1,"AS32475 (SINGLEHOP-LLC - Internap Holding LLC, US)"
mail.tlwpleasure.com,1,"AS47583 (AS-HOSTINGER, CY)"
tm21.in.tmems-jp.trendmicro.com,1,"AS16509 (AMAZON-02 - Amazon.com, Inc., US)"
mail.tmabrasil.org,1,
tm1-edu-pl.mail.protection.outlook.com,1,"AS8075 (MICROSOFT-CORP-MSN-AS-BLOCK - Microsoft Corporation, US)"
mx.tin.it,1,"AS396982 (GOOGLE-CLOUD-PLATFORM - Google LLC, US)"
mail.tma-toronto.ca,1,"AS55293 (A2HOSTING - A2 Hosting, Inc., US)"
mail.tm-crea.fr,1,"AS50474 (O2SWITCH, FR)"
tmail.run,1,"AS51167 (CONTABO, DE)"
mail.tma-media.de,1,"AS51167 (CONTABO, DE)"
mail.tmbmeble.pl,1,"AS41079 (CF-GDA, PL)"
mail.tmaxdialer.com,1,"AS46606 (UNIFIEDLAYER-AS-1 - Unified Layer, US)"
mail.tmbcdetroit.org,1,"AS19871 (NETWORK-SOLUTIONS-HOSTING - Network Solutions, LLC, US)"
tmbclaw-net.mail.protection.outlook.com,1,"AS8075 (MICROSOFT-CORP-MSN-AS-BLOCK - Microsoft Corporation, US)"
mail.tm-media.co.uk,1,"AS20738 (GD-EMEA-DC-LD5, GB)"
mail.tm-events.de,1,"AS21499 (GODADDY-SXB, DE)"
tmfin-com.mail.protection.outlook.com,1,"AS8075 (MICROSOFT-CORP-MSN-AS-BLOCK - Microsoft Corporation, US)"
mail.tmcgee.com,1,"AS12129 (123NET - 123.Net, Inc., US)"
tmma-uk-com.mail.protection.outlook.com,1,"AS8075 (MICROSOFT-CORP-MSN-AS-BLOCK - Microsoft Corporation, US)"
mail.tmhstz.com,1,"AS22611 (INMOTION - InMotion Hosting, Inc., US)"
mail.tmg.com,1,"AS3209 (VODANET International IP-Backbone of Vodafone, DE)"
mail.tmg-oschatz.de,1,"AS24940 (HETZNER-AS, DE)"
mail.tmj-textiles.pl,1,"AS41079 (CF-GDA, PL)"
mail.tm-ventures.com,1,"AS21350 (INTERSPACE-AS, IL)"
w01e9436.kasserver.com,1,"AS34788 (NMM-AS D - 02742 Friedersdorf Hauptstrasse 68, DE)"
mail.tml.waw.pl,1,"AS16276 (OVH, FR)"
tmkoc.shop,1,"AS136246 (TOMATTOSTL-AS-AP Tomattos Technologies Ltd., BD)"
tmfilters-com.mail.protection.outlook.com,1,"AS8075 (MICROSOFT-CORP-MSN-AS-BLOCK - Microsoft Corporation, US)"
mail.tmd.net,1,"AS24940 (HETZNER-AS, DE)"
_dc-mx.641aefa29b54.tmre.site,1,"AS24940 (HETZNER-AS, DE)"
tmo-west.mx.a.cloudfilter.net,1,"AS16509 (AMAZON-02 - Amazon.com, Inc., US)"
mail.tmail.xyz,1,"AS197540 (NETCUP-AS netcup GmbH, DE)"
tmail.infos.st,1,"AS16276 (OVH, FR)"
mail.tmfadv.com.br,1,"AS19871 (NETWORK-SOLUTIONS-HOSTING - Network Solutions, LLC, US)"
mail.tmail.lt,1,"AS8075 (MICROSOFT-CORP-MSN-AS-BLOCK - Microsoft Corporation, US)"
mail.tmoritz.de,1,"AS51167 (CONTABO, DE)"
mail.tm-yug.ru,1,"AS197204 (TELEMAKS, RU)"
mail.tmpot.com,1,"AS46606 (UNIFIEDLAYER-AS-1 - Unified Layer, US)"
mail.tmj.im,1,"AS63949 (AKAMAI-LINODE-AP Akamai Connected Cloud, SG)"
tmail.link,1,"AS39287 (ABSTRACT, FI)"
mail.tmp.pl,1,"AS41079 (CF-GDA, PL)"
mail.tmkuhlen.de,1,"AS197540 (NETCUP-AS netcup GmbH, DE)"
mail.tm-mail.hu,1,"AS62214 (RACKFOREST-AS, HU)"
tmallbox.com,1,"AS24940 (HETZNER-AS, DE)"
mail.tmrg.com.sg,1,"AS17547 (M1NET-SG-AP M1 NET LTD, SG)"
outlook.tm2i.net,1,"AS34177 (CELESTE-AS CELESTE - Internet services provider, FR)"
mail.tmfservice.com.br,1,"AS19871 (NETWORK-SOLUTIONS-HOSTING - Network Solutions, LLC, US)"
mail.tmtelcomm.com,1,"AS7018 (ATT-INTERNET4 - AT&T Enterprises, LLC, US)"
mail.tmi.ph,1,"AS6939 (HURRICANE - Hurricane Electric LLC, US)"
tmponline-de0i.mail.protection.outlook.com,1,"AS8075 (MICROSOFT-CORP-MSN-AS-BLOCK - Microsoft Corporation, US)"
mail.tms-lite.com,1,"AS136412 (TSI-AS-AP Titan System Integration Sdn Bhd, MY)"
mail.tmgranada.es,1,"AS50926 (AXARNET-AS, ES)"
mail.tma.uz,1,"AS35326 (SUVAN-NET, UZ)"
mail.tmprofessionalpainting.com,1,"AS399250 (NAMEHERO-KCDC - Name Hero, LLC, US)"
smtp.woticorp.com,1,"AS12876 (Online SAS, FR)"
mail.tmuk.org,1,"AS46606 (UNIFIEDLAYER-AS-1 - Unified Layer, US)"
mail.tmv.edu.in,1,"AS45194 (SIPL-AS Syscon Infoway Pvt. Ltd., IN)"
mail.tmxnet.com,1,"AS36351 (SOFTLAYER - IBM Cloud, US)"
mail.tmsolutionsgroup.com,1,"AS55106 (DATACATE-AS1 - Datacate Inc., US)"
mail.tmc-moda.com,1,"AS41079 (CF-GDA, PL)"
mail.tmm-express.com,1,"AS61297 (DATACENTER-UA LIMITED LIABILITY COMPANY ANTE MEDIAM, UA)"
mail.tmp-press.ru,1,"AS43727 (KVANT-TELECOM, RU)"
mail.tmpsc.transnet.cu,1,"AS27725 (Empresa de Telecomunicaciones de Cuba, S.A., CU)"
mail.tmvremodeling.com,1,"AS8739 (ICDSOFT, BG)"
mail.tmkik.hu,1,"AS47381 (SERVERGARDEN-AS Servergarden Kft., HU)"
mail.tmaptrading.com,1,"AS52030 (SERVERPLAN-AS, IT)"
mail.tmwlsw.com,1,"AS132203 (TENCENT-NET-AP-CN Tencent Building, Kejizhongyi Avenue, CN)"
tmail.biz.st,1,"AS16276 (OVH, FR)"
mail.tmrprestigeservices.co.uk,1,"AS8560 (IONOS-AS This is the joint network for IONOS, Fasthosts, Arsys, 1&1 Mail and Media and 1&1 Telecom. Formerly known as 1&1 Internet SE., DE)"
tml-de.mail.protection.outlook.com,1,"AS8075 (MICROSOFT-CORP-MSN-AS-BLOCK - Microsoft Corporation, US)"
spam.tibero.com,1,"AS4766 (KIXS-AS-KR Korea Telecom, KR)"
mail.tmxmarketing.com.br,1,"AS19871 (NETWORK-SOLUTIONS-HOSTING - Network Solutions, LLC, US)"
mail.tmsolucoes.com.br,1,"AS19871 (NETWORK-SOLUTIONS-HOSTING - Network Solutions, LLC, US)"
mail.tmlbyg.dk,1,"AS51377 (COMASYS, DK)"
mail.snowdaycalculatornow.com,1,"AS31898 (ORACLE-BMC-31898 - Oracle Corporation, US)"
tnc.com,1,"AS16509 (AMAZON-02 - Amazon.com, Inc., US)"
mail.tmselusa.com,1,"AS41528 (LOOPIA3, SE)"
mail.tmx.kiev.ua,1,"AS42331 (FREEHOST, UA)"
web2.futureweb.be,1,"AS59827 (FUTUREWEB-AS, BE)"
mx10.websupport.se,1,"AS41528 (LOOPIA3, SE)"
mx.snowflake1.com,1,"AS16509 (AMAZON-02 - Amazon.com, Inc., US)"
mail.tmn.sk,1,"AS43541 (VSHOSTING, CZ)"
mail.tmx.ch,1,"AS47302 (CYON, CH)"
mail.tmw.net,1,"AS42612 (DINAHOSTING-AS, ES)"
mail200.itopplus.com,1,"AS4618 (INET-TH-AS Internet Thailand Company Limited, TH)"
mail.tmearchitects.it,1,"AS31034 (ARUBA-ASN, IT)"
mail.tmt4.kz,1,"AS48716 (PSKZ-ALA, KZ)"
mail.tocomail.com,1,"AS16509 (AMAZON-02 - Amazon.com, Inc., US)"
tobinproperties-com.mail.protection.outlook.com,1,"AS8075 (MICROSOFT-CORP-MSN-AS-BLOCK - Microsoft Corporation, US)"
mail.tmail.uz,1,"AS48979 (UZINFOCOM, UZ)"
mail.tmp-system-service.org,1,"AS201901 (TMP-NETWORKS, DE)"
_dc-mx.f907e3505116.tochtonado.name,1,"AS60781 (LEASEWEB-NL-AMS-01 Netherlands, NL)"
mail.tmam.de,1,"AS42730 (EVANZOAS, DE)"
mail6.triger.com.pl,1,"AS24940 (HETZNER-AS, DE)"
snnowflake-com.mail.protection.outlook.com,1,"AS8075 (MICROSOFT-CORP-MSN-AS-BLOCK - Microsoft Corporation, US)"
mail.tmn-international.com,1,"AS2514 (INFOSPHERE NTT PC Communications, Inc., JP)"
tmpail.fr.nf,1,"AS16276 (OVH, FR)"
mail.tmwork.com,1,"AS24940 (HETZNER-AS, DE)"
mail.tmr-ueberdachungen.de,1,"AS200548 (WEBHOSTER, DE)"
hfe0934ry5x.sn.mynetname.net,1,"AS45899 (VNPT-AS-VN VNPT Corp, VN)"
mail.tocawin.com,1,"AS51167 (CONTABO, DE)"
_dc-mx.4da62705c8ee.togelonline88.org,1,"AS19318 (IS-AS-1 - Interserver, Inc, US)"
smtp.ds.network,1,"AS38719 (DREAMSCAPE-AS-AP Dreamscape Networks Limited, AU)"
token2-com.mail.protection.outlook.com,1,"AS8075 (MICROSOFT-CORP-MSN-AS-BLOCK - Microsoft Corporation, US)"
mail.tmw.net.br,1,"AS52968 (TECMIDIAWEB LTDA, BR)"
todoprestamos.com,1,"AS60458 (ASN-XTUDIONET, ES)"
mail.toko3d.com,1,"AS31898 (ORACLE-BMC-31898 - Oracle Corporation, US)"
mail.snooker.cybranceehost.com,1,"AS24940 (HETZNER-AS, DE)"
mx6.tomsoutletw.com,1,
mx01.tokatinadresi.com,1,"AS51557 (TR-ISIMTESCIL-20201202, TR)"
tommx.tom.com,1,
tomevault-com.mail.protection.outlook.com,1,"AS8075 (MICROSOFT-CORP-MSN-AS-BLOCK - Microsoft Corporation, US)"
mail.tmt.at,1,"AS8412 (TMA Magenta Telekom, AT)"
mail.bluetie.com,1,"AS19133 (BIRD-HOSTING - Bird Hosting Inc., US)"
mx1.snos.ru,1,"AS35769 (GPNS, RU)"
_dc-mx.ee9c0620d027.tonightsbang.com,1,"AS203076 (ORG-NL671-RIPE, GB)"
mailforward53.cloudns.net,1,"AS205787 (PUBLICLOUD, BG)"
mail.toolve.com,1,"AS14061 (DIGITALOCEAN-ASN - DigitalOcean, LLC, US)"
efa.davemx.net,1,"AS16276 (OVH, FR)"
mail.top10k.com,1,"AS24940 (HETZNER-AS, DE)"
eu-com-wildcard-null-mx.centralnic.net,1,
mail.top5-websitebuilders.com,1,"AS16509 (AMAZON-02 - Amazon.com, Inc., US)"
toni.io.vn,1,
smtp.toopitoo.com,1,"AS16276 (OVH, FR)"
mail.tonermix.ru,1,"AS29182 (RU-JSCIOT, RU)"
mail.topessaywritingbase.com,1,"AS50474 (O2SWITCH, FR)"
mail.tophopstudio.com,1,"AS212317 (HETZNER-CLOUD3-AS, DE)"
mail.topseos.com,1,"AS398101 (GO-DADDY-COM-LLC - GoDaddy.com, LLC, US)"
topprovider-com.mail.protection.outlook.com,1,"AS8075 (MICROSOFT-CORP-MSN-AS-BLOCK - Microsoft Corporation, US)"
topregal-com.mail.protection.outlook.com,1,"AS8075 (MICROSOFT-CORP-MSN-AS-BLOCK - Microsoft Corporation, US)"
relay2.nextgen.topsec.com,1,"AS20473 (AS-VULTR - The Constant Company, LLC, US)"
topslrcameras.com,1,"AS33182 (DIMENOC - HostDime.com, Inc., US)"
mx.topwebinfos.info,1,"AS14061 (DIGITALOCEAN-ASN - DigitalOcean, LLC, US)"
mail.tormails.com,1,"AS49981 (WORLDSTREAM, NL)"
toro-com.mail.protection.outlook.com,1,"AS8075 (MICROSOFT-CORP-MSN-AS-BLOCK - Microsoft Corporation, US)"
mx.torresink.com.cust.b.hostedemail.com,1,
mail.legitplayer.shop,1,"AS16276 (OVH, FR)"
mail.torcmail.com,1,"AS12586 (ASGHOSTNET, DE)"
torrent411.fr.nf,1,"AS16276 (OVH, FR)"
mx1.total-research.com,1,"AS197695 (AS-REG, RU)"
mail.tototogel4d.xyz,1,"AS22612 (NAMECHEAP-NET - Namecheap, Inc., US)"
falcon.sliqua.com,1,"AS32740 (SLIQUA - Sliqua Enterprise Hosting, Inc., US)"
topfunkyfinds.co.uk,1,"AS8560 (IONOS-AS This is the joint network for IONOS, Fasthosts, Arsys, 1&1 Mail and Media and 1&1 Telecom. Formerly known as 1&1 Internet SE., DE)"
tossy.info,1,"AS9371 (SAKURA-C SAKURA Internet Inc., JP)"
mail.totumail.com,1,"AS12586 (ASGHOSTNET, DE)"
_dc-mx.0d768edff44a.snowfloke.com,1,
mail.tourexam.com,1,"AS19318 (IS-AS-1 - Interserver, Inc, US)"
mail.toto96.com,1,"AS214036 (ULTAHOST-AS, US)"
totococo.fr.nf,1,"AS16276 (OVH, FR)"
mx-inx.townpostmail.com,1,"AS14061 (DIGITALOCEAN-ASN - DigitalOcean, LLC, US)"
mail10.toyota.com,1,"AS22843 (PROOFPOINT-ASN-US-EAST - Proofpoint, Inc., US)"
townisp-com.mx.av-mx.com,1,"AS31898 (ORACLE-BMC-31898 - Oracle Corporation, US)"
mxa-001f1301.gslb.pphosted.com,1,"AS22843 (PROOFPOINT-ASN-US-EAST - Proofpoint, Inc., US)"
mx.tp-qa-mail.com,1,"AS16276 (OVH, FR)"
mail.soantiy.com,1,"AS47583 (AS-HOSTINGER, CY)"
mail.torgovyicenter.ru,1,"AS29182 (RU-JSCIOT, RU)"
mail.cellica.com,1,"AS29873 (BIZLAND-SD - Newfold Digital, Inc., US)"
mx.loomail.com,1,"AS36352 (AS-COLOCROSSING - HostPapa, US)"
mail.snowlake.com,1,"AS14268 (ASNCSL - Northern Computer Solutions Ltd., CA)"
mail.tpmail.pl,1,"AS47544 (IQPL-AS, PL)"
mail.toxmail.ru,1,"AS12586 (ASGHOSTNET, DE)"
sobreplasticosymas-com.mail.protection.outlook.com,1,"AS8075 (MICROSOFT-CORP-MSN-AS-BLOCK - Microsoft Corporation, US)"
mailsms7.akbank.com,1,"AS19905 (SECURITYSERVICES - Vercara, LLC, US)"
mail.tpsoftwaresolutions.com,1,"AS46606 (UNIFIEDLAYER-AS-1 - Unified Layer, US)"
tppp.online,1,"AS24940 (HETZNER-AS, DE)"
tppp.one,1,"AS24940 (HETZNER-AS, DE)"
mx01.mosinfocom.tech,1,"AS47989 (MOSINFOCOM-AS Mosinfocom Llc, RU)"
pmg.sobat.net.id,1,"AS138117 (IDNIC-SOBAT-AS-ID PT. Solusindo Basis Teknologi, ID)"
mxa-00160c04.gslb.pphosted.com,1,"AS22843 (PROOFPOINT-ASN-US-EAST - Proofpoint, Inc., US)"
socmail-net.mail.protection.outlook.com,1,"AS8075 (MICROSOFT-CORP-MSN-AS-BLOCK - Microsoft Corporation, US)"
mail.sociopomail.com,1,"AS12586 (ASGHOSTNET, DE)"
mail.tr8mail.com,1,"AS12586 (ASGHOSTNET, DE)"
mail.soeermewh.com,1,"AS47583 (AS-HOSTINGER, CY)"
socioemail.com,1,"AS213702 (QWINS-LTD QWINS AS-SET: ~ # AS213702:AS-CUSTOMERS, GB)"
socialmediamonitoring.nl,1,"AS14061 (DIGITALOCEAN-ASN - DigitalOcean, LLC, US)"
mx001.sofort-mail.com,1,"AS24940 (HETZNER-AS, DE)"
mail.tracheosmail.com,1,"AS12586 (ASGHOSTNET, DE)"
mail.tracheobronfl.com,1,"AS12586 (ASGHOSTNET, DE)"
mail.trackeva.com,1,"AS204800 (WHG-SGP, GB)"
terminus.tracciabi.li,1,"AS24940 (HETZNER-AS, DE)"
mail.soda55.com,1,"AS21859 (ZEN-ECN - Zenlayer Inc, US)"
mail.ucemail.com,1,"AS31898 (ORACLE-BMC-31898 - Oracle Corporation, US)"
mxa-003a4d01.gslb.pphosted.com,1,"AS26211 (PROOFPOINT-ASN-US-WEST - Proofpoint, Inc., US)"
mail.socimail.ru,1,"AS12586 (ASGHOSTNET, DE)"
mail.softdesk.net,1,"AS41079 (CF-GDA, PL)"
softgirl-shop.mail.protection.outlook.com,1,"AS8075 (MICROSOFT-CORP-MSN-AS-BLOCK - Microsoft Corporation, US)"
dedi4020.your-server.de,1,"AS24940 (HETZNER-AS, DE)"
mail.toyotataganka.ru,1,"AS16509 (AMAZON-02 - Amazon.com, Inc., US)"
mail.tracheobronmail.ru,1,"AS12586 (ASGHOSTNET, DE)"
trade-com.mail.protection.outlook.com,1,"AS8075 (MICROSOFT-CORP-MSN-AS-BLOCK - Microsoft Corporation, US)"
softovik.biz,1,"AS51167 (CONTABO, DE)"
mail.trackerok.ru,1,"AS207728 (EUROHOSTER Hosting Provider EuroHoster Ltd., BG)"
mail.tracheobronebml.ru,1,"AS12586 (ASGHOSTNET, DE)"
mail.trademarkprotectionplus.com,1,"AS16276 (OVH, FR)"
trad.com,1,"AS22611 (INMOTION - InMotion Hosting, Inc., US)"
traevlers-com.mail.protection.outlook.com,1,
mail06.l4email.com,1,"AS15083 (INFOLINK-MIA-US - Infolink Global Corporation, US)"
da1.v.fozzy.com,1,"AS35415 (WEBZILLA, NL)"
mail.sochidzns.ru,1,"AS8342 (RTCOMM-AS, RU)"
mail.trailtoppest.com,1,"AS47583 (AS-HOSTINGER, CY)"
msv.softbank.ne.jp,1,"AS17505 (SBMOBILE SoftBank Corp., JP)"
ucms.edu.pk,1,"AS36352 (AS-COLOCROSSING - HostPapa, US)"
traffictrapper.site,1,"AS54290 (HOSTWINDS - Hostwinds LLC., US)"
traffictrigger.net,1,"AS54290 (HOSTWINDS - Hostwinds LLC., US)"
solarcraft-net.mail.protection.outlook.com,1,"AS8075 (MICROSOFT-CORP-MSN-AS-BLOCK - Microsoft Corporation, US)"
trafficxtractor.com,1,"AS54290 (HOSTWINDS - Hostwinds LLC., US)"
mail.traditionfml.ru,1,"AS12586 (ASGHOSTNET, DE)"
sokpe.com,1,"AS58487 (CRI-AS-AP CV. Rumahweb Indonesia, ID)"
mx1.solarnyx.com,1,"AS16276 (OVH, FR)"
mail.solarflarecorp.com,1,"AS24940 (HETZNER-AS, DE)"
trakable-com.mail.protection.outlook.com,1,"AS8075 (MICROSOFT-CORP-MSN-AS-BLOCK - Microsoft Corporation, US)"
solarz-net.mail.protection.outlook.com,1,"AS8075 (MICROSOFT-CORP-MSN-AS-BLOCK - Microsoft Corporation, US)"
mx1.solar-impact.pro,1,"AS200107 (KL-EXT, CH)"
smxint2.united-domains.de,1,"AS15598 (IPX-AS15598, DE)"
mail.solenox.cfd,1,"AS203446 (AS203446, GB)"
sohumx2.sohu.com,1,"AS4837 (CHINA169-BACKBONE CHINA UNICOM China169 Backbone, CN)"
mail.softpix.ru,1,"AS198610 (BEGET-AS, RU)"
socialmediaguru.co.za,1,"AS328471 (Hero-Telecoms, ZA)"
solidarityhealthshare-org.mail.protection.outlook.com,1,"AS8075 (MICROSOFT-CORP-MSN-AS-BLOCK - Microsoft Corporation, US)"
_dc-mx.0561cd6e3d55.solidsmm.net,1,"AS399275 (SOLID - Solid Systems LLC, US)"
mail.traditionmail.ru,1,"AS12586 (ASGHOSTNET, DE)"
mxa-00752701.gslb.pphosted.com,1,"AS52129 (PROOFPOINT-ASN-EU, US)"
mail.solquira.cfd,1,"AS203446 (AS203446, GB)"
soliedmail.com,1,"AS213702 (QWINS-LTD QWINS AS-SET: ~ # AS213702:AS-CUSTOMERS, GB)"
mail.solitermail.com,1,"AS12586 (ASGHOSTNET, DE)"
119428174.pamx1.hotmail.com,1,"AS8075 (MICROSOFT-CORP-MSN-AS-BLOCK - Microsoft Corporation, US)"
mail.solstris.com,1,"AS16509 (AMAZON-02 - Amazon.com, Inc., US)"
mail.transillummails.ru,1,"AS12586 (ASGHOSTNET, DE)"
mail.transmogrifmail.com,1,"AS12586 (ASGHOSTNET, DE)"
mail.transportamail.com,1,"AS12586 (ASGHOSTNET, DE)"
mail.soleciemail.ru,1,"AS12586 (ASGHOSTNET, DE)"
mail.solenodomail.ru,1,"AS12586 (ASGHOSTNET, DE)"
mail.transsemalis.com,1,"AS12586 (ASGHOSTNET, DE)"
mail.solecistmail.ru,1,"AS12586 (ASGHOSTNET, DE)"
inbox.solidmail.org,1,"AS8648 (ONE-NETWORK, DE)"
mx.trash-mail.net,1,"AS16276 (OVH, FR)"
mail.trashimail.com,1,"AS23352 (SERVERCENTRAL - DEFT.COM, US)"
mail.trash2010.com,1,"AS24940 (HETZNER-AS, DE)"
mail.transillrsmail.ru,1,"AS12586 (ASGHOSTNET, DE)"
mail.trashmail-mailbox.com,1,"AS60781 (LEASEWEB-NL-AMS-01 Netherlands, NL)"
mail.trapezfmals.com,1,"AS12586 (ASGHOSTNET, DE)"
mail.transactionuds.ru,1,"AS12586 (ASGHOSTNET, DE)"
mx.somdhosting.com,1,"AS14061 (DIGITALOCEAN-ASN - DigitalOcean, LLC, US)"
mail.transillumimails.ru,1,"AS12586 (ASGHOSTNET, DE)"
mail1.trash2009.com,1,"AS44418 (BITDEFENDER-AS, RO)"
mail1.trashymail.com,1,"AS44418 (BITDEFENDER-AS, RO)"
mail.transcendeml.ru,1,"AS12586 (ASGHOSTNET, DE)"
mail.traslex.com,1,"AS47583 (AS-HOSTINGER, CY)"
mail.solution.wisetransfer.click,1,"AS51167 (CONTABO, DE)"
mail.transillumimail.ru,1,"AS12586 (ASGHOSTNET, DE)"
mail.somatot.com,1,"AS12586 (ASGHOSTNET, DE)"
mail.trashmail.ws,1,"AS207083 (HOSTSLIM-GLOBAL-NETWORK, NL)"
mail.transmutmail.ru,1,"AS12586 (ASGHOSTNET, DE)"
mail.tijdelijkmailadres.nl,1,"AS30870 (TRANS-IX-AS Trans-iX Autonomous System, NL)"
mail.transportemail.ru,1,"AS12586 (ASGHOSTNET, DE)"
trashmail.in,1,"AS24940 (HETZNER-AS, DE)"
mx1.6v4.it,1,"AS207252 (REALTOX-MEDIA, DE)"
email.grolen.com,1,"AS7922 (COMCAST-7922 - Comcast Cable Communications, LLC, US)"
traveler.com,1,"AS22611 (INMOTION - InMotion Hosting, Inc., US)"
trashmail.hu,1,"AS210772 (NEWPUSH, HU)"
mail.somatmail.ru,1,"AS12586 (ASGHOSTNET, DE)"
mail.soniot.online,1,"AS203446 (AS203446, GB)"
mail.soniot.store,1,"AS203446 (AS203446, GB)"
traveler-s.com,1,"AS37907 (DIGIROCK DigiRock, Inc., JP)"
mail.soniot.info,1,"AS203446 (AS203446, GB)"
mail.soniot.fr,1,"AS203446 (AS203446, GB)"
mail.travelmadeease.com,1,"AS47583 (AS-HOSTINGER, CY)"
soniconsultants-com.mail.protection.outlook.com,1,"AS8075 (MICROSOFT-CORP-MSN-AS-BLOCK - Microsoft Corporation, US)"
bak002.sonrusu.com,1,"AS14061 (DIGITALOCEAN-ASN - DigitalOcean, LLC, US)"
mail.travionex.cfd,1,"AS203446 (AS203446, GB)"
mxa-00380701.gslb.pphosted.com,1,"AS22843 (PROOFPOINT-ASN-US-EAST - Proofpoint, Inc., US)"
mail.travile.com,1,"AS14061 (DIGITALOCEAN-ASN - DigitalOcean, LLC, US)"
mail.sonyymail.com,1,"AS212317 (HETZNER-CLOUD3-AS, DE)"
mail.trash247.com,1,"AS39912 (I3B-AS, AT)"
mail.trashmails.it,1,"AS24940 (HETZNER-AS, DE)"
mail.sopharmsn.com,1,"AS209605 (HOSTBALTIC, LT)"
sophiecostumes-com.mail.protection.outlook.com,1,"AS8075 (MICROSOFT-CORP-MSN-AS-BLOCK - Microsoft Corporation, US)"
mail.sooomail.com,1,"AS12586 (ASGHOSTNET, DE)"
mx.trashmailr.com,1,"AS197540 (NETCUP-AS netcup GmbH, DE)"
treatance.com,1,"AS47583 (AS-HOSTINGER, CY)"
mail.sophistsemail.com,1,"AS12586 (ASGHOSTNET, DE)"
sopbet.net,1,"AS21859 (ZEN-ECN - Zenlayer Inc, US)"
treaor.io,1,"AS200514 (KNOWNSRV, GB)"
mail.travelua.ru,1,"AS201814 (MEVSPACE, PL)"
mail.sortsml.com,1,"AS47583 (AS-HOSTINGER, CY)"
treazor.io,1,"AS200514 (KNOWNSRV, GB)"
treeor.io,1,"AS200514 (KNOWNSRV, GB)"
soruvi-com.mail.protection.outlook.com,1,"AS8075 (MICROSOFT-CORP-MSN-AS-BLOCK - Microsoft Corporation, US)"
mx.soulfire.pl,1,"AS14061 (DIGITALOCEAN-ASN - DigitalOcean, LLC, US)"
mail.soporimail.ru,1,"AS12586 (ASGHOSTNET, DE)"
mail.trendbettor.com,1,"AS11320 (LIGHTEDGE-AS-02 - LightEdge Solutions, US)"
mx1.hostido.net.pl,1,
mail.treatmentjo.ru,1,"AS12586 (ASGHOSTNET, DE)"
mail.sotemail.ru,1,"AS12586 (ASGHOSTNET, DE)"
mail.sotermails.ru,1,"AS12586 (ASGHOSTNET, DE)"
mxa2.fwd.astutium.com,1,"AS29527 (ASTUTIUM-AS Astutium Limited, GB)"
souma.duckdns.org,1,"AS16276 (OVH, FR)"
mail.sororifmail.ru,1,"AS12586 (ASGHOSTNET, DE)"
treon-org.mail.protection.outlook.com,1,"AS8075 (MICROSOFT-CORP-MSN-AS-BLOCK - Microsoft Corporation, US)"
treor.io,1,"AS200514 (KNOWNSRV, GB)"
treozr.io,1,"AS200514 (KNOWNSRV, GB)"
southmiamiroofing-com.mail.protection.outlook.com,1,"AS8075 (MICROSOFT-CORP-MSN-AS-BLOCK - Microsoft Corporation, US)"
trexzor.io,1,"AS200514 (KNOWNSRV, GB)"
trevors-org.mail.protection.outlook.com,1,"AS8075 (MICROSOFT-CORP-MSN-AS-BLOCK - Microsoft Corporation, US)"
trerzor.io,1,"AS200514 (KNOWNSRV, GB)"
trezaor.io,1,"AS200514 (KNOWNSRV, GB)"
trezeor.io,1,"AS200514 (KNOWNSRV, GB)"
trezopr.io,1,"AS200514 (KNOWNSRV, GB)"
trezorr.io,1,"AS200514 (KNOWNSRV, GB)"
traversi.ru,1,"AS49981 (WORLDSTREAM, NL)"
trezpr.io,1,"AS200514 (KNOWNSRV, GB)"
trexor.io,1,"AS200514 (KNOWNSRV, GB)"
trezr.io,1,"AS200514 (KNOWNSRV, GB)"
tresorit-com.mail.protection.outlook.com,1,"AS8075 (MICROSOFT-CORP-MSN-AS-BLOCK - Microsoft Corporation, US)"
trezior.io,1,"AS200514 (KNOWNSRV, GB)"
trezoe.io,1,"AS200514 (KNOWNSRV, GB)"
trezir.io,1,"AS200514 (KNOWNSRV, GB)"
trezore.io,1,"AS200514 (KNOWNSRV, GB)"
trewzor.io,1,"AS200514 (KNOWNSRV, GB)"
trezro.io,1,"AS200514 (KNOWNSRV, GB)"
trezort.io,1,"AS200514 (KNOWNSRV, GB)"
mail.sova.publicvm.com,1,"AS8075 (MICROSOFT-CORP-MSN-AS-BLOCK - Microsoft Corporation, US)"
trezpor.io,1,"AS200514 (KNOWNSRV, GB)"
trezoir.io,1,"AS200514 (KNOWNSRV, GB)"
mail.trickence.com,1,"AS47583 (AS-HOSTINGER, CY)"
mail.sonophon.ru,1,"AS7018 (ATT-INTERNET4 - AT&T Enterprises, LLC, US)"
trezxor.io,1,"AS200514 (KNOWNSRV, GB)"
trezo.io,1,"AS200514 (KNOWNSRV, GB)"
mail.treponemails.ru,1,"AS12586 (ASGHOSTNET, DE)"
mail.africantrust.org,1,"AS26496 (AS-26496-GO-DADDY-COM-LLC - GoDaddy.com, LLC, US)"
trezot.io,1,"AS200514 (KNOWNSRV, GB)"
mail.trickyfucm.com,1,"AS47583 (AS-HOSTINGER, CY)"
trezzor.io,1,"AS200514 (KNOWNSRV, GB)"
mail.tribolofml.com,1,"AS12586 (ASGHOSTNET, DE)"
mail.trichfml.com,1,"AS12586 (ASGHOSTNET, DE)"
mail.southeastefiml.ru,1,"AS12586 (ASGHOSTNET, DE)"
mail.southafrica-nedv.ru,1,"AS49505 (SELECTEL, RU)"
mail.trichopamail.com,1,"AS12586 (ASGHOSTNET, DE)"
trichopatmail.com,1,"AS213702 (QWINS-LTD QWINS AS-SET: ~ # AS213702:AS-CUSTOMERS, GB)"
gateh0k.spaakir.com,1,"AS14061 (DIGITALOCEAN-ASN - DigitalOcean, LLC, US)"
trichic.com.br,1,"AS46606 (UNIFIEDLAYER-AS-1 - Unified Layer, US)"
triist.com,1,"AS29802 (HVC-AS - HIVELOCITY, Inc., US)"
treqor.io,1,"AS199968 (IWSNET, AM)"
mail.trinovia.cfd,1,"AS203446 (AS203446, GB)"
spa.mail.protection.office365.us,1,"AS8075 (MICROSOFT-CORP-MSN-AS-BLOCK - Microsoft Corporation, US)"
mail.triakisocemail.ru,1,"AS12586 (ASGHOSTNET, DE)"
trezkor.io,1,"AS199968 (IWSNET, AM)"
mx.trigetti.com,1,"AS31034 (ARUBA-ASN, IT)"
trezlor.io,1,"AS199968 (IWSNET, AM)"
smtp.tarc.net,1,"AS18865 (AS-INTUIX - Intuix LLC, US)"
tripolis-com.mail.protection.outlook.com,1,"AS8075 (MICROSOFT-CORP-MSN-AS-BLOCK - Microsoft Corporation, US)"
mx.southernsalvation.com,1,"AS16509 (AMAZON-02 - Amazon.com, Inc., US)"
mail.trigonommails.ru,1,"AS12586 (ASGHOSTNET, DE)"
mail.triparish.net,1,"AS19871 (NETWORK-SOLUTIONS-HOSTING - Network Solutions, LLC, US)"
mail.trilitemail.ru,1,"AS12586 (ASGHOSTNET, DE)"
trivelers-com.mail.protection.outlook.com,1,"AS8075 (MICROSOFT-CORP-MSN-AS-BLOCK - Microsoft Corporation, US)"
mail.spaces.ru,1,"AS24940 (HETZNER-AS, DE)"
mail.trinitrofm.ru,1,"AS12586 (ASGHOSTNET, DE)"
mail.spam-nicht.de,1,"AS197540 (NETCUP-AS netcup GmbH, DE)"
smtp.spamarrest.com,1,"AS14618 (AMAZON-AES - Amazon.com, Inc., US)"
mail.spambox.me,1,"AS14061 (DIGITALOCEAN-ASN - DigitalOcean, LLC, US)"
mail.spamelka.com,1,"AS24940 (HETZNER-AS, DE)"
mail.trezvostrus.ru,1,"AS16276 (OVH, FR)"
spammedic.com,1,"AS32475 (SINGLEHOP-LLC - Internap Holding LLC, US)"
malibuzz.troofer.com,1,"AS51167 (CONTABO, DE)"
mail.spamcon.org,1,"AS40618 (SESAME - Sesame Workshop, US)"
mail.spamail.de,1,"AS197540 (NETCUP-AS netcup GmbH, DE)"
mx1.securemail.name,1,"AS44592 (SKYLINK, NL)"
spammotel.com,1,"AS32491 (TUCOWS-3 - Tucows.com Co., CA)"
mail.troveniq.cfd,1,"AS203446 (AS203446, GB)"
mail.trovantis.cfd,1,"AS203446 (AS203446, GB)"
mail.spamok.es,1,"AS24940 (HETZNER-AS, DE)"
mail.tropicaemail.ru,1,"AS12586 (ASGHOSTNET, DE)"
mail.spamok.com.ua,1,"AS24940 (HETZNER-AS, DE)"
mail.spamok.com,1,"AS24940 (HETZNER-AS, DE)"
mail.spamok.de,1,"AS24940 (HETZNER-AS, DE)"
mail.trolleyjo.ru,1,"AS12586 (ASGHOSTNET, DE)"
mail.spamok.nl,1,"AS24940 (HETZNER-AS, DE)"
mail.trucert.com,1,"AS852 (TELUS Communications, CA)"
trrezor.io,1,"AS200514 (KNOWNSRV, GB)"
mail.spark0flife.com,1,"AS12586 (ASGHOSTNET, DE)"
trrzor.io,1,"AS200514 (KNOWNSRV, GB)"
truconnect-com.mail.protection.outlook.com,1,"AS8075 (MICROSOFT-CORP-MSN-AS-BLOCK - Microsoft Corporation, US)"
mx2.truckaccidentlawyerpennsylvania.org,1,"AS200107 (KL-EXT, CH)"
trtezor.io,1,"AS200514 (KNOWNSRV, GB)"
mail.truevfvs.site,1,"AS16509 (AMAZON-02 - Amazon.com, Inc., US)"
mail.speakerbookingagency.com,1,"AS16509 (AMAZON-02 - Amazon.com, Inc., US)"
sparkypremium.com,1,"AS199695 (ANYM-NET, ID)"
mail.tron.pl,1,"AS16276 (OVH, FR)"
trugen-ai.mail.protection.outlook.com,1,"AS8075 (MICROSOFT-CORP-MSN-AS-BLOCK - Microsoft Corporation, US)"
mx.specialmailmonster.online,1,"AS20473 (AS-VULTR - The Constant Company, LLC, US)"
mail.speakerion.com,1,"AS14061 (DIGITALOCEAN-ASN - DigitalOcean, LLC, US)"
mail.trufilth.com,1,"AS22489 (DATABANK-CASTLEACCESS - Castle Access Inc, US)"
mx6.speeddategirls.com,1,
mail.spamok.fr,1,"AS24940 (HETZNER-AS, DE)"
mx6.trushsymptomstreatment.com,1,
mail0001.speed-mail.co.uk,1,"AS24940 (HETZNER-AS, DE)"
mail.travodoctor.ru,1,"AS29182 (RU-JSCIOT, RU)"
spectrohelmail.com,1,"AS213702 (QWINS-LTD QWINS AS-SET: ~ # AS213702:AS-CUSTOMERS, GB)"
_dc-mx.8b9eed65fba0.speedsogolink.com,1,"AS26496 (AS-26496-GO-DADDY-COM-LLC - GoDaddy.com, LLC, US)"
mail.truongta.com,1,"AS22612 (NAMECHEAP-NET - Namecheap, Inc., US)"
speedmail.lol,1,"AS16276 (OVH, FR)"
mail.speakfree.net,1,"AS7018 (ATT-INTERNET4 - AT&T Enterprises, LLC, US)"
mxa-00134301.gslb.pphosted.com,1,"AS22843 (PROOFPOINT-ASN-US-EAST - Proofpoint, Inc., US)"
spectaculargrove.com,1,"AS24940 (HETZNER-AS, DE)"
a.mx.broadviewnet.net,1,"AS7029 (WINDSTREAM - Windstream Communications LLC, US)"
mail.trusmail.net,1,"AS12586 (ASGHOSTNET, DE)"
mail.trusit.com,1,"AS197540 (NETCUP-AS netcup GmbH, DE)"
mail.spfence.net,1,"AS31898 (ORACLE-BMC-31898 - Oracle Corporation, US)"
mx.spetify.com.cust.b.hostedemail.com,1,"AS32491 (TUCOWS-3 - Tucows.com Co., CA)"
a918482.mx.mailhop.org,1,"AS16509 (AMAZON-02 - Amazon.com, Inc., US)"
mxtls.expurgate.de,1,"AS29014 (SCALEUP, DE)"
trusfwallet.com,1,"AS52148 (ENIXLTD, GB)"
ar.vmx.terra.com,1,
mail.speedlooking.fun,1,"AS40021 (CONTABO-40021 - Contabo Inc., US)"
sphiritlab.com,1,"AS23352 (SERVERCENTRAL - DEFT.COM, US)"
mail.trust-mailbox.com,1,"AS12586 (ASGHOSTNET, DE)"
mail.spermatmail.com,1,"AS12586 (ASGHOSTNET, DE)"
mail.spectroscopmail.ru,1,"AS12586 (ASGHOSTNET, DE)"
mail.spectrophotooli.ru,1,"AS12586 (ASGHOSTNET, DE)"
mail.spblt.ru,1,"AS44094 (WEBHOST1-AS, RU)"
mail.sphygemetmail.com,1,"AS12586 (ASGHOSTNET, DE)"
trust-com.mail.protection.outlook.com,1,"AS8075 (MICROSOFT-CORP-MSN-AS-BLOCK - Microsoft Corporation, US)"
mail.febas.net,1,"AS24940 (HETZNER-AS, DE)"
mail.trust-mail.ru,1,"AS12586 (ASGHOSTNET, DE)"
trustfb.online,1,"AS328364 (Host-Africa-AS, ZA)"
truistb.com,1,"AS200019 (ALEXHOST, MD)"
mail.sphenopemail.ru,1,"AS12586 (ASGHOSTNET, DE)"
mail.spayderhed-2022.ru,1,"AS44094 (WEBHOST1-AS, RU)"
trusted.trading,1,"AS14061 (DIGITALOCEAN-ASN - DigitalOcean, LLC, US)"
mail.xbpantibody.com,1,"AS47583 (AS-HOSTINGER, CY)"
xboxlivegenerator.xyz,1,"AS20068 (HAWKHOST - Hawk Host Inc., CA)"
xcpy-com.mail.protection.outlook.com,1,"AS8075 (MICROSOFT-CORP-MSN-AS-BLOCK - Microsoft Corporation, US)"
mail.xdsedr.tech,1,"AS47583 (AS-HOSTINGER, CY)"
xd-solutions.com,1,"AS270179 (PC ONLINE, MX)"
mx0.xeduh.com,1,"AS36352 (AS-COLOCROSSING - HostPapa, US)"
mail.xelu.space,1,"AS203446 (AS203446, GB)"
mail.xenloria.cfd,1,"AS203446 (AS203446, GB)"
mail.xek.me,1,"AS6849 (UKRTELNET, UA)"
mail.xenopool.cfd,1,"AS24940 (HETZNER-AS, DE)"
mail.xenicalprime.com,1,"AS15456 (INTERNETX-AS, DE)"
mail.xelo.pro,1,"AS12389 (ROSTELECOM-AS PJSC Rostelecom. Technical Team, RU)"
mail.xeno.gay,1,"AS203446 (AS203446, GB)"
mail.xftmail.com,1,"AS47583 (AS-HOSTINGER, CY)"
mail.xenophtmail.ru,1,"AS12586 (ASGHOSTNET, DE)"
mail.xgmailoo.com,1,"AS47583 (AS-HOSTINGER, CY)"
mail.xenodiagnruby.ru,1,"AS12586 (ASGHOSTNET, DE)"
mail.xenofon.gr,1,"AS34762 (COMBELL-AS, BE)"
mail.xdfav.com,1,"AS29182 (RU-JSCIOT, RU)"
hermes.hosts.co.uk,1,"AS8622 (ISIONUK Team Blue Internet Services UK Ltd, GB)"
mail.xidealx.com,1,"AS14061 (DIGITALOCEAN-ASN - DigitalOcean, LLC, US)"
mail.ximenor.site,1,"AS40021 (CONTABO-40021 - Contabo Inc., US)"
xinn.edu.pl,1,"AS24940 (HETZNER-AS, DE)"
mail.xirentha.cfd,1,"AS203446 (AS203446, GB)"
mail.xilor.com,1,"AS5048 (FIBER - FIBERNET Corp., US)"
xiti-com.mail.eo.outlook.com,1,"AS8075 (MICROSOFT-CORP-MSN-AS-BLOCK - Microsoft Corporation, US)"
mail.xitro.cfd,1,"AS24940 (HETZNER-AS, DE)"
mail.xjltaxesiw.com,1,"AS47583 (AS-HOSTINGER, CY)"
mail.xinfi.com.pl,1,"AS16276 (OVH, FR)"
mail.xiphihumefml.ru,1,"AS12586 (ASGHOSTNET, DE)"
mail.xlcool.com,1,"AS14061 (DIGITALOCEAN-ASN - DigitalOcean, LLC, US)"
mx.xlxe.pl,1,"AS14061 (DIGITALOCEAN-ASN - DigitalOcean, LLC, US)"
mail.xmailtm.com,1,"AS14061 (DIGITALOCEAN-ASN - DigitalOcean, LLC, US)"
mysrv.kozow.com,1,"AS39927 (ELIGHT-AS, RU)"
app.shroud.email,1,"AS24940 (HETZNER-AS, DE)"
xmailer.be,1,"AS7506 (INTERQ GMO Internet Group, Inc., JP)"
mail.xkxkud.com,1,"AS24940 (HETZNER-AS, DE)"
xmail.edu.pl,1,"AS16276 (OVH, FR)"
mail.xmailg.one,1,"AS24940 (HETZNER-AS, DE)"
mail.xn--ad-o1a.com,1,"AS26496 (AS-26496-GO-DADDY-COM-LLC - GoDaddy.com, LLC, US)"
mail.xn--anthm-8cc.com,1,"AS63949 (AKAMAI-LINODE-AP Akamai Connected Cloud, SG)"
uxc-com.mail.protection.outlook.com,1,"AS8075 (MICROSOFT-CORP-MSN-AS-BLOCK - Microsoft Corporation, US)"
mail.uxodus.com,1,
mail13.netbeat.de,1,"AS25504 (CRONON-AS Obermuensterstr. 9, DE)"
mail.xn--atomicwllet-e7a.io,1,"AS44051 (FORNEX-AS, ES)"
mail.thegrowpedia.com,1,"AS51167 (CONTABO, DE)"
w00b3e60.kasserver.com,1,"AS34788 (NMM-AS D - 02742 Friedersdorf Hauptstrasse 68, DE)"
xndatabrick82b-com0m2c.mail.protection.outlook.com,1,
xnetas4y-com0mi.mail.protection.outlook.com,1,"AS8075 (MICROSOFT-CORP-MSN-AS-BLOCK - Microsoft Corporation, US)"
mx.xn--gail-5c5a.com,1,
xn--etor-oqa.com,1,"AS51191 (XIRRA, DE)"
xngmirla56b-com0mi.mail.protection.outlook.com,1,
mail.xn--gmal-xw5a.com,1,"AS48314 (IP-PROJECTS, DE)"
xngoglef91b-com0m1c.mail.protection.outlook.com,1,
xngmilmoa-com0m1b.mail.protection.outlook.com,1,"AS8075 (MICROSOFT-CORP-MSN-AS-BLOCK - Microsoft Corporation, US)"
xngmljla4d-com0mi.mail.protection.outlook.com,1,"AS8075 (MICROSOFT-CORP-MSN-AS-BLOCK - Microsoft Corporation, US)"
xn--gma-lua9d.com,1,"AS16276 (OVH, FR)"
mail.xn--gml-rla9b.com,1,"AS24940 (HETZNER-AS, DE)"
mail.xn--gmil-1sa.com,1,"AS16276 (OVH, FR)"
xn--gml-rla9c.com,1,"AS20857 (TRANSIP-AS Amsterdam, the Netherlands, NL)"
_dc-mx.8a08eac41335.xn--ida.online,1,"AS42831 (UKSERVERS-AS UK Dedicated Servers, Hosting and Co-Location, GB)"
xn--googl-lsa.com,1,"AS397423 (TIER-NET - Tier.Net Technologies LLC, US)"
xnkaiserpermanntek9b-org0m3i.mail.protection.outlook.com,1,"AS8075 (MICROSOFT-CORP-MSN-AS-BLOCK - Microsoft Corporation, US)"
mx0.zoy.org,1,"AS34019 (HIVANE, FR)"
mail.xn--krken-gwa.com,1,"AS19318 (IS-AS-1 - Interserver, Inc, US)"
mail.xn--gmi-jpa02a.com,1,"AS35745 (PROVECTOR-AS, PL)"
xnlbanj0a-com0m1b.mail.protection.outlook.com,1,"AS8075 (MICROSOFT-CORP-MSN-AS-BLOCK - Microsoft Corporation, US)"
mail.xn--krken-ucc.com,1,"AS212477 (ROYALE-AS, NL)"
xnmcrosoftpqc-com0m2b.mail.protection.outlook.com,1,
mail.xn--mcrosoft-sud.com,1,"AS16509 (AMAZON-02 - Amazon.com, Inc., US)"
mail.xn--mcrosoft-tkb.com,1,"AS197540 (NETCUP-AS netcup GmbH, DE)"
mail.xn--gurda-yqa.com,1,"AS62904 (AS62904 - Eonix Corporation, US)"
xn--mal-gsa6g.com,1,"AS16276 (OVH, FR)"
mail.xn--guada-lp1b.com,1,"AS200220 (SERVINGA-ES, DE)"
mail.xn--micosof-emd9545d.com,1,"AS35985 (ONERINGNET-ATL-1 - One Ring Networks, Inc., US)"
mx.xn--micrsoft-p3a.com.cust.a.hostedemail.com,1,"AS15348 (TUCOWS - Tucows.com Co., CA)"
mail.xn--micrsoft-q4a.com,1,"AS213250 (ITP-SOLUTIONS, DE)"
xn--mil-qla7z.com,1,"AS14670 (WHG-USE1, GB)"
mail.xn--netflx-m8a.com,1,"AS51167 (CONTABO, DE)"
w01c6d56.kasserver.com,1,"AS34788 (NMM-AS D - 02742 Friedersdorf Hauptstrasse 68, DE)"
mail.xn--guada-src.com,1,"AS44051 (FORNEX-AS, ES)"
xnprogressver8a-com0m2e.mail.protection.outlook.com,1,
xnpayplpra-com0m1c.mail.protection.outlook.com,1,"AS8075 (MICROSOFT-CORP-MSN-AS-BLOCK - Microsoft Corporation, US)"
mail.xn--mta-bma.com,1,"AS53589 (PLANETHOSTER-8 - PlanetHoster, CA)"
mail.xn--rncrosoft-64a.com,1,
xntngenmra-com0m1c.mail.protection.outlook.com,1,"AS8075 (MICROSOFT-CORP-MSN-AS-BLOCK - Microsoft Corporation, US)"
mail.xormail.org,1,"AS24940 (HETZNER-AS, DE)"
mail.xost.us,1,"AS47583 (AS-HOSTINGER, CY)"
mail.xoxo3.website,1,"AS203446 (AS203446, GB)"
xpert-tech.mail.protection.outlook.com,1,
host.i-camz.com,1,"AS13335 (CLOUDFLARENET - Cloudflare, Inc., US)"
mx.emaill.top,1,"AS210329 (CLOUDWEBMANAGE-UK-1, US)"
xpathmail.com,1,"AS16276 (OVH, FR)"
mail2.xpasystems.com,1,"AS6364 (ATLANTIC-NET-1 - Atlantic.net, Inc., US)"
mail.xredb.com,1,"AS14061 (DIGITALOCEAN-ASN - DigitalOcean, LLC, US)"
mailgate.xnc.de,1,"AS12579 (Internet-Service-Provider, DE)"
mail.uz6tgwk.com,1,"AS47583 (AS-HOSTINGER, CY)"
xsend.org,1,"AS7506 (INTERQ GMO Internet Group, Inc., JP)"
_dc-mx.1228cfe82d8e.xsmega645.com,1,"AS151858 (INTERDIGI-VN INTERDIGI JOINT STOCK COMPANY, VN)"
mail.uygunboyaci.com,1,"AS49467 (EUROTA-ASN EUROTA INTERNET SERVICES LTD, TR)"
mx1.sydneycatholic.org,1,
xte-com.mail.protection.outlook.com,1,"AS8075 (MICROSOFT-CORP-MSN-AS-BLOCK - Microsoft Corporation, US)"
uzengo-com.mail.protection.outlook.com,1,"AS8075 (MICROSOFT-CORP-MSN-AS-BLOCK - Microsoft Corporation, US)"
mail0001.v21net.co.uk,1,"AS24940 (HETZNER-AS, DE)"
xtenmail.com,1,"AS213702 (QWINS-LTD QWINS AS-SET: ~ # AS213702:AS-CUSTOMERS, GB)"
xtl-com.mail.protection.outlook.com,1,"AS8075 (MICROSOFT-CORP-MSN-AS-BLOCK - Microsoft Corporation, US)"
mail.xtoysphil.com,1,"AS400754 (GO-DADDY-COM-LLC - GoDaddy.com, LLC, US)"
mail.xtsserv.com,1,"AS47583 (AS-HOSTINGER, CY)"
mail.xtranslator.ru,1,"AS60404 (LITESERVER, NL)"
xn--pypl-5nau.com,1,"AS204800 (WHG-SGP, GB)"
mx1.hk.aliyun.com,1,"AS45102 (ALIBABA-CN-NET Alibaba US Technology Co., Ltd., CN)"
xto-com.mail.protection.outlook.com,1,"AS8075 (MICROSOFT-CORP-MSN-AS-BLOCK - Microsoft Corporation, US)"
mail.xv.com,1,"AS398101 (GO-DADDY-COM-LLC - GoDaddy.com, LLC, US)"
mail.xv9u9m.com,1,"AS47583 (AS-HOSTINGER, CY)"
mail.v-kv.com,1,"AS29182 (RU-JSCIOT, RU)"
mail.xpresiku.com,1,
mail.v-kuhne.ru,1,"AS210079 (EUROBYTE, RU)"
mail.yaniz.net,1,"AS7922 (COMCAST-7922 - Comcast Cable Communications, LLC, US)"
mail.pototskyy.net,1,
mail.uyhip.com,1,
vait-se0e.mail.protection.outlook.com,1,"AS8075 (MICROSOFT-CORP-MSN-AS-BLOCK - Microsoft Corporation, US)"
mail.vaelix.cfd,1,"AS24940 (HETZNER-AS, DE)"
mail.ysimo.com,1,"AS214986 (ASNERI1, ES)"
mail.vaginmails.ru,1,"AS12586 (ASGHOSTNET, DE)"
valenzhealth-com.mail.protection.outlook.com,1,"AS8075 (MICROSOFT-CORP-MSN-AS-BLOCK - Microsoft Corporation, US)"
mxa-00514c01.gslb.pphosted.com,1,"AS52129 (PROOFPOINT-ASN-EU, US)"
mail.valedictolml.ru,1,"AS12586 (ASGHOSTNET, DE)"
mx20.antispam.mailspamprotection.com,1,"AS396982 (GOOGLE-CLOUD-PLATFORM - Google LLC, US)"
valenciabackpackers.com,1,"AS60494 (UNELINK, ES)"
mail.valersmail.ru,1,"AS12586 (ASGHOSTNET, DE)"
xxl.st,1,"AS16276 (OVH, FR)"
mx1.wk.se,1,"AS41980 (WEBBKONSULTERNA-AS, SE)"
mail.valetufmk.com,1,"AS12586 (ASGHOSTNET, DE)"
mail.valuenu.com,1,"AS47583 (AS-HOSTINGER, CY)"
valtrexsbl.site,1,"AS63949 (AKAMAI-LINODE-AP Akamai Connected Cloud, SG)"
mail.valetudinmail.com,1,"AS132203 (TENCENT-NET-AP-CN Tencent Building, Kejizhongyi Avenue, CN)"
mail.xxxhi.cc,1,"AS45102 (ALIBABA-CN-NET Alibaba US Technology Co., Ltd., CN)"
xxx.com,1,"AS46652 (SERVERSTACK-ASN - DigitalOcean, LLC, US)"
vandorp-eu.o-v1.mx.microsoft,1,"AS8075 (MICROSOFT-CORP-MSN-AS-BLOCK - Microsoft Corporation, US)"
mail.van87.com,1,"AS24940 (HETZNER-AS, DE)"
mail.vamails.ru,1,"AS12586 (ASGHOSTNET, DE)"
xxxn.fun,1,"AS50245 (SERVEREL-AS, US)"
vmail.evestamail.com,1,"AS213230 (HETZNER-CLOUD2-AS, DE)"
w0126846.kasserver.com,1,"AS34788 (NMM-AS D - 02742 Friedersdorf Hauptstrasse 68, DE)"
mail.vemma.xyz,1,
vapits.net,1,"AS55293 (A2HOSTING - A2 Hosting, Inc., US)"
mail.xylanta.cfd,1,"AS203446 (AS203446, GB)"
mail.vaporamail.ru,1,"AS12586 (ASGHOSTNET, DE)"
_dc-mx.54e096260988.varangaofficial.ru,1,"AS211381 (PODAON, LV)"
inx.varting.com,1,"AS14061 (DIGITALOCEAN-ASN - DigitalOcean, LLC, US)"
vanessa-castro.com,1,"AS37907 (DIGIROCK DigiRock, Inc., JP)"
mail.vargosmail.com,1,"AS12586 (ASGHOSTNET, DE)"
varix.site,1,"AS29802 (HVC-AS - HIVELOCITY, Inc., US)"
mail.xzcameras.com,1,"AS47583 (AS-HOSTINGER, CY)"
mail.vapulfml.ru,1,"AS12586 (ASGHOSTNET, DE)"
mail.vasoinhibmfri.com,1,"AS12586 (ASGHOSTNET, DE)"
s1.ct8.pl,1,"AS24940 (HETZNER-AS, DE)"
mail.variamalu.ru,1,"AS12586 (ASGHOSTNET, DE)"
mail0001.xwanadoo.fr,1,"AS24940 (HETZNER-AS, DE)"
mail.vaymail.com,1,"AS207633 (NOSSPEED, TR)"
ancient.vacpocket.com,1,"AS35916 (MULTA-ASN1 - MULTACOM CORPORATION, US)"
mail.vasudhaindia.com,1,"AS394695 (PUBLIC-DOMAIN-REGISTRY - PDR, US)"
xwkqguild.com,1,"AS47583 (AS-HOSTINGER, CY)"
mail.vbv.cards,1,"AS44486 (SYNLINQ synlinq.de, DE)"
mail.vaginoml.ru,1,"AS12586 (ASGHOSTNET, DE)"
mail.vaginomail.com,1,"AS12586 (ASGHOSTNET, DE)"
mail.vaginomsalo.ru,1,"AS12586 (ASGHOSTNET, DE)"
mail.vapecentral.ru,1,"AS44094 (WEBHOST1-AS, RU)"
mail.vcois.com,1,"AS14061 (DIGITALOCEAN-ASN - DigitalOcean, LLC, US)"
mail.vbroqa.com,1,"AS24940 (HETZNER-AS, DE)"
mx6.valtrexprime.com,1,
mail.yaaoho.com,1,"AS51167 (CONTABO, DE)"
mail.ya-doctor.ru,1,"AS210079 (EUROBYTE, RU)"
mail.veb37.com,1,"AS14061 (DIGITALOCEAN-ASN - DigitalOcean, LLC, US)"
mail.vecinomail.com,1,"AS12586 (ASGHOSTNET, DE)"
veico-com.mail.protection.outlook.com,1,"AS8075 (MICROSOFT-CORP-MSN-AS-BLOCK - Microsoft Corporation, US)"
mail.vegetabsmail.com,1,"AS12586 (ASGHOSTNET, DE)"
mail.vegymail.com,1,"AS12586 (ASGHOSTNET, DE)"
mta7.am0.yahoodns.net,1,"AS36647 (YAHOO-GQ1 - Yahoo Holdings Inc., US)"
mail.velatrix.cfd,1,"AS203446 (AS203446, GB)"
mx2.mail.eu.yahoo.com,1,
mail.velismail.com,1,"AS12586 (ASGHOSTNET, DE)"
mail.connection.fr,1,"AS15557 (LDCOMNET --- I3Dnet ---, FR)"
mail.velocityinbox.cfd,1,"AS24940 (HETZNER-AS, DE)"
_dc-mx.3c827fe1dfc0.vemrecik.com,1,"AS42807 (AEROTEK-AS, TR)"
velocetterecords.com,1,"AS215117 (HOSTERDADDY, IN)"
mail.venariq.cfd,1,"AS203446 (AS203446, GB)"
vejohy.info,1,"AS131965 (XSERVER Xserver Inc., JP)"
mail2.velikovsky.cz,1,"AS49985 (IP4ISP, CZ)"
mail.venaten.com,1,"AS14061 (DIGITALOCEAN-ASN - DigitalOcean, LLC, US)"
mail.venereolsemail.com,1,"AS12586 (ASGHOSTNET, DE)"
mail.venerabfml.com,1,"AS12586 (ASGHOSTNET, DE)"
mail.ventrovia.cfd,1,"AS203446 (AS203446, GB)"
mail.yakelu.com,1,"AS14061 (DIGITALOCEAN-ASN - DigitalOcean, LLC, US)"
mail.vavadacasino.icu,1,
mail.yalexonyegues.com,1,"AS51167 (CONTABO, DE)"
mail.ventura17.ru,1,"AS58061 (SCALAXY-AS, LV)"
mail.yahooo.com.mx,1,"AS3842 (RAMNODE - InMotion Hosting, Inc., US)"
mail.vegasplus.ru,1,"AS204601 (PODAON, NL)"
yamanashi.com,1,"AS131965 (XSERVER Xserver Inc., JP)"
yahooz.xxl.st,1,"AS16276 (OVH, FR)"
mail.veridicalmail.com,1,"AS12586 (ASGHOSTNET, DE)"
mta6.verizo.net,1,"AS19318 (IS-AS-1 - Interserver, Inc, US)"
mta6.verision.net,1,"AS19318 (IS-AS-1 - Interserver, Inc, US)"
yaloo.fr.nf,1,"AS16276 (OVH, FR)"
mail.verbee.ru,1,"AS29182 (RU-JSCIOT, RU)"
veo33.io.vn,1,
mxa-002d7b01.gslb.pphosted.com,1,"AS22843 (PROOFPOINT-ASN-US-EAST - Proofpoint, Inc., US)"
yap-com.mail.protection.outlook.com,1,"AS8075 (MICROSOFT-CORP-MSN-AS-BLOCK - Microsoft Corporation, US)"
mail.yaqp.com,1,"AS20473 (AS-VULTR - The Constant Company, LLC, US)"
mail.verum.email,1,"AS14061 (DIGITALOCEAN-ASN - DigitalOcean, LLC, US)"
a398867.mx.mailhop.org,1,"AS16509 (AMAZON-02 - Amazon.com, Inc., US)"
mail.vernacmail.ru,1,"AS12586 (ASGHOSTNET, DE)"
mail.vcheaperp.com,1,"AS132203 (TENCENT-NET-AP-CN Tencent Building, Kejizhongyi Avenue, CN)"
mail.verticamail.com,1,"AS12586 (ASGHOSTNET, DE)"
veteranratings-com.mail.protection.outlook.com,1,"AS8075 (MICROSOFT-CORP-MSN-AS-BLOCK - Microsoft Corporation, US)"
mail.vetdisabilityaid.com,1,"AS22611 (INMOTION - InMotion Hosting, Inc., US)"
yashdigital.email,1,"AS199695 (ANYM-NET, ID)"
mail.ybananaulx.com,1,"AS47583 (AS-HOSTINGER, CY)"
_dc-mx.6c50c5adc789.yasdownload.ir,1,"AS24940 (HETZNER-AS, DE)"
vestedhr-com.mx1.arsmtp.com,1,"AS53780 (AS-APPRIVER - APPRIVER LLC, US)"
mail.vesiculokl.ru,1,"AS12586 (ASGHOSTNET, DE)"
mail.vesicovme.ru,1,"AS12586 (ASGHOSTNET, DE)"
mail.wiedabei.de,1,"AS24940 (HETZNER-AS, DE)"
ybbmx1.mail.yahoo.co.jp,1,"AS23816 (YAHOO LY Corporation, JP)"
yd-com.mail.protection.outlook.com,1,"AS8075 (MICROSOFT-CORP-MSN-AS-BLOCK - Microsoft Corporation, US)"
mail.ycare.de,1,"AS24940 (HETZNER-AS, DE)"
mx.ycykly.com,1,"AS14061 (DIGITALOCEAN-ASN - DigitalOcean, LLC, US)"
mail.yap.com.au,1,"AS45638 (SYNERGYWHOLESALE-AP SYNERGY WHOLESALE PTY LTD, AU)"
mail.ydeclinegv.com,1,"AS47583 (AS-HOSTINGER, CY)"
_dc-mx.57cc43fdc511.yddigitalservice.com,1,"AS26496 (AS-26496-GO-DADDY-COM-LLC - GoDaddy.com, LLC, US)"
kingmailer.org,1,"AS14061 (DIGITALOCEAN-ASN - DigitalOcean, LLC, US)"
yedi-org.mail.protection.outlook.com,1,"AS8075 (MICROSOFT-CORP-MSN-AS-BLOCK - Microsoft Corporation, US)"
vhoutdoor.com,1,"AS47583 (AS-HOSTINGER, CY)"
mx.postal.hidemail.app,1,"AS24940 (HETZNER-AS, DE)"
mx.viagra-cheap.org,1,"AS14061 (DIGITALOCEAN-ASN - DigitalOcean, LLC, US)"
mail.dnsexit.com,1,"AS54489 (CORESPACE-DAL - CoreSpace, Inc., US)"
gromsgi.pfizer.com,1,"AS11971 (PFIZERNET-GROTON - Pfizer Inc., US)"
_dc-mx.c968fd49d43b.yenge.net,1,"AS200223 (ETHERON, NL)"
mxa-007ab401.gslb.pphosted.com,1,"AS52129 (PROOFPOINT-ASN-EU, US)"
vian-ai.mail.protection.outlook.com,1,"AS8075 (MICROSOFT-CORP-MSN-AS-BLOCK - Microsoft Corporation, US)"
victoriagatecasino-co-uk.mail.protection.outlook.com,1,"AS8075 (MICROSOFT-CORP-MSN-AS-BLOCK - Microsoft Corporation, US)"
mx.victoriaalison.com,1,"AS14061 (DIGITALOCEAN-ASN - DigitalOcean, LLC, US)"
victormesquita-dev.mail.protection.outlook.com,1,"AS8075 (MICROSOFT-CORP-MSN-AS-BLOCK - Microsoft Corporation, US)"
mail.yesterevfml.com,1,"AS12586 (ASGHOSTNET, DE)"
mail.yep.it,1,"AS60087 (ASSUPERNOVA, IT)"
vidia-com.mail.protection.outlook.com,1,"AS8075 (MICROSOFT-CORP-MSN-AS-BLOCK - Microsoft Corporation, US)"
ms1.yhc.com.tw,1,"AS3462 (HINET Data Communication Business Group, TW)"
mail.vexalor.cfd,1,"AS203446 (AS203446, GB)"
vfarmers-com.mail.protection.outlook.com,1,"AS8075 (MICROSOFT-CORP-MSN-AS-BLOCK - Microsoft Corporation, US)"
ygop.com,1,"AS201200 (SUPERHOSTING_AS, BG)"
vigi-com.mail.protection.outlook.com,1,"AS8075 (MICROSOFT-CORP-MSN-AS-BLOCK - Microsoft Corporation, US)"
yikulju.com,1,"AS57043 (HOSTKEY-AS, NL)"
mail.via902.com,1,"AS135905 (VNPT-AS-VN VIETNAM POSTS AND TELECOMMUNICATIONS GROUP, VN)"
_dc-mx.95078ae5bb81.yiqiconsult.com,1,"AS51167 (CONTABO, DE)"
mail.vigoneo.com,1,"AS19871 (NETWORK-SOLUTIONS-HOSTING - Network Solutions, LLC, US)"
mail.vidssa.com,1,"AS61173 (GWSN-AS, IR)"
mail01.vigra-tadacip.info,1,"AS36351 (SOFTLAYER - IBM Cloud, US)"
mail.villabhj.com,1,"AS47583 (AS-HOSTINGER, CY)"
vigentenjmail.ru,1,"AS213702 (QWINS-LTD QWINS AS-SET: ~ # AS213702:AS-CUSTOMERS, GB)"
mail.3mail.info,1,"AS14061 (DIGITALOCEAN-ASN - DigitalOcean, LLC, US)"
mail.ying168.org,1,"AS154177 (LIGHT4-AS-AP LIGHT NODE LIMITED, HK)"
mail.viergroup.ru,1,"AS29182 (RU-JSCIOT, RU)"
_dc-mx.aed11ecb2ba7.vinahost.net,1,"AS151858 (INTERDIGI-VN INTERDIGI JOINT STOCK COMPANY, VN)"
mail.vientrongrang.com.vn,1,"AS131392 (RUNSYSTEM-AS-VN GMO-Z.com Runsystem Joint Stock Company, VN)"
yllw.us,1,"AS36454 (WHG-DAL, GB)"
viola.gq,1,"AS397423 (TIER-NET - Tier.Net Technologies LLC, US)"
mxa-00056f01.gslb.pphosted.com,1,"AS26211 (PROOFPOINT-ASN-US-WEST - Proofpoint, Inc., US)"
vilnapresa.com,1,"AS49981 (WORLDSTREAM, NL)"
_dc-mx.52624a285dff.vip-mail.info,1,"AS44486 (SYNLINQ synlinq.de, DE)"
violimail.com,1,"AS213702 (QWINS-LTD QWINS AS-SET: ~ # AS213702:AS-CUSTOMERS, GB)"
mail.vinbazar.com,1,"AS42655 (BESTHOSTING-AS, UA)"
mail.violaquemail.ru,1,"AS12586 (ASGHOSTNET, DE)"
mail.violamail.ru,1,"AS12586 (ASGHOSTNET, DE)"
mail.viktorkedrovskiy.ru,1,"AS44094 (WEBHOST1-AS, RU)"
mail.vipcherry.com,1,"AS3842 (RAMNODE - InMotion Hosting, Inc., US)"
mta6.am0.ymeil.com,1,"AS19318 (IS-AS-1 - Interserver, Inc, US)"
_dc-mx.607f8a2506a8.vipbirthdaycoupons.com,1,"AS33182 (DIMENOC - HostDime.com, Inc., US)"
mail.vipitv.com,1,"AS3842 (RAMNODE - InMotion Hosting, Inc., US)"
mx.vintange.com,1,"AS31034 (ARUBA-ASN, IT)"
163mx.cdn.163.net,1,"AS10032 (HGC-AS-AP BDX DC Services HK Limited, HK)"
mail.ymhis.com,1,"AS14061 (DIGITALOCEAN-ASN - DigitalOcean, LLC, US)"
mail.vingorod.ru,1,"AS3216 (SOVAM-AS, RU)"
mail.vipmail.club,1,"AS31898 (ORACLE-BMC-31898 - Oracle Corporation, US)"
mail.vipmail.today,1,"AS16276 (OVH, FR)"
email.ymonthl.com,1,"AS14061 (DIGITALOCEAN-ASN - DigitalOcean, LLC, US)"
mx.vip.sohu.com,1,"AS4837 (CHINA169-BACKBONE CHINA UNICOM China169 Backbone, CN)"
mx.vip555.ru,1,"AS24955 (UBN-AS, RU)"
mail.virelio.cfd,1,"AS203446 (AS203446, GB)"
imap.ymail.net,1,"AS3786 (LGDACOM LG DACOM Corporation, KR)"
virgilii.it,1,"AS16509 (AMAZON-02 - Amazon.com, Inc., US)"
mail.yodaat.com,1,"AS31898 (ORACLE-BMC-31898 - Oracle Corporation, US)"
primary.emea.email.fireeyecloud.com,1,"AS16509 (AMAZON-02 - Amazon.com, Inc., US)"
mx.virgotv.com,1,"AS31034 (ARUBA-ASN, IT)"
_dc-mx.60c77b1a84ee.virtualprivateserversindia.com,1,"AS32244 (LIQUIDWEB - Liquid Web, L.L.C, US)"
mail.vip-dublikat.su,1,"AS35278 (SPRINTHOST, RU)"
mail.virtuous-studio.com,1,"AS26496 (AS-26496-GO-DADDY-COM-LLC - GoDaddy.com, LLC, US)"
mail.yone.site,1,
yodx.ro,1,"AS58247 (NETVEILLANCE, RO)"
visalus-com.mail.protection.outlook.com,1,"AS8075 (MICROSOFT-CORP-MSN-AS-BLOCK - Microsoft Corporation, US)"
mail.yondrix.cfd,1,"AS203446 (AS203446, GB)"
viruprotect.ro,1,"AS205275 (ROMARG, RO)"
mail.viscerfmk.com,1,"AS12586 (ASGHOSTNET, DE)"
mbox01-01.de.lttcs.com,1,"AS24940 (HETZNER-AS, DE)"
mx2.us.opalstack.com,1,"AS7203 (LEASEWEB-USA-SFO - Leaseweb USA, Inc., US)"
mx.visionaryventures.store.cust.b.hostedemail.com,1,"AS32491 (TUCOWS-3 - Tucows.com Co., CA)"
mx1.yolomail.in.ua,1,"AS20473 (AS-VULTR - The Constant Company, LLC, US)"
visas-uk.com,1,"AS24940 (HETZNER-AS, DE)"
mx6.visualimpactreviews.com,1,
mail.visualarguments.com,1,"AS46606 (UNIFIEDLAYER-AS-1 - Unified Layer, US)"
w012a9a9.kasserver.com,1,"AS34788 (NMM-AS D - 02742 Friedersdorf Hauptstrasse 68, DE)"
malibuzz.vitalizeskinforwomen.com,1,"AS51167 (CONTABO, DE)"
malibuzz.vitalizehairmen.com,1,"AS51167 (CONTABO, DE)"
mail1.yopweb.com,1,"AS44418 (BITDEFENDER-AS, RO)"
mail.yopmail.pp.ua,1,"AS16276 (OVH, FR)"
_dc-mx.034663e44e59.yorumsizin.com,1,"AS210388 (HAYALHOST, TR)"
mail.yop.fr,1,AS4455 (BSO - IX Reach Ltd)
vitengegalore.com,1,"AS13335 (CLOUDFLARENET - Cloudflare, Inc., US)"
mail.visacz.name,1,"AS29182 (RU-JSCIOT, RU)"
mail.vitellomalis.com,1,"AS12586 (ASGHOSTNET, DE)"
viti-com.mail.protection.outlook.com,1,"AS8075 (MICROSOFT-CORP-MSN-AS-BLOCK - Microsoft Corporation, US)"
mail.youmails.online,1,"AS47583 (AS-HOSTINGER, CY)"
yotmail.fr.nf,1,"AS16276 (OVH, FR)"
yoptruc.fr.nf,1,"AS16276 (OVH, FR)"
mail.vithub.com,1,"AS24940 (HETZNER-AS, DE)"
mail.viv2.com,1,"AS14061 (DIGITALOCEAN-ASN - DigitalOcean, LLC, US)"
mail.vitellogmail.ru,1,"AS12586 (ASGHOSTNET, DE)"
mx.youpymail.com,1,"AS24940 (HETZNER-AS, DE)"
vitrifmail.com,1,"AS213702 (QWINS-LTD QWINS AS-SET: ~ # AS213702:AS-CUSTOMERS, GB)"
mail.vitriolmail.ru,1,"AS12586 (ASGHOSTNET, DE)"
vitmart.com,1,"AS20473 (AS-VULTR - The Constant Company, LLC, US)"
mail.vivomaiil.com,1,"AS12586 (ASGHOSTNET, DE)"
_dc-mx.bd038067bec8.youremaillist.com,1,"AS397423 (TIER-NET - Tier.Net Technologies LLC, US)"
mail.vjav.info,1,"AS39572 (ADVANCEDHOSTERS-AS, NL)"
server1.ohost.com.br,1,"AS33182 (DIMENOC - HostDime.com, Inc., US)"
mail.your-temp-mail.info,1,"AS35916 (MULTA-ASN1 - MULTACOM CORPORATION, US)"
mx.yourmail.online,1,"AS2119 (TELENOR-NEXTEL Telenor Norge AS, NO)"
mx1.yourfreemailbox.co,1,"AS200107 (KL-EXT, CH)"
gwmail.ktbizoffice.com,1,"AS4766 (KIXS-AS-KR Korea Telecom, KR)"
mail.yours.tools,1,"AS55990 (HWCSNET Huawei Cloud Service data center, CN)"
mail.vlemi.com,1,"AS14061 (DIGITALOCEAN-ASN - DigitalOcean, LLC, US)"
mail.vl.edu.vn,1,"AS150895 (EZTECH-VN EZ TECHNOLOGY COMPANY LIMITED, VN)"
gabriel.vivo.com.br,1,
mail.yourewardcard.net,1,"AS57724 (DDOS-GUARD, RU)"
ypbit-com.mail.protection.outlook.com,1,"AS8075 (MICROSOFT-CORP-MSN-AS-BLOCK - Microsoft Corporation, US)"
mail.yourspace.su,1,"AS211642 (ADMINVPS, RU)"
vietnamnationalpark.org,1,"AS46606 (UNIFIEDLAYER-AS-1 - Unified Layer, US)"
mail.vofyfuqero.pro,1,"AS24940 (HETZNER-AS, DE)"
yrezor.io,1,"AS200514 (KNOWNSRV, GB)"
mail.lixqa.cc,1,"AS44486 (SYNLINQ synlinq.de, DE)"
vodka-dice.beauty,1,"AS48753 (AVAHOHST, MD)"
mail.voidbx.com,1,"AS51167 (CONTABO, DE)"
mailwash52.pair.com,1,"AS7859 (PAIR-NETWORKS - pair Networks, US)"
mail.ytoof.app,1,"AS203446 (AS203446, GB)"
mail.voltravia.cfd,1,"AS203446 (AS203446, GB)"
mail.vomoto.com,1,"AS16276 (OVH, FR)"
volcanomail.com.au,1,"AS45638 (SYNERGYWHOLESALE-AP SYNERGY WHOLESALE PTY LTD, AU)"
ytrezor.io,1,"AS200514 (KNOWNSRV, GB)"
mail.vogons.ru,1,"AS50340 (SELECTEL-MSK, RU)"
mail.volumail.ru,1,"AS12586 (ASGHOSTNET, DE)"
mail.vortalis.cfd,1,"AS203446 (AS203446, GB)"
mail.yurevia.cfd,1,"AS203446 (AS203446, GB)"
mxa-004cc301.gslb.pphosted.com,1,"AS26211 (PROOFPOINT-ASN-US-WEST - Proofpoint, Inc., US)"
mail.yusolar.com,1,"AS14061 (DIGITALOCEAN-ASN - DigitalOcean, LLC, US)"
mail.voron.plus,1,
mail.yunhlay.com,1,"AS24940 (HETZNER-AS, DE)"
yutep.com,1,"AS23352 (SERVERCENTRAL - DEFT.COM, US)"
mail.yuandex.ru,1,"AS12695 (DINET-AS, RU)"
mail.vpanel.ru,1,"AS210079 (EUROBYTE, RU)"
mail.yyj295r31.com,1,"AS47583 (AS-HOSTINGER, CY)"
vpsh-com.mail.protection.outlook.com,1,"AS8075 (MICROSOFT-CORP-MSN-AS-BLOCK - Microsoft Corporation, US)"
mail.yzkrachel.com,1,"AS47583 (AS-HOSTINGER, CY)"
mail.yzcalo.com,1,"AS24940 (HETZNER-AS, DE)"
mailforward104.cloudns.net,1,"AS16276 (OVH, FR)"
mail.vr5gpowerv.com,1,"AS47583 (AS-HOSTINGER, CY)"
mail.z06.nl,1,"AS47172 (GREENHOST, NL)"
mta6.vreizon.net,1,"AS19318 (IS-AS-1 - Interserver, Inc, US)"
mail.vrmtr.com,1,"AS38320 (MMS-AS-ID PT Maxindo Mitra Solusi, ID)"
mail.z1p.biz,1,"AS57043 (HOSTKEY-AS, NL)"
mx1.exclusivehosting.net,1,"AS14555 (LIQUIDNETLTD1 - LiquidNet US LLC, US)"
mail.vrldmail.com,1,"AS12586 (ASGHOSTNET, DE)"
mail.vs904a6.com,1,"AS47583 (AS-HOSTINGER, CY)"
mail.vracv.com,1,"AS16276 (OVH, FR)"
moscow1.notslow.ru,1,"AS12695 (DINET-AS, RU)"
vsl3-co-uk.mail.protection.outlook.com,1,"AS8075 (MICROSOFT-CORP-MSN-AS-BLOCK - Microsoft Corporation, US)"
mail.z4keys.top,1,"AS60781 (LEASEWEB-NL-AMS-01 Netherlands, NL)"
z7az14m.com,1,"AS47583 (AS-HOSTINGER, CY)"
mail.vsmethodu.com,1,"AS47583 (AS-HOSTINGER, CY)"
custom.vsmailpro.live,1,"AS40021 (CONTABO-40021 - Contabo Inc., US)"
mx1.smtp.exch023.serverdata.net,1,"AS16406 (AS-INTERMEDIA - Intermedia.net, Inc., US)"
mail.vsimcard.com,1,"AS3209 (VODANET International IP-Backbone of Vodafone, DE)"
mail.vteachesb.com,1,"AS47583 (AS-HOSTINGER, CY)"
zaa-org.mail.protection.outlook.com,1,"AS8075 (MICROSOFT-CORP-MSN-AS-BLOCK - Microsoft Corporation, US)"
mx.cwn.cc,1,
vtcuong.site,1,"AS9371 (SAKURA-C SAKURA Internet Inc., JP)"
poczta.zabankowani.pl,1,"AS31242 (TKPSA-AS, PL)"
mail.zahacz.pl,1,"AS47544 (IQPL-AS, PL)"
mail.vtunesjge.com,1,"AS47583 (AS-HOSTINGER, CY)"
mail.vtoanemailvipdangcap.top,1,
mx1.postal.machon.dev,1,"AS51167 (CONTABO, DE)"
vtubernews.com,1,"AS131965 (XSERVER Xserver Inc., JP)"
f3747df07b9e409607e326a15cbd34.pamx1.hotmail.com,1,"AS8075 (MICROSOFT-CORP-MSN-AS-BLOCK - Microsoft Corporation, US)"
vupwhich.com,1,"AS47583 (AS-HOSTINGER, CY)"
zapatos-sk.mail.protection.outlook.com,1,"AS8075 (MICROSOFT-CORP-MSN-AS-BLOCK - Microsoft Corporation, US)"
mx.inter.net.il,1,"AS12400 (PARTNER-AS, IL)"
mail.zannichellm.com,1,"AS12586 (ASGHOSTNET, DE)"
mx.clean-mailbox.com,1,"AS16276 (OVH, FR)"
mail.zain.com.co,1,"AS53667 (PONYNET - FranTech Solutions, US)"
mail.vulvovag.ru,1,"AS12586 (ASGHOSTNET, DE)"
mx.zapbox.fr.cust.b.hostedemail.com,1,"AS32491 (TUCOWS-3 - Tucows.com Co., CA)"
mail.vtormetresyrs.ru,1,"AS56694 (SMARTAPE, RU)"
mail.vsevnovosti.ru,1,"AS44094 (WEBHOST1-AS, RU)"
mail.dxov.fun,1,
mail.zarhq.com,1,"AS14061 (DIGITALOCEAN-ASN - DigitalOcean, LLC, US)"
mail.vvx046q.com,1,"AS47583 (AS-HOSTINGER, CY)"
_dc-mx.4dcd580a5622.zawell.xyz,1,"AS24940 (HETZNER-AS, DE)"
mail0001.vw-webmail.de,1,"AS24940 (HETZNER-AS, DE)"
mail.zaxoffice.com,1,"AS47583 (AS-HOSTINGER, CY)"
mail.zasper.ai,1,"AS31898 (ORACLE-BMC-31898 - Oracle Corporation, US)"
mx0a.vw.com,1,"AS26211 (PROOFPOINT-ASN-US-WEST - Proofpoint, Inc., US)"
a860474.mx.mailhop.org,1,"AS16509 (AMAZON-02 - Amazon.com, Inc., US)"
mx3-cluster18.immenzaces.com,1,"AS137488 (ICEWARP-AS-AP IceWarp Technologies Pvt. Ltd., IN)"
mail.vxsolar.com,1,"AS14061 (DIGITALOCEAN-ASN - DigitalOcean, LLC, US)"
mail.vystella.cfd,1,"AS203446 (AS203446, GB)"
mail.zdfpost.net,1,"AS47583 (AS-HOSTINGER, CY)"
zdenka.net,1,"AS47583 (AS-HOSTINGER, CY)"
wctrl-com0c.mail.protection.outlook.com,1,"AS8075 (MICROSOFT-CORP-MSN-AS-BLOCK - Microsoft Corporation, US)"
sendco.goix.net,1,"AS3214 (XTOM xTom GmbH, DE)"
mail.zealian.com,1,"AS14061 (DIGITALOCEAN-ASN - DigitalOcean, LLC, US)"
vrz-mms.mx.a.cloudfilter.net,1,"AS16509 (AMAZON-02 - Amazon.com, Inc., US)"
mail.zebrank.com,1,"AS199404 (WHG-IN, GB)"
zeengo-com.mail.protection.outlook.com,1,"AS8075 (MICROSOFT-CORP-MSN-AS-BLOCK - Microsoft Corporation, US)"
mail.w22fe21.com,1,"AS47583 (AS-HOSTINGER, CY)"
mail.zellatrix.cfd,1,"AS203446 (AS203446, GB)"
_dc-mx.549a0755439d.zelenetehnologije.edu.rs,1,"AS51167 (CONTABO, DE)"
mail.zelenkamail.com,1,"AS12586 (ASGHOSTNET, DE)"
mx.zelgo.com,1,"AS29873 (BIZLAND-SD - Newfold Digital, Inc., US)"
mail.w3fax.com,1,"AS42624 (SWISSNETWORK02, SC)"
mxa-00119301.gslb.pphosted.com,1,"AS26211 (PROOFPOINT-ASN-US-WEST - Proofpoint, Inc., US)"
mail.w4i3em6r.com,1,"AS47583 (AS-HOSTINGER, CY)"
zenco-com.mail.protection.outlook.com,1,"AS8075 (MICROSOFT-CORP-MSN-AS-BLOCK - Microsoft Corporation, US)"
zemzar.net,1,"AS14670 (WHG-USE1, GB)"
zenithinbox.com,1,"AS47583 (AS-HOSTINGER, CY)"
mx7.zendeks.com,1,"AS27257 (WEBAIR-INTERNET - Webair Internet Development Company Inc., US)"
mail.zdorove-polar.ru,1,"AS29182 (RU-JSCIOT, RU)"
mail.zenthara.cfd,1,"AS203446 (AS203446, GB)"
mail.zenthira.cfd,1,"AS203446 (AS203446, GB)"
w7k.com,1,"AS40092 (ONIAAS - HostPapa, US)"
zentrum.hopto.org,1,"AS30722 (VODAFONE-IT-ASN, IT)"
mail.zehnminuten.de,1,
mail.zephyros.cfd,1,"AS203446 (AS203446, GB)"
mail.zer02.cfd,1,"AS16276 (OVH, FR)"
racks.zenthranet.com,1,"AS14061 (DIGITALOCEAN-ASN - DigitalOcean, LLC, US)"
mail.w918bsq.com,1,"AS47583 (AS-HOSTINGER, CY)"
filter1.zenith-2.mailguard.com.au,1,"AS8075 (MICROSOFT-CORP-MSN-AS-BLOCK - Microsoft Corporation, US)"
zerotrusted-ai.mail.protection.outlook.com,1,"AS8075 (MICROSOFT-CORP-MSN-AS-BLOCK - Microsoft Corporation, US)"
mail.zeronerbacomail.com,1,"AS207957 (SERVHOST-AS, GB)"
mail.zenyo.com,1,"AS20847 (PREVIDER-AS, NL)"
mail.zento.com,1,"AS395532 (1P-WSS - Web Site Source, US)"
zerocoptermail.com,1,"AS20857 (TRANSIP-AS Amsterdam, the Netherlands, NL)"
zeta.edu.pl,1,"AS24940 (HETZNER-AS, DE)"
zerocopter.dev,1,"AS20857 (TRANSIP-AS Amsterdam, the Netherlands, NL)"
mail.datona.cz,1,"AS5610 (O2-CZECH-REPUBLIC, CZ)"
mail.zerograv.top,1,"AS132203 (TENCENT-NET-AP-CN Tencent Building, Kejizhongyi Avenue, CN)"
waepa-org.mail.protection.outlook.com,1,"AS8075 (MICROSOFT-CORP-MSN-AS-BLOCK - Microsoft Corporation, US)"
mail.zetoro.com,1,"AS6079 (RCN-AS - RCN, US)"
mx6.webhouse.sk,1,"AS29405 (VNET-AS, SK)"
mail.waivey.com,1,"AS14061 (DIGITALOCEAN-ASN - DigitalOcean, LLC, US)"
wakka-com.mail.protection.outlook.com,1,"AS8075 (MICROSOFT-CORP-MSN-AS-BLOCK - Microsoft Corporation, US)"
mx1.enderman.cc,1,"AS60117 (HS, AE)"
walesforce-com.mail.protection.outlook.com,1,"AS8075 (MICROSOFT-CORP-MSN-AS-BLOCK - Microsoft Corporation, US)"
mail.walk2metro.com,1,"AS46606 (UNIFIEDLAYER-AS-1 - Unified Layer, US)"
mail.wakywmail.com,1,"AS12586 (ASGHOSTNET, DE)"
mx.zeytech.net.cust.b.hostedemail.com,1,"AS32491 (TUCOWS-3 - Tucows.com Co., CA)"
walkritefootclinic-com.mail.protection.outlook.com,1,"AS8075 (MICROSOFT-CORP-MSN-AS-BLOCK - Microsoft Corporation, US)"
wallacecollisionrepair.com,1,"AS52148 (ENIXLTD, GB)"
walterabdwalter-com.mail.protection.outlook.com,1,
mx1.zfymail.com,1,"AS24940 (HETZNER-AS, DE)"
mxa-000c7201.gslb.pphosted.com,1,"AS26211 (PROOFPOINT-ASN-US-WEST - Proofpoint, Inc., US)"
mail60.mydevil.net,1,"AS57367 (ECO-ATMAN-PL ECO-ATMAN-, PL)"
wallstreetview.com,1,"AS32244 (LIQUIDWEB - Liquid Web, L.L.C, US)"
mx.wanmail.store,1,"AS24940 (HETZNER-AS, DE)"
mail.zezis.ru,1,"AS56694 (SMARTAPE, RU)"
mx-a.dc2.filter-mail.com,1,"AS396982 (GOOGLE-CLOUD-PLATFORM - Google LLC, US)"
rainiermx1.ispn.net,1,"AS10320 (ISPN - Internet Services Provider Network, US)"
blackhole.wanadoo.com,1,
walkmail.ru,1,"AS9002 (RETN-AS, GB)"
mail.zige.my,1,"AS44486 (SYNLINQ synlinq.de, DE)"
www46.your-server.de,1,"AS24940 (HETZNER-AS, DE)"
mail.warmence.com,1,"AS47583 (AS-HOSTINGER, CY)"
zhumana.com,1,"AS58487 (CRI-AS-AP CV. Rumahweb Indonesia, ID)"
mx1.zidu.pw,1,"AS200107 (KL-EXT, CH)"
mail.warmbreezemail.com,1,"AS12586 (ASGHOSTNET, DE)"
mail.warnednl2.com,1,"AS47583 (AS-HOSTINGER, CY)"
mail.zingmail.shop,1,"AS135918 (DVS-AS-VN VIET DIGITAL TECHNOLOGY LIABILITY COMPANY, VN)"
ouchkat.wanadoo.ma,1,"AS36884 (MAROCCONNECT, MA)"
warlus.asso.st,1,"AS16276 (OVH, FR)"
60f408ad083cb64cb6df3390a42a32.pamx1.hotmail.com,1,"AS8075 (MICROSOFT-CORP-MSN-AS-BLOCK - Microsoft Corporation, US)"
mx.wasirx.com,1,"AS29873 (BIZLAND-SD - Newfold Digital, Inc., US)"
ziplinegear.biz,1,"AS51167 (CONTABO, DE)"
wash.co.ke,1,"AS16276 (OVH, FR)"
waterisgone.com,1,"AS47583 (AS-HOSTINGER, CY)"
mail.zizo7.com,1,"AS14061 (DIGITALOCEAN-ASN - DigitalOcean, LLC, US)"
mail.waventra.cfd,1,"AS203446 (AS203446, GB)"
mail.warmmap.ru,1,"AS21100 (ITLDC-EU, US)"
mail.waveneyhousehotel.com,1,"AS20738 (GD-EMEA-DC-LD5, GB)"
mail.wawaservice75679.site,1,"AS132203 (TENCENT-NET-AP-CN Tencent Building, Kejizhongyi Avenue, CN)"
zkcs-org.mail.protection.outlook.com,1,"AS8075 (MICROSOFT-CORP-MSN-AS-BLOCK - Microsoft Corporation, US)"
mail.wavleg.com,1,"AS31898 (ORACLE-BMC-31898 - Oracle Corporation, US)"
mail.zknow.org,1,"AS19871 (NETWORK-SOLUTIONS-HOSTING - Network Solutions, LLC, US)"
mail.wawi.es,1,"AS12479 (UNI2-AS, ES)"
waztempe.com,1,"AS55286 (SERVER-MANIA - B2 Net Solutions Inc., CA)"
mtain-ac101.asynccomm.zoom.us,1,"AS14618 (AMAZON-AES - Amazon.com, Inc., US)"
wdlaw-com0e.mail.protection.outlook.com,1,"AS8075 (MICROSOFT-CORP-MSN-AS-BLOCK - Microsoft Corporation, US)"
mail.zmiev.ru,1,"AS210079 (EUROBYTE, RU)"
mx.oru.edu.gr,1,"AS214996 (NETCUP, DE)"
znowflake-com.mail.protection.outlook.com,1,"AS8075 (MICROSOFT-CORP-MSN-AS-BLOCK - Microsoft Corporation, US)"
mail.znemail.com,1,"AS12586 (ASGHOSTNET, DE)"
mail.znnxguest.com,1,"AS47583 (AS-HOSTINGER, CY)"
ouchkat.inwi.ma,1,"AS36884 (MAROCCONNECT, MA)"
tau10.ceti.pl,1,"AS15541 (CETI-AS CETI ISP, Poland, PL)"
wearewynwood-com.mail.protection.outlook.com,1,"AS8075 (MICROSOFT-CORP-MSN-AS-BLOCK - Microsoft Corporation, US)"
mx.web-design-ni.co.uk,1,"AS13335 (CLOUDFLARENET - Cloudflare, Inc., US)"
web2mailco.com,1,"AS47583 (AS-HOSTINGER, CY)"
_dc-mx.2cb2b6ad2ecd.web-design-malta.com,1,"AS51167 (CONTABO, DE)"
smtpin.zoho.in,1,"AS56201 (ZOHO-IN Zoho Corporation Pvt. Ltd, IN)"
mail.net-host.nz.eu.org,1,"AS132161 (VGRID-AS-AP vGRID Limited, NZ)"
colo1.webcamness.com,1,"AS14061 (DIGITALOCEAN-ASN - DigitalOcean, LLC, US)"
mx2.web3453.de,1,"AS200107 (KL-EXT, CH)"
s12786.usc1.stableserver.net,1,"AS36454 (WHG-DAL, GB)"
mail.zooblllzz.dpdns.org,1,"AS24164 (UBBNET-AS-TW UNION BROADBAND NETWORK, TW)"
zooma.us,1,"AS32244 (LIQUIDWEB - Liquid Web, L.L.C, US)"
web-club.eu,1,"AS201200 (SUPERHOSTING_AS, BG)"
mail.zoogle.com,1,"AS46606 (UNIFIEDLAYER-AS-1 - Unified Layer, US)"
webdesignspecialist.com.au,1,"AS29802 (HVC-AS - HIVELOCITY, Inc., US)"
mail.zoomofficechairs.co.uk,1,"AS22612 (NAMECHEAP-NET - Namecheap, Inc., US)"
mx1.zontero.win,1,"AS200107 (KL-EXT, CH)"
mail.webm1.xyz,1,"AS399646 (DARTNODE - Snaju Development, US)"
mail.zoogeographli.com,1,"AS12586 (ASGHOSTNET, DE)"
zoomr-us.mail.protection.outlook.com,1,"AS8075 (MICROSOFT-CORP-MSN-AS-BLOCK - Microsoft Corporation, US)"
uws8-wpm-011.cafe24.com,1,"AS4766 (KIXS-AS-KR Korea Telecom, KR)"
webclub.infos.st,1,"AS16276 (OVH, FR)"
mail.webmail.bcm.edu.pl,1,"AS16276 (OVH, FR)"
mail.webgmail.info,1,"AS41745 (FORTIS-AS Hosting services, RU)"
webhane.com,1,"AS207459 (AS-TEKNOSOS-INT, TR)"
webcare.tips,1,"AS14061 (DIGITALOCEAN-ASN - DigitalOcean, LLC, US)"
mx6.zoroastersite.com,1,
mail.web-contact.info,1,"AS9370 (SAKURA-B SAKURA Internet Inc., JP)"
zoophytmail.com,1,"AS213702 (QWINS-LTD QWINS AS-SET: ~ # AS213702:AS-CUSTOMERS, GB)"
mx.webgarden.com,1,"AS43541 (VSHOSTING, CZ)"
mx.webgarden.at,1,"AS43541 (VSHOSTING, CZ)"
mail.zosce.com,1,"AS14061 (DIGITALOCEAN-ASN - DigitalOcean, LLC, US)"
mail.zorrodemail.com,1,"AS12586 (ASGHOSTNET, DE)"
mail.zoopsymails.ru,1,"AS12586 (ASGHOSTNET, DE)"
zorg.fr.nf,1,"AS16276 (OVH, FR)"
zpapersek.com,1,"AS47583 (AS-HOSTINGER, CY)"
mail.zplotsuu.com,1,"AS47583 (AS-HOSTINGER, CY)"
webmark.eting.org,1,"AS19624 (SERVERROOM - Data Room, Inc, US)"
mail.webofip.com,1,"AS14061 (DIGITALOCEAN-ASN - DigitalOcean, LLC, US)"
mx.webgarden.ro,1,"AS43541 (VSHOSTING, CZ)"
webmail.zorrag.com,1,"AS16276 (OVH, FR)"
mail.webmailzx.com,1,"AS24940 (HETZNER-AS, DE)"
webmaill.info,1,"AS49467 (EUROTA-ASN EUROTA INTERNET SERVICES LTD, TR)"
zouz.fr.nf,1,"AS16276 (OVH, FR)"
webmailt.com,1,"AS3842 (RAMNODE - InMotion Hosting, Inc., US)"
websend.net,1,"AS7506 (INTERQ GMO Internet Group, Inc., JP)"
mx.websitebooty.com,1,"AS14061 (DIGITALOCEAN-ASN - DigitalOcean, LLC, US)"
mail-mx1.weboors.com,1,"AS14061 (DIGITALOCEAN-ASN - DigitalOcean, LLC, US)"
mx.websitebod.com,1,"AS14061 (DIGITALOCEAN-ASN - DigitalOcean, LLC, US)"
mail.websiterank.com,1,"AS16276 (OVH, FR)"
margarita.hostns.io,1,"AS52148 (ENIXLTD, GB)"
mx1.webxios.pro,1,"AS24940 (HETZNER-AS, DE)"
webstore.fr.nf,1,"AS16276 (OVH, FR)"
websterinc.com,1,"AS27229 (WEBHOST-ASN1 - Webhosting.Net, Inc., US)"
mx1.webxio.pro,1,"AS24940 (HETZNER-AS, DE)"
wecemail-com.mail.protection.outlook.com,1,"AS8075 (MICROSOFT-CORP-MSN-AS-BLOCK - Microsoft Corporation, US)"
mail.wecare.hotelcareer.click,1,"AS51167 (CONTABO, DE)"
mail.webtoteam.shop,1,"AS35042 (LAYER7-NETWORKS-, DE)"
mail.weekfly.com,1,"AS14061 (DIGITALOCEAN-ASN - DigitalOcean, LLC, US)"
wegodelivery-com01b.mail.protection.outlook.com,1,"AS8075 (MICROSOFT-CORP-MSN-AS-BLOCK - Microsoft Corporation, US)"
mx.weepingdragon.net,1,"AS29873 (BIZLAND-SD - Newfold Digital, Inc., US)"
mail.zpp.su,1,"AS29182 (RU-JSCIOT, RU)"
ztrade-com.mail.protection.outlook.com,1,"AS8075 (MICROSOFT-CORP-MSN-AS-BLOCK - Microsoft Corporation, US)"
websitedesignjb.com,1,"AS45668 (AIMS-MY-NET AIMS Data Centre Sdn Bhd, MY)"
zuber-com.mail.protection.outlook.com,1,"AS8075 (MICROSOFT-CORP-MSN-AS-BLOCK - Microsoft Corporation, US)"
wegwerpmailadres.nl,1,"AS20857 (TRANSIP-AS Amsterdam, the Netherlands, NL)"
zubacteriax.com,1,"AS47583 (AS-HOSTINGER, CY)"
malibuzz.weinjobs.org,1,
weilsfargo-com.mail.protection.outlook.com,1,"AS8075 (MICROSOFT-CORP-MSN-AS-BLOCK - Microsoft Corporation, US)"
weil4feet-com.mail.protection.outlook.com,1,"AS8075 (MICROSOFT-CORP-MSN-AS-BLOCK - Microsoft Corporation, US)"
zuera.com,1,"AS24940 (HETZNER-AS, DE)"
zumail-net.mail.protection.outlook.com,1,"AS8075 (MICROSOFT-CORP-MSN-AS-BLOCK - Microsoft Corporation, US)"
mxr.zumaroll.com,1,"AS14061 (DIGITALOCEAN-ASN - DigitalOcean, LLC, US)"
zure-com.mail.protection.outlook.com,1,"AS8075 (MICROSOFT-CORP-MSN-AS-BLOCK - Microsoft Corporation, US)"
wellaway-com.mail.protection.outlook.com,1,"AS8075 (MICROSOFT-CORP-MSN-AS-BLOCK - Microsoft Corporation, US)"
zuuel-com.mail.protection.outlook.com,1,"AS8075 (MICROSOFT-CORP-MSN-AS-BLOCK - Microsoft Corporation, US)"
mx01.schlund.de,1,"AS8560 (IONOS-AS This is the joint network for IONOS, Fasthosts, Arsys, 1&1 Mail and Media and 1&1 Telecom. Formerly known as 1&1 Internet SE., DE)"
wegas.ru,1,"AS205090 (FIRST-SERVER-EUROPE, GB)"
zuza.se,1,"AS20857 (TRANSIP-AS Amsterdam, the Netherlands, NL)"
wellscargo-com.mail.protection.outlook.com,1,"AS8075 (MICROSOFT-CORP-MSN-AS-BLOCK - Microsoft Corporation, US)"
mail.wellsfargo1.com,1,"AS22612 (NAMECHEAP-NET - Namecheap, Inc., US)"
mail.tdb.de,1,"AS3209 (VODANET International IP-Backbone of Vodafone, DE)"
mail.weightbalance.ru,1,"AS197695 (AS-REG, RU)"
wells-org-uk.p10.spamhero.com,1,"AS13354 (ZC38-AS1 - zColo, US)"
mx.zxcvbn.in,1,"AS14061 (DIGITALOCEAN-ASN - DigitalOcean, LLC, US)"
zxcvbnm-co-uk.mail.protection.outlook.com,1,"AS8075 (MICROSOFT-CORP-MSN-AS-BLOCK - Microsoft Corporation, US)"
mx1.zyntramail.com,1,"AS24940 (HETZNER-AS, DE)"
mx6.werrmai.com,1,
mail.zypherin.cfd,1,"AS203446 (AS203446, GB)"
mail.zyranova.cfd,1,"AS203446 (AS203446, GB)"
mail.zyvenix.cfd,1,"AS203446 (AS203446, GB)"
mail.wery-well.net,1,"AS16276 (OVH, FR)"
mail.wertaret.com,1,"AS14061 (DIGITALOCEAN-ASN - DigitalOcean, LLC, US)"
mail.wesleytatibana.com,1,"AS19871 (NETWORK-SOLUTIONS-HOSTING - Network Solutions, LLC, US)"
mail.zygospor.ru,1,"AS12586 (ASGHOSTNET, DE)"
mxb-00168f01.gslb.pphosted.com,1,"AS22843 (PROOFPOINT-ASN-US-EAST - Proofpoint, Inc., US)"
westcomm-com.mail.protection.outlook.com,1,"AS8075 (MICROSOFT-CORP-MSN-AS-BLOCK - Microsoft Corporation, US)"
d347918a.ess.barracudanetworks.com,1,"AS16509 (AMAZON-02 - Amazon.com, Inc., US)"
livenet-pl.mail.protection.outlook.com,1,"AS8075 (MICROSOFT-CORP-MSN-AS-BLOCK - Microsoft Corporation, US)"
wetrade-com.mail.protection.outlook.com,1,"AS8075 (MICROSOFT-CORP-MSN-AS-BLOCK - Microsoft Corporation, US)"
a792931.mx.mailhop.org,1,"AS16509 (AMAZON-02 - Amazon.com, Inc., US)"
mail.wfought0o.com,1,"AS47583 (AS-HOSTINGER, CY)"
wgiguestsl-com.mail.protection.outlook.com,1,"AS8075 (MICROSOFT-CORP-MSN-AS-BLOCK - Microsoft Corporation, US)"
_dc-mx.e41905a3f99f.whaaaaaaaaaat.com,1,"AS20473 (AS-VULTR - The Constant Company, LLC, US)"
remote2.wezel.info,1,"AS24940 (HETZNER-AS, DE)"
mx.whc.com,1,"AS29873 (BIZLAND-SD - Newfold Digital, Inc., US)"
postmaster.whanuvur.com,1,"AS14061 (DIGITALOCEAN-ASN - DigitalOcean, LLC, US)"
whiskeynotes-com.mail.protection.outlook.com,1,
zzrg.org,1,"AS15967 (NETARTGROUP, PL)"
mail.wett.ru,1,"AS50340 (SELECTEL-MSK, RU)"
mail.whitebat.com,1,"AS46606 (UNIFIEDLAYER-AS-1 - Unified Layer, US)"
dvi08.vas-server.cz,1,"AS39392 (SUPERNETWORK _, CZ)"
mail.whitebiz.com,1,"AS29873 (BIZLAND-SD - Newfold Digital, Inc., US)"
mail.bonniergaming.com,1,"AS16509 (AMAZON-02 - Amazon.com, Inc., US)"
_dc-mx.e81181312abd.whitelbit.com,1,"AS24940 (HETZNER-AS, DE)"
mail.wetwall.ru,1,"AS21100 (ITLDC-EU, US)"
white-bit.com,1,"AS17378 (AS17378 - TierPoint, LLC, US)"
mail-1.whltebit.com,1,
whooshhub-com.mail.protection.outlook.com,1,
_dc-mx.ed965cdf6e59.whoelsewantstoliveinmyhouse.com,1,"AS22612 (NAMECHEAP-NET - Namecheap, Inc., US)"
whodj-com.mail.protection.outlook.com,1,"AS8075 (MICROSOFT-CORP-MSN-AS-BLOCK - Microsoft Corporation, US)"
mail.wholemotionfitness.com,1,"AS22612 (NAMECHEAP-NET - Namecheap, Inc., US)"
wholelifehomecarellc-com.mail.protection.outlook.com,1,"AS8075 (MICROSOFT-CORP-MSN-AS-BLOCK - Microsoft Corporation, US)"
whyhealth-life.mail.protection.outlook.com,1,"AS8075 (MICROSOFT-CORP-MSN-AS-BLOCK - Microsoft Corporation, US)"
whoox.com,1,"AS24940 (HETZNER-AS, DE)"
mail.whydoihaveacne.com,1,"AS23352 (SERVERCENTRAL - DEFT.COM, US)"
_dc-mx.3a90f7ad2a54.wifespictures.com,1,"AS51167 (CONTABO, DE)"
wikiacne.com,1,"AS14061 (DIGITALOCEAN-ASN - DigitalOcean, LLC, US)"
_dc-mx.c288f43346f6.wikipedia.org.mx,1,"AS19318 (IS-AS-1 - Interserver, Inc, US)"
mail.wifwise.com,1,"AS14061 (DIGITALOCEAN-ASN - DigitalOcean, LLC, US)"
smtp.whyspam.me,1,"AS36236 (NETACTUATE - NetActuate, Inc, US)"
mail.wikizs.com,1,"AS14061 (DIGITALOCEAN-ASN - DigitalOcean, LLC, US)"
wifiit-at01b.mail.protection.outlook.com,1,"AS8075 (MICROSOFT-CORP-MSN-AS-BLOCK - Microsoft Corporation, US)"
mx.wildblue.net,1,
mail.wildbmail.com,1,"AS12586 (ASGHOSTNET, DE)"
mxa-00256401.gslb.pphosted.com,1,"AS26211 (PROOFPOINT-ASN-US-WEST - Proofpoint, Inc., US)"
art.willleather.com,1,"AS52148 (ENIXLTD, GB)"
ezmail.winemakerscorner.com,1,
mail.wildcardonlinepoker.com,1,"AS36352 (AS-COLOCROSSING - HostPapa, US)"
wiltors.com,1,"AS19871 (NETWORK-SOLUTIONS-HOSTING - Network Solutions, LLC, US)"
mxa-00111301.gslb.pphosted.com,1,"AS26211 (PROOFPOINT-ASN-US-WEST - Proofpoint, Inc., US)"
mail.wemail.pics,1,"AS132203 (TENCENT-NET-AP-CN Tencent Building, Kejizhongyi Avenue, CN)"
mx1.hostinger.ru,1,"AS13335 (CLOUDFLARENET - Cloudflare, Inc., US)"
mail.wideray.ru,1,"AS21100 (ITLDC-EU, US)"
im2.imail-server.net,1,"AS50926 (AXARNET-AS, ES)"
node156.myfcloudsg.com,1,"AS63949 (AKAMAI-LINODE-AP Akamai Connected Cloud, SG)"
mail.winocs.com,1,"AS14061 (DIGITALOCEAN-ASN - DigitalOcean, LLC, US)"
mx01.dichvuhost.vn,1,"AS149161 (MEGA-VN MEGA TECHNOLOGY COMPANY LIMITED, VN)"
mail.winzipsystemtools.com,1,"AS46606 (UNIFIEDLAYER-AS-1 - Unified Layer, US)"
windowsmanageddedicatedserver.com,1,"AS32244 (LIQUIDWEB - Liquid Web, L.L.C, US)"
mail.wirlwide.com,1,"AS46606 (UNIFIEDLAYER-AS-1 - Unified Layer, US)"
winsbet88.org,1,"AS396356 (LATITUDE-SH - Latitude.sh, US)"
mail.windt.org,1,"AS206281 (AS-ZXCS, NL)"
wizseoservicesaustralia.com,1,"AS20473 (AS-VULTR - The Constant Company, LLC, US)"
webmail.witusp.com,1,"AS16276 (OVH, FR)"
win4d.online,1,"AS26496 (AS-26496-GO-DADDY-COM-LLC - GoDaddy.com, LLC, US)"
mail.winplay303.com,1,"AS21859 (ZEN-ECN - Zenlayer Inc, US)"
mail.wla9c4em.com,1,"AS47583 (AS-HOSTINGER, CY)"
mail.wiz.net.id,1,"AS138839 (AIL-AS-ID PT Adidaya Infocom Lestari, ID)"
mail1.wlist.ro,1,"AS44418 (BITDEFENDER-AS, RO)"
winslot97.net,1,"AS31898 (ORACLE-BMC-31898 - Oracle Corporation, US)"
_dc-mx.70c2e1c1c6af.wmlog.ru,1,"AS197695 (AS-REG, RU)"
wmlorgana.com,1,"AS47583 (AS-HOSTINGER, CY)"
mx1.wmaill.site,1,"AS200107 (KL-EXT, CH)"
_dc-mx.9ad9a06644b4.woeemail.com,1,"AS51167 (CONTABO, DE)"
mail.wokcy.com,1,"AS47583 (AS-HOSTINGER, CY)"
mx7.wokday.com,1,"AS27257 (WEBAIR-INTERNET - Webair Internet Development Company Inc., US)"
mx1.wonderfish-recipe2.com,1,"AS24940 (HETZNER-AS, DE)"
mail.wollito.com,1,"AS34282 (UKNOC-AS, GB)"
mail.vtshosting21.co.uk,1,
mail.wnbaldwy.com,1,"AS24940 (HETZNER-AS, DE)"
qsinb.wondtuce.com,1,"AS14061 (DIGITALOCEAN-ASN - DigitalOcean, LLC, US)"
mail.wootap.me,1,"AS47583 (AS-HOSTINGER, CY)"
workclay-com.mail.protection.outlook.com,1,
workbay-com.mail.protection.outlook.com,1,"AS8075 (MICROSOFT-CORP-MSN-AS-BLOCK - Microsoft Corporation, US)"
woofidog.fr.nf,1,"AS16276 (OVH, FR)"
mail1.wop.ro,1,"AS44418 (BITDEFENDER-AS, RO)"
workirotech-com01i.mail.protection.outlook.com,1,"AS8075 (MICROSOFT-CORP-MSN-AS-BLOCK - Microsoft Corporation, US)"
mail.wordspacemail.com,1,"AS24940 (HETZNER-AS, DE)"
workmanservices.com.pk,1,"AS51167 (CONTABO, DE)"
mail.womclub.su,1,"AS29182 (RU-JSCIOT, RU)"
d268381a.ess.barracudanetworks.com,1,"AS16509 (AMAZON-02 - Amazon.com, Inc., US)"
mx.worldatnet.com,1,"AS29873 (BIZLAND-SD - Newfold Digital, Inc., US)"
mail.wnum.com,1,"AS134764 (CT-FOSHAN-IDC CHINANET Guangdong province network, CN)"
worldstrides-com-au.mail.protection.outlook.com,1,"AS8075 (MICROSOFT-CORP-MSN-AS-BLOCK - Microsoft Corporation, US)"
worldstrides-org.mail.protection.outlook.com,1,"AS8075 (MICROSOFT-CORP-MSN-AS-BLOCK - Microsoft Corporation, US)"
worldstrides-com.mail.protection.outlook.com,1,"AS8075 (MICROSOFT-CORP-MSN-AS-BLOCK - Microsoft Corporation, US)"
worthavegroup-com.mail.protection.outlook.com,1,"AS8075 (MICROSOFT-CORP-MSN-AS-BLOCK - Microsoft Corporation, US)"
mx6.wow-hack.com,1,
mail.wowauctionguide.com,1,"AS24940 (HETZNER-AS, DE)"
mail.wowhackgold.com,1,"AS24940 (HETZNER-AS, DE)"
mx-domain.worryion.com,1,"AS14061 (DIGITALOCEAN-ASN - DigitalOcean, LLC, US)"
mail.wp2romantic.com,1,"AS47583 (AS-HOSTINGER, CY)"
worldgamehit.com,1,"AS52148 (ENIXLTD, GB)"
mail.wpgotten.com,1,"AS47583 (AS-HOSTINGER, CY)"
mx2.emailowl.com,1,"AS14061 (DIGITALOCEAN-ASN - DigitalOcean, LLC, US)"
mail.worshmail.ru,1,"AS12586 (ASGHOSTNET, DE)"
wp.company,1,"AS32475 (SINGLEHOP-LLC - Internap Holding LLC, US)"
worldtempmail.com,1,"AS47583 (AS-HOSTINGER, CY)"
webmail.wo.tc,1,"AS16276 (OVH, FR)"
writersefx.com,1,"AS47583 (AS-HOSTINGER, CY)"
mail.wrightgrid.com,1,"AS210250 (WPX, BG)"
mail.wowhowmy.com.pl,1,"AS50599 (Autonomous System for Dataspace P.S.A., PL)"
bslmsn.writingpaperforme.com,1,"AS209605 (HOSTBALTIC, LT)"
mail.writersarticles.be,1,"AS8075 (MICROSOFT-CORP-MSN-AS-BLOCK - Microsoft Corporation, US)"
mail.wrigglejo.ru,1,"AS12586 (ASGHOSTNET, DE)"
a735869.mx.mailhop.org,1,"AS16509 (AMAZON-02 - Amazon.com, Inc., US)"
wstatestreet-com.mail.protection.outlook.com,1,"AS8075 (MICROSOFT-CORP-MSN-AS-BLOCK - Microsoft Corporation, US)"
wstc-info.mail.protection.outlook.com,1,"AS8075 (MICROSOFT-CORP-MSN-AS-BLOCK - Microsoft Corporation, US)"
p.wtwtt.com,1,"AS401696 (COGNETCLOUD - cognetcloud INC, US)"
mail.wukonggame.cc,1,"AS45102 (ALIBABA-CN-NET Alibaba US Technology Co., Ltd., CN)"
mail1.wupics.com,1,"AS44418 (BITDEFENDER-AS, RO)"
mail.wuthering.cc,1,"AS45102 (ALIBABA-CN-NET Alibaba US Technology Co., Ltd., CN)"
wugne.com,1,"AS63949 (AKAMAI-LINODE-AP Akamai Connected Cloud, SG)"
mx2.agenturserver.de,1,"AS15817 (MITTWALD-AS Mittwald CM Service GmbH und Co. KG, DE)"
wto-com.mail.protection.outlook.com,1,"AS8075 (MICROSOFT-CORP-MSN-AS-BLOCK - Microsoft Corporation, US)"
wurkday.com,1,"AS204800 (WHG-SGP, GB)"
celedon-com.p10.spamhero.com,1,"AS13354 (ZC38-AS1 - zColo, US)"
www129.your-server.de,1,"AS24940 (HETZNER-AS, DE)"
mail.wwc8.com,1,"AS14061 (DIGITALOCEAN-ASN - DigitalOcean, LLC, US)"
wwtake.com,1,"AS7506 (INTERQ GMO Internet Group, Inc., JP)"
wvku.com,1,"AS16276 (OVH, FR)"
wwt-com.mail.protection.outlook.com,1,"AS8075 (MICROSOFT-CORP-MSN-AS-BLOCK - Microsoft Corporation, US)"
mail.wwvmail.com,1,"AS12586 (ASGHOSTNET, DE)"
wxcv.fr.nf,1,"AS16276 (OVH, FR)"
world-at-war.ru,1,"AS204601 (PODAON, NL)"
mail1.wwwnew.eu,1,"AS44418 (BITDEFENDER-AS, RO)"
mail.www96.ru,1,"AS198068 (PAGM-AS, EE)"
mail1.wwwnew.de,1,"AS44418 (BITDEFENDER-AS, RO)"
mail.wywnxa.com,1,"AS37963 (ALIBABA-CN-NET Hangzhou Alibaba Advertising Co.,Ltd., CN)"
mail.x1x22716.com,1,"AS47583 (AS-HOSTINGER, CY)"
mail.x0q.net,1,"AS44486 (SYNLINQ synlinq.de, DE)"
mail-fake.com,1,"AS30886 (KOMITEX-AS, UA)"
x-noms.com,1,"AS34931 (AWARESOFT, GB)"
mail.x5a9m8ugq.com,1,"AS47583 (AS-HOSTINGER, CY)"
w005749f.kasserver.com,1,"AS34788 (NMM-AS D - 02742 Friedersdorf Hauptstrasse 68, DE)"
mail.x8h8x941l.com,1,"AS47583 (AS-HOSTINGER, CY)"
x5-com.mail.protection.outlook.com,1,"AS8075 (MICROSOFT-CORP-MSN-AS-BLOCK - Microsoft Corporation, US)"
mail.xadoll.com,1,"AS14061 (DIGITALOCEAN-ASN - DigitalOcean, LLC, US)"
mail.xandoria.cfd,1,"AS203446 (AS203446, GB)"
landing.hostever.com,1,"AS140068 (CFHIL-AS-AP Code For Host Inc Ltd, BD)"
xap-com.mail.protection.outlook.com,1,"AS8075 (MICROSOFT-CORP-MSN-AS-BLOCK - Microsoft Corporation, US)"
mail.x6-bmw.biz.ua,1,"AS24940 (HETZNER-AS, DE)"
mail.x777.icu,1,
