mx_host,domain_count,primary_asn
route1.mx.cloudflare.net,2875,"AS13335 (CLOUDFLARENET - Cloudflare, Inc., US)"
route2.mx.cloudflare.net,2823,"AS13335 (CLOUDFLARENET - Cloudflare, Inc., US)"
route3.mx.cloudflare.net,2777,"AS13335 (CLOUDFLARENET - Cloudflare, Inc., US)"
mx1.simplelogin.co,2719,"AS62371 (PROTON, CH)"
park-mx.above.com,2000,"AS133618 (TRELLIAN-AS-AP Trellian Pty. Limited, AU)"
aspmx.l.google.com,1825,"AS15169 (GOOGLE - Google LLC, US)"
mail.wabblywabble.com,1793,"AS14061 (DIGITALOCEAN-ASN - DigitalOcean, LLC, US)"
emailfake.com,1712,"AS30886 (KOMITEX-AS, UA)"
tinyhost.shop,1533,"AS51167 (CONTABO, DE)"
smtp.yopmail.com,1266,"AS16276 (OVH, FR)"
generator.email,1242,"AS30886 (KOMITEX-AS, UA)"
aero4.unstablemail.com,1024,"AS14061 (DIGITALOCEAN-ASN - DigitalOcean, LLC, US)"
eforward1.registrar-servers.com,992,"AS22612 (NAMECHEAP-NET - Namecheap, Inc., US)"
mail.h-email.net,977,"AS24940 (HETZNER-AS, DE)"
mx4.beavis99.com,919,"AS24940 (HETZNER-AS, DE)"
mx156.hostedmxserver.com,795,"AS14061 (DIGITALOCEAN-ASN - DigitalOcean, LLC, US)"
smtp.google.com,609,"AS15169 (GOOGLE - Google LLC, US)"
mail.anonaddy.me,590,"AS47172 (GREENHOST, NL)"
mx1.improvmx.com,565,"AS16509 (AMAZON-02 - Amazon.com, Inc., US)"
localhost,528,
mx.emlhub.com,503,"AS24940 (HETZNER-AS, DE)"
mx1.hostinger.com,444,"AS13335 (CLOUDFLARENET - Cloudflare, Inc., US)"
mail.mailerhost.net,444,"AS14061 (DIGITALOCEAN-ASN - DigitalOcean, LLC, US)"
mx.plingest.com,423,"AS63023 (AS-GLOBALTELEHOST - GTHost, US)"
mx1.beget.com,398,"AS198610 (BEGET-AS, RU)"
mx.spymail.one,395,"AS24940 (HETZNER-AS, DE)"
inbound-smtp.us-east-1.amazonaws.com,386,"AS14618 (AMAZON-AES - Amazon.com, Inc., US)"
mx.emltmp.com,383,"AS24940 (HETZNER-AS, DE)"
mxa.mailgun.org,371,"AS396982 (GOOGLE-CLOUD-PLATFORM - Google LLC, US)"
mx.emlpro.com,369,"AS24940 (HETZNER-AS, DE)"
mx37.mb5p.com,366,"AS14061 (DIGITALOCEAN-ASN - DigitalOcean, LLC, US)"
smtp.secureserver.net,365,"AS398101 (GO-DADDY-COM-LLC - GoDaddy.com, LLC, US)"
mx.10mail.org,349,"AS24940 (HETZNER-AS, DE)"
mx.dropmail.me,346,"AS24940 (HETZNER-AS, DE)"
mx1.forwardemail.net,334,"AS60068 (CDN77 _, GB)"
mx.freeml.net,328,"AS24940 (HETZNER-AS, DE)"
mx1-hosting.jellyfish.systems,326,"AS22612 (NAMECHEAP-NET - Namecheap, Inc., US)"
tempm.com,304,"AS30886 (KOMITEX-AS, UA)"
mx1.timeweb.ru,296,"AS9123 (TIMEWEB-AS, RU)"
mail.mailinator.com,282,"AS63949 (AKAMAI-LINODE-AP Akamai Connected Cloud, SG)"
mx.yomail.info,268,"AS24940 (HETZNER-AS, DE)"
mx.moakt.com,267,"AS46475 (LIMESTONENETWORKS - Limestone Networks, Inc., US)"
mail2.anonaddy.me,266,"AS202053 (UPCLOUD, FI)"
mx00.mail.com,265,"AS8560 (IONOS-AS This is the joint network for IONOS, Fasthosts, Arsys, 1&1 Mail and Media and 1&1 Telecom. Formerly known as 1&1 Internet SE., DE)"
mx195.mb5p.com,264,"AS14061 (DIGITALOCEAN-ASN - DigitalOcean, LLC, US)"
mail.casadorock.com,255,"AS212317 (HETZNER-CLOUD3-AS, DE)"
mxb.mailgun.org,227,"AS396982 (GOOGLE-CLOUD-PLATFORM - Google LLC, US)"
mx.10mail.xyz,227,"AS24940 (HETZNER-AS, DE)"
smtpv2.ec2.33mail.com,214,"AS14618 (AMAZON-AES - Amazon.com, Inc., US)"
sss.pp.ua,199,
~,199,
mx.zoho.com,190,"AS2639 (ZOHO-AS - ZOHO, US)"
custmx.cscdns.net,171,"AS63949 (AKAMAI-LINODE-AP Akamai Connected Cloud, SG)"
mail.ese.kr,161,"AS9318 (SKB-AS SK Broadband Co Ltd, KR)"
mx.dka.mailcore.net,160,"AS3308 (TELIANET-DENMARK, SE)"
mailosaur.net,157,"AS396982 (GOOGLE-CLOUD-PLATFORM - Google LLC, US)"
mail.protonmail.ch,149,"AS62371 (PROTON, CH)"
mail.wallywatts.com,149,"AS24940 (HETZNER-AS, DE)"
em4.rejecthost.com,148,"AS14061 (DIGITALOCEAN-ASN - DigitalOcean, LLC, US)"
inbound-smtp.skiff.com,146,"AS16509 (AMAZON-02 - Amazon.com, Inc., US)"
smtp.oneb.net,142,"AS24940 (HETZNER-AS, DE)"
mx.yandex.net,141,AS13238 (YANDEX - YANDEX LLC)
em4.catchservers.com,139,"AS14061 (DIGITALOCEAN-ASN - DigitalOcean, LLC, US)"
spool.mail.gandi.net,136,"AS29169 (GANDI-AS Domain name registrar - www.gandi.net, FR)"
mx.tmail.delivery,135,"AS16509 (AMAZON-02 - Amazon.com, Inc., US)"
mx1.privateemail.com,134,"AS22612 (NAMECHEAP-NET - Namecheap, Inc., US)"
in1-smtp.messagingengine.com,133,"AS151847 (FASTMAILPTYLTD-AS-AP Fastmail Pty Ltd, AU)"
blackhole.aftermarket.pl,131,"AS48707 (AS48707-OPS-, PL)"
em4.mainnetmail.com,126,"AS14061 (DIGITALOCEAN-ASN - DigitalOcean, LLC, US)"
use4.bumpemail.com,123,"AS213230 (HETZNER-CLOUD2-AS, DE)"
ereg4.brushemail.com,120,"AS14061 (DIGITALOCEAN-ASN - DigitalOcean, LLC, US)"
mxa-00169c01.gslb.pphosted.com,119,"AS22843 (PROOFPOINT-ASN-US-EAST - Proofpoint, Inc., US)"
reception01.mail-vert.fr,115,"AS16276 (OVH, FR)"
mx.powered.name,110,"AS24940 (HETZNER-AS, DE)"
mx.mailhost12.net,110,"AS14061 (DIGITALOCEAN-ASN - DigitalOcean, LLC, US)"
mx.mailpwr.com,106,"AS24940 (HETZNER-AS, DE)"
mx.mimimail.me,103,"AS24940 (HETZNER-AS, DE)"
mx.breakthur.com,102,"AS14061 (DIGITALOCEAN-ASN - DigitalOcean, LLC, US)"
mail.xoxox.ooo,100,"AS47583 (AS-HOSTINGER, CY)"
aero4.stememail.com,94,"AS14061 (DIGITALOCEAN-ASN - DigitalOcean, LLC, US)"
w4.aerospaceemail.com,94,"AS14061 (DIGITALOCEAN-ASN - DigitalOcean, LLC, US)"
srv4.recoverhost.com,89,"AS14061 (DIGITALOCEAN-ASN - DigitalOcean, LLC, US)"
mx10.antispam.mailspamprotection.com,85,"AS396982 (GOOGLE-CLOUD-PLATFORM - Google LLC, US)"
in.mail.tm,83,"AS24940 (HETZNER-AS, DE)"
mail4.outsideserver.com,82,"AS14061 (DIGITALOCEAN-ASN - DigitalOcean, LLC, US)"
mx.stackmail.com,80,"AS48254 (TWENTYI, GB)"
tm.xuanlich.com,80,"AS14061 (DIGITALOCEAN-ASN - DigitalOcean, LLC, US)"
mail.eye-mail.net,79,"AS24940 (HETZNER-AS, DE)"
recv1.erinn.biz,79,"AS7506 (INTERQ GMO Internet Group, Inc., JP)"
mx.generic-isp.com,78,"AS14061 (DIGITALOCEAN-ASN - DigitalOcean, LLC, US)"
mx1.hosting.reg.ru,75,"AS197695 (AS-REG, RU)"
mxbiz1.qq.com,74,"AS9304 (HUTCHISON-AS-AP HGC Global Communications Limited, HK)"
mx1.titan.email,73,"AS14618 (AMAZON-AES - Amazon.com, Inc., US)"
mx4.mxcomet.com,71,"AS24940 (HETZNER-AS, DE)"
mainmx4.darkprobe.com,70,"AS14061 (DIGITALOCEAN-ASN - DigitalOcean, LLC, US)"
coloa4.hubblehost.com,69,"AS14061 (DIGITALOCEAN-ASN - DigitalOcean, LLC, US)"
mx01.mail.icloud.com,69,"AS714 (APPLE-ENGINEERING - Apple Inc., US)"
mx2.forwardemail.net,65,"AS60068 (CDN77 _, GB)"
mail.computer.com,65,"AS199524 (GCORE, LU)"
mx.hover.com.cust.hostedemail.com,64,"AS15348 (TUCOWS - Tucows.com Co., CA)"
mx1.mail.ovh.net,63,"AS16276 (OVH, FR)"
emx.mail.ru,61,"AS47764 (VK-AS, RU)"
mx.discard.email,59,"AS197540 (NETCUP-AS netcup GmbH, DE)"
mx01.ionos.com,56,"AS8560 (IONOS-AS This is the joint network for IONOS, Fasthosts, Arsys, 1&1 Mail and Media and 1&1 Telecom. Formerly known as 1&1 Internet SE., DE)"
inbound-smtp.us-west-2.amazonaws.com,55,"AS16509 (AMAZON-02 - Amazon.com, Inc., US)"
mx.yandex.ru,54,AS13238 (YANDEX - YANDEX LLC)
mail.hope-mail.com,54,"AS14061 (DIGITALOCEAN-ASN - DigitalOcean, LLC, US)"
fwd.regery.net,53,"AS24940 (HETZNER-AS, DE)"
mail1.mailcore.email,52,"AS57043 (HOSTKEY-AS, NL)"
tryninja.io,52,"AS63949 (AKAMAI-LINODE-AP Akamai Connected Cloud, SG)"
parkmail.dynadot.com,50,"AS36086 (TELX-LEGACY - Telx, US)"
mail.tazza.me,50,"AS47583 (AS-HOSTINGER, CY)"
domain-us-1.getmx.com,50,"AS14061 (DIGITALOCEAN-ASN - DigitalOcean, LLC, US)"
la4.inquirymailer.com,49,"AS14061 (DIGITALOCEAN-ASN - DigitalOcean, LLC, US)"
mx.zoho.eu,49,"AS205111 (ZOHO-EU, NL)"
mx00.ionos.com,48,"AS8560 (IONOS-AS This is the joint network for IONOS, Fasthosts, Arsys, 1&1 Mail and Media and 1&1 Telecom. Formerly known as 1&1 Internet SE., DE)"
mail1.namebrightmail.com,48,"AS12025 (IMDC-AS12025 - Iron Mountain Data Center, US)"
email-fake.com,48,"AS30886 (KOMITEX-AS, UA)"
mx1.emailsrvr.com,47,"AS19994 (RACKSPACE - Rackspace Hosting, US)"
smtp.trashmail.com,46,"AS24940 (HETZNER-AS, DE)"
eml.monster,46,"AS14061 (DIGITALOCEAN-ASN - DigitalOcean, LLC, US)"
mail2.namebrightmail.com,45,"AS12025 (IMDC-AS12025 - Iron Mountain Data Center, US)"
mx1-us1.ppe-hosted.com,45,"AS22843 (PROOFPOINT-ASN-US-EAST - Proofpoint, Inc., US)"
mail.tempmail.id.vn,45,"AS135905 (VNPT-AS-VN VIETNAM POSTS AND TELECOMMUNICATIONS GROUP, VN)"
mx00.emig.gmx.net,43,"AS8560 (IONOS-AS This is the joint network for IONOS, Fasthosts, Arsys, 1&1 Mail and Media and 1&1 Telecom. Formerly known as 1&1 Internet SE., DE)"
fwd1.porkbun.com,41,"AS16509 (AMAZON-02 - Amazon.com, Inc., US)"
gourmet7.spamgourmet.com,40,"AS10439 (CARINET - CariNet, Inc., US)"
us-smtp-inbound-1.mimecast.com,39,"AS30031 (MIMECAST-US - Mimecast North America Inc, US)"
smtpin.rzone.de,39,"AS6724 (STRATO STRATO AG, DE)"
tja.papierkorb.me,38,"AS24940 (HETZNER-AS, DE)"
mail.mailscr.us,38,"AS51167 (CONTABO, DE)"
mx4.mail.ovh.net,38,"AS16276 (OVH, FR)"
mx01.emig.gmx.net,37,"AS8560 (IONOS-AS This is the joint network for IONOS, Fasthosts, Arsys, 1&1 Mail and Media and 1&1 Telecom. Formerly known as 1&1 Internet SE., DE)"
mx4.beavis99.net,36,"AS24940 (HETZNER-AS, DE)"
smtp.getontheweb.com,36,"AS396982 (GOOGLE-CLOUD-PLATFORM - Google LLC, US)"
mx1.darkvilto.biz,35,"AS24940 (HETZNER-AS, DE)"
mailgw.ns36.de,35,
webhost.dynadot.com,34,"AS16509 (AMAZON-02 - Amazon.com, Inc., US)"
void.blackhole.mx,33,"AS24940 (HETZNER-AS, DE)"
mailnesia.com,33,"AS29802 (HVC-AS - HIVELOCITY, Inc., US)"
mx01.ionos.de,32,"AS8560 (IONOS-AS This is the joint network for IONOS, Fasthosts, Arsys, 1&1 Mail and Media and 1&1 Telecom. Formerly known as 1&1 Internet SE., DE)"
alltheemails.com,31,"AS8860 (DELTA-BG-AS, BG)"
in.mailsac.com,31,"AS16509 (AMAZON-02 - Amazon.com, Inc., US)"
mail.pickelhost.com,30,"AS24940 (HETZNER-AS, DE)"
mx1.mailhop.org,29,"AS16509 (AMAZON-02 - Amazon.com, Inc., US)"
mx4.mb1p.com,29,"AS24940 (HETZNER-AS, DE)"
mxb-00169c01.gslb.pphosted.com,29,"AS22843 (PROOFPOINT-ASN-US-EAST - Proofpoint, Inc., US)"
bccto.cc,28,"AS36352 (AS-COLOCROSSING - HostPapa, US)"
mx4.emailowl.com,28,"AS20473 (AS-VULTR - The Constant Company, LLC, US)"
mx-aol.mail.gm0.yahoodns.net,28,"AS26101 (YAHOO-BF1 - Yahoo Holdings Inc., US)"
mx1.ewebdevelopment.com,28,"AS14061 (DIGITALOCEAN-ASN - DigitalOcean, LLC, US)"
eur.olc.protection.outlook.com,28,"AS8075 (MICROSOFT-CORP-MSN-AS-BLOCK - Microsoft Corporation, US)"
mx.jailbreakeverything.com,27,"AS20473 (AS-VULTR - The Constant Company, LLC, US)"
apc.olc.protection.outlook.com,27,"AS8075 (MICROSOFT-CORP-MSN-AS-BLOCK - Microsoft Corporation, US)"
mx.pigeonprotocol.com,26,"AS20473 (AS-VULTR - The Constant Company, LLC, US)"
nguyendoll.com,26,"AS135905 (VNPT-AS-VN VIETNAM POSTS AND TELECOMMUNICATIONS GROUP, VN)"
mx2.efwd.spaceship.net,26,"AS22612 (NAMECHEAP-NET - Namecheap, Inc., US)"
mail.b-io.co,26,"AS24940 (HETZNER-AS, DE)"
mx.zoho.in,26,"AS56201 (ZOHO-IN Zoho Corporation Pvt. Ltd, IN)"
mailserver.purelymail.com,26,"AS14618 (AMAZON-AES - Amazon.com, Inc., US)"
mx00.ionos.co.uk,26,"AS8560 (IONOS-AS This is the joint network for IONOS, Fasthosts, Arsys, 1&1 Mail and Media and 1&1 Telecom. Formerly known as 1&1 Internet SE., DE)"
pkvw-mx.msg.pkvw.co.charter.net,26,"AS40294 (CHARTER-40294-DC - Charter Communications LLC, US)"
mx.awesome47.com,25,"AS24940 (HETZNER-AS, DE)"
mx1.cock.li,25,"AS9009 (M247, RO)"
mx1.efwd.spaceship.net,25,"AS22612 (NAMECHEAP-NET - Namecheap, Inc., US)"
mxn.mxhichina.com,24,"AS45102 (ALIBABA-CN-NET Alibaba US Technology Co., Ltd., CN)"
aspmx1.migadu.com,24,"AS16276 (OVH, FR)"
mta-gw.infomaniak.ch,24,"AS29222 (INFOMANIAK-AS, CH)"
mx.noophost.com,24,"AS135905 (VNPT-AS-VN VIETNAM POSTS AND TELECOMMUNICATIONS GROUP, VN)"
mx.tempmail.cn,23,"AS60404 (LITESERVER, NL)"
domains.33mail.com,23,"AS16509 (AMAZON-02 - Amazon.com, Inc., US)"
hzmx01.mxmail.netease.com,23,"AS45102 (ALIBABA-CN-NET Alibaba US Technology Co., Ltd., CN)"
mx00.ionos.de,23,"AS8560 (IONOS-AS This is the joint network for IONOS, Fasthosts, Arsys, 1&1 Mail and Media and 1&1 Telecom. Formerly known as 1&1 Internet SE., DE)"
mx10.mailspamprotection.com,23,"AS396982 (GOOGLE-CLOUD-PLATFORM - Google LLC, US)"
inbound-smtp.eu-west-1.amazonaws.com,21,"AS16509 (AMAZON-02 - Amazon.com, Inc., US)"
own1-mx.iaprem.fun,21,"AS7506 (INTERQ GMO Internet Group, Inc., JP)"
mail.tutanota.de,21,"AS210909 (TUTA, DE)"
bulc.club,21,"AS32244 (LIQUIDWEB - Liquid Web, L.L.C, US)"
mx2.timeweb.ru,21,"AS9123 (TIMEWEB-AS, RU)"
mx.sendgrid.net,21,"AS16509 (AMAZON-02 - Amazon.com, Inc., US)"
nam.olc.protection.outlook.com,21,"AS8075 (MICROSOFT-CORP-MSN-AS-BLOCK - Microsoft Corporation, US)"
mx.underseagolf.com,20,"AS24940 (HETZNER-AS, DE)"
mail.tempmail-plus.com,20,"AS42846 (GUZELHOSTING GNET INTERNET TELEKOMUNIKASYON A.S., TR)"
mx.temp-mail.io,20,"AS24940 (HETZNER-AS, DE)"
mx1.feishu.cn,20,"AS16509 (AMAZON-02 - Amazon.com, Inc., US)"
r3.domainparking.reg.ru,20,"AS197695 (AS-REG, RU)"
relay.wn-power.com,20,"AS11014 (CPS, AR)"
mail.24.email,20,"AS210976 (TWC-EU, KZ)"
mx01.posteo.de,20,"AS8495 (INTERNET_AG Frankfurt-Munich-Stuttgart-Amsterdam-London, DE)"
email.gravityengine.cc,19,"AS31898 (ORACLE-BMC-31898 - Oracle Corporation, US)"
dca4.patternemail.com,19,"AS14061 (DIGITALOCEAN-ASN - DigitalOcean, LLC, US)"
ghs.google.com,19,"AS15169 (GOOGLE - Google LLC, US)"
mail.aeronyx.cfd,19,"AS203446 (AS203446, GB)"
isaac.mx.cloudflare.net,19,"AS13335 (CLOUDFLARENET - Cloudflare, Inc., US)"
mx02.xnote.us,19,"AS63949 (AKAMAI-LINODE-AP Akamai Connected Cloud, SG)"
0.0.0.0,19,
mail.parktons.com,19,"AS20473 (AS-VULTR - The Constant Company, LLC, US)"
mx1.qiye.aliyun.com,19,"AS45102 (ALIBABA-CN-NET Alibaba US Technology Co., Ltd., CN)"
mx1.spacemail.com,19,"AS22612 (NAMECHEAP-NET - Namecheap, Inc., US)"
mail.webmailious.top,19,"AS24940 (HETZNER-AS, DE)"
mx03.posteo.de,19,"AS8495 (INTERNET_AG Frankfurt-Munich-Stuttgart-Amsterdam-London, DE)"
mx.proxiedmail.com,18,"AS14061 (DIGITALOCEAN-ASN - DigitalOcean, LLC, US)"
mx1.forwardmx.net,18,"AS212317 (HETZNER-CLOUD3-AS, DE)"
mx1-usg2.ppe-hosted.com,18,"AS14618 (AMAZON-AES - Amazon.com, Inc., US)"
mx-in.g.apple.com,18,"AS714 (APPLE-ENGINEERING - Apple Inc., US)"
relay7m.it.nrw.de,17,"AS43066 (IT-NRW, DE)"
bh.markmonitor.com,17,
smtp.chinaqoe.com,17,"AS45102 (ALIBABA-CN-NET Alibaba US Technology Co., Ltd., CN)"
mx1.tempmail.so,17,"AS45102 (ALIBABA-CN-NET Alibaba US Technology Co., Ltd., CN)"
mail.easytrashmail.eu,17,"AS44486 (SYNLINQ synlinq.de, DE)"
mxa.eu.mailgun.org,17,"AS396982 (GOOGLE-CLOUD-PLATFORM - Google LLC, US)"
mx.smtp.dev,17,"AS24940 (HETZNER-AS, DE)"
mail.rakibbd.com,16,"AS202422 (GHOST, LU)"
mx4.burnserver.com,16,"AS14061 (DIGITALOCEAN-ASN - DigitalOcean, LLC, US)"
gourmet.spamgourmet.com,16,"AS10439 (CARINET - CariNet, Inc., US)"
amir.mx.cloudflare.net,16,"AS13335 (CLOUDFLARENET - Cloudflare, Inc., US)"
mx1.spaceweb.ru,16,"AS44112 (SWEB-AS, RU)"
mail.unlimitmail.com,16,"AS135932 (VNDATA-AS-VN Viet Storage Technology Joint Stock Company, VN)"
mailx.gridhost.com,16,"AS46261 (QUICKPACKET - QuickPacket, LLC, US)"
mx0.123-reg.co.uk,16,"AS398101 (GO-DADDY-COM-LLC - GoDaddy.com, LLC, US)"
mx1.alias.proton.me,15,"AS62371 (PROTON, CH)"
mail.theloi.io.vn,15,"AS18403 (FPT-AS-AP FPT Telecom Company, VN)"
mx1.altaddress.net,15,"AS7922 (COMCAST-7922 - Comcast Cable Communications, LLC, US)"
gr.priyomail.net,15,"AS24940 (HETZNER-AS, DE)"
mail1.testinator.com,15,"AS63949 (AKAMAI-LINODE-AP Akamai Connected Cloud, SG)"
privateemail.chessgameland.com,15,"AS24940 (HETZNER-AS, DE)"
alt1.aspmx.l.google.com,15,"AS15169 (GOOGLE - Google LLC, US)"
mx203.inbound-mx.net,14,"AS14061 (DIGITALOCEAN-ASN - DigitalOcean, LLC, US)"
mail.ezonemail.com,14,"AS47583 (AS-HOSTINGER, CY)"
mx00.ionos.fr,14,"AS8560 (IONOS-AS This is the joint network for IONOS, Fasthosts, Arsys, 1&1 Mail and Media and 1&1 Telecom. Formerly known as 1&1 Internet SE., DE)"
mx1-usg1.ppe-hosted.com,14,"AS14618 (AMAZON-AES - Amazon.com, Inc., US)"
mx1.mailchannels.net,14,"AS16509 (AMAZON-02 - Amazon.com, Inc., US)"
mx1.larksuite.com,14,"AS16509 (AMAZON-02 - Amazon.com, Inc., US)"
mailgenk.com,14,"AS22612 (NAMECHEAP-NET - Namecheap, Inc., US)"
3potify.com,14,"AS14061 (DIGITALOCEAN-ASN - DigitalOcean, LLC, US)"
mx2.csof.net,14,"AS24940 (HETZNER-AS, DE)"
linda.mx.cloudflare.net,14,"AS13335 (CLOUDFLARENET - Cloudflare, Inc., US)"
mail,14,
mail.vortex.skyfall.dev,14,"AS13335 (CLOUDFLARENET - Cloudflare, Inc., US)"
mail.mkomail.cyou,14,"AS16276 (OVH, FR)"
mx1.hostinger.in,14,"AS13335 (CLOUDFLARENET - Cloudflare, Inc., US)"
mail.paicha.cloud,14,"AS131965 (XSERVER Xserver Inc., JP)"
null.corpmailsvcs.com,14,
mx.expiredtoaster.org,13,"AS20473 (AS-VULTR - The Constant Company, LLC, US)"
box.m1lf.party,13,"AS197540 (NETCUP-AS netcup GmbH, DE)"
mail.nominalia.com,13,"AS39729 (REGISTER-AS, IT)"
mail.alternativeid.com,13,"AS16509 (AMAZON-02 - Amazon.com, Inc., US)"
temp-mail-pro.com,13,"AS45102 (ALIBABA-CN-NET Alibaba US Technology Co., Ltd., CN)"
hosting.bofhland.org,13,"AS14061 (DIGITALOCEAN-ASN - DigitalOcean, LLC, US)"
mail.dynainbox.com,13,"AS24940 (HETZNER-AS, DE)"
plato.junkemailfilter.com,13,"AS6939 (HURRICANE - Hurricane Electric LLC, US)"
plant.blueberrymail.net,13,"AS213230 (HETZNER-CLOUD2-AS, DE)"
eu-smtp-inbound-1.mimecast.com,13,"AS42427 (MIMECAST-UK, GB)"
smtp.spam4.me,13,"AS60781 (LEASEWEB-NL-AMS-01 Netherlands, NL)"
mx01.gmx.net,13,"AS8560 (IONOS-AS This is the joint network for IONOS, Fasthosts, Arsys, 1&1 Mail and Media and 1&1 Telecom. Formerly known as 1&1 Internet SE., DE)"
mail.chessgamingworld.com,12,"AS24940 (HETZNER-AS, DE)"
mail.x-networks.net,12,"AS14061 (DIGITALOCEAN-ASN - DigitalOcean, LLC, US)"
usb-smtp-inbound-1.mimecast.com,12,"AS30031 (MIMECAST-US - Mimecast North America Inc, US)"
mx01.ionos.fr,12,"AS8560 (IONOS-AS This is the joint network for IONOS, Fasthosts, Arsys, 1&1 Mail and Media and 1&1 Telecom. Formerly known as 1&1 Internet SE., DE)"
arrow.mxrouting.net,12,"AS46261 (QUICKPACKET - QuickPacket, LLC, US)"
mx01.lolipop.jp,12,"AS7506 (INTERQ GMO Internet Group, Inc., JP)"
mx4.freeola.com,12,"AS13037 (ZEN-AS Zen Internet - UK, GB)"
mail-temp.com,12,"AS30886 (KOMITEX-AS, UA)"
mail.sfxmailbox.com,12,"AS24940 (HETZNER-AS, DE)"
mx00.udag.de,12,"AS15598 (IPX-AS15598, DE)"
mail.cpsinet.net,12,"AS396949 (CLOUDWEBMANAGE-TX - Kamatera, Inc., US)"
mx2.improvmx.com,12,"AS16509 (AMAZON-02 - Amazon.com, Inc., US)"
mx1.vfemail.net,12,"AS202448 (MVPS www.mvps.net, CY)"
mx4-prod.edatasource.com,12,"AS14618 (AMAZON-AES - Amazon.com, Inc., US)"
mx2.privateemail.com,11,"AS22612 (NAMECHEAP-NET - Namecheap, Inc., US)"
mx.checker.in,11,"AS24940 (HETZNER-AS, DE)"
mx.joyrideday.com,11,"AS29873 (BIZLAND-SD - Newfold Digital, Inc., US)"
mx.ukraine.com.ua,11,"AS200000 (UKRAINE-AS, UA)"
relay0.it.nrw.de,11,"AS43066 (IT-NRW, DE)"
apollo.mailbox49.com,11,"AS35916 (MULTA-ASN1 - MULTACOM CORPORATION, US)"
mx1.mxfilter.net,11,"AS46824 (NAMECRANE - NameCrane LLC, US)"
mail.tempmailbox.net,11,"AS14061 (DIGITALOCEAN-ASN - DigitalOcean, LLC, US)"
mxext1.mailbox.org,11,"AS199118 (HPLS-AS, DE)"
broker.balansor.com,11,"AS24940 (HETZNER-AS, DE)"
mx01.ionos.co.uk,11,"AS8560 (IONOS-AS This is the joint network for IONOS, Fasthosts, Arsys, 1&1 Mail and Media and 1&1 Telecom. Formerly known as 1&1 Internet SE., DE)"
mail.notletters.com,11,"AS16276 (OVH, FR)"
mx01.ionos.es,11,"AS8560 (IONOS-AS This is the joint network for IONOS, Fasthosts, Arsys, 1&1 Mail and Media and 1&1 Telecom. Formerly known as 1&1 Internet SE., DE)"
mx.tlen.pl,11,"AS31080 (O2-AS, PL)"
s151.goserver.host,11,"AS48324 (DE-WEBGO www.webgo.de, DE)"
mail.mail10p.com,11,"AS135905 (VNPT-AS-VN VIETNAM POSTS AND TELECOMMUNICATIONS GROUP, VN)"
mx01.nvidma.com,11,"AS14618 (AMAZON-AES - Amazon.com, Inc., US)"
mail.vanhoang.vn,10,"AS18450 (WEBNX - WebNX, Inc., US)"
mc2.cloudfido.com,10,"AS16276 (OVH, FR)"
mail.temporarily.de,10,"AS12574 (ROUTING Franzstr. 51, 52064 Aachen, DE)"
mx001.netsol.xion.oxcs.net,10,"AS29838 (AMC - Atlantic Metro Communications II, Inc., US)"
abusekiste.net,10,"AS39835 (GOETEL, DE)"
mx.fex.plus,10,"AS63023 (AS-GLOBALTELEHOST - GTHost, US)"
mx2.mailchannels.net,10,"AS16509 (AMAZON-02 - Amazon.com, Inc., US)"
mx002.netsol.xion.oxcs.net,10,"AS29838 (AMC - Atlantic Metro Communications II, Inc., US)"
mail.testinator.email,10,"AS63949 (AKAMAI-LINODE-AP Akamai Connected Cloud, SG)"
mx.services,10,"AS200000 (UKRAINE-AS, UA)"
mx.freecustom.email,10,"AS197540 (NETCUP-AS netcup GmbH, DE)"
mx0.mail.ovh.net,10,"AS16276 (OVH, FR)"
mx1.csof.net,10,"AS24940 (HETZNER-AS, DE)"
mail.furvionx.com,10,"AS210976 (TWC-EU, KZ)"
mx04.posteo.de,10,"AS8495 (INTERNET_AG Frankfurt-Munich-Stuttgart-Amsterdam-London, DE)"
smtpin.vvv.facebook.com,9,"AS32934 (FACEBOOK - Facebook, Inc., US)"
rack-host.net,9,"AS33724 (BIZNESSHOSTING-DBA-VOLICO - VOLICO, US)"
mx00.1and1.com,9,"AS8560 (IONOS-AS This is the joint network for IONOS, Fasthosts, Arsys, 1&1 Mail and Media and 1&1 Telecom. Formerly known as 1&1 Internet SE., DE)"
mx.4mznz.com,9,"AS16509 (AMAZON-02 - Amazon.com, Inc., US)"
mx-biz.mail.am0.yahoodns.net,9,"AS36647 (YAHOO-GQ1 - Yahoo Holdings Inc., US)"
mail.2fa.vn,9,"AS24940 (HETZNER-AS, DE)"
mx.add5000.com,9,"AS30886 (KOMITEX-AS, UA)"
li.chinaqoe.com,9,"AS45102 (ALIBABA-CN-NET Alibaba US Technology Co., Ltd., CN)"
mx3-prod.edatasource.com,9,"AS14618 (AMAZON-AES - Amazon.com, Inc., US)"
mailserver.livemail.co.uk,9,"AS8560 (IONOS-AS This is the joint network for IONOS, Fasthosts, Arsys, 1&1 Mail and Media and 1&1 Telecom. Formerly known as 1&1 Internet SE., DE)"
mail.register.it,9,"AS39729 (REGISTER-AS, IT)"
mx0101.titan.email,9,"AS16509 (AMAZON-02 - Amazon.com, Inc., US)"
us2.mx3.mailhostbox.com,9,"AS46606 (UNIFIEDLAYER-AS-1 - Unified Layer, US)"
gmr-smtp-in.l.google.com,9,"AS15169 (GOOGLE - Google LLC, US)"
domain-us-1.cuiqiu.net,9,"AS132203 (TENCENT-NET-AP-CN Tencent Building, Kejizhongyi Avenue, CN)"
mx01.earthlink-vadesecure.net,9,"AS16276 (OVH, FR)"
mx.netidentity.com.cust.hostedemail.com,9,"AS15348 (TUCOWS - Tucows.com Co., CA)"
mail.brevitron.cfd,8,"AS203446 (AS203446, GB)"
mail.tempmailonline.co,8,"AS13335 (CLOUDFLARENET - Cloudflare, Inc., US)"
mx.48hr.email,8,"AS24961 (MYLOC-AS IP Backbone of WIIT AG formerly myLoc managed IT AG, DE)"
mx-1.dpoczta.pl,8,"AS48896 (DHOSTING-AS Warsaw, Poland, PL)"
mx.trouble-free.net,8,"AS19318 (IS-AS-1 - Interserver, Inc, US)"
mx2.spacemail.com,8,"AS22612 (NAMECHEAP-NET - Namecheap, Inc., US)"
mail.catchallmx.com,8,"AS16276 (OVH, FR)"
mail.andrewcluh.top,8,"AS203446 (AS203446, GB)"
mx4.arrivalserver.com,8,"AS213230 (HETZNER-CLOUD2-AS, DE)"
mx1.ovh.net,8,"AS16276 (OVH, FR)"
mailinator.com,8,"AS13335 (CLOUDFLARENET - Cloudflare, Inc., US)"
mail.temporary-mail.net,8,"AS45102 (ALIBABA-CN-NET Alibaba US Technology Co., Ltd., CN)"
mx1.startmail.com,8,"AS28685 (ASN-ROUTIT, NL)"
mx01.mail.com,8,"AS8560 (IONOS-AS This is the joint network for IONOS, Fasthosts, Arsys, 1&1 Mail and Media and 1&1 Telecom. Formerly known as 1&1 Internet SE., DE)"
mx5-prod.edatasource.com,8,"AS14618 (AMAZON-AES - Amazon.com, Inc., US)"
mx5.freeola.com,8,"AS13037 (ZEN-AS Zen Internet - UK, GB)"
mx195.m1bp.com,8,"AS14061 (DIGITALOCEAN-ASN - DigitalOcean, LLC, US)"
mail.happyisp.com,8,"AS213230 (HETZNER-CLOUD2-AS, DE)"
sitemail.everyone.net,8,"AS30447 (INFB2-AS - Internet Names For Business Inc., CA)"
mx1.netim.net,8,"AS24935 (ATE-AS, FR)"
asahinet-mx-v4.xspmail.jp,8,"AS2497 (IIJ Internet Initiative Japan Inc., JP)"
mx2.freeola.com,8,"AS25577 (C4L-AS, GB)"
mail.trashmail.de,8,"AS16276 (OVH, FR)"
mail.idp365.net,8,"AS60819 (SAFENAMES-AS, GB)"
mx.ym.163.com,7,"AS139203 (CHINANET-GUIZHOU-GUIAN-IDC Guizhou GuiAn IDC, CN)"
mx.191mariobet.com,7,"AS24940 (HETZNER-AS, DE)"
mx.post.tf,7,"AS41608 (NEXTGENWEBS-NL, ES)"
mail.thirdechelon.net,7,"AS24940 (HETZNER-AS, DE)"
generator.email.xxxx,7,
mx.isp-inter.net,7,"AS14061 (DIGITALOCEAN-ASN - DigitalOcean, LLC, US)"
mail.jabmag.com,7,"AS14061 (DIGITALOCEAN-ASN - DigitalOcean, LLC, US)"
smtp7.opayq.com,7,"AS14618 (AMAZON-AES - Amazon.com, Inc., US)"
mail10.mymailcheap.com,7,"AS16276 (OVH, FR)"
mx.spamexperts.com,7,"AS16633 (I-3 - N-able Technologies, Inc., US)"
mxdomain.qq.com,7,"AS132203 (TENCENT-NET-AP-CN Tencent Building, Kejizhongyi Avenue, CN)"
mail.resolutux.com,7,"AS203446 (AS203446, GB)"
mx1.ticketsinbound.com,7,"AS40021 (CONTABO-40021 - Contabo Inc., US)"
mail.tennleague.com,7,"AS24940 (HETZNER-AS, DE)"
mx.mail-temporaire.fr,7,"AS12876 (Online SAS, FR)"
mxia.craigslist.org,7,"AS22414 (CRAIGS-NET-1 - Craigslist, Inc., US)"
mail.mailserver.lol,7,"AS36352 (AS-COLOCROSSING - HostPapa, US)"
mx02.mail.icloud.com,7,"AS714 (APPLE-ENGINEERING - Apple Inc., US)"
custom.boomlify.com,7,"AS202422 (GHOST, LU)"
us2.mx1.mailhostbox.com,7,"AS46606 (UNIFIEDLAYER-AS-1 - Unified Layer, US)"
fusion.mxrouting.net,7,"AS46261 (QUICKPACKET - QuickPacket, LLC, US)"
cloudbmail.com,7,"AS39287 (ABSTRACT, FI)"
mx00.ionos.es,7,"AS8560 (IONOS-AS This is the joint network for IONOS, Fasthosts, Arsys, 1&1 Mail and Media and 1&1 Telecom. Formerly known as 1&1 Internet SE., DE)"
mail.nospam.today,7,"AS212477 (ROYALE-AS, NL)"
mail.usmailz.com,7,"AS213230 (HETZNER-CLOUD2-AS, DE)"
plsmtp1.hushmail.com,7,"AS13768 (COGECO-PEER1 - Aptum Technologies, CA)"
mail.mailmask.cc,7,"AS212477 (ROYALE-AS, NL)"
mail.mailde.de,7,"AS24940 (HETZNER-AS, DE)"
mx-eu.mail.am0.yahoodns.net,7,"AS34010 (YAHOO-IRD, GB)"
us-smtp-inbound-2.mimecast.com,6,"AS30031 (MIMECAST-US - Mimecast North America Inc, US)"
mail.avc5.icu,6,"AS132203 (TENCENT-NET-AP-CN Tencent Building, Kejizhongyi Avenue, CN)"
mx1.torpig-sinkhole.org,6,"AS24940 (HETZNER-AS, DE)"
one.mxroute.com,6,"AS24940 (HETZNER-AS, DE)"
wednesday.mxrouting.net,6,"AS398810 (MXROUTE - MXroute LLC, US)"
mail.deepmails.org,6,"AS45102 (ALIBABA-CN-NET Alibaba US Technology Co., Ltd., CN)"
mx1.beget.ru,6,"AS198610 (BEGET-AS, RU)"
mx1.r4l.com,6,"AS16276 (OVH, FR)"
mail01.czarymary.pl,6,"AS16276 (OVH, FR)"
srv467103.hstgr.cloud,6,"AS47583 (AS-HOSTINGER, CY)"
feedback-smtp.us-east-1.amazonses.com,6,"AS14618 (AMAZON-AES - Amazon.com, Inc., US)"
mx37.m1bp.com,6,"AS14061 (DIGITALOCEAN-ASN - DigitalOcean, LLC, US)"
smtp03.topdns.com,6,"AS43350 (NFORCE, NL)"
mail.anonymmail.net,6,"AS24940 (HETZNER-AS, DE)"
mail.writing.com,6,"AS63949 (AKAMAI-LINODE-AP Akamai Connected Cloud, SG)"
mail.net-bizz.com,6,"AS24940 (HETZNER-AS, DE)"
mail1.sourcefactory.at,6,"AS24940 (HETZNER-AS, DE)"
mx.firstmail.ltd,6,"AS12586 (ASGHOSTNET, DE)"
mail.virtualnetia.de,6,"AS214996 (NETCUP, DE)"
mailstore1.secureserver.net,6,"AS398101 (GO-DADDY-COM-LLC - GoDaddy.com, LLC, US)"
fmg-mail-1.fakemailgenerator.com,6,"AS63949 (AKAMAI-LINODE-AP Akamai Connected Cloud, SG)"
smtp.byom.de,6,"AS24940 (HETZNER-AS, DE)"
nomail.nic.ru,6,
mail.yaxmail.net,6,"AS24940 (HETZNER-AS, DE)"
mx2.netim.net,6,"AS24935 (ATE-AS, FR)"
mail.tempmail.co.uk,6,"AS24940 (HETZNER-AS, DE)"
mx00.gmx.net,6,"AS8560 (IONOS-AS This is the joint network for IONOS, Fasthosts, Arsys, 1&1 Mail and Media and 1&1 Telecom. Formerly known as 1&1 Internet SE., DE)"
mailcluster.loopia.se,6,"AS39570 (LOOPIA, SE)"
prd-smtp.10minutemail.com,6,"AS16509 (AMAZON-02 - Amazon.com, Inc., US)"
mx.onlygoodsoftware.com,6,"AS24940 (HETZNER-AS, DE)"
mw-002.cafe24.com,6,"AS4766 (KIXS-AS-KR Korea Telecom, KR)"
qiye163mx01.mxmail.netease.com,6,"AS45102 (ALIBABA-CN-NET Alibaba US Technology Co., Ltd., CN)"
mx1.hostinger.es,6,"AS13335 (CLOUDFLARENET - Cloudflare, Inc., US)"
mx04.secure-mailgate.com,6,"AS45012 (CLOUDPIT, DE)"
in.mail.gw,6,"AS24940 (HETZNER-AS, DE)"
mx.bump.email,5,"AS16276 (OVH, FR)"
mx1.dreamhost.com,5,"AS26347 (DREAMHOST-AS - New Dream Network, LLC, US)"
mail.host-my-mail.com,5,"AS15169 (GOOGLE - Google LLC, US)"
mx.buzondecorreo.com,5,"AS8560 (IONOS-AS This is the joint network for IONOS, Fasthosts, Arsys, 1&1 Mail and Media and 1&1 Telecom. Formerly known as 1&1 Internet SE., DE)"
mx.zoho.com.au,5,"AS139006 (ZCPL-AS-AP Zoho Corporation PTY LTD, AU)"
mailpit.newkso.ru,5,"AS216071 (VDSINA, AE)"
relay.ws.ws,5,"AS3561 (CENTURYLINK-LEGACY-SAVVIS - CenturyLink Communications, LLC, US)"
mx1.cloudhosting.uk,5,"AS12488 (KRYSTAL, GB)"
hi.mail.cx,5,"AS24940 (HETZNER-AS, DE)"
mx.unaux.com,5,"AS34119 (WILDCARD-AS Wildcard UK Limited, GB)"
park01.gkg.net,5,"AS30600 (AS-CMN - Metronet, US)"
glacier.mxrouting.net,5,"AS46261 (QUICKPACKET - QuickPacket, LLC, US)"
fpo9.mail.dk,5,"AS8677 (WORLDLINE, FR)"
mx1.us.mailhop.org,5,"AS16509 (AMAZON-02 - Amazon.com, Inc., US)"
mx1.mytemp.email,5,"AS60118 (CYBERSMARTSOLUTIONS-AS, RO)"
aspmx.daum.net,5,"AS7625 (DAUM-AS Kakao Corp, KR)"
mx02.memail.com,5,"AS24940 (HETZNER-AS, DE)"
mx.mailprotect.be,5,"AS34762 (COMBELL-AS, BE)"
mx2.den.yt,5,"AS36352 (AS-COLOCROSSING - HostPapa, US)"
alt1.cloudcone.mx,5,"AS35916 (MULTA-ASN1 - MULTACOM CORPORATION, US)"
mx-caprica.zoneedit.com,5,"AS16686 (EDNS - easyDNS Technologies, Inc., CA)"
mx1.tmdhosting.com,5,"AS32475 (SINGLEHOP-LLC - Internap Holding LLC, US)"
mail.solpay.gg,5,"AS53667 (PONYNET - FranTech Solutions, US)"
www386.your-server.de,5,"AS24940 (HETZNER-AS, DE)"
mail.tempmailx.xyz,5,"AS203248 (BURTINET, TR)"
mail.tmp.al,5,"AS197540 (NETCUP-AS netcup GmbH, DE)"
mail.spammail.me,5,"AS14061 (DIGITALOCEAN-ASN - DigitalOcean, LLC, US)"
mail.secludedhusky.com,5,"AS31863 (DACEN-2 - Centrilogic, Inc., US)"
handle.catchemail.ml,5,"AS16509 (AMAZON-02 - Amazon.com, Inc., US)"
mx.domeneshop.no,5,"AS12996 (DOMENESHOP Oslo, Norway, NO)"
heracles.mxrouting.net,5,"AS24940 (HETZNER-AS, DE)"
mail.androl.cfd,4,"AS203446 (AS203446, GB)"
mx1.forwardmx.io,4,"AS212317 (HETZNER-CLOUD3-AS, DE)"
mx-01.kurumsaleposta.com,4,"AS34619 (CIZGI, TR)"
mail.accountsite.me,4,"AS15685 (CASABLANCA-AS Internet & Collocation Provider, CZ)"
echo.mxrouting.net,4,"AS46261 (QUICKPACKET - QuickPacket, LLC, US)"
mx1c28.carrierzone.com,4,"AS30447 (INFB2-AS - Internet Names For Business Inc., CA)"
temporary-mail.paicha.cloud,4,"AS131965 (XSERVER Xserver Inc., JP)"
mx2.r4l.com,4,"AS16276 (OVH, FR)"
mail.aauto.ai,4,"AS5650 (FRONTIER-FRTR - Frontier Communications of America, Inc., US)"
mx-caprica.easydns.com,4,"AS16686 (EDNS - easyDNS Technologies, Inc., CA)"
tempmail10.com,4,"AS24940 (HETZNER-AS, DE)"
mx0001.neo.space,4,"AS16509 (AMAZON-02 - Amazon.com, Inc., US)"
mail1.no-ip.com,4,"AS14627 (NOIP-VITAL - Vitalwerks Internet Solutions, LLC, US)"
mx2.daemonmail.net,4,"AS16509 (AMAZON-02 - Amazon.com, Inc., US)"
auxmx4.darkprobe.com,4,"AS14061 (DIGITALOCEAN-ASN - DigitalOcean, LLC, US)"
mail.cresvyn.cfd,4,"AS203446 (AS203446, GB)"
mx.ae9.eu,4,"AS24940 (HETZNER-AS, DE)"
mail.ephemeralpostal.com,4,"AS63949 (AKAMAI-LINODE-AP Akamai Connected Cloud, SG)"
bounce.argewebhosting.nl,4,"AS48635 (CLDIN-NL Your Hosting B.V. part of Your.Online, NL)"
smtp.rzone.de,4,"AS6724 (STRATO STRATO AG, DE)"
mx-01-us-east-2.prod.hydra.sophos.com,4,"AS16509 (AMAZON-02 - Amazon.com, Inc., US)"
ms01-los.cloudsyhosting.com,4,"AS6939 (HURRICANE - Hurricane Electric LLC, US)"
redirect.domain-robot.org,4,"AS15456 (INTERNETX-AS, DE)"
spamrelay.zxcs.nl,4,"AS206281 (AS-ZXCS, NL)"
mx1-eu1.ppe-hosted.com,4,"AS52129 (PROOFPOINT-ASN-EU, US)"
mx1.krystal.uk,4,"AS12488 (KRYSTAL, GB)"
mx3.freeola.com,4,"AS25577 (C4L-AS, GB)"
mx1.hostinger.com.br,4,"AS13335 (CLOUDFLARENET - Cloudflare, Inc., US)"
mail.genmacos.com,4,"AS40021 (CONTABO-40021 - Contabo Inc., US)"
shadow.mxrouting.net,4,"AS24940 (HETZNER-AS, DE)"
mail11.mymailcheap.com,4,"AS16276 (OVH, FR)"
mx01.dm.aliyun.com,4,"AS37963 (ALIBABA-CN-NET Hangzhou Alibaba Advertising Co.,Ltd., CN)"
mx1.emailowl.com,4,"AS20473 (AS-VULTR - The Constant Company, LLC, US)"
fwd2.hosts.co.uk,4,"AS8622 (ISIONUK Team Blue Internet Services UK Ltd, GB)"
mail.mailings.live,4,"AS16276 (OVH, FR)"
taylor.mxrouting.net,4,"AS24940 (HETZNER-AS, DE)"
mx.srvxx.dev,4,"AS13335 (CLOUDFLARENET - Cloudflare, Inc., US)"
atlas-cz-10mx1.eco-mx.cz,4,"AS43614 (ECONOMIA-, CZ)"
mx.rf.gd,4,"AS34119 (WILDCARD-AS Wildcard UK Limited, GB)"
m1.feishu.cn,4,"AS16509 (AMAZON-02 - Amazon.com, Inc., US)"
mx1.e4ward.com,4,"AS63949 (AKAMAI-LINODE-AP Akamai Connected Cloud, SG)"
mail.adbidio.com,4,"AS16276 (OVH, FR)"
mail.jre1.cn,4,"AS132203 (TENCENT-NET-AP-CN Tencent Building, Kejizhongyi Avenue, CN)"
mx1.1984.is,4,"AS44925 (THE-1984-AS, IS)"
mx.coxmail.com,4,"AS29838 (AMC - Atlantic Metro Communications II, Inc., US)"
mail.webador.com,4,"AS396982 (GOOGLE-CLOUD-PLATFORM - Google LLC, US)"
mail.jtw.dk,4,"AS24940 (HETZNER-AS, DE)"
sequoia.dino.icu,4,"AS31898 (ORACLE-BMC-31898 - Oracle Corporation, US)"
mail.chi.mailserver.vg,4,"AS36352 (AS-COLOCROSSING - HostPapa, US)"
mxdm-ap-southeast-1.aliyun.com,4,"AS45102 (ALIBABA-CN-NET Alibaba US Technology Co., Ltd., CN)"
mail.fviadropinbox.com,4,"AS39287 (ABSTRACT, FI)"
mx3.ovh.net,4,"AS16276 (OVH, FR)"
mail1.smtp99.com,4,"AS63949 (AKAMAI-LINODE-AP Akamai Connected Cloud, SG)"
mx2.mail.hostpoint.ch,4,"AS29097 (HOSTPOINT-AS, CH)"
alt3.aspmx.l.google.com,4,"AS15169 (GOOGLE - Google LLC, US)"
mail.guerrillamail.com,4,"AS60781 (LEASEWEB-NL-AMS-01 Netherlands, NL)"
mx.epizy.com,4,"AS34119 (WILDCARD-AS Wildcard UK Limited, GB)"
mx01.hornetsecurity.com,4,"AS25394 (MK-NETZDIENSTE-AS, DE)"
mx186.m2bp.com,4,"AS14061 (DIGITALOCEAN-ASN - DigitalOcean, LLC, US)"
loti3.papierkorb.me,4,"AS24940 (HETZNER-AS, DE)"
mail.m2u.io,4,"AS63473 (HOSTHATCH - HostHatch, LLC, US)"
mxb.tempamail.com,4,"AS14061 (DIGITALOCEAN-ASN - DigitalOcean, LLC, US)"
witcher.mxrouting.net,4,"AS46261 (QUICKPACKET - QuickPacket, LLC, US)"
mail.unbox.at,4,"AS24940 (HETZNER-AS, DE)"
primium1.mailtam.com,4,"AS45102 (ALIBABA-CN-NET Alibaba US Technology Co., Ltd., CN)"
mail.sneakemail.com,4,"AS14618 (AMAZON-AES - Amazon.com, Inc., US)"
mx01.101webmail.com,4,"AS24940 (HETZNER-AS, DE)"
mail.spambox.xyz,4,"AS35916 (MULTA-ASN1 - MULTACOM CORPORATION, US)"
fwd0.hosts.co.uk,4,"AS8622 (ISIONUK Team Blue Internet Services UK Ltd, GB)"
srv.tempmail.de,4,"AS197540 (NETCUP-AS netcup GmbH, DE)"
mail.cybertemp.xyz,3,"AS203446 (AS203446, GB)"
mail.delvionis.cfd,3,"AS203446 (AS203446, GB)"
db.obninsk.biz,3,"AS8636 (MAXNET Russia, RU)"
mx.tempmail365.com,3,"AS132203 (TENCENT-NET-AP-CN Tencent Building, Kejizhongyi Avenue, CN)"
mx01.mail-redirect.de,3,"AS24940 (HETZNER-AS, DE)"
0,3,
mf1.nic.ru,3,"AS48287 (RU-CENTER, RU)"
usb-smtp-inbound-2.mimecast.com,3,"AS30031 (MIMECAST-US - Mimecast North America Inc, US)"
mx2.titan.email,3,"AS14618 (AMAZON-AES - Amazon.com, Inc., US)"
kr1-aspmx1.worksmobile.com,3,"AS23576 (NHN-AS-KR NAVER Cloud Corp., KR)"
mx5.advancedhosters.com,3,"AS39572 (ADVANCEDHOSTERS-AS, NL)"
box.ywitio.com,3,"AS16276 (OVH, FR)"
smtp1.mwmail.net,3,"AS63949 (AKAMAI-LINODE-AP Akamai Connected Cloud, SG)"
webmail.mailmonstruo.com,3,
mx1.tld-mx.com,3,"AS327979 (DIAMATRIX, ZA)"
mx2.agenturserver.de,3,"AS15817 (MITTWALD-AS Mittwald CM Service GmbH und Co. KG, DE)"
lax-us.mx.axel.lotto,3,"AS60117 (HS, AE)"
mail.meshmail.info,3,"AS14061 (DIGITALOCEAN-ASN - DigitalOcean, LLC, US)"
mx.antispams.com,3,"AS16276 (OVH, FR)"
mx1.hanami.run,3,"AS24940 (HETZNER-AS, DE)"
mx.1secmail.com,3,"AS16276 (OVH, FR)"
safari.mxrouting.net,3,"AS46261 (QUICKPACKET - QuickPacket, LLC, US)"
2.rack-host.net,3,"AS33724 (BIZNESSHOSTING-DBA-VOLICO - VOLICO, US)"
mx2.simplelogin.co,3,"AS62371 (PROTON, CH)"
mail.myriadmail.com,3,"AS25820 (IT7NET - IT7 Networks Inc, CA)"
sv62.ifastnet11.org,3,"AS34119 (WILDCARD-AS Wildcard UK Limited, GB)"
mx-mail.asoftware.net,3,"AS16509 (AMAZON-02 - Amazon.com, Inc., US)"
mail.azurien.cfd,3,"AS203446 (AS203446, GB)"
mxbiz2.qq.com,3,"AS132203 (TENCENT-NET-AP-CN Tencent Building, Kejizhongyi Avenue, CN)"
mx03.secure-mailgate.com,3,"AS45012 (CLOUDPIT, DE)"
mx1-us.emailsecurity.app,3,"AS8075 (MICROSOFT-CORP-MSN-AS-BLOCK - Microsoft Corporation, US)"
mxa-002a6b01.gslb.pphosted.com,3,"AS22843 (PROOFPOINT-ASN-US-EAST - Proofpoint, Inc., US)"
mx1.vixmalls.com,3,"AS63949 (AKAMAI-LINODE-AP Akamai Connected Cloud, SG)"
nomail.r01.ru,3,
mx1.daemonmail.net,3,"AS16509 (AMAZON-02 - Amazon.com, Inc., US)"
primary.us.email.fireeyecloud.com,3,"AS14618 (AMAZON-AES - Amazon.com, Inc., US)"
mx.soverin.net,3,"AS211993 (SOVERIN, NL)"
mailforward41.cloudns.net,3,"AS43350 (NFORCE, NL)"
eforward2.registrar-servers.com,3,"AS22612 (NAMECHEAP-NET - Namecheap, Inc., US)"
mail.lima-city.de,3,"AS47447 (TTM, DE)"
mail.biomails.com,3,"AS24940 (HETZNER-AS, DE)"
mail.0du.win,3,"AS35916 (MULTA-ASN1 - MULTACOM CORPORATION, US)"
server-1752099632.getmx.org,3,
mxin5.virginmedia.com,3,"AS6830 (LIBERTYGLOBAL Liberty Global formerly UPC Broadband Holding, aka AORTA, NL)"
mail.mailer-host.com,3,"AS213230 (HETZNER-CLOUD2-AS, DE)"
mx1.mijn.host,3,"AS3223 (VOXILITY, GB)"
mail.incognitomail.co,3,"AS14618 (AMAZON-AES - Amazon.com, Inc., US)"
li585-225.members.linode.com,3,"AS63949 (AKAMAI-LINODE-AP Akamai Connected Cloud, SG)"
mx.imatrixbase.com,3,"AS32491 (TUCOWS-3 - Tucows.com Co., CA)"
mx02.nicmail.ru,3,"AS48287 (RU-CENTER, RU)"
mxa-0015af01.gslb.pphosted.com,3,"AS22843 (PROOFPOINT-ASN-US-EAST - Proofpoint, Inc., US)"
mx1.mail.hostpoint.ch,3,"AS29097 (HOSTPOINT-AS, CH)"
mx1c25.carrierzone.com,3,"AS30447 (INFB2-AS - Internet Names For Business Inc., CA)"
us2.mx2.mailhostbox.com,3,"AS46606 (UNIFIEDLAYER-AS-1 - Unified Layer, US)"
mx.online.net,3,"AS12876 (Online SAS, FR)"
mail.mmoapi.shop,3,"AS209874 (TECHTIDE, PT)"
mail1.bb-online.co.uk,3,"AS20473 (AS-VULTR - The Constant Company, LLC, US)"
reject1.heluna.com,3,"AS14618 (AMAZON-AES - Amazon.com, Inc., US)"
mx186.mb1p.com,3,"AS14061 (DIGITALOCEAN-ASN - DigitalOcean, LLC, US)"
mxa-00176601.gslb.pphosted.com,3,"AS22843 (PROOFPOINT-ASN-US-EAST - Proofpoint, Inc., US)"
mxw.263.net,3,"AS14061 (DIGITALOCEAN-ASN - DigitalOcean, LLC, US)"
mx.rovixdropinbox.rovix.cloud,3,"AS36352 (AS-COLOCROSSING - HostPapa, US)"
mailforward1.cloudns.net,3,"AS205787 (PUBLICLOUD, BG)"
smtp-in.sfr.fr,3,"AS15557 (LDCOMNET --- I3Dnet ---, FR)"
mx1.hc2186-24.iphmx.com,3,
mx2.dreamhost.com,3,"AS26347 (DREAMHOST-AS - New Dream Network, LLC, US)"
smtp1-msp.securence.com,3,"AS10242 (USINTERNET - US Internet Corp, US)"
moose.mxrouting.net,3,"AS46261 (QUICKPACKET - QuickPacket, LLC, US)"
mx1.domain.temporable.com,3,"AS24940 (HETZNER-AS, DE)"
mail.costcosaletracker.com,3,"AS400587 (RYAMER - Ryamer, LLC, US)"
aero4.externalemail.com,3,"AS14061 (DIGITALOCEAN-ASN - DigitalOcean, LLC, US)"
mx.domainparking.de,3,"AS13335 (CLOUDFLARENET - Cloudflare, Inc., US)"
307bf9f3a985d730c266a40023b589d71c32d214,3,
mx.temporarymail.cc,3,"AS45102 (ALIBABA-CN-NET Alibaba US Technology Co., Ltd., CN)"
mail.spamdecoy.net,3,
mail.outlssk.com,3,"AS132203 (TENCENT-NET-AP-CN Tencent Building, Kejizhongyi Avenue, CN)"
blizzard.mxrouting.net,3,"AS46261 (QUICKPACKET - QuickPacket, LLC, US)"
mx.zoho.com.cn,3,AS9308 (CHINA-ABITCOOL AbitcoolChina Inc.)
mail.dispomail.xyz,3,"AS965 (WEBHOSTINGHOLDINGS - Webhosting Holdings LLC, US)"
mx3.r4l.com,3,"AS16276 (OVH, FR)"
mail.afraid.org,3,"AS36351 (SOFTLAYER - IBM Cloud, US)"
mxint01.1and1.com,3,"AS8560 (IONOS-AS This is the joint network for IONOS, Fasthosts, Arsys, 1&1 Mail and Media and 1&1 Telecom. Formerly known as 1&1 Internet SE., DE)"
mail.emziegz.com,3,"AS203446 (AS203446, GB)"
mx1c40.carrierzone.com,3,"AS30447 (INFB2-AS - Internet Names For Business Inc., CA)"
mx.rcn.com,3,"AS31898 (ORACLE-BMC-31898 - Oracle Corporation, US)"
mailserver.businessidentity.llc,3,"AS394456 (EPIK-LLC - Epik LLC, US)"
mx.serviciodecorreo.es,3,"AS8560 (IONOS-AS This is the joint network for IONOS, Fasthosts, Arsys, 1&1 Mail and Media and 1&1 Telecom. Formerly known as 1&1 Internet SE., DE)"
mx003.netsol.xion.oxcs.net,3,"AS16276 (OVH, FR)"
mail.fakeemail.net,3,"AS24940 (HETZNER-AS, DE)"
mx.ezyro.com,3,"AS34119 (WILDCARD-AS Wildcard UK Limited, GB)"
mail.skrimple.net,3,"AS212317 (HETZNER-CLOUD3-AS, DE)"
mx1.yunyou.top,3,"AS21859 (ZEN-ECN - Zenlayer Inc, US)"
mail.mailfastcoder.com,3,"AS35876 (VOLTNET-01 -03 - VoltNet inc, US)"
mx.runbox.com,3,"AS50304 (BLIX, NO)"
mail.suspended-domain.com,3,
smtp58.geico.com,3,"AS14450 (GEICO01 - GEICO, US)"
alt4.aspmx.l.google.com,3,"AS15169 (GOOGLE - Google LLC, US)"
mail.fvds.ru,3,"AS29182 (RU-JSCIOT, RU)"
mail16.serv00.com,3,"AS57367 (ECO-ATMAN-PL ECO-ATMAN-, PL)"
mx.kindamail.com,3,"AS14061 (DIGITALOCEAN-ASN - DigitalOcean, LLC, US)"
cloud.hostega.eu,3,"AS61272 (IST-AS, LT)"
mx.simply.com,3,"AS48854 (TEAM-BLUE-DENMARK, DK)"
mx.mailgw.com,3,"AS14618 (AMAZON-AES - Amazon.com, Inc., US)"
inmx.rambler.ru,3,"AS24638 (RAMBLER-TELECOM-AS, RU)"
mail.leveragers.xyz,3,"AS16509 (AMAZON-02 - Amazon.com, Inc., US)"
mx.zohomail.com,3,"AS2639 (ZOHO-AS - ZOHO, US)"
postamt.it.nrw.de,3,"AS43066 (IT-NRW, DE)"
mx002.bluehost.xion.oxcs.net,3,"AS29838 (AMC - Atlantic Metro Communications II, Inc., US)"
kim.kimhoangsieunhan.com,3,"AS20473 (AS-VULTR - The Constant Company, LLC, US)"
mxlb.ispgateway.de,3,"AS34011 (GD-EMEA-DC-CGN1, DE)"
mail.x-box.in,3,"AS47583 (AS-HOSTINGER, CY)"
crowdpress.it,3,"AS16509 (AMAZON-02 - Amazon.com, Inc., US)"
mx.paubox.com,3,"AS16509 (AMAZON-02 - Amazon.com, Inc., US)"
random-us-1.pinmx.com,3,"AS14061 (DIGITALOCEAN-ASN - DigitalOcean, LLC, US)"
mxa-0077b904.gslb.pphosted.com,3,"AS22843 (PROOFPOINT-ASN-US-EAST - Proofpoint, Inc., US)"
mail2.mailinator.com,3,"AS63949 (AKAMAI-LINODE-AP Akamai Connected Cloud, SG)"
mx01.xnote.us,3,"AS63949 (AKAMAI-LINODE-AP Akamai Connected Cloud, SG)"
mx3.qq.com,3,"AS132203 (TENCENT-NET-AP-CN Tencent Building, Kejizhongyi Avenue, CN)"
mx.mail.sohu.net,3,"AS4837 (CHINA169-BACKBONE CHINA UNICOM China169 Backbone, CN)"
mx2.pub.mailpod11-cph3.one.com,3,"AS51468 (ONECOM, DK)"
232.o74.org,3,"AS8560 (IONOS-AS This is the joint network for IONOS, Fasthosts, Arsys, 1&1 Mail and Media and 1&1 Telecom. Formerly known as 1&1 Internet SE., DE)"
mx1.spambox.us,3,
mail.svsrv.ru,3,"AS8359 (MTS, RU)"
mail.tempmail.net,3,"AS198203 (ASN-ROUTELABEL, NL)"
usmle.nl,2,
mail89.onamae.ne.jp,2,"AS7506 (INTERQ GMO Internet Group, Inc., JP)"
planthree.seihappy.com,2,"AS399195 (PEG-KR - PEG TECH INC, US)"
mx0a-00051b01.pphosted.com,2,"AS26211 (PROOFPOINT-ASN-US-WEST - Proofpoint, Inc., US)"
mx1.mailhop.us,2,"AS16509 (AMAZON-02 - Amazon.com, Inc., US)"
mail5.serv00.com,2,"AS57367 (ECO-ATMAN-PL ECO-ATMAN-, PL)"
plesk-server.folderz.nl,2,"AS208258 (ACCESS2IT Access2.IT Network, NL)"
mx.siteprotect.com,2,"AS18447 (AFFINITY-INTER - Ntirety, Inc., US)"
mx01.mailtechy.com,2,"AS16509 (AMAZON-02 - Amazon.com, Inc., US)"
london.mxroute.com,2,"AS49981 (WORLDSTREAM, NL)"
mail.dildoe.cfd,2,"AS58087 (FLORIANKOLB, DE)"
mx1.alastyr.com,2,"AS3188 (ALASTYR, TR)"
mail.juvanta.cfd,2,"AS203446 (AS203446, GB)"
mail.epiclink.net,2,"AS24940 (HETZNER-AS, DE)"
mx1.zenbox.pl,2,"AS31229 (PL-BEYOND-AS, PL)"
mail.aliasvault.net,2,"AS24940 (HETZNER-AS, DE)"
mx1.mijndomein.nl,2,"AS211993 (SOVERIN, NL)"
richardyee-mx-test.asanatest1.us,2,"AS16509 (AMAZON-02 - Amazon.com, Inc., US)"
mail.avc3.icu,2,"AS132203 (TENCENT-NET-AP-CN Tencent Building, Kejizhongyi Avenue, CN)"
188mx01.mxmail.netease.com,2,"AS45102 (ALIBABA-CN-NET Alibaba US Technology Co., Ltd., CN)"
antispam2.ihs.com.tr,2,"AS49126 (AS49126, TR)"
87.98.164.155,2,
mx1c45.carrierzone.com,2,"AS30447 (INFB2-AS - Internet Names For Business Inc., CA)"
server-207-244-255-85.da.direct,2,"AS40021 (CONTABO-40021 - Contabo Inc., US)"
email.1xp.fr,2,"AS16276 (OVH, FR)"
mx.all-harmless.domains,2,"AS396982 (GOOGLE-CLOUD-PLATFORM - Google LLC, US)"
mx364.umbler.com,2,"AS53057 (RedeHost Internet Ltda., BR)"
mta.21cn.com,2,"AS58466 (CT-GUANGZHOU-IDC CHINANET Guangdong province network, CN)"
mailgate1.isp-cosimo.de,2,"AS21413 (ENVIA-TEL-AS D-09114 Chemnitz, DE)"
redir.epik.com,2,"AS394456 (EPIK-LLC - Epik LLC, US)"
mx01.1and1.es,2,"AS8560 (IONOS-AS This is the joint network for IONOS, Fasthosts, Arsys, 1&1 Mail and Media and 1&1 Telecom. Formerly known as 1&1 Internet SE., DE)"
anonbox.net,2,"AS50472 (CHAOS-AS, DE)"
mail.sylentha.cfd,2,"AS203446 (AS203446, GB)"
mx2.zoho.com,2,"AS2639 (ZOHO-AS - ZOHO, US)"
mx002.register.xion.oxcs.net,2,"AS29838 (AMC - Atlantic Metro Communications II, Inc., US)"
mx3.pub.mailpod14-cph3.one.com,2,"AS51468 (ONECOM, DK)"
mx1.hostinger.lt,2,"AS13335 (CLOUDFLARENET - Cloudflare, Inc., US)"
mxa-0019e301.gslb.pphosted.com,2,"AS26211 (PROOFPOINT-ASN-US-WEST - Proofpoint, Inc., US)"
deadletter.directnic.com,2,
mail.neomails.com,2,"AS46475 (LIMESTONENETWORKS - Limestone Networks, Inc., US)"
mail.radinko.com,2,"AS47583 (AS-HOSTINGER, CY)"
box.zeromail.link,2,"AS24940 (HETZNER-AS, DE)"
wes1-mx1.wedos.net,2,"AS197019 (WEDOS, CZ)"
mx.agmail.smarshmail.com,2,"AS16406 (AS-INTERMEDIA - Intermedia.net, Inc., US)"
smtp-02.tld.t-online.de,2,"AS3320 (DTAG Internet service provider operations, DE)"
mxtls.expurgate.net,2,"AS29014 (SCALEUP, DE)"
mail.email4edu.com,2,"AS20738 (GD-EMEA-DC-LD5, GB)"
mail.brevionix.cfd,2,"AS203446 (AS203446, GB)"
mx1.mirohost.net,2,"AS25393 (MIROHOST, US)"
mx.bt.prod.cloud.openwave.ai,2,"AS31898 (ORACLE-BMC-31898 - Oracle Corporation, US)"
mx1.hostinger.com.ua,2,"AS13335 (CLOUDFLARENET - Cloudflare, Inc., US)"
mail.dhfmail.com,2,"AS174 (COGENT-174 - Cogent Communications, LLC, US)"
mx.dcentmail.com,2,"AS269800 (NTERCONEXION HN S.A, HN)"
mail.arcentra.cfd,2,"AS203446 (AS203446, GB)"
mx1.reg365.net,2,"AS8622 (ISIONUK Team Blue Internet Services UK Ltd, GB)"
mx.centurylink.net,2,"AS14618 (AMAZON-AES - Amazon.com, Inc., US)"
mx4.pub.mailpod12-cph3.one.com,2,"AS51468 (ONECOM, DK)"
mx1.arandomserver.com,2,"AS20068 (HAWKHOST - Hawk Host Inc., CA)"
mx.turkticaret.net,2,"AS197720 (TURKTICARET-AS1, TR)"
mail.gw.010101.org,2,"AS24940 (HETZNER-AS, DE)"
mail.clyvantis.cfd,2,"AS203446 (AS203446, GB)"
de-smtp-inbound-1.mimecast.com,2,"AS39588 (MIMECAST-DE, GB)"
mx00.ionos.mx,2,"AS8560 (IONOS-AS This is the joint network for IONOS, Fasthosts, Arsys, 1&1 Mail and Media and 1&1 Telecom. Formerly known as 1&1 Internet SE., DE)"
mx1.hostinger.pk,2,"AS13335 (CLOUDFLARENET - Cloudflare, Inc., US)"
mail.msmail.dev,2,"AS24940 (HETZNER-AS, DE)"
mail.emaildee.com,2,"AS13335 (CLOUDFLARENET - Cloudflare, Inc., US)"
mx3.pub.mailpod12-cph3.one.com,2,"AS51468 (ONECOM, DK)"
mx.transip.email,2,"AS20857 (TRANSIP-AS Amsterdam, the Netherlands, NL)"
mx01.ionos.mx,2,"AS8560 (IONOS-AS This is the joint network for IONOS, Fasthosts, Arsys, 1&1 Mail and Media and 1&1 Telecom. Formerly known as 1&1 Internet SE., DE)"
mxa-0000ec01.gslb.pphosted.com,2,"AS26211 (PROOFPOINT-ASN-US-WEST - Proofpoint, Inc., US)"
mx01.ionos.it,2,"AS8560 (IONOS-AS This is the joint network for IONOS, Fasthosts, Arsys, 1&1 Mail and Media and 1&1 Telecom. Formerly known as 1&1 Internet SE., DE)"
redbull.mxrouting.net,2,"AS46261 (QUICKPACKET - QuickPacket, LLC, US)"
mailfilter.domainorderdns.nl,2,"AS39704 (CJ2-AS, NL)"
akika-pl.mail.protection.outlook.com,2,"AS8075 (MICROSOFT-CORP-MSN-AS-BLOCK - Microsoft Corporation, US)"
missioninbox.outboxment.com,2,"AS20473 (AS-VULTR - The Constant Company, LLC, US)"
sl.monopato.com,2,"AS29066 (VELIANET-AS velia.net Internetdienste GmbH, DE)"
ca.loadip.com,2,"AS16276 (OVH, FR)"
mail.spam.observer,2,
mail.edumaili.com,2,"AS16276 (OVH, FR)"
mxa-004bf101.gslb.pphosted.com,2,"AS22843 (PROOFPOINT-ASN-US-EAST - Proofpoint, Inc., US)"
mail.mtempmail.com,2,"AS51167 (CONTABO, DE)"
mail.eldeninfo.xyz,2,"AS45102 (ALIBABA-CN-NET Alibaba US Technology Co., Ltd., CN)"
mxa-001bee01.gslb.pphosted.com,2,"AS22843 (PROOFPOINT-ASN-US-EAST - Proofpoint, Inc., US)"
m1.emailowl.com,2,"AS14061 (DIGITALOCEAN-ASN - DigitalOcean, LLC, US)"
fr.priyomail.net,2,"AS16276 (OVH, FR)"
mail.craventry.cfd,2,"AS203446 (AS203446, GB)"
mx2.pub.mailpod12-cph3.one.com,2,"AS51468 (ONECOM, DK)"
mail.shitmail.org,2,"AS16276 (OVH, FR)"
mail.imena.com.ua,2,"AS25393 (MIROHOST, US)"
mx.great-site.net,2,"AS34119 (WILDCARD-AS Wildcard UK Limited, GB)"
mxa-00206402.gslb.pphosted.com,2,"AS26211 (PROOFPOINT-ASN-US-WEST - Proofpoint, Inc., US)"
mx01.cloud.vadesecure.com,2,"AS12876 (Online SAS, FR)"
smtp-in0.prod0.webspace.bz,2,"AS48596 (INWX, DE)"
mx.mailtrap.monster,2,"AS16276 (OVH, FR)"
mail.tmbi.co.uk,2,"AS8560 (IONOS-AS This is the joint network for IONOS, Fasthosts, Arsys, 1&1 Mail and Media and 1&1 Telecom. Formerly known as 1&1 Internet SE., DE)"
mailstream-central.mxrecord.mx,2,"AS13335 (CLOUDFLARENET - Cloudflare, Inc., US)"
mx1.hostinger.mx,2,"AS13335 (CLOUDFLARENET - Cloudflare, Inc., US)"
mail.rediffmailpro.com,2,"AS38224 (REDIFF-AS Rediff.com India Limited, IN)"
srv4.unstablemail.com,2,"AS14061 (DIGITALOCEAN-ASN - DigitalOcean, LLC, US)"
mx.mytemp.email,2,"AS60118 (CYBERSMARTSOLUTIONS-AS, RO)"
m02.internetmailserver.net,2,"AS14415 (HOSTCOLLECTIVE - Host Collective, Inc., US)"
gfrault2.hostarmada.net,2,"AS16276 (OVH, FR)"
mx1.pub.mailpod11-cph3.one.com,2,"AS51468 (ONECOM, DK)"
mxb-000e5c18.gslb.pphosted.com,2,"AS22843 (PROOFPOINT-ASN-US-EAST - Proofpoint, Inc., US)"
mx-tnl.mail.saunalahti.fi,2,"AS719 (ELISA-AS ELISA OYJ, FI)"
mx-proxy501.heteml.jp,2,"AS7506 (INTERQ GMO Internet Group, Inc., JP)"
mx.mailwel.com,2,"AS14061 (DIGITALOCEAN-ASN - DigitalOcean, LLC, US)"
gmail-smtp-in.l.google.com,2,"AS15169 (GOOGLE - Google LLC, US)"
mail.elumetra.cfd,2,"AS203446 (AS203446, GB)"
mail.korsarfive.com,2,"AS42861 (FOTONTELECOM-TRANSIT-AS FOTONTELECOM ISP, RU)"
mail.xsandi.id,2,"AS133800 (IDNIC-BIZNETGIO-AS-ID PT Biznet Gio Nusantara, ID)"
mail.floopa.com,2,"AS24940 (HETZNER-AS, DE)"
relay1.netnames.net,2,"AS34922 (NETNAMES, GB)"
forward.yoursrs.com,2,"AS25151 (CYSO-AS, NL)"
mail.tempail.com.tr,2,"AS42846 (GUZELHOSTING GNET INTERNET TELEKOMUNIKASYON A.S., TR)"
mx.maximail.fyi,2,"AS24940 (HETZNER-AS, DE)"
mail.itempmails.com,2,"AS212531 (INTERNETO-VIZIJA, LT)"
west.smtp.mx.exch032.serverdata.net,2,"AS16406 (AS-INTERMEDIA - Intermedia.net, Inc., US)"
ghost.mxroute.com,2,"AS24940 (HETZNER-AS, DE)"
mxa-00a11501.gslb.pphosted.com,2,"AS22843 (PROOFPOINT-ASN-US-EAST - Proofpoint, Inc., US)"
mx.gwsberlin.de,2,"AS3320 (DTAG Internet service provider operations, DE)"
mx-01-eu-central-1.prod.hydra.sophos.com,2,"AS16509 (AMAZON-02 - Amazon.com, Inc., US)"
mx1.changeip.com,2,"AS18403 (FPT-AS-AP FPT Telecom Company, VN)"
mail.gwhc.net,2,"AS6327 (SHAW - Shaw Communications, CA)"
mail.voonoo.net,2,"AS24940 (HETZNER-AS, DE)"
tempemailer.org,2,"AS23352 (SERVERCENTRAL - DEFT.COM, US)"
mailser.temp-mail.gg,2,"AS51167 (CONTABO, DE)"
mx0.mail7.freehost.com.ua,2,"AS42331 (FREEHOST, UA)"
imap.tempemail.co,2,"AS211001 (TTR-GROUP, HK)"
mail.blyxen.org,2,"AS24940 (HETZNER-AS, DE)"
mx2-us1.ppe-hosted.com,2,"AS13916 (PROOFPOINT-UT7 - Proofpoint, Inc., US)"
mx-01-us-west-2.prod.hydra.sophos.com,2,"AS16509 (AMAZON-02 - Amazon.com, Inc., US)"
eforward6.registrar-servers.com,2,"AS22612 (NAMECHEAP-NET - Namecheap, Inc., US)"
mail.lvovs.com,2,"AS24940 (HETZNER-AS, DE)"
smtp01.tempermail.com,2,"AS14061 (DIGITALOCEAN-ASN - DigitalOcean, LLC, US)"
mailforward103.cloudns.net,2,"AS205787 (PUBLICLOUD, BG)"
mail.winandoffice.com,2,"AS22612 (NAMECHEAP-NET - Namecheap, Inc., US)"
gishpuppy.com,2,"AS45146 (RAJASA-AS-ID-AP PT. Raja Sepadan Abadi, ID)"
inbound.postmarkapp.com,2,"AS14618 (AMAZON-AES - Amazon.com, Inc., US)"
smtp1.lerelaisinternet.com,2,"AS8362 (245 Boulevard de Tournai, FR)"
mailsec.protonmail.ch,2,"AS62371 (PROTON, CH)"
inbound-smtp.eu-central-1.amazonaws.com,2,"AS16509 (AMAZON-02 - Amazon.com, Inc., US)"
us1.workspace.org,2,"AS965 (WEBHOSTINGHOLDINGS - Webhosting Holdings LLC, US)"
mailhost.spearphish.com,2,"AS16509 (AMAZON-02 - Amazon.com, Inc., US)"
gateway.cliffmail.com,2,"AS197540 (NETCUP-AS netcup GmbH, DE)"
mx8.name.com,2,"AS36351 (SOFTLAYER - IBM Cloud, US)"
primary.yourfilter.nl,2,"AS48635 (CLDIN-NL Your Hosting B.V. part of Your.Online, NL)"
atlas-cz-10mx2.eco-mx.cz,2,"AS43614 (ECONOMIA-, CZ)"
mail.kd2.org,2,"AS16276 (OVH, FR)"
mxwcom.263xmail.com,2,"AS63199 (CDSC-AS1 - CDS Global Cloud Co., Ltd, US)"
imsmx1.netvigator.com,2,"AS4760 (HKTIMS-AP HKT Limited, HK)"
inbound.mail.naiadsystems.com,2,"AS11608 (ATG-11608 - Accretive Networks, US)"
mxw.mxhichina.com,2,"AS45102 (ALIBABA-CN-NET Alibaba US Technology Co., Ltd., CN)"
safetymail.info,2,"AS63949 (AKAMAI-LINODE-AP Akamai Connected Cloud, SG)"
mta1.youcan.shop,2,"AS13335 (CLOUDFLARENET - Cloudflare, Inc., US)"
mxa-00496301.gslb.pphosted.com,2,"AS22843 (PROOFPOINT-ASN-US-EAST - Proofpoint, Inc., US)"
mail.gweb.hu,2,"AS16276 (OVH, FR)"
mx-in02.natrohost.com,2,"AS34619 (CIZGI, TR)"
nirvana.admins.ws,2,"AS29239 (I-NETPARTNER-AS, DE)"
freyja.panascais.email,2,"AS34549 (MEER-AS meerfarbig GmbH & Co. KG, DE)"
mail.love-your.mom,2,"AS44486 (SYNLINQ synlinq.de, DE)"
mx1.hostinger.co.id,2,"AS13335 (CLOUDFLARENET - Cloudflare, Inc., US)"
mail.nomorix.cfd,2,"AS203446 (AS203446, GB)"
mail.skyfalled.com,2,"AS214882 (ARENHOST Steven Gusti Hutama, ID)"
mtab.intel.com,2,"AS4983 (INTEL-SC-AS - Intel Corporation, US)"
mx1.netsolmail.net,2,"AS19871 (NETWORK-SOLUTIONS-HOSTING - Network Solutions, LLC, US)"
mx2.intuit.iphmx.com,2,"AS16417 (IRONPORT-SYSTEMS-INC - Cisco Systems Ironport Division, US)"
mail.getnede.com,2,"AS16509 (AMAZON-02 - Amazon.com, Inc., US)"
mail79.conoha.ne.jp,2,"AS7506 (INTERQ GMO Internet Group, Inc., JP)"
whatisakilowatt.com,2,"AS24940 (HETZNER-AS, DE)"
mail.mailinater.com,2,"AS63949 (AKAMAI-LINODE-AP Akamai Connected Cloud, SG)"
mail.mailper.com,2,"AS213230 (HETZNER-CLOUD2-AS, DE)"
niepodam.pl,2,"AS16276 (OVH, FR)"
mailsnails.com,2,"AS16276 (OVH, FR)"
mx1.mail4qa.com,2,"AS60068 (CDN77 _, GB)"
mail.smtpreply.com,2,"AS29028 (COMPUKOS-AS, NL)"
publicms3.mail2world.com,2,"AS17378 (AS17378 - TierPoint, LLC, US)"
mail.tempmailusa.com,2,"AS24940 (HETZNER-AS, DE)"
gulvmoppe.alphacron.de,2,"AS28748 (ALPHACRON-AS AlphaCron Datensysteme, DE)"
mx.maximail.vip,2,"AS24940 (HETZNER-AS, DE)"
mx.postbox.uno,2,"AS214996 (NETCUP, DE)"
mx0.ovh.net,2,"AS16276 (OVH, FR)"
mx001.register.xion.oxcs.net,2,"AS29838 (AMC - Atlantic Metro Communications II, Inc., US)"
email.tdbnet.it,2,"AS12874 (FASTWEB, IT)"
dhmx01.emig.gmx.net,2,"AS8560 (IONOS-AS This is the joint network for IONOS, Fasthosts, Arsys, 1&1 Mail and Media and 1&1 Telecom. Formerly known as 1&1 Internet SE., DE)"
in.arubabusiness.it,2,"AS31034 (ARUBA-ASN, IT)"
e.nm.ru,2,"AS42775 (DSRT-NET, GB)"
mx8.aftermarket.hosting,2,"AS48707 (AS48707-OPS-, PL)"
mailblinker.com,2,"AS47583 (AS-HOSTINGER, CY)"
smtp.mmosolution.org,2,"AS135932 (VNDATA-AS-VN Viet Storage Technology Joint Stock Company, VN)"
mx01.memail.com,2,"AS24940 (HETZNER-AS, DE)"
mx1.morganstanley.com,2,"AS5049 (MORGAN-ASN - Morgan Stanley Group Inc., US)"
mx1.tempmail.world,2,"AS214902 (PFWEBSOLUTIONS, DK)"
mail1.small.pl,2,"AS57367 (ECO-ATMAN-PL ECO-ATMAN-, PL)"
mail.muamail.net,2,"AS50131 (SPARTANHOST, GB)"
mx1.hostinger.fr,2,"AS13335 (CLOUDFLARENET - Cloudflare, Inc., US)"
mx.lsyx.me,2,"AS906 (DMIT - DMIT Cloud Services, US)"
mail.machineitservices.com,2,"AS16276 (OVH, FR)"
eu-smtp-inbound-2.mimecast.com,2,"AS42427 (MIMECAST-UK, GB)"
mail.openlandguide.xyz,2,"AS45102 (ALIBABA-CN-NET Alibaba US Technology Co., Ltd., CN)"
pacificlife.mail.protection.outlook.com,2,"AS8075 (MICROSOFT-CORP-MSN-AS-BLOCK - Microsoft Corporation, US)"
mx2.telenet-ops.be,2,"AS6848 (TELENET-AS, BE)"
mx2.hostinger.com,2,"AS13335 (CLOUDFLARENET - Cloudflare, Inc., US)"
mx.enmail.co,2,"AS52148 (ENIXLTD, GB)"
mumara.email,2,"AS400384 (HOSTINGS-HOUSE-US - Hostings House, US)"
redirect.ovh.net,2,"AS16276 (OVH, FR)"
mx2.hc2638-63.iphmx.com,2,"AS16417 (IRONPORT-SYSTEMS-INC - Cisco Systems Ironport Division, US)"
smtp-receiver.re146.dev,2,"AS24940 (HETZNER-AS, DE)"
mx.temp-mailfree.com,2,"AS8888 (XTOM xTom Pty Ltd, AU)"
mail.littlehostingcompany.com,2,"AS24940 (HETZNER-AS, DE)"
escml233z.pjc.com,2,"AS13839 (P1P3R - Piper Sandler Companies, US)"
nak-mail.de,2,"AS16276 (OVH, FR)"
mail.bccto.me,2,"AS63949 (AKAMAI-LINODE-AP Akamai Connected Cloud, SG)"
asl2.h-e-s.de,2,"AS3209 (VODANET International IP-Backbone of Vodafone, DE)"
nguyenngocanhtu.com,2,"AS135918 (DVS-AS-VN VIET DIGITAL TECHNOLOGY LIABILITY COMPANY, VN)"
mail.htom.online,2,"AS132203 (TENCENT-NET-AP-CN Tencent Building, Kejizhongyi Avenue, CN)"
mail.novyrix.cfd,2,"AS203446 (AS203446, GB)"
fwd1.hosts.co.uk,2,"AS8622 (ISIONUK Team Blue Internet Services UK Ltd, GB)"
au-smtp-inbound-1.mimecast.com,2,"AS136792 (MIMECAST-AS-AP Mimecast Australia Pty Ltd, AU)"
server-1762502973.cuiqiu.vip,2,"AS132203 (TENCENT-NET-AP-CN Tencent Building, Kejizhongyi Avenue, CN)"
mail.xcode.ro,2,"AS14061 (DIGITALOCEAN-ASN - DigitalOcean, LLC, US)"
mx.altice.prod.cloud.openwave.ai,2,"AS31898 (ORACLE-BMC-31898 - Oracle Corporation, US)"
mail.test1byali.cfd,2,"AS203446 (AS203446, GB)"
mx.targetbyte.com,2,"AS24940 (HETZNER-AS, DE)"
mail.nickstel.com,2,"AS213230 (HETZNER-CLOUD2-AS, DE)"
igw08.site4now.net,2,"AS46844 (SHARKTECH - Sharktech, US)"
pax.zz.de,2,"AS24940 (HETZNER-AS, DE)"
mx01.1and1.com,2,"AS8560 (IONOS-AS This is the joint network for IONOS, Fasthosts, Arsys, 1&1 Mail and Media and 1&1 Telecom. Formerly known as 1&1 Internet SE., DE)"
mx1.smtp.goog,2,"AS15169 (GOOGLE - Google LLC, US)"
smtp.tinyurl.com,2,
mx1.uu.me,2,"AS14618 (AMAZON-AES - Amazon.com, Inc., US)"
mail.priyomail.net,2,"AS24940 (HETZNER-AS, DE)"
mail.pronosoft.com,2,"AS6738 (DRI, FR)"
mx6.name.com,2,"AS36351 (SOFTLAYER - IBM Cloud, US)"
mail.smtp99.com,2,"AS63949 (AKAMAI-LINODE-AP Akamai Connected Cloud, SG)"
dcb4.patternemail.com,2,"AS14061 (DIGITALOCEAN-ASN - DigitalOcean, LLC, US)"
mxb.eu.mailgun.org,2,"AS396982 (GOOGLE-CLOUD-PLATFORM - Google LLC, US)"
mx1.evapmail.com,2,"AS16276 (OVH, FR)"
smtp.spamex.com,2,"AS14618 (AMAZON-AES - Amazon.com, Inc., US)"
mail.tempmail.com.tr,2,"AS42846 (GUZELHOSTING GNET INTERNET TELEKOMUNIKASYON A.S., TR)"
mrouterin.brutele.be,2,"AS12392 (ASVOO VOO S.A., BE)"
mx4.mailpod15-cph3.g1i.one.com,2,"AS51468 (ONECOM, DK)"
mail.tempmail.ch,2,"AS24940 (HETZNER-AS, DE)"
mail.tempmail.sk,2,"AS24940 (HETZNER-AS, DE)"
mail.tempmailled.com,2,"AS42846 (GUZELHOSTING GNET INTERNET TELEKOMUNIKASYON A.S., TR)"
mx.sendcloud.org,2,"AS23724 (CHINANET-IDC-BJ-AP IDC, China Telecommunications Corporation, CN)"
mx0.email,2,"AS51167 (CONTABO, DE)"
inbound.mx0.in,2,"AS14061 (DIGITALOCEAN-ASN - DigitalOcean, LLC, US)"
177.mailgw.de,2,"AS197540 (NETCUP-AS netcup GmbH, DE)"
mx001.dclux.xion.oxcs.net,2,"AS16276 (OVH, FR)"
mx.post-protect.org,2,"AS13977 (CTELCO - Fidium, US)"
mta7.am0.yahoodns.net,2,"AS26101 (YAHOO-BF1 - Yahoo Holdings Inc., US)"
mail.900k.es,1,"AS16276 (OVH, FR)"
mail.93re.com,1,"AS14061 (DIGITALOCEAN-ASN - DigitalOcean, LLC, US)"
mail.944.dog,1,"AS9009 (M247, RO)"
gmail-smtp-in.l.97gmail.com,1,"AS19318 (IS-AS-1 - Interserver, Inc, US)"
9899w.top,1,"AS45102 (ALIBABA-CN-NET Alibaba US Technology Co., Ltd., CN)"
99pubblicita.com,1,"AS47583 (AS-HOSTINGER, CY)"
mail.996.run.place,1,"AS16276 (OVH, FR)"
_dc-mx.25a89da950a8.999nudes.com,1,"AS209847 (THE, NL)"
mail.99marks.com,1,"AS63023 (AS-GLOBALTELEHOST - GTHost, US)"
mail.972198405.xyz,1,"AS51167 (CONTABO, DE)"
mail.93rus.myjino.ru,1,"AS8342 (RTCOMM-AS, RU)"
mail.972076222.xyz,1,"AS51167 (CONTABO, DE)"
mail.972076223.xyz,1,"AS51167 (CONTABO, DE)"
mail.972076221.xyz,1,"AS51167 (CONTABO, DE)"
mail.972076224.xyz,1,"AS51167 (CONTABO, DE)"
mail.972198403.xyz,1,"AS51167 (CONTABO, DE)"
mail.972198402.xyz,1,"AS51167 (CONTABO, DE)"
mail.972076225.xyz,1,"AS51167 (CONTABO, DE)"
mx.9oul.com,1,"AS14061 (DIGITALOCEAN-ASN - DigitalOcean, LLC, US)"
99alternatives.com,1,"AS5089 (NTL, GB)"
mx01.easyname.eu,1,"AS47692 (NESSUS, AT)"
mail.a99z.com,1,"AS40476 (SCALAHOSTING - Scala Hosting LLC, US)"
mail.a88i.fit,1,"AS22612 (NAMECHEAP-NET - Namecheap, Inc., US)"
mail.a348.cn,1,"AS132203 (TENCENT-NET-AP-CN Tencent Building, Kejizhongyi Avenue, CN)"
mail.aa.earnlivez.net,1,"AS24940 (HETZNER-AS, DE)"
mx.aaamail.online,1,"AS35916 (MULTA-ASN1 - MULTACOM CORPORATION, US)"
mail.aaddweb.com,1,"AS14061 (DIGITALOCEAN-ASN - DigitalOcean, LLC, US)"
mail.aallaa.org,1,"AS47583 (AS-HOSTINGER, CY)"
mx1.hc5440-32.iphmx.com,1,"AS16417 (IRONPORT-SYSTEMS-INC - Cisco Systems Ironport Division, US)"
aaronlittles-com.mail.protection.outlook.com,1,"AS8075 (MICROSOFT-CORP-MSN-AS-BLOCK - Microsoft Corporation, US)"
mx.aaronboydarts.com,1,"AS14061 (DIGITALOCEAN-ASN - DigitalOcean, LLC, US)"
mail.aaru-link.com,1,"AS931 (HYONIX - Hyonix, SG)"
mail.99email.xyz,1,"AS132203 (TENCENT-NET-AP-CN Tencent Building, Kejizhongyi Avenue, CN)"
mx1.9times.club,1,"AS200107 (KL-EXT, CH)"
a.lovepettoys.shop,1,"AS47583 (AS-HOSTINGER, CY)"
mail.a1b31.xyz,1,"AS399646 (DARTNODE - Snaju Development, US)"
mail.99v8.com,1,"AS40476 (SCALAHOSTING - Scala Hosting LLC, US)"
144.217.183.134,1,
mail.a-sound.ru,1,"AS210079 (EUROBYTE, RU)"
mail.a-b.co.za,1,"AS328037 (Elitehost, ZA)"
a1dp.com,1,"AS32475 (SINGLEHOP-LLC - Internap Holding LLC, US)"
a2zure-com.mail.protection.outlook.com,1,
mail.a2qp.com,1,"AS14061 (DIGITALOCEAN-ASN - DigitalOcean, LLC, US)"
mail.ab1.pl,1,"AS50599 (Autonomous System for Dataspace P.S.A., PL)"
mail.abbevimals.ru,1,"AS12586 (ASGHOSTNET, DE)"
abdataclassaction-com.mail.protection.outlook.com,1,"AS8075 (MICROSOFT-CORP-MSN-AS-BLOCK - Microsoft Corporation, US)"
mx.abcnetworkingu.pl,1,"AS14061 (DIGITALOCEAN-ASN - DigitalOcean, LLC, US)"
mail.abdomics.ru,1,"AS12586 (ASGHOSTNET, DE)"
mail.abecmalis.com,1,"AS12586 (ASGHOSTNET, DE)"
abmmscloud.mail.protection.outlook.com,1,"AS8075 (MICROSOFT-CORP-MSN-AS-BLOCK - Microsoft Corporation, US)"
mail.abode.com,1,"AS7922 (COMCAST-7922 - Comcast Cable Communications, LLC, US)"
mx.abonc.com,1,"AS14061 (DIGITALOCEAN-ASN - DigitalOcean, LLC, US)"
mail.aber.com,1,"AS63949 (AKAMAI-LINODE-AP Akamai Connected Cloud, SG)"
abogadomall-com.mail.protection.outlook.com,1,"AS8075 (MICROSOFT-CORP-MSN-AS-BLOCK - Microsoft Corporation, US)"
mail.abioolml.ru,1,"AS12586 (ASGHOSTNET, DE)"
abp-com.mail.protection.outlook.com,1,"AS8075 (MICROSOFT-CORP-MSN-AS-BLOCK - Microsoft Corporation, US)"
d250843a.ess.barracudanetworks.com,1,"AS16509 (AMAZON-02 - Amazon.com, Inc., US)"
abshc-com.mail.protection.outlook.com,1,"AS8075 (MICROSOFT-CORP-MSN-AS-BLOCK - Microsoft Corporation, US)"
mail.abomifml.com,1,"AS12586 (ASGHOSTNET, DE)"
mail.abifmail.ru,1,"AS12586 (ASGHOSTNET, DE)"
absolutecarefunerals.com,1,"AS20473 (AS-VULTR - The Constant Company, LLC, US)"
mail.absorptiml.ru,1,"AS12586 (ASGHOSTNET, DE)"
aboutfitness.net,1,"AS14061 (DIGITALOCEAN-ASN - DigitalOcean, LLC, US)"
mail.absorbemail.com,1,"AS12586 (ASGHOSTNET, DE)"
_dc-mx.1c0c16a30e01.acanadianpharmacy.com,1,"AS22612 (NAMECHEAP-NET - Namecheap, Inc., US)"
mx.abogadosybienesraices.com,1,"AS16509 (AMAZON-02 - Amazon.com, Inc., US)"
mail.acasabianca.com,1,"AS197712 (CDMON sistemes@cdmon.com, ES)"
accentri-com.mail.protection.outlook.com,1,"AS8075 (MICROSOFT-CORP-MSN-AS-BLOCK - Microsoft Corporation, US)"
mail.abysskl.ru,1,"AS12586 (ASGHOSTNET, DE)"
aboodbab.com,1,"AS47583 (AS-HOSTINGER, CY)"
acchroma-com.mail.protection.outlook.com,1,"AS8075 (MICROSOFT-CORP-MSN-AS-BLOCK - Microsoft Corporation, US)"
mail.accidenolml.ru,1,"AS12586 (ASGHOSTNET, DE)"
mail.acccmail.com,1,"AS12586 (ASGHOSTNET, DE)"
mail.accidenmail.ru,1,"AS12586 (ASGHOSTNET, DE)"
mail.accountabmail.ru,1,"AS12586 (ASGHOSTNET, DE)"
mail.accidentes.art,1,"AS46606 (UNIFIEDLAYER-AS-1 - Unified Layer, US)"
accent.home.pl,1,"AS12824 (HOMEPL-AS, PL)"
mail.acatali.com,1,"AS12586 (ASGHOSTNET, DE)"
academiccommunity.com,1,"AS398101 (GO-DADDY-COM-LLC - GoDaddy.com, LLC, US)"
mail.acadfml.ru,1,"AS12586 (ASGHOSTNET, DE)"
mail.accommodemail.ru,1,"AS12586 (ASGHOSTNET, DE)"
mail.accrementtomail.com,1,"AS12586 (ASGHOSTNET, DE)"
mail.accommodate.top,1,"AS16276 (OVH, FR)"
mail.academic.edu.rs,1,"AS16276 (OVH, FR)"
mail.accultura.ru,1,"AS12586 (ASGHOSTNET, DE)"
mail.acdcdcmail.com,1,"AS12586 (ASGHOSTNET, DE)"
mail.acarmails.ru,1,"AS12586 (ASGHOSTNET, DE)"
acgsearch-com.mail.protection.outlook.com,1,"AS8075 (MICROSOFT-CORP-MSN-AS-BLOCK - Microsoft Corporation, US)"
acexchange-com.mail.protection.outlook.com,1,"AS8075 (MICROSOFT-CORP-MSN-AS-BLOCK - Microsoft Corporation, US)"
mail.acetolml.ru,1,"AS12586 (ASGHOSTNET, DE)"
dalult3.hostarmada.net,1,"AS63949 (AKAMAI-LINODE-AP Akamai Connected Cloud, SG)"
mail.acetylcholininf.com,1,"AS12586 (ASGHOSTNET, DE)"
abo-free.fr.nf,1,"AS16276 (OVH, FR)"
mail.acemail.info,1,"AS47583 (AS-HOSTINGER, CY)"
acipower-com.mail.protection.outlook.com,1,"AS8075 (MICROSOFT-CORP-MSN-AS-BLOCK - Microsoft Corporation, US)"
mail.achieva.ru,1,"AS12586 (ASGHOSTNET, DE)"
mail.hooverboe.com,1,"AS24940 (HETZNER-AS, DE)"
mail.absorbenty.pl,1,"AS50840 (AS-HITME, PL)"
mail.acidimail.ru,1,"AS12586 (ASGHOSTNET, DE)"
mail.acidimail.com,1,"AS12586 (ASGHOSTNET, DE)"
mail.acetylcholinesmy.com,1,"AS12586 (ASGHOSTNET, DE)"
amide.acnatu.com,1,"AS16276 (OVH, FR)"
acne-com.mail.protection.outlook.com,1,"AS8075 (MICROSOFT-CORP-MSN-AS-BLOCK - Microsoft Corporation, US)"
ac-malin.fr.nf,1,"AS16276 (OVH, FR)"
mx.acnonline.com,1,"AS29873 (BIZLAND-SD - Newfold Digital, Inc., US)"
acli-com.mail.protection.outlook.com,1,"AS8075 (MICROSOFT-CORP-MSN-AS-BLOCK - Microsoft Corporation, US)"
mail.achromml.ru,1,"AS12586 (ASGHOSTNET, DE)"
mail.achromaemail.ru,1,"AS12586 (ASGHOSTNET, DE)"
acornsbristol.com,1,"AS34931 (AWARESOFT, GB)"
acornautism-com.mail.protection.outlook.com,1,"AS8075 (MICROSOFT-CORP-MSN-AS-BLOCK - Microsoft Corporation, US)"
mail.acipensermail.ru,1,"AS12586 (ASGHOSTNET, DE)"
mail.redrool.com,1,"AS203020 (HOSTROYALE, IN)"
mail.acromiohli.com,1,"AS12586 (ASGHOSTNET, DE)"
mail.acoustoeml.ru,1,"AS12586 (ASGHOSTNET, DE)"
mail.acronymemi.com,1,"AS12586 (ASGHOSTNET, DE)"
mail.acropaml.ru,1,"AS12586 (ASGHOSTNET, DE)"
mail.activationn.com,1,"AS24940 (HETZNER-AS, DE)"
mail.acroscmail.ru,1,"AS12586 (ASGHOSTNET, DE)"
colo1.acrewgame.com,1,"AS14061 (DIGITALOCEAN-ASN - DigitalOcean, LLC, US)"
action1-com.mail.protection.outlook.com,1,"AS8075 (MICROSOFT-CORP-MSN-AS-BLOCK - Microsoft Corporation, US)"
mail.acidimemails.ru,1,"AS12586 (ASGHOSTNET, DE)"
mail.acrofkml.com,1,"AS12586 (ASGHOSTNET, DE)"
mail.acromonomail.com,1,"AS12586 (ASGHOSTNET, DE)"
mail.acrothoemi.com,1,"AS12586 (ASGHOSTNET, DE)"
mail.acrodermamail.ru,1,"AS12586 (ASGHOSTNET, DE)"
mail.actinomofmail.ru,1,"AS12586 (ASGHOSTNET, DE)"
mail.acroparemail.com,1,"AS12586 (ASGHOSTNET, DE)"
mail.acromimail.com,1,"AS12586 (ASGHOSTNET, DE)"
mail.actinfml.com,1,"AS12586 (ASGHOSTNET, DE)"
acquirmail.com,1,"AS213702 (QWINS-LTD QWINS AS-SET: ~ # AS213702:AS-CUSTOMERS, GB)"
mail.actimalary.ru,1,"AS12586 (ASGHOSTNET, DE)"
mail.acetylcholgh.ru,1,"AS12586 (ASGHOSTNET, DE)"
adamandeve.co.uk,1,
actarus.infos.st,1,"AS16276 (OVH, FR)"
mail.adaptix.cloud,1,"AS29802 (HVC-AS - HIVELOCITY, Inc., US)"
mail.adamanmail.com,1,"AS12586 (ASGHOSTNET, DE)"
mail.adamantoblli.com,1,"AS12586 (ASGHOSTNET, DE)"
_dc-mx.9e10927d5d9a.adaromania.com,1,"AS51167 (CONTABO, DE)"
mx1.adamastore.co,1,"AS200107 (KL-EXT, CH)"
mx.adaraluxury.com,1,"AS31034 (ARUBA-ASN, IT)"
mx.b.locaweb.com.br,1,"AS27715 (Locaweb Servicos de Internet SA, BR)"
mailstore1.addcious.com,1,"AS14061 (DIGITALOCEAN-ASN - DigitalOcean, LLC, US)"
mail.adeany.com,1,"AS14061 (DIGITALOCEAN-ASN - DigitalOcean, LLC, US)"
mail.adenemail.ru,1,"AS12586 (ASGHOSTNET, DE)"
mail.adenocmail.ru,1,"AS12586 (ASGHOSTNET, DE)"
mail.adenocmail.com,1,"AS12586 (ASGHOSTNET, DE)"
mail.adenohypli.com,1,"AS12586 (ASGHOSTNET, DE)"
addyoubooks.com,1,"AS20857 (TRANSIP-AS Amsterdam, the Netherlands, NL)"
adelaidecasino-com-au.mail.protection.outlook.com,1,"AS8075 (MICROSOFT-CORP-MSN-AS-BLOCK - Microsoft Corporation, US)"
mail.adenoidectmail.ru,1,"AS12586 (ASGHOSTNET, DE)"
mail.addique.com,1,"AS24940 (HETZNER-AS, DE)"
mail.adenorsmail.ru,1,"AS12586 (ASGHOSTNET, DE)"
fm01.absys-online.fr,1,"AS198682 (NETIWAN-AS, FR)"
mail.adip.com,1,"AS8560 (IONOS-AS This is the joint network for IONOS, Fasthosts, Arsys, 1&1 Mail and Media and 1&1 Telecom. Formerly known as 1&1 Internet SE., DE)"
adiq-eu.mail.protection.outlook.com,1,"AS8075 (MICROSOFT-CORP-MSN-AS-BLOCK - Microsoft Corporation, US)"
mail.adiathfmals.com,1,"AS12586 (ASGHOSTNET, DE)"
admail.online,1,"AS14061 (DIGITALOCEAN-ASN - DigitalOcean, LLC, US)"
mail.adjudmail.ru,1,"AS12586 (ASGHOSTNET, DE)"
admin4cloud-net.mail.protection.outlook.com,1,
adm-com.mail.protection.outlook.com,1,"AS8075 (MICROSOFT-CORP-MSN-AS-BLOCK - Microsoft Corporation, US)"
mail.adjustmail.com,1,"AS12586 (ASGHOSTNET, DE)"
mail.admint.club,1,"AS16276 (OVH, FR)"
mail.admifml.com,1,"AS12586 (ASGHOSTNET, DE)"
mx2.adipex7z.com,1,"AS200107 (KL-EXT, CH)"
mail.adminis.ru,1,"AS12586 (ASGHOSTNET, DE)"
mail.admiration.site,1,"AS212477 (ROYALE-AS, NL)"
mail.administramail.ru,1,"AS12586 (ASGHOSTNET, DE)"
adobe-com.mail.protection.outlook.com,1,"AS8075 (MICROSOFT-CORP-MSN-AS-BLOCK - Microsoft Corporation, US)"
mail.administraemail.ru,1,"AS12586 (ASGHOSTNET, DE)"
mail.admirelimo.com,1,"AS46606 (UNIFIEDLAYER-AS-1 - Unified Layer, US)"
mail.administramails.ru,1,"AS12586 (ASGHOSTNET, DE)"
mail.admintoplist.com,1,"AS51167 (CONTABO, DE)"
adobg.com,1,"AS46606 (UNIFIEDLAYER-AS-1 - Unified Layer, US)"
vidar.edeinternet.net,1,"AS16509 (AMAZON-02 - Amazon.com, Inc., US)"
adobz-com.mail.protection.outlook.com,1,"AS8075 (MICROSOFT-CORP-MSN-AS-BLOCK - Microsoft Corporation, US)"
adobe8.com,1,"AS26337 (OIS1 - Oso Grande IP Services, LLC, US)"
adoropet-com.mail.protection.outlook.com,1,"AS8075 (MICROSOFT-CORP-MSN-AS-BLOCK - Microsoft Corporation, US)"
adolfhitlerspeeches.com,1,"AS46606 (UNIFIEDLAYER-AS-1 - Unified Layer, US)"
mail.admonishebml.ru,1,"AS12586 (ASGHOSTNET, DE)"
mail.adpi.com,1,"AS55293 (A2HOSTING - A2 Hosting, Inc., US)"
mxa-0006eb01.gslb.pphosted.com,1,"AS26211 (PROOFPOINT-ASN-US-WEST - Proofpoint, Inc., US)"
adoptioncrossroads-org.mail.protection.outlook.com,1,"AS8075 (MICROSOFT-CORP-MSN-AS-BLOCK - Microsoft Corporation, US)"
mail.adone.com,1,"AS60781 (LEASEWEB-NL-AMS-01 Netherlands, NL)"
adobe6.com,1,"AS214036 (ULTAHOST-AS, US)"
adpt-com.mail.protection.outlook.com,1,"AS8075 (MICROSOFT-CORP-MSN-AS-BLOCK - Microsoft Corporation, US)"
mail.adolescjmail.ru,1,"AS12586 (ASGHOSTNET, DE)"
adpo-com.mail.protection.outlook.com,1,"AS8075 (MICROSOFT-CORP-MSN-AS-BLOCK - Microsoft Corporation, US)"
mx2.pub.mailpod9-cph3.one.com,1,"AS51468 (ONECOM, DK)"
adofe.com,1,"AS16276 (OVH, FR)"
adt-com.mail.protection.outlook.com,1,"AS8075 (MICROSOFT-CORP-MSN-AS-BLOCK - Microsoft Corporation, US)"
adresse.infos.st,1,"AS16276 (OVH, FR)"
mail.adrenocortmail.com,1,"AS12586 (ASGHOSTNET, DE)"
mxb-0032c001.gslb.pphosted.com,1,"AS26211 (PROOFPOINT-ASN-US-WEST - Proofpoint, Inc., US)"
mail.adsorbabfmals.com,1,"AS12586 (ASGHOSTNET, DE)"
mail.adulfmals.com,1,"AS12586 (ASGHOSTNET, DE)"
adresse.biz.st,1,"AS16276 (OVH, FR)"
mail.adulttoys.com,1,"AS20001 (TWC-20001-PACWEST - Charter Communications Inc, US)"
mail.advantagebussines.online,1,"AS203446 (AS203446, GB)"
advanceclean-co-nz.mail.protection.outlook.com,1,"AS8075 (MICROSOFT-CORP-MSN-AS-BLOCK - Microsoft Corporation, US)"
mail.advgamer.cc,1,"AS45102 (ALIBABA-CN-NET Alibaba US Technology Co., Ltd., CN)"
mail.laivue.com,1,"AS24940 (HETZNER-AS, DE)"
adobo.com,1,"AS47846 (SEDO-AS, DE)"
mail.advitise.com,1,"AS14061 (DIGITALOCEAN-ASN - DigitalOcean, LLC, US)"
gator4259.hostgator.com,1,"AS19871 (NETWORK-SOLUTIONS-HOSTING - Network Solutions, LLC, US)"
mail.adsignifmail.com,1,"AS197695 (AS-REG, RU)"
mx.adzillastudio.com,1,"AS14061 (DIGITALOCEAN-ASN - DigitalOcean, LLC, US)"
mail.aceomail.com,1,"AS12586 (ASGHOSTNET, DE)"
aeai.com,1,"AS31898 (ORACLE-BMC-31898 - Oracle Corporation, US)"
acgmetals-com.mail.protection.outlook.com,1,"AS8075 (MICROSOFT-CORP-MSN-AS-BLOCK - Microsoft Corporation, US)"
aedp-com.mail.protection.outlook.com,1,"AS8075 (MICROSOFT-CORP-MSN-AS-BLOCK - Microsoft Corporation, US)"
mx-postz5r4.adviseity.com,1,"AS14061 (DIGITALOCEAN-ASN - DigitalOcean, LLC, US)"
mxa-00102601.gslb.pphosted.com,1,"AS26211 (PROOFPOINT-ASN-US-WEST - Proofpoint, Inc., US)"
mail.acetoamail.ru,1,"AS12586 (ASGHOSTNET, DE)"
adxp-com.mail.protection.outlook.com,1,"AS8075 (MICROSOFT-CORP-MSN-AS-BLOCK - Microsoft Corporation, US)"
acetylcholinmail.com,1,"AS213702 (QWINS-LTD QWINS AS-SET: ~ # AS213702:AS-CUSTOMERS, GB)"
advancedequinedentistry.com,1,"AS38623 (VIETTELCAMBODIA-AS-AP ISPIXP IN CAMBODIA WITH THE BEST VERVICE IN THERE., KH)"
aefna-com.mail.protection.outlook.com,1,"AS8075 (MICROSOFT-CORP-MSN-AS-BLOCK - Microsoft Corporation, US)"
_dc-mx.4735341d96c9.aegis-conference.eu,1,"AS205275 (ROMARG, RO)"
mail.aerezzje.xyz,1,"AS24940 (HETZNER-AS, DE)"
mxb-0006a701.gslb.pphosted.com,1,"AS22843 (PROOFPOINT-ASN-US-EAST - Proofpoint, Inc., US)"
mail.acipensemail.ru,1,"AS12586 (ASGHOSTNET, DE)"
aelp-com.mail.protection.outlook.com,1,"AS8075 (MICROSOFT-CORP-MSN-AS-BLOCK - Microsoft Corporation, US)"
mail.aerobicservice.com,1,"AS19871 (NETWORK-SOLUTIONS-HOSTING - Network Solutions, LLC, US)"
mail.aeryn.shop,1,"AS51167 (CONTABO, DE)"
advair-coupons.com,1,"AS37907 (DIGIROCK DigiRock, Inc., JP)"
mail.aeroemmale.com,1,"AS12586 (ASGHOSTNET, DE)"
mail.aetheron.cfd,1,"AS203446 (AS203446, GB)"
mail.aethermails.com,1,"AS47583 (AS-HOSTINGER, CY)"
mail.aeroxboy.com,1,"AS47583 (AS-HOSTINGER, CY)"
mail.aerosinfl.com,1,"AS12586 (ASGHOSTNET, DE)"
mail.aerotheramail.com,1,"AS12586 (ASGHOSTNET, DE)"
mail.aerotonoli.ru,1,"AS12586 (ASGHOSTNET, DE)"
mail.aerotherapmail.ru,1,"AS12586 (ASGHOSTNET, DE)"
aetnadentaloffers-com.mail.protection.outlook.com,1,"AS8075 (MICROSOFT-CORP-MSN-AS-BLOCK - Microsoft Corporation, US)"
usa.mx1.mailanyone.net,1,"AS16509 (AMAZON-02 - Amazon.com, Inc., US)"
acllp.com.mx1.fusemail.net,1,"AS16509 (AMAZON-02 - Amazon.com, Inc., US)"
mail.actinometruby.ru,1,"AS12586 (ASGHOSTNET, DE)"
acton-plumber-w3.co.uk,1,"AS42831 (UKSERVERS-AS UK Dedicated Servers, Hosting and Co-Location, GB)"
adamarket.my.id,1,"AS136052 (IDNIC-IDCLOUDHOST-AS-ID PT Cloud Hosting Indonesia, ID)"
mail.affairmail.com,1,"AS12586 (ASGHOSTNET, DE)"
afglca-com0i.mail.protection.outlook.com,1,"AS8075 (MICROSOFT-CORP-MSN-AS-BLOCK - Microsoft Corporation, US)"
mxa-001f5701.gslb.pphosted.com,1,"AS22843 (PROOFPOINT-ASN-US-EAST - Proofpoint, Inc., US)"
a937749.mx.mailhop.org,1,"AS16509 (AMAZON-02 - Amazon.com, Inc., US)"
mx.afremails.com,1,"AS14061 (DIGITALOCEAN-ASN - DigitalOcean, LLC, US)"
mail1.aeta-audio.com,1,"AS5410 (BOUYGTEL-ISP, FR)"
mail.afmail.com,1,"AS13037 (ZEN-AS Zen Internet - UK, GB)"
smtp.sendfiend.com,1,"AS44381 (ITSJEFEN-AS, NO)"
afternic-com.mail.protection.outlook.com,1,"AS8075 (MICROSOFT-CORP-MSN-AS-BLOCK - Microsoft Corporation, US)"
mx2.affricca.com,1,"AS200107 (KL-EXT, CH)"
affcats.com,1,"AS146943 (TIER4CLOU-AS Tier 4 Cloud Services, IN)"
afun-com.mail.protection.outlook.com,1,"AS8075 (MICROSOFT-CORP-MSN-AS-BLOCK - Microsoft Corporation, US)"
mx.afunthingtodo.com,1,"AS29873 (BIZLAND-SD - Newfold Digital, Inc., US)"
mail.agammaglobulifmail.ru,1,"AS12586 (ASGHOSTNET, DE)"
mail.agathokamail.com,1,"AS12586 (ASGHOSTNET, DE)"
mail.agamogeninf.com,1,"AS12586 (ASGHOSTNET, DE)"
afw.fr.nf,1,"AS16276 (OVH, FR)"
aghayeseo.com,1,"AS51026 (MOBINHOSTINFRASTRUCTURE, IR)"
mail.agglutinmail.ru,1,"AS12586 (ASGHOSTNET, DE)"
agentoto4d.org,1,"AS21859 (ZEN-ECN - Zenlayer Inc, US)"
mail.agp.edu.pl,1,"AS16276 (OVH, FR)"
mail.agonirsmail.ru,1,"AS12586 (ASGHOSTNET, DE)"
mail.agricultumail.ru,1,"AS12586 (ASGHOSTNET, DE)"
agpb-com.mail.protection.outlook.com,1,"AS8075 (MICROSOFT-CORP-MSN-AS-BLOCK - Microsoft Corporation, US)"
mail.agribusinruby.ru,1,"AS12586 (ASGHOSTNET, DE)"
mail.agricultuolml.ru,1,"AS12586 (ASGHOSTNET, DE)"
mail.agrogeomail.com,1,"AS12586 (ASGHOSTNET, DE)"
agsmechanicalinc-com.mail.protection.outlook.com,1,"AS8075 (MICROSOFT-CORP-MSN-AS-BLOCK - Microsoft Corporation, US)"
agridaya.com,1,"AS58487 (CRI-AS-AP CV. Rumahweb Indonesia, ID)"
mail.agrmails.ru,1,"AS12586 (ASGHOSTNET, DE)"
aha-video.mail.protection.outlook.com,1,"AS8075 (MICROSOFT-CORP-MSN-AS-BLOCK - Microsoft Corporation, US)"
mail.actinoptolml.ru,1,
mail.agrostogrmails.ru,1,"AS12586 (ASGHOSTNET, DE)"
mail.actrses.com,1,
mail.acuntco.com,1,
mail.acucre.com,1,
mx1-eu.emailsecurity.app,1,"AS8075 (MICROSOFT-CORP-MSN-AS-BLOCK - Microsoft Corporation, US)"
m-13b.th.seeweb.it,1,
mail.agyemail.ru,1,"AS12586 (ASGHOSTNET, DE)"
mailhost.adacautomotive.com,1,
mail.agrovideo.com.br,1,"AS16276 (OVH, FR)"
ahc-com.mail.protection.outlook.com,1,"AS8075 (MICROSOFT-CORP-MSN-AS-BLOCK - Microsoft Corporation, US)"
ahene.com,1,"AS32244 (LIQUIDWEB - Liquid Web, L.L.C, US)"
mx.ahihimail.com,1,"AS7393 (CYBERCON - CYBERCON, INC., US)"
ahmm-co-uk.mail.protection.outlook.com,1,"AS8075 (MICROSOFT-CORP-MSN-AS-BLOCK - Microsoft Corporation, US)"
mail.ahrefto.site,1,"AS198610 (BEGET-AS, RU)"
_dc-mx.21f271ee0cae.ai2111.com,1,"AS7393 (CYBERCON - CYBERCON, INC., US)"
mx.ai-rbnb.com,1,"AS29873 (BIZLAND-SD - Newfold Digital, Inc., US)"
aibnb-com.mail.protection.outlook.com,1,"AS8075 (MICROSOFT-CORP-MSN-AS-BLOCK - Microsoft Corporation, US)"
mail.ahouse.top,1,"AS24940 (HETZNER-AS, DE)"
aieen.com,1,"AS51167 (CONTABO, DE)"
aidweightloss.co.uk,1,"AS20473 (AS-VULTR - The Constant Company, LLC, US)"
mail.aichmopmail.ru,1,"AS12586 (ASGHOSTNET, DE)"
mx1.aikq.de,1,"AS60294 (DE-DGW Deutsche Glasfaser Wholesale Internet, DE)"
1aspmx.l.google.com,1,
aifreetoolz.com,1,"AS24940 (HETZNER-AS, DE)"
aena-com.mail.protection.outlook.com,1,"AS8075 (MICROSOFT-CORP-MSN-AS-BLOCK - Microsoft Corporation, US)"
aetn-com.mail.protection.outlook.com,1,"AS8075 (MICROSOFT-CORP-MSN-AS-BLOCK - Microsoft Corporation, US)"
addy.thatxtreme.dev,1,"AS16276 (OVH, FR)"
mail.aetiinf.com,1,"AS12586 (ASGHOSTNET, DE)"
mail.ai-report.ru,1,"AS57494 (ADMAN-AS, RU)"
emailfwd.airbnbz.com,1,"AS16276 (OVH, FR)"
aircapitol-net.mail.protection.outlook.com,1,"AS8075 (MICROSOFT-CORP-MSN-AS-BLOCK - Microsoft Corporation, US)"
ailocal.ro,1,"AS56654 (AS56654, RO)"
mx6.aircargomax.us,1,
mx0.airecipebox.com,1,"AS34011 (GD-EMEA-DC-CGN1, DE)"
w01fe010.kasserver.com,1,"AS34788 (NMM-AS D - 02742 Friedersdorf Hauptstrasse 68, DE)"
mx6.airjordanoutletclub.us,1,
mail.afisha.biz.ua,1,
mail.airmailbox.website,1,"AS14061 (DIGITALOCEAN-ASN - DigitalOcean, LLC, US)"
mail.airmaiil.com,1,"AS12586 (ASGHOSTNET, DE)"
airsmtp.com,1,"AS7506 (INTERQ GMO Internet Group, Inc., JP)"
airsuspension-com.mail.protection.outlook.com,1,"AS8075 (MICROSOFT-CORP-MSN-AS-BLOCK - Microsoft Corporation, US)"
airtalkwireless-com.mail.eo.outlook.com,1,"AS8075 (MICROSOFT-CORP-MSN-AS-BLOCK - Microsoft Corporation, US)"
airsi-de.mail.protection.outlook.com,1,"AS8075 (MICROSOFT-CORP-MSN-AS-BLOCK - Microsoft Corporation, US)"
mail.00two.shop,1,"AS16276 (OVH, FR)"
mail.airxr.ru,1,"AS56577 (ASRELINK, RU)"
mail.aitechwala.site,1,"AS19318 (IS-AS-1 - Interserver, Inc, US)"
mail.aituvip.com,1,"AS14061 (DIGITALOCEAN-ASN - DigitalOcean, LLC, US)"
mail.aitmofml.ru,1,"AS12586 (ASGHOSTNET, DE)"
aiwritingmeta-com.mail.protection.outlook.com,1,"AS8075 (MICROSOFT-CORP-MSN-AS-BLOCK - Microsoft Corporation, US)"
mail.aixnv.com,1,"AS14061 (DIGITALOCEAN-ASN - DigitalOcean, LLC, US)"
mail.aitolml.ru,1,"AS12586 (ASGHOSTNET, DE)"
mail.aixne.com,1,"AS14061 (DIGITALOCEAN-ASN - DigitalOcean, LLC, US)"
mail.ajaxgptai.com,1,"AS14061 (DIGITALOCEAN-ASN - DigitalOcean, LLC, US)"
mail.agrifinance.org,1,"AS37061 (Safaricom, KE)"
01p-co-jp.mail.protection.outlook.com,1,"AS8075 (MICROSOFT-CORP-MSN-AS-BLOCK - Microsoft Corporation, US)"
ajg-com.mail.protection.outlook.com,1,"AS8075 (MICROSOFT-CORP-MSN-AS-BLOCK - Microsoft Corporation, US)"
mail.ajeeb.email,1,"AS12876 (Online SAS, FR)"
mail.aimserv.com,1,"AS24589 (TELENETSIA-AS Telenet AUT-NUM peering specification object, LV)"
mail.agoranews.top,1,"AS16276 (OVH, FR)"
cname.chacuo.net,1,"AS37963 (ALIBABA-CN-NET Hangzhou Alibaba Advertising Co.,Ltd., CN)"
ajmail.com.1.0001.arsmtp.com,1,"AS53780 (AS-APPRIVER - APPRIVER LLC, US)"
mmx0.mail.ovh.net,1,
mx2.0662dq.com,1,"AS200107 (KL-EXT, CH)"
_dc-mx.b215ef89999d.akara-ise.com,1,"AS56067 (METRABYTE-TH 453 Ladplacout Jorakhaebua, TH)"
mail.akdip.com,1,"AS14061 (DIGITALOCEAN-ASN - DigitalOcean, LLC, US)"
mail.ailicke.com,1,"AS14061 (DIGITALOCEAN-ASN - DigitalOcean, LLC, US)"
hunterslaptop.0box.net,1,"AS8560 (IONOS-AS This is the joint network for IONOS, Fasthosts, Arsys, 1&1 Mail and Media and 1&1 Telecom. Formerly known as 1&1 Internet SE., DE)"
mail.aicraft.agency,1,"AS29182 (RU-JSCIOT, RU)"
mxs.ht-systems.ru,1,"AS12616 (HOSTING-MSK, RU)"
air.com,1,"AS19318 (IS-AS-1 - Interserver, Inc, US)"
mail.0hdear.com,1,"AS47583 (AS-HOSTINGER, CY)"
akugu.com,1,"AS7506 (INTERQ GMO Internet Group, Inc., JP)"
mx1.hostinger.web.tr,1,"AS13335 (CLOUDFLARENET - Cloudflare, Inc., US)"
akamail.com,1,"AS55293 (A2HOSTING - A2 Hosting, Inc., US)"
mx1.0clock.org,1,"AS200107 (KL-EXT, CH)"
mx6.emailowl.com,1,"AS20473 (AS-VULTR - The Constant Company, LLC, US)"
mx.0kn.tech,1,"AS29802 (HVC-AS - HIVELOCITY, Inc., US)"
pmx1.afp.com,1,"AS10806 (AFP-NET - AGENCE FRANCE PRESSE, US)"
alack-com.mail.protection.outlook.com,1,"AS8075 (MICROSOFT-CORP-MSN-AS-BLOCK - Microsoft Corporation, US)"
alarmsysteem-online.mail.protection.outlook.com,1,"AS8075 (MICROSOFT-CORP-MSN-AS-BLOCK - Microsoft Corporation, US)"
alaskaair-com.mail.protection.outlook.com,1,"AS8075 (MICROSOFT-CORP-MSN-AS-BLOCK - Microsoft Corporation, US)"
p.0ut.online,1,"AS401696 (COGNETCLOUD - cognetcloud INC, US)"
mail9.alapage.ru,1,"AS207728 (EUROHOSTER Hosting Provider EuroHoster Ltd., BG)"
mail0001.0ne.lv,1,"AS24940 (HETZNER-AS, DE)"
_dc-mx.abc7151628d9.albaspecials.com,1,"AS20857 (TRANSIP-AS Amsterdam, the Netherlands, NL)"
mail.alassian.com,1,"AS46606 (UNIFIEDLAYER-AS-1 - Unified Layer, US)"
mail.albos.in,1,"AS44486 (SYNLINQ synlinq.de, DE)"
12-co-uk0c.mail.protection.outlook.com,1,"AS8075 (MICROSOFT-CORP-MSN-AS-BLOCK - Microsoft Corporation, US)"
mail.albigmail.com,1,"AS12586 (ASGHOSTNET, DE)"
mail.albocinemail.ru,1,"AS12586 (ASGHOSTNET, DE)"
mail.alcapt.ru,1,"AS12586 (ASGHOSTNET, DE)"
mail.alcapml.ru,1,"AS12586 (ASGHOSTNET, DE)"
mail.alcody.com,1,"AS18779 (EGIHOSTING - EGIHosting, US)"
mx6.4-speed.net,1,"AS13649 (ASN-FLEXENTIAL - Flexential Colorado Corp., US)"
mail.alcohfmail.ru,1,"AS12586 (ASGHOSTNET, DE)"
mail.alcoholimail.ru,1,"AS12586 (ASGHOSTNET, DE)"
mx2.alaskasolareclipse.com,1,"AS216139 (IRONHOST, GB)"
mail.alcoholommail.com,1,"AS12586 (ASGHOSTNET, DE)"
mail.alcoholomemy.com,1,"AS12586 (ASGHOSTNET, DE)"
aldeyaa-ae.mail.protection.outlook.com,1,"AS8075 (MICROSOFT-CORP-MSN-AS-BLOCK - Microsoft Corporation, US)"
mail.alabama-nedv.ru,1,"AS59729 (ITL-BG, US)"
mail.alcohrsmail.ru,1,"AS12586 (ASGHOSTNET, DE)"
mail.air-inbox.com,1,
mx6.alegrabrasil.com,1,
1010bo-com.mail.protection.outlook.com,1,"AS8075 (MICROSOFT-CORP-MSN-AS-BLOCK - Microsoft Corporation, US)"
mail.alexaninf.com,1,"AS12586 (ASGHOSTNET, DE)"
malibuzz.107punto7.com,1,"AS51167 (CONTABO, DE)"
mail.alexisalo.ru,1,"AS12586 (ASGHOSTNET, DE)"
mail.1-obivka-mebeli-vminske.ru,1,"AS44094 (WEBHOST1-AS, RU)"
mail.alexiphamails.ru,1,"AS12586 (ASGHOSTNET, DE)"
mail.alexitemail.ru,1,"AS12586 (ASGHOSTNET, DE)"
mail.10minutemail.be,1,"AS8075 (MICROSOFT-CORP-MSN-AS-BLOCK - Microsoft Corporation, US)"
algonquinheights-com.mail.protection.outlook.com,1,"AS8075 (MICROSOFT-CORP-MSN-AS-BLOCK - Microsoft Corporation, US)"
mail.10minut.xyz,1,"AS31898 (ORACLE-BMC-31898 - Oracle Corporation, US)"
alhutaib-com.mail.protection.outlook.com,1,"AS8075 (MICROSOFT-CORP-MSN-AS-BLOCK - Microsoft Corporation, US)"
_dc-mx.4b51a05ff504.10minutesemail.net,1,"AS24940 (HETZNER-AS, DE)"
mail.algomeemi.com,1,"AS12586 (ASGHOSTNET, DE)"
algiardinodifranco.com,1,"AS395092 (SHOCK-1 - Shock Hosting LLC, US)"
antispam.websahibi.com,1,"AS397563 (ADEOXTECH - ADEOX, US)"
mail.10minutenemail.de,1,"AS197540 (NETCUP-AS netcup GmbH, DE)"
alicebob-com01c.mail.protection.outlook.com,1,"AS8075 (MICROSOFT-CORP-MSN-AS-BLOCK - Microsoft Corporation, US)"
mail.ailem.info,1,"AS3209 (VODANET International IP-Backbone of Vodafone, DE)"
mail.112583.xyz,1,"AS51167 (CONTABO, DE)"
mail.alikando.su,1,"AS212477 (ROYALE-AS, NL)"
mail.10minutemail.pl,1,"AS50599 (Autonomous System for Dataspace P.S.A., PL)"
mx.111222.pl,1,"AS14061 (DIGITALOCEAN-ASN - DigitalOcean, LLC, US)"
mail.115200.xyz,1,"AS45102 (ALIBABA-CN-NET Alibaba US Technology Co., Ltd., CN)"
mail.aliasprojekt.pl,1,"AS203417 (LH, PL)"
mail.alimentotmail.ru,1,"AS12586 (ASGHOSTNET, DE)"
mail20.lh.pl,1,"AS203417 (LH, PL)"
mail.alisaol.com,1,"AS14061 (DIGITALOCEAN-ASN - DigitalOcean, LLC, US)"
mx1.free.fr,1,"AS12322 (PROXAD, FR)"
mail.alkalinewaterus.com,1,"AS31898 (ORACLE-BMC-31898 - Oracle Corporation, US)"
mail.all-mail.net,1,"AS47583 (AS-HOSTINGER, CY)"
mail.alkalmail.ru,1,"AS12586 (ASGHOSTNET, DE)"
alifdz.com,1,"AS16276 (OVH, FR)"
mail.12244.xyz,1,
mail.alkalifmail.ru,1,"AS12586 (ASGHOSTNET, DE)"
mail.alkalimfri.com,1,"AS12586 (ASGHOSTNET, DE)"
mx.123-m.com,1,"AS16509 (AMAZON-02 - Amazon.com, Inc., US)"
mx1.allaboutdogstraining.com,1,"AS24940 (HETZNER-AS, DE)"
allanjosephbatac.com,1,"AS18779 (EGIHOSTING - EGIHosting, US)"
_dc-mx.f94a66f6987e.1234techland.info,1,"AS204601 (PODAON, NL)"
ak.gy,1,"AS7506 (INTERQ GMO Internet Group, Inc., JP)"
sm.alistate.com,1,"AS11042 (NTHL - NETWORK TRANSIT HOLDINGS LLC, US)"
123anddone.com,1,"AS27589 (MOJOHOST - MOJOHOST, US)"
mail.allegsemail.com,1,"AS12586 (ASGHOSTNET, DE)"
mail.allemail.ru,1,"AS12586 (ASGHOSTNET, DE)"
mail.allegoricfl.com,1,"AS12586 (ASGHOSTNET, DE)"
mx.allfreemail.net,1,"AS16276 (OVH, FR)"
allhostguide-com.mail.protection.outlook.com,1,"AS8075 (MICROSOFT-CORP-MSN-AS-BLOCK - Microsoft Corporation, US)"
mail.allegorimail.ru,1,"AS12586 (ASGHOSTNET, DE)"
mail.allegmail.ru,1,"AS12586 (ASGHOSTNET, DE)"
mx.12gmail.com,1,"AS16509 (AMAZON-02 - Amazon.com, Inc., US)"
alling-bet3.com,1,"AS39521 (TNGNET, NL)"
mail.allionmail.ru,1,"AS12586 (ASGHOSTNET, DE)"
mail.allitermail.ru,1,"AS12586 (ASGHOSTNET, DE)"
mx.allmp3stars.com,1,"AS14061 (DIGITALOCEAN-ASN - DigitalOcean, LLC, US)"
mx.allmarkshare.info,1,"AS14061 (DIGITALOCEAN-ASN - DigitalOcean, LLC, US)"
mail.1337.care,1,"AS44486 (SYNLINQ synlinq.de, DE)"
mx0.1337.email,1,"AS197540 (NETCUP-AS netcup GmbH, DE)"
alloggia.de,1,"AS3209 (VODANET International IP-Backbone of Vodafone, DE)"
125-jahre-kudamm.de,1,"AS5539 (SPACENET SpaceNET AG, DE)"
mail.allotropolml.ru,1,"AS12586 (ASGHOSTNET, DE)"
mail.allopatrmail.ru,1,"AS12586 (ASGHOSTNET, DE)"
mail.allopatrolml.ru,1,"AS12586 (ASGHOSTNET, DE)"
mail.123info.ru,1,"AS57494 (ADMAN-AS, RU)"
mx.12hourmail.com,1,"AS16276 (OVH, FR)"
hallenberg.com,1,"AS197540 (NETCUP-AS netcup GmbH, DE)"
mail.14-8000.ru,1,"AS51167 (CONTABO, DE)"
mx1.allpaydayloans.info,1,"AS200107 (KL-EXT, CH)"
itoa.1337.no,1,"AS34989 (SERVETHEWORLD-AS, NO)"
allstage-com.mail.protection.outlook.com,1,"AS8075 (MICROSOFT-CORP-MSN-AS-BLOCK - Microsoft Corporation, US)"
allstate-com.mail.protection.outlook.com,1,"AS8075 (MICROSOFT-CORP-MSN-AS-BLOCK - Microsoft Corporation, US)"
allstat-com.mail.protection.outlook.com,1,"AS8075 (MICROSOFT-CORP-MSN-AS-BLOCK - Microsoft Corporation, US)"
14n-co-uk.mail.protection.outlook.com,1,"AS8075 (MICROSOFT-CORP-MSN-AS-BLOCK - Microsoft Corporation, US)"
133mail.cn,1,"AS37963 (ALIBABA-CN-NET Hangzhou Alibaba Advertising Co.,Ltd., CN)"
mail.allfolk.ru,1,"AS44094 (WEBHOST1-AS, RU)"
allstats.com,1,"AS46606 (UNIFIEDLAYER-AS-1 - Unified Layer, US)"
mx1.mysuperpageshosting.com,1,"AS30447 (INFB2-AS - Internet Names For Business Inc., CA)"
mx.allwebemails.com,1,"AS16276 (OVH, FR)"
15qm.com,1,"AS9370 (SAKURA-B SAKURA Internet Inc., JP)"
_dc-mx.922de7792365.1701host.com,1,"AS33028 (AS33028 - VEXXHOST, Inc., CA)"
mail.15h.ru,1,"AS50340 (SELECTEL-MSK, RU)"
mail.almatips.com,1,"AS14061 (DIGITALOCEAN-ASN - DigitalOcean, LLC, US)"
almarcontainergroup-com.mail.protection.outlook.com,1,"AS8075 (MICROSOFT-CORP-MSN-AS-BLOCK - Microsoft Corporation, US)"
almanara.info,1,"AS36218 (WHG-CAN, GB)"
167mail.com,1,"AS33182 (DIMENOC - HostDime.com, Inc., US)"
alobotanics.com,1,"AS59253 (LEASEWEB-APAC-SIN-11 LEASEWEB SINGAPORE PTE. LTD., SG)"
mail.alosp.com,1,"AS14061 (DIGITALOCEAN-ASN - DigitalOcean, LLC, US)"
mail.almail.com,1,"AS4685 (ASAHI-NET Asahi Net, JP)"
0u.ro,1,"AS16276 (OVH, FR)"
alpenit-at.mail.protection.outlook.com,1,"AS8075 (MICROSOFT-CORP-MSN-AS-BLOCK - Microsoft Corporation, US)"
mail.alotevi.com,1,"AS47583 (AS-HOSTINGER, CY)"
alpha-web.net,1,"AS47583 (AS-HOSTINGER, CY)"
ms1.fishyes.net,1,"AS63949 (AKAMAI-LINODE-AP Akamai Connected Cloud, SG)"
mx01.mail.alibaba.com,1,"AS37963 (ALIBABA-CN-NET Hangzhou Alibaba Advertising Co.,Ltd., CN)"
mail.alopfmals.com,1,"AS12586 (ASGHOSTNET, DE)"
15963.fr.nf,1,"AS16276 (OVH, FR)"
alphatech-llc.mail.protection.outlook.com,1,"AS8075 (MICROSOFT-CORP-MSN-AS-BLOCK - Microsoft Corporation, US)"
alphax.fr.nf,1,"AS16276 (OVH, FR)"
mail02.lombardodier.com,1,"AS8220 (COLT COLT Technology Services Group Limited, GB)"
mail.18am.ru,1,"AS62082 (HOSTLAND, RU)"
mail.18dewa.net,1,"AS212238 (CDNEXT, GB)"
catchall.tijdelijkmailadres.nl,1,"AS30870 (TRANS-IX-AS Trans-iX Autonomous System, NL)"
mail.19840505.xyz,1,"AS51167 (CONTABO, DE)"
mail.19840507.xyz,1,"AS51167 (CONTABO, DE)"
mail.19840506.xyz,1,"AS51167 (CONTABO, DE)"
mail.alreval.com,1,"AS14061 (DIGITALOCEAN-ASN - DigitalOcean, LLC, US)"
mail.19840508.xyz,1,"AS51167 (CONTABO, DE)"
mail.19840509.xyz,1,"AS51167 (CONTABO, DE)"
alstate.com,1,"AS16276 (OVH, FR)"
mx.199903.xyz,1,"AS3842 (RAMNODE - InMotion Hosting, Inc., US)"
mta-189.21cn.com,1,"AS45102 (ALIBABA-CN-NET Alibaba US Technology Co., Ltd., CN)"
alphadeutsch.com,1,"AS19437 (SS-ASH - SECURED SERVERS LLC, US)"
0v.ro,1,"AS16276 (OVH, FR)"
alternativapoteknorge.space,1,"AS32475 (SINGLEHOP-LLC - Internap Holding LLC, US)"
alternavox.net,1,"AS40092 (ONIAAS - HostPapa, US)"
1adobe.com,1,"AS397423 (TIER-NET - Tier.Net Technologies LLC, US)"
mx1.altdesign.info,1,"AS200107 (KL-EXT, CH)"
mail.altimetfmals.com,1,"AS12586 (ASGHOSTNET, DE)"
mail.alternmail.ru,1,"AS12586 (ASGHOSTNET, DE)"
mail.altmails.com,1,"AS51167 (CONTABO, DE)"
poczta.genetic.pl,1,"AS29522 (CF-KRK, PL)"
mail.1blackmoon.com,1,"AS212441 (CLOUDASSETS, RU)"
altrans.fr.nf,1,"AS16276 (OVH, FR)"
mail.altruistfmk.com,1,"AS12586 (ASGHOSTNET, DE)"
mail.aluminebml.ru,1,"AS12586 (ASGHOSTNET, DE)"
alvechurchacousticroots-com.mail.protection.outlook.com,1,"AS8075 (MICROSOFT-CORP-MSN-AS-BLOCK - Microsoft Corporation, US)"
mail.alvemail.ru,1,"AS12586 (ASGHOSTNET, DE)"
a090220.mx.mailhop.org,1,"AS16509 (AMAZON-02 - Amazon.com, Inc., US)"
mail.alveomail.com,1,"AS12586 (ASGHOSTNET, DE)"
mail.alveoloml.ru,1,"AS12586 (ASGHOSTNET, DE)"
alves.fr.nf,1,"AS16276 (OVH, FR)"
alvinneo-com.mail.protection.outlook.com,1,"AS8075 (MICROSOFT-CORP-MSN-AS-BLOCK - Microsoft Corporation, US)"
allsuperinfo-com.mail.protection.outlook.com,1,"AS8075 (MICROSOFT-CORP-MSN-AS-BLOCK - Microsoft Corporation, US)"
alzeri-com.mail.protection.outlook.com,1,"AS8075 (MICROSOFT-CORP-MSN-AS-BLOCK - Microsoft Corporation, US)"
alwmail.site,1,"AS7684 (SAKURA-A SAKURA Internet Inc., JP)"
mx.buhzon.ru,1,"AS12683 (STATEL-AS PJSC Rostelecom. Stavropol branch, RU)"
mail.alysz.com,1,"AS14061 (DIGITALOCEAN-ASN - DigitalOcean, LLC, US)"
_dc-mx.a19a1871e851.1home.urgntx.com,1,"AS46261 (QUICKPACKET - QuickPacket, LLC, US)"
mail.ama-trans.de,1,"AS24940 (HETZNER-AS, DE)"
mail.18119894.xyz,1,"AS132241 (SKSATECH1-MY SKSA TECHNOLOGY SDN BHD, MY)"
mail.alias.gaviso.agency,1,"AS212317 (HETZNER-CLOUD3-AS, DE)"
mail.1king.vip,1,"AS45102 (ALIBABA-CN-NET Alibaba US Technology Co., Ltd., CN)"
mail.amails.ru,1,"AS12586 (ASGHOSTNET, DE)"
mail.alphanummail.ru,1,"AS12586 (ASGHOSTNET, DE)"
mail.amalgafkml.ru,1,"AS12586 (ASGHOSTNET, DE)"
1meanpenguin-com.mail.protection.outlook.com,1,"AS8075 (MICROSOFT-CORP-MSN-AS-BLOCK - Microsoft Corporation, US)"
mail.1nom.org,1,"AS15557 (LDCOMNET --- I3Dnet ---, FR)"
mx2.hc1077-89.ap.iphmx.com,1,"AS30215 (AS-CISCOHPS-APAC - Cisco Systems Ironport Division, US)"
1nss-com.mail.protection.outlook.com,1,"AS8075 (MICROSOFT-CORP-MSN-AS-BLOCK - Microsoft Corporation, US)"
esysp2.mail.pairserver.com,1,"AS7859 (PAIR-NETWORKS - pair Networks, US)"
mail.amarmails.ru,1,"AS12586 (ASGHOSTNET, DE)"
mx6.amateurspot.net,1,
mail.amaryllidmail.com,1,"AS12586 (ASGHOSTNET, DE)"
mail.aortoscmail.com,1,"AS12586 (ASGHOSTNET, DE)"
amazon-smtp.amazon.com,1,"AS14618 (AMAZON-AES - Amazon.com, Inc., US)"
mail.1sec-mail.space,1,"AS22612 (NAMECHEAP-NET - Namecheap, Inc., US)"
mail.amazingly.online,1,"AS40021 (CONTABO-40021 - Contabo Inc., US)"
mail.1sec-mail.com,1,"AS24940 (HETZNER-AS, DE)"
aonwin.net,1,"AS22612 (NAMECHEAP-NET - Namecheap, Inc., US)"
mx1.1pad.de,1,"AS200107 (KL-EXT, CH)"
_dc-mx.dbf0cbc67491.1secemail.com,1,"AS16276 (OVH, FR)"
1stgroup-ca.mail.protection.outlook.com,1,"AS8075 (MICROSOFT-CORP-MSN-AS-BLOCK - Microsoft Corporation, US)"
aonwin.org,1,"AS22612 (NAMECHEAP-NET - Namecheap, Inc., US)"
amaonline-mx.email-protect.gosecure.net,1,"AS29909 (METROOPTIC - Metro Optic, CA)"
mail.aonwin.com,1,"AS138915 (KAOPU-HK Kaopu Cloud HK Limited, HK)"
amcplus-com.mail.protection.outlook.com,1,"AS8075 (MICROSOFT-CORP-MSN-AS-BLOCK - Microsoft Corporation, US)"
1uro-com.mail.protection.outlook.com,1,"AS8075 (MICROSOFT-CORP-MSN-AS-BLOCK - Microsoft Corporation, US)"
mail.1usemail.com,1,"AS14061 (DIGITALOCEAN-ASN - DigitalOcean, LLC, US)"
mail.1tware.com,1,"AS53589 (PLANETHOSTER-8 - PlanetHoster, CA)"
mail.ambideml.ru,1,"AS12586 (ASGHOSTNET, DE)"
mx1.1tmail.ltd,1,"AS200107 (KL-EXT, CH)"
mxa-0020eb02.gslb.pphosted.com,1,"AS22843 (PROOFPOINT-ASN-US-EAST - Proofpoint, Inc., US)"
mail.ambulmail.com,1,"AS12586 (ASGHOSTNET, DE)"
mail.ambisexmy.com,1,"AS12586 (ASGHOSTNET, DE)"
lists.1slate.com,1,"AS213230 (HETZNER-CLOUD2-AS, DE)"
mail.amelabs.com,1,"AS16509 (AMAZON-02 - Amazon.com, Inc., US)"
amco-com-ar.mail.protection.outlook.com,1,"AS8075 (MICROSOFT-CORP-MSN-AS-BLOCK - Microsoft Corporation, US)"
mail.amelioebml.ru,1,"AS12586 (ASGHOSTNET, DE)"
mx2.1webmail.gdn,1,"AS200107 (KL-EXT, CH)"
amenorjmail.ru,1,"AS213702 (QWINS-LTD QWINS AS-SET: ~ # AS213702:AS-CUSTOMERS, GB)"
mx0a-0023b801.pphosted.com,1,"AS26211 (PROOFPOINT-ASN-US-WEST - Proofpoint, Inc., US)"
americandisabilityalliance-com.mail.protection.outlook.com,1,"AS8075 (MICROSOFT-CORP-MSN-AS-BLOCK - Microsoft Corporation, US)"
mail.ameremail.ru,1,"AS12586 (ASGHOSTNET, DE)"
m1.dnsix.com,1,
mail.1xa.ru,1,"AS50340 (SELECTEL-MSK, RU)"
americanpersonalized-com.mail.protection.outlook.com,1,"AS8075 (MICROSOFT-CORP-MSN-AS-BLOCK - Microsoft Corporation, US)"
container.temporarily.de,1,"AS8560 (IONOS-AS This is the joint network for IONOS, Fasthosts, Arsys, 1&1 Mail and Media and 1&1 Telecom. Formerly known as 1&1 Internet SE., DE)"
plmail.ut.pl,1,"AS16276 (OVH, FR)"
nomail.1winrussia.com,1,
mail.americemi.com,1,"AS12586 (ASGHOSTNET, DE)"
mail.ameriemail.ru,1,"AS12586 (ASGHOSTNET, DE)"
dkim.amerinetgate.com,1,"AS14061 (DIGITALOCEAN-ASN - DigitalOcean, LLC, US)"
e0mylfe.amerilinkmail.com,1,"AS14061 (DIGITALOCEAN-ASN - DigitalOcean, LLC, US)"
mxa-000f3401.gslb.pphosted.com,1,"AS22843 (PROOFPOINT-ASN-US-EAST - Proofpoint, Inc., US)"
mail.1zaem.ru,1,"AS44094 (WEBHOST1-AS, RU)"
amhpdf-com-br.mail.protection.outlook.com,1,"AS8075 (MICROSOFT-CORP-MSN-AS-BLOCK - Microsoft Corporation, US)"
mail.aminoamail.com,1,"AS40021 (CONTABO-40021 - Contabo Inc., US)"
mail.amiri.net,1,"AS40100 (ALURIUM - Alurium Hosting, US)"
mail.aminopfmus.ru,1,"AS12586 (ASGHOSTNET, DE)"
mx.amitywe.us,1,"AS29873 (BIZLAND-SD - Newfold Digital, Inc., US)"
amk-co-uk.mail.protection.outlook.com,1,"AS8075 (MICROSOFT-CORP-MSN-AS-BLOCK - Microsoft Corporation, US)"
mail.amissibiufml.ru,1,"AS12586 (ASGHOSTNET, DE)"
mail.amiramov.ru,1,"AS211183 (ADMINVPS, RU)"
mail.20minute.email,1,"AS212441 (CLOUDASSETS, RU)"
mail.ammonmails.ru,1,"AS12586 (ASGHOSTNET, DE)"
mail.ammails.ru,1,"AS12586 (ASGHOSTNET, DE)"
mail.amoemail.ru,1,"AS12586 (ASGHOSTNET, DE)"
mail.amongth.com,1,"AS47583 (AS-HOSTINGER, CY)"
simplemailserver.20minutemail.com,1,"AS31034 (ARUBA-ASN, IT)"
mx.2100.com.cust.a.hostedemail.com,1,"AS15348 (TUCOWS - Tucows.com Co., CA)"
mail.tdev.com.au,1,"AS133159 (MAMMOTHMEDIA-AS-AP Mammoth Media Pty Ltd, AU)"
mail.amozix.com,1,"AS14061 (DIGITALOCEAN-ASN - DigitalOcean, LLC, US)"
mail.amortfmk.com,1,"AS12586 (ASGHOSTNET, DE)"
mail.amovmails.ru,1,"AS12586 (ASGHOSTNET, DE)"
mail.ampelosalo.ru,1,"AS12586 (ASGHOSTNET, DE)"
mx.212staff.com,1,"AS14061 (DIGITALOCEAN-ASN - DigitalOcean, LLC, US)"
mail.amphidiscli.com,1,"AS12586 (ASGHOSTNET, DE)"
mail.amphithea.ru,1,"AS12586 (ASGHOSTNET, DE)"
mail.amphiartholml.ru,1,"AS12586 (ASGHOSTNET, DE)"
amphitheatmail.com,1,"AS213702 (QWINS-LTD QWINS AS-SET: ~ # AS213702:AS-CUSTOMERS, GB)"
_dc-mx.8a6dc5f8dd32.amr.urgntx.com,1,"AS46261 (QUICKPACKET - QuickPacket, LLC, US)"
mail.amplindia.com,1,"AS46606 (UNIFIEDLAYER-AS-1 - Unified Layer, US)"
amsaustralia-com0i.mail.protection.outlook.com,1,"AS8075 (MICROSOFT-CORP-MSN-AS-BLOCK - Microsoft Corporation, US)"
mx-2.dpoczta.pl,1,"AS48896 (DHOSTING-AS Warsaw, Poland, PL)"
1t-ml.com,1,"AS2514 (INFOSPHERE NTT PC Communications, Inc., JP)"
mail.1wyws.top,1,"AS196645 (HOSTPRO-AS, UA)"
mail.1ti.ru,1,"AS210079 (EUROBYTE, RU)"
22-bet.org,1,"AS58061 (SCALAXY-AS, LV)"
mail.amyxrolest.com,1,"AS47583 (AS-HOSTINGER, CY)"
mail.amwomail.com,1,"AS12586 (ASGHOSTNET, DE)"
comm.23k.com,1,"AS395336 (MACST-ATL - MacStadium, Inc., US)"
mail.amylemail.ru,1,"AS12586 (ASGHOSTNET, DE)"
mail.anagrammatmail.ru,1,"AS12586 (ASGHOSTNET, DE)"
mail.anacolfmail.ru,1,"AS12586 (ASGHOSTNET, DE)"
anagotulsa-net.mail.protection.outlook.com,1,"AS8075 (MICROSOFT-CORP-MSN-AS-BLOCK - Microsoft Corporation, US)"
mail.anacml.ru,1,"AS12586 (ASGHOSTNET, DE)"
mail.anaesthesli.com,1,"AS12586 (ASGHOSTNET, DE)"
mail.anagraemail.ru,1,"AS12586 (ASGHOSTNET, DE)"
anal.com,1,"AS395412 (VS-MEDIA-IPV4 - VS Media Inc., US)"
mail.anaemal.com,1,"AS12586 (ASGHOSTNET, DE)"
2014mail.ru,1,"AS215117 (HOSTERDADDY, IN)"
mail.anaemail.ru,1,"AS12586 (ASGHOSTNET, DE)"
americashealthshare-org.mail.protection.outlook.com,1,"AS8075 (MICROSOFT-CORP-MSN-AS-BLOCK - Microsoft Corporation, US)"
mail.2026.cam,1,"AS40021 (CONTABO-40021 - Contabo Inc., US)"
mail.anagrammamail.ru,1,"AS12586 (ASGHOSTNET, DE)"
mail.2027.cam,1,"AS40021 (CONTABO-40021 - Contabo Inc., US)"
mail.24mail.space,1,"AS51167 (CONTABO, DE)"
mail.anaphrml.ru,1,"AS12586 (ASGHOSTNET, DE)"
avgate.ssl.aiosl.com,1,"AS4694 (IDCF IDC Frontier Inc., JP)"
anaphylmail.ru,1,"AS213702 (QWINS-LTD QWINS AS-SET: ~ # AS213702:AS-CUSTOMERS, GB)"
mail.anaphylactifmail.ru,1,"AS12586 (ASGHOSTNET, DE)"
24hour.email,1,"AS7684 (SAKURA-A SAKURA Internet Inc., JP)"
mail.24x7help.hotelpost.click,1,"AS51167 (CONTABO, DE)"
mail.andalangpt.app,1,"AS45102 (ALIBABA-CN-NET Alibaba US Technology Co., Ltd., CN)"
mail.anbinhnet.com,1,"AS63760 (AZDIGI-AS-VN AZDIGI Corporation, VN)"
mail.andispnb.web.id,1,"AS214882 (ARENHOST Steven Gusti Hutama, ID)"
smtp.al.nz,1,"AS135069 (FEENIX-AS-AP Feenix Communications Limited, NZ)"
mail.andro-players.com,1,"AS216071 (VDSINA, AE)"
androclijmail.ru,1,"AS213702 (QWINS-LTD QWINS AS-SET: ~ # AS213702:AS-CUSTOMERS, GB)"
mail.mkgenk.com,1,"AS22612 (NAMECHEAP-NET - Namecheap, Inc., US)"
mail.androdi.com,1,"AS12586 (ASGHOSTNET, DE)"
mail.androdiofml.com,1,"AS12586 (ASGHOSTNET, DE)"
mail.andromonmail.com,1,"AS12586 (ASGHOSTNET, DE)"
andrewmurphy.org,1,"AS20473 (AS-VULTR - The Constant Company, LLC, US)"
mail.androspomail.ru,1,"AS12586 (ASGHOSTNET, DE)"
mail.anecdotebml.ru,1,"AS12586 (ASGHOSTNET, DE)"
mail.anerytmail.ru,1,"AS12586 (ASGHOSTNET, DE)"
282mail.com,1,"AS133752 (LEASEWEB-APAC-HKG-10 LEASEWEB HONG KONG LIMITED, HK)"
mx3.zoho.com,1,"AS2639 (ZOHO-AS - ZOHO, US)"
mail.angelacorrias.com,1,"AS19905 (SECURITYSERVICES - Vercara, LLC, US)"
mail.angelawalkerrealestateagentfortworthtx.com,1,"AS46606 (UNIFIEDLAYER-AS-1 - Unified Layer, US)"
mx.angelandcurve.com.cust.a.hostedemail.com,1,
angelareedfox.com,1,"AS59253 (LEASEWEB-APAC-SIN-11 LEASEWEB SINGAPORE PTE. LTD., SG)"
mail.angem.com,1,"AS42612 (DINAHOSTING-AS, ES)"
mxa-0017ff01.gslb.pphosted.com,1,
mail.angieplease.com,1,"AS36007 (KAMATERA - Kamatera, Inc., US)"
mail.angiocardmail.com,1,"AS12586 (ASGHOSTNET, DE)"
mail.2all.xyz,1,"AS60781 (LEASEWEB-NL-AMS-01 Netherlands, NL)"
mail.angioemail.ru,1,"AS12586 (ASGHOSTNET, DE)"
mail.angimail.com,1,"AS12586 (ASGHOSTNET, DE)"
mail.angiotemalu.ru,1,"AS12586 (ASGHOSTNET, DE)"
mail.angiome.ru,1,"AS12586 (ASGHOSTNET, DE)"
mail1042.onamae.ne.jp,1,"AS58791 (GMOOSK-NET GMO Internet Group, Inc., JP)"
mail.anginopruby.ru,1,"AS12586 (ASGHOSTNET, DE)"
mail.2clubx.com,1,"AS20857 (TRANSIP-AS Amsterdam, the Netherlands, NL)"
2chmail.net,1,"AS131921 (GMOCL GMO GlobalSign Holdings K.K., JP)"
mx.anhem.com.cust.a.hostedemail.com,1,"AS15348 (TUCOWS - Tucows.com Co., CA)"
mail.angulfml.com,1,"AS12586 (ASGHOSTNET, DE)"
mail.anglofmals.com,1,"AS12586 (ASGHOSTNET, DE)"
anhhungrom47.xyz,1,"AS20068 (HAWKHOST - Hawk Host Inc., CA)"
animail.shop,1,"AS210079 (EUROBYTE, RU)"
mail.anidaw.com,1,"AS14061 (DIGITALOCEAN-ASN - DigitalOcean, LLC, US)"
mail.animenews.cc,1,"AS45102 (ALIBABA-CN-NET Alibaba US Technology Co., Ltd., CN)"
anime.pm,1,"AS7506 (INTERQ GMO Internet Group, Inc., JP)"
angka69.com,1,"AS31898 (ORACLE-BMC-31898 - Oracle Corporation, US)"
mail.2endesk.com,1,"AS8075 (MICROSOFT-CORP-MSN-AS-BLOCK - Microsoft Corporation, US)"
mail.animewiki.cc,1,"AS45102 (ALIBABA-CN-NET Alibaba US Technology Co., Ltd., CN)"
mail.animadvemals.ru,1,"AS12586 (ASGHOSTNET, DE)"
www673.your-server.de,1,"AS24940 (HETZNER-AS, DE)"
mail.anisochmalis.com,1,"AS12586 (ASGHOSTNET, DE)"
mail.2insp.com,1,"AS14061 (DIGITALOCEAN-ASN - DigitalOcean, LLC, US)"
mx6.anitadarkvideos.net,1,
2epf.com,1,"AS24940 (HETZNER-AS, DE)"
mail.aniross.com,1,"AS14061 (DIGITALOCEAN-ASN - DigitalOcean, LLC, US)"
mail.anisossemail.com,1,"AS12586 (ASGHOSTNET, DE)"
mail.anisomails.ru,1,"AS12586 (ASGHOSTNET, DE)"
mail.anisomail.ru,1,"AS12586 (ASGHOSTNET, DE)"
bayous.ankarapdr.com,1,"AS16276 (OVH, FR)"
mail.anisoceufml.ru,1,"AS12586 (ASGHOSTNET, DE)"
mail.ankyloblepmail.ru,1,"AS12586 (ASGHOSTNET, DE)"
mail.anaphr.com,1,"AS12586 (ASGHOSTNET, DE)"
2d-art.ru,1,"AS29182 (RU-JSCIOT, RU)"
anit.ro,1,"AS43927 (HOSTERION, RO)"
mail.ankylostio.com,1,"AS12586 (ASGHOSTNET, DE)"
_dc-mx.119e2c4eba2a.24hrsshipping.com,1,
mail.anarac.com,1,"AS14061 (DIGITALOCEAN-ASN - DigitalOcean, LLC, US)"
2mailnext.com,1,"AS47583 (AS-HOSTINGER, CY)"
mx1.24mail.json.cm,1,"AS16276 (OVH, FR)"
24hourfitness-com.mail.protection.outlook.com,1,"AS8075 (MICROSOFT-CORP-MSN-AS-BLOCK - Microsoft Corporation, US)"
mail.2minstory.com,1,"AS51167 (CONTABO, DE)"
mail.annivefmals.com,1,"AS12586 (ASGHOSTNET, DE)"
mail.anathemamail.ru,1,"AS12586 (ASGHOSTNET, DE)"
2odem.com,1,"AS47583 (AS-HOSTINGER, CY)"
mx99.ultimatedns.net,1,"AS11404 (AS-WAVE-1 - Wave Broadband, US)"
mail.nix.to,1,"AS6698 (VIRTUALSYSTEMS, UA)"
mail.ano-mail.net,1,"AS24940 (HETZNER-AS, DE)"
mail.2mailnext.top,1,"AS47583 (AS-HOSTINGER, CY)"
mail.2mail2.ru,1,"AS204490 (ASKONTEL, RU)"
wprod0.leemail.me,1,"AS63949 (AKAMAI-LINODE-AP Akamai Connected Cloud, SG)"
2olb.com,1,"AS24940 (HETZNER-AS, DE)"
2var.com,1,"AS211126 (WHG-MEX, GB)"
mx.2umail.org,1,"AS16276 (OVH, FR)"
mail.answerjo.ru,1,"AS12586 (ASGHOSTNET, DE)"
plsmtp2.hushmail.com,1,"AS13768 (COGECO-PEER1 - Aptum Technologies, CA)"
mail.antejentme.ru,1,"AS12586 (ASGHOSTNET, DE)"
mail.anteemail.ru,1,"AS12586 (ASGHOSTNET, DE)"
mail.antepeml.ru,1,"AS12586 (ASGHOSTNET, DE)"
mail.antepomail.com,1,"AS12586 (ASGHOSTNET, DE)"
mail.antepredmail.ru,1,"AS12586 (ASGHOSTNET, DE)"
a935283.mx.mailhop.org,1,"AS16509 (AMAZON-02 - Amazon.com, Inc., US)"
anthemcom-com.mail.protection.outlook.com,1,"AS8075 (MICROSOFT-CORP-MSN-AS-BLOCK - Microsoft Corporation, US)"
mxb-001bee01.gslb.pphosted.com,1,"AS22843 (PROOFPOINT-ASN-US-EAST - Proofpoint, Inc., US)"
anthems.com,1,"AS63410 (PRIVATESYSTEMS - PrivateSystems Networks, US)"
mail.anthnem.com,1,"AS62212 (abuse@smartape.net, EE)"
anthnydas-com.mail.protection.outlook.com,1,"AS8075 (MICROSOFT-CORP-MSN-AS-BLOCK - Microsoft Corporation, US)"
anthim-com.mail.protection.outlook.com,1,"AS8075 (MICROSOFT-CORP-MSN-AS-BLOCK - Microsoft Corporation, US)"
mail.anthm.com,1,"AS46606 (UNIFIEDLAYER-AS-1 - Unified Layer, US)"
anthep.com,1,"AS30475 (WEHOSTWEBSITES-COM - Handy Networks, LLC, US)"
mail.3060.nl,1,"AS24940 (HETZNER-AS, DE)"
mail.anthomali.ru,1,"AS12586 (ASGHOSTNET, DE)"
mail.anthropoemail.ru,1,"AS12586 (ASGHOSTNET, DE)"
mail.anthropomoemail.ru,1,"AS12586 (ASGHOSTNET, DE)"
mail.anthropocentsemail.com,1,"AS12586 (ASGHOSTNET, DE)"
mail.anthropomomail.com,1,"AS12586 (ASGHOSTNET, DE)"
mail.anthropomfmk.com,1,"AS12586 (ASGHOSTNET, DE)"
mail.anthropocentriruby.ru,1,"AS12586 (ASGHOSTNET, DE)"
mail.anthropophfml.com,1,"AS12586 (ASGHOSTNET, DE)"
mail.anthropometfml.ru,1,"AS12586 (ASGHOSTNET, DE)"
mail.anthropopmofml.ru,1,"AS12586 (ASGHOSTNET, DE)"
mail.anthropogeic.com,1,"AS12586 (ASGHOSTNET, DE)"
mail.anthroposomail.ru,1,"AS12586 (ASGHOSTNET, DE)"
web1.revivenode.com,1,"AS13627 (AMBYRE - Ambyre LLC, US)"
mail.antiaphkl.ru,1,"AS12586 (ASGHOSTNET, DE)"
mail.antianaphli.com,1,"AS12586 (ASGHOSTNET, DE)"
mail.antibassalo.ru,1,"AS12586 (ASGHOSTNET, DE)"
mail.antibimali.ru,1,"AS12586 (ASGHOSTNET, DE)"
mail.antiagglme.ru,1,"AS12586 (ASGHOSTNET, DE)"
mail.antichrfml.ru,1,"AS12586 (ASGHOSTNET, DE)"
mail.anticholimail.ru,1,"AS12586 (ASGHOSTNET, DE)"
anti-ronflement.info,1,"AS50474 (O2SWITCH, FR)"
mail.anticipfmals.com,1,"AS12586 (ASGHOSTNET, DE)"
mail.anticlima.ru,1,"AS12586 (ASGHOSTNET, DE)"
mail.antideemail.ru,1,"AS12586 (ASGHOSTNET, DE)"
mail.anticiml.ru,1,"AS12586 (ASGHOSTNET, DE)"
mail.anticormail.com,1,"AS12586 (ASGHOSTNET, DE)"
mail.anticonstitusemail.com,1,"AS12586 (ASGHOSTNET, DE)"
mail.antidotmail.ru,1,"AS12586 (ASGHOSTNET, DE)"
mail.antiferroli.com,1,"AS12586 (ASGHOSTNET, DE)"
mail.anticmails.ru,1,"AS12586 (ASGHOSTNET, DE)"
mail.antifrsmail.ru,1,"AS12586 (ASGHOSTNET, DE)"
antiferromail.com,1,"AS213702 (QWINS-LTD QWINS AS-SET: ~ # AS213702:AS-CUSTOMERS, GB)"
mail.antiketomails.ru,1,"AS12586 (ASGHOSTNET, DE)"
mx.openssl.it,1,"AS197540 (NETCUP-AS netcup GmbH, DE)"
mail.antimmail.com,1,"AS12586 (ASGHOSTNET, DE)"
mail.antimonarmale.com,1,"AS12586 (ASGHOSTNET, DE)"
mail.antimoni.ru,1,"AS12586 (ASGHOSTNET, DE)"
mail.antiloemail.ru,1,"AS12586 (ASGHOSTNET, DE)"
mail.antimonml.ru,1,"AS12586 (ASGHOSTNET, DE)"
mail.antimamail.ru,1,"AS12586 (ASGHOSTNET, DE)"
mail.antimiml.ru,1,"AS12586 (ASGHOSTNET, DE)"
mail.antihemoml.ru,1,"AS12586 (ASGHOSTNET, DE)"
mail.antinli.com,1,"AS12586 (ASGHOSTNET, DE)"
mail.antiscormalis.com,1,"AS12586 (ASGHOSTNET, DE)"
mx6.antisnoringdevicesupdate.com,1,
mail.antiseolml.ru,1,"AS12586 (ASGHOSTNET, DE)"
mail.antirsmail.ru,1,"AS12586 (ASGHOSTNET, DE)"
antispam.fr.nf,1,"AS16276 (OVH, FR)"
mail.antismail.com,1,"AS12586 (ASGHOSTNET, DE)"
mail.antiscrsmail.ru,1,"AS12586 (ASGHOSTNET, DE)"
mail.antisialamail.ru,1,"AS12586 (ASGHOSTNET, DE)"
mail.antiprotoufml.ru,1,"AS12586 (ASGHOSTNET, DE)"
chi.2xs.de,1,"AS3320 (DTAG Internet service provider operations, DE)"
mail.antisialmails.ru,1,"AS12586 (ASGHOSTNET, DE)"
mail.antityfkml.com,1,"AS12586 (ASGHOSTNET, DE)"
mail.antiversum.de,1,"AS24940 (HETZNER-AS, DE)"
mail.24prm.ru,1,"AS8496 (RU-OPTIBIT, RU)"
mail.anonpop.com,1,"AS63949 (AKAMAI-LINODE-AP Akamai Connected Cloud, SG)"
mail.antivaml.ru,1,"AS12586 (ASGHOSTNET, DE)"
mail.antnem.com,1,"AS211306 (TREADSTONE-AS, RO)"
mail.anonmails.de,1,"AS8560 (IONOS-AS This is the joint network for IONOS, Fasthosts, Arsys, 1&1 Mail and Media and 1&1 Telecom. Formerly known as 1&1 Internet SE., DE)"
business180.web-hosting.com,1,"AS22612 (NAMECHEAP-NET - Namecheap, Inc., US)"
smtp.werkhausen.org,1,"AS24940 (HETZNER-AS, DE)"
mx2.2sbcglobal.net,1,"AS200107 (KL-EXT, CH)"
mail.anoreml.ru,1,"AS12586 (ASGHOSTNET, DE)"
mail.anoniem.email,1,"AS206281 (AS-ZXCS, NL)"
antovietnam-com.mail.protection.outlook.com,1,"AS8075 (MICROSOFT-CORP-MSN-AS-BLOCK - Microsoft Corporation, US)"
_dc-mx.0e9283c2724e.antthropic.com,1,"AS47583 (AS-HOSTINGER, CY)"
mail.antonomasmail.com,1,"AS12586 (ASGHOSTNET, DE)"
mail.anyalias.com,1,"AS8075 (MICROSOFT-CORP-MSN-AS-BLOCK - Microsoft Corporation, US)"
mail.anypsd.com,1,"AS14061 (DIGITALOCEAN-ASN - DigitalOcean, LLC, US)"
mail.anypsj.com,1,"AS16276 (OVH, FR)"
m01.internetmailserver.net,1,"AS14415 (HOSTCOLLECTIVE - Host Collective, Inc., US)"
mail.anxietyfmail.com,1,"AS12586 (ASGHOSTNET, DE)"
mail.anyeud.com,1,"AS12586 (ASGHOSTNET, DE)"
mail.anythinmail.com,1,"AS12586 (ASGHOSTNET, DE)"
asp.anyance.com,1,"AS14061 (DIGITALOCEAN-ASN - DigitalOcean, LLC, US)"
mx.webmo.fr,1,"AS34177 (CELESTE-AS CELESTE - Internet services provider, FR)"
mail.apathistomail.com,1,"AS12586 (ASGHOSTNET, DE)"
d15380a.ess.barracudanetworks.com,1,"AS16509 (AMAZON-02 - Amazon.com, Inc., US)"
mail.360.moscow,1,"AS56740 (DATAHATA-AS, BY)"
mx.374kj.com,1,"AS14061 (DIGITALOCEAN-ASN - DigitalOcean, LLC, US)"
mail.aphromail.com,1,"AS12586 (ASGHOSTNET, DE)"
mx1.krystal.io,1,"AS12488 (KRYSTAL, GB)"
melian.pentabarf.de,1,"AS24940 (HETZNER-AS, DE)"
mx3594.syd1.mymailhosting.com,1,"AS216180 (WHG-AUS, GB)"
mail.aple.com,1,
mail.aplotmail.com,1,"AS12586 (ASGHOSTNET, DE)"
apmail.org,1,"AS7506 (INTERQ GMO Internet Group, Inc., JP)"
mail.apocyntomail.com,1,"AS12586 (ASGHOSTNET, DE)"
mx.apoimail.net,1,"AS14061 (DIGITALOCEAN-ASN - DigitalOcean, LLC, US)"
mxa-0013b701.gslb.pphosted.com,1,"AS26211 (PROOFPOINT-ASN-US-WEST - Proofpoint, Inc., US)"
mail.apogeotmail.ru,1,"AS12586 (ASGHOSTNET, DE)"
mail.apodeimalu.ru,1,"AS12586 (ASGHOSTNET, DE)"
mail.apolemail.ru,1,"AS12586 (ASGHOSTNET, DE)"
mail.apogeotaml.ru,1,"AS12586 (ASGHOSTNET, DE)"
mail.apomemail.ru,1,"AS16276 (OVH, FR)"
mail.apomimalu.ru,1,"AS12586 (ASGHOSTNET, DE)"
356930-xyz.mail.protection.outlook.com,1,"AS8075 (MICROSOFT-CORP-MSN-AS-BLOCK - Microsoft Corporation, US)"
mail.aol.blue,1,"AS15317 (SERVEREL-AS - Serverel Inc., US)"
mail.360.delivery,1,"AS54641 (IMH-IAD - InMotion Hosting, Inc., US)"
ap-com.mail.protection.outlook.com,1,"AS8075 (MICROSOFT-CORP-MSN-AS-BLOCK - Microsoft Corporation, US)"
mail.apostv.com,1,"AS14061 (DIGITALOCEAN-ASN - DigitalOcean, LLC, US)"
360.industries,1,"AS22611 (INMOTION - InMotion Hosting, Inc., US)"
mail.apothegmfmail.ru,1,"AS12586 (ASGHOSTNET, DE)"
mail.apothegmmail.ru,1,"AS12586 (ASGHOSTNET, DE)"
mail.apothmals.ru,1,"AS12586 (ASGHOSTNET, DE)"
mail.appl-e.com,1,
mail.appc.se,1,"AS14061 (DIGITALOCEAN-ASN - DigitalOcean, LLC, US)"
appic-com.mail.protection.outlook.com,1,"AS8075 (MICROSOFT-CORP-MSN-AS-BLOCK - Microsoft Corporation, US)"
3enrg.com,1,"AS7393 (CYBERCON - CYBERCON, INC., US)"
mail.3fdn.com,1,"AS14061 (DIGITALOCEAN-ASN - DigitalOcean, LLC, US)"
mail.appeasablomail.com,1,"AS12586 (ASGHOSTNET, DE)"
applegift-xyz.mail.protection.outlook.com,1,"AS8075 (MICROSOFT-CORP-MSN-AS-BLOCK - Microsoft Corporation, US)"
appetizijmail.ru,1,"AS213702 (QWINS-LTD QWINS AS-SET: ~ # AS213702:AS-CUSTOMERS, GB)"
mail.appendicectmail.ru,1,"AS12586 (ASGHOSTNET, DE)"
apple.edu.pl,1,"AS20068 (HAWKHOST - Hawk Host Inc., CA)"
mx.apple7.com,1,"AS58791 (GMOOSK-NET GMO Internet Group, Inc., JP)"
mail.apppe.com,1,"AS396982 (GOOGLE-CLOUD-PLATFORM - Google LLC, US)"
mail.appreciativmfri.com,1,"AS12586 (ASGHOSTNET, DE)"
uws64-182.cafe24.com,1,"AS4766 (KIXS-AS-KR Korea Telecom, KR)"
mail.appreciati.ru,1,"AS12586 (ASGHOSTNET, DE)"
mail.appremails.ru,1,"AS12586 (ASGHOSTNET, DE)"
mail.approxitomail.com,1,"AS12586 (ASGHOSTNET, DE)"
mail.approxima.ru,1,"AS12586 (ASGHOSTNET, DE)"
mail.apps.dj,1,"AS36351 (SOFTLAYER - IBM Cloud, US)"
3dsgateway.eu,1,"AS5606 (GTS-BACKBONE GTS Telecom, RO)"
mx.3rdhour.com.cust.b.hostedemail.com,1,"AS32491 (TUCOWS-3 - Tucows.com Co., CA)"
3xodus-com.mail.protection.outlook.com,1,
418-se.mail.protection.outlook.com,1,"AS8075 (MICROSOFT-CORP-MSN-AS-BLOCK - Microsoft Corporation, US)"
mail.42o.org,1,"AS63949 (AKAMAI-LINODE-AP Akamai Connected Cloud, SG)"
mail.453000.win,1,"AS932 (XNNET - XNNET LLC, US)"
mail.45it.ru,1,"AS29182 (RU-JSCIOT, RU)"
c246.8899kk.net,1,"AS13335 (CLOUDFLARENET - Cloudflare, Inc., US)"
4899w.com,1,"AS45102 (ALIBABA-CN-NET Alibaba US Technology Co., Ltd., CN)"
4audiocassettes.com,1,"AS131965 (XSERVER Xserver Inc., JP)"
4charlotte-com.mail.protection.outlook.com,1,"AS8075 (MICROSOFT-CORP-MSN-AS-BLOCK - Microsoft Corporation, US)"
mx.misk.com,1,"AS14618 (AMAZON-AES - Amazon.com, Inc., US)"
mailroom4.hostrocket.com,1,"AS23535 (HOSTROCKET - HostRocket.com, Inc., US)"
mail.4collectors.com,1,"AS16276 (OVH, FR)"
4d-com.mail.protection.outlook.com,1,"AS8075 (MICROSOFT-CORP-MSN-AS-BLOCK - Microsoft Corporation, US)"
applex-com.mail.protection.outlook.com,1,"AS8075 (MICROSOFT-CORP-MSN-AS-BLOCK - Microsoft Corporation, US)"
appmail.uk,1,"AS7506 (INTERQ GMO Internet Group, Inc., JP)"
applek.com,1,"AS7684 (SAKURA-A SAKURA Internet Inc., JP)"
arobase-es.pixtel.net,1,"AS31660 (PIXTEL-AS, FR)"
m4.xrea.com,1,"AS58791 (GMOOSK-NET GMO Internet Group, Inc., JP)"
mx1.eu.mailhop.org,1,"AS16509 (AMAZON-02 - Amazon.com, Inc., US)"
4finance-com.mail.protection.outlook.com,1,"AS8075 (MICROSOFT-CORP-MSN-AS-BLOCK - Microsoft Corporation, US)"
mail.47t.de,1,"AS42730 (EVANZOAS, DE)"
mail.4hickory.com,1,"AS400754 (GO-DADDY-COM-LLC - GoDaddy.com, LLC, US)"
box.fidei.email,1,"AS47066 (PRGMR - prgmr.com, Inc., US)"
mail.appositmail.com,1,"AS12586 (ASGHOSTNET, DE)"
mail2.smtp99.com,1,"AS63949 (AKAMAI-LINODE-AP Akamai Connected Cloud, SG)"
4hairloss.com,1,"AS29802 (HVC-AS - HIVELOCITY, Inc., US)"
4meetings.com,1,"AS30083 (AS-30083-US-VELIA-NET - velia.net, DE)"
mail.4kites.com,1,"AS398101 (GO-DADDY-COM-LLC - GoDaddy.com, LLC, US)"
mx.3nixmail.com,1,"AS16509 (AMAZON-02 - Amazon.com, Inc., US)"
4flyfishing.com,1,"AS39566 (AS-SMARTHOST-, PL)"
mail.4sauna.ru,1,"AS35278 (SPRINTHOST, RU)"
mail.360spel.se,1,"AS206170 (INLEED, SE)"
50plusfitnesscenters.com,1,"AS16276 (OVH, FR)"
mail.51tiemo.com,1,"AS51167 (CONTABO, DE)"
mxa-00642301.gslb.pphosted.com,1,"AS22843 (PROOFPOINT-ASN-US-EAST - Proofpoint, Inc., US)"
mail.535.com,1,"AS31898 (ORACLE-BMC-31898 - Oracle Corporation, US)"
53w-com.mx1.arsmtp.com,1,"AS53780 (AS-APPRIVER - APPRIVER LLC, US)"
mx-parked.serveriai.lt,1,"AS212531 (INTERNETO-VIZIJA, LT)"
ipnet.internetpartners.com,1,"AS12033 (ASN-AT-12033 - Adams TelSystems, Inc., US)"
4signs-com.mail.protection.outlook.com,1,"AS8075 (MICROSOFT-CORP-MSN-AS-BLOCK - Microsoft Corporation, US)"
4tucson-com.mail.protection.outlook.com,1,"AS8075 (MICROSOFT-CORP-MSN-AS-BLOCK - Microsoft Corporation, US)"
mail.4warding.net,1,"AS24940 (HETZNER-AS, DE)"
mx2.4prkrmmail.net,1,"AS200107 (KL-EXT, CH)"
mx.yuyclub.xyz,1,"AS16509 (AMAZON-02 - Amazon.com, Inc., US)"
4pet.ro,1,"AS5606 (GTS-BACKBONE GTS Telecom, RO)"
mx-att.mail.am0.4ttmail.com,1,"AS14061 (DIGITALOCEAN-ASN - DigitalOcean, LLC, US)"
mail.4memphis.com,1,"AS25563 (WEBLAND-AS CH-4142 Muenchenstein, CH)"
mail.4yoga.com,1,"AS24611 (DCLUX-AS Datacenter Luxembourg, LU)"
mail.5esla.com,1,"AS33182 (DIMENOC - HostDime.com, Inc., US)"
mail.5tn.ru,1,"AS50340 (SELECTEL-MSK, RU)"
5rezor.io,1,"AS199968 (IWSNET, AM)"
mail.4x10.ru,1,"AS29182 (RU-JSCIOT, RU)"
mx1.650dialup.com,1,"AS200107 (KL-EXT, CH)"
mail.668mail.com,1,"AS63949 (AKAMAI-LINODE-AP Akamai Connected Cloud, SG)"
undercover-germany.in.tmes.trendmicro.eu,1,"AS16509 (AMAZON-02 - Amazon.com, Inc., US)"
5minutetrip.com,1,"AS20857 (TRANSIP-AS Amsterdam, the Netherlands, NL)"
mail.5oz.ru,1,"AS39337 (CORPSOFT24, RU)"
mail.5ber.com,1,"AS136907 (HWCLOUDS-AS-AP HUAWEI CLOUDS, HK)"
mail3.5july.org,1,"AS8473 (BAHNHOF, SE)"
mail.5z.com,1,"AS203476 (GANDI-AS-2 Domain name registrar - www.gandi.net, FR)"
mail.6974.click,1,"AS203446 (AS203446, GB)"
688as.org,1,"AS20857 (TRANSIP-AS Amsterdam, the Netherlands, NL)"
mail.6ip.us,1,"AS24940 (HETZNER-AS, DE)"
mail.69v9.com,1,"AS40476 (SCALAHOSTING - Scala Hosting LLC, US)"
6rezor.io,1,"AS199968 (IWSNET, AM)"
mx6.799fu.com,1,
7899w.top,1,"AS45102 (ALIBABA-CN-NET Alibaba US Technology Co., Ltd., CN)"
789toto.org,1,"AS22612 (NAMECHEAP-NET - Namecheap, Inc., US)"
mx-in.808651.com,1,"AS16276 (OVH, FR)"
7csthrive-com.mail.protection.outlook.com,1,"AS8075 (MICROSOFT-CORP-MSN-AS-BLOCK - Microsoft Corporation, US)"
7dewapoker.net,1,"AS22612 (NAMECHEAP-NET - Namecheap, Inc., US)"
smtp2.mailfence.com,1,"AS3356 (LEVEL3 - Level 3 Parent, LLC, US)"
mail.7magazinov.ru,1,
mail.7gr.pl,1,"AS41079 (CF-GDA, PL)"
mail.7mail.xyz,1,"AS204957 (GREENFLOID-AS, US)"
emailhosting.webhostbd.com,1,"AS16276 (OVH, FR)"
8intel-com.mail.protection.outlook.com,1,"AS8075 (MICROSOFT-CORP-MSN-AS-BLOCK - Microsoft Corporation, US)"
_dc-mx.07ec86aee63e.88trader.com,1,"AS20473 (AS-VULTR - The Constant Company, LLC, US)"
8723891.com,1,"AS37963 (ALIBABA-CN-NET Hangzhou Alibaba Advertising Co.,Ltd., CN)"
malibuzz.888tron.net,1,"AS51167 (CONTABO, DE)"
_dc-mx.246df1880ddb.bazoocam.co,1,"AS22612 (NAMECHEAP-NET - Namecheap, Inc., US)"
mail.battleperks.com,1,"AS18501 (JOESD-18501 - CyberCloud Professionals LLC, US)"
mail.batso.com,1,"AS18447 (AFFINITY-INTER - Ntirety, Inc., US)"
mail.bbitq.com,1,"AS14061 (DIGITALOCEAN-ASN - DigitalOcean, LLC, US)"
mail.bbitj.com,1,"AS14061 (DIGITALOCEAN-ASN - DigitalOcean, LLC, US)"
mail.bcm.edu.pl,1,"AS16276 (OVH, FR)"
batget.com,1,"AS9371 (SAKURA-C SAKURA Internet Inc., JP)"
mail1.baltimorecountymd.gov,1,"AS53302 (BALTIMORECOUNTYGOVERNMENT - Baltimore County Government, US)"
bcrs-com.mail.protection.outlook.com,1,
tmsevpc.daouoffice.com,1,"AS15169 (GOOGLE - Google LLC, US)"
bbox-com.mail.protection.outlook.com,1,"AS8075 (MICROSOFT-CORP-MSN-AS-BLOCK - Microsoft Corporation, US)"
bcs-com.mail.protection.outlook.com,1,"AS8075 (MICROSOFT-CORP-MSN-AS-BLOCK - Microsoft Corporation, US)"
bcxpartners-com.mail.protection.outlook.com,1,"AS8075 (MICROSOFT-CORP-MSN-AS-BLOCK - Microsoft Corporation, US)"
mail.bd.if.ua,1,
mail.bdgstr.com,1,"AS24940 (HETZNER-AS, DE)"
_dc-mx.e1c374005988.bdm.ovh,1,"AS24940 (HETZNER-AS, DE)"
mirunasex.sextoys.bar,1,"AS47583 (AS-HOSTINGER, CY)"
bcompiled3.com,1,"AS47583 (AS-HOSTINGER, CY)"
mail.baylead.com,1,"AS46606 (UNIFIEDLAYER-AS-1 - Unified Layer, US)"
_dc-mx.9b5d377f9c5f.bazienfejar.com,1,"AS46606 (UNIFIEDLAYER-AS-1 - Unified Layer, US)"
m.bbcvt.com,1,"AS401696 (COGNETCLOUD - cognetcloud INC, US)"
mx0.bbnx.net,1,"AS7018 (ATT-INTERNET4 - AT&T Enterprises, LLC, US)"
mail.bathukfmk.com,1,"AS12586 (ASGHOSTNET, DE)"
mail.bayomail.com,1,"AS12586 (ASGHOSTNET, DE)"
bazreno.com,1,"AS31549 (RASANA, IR)"
mail.bcarriedxl.com,1,"AS47583 (AS-HOSTINGER, CY)"
mail.bbswordiwc.com,1,"AS47583 (AS-HOSTINGER, CY)"
bbs-com.mail.protection.outlook.com,1,"AS8075 (MICROSOFT-CORP-MSN-AS-BLOCK - Microsoft Corporation, US)"
bcbst-com.mail.protection.outlook.com,1,"AS8075 (MICROSOFT-CORP-MSN-AS-BLOCK - Microsoft Corporation, US)"
mx2.bauchtanzkunst.info,1,"AS20756 (NAMESHIELD, FR)"
d214219a.ess.barracudanetworks.com,1,"AS16509 (AMAZON-02 - Amazon.com, Inc., US)"
bboys.fr.nf,1,"AS16276 (OVH, FR)"
d141365a.ess.barracudanetworks.com,1,"AS16509 (AMAZON-02 - Amazon.com, Inc., US)"
bcbsh-com.mail.protection.outlook.com,1,"AS8075 (MICROSOFT-CORP-MSN-AS-BLOCK - Microsoft Corporation, US)"
mail.bccplease.com,1,"AS206281 (AS-ZXCS, NL)"
mxb-002d9c01.gslb.pphosted.com,1,"AS22843 (PROOFPOINT-ASN-US-EAST - Proofpoint, Inc., US)"
bcbc-com.mail.protection.outlook.com,1,"AS8075 (MICROSOFT-CORP-MSN-AS-BLOCK - Microsoft Corporation, US)"
mx01.cloudzimail.com,1,"AS4755 (TATACOMM-AS TATA Communications formerly VSNL is Leading ISP, IN)"
mail.beachflag.click,1,"AS51167 (CONTABO, DE)"
mail.beachboys.click,1,"AS51167 (CONTABO, DE)"
mxa-003f7301.gslb.pphosted.com,1,"AS26211 (PROOFPOINT-ASN-US-WEST - Proofpoint, Inc., US)"
mail.beastmailer.com,1,"AS24940 (HETZNER-AS, DE)"
vaslcsmtp12.cambiahealth.com,1,"AS23496 (CAMBIAHEALTH - Cambia Health Solutions, Inc., US)"
mail.beachvolleyball.click,1,"AS51167 (CONTABO, DE)"
mail.beachtenenglisch.click,1,"AS51167 (CONTABO, DE)"
_dc-mx.4ba7651ec319.bebas.blog,1,"AS12876 (Online SAS, FR)"
bcbsr.com,1,"AS16276 (OVH, FR)"
mx.becanada-mail.com,1,"AS16276 (OVH, FR)"
mail.becksurbancanvas.com,1,"AS22612 (NAMECHEAP-NET - Namecheap, Inc., US)"
mx1.beddly.com,1,"AS26666 (INTERSERVER-LAX - Interserver, Inc, US)"
beachsuites-com.mail.protection.outlook.com,1,"AS8075 (MICROSOFT-CORP-MSN-AS-BLOCK - Microsoft Corporation, US)"
mail.bedroomsod.com,1,"AS47583 (AS-HOSTINGER, CY)"
mail4.beefmilk.com,1,
mail.bechtac.pomorze.pl,1,"AS24940 (HETZNER-AS, DE)"
beautifulhair.info,1,"AS22611 (INMOTION - InMotion Hosting, Inc., US)"
beds.com,1,"AS19318 (IS-AS-1 - Interserver, Inc, US)"
mail.bclds.pl,1,"AS24940 (HETZNER-AS, DE)"
beemechanical-com.mail.protection.outlook.com,1,"AS8075 (MICROSOFT-CORP-MSN-AS-BLOCK - Microsoft Corporation, US)"
mail.befirstmail.xyz,1,"AS20473 (AS-VULTR - The Constant Company, LLC, US)"
e.beganment.com,1,"AS14061 (DIGITALOCEAN-ASN - DigitalOcean, LLC, US)"
befoster-com.mail.protection.outlook.com,1,"AS8075 (MICROSOFT-CORP-MSN-AS-BLOCK - Microsoft Corporation, US)"
mail.beautytesterin.de,1,"AS24940 (HETZNER-AS, DE)"
beliefnet-com.mail.protection.outlook.com,1,"AS8075 (MICROSOFT-CORP-MSN-AS-BLOCK - Microsoft Corporation, US)"
engine01-40032-1.icritical.com,1,"AS16509 (AMAZON-02 - Amazon.com, Inc., US)"
mxmta.bellnet.ca,1,"AS577 (BACOM - Bell Canada, CA)"
belediyeevleri2noluasm.com,1,"AS208483 (WERIDATA-LLC, US)"
mx2.bedmail.top,1,"AS200107 (KL-EXT, CH)"
_dc-mx.06a7d00f9fe9.belamar.pt,1,"AS39444 (OWENTIS-AS, FR)"
beli4d.com,1,"AS59253 (LEASEWEB-APAC-SIN-11 LEASEWEB SINGAPORE PTE. LTD., SG)"
belt-io.mail.protection.outlook.com,1,"AS8075 (MICROSOFT-CORP-MSN-AS-BLOCK - Microsoft Corporation, US)"
mx-c.beloffmail.net.ua,1,"AS20473 (AS-VULTR - The Constant Company, LLC, US)"
mail.bekommenmail.com,1,"AS12586 (ASGHOSTNET, DE)"
benedicmail.com,1,"AS213702 (QWINS-LTD QWINS AS-SET: ~ # AS213702:AS-CUSTOMERS, GB)"
mail.benefit.carolinensielrestaurants.click,1,"AS51167 (CONTABO, DE)"
colo3.benshelf.com,1,"AS14061 (DIGITALOCEAN-ASN - DigitalOcean, LLC, US)"
eff587a20a58ec4f8c55ab6f25eb15.pamx1.hotmail.com,1,"AS8075 (MICROSOFT-CORP-MSN-AS-BLOCK - Microsoft Corporation, US)"
mail.beneemail.ru,1,"AS12586 (ASGHOSTNET, DE)"
beo-com.mail.protection.outlook.com,1,"AS8075 (MICROSOFT-CORP-MSN-AS-BLOCK - Microsoft Corporation, US)"
mail.belettersmail.com,1,"AS207957 (SERVHOST-AS, GB)"
mail.bergenregional.com,1,"AS210250 (WPX, BG)"
mail.berycsemail.ru,1,"AS12586 (ASGHOSTNET, DE)"
mx2.best-john-boats.com,1,"AS200107 (KL-EXT, CH)"
aspmx5.googlemail.com,1,"AS15169 (GOOGLE - Google LLC, US)"
mail.berodomoko.be,1,"AS8075 (MICROSOFT-CORP-MSN-AS-BLOCK - Microsoft Corporation, US)"
mail.beonweb.ru,1,
mail.berbekmail.com,1,"AS12586 (ASGHOSTNET, DE)"
mail.i1f.me,1,"AS14061 (DIGITALOCEAN-ASN - DigitalOcean, LLC, US)"
mail.best-things.ru,1,"AS210079 (EUROBYTE, RU)"
mail.best-temp-mail.info,1,"AS35916 (MULTA-ASN1 - MULTACOM CORPORATION, US)"
mx.berwie.com,1,"AS44476 (ZETTA-AS, BG)"
mail.besplatnye-yuridicheskie-konsultacii.ru,1,"AS50340 (SELECTEL-MSK, RU)"
mail.best-mail-x.com,1,"AS24940 (HETZNER-AS, DE)"
benlianfoundation.com,1,"AS31042 (SERBIA-BROADBAND-AS Serbia BroadBand-Srpske Kablovske mreze d.o.o., RS)"
andromeda.j-webdesigns.com,1,"AS29066 (VELIANET-AS velia.net Internetdienste GmbH, DE)"
bestguns.xyz,1,"AS22612 (NAMECHEAP-NET - Namecheap, Inc., US)"
bestdarkspotcorrector.org,1,"AS24940 (HETZNER-AS, DE)"
mail.bestonlinecasinosincanada.com,1,"AS51248 (HOST-TELECOM, CZ)"
mail.bestkonto.pl,1,"AS16276 (OVH, FR)"
122.51.11.139,1,
mail.bestpornstream.com,1,"AS19871 (NETWORK-SOLUTIONS-HOSTING - Network Solutions, LLC, US)"
mx1.besthostever.xyz,1,"AS200107 (KL-EXT, CH)"
bestreviews-com.mail.protection.outlook.com,1,"AS8075 (MICROSOFT-CORP-MSN-AS-BLOCK - Microsoft Corporation, US)"
mail.bestmiaminews.com,1,"AS40021 (CONTABO-40021 - Contabo Inc., US)"
bestforexrobots.uno,1,"AS22612 (NAMECHEAP-NET - Namecheap, Inc., US)"
mx6.bestvalentinedayideas.com,1,
mx6.besttopbeat.com,1,
w0202cd3.kasserver.com,1,"AS34788 (NMM-AS D - 02742 Friedersdorf Hauptstrasse 68, DE)"
smx-2.bestweb.net,1,"AS47071 (CHR-SOLUTIONS - CHR SOLUTIONS INC, US)"
mail.bestvashikaran.com,1,"AS46606 (UNIFIEDLAYER-AS-1 - Unified Layer, US)"
mail.beta.edu.pl,1,"AS24940 (HETZNER-AS, DE)"
besttemp.email,1,"AS47583 (AS-HOSTINGER, CY)"
bethlehemcenter-org.mail.protection.outlook.com,1,"AS8075 (MICROSOFT-CORP-MSN-AS-BLOCK - Microsoft Corporation, US)"
betget.com,1,"AS24940 (HETZNER-AS, DE)"
mail.bestpozitiv.ru,1,
mail.betkava.com,1,"AS16276 (OVH, FR)"
betbet.club,1,"AS14061 (DIGITALOCEAN-ASN - DigitalOcean, LLC, US)"
smtp-in.bev.net,1,"AS1312 (VA-TECH-AS - Virginia Polytechnic Institute and State Univ., US)"
mail.beverlytx.com,1,"AS47583 (AS-HOSTINGER, CY)"
mail.betmax88.net,1,"AS138915 (KAOPU-HK Kaopu Cloud HK Limited, HK)"
bevhattaway.com,1,"AS9009 (M247, RO)"
bfbs-com.mail.protection.outlook.com,1,"AS8075 (MICROSOFT-CORP-MSN-AS-BLOCK - Microsoft Corporation, US)"
me.bfirstmail.com,1,"AS12586 (ASGHOSTNET, DE)"
mail21.lh.pl,1,"AS203417 (LH, PL)"
mail.bg.extra-breast.info,1,"AS41079 (CF-GDA, PL)"
remote.bgbit.com,1,"AS51855 (NETCOMP, BG)"
bgob-com.mail.protection.outlook.com,1,"AS8075 (MICROSOFT-CORP-MSN-AS-BLOCK - Microsoft Corporation, US)"
mx0a-001d5301.pphosted.com,1,"AS26211 (PROOFPOINT-ASN-US-WEST - Proofpoint, Inc., US)"
mail.nance.com,1,"AS29873 (BIZLAND-SD - Newfold Digital, Inc., US)"
mail.bibie.me,1,"AS16276 (OVH, FR)"
smtp.truocloud.com,1,"AS16276 (OVH, FR)"
mail.bibliomail.ru,1,"AS12586 (ASGHOSTNET, DE)"
mail.bibliogrmail.com,1,"AS12586 (ASGHOSTNET, DE)"
mail.bibliograptomail.com,1,"AS12586 (ASGHOSTNET, DE)"
bibliopmail.com,1,"AS213702 (QWINS-LTD QWINS AS-SET: ~ # AS213702:AS-CUSTOMERS, GB)"
mail.biblimail.com,1,"AS12586 (ASGHOSTNET, DE)"
mail.bibliosalo.ru,1,"AS12586 (ASGHOSTNET, DE)"
mail.bibuolml.ru,1,"AS12586 (ASGHOSTNET, DE)"
bibi.biz.st,1,"AS16276 (OVH, FR)"
_dc-mx.1000f7e7a575.bidmay.com,1,"AS213652 (SUNUCUN-CLOUD, TR)"
mail.bicammail.com,1,"AS24940 (HETZNER-AS, DE)"
mx6.bidoubidou.com,1,
mx1.bieliznasklep.net,1,"AS200107 (KL-EXT, CH)"
mail.bientotmail.com,1,"AS12586 (ASGHOSTNET, DE)"
mail.bicentenebml.ru,1,"AS12586 (ASGHOSTNET, DE)"
mail.bibulfmail.ru,1,"AS12586 (ASGHOSTNET, DE)"
mail.biftinex.com,1,"AS214036 (ULTAHOST-AS, US)"
bifle.fr.nf,1,"AS16276 (OVH, FR)"
mail.bigemaiil.com,1,"AS12586 (ASGHOSTNET, DE)"
mail.biggestresourcelink.info,1,"AS8075 (MICROSOFT-CORP-MSN-AS-BLOCK - Microsoft Corporation, US)"
mx.bigprofessor.so,1,"AS14061 (DIGITALOCEAN-ASN - DigitalOcean, LLC, US)"
bigrocksolutions-com.mail.protection.outlook.com,1,"AS8075 (MICROSOFT-CORP-MSN-AS-BLOCK - Microsoft Corporation, US)"
mx1.bighost.bid,1,"AS200107 (KL-EXT, CH)"
mail.bettinoleather.com,1,"AS55293 (A2HOSTING - A2 Hosting, Inc., US)"
betmoon.net,1,"AS55286 (SERVER-MANIA - B2 Net Solutions Inc., CA)"
mx6.bikerbrat.com,1,
barracuda.bigthumb.com,1,"AS7018 (ATT-INTERNET4 - AT&T Enterprises, LLC, US)"
mail.bigvietnam.online,1,"AS19318 (IS-AS-1 - Interserver, Inc, US)"
bettymills-com.mail.protection.outlook.com,1,"AS8075 (MICROSOFT-CORP-MSN-AS-BLOCK - Microsoft Corporation, US)"
mx12.bigmir.net,1,"AS39468 (BIGMIR-INTERNET-AS, UA)"
extmail.bigpond.com,1,"AS1221 (ASN-TELSTRA Telstra Limited, AU)"
bilderbergmeetings-org.mail.protection.outlook.com,1,"AS8075 (MICROSOFT-CORP-MSN-AS-BLOCK - Microsoft Corporation, US)"
billseo.com,1,"AS47583 (AS-HOSTINGER, CY)"
mail.betting777.net,1,"AS138915 (KAOPU-HK Kaopu Cloud HK Limited, HK)"
mail.bigredmail.com,1,"AS24940 (HETZNER-AS, DE)"
mail.biliterfml.com,1,"AS12586 (ASGHOSTNET, DE)"
bigmood.net,1,"AS31477 (DUOCAST-AS, NL)"
mail.bigso.se,1,"AS3301 (TELIANET-SWEDEN Telia Company, SE)"
mail.bimart.com,1,"AS209 (CENTURYLINK-US-LEGACY-QWEST - CenturyLink Communications, LLC, US)"
mail.billieholidayhubs.click,1,"AS51167 (CONTABO, DE)"
bigwin333.org,1,"AS22612 (NAMECHEAP-NET - Namecheap, Inc., US)"
mail.binaryoption.store,1,"AS22612 (NAMECHEAP-NET - Namecheap, Inc., US)"
mail.binaryoption-navi.info,1,"AS22612 (NAMECHEAP-NET - Namecheap, Inc., US)"
binderworld-com01e.mail.protection.outlook.com,1,"AS8075 (MICROSOFT-CORP-MSN-AS-BLOCK - Microsoft Corporation, US)"
mail.bilance.com,1,"AS52030 (SERVERPLAN-AS, IT)"
bing-com.mail.protection.outlook.com,1,"AS8075 (MICROSOFT-CORP-MSN-AS-BLOCK - Microsoft Corporation, US)"
mail.binech.com,1,"AS14061 (DIGITALOCEAN-ASN - DigitalOcean, LLC, US)"
binaryoptions.monster,1,"AS197540 (NETCUP-AS netcup GmbH, DE)"
route.binefet.com,1,"AS14061 (DIGITALOCEAN-ASN - DigitalOcean, LLC, US)"
mail.bildirio.com,1,"AS24940 (HETZNER-AS, DE)"
binaryoptiontrader.site,1,"AS22612 (NAMECHEAP-NET - Namecheap, Inc., US)"
mx02.xinno.nl,1,"AS60781 (LEASEWEB-NL-AMS-01 Netherlands, NL)"
m.kjfds.com,1,"AS36352 (AS-COLOCROSSING - HostPapa, US)"
mail.bine.com,1,"AS8739 (ICDSOFT, BG)"
mail.biodynamail.ru,1,"AS12586 (ASGHOSTNET, DE)"
mail.biodegrmails.ru,1,"AS12586 (ASGHOSTNET, DE)"
mail.bioelectrof.ru,1,"AS12586 (ASGHOSTNET, DE)"
mail.biogeemail.ru,1,"AS12586 (ASGHOSTNET, DE)"
mail.bioelemail.ru,1,"AS12586 (ASGHOSTNET, DE)"
mail.biogeogfml.com,1,"AS12586 (ASGHOSTNET, DE)"
mail.biotmail.ru,1,"AS12586 (ASGHOSTNET, DE)"
mail.biometmil.ru,1,"AS12586 (ASGHOSTNET, DE)"
mail.biomrsmail.ru,1,"AS12586 (ASGHOSTNET, DE)"
mail.bioluminemail.ru,1,"AS12586 (ASGHOSTNET, DE)"
mail.bioelectrli.com,1,"AS12586 (ASGHOSTNET, DE)"
mail.biorsmail.ru,1,"AS12586 (ASGHOSTNET, DE)"
mail.biopotsemail.com,1,"AS12586 (ASGHOSTNET, DE)"
bioaccumail.com,1,"AS213702 (QWINS-LTD QWINS AS-SET: ~ # AS213702:AS-CUSTOMERS, GB)"
mail.biosysfl.com,1,"AS12586 (ASGHOSTNET, DE)"
bipartisanpolicy-org.mail.protection.outlook.com,1,"AS8075 (MICROSOFT-CORP-MSN-AS-BLOCK - Microsoft Corporation, US)"
mail.bioinstrumenmy.com,1,"AS12586 (ASGHOSTNET, DE)"
mail.biostatifmail.ru,1,"AS12586 (ASGHOSTNET, DE)"
mail.bip.nyc,1,"AS40021 (CONTABO-40021 - Contabo Inc., US)"
binaryoptionstrade.monster,1,"AS197540 (NETCUP-AS netcup GmbH, DE)"
mail.bipaustin.com,1,"AS40021 (CONTABO-40021 - Contabo Inc., US)"
mail.bipamerican.com,1,"AS40021 (CONTABO-40021 - Contabo Inc., US)"
mail.bipillinois.com,1,"AS40021 (CONTABO-40021 - Contabo Inc., US)"
mail.bipatl.com,1,"AS40021 (CONTABO-40021 - Contabo Inc., US)"
mail.bipdallas.com,1,"AS40021 (CONTABO-40021 - Contabo Inc., US)"
mail.biplosangeles.com,1,"AS40021 (CONTABO-40021 - Contabo Inc., US)"
mail.bipamerica.us,1,"AS40021 (CONTABO-40021 - Contabo Inc., US)"
mail.bigx.com,1,"AS209561 (DVGLOBALBV, NL)"
mail.bipamerica.co,1,"AS40021 (CONTABO-40021 - Contabo Inc., US)"
mail.biphouston.com,1,"AS40021 (CONTABO-40021 - Contabo Inc., US)"
mail.bipny.com,1,"AS40021 (CONTABO-40021 - Contabo Inc., US)"
mail.biphoo.in,1,"AS40021 (CONTABO-40021 - Contabo Inc., US)"
mail.bipprime.net,1,"AS63023 (AS-GLOBALTELEHOST - GTHost, US)"
mail.bipamerica.net,1,"AS40021 (CONTABO-40021 - Contabo Inc., US)"
mail.biphoo.ca,1,"AS40021 (CONTABO-40021 - Contabo Inc., US)"
bisco-com.mail.protection.outlook.com,1,"AS8075 (MICROSOFT-CORP-MSN-AS-BLOCK - Microsoft Corporation, US)"
mail.bipbiz.com,1,"AS40021 (CONTABO-40021 - Contabo Inc., US)"
mail.bipindianalopis.com,1,"AS40021 (CONTABO-40021 - Contabo Inc., US)"
mail.bipdenver.com,1,"AS40021 (CONTABO-40021 - Contabo Inc., US)"
mail.bioncore.com,1,"AS25504 (CRONON-AS Obermuensterstr. 9, DE)"
mail.bipfortworth.com,1,"AS40021 (CONTABO-40021 - Contabo Inc., US)"
mail.bipprime.com,1,"AS51167 (CONTABO, DE)"
mail.bitcoin-miner.shop,1,"AS19318 (IS-AS-1 - Interserver, Inc, US)"
mail.bipam.net,1,"AS51167 (CONTABO, DE)"
mail.bitbet.com,1,"AS52423 (Data Miners S.A. Racknation.cr , CR)"
custommail.hyperoffice.com,1,
mx3.oderland.com,1,"AS44136 (ASODERLAND, SE)"
mail.bipdetroit.com,1,"AS51167 (CONTABO, DE)"
mail.bipmilwaukee.com,1,"AS51167 (CONTABO, DE)"
mail.biplasvegas.com,1,"AS51167 (CONTABO, DE)"
mail.gerds.space,1,"AS20473 (AS-VULTR - The Constant Company, LLC, US)"
mail.bipamerica.info,1,"AS51167 (CONTABO, DE)"
mail.bipluxuryapts.com,1,"AS51167 (CONTABO, DE)"
mail.bipmiamifl.com,1,"AS51167 (CONTABO, DE)"
mail.bipmemphis.com,1,"AS51167 (CONTABO, DE)"
mail.bipsanantonio.com,1,"AS51167 (CONTABO, DE)"
mx.bissabiss.com,1,"AS14061 (DIGITALOCEAN-ASN - DigitalOcean, LLC, US)"
mail.biphoo.uk,1,"AS40021 (CONTABO-40021 - Contabo Inc., US)"
mail.bipko.biz,1,"AS51167 (CONTABO, DE)"
mxb-0032ee01.gslb.pphosted.com,1,"AS22843 (PROOFPOINT-ASN-US-EAST - Proofpoint, Inc., US)"
mail.bipdeals.com,1,"AS51167 (CONTABO, DE)"
biso.com,1,"AS22612 (NAMECHEAP-NET - Namecheap, Inc., US)"
bitfinexe.com,1,"AS52148 (ENIXLTD, GB)"
bitestudios-com.mail.protection.outlook.com,1,"AS8075 (MICROSOFT-CORP-MSN-AS-BLOCK - Microsoft Corporation, US)"
mx1.hc189923.iphmx.com,1,"AS16417 (IRONPORT-SYSTEMS-INC - Cisco Systems Ironport Division, US)"
mx1.bitlly.xyz,1,"AS200107 (KL-EXT, CH)"
biti-com.mail.protection.outlook.com,1,"AS8075 (MICROSOFT-CORP-MSN-AS-BLOCK - Microsoft Corporation, US)"
p3plzcpnl506991.prod.phx3.secureserver.net,1,"AS398101 (GO-DADDY-COM-LLC - GoDaddy.com, LLC, US)"
mail.bitqate.com,1,"AS400596 (ELIXIOR-CLOUD - Technologies Elixior, CA)"
bitmart-com.mail.protection.outlook.com,1,"AS8075 (MICROSOFT-CORP-MSN-AS-BLOCK - Microsoft Corporation, US)"
bitmarte-com.mail.protection.outlook.com,1,"AS8075 (MICROSOFT-CORP-MSN-AS-BLOCK - Microsoft Corporation, US)"
mail.biphoo.eu,1,"AS51167 (CONTABO, DE)"
mail.bitsom.com,1,"AS19871 (NETWORK-SOLUTIONS-HOSTING - Network Solutions, LLC, US)"
bito-com.mail.protection.outlook.com,1,"AS8075 (MICROSOFT-CORP-MSN-AS-BLOCK - Microsoft Corporation, US)"
mail.bizhostmail.com,1,"AS14061 (DIGITALOCEAN-ASN - DigitalOcean, LLC, US)"
biz.st,1,"AS16276 (OVH, FR)"
mail.bkbcom.com,1,"AS152992 (DATAONLINE-VN ONLINE DATA COMPANY LIMITED, VN)"
mx6.bizzinfos.info,1,
_dc-mx.3a4d7e6da026.bktmart.com,1,"AS199404 (WHG-IN, GB)"
_dc-mx.3dba39d11062.blackhatninjas.com,1,"AS27323 (SERVERSTADIUM - Wowrack.com, US)"
mail.black1mail.com,1,"AS12586 (ASGHOSTNET, DE)"
mail.blackholeop.com,1,"AS12586 (ASGHOSTNET, DE)"
mail01.blackinbox.org,1,"AS36351 (SOFTLAYER - IBM Cloud, US)"
mail.bizuteriazklasa.pl,1,"AS24940 (HETZNER-AS, DE)"
mx2.blackbird.ws,1,"AS200107 (KL-EXT, CH)"
mail.bizwork.top,1,"AS63949 (AKAMAI-LINODE-AP Akamai Connected Cloud, SG)"
mail.bjmo.com,1,"AS34941 (CYBERCOM-AS, SE)"
blank-com.mail.protection.outlook.com,1,
mail.blastforward.net,1,"AS21499 (GODADDY-SXB, DE)"
mail.bipamerica.com,1,
blinkmail.space,1,"AS36352 (AS-COLOCROSSING - HostPapa, US)"
mail.blinkinbox.com,1,"AS16276 (OVH, FR)"
mx1.blinkweb.bid,1,"AS200107 (KL-EXT, CH)"
mx.bloc.quebec.cust.a.hostedemail.com,1,"AS15348 (TUCOWS - Tucows.com Co., CA)"
mx.blockhouseco.com,1,"AS29873 (BIZLAND-SD - Newfold Digital, Inc., US)"
mx.blockhousecalifornia.com,1,"AS29873 (BIZLAND-SD - Newfold Digital, Inc., US)"
mail.bitsyo.com,1,"AS48635 (CLDIN-NL Your Hosting B.V. part of Your.Online, NL)"
mx2.blinkweb.top,1,"AS200107 (KL-EXT, CH)"
mail.blockgemini.org,1,"AS174 (COGENT-174 - Cogent Communications, LLC, US)"
mx.blog4us.eu,1,"AS14061 (DIGITALOCEAN-ASN - DigitalOcean, LLC, US)"
mx.blog-galaxy.com,1,"AS20473 (AS-VULTR - The Constant Company, LLC, US)"
blo.com,1,"AS46652 (SERVERSTACK-ASN - DigitalOcean, LLC, US)"
blocquebecois.quebec,1,"AS36666 (GTCOMM - GloboTech Communications, CA)"
mx.yourelection.net,1,"AS54290 (HOSTWINDS - Hostwinds LLC., US)"
blocked-drains-bushey.co.uk,1,"AS42831 (UKSERVERS-AS UK Dedicated Servers, Hosting and Co-Location, GB)"
_dc-mx.ec6fa29f68da.blogbuildingu.com,1,"AS22612 (NAMECHEAP-NET - Namecheap, Inc., US)"
mail.blogging.com,1,
mx1.bloggingpro.fun,1,"AS200107 (KL-EXT, CH)"
mail.bloggersxmi.com,1,"AS47583 (AS-HOSTINGER, CY)"
mail.blogerspace.com,1,"AS44486 (SYNLINQ synlinq.de, DE)"
blog-net-gr.mail.protection.outlook.com,1,
mx1.bloggingnow.site,1,"AS200107 (KL-EXT, CH)"
mx1.bloggingnow.info,1,"AS200107 (KL-EXT, CH)"
mail.blogos.net,1,"AS46606 (UNIFIEDLAYER-AS-1 - Unified Layer, US)"
mail.blogosfer.com,1,"AS63949 (AKAMAI-LINODE-AP Akamai Connected Cloud, SG)"
blogiddaa.xyz,1,"AS24940 (HETZNER-AS, DE)"
mail.biologybookworld.com,1,"AS201909 (INTELI-TECH-DEVELOPMENT-SRL, RO)"
mail.blogdynamics.com,1,"AS210878 (TREADSTONE-AS, RO)"
mail.binbx.net,1,"AS24940 (HETZNER-AS, DE)"
mail.typepad.com,1,"AS16509 (AMAZON-02 - Amazon.com, Inc., US)"
blogtron.com,1,"AS12876 (Online SAS, FR)"
mx1.blogster.info,1,"AS200107 (KL-EXT, CH)"
mail.bipjacksonville.com,1,"AS40021 (CONTABO-40021 - Contabo Inc., US)"
mail.biosysml.ru,1,"AS12586 (ASGHOSTNET, DE)"
mx1.bloggingpro.info,1,"AS200107 (KL-EXT, CH)"
mail.bipapartments.com,1,"AS40021 (CONTABO-40021 - Contabo Inc., US)"
mail.bipcolumbus.com,1,"AS40021 (CONTABO-40021 - Contabo Inc., US)"
mail.blondmail.com,1,"AS16276 (OVH, FR)"
mail.bipcharlotte.com,1,"AS40021 (CONTABO-40021 - Contabo Inc., US)"
mail.bloombridals.com,1,"AS24940 (HETZNER-AS, DE)"
mail.bipjobs.com,1,"AS51167 (CONTABO, DE)"
mailhosting.in.rs,1,"AS24940 (HETZNER-AS, DE)"
mx6.bloomning.net,1,
blogwebsite.top,1,"AS51167 (CONTABO, DE)"
mail.bluelawllp.com,1,"AS8075 (MICROSOFT-CORP-MSN-AS-BLOCK - Microsoft Corporation, US)"
mx2.hostmailer.xyz,1,"AS16276 (OVH, FR)"
bluedream-com-au.mail.protection.outlook.com,1,"AS8075 (MICROSOFT-CORP-MSN-AS-BLOCK - Microsoft Corporation, US)"
mxa-001e9e01.gslb.pphosted.com,1,"AS22843 (PROOFPOINT-ASN-US-EAST - Proofpoint, Inc., US)"
mail.bloumemail.com,1,"AS198825 (VERYCLOUD-SAS, FR)"
mail.bloog-24.com,1,"AS16276 (OVH, FR)"
bluecyber-com-br.mail.protection.outlook.com,1,"AS8075 (MICROSOFT-CORP-MSN-AS-BLOCK - Microsoft Corporation, US)"
mailstore1.blueportalmail.com,1,"AS14061 (DIGITALOCEAN-ASN - DigitalOcean, LLC, US)"
bluewebdesigns.com,1,"AS40092 (ONIAAS - HostPapa, US)"
mail0001.blueonder.co.uk,1,"AS24940 (HETZNER-AS, DE)"
mail.bltiwd.com,1,"AS24940 (HETZNER-AS, DE)"
mail0001.blueyoner.co.uk,1,"AS24940 (HETZNER-AS, DE)"
mail0001.blueyoder.co.uk,1,"AS24940 (HETZNER-AS, DE)"
mail.mixtmedia.ro,1,"AS51167 (CONTABO, DE)"
mail.bluestonefield.vip,1,"AS214996 (NETCUP, DE)"
mail.bluvisio.de,1,"AS203329 (ESHELTER, DE)"
mxa-0059cf01.gslb.pphosted.com,1,"AS22843 (PROOFPOINT-ASN-US-EAST - Proofpoint, Inc., US)"
mx.bitsi.com,1,"AS29873 (BIZLAND-SD - Newfold Digital, Inc., US)"
mx2.blucd.org,1,"AS24940 (HETZNER-AS, DE)"
mail.blockchainanddefinews.com,1,"AS51167 (CONTABO, DE)"
mx01.p.bluenet.ch,1,"AS16509 (AMAZON-02 - Amazon.com, Inc., US)"
bm-o.com,1,"AS131965 (XSERVER Xserver Inc., JP)"
bmg-com.mail.protection.outlook.com,1,"AS8075 (MICROSOFT-CORP-MSN-AS-BLOCK - Microsoft Corporation, US)"
mxb-00277d01.gslb.pphosted.com,1,"AS26211 (PROOFPOINT-ASN-US-WEST - Proofpoint, Inc., US)"
bmo5-com.mail.protection.outlook.com,1,"AS8075 (MICROSOFT-CORP-MSN-AS-BLOCK - Microsoft Corporation, US)"
mailroot8.namespro.ca,1,"AS55286 (SERVER-MANIA - B2 Net Solutions Inc., CA)"
poczta.blulapka.pl,1,"AS31242 (TKPSA-AS, PL)"
smtp-in.blu.it,1,"AS8660 (MATRIX-AS, IT)"
bmtmart.com,1,"AS58487 (CRI-AS-AP CV. Rumahweb Indonesia, ID)"
mail.bmomento.com,1,"AS210403 (LWS, FR)"
mx1.hc324-48.eu.iphmx.com,1,"AS30238 (AS-IRONP-VEGA - Cisco Systems Ironport Division, US)"
bnintl-com.mail.protection.outlook.com,1,"AS8075 (MICROSOFT-CORP-MSN-AS-BLOCK - Microsoft Corporation, US)"
bngx-com.mail.protection.outlook.com,1,"AS8075 (MICROSOFT-CORP-MSN-AS-BLOCK - Microsoft Corporation, US)"
mxa-00157d02.gslb.pphosted.com,1,"AS26211 (PROOFPOINT-ASN-US-WEST - Proofpoint, Inc., US)"
mail.binmail.co,1,"AS53589 (PLANETHOSTER-8 - PlanetHoster, CA)"
biosoznanie.ru,1,
mail.boatmail.us,1,"AS47583 (AS-HOSTINGER, CY)"
1-grid-mx02.co.za,1,"AS16509 (AMAZON-02 - Amazon.com, Inc., US)"
colo2f4.boardth.com,1,"AS14061 (DIGITALOCEAN-ASN - DigitalOcean, LLC, US)"
mail.bocilaws.club,1,"AS51167 (CONTABO, DE)"
mxa-001a2001.gslb.pphosted.com,1,"AS26211 (PROOFPOINT-ASN-US-WEST - Proofpoint, Inc., US)"
bobocooler.com,1,"AS28753 (LEASEWEB-DE-FRA-10, DE)"
mail.bnro.com,1,"AS12657 (BAYCIX Benzstr. 13, DE)"
mx.bodyscrubrecipes.com,1,"AS14061 (DIGITALOCEAN-ASN - DigitalOcean, LLC, US)"
mx1.hostinger.kr,1,"AS13335 (CLOUDFLARENET - Cloudflare, Inc., US)"
mail.boftm.com,1,"AS14061 (DIGITALOCEAN-ASN - DigitalOcean, LLC, US)"
mx.emea.email.fireeyecloud.com,1,"AS16509 (AMAZON-02 - Amazon.com, Inc., US)"
mail.boixi.com,1,"AS14061 (DIGITALOCEAN-ASN - DigitalOcean, LLC, US)"
mail.boldvisionmail.com,1,"AS12586 (ASGHOSTNET, DE)"
mail.bolivianomail.com,1,"AS12586 (ASGHOSTNET, DE)"
bola208.com,1,"AS22612 (NAMECHEAP-NET - Namecheap, Inc., US)"
mx1.boinkmas.top,1,"AS200107 (KL-EXT, CH)"
mail.bolsosalpormayor.com,1,"AS24940 (HETZNER-AS, DE)"
boneng-us.mail.protection.outlook.com,1,"AS8075 (MICROSOFT-CORP-MSN-AS-BLOCK - Microsoft Corporation, US)"
mxb-0009a802.gslb.pphosted.com,1,"AS22843 (PROOFPOINT-ASN-US-EAST - Proofpoint, Inc., US)"
mail.bonggdalu.site,1,"AS22612 (NAMECHEAP-NET - Namecheap, Inc., US)"
mx1.blacksburg.net,1,"AS7922 (COMCAST-7922 - Comcast Cable Communications, LLC, US)"
fusion-relay.mxrouting.net,1,"AS46261 (QUICKPACKET - QuickPacket, LLC, US)"
mail.bonjourfmail.com,1,"AS12586 (ASGHOSTNET, DE)"
mail.bonia.com,1,"AS55720 (GIGABIT-MY Gigabit Hosting Sdn Bhd, MY)"
bonnellproject.org,1,"AS14061 (DIGITALOCEAN-ASN - DigitalOcean, LLC, US)"
bmm-com.mail.protection.outlook.com,1,"AS8075 (MICROSOFT-CORP-MSN-AS-BLOCK - Microsoft Corporation, US)"
bon-maison.com,1,"AS31898 (ORACLE-BMC-31898 - Oracle Corporation, US)"
boo-com.mail.protection.outlook.com,1,"AS8075 (MICROSOFT-CORP-MSN-AS-BLOCK - Microsoft Corporation, US)"
booktonlook.com,1,"AS13335 (CLOUDFLARENET - Cloudflare, Inc., US)"
mail.boommail.online,1,"AS40021 (CONTABO-40021 - Contabo Inc., US)"
bndtla-com.mail.protection.outlook.com,1,"AS8075 (MICROSOFT-CORP-MSN-AS-BLOCK - Microsoft Corporation, US)"
mail.boomito.com,1,"AS47583 (AS-HOSTINGER, CY)"
mx1.booktoplady.com,1,"AS200107 (KL-EXT, CH)"
mail.boostoid.com,1,"AS63949 (AKAMAI-LINODE-AP Akamai Connected Cloud, SG)"
mail.booka.info,1,"AS50132 (WRG-AS, GB)"
bnymellonn-com.mail.protection.outlook.com,1,"AS8075 (MICROSOFT-CORP-MSN-AS-BLOCK - Microsoft Corporation, US)"
mx.bookwhiptrips.com,1,"AS16509 (AMAZON-02 - Amazon.com, Inc., US)"
_dc-mx.84863473576d.bobkasus.site,1,"AS216071 (VDSINA, AE)"
mail.bormasmail.com,1,"AS12586 (ASGHOSTNET, DE)"
m.blouseness.com,1,"AS14061 (DIGITALOCEAN-ASN - DigitalOcean, LLC, US)"
bookingzagreb.com,1,"AS12417 (DHH-AS, HR)"
bosca-com.mail.protection.outlook.com,1,"AS8075 (MICROSOFT-CORP-MSN-AS-BLOCK - Microsoft Corporation, US)"
257083856.pamx1.hotmail.com,1,"AS8075 (MICROSOFT-CORP-MSN-AS-BLOCK - Microsoft Corporation, US)"
mail.bothriocepmil.ru,1,"AS12586 (ASGHOSTNET, DE)"
mail.botryomail.com,1,"AS12586 (ASGHOSTNET, DE)"
mail.boun.cr,1,"AS14061 (DIGITALOCEAN-ASN - DigitalOcean, LLC, US)"
spf0.boukshilf.com,1,"AS14061 (DIGITALOCEAN-ASN - DigitalOcean, LLC, US)"
mx.freenet.de,1,"AS8648 (ONE-NETWORK, DE)"
mx6.bottesuggds.com,1,
mail.bouterk.com,1,"AS12586 (ASGHOSTNET, DE)"
mail.boxformail.in,1,"AS24940 (HETZNER-AS, DE)"
mail.boxmail.store,1,"AS135918 (DVS-AS-VN VIET DIGITAL TECHNOLOGY LIABILITY COMPANY, VN)"
mx1.boxa.host,1,"AS200107 (KL-EXT, CH)"
box-co-uk.mail.protection.outlook.com,1,"AS8075 (MICROSOFT-CORP-MSN-AS-BLOCK - Microsoft Corporation, US)"
mx1.boxmail.lol,1,"AS200107 (KL-EXT, CH)"
mail.boxnavi.com,1,"AS14061 (DIGITALOCEAN-ASN - DigitalOcean, LLC, US)"
_dc-mx.f72b326c5e9e.bol188.com,1,"AS54290 (HOSTWINDS - Hostwinds LLC., US)"
mail.opsengine.net,1,"AS16276 (OVH, FR)"
bolatiga.com,1,"AS19318 (IS-AS-1 - Interserver, Inc, US)"
mail.bpham.info,1,"AS25532 (MASTERHOST-AS Moscow, Russia, RU)"
mail.box-mail.ru,1,"AS204997 (FIRSTBYTE-AS, GB)"
mail.boxmus.com,1,"AS55688 (BEON-AS-ID PT. Beon Intermedia, ID)"
mail.boldtype.ink,1,"AS20473 (AS-VULTR - The Constant Company, LLC, US)"
bqm2dyl.com,1,"AS47583 (AS-HOSTINGER, CY)"
bqhonda.com,1,"AS47583 (AS-HOSTINGER, CY)"
bpornd.com,1,"AS27589 (MOJOHOST - MOJOHOST, US)"
br53dd.com,1,"AS7393 (CYBERCON - CYBERCON, INC., US)"
alt3.gmr-smtp-in.l.google.com,1,"AS15169 (GOOGLE - Google LLC, US)"
mail.brachioganmail.ru,1,"AS12586 (ASGHOSTNET, DE)"
mail.brachydsalo.ru,1,"AS12586 (ASGHOSTNET, DE)"
mail.brachistocepmails.ru,1,"AS12586 (ASGHOSTNET, DE)"
mail.brachioinf.com,1,"AS12586 (ASGHOSTNET, DE)"
mx1.bqhost.top,1,"AS200107 (KL-EXT, CH)"
mail.braloon.com,1,"AS47583 (AS-HOSTINGER, CY)"
brainsworld-com.mail.protection.outlook.com,1,"AS8075 (MICROSOFT-CORP-MSN-AS-BLOCK - Microsoft Corporation, US)"
mx1.brand-app.biz,1,"AS200107 (KL-EXT, CH)"
mail.bonsoirmail.com,1,"AS12586 (ASGHOSTNET, DE)"
braw-com.mail.protection.outlook.com,1,"AS8075 (MICROSOFT-CORP-MSN-AS-BLOCK - Microsoft Corporation, US)"
mailwall.digionline.de,1,"AS8220 (COLT COLT Technology Services Group Limited, GB)"
mail.brajer.pl,1,"AS50599 (Autonomous System for Dataspace P.S.A., PL)"
w2cdkcolo3.breaite.com,1,"AS14061 (DIGITALOCEAN-ASN - DigitalOcean, LLC, US)"
mail.breackmail.com,1,"AS12586 (ASGHOSTNET, DE)"
mail.brasilybelleza.com,1,"AS12876 (Online SAS, FR)"
mail.gw.brainstorm.bg,1,"AS50020 (RACCOM-AS, BG)"
mail.breatheyou.in,1,"AS39287 (ABSTRACT, FI)"
brexiten.com,1,"AS7393 (CYBERCON - CYBERCON, INC., US)"
mail.brevifomil.ru,1,"AS12586 (ASGHOSTNET, DE)"
brickrodeosteam.org,1,"AS16509 (AMAZON-02 - Amazon.com, Inc., US)"
briarsgolf-com.mail.protection.outlook.com,1,"AS8075 (MICROSOFT-CORP-MSN-AS-BLOCK - Microsoft Corporation, US)"
brighterbay-com.mail.protection.outlook.com,1,"AS8075 (MICROSOFT-CORP-MSN-AS-BLOCK - Microsoft Corporation, US)"
brightenmail.com,1,"AS47583 (AS-HOSTINGER, CY)"
briefcase-com.mail.protection.outlook.com,1,"AS8075 (MICROSOFT-CORP-MSN-AS-BLOCK - Microsoft Corporation, US)"
mail.brightpathassociates.com,1,"AS14061 (DIGITALOCEAN-ASN - DigitalOcean, LLC, US)"
mail.brightlightmail.com,1,"AS12586 (ASGHOSTNET, DE)"
_dc-mx.30d045945563.brillob.com,1,"AS141995 (CAPL-AS-AP Contabo Asia Private Limited, SG)"
mail.brightfuturemail.com,1,"AS12586 (ASGHOSTNET, DE)"
britbox-com.mail.protection.outlook.com,1,"AS8075 (MICROSOFT-CORP-MSN-AS-BLOCK - Microsoft Corporation, US)"
brite-mail.com,1,"AS20860 (IOMART-AS, GB)"
brite.email,1,"AS20860 (IOMART-AS, GB)"
bro.com,1,"AS54641 (IMH-IAD - InMotion Hosting, Inc., US)"
mail.brkngbdmail.com,1,"AS12586 (ASGHOSTNET, DE)"
broadnetalliance.org,1,"AS200313 (INTERNET-IT, VG)"
mx1.brinkvideo.win,1,"AS200107 (KL-EXT, CH)"
d277939a.ess.barracudanetworks.com,1,"AS16509 (AMAZON-02 - Amazon.com, Inc., US)"
level3mx.brokenion.com,1,"AS14061 (DIGITALOCEAN-ASN - DigitalOcean, LLC, US)"
mx1.hc5744-77.iphmx.com,1,"AS16417 (IRONPORT-SYSTEMS-INC - Cisco Systems Ironport Division, US)"
dnsmx.broothi.com,1,"AS14061 (DIGITALOCEAN-ASN - DigitalOcean, LLC, US)"
browardworkshop-com.mail.protection.outlook.com,1,"AS8075 (MICROSOFT-CORP-MSN-AS-BLOCK - Microsoft Corporation, US)"
smtp.brunosamericangrill.com,1,"AS16276 (OVH, FR)"
colo1.brrval.com,1,"AS14061 (DIGITALOCEAN-ASN - DigitalOcean, LLC, US)"
edge.bruhdanmail.in.ua,1,"AS20473 (AS-VULTR - The Constant Company, LLC, US)"
mail.bsaloving.com,1,"AS47583 (AS-HOSTINGER, CY)"
smtp.gwh.cz,1,"AS48364 (ACVYSKOV-AS, CZ)"
mx2.bseomail.com,1,"AS200107 (KL-EXT, CH)"
mail.bsget.com,1,"AS16276 (OVH, FR)"
mail3.bsnow.net,1,
mail.boykmail.com,1,"AS12586 (ASGHOSTNET, DE)"
btgroupcloud-mail-onmicrosoft-com.mail.protection.outlook.com,1,"AS8075 (MICROSOFT-CORP-MSN-AS-BLOCK - Microsoft Corporation, US)"
mail.bozev.com,1,"AS132203 (TENCENT-NET-AP-CN Tencent Building, Kejizhongyi Avenue, CN)"
mail.box-email.ru,1,"AS29182 (RU-JSCIOT, RU)"
mail.boxtemp.com.br,1,"AS63949 (AKAMAI-LINODE-AP Akamai Connected Cloud, SG)"
spbox2.bmp.net.id,1,"AS63949 (AKAMAI-LINODE-AP Akamai Connected Cloud, SG)"
mail.bronix.ru,1,"AS48716 (PSKZ-ALA, KZ)"
helium.btintermet.com,1,"AS14061 (DIGITALOCEAN-ASN - DigitalOcean, LLC, US)"
btconnect-com.mail.eo.outlook.com,1,"AS8075 (MICROSOFT-CORP-MSN-AS-BLOCK - Microsoft Corporation, US)"
mx1.btintinternet.com,1,"AS200107 (KL-EXT, CH)"
btx.com.1.0001.arsmtp.com,1,"AS53780 (AS-APPRIVER - APPRIVER LLC, US)"
mail01.buchananinbox.com,1,"AS36351 (SOFTLAYER - IBM Cloud, US)"
buckeyelegal-com.mail.protection.outlook.com,1,"AS8075 (MICROSOFT-CORP-MSN-AS-BLOCK - Microsoft Corporation, US)"
mail.boxppy.ru,1,"AS44094 (WEBHOST1-AS, RU)"
mail.buidoicholon.space,1,"AS22612 (NAMECHEAP-NET - Namecheap, Inc., US)"
a311514.mx.mailhop.org,1,"AS16509 (AMAZON-02 - Amazon.com, Inc., US)"
host.augmentj.com,1,"AS32244 (LIQUIDWEB - Liquid Web, L.L.C, US)"
buhori.cloud,1,"AS63949 (AKAMAI-LINODE-AP Akamai Connected Cloud, SG)"
mail.buffsmail.com,1,"AS12586 (ASGHOSTNET, DE)"
mx1.hostinger.co.uk,1,"AS13335 (CLOUDFLARENET - Cloudflare, Inc., US)"
mx.building-bridges.com.cust.a.hostedemail.com,1,
mx1.bugmenever.com,1,"AS200107 (KL-EXT, CH)"
buerkle-schoeck-de.mail.cloud.nospamproxy.com,1,"AS16509 (AMAZON-02 - Amazon.com, Inc., US)"
mail.bulletsmail.com,1,"AS12586 (ASGHOSTNET, DE)"
tarpit.bumpymail.com,1,
156939929.pamx1.hotmail.com,1,"AS8075 (MICROSOFT-CORP-MSN-AS-BLOCK - Microsoft Corporation, US)"
bullsheathleather-com.mail.protection.outlook.com,1,"AS8075 (MICROSOFT-CORP-MSN-AS-BLOCK - Microsoft Corporation, US)"
mail.bune.pw,1,"AS24940 (HETZNER-AS, DE)"
bungx-com.mail.protection.outlook.com,1,
mail.bulksmsmobilemarketing.com,1,"AS18501 (JOESD-18501 - CyberCloud Professionals LLC, US)"
mail.burnermail.io,1,"AS63949 (AKAMAI-LINODE-AP Akamai Connected Cloud, SG)"
bookz.site,1,"AS399250 (NAMEHERO-KCDC - Name Hero, LLC, US)"
mx1.friendfinder.com,1,"AS25875 (VARIOUS - FriendFinder Networks Inc, US)"
mail.bureaucraemail.ru,1,"AS12586 (ASGHOSTNET, DE)"
mail.burgermailcomp.com,1,"AS9009 (M247, RO)"
businessmailsystem.com,1,"AS32244 (LIQUIDWEB - Liquid Web, L.L.C, US)"
mail.burnerinbox.net,1,"AS24940 (HETZNER-AS, DE)"
_dc-mx.a8fe081fcf40.businessinboxpro.com,1,"AS18450 (WEBNX - WebNX, Inc., US)"
mail.businessinfoservicess.com,1,"AS212317 (HETZNER-CLOUD3-AS, DE)"
businessproja-com.mail.protection.outlook.com,1,"AS8075 (MICROSOFT-CORP-MSN-AS-BLOCK - Microsoft Corporation, US)"
mail.busyresourcebroker.info,1,"AS8075 (MICROSOFT-CORP-MSN-AS-BLOCK - Microsoft Corporation, US)"
colo3.bushance.com,1,"AS14061 (DIGITALOCEAN-ASN - DigitalOcean, LLC, US)"
aquera-com.mail.protection.outlook.com,1,"AS8075 (MICROSOFT-CORP-MSN-AS-BLOCK - Microsoft Corporation, US)"
mail.butter9x.com,1,"AS47583 (AS-HOSTINGER, CY)"
bak002igozsx7.butcherity.com,1,"AS14061 (DIGITALOCEAN-ASN - DigitalOcean, LLC, US)"
mail.bus-motors.com,1,"AS29182 (RU-JSCIOT, RU)"
mail.arachmail.com,1,"AS12586 (ASGHOSTNET, DE)"
mxdm-us-east-1.aliyun.com,1,"AS45102 (ALIBABA-CN-NET Alibaba US Technology Co., Ltd., CN)"
mail.arbumasa.com,1,"AS10834 (Telefonica de Argentina, AR)"
mail.ararebml.ru,1,"AS12586 (ASGHOSTNET, DE)"
buyblindsnow-com.mail.protection.outlook.com,1,"AS8075 (MICROSOFT-CORP-MSN-AS-BLOCK - Microsoft Corporation, US)"
mail.arborimale.com,1,"AS12586 (ASGHOSTNET, DE)"
mail.arcadein.com,1,"AS14061 (DIGITALOCEAN-ASN - DigitalOcean, LLC, US)"
mail.bruson.ru,1,"AS44094 (WEBHOST1-AS, RU)"
mail.arbitrazhnyee-yuristy.ru,1,"AS50340 (SELECTEL-MSK, RU)"
mail.archaeoloruby.ru,1,"AS12586 (ASGHOSTNET, DE)"
mail.archaeolli.com,1,"AS12586 (ASGHOSTNET, DE)"
mx.buygolfmall.com,1,"AS14061 (DIGITALOCEAN-ASN - DigitalOcean, LLC, US)"
mail.archeologmails.ru,1,"AS12586 (ASGHOSTNET, DE)"
mail.archaeolfml.ru,1,"AS12586 (ASGHOSTNET, DE)"
buymotors-online.mail.protection.outlook.com,1,"AS8075 (MICROSOFT-CORP-MSN-AS-BLOCK - Microsoft Corporation, US)"
arcsig.com,1,"AS12876 (Online SAS, FR)"
mail.archididmalis.com,1,"AS12586 (ASGHOSTNET, DE)"
mail.architersmail.ru,1,"AS12586 (ASGHOSTNET, DE)"
mx-asp.arcleti.com,1,"AS14061 (DIGITALOCEAN-ASN - DigitalOcean, LLC, US)"
mail.buyteen.com,1,"AS22612 (NAMECHEAP-NET - Namecheap, Inc., US)"
mail.buysrilanka.com,1,"AS53667 (PONYNET - FranTech Solutions, US)"
domain-hk-1.cuiqiu.net,1,"AS132203 (TENCENT-NET-AP-CN Tencent Building, Kejizhongyi Avenue, CN)"
buymoreplays.com,1,"AS32475 (SINGLEHOP-LLC - Internap Holding LLC, US)"
mail.arcompus.net,1,"AS59580 (BATTERFLYAIMEDIA-AS, RU)"
mail.argumentativethesis.com,1,"AS209605 (HOSTBALTIC, LT)"
mail.argumenils.ru,1,"AS12586 (ASGHOSTNET, DE)"
area-thinking.de,1,"AS1299 (TWELVE99 Arelion, fka Telia Carrier, SE)"
mail.arhshtab.ru,1,"AS210079 (EUROBYTE, RU)"
arifmahmud-com.mail.protection.outlook.com,1,"AS8075 (MICROSOFT-CORP-MSN-AS-BLOCK - Microsoft Corporation, US)"
arimaclanka-com.mail.protection.outlook.com,1,"AS8075 (MICROSOFT-CORP-MSN-AS-BLOCK - Microsoft Corporation, US)"
mail.arimidex.website,1,"AS46606 (UNIFIEDLAYER-AS-1 - Unified Layer, US)"
mail.aridasarip.ru,1,"AS200487 (OOOVPS-AS, RU)"
arisecreation-com.mail.protection.outlook.com,1,
mail.aristemail.ru,1,"AS12586 (ASGHOSTNET, DE)"
mail.arithmmail.ru,1,"AS12586 (ASGHOSTNET, DE)"
arisenet-com.mail.protection.outlook.com,1,"AS8075 (MICROSOFT-CORP-MSN-AS-BLOCK - Microsoft Corporation, US)"
mx.mail.hosting-russia.ru,1,"AS202984 (TEAM-HOST AS, RU)"
trymonocle-com.mail.protection.outlook.com,1,"AS8075 (MICROSOFT-CORP-MSN-AS-BLOCK - Microsoft Corporation, US)"
mx-vip-01.kinghost.net,1,"AS28299 (LWSA SA, BR)"
mail.arkansasland.us,1,"AS63410 (PRIVATESYSTEMS - PrivateSystems Networks, US)"
mail.bvgb.com,1,"AS32097 (WII - WholeSale Internet, Inc., US)"
buyvaltrexonline.store,1,"AS38623 (VIETTELCAMBODIA-AS-AP ISPIXP IN CAMBODIA WITH THE BEST VERVICE IN THERE., KH)"
ariesqq.com,1,"AS212238 (CDNEXT, GB)"
mail.arends.com.au,1,"AS133159 (MAMMOTHMEDIA-AS-AP Mammoth Media Pty Ltd, AU)"
mail.arktico.com,1,"AS14061 (DIGITALOCEAN-ASN - DigitalOcean, LLC, US)"
mxa-0005a803.gslb.pphosted.com,1,"AS22843 (PROOFPOINT-ASN-US-EAST - Proofpoint, Inc., US)"
mail.arlingtonwire.com,1,"AS40021 (CONTABO-40021 - Contabo Inc., US)"
mail.bvxmail.com,1,"AS16509 (AMAZON-02 - Amazon.com, Inc., US)"
mx.poczta.onet.pl,1,"AS12990 (ONET-PL-AS1 Onet.pl portal network, PL)"
armada4d.net,1,"AS22612 (NAMECHEAP-NET - Namecheap, Inc., US)"
armadimail.com,1,"AS213702 (QWINS-LTD QWINS AS-SET: ~ # AS213702:AS-CUSTOMERS, GB)"
mx.centurytrl.net,1,"AS26666 (INTERSERVER-LAX - Interserver, Inc, US)"
mail.appsmail.me,1,"AS14061 (DIGITALOCEAN-ASN - DigitalOcean, LLC, US)"
mail.bwmyga.com,1,"AS24940 (HETZNER-AS, DE)"
mail.apvsbrasil.com.br,1,"AS8075 (MICROSOFT-CORP-MSN-AS-BLOCK - Microsoft Corporation, US)"
mail.arnazom.com,1,"AS8075 (MICROSOFT-CORP-MSN-AS-BLOCK - Microsoft Corporation, US)"
mail.armind.com,1,"AS60781 (LEASEWEB-NL-AMS-01 Netherlands, NL)"
aprice-co.mail.protection.outlook.com,1,
mx1.hc56-19.eu.iphmx.com,1,"AS30238 (AS-IRONP-VEGA - Cisco Systems Ironport Division, US)"
mx6.apranakikitoto.pw,1,
aprinta-com.mail.protection.outlook.com,1,"AS8075 (MICROSOFT-CORP-MSN-AS-BLOCK - Microsoft Corporation, US)"
mail.aprte.com,1,"AS14061 (DIGITALOCEAN-ASN - DigitalOcean, LLC, US)"
mail.buy.tj,1,"AS9123 (TIMEWEB-AS, RU)"
mx2.arobe.com,1,"AS20756 (NAMESHIELD, FR)"
apqle.com,1,"AS9371 (SAKURA-C SAKURA Internet Inc., JP)"
apricorn-com.mail.protection.outlook.com,1,"AS8075 (MICROSOFT-CORP-MSN-AS-BLOCK - Microsoft Corporation, US)"
mail.byagu.com,1,"AS14061 (DIGITALOCEAN-ASN - DigitalOcean, LLC, US)"
mail.ars-invest.ru,1,"AS9032 (LIDER-RF-DC Moscow, Russia, RU)"
bg365securemaillb.bechtle.com,1,"AS8075 (MICROSOFT-CORP-MSN-AS-BLOCK - Microsoft Corporation, US)"
mail.arsenmail.ru,1,"AS12586 (ASGHOSTNET, DE)"
artgen-ai0i.mail.protection.outlook.com,1,"AS8075 (MICROSOFT-CORP-MSN-AS-BLOCK - Microsoft Corporation, US)"
mail.armp-rdc.cd,1,"AS210403 (LWS, FR)"
apsit.in.tmes.trendmicro.eu,1,"AS16509 (AMAZON-02 - Amazon.com, Inc., US)"
mail.apsis-audit.com,1,"AS16276 (OVH, FR)"
mail.arterimail.ru,1,"AS12586 (ASGHOSTNET, DE)"
mail.arteriomail.ru,1,"AS12586 (ASGHOSTNET, DE)"
mail.arterimail.com,1,"AS12586 (ASGHOSTNET, DE)"
mx01.servology.co.uk,1,"AS47227 (SERVOLOGY Charles Briscoe-Smith trading as Servology, GB)"
mail.artesyn-power.ru,1,"AS35278 (SPRINTHOST, RU)"
inbound-smtp.us-west-2.amazonses.com,1,
mx.artificialbelligerence.com,1,"AS29873 (BIZLAND-SD - Newfold Digital, Inc., US)"
articul8-ai.mail.protection.outlook.com,1,"AS8075 (MICROSOFT-CORP-MSN-AS-BLOCK - Microsoft Corporation, US)"
mail.artifactemi.com,1,"AS12586 (ASGHOSTNET, DE)"
mail.artificiemi.com,1,"AS12586 (ASGHOSTNET, DE)"
mail.artificismail.com,1,"AS12586 (ASGHOSTNET, DE)"
mail.artisanbooth.com,1,"AS398101 (GO-DADDY-COM-LLC - GoDaddy.com, LLC, US)"
mail.byon.in,1,"AS55688 (BEON-AS-ID PT. Beon Intermedia, ID)"
pop3.bstmail.com,1,"AS401696 (COGNETCLOUD - cognetcloud INC, US)"
mail.artisemail.com,1,"AS12586 (ASGHOSTNET, DE)"
mxa-0072c901.gslb.pphosted.com,1,"AS52129 (PROOFPOINT-ASN-EU, US)"
mail.areorsmail.ru,1,"AS12586 (ASGHOSTNET, DE)"
mail.areometruby.ru,1,"AS12586 (ASGHOSTNET, DE)"
mail.bytedump.online,1,"AS24940 (HETZNER-AS, DE)"
webmail.aretacollege.com,1,"AS135450 (IDNIC-BSTI-AS-ID PT Berkah Solusi Teknologi Informasi, ID)"
_dc-mx.eac220afbfed.artificialintelligence.productions,1,"AS22612 (NAMECHEAP-NET - Namecheap, Inc., US)"
bytesundbeats.de,1,"AS34788 (NMM-AS D - 02742 Friedersdorf Hauptstrasse 68, DE)"
mail.artamebel.ru,1,"AS44094 (WEBHOST1-AS, RU)"
mail.byhbit.com,1,"AS48314 (IP-PROJECTS, DE)"
mail.bypass.city,1,"AS30823 (AUROLOGIC aurologic GmbH, DE)"
mail.arttouchs.com,1,"AS19871 (NETWORK-SOLUTIONS-HOSTING - Network Solutions, LLC, US)"
arumail.com,1,"AS63018 (DEDICATED - Dedicated.com, US)"
arwana21.net,1,"AS396356 (LATITUDE-SH - Latitude.sh, US)"
arwana21.org,1,"AS212238 (CDNEXT, GB)"
c.lovepettoys.shop,1,"AS47583 (AS-HOSTINGER, CY)"
asamail-com.mail.protection.outlook.com,1,"AS8075 (MICROSOFT-CORP-MSN-AS-BLOCK - Microsoft Corporation, US)"
aspmx.l.google.com.asanatest1.us,1,
c-eric.fr.nf,1,"AS16276 (OVH, FR)"
mail.artykuly.net.pl,1,"AS50599 (Autonomous System for Dataspace P.S.A., PL)"
asbeauty-com.mail.protection.outlook.com,1,"AS8075 (MICROSOFT-CORP-MSN-AS-BLOCK - Microsoft Corporation, US)"
mail.arvernenergies.fr,1,"AS203500 (ABEILLE-AS, FR)"
mail.ascidi.ru,1,"AS12586 (ASGHOSTNET, DE)"
mail.c-dominicfrance.com,1,"AS16276 (OVH, FR)"
mail.asdasd.nl,1,"AS24940 (HETZNER-AS, DE)"
mail.c-iti.com,1,"AS209824 (GS, DE)"
mail.asdfsdfjrmail.com,1,"AS14061 (DIGITALOCEAN-ASN - DigitalOcean, LLC, US)"
mail.asbomsk.ru,1,"AS51659 (ASBAXET, RU)"
mx.asdfsdfjrmail.net,1,"AS14061 (DIGITALOCEAN-ASN - DigitalOcean, LLC, US)"
c3-ai.mail.protection.outlook.com,1,"AS8075 (MICROSOFT-CORP-MSN-AS-BLOCK - Microsoft Corporation, US)"
c21service.com,1,"AS36351 (SOFTLAYER - IBM Cloud, US)"
mail.bystrovozvodimye-zdanija-moskva.ru,1,"AS44094 (WEBHOST1-AS, RU)"
mx2.asdfooff.org,1,"AS200107 (KL-EXT, CH)"
mx.asdooeemail.net,1,"AS14061 (DIGITALOCEAN-ASN - DigitalOcean, LLC, US)"
cust28976-1.in.mailcontrol.com,1,"AS44444 (FORCEPOINT-CLOUD-AS, GB)"
c3o-ai.mail.protection.outlook.com,1,"AS8075 (MICROSOFT-CORP-MSN-AS-BLOCK - Microsoft Corporation, US)"
aseq-com.mail.protection.outlook.com,1,"AS8075 (MICROSOFT-CORP-MSN-AS-BLOCK - Microsoft Corporation, US)"
mail.asfdasd.com,1,"AS14061 (DIGITALOCEAN-ASN - DigitalOcean, LLC, US)"
mail.ashiro.biz,1,"AS44486 (SYNLINQ synlinq.de, DE)"
mail.c7fk799.com,1,"AS47583 (AS-HOSTINGER, CY)"
mx.c63u.com,1,"AS31034 (ARUBA-ASN, IT)"
mail.c2.hu,1,"AS51920 (VIVACOM, HU)"
www.armstrongbuildings.com,1,
ashishsingla.com,1,"AS40021 (CONTABO-40021 - Contabo Inc., US)"
mail.101domain.com,1,"AS22773 (ASN-CXA-ALL-CCI-22773-RDC - Cox Communications Inc., US)"
mxb-00143702.gslb.pphosted.com,1,"AS26211 (PROOFPOINT-ASN-US-WEST - Proofpoint, Inc., US)"
mail.cabalistifml.ru,1,"AS12586 (ASGHOSTNET, DE)"
mail.c-cenfirman.com,1,"AS16276 (OVH, FR)"
mail.caciocaruby.ru,1,"AS12586 (ASGHOSTNET, DE)"
cabiste.fr.nf,1,"AS16276 (OVH, FR)"
mx.askian-mail.com,1,"AS16276 (OVH, FR)"
mail.caesalfml.ru,1,"AS12586 (ASGHOSTNET, DE)"
asktech-support.mail.protection.outlook.com,1,"AS8075 (MICROSOFT-CORP-MSN-AS-BLOCK - Microsoft Corporation, US)"
mail.caesalpiml.ru,1,"AS12586 (ASGHOSTNET, DE)"
askopindo.com,1,"AS137373 (IDNIC-SUITEN-AS-ID PT. SUITEN INOVASI SUKSES, ID)"
fortimail.cafe24.com,1,"AS4766 (KIXS-AS-KR Korea Telecom, KR)"
box.netevasion.com,1,"AS12876 (Online SAS, FR)"
mx.wifieye.com,1,"AS7018 (ATT-INTERNET4 - AT&T Enterprises, LLC, US)"
mxa-001d2f02.gslb.pphosted.com,1,"AS22843 (PROOFPOINT-ASN-US-EAST - Proofpoint, Inc., US)"
asobe.com,1,"AS9371 (SAKURA-C SAKURA Internet Inc., JP)"
asper-ai.mail.protection.outlook.com,1,"AS8075 (MICROSOFT-CORP-MSN-AS-BLOCK - Microsoft Corporation, US)"
mail.asphyxifml.com,1,"AS12586 (ASGHOSTNET, DE)"
mail.calciovolbomails.ru,1,"AS12586 (ASGHOSTNET, DE)"
mail.caldrexa.cfd,1,"AS203446 (AS203446, GB)"
mail.calamitoufkml.com,1,"AS12586 (ASGHOSTNET, DE)"
mail.caleanmail.ru,1,"AS197695 (AS-REG, RU)"
caliburn-us.mail.protection.outlook.com,1,"AS8075 (MICROSOFT-CORP-MSN-AS-BLOCK - Microsoft Corporation, US)"
mail.assensemail.com,1,"AS12586 (ASGHOSTNET, DE)"
mail.assimilatifmail.ru,1,"AS12586 (ASGHOSTNET, DE)"
mail.calelectmail.ru,1,"AS12586 (ASGHOSTNET, DE)"
calendro.fr.nf,1,"AS16276 (OVH, FR)"
mail.assimimail.ru,1,"AS12586 (ASGHOSTNET, DE)"
d261192a.ess.barracudanetworks.com,1,"AS16509 (AMAZON-02 - Amazon.com, Inc., US)"
mail.caligimails.ru,1,"AS12586 (ASGHOSTNET, DE)"
mail.ariagate.com,1,"AS212552 (BITCOMMAND, AM)"
mail.assist.thewisetransfer.click,1,"AS51167 (CONTABO, DE)"
mail.assistance.carolinensiellive.click,1,"AS51167 (CONTABO, DE)"
assureddentallab-net.mail.protection.outlook.com,1,"AS8075 (MICROSOFT-CORP-MSN-AS-BLOCK - Microsoft Corporation, US)"
calima.asso.st,1,"AS16276 (OVH, FR)"
astarmax.com,1,"AS20068 (HAWKHOST - Hawk Host Inc., CA)"
asso.st,1,"AS16276 (OVH, FR)"
mail.calumnifml.com,1,"AS12586 (ASGHOSTNET, DE)"
callmemaximillian.kylos.pl,1,"AS203417 (LH, PL)"
calvivahealth-org.mail.protection.outlook.com,1,"AS8075 (MICROSOFT-CORP-MSN-AS-BLOCK - Microsoft Corporation, US)"
mail.camaloon.net,1,"AS24940 (HETZNER-AS, DE)"
mail.caltiger.net.in,1,"AS16509 (AMAZON-02 - Amazon.com, Inc., US)"
post.cablegateast.com,1,"AS14061 (DIGITALOCEAN-ASN - DigitalOcean, LLC, US)"
boundijji84g.asleepity.com,1,"AS14061 (DIGITALOCEAN-ASN - DigitalOcean, LLC, US)"
mail.cajacket.com,1,"AS14061 (DIGITALOCEAN-ASN - DigitalOcean, LLC, US)"
mail.cafesui.com,1,"AS14061 (DIGITALOCEAN-ASN - DigitalOcean, LLC, US)"
mail.caftee.com,1,"AS14061 (DIGITALOCEAN-ASN - DigitalOcean, LLC, US)"
ashford-plumbers.co.uk,1,"AS42831 (UKSERVERS-AS UK Dedicated Servers, Hosting and Co-Location, GB)"
caca69.com,1,"AS396356 (LATITUDE-SH - Latitude.sh, US)"
asiapoker389.com,1,"AS22612 (NAMECHEAP-NET - Namecheap, Inc., US)"
astripe.com,1,"AS46606 (UNIFIEDLAYER-AS-1 - Unified Layer, US)"
cam4you.cc,1,"AS51191 (XIRRA, DE)"
asiapoker389.net,1,"AS22612 (NAMECHEAP-NET - Namecheap, Inc., US)"
askanexpertonline-com.mail.protection.outlook.com,1,"AS8075 (MICROSOFT-CORP-MSN-AS-BLOCK - Microsoft Corporation, US)"
askadoctor-help.mail.protection.outlook.com,1,"AS8075 (MICROSOFT-CORP-MSN-AS-BLOCK - Microsoft Corporation, US)"
mail.astrometeormail.ru,1,"AS12586 (ASGHOSTNET, DE)"
mx1c1.camcast.net,1,"AS63949 (AKAMAI-LINODE-AP Akamai Connected Cloud, SG)"
mail.astrophotogmail.ru,1,"AS12586 (ASGHOSTNET, DE)"
mail.astromalis.com,1,"AS12586 (ASGHOSTNET, DE)"
mail.camisetascomohongos.com,1,"AS49635 (CLOUDING, ES)"
mail.asubtlejm.com,1,"AS47583 (AS-HOSTINGER, CY)"
mail.campus.agp.edu.pl,1,"AS16276 (OVH, FR)"
campbellnet-ca.mail.protection.outlook.com,1,"AS8075 (MICROSOFT-CORP-MSN-AS-BLOCK - Microsoft Corporation, US)"
camgirls.de,1,"AS51191 (XIRRA, DE)"
pmg.master.hostxpress.page,1,"AS16276 (OVH, FR)"
loopback.internic.ca,1,
mail.canadianpharmacylist.com,1,"AS209605 (HOSTBALTIC, LT)"
mail.canadiamail.ru,1,"AS12586 (ASGHOSTNET, DE)"
mx1.canadianpharmacyseo.us,1,"AS200107 (KL-EXT, CH)"
mail.atelierdelune.shop,1,"AS203446 (AS203446, GB)"
mail.atagelomail.com,1,"AS12586 (ASGHOSTNET, DE)"
atedmail.com,1,"AS213702 (QWINS-LTD QWINS AS-SET: ~ # AS213702:AS-CUSTOMERS, GB)"
mail.canalemail.ru,1,"AS12586 (ASGHOSTNET, DE)"
mx1.atende.pl,1,"AS15694 (ATMAN-ISP-AS ATM S.A., PL)"
ceramictile-outlet.com,1,"AS20068 (HAWKHOST - Hawk Host Inc., CA)"
mx.atene.com,1,"AS31034 (ARUBA-ASN, IT)"
mail.candcluton.com,1,"AS7979 (SERVERS-COM - Servers.com, Inc., US)"
athenex-com.mail.protection.outlook.com,1,"AS8075 (MICROSOFT-CORP-MSN-AS-BLOCK - Microsoft Corporation, US)"
cameraobscuratavira.com,1,"AS33876 (FLESK-AS, PT)"
mx.easymail.ca,1,"AS16686 (EDNS - easyDNS Technologies, Inc., CA)"
athener-com.mail.protection.outlook.com,1,"AS8075 (MICROSOFT-CORP-MSN-AS-BLOCK - Microsoft Corporation, US)"
atheng-com.mail.protection.outlook.com,1,"AS8075 (MICROSOFT-CORP-MSN-AS-BLOCK - Microsoft Corporation, US)"
mail.athenr.com,1,"AS46606 (UNIFIEDLAYER-AS-1 - Unified Layer, US)"
_dc-mx.b5483bb4bd27.candymail.app,1,"AS18450 (WEBNX - WebNX, Inc., US)"
athens-com.mail.protection.outlook.com,1,"AS8075 (MICROSOFT-CORP-MSN-AS-BLOCK - Microsoft Corporation, US)"
mxa-008d4201.gslb.pphosted.com,1,"AS22843 (PROOFPOINT-ASN-US-EAST - Proofpoint, Inc., US)"
mail.atherosclfl.com,1,"AS12586 (ASGHOSTNET, DE)"
mail.ceremoio.com,1,"AS12586 (ASGHOSTNET, DE)"
mail.funeralone.net,1,"AS16276 (OVH, FR)"
mail.ceremonimail.ru,1,"AS12586 (ASGHOSTNET, DE)"
mail.athy.com,1,"AS8739 (ICDSOFT, BG)"
mail.atherosclmail.com,1,"AS12586 (ASGHOSTNET, DE)"
mail.cerrajerosmurcia.info,1,"AS16276 (OVH, FR)"
mail.cerrajerosmadridbaratos.com,1,"AS16276 (OVH, FR)"
mail.ationsmail.com,1,"AS12586 (ASGHOSTNET, DE)"
mail.atlant.link,1,"AS16276 (OVH, FR)"
mail.certifiedtgp.com,1,"AS212317 (HETZNER-CLOUD3-AS, DE)"
mail.cervicoemail.ru,1,"AS12586 (ASGHOSTNET, DE)"
mail.cervicofmail.ru,1,"AS12586 (ASGHOSTNET, DE)"
mx.breezelineohio.net,1,"AS31898 (ORACLE-BMC-31898 - Oracle Corporation, US)"
mail.ateh.su,1,"AS29182 (RU-JSCIOT, RU)"
certexx.fr.nf,1,"AS16276 (OVH, FR)"
mail.atlanticyu.com,1,"AS47583 (AS-HOSTINGER, CY)"
mail.ationismmail.com,1,"AS132203 (TENCENT-NET-AP-CN Tencent Building, Kejizhongyi Avenue, CN)"
mail.cannasemail.com,1,"AS12586 (ASGHOSTNET, DE)"
mail.canonicakl.ru,1,"AS12586 (ASGHOSTNET, DE)"
mail.atlassean.com,1,"AS394695 (PUBLIC-DOMAIN-REGISTRY - PDR, US)"
mx.canvasaffiliate.com,1,"AS9009 (M247, RO)"
mxa-001d9801.gslb.pphosted.com,1,"AS26211 (PROOFPOINT-ASN-US-WEST - Proofpoint, Inc., US)"
mail.atlantanewsplus.com,1,"AS51167 (CONTABO, DE)"
mail1.atomicmail.io,1,"AS24940 (HETZNER-AS, DE)"
atmc-net.mx.av-mx.com,1,"AS31898 (ORACLE-BMC-31898 - Oracle Corporation, US)"
mx.caotuanhung.shop,1,"AS20473 (AS-VULTR - The Constant Company, LLC, US)"
mail.atmosphmalis.com,1,"AS12586 (ASGHOSTNET, DE)"
mx02.atobe.com,1,"AS23808 (TOSHIMA-NET TOSHIMA CABLE NETWORK CO.,LTD, JP)"
mail.atozshop.site,1,"AS31898 (ORACLE-BMC-31898 - Oracle Corporation, US)"
mail.calculator.city,1,"AS31898 (ORACLE-BMC-31898 - Oracle Corporation, US)"
atp-com.mail.protection.outlook.com,1,"AS8075 (MICROSOFT-CORP-MSN-AS-BLOCK - Microsoft Corporation, US)"
mail.atorymail.com,1,"AS12586 (ASGHOSTNET, DE)"
mail.atoptomail.com,1,"AS12586 (ASGHOSTNET, DE)"
mail.atheneq.com,1,"AS150846 (AXYS-VN Room 1508, 15th Floor, Vincom Center Building, 72 Le Thanh Ton, Ben Nghe Ward, District 1, Ho Chi Minh City, Vietnam, VN)"
mail.atomistifml.com,1,"AS12586 (ASGHOSTNET, DE)"
mail.atropinimale.com,1,"AS12586 (ASGHOSTNET, DE)"
atsw-de.mail.protection.outlook.com,1,"AS8075 (MICROSOFT-CORP-MSN-AS-BLOCK - Microsoft Corporation, US)"
aspmx.l.google.com.atrickmail.com,1,
mail.attjkmail.ru,1,"AS12586 (ASGHOSTNET, DE)"
capitalandco-net.mail.protection.outlook.com,1,"AS8075 (MICROSOFT-CORP-MSN-AS-BLOCK - Microsoft Corporation, US)"
mail.capitalimail.com,1,"AS40021 (CONTABO-40021 - Contabo Inc., US)"
mx0a-001b4103.pphosted.com,1,"AS26211 (PROOFPOINT-ASN-US-WEST - Proofpoint, Inc., US)"
_dc-mx.be8e21ca4e2e.capitanlulu.site,1,"AS216071 (VDSINA, AE)"
mail.audacityorg.de,1,
mail.aubady.com,1,"AS14061 (DIGITALOCEAN-ASN - DigitalOcean, LLC, US)"
mxa-0022b902.gslb.pphosted.com,1,"AS26211 (PROOFPOINT-ASN-US-WEST - Proofpoint, Inc., US)"
mail.audiemail.ru,1,"AS12586 (ASGHOSTNET, DE)"
mail.audiofu.com,1,"AS24940 (HETZNER-AS, DE)"
mx1.capitaline.com,1,"AS4755 (TATACOMM-AS TATA Communications formerly VSNL is Leading ISP, IN)"
capld-org.mail.protection.outlook.com,1,"AS8075 (MICROSOFT-CORP-MSN-AS-BLOCK - Microsoft Corporation, US)"
audleytravel-com.mail.protection.outlook.com,1,"AS8075 (MICROSOFT-CORP-MSN-AS-BLOCK - Microsoft Corporation, US)"
mail.caprifrsmail.ru,1,"AS12586 (ASGHOSTNET, DE)"
mx.attack11.com,1,"AS9371 (SAKURA-C SAKURA Internet Inc., JP)"
mail.augmentationtechnology.com,1,"AS40021 (CONTABO-40021 - Contabo Inc., US)"
mail.capsulomail.com,1,"AS12586 (ASGHOSTNET, DE)"
_dc-mx.661690fac81c.capybaras.site,1,"AS216071 (VDSINA, AE)"
augustarfinancial-com.mail.protection.outlook.com,1,"AS8075 (MICROSOFT-CORP-MSN-AS-BLOCK - Microsoft Corporation, US)"
mail.aumails.ru,1,"AS12586 (ASGHOSTNET, DE)"
mail.athebe.com,1,"AS55293 (A2HOSTING - A2 Hosting, Inc., US)"
mail.auralith.cfd,1,"AS203446 (AS203446, GB)"
caramailmx.d3vs.net,1,"AS16276 (OVH, FR)"
mail.carabifmail.ru,1,"AS12586 (ASGHOSTNET, DE)"
mail.caraff.com,1,"AS20857 (TRANSIP-AS Amsterdam, the Netherlands, NL)"
aula.edu.pl,1,"AS47583 (AS-HOSTINGER, CY)"
mail.caramelizmail.ru,1,"AS12586 (ASGHOSTNET, DE)"
mail.caramelisalo.ru,1,"AS12586 (ASGHOSTNET, DE)"
mail.caravemail.ru,1,"AS12586 (ASGHOSTNET, DE)"
mail.caravan-express.com,1,
mail.aurevoirmail.com,1,"AS12586 (ASGHOSTNET, DE)"
mail.carbohemo.ru,1,"AS12586 (ASGHOSTNET, DE)"
mail.aurelstyle.ru,1,
mail.carbonysemail.com,1,"AS12586 (ASGHOSTNET, DE)"
aulaline.com,1,"AS34119 (WILDCARD-AS Wildcard UK Limited, GB)"
a604126.mx.mailhop.org,1,"AS16509 (AMAZON-02 - Amazon.com, Inc., US)"
mail.carcinosmails.ru,1,"AS12586 (ASGHOSTNET, DE)"
mail.carcinosamails.ru,1,"AS12586 (ASGHOSTNET, DE)"
mail.carcinmail.com,1,"AS12586 (ASGHOSTNET, DE)"
mail.cardemail.ru,1,"AS12586 (ASGHOSTNET, DE)"
mxs.oml.ru,1,"AS60357 (MEGAGROUP-AS, RU)"
mail.cardiemail.ru,1,"AS12586 (ASGHOSTNET, DE)"
mail.cardioce.ru,1,"AS12586 (ASGHOSTNET, DE)"
mail.cardimalis.com,1,"AS12586 (ASGHOSTNET, DE)"
mx1.hostinger.pl,1,"AS13335 (CLOUDFLARENET - Cloudflare, Inc., US)"
mail.cardiorsmail.ru,1,"AS12586 (ASGHOSTNET, DE)"
_dc-mx.91239548f6e6.austriasocial.com,1,"AS51167 (CONTABO, DE)"
oriental2.autdent.com,1,"AS14061 (DIGITALOCEAN-ASN - DigitalOcean, LLC, US)"
_dc-mx.bfce4a5a7598.auth2fa.com,1,"AS24940 (HETZNER-AS, DE)"
mail.austinprimetimes.com,1,"AS40021 (CONTABO-40021 - Contabo Inc., US)"
mail.cardmails.ru,1,"AS12586 (ASGHOSTNET, DE)"
mail.care.gettravellersrest.click,1,"AS51167 (CONTABO, DE)"
australianfinefood.com,1,"AS16276 (OVH, FR)"
mail.auth.legal,1,"AS14061 (DIGITALOCEAN-ASN - DigitalOcean, LLC, US)"
mail.authoritybeast.com,1,"AS40021 (CONTABO-40021 - Contabo Inc., US)"
mail.autecrsmail.ru,1,"AS12586 (ASGHOSTNET, DE)"
authenticroute.com,1,"AS16276 (OVH, FR)"
mail.careline.click,1,"AS51167 (CONTABO, DE)"
atherne.com,1,"AS209341 (WHG-FRA, GB)"
inleed.xyz,1,"AS206170 (INLEED, SE)"
_dc-mx.44fd92515bb0.autobotsoft.net,1,"AS399275 (SOLID - Solid Systems LLC, US)"
carinamiranda.org,1,"AS32613 (IWEB-AS - Leaseweb Canada Inc., CA)"
mail.autobimalary.ru,1,"AS12586 (ASGHOSTNET, DE)"
mail.carludfmail.ru,1,"AS12586 (ASGHOSTNET, DE)"
mail.candymail.de,1,"AS24940 (HETZNER-AS, DE)"
mail.cerrajeroscastellon24horas.com,1,"AS16276 (OVH, FR)"
mail.autobirsmail.ru,1,"AS12586 (ASGHOSTNET, DE)"
mx00.1and1.es,1,"AS8560 (IONOS-AS This is the joint network for IONOS, Fasthosts, Arsys, 1&1 Mail and Media and 1&1 Telecom. Formerly known as 1&1 Internet SE., DE)"
mail.autoeemail.ru,1,"AS12586 (ASGHOSTNET, DE)"
mail.autocatfmk.com,1,"AS12586 (ASGHOSTNET, DE)"
autofix-ae.mail.protection.outlook.com,1,"AS8075 (MICROSOFT-CORP-MSN-AS-BLOCK - Microsoft Corporation, US)"
mxa-001ffb01.gslb.pphosted.com,1,"AS22843 (PROOFPOINT-ASN-US-EAST - Proofpoint, Inc., US)"
mail.autoimmfml.ru,1,"AS12586 (ASGHOSTNET, DE)"
mail.autogenrsmail.ru,1,"AS12586 (ASGHOSTNET, DE)"
mail.card.zp.ua,1,"AS15738 (UAEXPRESS Ukraine, UA)"
mail.autogeneml.ru,1,"AS12586 (ASGHOSTNET, DE)"
mail.autoinocumals.ru,1,"AS12586 (ASGHOSTNET, DE)"
mail.autoimmunml.ru,1,"AS12586 (ASGHOSTNET, DE)"
mail.autocatmail.com,1,"AS12586 (ASGHOSTNET, DE)"
mail.autolithml.ru,1,"AS12586 (ASGHOSTNET, DE)"
carmechanic-expert.mail.protection.outlook.com,1,"AS8075 (MICROSOFT-CORP-MSN-AS-BLOCK - Microsoft Corporation, US)"
mail.carolinensiellive.click,1,"AS51167 (CONTABO, DE)"
mail.carolinensielwebcam.click,1,"AS51167 (CONTABO, DE)"
mail.autointoximail.com,1,"AS12586 (ASGHOSTNET, DE)"
mail.carolinensielkarte.click,1,"AS51167 (CONTABO, DE)"
autolithmail.com,1,"AS213702 (QWINS-LTD QWINS AS-SET: ~ # AS213702:AS-CUSTOMERS, GB)"
mail.carolinensielrestaurants.click,1,"AS51167 (CONTABO, DE)"
automatedremote-com.mail.protection.outlook.com,1,"AS8075 (MICROSOFT-CORP-MSN-AS-BLOCK - Microsoft Corporation, US)"
mail.carpometacmail.ru,1,"AS12586 (ASGHOSTNET, DE)"
mx1-mailcontrol.conova.com,1,"AS5404 (CONOVA-AS ASN conova communications GmbH, AT)"
mail.automemail.ru,1,"AS12586 (ASGHOSTNET, DE)"
mail.automecmity.ru,1,"AS12586 (ASGHOSTNET, DE)"
carnesa.biz.st,1,"AS16276 (OVH, FR)"
carioca.biz.st,1,"AS16276 (OVH, FR)"
carrosusadoscostarica.com,1,"AS22612 (NAMECHEAP-NET - Namecheap, Inc., US)"
mail.autopages.site,1,"AS198610 (BEGET-AS, RU)"
carsunshade-com.mail.protection.outlook.com,1,"AS8075 (MICROSOFT-CORP-MSN-AS-BLOCK - Microsoft Corporation, US)"
mail.autoschrsmail.ru,1,"AS12586 (ASGHOSTNET, DE)"
grupokaufmann.in.tmes.trendmicro.com,1,"AS14618 (AMAZON-AES - Amazon.com, Inc., US)"
mail.autosuggmail.com,1,"AS12586 (ASGHOSTNET, DE)"
mail.autothaumaml.ru,1,"AS12586 (ASGHOSTNET, DE)"
a468836.mx.mailhop.org,1,"AS16509 (AMAZON-02 - Amazon.com, Inc., US)"
ocn-fc-r-01.ocn.ad.jp,1,"AS4713 (OCN NTT DOCOMO BUSINESS,Inc., JP)"
carver-com.mail.protection.outlook.com,1,"AS8075 (MICROSOFT-CORP-MSN-AS-BLOCK - Microsoft Corporation, US)"
mx1.cartone.fun,1,"AS200107 (KL-EXT, CH)"
av.dbbest.net,1,"AS13188 (TRIOLAN, UA)"
auzure-com.mail.protection.outlook.com,1,"AS8075 (MICROSOFT-CORP-MSN-AS-BLOCK - Microsoft Corporation, US)"
autre.fr.nf,1,"AS16276 (OVH, FR)"
mail.auxille.com,1,"AS14061 (DIGITALOCEAN-ASN - DigitalOcean, LLC, US)"
mail.carwow.click,1,"AS51167 (CONTABO, DE)"
mail.caryopfmail.ru,1,"AS12586 (ASGHOSTNET, DE)"
mx.xmission.com,1,"AS6315 (XMISSION - XMission, L.C., US)"
mail.caryopsemail.com,1,"AS12586 (ASGHOSTNET, DE)"
mail.avalentra.cfd,1,"AS203446 (AS203446, GB)"
mail.caryophylmale.com,1,"AS12586 (ASGHOSTNET, DE)"
mail.avalanche1.com,1,"AS31898 (ORACLE-BMC-31898 - Oracle Corporation, US)"
mail.casadmail.com,1,"AS12586 (ASGHOSTNET, DE)"
xrspmail.com,1,"AS47583 (AS-HOSTINGER, CY)"
mail.avangard.ru.com,1,"AS44486 (SYNLINQ synlinq.de, DE)"
mail.ava-studio.ru,1,"AS210079 (EUROBYTE, RU)"
avast-com.mail.protection.outlook.com,1,"AS8075 (MICROSOFT-CORP-MSN-AS-BLOCK - Microsoft Corporation, US)"
mx.avanafilprime.com,1,"AS14061 (DIGITALOCEAN-ASN - DigitalOcean, LLC, US)"
aver-com.mail.protection.outlook.com,1,"AS8075 (MICROSOFT-CORP-MSN-AS-BLOCK - Microsoft Corporation, US)"
cashflow-com.mail.protection.outlook.com,1,"AS8075 (MICROSOFT-CORP-MSN-AS-BLOCK - Microsoft Corporation, US)"
mail.casino.guru,1,"AS51013 (WEBSUPPORT-SRO-SK-AS, SK)"
avg-com.mail.protection.outlook.com,1,"AS8075 (MICROSOFT-CORP-MSN-AS-BLOCK - Microsoft Corporation, US)"
aviemore-net.mail.protection.outlook.com,1,"AS8075 (MICROSOFT-CORP-MSN-AS-BLOCK - Microsoft Corporation, US)"
mail.casinocorfu.gr,1,"AS55293 (A2HOSTING - A2 Hosting, Inc., US)"
casino-org.mail.protection.outlook.com,1,"AS8075 (MICROSOFT-CORP-MSN-AS-BLOCK - Microsoft Corporation, US)"
mail.aviro.com,1,"AS63949 (AKAMAI-LINODE-AP Akamai Connected Cloud, SG)"
cash128.com,1,"AS212238 (CDNEXT, GB)"
casinogm-es.mail.protection.outlook.com,1,"AS8075 (MICROSOFT-CORP-MSN-AS-BLOCK - Microsoft Corporation, US)"
casinogranmadrid-es.mail.protection.outlook.com,1,"AS8075 (MICROSOFT-CORP-MSN-AS-BLOCK - Microsoft Corporation, US)"
_dc-mx.bc97e9445fed.casinollo.com,1,"AS59939 (WIBO-AS, LT)"
mail.averon.cc,1,"AS55688 (BEON-AS-ID PT. Beon Intermedia, ID)"
casinocanberra-com-au.mail.protection.outlook.com,1,"AS8075 (MICROSOFT-CORP-MSN-AS-BLOCK - Microsoft Corporation, US)"
casinodeparis-fr.mail.protection.outlook.com,1,"AS8075 (MICROSOFT-CORP-MSN-AS-BLOCK - Microsoft Corporation, US)"
mail.casinonair.com,1,"AS209605 (HOSTBALTIC, LT)"
mailserver.casinofootball.co.uk,1,"AS8560 (IONOS-AS This is the joint network for IONOS, Fasthosts, Arsys, 1&1 Mail and Media and 1&1 Telecom. Formerly known as 1&1 Internet SE., DE)"
grupocasinoclub.in.tmes.trendmicro.com,1,"AS14618 (AMAZON-AES - Amazon.com, Inc., US)"
mxa-002c5201.gslb.pphosted.com,1,"AS22843 (PROOFPOINT-ASN-US-EAST - Proofpoint, Inc., US)"
mail.avitamiruby.ru,1,"AS12586 (ASGHOSTNET, DE)"
mail.casinorodos.gr,1,"AS6799 (OTENET-GR Athens - Greece, GR)"
mail.avitamfl.com,1,"AS12586 (ASGHOSTNET, DE)"
mail.avocaaml.ru,1,"AS12586 (ASGHOSTNET, DE)"
cashadvanceqmvt.com,1,"AS16276 (OVH, FR)"
4bf503015dfe70562352127556e1c2cd\@inbound.postmarkapp.com,1,"AS23352 (SERVERCENTRAL - DEFT.COM, US)"
mx2.avissena.com,1,"AS200107 (KL-EXT, CH)"
casinos-at.mail.protection.outlook.com,1,"AS8075 (MICROSOFT-CORP-MSN-AS-BLOCK - Microsoft Corporation, US)"
casinoflorinas.gr,1,"AS42831 (UKSERVERS-AS UK Dedicated Servers, Hosting and Co-Location, GB)"
_dc-mx.fc42122cdc24.cassiawilliamsrealestateagentallentx.com,1,"AS47583 (AS-HOSTINGER, CY)"
hst3.ncsrv.de,1,"AS24989 (EQUINIX-CONNECT-GERMANY Equinix Germany, DE)"
avshealth-com.mail.protection.outlook.com,1,"AS8075 (MICROSOFT-CORP-MSN-AS-BLOCK - Microsoft Corporation, US)"
mail.avtolev.com,1,"AS14061 (DIGITALOCEAN-ASN - DigitalOcean, LLC, US)"
mx1.fastmail.gr,1,"AS24940 (HETZNER-AS, DE)"
mail.avtodublikat.ru,1,"AS14956 (ROUTERHOSTING - RouterHosting LLC, US)"
mail.casualdx.com,1,"AS14061 (DIGITALOCEAN-ASN - DigitalOcean, LLC, US)"
mail.casualtyfmail.com,1,"AS12586 (ASGHOSTNET, DE)"
mail.catachresml.ru,1,"AS12586 (ASGHOSTNET, DE)"
mail.cat.pp.ua,1,"AS24940 (HETZNER-AS, DE)"
casinoshaman.com,1,"AS8860 (DELTA-BG-AS, BG)"
catalystnetwork-info.mail.protection.outlook.com,1,"AS8075 (MICROSOFT-CORP-MSN-AS-BLOCK - Microsoft Corporation, US)"
mail.cataphoretifml.ru,1,"AS12586 (ASGHOSTNET, DE)"
mail.catadiopmail.ru,1,"AS12586 (ASGHOSTNET, DE)"
casinosabordehogar.cl,1,"AS10834 (Telefonica de Argentina, AR)"
mail.caspiantejarat.com,1,"AS42043 (BERTINATECHNOLOGYCOMPANY, IR)"
mail.catalept.ru,1,"AS12586 (ASGHOSTNET, DE)"
mail.avpai.org,1,"AS44051 (FORNEX-AS, ES)"
catbar.net,1,"AS7506 (INTERQ GMO Internet Group, Inc., JP)"
mail.avumail.com,1,"AS14061 (DIGITALOCEAN-ASN - DigitalOcean, LLC, US)"
awarenessu.com,1,"AS20473 (AS-VULTR - The Constant Company, LLC, US)"
mail.caspianfan.ir,1,"AS212216 (NETAFRAZ, IR)"
mail.catdogmail.com,1,"AS12586 (ASGHOSTNET, DE)"
mail.awarejune.com,1,"AS8175 (HIGHSPEEDWEB - High Speed WebGenesis 2 Networks, US)"
mail.categsemail.com,1,"AS12586 (ASGHOSTNET, DE)"
ac31.capytumbum.online,1,"AS149124 (THANHPHAT-VN WEBPX SOFTWARE COMPANY LIMITED, VN)"
mail.catchall.fr,1,"AS56630 (MELBICOM-EU-AS Melbikomas UAB, LT)"
d200401a.ess.barracudanetworks.com,1,"AS16509 (AMAZON-02 - Amazon.com, Inc., US)"
cati-com.mail.protection.outlook.com,1,"AS8075 (MICROSOFT-CORP-MSN-AS-BLOCK - Microsoft Corporation, US)"
mail.awatum.de,1,"AS3209 (VODANET International IP-Backbone of Vodafone, DE)"
mail.catheterml.ru,1,"AS12586 (ASGHOSTNET, DE)"
_dc-mx.21003bbced4e.awca.eu,1,"AS12876 (Online SAS, FR)"
mx.awesomesaucemail.org,1,"AS24940 (HETZNER-AS, DE)"
awep.net,1,"AS58487 (CRI-AS-AP CV. Rumahweb Indonesia, ID)"
mx6.catnipcat.net,1,
mail.awnspeeds.com,1,"AS47583 (AS-HOSTINGER, CY)"
mail.avtoyurist-moskva1.ru,1,"AS44094 (WEBHOST1-AS, RU)"
catssfood.shop,1,"AS136246 (TOMATTOSTL-AS-AP Tomattos Technologies Ltd., BD)"
mail.carloszbs.ru,1,"AS44094 (WEBHOST1-AS, RU)"
mail.awesomeplacesonearth.com,1,"AS16276 (OVH, FR)"
a365677.mx.mailhop.org,1,"AS16509 (AMAZON-02 - Amazon.com, Inc., US)"
mail.awumail.com,1,"AS14061 (DIGITALOCEAN-ASN - DigitalOcean, LLC, US)"
mail.carolinensielhafen.click,1,"AS51167 (CONTABO, DE)"
autoloans.us,1,"AS20068 (HAWKHOST - Hawk Host Inc., CA)"
cbbomail.com,1,"AS213702 (QWINS-LTD QWINS AS-SET: ~ # AS213702:AS-CUSTOMERS, GB)"
mail.cbd-8.com,1,"AS50474 (O2SWITCH, FR)"
axenor-co-uk.mail.protection.outlook.com,1,"AS8075 (MICROSOFT-CORP-MSN-AS-BLOCK - Microsoft Corporation, US)"
awsome-gadgets.com,1,"AS20278 (NEXEON - Nexeon Technologies, Inc., US)"
cbd-7.com,1,"AS50474 (O2SWITCH, FR)"
mail.cbghot.com,1,
cbjunkie-com.mail.protection.outlook.com,1,"AS8075 (MICROSOFT-CORP-MSN-AS-BLOCK - Microsoft Corporation, US)"
mail.axkleinfa.com,1,"AS47583 (AS-HOSTINGER, CY)"
mail.axiomatml.ru,1,"AS12586 (ASGHOSTNET, DE)"
mail.axeprim.eu,1,"AS15967 (NETARTGROUP, PL)"
mxa-00262c01.gslb.pphosted.com,1,"AS22843 (PROOFPOINT-ASN-US-EAST - Proofpoint, Inc., US)"
mail.cc.openbillieholiday.click,1,"AS51167 (CONTABO, DE)"
a189593.mx.mailhop.org,1,"AS16509 (AMAZON-02 - Amazon.com, Inc., US)"
mail.ayimail.com,1,"AS14061 (DIGITALOCEAN-ASN - DigitalOcean, LLC, US)"
mx01.dandomain.dk,1,"AS48854 (TEAM-BLUE-DENMARK, DK)"
mail.ayfoto.com,1,"AS14061 (DIGITALOCEAN-ASN - DigitalOcean, LLC, US)"
mail.ayqtellsu.com,1,"AS47583 (AS-HOSTINGER, CY)"
mail.northshore.net,1,"AS174 (COGENT-174 - Cogent Communications, LLC, US)"
cby-edu-kg.mail.protection.outlook.com,1,"AS8075 (MICROSOFT-CORP-MSN-AS-BLOCK - Microsoft Corporation, US)"
az.com,1,"AS54641 (IMH-IAD - InMotion Hosting, Inc., US)"
mx-100.reflexion.net,1,
mail.cconsistwe.com,1,"AS47583 (AS-HOSTINGER, CY)"
cccc.com,1,"AS133752 (LEASEWEB-APAC-HKG-10 LEASEWEB HONG KONG LIMITED, HK)"
autorijschoolpoul.com,1,"AS205876 (HOASTED, NL)"
mail.azame.pw,1,"AS44486 (SYNLINQ synlinq.de, DE)"
cciderry-com.mail.protection.outlook.com,1,"AS8075 (MICROSOFT-CORP-MSN-AS-BLOCK - Microsoft Corporation, US)"
az7re-com.mail.protection.outlook.com,1,"AS8075 (MICROSOFT-CORP-MSN-AS-BLOCK - Microsoft Corporation, US)"
cdc-com.mail.protection.outlook.com,1,"AS8075 (MICROSOFT-CORP-MSN-AS-BLOCK - Microsoft Corporation, US)"
_dc-mx.fe5bde2015d7.cdkey.com,1,"AS20860 (IOMART-AS, GB)"
azhre-com.mail.protection.outlook.com,1,
mail.casinopokergambleing.com,1,"AS13335 (CLOUDFLARENET - Cloudflare, Inc., US)"
casinodavos-ch.mail.protection.outlook.com,1,"AS8075 (MICROSOFT-CORP-MSN-AS-BLOCK - Microsoft Corporation, US)"
casinocosmopol-se.mail.protection.outlook.com,1,"AS8075 (MICROSOFT-CORP-MSN-AS-BLOCK - Microsoft Corporation, US)"
mail.azacavesuite.com,1,"AS51557 (TR-ISIMTESCIL-20201202, TR)"
axiz.digital,1,"AS37153 (xneelo, ZA)"
azire-com.mail.protection.outlook.com,1,"AS8075 (MICROSOFT-CORP-MSN-AS-BLOCK - Microsoft Corporation, US)"
azentron.com,1,"AS47692 (NESSUS, AT)"
cdobe-com.mail.protection.outlook.com,1,
mail.azooma.ru,1,"AS25532 (MASTERHOST-AS Moscow, Russia, RU)"
azjre-com.mail.protection.outlook.com,1,"AS8075 (MICROSOFT-CORP-MSN-AS-BLOCK - Microsoft Corporation, US)"
aztre-com.mail.protection.outlook.com,1,
mail.azqas.com,1,"AS14061 (DIGITALOCEAN-ASN - DigitalOcean, LLC, US)"
mail.cdpa.cc,1,
azufre-com.mail.protection.outlook.com,1,"AS8075 (MICROSOFT-CORP-MSN-AS-BLOCK - Microsoft Corporation, US)"
mail.azur3.com,1,"AS18779 (EGIHOSTING - EGIHosting, US)"
azure-com.mail.protection.outlook.com,1,"AS8075 (MICROSOFT-CORP-MSN-AS-BLOCK - Microsoft Corporation, US)"
cloudscan12.ilger.com,1,"AS12874 (FASTWEB, IT)"
mx1.azumail.com,1,"AS62371 (PROTON, CH)"
mail.ce.io,1,"AS63018 (DEDICATED - Dedicated.com, US)"
azure9-com.mail.protection.outlook.com,1,"AS8075 (MICROSOFT-CORP-MSN-AS-BLOCK - Microsoft Corporation, US)"
mail.ceberium.com,1,"AS14061 (DIGITALOCEAN-ASN - DigitalOcean, LLC, US)"
azurep-com.mail.protection.outlook.com,1,"AS8075 (MICROSOFT-CORP-MSN-AS-BLOCK - Microsoft Corporation, US)"
mail.azurem.com,1,"AS19871 (NETWORK-SOLUTIONS-HOSTING - Network Solutions, LLC, US)"
casinowin88.org,1,"AS26496 (AS-26496-GO-DADDY-COM-LLC - GoDaddy.com, LLC, US)"
mxb-00220401.gslb.pphosted.com,1,"AS26211 (PROOFPOINT-ASN-US-WEST - Proofpoint, Inc., US)"
azuree.com,1,"AS148993 (DIANAHOSTLTD-AS-AP Diana Host Ltd, BD)"
mx.azurer.com,1,
mail.azirmail.com,1,"AS51167 (CONTABO, DE)"
azureb-com.mail.protection.outlook.com,1,"AS8075 (MICROSOFT-CORP-MSN-AS-BLOCK - Microsoft Corporation, US)"
mx.azuer.com,1,"AS16371 (ACENS_AS Spain Hosting, housing and VPN services, ES)"
modem.ceenaudi.com,1,"AS14061 (DIGITALOCEAN-ASN - DigitalOcean, LLC, US)"
mail.ceex.io,1,"AS47302 (CYON, CH)"
cegna-com.mail.protection.outlook.com,1,"AS8075 (MICROSOFT-CORP-MSN-AS-BLOCK - Microsoft Corporation, US)"
mxa-0014ca01.gslb.pphosted.com,1,"AS22843 (PROOFPOINT-ASN-US-EAST - Proofpoint, Inc., US)"
ceed-se.mail.protection.outlook.com,1,"AS8075 (MICROSOFT-CORP-MSN-AS-BLOCK - Microsoft Corporation, US)"
cegetel.fr.nf,1,"AS16276 (OVH, FR)"
azhirock.com,1,"AS16276 (OVH, FR)"
mail.celestebml.ru,1,"AS12586 (ASGHOSTNET, DE)"
mail.cellcashr.com,1,"AS22612 (NAMECHEAP-NET - Namecheap, Inc., US)"
mail.altsci.com,1,"AS6939 (HURRICANE - Hurricane Electric LLC, US)"
_dc-mx.5c2582e42338.celticin.site,1,"AS40021 (CONTABO-40021 - Contabo Inc., US)"
mail.azhene.com,1,"AS60976 (POL, IR)"
celticwoman-com.mail.protection.outlook.com,1,"AS8075 (MICROSOFT-CORP-MSN-AS-BLOCK - Microsoft Corporation, US)"
mx01.mxtoolbox.de,1,"AS13237 (LAMBDANET-AS European Backbone of AS13237, DE)"
mail.cemeteryfmail.com,1,"AS12586 (ASGHOSTNET, DE)"
mx.centeno.com,1,"AS29873 (BIZLAND-SD - Newfold Digital, Inc., US)"
mail.cengrop.com,1,"AS14061 (DIGITALOCEAN-ASN - DigitalOcean, LLC, US)"
centeene.com,1,"AS54641 (IMH-IAD - InMotion Hosting, Inc., US)"
mx.centen.com.cust.hostedemail.com,1,"AS15348 (TUCOWS - Tucows.com Co., CA)"
b.lovepettoys.shop,1,"AS47583 (AS-HOSTINGER, CY)"
mail.center-mail.de,1,"AS63949 (AKAMAI-LINODE-AP Akamai Connected Cloud, SG)"
centralrealestate-com01i.mail.protection.outlook.com,1,
mail.centr-luch.ru,1,"AS44094 (WEBHOST1-AS, RU)"
mxb-0020eb02.gslb.pphosted.com,1,"AS26211 (PROOFPOINT-ASN-US-WEST - Proofpoint, Inc., US)"
mail.b1of96u.com,1,"AS47583 (AS-HOSTINGER, CY)"
mx.centrurytel.net,1,"AS19318 (IS-AS-1 - Interserver, Inc, US)"
centraldasaude.xyz,1,"AS22612 (NAMECHEAP-NET - Namecheap, Inc., US)"
mail.cephalothsalo.ru,1,"AS12586 (ASGHOSTNET, DE)"
mail.cephalanfkml.com,1,"AS12586 (ASGHOSTNET, DE)"
mail.cetakexpress.com,1,"AS198610 (BEGET-AS, RU)"
mail.centr-fejerverkov28.ru,1,"AS44094 (WEBHOST1-AS, RU)"
azyure.com,1,"AS133159 (MAMMOTHMEDIA-AS-AP Mammoth Media Pty Ltd, AU)"
mail.cexc.io,1,"AS216071 (VDSINA, AE)"
mx1.cetpass.com,1,"AS200107 (KL-EXT, CH)"
mail.cevipsa.com,1,"AS14061 (DIGITALOCEAN-ASN - DigitalOcean, LLC, US)"
cetinraf.com,1,"AS42846 (GUZELHOSTING GNET INTERNET TELEKOMUNIKASYON A.S., TR)"
cexio-com.mail.protection.outlook.com,1,"AS8075 (MICROSOFT-CORP-MSN-AS-BLOCK - Microsoft Corporation, US)"
mail.gwc.ca,1,"AS14618 (AMAZON-AES - Amazon.com, Inc., US)"
mail.cfdlstackf.com,1,"AS47583 (AS-HOSTINGER, CY)"
mail.ayomail.com,1,"AS16276 (OVH, FR)"
ceti-com.mail.protection.outlook.com,1,"AS8075 (MICROSOFT-CORP-MSN-AS-BLOCK - Microsoft Corporation, US)"
mx1.b5safaria.com,1,"AS200107 (KL-EXT, CH)"
cez.io,1,"AS42807 (AEROTEK-AS, TR)"
mail.b6vscarmen.com,1,"AS47583 (AS-HOSTINGER, CY)"
azeqsd.fr.nf,1,"AS16276 (OVH, FR)"
cgclaims-com.mail.protection.outlook.com,1,"AS8075 (MICROSOFT-CORP-MSN-AS-BLOCK - Microsoft Corporation, US)"
cfvingenieria.com,1,"AS23352 (SERVERCENTRAL - DEFT.COM, US)"
mail.b88i.ink,1,"AS22612 (NAMECHEAP-NET - Namecheap, Inc., US)"
d348389a.ess.barracudanetworks.com,1,"AS16509 (AMAZON-02 - Amazon.com, Inc., US)"
mail.cfo.futbol,1,"AS16276 (OVH, FR)"
mail.b9x45v1m.com,1,"AS47583 (AS-HOSTINGER, CY)"
mail.chachyn.site,1,"AS16276 (OVH, FR)"
mail.ch-centre-bretagne.fr,1,"AS212208 (GCS_RTB-AS, FR)"
chadgpt-com.mail.protection.outlook.com,1,"AS8075 (MICROSOFT-CORP-MSN-AS-BLOCK - Microsoft Corporation, US)"
chace-com.mail.protection.outlook.com,1,"AS8075 (MICROSOFT-CORP-MSN-AS-BLOCK - Microsoft Corporation, US)"
mx.chacuo.net,1,"AS37963 (ALIBABA-CN-NET Hangzhou Alibaba Advertising Co.,Ltd., CN)"
chade-com.mail.protection.outlook.com,1,"AS8075 (MICROSOFT-CORP-MSN-AS-BLOCK - Microsoft Corporation, US)"
cgw.fr.nf,1,"AS15557 (LDCOMNET --- I3Dnet ---, FR)"
mail.cfh.ch,1,"AS21069 (ASN-METANET Routingpeering issues: noc@metanet.ch, CH)"
mail.b7s.ru,1,"AS24940 (HETZNER-AS, DE)"
mail.babyfun.fun,1,"AS40021 (CONTABO-40021 - Contabo Inc., US)"
mail.chalcomail.com,1,"AS12586 (ASGHOSTNET, DE)"
mail.chaneymonge.us,1,"AS40926 (SURFAIRWIRELESS-IL-01 - Surf Air Wireless, LLC, US)"
ega02.vas-server.cz,1,"AS39392 (SUPERNETWORK _, CZ)"
entrusting.backlinkhorsepower.com,1,"AS16276 (OVH, FR)"
mx1.hostinger.ph,1,"AS13335 (CLOUDFLARENET - Cloudflare, Inc., US)"
mail.chapsmail.com,1,"AS16276 (OVH, FR)"
mail.charactesemail.com,1,"AS12586 (ASGHOSTNET, DE)"
mail.chapterfmail.com,1,"AS12586 (ASGHOSTNET, DE)"
mail.chargehosting.com,1,"AS215481 (FLEXYNODE-AS, NL)"
charactmail.com,1,"AS213702 (QWINS-LTD QWINS AS-SET: ~ # AS213702:AS-CUSTOMERS, GB)"
mx.backyardgardenblog.com,1,"AS14061 (DIGITALOCEAN-ASN - DigitalOcean, LLC, US)"
mail.casinoreting.com,1,
mail.bacteemail.ru,1,"AS12586 (ASGHOSTNET, DE)"
bacria.com,1,"AS51167 (CONTABO, DE)"
mail.chargeamail.ru,1,"AS12586 (ASGHOSTNET, DE)"
mail.bacria.net,1,"AS51167 (CONTABO, DE)"
mail.bacteriomail.ru,1,"AS12586 (ASGHOSTNET, DE)"
mail.bacterils.ru,1,"AS12586 (ASGHOSTNET, DE)"
mail.bacteriotmail.ru,1,"AS12586 (ASGHOSTNET, DE)"
mail.bactermalis.com,1,"AS12586 (ASGHOSTNET, DE)"
mail.bacterifmals.com,1,"AS12586 (ASGHOSTNET, DE)"
mail.bacterifl.com,1,"AS12586 (ASGHOSTNET, DE)"
mail.bactfml.com,1,"AS12586 (ASGHOSTNET, DE)"
weasel.ninja,1,"AS14061 (DIGITALOCEAN-ASN - DigitalOcean, LLC, US)"
sv31.byethost31.org,1,"AS34119 (WILDCARD-AS Wildcard UK Limited, GB)"
bacteriomail.com,1,"AS213702 (QWINS-LTD QWINS AS-SET: ~ # AS213702:AS-CUSTOMERS, GB)"
mail.badopsec.lol,1,"AS44486 (SYNLINQ synlinq.de, DE)"
baebies-com.mail.protection.outlook.com,1,"AS8075 (MICROSOFT-CORP-MSN-AS-BLOCK - Microsoft Corporation, US)"
mail.bagonew.com,1,"AS51167 (CONTABO, DE)"
mail.centraldecomunicacion.es,1,"AS16276 (OVH, FR)"
centraltermites.site,1,"AS35916 (MULTA-ASN1 - MULTACOM CORPORATION, US)"
mx6.bagscheaps.org,1,
mail.centermail.at,1,"AS33695 (SCALEMATRIX - ScaleMatrix, US)"
mail.bacteroidmail.com,1,"AS207957 (SERVHOST-AS, GB)"
mail.eamarketing.dev,1,"AS22612 (NAMECHEAP-NET - Namecheap, Inc., US)"
mail.centrodeolhoscampos.com,1,"AS19871 (NETWORK-SOLUTIONS-HOSTING - Network Solutions, LLC, US)"
mx.cenurytel.net,1,"AS26666 (INTERSERVER-LAX - Interserver, Inc, US)"
centrodereclamos.com,1,"AS27823 (Dattatec.com, AR)"
mail.cephafml.com,1,"AS12586 (ASGHOSTNET, DE)"
mail.bailbondsdirect.com,1,"AS55293 (A2HOSTING - A2 Hosting, Inc., US)"
localhost.badoo.live,1,
bainbridgere-com.mx1.arsmtp.com,1,"AS53780 (AS-APPRIVER - APPRIVER LLC, US)"
balconat-com.mail.protection.outlook.com,1,"AS8075 (MICROSOFT-CORP-MSN-AS-BLOCK - Microsoft Corporation, US)"
bahoo.biz.st,1,"AS16276 (OVH, FR)"
mail.balanoprsmail.ru,1,"AS12586 (ASGHOSTNET, DE)"
mxa-005c5601.gslb.pphosted.com,1,"AS22843 (PROOFPOINT-ASN-US-EAST - Proofpoint, Inc., US)"
mail.balawo.com,1,"AS14061 (DIGITALOCEAN-ASN - DigitalOcean, LLC, US)"
mail.central-asia.travel,1,"AS59939 (WIBO-AS, LT)"
mx.ballysale.com,1,"AS14061 (DIGITALOCEAN-ASN - DigitalOcean, LLC, US)"
mail.baltimorebusinessdaily.com,1,"AS40021 (CONTABO-40021 - Contabo Inc., US)"
mail.baltimorenewswire.com,1,"AS40021 (CONTABO-40021 - Contabo Inc., US)"
mx6.bananashakem.com,1,
mx-host.dot.tk,1,"AS10439 (CARINET - CariNet, Inc., US)"
mail.bangemji.my.id,1,"AS203446 (AS203446, GB)"
mail.bananmail.com,1,"AS12586 (ASGHOSTNET, DE)"
mail.bagitgorgeous.com,1,
banistersdirect.com,1,"AS26042 (FIBERSTATE - FiberState, LLC, US)"
mx0.lcn.com,1,"AS8622 (ISIONUK Team Blue Internet Services UK Ltd, GB)"
bankofamderica.com,1,"AS14315 (1GSERVERS - 1GSERVERS, LLC, US)"
mxb-0000ec05.gslb.pphosted.com,1,"AS22843 (PROOFPOINT-ASN-US-EAST - Proofpoint, Inc., US)"
mxa-0000ec02.gslb.pphosted.com,1,"AS22843 (PROOFPOINT-ASN-US-EAST - Proofpoint, Inc., US)"
mail.bankrotstvoufa.ru,1,"AS35278 (SPRINTHOST, RU)"
mail.bachpanglobal.com,1,"AS199404 (WHG-IN, GB)"
mx1.hc4829-81.iphmx.com,1,"AS16417 (IRONPORT-SYSTEMS-INC - Cisco Systems Ironport Division, US)"
mail.baranmail.com,1,"AS12586 (ASGHOSTNET, DE)"
mail.banten.me,1,"AS60592 (GRANSY Gransy s.r.o. gransy.com, CZ)"
mail.bandamn.ru,1,"AS44094 (WEBHOST1-AS, RU)"
mail.barneu.com,1,"AS14061 (DIGITALOCEAN-ASN - DigitalOcean, LLC, US)"
mail.barocemail.ru,1,"AS12586 (ASGHOSTNET, DE)"
barnyard-com.mail.protection.outlook.com,1,"AS8075 (MICROSOFT-CORP-MSN-AS-BLOCK - Microsoft Corporation, US)"
mail.barakademin.se,1,"AS214640 (HOSTUP HOSTUP, SE)"
mail.barothermohygremi.com,1,"AS12586 (ASGHOSTNET, DE)"
mail.basidiml.ru,1,"AS12586 (ASGHOSTNET, DE)"
mail.basidiommails.ru,1,"AS12586 (ASGHOSTNET, DE)"
mail.baserelief.ru,1,"AS50340 (SELECTEL-MSK, RU)"
basicdigitalmedia-net.mail.protection.outlook.com,1,"AS8075 (MICROSOFT-CORP-MSN-AS-BLOCK - Microsoft Corporation, US)"
level2mx.basketth.com,1,"AS14061 (DIGITALOCEAN-ASN - DigitalOcean, LLC, US)"
mxa-00159f01.gslb.pphosted.com,1,"AS26211 (PROOFPOINT-ASN-US-WEST - Proofpoint, Inc., US)"
baltimorechildrensbusinessfair-com.mail.protection.outlook.com,1,
_dc-mx.d7e464c7b3d3.bamlife.ru,1,"AS211381 (PODAON, LV)"
bamjamz.com,1,"AS40244 (TURNKEY-INTERNET - Turnkey Internet Inc., US)"
barooko.com,1,"AS14670 (WHG-USE1, GB)"
mail.baskinome.ru,1,"AS51852 (PLI-AS, PA)"
mail2.siteamerica.com,1,"AS3561 (CENTURYLINK-LEGACY-SAVVIS - CenturyLink Communications, LLC, US)"
dukeseyecare-com.mail.protection.outlook.com,1,"AS8075 (MICROSOFT-CORP-MSN-AS-BLOCK - Microsoft Corporation, US)"
alln-mx-01.cisco.com,1,"AS109 (CISCOSYSTEMS - CISCO SYSTEMS, INC., US)"
duhanicapital-com.mail.protection.outlook.com,1,"AS8075 (MICROSOFT-CORP-MSN-AS-BLOCK - Microsoft Corporation, US)"
ciscod-com.mail.protection.outlook.com,1,"AS8075 (MICROSOFT-CORP-MSN-AS-BLOCK - Microsoft Corporation, US)"
mail.dukedish.com,1,"AS14061 (DIGITALOCEAN-ASN - DigitalOcean, LLC, US)"
ciri-com.mail.protection.outlook.com,1,"AS8075 (MICROSOFT-CORP-MSN-AS-BLOCK - Microsoft Corporation, US)"
cisco3-com.mail.protection.outlook.com,1,"AS8075 (MICROSOFT-CORP-MSN-AS-BLOCK - Microsoft Corporation, US)"
ciqra-com.mail.protection.outlook.com,1,"AS8075 (MICROSOFT-CORP-MSN-AS-BLOCK - Microsoft Corporation, US)"
mail.cirefusmail.com,1,"AS12586 (ASGHOSTNET, DE)"
mxa-00400e02.gslb.pphosted.com,1,"AS26211 (PROOFPOINT-ASN-US-WEST - Proofpoint, Inc., US)"
ciscoe.com,1,"AS46606 (UNIFIEDLAYER-AS-1 - Unified Layer, US)"
mail.circumesopfml.com,1,"AS12586 (ASGHOSTNET, DE)"
mail.circumambf.ru,1,"AS12586 (ASGHOSTNET, DE)"
ciscom-com.mail.protection.outlook.com,1,"AS8075 (MICROSOFT-CORP-MSN-AS-BLOCK - Microsoft Corporation, US)"
ciseo-com.mail.protection.outlook.com,1,"AS8075 (MICROSOFT-CORP-MSN-AS-BLOCK - Microsoft Corporation, US)"
ciscor-com.mail.protection.outlook.com,1,"AS8075 (MICROSOFT-CORP-MSN-AS-BLOCK - Microsoft Corporation, US)"
mail.circulmail.ru,1,"AS12586 (ASGHOSTNET, DE)"
cisci-com.mail.protection.outlook.com,1,"AS8075 (MICROSOFT-CORP-MSN-AS-BLOCK - Microsoft Corporation, US)"
mail.circumambmails.ru,1,"AS12586 (ASGHOSTNET, DE)"
mail.circumesemail.ru,1,"AS12586 (ASGHOSTNET, DE)"
mail.duhastmail.com,1,"AS12586 (ASGHOSTNET, DE)"
mail.circumesophfm.ru,1,"AS12586 (ASGHOSTNET, DE)"
mail.circumamb.com,1,"AS12586 (ASGHOSTNET, DE)"
mail.circumeaaemail.ru,1,"AS12586 (ASGHOSTNET, DE)"
mail.circumvallfmail.ru,1,"AS12586 (ASGHOSTNET, DE)"
mail.circumstmail.ru,1,"AS12586 (ASGHOSTNET, DE)"
mail.circumnavigmails.ru,1,"AS12586 (ASGHOSTNET, DE)"
mail.circumambfkml.ru,1,"AS12586 (ASGHOSTNET, DE)"
mail.circumambumail.ru,1,"AS12586 (ASGHOSTNET, DE)"
mail.duno.com,1,"AS47583 (AS-HOSTINGER, CY)"
spamtitan.citig.com,1,"AS16509 (AMAZON-02 - Amazon.com, Inc., US)"
mail.duodesemail.ru,1,"AS12586 (ASGHOSTNET, DE)"
citizenbank-com.mail.protection.outlook.com,1,"AS8075 (MICROSOFT-CORP-MSN-AS-BLOCK - Microsoft Corporation, US)"
citizensbank-com.mail.protection.outlook.com,1,"AS8075 (MICROSOFT-CORP-MSN-AS-BLOCK - Microsoft Corporation, US)"
_dc-mx.072dffa3578f.dustbin.one,1,"AS20473 (AS-VULTR - The Constant Company, LLC, US)"
mail.duoden.ru,1,"AS12586 (ASGHOSTNET, DE)"
mail.dumpmail.de,1,"AS197540 (NETCUP-AS netcup GmbH, DE)"
mail.duodetomail.com,1,"AS12586 (ASGHOSTNET, DE)"
mail.circumamkl.ru,1,"AS12586 (ASGHOSTNET, DE)"
mx.citic.com,1,"AS55990 (HWCSNET Huawei Cloud Service data center, CN)"
cito-com.mail.protection.outlook.com,1,"AS8075 (MICROSOFT-CORP-MSN-AS-BLOCK - Microsoft Corporation, US)"
citm-com.mail.protection.outlook.com,1,"AS8075 (MICROSOFT-CORP-MSN-AS-BLOCK - Microsoft Corporation, US)"
mxb-00104201.gslb.pphosted.com,1,"AS26211 (PROOFPOINT-ASN-US-WEST - Proofpoint, Inc., US)"
mail.dutiesu0.com,1,"AS47583 (AS-HOSTINGER, CY)"
esb.einfolab.com,1,"AS5645 (TEKSAVVY - TekSavvy Solutions, Inc., CA)"
mailstore.dustinry.com,1,"AS14061 (DIGITALOCEAN-ASN - DigitalOcean, LLC, US)"
mail.einweg-email.com,1,"AS60781 (LEASEWEB-NL-AMS-01 Netherlands, NL)"
mx1.mymangomail.com,1,"AS53667 (PONYNET - FranTech Solutions, US)"
dv7.com,1,"AS32475 (SINGLEHOP-LLC - Internap Holding LLC, US)"
citylightsart.com,1,"AS200313 (INTERNET-IT, VG)"
mail.eireomail.com,1,"AS12586 (ASGHOSTNET, DE)"
mx.cityofsomerton.com,1,
eithub-com.mail.protection.outlook.com,1,"AS8075 (MICROSOFT-CORP-MSN-AS-BLOCK - Microsoft Corporation, US)"
mx-vip2.lanetcie.com,1,"AS21409 (IKOULA, FR)"
mail.cityofbatesvillems.com,1,
mail.dvdpit.com,1,"AS14061 (DIGITALOCEAN-ASN - DigitalOcean, LLC, US)"
einsteinaccounting.com,1,"AS24940 (HETZNER-AS, DE)"
mx6.dvdnewshome.com,1,
mail.eiveg.com,1,"AS14061 (DIGITALOCEAN-ASN - DigitalOcean, LLC, US)"
d188237a.ess.barracudanetworks.com,1,"AS16509 (AMAZON-02 - Amazon.com, Inc., US)"
civiclink-org01c.mail.protection.outlook.com,1,"AS8075 (MICROSOFT-CORP-MSN-AS-BLOCK - Microsoft Corporation, US)"
duta303.net,1,"AS31898 (ORACLE-BMC-31898 - Oracle Corporation, US)"
mail.einmalmail.de,1,"AS31103 (KEYWEB-AS, DE)"
civilium-com.mail.protection.outlook.com,1,"AS8075 (MICROSOFT-CORP-MSN-AS-BLOCK - Microsoft Corporation, US)"
duylong.name.vn,1,
mail.civvic.ro,1,
citysafescore.com,1,"AS40021 (CONTABO-40021 - Contabo Inc., US)"
cjsco-com.mail.protection.outlook.com,1,"AS8075 (MICROSOFT-CORP-MSN-AS-BLOCK - Microsoft Corporation, US)"
dwgre-com0i.mail.protection.outlook.com,1,"AS8075 (MICROSOFT-CORP-MSN-AS-BLOCK - Microsoft Corporation, US)"
mx.cizna.com,1,"AS4678 (FINE Canon IT Solutions Inc., JP)"
mail.ckkdetails.com,1,"AS47583 (AS-HOSTINGER, CY)"
mx.serveriai.lt,1,"AS212531 (INTERNETO-VIZIJA, LT)"
mail.ckiaspal.ovh,1,"AS16509 (AMAZON-02 - Amazon.com, Inc., US)"
cizco.com,1,"AS54643 (IDIGITAL - Idigital Internet Inc., CA)"
ckspackaging-com.mx1.arsmtp.com,1,"AS53780 (AS-APPRIVER - APPRIVER LLC, US)"
itmr.in.tmes.trendmicro.com,1,"AS14618 (AMAZON-AES - Amazon.com, Inc., US)"
host3595.vnode.com.vn,1,"AS38732 (CMCTELECOM-VN CMC Telecom Infrastructure Company, VN)"
work-mx.app.hey.com,1,"AS25657 (BASECAMP - Basecamp, LLC, US)"
mail.cktd.com,1,"AS32097 (WII - WholeSale Internet, Inc., US)"
mail.ckyc.com,1,"AS32097 (WII - WholeSale Internet, Inc., US)"
duyfkentrading-com.mail.protection.outlook.com,1,"AS8075 (MICROSOFT-CORP-MSN-AS-BLOCK - Microsoft Corporation, US)"
dynastyantique.com,1,"AS22611 (INMOTION - InMotion Hosting, Inc., US)"
dyndns-org.mail.protection.outlook.com,1,"AS8075 (MICROSOFT-CORP-MSN-AS-BLOCK - Microsoft Corporation, US)"
mail.dymarent.cfd,1,"AS203446 (AS203446, GB)"
mail.dynarix.cfd,1,"AS203446 (AS203446, GB)"
mail.dyspituio.com,1,"AS12586 (ASGHOSTNET, DE)"
mail.classicaltantra.com,1,"AS22611 (INMOTION - InMotion Hosting, Inc., US)"
mail.dz17.net,1,"AS19871 (NETWORK-SOLUTIONS-HOSTING - Network Solutions, LLC, US)"
dynabird.sakura.ne.jp,1,"AS9371 (SAKURA-C SAKURA Internet Inc., JP)"
mail.classified.zone,1,"AS55293 (A2HOSTING - A2 Hosting, Inc., US)"
friday.x-secure.net,1,"AS24940 (HETZNER-AS, DE)"
dzieciswiat.pl,1,"AS12824 (HOMEPL-AS, PL)"
mail.claudd.com,1,"AS14061 (DIGITALOCEAN-ASN - DigitalOcean, LLC, US)"
mail.clcbs.com,1,"AS31898 (ORACLE-BMC-31898 - Oracle Corporation, US)"
mx1.claudiaamaya.com,1,"AS200107 (KL-EXT, CH)"
mx1.dznf.net,1,"AS200107 (KL-EXT, CH)"
_dc-mx.4483654e659c.duta303.org,1,"AS57344 (TELEHOUSE-AS, BG)"
mx.circlegame.iceiy.com,1,"AS34119 (WILDCARD-AS Wildcard UK Limited, GB)"
mail.classitheme.com,1,
e-mail.com,1,"AS7018 (ATT-INTERNET4 - AT&T Enterprises, LLC, US)"
cleaningbusinessmentor-com.mail.protection.outlook.com,1,"AS8075 (MICROSOFT-CORP-MSN-AS-BLOCK - Microsoft Corporation, US)"
cleanbeyondco-com.mail.protection.outlook.com,1,"AS8075 (MICROSOFT-CORP-MSN-AS-BLOCK - Microsoft Corporation, US)"
dwfgf.xyz,1,"AS16276 (OVH, FR)"
mail.dupa.pl,1,"AS16276 (OVH, FR)"
mx.classesmail.com,1,"AS16276 (OVH, FR)"
mail.cisca.com,1,"AS27823 (Dattatec.com, AR)"
mx-b.mail.citi.com,1,"AS22843 (PROOFPOINT-ASN-US-EAST - Proofpoint, Inc., US)"
ciscp.com,1,"AS9371 (SAKURA-C SAKURA Internet Inc., JP)"
mail.dunkos.xyz,1,"AS19318 (IS-AS-1 - Interserver, Inc, US)"
cleaningcompanybristol.com,1,"AS395111 (KVCNET-2009 - KVCHOSTING.COM LLC, US)"
mail.e-mail.cafe,1,"AS16276 (OVH, FR)"
util01.verticalscope.com,1,
citizensbank-com02b.mail.protection.outlook.com,1,"AS8075 (MICROSOFT-CORP-MSN-AS-BLOCK - Microsoft Corporation, US)"
api.tempmail.fish,1,"AS24940 (HETZNER-AS, DE)"
clearwaterarizona-com.mail.protection.outlook.com,1,"AS8075 (MICROSOFT-CORP-MSN-AS-BLOCK - Microsoft Corporation, US)"
e.lovepettoys.shop,1,"AS47583 (AS-HOSTINGER, CY)"
clearwire.net,1,"AS63410 (PRIVATESYSTEMS - PrivateSystems Networks, US)"
kddi145.e-mail.jp,1,"AS2516 (KDDI KDDI CORPORATION, JP)"
mx1.clearmail.online,1,"AS200107 (KL-EXT, CH)"
cleptomail.com,1,"AS213702 (QWINS-LTD QWINS AS-SET: ~ # AS213702:AS-CUSTOMERS, GB)"
clevelandinnovation-com.mail.protection.outlook.com,1,"AS8075 (MICROSOFT-CORP-MSN-AS-BLOCK - Microsoft Corporation, US)"
mail.cleriolml.ru,1,"AS12586 (ASGHOSTNET, DE)"
mail.durandinterstellar.com,1,"AS29182 (RU-JSCIOT, RU)"
e2estudios-com.mail.protection.outlook.com,1,"AS8075 (MICROSOFT-CORP-MSN-AS-BLOCK - Microsoft Corporation, US)"
mail.e4ivstampk.com,1,"AS47583 (AS-HOSTINGER, CY)"
inbound-reply.s1.exacttarget.com,1,"AS14340 (SALESFORCE - Salesforce.com, Inc., US)"
mail.clayandplay.ru,1,"AS44094 (WEBHOST1-AS, RU)"
mail.cleantalkorg1.ru,1,"AS29182 (RU-JSCIOT, RU)"
dominomail.creative-intelligence.it,1,"AS15691 (LEONET-AS-, IT)"
smtp-hc04.infoselfcloud.com,1,"AS51621 (INFOSELF, ES)"
_dc-mx.0a9a6f74e5f0.clickr.pro,1,"AS20473 (AS-VULTR - The Constant Company, LLC, US)"
mx.aftermarket.pl,1,"AS48707 (AS48707-OPS-, PL)"
mail.clientacceleratoracademy.com,1,"AS26496 (AS-26496-GO-DADDY-COM-LLC - GoDaddy.com, LLC, US)"
mail.eachera.com,1,"AS16276 (OVH, FR)"
climatefoolsday.com,1,"AS30633 (LEASEWEB-USA-WDC - Leaseweb USA, Inc., US)"
mail.e90.biz,1,"AS41079 (CF-GDA, PL)"
cliffcastlecasino-net.mail.protection.outlook.com,1,"AS8075 (MICROSOFT-CORP-MSN-AS-BLOCK - Microsoft Corporation, US)"
mail.e88i.fit,1,"AS22612 (NAMECHEAP-NET - Namecheap, Inc., US)"
mail.e-windykacje.pl,1,"AS50599 (Autonomous System for Dataspace P.S.A., PL)"
mail.e-position.pl,1,"AS50599 (Autonomous System for Dataspace P.S.A., PL)"
mail.eamsurn.com,1,"AS47583 (AS-HOSTINGER, CY)"
e6wa.com,1,"AS24940 (HETZNER-AS, DE)"
filter.upwardmail.net,1,"AS398146 (EMYPEOPLE - eMyPeople LLC, US)"
mail.clinicopamail.com,1,"AS12586 (ASGHOSTNET, DE)"
mail.clinicopatmail.com,1,"AS12586 (ASGHOSTNET, DE)"
eamail-com.mail.protection.outlook.com,1,"AS8075 (MICROSOFT-CORP-MSN-AS-BLOCK - Microsoft Corporation, US)"
earlepress-com.mail.protection.outlook.com,1,"AS8075 (MICROSOFT-CORP-MSN-AS-BLOCK - Microsoft Corporation, US)"
mail.e52.ru,1,"AS197695 (AS-REG, RU)"
nstemp1.dns4userver.com,1,"AS52030 (SERVERPLAN-AS, IT)"
mx.earpitchtraining.info,1,"AS14061 (DIGITALOCEAN-ASN - DigitalOcean, LLC, US)"
_dc-mx.8120cd7686af.earthmail.online,1,"AS16276 (OVH, FR)"
mail.clocusign.com,1,"AS701 (UUNET - Verizon Business, US)"
mail.clokkmail.com,1,"AS12586 (ASGHOSTNET, DE)"
mail.cloneotp.com,1,"AS31898 (ORACLE-BMC-31898 - Oracle Corporation, US)"
ealea.fr.nf,1,"AS16276 (OVH, FR)"
mx01.earthliknk.net,1,"AS14061 (DIGITALOCEAN-ASN - DigitalOcean, LLC, US)"
mail.eastsidecounselingcenters.com,1,
email.clockance.com,1,"AS14061 (DIGITALOCEAN-ASN - DigitalOcean, LLC, US)"
mx.clonmel.com,1,"AS29873 (BIZLAND-SD - Newfold Digital, Inc., US)"
easy-com.mail.protection.outlook.com,1,"AS8075 (MICROSOFT-CORP-MSN-AS-BLOCK - Microsoft Corporation, US)"
eastwestpr-com.mail.protection.outlook.com,1,"AS8075 (MICROSOFT-CORP-MSN-AS-BLOCK - Microsoft Corporation, US)"
router.eastriveramail.com,1,"AS14061 (DIGITALOCEAN-ASN - DigitalOcean, LLC, US)"
mail.easymails.cc,1,"AS44486 (SYNLINQ synlinq.de, DE)"
abcxyzhtv.mailtam.com,1,"AS45102 (ALIBABA-CN-NET Alibaba US Technology Co., Ltd., CN)"
route.clothance.com,1,"AS14061 (DIGITALOCEAN-ASN - DigitalOcean, LLC, US)"
mail.clixoft.com,1,"AS200000 (UKRAINE-AS, UA)"
mx.easymailer.live,1,"AS16276 (OVH, FR)"
mail.neomailsrvr.com,1,"AS63949 (AKAMAI-LINODE-AP Akamai Connected Cloud, SG)"
mail.easypass.rs,1,"AS24940 (HETZNER-AS, DE)"
mail.closetraid.me,1,"AS36444 (NEXCESS-NET - Liquid Web, L.L.C, US)"
mail.cloudcarib.net,1,"AS19377 (CLOUD-CARIB-LTD - Cloud Carib Limited, BS)"
mail.cloudcourier.xyz,1,"AS20473 (AS-VULTR - The Constant Company, LLC, US)"
mailforward21.cloudns.net,1,"AS43350 (NFORCE, NL)"
mxa-canary.global.inbound.cf-emailsecurity.net,1,"AS13335 (CLOUDFLARENET - Cloudflare, Inc., US)"
mx0.mail.ovh.ca,1,"AS16276 (OVH, FR)"
mail.legtux.org,1,"AS16276 (OVH, FR)"
cloudmail.lol,1,"AS16276 (OVH, FR)"
mailforward101.cloudns.net,1,"AS43350 (NFORCE, NL)"
mail.cloudparcels.xyz,1,"AS20473 (AS-VULTR - The Constant Company, LLC, US)"
mail.eatrhlink.net,1,"AS14061 (DIGITALOCEAN-ASN - DigitalOcean, LLC, US)"
mail.inboxesmail.app,1,"AS135918 (DVS-AS-VN VIET DIGITAL TECHNOLOGY LIABILITY COMPANY, VN)"
mail.clowmail.com,1,"AS16276 (OVH, FR)"
mail.easyandhardwaysout.com,1,"AS29182 (RU-JSCIOT, RU)"
mail.clropbox.com,1,"AS26367 (BRADLEY-UNIVERSITY - Bradley University, US)"
mail.clock64.ru,1,"AS44094 (WEBHOST1-AS, RU)"
mail.mmocommunity.io.vn,1,"AS135918 (DVS-AS-VN VIET DIGITAL TECHNOLOGY LIABILITY COMPANY, VN)"
ndstech-mx1.titanhq.com,1,"AS16509 (AMAZON-02 - Amazon.com, Inc., US)"
ebrius.net,1,"AS47583 (AS-HOSTINGER, CY)"
mail.eblanomail.com,1,"AS12586 (ASGHOSTNET, DE)"
mail.clubabfml.com,1,"AS12586 (ASGHOSTNET, DE)"
mx.motives.com,1,"AS63949 (AKAMAI-LINODE-AP Akamai Connected Cloud, SG)"
mail.clubstt.com,1,"AS47583 (AS-HOSTINGER, CY)"
mail.ebyjeans.com,1,"AS47583 (AS-HOSTINGER, CY)"
mail.ebulkl.ru,1,"AS12586 (ASGHOSTNET, DE)"
velocity2.kintana.com,1,"AS7018 (ATT-INTERNET4 - AT&T Enterprises, LLC, US)"
cmx0.sol.net,1,"AS14536 (ASN-SOL - sol.net Network Services, US)"
mail.eatgood.site,1,"AS210403 (LWS, FR)"
mail.ebimails.ru,1,"AS12586 (ASGHOSTNET, DE)"
_dc-mx.1b7411f0738b.cmail.asia,1,"AS16276 (OVH, FR)"
mail.ecclesiafml.ru,1,"AS12586 (ASGHOSTNET, DE)"
mail.ebullmail.ru,1,"AS12586 (ASGHOSTNET, DE)"
mail.cmailg.com,1,"AS46606 (UNIFIEDLAYER-AS-1 - Unified Layer, US)"
ecclesiamail.com,1,"AS213702 (QWINS-LTD QWINS AS-SET: ~ # AS213702:AS-CUSTOMERS, GB)"
cc-mail3.ecenomecs.com,1,"AS14061 (DIGITALOCEAN-ASN - DigitalOcean, LLC, US)"
protonmail.ch,1,"AS62371 (PROTON, CH)"
echosofspirit.com.mail.protection.outlook.com,1,
cmail.fr.nf,1,"AS16276 (OVH, FR)"
mail.echinodmali.ru,1,"AS12586 (ASGHOSTNET, DE)"
mail.ecclespt.ru,1,"AS12586 (ASGHOSTNET, DE)"
mail.ecclemail.ru,1,"AS12586 (ASGHOSTNET, DE)"
mail.echinocomail.com,1,"AS12586 (ASGHOSTNET, DE)"
cmirealestate-com.mail.protection.outlook.com,1,"AS8075 (MICROSOFT-CORP-MSN-AS-BLOCK - Microsoft Corporation, US)"
a196450.mx.mailhop.org,1,"AS16509 (AMAZON-02 - Amazon.com, Inc., US)"
cmo-com.mail.protection.outlook.com,1,"AS8075 (MICROSOFT-CORP-MSN-AS-BLOCK - Microsoft Corporation, US)"
ecidmail.com,1,"AS213702 (QWINS-LTD QWINS AS-SET: ~ # AS213702:AS-CUSTOMERS, GB)"
d188650a.ess.barracudanetworks.com,1,"AS16509 (AMAZON-02 - Amazon.com, Inc., US)"
mail.ecocloud.com,1,"AS4620 (SOLONE-AS-AP Sol One Anycast Delivery Network, SG)"
echoencephalmail.com,1,"AS213702 (QWINS-LTD QWINS AS-SET: ~ # AS213702:AS-CUSTOMERS, GB)"
mail.cnanb.com,1,"AS14061 (DIGITALOCEAN-ASN - DigitalOcean, LLC, US)"
mail.ecomdaily.com,1,"AS213230 (HETZNER-CLOUD2-AS, DE)"
srv.smarfred.com,1,"AS44803 (WEBDOCK-AS, DK)"
mx1.umd.iphmx.com,1,"AS16417 (IRONPORT-SYSTEMS-INC - Cisco Systems Ironport Division, US)"
mail.ecologimil.ru,1,"AS12586 (ASGHOSTNET, DE)"
mail.cnieux.com,1,"AS14061 (DIGITALOCEAN-ASN - DigitalOcean, LLC, US)"
ecomail.com,1,"AS9371 (SAKURA-C SAKURA Internet Inc., JP)"
economicsuds.ru,1,"AS213702 (QWINS-LTD QWINS AS-SET: ~ # AS213702:AS-CUSTOMERS, GB)"
mail.economeli.com,1,"AS12586 (ASGHOSTNET, DE)"
mail.economemails.ru,1,"AS12586 (ASGHOSTNET, DE)"
mail.ecstor.com,1,"AS14061 (DIGITALOCEAN-ASN - DigitalOcean, LLC, US)"
mail.echtmail.de,1,"AS42730 (EVANZOAS, DE)"
mx.club-casino.ru,1,"AS48282 (VDSINA-AS, RU)"
mail.coachnutrio.com,1,"AS24940 (HETZNER-AS, DE)"
mail.ectocommfkml.com,1,"AS12586 (ASGHOSTNET, DE)"
mxa-009ab001.gslb.pphosted.com,1,"AS52129 (PROOFPOINT-ASN-EU, US)"
mail.ectrosynde.com,1,"AS12586 (ASGHOSTNET, DE)"
mail.ecuemail.ru,1,"AS12586 (ASGHOSTNET, DE)"
mail.ectromail.ru,1,"AS12586 (ASGHOSTNET, DE)"
mail.coachtransformationacademy.com,1,"AS31898 (ORACLE-BMC-31898 - Oracle Corporation, US)"
5,1,
mail.coagsemail.ru,1,"AS12586 (ASGHOSTNET, DE)"
mail.coalifml.ru,1,"AS12586 (ASGHOSTNET, DE)"
coastaltechpros-com.mail.protection.outlook.com,1,"AS8075 (MICROSOFT-CORP-MSN-AS-BLOCK - Microsoft Corporation, US)"
ecosolutions.biz.id,1,"AS141120 (IDNIC-WARNAHOST-AS-ID PT Warna Data Multimedia, ID)"
mail.coalifi.ru,1,"AS12586 (ASGHOSTNET, DE)"
mx4.pub.mailpod11-cph3.one.com,1,"AS51468 (ONECOM, DK)"
cobaltservicesinc.com.1.0001.arsmtp.com,1,"AS53780 (AS-APPRIVER - APPRIVER LLC, US)"
mx0.cocktailservice-tropical.de,1,"AS34011 (GD-EMEA-DC-CGN1, DE)"
mail.cocemail.ru,1,"AS12586 (ASGHOSTNET, DE)"
mx0.coco-dive.com,1,"AS54290 (HOSTWINDS - Hostwinds LLC., US)"
mail.cocoidprzodu.be,1,"AS8075 (MICROSOFT-CORP-MSN-AS-BLOCK - Microsoft Corporation, US)"
cobal.infos.st,1,"AS16276 (OVH, FR)"
cocoro.uk,1,"AS7506 (INTERQ GMO Internet Group, Inc., JP)"
_dc-mx.7ed2a19d7cb7.edmontonportablesigns.com,1,"AS31898 (ORACLE-BMC-31898 - Oracle Corporation, US)"
editomail.com,1,"AS213702 (QWINS-LTD QWINS AS-SET: ~ # AS213702:AS-CUSTOMERS, GB)"
mail.editrsmail.ru,1,"AS12586 (ASGHOSTNET, DE)"
cocobet77.com,1,"AS22612 (NAMECHEAP-NET - Namecheap, Inc., US)"
mail.domain,1,
econolar.com.br,1,"AS29802 (HVC-AS - HIVELOCITY, Inc., US)"
a818907.mx.mailhop.org,1,"AS16509 (AMAZON-02 - Amazon.com, Inc., US)"
mail.codeandconvert.com,1,"AS209767 (SAMTECO, RO)"
edhardy-onsale.com,1,"AS59253 (LEASEWEB-APAC-SIN-11 LEASEWEB SINGAPORE PTE. LTD., SG)"
mailin.mx-hub.cz,1,"AS29134 (IGNUM-AS Czech Republic, CZ)"
mail.codegraph.cc,1,"AS24940 (HETZNER-AS, DE)"
mail.edu-mail.edu.pl,1,"AS42846 (GUZELHOSTING GNET INTERNET TELEKOMUNIKASYON A.S., TR)"
_dc-mx.bb71f928b143.codeksa.tk,1,"AS51167 (CONTABO, DE)"
mail.edriophtholml.ru,1,"AS12586 (ASGHOSTNET, DE)"
_dc-mx.c74d7f0b4bd1.codefree24.de,1,"AS51167 (CONTABO, DE)"
rts-services.com,1,"AS16509 (AMAZON-02 - Amazon.com, Inc., US)"
mail.codestar.site,1,"AS40021 (CONTABO-40021 - Contabo Inc., US)"
mail.codem.site,1,"AS27823 (Dattatec.com, AR)"
mail.educationfmail.com,1,"AS12586 (ASGHOSTNET, DE)"
edp-com.mail.protection.outlook.com,1,"AS8075 (MICROSOFT-CORP-MSN-AS-BLOCK - Microsoft Corporation, US)"
_dc-mx.235f68b8d965.edumail.icu,1,"AS16276 (OVH, FR)"
mail.edumail.edu.rs,1,"AS16276 (OVH, FR)"
app.arya.biz.id.id,1,
mail.edumail.store,1,"AS44486 (SYNLINQ synlinq.de, DE)"
app.arya.biz.id,1,
mail.edumaga.com,1,"AS3842 (RAMNODE - InMotion Hosting, Inc., US)"
mail.edumail.su,1,"AS16276 (OVH, FR)"
dxt-com.mail.protection.outlook.com,1,"AS8075 (MICROSOFT-CORP-MSN-AS-BLOCK - Microsoft Corporation, US)"
mail.edusath.com,1,"AS3842 (RAMNODE - InMotion Hosting, Inc., US)"
codz.site,1,"AS16276 (OVH, FR)"
mail.clubnews.ru,1,"AS42889 (METAVIRA-AS, RU)"
mail.coeducati.ru,1,"AS12586 (ASGHOSTNET, DE)"
mail.coenoboli.ru,1,"AS12586 (ASGHOSTNET, DE)"
mail.coduq.site,1,"AS132203 (TENCENT-NET-AP-CN Tencent Building, Kejizhongyi Avenue, CN)"
mx.cogeco.ca,1,"AS31898 (ORACLE-BMC-31898 - Oracle Corporation, US)"
mail.coffeescerini.com,1,"AS36352 (AS-COLOCROSSING - HostPapa, US)"
h1.hitme.pl,1,"AS50840 (AS-HITME, PL)"
mail.cogitabmail.ru,1,"AS12586 (ASGHOSTNET, DE)"
mail.cognoscie.com,1,"AS12586 (ASGHOSTNET, DE)"
mail.cohdi.com,1,"AS14061 (DIGITALOCEAN-ASN - DigitalOcean, LLC, US)"
coibex-com.mail.protection.outlook.com,1,"AS8075 (MICROSOFT-CORP-MSN-AS-BLOCK - Microsoft Corporation, US)"
edaom.com,1,"AS197706 (KEMINET A datacenter located in TiranaAlbania. Webhosting, Dedicated Servers, VPS, IPv4IPv6 leasing, AL)"
mail.ratermail.com,1,"AS131353 (NHANHOA-AS-VN NhanHoa Software company, VN)"
mail.eepmarketing.com,1,"AS23352 (SERVERCENTRAL - DEFT.COM, US)"
eepl.com,1,"AS32613 (IWEB-AS - Leaseweb Canada Inc., CA)"
mail.edumail.me,1,"AS42846 (GUZELHOSTING GNET INTERNET TELEKOMUNIKASYON A.S., TR)"
eetcafedebrakkegrond.com,1,"AS20857 (TRANSIP-AS Amsterdam, the Netherlands, NL)"
coinbasec.com,1,"AS63410 (PRIVATESYSTEMS - PrivateSystems Networks, US)"
filter10.antispamcloud.com,1,"AS16633 (I-3 - N-able Technologies, Inc., US)"
mail.efficientmx.com,1,"AS24940 (HETZNER-AS, DE)"
mailforward71.cloudns.net,1,"AS7203 (LEASEWEB-USA-SFO - Leaseweb USA, Inc., US)"
mail.effexts.com,1,"AS14061 (DIGITALOCEAN-ASN - DigitalOcean, LLC, US)"
mail.coinec.com,1,"AS46606 (UNIFIEDLAYER-AS-1 - Unified Layer, US)"
mail.cnew.ir,1,"AS36351 (SOFTLAYER - IBM Cloud, US)"
mail.protection.outlook.com,1,
eft-one.mail.protection.outlook.com,1,"AS8075 (MICROSOFT-CORP-MSN-AS-BLOCK - Microsoft Corporation, US)"
server710278.nazwa.pl,1,"AS15967 (NETARTGROUP, PL)"
mail.ee1.pl,1,"AS41079 (CF-GDA, PL)"
mx.coingx.com,1,"AS24940 (HETZNER-AS, DE)"
mail.eeauqspent.com,1,"AS47583 (AS-HOSTINGER, CY)"
coinix.com,1,"AS36351 (SOFTLAYER - IBM Cloud, US)"
coinx-com.mail.protection.outlook.com,1,"AS8075 (MICROSOFT-CORP-MSN-AS-BLOCK - Microsoft Corporation, US)"
mail.egirl.help,1,"AS44486 (SYNLINQ synlinq.de, DE)"
smtp.cokling.com,1,"AS14061 (DIGITALOCEAN-ASN - DigitalOcean, LLC, US)"
egmail-com.p10.spamhero.com,1,"AS13354 (ZC38-AS1 - zColo, US)"
mx.colaik.com,1,"AS26666 (INTERSERVER-LAX - Interserver, Inc, US)"
colehaan-com.mail.protection.outlook.com,1,"AS8075 (MICROSOFT-CORP-MSN-AS-BLOCK - Microsoft Corporation, US)"
malibuzz.egypthacker.com,1,"AS51167 (CONTABO, DE)"
mxa-00039202.gslb.pphosted.com,1,"AS26211 (PROOFPOINT-ASN-US-WEST - Proofpoint, Inc., US)"
coleure.com,1,"AS46606 (UNIFIEDLAYER-AS-1 - Unified Layer, US)"
ehealthinsurance-com.mail.protection.outlook.com,1,"AS8075 (MICROSOFT-CORP-MSN-AS-BLOCK - Microsoft Corporation, US)"
colinrofe-co-uk.mail.protection.outlook.com,1,"AS8075 (MICROSOFT-CORP-MSN-AS-BLOCK - Microsoft Corporation, US)"
mail.collapse3b.com,1,"AS47583 (AS-HOSTINGER, CY)"
mail.collaprsmail.ru,1,"AS12586 (ASGHOSTNET, DE)"
mxa-00926c01.gslb.pphosted.com,1,"AS26211 (PROOFPOINT-ASN-US-WEST - Proofpoint, Inc., US)"
mail.collectivimail.ru,1,"AS12586 (ASGHOSTNET, DE)"
mail.collectionjo.ru,1,"AS12586 (ASGHOSTNET, DE)"
mail.collegee.net,1,"AS50474 (O2SWITCH, FR)"
mail.eicircuitm.com,1,"AS47583 (AS-HOSTINGER, CY)"
eeu.jp,1,"AS7506 (INTERQ GMO Internet Group, Inc., JP)"
colmex-com.mail.protection.outlook.com,1,"AS8075 (MICROSOFT-CORP-MSN-AS-BLOCK - Microsoft Corporation, US)"
mail.conterra.com,1,
sv16259.xserver.jp,1,"AS131965 (XSERVER Xserver Inc., JP)"
eiectrum-org.mail.protection.outlook.com,1,"AS8075 (MICROSOFT-CORP-MSN-AS-BLOCK - Microsoft Corporation, US)"
mail.colonializfml.com,1,"AS12586 (ASGHOSTNET, DE)"
coloradocanine-org.mail.protection.outlook.com,1,"AS8075 (MICROSOFT-CORP-MSN-AS-BLOCK - Microsoft Corporation, US)"
mail.colorixy.com,1,"AS24940 (HETZNER-AS, DE)"
outside2.jacobs.com,1,
mail.colorsmail.ru,1,"AS12586 (ASGHOSTNET, DE)"
mail.ekiu.com,1,"AS63068 (CROCWEB - CrocWeb, CA)"
mail.columbusnewstimes.com,1,"AS40021 (CONTABO-40021 - Contabo Inc., US)"
mail.com-ma.net,1,"AS53589 (PLANETHOSTER-8 - PlanetHoster, CA)"
mail.colorcastmail.com,1,"AS207957 (SERVHOST-AS, GB)"
ekurhuleni.co.za,1,"AS328364 (Host-Africa-AS, ZA)"
mail.ekskavator32.ru,1,"AS35278 (SPRINTHOST, RU)"
mail.combinamails.ru,1,"AS12586 (ASGHOSTNET, DE)"
mx2.combustore.co,1,"AS200107 (KL-EXT, CH)"
mail.coloplus.ru,1,"AS44094 (WEBHOST1-AS, RU)"
elasmotmail.com,1,"AS213702 (QWINS-LTD QWINS AS-SET: ~ # AS213702:AS-CUSTOMERS, GB)"
elchato-com.mail.protection.outlook.com,1,"AS8075 (MICROSOFT-CORP-MSN-AS-BLOCK - Microsoft Corporation, US)"
mail.comfort.beachhotelzoutelande.click,1,"AS51167 (CONTABO, DE)"
mail.comfort.beachflag.click,1,"AS51167 (CONTABO, DE)"
comfortmedical-com.mail.protection.outlook.com,1,"AS8075 (MICROSOFT-CORP-MSN-AS-BLOCK - Microsoft Corporation, US)"
eldobhato-level.hu,1,"AS210772 (NEWPUSH, HU)"
mail.comfort.thetravellersrest.click,1,"AS51167 (CONTABO, DE)"
mail.elecromail.com,1,"AS24940 (HETZNER-AS, DE)"
elect-nhs-uk.mail.protection.outlook.com,1,"AS8075 (MICROSOFT-CORP-MSN-AS-BLOCK - Microsoft Corporation, US)"
mail.elecemi.com,1,"AS12586 (ASGHOSTNET, DE)"
mail.coinxt.net,1,"AS14061 (DIGITALOCEAN-ASN - DigitalOcean, LLC, US)"
msn.elecling.com,1,"AS14061 (DIGITALOCEAN-ASN - DigitalOcean, LLC, US)"
electram-org.mail.protection.outlook.com,1,"AS8075 (MICROSOFT-CORP-MSN-AS-BLOCK - Microsoft Corporation, US)"
commercialwindowcoverings-org.mail.protection.outlook.com,1,"AS8075 (MICROSOFT-CORP-MSN-AS-BLOCK - Microsoft Corporation, US)"
mail.commefml.com,1,"AS12586 (ASGHOSTNET, DE)"
commercialcleanrsco-com.mail.protection.outlook.com,1,"AS8075 (MICROSOFT-CORP-MSN-AS-BLOCK - Microsoft Corporation, US)"
d109412a.ess.barracudanetworks.com,1,"AS16509 (AMAZON-02 - Amazon.com, Inc., US)"
mail.electmalu.ru,1,"AS12586 (ASGHOSTNET, DE)"
mail.electrochemale.com,1,"AS12586 (ASGHOSTNET, DE)"
mail.communisfkml.com,1,"AS12586 (ASGHOSTNET, DE)"
mail.commentatomil.ru,1,"AS12586 (ASGHOSTNET, DE)"
mail.electrocarmail.ru,1,"AS12586 (ASGHOSTNET, DE)"
mail.electrmails.ru,1,"AS12586 (ASGHOSTNET, DE)"
mail.commemomails.ru,1,"AS12586 (ASGHOSTNET, DE)"
mail.electrocheruby.ru,1,"AS12586 (ASGHOSTNET, DE)"
mail.electrochemail.ru,1,"AS12586 (ASGHOSTNET, DE)"
mail.electriccityrw.com,1,"AS210878 (TREADSTONE-AS, RO)"
mail.commismail.ru,1,"AS12586 (ASGHOSTNET, DE)"
mail.electrmail.ru,1,"AS12586 (ASGHOSTNET, DE)"
electrodemail.com,1,"AS213702 (QWINS-LTD QWINS AS-SET: ~ # AS213702:AS-CUSTOMERS, GB)"
mail.electrocamail.com,1,"AS12586 (ASGHOSTNET, DE)"
electronicmail-us.mail.protection.outlook.com,1,"AS8075 (MICROSOFT-CORP-MSN-AS-BLOCK - Microsoft Corporation, US)"
mail.commutmail.com,1,"AS24940 (HETZNER-AS, DE)"
mail.electroemail.ru,1,"AS12586 (ASGHOSTNET, DE)"
comnex-com.mail.protection.outlook.com,1,"AS8075 (MICROSOFT-CORP-MSN-AS-BLOCK - Microsoft Corporation, US)"
mail.electrolfml.ru,1,"AS12586 (ASGHOSTNET, DE)"
mail.communalml.ru,1,"AS12586 (ASGHOSTNET, DE)"
mail.electrogrtomail.com,1,"AS12586 (ASGHOSTNET, DE)"
mail.electrocml.ru,1,"AS12586 (ASGHOSTNET, DE)"
mail.electrolumail.com,1,"AS12586 (ASGHOSTNET, DE)"
mail.electrogamail.com,1,"AS12586 (ASGHOSTNET, DE)"
electrolummail.com,1,"AS213702 (QWINS-LTD QWINS AS-SET: ~ # AS213702:AS-CUSTOMERS, GB)"
mail.electroextmails.ru,1,"AS12586 (ASGHOSTNET, DE)"
mail.electronefml.com,1,"AS12586 (ASGHOSTNET, DE)"
mail.electroenemail.ru,1,"AS12586 (ASGHOSTNET, DE)"
mail.electroreli.com,1,"AS12586 (ASGHOSTNET, DE)"
mail.electrohydlity.ru,1,"AS12586 (ASGHOSTNET, DE)"
mail.electrocmalu.ru,1,"AS12586 (ASGHOSTNET, DE)"
mail.electrolymail.ru,1,"AS12586 (ASGHOSTNET, DE)"
mail.electroch.ru,1,"AS12586 (ASGHOSTNET, DE)"
mail.electrodeosmail.ru,1,"AS12586 (ASGHOSTNET, DE)"
mail.electrophormfri.com,1,"AS12586 (ASGHOSTNET, DE)"
mail.colibacmail.com,1,"AS12586 (ASGHOSTNET, DE)"
electrotemail.com,1,"AS213702 (QWINS-LTD QWINS AS-SET: ~ # AS213702:AS-CUSTOMERS, GB)"
electrophomail.com,1,"AS213702 (QWINS-LTD QWINS AS-SET: ~ # AS213702:AS-CUSTOMERS, GB)"
comotaken.com,1,"AS24940 (HETZNER-AS, DE)"
mail.electropml.ru,1,"AS12586 (ASGHOSTNET, DE)"
mail.compactifi.ru,1,"AS12586 (ASGHOSTNET, DE)"
comparisions.net,1,"AS7506 (INTERQ GMO Internet Group, Inc., JP)"
mail.comparegoodshoes.com,1,"AS24940 (HETZNER-AS, DE)"
mx.comparepetinsurance.biz,1,"AS14061 (DIGITALOCEAN-ASN - DigitalOcean, LLC, US)"
_dc-mx.927b659f3044.compare-health-quotes.com,1,"AS20021 (LNH-INC - Ntirety, Inc., US)"
elements-org.mail.protection.outlook.com,1,"AS8075 (MICROSOFT-CORP-MSN-AS-BLOCK - Microsoft Corporation, US)"
mail.eleemomail.ru,1,"AS12586 (ASGHOSTNET, DE)"
comparison411-com.mail.protection.outlook.com,1,"AS8075 (MICROSOFT-CORP-MSN-AS-BLOCK - Microsoft Corporation, US)"
mail.elementfmals.com,1,"AS12586 (ASGHOSTNET, DE)"
companyonline.in,1,"AS32475 (SINGLEHOP-LLC - Internap Holding LLC, US)"
mail.compeaaemail.ru,1,"AS12586 (ASGHOSTNET, DE)"
mail.elerso.com,1,"AS14061 (DIGITALOCEAN-ASN - DigitalOcean, LLC, US)"
mail.elememail.ru,1,"AS12586 (ASGHOSTNET, DE)"
mail.compartmersmail.ru,1,"AS12586 (ASGHOSTNET, DE)"
mail.compatime.ru,1,"AS12586 (ASGHOSTNET, DE)"
comporium-net.mx.av-mx.com,1,"AS31898 (ORACLE-BMC-31898 - Oracle Corporation, US)"
mail.compliancefmail.com,1,"AS12586 (ASGHOSTNET, DE)"
mail.competitebml.ru,1,"AS12586 (ASGHOSTNET, DE)"
mail.compliansmail.com,1,"AS12586 (ASGHOSTNET, DE)"
mx2.elerrisgroup.com,1,"AS200107 (KL-EXT, CH)"
mail.comptanoo.com,1,"AS16276 (OVH, FR)"
computerexpress-us.mail.protection.outlook.com,1,
blackhole.con.com,1,
mxhost.compservmail.com,1,"AS14061 (DIGITALOCEAN-ASN - DigitalOcean, LLC, US)"
mx.conceptcateringbyck.com,1,"AS51167 (CONTABO, DE)"
computers1st.com,1,"AS33182 (DIMENOC - HostDime.com, Inc., US)"
mxb-00a18f02.gslb.pphosted.com,1,"AS52129 (PROOFPOINT-ASN-EU, US)"
w0153599.kasserver.com,1,"AS34788 (NMM-AS D - 02742 Friedersdorf Hauptstrasse 68, DE)"
mail.comprarfarmacia.site,1,"AS16276 (OVH, FR)"
concur-com.mail.protection.outlook.com,1,"AS8075 (MICROSOFT-CORP-MSN-AS-BLOCK - Microsoft Corporation, US)"
mail.conditimail.ru,1,"AS12586 (ASGHOSTNET, DE)"
mail.conceptualfml.com,1,"AS12586 (ASGHOSTNET, DE)"
mail.concretifkml.com,1,"AS12586 (ASGHOSTNET, DE)"
mx1c28.concentric.com,1,"AS30447 (INFB2-AS - Internet Names For Business Inc., CA)"
mail.concionmail.ru,1,"AS12586 (ASGHOSTNET, DE)"
mail.conceptufmail.ru,1,"AS12586 (ASGHOSTNET, DE)"
mail.conegotodosganan.com,1,"AS27640 (GIGASNET-AS - GIGAS HOSTING USA, LLC, US)"
mail.congest.club,1,"AS31863 (DACEN-2 - Centrilogic, Inc., US)"
mail.condescenaml.ru,1,"AS12586 (ASGHOSTNET, DE)"
mail.confinmail.com,1,"AS12586 (ASGHOSTNET, DE)"
conex.com,1,"AS14061 (DIGITALOCEAN-ASN - DigitalOcean, LLC, US)"
configurmail.com,1,"AS213702 (QWINS-LTD QWINS AS-SET: ~ # AS213702:AS-CUSTOMERS, GB)"
mail.conferenciasaude15.org.br,1,"AS16276 (OVH, FR)"
completemad-com.mail.protection.partner.outlook.cn,1,"AS58593 (BLUECLOUD Shanghai Blue Cloud Technology Co.,Ltd, CN)"
mail.congratumails.ru,1,"AS12586 (ASGHOSTNET, DE)"
coniex-com.mail.protection.outlook.com,1,"AS8075 (MICROSOFT-CORP-MSN-AS-BLOCK - Microsoft Corporation, US)"
mail.conforemail.ru,1,"AS12586 (ASGHOSTNET, DE)"
mail.congelitemail.ru,1,"AS12586 (ASGHOSTNET, DE)"
mail.conidioomail.com,1,"AS12586 (ASGHOSTNET, DE)"
_dc-mx.c175842e86ca.conquer-matrix.com,1,"AS16276 (OVH, FR)"
mail.congregatiml.ru,1,"AS12586 (ASGHOSTNET, DE)"
mail.wservices.ch,1,"AS24940 (HETZNER-AS, DE)"
direct10.connectcrossword.com,1,"AS14061 (DIGITALOCEAN-ASN - DigitalOcean, LLC, US)"
mail.conidirsmail.ru,1,"AS12586 (ASGHOSTNET, DE)"
_dc-mx.449cdebb4acd.conscious.organic,1,"AS16276 (OVH, FR)"
mail.considefmk.com,1,"AS12586 (ASGHOSTNET, DE)"
mail.conspiramail.com,1,"AS12586 (ASGHOSTNET, DE)"
mta.consistth.com,1,"AS14061 (DIGITALOCEAN-ASN - DigitalOcean, LLC, US)"
mx1.xel.nl,1,"AS12859 (NL-BIT BIT BV, NL)"
mail.constitutionaliztomail.com,1,"AS12586 (ASGHOSTNET, DE)"
mail.constitutimail.com,1,"AS12586 (ASGHOSTNET, DE)"
mail.conservationjo.ru,1,"AS12586 (ASGHOSTNET, DE)"
consumerproductsintl-com.mail.protection.outlook.com,1,"AS8075 (MICROSOFT-CORP-MSN-AS-BLOCK - Microsoft Corporation, US)"
mail.consutoriodaray.com,1,"AS209767 (SAMTECO, RO)"
mail.contactbox.work,1,"AS214996 (NETCUP, DE)"
mail.contact.carenmiosga.click,1,"AS51167 (CONTABO, DE)"
mail.contact.openbillieholiday.click,1,"AS51167 (CONTABO, DE)"
contact.biz.st,1,"AS16276 (OVH, FR)"
mail.containzof.com,1,"AS47583 (AS-HOSTINGER, CY)"
mail.contermail.com,1,"AS12586 (ASGHOSTNET, DE)"
contact.infos.st,1,"AS16276 (OVH, FR)"
mail.contemporaneoumfri.com,1,"AS12586 (ASGHOSTNET, DE)"
mail.contempormail.ru,1,"AS12586 (ASGHOSTNET, DE)"
contentvibee.com,1,"AS24940 (HETZNER-AS, DE)"
mail.contesemail.ru,1,"AS12586 (ASGHOSTNET, DE)"
mail.continrsmail.ru,1,"AS12586 (ASGHOSTNET, DE)"
mail.communicativfkml.com,1,"AS12586 (ASGHOSTNET, DE)"
mail.controversiafmals.com,1,"AS12586 (ASGHOSTNET, DE)"
mail.conventionafkml.com,1,"AS12586 (ASGHOSTNET, DE)"
mail.electrocmails.ru,1,"AS12586 (ASGHOSTNET, DE)"
mail.contumelioufmals.com,1,"AS12586 (ASGHOSTNET, DE)"
mail.conventemail.ru,1,"AS12586 (ASGHOSTNET, DE)"
mail.conventionalimail.com,1,"AS12586 (ASGHOSTNET, DE)"
mail.conventiomail.ru,1,"AS12586 (ASGHOSTNET, DE)"
mail.conversatiomail.ru,1,"AS12586 (ASGHOSTNET, DE)"
mail.conversmail.ru,1,"AS12586 (ASGHOSTNET, DE)"
mail.convalmail.ru,1,"AS12586 (ASGHOSTNET, DE)"
mail.conventionmail.com,1,"AS12586 (ASGHOSTNET, DE)"
mail.convolvufml.com,1,"AS12586 (ASGHOSTNET, DE)"
mail.convolvumail.com,1,"AS12586 (ASGHOSTNET, DE)"
mail.convolutfml.com,1,"AS12586 (ASGHOSTNET, DE)"
cookie007.fr.nf,1,"AS16276 (OVH, FR)"
mxa-00a07e01.gslb.pphosted.com,1,"AS26211 (PROOFPOINT-ASN-US-WEST - Proofpoint, Inc., US)"
mail.cooncreekfamilyfarm.com,1,"AS212477 (ROYALE-AS, NL)"
coop1001facons.ca,1,
mail.cooperafkml.com,1,"AS12586 (ASGHOSTNET, DE)"
mail.complextender.ru,1,"AS44094 (WEBHOST1-AS, RU)"
mail.cooperativmfri.com,1,"AS12586 (ASGHOSTNET, DE)"
copecbd-com.mail.protection.outlook.com,1,"AS8075 (MICROSOFT-CORP-MSN-AS-BLOCK - Microsoft Corporation, US)"
mail.cookmasterok.ru,1,"AS44094 (WEBHOST1-AS, RU)"
mail.coordifmus.ru,1,"AS12586 (ASGHOSTNET, DE)"
mail.coomalary.ru,1,"AS12586 (ASGHOSTNET, DE)"
mail.cooperativmail.ru,1,"AS12586 (ASGHOSTNET, DE)"
mail.coopermail.ru,1,"AS12586 (ASGHOSTNET, DE)"
ismtp.copper.everyone.net,1,"AS30447 (INFB2-AS - Internet Names For Business Inc., CA)"
mail.copyrigfmk.com,1,"AS12586 (ASGHOSTNET, DE)"
mail.coqmail.com,1,"AS14061 (DIGITALOCEAN-ASN - DigitalOcean, LLC, US)"
mail.coracoaemail.ru,1,"AS12586 (ASGHOSTNET, DE)"
mail.corallsemail.com,1,"AS12586 (ASGHOSTNET, DE)"
a738596.mx.mailhop.org,1,"AS16509 (AMAZON-02 - Amazon.com, Inc., US)"
mail.coracoamails.ru,1,"AS12586 (ASGHOSTNET, DE)"
mx1.hc6694-6.iphmx.com,1,"AS16417 (IRONPORT-SYSTEMS-INC - Cisco Systems Ironport Division, US)"
mail.copyright-gratuit.net,1,"AS965 (WEBHOSTINGHOLDINGS - Webhosting Holdings LLC, US)"
cority-com.mail.protection.outlook.com,1,"AS8075 (MICROSOFT-CORP-MSN-AS-BLOCK - Microsoft Corporation, US)"
mail.corpomail.site,1,"AS209847 (THE, NL)"
mail.corifmail.ru,1,"AS12586 (ASGHOSTNET, DE)"
mail.corportomail.com,1,"AS12586 (ASGHOSTNET, DE)"
mx.getcourse.ru,1,"AS49505 (SELECTEL, RU)"
cluster.relay.agava.net,1,"AS197695 (AS-REG, RU)"
mx.solnube.com,1,"AS26832 (RICAWEBSERVICES - Rica Web Services, CA)"
mail.communitize.net,1,"AS394695 (PUBLIC-DOMAIN-REGISTRY - PDR, US)"
mail.corrective.getwisetransfer.click,1,"AS51167 (CONTABO, DE)"
mail.correspeaaemail.ru,1,"AS12586 (ASGHOSTNET, DE)"
mail.consignifioli.ru,1,"AS12586 (ASGHOSTNET, DE)"
cosmeticdentistryorlandpark-com.mail.protection.outlook.com,1,"AS8075 (MICROSOFT-CORP-MSN-AS-BLOCK - Microsoft Corporation, US)"
compareautoinsurancequotes-com01i1b1e.mail.protection.outlook.com,1,"AS8075 (MICROSOFT-CORP-MSN-AS-BLOCK - Microsoft Corporation, US)"
mail.corynebac.com,1,"AS12586 (ASGHOSTNET, DE)"
mail.contact.academic.edu.rs,1,"AS16276 (OVH, FR)"
mail.cotmandenecrescentbr5.com,1,"AS22612 (NAMECHEAP-NET - Namecheap, Inc., US)"
mail.cottagefarmsoap.com,1,"AS6364 (ATLANTIC-NET-1 - Atlantic.net, Inc., US)"
costmedbuy.com,1,"AS16276 (OVH, FR)"
mail.cosmopolme.ru,1,"AS12586 (ASGHOSTNET, DE)"
mail.cosxo.com,1,"AS14061 (DIGITALOCEAN-ASN - DigitalOcean, LLC, US)"
mail.counterfasalo.ru,1,"AS12586 (ASGHOSTNET, DE)"
mail.coulomemail.com,1,"AS12586 (ASGHOSTNET, DE)"
mail.cottagedelight.co.uk,1,"AS13335 (CLOUDFLARENET - Cloudflare, Inc., US)"
mail.counterproducmail.ru,1,"AS12586 (ASGHOSTNET, DE)"
mail.counterinsurgeruby.ru,1,"AS12586 (ASGHOSTNET, DE)"
d321182a.ess.barracudanetworks.com,1,"AS16509 (AMAZON-02 - Amazon.com, Inc., US)"
mail1.ts-gmbh.de,1,"AS24940 (HETZNER-AS, DE)"
mail.counterculomail.com,1,"AS12586 (ASGHOSTNET, DE)"
mail.counterconditmails.ru,1,"AS12586 (ASGHOSTNET, DE)"
mail.couplesandtantra.com,1,"AS22611 (INMOTION - InMotion Hosting, Inc., US)"
mail.controlinbox.com,1,"AS19318 (IS-AS-1 - Interserver, Inc, US)"
counterrevmail.com,1,"AS213702 (QWINS-LTD QWINS AS-SET: ~ # AS213702:AS-CUSTOMERS, GB)"
mail.couponcodey.com,1,"AS63949 (AKAMAI-LINODE-AP Akamai Connected Cloud, SG)"
mail.counterrmails.ru,1,"AS12586 (ASGHOSTNET, DE)"
courriel.fr.nf,1,"AS16276 (OVH, FR)"
mail.companionab.ru,1,"AS12586 (ASGHOSTNET, DE)"
colo1.contuild.com,1,"AS14061 (DIGITALOCEAN-ASN - DigitalOcean, LLC, US)"
ac1rmailstore.cousinment.com,1,"AS14061 (DIGITALOCEAN-ASN - DigitalOcean, LLC, US)"
mail.conversatioruby.ru,1,"AS12586 (ASGHOSTNET, DE)"
couponhouse.info,1,"AS9371 (SAKURA-C SAKURA Internet Inc., JP)"
course-nl.mail.protection.outlook.com,1,"AS8075 (MICROSOFT-CORP-MSN-AS-BLOCK - Microsoft Corporation, US)"
mail.cpav3.com,1,"AS14061 (DIGITALOCEAN-ASN - DigitalOcean, LLC, US)"
mxext2.mailbox.org,1,"AS199118 (HPLS-AS, DE)"
mail.cozydrop.xyz,1,"AS19318 (IS-AS-1 - Interserver, Inc, US)"
cpgclinic-com.mail.protection.outlook.com,1,"AS8075 (MICROSOFT-CORP-MSN-AS-BLOCK - Microsoft Corporation, US)"
mx1c8.carrierinternetsolutions.com,1,"AS14116 (INFB-AS - Internet Names For Business Inc., CA)"
coza.ro,1,"AS203053 (CLAUSWEB, RO)"
cptr-com.mail.protection.outlook.com,1,"AS8075 (MICROSOFT-CORP-MSN-AS-BLOCK - Microsoft Corporation, US)"
mail.craftbyte.ca,1,"AS63949 (AKAMAI-LINODE-AP Akamai Connected Cloud, SG)"
crappertracker-com.mail.protection.outlook.com,1,"AS8075 (MICROSOFT-CORP-MSN-AS-BLOCK - Microsoft Corporation, US)"
mail.cph.su,1,"AS29182 (RU-JSCIOT, RU)"
mail.craniofmk.com,1,"AS12586 (ASGHOSTNET, DE)"
mail.crazespaces.pw,1,"AS14061 (DIGITALOCEAN-ASN - DigitalOcean, LLC, US)"
mail.craniopharfmk.com,1,"AS12586 (ASGHOSTNET, DE)"
mail.cranioloufml.ru,1,"AS12586 (ASGHOSTNET, DE)"
mail.crazy.hcap.ai,1,"AS203446 (AS203446, GB)"
mx.deltaforce.net,1,"AS63949 (AKAMAI-LINODE-AP Akamai Connected Cloud, SG)"
_dc-mx.efca6cff5bef.crazymailing.com,1,"AS14061 (DIGITALOCEAN-ASN - DigitalOcean, LLC, US)"
w019f54e.kasserver.com,1,"AS34788 (NMM-AS D - 02742 Friedersdorf Hauptstrasse 68, DE)"
crazydomains-com.mail.eo.outlook.com,1,"AS8075 (MICROSOFT-CORP-MSN-AS-BLOCK - Microsoft Corporation, US)"
mxgate.corporate.vinnica.ua,1,"AS20473 (AS-VULTR - The Constant Company, LLC, US)"
mail.creadmail.com,1,"AS12586 (ASGHOSTNET, DE)"
mail.crazzzyballs.ru,1,"AS29182 (RU-JSCIOT, RU)"
mail.creasmail.com,1,"AS12586 (ASGHOSTNET, DE)"
creazionisa.com,1,"AS47583 (AS-HOSTINGER, CY)"
mail.creativepathmail.com,1,"AS12586 (ASGHOSTNET, DE)"
mail.coreligsemail.com,1,"AS12586 (ASGHOSTNET, DE)"
creditonebank-com.mail.protection.outlook.com,1,"AS8075 (MICROSOFT-CORP-MSN-AS-BLOCK - Microsoft Corporation, US)"
pmg.hashcellrelay.com,1,"AS8866 (VIVACOM-AS BULGARIA, BG)"
mail.credibilismail.com,1,"AS12586 (ASGHOSTNET, DE)"
mail.creezmail.com,1,"AS12586 (ASGHOSTNET, DE)"
mail.correctionfmail.com,1,"AS12586 (ASGHOSTNET, DE)"
mail.creditka.fans,1,"AS16276 (OVH, FR)"
mail.correotemporal.mx,1,"AS46475 (LIMESTONENETWORKS - Limestone Networks, Inc., US)"
crgevents-com.mail.protection.outlook.com,1,"AS8075 (MICROSOFT-CORP-MSN-AS-BLOCK - Microsoft Corporation, US)"
corpohosting.com,1,"AS16276 (OVH, FR)"
mail.cosignomail.com,1,"AS12586 (ASGHOSTNET, DE)"
cronexus-com.mail.protection.outlook.com,1,"AS8075 (MICROSOFT-CORP-MSN-AS-BLOCK - Microsoft Corporation, US)"
mailex.cosco.com,1,"AS4847 (CNIX-AP China Networks Inter-Exchange, CN)"
mx1.crmrc.us,1,"AS200107 (KL-EXT, CH)"
mail.cross.edu.pl,1,"AS24940 (HETZNER-AS, DE)"
mx0a-00149f01.pphosted.com,1,"AS26211 (PROOFPOINT-ASN-US-WEST - Proofpoint, Inc., US)"
mail.cristalin.ru,1,"AS44094 (WEBHOST1-AS, RU)"
mx1.crossyroadhacks.com,1,"AS200107 (KL-EXT, CH)"
mail.cotylomail.ru,1,"AS12586 (ASGHOSTNET, DE)"
mail.crimea-kurort-online.ru,1,"AS44094 (WEBHOST1-AS, RU)"
mx2.croudmails.info,1,"AS200107 (KL-EXT, CH)"
mx1.crossmail.bid,1,"AS200107 (KL-EXT, CH)"
crpyto-com.mail.protection.outlook.com,1,
crownbet-com-au.mail.protection.outlook.com,1,"AS8075 (MICROSOFT-CORP-MSN-AS-BLOCK - Microsoft Corporation, US)"
mx3.pub.mailpod5-cph3.one.com,1,"AS51468 (ONECOM, DK)"
mx1.courtrf.com,1,"AS200107 (KL-EXT, CH)"
coveredca-com.mail.protection.outlook.com,1,"AS8075 (MICROSOFT-CORP-MSN-AS-BLOCK - Microsoft Corporation, US)"
mail.conventionaruby.ru,1,"AS12586 (ASGHOSTNET, DE)"
crpto-com.mail.protection.outlook.com,1,"AS8075 (MICROSOFT-CORP-MSN-AS-BLOCK - Microsoft Corporation, US)"
mx683760.spe.ucebox.co.za,1,"AS37611 (AFRIHOST-SP, ZA)"
mail.crwdstrike.com,1,
d161055a.ess.barracudanetworks.com,1,"AS16509 (AMAZON-02 - Amazon.com, Inc., US)"
mx1.lcn.com,1,"AS8622 (ISIONUK Team Blue Internet Services UK Ltd, GB)"
mail.convivmail.ru,1,"AS12586 (ASGHOSTNET, DE)"
mxa-00543801.gslb.pphosted.com,1,"AS26211 (PROOFPOINT-ASN-US-WEST - Proofpoint, Inc., US)"
mail.cryobioic.com,1,"AS12586 (ASGHOSTNET, DE)"
mail.cryptocron.com,1,
crypton-com.mail.protection.outlook.com,1,"AS8075 (MICROSOFT-CORP-MSN-AS-BLOCK - Microsoft Corporation, US)"
mail.crypto1mail.com,1,"AS12586 (ASGHOSTNET, DE)"
mail.cryptosmileys.com,1,"AS22612 (NAMECHEAP-NET - Namecheap, Inc., US)"
_dc-mx.a62f6110f597.cryptoinvestar.com,1,"AS197540 (NETCUP-AS netcup GmbH, DE)"
mail.cryptom.com,1,"AS201584 (SUPERPAY, TR)"
mail.crabdance.com,1,"AS36351 (SOFTLAYER - IBM Cloud, US)"
cryptov.com,1,"AS19850 (GIGAFIBR - GigaFibr Inc, CA)"
mail.crystallogrfmals.com,1,"AS12586 (ASGHOSTNET, DE)"
smtp.cs.email,1,"AS60781 (LEASEWEB-NL-AMS-01 Netherlands, NL)"
tohru-net.p10.spamhero.com,1,"AS13354 (ZC38-AS1 - zColo, US)"
mail.crystallogmali.ru,1,"AS12586 (ASGHOSTNET, DE)"
mail.emb666.com,1,"AS13335 (CLOUDFLARENET - Cloudflare, Inc., US)"
mail.csico.com,1,
grep.mosax.net,1,"AS48685 (OK-AS, IS)"
mail.ctarp.xyz,1,"AS151858 (INTERDIGI-VN INTERDIGI JOINT STOCK COMPANY, VN)"
mail.cskarmelita.com,1,"AS9009 (M247, RO)"
mail.csproject.org,1,"AS19994 (RACKSPACE - Rackspace Hosting, US)"
cti-com.mail.protection.outlook.com,1,"AS8075 (MICROSOFT-CORP-MSN-AS-BLOCK - Microsoft Corporation, US)"
mail.puncanaserver.com,1,"AS40021 (CONTABO-40021 - Contabo Inc., US)"
mx.ctshp.org,1,"AS29873 (BIZLAND-SD - Newfold Digital, Inc., US)"
ctii-com.mail.protection.outlook.com,1,"AS8075 (MICROSOFT-CORP-MSN-AS-BLOCK - Microsoft Corporation, US)"
mail.ctopicsbh.com,1,"AS47583 (AS-HOSTINGER, CY)"
fb.mail.gandi.net,1,"AS29169 (GANDI-AS Domain name registrar - www.gandi.net, FR)"
cuarda-com.mail.protection.outlook.com,1,"AS8075 (MICROSOFT-CORP-MSN-AS-BLOCK - Microsoft Corporation, US)"
mail.cuedigy.com,1,"AS47583 (AS-HOSTINGER, CY)"
cubework-com.mail.protection.outlook.com,1,"AS8075 (MICROSOFT-CORP-MSN-AS-BLOCK - Microsoft Corporation, US)"
mail.cudilero.com,1,"AS19871 (NETWORK-SOLUTIONS-HOSTING - Network Solutions, LLC, US)"
mail.cudimex.com,1,"AS47583 (AS-HOSTINGER, CY)"
mail.cuba.com.br,1,"AS19871 (NETWORK-SOLUTIONS-HOSTING - Network Solutions, LLC, US)"
mail.cuirugu.com,1,"AS47583 (AS-HOSTINGER, CY)"
cultiv8mediastrategies-com.mail.protection.outlook.com,1,"AS8075 (MICROSOFT-CORP-MSN-AS-BLOCK - Microsoft Corporation, US)"
cubox.biz.st,1,"AS16276 (OVH, FR)"
mail.cultivamail.ru,1,"AS12586 (ASGHOSTNET, DE)"
mail.cupreman.me,1,"AS16276 (OVH, FR)"
smtp.culondir.com,1,"AS14061 (DIGITALOCEAN-ASN - DigitalOcean, LLC, US)"
a249405.mx.mailhop.org,1,"AS16509 (AMAZON-02 - Amazon.com, Inc., US)"
mx2.curletter.com,1,"AS200107 (KL-EXT, CH)"
mxb.api-mail.com,1,"AS3842 (RAMNODE - InMotion Hosting, Inc., US)"
webnode01-mx.zxcs.nl,1,"AS206281 (AS-ZXCS, NL)"
mail.currsmail.ru,1,"AS12586 (ASGHOSTNET, DE)"
mail.curvml.ru,1,"AS12586 (ASGHOSTNET, DE)"
mail.customs2g3.com,1,"AS47583 (AS-HOSTINGER, CY)"
mx.cuteboyo.com,1,"AS14061 (DIGITALOCEAN-ASN - DigitalOcean, LLC, US)"
mail.customercare.thetravellersrest.click,1,"AS51167 (CONTABO, DE)"
mx01.ctserv.net,1,"AS42003 (OGERONET OGERO Telecom, LB)"
mail.customercare.openbillieholiday.click,1,"AS51167 (CONTABO, DE)"
karlmalone.paralleloserver.it,1,"AS12637 (SEEWEB Web hosting, colocation and cloud services, IT)"
mail.cvshea1th.com,1,
west.smtp.mx.exch091.serverdata.net,1,"AS16406 (AS-INTERMEDIA - Intermedia.net, Inc., US)"
mail.cutsup.com,1,"AS14061 (DIGITALOCEAN-ASN - DigitalOcean, LLC, US)"
cvigna-com.mail.protection.outlook.com,1,"AS8075 (MICROSOFT-CORP-MSN-AS-BLOCK - Microsoft Corporation, US)"
mail.cvkmonaco.com,1,"AS47583 (AS-HOSTINGER, CY)"
mta6.cverizon.net,1,"AS19318 (IS-AS-1 - Interserver, Inc, US)"
mail.customdevices.ru,1,"AS44094 (WEBHOST1-AS, RU)"
mail.currentmail.com,1,"AS42093 (INTERRACKS-AS, NL)"
mx1.hostinguk.net,1,"AS20860 (IOMART-AS, GB)"
mail.cveti73.ru,1,"AS209641 (I-SERVERS-EAST, GB)"
mail.cyanomail.com,1,"AS12586 (ASGHOSTNET, DE)"
mail.cybersex.com,1,"AS398101 (GO-DADDY-COM-LLC - GoDaddy.com, LLC, US)"
currencymeter.com,1,"AS399250 (NAMEHERO-KCDC - Name Hero, LLC, US)"
cybit-com.mail.protection.outlook.com,1,"AS8075 (MICROSOFT-CORP-MSN-AS-BLOCK - Microsoft Corporation, US)"
orient.cyberlinkhub.com,1,"AS14061 (DIGITALOCEAN-ASN - DigitalOcean, LLC, US)"
cyber-matrix.com,1,"AS47583 (AS-HOSTINGER, CY)"
mail.cxwet.com,1,"AS14061 (DIGITALOCEAN-ASN - DigitalOcean, LLC, US)"
mail.cyclohexfml.ru,1,"AS12586 (ASGHOSTNET, DE)"
cyti-com.mail.protection.outlook.com,1,"AS8075 (MICROSOFT-CORP-MSN-AS-BLOCK - Microsoft Corporation, US)"
mail.czarinaallanigue.com,1,"AS19871 (NETWORK-SOLUTIONS-HOSTING - Network Solutions, LLC, US)"
mail.cylindricfml.ru,1,"AS12586 (ASGHOSTNET, DE)"
mail.cytopathnmail.com,1,"AS12586 (ASGHOSTNET, DE)"
d.lovepettoys.shop,1,"AS47583 (AS-HOSTINGER, CY)"
mail.cystouremail.com,1,"AS12586 (ASGHOSTNET, DE)"
mail.cytohyalmail.ru,1,"AS12586 (ASGHOSTNET, DE)"
mail.cytostamails.ru,1,"AS12586 (ASGHOSTNET, DE)"
mail.cylindrmails.ru,1,"AS12586 (ASGHOSTNET, DE)"
mail.cytopaemail.ru,1,"AS12586 (ASGHOSTNET, DE)"
mail.cytomorphmail.ru,1,"AS12586 (ASGHOSTNET, DE)"
a702908.mx.mailhop.org,1,"AS16509 (AMAZON-02 - Amazon.com, Inc., US)"
mail.d4networks.org,1,"AS64236 (UNREAL-SERVERS - UnReal Servers, LLC, US)"
mail.d123.com,1,"AS29873 (BIZLAND-SD - Newfold Digital, Inc., US)"
mail.cytoplasmifmus.ru,1,"AS12586 (ASGHOSTNET, DE)"
mail.cytorsmail.ru,1,"AS12586 (ASGHOSTNET, DE)"
mail.czechoslomail.ru,1,"AS12586 (ASGHOSTNET, DE)"
d-skin.com,1,"AS205876 (HOASTED, NL)"
mx.d7painting.com.cust.a.hostedemail.com,1,"AS15348 (TUCOWS - Tucows.com Co., CA)"
mail.d88i.live,1,"AS22612 (NAMECHEAP-NET - Namecheap, Inc., US)"
mx.d7lights.com.cust.a.hostedemail.com,1,"AS15348 (TUCOWS - Tucows.com Co., CA)"
mx.d7paving.com.cust.a.hostedemail.com,1,"AS15348 (TUCOWS - Tucows.com Co., CA)"
mx.d7electrical.com.cust.a.hostedemail.com,1,"AS15348 (TUCOWS - Tucows.com Co., CA)"
mail.cz.extra-breast.info,1,"AS41079 (CF-GDA, PL)"
mx.d7crews.com.cust.a.hostedemail.com,1,"AS15348 (TUCOWS - Tucows.com Co., CA)"
mx.d7floors.com.cust.a.hostedemail.com,1,"AS15348 (TUCOWS - Tucows.com Co., CA)"
mx.d7design.com.cust.a.hostedemail.com,1,"AS15348 (TUCOWS - Tucows.com Co., CA)"
mx.d7solar.com.cust.a.hostedemail.com,1,"AS15348 (TUCOWS - Tucows.com Co., CA)"
mail.dacryocyfl.com,1,"AS12586 (ASGHOSTNET, DE)"
mail.czytnik-rss.pl,1,"AS20853 (ETOP-AS, PL)"
mail.dae-bam.net,1,"AS136557 (HOST-AS-AP Host Universal Pty Ltd, AU)"
mail.dacryocymail.ru,1,"AS12586 (ASGHOSTNET, DE)"
mail.czujepismonosem.pl,1,"AS50599 (Autonomous System for Dataspace P.S.A., PL)"
mail.dacrymail.com,1,"AS12586 (ASGHOSTNET, DE)"
mail.dacryohemail.com,1,"AS12586 (ASGHOSTNET, DE)"
mail.dactyliofm.ru,1,"AS12586 (ASGHOSTNET, DE)"
mail.dailypublish.com,1,"AS63949 (AKAMAI-LINODE-AP Akamai Connected Cloud, SG)"
dab.ro,1,"AS203053 (CLAUSWEB, RO)"
damiancronin-co-uk.mail.protection.outlook.com,1,"AS8075 (MICROSOFT-CORP-MSN-AS-BLOCK - Microsoft Corporation, US)"
mail.daemsteam.com,1,"AS25151 (CYSO-AS, NL)"
danamail-com.mail.protection.outlook.com,1,"AS8075 (MICROSOFT-CORP-MSN-AS-BLOCK - Microsoft Corporation, US)"
mail.cumonteenass.com,1,"AS56485 (THEHOST-AS, UA)"
ocean.mxroute.com,1,"AS24940 (HETZNER-AS, DE)"
bak002.cy2077delta.com,1,"AS14061 (DIGITALOCEAN-ASN - DigitalOcean, LLC, US)"
danmoulson-com.mail.protection.outlook.com,1,"AS8075 (MICROSOFT-CORP-MSN-AS-BLOCK - Microsoft Corporation, US)"
mail.crypto-mmm.com,1,"AS212461 (NEMTCOV, RU)"
_dc-mx.c8f1bbdc7892.dapetjackpot.com,1,"AS51167 (CONTABO, DE)"
mail.dark2web.art,1,"AS16276 (OVH, FR)"
mail.darktrace.com,1,"AS16509 (AMAZON-02 - Amazon.com, Inc., US)"
mail.dammexe.net,1,"AS46606 (UNIFIEDLAYER-AS-1 - Unified Layer, US)"
mx1.darpun.xyz,1,"AS200107 (KL-EXT, CH)"
mail.dailybrewreviews.com,1,"AS204601 (PODAON, NL)"
darty.biz.st,1,"AS16276 (OVH, FR)"
dakaka.org,1,"AS7506 (INTERQ GMO Internet Group, Inc., JP)"
mail.data-bricks.com,1,"AS31898 (ORACLE-BMC-31898 - Oracle Corporation, US)"
dalyoko.com,1,"AS14061 (DIGITALOCEAN-ASN - DigitalOcean, LLC, US)"
mail.dashz.top,1,"AS16276 (OVH, FR)"
databriicks-com.mail.protection.outlook.com,1,"AS8075 (MICROSOFT-CORP-MSN-AS-BLOCK - Microsoft Corporation, US)"
mail.dartsgirls.com,1,"AS24940 (HETZNER-AS, DE)"
dataorbot-com.mail.protection.outlook.com,1,"AS8075 (MICROSOFT-CORP-MSN-AS-BLOCK - Microsoft Corporation, US)"
mx1.5smail.email,1,
e.datamzone.com,1,"AS14061 (DIGITALOCEAN-ASN - DigitalOcean, LLC, US)"
mail.datsun.com,1,"AS23724 (CHINANET-IDC-BJ-AP IDC, China Telecommunications Corporation, CN)"
mail.daviddjroy.com,1,"AS16276 (OVH, FR)"
mail.datamind.icu,1,
mail.davdata.nl,1,"AS20857 (TRANSIP-AS Amsterdam, the Netherlands, NL)"
dazere-info.mail.protection.outlook.com,1,
mx2.flockmail.com,1,"AS14618 (AMAZON-AES - Amazon.com, Inc., US)"
mail.dbmail.one,1,"AS20473 (AS-VULTR - The Constant Company, LLC, US)"
davenstore.com,1,"AS38767 (IDNIC-AMSCLOUD-AS-ID PT Awan Media Semesta, ID)"
194019900.pamx1.hotmail.com,1,"AS8075 (MICROSOFT-CORP-MSN-AS-BLOCK - Microsoft Corporation, US)"
scrubber.dca.net,1,"AS6372 (DCANET - DCANet, US)"
mail.dboso.com,1,"AS14061 (DIGITALOCEAN-ASN - DigitalOcean, LLC, US)"
dcbs-com.mail.protection.outlook.com,1,"AS8075 (MICROSOFT-CORP-MSN-AS-BLOCK - Microsoft Corporation, US)"
dchase.com,1,"AS54641 (IMH-IAD - InMotion Hosting, Inc., US)"
mail.dauer.de,1,"AS3320 (DTAG Internet service provider operations, DE)"
mail.ddns.net,1,"AS16582 (NEXTLEVELINTERNET - NEXT LEVEL INTERNET, INC., US)"
dcodax.net,1,"AS51167 (CONTABO, DE)"
a594668.mx.mailhop.org,1,"AS16509 (AMAZON-02 - Amazon.com, Inc., US)"
mail.de-a.org,1,"AS36351 (SOFTLAYER - IBM Cloud, US)"
dbdrainagenottingham.co.uk,1,"AS44043 (CYBER_FOLKS-RO-DC_CLJ, RO)"
mail.deadspam.com,1,"AS22612 (NAMECHEAP-NET - Namecheap, Inc., US)"
_dc-mx.6144400e003b.deagot.com,1,"AS965 (WEBHOSTINGHOLDINGS - Webhosting Holdings LLC, US)"
dcepl.com,1,"AS24940 (HETZNER-AS, DE)"
mx3.hanmail.net,1,"AS7625 (DAUM-AS Kakao Corp, KR)"
mail.de.extra-breast.info,1,"AS41079 (CF-GDA, PL)"
mail.deaminemail.ru,1,"AS12586 (ASGHOSTNET, DE)"
debatehistory.com,1,"AS46606 (UNIFIEDLAYER-AS-1 - Unified Layer, US)"
deathbycounciltax.com,1,"AS7393 (CYBERCON - CYBERCON, INC., US)"
w015020f.kasserver.com,1,"AS34788 (NMM-AS D - 02742 Friedersdorf Hauptstrasse 68, DE)"
debtrelief.us,1,"AS24940 (HETZNER-AS, DE)"
decard-io.mail.protection.outlook.com,1,"AS8075 (MICROSOFT-CORP-MSN-AS-BLOCK - Microsoft Corporation, US)"
mail.deambml.ru,1,"AS12586 (ASGHOSTNET, DE)"
mail.debitummail.com,1,"AS12586 (ASGHOSTNET, DE)"
mail.deceit.pro,1,"AS47583 (AS-HOSTINGER, CY)"
mail.deckerdesign.co,1,"AS46606 (UNIFIEDLAYER-AS-1 - Unified Layer, US)"
mail.decarboxylruby.ru,1,"AS12586 (ASGHOSTNET, DE)"
mail.decalcifility.ru,1,"AS12586 (ASGHOSTNET, DE)"
mail.decalcs.com,1,"AS12586 (ASGHOSTNET, DE)"
mail.decarboni.ru,1,"AS12586 (ASGHOSTNET, DE)"
mail.decentralimail.ru,1,"AS12586 (ASGHOSTNET, DE)"
mail.ddn.kz,1,"AS200962 (CITICOM , KZ)"
mail.decoraemi.com,1,"AS12586 (ASGHOSTNET, DE)"
mail.deducmalis.com,1,"AS12586 (ASGHOSTNET, DE)"
dede.infos.st,1,"AS16276 (OVH, FR)"
mail.decontammail.ru,1,"AS12586 (ASGHOSTNET, DE)"
deeply-com.mail.protection.outlook.com,1,"AS8075 (MICROSOFT-CORP-MSN-AS-BLOCK - Microsoft Corporation, US)"
mail.deepml.com,1,"AS400754 (GO-DADDY-COM-LLC - GoDaddy.com, LLC, US)"
deeplc.com,1,"AS30455 (HOSTVENOM-LLC - HostVenom LLC, US)"
mail.plainpicture.com,1,"AS24940 (HETZNER-AS, DE)"
mail.dedifast.taxi,1,"AS42831 (UKSERVERS-AS UK Dedicated Servers, Hosting and Co-Location, GB)"
deepstore.site,1,"AS58487 (CRI-AS-AP CV. Rumahweb Indonesia, ID)"
mail.definingjtl.com,1,"AS47583 (AS-HOSTINGER, CY)"
mx0.defandit.com,1,"AS25697 (UPCLOUDUSA - UpCloud USA Inc, US)"
defomail-com.mail.protection.outlook.com,1,"AS8075 (MICROSOFT-CORP-MSN-AS-BLOCK - Microsoft Corporation, US)"
mail.defendjo.ru,1,"AS12586 (ASGHOSTNET, DE)"
mail.deformamail.ru,1,"AS12586 (ASGHOSTNET, DE)"
mail.defibrilfl.com,1,"AS12586 (ASGHOSTNET, DE)"
mail.defibrils.com,1,"AS12586 (ASGHOSTNET, DE)"
mail.deflagramale.com,1,"AS12586 (ASGHOSTNET, DE)"
degap.fr.nf,1,"AS16276 (OVH, FR)"
bak003.degetul.com,1,"AS14061 (DIGITALOCEAN-ASN - DigitalOcean, LLC, US)"
mail.dehydrormyu.ru,1,"AS12586 (ASGHOSTNET, DE)"
mail.dehonestebml.ru,1,"AS12586 (ASGHOSTNET, DE)"
box.theultr.com,1,"AS63949 (AKAMAI-LINODE-AP Akamai Connected Cloud, SG)"
s88.goserver.host,1,"AS48324 (DE-WEBGO www.webgo.de, DE)"
mx.adept.co.za,1,"AS15022 (ADEPT-, ZA)"
mail.delimitsemail.com,1,"AS12586 (ASGHOSTNET, DE)"
mail.delineruby.ru,1,"AS12586 (ASGHOSTNET, DE)"
mail.delicruez.com,1,"AS53667 (PONYNET - FranTech Solutions, US)"
mxb-00154901.gslb.pphosted.com,1,"AS22843 (PROOFPOINT-ASN-US-EAST - Proofpoint, Inc., US)"
mail.delorex.com,1,"AS14061 (DIGITALOCEAN-ASN - DigitalOcean, LLC, US)"
mail.deltabox.cfd,1,"AS24940 (HETZNER-AS, DE)"
deltadentalcoversme-com.mail.protection.outlook.com,1,"AS8075 (MICROSOFT-CORP-MSN-AS-BLOCK - Microsoft Corporation, US)"
dccpl.com,1,"AS46606 (UNIFIEDLAYER-AS-1 - Unified Layer, US)"
mail.dawnandduskcoffee.com,1,"AS135905 (VNPT-AS-VN VIETNAM POSTS AND TELECOMMUNICATIONS GROUP, VN)"
mx0.dcharter.net,1,"AS19318 (IS-AS-1 - Interserver, Inc, US)"
_dc-mx.341ec8cc6375.ddsongyy.com,1,"AS19871 (NETWORK-SOLUTIONS-HOSTING - Network Solutions, LLC, US)"
mail.demainmail.com,1,"AS12586 (ASGHOSTNET, DE)"
mail.demand.pictures,1,"AS16276 (OVH, FR)"
mail.dematerialimail.com,1,"AS12586 (ASGHOSTNET, DE)"
_dc-mx.5c8dd0967c28.dencxvo.com,1,"AS51167 (CONTABO, DE)"
mail.demonetmails.ru,1,"AS12586 (ASGHOSTNET, DE)"
mail.democratim.com,1,"AS12586 (ASGHOSTNET, DE)"
mail.demineemail.ru,1,"AS12586 (ASGHOSTNET, DE)"
mail.denmail.ru,1,"AS12586 (ASGHOSTNET, DE)"
demytholomail.com,1,"AS213702 (QWINS-LTD QWINS AS-SET: ~ # AS213702:AS-CUSTOMERS, GB)"
mail.demonstra.ru,1,"AS12586 (ASGHOSTNET, DE)"
mail.denitrificmfri.com,1,"AS12586 (ASGHOSTNET, DE)"
mail.demonimail.ru,1,"AS12586 (ASGHOSTNET, DE)"
mail.demineramity.ru,1,"AS12586 (ASGHOSTNET, DE)"
mail.dematerimails.ru,1,"AS12586 (ASGHOSTNET, DE)"
mail.densebpoqq.com,1,"AS47583 (AS-HOSTINGER, CY)"
mail.demobilimails.ru,1,"AS12586 (ASGHOSTNET, DE)"
dentalplans-com.mail.protection.outlook.com,1,"AS8075 (MICROSOFT-CORP-MSN-AS-BLOCK - Microsoft Corporation, US)"
mail.density2v.com,1,"AS47583 (AS-HOSTINGER, CY)"
mail.denatioemail.ru,1,"AS12586 (ASGHOSTNET, DE)"
mail.demoraemail.ru,1,"AS12586 (ASGHOSTNET, DE)"
dentalinsurance-com.mail.protection.outlook.com,1,"AS8075 (MICROSOFT-CORP-MSN-AS-BLOCK - Microsoft Corporation, US)"
mail.denominamail.com,1,"AS12586 (ASGHOSTNET, DE)"
denvergeek-com.mail.protection.outlook.com,1,"AS8075 (MICROSOFT-CORP-MSN-AS-BLOCK - Microsoft Corporation, US)"
_dc-mx.6b5d774e4b94.denyfromall.org,1,"AS34119 (WILDCARD-AS Wildcard UK Limited, GB)"
mail.denaturime.ru,1,"AS12586 (ASGHOSTNET, DE)"
mail.denitrifimail.ru,1,"AS12586 (ASGHOSTNET, DE)"
ddataintegrasi.com,1,"AS131775 (IDNIC-JALANET-AS-ID PT. Jupiter Jala Arta, ID)"
dealsonland.us,1,"AS22612 (NAMECHEAP-NET - Namecheap, Inc., US)"
mail.denumerali.com,1,"AS12586 (ASGHOSTNET, DE)"
mail.depersonalmail.ru,1,"AS12586 (ASGHOSTNET, DE)"
mail.haocall.com,1,"AS45090 (TENCENT-NET-AP Shenzhen Tencent Computer Systems Company Limited, CN)"
tempmail.dearmer.xyz,1,"AS395954 (LEASEWEB-USA-LAX - Leaseweb USA, Inc., US)"
mail.deposin.com,1,"AS14061 (DIGITALOCEAN-ASN - DigitalOcean, LLC, US)"
mail.dedmail.com,1,"AS20473 (AS-VULTR - The Constant Company, LLC, US)"
mail.decimalimyu.ru,1,"AS12586 (ASGHOSTNET, DE)"
mail.depersonainf.com,1,"AS12586 (ASGHOSTNET, DE)"
mail.depreciamail.ru,1,"AS12586 (ASGHOSTNET, DE)"
mail.depoteemi.com,1,"AS12586 (ASGHOSTNET, DE)"
mail.decertifimail.ru,1,"AS12586 (ASGHOSTNET, DE)"
dependenceuds.ru,1,"AS213702 (QWINS-LTD QWINS AS-SET: ~ # AS213702:AS-CUSTOMERS, GB)"
mail.deciemail.ru,1,"AS12586 (ASGHOSTNET, DE)"
mail.deregumail.com,1,"AS12586 (ASGHOSTNET, DE)"
mail.dedifferemail.com,1,"AS12586 (ASGHOSTNET, DE)"
mx.descargalo.org,1,"AS29873 (BIZLAND-SD - Newfold Digital, Inc., US)"
mail.deplorabruby.ru,1,"AS12586 (ASGHOSTNET, DE)"
mail.dermagmail.ru,1,"AS12586 (ASGHOSTNET, DE)"
mail.dermatotmale.com,1,"AS12586 (ASGHOSTNET, DE)"
mail.deregml.ru,1,"AS12586 (ASGHOSTNET, DE)"
designbuildsd-com.mail.protection.outlook.com,1,"AS8075 (MICROSOFT-CORP-MSN-AS-BLOCK - Microsoft Corporation, US)"
desfrenes.fr.nf,1,"AS16276 (OVH, FR)"
_dc-mx.e6e5bf388ada.designog.com,1,"AS22612 (NAMECHEAP-NET - Namecheap, Inc., US)"
mail.deregumail.ru,1,"AS12586 (ASGHOSTNET, DE)"
mail.derrenmail.com,1,"AS12586 (ASGHOSTNET, DE)"
mail.desedumail.com,1,"AS12586 (ASGHOSTNET, DE)"
mail.dermatocmail.com,1,"AS12586 (ASGHOSTNET, DE)"
mail.dermatomails.ru,1,"AS12586 (ASGHOSTNET, DE)"
a634648.mx.mailhop.org,1,"AS16509 (AMAZON-02 - Amazon.com, Inc., US)"
mail.desiys.com,1,"AS14061 (DIGITALOCEAN-ASN - DigitalOcean, LLC, US)"
mail.dermatosclmails.ru,1,"AS12586 (ASGHOSTNET, DE)"
mx5.spamtador.com,1,"AS12338 (EUSKALTEL, ES)"
mail.desalmail.ru,1,"AS12586 (ASGHOSTNET, DE)"
mail.dermatomyruby.ru,1,"AS12586 (ASGHOSTNET, DE)"
mail.desoxycortimail.com,1,"AS12586 (ASGHOSTNET, DE)"
mail.detikcapsa.org,1,"AS22612 (NAMECHEAP-NET - Namecheap, Inc., US)"
mail.despeciftomail.com,1,"AS12586 (ASGHOSTNET, DE)"
mail.despmail.com,1,"AS12586 (ASGHOSTNET, DE)"
deskmail.xyz,1,"AS16276 (OVH, FR)"
mail.detexx.com,1,"AS14144 (ADMIN-ON-DEMAND-LLC - Admin on Demand, LLC, US)"
mail.dev.bcm.edu.pl,1,"AS16276 (OVH, FR)"
mail.desulfemail.ru,1,"AS12586 (ASGHOSTNET, DE)"
mail.desoz.com,1,"AS24940 (HETZNER-AS, DE)"
mail.detmail.ru,1,"AS12586 (ASGHOSTNET, DE)"
detoro-com.inbound.emailservice.io,1,"AS14618 (AMAZON-AES - Amazon.com, Inc., US)"
mailserver66.chickenkiller.com,1,"AS31898 (ORACLE-BMC-31898 - Oracle Corporation, US)"
detachmail.com,1,"AS213702 (QWINS-LTD QWINS AS-SET: ~ # AS213702:AS-CUSTOMERS, GB)"
mail.detribaliils.ru,1,"AS12586 (ASGHOSTNET, DE)"
mail.dev.mrotzis.com,1,"AS24940 (HETZNER-AS, DE)"
mail.deteceaaemail.ru,1,"AS12586 (ASGHOSTNET, DE)"
mail.devbike.com,1,"AS14061 (DIGITALOCEAN-ASN - DigitalOcean, LLC, US)"
dev-omarplayz-eu-org.mail.protection.outlook.com,1,"AS8075 (MICROSOFT-CORP-MSN-AS-BLOCK - Microsoft Corporation, US)"
mail.dev.semar.edu.pl,1,"AS16276 (OVH, FR)"
mail.developermail.com,1,
mail.detektywenigma.pl,1,"AS50599 (Autonomous System for Dataspace P.S.A., PL)"
malibuzz.devere-malta.com,1,"AS51167 (CONTABO, DE)"
mail.devitrmail.ru,1,"AS12586 (ASGHOSTNET, DE)"
mail.detash.kg,1,"AS48271 (CITY-TELECOM-AS, KG)"
developmmail.com,1,"AS213702 (QWINS-LTD QWINS AS-SET: ~ # AS213702:AS-CUSTOMERS, GB)"
mail.devly.site,1,"AS141995 (CAPL-AS-AP Contabo Asia Private Limited, SG)"
dewabola303.com,1,"AS396356 (LATITUDE-SH - Latitude.sh, US)"
mail.dezedd.com,1,"AS47583 (AS-HOSTINGER, CY)"
dexmail.icu,1,"AS16276 (OVH, FR)"
mail.dezcentr56.ru,1,"AS44094 (WEBHOST1-AS, RU)"
cluster6.netcore.co.in,1,
mail.dfirstmail.com,1,"AS12586 (ASGHOSTNET, DE)"
deep-com.mail.protection.outlook.com,1,"AS8075 (MICROSOFT-CORP-MSN-AS-BLOCK - Microsoft Corporation, US)"
mailcrab.dataforce.org.uk,1,"AS15490 (SHANEMCC, GB)"
mail.dgepl.com,1,"AS46606 (UNIFIEDLAYER-AS-1 - Unified Layer, US)"
dewajudi.org,1,"AS26496 (AS-26496-GO-DADDY-COM-LLC - GoDaddy.com, LLC, US)"
dgse.infos.st,1,"AS16276 (OVH, FR)"
apt.hldns.ru,1,"AS20473 (AS-VULTR - The Constant Company, LLC, US)"
mx.dhbusinesstrade.info,1,"AS14061 (DIGITALOCEAN-ASN - DigitalOcean, LLC, US)"
dhanaramarine.com,1,"AS25369 (BANDWIDTH-AS, GB)"
mx-vip-02.kinghost.net,1,"AS28299 (LWSA SA, BR)"
mail.dhnow.com,1,"AS14061 (DIGITALOCEAN-ASN - DigitalOcean, LLC, US)"
mail.designtile.info,1,"AS16276 (OVH, FR)"
mail.diacathotomail.com,1,"AS12586 (ASGHOSTNET, DE)"
mail.depolarebml.ru,1,"AS12586 (ASGHOSTNET, DE)"
mx.diablogold.net,1,"AS14061 (DIGITALOCEAN-ASN - DigitalOcean, LLC, US)"
mail.desolamail.com,1,"AS132203 (TENCENT-NET-AP-CN Tencent Building, Kejizhongyi Avenue, CN)"
mail.derkombi.de,1,
mail.dialypemail.ru,1,"AS12586 (ASGHOSTNET, DE)"
mail.depopulils.ru,1,"AS12586 (ASGHOSTNET, DE)"
mail.diabomail.com,1,"AS12586 (ASGHOSTNET, DE)"
mail.diaphormails.ru,1,"AS12586 (ASGHOSTNET, DE)"
mail.diagonalli.com,1,"AS12586 (ASGHOSTNET, DE)"
mail.derluxuswagen.de,1,
dibtec-store.mail.protection.outlook.com,1,
mail.dialorsmail.ru,1,"AS12586 (ASGHOSTNET, DE)"
mail.diapense.com,1,"AS12586 (ASGHOSTNET, DE)"
mx1.diablo3character.com,1,"AS200107 (KL-EXT, CH)"
mail.diddyricky.store,1,"AS203446 (AS203446, GB)"
mail.diastereoimail.com,1,"AS12586 (ASGHOSTNET, DE)"
mail.diatherm.ru,1,"AS12586 (ASGHOSTNET, DE)"
mail-hetzner01.teamorange.hu,1,"AS24940 (HETZNER-AS, DE)"
mail.diastereoemail.ru,1,"AS12586 (ASGHOSTNET, DE)"
mail.diathermail.ru,1,"AS12586 (ASGHOSTNET, DE)"
diariodigital.info,1,"AS16276 (OVH, FR)"
mail.diddyricky.com,1,"AS203446 (AS203446, GB)"
mail.diddyricky.fr,1,"AS203446 (AS203446, GB)"
mail.diddyricky.info,1,"AS203446 (AS203446, GB)"
mail.dietna.com,1,"AS14061 (DIGITALOCEAN-ASN - DigitalOcean, LLC, US)"
mail.diablodawg.com,1,"AS29182 (RU-JSCIOT, RU)"
mail.dictatmail.ru,1,"AS12586 (ASGHOSTNET, DE)"
mail.diatonmail.ru,1,"AS12586 (ASGHOSTNET, DE)"
mail.dichvulike.info,1,"AS135932 (VNDATA-AS-VN Viet Storage Technology Joint Stock Company, VN)"
mail.difficilemail.com,1,"AS12586 (ASGHOSTNET, DE)"
mail.differentimfri.com,1,"AS12586 (ASGHOSTNET, DE)"
mail.dianetiks.ru,1,"AS214172 (PURESERVERS, HK)"
mail.differentfmail.ru,1,"AS12586 (ASGHOSTNET, DE)"
mail.digestimail.ru,1,"AS12586 (ASGHOSTNET, DE)"
mail.digitaemail.ru,1,"AS12586 (ASGHOSTNET, DE)"
mail.digitalbox4.com,1,"AS63410 (PRIVATESYSTEMS - PrivateSystems Networks, US)"
mail.digitalcourier.xyz,1,"AS20473 (AS-VULTR - The Constant Company, LLC, US)"
digitalfocuses.com,1,"AS52148 (ENIXLTD, GB)"
mail.digitalparcels.xyz,1,"AS20473 (AS-VULTR - The Constant Company, LLC, US)"
_dc-mx.ee20739d611e.digitaltransarchive.net,1,"AS46606 (UNIFIEDLAYER-AS-1 - Unified Layer, US)"
mail.digitalesbusiness.info,1,"AS34240 (MANITU, DE)"
fran4.symbolhost.com,1,"AS16276 (OVH, FR)"
digitalproductprovider.com,1,"AS148993 (DIANAHOSTLTD-AS-AP Diana Host Ltd, BD)"
digitaluds.ru,1,"AS213702 (QWINS-LTD QWINS AS-SET: ~ # AS213702:AS-CUSTOMERS, GB)"
mail.dihydrostrepio.com,1,"AS12586 (ASGHOSTNET, DE)"
mx1.diigo.club,1,"AS200107 (KL-EXT, CH)"
mail.diiodotmails.ru,1,"AS12586 (ASGHOSTNET, DE)"
mail.dilatatfmus.ru,1,"AS12586 (ASGHOSTNET, DE)"
mxb-00085101.gslb.pphosted.com,1,"AS26211 (PROOFPOINT-ASN-US-WEST - Proofpoint, Inc., US)"
dimethylnmail.com,1,"AS213702 (QWINS-LTD QWINS AS-SET: ~ # AS213702:AS-CUSTOMERS, GB)"
mail.dimethylsuic.com,1,"AS12586 (ASGHOSTNET, DE)"
mail.dinamuradrealestateagentglendaleaz.com,1,"AS46606 (UNIFIEDLAYER-AS-1 - Unified Layer, US)"
mail.dimensionfmail.com,1,"AS12586 (ASGHOSTNET, DE)"
mail.dimalary.ru,1,"AS12586 (ASGHOSTNET, DE)"
_dc-mx.7f5e9f195dcc.detran.site,1,
mail.determiomail.com,1,
mail.determail.ru,1,
mail.denomla.com,1,
dinero-real.com,1,
mx.dinorc.com.cust.b.hostedemail.com,1,"AS32491 (TUCOWS-3 - Tucows.com Co., CA)"
mail.dinkmail.com,1,"AS37153 (xneelo, ZA)"
mail.diphenyle.ru,1,"AS12586 (ASGHOSTNET, DE)"
mail.diplo.edu.pl,1,"AS16276 (OVH, FR)"
mail.diosfkml.ru,1,"AS12586 (ASGHOSTNET, DE)"
mail.diplefml.com,1,"AS12586 (ASGHOSTNET, DE)"
mail.diplofml.com,1,"AS12586 (ASGHOSTNET, DE)"
disabilityapplicationhelp-org.mail.protection.outlook.com,1,"AS8075 (MICROSOFT-CORP-MSN-AS-BLOCK - Microsoft Corporation, US)"
mail.dipsomemail.ru,1,"AS12586 (ASGHOSTNET, DE)"
a34-mta04.direcpc.com,1,"AS6621 (HNS-DIRECPC - Hughes Network Systems, LLC, US)"
disabilityclaimssolutions.com,1,"AS32244 (LIQUIDWEB - Liquid Web, L.L.C, US)"
mail.diplom-v-kaluge.ru,1,"AS197695 (AS-REG, RU)"
mail.diplom-v-ulyanovske.ru,1,"AS197695 (AS-REG, RU)"
mail.diplomy-v-orenburge.ru,1,"AS197695 (AS-REG, RU)"
mail.disaffilfml.com,1,"AS12586 (ASGHOSTNET, DE)"
mail.dipoelast.ru,1,"AS197695 (AS-REG, RU)"
mail.disassocimfri.com,1,"AS12586 (ASGHOSTNET, DE)"
dinqx-com.mail.protection.outlook.com,1,"AS8075 (MICROSOFT-CORP-MSN-AS-BLOCK - Microsoft Corporation, US)"
mail.disagreinf.com,1,"AS12586 (ASGHOSTNET, DE)"
mail.disadvantageoutomail.com,1,"AS12586 (ASGHOSTNET, DE)"
mail.disamail.ru,1,"AS12586 (ASGHOSTNET, DE)"
mail.dipterocarpmail.ru,1,"AS12586 (ASGHOSTNET, DE)"
mail.disartiemail.ru,1,"AS12586 (ASGHOSTNET, DE)"
amx2.xworks.net,1,"AS205542 (DATAHAUS, DE)"
mail.disaffecfmail.ru,1,"AS12586 (ASGHOSTNET, DE)"
mail.discoplus.ca,1,"AS14102 (GTVR - Transvision Reseau Inc., CA)"
mail.discontinsalo.ru,1,"AS12586 (ASGHOSTNET, DE)"
mxb-001d7a03.gslb.pphosted.com,1,"AS26211 (PROOFPOINT-ASN-US-WEST - Proofpoint, Inc., US)"
mail.disciplmails.ru,1,"AS12586 (ASGHOSTNET, DE)"
mail.discontmalis.com,1,"AS12586 (ASGHOSTNET, DE)"
mail.disciplimail.ru,1,"AS12586 (ASGHOSTNET, DE)"
mail.diplom-voronesh.ru,1,"AS197695 (AS-REG, RU)"
mail.disassrsmail.ru,1,"AS12586 (ASGHOSTNET, DE)"
mail.discouragefmail.com,1,"AS12586 (ASGHOSTNET, DE)"
mail.disconml.ru,1,"AS12586 (ASGHOSTNET, DE)"
mail.discoblmail.com,1,"AS12586 (ASGHOSTNET, DE)"
mail.discontfmail.ru,1,"AS12586 (ASGHOSTNET, DE)"
mail.disconfofkml.ru,1,"AS12586 (ASGHOSTNET, DE)"
mail.discompofml.ru,1,"AS12586 (ASGHOSTNET, DE)"
mail.discontrsmail.ru,1,"AS12586 (ASGHOSTNET, DE)"
mail.disciplin.ru,1,"AS12586 (ASGHOSTNET, DE)"
discussion.website,1,"AS55470 (CYFUTURE-AS-IN Cyfuture India Pvt. Ltd., IN)"
mail2.ianpullen.com,1,"AS63949 (AKAMAI-LINODE-AP Akamai Connected Cloud, SG)"
psv4xz4pc44z.fips.yxbq.mail-manager-smtp.amazonaws.com,1,"AS16509 (AMAZON-02 - Amazon.com, Inc., US)"
displays2go-com.mail.protection.outlook.com,1,"AS8075 (MICROSOFT-CORP-MSN-AS-BLOCK - Microsoft Corporation, US)"
mail.dishonorabmail.ru,1,"AS12586 (ASGHOSTNET, DE)"
disneyplus-com.mail.protection.outlook.com,1,"AS8075 (MICROSOFT-CORP-MSN-AS-BLOCK - Microsoft Corporation, US)"
mail.disingenuouomail.ru,1,"AS12586 (ASGHOSTNET, DE)"
mx.dishmail.net,1,
_dc-mx.2f98926d9db1.disposable-temporary-email.com,1,"AS213230 (HETZNER-CLOUD2-AS, DE)"
mail.disobedifml.com,1,"AS12586 (ASGHOSTNET, DE)"
mail.disefl.com,1,"AS16276 (OVH, FR)"
mail.dishoils.ru,1,"AS12586 (ASGHOSTNET, DE)"
mail.disposableinbox.xyz,1,"AS20473 (AS-VULTR - The Constant Company, LLC, US)"
mail.disincorml.ru,1,"AS12586 (ASGHOSTNET, DE)"
mail.disintmalary.ru,1,"AS12586 (ASGHOSTNET, DE)"
mx1.disposeamail.com,1,"AS14061 (DIGITALOCEAN-ASN - DigitalOcean, LLC, US)"
mail.discufmail.ru,1,"AS12586 (ASGHOSTNET, DE)"
mail.disingme.ru,1,"AS12586 (ASGHOSTNET, DE)"
mail.dispensafmk.com,1,"AS12586 (ASGHOSTNET, DE)"
mail.disposablemail.com,1,"AS16276 (OVH, FR)"
mail.disobemail.ru,1,"AS12586 (ASGHOSTNET, DE)"
mail.didix.ru,1,"AS12876 (Online SAS, FR)"
mx1.disposabl.com,1,"AS209243 (QUICKHOSTUK, GB)"
mx-n.global-mail.cn,1,"AS135377 (UCLOUD-HK-AS-AP UCLOUD INFORMATION TECHNOLOGY HK LIMITED, HK)"
mail.diffusifmk.com,1,"AS12586 (ASGHOSTNET, DE)"
mail.dispostable.com,1,"AS14061 (DIGITALOCEAN-ASN - DigitalOcean, LLC, US)"
bslmsn.dissertationwritingtops.com,1,"AS209605 (HOSTBALTIC, LT)"
mail.disproportionaio.com,1,"AS12586 (ASGHOSTNET, DE)"
dist-com.mail.protection.outlook.com,1,"AS8075 (MICROSOFT-CORP-MSN-AS-BLOCK - Microsoft Corporation, US)"
mail.disincorpormail.ru,1,"AS12586 (ASGHOSTNET, DE)"
digifinex-com.mail.protection.outlook.com,1,"AS8075 (MICROSOFT-CORP-MSN-AS-BLOCK - Microsoft Corporation, US)"
mail.disproportiomail.com,1,"AS12586 (ASGHOSTNET, DE)"
mail.dissimilamail.ru,1,"AS12586 (ASGHOSTNET, DE)"
mail.disqualific.com,1,"AS12586 (ASGHOSTNET, DE)"
mail.disqualimails.ru,1,"AS12586 (ASGHOSTNET, DE)"
mail.dissimimyu.ru,1,"AS12586 (ASGHOSTNET, DE)"
mail.dissimi.com,1,"AS12586 (ASGHOSTNET, DE)"
distinguismail.com,1,"AS213702 (QWINS-LTD QWINS AS-SET: ~ # AS213702:AS-CUSTOMERS, GB)"
mail.diffusmail.ru,1,"AS12586 (ASGHOSTNET, DE)"
mail.distinguisfmals.com,1,"AS12586 (ASGHOSTNET, DE)"
mail.diversify.re,1,"AS16276 (OVH, FR)"
mail.dividendxk.com,1,"AS47583 (AS-HOSTINGER, CY)"
mail.distribuolml.ru,1,"AS12586 (ASGHOSTNET, DE)"
mail.disproportmails.ru,1,"AS12586 (ASGHOSTNET, DE)"
mail.dissiemail.ru,1,"AS12586 (ASGHOSTNET, DE)"
mail.disproportionmail.ru,1,"AS12586 (ASGHOSTNET, DE)"
mail.dissoemail.ru,1,"AS12586 (ASGHOSTNET, DE)"
_dc-mx.a5a031319064.divestops.com,1,"AS34119 (WILDCARD-AS Wildcard UK Limited, GB)"
mail.disservicmails.ru,1,"AS12586 (ASGHOSTNET, DE)"
mail.dixz.org,1,"AS3842 (RAMNODE - InMotion Hosting, Inc., US)"
djmiamisteve-com.mail.protection.outlook.com,1,
mail.diversififmail.ru,1,"AS12586 (ASGHOSTNET, DE)"
mail.djidjoe.com,1,"AS7393 (CYBERCON - CYBERCON, INC., US)"
mail.diureticmyu.ru,1,"AS12586 (ASGHOSTNET, DE)"
mail.divine-wholeness.com,1,"AS6724 (STRATO STRATO AG, DE)"
mx.leenucks.com,1,"AS6327 (SHAW - Shaw Communications, CA)"
mail.dkcgrateful.com,1,"AS47583 (AS-HOSTINGER, CY)"
mail.dlock.xyz,1,
_dc-mx.ba2ddc0d6ad7.dlroperations.com,1,"AS22612 (NAMECHEAP-NET - Namecheap, Inc., US)"
mail.dixman.xyz,1,"AS9891 (CSLOX-IDC-AS-AP CS LOXINFO Public Company Limited., TH)"
mail.dmaildd.com,1,"AS14061 (DIGITALOCEAN-ASN - DigitalOcean, LLC, US)"
_dc-mx.d527bd254355.dmepl.com,1,"AS137035 (PWCS-AS-AP Parallel Web Cloud Services, IN)"
dlemail.ru,1,"AS9002 (RETN-AS, GB)"
mail.dmslovakiat.com,1,"AS47583 (AS-HOSTINGER, CY)"
mail.dmalary.ru,1,"AS12586 (ASGHOSTNET, DE)"
dmts.fr.nf,1,"AS16276 (OVH, FR)"
mail.dnevniq.com,1,"AS198610 (BEGET-AS, RU)"
_dc-mx.6918ee461b91.dndx.com,1,"AS63023 (AS-GLOBALTELEHOST - GTHost, US)"
dockstones.com,1,"AS47583 (AS-HOSTINGER, CY)"
mx.dnamail.fi,1,"AS16086 (DNA, FI)"
docmax.my.to,1,"AS6805 (TDDE-ASN1, DE)"
mail.doco77.com,1,"AS35908 (VPLSNET - Krypt Technologies, US)"
mail.doc8sign.com,1,"AS35985 (ONERINGNET-ATL-1 - One Ring Networks, Inc., US)"
dns.docknke.com,1,"AS14061 (DIGITALOCEAN-ASN - DigitalOcean, LLC, US)"
wedos-nepodporuje-null-mx.example.org,1,
mail.email-me.co.uk,1,"AS16276 (OVH, FR)"
mail.doctormail.info,1,"AS200303 (LUMASERV LUMASERV GmbH, DE)"
mx.docusign2.com,1,"AS14618 (AMAZON-AES - Amazon.com, Inc., US)"
mail.docasign.com,1,"AS16276 (OVH, FR)"
mail.doctrinar.com,1,"AS12586 (ASGHOSTNET, DE)"
mail.documefml.com,1,"AS12586 (ASGHOSTNET, DE)"
docusjgn-com.mail.protection.outlook.com,1,"AS8075 (MICROSOFT-CORP-MSN-AS-BLOCK - Microsoft Corporation, US)"
docusignr.com,1,"AS55720 (GIGABIT-MY Gigabit Hosting Sdn Bhd, MY)"
ax.virusfree.cz,1,"AS21430 (WIA-AS, CZ)"
mxa-00567a01.gslb.pphosted.com,1,"AS22843 (PROOFPOINT-ASN-US-EAST - Proofpoint, Inc., US)"
mfsmax.docomo.ne.jp,1,"AS2514 (INFOSPHERE NTT PC Communications, Inc., JP)"
mail.documenrsmail.ru,1,"AS12586 (ASGHOSTNET, DE)"
mail.docucign.com,1,"AS24940 (HETZNER-AS, DE)"
sibmail.com,1,"AS395839 (HOSTKEY-USA - HOSTKEY, US)"
dogn-com.mail.protection.outlook.com,1,"AS8075 (MICROSOFT-CORP-MSN-AS-BLOCK - Microsoft Corporation, US)"
dogsmot.com,1,"AS7506 (INTERQ GMO Internet Group, Inc., JP)"
mail.dodecaml.ru,1,"AS12586 (ASGHOSTNET, DE)"
mx-inx6lb6eo.doesnment.com,1,"AS14061 (DIGITALOCEAN-ASN - DigitalOcean, LLC, US)"
mail.doj.one,1,"AS44486 (SYNLINQ synlinq.de, DE)"
mail.doitups.com,1,"AS47583 (AS-HOSTINGER, CY)"
mail.doiea.com,1,"AS26666 (INTERSERVER-LAX - Interserver, Inc, US)"
doitagile-com.mail.protection.outlook.com,1,"AS8075 (MICROSOFT-CORP-MSN-AS-BLOCK - Microsoft Corporation, US)"
mail.dollargiftcards.com,1,"AS31898 (ORACLE-BMC-31898 - Oracle Corporation, US)"
mail01.dolphinmail.org,1,"AS36351 (SOFTLAYER - IBM Cloud, US)"
bak002.doistry.com,1,"AS14061 (DIGITALOCEAN-ASN - DigitalOcean, LLC, US)"
dollsplasticsurgery-com.mail.protection.outlook.com,1,"AS8075 (MICROSOFT-CORP-MSN-AS-BLOCK - Microsoft Corporation, US)"
mail.dolphincityrecords.com,1,"AS14061 (DIGITALOCEAN-ASN - DigitalOcean, LLC, US)"
mail.dolorifkml.com,1,"AS12586 (ASGHOSTNET, DE)"
domain-grow.xyz,1,"AS20068 (HAWKHOST - Hawk Host Inc., CA)"
mail.chass.com,1,"AS19871 (NETWORK-SOLUTIONS-HOSTING - Network Solutions, LLC, US)"
mail9.mydevil.net,1,"AS57367 (ECO-ATMAN-PL ECO-ATMAN-, PL)"
mail1.g18.pair.com,1,"AS7859 (PAIR-NETWORKS - pair Networks, US)"
mx1.domaincroud.host,1,"AS200107 (KL-EXT, CH)"
mail.domeerer.com,1,"AS14061 (DIGITALOCEAN-ASN - DigitalOcean, LLC, US)"
mail.chatbelgique.com,1,"AS22653 (GLOBALCOMPASS - Cyber Wurx LLC, US)"
chatbotbuilder-ai.mail.protection.outlook.com,1,"AS8075 (MICROSOFT-CORP-MSN-AS-BLOCK - Microsoft Corporation, US)"
mail.chatfrenchguiana.com,1,"AS22653 (GLOBALCOMPASS - Cyber Wurx LLC, US)"
mail.dominatingkeywords.com,1,"AS398101 (GO-DADDY-COM-LLC - GoDaddy.com, LLC, US)"
mail.domicilimail.ru,1,"AS12586 (ASGHOSTNET, DE)"
dominikcumhuriyeti.com,1,"AS203576 (INTERNETBILISIM, TR)"
mail.domozmail.com,1,"AS24940 (HETZNER-AS, DE)"
mail.don.edu.pl,1,"AS44486 (SYNLINQ synlinq.de, DE)"
bslmsn.domycollegehomeworkforme.com,1,"AS209605 (HOSTBALTIC, LT)"
mail.dona.one,1,"AS44486 (SYNLINQ synlinq.de, DE)"
mail.dona.pw,1,"AS44486 (SYNLINQ synlinq.de, DE)"
mail.chatgptx.com,1,"AS24940 (HETZNER-AS, DE)"
chat-gpt.com,1,"AS200019 (ALEXHOST, MD)"
bslmsn.domyhomeworkformecheap.com,1,"AS209605 (HOSTBALTIC, LT)"
a514252.mx.mailhop.org,1,"AS16509 (AMAZON-02 - Amazon.com, Inc., US)"
mail.chatpolynesie.com,1,"AS22653 (GLOBALCOMPASS - Cyber Wurx LLC, US)"
chatopen-app.mail.protection.outlook.com,1,"AS8075 (MICROSOFT-CORP-MSN-AS-BLOCK - Microsoft Corporation, US)"
mail.chatluxembourg.net,1,"AS22653 (GLOBALCOMPASS - Cyber Wurx LLC, US)"
mail.domyz-drewna.pl,1,"AS20804 (ASN-TELENERGO ul. PERKUNA 47, WARSZAWA, PL)"
donations.com,1,"AS40021 (CONTABO-40021 - Contabo Inc., US)"
mail.chatsitereviews.com,1,"AS19871 (NETWORK-SOLUTIONS-HOSTING - Network Solutions, LLC, US)"
racks.doncong.com,1,"AS14061 (DIGITALOCEAN-ASN - DigitalOcean, LLC, US)"
_dc-mx.406412e555b3.chatzpt.com,1,"AS55470 (CYFUTURE-AS-IN Cyfuture India Pvt. Ltd., IN)"
mail.dona.rip,1,"AS44486 (SYNLINQ synlinq.de, DE)"
chbase.com.1.0001.arsmtp.com,1,
mail.doithe47.com,1,"AS135905 (VNPT-AS-VN VIETNAM POSTS AND TELECOMMUNICATIONS GROUP, VN)"
dons.mooo.com,1,"AS3462 (HINET Data Communication Business Group, TW)"
domofony.info.pl,1,"AS203417 (LH, PL)"
mail.donymails.com,1,"AS47583 (AS-HOSTINGER, CY)"
mx.chcb.info,1,"AS29873 (BIZLAND-SD - Newfold Digital, Inc., US)"
p.doobb.com,1,"AS401696 (COGNETCLOUD - cognetcloud INC, US)"
_dc-mx.0dd828df871c.dor4.ru,1,"AS211381 (PODAON, LV)"
mail.dondom.ru,1,"AS210079 (EUROBYTE, RU)"
mx.doommail.com,1,"AS29873 (BIZLAND-SD - Newfold Digital, Inc., US)"
mail.chavhanga.com,1,"AS37153 (xneelo, ZA)"
mail.dontsendmespam.de,1,
mail.donat.club,1,"AS44051 (FORNEX-AS, ES)"
mx.doppioclick.it,1,"AS31034 (ARUBA-ASN, IT)"
mail.dorsibremail.ru,1,"AS12586 (ASGHOSTNET, DE)"
mx6.cheaps5.com,1,
mail.ngway.it,1,"AS3242 (ASN-ITNET, IT)"
mx6.cheapsnowbootsus.com,1,
mail.dosug-kolomna.ru,1,"AS49981 (WORLDSTREAM, NL)"
mail.cheatautomation.com,1,
doubledayinsurance-com.mail.protection.outlook.com,1,"AS8075 (MICROSOFT-CORP-MSN-AS-BLOCK - Microsoft Corporation, US)"
doubletale-com.mail.protection.outlook.com,1,
mx.checkyourform.xyz,1,"AS36352 (AS-COLOCROSSING - HostPapa, US)"
checkssuperstore-com01e.mail.protection.outlook.com,1,"AS8075 (MICROSOFT-CORP-MSN-AS-BLOCK - Microsoft Corporation, US)"
checkbox.biz,1,"AS45638 (SYNERGYWHOLESALE-AP SYNERGY WHOLESALE PTY LTD, AU)"
mx6.doudoune-ralphlauren.com,1,
mx6.doudounecanadagoosesoldesfrance.com,1,
dota2walls.com,1,"AS136557 (HOST-AS-AP Host Universal Pty Ltd, AU)"
cheekymonkey-co-uk.mail.protection.outlook.com,1,"AS8075 (MICROSOFT-CORP-MSN-AS-BLOCK - Microsoft Corporation, US)"
mail.doulas.org,1,"AS14061 (DIGITALOCEAN-ASN - DigitalOcean, LLC, US)"
malibuzz.dovereducationlink.com,1,
mail1.doublemail.de,1,"AS24940 (HETZNER-AS, DE)"
mx.cooo.in,1,"AS34119 (WILDCARD-AS Wildcard UK Limited, GB)"
mx.co4.in,1,"AS34119 (WILDCARD-AS Wildcard UK Limited, GB)"
mail.chemiluminesmail.ru,1,"AS12586 (ASGHOSTNET, DE)"
mail.chemgu.com,1,"AS132203 (TENCENT-NET-AP-CN Tencent Building, Kejizhongyi Avenue, CN)"
mx.downloadmoviefilm.net,1,"AS14061 (DIGITALOCEAN-ASN - DigitalOcean, LLC, US)"
mail.chemothemail.com,1,"AS12586 (ASGHOSTNET, DE)"
mail.chenopoml.ru,1,"AS12586 (ASGHOSTNET, DE)"
chasecom-com.mail.protection.outlook.com,1,"AS8075 (MICROSOFT-CORP-MSN-AS-BLOCK - Microsoft Corporation, US)"
cluster14.us.messagelabs.com,1,"AS396982 (GOOGLE-CLOUD-PLATFORM - Google LLC, US)"
_dc-mx.1c13d123b5cf.cherrysfineart.com,1,"AS24940 (HETZNER-AS, DE)"
mail.chemotherml.ru,1,"AS12586 (ASGHOSTNET, DE)"
hy8qasp.cherobe.com,1,"AS14061 (DIGITALOCEAN-ASN - DigitalOcean, LLC, US)"
chasek.com,1,"AS31898 (ORACLE-BMC-31898 - Oracle Corporation, US)"
chevrolet-com.mail.protection.outlook.com,1,"AS8075 (MICROSOFT-CORP-MSN-AS-BLOCK - Microsoft Corporation, US)"
mail.chery-clubs.ru,1,"AS198068 (PAGM-AS, EE)"
mail.chernyshow.ru,1,"AS44094 (WEBHOST1-AS, RU)"
mx.chasel.com,1,"AS29873 (BIZLAND-SD - Newfold Digital, Inc., US)"
charlies-com.mail.protection.outlook.com,1,"AS8075 (MICROSOFT-CORP-MSN-AS-BLOCK - Microsoft Corporation, US)"
charmingfaredemo.com,1,"AS19871 (NETWORK-SOLUTIONS-HOSTING - Network Solutions, LLC, US)"
mx.expedient.net,1,"AS17054 (EXPEDIENT - Expedient, US)"
chiabuy.life,1,"AS199404 (WHG-IN, GB)"
mail.doads.org,1,
mail.chiaplotbuy.xyz,1,"AS19318 (IS-AS-1 - Interserver, Inc, US)"
_dc-mx.9ba384500b65.chiaplotbuy.eu,1,"AS12876 (Online SAS, FR)"
mx1.dpstele.net,1,"AS3549 (LVLT-3549 - Level 3 Parent, LLC, US)"
mail.chiaplotshop.xyz,1,"AS19318 (IS-AS-1 - Interserver, Inc, US)"
mail.chiangmaiair.org,1,"AS965 (WEBHOSTINGHOLDINGS - Webhosting Holdings LLC, US)"
mail.charms-shop.com,1,"AS16276 (OVH, FR)"
mail.chicco.org.es,1,"AS24940 (HETZNER-AS, DE)"
mail.dpam.com,1,"AS13768 (COGECO-PEER1 - Aptum Technologies, CA)"
chiefexecutive-net.mail.protection.outlook.com,1,"AS8075 (MICROSOFT-CORP-MSN-AS-BLOCK - Microsoft Corporation, US)"
mx.dr69.site,1,"AS16509 (AMAZON-02 - Amazon.com, Inc., US)"
mail.charolottetimes46.com,1,"AS51167 (CONTABO, DE)"
mx0.chiefmail.kr.ua,1,"AS20473 (AS-VULTR - The Constant Company, LLC, US)"
chickenbreeds.net,1,"AS46475 (LIMESTONENETWORKS - Limestone Networks, Inc., US)"
mx-mail4.dragence.com,1,"AS14061 (DIGITALOCEAN-ASN - DigitalOcean, LLC, US)"
mail.chihairstraightenerv.com,1,
boundfpiy5at.childrenth.com,1,"AS14061 (DIGITALOCEAN-ASN - DigitalOcean, LLC, US)"
chimpn-com01b.mail.protection.outlook.com,1,"AS8075 (MICROSOFT-CORP-MSN-AS-BLOCK - Microsoft Corporation, US)"
fast3x.chimneycats.com,1,"AS14061 (DIGITALOCEAN-ASN - DigitalOcean, LLC, US)"
a435187.mx.mailhop.org,1,"AS16509 (AMAZON-02 - Amazon.com, Inc., US)"
_dc-mx.9ad52ff75c28.draylaw.com,1,"AS40676 (AS40676 - Psychz Networks, US)"
mail.drdreyy.com,1,"AS47583 (AS-HOSTINGER, CY)"
dreamgreen.fr.nf,1,"AS16276 (OVH, FR)"
mail.dreamvoyage.cc,1,"AS214996 (NETCUP, DE)"
mx.dreamydeals.shop.cust.b.hostedemail.com,1,"AS32491 (TUCOWS-3 - Tucows.com Co., CA)"
mail.chiroptmail.com,1,"AS12586 (ASGHOSTNET, DE)"
dreammachines.com.pl,1,"AS5617 (TPNET, PL)"
chministries-org.mail.protection.outlook.com,1,"AS8075 (MICROSOFT-CORP-MSN-AS-BLOCK - Microsoft Corporation, US)"
chnnyc-org.mail.protection.outlook.com,1,"AS8075 (MICROSOFT-CORP-MSN-AS-BLOCK - Microsoft Corporation, US)"
mail.dreithen.site,1,"AS51167 (CONTABO, DE)"
mail.chlamydommail.com,1,"AS12586 (ASGHOSTNET, DE)"
mail.dremixd.com,1,"AS47583 (AS-HOSTINGER, CY)"
chloruoromail.com,1,"AS213702 (QWINS-LTD QWINS AS-SET: ~ # AS213702:AS-CUSTOMERS, GB)"
drepl-com.mail.protection.outlook.com,1,"AS8075 (MICROSOFT-CORP-MSN-AS-BLOCK - Microsoft Corporation, US)"
chlorotrifluomail.com,1,"AS213702 (QWINS-LTD QWINS AS-SET: ~ # AS213702:AS-CUSTOMERS, GB)"
mail.choicemail1.com,1,"AS14061 (DIGITALOCEAN-ASN - DigitalOcean, LLC, US)"
chodas-com.mail.protection.outlook.com,1,"AS8075 (MICROSOFT-CORP-MSN-AS-BLOCK - Microsoft Corporation, US)"
mail.choanoflagli.com,1,"AS12586 (ASGHOSTNET, DE)"
mail.chlamydomonaolml.ru,1,"AS12586 (ASGHOSTNET, DE)"
mx.dresssmall.com,1,"AS14061 (DIGITALOCEAN-ASN - DigitalOcean, LLC, US)"
mail01.checkemail.biz,1,"AS36351 (SOFTLAYER - IBM Cloud, US)"
mail.drevo.si,1,"AS48894 (OPTIMUS-AS, SI)"
mail.cholecystolimail.com,1,"AS12586 (ASGHOSTNET, DE)"
mx01.dondominio.com,1,"AS57910 (SCIP-AS Soluciones Corporativas IP SCIP, ES)"
mail.cholecystojemail.com,1,"AS12586 (ASGHOSTNET, DE)"
mail.dotzq.com,1,"AS14061 (DIGITALOCEAN-ASN - DigitalOcean, LLC, US)"
mail.chong-mail.net,1,"AS24940 (HETZNER-AS, DE)"
mail.cholecystogasinf.com,1,"AS12586 (ASGHOSTNET, DE)"
mail.chonxi.com,1,"AS14061 (DIGITALOCEAN-ASN - DigitalOcean, LLC, US)"
mail.choledochoduomail.com,1,"AS12586 (ASGHOSTNET, DE)"
mail.chondrosamails.ru,1,"AS12586 (ASGHOSTNET, DE)"
mail.dou.pt,1,"AS51167 (CONTABO, DE)"
mail.choledocholimail.com,1,"AS12586 (ASGHOSTNET, DE)"
chookie-com.mail.protection.outlook.com,1,"AS8075 (MICROSOFT-CORP-MSN-AS-BLOCK - Microsoft Corporation, US)"
mail.cholthomail.com,1,"AS12586 (ASGHOSTNET, DE)"
mail.cholemail.com,1,"AS12586 (ASGHOSTNET, DE)"
webmail.dristle-it-llc.store,1,"AS16276 (OVH, FR)"
mail.choleropruby.ru,1,"AS12586 (ASGHOSTNET, DE)"
a860850.mx.mailhop.org,1,"AS16509 (AMAZON-02 - Amazon.com, Inc., US)"
mail.cholthomail.ru,1,"AS12586 (ASGHOSTNET, DE)"
cheapsportschinajerseysonline.com,1,"AS149020 (WEBHORIZON-AS-AP WebHorizon Internet Services, SG)"
mail.cholecystoli.ru,1,"AS12586 (ASGHOSTNET, DE)"
mail.chorioasemail.com,1,"AS12586 (ASGHOSTNET, DE)"
mail.chorimail.com,1,"AS12586 (ASGHOSTNET, DE)"
mail.chongsoft.com,1,"AS25820 (IT7NET - IT7 Networks Inc, CA)"
chort.eu,1,"AS19871 (NETWORK-SOLUTIONS-HOSTING - Network Solutions, LLC, US)"
mail.choremail.ru,1,"AS12586 (ASGHOSTNET, DE)"
mail.driveku.me,1,"AS47583 (AS-HOSTINGER, CY)"
jubal.westnet.com,1,"AS11579 (LANLINE - LANline Communications Inc, US)"
mx02.tophost.ch,1,"AS35206 (NOVATREND-AS, CH)"
drivemail.sbs,1,"AS16276 (OVH, FR)"
christchurchcasino-co-nz.mail.protection.outlook.com,1,"AS8075 (MICROSOFT-CORP-MSN-AS-BLOCK - Microsoft Corporation, US)"
mail.chopz.top,1,"AS16276 (OVH, FR)"
mail-nl.cpdmail.nl,1,"AS9009 (M247, RO)"
drnatashafinlay.com,1,"AS20473 (AS-VULTR - The Constant Company, LLC, US)"
drombox-com.mail.protection.outlook.com,1,"AS8075 (MICROSOFT-CORP-MSN-AS-BLOCK - Microsoft Corporation, US)"
drop-ekholm-org.mail.protection.outlook.com,1,"AS8075 (MICROSOFT-CORP-MSN-AS-BLOCK - Microsoft Corporation, US)"
mail.chongsoft.cn,1,"AS25820 (IT7NET - IT7 Networks Inc, CA)"
dronemeuphigh.com,1,"AS31898 (ORACLE-BMC-31898 - Oracle Corporation, US)"
mail.chromentis.cfd,1,"AS203446 (AS203446, GB)"
mail.chromolithogrebml.ru,1,"AS12586 (ASGHOSTNET, DE)"
mail.chromatographitomail.com,1,"AS12586 (ASGHOSTNET, DE)"
mxa-001ed902.gslb.pphosted.com,1,"AS22843 (PROOFPOINT-ASN-US-EAST - Proofpoint, Inc., US)"
christianneighbors-org.mail.eo.outlook.com,1,"AS8075 (MICROSOFT-CORP-MSN-AS-BLOCK - Microsoft Corporation, US)"
dropbokx.com,1,"AS20857 (TRANSIP-AS Amsterdam, the Netherlands, NL)"
mail.chromaemail.ru,1,"AS12586 (ASGHOSTNET, DE)"
mail.chromomail.com,1,"AS12586 (ASGHOSTNET, DE)"
mail.dropmailer.net,1,"AS24940 (HETZNER-AS, DE)"
dropmailx.com,1,"AS209341 (WHG-FRA, GB)"
mail.dropjar.com,1,"AS16276 (OVH, FR)"
mail.chromarsmail.ru,1,"AS12586 (ASGHOSTNET, DE)"
mail.dropmaily.xyz,1,"AS19318 (IS-AS-1 - Interserver, Inc, US)"
mail.droits-de-revente.site,1,"AS214172 (PURESERVERS, HK)"
vade-mx-fr01.hornetsecurity.com,1,"AS25091 (IP-MAX IP-Max SA, CH)"
mail.chrysoaristmy.com,1,"AS12586 (ASGHOSTNET, DE)"
mail.chrysoaristmofml.ru,1,"AS12586 (ASGHOSTNET, DE)"
mail.drovenix.cfd,1,"AS203446 (AS203446, GB)"
mail.chromatogrfkml.ru,1,"AS12586 (ASGHOSTNET, DE)"
mail.chubsmail.com,1,"AS12586 (ASGHOSTNET, DE)"
mail.drovantis.cfd,1,"AS203446 (AS203446, GB)"
mail.dropmeon.com,1,"AS16276 (OVH, FR)"
mail.dropd.ru,1,"AS29182 (RU-JSCIOT, RU)"
mx.drorevsm.com,1,"AS14061 (DIGITALOCEAN-ASN - DigitalOcean, LLC, US)"
mail.chronobmails.ru,1,"AS12586 (ASGHOSTNET, DE)"
mail.chuongtrinhcanhac.com,1,"AS46606 (UNIFIEDLAYER-AS-1 - Unified Layer, US)"
mail.churcfml.com,1,"AS12586 (ASGHOSTNET, DE)"
droptempmail.com,1,"AS19318 (IS-AS-1 - Interserver, Inc, US)"
chungfundraiser.com,1,"AS20068 (HAWKHOST - Hawk Host Inc., CA)"
drsafir-com.mail.protection.outlook.com,1,"AS8075 (MICROSOFT-CORP-MSN-AS-BLOCK - Microsoft Corporation, US)"
mailtest.ci3co.com,1,"AS22773 (ASN-CXA-ALL-CCI-22773-RDC - Cox Communications Inc., US)"
mail.drugsellers.com,1,"AS44486 (SYNLINQ synlinq.de, DE)"
mx.domain.com,1,"AS29873 (BIZLAND-SD - Newfold Digital, Inc., US)"
mail.drugordr.com,1,"AS14061 (DIGITALOCEAN-ASN - DigitalOcean, LLC, US)"
mx.drthedf.org,1,"AS14061 (DIGITALOCEAN-ASN - DigitalOcean, LLC, US)"
mail.druckwerk.info,1,"AS22611 (INMOTION - InMotion Hosting, Inc., US)"
mail.chymotrypmail.com,1,"AS12586 (ASGHOSTNET, DE)"
mail.cialidsmail.com,1,"AS12586 (ASGHOSTNET, DE)"
mail.cialis-otc.com,1,"AS197695 (AS-REG, RU)"
mx6.cialisonline-20mg.com,1,
mx1.cialiscouponss.com,1,"AS200107 (KL-EXT, CH)"
mail.drzwi.turek.pl,1,
cieco-com.mail.protection.outlook.com,1,"AS8075 (MICROSOFT-CORP-MSN-AS-BLOCK - Microsoft Corporation, US)"
vipmailgate.earthlink.net,1,
dragonfly-africa.mail.protection.outlook.com,1,"AS8075 (MICROSOFT-CORP-MSN-AS-BLOCK - Microsoft Corporation, US)"
mail.ciceronifmus.ru,1,"AS12586 (ASGHOSTNET, DE)"
mxa-00103a01.gslb.pphosted.com,1,"AS22843 (PROOFPOINT-ASN-US-EAST - Proofpoint, Inc., US)"
relay.zoner.com,1,"AS34222 (ZONER-AS, CZ)"
cifi-com.mail.protection.outlook.com,1,"AS8075 (MICROSOFT-CORP-MSN-AS-BLOCK - Microsoft Corporation, US)"
ciesco-com.mail.protection.outlook.com,1,"AS8075 (MICROSOFT-CORP-MSN-AS-BLOCK - Microsoft Corporation, US)"
mg.cifro.tech,1,"AS12389 (ROSTELECOM-AS PJSC Rostelecom. Technical Team, RU)"
dspwebservices.com,1,"AS16509 (AMAZON-02 - Amazon.com, Inc., US)"
cigi-com.mail.protection.outlook.com,1,"AS8075 (MICROSOFT-CORP-MSN-AS-BLOCK - Microsoft Corporation, US)"
mail.dsmail.shop,1,"AS40021 (CONTABO-40021 - Contabo Inc., US)"
dslextreme-com.mx.av-mx.com,1,"AS31898 (ORACLE-BMC-31898 - Oracle Corporation, US)"
mail81.conoha.ne.jp,1,"AS7506 (INTERQ GMO Internet Group, Inc., JP)"
d261500a.ess.barracudanetworks.com,1,"AS16509 (AMAZON-02 - Amazon.com, Inc., US)"
cidi-com.mail.protection.outlook.com,1,"AS8075 (MICROSOFT-CORP-MSN-AS-BLOCK - Microsoft Corporation, US)"
cignah-com.mail.protection.outlook.com,1,"AS8075 (MICROSOFT-CORP-MSN-AS-BLOCK - Microsoft Corporation, US)"
_dc-mx.034c4f59a5a5.cignax.com,1,"AS22612 (NAMECHEAP-NET - Namecheap, Inc., US)"
mxb-000e5c16.gslb.pphosted.com,1,"AS22843 (PROOFPOINT-ASN-US-EAST - Proofpoint, Inc., US)"
ciisco-com.mail.protection.outlook.com,1,"AS8075 (MICROSOFT-CORP-MSN-AS-BLOCK - Microsoft Corporation, US)"
a697714.mx.mailhop.org,1,"AS16509 (AMAZON-02 - Amazon.com, Inc., US)"
mx.dstefaniak.pl,1,"AS14061 (DIGITALOCEAN-ASN - DigitalOcean, LLC, US)"
mail.cilokmen.site,1,"AS51167 (CONTABO, DE)"
cignae.com,1,"AS24940 (HETZNER-AS, DE)"
mail.dtoro.com,1,"AS16276 (OVH, FR)"
dtlabs-org.mail.protection.outlook.com,1,"AS8075 (MICROSOFT-CORP-MSN-AS-BLOCK - Microsoft Corporation, US)"
mx.dtmricambi.com,1,"AS13182 (ASN-ADHOC-NETWORK Rimini, Italy, IT)"
dsco-com.mail.protection.outlook.com,1,"AS8075 (MICROSOFT-CORP-MSN-AS-BLOCK - Microsoft Corporation, US)"
mail.dr0m.ru,1,"AS29182 (RU-JSCIOT, RU)"
mail.cineradiomy.com,1,"AS12586 (ASGHOSTNET, DE)"
mx.duccong.pro,1,"AS20473 (AS-VULTR - The Constant Company, LLC, US)"
duckduckgo-com.mail.protection.outlook.com,1,"AS8075 (MICROSOFT-CORP-MSN-AS-BLOCK - Microsoft Corporation, US)"
mx.dubilowski.com,1,"AS29873 (BIZLAND-SD - Newfold Digital, Inc., US)"
cingram-org.mail.protection.outlook.com,1,"AS8075 (MICROSOFT-CORP-MSN-AS-BLOCK - Microsoft Corporation, US)"
mail.cineangiocamail.com,1,"AS12586 (ASGHOSTNET, DE)"
smtp-inbound1.duck.com,1,"AS8075 (MICROSOFT-CORP-MSN-AS-BLOCK - Microsoft Corporation, US)"
mail.duckspam.com,1,"AS24940 (HETZNER-AS, DE)"
mail.cinematogrfl.com,1,"AS12586 (ASGHOSTNET, DE)"
mx.cipi.com,1,"AS29873 (BIZLAND-SD - Newfold Digital, Inc., US)"
cioffirenato.it,1,"AS62121 (OBOX-NETWORKS, DK)"
chrysant.info,1,"AS20068 (HAWKHOST - Hawk Host Inc., CA)"
m05.internetmailserver.net,1,"AS14415 (HOSTCOLLECTIVE - Host Collective, Inc., US)"
churchofo-com.mail.protection.outlook.com,1,"AS8075 (MICROSOFT-CORP-MSN-AS-BLOCK - Microsoft Corporation, US)"
mx2.draviero.info,1,"AS200107 (KL-EXT, CH)"
cignas.com,1,"AS204800 (WHG-SGP, GB)"
mail.dualistitomail.com,1,"AS12586 (ASGHOSTNET, DE)"
cinephotomicmail.com,1,"AS213702 (QWINS-LTD QWINS AS-SET: ~ # AS213702:AS-CUSTOMERS, GB)"
mail.glaventra.cfd,1,"AS203446 (AS203446, GB)"
mail.glaptopsw.com,1,"AS47583 (AS-HOSTINGER, CY)"
mail.gladimail.com,1,"AS12586 (ASGHOSTNET, DE)"
mail.glacioloebml.ru,1,"AS12586 (ASGHOSTNET, DE)"
elhase.com,1,"AS19871 (NETWORK-SOLUTIONS-HOSTING - Network Solutions, LLC, US)"
gland.xxl.st,1,"AS16276 (OVH, FR)"
glenfieldelectrical-com.mail.protection.outlook.com,1,"AS8075 (MICROSOFT-CORP-MSN-AS-BLOCK - Microsoft Corporation, US)"
glaziers-erith.co.uk,1,"AS42831 (UKSERVERS-AS UK Dedicated Servers, Hosting and Co-Location, GB)"
mx1.elfox.net,1,"AS200107 (KL-EXT, CH)"
globalcampus.edu.pl,1,"AS47583 (AS-HOSTINGER, CY)"
gladogmi.fr.nf,1,"AS16276 (OVH, FR)"
global2.xyz,1,"AS32475 (SINGLEHOP-LLC - Internap Holding LLC, US)"
glaziers-waterloo.co.uk,1,"AS42831 (UKSERVERS-AS UK Dedicated Servers, Hosting and Co-Location, GB)"
mail.elhida.com,1,"AS47583 (AS-HOSTINGER, CY)"
mail.elfepost.com,1,"AS12586 (ASGHOSTNET, DE)"
mail.elimmail.com,1,"AS12586 (ASGHOSTNET, DE)"
mail.elite.gold.edu.pl,1,"AS16276 (OVH, FR)"
mail.elixora.cfd,1,"AS203446 (AS203446, GB)"
globalinternet.fr.nf,1,"AS16276 (OVH, FR)"
mail.glacioml.ru,1,"AS12586 (ASGHOSTNET, DE)"
mail.globulimals.ru,1,"AS12586 (ASGHOSTNET, DE)"
mail.glomeruloneml.ru,1,"AS12586 (ASGHOSTNET, DE)"
smtp.globo.com,1,"AS396982 (GOOGLE-CLOUD-PLATFORM - Google LLC, US)"
mail.geekmafia.com,1,"AS63949 (AKAMAI-LINODE-AP Akamai Connected Cloud, SG)"
gloriatours-com01e.mail.protection.outlook.com,1,"AS8075 (MICROSOFT-CORP-MSN-AS-BLOCK - Microsoft Corporation, US)"
mail.ellamail.com,1,"AS12586 (ASGHOSTNET, DE)"
ellora-us.mail.protection.outlook.com,1,"AS8075 (MICROSOFT-CORP-MSN-AS-BLOCK - Microsoft Corporation, US)"
mx.ellingtonvets.com,1,"AS29873 (BIZLAND-SD - Newfold Digital, Inc., US)"
mail.glovvdays.com,1,"AS12586 (ASGHOSTNET, DE)"
mail.globalkino.ru,1,"AS31252 (STARNET-AS, MD)"
elmiracap-com.mail.protection.outlook.com,1,"AS8075 (MICROSOFT-CORP-MSN-AS-BLOCK - Microsoft Corporation, US)"
_dc-mx.69f5e053ae5a.glydehouse.co.uk,1,"AS20068 (HAWKHOST - Hawk Host Inc., CA)"
mail.gluconcs.ru,1,"AS12586 (ASGHOSTNET, DE)"
mail.gma1il.com,1,"AS47583 (AS-HOSTINGER, CY)"
mail.glycerog.ru,1,"AS12586 (ASGHOSTNET, DE)"
mx1.mttm.nu,1,"AS16509 (AMAZON-02 - Amazon.com, Inc., US)"
elsco-com.mail.protection.outlook.com,1,"AS8075 (MICROSOFT-CORP-MSN-AS-BLOCK - Microsoft Corporation, US)"
mail.gluteoinmail.ru,1,"AS12586 (ASGHOSTNET, DE)"
elocumail.com,1,"AS213702 (QWINS-LTD QWINS AS-SET: ~ # AS213702:AS-CUSTOMERS, GB)"
mail.gmaiil.my.id,1,"AS133800 (IDNIC-BIZNETGIO-AS-ID PT Biznet Gio Nusantara, ID)"
mail.elvemail.com,1,"AS12586 (ASGHOSTNET, DE)"
elva-app.mail.protection.outlook.com,1,"AS8075 (MICROSOFT-CORP-MSN-AS-BLOCK - Microsoft Corporation, US)"
mail.elti.si,1,
mail.anonmail.lol,1,"AS141995 (CAPL-AS-AP Contabo Asia Private Limited, SG)"
emaginas-com.mail.protection.outlook.com,1,"AS8075 (MICROSOFT-CORP-MSN-AS-BLOCK - Microsoft Corporation, US)"
gmail-gr-com.mail.protection.outlook.com,1,"AS8075 (MICROSOFT-CORP-MSN-AS-BLOCK - Microsoft Corporation, US)"
gmail4.com,1,"AS9416 (MULTIMEDIA-AS-AP Hoshin Multimedia Center Inc., TW)"
_dc-mx.92cfe6de228a.gmail.pm,1,"AS36352 (AS-COLOCROSSING - HostPapa, US)"
gmail-smtp-in.l.gmail3.com,1,"AS19318 (IS-AS-1 - Interserver, Inc, US)"
mailu-gvbn7-u65696.vm.elestio.app,1,"AS24940 (HETZNER-AS, DE)"
mail.gmailasdfas.com,1,"AS14061 (DIGITALOCEAN-ASN - DigitalOcean, LLC, US)"
w01c199d.kasserver.com,1,"AS34788 (NMM-AS D - 02742 Friedersdorf Hauptstrasse 68, DE)"
mail.em-meblekuchenne.pl,1,"AS50599 (Autonomous System for Dataspace P.S.A., PL)"
email-temporaire.fr,1,"AS16276 (OVH, FR)"
mail.gmail7.com,1,"AS31898 (ORACLE-BMC-31898 - Oracle Corporation, US)"
mx-ha03.web.de,1,"AS8560 (IONOS-AS This is the joint network for IONOS, Fasthosts, Arsys, 1&1 Mail and Media and 1&1 Telecom. Formerly known as 1&1 Internet SE., DE)"
mail.email24.ovh,1,"AS50599 (Autonomous System for Dataspace P.S.A., PL)"
mx6.gmailcomcom.com,1,
mail.gmaildottrick.com,1,"AS47583 (AS-HOSTINGER, CY)"
mx1.gmail.it,1,"AS31103 (KEYWEB-AS, DE)"
_dc-mx.342a9d07ac6d.email.mw,1,"AS197540 (NETCUP-AS netcup GmbH, DE)"
mx6.gmailertyq.com,1,
mx6.gmaildort.com,1,
email.gen.tr,1,"AS42846 (GUZELHOSTING GNET INTERNET TELEKOMUNIKASYON A.S., TR)"
mx.gmailfe.com,1,"AS14061 (DIGITALOCEAN-ASN - DigitalOcean, LLC, US)"
mx2.emailapps.info,1,"AS200107 (KL-EXT, CH)"
emailband.com,1,"AS47583 (AS-HOSTINGER, CY)"
mail.emailbin.net,1,"AS14061 (DIGITALOCEAN-ASN - DigitalOcean, LLC, US)"
mail.gmailnew.com,1,"AS24940 (HETZNER-AS, DE)"
mail.gmaill.my.id,1,"AS31898 (ORACLE-BMC-31898 - Oracle Corporation, US)"
_dc-mx.2028ba539df3.emailcloudhub.uk,1,"AS18450 (WEBNX - WebNX, Inc., US)"
mail.gmailjj.com,1,"AS37963 (ALIBABA-CN-NET Hangzhou Alibaba Advertising Co.,Ltd., CN)"
mx.plala.or.jp,1,"AS4713 (OCN NTT DOCOMO BUSINESS,Inc., JP)"
mx5.gmoserver.jp,1,"AS7506 (INTERQ GMO Internet Group, Inc., JP)"
mx6.gmailweerr.com,1,
mail.emailertr.com,1,"AS14061 (DIGITALOCEAN-ASN - DigitalOcean, LLC, US)"
relay.careerbuilder.com,1,"AS32977 (CBSITE-CHI-WEB - CareerBuilder, LLC, US)"
emaildark.fr.nf,1,"AS16276 (OVH, FR)"
gmail-smtp-in.l.gmailya.com,1,"AS19318 (IS-AS-1 - Interserver, Inc, US)"
emailgsa15.xyz,1,"AS59253 (LEASEWEB-APAC-SIN-11 LEASEWEB SINGAPORE PTE. LTD., SG)"
emailgsa12.xyz,1,"AS59253 (LEASEWEB-APAC-SIN-11 LEASEWEB SINGAPORE PTE. LTD., SG)"
emailgsa11.xyz,1,"AS59253 (LEASEWEB-APAC-SIN-11 LEASEWEB SINGAPORE PTE. LTD., SG)"
mail.emailed.com,1,
emailgsa14.xyz,1,"AS59253 (LEASEWEB-APAC-SIN-11 LEASEWEB SINGAPORE PTE. LTD., SG)"
mx6.gmailzdfsdfds.com,1,
emailgsa10.xyz,1,"AS59253 (LEASEWEB-APAC-SIN-11 LEASEWEB SINGAPORE PTE. LTD., SG)"
emailgsa8.xyz,1,"AS59253 (LEASEWEB-APAC-SIN-11 LEASEWEB SINGAPORE PTE. LTD., SG)"
mail.gmakl.com,1,"AS203476 (GANDI-AS-2 Domain name registrar - www.gandi.net, FR)"
gmail-smtp-in.l.gmailw.com,1,"AS19318 (IS-AS-1 - Interserver, Inc, US)"
elba.iway.ch,1,"AS8758 (IWAY, CH)"
emailgsa13.xyz,1,"AS59253 (LEASEWEB-APAC-SIN-11 LEASEWEB SINGAPORE PTE. LTD., SG)"
emailgsa4.xyz,1,"AS59253 (LEASEWEB-APAC-SIN-11 LEASEWEB SINGAPORE PTE. LTD., SG)"
emailgsa5.xyz,1,"AS59253 (LEASEWEB-APAC-SIN-11 LEASEWEB SINGAPORE PTE. LTD., SG)"
emailgsa2.xyz,1,"AS59253 (LEASEWEB-APAC-SIN-11 LEASEWEB SINGAPORE PTE. LTD., SG)"
emailgsa3.xyz,1,"AS59253 (LEASEWEB-APAC-SIN-11 LEASEWEB SINGAPORE PTE. LTD., SG)"
gmail-smtp-in.l.gmal1.com,1,"AS19318 (IS-AS-1 - Interserver, Inc, US)"
emailfowarding.com,1,"AS14061 (DIGITALOCEAN-ASN - DigitalOcean, LLC, US)"
emailgsa1.xyz,1,"AS59253 (LEASEWEB-APAC-SIN-11 LEASEWEB SINGAPORE PTE. LTD., SG)"
emailgsa7.xyz,1,"AS59253 (LEASEWEB-APAC-SIN-11 LEASEWEB SINGAPORE PTE. LTD., SG)"
emailhere.info,1,"AS49467 (EUROTA-ASN EUROTA INTERNET SERVICES LTD, TR)"
emailgsa6.xyz,1,"AS59253 (LEASEWEB-APAC-SIN-11 LEASEWEB SINGAPORE PTE. LTD., SG)"
emailgsa9.xyz,1,"AS59253 (LEASEWEB-APAC-SIN-11 LEASEWEB SINGAPORE PTE. LTD., SG)"
mail.user-mail.net,1,"AS213230 (HETZNER-CLOUD2-AS, DE)"
mailwel.com,1,"AS14061 (DIGITALOCEAN-ASN - DigitalOcean, LLC, US)"
mail.heheheha.shop,1,"AS47583 (AS-HOSTINGER, CY)"
mail.emailinfive.com,1,"AS24940 (HETZNER-AS, DE)"
mail.gmail.pp.ua,1,"AS3255 (UARNET-AS UARNet-Eksintech, UA)"
mail.gmails.top,1,"AS132203 (TENCENT-NET-AP-CN Tencent Building, Kejizhongyi Avenue, CN)"
mx1.gmailssdf.com,1,"AS24940 (HETZNER-AS, DE)"
gmcil-com.mail.protection.outlook.com,1,"AS8075 (MICROSOFT-CORP-MSN-AS-BLOCK - Microsoft Corporation, US)"
mail.emailnow.one,1,"AS149089 (CLOUDFLY-VN CLOUDFLY CORPORATION, VN)"
mail.emailnope.com,1,"AS47583 (AS-HOSTINGER, CY)"
gmimfg-com.mail.protection.outlook.com,1,"AS8075 (MICROSOFT-CORP-MSN-AS-BLOCK - Microsoft Corporation, US)"
mail.email.by,1,"AS48716 (PSKZ-ALA, KZ)"
mail.gmoil.xyz,1,"AS22612 (NAMECHEAP-NET - Namecheap, Inc., US)"
mx1.emailmobile.net,1,"AS200107 (KL-EXT, CH)"
gmex-fr.mail.protection.outlook.com,1,"AS8075 (MICROSOFT-CORP-MSN-AS-BLOCK - Microsoft Corporation, US)"
gmmx.com,1,"AS55293 (A2HOSTING - A2 Hosting, Inc., US)"
inbox.emailmiser.com,1,"AS33387 (NOCIX - Nocix, LLC, US)"
mx1.emailmysr.com,1,"AS200107 (KL-EXT, CH)"
gmsi1.com,1,"AS35916 (MULTA-ASN1 - MULTACOM CORPORATION, US)"
gmqil-com.mail.protection.outlook.com,1,"AS8075 (MICROSOFT-CORP-MSN-AS-BLOCK - Microsoft Corporation, US)"
_dc-mx.1df0a807a702.emailsm.com,1,"AS36666 (GTCOMM - GloboTech Communications, CA)"
mail.emailresort.com,1,"AS63949 (AKAMAI-LINODE-AP Akamai Connected Cloud, SG)"
mx6.emailrii.com,1,
mx6.emailswhois.com,1,
mxa-00784301.gslb.pphosted.com,1,"AS26211 (PROOFPOINT-ASN-US-WEST - Proofpoint, Inc., US)"
_dc-mx.9d1c629d4fbe.emailsementaraid.my.id,1,"AS59253 (LEASEWEB-APAC-SIN-11 LEASEWEB SINGAPORE PTE. LTD., SG)"
gmsil.com.1.0001.arsmtp.com,1,"AS53780 (AS-APPRIVER - APPRIVER LLC, US)"
emailstip.info,1,"AS49467 (EUROTA-ASN EUROTA INTERNET SERVICES LTD, TR)"
mail.emailworth.com,1,"AS22612 (NAMECHEAP-NET - Namecheap, Inc., US)"
mx1.emailwww.pro,1,
mail.emailxfer.com,1,"AS14061 (DIGITALOCEAN-ASN - DigitalOcean, LLC, US)"
mail.xtoolsvn.net,1,"AS16276 (OVH, FR)"
mail.emailsecure.top,1,"AS16276 (OVH, FR)"
mail.emailus.thebillieholiday.click,1,"AS51167 (CONTABO, DE)"
mail.emailus.getwisetransfer.click,1,"AS51167 (CONTABO, DE)"
mail.gnathostfmail.ru,1,"AS12586 (ASGHOSTNET, DE)"
_dc-mx.7d1ee4d70897.emarkwebsolutions.com,1,"AS21409 (IKOULA, FR)"
mail.gng.edu.pl,1,"AS16276 (OVH, FR)"
emailterminal.info,1,"AS49467 (EUROTA-ASN EUROTA INTERNET SERVICES LTD, TR)"
mail.gniazdoorlow.edu.pl,1,"AS24940 (HETZNER-AS, DE)"
mail.gmthub.com,1,"AS9930 (TTNET-MY TIME dotCom Berhad No. 14, Jalan Majistret U126 Hicom Glenmarie Industrial Park 40150 Shah Alam Selangor, Malaysia, MY)"
emailtaxi.de,1,"AS8560 (IONOS-AS This is the joint network for IONOS, Fasthosts, Arsys, 1&1 Mail and Media and 1&1 Telecom. Formerly known as 1&1 Internet SE., DE)"
mail.embrille.com,1,"AS47583 (AS-HOSTINGER, CY)"
smtp.embarqmaik.com,1,"AS26666 (INTERSERVER-LAX - Interserver, Inc, US)"
rockyii.thisco.com,1,"AS16509 (AMAZON-02 - Amazon.com, Inc., US)"
emailx.org,1,"AS26042 (FIBERSTATE - FiberState, LLC, US)"
mail.best1-host.com,1,"AS397071 (AWEB-LLC-ASN - AWEB LLC, US)"
go-daddypromocode.com,1,
emailirani.ir,1,"AS212025 (CUKMAN-AS, HR)"
mail.embryonolml.ru,1,"AS12586 (ASGHOSTNET, DE)"
_dc-mx.b12b59e37309.emergencymail.site,1,"AS24940 (HETZNER-AS, DE)"
mx.go-ogle.com,1,"AS29873 (BIZLAND-SD - Newfold Digital, Inc., US)"
mail.embryogmail.ru,1,"AS12586 (ASGHOSTNET, DE)"
mail.embryomail.ru,1,"AS12586 (ASGHOSTNET, DE)"
mail.emeaaemail.ru,1,"AS12586 (ASGHOSTNET, DE)"
mail.embrymali.ru,1,"AS12586 (ASGHOSTNET, DE)"
mail.gwtgp.com,1,"AS398101 (GO-DADDY-COM-LLC - GoDaddy.com, LLC, US)"
mail.embolmyu.ru,1,"AS12586 (ASGHOSTNET, DE)"
mail.gnoeaaemail.ru,1,"AS12586 (ASGHOSTNET, DE)"
mxa-0018d001.gslb.pphosted.com,1,"AS26211 (PROOFPOINT-ASN-US-WEST - Proofpoint, Inc., US)"
mail.gkolimp.ru,1,"AS44094 (WEBHOST1-AS, RU)"
mail.go2usa.info,1,"AS47583 (AS-HOSTINGER, CY)"
mail.go2site.info,1,"AS24940 (HETZNER-AS, DE)"
emicomfort-com.mail.protection.outlook.com,1,"AS8075 (MICROSOFT-CORP-MSN-AS-BLOCK - Microsoft Corporation, US)"
gnaii.com,1,"AS17506 (UCOM ARTERIA Networks Corporation, JP)"
mail.go-vegas.ru,1,"AS204601 (PODAON, NL)"
gwu-plettenberg-de.mail.cloud.nospamproxy.com,1,"AS16509 (AMAZON-02 - Amazon.com, Inc., US)"
30705682.in1.mandrillapp.com,1,"AS16509 (AMAZON-02 - Amazon.com, Inc., US)"
mail.elmoscow.ru,1,"AS42889 (METAVIRA-AS, RU)"
mail.gwtirol.at,1,"AS8412 (TMA Magenta Telekom, AT)"
mail.emisfml.com,1,"AS12586 (ASGHOSTNET, DE)"
mail.9n9n9t.jp,1,"AS9370 (SAKURA-B SAKURA Internet Inc., JP)"
mail.emohawk.xyz,1,"AS47583 (AS-HOSTINGER, CY)"
mx1.oweb.cn,1,"AS4811 (CHINANET-SHANGHAI-MAN China Telecom Group, CN)"
mailhost.comcetera.com,1,"AS63949 (AKAMAI-LINODE-AP Akamai Connected Cloud, SG)"
_dc-mx.a8e6d80e1032.gocyb.org,1,"AS1856 (DISN-PILOTNET2 - RTX BBN Technologies, Inc., US)"
god-mail.com,1,"AS32475 (SINGLEHOP-LLC - Internap Holding LLC, US)"
mail.emocmail.com,1,"AS12586 (ASGHOSTNET, DE)"
emeil.ir,1,"AS212025 (CUKMAN-AS, HR)"
godaddy-com.mail.protection.outlook.com,1,"AS8075 (MICROSOFT-CORP-MSN-AS-BLOCK - Microsoft Corporation, US)"
mail.gwu-eckernfoerde.de,1,"AS3209 (VODANET International IP-Backbone of Vodafone, DE)"
mx1.emmail.info,1,"AS200107 (KL-EXT, CH)"
eml.pp.ua.eml.pp.ua,1,
mail.godfare.com,1,"AS14061 (DIGITALOCEAN-ASN - DigitalOcean, LLC, US)"
mail.emotrsmail.ru,1,"AS12586 (ASGHOSTNET, DE)"
mail.emotionalfml.com,1,"AS12586 (ASGHOSTNET, DE)"
mail.empireofbeauty.co.uk,1,"AS24940 (HETZNER-AS, DE)"
mail.gofolic.org,1,"AS54290 (HOSTWINDS - Hostwinds LLC., US)"
goeedl.com,1,"AS201682 (LIQUID-WEB-BV, US)"
imap.mail.webnode.com,1,"AS39729 (REGISTER-AS, IT)"
emptymail.online,1,"AS213702 (QWINS-LTD QWINS AS-SET: ~ # AS213702:AS-CUSTOMERS, GB)"
email.net.tr,1,"AS42846 (GUZELHOSTING GNET INTERNET TELEKOMUNIKASYON A.S., TR)"
mail.emtsua.com,1,"AS47583 (AS-HOSTINGER, CY)"
mail.godrej-forestgrove.com,1,"AS394695 (PUBLIC-DOMAIN-REGISTRY - PDR, US)"
mail.gogogmail.com,1,"AS14061 (DIGITALOCEAN-ASN - DigitalOcean, LLC, US)"
emta-com.mail.protection.outlook.com,1,"AS8075 (MICROSOFT-CORP-MSN-AS-BLOCK - Microsoft Corporation, US)"
mail.emulsificmail.ru,1,"AS12586 (ASGHOSTNET, DE)"
emtlife.com,1,"AS29802 (HVC-AS - HIVELOCITY, Inc., US)"
mail.emulsml.ru,1,"AS12586 (ASGHOSTNET, DE)"
mail.gold-mania.com,1,"AS25532 (MASTERHOST-AS Moscow, Russia, RU)"
mail.enbox.site,1,"AS20473 (AS-VULTR - The Constant Company, LLC, US)"
mail.gold.edu.pl,1,"AS16276 (OVH, FR)"
goldmansachs-com01b.mail.protection.outlook.com,1,"AS8075 (MICROSOFT-CORP-MSN-AS-BLOCK - Microsoft Corporation, US)"
mail.enantiomail.ru,1,"AS12586 (ASGHOSTNET, DE)"
mail.enantiemail.ru,1,"AS12586 (ASGHOSTNET, DE)"
_dc-mx.4a23d4d6a94d.enchitaku.com,1,"AS51167 (CONTABO, DE)"
mail.enalioemail.ru,1,"AS12586 (ASGHOSTNET, DE)"
mail.encephalomenli.com,1,"AS12586 (ASGHOSTNET, DE)"
mail.encephamail.com,1,"AS12586 (ASGHOSTNET, DE)"
mail.encephaml.ru,1,"AS12586 (ASGHOSTNET, DE)"
mail.encephafl.com,1,"AS12586 (ASGHOSTNET, DE)"
mail.encyclopedmail.ru,1,"AS12586 (ASGHOSTNET, DE)"
mail.endarterme.ru,1,"AS12586 (ASGHOSTNET, DE)"
mail.endoanolml.ru,1,"AS12586 (ASGHOSTNET, DE)"
mail.endocannic.com,1,"AS12586 (ASGHOSTNET, DE)"
mail.encyclomail.com,1,"AS12586 (ASGHOSTNET, DE)"
mail.endopermail.com,1,"AS12586 (ASGHOSTNET, DE)"
mail.endotrsmail.ru,1,"AS12586 (ASGHOSTNET, DE)"
mxa-0014b501.gslb.pphosted.com,1,"AS22843 (PROOFPOINT-ASN-US-EAST - Proofpoint, Inc., US)"
mail.endomeml.ru,1,"AS12586 (ASGHOSTNET, DE)"
goldstandard99.com,1,"AS42821 (RAPIDNET-DE Haunstetter Str. 19, DE)"
mail.gmip.fr,1,"AS203476 (GANDI-AS-2 Domain name registrar - www.gandi.net, FR)"
mail.enetomail.ru,1,"AS12586 (ASGHOSTNET, DE)"
emailsensei.com,1,"AS20473 (AS-VULTR - The Constant Company, LLC, US)"
mx0.engfootballfans.com,1,"AS54290 (HOSTWINDS - Hostwinds LLC., US)"
mail.goldfox.ru,1,
mx6.golfnewshome.com,1,
mx.mail.gol.com,1,"AS23720 (RMNI-AS-AP Rakuten Mobile Network, Inc., JP)"
rte039zrhz.englishity.com,1,"AS14061 (DIGITALOCEAN-ASN - DigitalOcean, LLC, US)"
mail.goldmansuchs.com,1,"AS3257 (GTT-BACKBONE GTT, US)"
gomaile.com,1,"AS29222 (INFOMANIAK-AS, CH)"
orient.engraar.com,1,"AS14061 (DIGITALOCEAN-ASN - DigitalOcean, LLC, US)"
englandvs.com,1,"AS7393 (CYBERCON - CYBERCON, INC., US)"
mail.gonaute.com,1,"AS14061 (DIGITALOCEAN-ASN - DigitalOcean, LLC, US)"
golfloverusa.shop,1,"AS136246 (TOMATTOSTL-AS-AP Tomattos Technologies Ltd., BD)"
emailtemp.xyz,1,"AS14670 (WHG-USE1, GB)"
mail.emwe.ru,1,"AS44094 (WEBHOST1-AS, RU)"
mail.gonadotrfmals.com,1,"AS12586 (ASGHOSTNET, DE)"
mail.enmaila.com,1,"AS14061 (DIGITALOCEAN-ASN - DigitalOcean, LLC, US)"
mail.gonoblamail.com,1,"AS12586 (ASGHOSTNET, DE)"
mail.email64.com,1,"AS14061 (DIGITALOCEAN-ASN - DigitalOcean, LLC, US)"
vlmx-air.secure.ne.jp,1,"AS2516 (KDDI KDDI CORPORATION, JP)"
mx1.emailsy.info,1,"AS200107 (KL-EXT, CH)"
mx1.hc3620-0.iphmx.com,1,"AS16417 (IRONPORT-SYSTEMS-INC - Cisco Systems Ironport Division, US)"
ddns.enput.com,1,"AS209 (CENTURYLINK-US-LEGACY-QWEST - CenturyLink Communications, LLC, US)"
_dc-mx.fd5bbd5acab1.enrmail.com,1,"AS16276 (OVH, FR)"
mail.enquiry.getwisetransfer.click,1,"AS51167 (CONTABO, DE)"
mx1.enginemail.top,1,"AS200107 (KL-EXT, CH)"
mail.enspinner.com,1,"AS24940 (HETZNER-AS, DE)"
mail.enter.net,1,"AS32244 (LIQUIDWEB - Liquid Web, L.L.C, US)"
mail.enterpriseln.us,1,"AS22612 (NAMECHEAP-NET - Namecheap, Inc., US)"
ensis.site,1,"AS52148 (ENIXLTD, GB)"
mail.entamail.ru,1,"AS12586 (ASGHOSTNET, DE)"
mail.entamomalis.com,1,"AS12586 (ASGHOSTNET, DE)"
mail.entemalary.ru,1,"AS12586 (ASGHOSTNET, DE)"
mail.entipat.com,1,"AS47583 (AS-HOSTINGER, CY)"
mailin1.goodmood.co.uk,1,"AS51013 (WEBSUPPORT-SRO-SK-AS, SK)"
mail2.cave.net,1,"AS13706 (COMPLETEWEBNET - CompleteWeb.Net LLC, US)"
mail.entomophtrsmail.ru,1,"AS12586 (ASGHOSTNET, DE)"
entrens-com.mail.protection.outlook.com,1,"AS8075 (MICROSOFT-CORP-MSN-AS-BLOCK - Microsoft Corporation, US)"
mail.entrepremail.ru,1,"AS12586 (ASGHOSTNET, DE)"
mail.entomfmail.ru,1,"AS12586 (ASGHOSTNET, DE)"
mail.goodbone.ru,1,"AS21100 (ITLDC-EU, US)"
entyrecare-com.mail.protection.outlook.com,1,"AS8075 (MICROSOFT-CORP-MSN-AS-BLOCK - Microsoft Corporation, US)"
googital.com,1,"AS42846 (GUZELHOSTING GNET INTERNET TELEKOMUNIKASYON A.S., TR)"
mail.environmli.com,1,"AS12586 (ASGHOSTNET, DE)"
envirophoenix-com.mail.protection.outlook.com,1,"AS8075 (MICROSOFT-CORP-MSN-AS-BLOCK - Microsoft Corporation, US)"
f.omail.cc,1,"AS31898 (ORACLE-BMC-31898 - Oracle Corporation, US)"
google2u.com,1,"AS212317 (HETZNER-CLOUD3-AS, DE)"
mail.enzymatifml.ru,1,"AS12586 (ASGHOSTNET, DE)"
mail.goldenpinefield.com,1,"AS214996 (NETCUP, DE)"
mail.entomolfml.com,1,"AS12586 (ASGHOSTNET, DE)"
mail.goohle.co.ua,1,
mail.gobo-projectors.ru,1,
mail.endometlity.ru,1,
west.smtp.mx.exch092.serverdata.net,1,
mail.endothelmy.com,1,
mail.eosomail.ru,1,"AS12586 (ASGHOSTNET, DE)"
inx.eoutrbl.com,1,"AS14061 (DIGITALOCEAN-ASN - DigitalOcean, LLC, US)"
mail01.goosebox.net,1,"AS36351 (SOFTLAYER - IBM Cloud, US)"
mail.epeirmalu.ru,1,"AS12586 (ASGHOSTNET, DE)"
mail.epeiromail.com,1,"AS12586 (ASGHOSTNET, DE)"
epexegmail.com,1,"AS213702 (QWINS-LTD QWINS AS-SET: ~ # AS213702:AS-CUSTOMERS, GB)"
mail.ephemerofml.com,1,"AS12586 (ASGHOSTNET, DE)"
mail.epiar.net,1,"AS212317 (HETZNER-CLOUD3-AS, DE)"
mx.epic-tech.org,1,"AS14061 (DIGITALOCEAN-ASN - DigitalOcean, LLC, US)"
mail.gorankup.com,1,"AS24940 (HETZNER-AS, DE)"
mail.epicamail.com,1,"AS12586 (ASGHOSTNET, DE)"
mail.epicplayblog.cc,1,"AS45102 (ALIBABA-CN-NET Alibaba US Technology Co., Ltd., CN)"
malibuzz.gordoncastlehighlandgames.com,1,"AS51167 (CONTABO, DE)"
mail.epichlorohfkml.com,1,"AS12586 (ASGHOSTNET, DE)"
mail.epichlmail.ru,1,"AS12586 (ASGHOSTNET, DE)"
mail.epicamil.ru,1,"AS12586 (ASGHOSTNET, DE)"
mail.entuziast-center.ru,1,"AS50340 (SELECTEL-MSK, RU)"
mx001.gorillaswithdirtyarmpits.com,1,"AS24940 (HETZNER-AS, DE)"
mail.epifmk.com,1,"AS12586 (ASGHOSTNET, DE)"
gorleylalonde-com.mail.protection.outlook.com,1,"AS8075 (MICROSOFT-CORP-MSN-AS-BLOCK - Microsoft Corporation, US)"
mail.epididyfml.ru,1,"AS12586 (ASGHOSTNET, DE)"
mail.epipheninf.com,1,"AS12586 (ASGHOSTNET, DE)"
mail.epigrrsmail.ru,1,"AS12586 (ASGHOSTNET, DE)"
epimymail.com,1,"AS213702 (QWINS-LTD QWINS AS-SET: ~ # AS213702:AS-CUSTOMERS, GB)"
mail.epipemail.ru,1,"AS12586 (ASGHOSTNET, DE)"
mail.epiphyllmails.ru,1,"AS12586 (ASGHOSTNET, DE)"
mail.episcomails.ru,1,"AS12586 (ASGHOSTNET, DE)"
mx.gorommasala.com,1,"AS14061 (DIGITALOCEAN-ASN - DigitalOcean, LLC, US)"
mail.episcopalifml.com,1,"AS12586 (ASGHOSTNET, DE)"
mail.episemail.ru,1,"AS12586 (ASGHOSTNET, DE)"
mail.episcopalmy.com,1,"AS12586 (ASGHOSTNET, DE)"
mail.epistmail.com,1,"AS12586 (ASGHOSTNET, DE)"
mail.epithelmails.ru,1,"AS12586 (ASGHOSTNET, DE)"
mail.epithelimails.ru,1,"AS12586 (ASGHOSTNET, DE)"
pmg196.emca.pl,1,"AS47223 (LUKMAN, PL)"
gosharks-net.mail.protection.outlook.com,1,"AS8075 (MICROSOFT-CORP-MSN-AS-BLOCK - Microsoft Corporation, US)"
mail.epitomi.ru,1,"AS12586 (ASGHOSTNET, DE)"
mail.gosneer.com,1,"AS32097 (WII - WholeSale Internet, Inc., US)"
tempmail.epmmo.com,1,"AS14061 (DIGITALOCEAN-ASN - DigitalOcean, LLC, US)"
mail.epomail.com,1,"AS32097 (WII - WholeSale Internet, Inc., US)"
mail.gorsvet.org.ua,1,"AS50340 (SELECTEL-MSK, RU)"
gothub-com.mail.protection.outlook.com,1,
mail.goto.tempo-mail.pro,1,"AS22612 (NAMECHEAP-NET - Namecheap, Inc., US)"
mail.gottakh.com,1,"AS47583 (AS-HOSTINGER, CY)"
mx.wuaze.com,1,"AS34119 (WILDCARD-AS Wildcard UK Limited, GB)"
mail.goldpaclk.store,1,"AS24940 (HETZNER-AS, DE)"
mx1.gotoinbox.bid,1,"AS200107 (KL-EXT, CH)"
mail.eosatx.com,1,"AS14061 (DIGITALOCEAN-ASN - DigitalOcean, LLC, US)"
mail.eposta.work,1,"AS132203 (TENCENT-NET-AP-CN Tencent Building, Kejizhongyi Avenue, CN)"
mail.eoslux.com,1,"AS14061 (DIGITALOCEAN-ASN - DigitalOcean, LLC, US)"
eoro-com.mail.protection.outlook.com,1,"AS8075 (MICROSOFT-CORP-MSN-AS-BLOCK - Microsoft Corporation, US)"
mail.governamail.ru,1,"AS12586 (ASGHOSTNET, DE)"
mail.eqimail.com,1,"AS14061 (DIGITALOCEAN-ASN - DigitalOcean, LLC, US)"
mail.eosino.ru,1,"AS12586 (ASGHOSTNET, DE)"
mail.governmentgis.com,1,"AS31898 (ORACLE-BMC-31898 - Oracle Corporation, US)"
mail.governmenfl.com,1,"AS12586 (ASGHOSTNET, DE)"
mx.googlw.com.cust.a.hostedemail.com,1,
mail.goosenetwork.org,1,"AS51167 (CONTABO, DE)"
mail.equatoolml.ru,1,"AS12586 (ASGHOSTNET, DE)"
198.252.99.156,1,
mail.equatmails.ru,1,"AS12586 (ASGHOSTNET, DE)"
mutagim-com.mail.protection.outlook.com,1,"AS8075 (MICROSOFT-CORP-MSN-AS-BLOCK - Microsoft Corporation, US)"
mail.equianguli.com,1,"AS12586 (ASGHOSTNET, DE)"
eonmech-com.mail.protection.outlook.com,1,
mail.eq-trainer.ru,1,"AS44094 (WEBHOST1-AS, RU)"
mail.equifirst.in,1,"AS46606 (UNIFIEDLAYER-AS-1 - Unified Layer, US)"
mail.equimolmale.com,1,"AS12586 (ASGHOSTNET, DE)"
mail.eo-z.com,1,"AS14061 (DIGITALOCEAN-ASN - DigitalOcean, LLC, US)"
gowingo.xyz,1,"AS24940 (HETZNER-AS, DE)"
equitable-com.mail.protection.outlook.com,1,"AS8075 (MICROSOFT-CORP-MSN-AS-BLOCK - Microsoft Corporation, US)"
mail.gowp.pl,1,"AS47544 (IQPL-AS, PL)"
mail.gosolarpower.com.au,1,"AS45638 (SYNERGYWHOLESALE-AP SYNERGY WHOLESALE PTY LTD, AU)"
mail.equivofl.com,1,"AS12586 (ASGHOSTNET, DE)"
mail.gpromotedx.com,1,"AS47583 (AS-HOSTINGER, CY)"
mail.equivolity.ru,1,"AS12586 (ASGHOSTNET, DE)"
mail.equivara.cfd,1,"AS203446 (AS203446, GB)"
mail.equmalary.ru,1,"AS12586 (ASGHOSTNET, DE)"
mail.gowithsee.com,1,"AS47995 (AT-AS, RU)"
mail.gptmuramedia.biz.id,1,
mx-post.erahods.com,1,"AS14061 (DIGITALOCEAN-ASN - DigitalOcean, LLC, US)"
ephold-com.mail.protection.outlook.com,1,"AS8075 (MICROSOFT-CORP-MSN-AS-BLOCK - Microsoft Corporation, US)"
mail.ercohomes.ca,1,"AS19871 (NETWORK-SOLUTIONS-HOSTING - Network Solutions, LLC, US)"
mail.ereplyzy.com,1,"AS47583 (AS-HOSTINGER, CY)"
rte03.ereirqu.com,1,"AS14061 (DIGITALOCEAN-ASN - DigitalOcean, LLC, US)"
mail.erermail.com,1,"AS14061 (DIGITALOCEAN-ASN - DigitalOcean, LLC, US)"
gradientai-com.mail.protection.outlook.com,1,"AS8075 (MICROSOFT-CORP-MSN-AS-BLOCK - Microsoft Corporation, US)"
mx.graffitiresin.com,1,"AS29873 (BIZLAND-SD - Newfold Digital, Inc., US)"
mailstream-east.mxrecord.io,1,"AS13335 (CLOUDFLARENET - Cloudflare, Inc., US)"
smtp-in.erine.email,1,"AS16276 (OVH, FR)"
mail.grandmasmail.com,1,"AS14061 (DIGITALOCEAN-ASN - DigitalOcean, LLC, US)"
mail.ericsupport.com,1,"AS40021 (CONTABO-40021 - Contabo Inc., US)"
mail1.grandcom.net,1,"AS19318 (IS-AS-1 - Interserver, Inc, US)"
mx5.mailspace.id,1,"AS138115 (IDNIC-DENEVA-AS-ID PT Deneva, ID)"
asp.granadm.com,1,"AS14061 (DIGITALOCEAN-ASN - DigitalOcean, LLC, US)"
mail.grand-me.club,1,"AS16276 (OVH, FR)"
mail.ermael.com,1,"AS14061 (DIGITALOCEAN-ASN - DigitalOcean, LLC, US)"
mx1.goood-mail.net,1,"AS200107 (KL-EXT, CH)"
mail.granuloml.ru,1,"AS12586 (ASGHOSTNET, DE)"
mail.graphemsemail.com,1,"AS12586 (ASGHOSTNET, DE)"
mail.erodifl.com,1,"AS12586 (ASGHOSTNET, DE)"
mail.gymzz.com,1,"AS24940 (HETZNER-AS, DE)"
mail.grassfed.us,1,"AS24961 (MYLOC-AS IP Backbone of WIIT AG formerly myLoc managed IT AG, DE)"
mail.gynmail.com,1,"AS12586 (ASGHOSTNET, DE)"
mail.erotomails.ru,1,"AS12586 (ASGHOSTNET, DE)"
mail.eroticimail.com,1,"AS12586 (ASGHOSTNET, DE)"
mail.erotogrmail.com,1,"AS12586 (ASGHOSTNET, DE)"
mail.erpin.org,1,"AS3842 (RAMNODE - InMotion Hosting, Inc., US)"
antispam01.imos.net,1,"AS20677 (IMOS-AS Alfons-Feifel-Str. 9, DE)"
epshop.online,1,"AS13335 (CLOUDFLARENET - Cloudflare, Inc., US)"
grandcasinobaden-ch.mail.protection.outlook.com,1,"AS8075 (MICROSOFT-CORP-MSN-AS-BLOCK - Microsoft Corporation, US)"
mail.gyrofreqfmus.ru,1,"AS12586 (ASGHOSTNET, DE)"
mail.gratisneuke.be,1,"AS8075 (MICROSOFT-CORP-MSN-AS-BLOCK - Microsoft Corporation, US)"
gratosmail.fr.nf,1,"AS16276 (OVH, FR)"
mx.ertemaik.com,1,"AS14061 (DIGITALOCEAN-ASN - DigitalOcean, LLC, US)"
_dc-mx.c39eb409b415.gotempmail.me,1,"AS57043 (HOSTKEY-AS, NL)"
x9.ertrade.com,1,"AS53850 (GORILLASERVERS - GorillaServers, Inc., US)"
_dc-mx.7a8fb726c194.grbto.net,1,"AS51167 (CONTABO, DE)"
mx1.goproaccessories.us,1,
mail.greaterhouse.org,1,"AS46606 (UNIFIEDLAYER-AS-1 - Unified Layer, US)"
mail.eosada.com,1,"AS14061 (DIGITALOCEAN-ASN - DigitalOcean, LLC, US)"
mail.gov-ny.site,1,"AS204601 (PODAON, NL)"
mx1.epwwrestling.com,1,"AS200107 (KL-EXT, CH)"
mail.erythroblmail.ru,1,"AS12586 (ASGHOSTNET, DE)"
mail.erythrocinf.com,1,"AS12586 (ASGHOSTNET, DE)"
mail.erythml.ru,1,"AS12586 (ASGHOSTNET, DE)"
mail.erythrocytinf.com,1,"AS12586 (ASGHOSTNET, DE)"
mail.erythroblasfmus.ru,1,"AS12586 (ASGHOSTNET, DE)"
a113362.mx.mailhop.org,1,"AS16509 (AMAZON-02 - Amazon.com, Inc., US)"
mail.gourmetnation.com.au,1,"AS45638 (SYNERGYWHOLESALE-AP SYNERGY WHOLESALE PTY LTD, AU)"
mx.greatlakesstate.com.cust.b.hostedemail.com,1,"AS32491 (TUCOWS-3 - Tucows.com Co., CA)"
_dc-mx.7f369b9bb125.escholcreations.com,1,"AS38719 (DREAMSCAPE-AS-AP Dreamscape Networks Limited, AU)"
greencafe24.com,1,"AS47583 (AS-HOSTINGER, CY)"
mail.greenhousemail.com,1,"AS14061 (DIGITALOCEAN-ASN - DigitalOcean, LLC, US)"
pro60.emailserver.vn,1,"AS45538 (ODSJSC-AS-VN ODS Joint Stock Company, VN)"
mail.esdruns.com,1,"AS47583 (AS-HOSTINGER, CY)"
mail.esensbuy.com,1,"AS14618 (AMAZON-AES - Amazon.com, Inc., US)"
mail.esgame.pl,1,"AS41079 (CF-GDA, PL)"
mail01.greeninbox.org,1,"AS36351 (SOFTLAYER - IBM Cloud, US)"
escortsdudley.com,1,"AS22612 (NAMECHEAP-NET - Namecheap, Inc., US)"
mail.gpcharlie.com,1,"AS47583 (AS-HOSTINGER, CY)"
msn.eshimod.com,1,"AS14061 (DIGITALOCEAN-ASN - DigitalOcean, LLC, US)"
mail.greatburn.ru,1,"AS21100 (ITLDC-EU, US)"
equipmentsfinances-com.mail.protection.outlook.com,1,"AS8075 (MICROSOFT-CORP-MSN-AS-BLOCK - Microsoft Corporation, US)"
mail.eschaumail.com,1,"AS12586 (ASGHOSTNET, DE)"
gregorheating-co-uk.mail.protection.outlook.com,1,"AS8075 (MICROSOFT-CORP-MSN-AS-BLOCK - Microsoft Corporation, US)"
mx.greystones.com.cust.a.hostedemail.com,1,"AS15348 (TUCOWS - Tucows.com Co., CA)"
greysacademy-com01c.mail.protection.outlook.com,1,"AS8075 (MICROSOFT-CORP-MSN-AS-BLOCK - Microsoft Corporation, US)"
griffinmgmt-com.mail.protection.outlook.com,1,"AS8075 (MICROSOFT-CORP-MSN-AS-BLOCK - Microsoft Corporation, US)"
mail.gps.pics,1,"AS46606 (UNIFIEDLAYER-AS-1 - Unified Layer, US)"
espiraldevendas-com-br.mail.protection.outlook.com,1,
mail.esponamail.com,1,"AS12586 (ASGHOSTNET, DE)"
espismail.com,1,"AS213702 (QWINS-LTD QWINS AS-SET: ~ # AS213702:AS-CUSTOMERS, GB)"
esportslatam-com01i.mail.protection.outlook.com,1,"AS8075 (MICROSOFT-CORP-MSN-AS-BLOCK - Microsoft Corporation, US)"
mail.greentouwn.ru,1,"AS56694 (SMARTAPE, RU)"
bslmsn.essayssolution.com,1,"AS209605 (HOSTBALTIC, LT)"
esmeraldamagina.com,1,"AS34762 (COMBELL-AS, BE)"
essaywritingservicelinked.com,1,"AS53755 (IOFLOOD - Input Output Flood LLC, US)"
mail.grizlmail.com,1,"AS12586 (ASGHOSTNET, DE)"
mail.estabamail.com,1,"AS12586 (ASGHOSTNET, DE)"
grmail-com.mail.protection.outlook.com,1,"AS8075 (MICROSOFT-CORP-MSN-AS-BLOCK - Microsoft Corporation, US)"
mx1.essay-top.biz,1,"AS200107 (KL-EXT, CH)"
mail.establishmemail.com,1,"AS12586 (ASGHOSTNET, DE)"
mail.establismail.com,1,"AS12586 (ASGHOSTNET, DE)"
mail.eqmail.com,1,"AS45090 (TENCENT-NET-AP Shenzhen Tencent Computer Systems Company Limited, CN)"
a262435.mx.mailhop.org,1,"AS16509 (AMAZON-02 - Amazon.com, Inc., US)"
mx1.mailcast.io,1,"AS20473 (AS-VULTR - The Constant Company, LLC, US)"
mail.esterificfm.ru,1,"AS12586 (ASGHOSTNET, DE)"
grezor.io,1,"AS199968 (IWSNET, AM)"
mail.esthesmail.ru,1,"AS12586 (ASGHOSTNET, DE)"
mail.groovetrove.org,1,"AS8001 (COLOGIX - Cologix, Inc, US)"
mail.grosfillex-furniture.com,1,"AS13213 (UK2NET-AS, GB)"
mail.esthesiopmail.com,1,"AS12586 (ASGHOSTNET, DE)"
port443.net,1,"AS63949 (AKAMAI-LINODE-AP Akamai Connected Cloud, SG)"
eta-com.mail.protection.outlook.com,1,"AS8075 (MICROSOFT-CORP-MSN-AS-BLOCK - Microsoft Corporation, US)"
mail.etaajir.net,1,"AS19871 (NETWORK-SOLUTIONS-HOSTING - Network Solutions, LLC, US)"
owa.dgm.bg,1,"AS48115 (DGM-AS Sofia, Bulgaria, BG)"
box.hashcellrelay.com,1,"AS8866 (VIVACOM-AS BULGARIA, BG)"
mx2.hc1583-69.eu.iphmx.com,1,"AS30238 (AS-IRONP-VEGA - Cisco Systems Ironport Division, US)"
_dc-mx.1449d0009f6a.growseo.com,1,"AS32244 (LIQUIDWEB - Liquid Web, L.L.C, US)"
etcone-net.mail.protection.outlook.com,1,
ezmail.mail.etempmail.net,1,"AS19318 (IS-AS-1 - Interserver, Inc, US)"
grr.la,1,"AS60781 (LEASEWEB-NL-AMS-01 Netherlands, NL)"
mx.etc.syn-alias.com,1,"AS31898 (ORACLE-BMC-31898 - Oracle Corporation, US)"
mail.eriesemail.com,1,"AS132203 (TENCENT-NET-AP-CN Tencent Building, Kejizhongyi Avenue, CN)"
eternity-my-id.mail.protection.outlook.com,1,
newtechly.com,1,"AS16276 (OVH, FR)"
mx.ethereal.email,1,"AS24940 (HETZNER-AS, DE)"
mail.gwi.com.tw,1,"AS3462 (HINET Data Communication Business Group, TW)"
mx1.smail.com.tr,1,"AS211577 (ZERSNETLLC, US)"
mail.grupobhk.com,1,"AS19318 (IS-AS-1 - Interserver, Inc, US)"
errorid.com,1,"AS16276 (OVH, FR)"
mx1.eth2btc.info,1,"AS200107 (KL-EXT, CH)"
mail.etherefml.ru,1,"AS12586 (ASGHOSTNET, DE)"
mail.etherefkml.ru,1,"AS12586 (ASGHOSTNET, DE)"
mail.ethnohifkml.ru,1,"AS12586 (ASGHOSTNET, DE)"
mail.etherifimail.ru,1,"AS12586 (ASGHOSTNET, DE)"
mail.ethnobotmail.ru,1,"AS12586 (ASGHOSTNET, DE)"
mail.eti.eu.com,1,"AS51167 (CONTABO, DE)"
ethodmail.com,1,"AS213702 (QWINS-LTD QWINS AS-SET: ~ # AS213702:AS-CUSTOMERS, GB)"
mail.ethnomusmail.com,1,"AS12586 (ASGHOSTNET, DE)"
mail1.etlgr.com,1,"AS8069 (MICROSOFT-CORP-MSN-AS-BLOCK - Microsoft Corporation, US)"
gshub-ltd.mail.protection.outlook.com,1,"AS8075 (MICROSOFT-CORP-MSN-AS-BLOCK - Microsoft Corporation, US)"
btmail.gsmini.com,1,"AS42960 (VH-GLOBAL VH Global Limited, HK)"
mail.gravexia.cfd,1,"AS203446 (AS203446, GB)"
a991136.mx.mailhop.org,1,"AS16509 (AMAZON-02 - Amazon.com, Inc., US)"
v150936.kasserver.com,1,"AS34788 (NMM-AS D - 02742 Friedersdorf Hauptstrasse 68, DE)"
etrade-com.mail.protection.outlook.com,1,"AS8075 (MICROSOFT-CORP-MSN-AS-BLOCK - Microsoft Corporation, US)"
a-mail-in.xora.com,1,"AS14618 (AMAZON-AES - Amazon.com, Inc., US)"
mail.etorro.com,1,"AS13246 (INETWIRE-AS Key-Systems GmbH PartnerGate, DE)"
mail.erviomail.com,1,"AS12586 (ASGHOSTNET, DE)"
mail.erysipelfml.com,1,"AS12586 (ASGHOSTNET, DE)"
d346674a.ess.barracudanetworks.com,1,"AS16509 (AMAZON-02 - Amazon.com, Inc., US)"
mail.etradm.com,1,"AS8708 (DIGI-ROMANIA 75 Dr. Staicovici, RO)"
gthw-com.mx1.arsmtp.com,1,"AS53780 (AS-APPRIVER - APPRIVER LLC, US)"
m.gtptk.com,1,"AS401696 (COGNETCLOUD - cognetcloud INC, US)"
mail.gtwaddress.com,1,"AS47583 (AS-HOSTINGER, CY)"
gtx-com.mail.protection.outlook.com,1,"AS8075 (MICROSOFT-CORP-MSN-AS-BLOCK - Microsoft Corporation, US)"
mail.etymolo.com,1,"AS12586 (ASGHOSTNET, DE)"
mail.etymolomail.ru,1,"AS12586 (ASGHOSTNET, DE)"
mail.etymologmale.com,1,"AS12586 (ASGHOSTNET, DE)"
mail.etymoml.ru,1,"AS12586 (ASGHOSTNET, DE)"
mail.eu6genetic.com,1,"AS47583 (AS-HOSTINGER, CY)"
mailstd-04.zth.netdesignhost.com,1,"AS135161 (GMO-Z-COM-TH GMO-Z com NetDesign Holdings Co., Ltd., JP)"
mx2.gu5t.com,1,"AS200107 (KL-EXT, CH)"
mx.euesolucoes.online,1,"AS20473 (AS-VULTR - The Constant Company, LLC, US)"
smtp.eu.org,1,"AS12322 (PROXAD, FR)"
esckiz.xyz,1,"AS132420 (E2E-NETWORKS-IN 282, Sector 19, IN)"
mail.guardai.com,1,"AS31898 (ORACLE-BMC-31898 - Oracle Corporation, US)"
mx2.yunyou.top,1,"AS21859 (ZEN-ECN - Zenlayer Inc, US)"
guarda5.com,1,"AS131965 (XSERVER Xserver Inc., JP)"
gtmail.site,1,"AS42846 (GUZELHOSTING GNET INTERNET TELEKOMUNIKASYON A.S., TR)"
mail.trafficbox.email,1,"AS14618 (AMAZON-AES - Amazon.com, Inc., US)"
mail.eurogenet.com,1,"AS19377 (CLOUD-CARIB-LTD - Cloud Carib Limited, BS)"
mx0a-00220101.pphosted.com,1,"AS26211 (PROOFPOINT-ASN-US-WEST - Proofpoint, Inc., US)"
mail.guarda2.com,1,"AS16276 (OVH, FR)"
mx6.guccitripwell.com,1,
mail.eurygnmofml.ru,1,"AS12586 (ASGHOSTNET, DE)"
mail.euucn.com,1,"AS14061 (DIGITALOCEAN-ASN - DigitalOcean, LLC, US)"
guardo.com,1,"AS24940 (HETZNER-AS, DE)"
mail.guerrillamail.biz,1,"AS60781 (LEASEWEB-NL-AMS-01 Netherlands, NL)"
mail.eutycsalo.ru,1,"AS12586 (ASGHOSTNET, DE)"
mail.guerrillamailblock.com,1,"AS60781 (LEASEWEB-NL-AMS-01 Netherlands, NL)"
_dc-mx.8b0dfaa65e94.guerrillamail.net,1,"AS60781 (LEASEWEB-NL-AMS-01 Netherlands, NL)"
_dc-mx.95642e8dce05.guerrillamail.info,1,"AS60781 (LEASEWEB-NL-AMS-01 Netherlands, NL)"
_dc-mx.1d1000604dfb.guerrillamail.org,1,"AS60781 (LEASEWEB-NL-AMS-01 Netherlands, NL)"
mail.evacolml.ru,1,"AS12586 (ASGHOSTNET, DE)"
mail.guerrillamail.de,1,"AS60781 (LEASEWEB-NL-AMS-01 Netherlands, NL)"
mail.evangelifl.com,1,"AS12586 (ASGHOSTNET, DE)"
mail.evangelimail.ru,1,"AS12586 (ASGHOSTNET, DE)"
mail.evangelismfri.com,1,"AS12586 (ASGHOSTNET, DE)"
mail.evangelmail.ru,1,"AS12586 (ASGHOSTNET, DE)"
mail.guerraepaz.org.br,1,"AS16276 (OVH, FR)"
mail.euvotodistrital.org.br,1,"AS16276 (OVH, FR)"
mail.evangelml.ru,1,"AS12586 (ASGHOSTNET, DE)"
mail.evangemail.com,1,"AS12586 (ASGHOSTNET, DE)"
mx01.windstream.net,1,"AS31898 (ORACLE-BMC-31898 - Oracle Corporation, US)"
mail.evangeemail.ru,1,"AS12586 (ASGHOSTNET, DE)"
euromail.hu,1,"AS60071 (RENDSZERNET-AS, HU)"
mail.evangelicmail.ru,1,"AS12586 (ASGHOSTNET, DE)"
mail.eurobet88.net,1,"AS9808 (CHINAMOBILE-CN China Mobile Communications Group Co., Ltd., CN)"
mx1.gugoumail.com,1,"AS24940 (HETZNER-AS, DE)"
mail.eveist.com,1,"AS14061 (DIGITALOCEAN-ASN - DigitalOcean, LLC, US)"
evbholdingsllc-com.mail.protection.outlook.com,1,"AS8075 (MICROSOFT-CORP-MSN-AS-BLOCK - Microsoft Corporation, US)"
mail.europesoftwares.net,1,"AS210403 (LWS, FR)"
_dc-mx.66102a41b374.eventnice.id,1,"AS136170 (EXBCOID-AS-AP PT. EXABYTES NETWORK INDONESIA, ID)"
mail.guidance.billieholidayhubs.click,1,"AS51167 (CONTABO, DE)"
event-united.com,1,"AS14618 (AMAZON-AES - Amazon.com, Inc., US)"
mail.eventuruby.ru,1,"AS12586 (ASGHOSTNET, DE)"
mail.ervmail.com,1,
mx4.eu001.everymail.com,1,"AS16276 (OVH, FR)"
eutemp.eu,1,"AS24961 (MYLOC-AS IP Backbone of WIIT AG formerly myLoc managed IT AG, DE)"
mail.erythrsmail.ru,1,"AS12586 (ASGHOSTNET, DE)"
mail.everythingispersonal.com,1,"AS24940 (HETZNER-AS, DE)"
mail.wolstencroft.com.au,1,"AS38195 (SUPERLOOP-AS-AP Superloop, AU)"
mx.gundogtrainerarkansas.com,1,"AS29873 (BIZLAND-SD - Newfold Digital, Inc., US)"
mail.evigrxplus.com,1,"AS63023 (AS-GLOBALTELEHOST - GTHost, US)"
mail.evilin-expo.ru,1,"AS44094 (WEBHOST1-AS, RU)"
mail.evgeniazimina.com,1,"AS35278 (SPRINTHOST, RU)"
mail.evontra.cfd,1,"AS203446 (AS203446, GB)"
evolutiongene-com.mail.protection.outlook.com,1,"AS8075 (MICROSOFT-CORP-MSN-AS-BLOCK - Microsoft Corporation, US)"
mail.evoveo.com,1,"AS14670 (WHG-USE1, GB)"
mail.evolutrsmail.ru,1,"AS12586 (ASGHOSTNET, DE)"
mail.gunlukhavadurumu.net,1,"AS211851 (WEB9-YAZILIM-BILISIM-HIZMETLERI, TR)"
mx.everytg.ml,1,"AS208425 (YONCU, CY)"
mail.ewroteed.com,1,"AS47583 (AS-HOSTINGER, CY)"
space.cyberly.com,1,"AS63949 (AKAMAI-LINODE-AP Akamai Connected Cloud, SG)"
mx1.gspousea.com,1,"AS200107 (KL-EXT, CH)"
mail.gutturo.ru,1,"AS12586 (ASGHOSTNET, DE)"
mail.evoro.eu,1,"AS216063 (TWENTYFOURFIRE, DE)"
mail.gutturalmalis.com,1,"AS12586 (ASGHOSTNET, DE)"
mail.exactlegalreview.com,1,"AS204601 (PODAON, NL)"
mx1.ewebpills.com,1,"AS200107 (KL-EXT, CH)"
mail.exaggerfml.ru,1,"AS12586 (ASGHOSTNET, DE)"
mail.guysmail.com,1,"AS16276 (OVH, FR)"
mail.etorg.com,1,"AS44901 (BELCLOUD Premium IP transit network, BG)"
mail.exams.gng.edu.pl,1,"AS16276 (OVH, FR)"
mail.exc.com,1,"AS61969 (TEAMINTERNET-AS, DE)"
mail.gwanime.com,1,"AS53850 (GORILLASERVERS - GorillaServers, Inc., US)"
mx.etowahpainassociates.com,1,"AS16509 (AMAZON-02 - Amazon.com, Inc., US)"
mail.exartimail.com,1,"AS12586 (ASGHOSTNET, DE)"
mail.exceptioebml.ru,1,"AS12586 (ASGHOSTNET, DE)"
mail.gwdemolition.com,1,"AS46606 (UNIFIEDLAYER-AS-1 - Unified Layer, US)"
gweiss-com.mail.protection.outlook.com,1,"AS8075 (MICROSOFT-CORP-MSN-AS-BLOCK - Microsoft Corporation, US)"
mail.gwarek.com.pl,1,"AS41079 (CF-GDA, PL)"
mail2.etro.com,1,"AS12874 (FASTWEB, IT)"
_dc-mx.b5812e2eb391.gwenbd94.com,1,"AS51167 (CONTABO, DE)"
mail.gwaliorchemicals.com,1,"AS46606 (UNIFIEDLAYER-AS-1 - Unified Layer, US)"
mail.exchanmails.ru,1,"AS12586 (ASGHOSTNET, DE)"
mail.gwerin.com,1,"AS20860 (IOMART-AS, GB)"
excodus-com.mail.protection.outlook.com,1,"AS8075 (MICROSOFT-CORP-MSN-AS-BLOCK - Microsoft Corporation, US)"
mail.gw-elec.co.uk,1,"AS20738 (GD-EMEA-DC-LD5, GB)"
mail.gvozdvkedah.fun,1,"AS62082 (HOSTLAND, RU)"
mail.gwe.net,1,"AS46606 (UNIFIEDLAYER-AS-1 - Unified Layer, US)"
mail.exchangejo.ru,1,"AS12586 (ASGHOSTNET, DE)"
mail.excommunifmail.ru,1,"AS12586 (ASGHOSTNET, DE)"
mail.gwizdek.eu,1,"AS29522 (CF-KRK, PL)"
mail.gwalegal.pl,1,"AS29522 (CF-KRK, PL)"
mail.gwfd.com,1,"AS4906 (FDS-01 - Frontline Communications, US)"
mail.excommunimail.ru,1,"AS12586 (ASGHOSTNET, DE)"
mail.excommunicmfri.com,1,"AS12586 (ASGHOSTNET, DE)"
gwinnettschoolofdance-com.mail.protection.outlook.com,1,"AS8075 (MICROSOFT-CORP-MSN-AS-BLOCK - Microsoft Corporation, US)"
mail.gwgms.de,1,"AS8893 (ARTFILES-AS Artfiles New Media GmbH, DE)"
mail.gwivs.com,1,"AS46606 (UNIFIEDLAYER-AS-1 - Unified Layer, US)"
mail.gwinner.de,1,"AS200924 (SIS2, DE)"
mail.gwaccounting.com.au,1,"AS38719 (DREAMSCAPE-AS-AP Dreamscape Networks Limited, AU)"
colo3.exemetr.com,1,"AS14061 (DIGITALOCEAN-ASN - DigitalOcean, LLC, US)"
mail.gwenergy.hu,1,"AS42964 (SIGMANET-HU-AS, HU)"
mail.evilgodshop.com,1,"AS135983 (TINO-AS-VN Tino Group Joint Stock Company, VN)"
mail.exempfmk.com,1,"AS12586 (ASGHOSTNET, DE)"
mail.gwsolutions.ca,1,"AS29873 (BIZLAND-SD - Newfold Digital, Inc., US)"
mail.gwhizmedia.com,1,"AS14618 (AMAZON-AES - Amazon.com, Inc., US)"
gwlogistyka-pl.mail.protection.outlook.com,1,"AS8075 (MICROSOFT-CORP-MSN-AS-BLOCK - Microsoft Corporation, US)"
surat.gwk.id,1,"AS140388 (IDNIC-GARISWAKTU-AS-ID PT. Garis Waktu Kita, ID)"
mail.gwip.com,1,"AS3462 (HINET Data Communication Business Group, TW)"
mail.gwq-serviceplus.de,1,"AS20676 (PLUSNET *****************, DE)"
mail.exentfml.com,1,"AS12586 (ASGHOSTNET, DE)"
mail.exemplifiolml.ru,1,"AS12586 (ASGHOSTNET, DE)"
mail.gw.to,1,"AS42831 (UKSERVERS-AS UK Dedicated Servers, Hosting and Co-Location, GB)"
mail.gwsa-guelph.ca,1,"AS40438 (CANHOST-INC - Canhost Inc., CA)"
mail.gxbarbara.com,1,"AS47583 (AS-HOSTINGER, CY)"
mail.gwynjonesschool.co.uk,1,"AS21499 (GODADDY-SXB, DE)"
d210779a.ess.barracudanetworks.com,1,"AS16509 (AMAZON-02 - Amazon.com, Inc., US)"
sxb1plzcpnl487827.prod.sxb1.secureserver.net,1,"AS21499 (GODADDY-SXB, DE)"
sslmail.verwaltungsportal.de,1,"AS24940 (HETZNER-AS, DE)"
mail.exhibitiofmail.ru,1,"AS12586 (ASGHOSTNET, DE)"
mail.gwydion.org,1,"AS51167 (CONTABO, DE)"
mail.gxgxg.xyz,1,"AS399646 (DARTNODE - Snaju Development, US)"
rte03hbn86.exhaycle.com,1,"AS14061 (DIGITALOCEAN-ASN - DigitalOcean, LLC, US)"
mail.exmab.com,1,"AS14061 (DIGITALOCEAN-ASN - DigitalOcean, LLC, US)"
mail.gwe.com.au,1,"AS4764 (WIDEBAND-AS-AP Aussie Broadband, AU)"
mail.gzyp21.net,1,"AS24940 (HETZNER-AS, DE)"
mail.gwynfanbungalow.co.uk,1,"AS61323 (UKFAST, GB)"
mail.gwn24.de,1,"AS212613 (GWN24, DE)"
mail.exodus8.com,1,"AS55293 (A2HOSTING - A2 Hosting, Inc., US)"
mail.gwpmultimedia.com,1,"AS34931 (AWARESOFT, GB)"
mail.exoduscom.com,1,"AS46606 (UNIFIEDLAYER-AS-1 - Unified Layer, US)"
mail.gw24.at,1,"AS8412 (TMA Magenta Telekom, AT)"
mail.exodusx.com,1,"AS22612 (NAMECHEAP-NET - Namecheap, Inc., US)"
exodux-com.mail.protection.outlook.com,1,"AS8075 (MICROSOFT-CORP-MSN-AS-BLOCK - Microsoft Corporation, US)"
exoodus-com.mail.protection.outlook.com,1,"AS8075 (MICROSOFT-CORP-MSN-AS-BLOCK - Microsoft Corporation, US)"
mail.gwwlaw.com,1,"AS17054 (EXPEDIENT - Expedient, US)"
mail.exopterymail.ru,1,"AS12586 (ASGHOSTNET, DE)"
mail.gwintech.com.my,1,"AS46015 (EXABYTES-AS-AP Exa Bytes Network Sdn.Bhd., MY)"
mail.exoworld.earth,1,"AS203446 (AS203446, GB)"
mail.exmoordistillery.com,1,
mail.h2beta.com,1,"AS14061 (DIGITALOCEAN-ASN - DigitalOcean, LLC, US)"
mail.exoticfruitplants.eu,1,"AS24940 (HETZNER-AS, DE)"
exous-com.mail.protection.outlook.com,1,"AS8075 (MICROSOFT-CORP-MSN-AS-BLOCK - Microsoft Corporation, US)"
mail.experimenmail.ru,1,"AS12586 (ASGHOSTNET, DE)"
mxa-001a8401.gslb.pphosted.com,1,"AS22843 (PROOFPOINT-ASN-US-EAST - Proofpoint, Inc., US)"
mail.expedisalo.ru,1,"AS12586 (ASGHOSTNET, DE)"
mail.experimemail.com,1,"AS12586 (ASGHOSTNET, DE)"
h3gm.com,1,"AS3842 (RAMNODE - InMotion Hosting, Inc., US)"
mail.experimmali.ru,1,"AS12586 (ASGHOSTNET, DE)"
mail.expl0it.store,1,"AS24940 (HETZNER-AS, DE)"
mail.guarde.com,1,"AS174 (COGENT-174 - Cogent Communications, LLC, US)"
mail.expectofkml.ru,1,"AS12586 (ASGHOSTNET, DE)"
w01c8522.kasserver.com,1,"AS34788 (NMM-AS D - 02742 Friedersdorf Hauptstrasse 68, DE)"
mail.experimentmails.ru,1,"AS12586 (ASGHOSTNET, DE)"
mail.h88i.store,1,"AS22612 (NAMECHEAP-NET - Namecheap, Inc., US)"
mail.gwerk.ch,1,"AS24940 (HETZNER-AS, DE)"
dmarcdb4wb.expltain.com,1,"AS14061 (DIGITALOCEAN-ASN - DigitalOcean, LLC, US)"
mail.expressletter.net,1,"AS212772 (ADGUARD, CY)"
m012.dmail.id,1,"AS59135 (IDNIC-SDK-AS-ID PT Suraloka Digital Kreatif, ID)"
mail.explanatmails.ru,1,"AS12586 (ASGHOSTNET, DE)"
expressbuynow-com.mail.protection.outlook.com,1,"AS8075 (MICROSOFT-CORP-MSN-AS-BLOCK - Microsoft Corporation, US)"
mail.gwerders.ch,1,"AS24940 (HETZNER-AS, DE)"
mx2.vfemail.net,1,"AS202448 (MVPS www.mvps.net, CY)"
mail.gwi.co.za,1,"AS37153 (xneelo, ZA)"
mail.extemporizmail.ru,1,"AS12586 (ASGHOSTNET, DE)"
haberci-com.mail.protection.outlook.com,1,"AS8075 (MICROSOFT-CORP-MSN-AS-BLOCK - Microsoft Corporation, US)"
mail.externalizmail.ru,1,"AS12586 (ASGHOSTNET, DE)"
mail.extempormail.com,1,"AS12586 (ASGHOSTNET, DE)"
mail.exterocefmals.com,1,"AS12586 (ASGHOSTNET, DE)"
mail.extempmail.ru,1,"AS12586 (ASGHOSTNET, DE)"
extinlapa.com.br,1,"AS19871 (NETWORK-SOLUTIONS-HOSTING - Network Solutions, LLC, US)"
mail.extemporaneolity.ru,1,"AS12586 (ASGHOSTNET, DE)"
_dc-mx.bb161ec9c40e.hacker.com.se,1,"AS19318 (IS-AS-1 - Interserver, Inc, US)"
mail.exteriormail.ru,1,"AS12586 (ASGHOSTNET, DE)"
mail.expert-a.ru,1,"AS39238 (OKBPROGRESS Moscow, Russia, RU)"
mail.extraconstimail.com,1,"AS12586 (ASGHOSTNET, DE)"
mail.extracorpomail.com,1,"AS12586 (ASGHOSTNET, DE)"
mail.extrachromfmail.ru,1,"AS12586 (ASGHOSTNET, DE)"
mail.extrammali.ru,1,"AS12586 (ASGHOSTNET, DE)"
mail.extra-breast.info,1,"AS41079 (CF-GDA, PL)"
mail.extraconstiinf.com,1,"AS12586 (ASGHOSTNET, DE)"
mx1.h9js8y6.com,1,"AS200107 (KL-EXT, CH)"
mail.extrapulmail.ru,1,"AS12586 (ASGHOSTNET, DE)"
mail.extraormails.ru,1,"AS12586 (ASGHOSTNET, DE)"
relay1.express.net.ua,1,"AS15738 (UAEXPRESS Ukraine, UA)"
extremangola-com.mail.protection.outlook.com,1,"AS8075 (MICROSOFT-CORP-MSN-AS-BLOCK - Microsoft Corporation, US)"
mail.extrapla.ru,1,"AS12586 (ASGHOSTNET, DE)"
mail.exuge.com,1,"AS14061 (DIGITALOCEAN-ASN - DigitalOcean, LLC, US)"
mail.extraseml.ru,1,"AS12586 (ASGHOSTNET, DE)"
mail.exulrsmail.ru,1,"AS12586 (ASGHOSTNET, DE)"
mail.extrinsime.ru,1,"AS12586 (ASGHOSTNET, DE)"
mail.exuvimail.com,1,"AS12586 (ASGHOSTNET, DE)"
exwa.org,1,"AS7506 (INTERQ GMO Internet Group, Inc., JP)"
emailfwd.hadal.net,1,"AS16276 (OVH, FR)"
yivgateway.extrset.com,1,"AS14061 (DIGITALOCEAN-ASN - DigitalOcean, LLC, US)"
mail.haematolemi.com,1,"AS12586 (ASGHOSTNET, DE)"
mx.eyefullproductions.com,1,"AS29873 (BIZLAND-SD - Newfold Digital, Inc., US)"
mx-02-eu-central-1.prod.hydra.sophos.com,1,"AS16509 (AMAZON-02 - Amazon.com, Inc., US)"
mail.eyepaste.com,1,"AS40021 (CONTABO-40021 - Contabo Inc., US)"
mail.haemacytmails.ru,1,"AS12586 (ASGHOSTNET, DE)"
_dc-mx.7cabf030fcec.eysey.com,1,"AS51167 (CONTABO, DE)"
mail.hagiolfkml.com,1,"AS12586 (ASGHOSTNET, DE)"
mail.hagimails.ru,1,"AS12586 (ASGHOSTNET, DE)"
mail.hagiolofml.ru,1,"AS12586 (ASGHOSTNET, DE)"
hadigel.net,1,"AS47585 (YIGITHOSTING, TR)"
mail.eynlong.com,1,"AS14061 (DIGITALOCEAN-ASN - DigitalOcean, LLC, US)"
a850875.mx.mailhop.org,1,"AS16509 (AMAZON-02 - Amazon.com, Inc., US)"
_dc-mx.6a51c9429b1b.ez.insure,1,"AS20021 (LNH-INC - Ntirety, Inc., US)"
mail0001.ezernet.lv,1,"AS24940 (HETZNER-AS, DE)"
mx10.websupport.sk,1,"AS51013 (WEBSUPPORT-SRO-SK-AS, SK)"
ezmail.pro,1,"AS135905 (VNPT-AS-VN VIETNAM POSTS AND TELECOMMUNICATIONS GROUP, VN)"
mail.haechot.com,1,"AS132203 (TENCENT-NET-AP-CN Tencent Building, Kejizhongyi Avenue, CN)"
ex-io.mail.protection.outlook.com,1,"AS8075 (MICROSOFT-CORP-MSN-AS-BLOCK - Microsoft Corporation, US)"
mail.guron.ru,1,"AS29182 (RU-JSCIOT, RU)"
mail.ezstest.com,1,"AS63949 (AKAMAI-LINODE-AP Akamai Connected Cloud, SG)"
mail.ezpara.com,1,"AS51167 (CONTABO, DE)"
f.lovepettoys.shop,1,"AS47583 (AS-HOSTINGER, CY)"
p.f1t.online,1,"AS401696 (COGNETCLOUD - cognetcloud INC, US)"
esmyar.ir,1,
f1files.com,1,"AS20857 (TRANSIP-AS Amsterdam, the Netherlands, NL)"
mx04.au.com,1,"AS2516 (KDDI KDDI CORPORATION, JP)"
mail.f5foster.com,1,"AS47583 (AS-HOSTINGER, CY)"
mail.f88i.click,1,"AS22612 (NAMECHEAP-NET - Namecheap, Inc., US)"
recv4.erinn.biz,1,"AS7506 (INTERQ GMO Internet Group, Inc., JP)"
mail.ez.lv,1,"AS12578 (APOLLO-AS Latvia, LV)"
mail235148.maychuemail.com,1,"AS7643 (VNPT-AS-VN Vietnam Posts and Telecommunications VNPT, VN)"
email.gwjlaw.com,1,"AS3356 (LEVEL3 - Level 3 Parent, LLC, US)"
mail.excommmail.ru,1,"AS12586 (ASGHOSTNET, DE)"
mail.fabtivia.com,1,"AS14061 (DIGITALOCEAN-ASN - DigitalOcean, LLC, US)"
mail.fabrikamail.com,1,"AS12586 (ASGHOSTNET, DE)"
facebook2.com,1,"AS20473 (AS-VULTR - The Constant Company, LLC, US)"
mail.hatechno.vn,1,"AS131414 (LVSOFT-AS-VN Long Van Soft Solution JSC, VN)"
mail.facemac.website,1,"AS40021 (CONTABO-40021 - Contabo Inc., US)"
mail.gwwpro.de,1,"AS199752 (GO-TREX Go-Trex Internet Solution Partner, NL)"
h.lovepettoys.shop,1,"AS47583 (AS-HOSTINGER, CY)"
mail.exobiolmail.ru,1,"AS12586 (ASGHOSTNET, DE)"
mail.exodus1.com,1,"AS46606 (UNIFIEDLAYER-AS-1 - Unified Layer, US)"
mx1.faceepicentre.com,1,"AS200107 (KL-EXT, CH)"
facoro-cl.mail.protection.outlook.com,1,"AS8075 (MICROSOFT-CORP-MSN-AS-BLOCK - Microsoft Corporation, US)"
mail.exoptemail.ru,1,"AS12586 (ASGHOSTNET, DE)"
fadilec-com.mail.protection.outlook.com,1,"AS8075 (MICROSOFT-CORP-MSN-AS-BLOCK - Microsoft Corporation, US)"
mail.fake-emails.com,1,"AS197540 (NETCUP-AS netcup GmbH, DE)"
app.pacekopat.com,1,"AS16276 (OVH, FR)"
mail.fakemail.net,1,"AS16276 (OVH, FR)"
109.62.115.106,1,
mail.fadems.org.br,1,"AS16276 (OVH, FR)"
mail.faldamail.com,1,"AS12586 (ASGHOSTNET, DE)"
mx.falazone.com,1,"AS14061 (DIGITALOCEAN-ASN - DigitalOcean, LLC, US)"
mail.faltd.net,1,"AS9009 (M247, RO)"
mail.fairnewsspears.com,1,"AS24940 (HETZNER-AS, DE)"
e.falleweng.com,1,"AS14061 (DIGITALOCEAN-ASN - DigitalOcean, LLC, US)"
mail.falsifmail.ru,1,"AS12586 (ASGHOSTNET, DE)"
mail.familiatomail.com,1,"AS12586 (ASGHOSTNET, DE)"
mx6.fallloveinlv.com,1,
mail.familfmk.com,1,"AS12586 (ASGHOSTNET, DE)"
mail.fake-mail.net,1,"AS24940 (HETZNER-AS, DE)"
mail.famemaiil.com,1,"AS12586 (ASGHOSTNET, DE)"
mail.fanrecognition.com,1,"AS63949 (AKAMAI-LINODE-AP Akamai Connected Cloud, SG)"
gway-co-za.mail.protection.outlook.com,1,"AS8075 (MICROSOFT-CORP-MSN-AS-BLOCK - Microsoft Corporation, US)"
fancydancecasino-net.mail.protection.outlook.com,1,"AS8075 (MICROSOFT-CORP-MSN-AS-BLOCK - Microsoft Corporation, US)"
mail.extemporaio.com,1,"AS12586 (ASGHOSTNET, DE)"
mail.extracorpmail.ru,1,"AS12586 (ASGHOSTNET, DE)"
mail.farironalds.com,1,"AS210976 (TWC-EU, KZ)"
mxa-00a18f02.gslb.pphosted.com,1,"AS52129 (PROOFPOINT-ASN-EU, US)"
mail3.boehringer-ingelheim.com,1,"AS15404 (COLT Technology Services Group, GB)"
mail.fantalk.ru,1,"AS50340 (SELECTEL-MSK, RU)"
mail.agrico.org,1,"AS2497 (IIJ Internet Initiative Japan Inc., JP)"
mail.farah.rip,1,"AS44486 (SYNLINQ synlinq.de, DE)"
mxb-0028ab01.gslb.pphosted.com,1,"AS22843 (PROOFPOINT-ASN-US-EAST - Proofpoint, Inc., US)"
mx.fashion-hairistyle.org,1,"AS14061 (DIGITALOCEAN-ASN - DigitalOcean, LLC, US)"
webmail-068.cafe24.com,1,"AS4766 (KIXS-AS-KR Korea Telecom, KR)"
mail.fashionfmail.com,1,"AS12586 (ASGHOSTNET, DE)"
mail.fast-breast-augmentation.info,1,"AS41079 (CF-GDA, PL)"
mail.fastemails.us,1,"AS47583 (AS-HOSTINGER, CY)"
mail.farmoaks.com,1,"AS132203 (TENCENT-NET-AP-CN Tencent Building, Kejizhongyi Avenue, CN)"
mail.fashionmail.ru,1,"AS12586 (ASGHOSTNET, DE)"
mail.fastletter.cfd,1,"AS24940 (HETZNER-AS, DE)"
mail.fastestflex.com,1,"AS16276 (OVH, FR)"
mx1.fast-email.info,1,"AS200107 (KL-EXT, CH)"
mail.farzanehbeautysalon.ir,1,"AS31549 (RASANA, IR)"
mail.fastmailservice.xyz,1,"AS20473 (AS-VULTR - The Constant Company, LLC, US)"
mx1.fastmails.club,1,"AS200107 (KL-EXT, CH)"
ecwebmail-010.cafe24.com,1,"AS4766 (KIXS-AS-KR Korea Telecom, KR)"
mail.fastidiousjo.ru,1,"AS12586 (ASGHOSTNET, DE)"
mail.fastmailnow.com,1,"AS29182 (RU-JSCIOT, RU)"
mx2.fastmailforyou.net,1,"AS200107 (KL-EXT, CH)"
mx1.fastacura.com,1,"AS200107 (KL-EXT, CH)"
mail.fastmailonii.org,1,"AS49981 (WORLDSTREAM, NL)"
mx1.fastermand.com,1,"AS200107 (KL-EXT, CH)"
mail.fastsms24.shop,1,"AS44486 (SYNLINQ synlinq.de, DE)"
mail.fastsell.me,1,"AS51973 (KOLT-AS, RU)"
mail.fastsms.my,1,"AS200303 (LUMASERV LUMASERV GmbH, DE)"
mx1.fastshipcialis.com,1,"AS200107 (KL-EXT, CH)"
mx1.gwbnsh.net.cn,1,
fastmailnode.com,1,"AS22611 (INMOTION - InMotion Hosting, Inc., US)"
mail.fatflap.com,1,"AS24940 (HETZNER-AS, DE)"
mail.favordmail.com,1,"AS12586 (ASGHOSTNET, DE)"
fazdnetc.com,1,"AS47583 (AS-HOSTINGER, CY)"
mail.fazka.ovh,1,"AS203446 (AS203446, GB)"
mail.faxico.com,1,"AS14061 (DIGITALOCEAN-ASN - DigitalOcean, LLC, US)"
mail.fbeaveraqb.com,1,"AS47583 (AS-HOSTINGER, CY)"
mail.fbi.one,1,"AS44486 (SYNLINQ synlinq.de, DE)"
mail.fastwebpost.com.pl,1,"AS50599 (Autonomous System for Dataspace P.S.A., PL)"
fbmail.fun,1,"AS37963 (ALIBABA-CN-NET Hangzhou Alibaba Advertising Co.,Ltd., CN)"
dc-48cc5efe5beb.fcl.me,1,
mail.hacccc.com,1,
fcl-co-jp.mail.protection.outlook.com,1,"AS8075 (MICROSOFT-CORP-MSN-AS-BLOCK - Microsoft Corporation, US)"
mail.extrafomail.com,1,"AS12586 (ASGHOSTNET, DE)"
mail.fddeutschb.com,1,"AS47583 (AS-HOSTINGER, CY)"
mail.data443.io,1,"AS36236 (NETACTUATE - NetActuate, Inc, US)"
mail.featurejo.ru,1,"AS12586 (ASGHOSTNET, DE)"
mail.featcore.com,1,"AS14061 (DIGITALOCEAN-ASN - DigitalOcean, LLC, US)"
mail.feck.com,1,"AS14618 (AMAZON-AES - Amazon.com, Inc., US)"
fedadvantage-com.mail.protection.outlook.com,1,"AS8075 (MICROSOFT-CORP-MSN-AS-BLOCK - Microsoft Corporation, US)"
mx.zya.me,1,"AS34119 (WILDCARD-AS Wildcard UK Limited, GB)"
mail.federalml.ru,1,"AS12586 (ASGHOSTNET, DE)"
mail.federationfmail.com,1,"AS12586 (ASGHOSTNET, DE)"
mail.federalcashagency.com,1,"AS198068 (PAGM-AS, EE)"
mx1.feeladult.com,1,"AS200107 (KL-EXT, CH)"
bound.feelingity.com,1,"AS14061 (DIGITALOCEAN-ASN - DigitalOcean, LLC, US)"
mail.fansatix.com,1,"AS47583 (AS-HOSTINGER, CY)"
mail.gwmmedia.com,1,
mail.feedback.51tiemo.com,1,"AS51167 (CONTABO, DE)"
mxa-002a2102.gslb.pphosted.com,1,"AS22843 (PROOFPOINT-ASN-US-EAST - Proofpoint, Inc., US)"
fefemail.com,1,"AS16276 (OVH, FR)"
mail.felicitoufml.com,1,"AS12586 (ASGHOSTNET, DE)"
_dc-mx.a735b1e48c44.femdom-fan.com,1,"AS204601 (PODAON, NL)"
mail.fermer1.ru,1,
mx6.fergley.com,1,
fancypolitics.com,1,"AS26496 (AS-26496-GO-DADDY-COM-LLC - GoDaddy.com, LLC, US)"
felmondas.info,1,"AS16276 (OVH, FR)"
mail.feretmail.com,1,"AS12586 (ASGHOSTNET, DE)"
mail.ferracioli.com.ar,1,"AS28009 (Davitel S.A., AR)"
fethard.net,1,"AS40092 (ONIAAS - HostPapa, US)"
mail.feroxid.com,1,"AS14061 (DIGITALOCEAN-ASN - DigitalOcean, LLC, US)"
mail.ferrimaml.ru,1,"AS12586 (ASGHOSTNET, DE)"
mail.festivaldomingosmartins.com.br,1,"AS16276 (OVH, FR)"
provisional.fgcart.com,1,"AS209847 (THE, NL)"
mail.ffkelmmail.com,1,"AS9009 (M247, RO)"
ffo-kr.mail.protection.outlook.com,1,"AS8075 (MICROSOFT-CORP-MSN-AS-BLOCK - Microsoft Corporation, US)"
fhpfhp.fr.nf,1,"AS16276 (OVH, FR)"
mailqtz491a.fiberzonewest.com,1,"AS14061 (DIGITALOCEAN-ASN - DigitalOcean, LLC, US)"
fhtworld-com.mail.protection.outlook.com,1,"AS8075 (MICROSOFT-CORP-MSN-AS-BLOCK - Microsoft Corporation, US)"
fidawines-com.mail.protection.outlook.com,1,
mail.fiberckb.com,1,"AS47583 (AS-HOSTINGER, CY)"
mail.fibulocmali.ru,1,"AS12586 (ASGHOSTNET, DE)"
fidelity-com.mail.protection.outlook.com,1,"AS8075 (MICROSOFT-CORP-MSN-AS-BLOCK - Microsoft Corporation, US)"
mx.fibram.tech.cust.a.hostedemail.com,1,
mail.fibulocalmail.com,1,"AS12586 (ASGHOSTNET, DE)"
fidelitylifeinsurance-com.mail.protection.outlook.com,1,"AS8075 (MICROSOFT-CORP-MSN-AS-BLOCK - Microsoft Corporation, US)"
fide-com.mail.protection.outlook.com,1,"AS8075 (MICROSOFT-CORP-MSN-AS-BLOCK - Microsoft Corporation, US)"
mail.fibulocalmail.ru,1,"AS12586 (ASGHOSTNET, DE)"
a590413.mx.mailhop.org,1,"AS16509 (AMAZON-02 - Amazon.com, Inc., US)"
mail.fibrinocml.ru,1,"AS12586 (ASGHOSTNET, DE)"
mx1.fibertel.com.ar,1,"AS7303 (Telecom Argentina S.A., AR)"
mta.figureance.com,1,"AS14061 (DIGITALOCEAN-ASN - DigitalOcean, LLC, US)"
_dc-mx.ad544044261e.filinocenciojr.com,1,"AS31898 (ORACLE-BMC-31898 - Oracle Corporation, US)"
mail01.film-blog.biz,1,"AS36351 (SOFTLAYER - IBM Cloud, US)"
mail.fikachovlinks.ru,1,"AS44094 (WEBHOST1-AS, RU)"
filmhouseng-com.mail.protection.outlook.com,1,"AS8075 (MICROSOFT-CORP-MSN-AS-BLOCK - Microsoft Corporation, US)"
mail.fiifke.de,1,"AS197540 (NETCUP-AS netcup GmbH, DE)"
mx.filmak.pl,1,"AS14061 (DIGITALOCEAN-ASN - DigitalOcean, LLC, US)"
_dc-mx.64ad00207b77.filmyzilla.network,1,"AS201814 (MEVSPACE, PL)"
_dc-mx.67b6ed4fbe2b.filozofija.info,1,"AS22612 (NAMECHEAP-NET - Namecheap, Inc., US)"
mail.filtrmail.com,1,"AS12586 (ASGHOSTNET, DE)"
mail.filmkachat.ru,1,"AS209641 (I-SERVERS-EAST, GB)"
mail.financas.online,1,"AS31898 (ORACLE-BMC-31898 - Oracle Corporation, US)"
mail.finansowa-strona.pl,1,"AS41079 (CF-GDA, PL)"
_dc-mx.5ba384597f8c.financeland.co.uk,1,"AS965 (WEBHOSTINGHOLDINGS - Webhosting Holdings LLC, US)"
financiallyfitandlit-com.mail.protection.outlook.com,1,"AS8075 (MICROSOFT-CORP-MSN-AS-BLOCK - Microsoft Corporation, US)"
mail.fin-assistant.ru,1,"AS35278 (SPRINTHOST, RU)"
finderskeepers-co-uk.mail.protection.outlook.com,1,"AS8075 (MICROSOFT-CORP-MSN-AS-BLOCK - Microsoft Corporation, US)"
mail.fingso.com,1,"AS14061 (DIGITALOCEAN-ASN - DigitalOcean, LLC, US)"
fincaraiztunja.com,1,"AS31898 (ORACLE-BMC-31898 - Oracle Corporation, US)"
mail.finloe.com,1,"AS14061 (DIGITALOCEAN-ASN - DigitalOcean, LLC, US)"
mail.finicfml.com,1,"AS12586 (ASGHOSTNET, DE)"
finnso-com.mail.protection.outlook.com,1,"AS8075 (MICROSOFT-CORP-MSN-AS-BLOCK - Microsoft Corporation, US)"
firbolg.com,1,
mx.fireden.net,1,"AS53356 (FREE RANGE CLOUD - Free Range Cloud Hosting Inc., CA)"
_dc-mx.b996b7ff38ca.firemail.com.br,1,"AS262954 (VirtuaServer Informatica Ltda, BR)"
mail.firepmail.com,1,"AS12586 (ASGHOSTNET, DE)"
mail.firmspp.com,1,"AS47583 (AS-HOSTINGER, CY)"
firestryke.com,1,"AS34931 (AWARESOFT, GB)"
mail.firgmail.com,1,"AS12586 (ASGHOSTNET, DE)"
mx2.finpar.ru,1,"AS50241 (UNITTEL-AS, RU)"
firstcitizenss-com.mail.protection.outlook.com,1,"AS8075 (MICROSOFT-CORP-MSN-AS-BLOCK - Microsoft Corporation, US)"
mx2.first-mail.info,1,"AS200107 (KL-EXT, CH)"
mails.firemail.biz,1,"AS24940 (HETZNER-AS, DE)"
_dc-mx.cd30e2d7bedf.firstpageranker.com,1,"AS135133 (PDPL-AS-AP PI DATA CENTERS PRIVATE LIMITED, IN)"
mail.firstaidtrainingmelbournecbd.com.au,1,"AS55803 (HOSTOPIA-AU Hostopia Australia Web Pty Ltd, AU)"
mail.firstmailler.com,1,"AS12586 (ASGHOSTNET, DE)"
firstcitizensb.com,1,"AS212531 (INTERNETO-VIZIJA, LT)"
mx.firstpuneproperties.com.cust.a.hostedemail.com,1,
server.dhondaley.com,1,"AS133296 (WEBWERKS-AS-IN Web Werks India Pvt. Ltd., IN)"
mail.firemail.de,1,"AS24940 (HETZNER-AS, DE)"
mail.firstmail.eu.org,1,"AS12586 (ASGHOSTNET, DE)"
mail.fishdating.net,1,"AS20738 (GD-EMEA-DC-LD5, GB)"
mail.firstmail.ru,1,"AS12586 (ASGHOSTNET, DE)"
mail.fitgrouptraining.com,1,"AS46606 (UNIFIEDLAYER-AS-1 - Unified Layer, US)"
fishfuse-com.mail.protection.outlook.com,1,"AS8075 (MICROSOFT-CORP-MSN-AS-BLOCK - Microsoft Corporation, US)"
fitmart-com.mail.protection.outlook.com,1,"AS8075 (MICROSOFT-CORP-MSN-AS-BLOCK - Microsoft Corporation, US)"
mail.figna.com,1,"AS398101 (GO-DADDY-COM-LLC - GoDaddy.com, LLC, US)"
mail.fivefriendsmail.com,1,"AS47583 (AS-HOSTINGER, CY)"
mx6.fitzgeraldforjudge.com,1,
fivegoodfriends-com-au.mail.protection.outlook.com,1,"AS8075 (MICROSOFT-CORP-MSN-AS-BLOCK - Microsoft Corporation, US)"
mail.figvision.io,1,"AS51167 (CONTABO, DE)"
firstemp.site,1,"AS24961 (MYLOC-AS IP Backbone of WIIT AG formerly myLoc managed IT AG, DE)"
mail.fivemails.com,1,"AS24940 (HETZNER-AS, DE)"
mail.fivermail.com,1,"AS16276 (OVH, FR)"
fixedfor.com,1,"AS47583 (AS-HOSTINGER, CY)"
mail.fhsysa.com,1,"AS24940 (HETZNER-AS, DE)"
mail.fkainc.com,1,"AS14061 (DIGITALOCEAN-ASN - DigitalOcean, LLC, US)"
mail.fjnseo.com,1,"AS31898 (ORACLE-BMC-31898 - Oracle Corporation, US)"
mx.fkksol.com,1,"AS14061 (DIGITALOCEAN-ASN - DigitalOcean, LLC, US)"
mx.flash-mail.xyz,1,"AS16509 (AMAZON-02 - Amazon.com, Inc., US)"
flaido-com.mail.protection.outlook.com,1,"AS8075 (MICROSOFT-CORP-MSN-AS-BLOCK - Microsoft Corporation, US)"
mail.fl4shmail.com,1,"AS12586 (ASGHOSTNET, DE)"
mail.flagymail.com,1,"AS12586 (ASGHOSTNET, DE)"
mail.flashmail.my,1,"AS24940 (HETZNER-AS, DE)"
fivestars-market.com,1,"AS131921 (GMOCL GMO GlobalSign Holdings K.K., JP)"
mail.flashpost.net,1,"AS212772 (ADGUARD, CY)"
qjcgacc-mail3.flavourity.com,1,"AS14061 (DIGITALOCEAN-ASN - DigitalOcean, LLC, US)"
mx6.flashgoto.com,1,
mail.flemist.com,1,"AS14061 (DIGITALOCEAN-ASN - DigitalOcean, LLC, US)"
mail.flashmail.pro,1,"AS135905 (VNPT-AS-VN VIETNAM POSTS AND TELECOMMUNICATIONS GROUP, VN)"
flightright-com.mail.protection.outlook.com,1,"AS8075 (MICROSOFT-CORP-MSN-AS-BLOCK - Microsoft Corporation, US)"
mail.flipflop.mooo.com,1,"AS8881 (VERSATEL, DE)"
mail.fiver5.ru,1,"AS44094 (WEBHOST1-AS, RU)"
c0c53c9e.21.ik2.com,1,"AS19337 (MOBIUSPARTNERS - Mobius Partners Internet, US)"
flobo.fr.nf,1,"AS16276 (OVH, FR)"
mail.florevia.cfd,1,"AS203446 (AS203446, GB)"
mail.flipz.top,1,"AS16276 (OVH, FR)"
floridakidcare-org.mail.protection.outlook.com,1,"AS8075 (MICROSOFT-CORP-MSN-AS-BLOCK - Microsoft Corporation, US)"
mail.floris.sa.com,1,"AS200303 (LUMASERV LUMASERV GmbH, DE)"
mail.floriamail.com,1,"AS12586 (ASGHOSTNET, DE)"
mail.floripfmus.ru,1,"AS12586 (ASGHOSTNET, DE)"
mail.freesea.ru,1,"AS24940 (HETZNER-AS, DE)"
mail.flsxnamed.com,1,"AS47583 (AS-HOSTINGER, CY)"
mail.florestafazadiferenca.org.br,1,"AS16276 (OVH, FR)"
mail.flutred.com,1,"AS51167 (CONTABO, DE)"
fluefix.com,1,"AS32475 (SINGLEHOP-LLC - Internap Holding LLC, US)"
mx2.flour.icu,1,"AS200107 (KL-EXT, CH)"
ffrci.com,1,"AS29802 (HVC-AS - HIVELOCITY, Inc., US)"
mail.flufimail.com,1,"AS12586 (ASGHOSTNET, DE)"
mail.flyerzwtxk.com,1,"AS47583 (AS-HOSTINGER, CY)"
flyjet.net,1,"AS22611 (INMOTION - InMotion Hosting, Inc., US)"
flyvaunt-com.mail.protection.outlook.com,1,"AS8075 (MICROSOFT-CORP-MSN-AS-BLOCK - Microsoft Corporation, US)"
mail.flyovertrees.com,1,"AS16276 (OVH, FR)"
mail.flyrine.com,1,"AS14061 (DIGITALOCEAN-ASN - DigitalOcean, LLC, US)"
mail.flyymail.com,1,"AS11878 (TZULO - tzulo, inc., US)"
mail.epicabox.com,1,"AS214996 (NETCUP, DE)"
mail.fmailler.com,1,"AS12586 (ASGHOSTNET, DE)"
mail.fmaillerbox.com,1,"AS12586 (ASGHOSTNET, DE)"
me.fmaillerbox.net,1,"AS12586 (ASGHOSTNET, DE)"
mail.fmonaghan.shop,1,"AS36352 (AS-COLOCROSSING - HostPapa, US)"
mail.fmailnex.com,1,"AS12586 (ASGHOSTNET, DE)"
mail.fmaild.com,1,"AS12586 (ASGHOSTNET, DE)"
financeideas.org,1,"AS204800 (WHG-SGP, GB)"
mx-forum.ogicom.pl,1,"AS34360 (OGICOM, PL)"
fletesya.com,1,"AS14670 (WHG-USE1, GB)"
focussocialshop.com,1,"AS20857 (TRANSIP-AS Amsterdam, the Netherlands, NL)"
foleyarmory-com.mail.protection.outlook.com,1,"AS8075 (MICROSOFT-CORP-MSN-AS-BLOCK - Microsoft Corporation, US)"
mx1.fnkewl.com,1,"AS16509 (AMAZON-02 - Amazon.com, Inc., US)"
mail.folhadobrasil.top,1,"AS16276 (OVH, FR)"
mail.folhadenoticias.top,1,"AS16276 (OVH, FR)"
mail.fonkmail.com,1,"AS12586 (ASGHOSTNET, DE)"
mail.fontaneriaenvalencia.com,1,"AS16276 (OVH, FR)"
mail.fontlooks.com,1,"AS24940 (HETZNER-AS, DE)"
mail.foobarbot.net,1,"AS24940 (HETZNER-AS, DE)"
mail.foodfarms.net,1,"AS47583 (AS-HOSTINGER, CY)"
mx.foodieinfluence.online,1,"AS20473 (AS-VULTR - The Constant Company, LLC, US)"
fizmail.com,1,"AS26042 (FIBERSTATE - FiberState, LLC, US)"
flashbox.5july.org,1,"AS8473 (BAHNHOF, SE)"
foodiesforum-com.mail.protection.outlook.com,1,"AS8075 (MICROSOFT-CORP-MSN-AS-BLOCK - Microsoft Corporation, US)"
flibu.com,1,"AS51167 (CONTABO, DE)"
in1.smtp.messagingengine.com,1,"AS151847 (FASTMAILPTYLTD-AS-AP Fastmail Pty Ltd, AU)"
flemail.ru,1,"AS9002 (RETN-AS, GB)"
footmassage-club.mail.protection.outlook.com,1,"AS8075 (MICROSOFT-CORP-MSN-AS-BLOCK - Microsoft Corporation, US)"
for4mail.com,1,"AS47583 (AS-HOSTINGER, CY)"
mail.forestemissions.org,1,"AS204601 (PODAON, NL)"
foothills-net.mx.av-mx.com,1,"AS31898 (ORACLE-BMC-31898 - Oracle Corporation, US)"
mail.forcemaiil.com,1,"AS12586 (ASGHOSTNET, DE)"
_dc-mx.64d2f619d91d.forexscalp.ru,1,"AS211381 (PODAON, LV)"
mx1.pub.mailpod12-cph3.one.com,1,"AS51468 (ONECOM, DK)"
mail.foresmail.com,1,"AS12586 (ASGHOSTNET, DE)"
mail.forisfammails.ru,1,"AS12586 (ASGHOSTNET, DE)"
mx.forextradingsystemsreviews.info,1,"AS14061 (DIGITALOCEAN-ASN - DigitalOcean, LLC, US)"
forgeglobal-com.mail.protection.outlook.com,1,"AS8075 (MICROSOFT-CORP-MSN-AS-BLOCK - Microsoft Corporation, US)"
mx.forms-checker.online,1,"AS36352 (AS-COLOCROSSING - HostPapa, US)"
mail.for-all.pl,1,"AS50599 (Autonomous System for Dataspace P.S.A., PL)"
mail.formsphk.com,1,"AS47583 (AS-HOSTINGER, CY)"
mx.formtest.guru,1,"AS36352 (AS-COLOCROSSING - HostPapa, US)"
mailgw01.host.it,1,"AS47242 (HOST-SPA, IT)"
mail.formalfmk.com,1,"AS12586 (ASGHOSTNET, DE)"
mail.formiemail.ru,1,"AS12586 (ASGHOSTNET, DE)"
forextrust.org,1,"AS24940 (HETZNER-AS, DE)"
forthepeople-com.mail.protection.outlook.com,1,"AS8075 (MICROSOFT-CORP-MSN-AS-BLOCK - Microsoft Corporation, US)"
fortect-com.mail.protection.outlook.com,1,"AS8075 (MICROSOFT-CORP-MSN-AS-BLOCK - Microsoft Corporation, US)"
mail.fortifmil.ru,1,"AS12586 (ASGHOSTNET, DE)"
fortheveteran-com.mail.protection.outlook.com,1,"AS8075 (MICROSOFT-CORP-MSN-AS-BLOCK - Microsoft Corporation, US)"
w01d447a.kasserver.com,1,"AS34788 (NMM-AS D - 02742 Friedersdorf Hauptstrasse 68, DE)"
mail.fontimail.com,1,"AS132203 (TENCENT-NET-AP-CN Tencent Building, Kejizhongyi Avenue, CN)"
foss-nl.mail.protection.outlook.com,1,"AS8075 (MICROSOFT-CORP-MSN-AS-BLOCK - Microsoft Corporation, US)"
mx.forumoxy.com,1,"AS14061 (DIGITALOCEAN-ASN - DigitalOcean, LLC, US)"
mail.fortuneteomail.com,1,"AS12586 (ASGHOSTNET, DE)"
mx1.formdmail.net,1,"AS200107 (KL-EXT, CH)"
foss-pl.mail.protection.outlook.com,1,"AS8075 (MICROSOFT-CORP-MSN-AS-BLOCK - Microsoft Corporation, US)"
mail.fossiliemail.ru,1,"AS12586 (ASGHOSTNET, DE)"
mailrelay.nova.gr,1,"AS25472 (WIND-AS, GR)"
fouristic-us.mail.protection.outlook.com,1,"AS8075 (MICROSOFT-CORP-MSN-AS-BLOCK - Microsoft Corporation, US)"
mxabjm.chinaemail.cn,1,"AS132203 (TENCENT-NET-AP-CN Tencent Building, Kejizhongyi Avenue, CN)"
foss-de.mail.protection.outlook.com,1,"AS8075 (MICROSOFT-CORP-MSN-AS-BLOCK - Microsoft Corporation, US)"
mail.fpstipscentral.xyz,1,"AS45102 (ALIBABA-CN-NET Alibaba US Technology Co., Ltd., CN)"
forumbacklinks.net,1,"AS24940 (HETZNER-AS, DE)"
mail.fpsinformer.xyz,1,"AS45102 (ALIBABA-CN-NET Alibaba US Technology Co., Ltd., CN)"
mail.fpsrealm.xyz,1,"AS45102 (ALIBABA-CN-NET Alibaba US Technology Co., Ltd., CN)"
mail.fq1my2c.com,1,"AS47583 (AS-HOSTINGER, CY)"
pixel.mxrouting.net,1,"AS46261 (QUICKPACKET - QuickPacket, LLC, US)"
mail.franksresume.com,1,"AS204601 (PODAON, NL)"
inbound.homesteadmail.com,1,"AS19871 (NETWORK-SOLUTIONS-HOSTING - Network Solutions, LLC, US)"
mx.frapmail.com,1,"AS19318 (IS-AS-1 - Interserver, Inc, US)"
mail.freadingsq.com,1,"AS47583 (AS-HOSTINGER, CY)"
mail.freans.com,1,"AS14061 (DIGITALOCEAN-ASN - DigitalOcean, LLC, US)"
mail.frednmail.com,1,"AS12586 (ASGHOSTNET, DE)"
mx.fre.fr,1,"AS35667 (XSALTO35667, FR)"
mailforward2.cloudns.net,1,"AS30633 (LEASEWEB-USA-WDC - Leaseweb USA, Inc., US)"
mail.free-temp-mail.eu.org,1,"AS22612 (NAMECHEAP-NET - Namecheap, Inc., US)"
mail.freeapi.pro.vn,1,"AS149125 (DV4S-VN 4S TECHNOLOGY TRADING SERVICES COMPANY LIMITED, VN)"
mail.freedomainn.group,1,"AS42831 (UKSERVERS-AS UK Dedicated Servers, Hosting and Co-Location, GB)"
mail.freefirstmail.xyz,1,"AS20473 (AS-VULTR - The Constant Company, LLC, US)"
mail1.freedomringspartnership.com,1,"AS6364 (ATLANTIC-NET-1 - Atlantic.net, Inc., US)"
freehotmail.net,1,"AS47583 (AS-HOSTINGER, CY)"
mail.freeindexer.com,1,"AS24940 (HETZNER-AS, DE)"
mx.freeemailservice.info,1,"AS14061 (DIGITALOCEAN-ASN - DigitalOcean, LLC, US)"
mx.freehosting2010.com,1,"AS14061 (DIGITALOCEAN-ASN - DigitalOcean, LLC, US)"
mxcorp.dca.untd.com,1,"AS13446 (AS-NETZERO - Netzero,INC., US)"
mail.freecdb.top,1,"AS15685 (CASABLANCA-AS Internet & Collocation Provider, CZ)"
mail01.freelymail.com,1,"AS36351 (SOFTLAYER - IBM Cloud, US)"
mail.luke.observer,1,"AS16276 (OVH, FR)"
ns515491.ip-192-95-29.net,1,"AS16276 (OVH, FR)"
freemail.biz.st,1,"AS16276 (OVH, FR)"
mx6.freeonlineke.com,1,
fmx.freemail.hu,1,"AS5483 (MAGYAR-TELEKOM-MAIN-AS Magyar Telekom Nyrt., HU)"
api.freeroid.com,1,"AS24940 (HETZNER-AS, DE)"
mx.freetimer.online,1,"AS16276 (OVH, FR)"
mail.freespainmail.com,1,"AS24940 (HETZNER-AS, DE)"
mail.fregmail.com,1,"AS12586 (ASGHOSTNET, DE)"
mail.freezmail.com,1,"AS12586 (ASGHOSTNET, DE)"
mail.1844web.org,1,"AS19318 (IS-AS-1 - Interserver, Inc, US)"
mx1.zoho.com,1,
formfree-com.mail.protection.outlook.com,1,"AS8075 (MICROSOFT-CORP-MSN-AS-BLOCK - Microsoft Corporation, US)"
mail.fortgamer.cc,1,"AS45102 (ALIBABA-CN-NET Alibaba US Technology Co., Ltd., CN)"
mx.fremontquote.com,1,"AS46475 (LIMESTONENETWORKS - Limestone Networks, Inc., US)"
mx1.freewebpages.bid,1,"AS200107 (KL-EXT, CH)"
mutant.cliffmail.com,1,"AS60404 (LITESERVER, NL)"
fortressfinancial-biz.mail.protection.outlook.com,1,"AS8075 (MICROSOFT-CORP-MSN-AS-BLOCK - Microsoft Corporation, US)"
fortressfinancial-co.mail.protection.outlook.com,1,"AS8075 (MICROSOFT-CORP-MSN-AS-BLOCK - Microsoft Corporation, US)"
mail.frescmail.com,1,"AS12586 (ASGHOSTNET, DE)"
frmturkiye-com.mail.protection.outlook.com,1,"AS8075 (MICROSOFT-CORP-MSN-AS-BLOCK - Microsoft Corporation, US)"
_dc-mx.708c4b7e7f7f.frm.ovh,1,"AS24940 (HETZNER-AS, DE)"
mail.fringmail.com,1,"AS12586 (ASGHOSTNET, DE)"
mail.frodmail.com,1,"AS12586 (ASGHOSTNET, DE)"
forserumsif.nu,1,"AS200719 (MISSDOMAIN, SE)"
mail.frisber.co,1,"AS212317 (HETZNER-CLOUD3-AS, DE)"
mail.frontomrsmail.ru,1,"AS12586 (ASGHOSTNET, DE)"
mail.frontomaxmails.ru,1,"AS12586 (ASGHOSTNET, DE)"
mail.frontomaxme.ru,1,"AS12586 (ASGHOSTNET, DE)"
fr.nf,1,"AS16276 (OVH, FR)"
mail.friteuse.top,1,"AS214996 (NETCUP, DE)"
mx1.frontirenet.net,1,"AS200107 (KL-EXT, CH)"
m.oneplai.com,1,"AS8560 (IONOS-AS This is the joint network for IONOS, Fasthosts, Arsys, 1&1 Mail and Media and 1&1 Telecom. Formerly known as 1&1 Internet SE., DE)"
mail.fran1st.com,1,"AS216475 (NKTELECOM, US)"
mptn01.mptn.org,1,"AS10753 (LUMEN-LEGACY-L3-CUSTOMER-SHARED-USE - Level 3 Parent, LLC, US)"
frezor.io,1,"AS199968 (IWSNET, AM)"
mail.fr33mail.info,1,"AS24940 (HETZNER-AS, DE)"
fsociety.org,1,"AS36666 (GTCOMM - GloboTech Communications, CA)"
mail.frrotk.com,1,"AS24940 (HETZNER-AS, DE)"
mail.fuckingduh.com,1,"AS14061 (DIGITALOCEAN-ASN - DigitalOcean, LLC, US)"
mx-10.us-east.atmailcloud.com,1,"AS14618 (AMAZON-AES - Amazon.com, Inc., US)"
mail.fumesmail.com,1,"AS12586 (ASGHOSTNET, DE)"
mail.fuhrenmail.com,1,"AS12586 (ASGHOSTNET, DE)"
mail.fskatt.se,1,"AS206170 (INLEED, SE)"
fun2-biz.mail.protection.outlook.com,1,"AS8075 (MICROSOFT-CORP-MSN-AS-BLOCK - Microsoft Corporation, US)"
mail.funnynona.com,1,"AS32097 (WII - WholeSale Internet, Inc., US)"
mail.funteka.com,1,"AS14061 (DIGITALOCEAN-ASN - DigitalOcean, LLC, US)"
mail.fundacaocasagrande.org.br,1,"AS16276 (OVH, FR)"
mail.funnylala.com,1,"AS32097 (WII - WholeSale Internet, Inc., US)"
mail.mailserver.hu,1,"AS5483 (MAGYAR-TELEKOM-MAIN-AS Magyar Telekom Nyrt., HU)"
furnitureliquidationconsultants-com.mail.protection.outlook.com,1,"AS8075 (MICROSOFT-CORP-MSN-AS-BLOCK - Microsoft Corporation, US)"
mx-post.furaugn.com,1,"AS14061 (DIGITALOCEAN-ASN - DigitalOcean, LLC, US)"
mx1.furnitureinfoguide.com,1,"AS200107 (KL-EXT, CH)"
mail1.funnymail.de,1,"AS24940 (HETZNER-AS, DE)"
furusato.tokyo,1,"AS131965 (XSERVER Xserver Inc., JP)"
futuremarketinsights-com.mail.protection.outlook.com,1,"AS8075 (MICROSOFT-CORP-MSN-AS-BLOCK - Microsoft Corporation, US)"
mail.futurping.com,1,"AS16276 (OVH, FR)"
ailurus.de,1,"AS6724 (STRATO STRATO AG, DE)"
mx1.futuremail.info,1,"AS200107 (KL-EXT, CH)"
fuzzy-server.com,1,"AS204800 (WHG-SGP, GB)"
buttplug.ftp.sh,1,"AS8560 (IONOS-AS This is the joint network for IONOS, Fasthosts, Arsys, 1&1 Mail and Media and 1&1 Telecom. Formerly known as 1&1 Internet SE., DE)"
mail1.bravehost.com,1,"AS174 (COGENT-174 - Cogent Communications, LLC, US)"
mail.fwfr.com,1,"AS13335 (CLOUDFLARENET - Cloudflare, Inc., US)"
pmg.fws.fr,1,"AS16276 (OVH, FR)"
mail.fwxr.com,1,"AS13335 (CLOUDFLARENET - Cloudflare, Inc., US)"
frostmail.fr.nf,1,"AS16276 (OVH, FR)"
fwcebook.com,1,"AS44273 (GODADDY-DNS, DE)"
mail.frgviana-nedv.ru,1,"AS209641 (I-SERVERS-EAST, GB)"
mx1.fxmail.ws,1,"AS200107 (KL-EXT, CH)"
mail.fxtubes.com,1,"AS14061 (DIGITALOCEAN-ASN - DigitalOcean, LLC, US)"
mail.fyronex.cfd,1,"AS203446 (AS203446, GB)"
mail.fyii.de,1,"AS8560 (IONOS-AS This is the joint network for IONOS, Fasthosts, Arsys, 1&1 Mail and Media and 1&1 Telecom. Formerly known as 1&1 Internet SE., DE)"
cwmail.conepuppy.com,1,"AS22653 (GLOBALCOMPASS - Cyber Wurx LLC, US)"
fysiowellnessvandervelde.nl,1,"AS31477 (DUOCAST-AS, NL)"
mail.fuligimails.ru,1,"AS12586 (ASGHOSTNET, DE)"
mail.fskk.pl,1,"AS50599 (Autonomous System for Dataspace P.S.A., PL)"
mail.tempmailcentral.com,1,"AS51167 (CONTABO, DE)"
mail.funadventuremail.com,1,"AS12586 (ASGHOSTNET, DE)"
mail.fullzero.com.ar,1,"AS24940 (HETZNER-AS, DE)"
g.lovepettoys.shop,1,"AS47583 (AS-HOSTINGER, CY)"
mail.funjourneymail.com,1,"AS12586 (ASGHOSTNET, DE)"
mail.g212dnk5.com,1,"AS47583 (AS-HOSTINGER, CY)"
mail.g88i.art,1,"AS22612 (NAMECHEAP-NET - Namecheap, Inc., US)"
lepus.uberspace.de,1,"AS25560 (RHTEC-AS www.rh-tec.de, DE)"
mail.galaxywave.online,1,"AS203446 (AS203446, GB)"
mail2.cali.co.uk,1,"AS8075 (MICROSOFT-CORP-MSN-AS-BLOCK - Microsoft Corporation, US)"
galco-dev.mail.protection.outlook.com,1,"AS8075 (MICROSOFT-CORP-MSN-AS-BLOCK - Microsoft Corporation, US)"
inbound-smtp.region.amazonaws.com,1,
mail.galmalary.ru,1,"AS12586 (ASGHOSTNET, DE)"
gallowaybell-com.mail.protection.outlook.com,1,"AS8075 (MICROSOFT-CORP-MSN-AS-BLOCK - Microsoft Corporation, US)"
mail.galvanomamail.ru,1,"AS12586 (ASGHOSTNET, DE)"
mail.galvanoplasmail.ru,1,"AS12586 (ASGHOSTNET, DE)"
mail.galvanrsmail.ru,1,"AS12586 (ASGHOSTNET, DE)"
galvanpro-com.mail.protection.outlook.com,1,"AS8075 (MICROSOFT-CORP-MSN-AS-BLOCK - Microsoft Corporation, US)"
mail.galvanommails.ru,1,"AS12586 (ASGHOSTNET, DE)"
mail.galvanotmail.ru,1,"AS12586 (ASGHOSTNET, DE)"
mail.gambarupdate.com,1,"AS32097 (WII - WholeSale Internet, Inc., US)"
gambling-com.mail.protection.outlook.com,1,"AS8075 (MICROSOFT-CORP-MSN-AS-BLOCK - Microsoft Corporation, US)"
mail.game-email.com,1,"AS215341 (HOST-ON Host-On Service Provider GmbH, DE)"
mail.game-db.top,1,"AS16125 (CHERRYSERVERS1-AS, LT)"
gamemail.space,1,"AS210976 (TWC-EU, KZ)"
mail.gamemaiil.com,1,"AS12586 (ASGHOSTNET, DE)"
mx.gamearea.site,1,"AS34119 (WILDCARD-AS Wildcard UK Limited, GB)"
mail.gamedaytshirt.com,1,"AS45102 (ALIBABA-CN-NET Alibaba US Technology Co., Ltd., CN)"
mxmail.gamermail.net.ua,1,"AS20473 (AS-VULTR - The Constant Company, LLC, US)"
mail.games-games.online,1,"AS965 (WEBHOSTINGHOLDINGS - Webhosting Holdings LLC, US)"
mail.gametheorylabs.com,1,"AS54641 (IMH-IAD - InMotion Hosting, Inc., US)"
mail.gamingfun.xyz,1,"AS24940 (HETZNER-AS, DE)"
mail.gamil.com,1,"AS8739 (ICDSOFT, BG)"
mail.ganglionemail.ru,1,"AS12586 (ASGHOSTNET, DE)"
mail.gangliofml.com,1,"AS12586 (ASGHOSTNET, DE)"
mail.gabox.store,1,"AS212441 (CLOUDASSETS, RU)"
mail.gabescott.co,1,"AS25532 (MASTERHOST-AS Moscow, Russia, RU)"
mail.g33k.com.ve,1,
mail.gaifx.com,1,"AS24940 (HETZNER-AS, DE)"
mail.gaeltacht.net,1,"AS31898 (ORACLE-BMC-31898 - Oracle Corporation, US)"
mail.galamail.biz,1,"AS200303 (LUMASERV LUMASERV GmbH, DE)"
gaico.com,1,"AS22611 (INMOTION - InMotion Hosting, Inc., US)"
mail.galactomail.ru,1,"AS12586 (ASGHOSTNET, DE)"
mail.gaogle.com,1,"AS400754 (GO-DADDY-COM-LLC - GoDaddy.com, LLC, US)"
esa1.hc358-86.ca.iphmx.com,1,"AS16417 (IRONPORT-SYSTEMS-INC - Cisco Systems Ironport Division, US)"
mx.ganzo-jp.com.cust.b.hostedemail.com,1,"AS32491 (TUCOWS-3 - Tucows.com Co., CA)"
mail.garbagemail.org,1,"AS21003 (GPTC-AS, LY)"
galaxim.fr.nf,1,"AS16276 (OVH, FR)"
mail.gate8.io,1,
mail.gastrodmail.ru,1,"AS12586 (ASGHOSTNET, DE)"
mail.gastropnefmk.com,1,"AS12586 (ASGHOSTNET, DE)"
gatamala-com.mail.protection.outlook.com,1,"AS8075 (MICROSOFT-CORP-MSN-AS-BLOCK - Microsoft Corporation, US)"
mail.gastroenteroli.com,1,"AS12586 (ASGHOSTNET, DE)"
mail.gastroelyt.ru,1,"AS12586 (ASGHOSTNET, DE)"
gatespassadvisors-com.mail.protection.outlook.com,1,"AS8075 (MICROSOFT-CORP-MSN-AS-BLOCK - Microsoft Corporation, US)"
gate-io.mail.protection.outlook.com,1,"AS8075 (MICROSOFT-CORP-MSN-AS-BLOCK - Microsoft Corporation, US)"
mx.galaxy.tv,1,"AS44476 (ZETTA-AS, BG)"
mail.gardel.org,1,"AS34762 (COMBELL-AS, BE)"
mail.gatewayrealestate.click,1,"AS51167 (CONTABO, DE)"
webmail-107.cafe24.com,1,"AS4766 (KIXS-AS-KR Korea Telecom, KR)"
_dc-mx.32da48dc7aab.gaziw.com,1,"AS16276 (OVH, FR)"
xaviestore.xyz,1,
mail.gcbcdiet.com,1,"AS14670 (WHG-USE1, GB)"
email.gdbdata.net,1,"AS14061 (DIGITALOCEAN-ASN - DigitalOcean, LLC, US)"
mx1.hostmailserver.com,1,"AS174 (COGENT-174 - Cogent Communications, LLC, US)"
gcmini-com.mail.protection.outlook.com,1,"AS8075 (MICROSOFT-CORP-MSN-AS-BLOCK - Microsoft Corporation, US)"
mta.gcx.pl,1,"AS24940 (HETZNER-AS, DE)"
mail.domdom.hu,1,"AS15566 (INFOTECHNA Budapest, HU)"
greenpuma7.sakura.ne.jp,1,"AS9371 (SAKURA-C SAKURA Internet Inc., JP)"
mail.gdienter.com,1,"AS47583 (AS-HOSTINGER, CY)"
mxa-003f2702.gslb.pphosted.com,1,"AS22843 (PROOFPOINT-ASN-US-EAST - Proofpoint, Inc., US)"
_dc-mx.47d4e525f5d5.geburtstagsgruesse.club,1,"AS47583 (AS-HOSTINGER, CY)"
gemini-com0e.mail.protection.outlook.com,1,"AS8075 (MICROSOFT-CORP-MSN-AS-BLOCK - Microsoft Corporation, US)"
mx2.gdemoy.site,1,"AS200107 (KL-EXT, CH)"
mail.gectommail.ru,1,"AS12586 (ASGHOSTNET, DE)"
edge.gdf.it,1,"AS30722 (VODAFONE-IT-ASN, IT)"
geeker-co.mail.protection.outlook.com,1,"AS8075 (MICROSOFT-CORP-MSN-AS-BLOCK - Microsoft Corporation, US)"
gddp2018.edu.vn,1,"AS20068 (HAWKHOST - Hawk Host Inc., CA)"
geco-com.mail.protection.outlook.com,1,"AS8075 (MICROSOFT-CORP-MSN-AS-BLOCK - Microsoft Corporation, US)"
mail.geicom.com,1,"AS46606 (UNIFIEDLAYER-AS-1 - Unified Layer, US)"
gdsland-com-au.mail.protection.outlook.com,1,"AS8075 (MICROSOFT-CORP-MSN-AS-BLOCK - Microsoft Corporation, US)"
mx.geio.com,1,"AS29873 (BIZLAND-SD - Newfold Digital, Inc., US)"
mail.gecicimail.net,1,"AS42846 (GUZELHOSTING GNET INTERNET TELEKOMUNIKASYON A.S., TR)"
mail.gelco.com,1,
mail.gelitik.in,1,"AS24940 (HETZNER-AS, DE)"
mx.gekco.com,1,"AS29873 (BIZLAND-SD - Newfold Digital, Inc., US)"
mxb-00306701.gslb.pphosted.com,1,"AS22843 (PROOFPOINT-ASN-US-EAST - Proofpoint, Inc., US)"
gemani-com.mail.protection.outlook.com,1,"AS8075 (MICROSOFT-CORP-MSN-AS-BLOCK - Microsoft Corporation, US)"
923584149.pamx1.hotmail.com,1,"AS8075 (MICROSOFT-CORP-MSN-AS-BLOCK - Microsoft Corporation, US)"
jones.geminicg.com,1,"AS16276 (OVH, FR)"
mx1.webh.email,1,"AS41508 (PL-IWACOM-AS, PL)"
mail.geleo.com,1,"AS37963 (ALIBABA-CN-NET Hangzhou Alibaba Advertising Co.,Ltd., CN)"
geminj-com.mail.protection.outlook.com,1,"AS8075 (MICROSOFT-CORP-MSN-AS-BLOCK - Microsoft Corporation, US)"
inbound.registeredsite.com,1,"AS19871 (NETWORK-SOLUTIONS-HOSTING - Network Solutions, LLC, US)"
gelarqq.com,1,"AS22612 (NAMECHEAP-NET - Namecheap, Inc., US)"
linkfirst-smtp.linkeo.org,1,"AS15557 (LDCOMNET --- I3Dnet ---, FR)"
gemlnl-com.mail.protection.outlook.com,1,"AS8075 (MICROSOFT-CORP-MSN-AS-BLOCK - Microsoft Corporation, US)"
geminiq-com.mail.protection.outlook.com,1,"AS8075 (MICROSOFT-CORP-MSN-AS-BLOCK - Microsoft Corporation, US)"
mail.gemsmail.com,1,"AS14061 (DIGITALOCEAN-ASN - DigitalOcean, LLC, US)"
gemoni.com,1,"AS40244 (TURNKEY-INTERNET - Turnkey Internet Inc., US)"
mail.gelmini.com,1,"AS5602 (AS-IRIDEOS-KP, IT)"
mail.generalimail.ru,1,"AS12586 (ASGHOSTNET, DE)"
mail.generarsmail.ru,1,"AS12586 (ASGHOSTNET, DE)"
mail48.mydevil.net,1,"AS57367 (ECO-ATMAN-PL ECO-ATMAN-, PL)"
mail.gemsgallerythailand.ru,1,"AS210079 (EUROBYTE, RU)"
genesis-digital.net,1,"AS32475 (SINGLEHOP-LLC - Internap Holding LLC, US)"
spam.generalbiol.com,1,"AS4134 (CHINANET-BACKBONE No.31,Jin-rong Street, CN)"
lionbridge-com.mail.protection.outlook.com,1,"AS8075 (MICROSOFT-CORP-MSN-AS-BLOCK - Microsoft Corporation, US)"
mail.genitemail.ru,1,"AS12586 (ASGHOSTNET, DE)"
mail.genshinzone.cc,1,"AS45102 (ALIBABA-CN-NET Alibaba US Technology Co., Ltd., CN)"
mail.genshinguide.cc,1,"AS45102 (ALIBABA-CN-NET Alibaba US Technology Co., Ltd., CN)"
mail.genshinplus.cc,1,"AS45102 (ALIBABA-CN-NET Alibaba US Technology Co., Ltd., CN)"
mail.genshinfans.cc,1,"AS45102 (ALIBABA-CN-NET Alibaba US Technology Co., Ltd., CN)"
mail.genshinbox.cc,1,"AS45102 (ALIBABA-CN-NET Alibaba US Technology Co., Ltd., CN)"
mx01.genetiklab.com,1,"AS51557 (TR-ISIMTESCIL-20201202, TR)"
genspark-ai.mail.protection.outlook.com,1,"AS8075 (MICROSOFT-CORP-MSN-AS-BLOCK - Microsoft Corporation, US)"
_dc-mx.76776b8f6eb3.genzotp.com,1,"AS24940 (HETZNER-AS, DE)"
mxa-00173101.gslb.pphosted.com,1,"AS52129 (PROOFPOINT-ASN-EU, US)"
mail.geochmails.ru,1,"AS12586 (ASGHOSTNET, DE)"
mail.geobotamail.com,1,"AS12586 (ASGHOSTNET, DE)"
mail.geochronmail.com,1,"AS12586 (ASGHOSTNET, DE)"
mail.geochronomfri.com,1,"AS12586 (ASGHOSTNET, DE)"
mail.geograpmail.ru,1,"AS12586 (ASGHOSTNET, DE)"
mail.geodemil.ru,1,"AS12586 (ASGHOSTNET, DE)"
mx1.genvia01.com,1,"AS200107 (KL-EXT, CH)"
mail.geometmail.ru,1,"AS12586 (ASGHOSTNET, DE)"
mail.geomorpmail.ru,1,"AS12586 (ASGHOSTNET, DE)"
mx.georgehood.com,1,"AS29873 (BIZLAND-SD - Newfold Digital, Inc., US)"
mail.geopolmail.ru,1,"AS12586 (ASGHOSTNET, DE)"
mail.geomemail.ru,1,"AS12586 (ASGHOSTNET, DE)"
mail.geographiruby.ru,1,"AS12586 (ASGHOSTNET, DE)"
mail.geomorp.ru,1,"AS12586 (ASGHOSTNET, DE)"
mx01.cbsolt.net,1,"AS21056 (ASN-WELCOMEITALIA, IT)"
geoteknica-com.mail.protection.outlook.com,1,"AS8075 (MICROSOFT-CORP-MSN-AS-BLOCK - Microsoft Corporation, US)"
mail.geomorphmail.ru,1,"AS12586 (ASGHOSTNET, DE)"
geoinsights360.shop,1,"AS136246 (TOMATTOSTL-AS-AP Tomattos Technologies Ltd., BD)"
germanozd.com,1,"AS47583 (AS-HOSTINGER, CY)"
mx.germanmails.biz,1,"AS14061 (DIGITALOCEAN-ASN - DigitalOcean, LLC, US)"
mail.gesticulfml.ru,1,"AS12586 (ASGHOSTNET, DE)"
mx2.get-more-leads-now.com,1,"AS200107 (KL-EXT, CH)"
mail.getairmail.com,1,"AS16276 (OVH, FR)"
mail.gastroduodemail.ru,1,"AS12586 (ASGHOSTNET, DE)"
mail.getburner.email,1,"AS63949 (AKAMAI-LINODE-AP Akamai Connected Cloud, SG)"
malibuzz.gaynewworkforce.com,1,"AS51167 (CONTABO, DE)"
mail.getanswer.gettravellersrest.click,1,"AS51167 (CONTABO, DE)"
mxa-0049a501.gslb.pphosted.com,1,"AS22843 (PROOFPOINT-ASN-US-EAST - Proofpoint, Inc., US)"
getemails.uk,1,"AS49467 (EUROTA-ASN EUROTA INTERNET SERVICES LTD, TR)"
mail.getnada.com,1,"AS16276 (OVH, FR)"
getours-com-au.mail.protection.outlook.com,1,"AS8075 (MICROSOFT-CORP-MSN-AS-BLOCK - Microsoft Corporation, US)"
getimel.com,1,"AS47583 (AS-HOSTINGER, CY)"
mail.gettempmail.com,1,"AS48282 (VDSINA-AS, RU)"
mail.getmule.com,1,"AS16276 (OVH, FR)"
mail.gettravellersrest.click,1,"AS51167 (CONTABO, DE)"
mail.geeco.com,1,"AS22611 (INMOTION - InMotion Hosting, Inc., US)"
mail.getmails.eu,1,"AS24940 (HETZNER-AS, DE)"
getwellsoon-co-uk.mail.protection.outlook.com,1,"AS8075 (MICROSOFT-CORP-MSN-AS-BLOCK - Microsoft Corporation, US)"
mail.geumatophobia.com,1,"AS12586 (ASGHOSTNET, DE)"
gfbysaints.com,1,"AS47583 (AS-HOSTINGER, CY)"
mail.getwisetransfer.click,1,"AS51167 (CONTABO, DE)"
mx.gfgfgf.org,1,"AS14061 (DIGITALOCEAN-ASN - DigitalOcean, LLC, US)"
mail.getyourmojo.co,1,"AS51167 (CONTABO, DE)"
dedi8411.your-server.de,1,"AS24940 (HETZNER-AS, DE)"
mx0.gemsofaspen.com,1,"AS16276 (OVH, FR)"
my-mx.email-protect.gosecure.net,1,"AS29909 (METROOPTIC - Metro Optic, CA)"
geldwaschmaschine.de,1,"AS51191 (XIRRA, DE)"
mail.genderuzsk.com,1,"AS47583 (AS-HOSTINGER, CY)"
feedback-smtp.eu-west-1.amazonses.com,1,"AS16509 (AMAZON-02 - Amazon.com, Inc., US)"
gfree.fr,1,"AS16276 (OVH, FR)"
mail.generalml.ru,1,"AS12586 (ASGHOSTNET, DE)"
mail.generalizmail.com,1,"AS12586 (ASGHOSTNET, DE)"
mail.gemail.ru,1,"AS197695 (AS-REG, RU)"
mail.ggezmail.com,1,"AS12586 (ASGHOSTNET, DE)"
gemini4.com,1,"AS201200 (SUPERHOSTING_AS, BG)"
w017995f.kasserver.com,1,"AS34788 (NMM-AS D - 02742 Friedersdorf Hauptstrasse 68, DE)"
mail.ghanalandbank.com,1,"AS63949 (AKAMAI-LINODE-AP Akamai Connected Cloud, SG)"
mail.ggvgmail.com,1,"AS12586 (ASGHOSTNET, DE)"
ggmail.biz.st,1,"AS16276 (OVH, FR)"
mail.ghostbin.cfd,1,"AS24940 (HETZNER-AS, DE)"
mail.ghymail.com,1,"AS14061 (DIGITALOCEAN-ASN - DigitalOcean, LLC, US)"
gide-com.mail.protection.outlook.com,1,"AS8075 (MICROSOFT-CORP-MSN-AS-BLOCK - Microsoft Corporation, US)"
mail.giantmaiil.com,1,"AS12586 (ASGHOSTNET, DE)"
ghad.net,1,"AS398395 (LEVELONESERVERS - PureVoltage Hosting Inc., US)"
mail.gidrantmail.com,1,"AS12586 (ASGHOSTNET, DE)"
_dc-mx.44a5909276f2.gicik.net,1,"AS200223 (ETHERON, NL)"
gifto12.com,1,"AS47583 (AS-HOSTINGER, CY)"
giftya-com.mail.protection.outlook.com,1,"AS8075 (MICROSOFT-CORP-MSN-AS-BLOCK - Microsoft Corporation, US)"
gijode.click,1,"AS20068 (HAWKHOST - Hawk Host Inc., CA)"
mail.gifuniverse.com,1,"AS14061 (DIGITALOCEAN-ASN - DigitalOcean, LLC, US)"
gighub-com.mail.protection.outlook.com,1,"AS8075 (MICROSOFT-CORP-MSN-AS-BLOCK - Microsoft Corporation, US)"
mail.gimpmail.com,1,"AS16276 (OVH, FR)"
mail.ginzi.be,1,"AS8075 (MICROSOFT-CORP-MSN-AS-BLOCK - Microsoft Corporation, US)"
mail.ghostmail.net,1,"AS47217 (PLANETEL-SPA, IT)"
mail.gikmail.com,1,"AS42889 (METAVIRA-AS, RU)"
gimuemoa.fr.nf,1,"AS16276 (OVH, FR)"
mail.giphub.com,1,"AS10066 (GAYANET-AS-KR LG HelloVision Corp., KR)"
mail.ghizzonimoto.com,1,
githqb.com,1,"AS63949 (AKAMAI-LINODE-AP Akamai Connected Cloud, SG)"
gite-io.mail.protection.outlook.com,1,"AS8075 (MICROSOFT-CORP-MSN-AS-BLOCK - Microsoft Corporation, US)"
giovana.org,1,"AS264254 (AZAN SERVICOS DE INTERNET, BR)"
girlstalkplay.com,1,"AS6364 (ATLANTIC-NET-1 - Atlantic.net, Inc., US)"
ghehop.com,1,"AS45538 (ODSJSC-AS-VN ODS Joint Stock Company, VN)"
mx7.gitihub.com,1,"AS27257 (WEBAIR-INTERNET - Webair Internet Development Company Inc., US)"
giti-com.mail.protection.outlook.com,1,"AS8075 (MICROSOFT-CORP-MSN-AS-BLOCK - Microsoft Corporation, US)"
mail.givememail.club,1,"AS14061 (DIGITALOCEAN-ASN - DigitalOcean, LLC, US)"
mail.givmail.com,1,"AS16276 (OVH, FR)"
ggmail.website,1,"AS49981 (WORLDSTREAM, NL)"
getsomail.com,1,"AS14670 (WHG-USE1, GB)"
gharda-com.mail.protection.outlook.com,1,"AS8075 (MICROSOFT-CORP-MSN-AS-BLOCK - Microsoft Corporation, US)"
mail.metro2000.net,1,"AS10367 (FIBERCAST - Fibercast Corporation, US)"
mx7.girhub.com,1,"AS27257 (WEBAIR-INTERNET - Webair Internet Development Company Inc., US)"
mx.giochi0.it,1,"AS14061 (DIGITALOCEAN-ASN - DigitalOcean, LLC, US)"
mail.itinefmk.com,1,"AS12586 (ASGHOSTNET, DE)"
mail.itmail.site,1,"AS12714 (MEGAFON-AS Moscow, Russia, RU)"
mail.itgracevvx.com,1,"AS47583 (AS-HOSTINGER, CY)"
itmo.edu.pl,1,"AS20068 (HAWKHOST - Hawk Host Inc., CA)"
itx-com.mail.protection.outlook.com,1,"AS8075 (MICROSOFT-CORP-MSN-AS-BLOCK - Microsoft Corporation, US)"
iu1-org.mail.protection.outlook.com,1,"AS8075 (MICROSOFT-CORP-MSN-AS-BLOCK - Microsoft Corporation, US)"
itsupporthq.com,1,"AS24940 (HETZNER-AS, DE)"
mail.itinermals.ru,1,"AS12586 (ASGHOSTNET, DE)"
iveszics-com.mail.protection.outlook.com,1,"AS8075 (MICROSOFT-CORP-MSN-AS-BLOCK - Microsoft Corporation, US)"
mail.ivomail.com,1,"AS26554 (US-SIGNAL - US Signal Company, L.L.C., US)"
mail.iwatermail.com,1,"AS63949 (AKAMAI-LINODE-AP Akamai Connected Cloud, SG)"
mail.iwristlu.com,1,"AS47583 (AS-HOSTINGER, CY)"
mail.iwinedu.com,1,"AS3842 (RAMNODE - InMotion Hosting, Inc., US)"
mail.itnewsflash.com,1,"AS51167 (CONTABO, DE)"
mail.ixhale.com,1,"AS14061 (DIGITALOCEAN-ASN - DigitalOcean, LLC, US)"
izemail-com.mail.protection.outlook.com,1,
mail.itsme.edu.pl,1,"AS16276 (OVH, FR)"
webmail.iysqv.com,1,"AS16276 (OVH, FR)"
_dc-mx.26d016b96925.izomail.online,1,"AS16276 (OVH, FR)"
_dc-mx.fdda682dced9.j3j.org,1,"AS14061 (DIGITALOCEAN-ASN - DigitalOcean, LLC, US)"
_dc-mx.121dfa154fde.j12345.ru,1,"AS58061 (SCALAXY-AS, LV)"
disposable.aq.si,1,"AS8075 (MICROSOFT-CORP-MSN-AS-BLOCK - Microsoft Corporation, US)"
1-grid-mx04.co.za,1,
a075814.mx.mailhop.org,1,"AS16509 (AMAZON-02 - Amazon.com, Inc., US)"
jackson-com.mail.protection.outlook.com,1,"AS8075 (MICROSOFT-CORP-MSN-AS-BLOCK - Microsoft Corporation, US)"
iya.fr.nf,1,"AS16276 (OVH, FR)"
a575967.mx.mailhop.org,1,"AS16509 (AMAZON-02 - Amazon.com, Inc., US)"
mailbt.jackymail.top,1,"AS3214 (XTOM xTom GmbH, DE)"
mail.iwantto.be,1,"AS210403 (LWS, FR)"
_dc-mx.efb4a79f079f.jak-zaoszczedzic.pl,1,"AS47544 (IQPL-AS, PL)"
mx1.pub.mailpod5-cph3.one.com,1,"AS51468 (ONECOM, DK)"
jakarta.io.vn,1,"AS149125 (DV4S-VN 4S TECHNOLOGY TRADING SERVICES COMPANY LIMITED, VN)"
jamtogel.org,1,"AS22612 (NAMECHEAP-NET - Namecheap, Inc., US)"
mail.jam.earnlivez.net,1,"AS24940 (HETZNER-AS, DE)"
mail.jaguare.ru,1,"AS210079 (EUROBYTE, RU)"
poczta.jaki-kredyt-wybrac.pl,1,"AS31242 (TKPSA-AS, PL)"
mx6.janewsonline.com,1,
mx1.niagahoster.co.id,1,
smtp-fwd.wordpress.com,1,"AS2635 (AUTOMATTIC - Automattic, Inc, US)"
mail.japnc.com,1,"AS14061 (DIGITALOCEAN-ASN - DigitalOcean, LLC, US)"
jasawebsitepremium.com,1,"AS138115 (IDNIC-DENEVA-AS-ID PT Deneva, ID)"
mail.japandmail.com,1,"AS12586 (ASGHOSTNET, DE)"
japanawesome.com,1,"AS131965 (XSERVER Xserver Inc., JP)"
javaemail.com,1,"AS47583 (AS-HOSTINGER, CY)"
mail.javindra.cfd,1,"AS203446 (AS203446, GB)"
_dc-mx.7234997a2444.jaysclay.org,1,"AS22612 (NAMECHEAP-NET - Namecheap, Inc., US)"
mail.jazzvip.site,1,"AS40021 (CONTABO-40021 - Contabo Inc., US)"
jayjessup.com,1,"AS16276 (OVH, FR)"
jbnote.com,1,"AS47583 (AS-HOSTINGER, CY)"
jayapoker99.net,1,"AS22612 (NAMECHEAP-NET - Namecheap, Inc., US)"
jayabet188.net,1,"AS22612 (NAMECHEAP-NET - Namecheap, Inc., US)"
mx1.mtaroutes.com,1,"AS16633 (I-3 - N-able Technologies, Inc., US)"
mail.jcausedm.com,1,"AS47583 (AS-HOSTINGER, CY)"
mail.jddrew.com,1,"AS18779 (EGIHOSTING - EGIHosting, US)"
je-storemedia.my.id,1,"AS139989 (IDNIC-ATHAMEDIANET-AS-ID CV Atha Media Prima, ID)"
java-trade.ru,1,"AS49981 (WORLDSTREAM, NL)"
jeff-ml.mail.protection.outlook.com,1,"AS8075 (MICROSOFT-CORP-MSN-AS-BLOCK - Microsoft Corporation, US)"
jasdor.web.id,1,"AS58487 (CRI-AS-AP CV. Rumahweb Indonesia, ID)"
jasabacklinkpbn.co.id,1,"AS136170 (EXBCOID-AS-AP PT. EXABYTES NETWORK INDONESIA, ID)"
jeddahtravels.com,1,"AS33182 (DIMENOC - HostDime.com, Inc., US)"
jeffvuk-com.mail.protection.outlook.com,1,"AS8075 (MICROSOFT-CORP-MSN-AS-BLOCK - Microsoft Corporation, US)"
mail.jeffersofmals.com,1,"AS12586 (ASGHOSTNET, DE)"
trendmail01.denso-ts.it,1,"AS51964 (ORANGE-BUSINESS-SERVICES-IPSN-ASN, US)"
mail.jescanned.com,1,"AS47583 (AS-HOSTINGER, CY)"
mail.jeremfml.com,1,"AS12586 (ASGHOSTNET, DE)"
mx6.jerseymallusa.com,1,
mail.gridhost.com,1,"AS46261 (QUICKPACKET - QuickPacket, LLC, US)"
mxb-00198c03.gslb.pphosted.com,1,"AS26211 (PROOFPOINT-ASN-US-WEST - Proofpoint, Inc., US)"
mail.jeta.com,1,"AS19318 (IS-AS-1 - Interserver, Inc, US)"
mail.jetsay.com,1,"AS14061 (DIGITALOCEAN-ASN - DigitalOcean, LLC, US)"
mailgateway.openema.net,1,"AS12876 (Online SAS, FR)"
mail.jengo.com,1,"AS21069 (ASN-METANET Routingpeering issues: noc@metanet.ch, CH)"
mail.jetable.pp.ua,1,
mail.solifon.com,1,"AS3842 (RAMNODE - InMotion Hosting, Inc., US)"
mail.jbauto.ru,1,"AS49505 (SELECTEL, RU)"
mail.gueret.fr,1,"AS5410 (BOUYGTEL-ISP, FR)"
mgw1.mx.zaq.ne.jp,1,"AS2516 (KDDI KDDI CORPORATION, JP)"
jhuf-net.mail.protection.outlook.com,1,
mxa-003db102.gslb.pphosted.com,1,"AS26211 (PROOFPOINT-ASN-US-WEST - Proofpoint, Inc., US)"
mxext-a.dnet.net.id,1,"AS9794 (DNET-ID-AP PT. Core Mediatech D-NET, ID)"
mx.jfxklwyj.shop,1,"AS31034 (ARUBA-ASN, IT)"
mail01.jeffersonbox.com,1,"AS36351 (SOFTLAYER - IBM Cloud, US)"
jetable.fr.nf,1,"AS16276 (OVH, FR)"
mail0001.jhotmail.co.uk,1,"AS24940 (HETZNER-AS, DE)"
mail.jincer.com,1,"AS14061 (DIGITALOCEAN-ASN - DigitalOcean, LLC, US)"
mail.jimong.com,1,"AS47583 (AS-HOSTINGER, CY)"
mail.jamtogel.store,1,"AS19871 (NETWORK-SOLUTIONS-HOSTING - Network Solutions, LLC, US)"
mail.jitsu.my,1,"AS44486 (SYNLINQ synlinq.de, DE)"
mail.jioso.com,1,"AS63949 (AKAMAI-LINODE-AP Akamai Connected Cloud, SG)"
_dc-mx.4e2c27b0ba7e.jiwatoto.org,1,"AS57344 (TELEHOUSE-AS, BG)"
mail.jir.su,1,"AS29182 (RU-JSCIOT, RU)"
_dc-mx.1d639b41989e.jjnan.com,1,"AS35916 (MULTA-ASN1 - MULTACOM CORPORATION, US)"
_dc-mx.1cda1aa6ab1b.jjk.app,1,"AS4766 (KIXS-AS-KR Korea Telecom, KR)"
mta.nshk.net,1,"AS58779 (I4HKLIMITED-AS i4HK Limited, HK)"
jinva.fr.nf,1,"AS16276 (OVH, FR)"
jkmechanical-com.mail.protection.outlook.com,1,"AS8075 (MICROSOFT-CORP-MSN-AS-BLOCK - Microsoft Corporation, US)"
jmac-com0e.mail.protection.outlook.com,1,"AS8075 (MICROSOFT-CORP-MSN-AS-BLOCK - Microsoft Corporation, US)"
mail.jmalaysiaqc.com,1,"AS47583 (AS-HOSTINGER, CY)"
jmjhomeservices-com.mail.protection.outlook.com,1,"AS8075 (MICROSOFT-CORP-MSN-AS-BLOCK - Microsoft Corporation, US)"
mail.jmailservice.com,1,"AS398101 (GO-DADDY-COM-LLC - GoDaddy.com, LLC, US)"
mail.jmvoice.com,1,"AS14061 (DIGITALOCEAN-ASN - DigitalOcean, LLC, US)"
jmsalarm-dk.mail.protection.outlook.com,1,"AS8075 (MICROSOFT-CORP-MSN-AS-BLOCK - Microsoft Corporation, US)"
jmail.fr.nf,1,"AS16276 (OVH, FR)"
jo-mail.com,1,"AS47583 (AS-HOSTINGER, CY)"
jnswritesy.com,1,"AS47583 (AS-HOSTINGER, CY)"
mail.jocdk.com,1,"AS40021 (CONTABO-40021 - Contabo Inc., US)"
mxny1.fogcreek.com,1,
jobs-readysethire-com.mail.protection.outlook.com,1,"AS8075 (MICROSOFT-CORP-MSN-AS-BLOCK - Microsoft Corporation, US)"
mx.joggingplouguerneau.org,1,"AS51167 (CONTABO, DE)"
jockeyplaza-com-pe.mail.protection.outlook.com,1,"AS8075 (MICROSOFT-CORP-MSN-AS-BLOCK - Microsoft Corporation, US)"
mail.jockeyses.ru,1,"AS12586 (ASGHOSTNET, DE)"
mail1016.onamae.ne.jp,1,"AS58791 (GMOOSK-NET GMO Internet Group, Inc., JP)"
mail.joetestalot.com,1,"AS31898 (ORACLE-BMC-31898 - Oracle Corporation, US)"
mail.johnmy.com,1,"AS138995 (ANTBOX1-AS-AP Antbox Networks Limited, HK)"
mx.jonathanherbert.com.cust.b.hostedemail.com,1,"AS32491 (TUCOWS-3 - Tucows.com Co., CA)"
jonathanyeosg.com,1,"AS22611 (INMOTION - InMotion Hosting, Inc., US)"
mail.joliekemulder.nl,1,"AS1101 (IP-EEND-AS IP-EEND BV, NL)"
mx2.jojamail.com,1,"AS200107 (KL-EXT, CH)"
joker87.net,1,"AS212238 (CDNEXT, GB)"
mail.joliejoie.com,1,
mail.jordanambrosia.com,1,"AS16509 (AMAZON-02 - Amazon.com, Inc., US)"
josh4jersey-com.mail.protection.outlook.com,1,"AS8075 (MICROSOFT-CORP-MSN-AS-BLOCK - Microsoft Corporation, US)"
josubby.me,1,"AS16276 (OVH, FR)"
mail.journaliemail.ru,1,"AS12586 (ASGHOSTNET, DE)"
mx6.journalistuk.com,1,
jphold-com.mail.protection.outlook.com,1,"AS8075 (MICROSOFT-CORP-MSN-AS-BLOCK - Microsoft Corporation, US)"
jpmarkets-co-za.mail.protection.outlook.com,1,"AS8075 (MICROSOFT-CORP-MSN-AS-BLOCK - Microsoft Corporation, US)"
mail.jordansneaker.ru,1,"AS16276 (OVH, FR)"
mail.jpbit.com,1,"AS8560 (IONOS-AS This is the joint network for IONOS, Fasthosts, Arsys, 1&1 Mail and Media and 1&1 Telecom. Formerly known as 1&1 Internet SE., DE)"
mail.jornaldoestado.top,1,"AS16276 (OVH, FR)"
mail.jornaldeagora.top,1,"AS16276 (OVH, FR)"
mail.jpg-egypt.com,1,"AS31898 (ORACLE-BMC-31898 - Oracle Corporation, US)"
josubby.it,1,"AS16276 (OVH, FR)"
mail.jornaldamaia.pt,1,"AS2860 (NOS_COMUNICACOES, PT)"
mail.jordanair.ru,1,"AS57494 (ADMAN-AS, RU)"
mail.halionex.cfd,1,"AS203446 (AS203446, GB)"
haltongp-nhs-uk.mail.protection.outlook.com,1,"AS8075 (MICROSOFT-CORP-MSN-AS-BLOCK - Microsoft Corporation, US)"
mail.hallucinatmil.ru,1,"AS12586 (ASGHOSTNET, DE)"
mx.pbis.nifty.com,1,"AS2516 (KDDI KDDI CORPORATION, JP)"
jrwbuilders-net.mail.protection.outlook.com,1,"AS8075 (MICROSOFT-CORP-MSN-AS-BLOCK - Microsoft Corporation, US)"
jilet.net,1,"AS42846 (GUZELHOSTING GNET INTERNET TELEKOMUNIKASYON A.S., TR)"
mail.hamamelix.com,1,"AS12586 (ASGHOSTNET, DE)"
mail.jsrsolutions.com,1,"AS46606 (UNIFIEDLAYER-AS-1 - Unified Layer, US)"
mail.hamiltkl.ru,1,"AS12586 (ASGHOSTNET, DE)"
lucy.mxrouting.net,1,"AS24940 (HETZNER-AS, DE)"
handrfabrics-com.mail.protection.outlook.com,1,"AS8075 (MICROSOFT-CORP-MSN-AS-BLOCK - Microsoft Corporation, US)"
mail.handrik.com,1,"AS14061 (DIGITALOCEAN-ASN - DigitalOcean, LLC, US)"
mail.jtempmail.com,1,"AS24940 (HETZNER-AS, DE)"
mail.jmail.ro,1,"AS16276 (OVH, FR)"
mail.js11.top,1,"AS16276 (OVH, FR)"
hz2.altospam.com,1,"AS24679 (SSERV-AS, DE)"
mx2.handbega.xyz,1,"AS200107 (KL-EXT, CH)"
jsmail.biz.st,1,"AS16276 (OVH, FR)"
juarabola.site,1,"AS394380 (LEASEWEB-USA-DAL - Leaseweb USA, Inc., US)"
jucoin-com.mail.protection.outlook.com,1,"AS8075 (MICROSOFT-CORP-MSN-AS-BLOCK - Microsoft Corporation, US)"
a249901.mx.mailhop.org,1,"AS16509 (AMAZON-02 - Amazon.com, Inc., US)"
mx.hannahouse.co.cust.b.hostedemail.com,1,"AS32491 (TUCOWS-3 - Tucows.com Co., CA)"
jualfoodtruck.com,1,"AS140389 (IDNIC-DBIZ-AS-ID PT Dewa Bisnis Digital, ID)"
mail.hanymail.com,1,"AS12586 (ASGHOSTNET, DE)"
mx.jeffersonandassociates.com,1,
mail.jugarmail.com,1,"AS12586 (ASGHOSTNET, DE)"
mail.haostuni.com,1,"AS27823 (Dattatec.com, AR)"
mail.jukeiot.xyz,1,"AS40021 (CONTABO-40021 - Contabo Inc., US)"
happedmail.com,1,"AS213702 (QWINS-LTD QWINS AS-SET: ~ # AS213702:AS-CUSTOMERS, GB)"
mail.jujucrafts.com,1,"AS197540 (NETCUP-AS netcup GmbH, DE)"
_dc-mx.d1419515b31b.happy-talking.org,1,"AS51167 (CONTABO, DE)"
mail.happycloudmail.com,1,"AS12586 (ASGHOSTNET, DE)"
mail.hanul.com,1,"AS55615 (DUZONBIZON-AS-KR DOUZONEBIZON, KR)"
mx1.julymovo.com,1,"AS200107 (KL-EXT, CH)"
mx6.jumpman23-shop.com,1,
gw5202.fortimail.com,1,"AS40934 (FORTINET - Fortinet Inc., US)"
mx1.jumbox.site,1,"AS200107 (KL-EXT, CH)"
mx0.ik2.com,1,"AS20454 (SSASN2 - SECURED SERVERS LLC, US)"
mail.harakirimail.com,1,"AS14061 (DIGITALOCEAN-ASN - DigitalOcean, LLC, US)"
mail.jump-communication.com,1,"AS197922 (TECHCREA-SOLUTIONS, FR)"
hardassetalliance-com.mail.protection.outlook.com,1,"AS8075 (MICROSOFT-CORP-MSN-AS-BLOCK - Microsoft Corporation, US)"
junes.space,1,"AS58487 (CRI-AS-AP CV. Rumahweb Indonesia, ID)"
mail.jungermannmail.ru,1,"AS12586 (ASGHOSTNET, DE)"
mail.hardenabmail.ru,1,"AS12586 (ASGHOSTNET, DE)"
mail.jungledmail.com,1,"AS12586 (ASGHOSTNET, DE)"
mail.joy-sharks.ru,1,"AS204601 (PODAON, NL)"
hardwaretech-info.mail.protection.outlook.com,1,"AS8075 (MICROSOFT-CORP-MSN-AS-BLOCK - Microsoft Corporation, US)"
grego.hardonline.com.br,1,"AS28229 (HARDONLINE LTDA, BR)"
mail.haribu.com,1,"AS63949 (AKAMAI-LINODE-AP Akamai Connected Cloud, SG)"
juoksutek.com,1,"AS54641 (IMH-IAD - InMotion Hosting, Inc., US)"
harlock-net.mail.protection.outlook.com,1,"AS8075 (MICROSOFT-CORP-MSN-AS-BLOCK - Microsoft Corporation, US)"
bnxarte02.juormer.com,1,"AS14061 (DIGITALOCEAN-ASN - DigitalOcean, LLC, US)"
jupix.sytes.net,1,"AS25255 (H3G-AUSTRIA-AS TELE2 AUSTRIA , AT)"
_dc-mx.5b158ef3b37f.jupiterblock.com,1,"AS33387 (NOCIX - Nocix, LLC, US)"
mail.just-games.ru,1,"AS62082 (HOSTLAND, RU)"
justanswer-com.mail.protection.outlook.com,1,"AS8075 (MICROSOFT-CORP-MSN-AS-BLOCK - Microsoft Corporation, US)"
v080082.kasserver.com,1,"AS34788 (NMM-AS D - 02742 Friedersdorf Hauptstrasse 68, DE)"
_dc-mx.011e84a81afb.justatemp.com,1,"AS51167 (CONTABO, DE)"
mx1.flockmail.com,1,"AS14618 (AMAZON-AES - Amazon.com, Inc., US)"
mail.justasalud.com,1,"AS27823 (Dattatec.com, AR)"
mx1.justbigbox.com,1,"AS200107 (KL-EXT, CH)"
jsmail.fr.nf,1,
mail.justiciabfml.com,1,"AS12586 (ASGHOSTNET, DE)"
mail.justicmalu.ru,1,"AS12586 (ASGHOSTNET, DE)"
vps.justrom.org,1,"AS207252 (REALTOX-MEDIA, DE)"
mail.justsend.online,1,"AS37611 (AFRIHOST-SP, ZA)"
_dc-mx.ecd6389b8a7a.hashtagblock.com,1,"AS33387 (NOCIX - Nocix, LLC, US)"
_dc-mx.42bbd2a3d14f.hashtagtesla.com,1,"AS33387 (NOCIX - Nocix, LLC, US)"
mail.hassandesigns.top,1,"AS24940 (HETZNER-AS, DE)"
jwcemail-com.mail.protection.outlook.com,1,"AS8075 (MICROSOFT-CORP-MSN-AS-BLOCK - Microsoft Corporation, US)"
mail.jwk4227ufn.com,1,"AS47583 (AS-HOSTINGER, CY)"
mx.hatmail.store,1,"AS24940 (HETZNER-AS, DE)"
mail.jwork.ru,1,"AS44923 (AIRNET, RU)"
mx.hats-wholesaler.com,1,"AS14061 (DIGITALOCEAN-ASN - DigitalOcean, LLC, US)"
mail.harpaxomail.ru,1,"AS12586 (ASGHOSTNET, DE)"
jusaa.com,1,"AS4713 (OCN NTT DOCOMO BUSINESS,Inc., JP)"
haveanotion-com.mail.protection.outlook.com,1,"AS8075 (MICROSOFT-CORP-MSN-AS-BLOCK - Microsoft Corporation, US)"
mail.just9ja.com,1,"AS22612 (NAMECHEAP-NET - Namecheap, Inc., US)"
mail.hardingpost.com,1,"AS14061 (DIGITALOCEAN-ASN - DigitalOcean, LLC, US)"
malibuzz.havilahdefilippis.com,1,"AS51167 (CONTABO, DE)"
mail.jxpomup.com,1,"AS37963 (ALIBABA-CN-NET Hangzhou Alibaba Advertising Co.,Ltd., CN)"
haw88.com,1,"AS214036 (ULTAHOST-AS, US)"
proxy.k-net.online,1,"AS35592 (COOLHOUSING-AS Vinohradska 190, CZ)"
hatmail.ir,1,"AS212025 (CUKMAN-AS, HR)"
mx.hawkeyestate.com.cust.hostedemail.com,1,"AS15348 (TUCOWS - Tucows.com Co., CA)"
mail.stable.jupbit.com,1,
hazecobill.com,1,"AS51167 (CONTABO, DE)"
hbm-com.mail.protection.outlook.com,1,"AS8075 (MICROSOFT-CORP-MSN-AS-BLOCK - Microsoft Corporation, US)"
hazirtestler.com,1,"AS24940 (HETZNER-AS, DE)"
hburgchc-org.mail.protection.outlook.com,1,"AS8075 (MICROSOFT-CORP-MSN-AS-BLOCK - Microsoft Corporation, US)"
smtp.faisco.cn,1,"AS58466 (CT-GUANGZHOU-IDC CHINANET Guangdong province network, CN)"
mail.hbtchmail.com,1,"AS12586 (ASGHOSTNET, DE)"
mail.pulseinbox.space,1,"AS24940 (HETZNER-AS, DE)"
harpercollins.com,1,"AS13335 (CLOUDFLARENET - Cloudflare, Inc., US)"
mail.hbs-group.ru,1,"AS210079 (EUROBYTE, RU)"
k3-ai.mail.protection.outlook.com,1,"AS8075 (MICROSOFT-CORP-MSN-AS-BLOCK - Microsoft Corporation, US)"
hccil-org.mail.protection.outlook.com,1,"AS8075 (MICROSOFT-CORP-MSN-AS-BLOCK - Microsoft Corporation, US)"
hbocom.ru,1,"AS204601 (PODAON, NL)"
mail.hcoupledp.com,1,"AS47583 (AS-HOSTINGER, CY)"
mail.k3663a40w.com,1,"AS47583 (AS-HOSTINGER, CY)"
mxa-000e5c01.gslb.pphosted.com,1,"AS26211 (PROOFPOINT-ASN-US-WEST - Proofpoint, Inc., US)"
hcltech-com.mail.protection.outlook.com,1,"AS8075 (MICROSOFT-CORP-MSN-AS-BLOCK - Microsoft Corporation, US)"
mail.hdala.com,1,"AS14061 (DIGITALOCEAN-ASN - DigitalOcean, LLC, US)"
mail.hdcvolosy.ru,1,"AS210079 (EUROBYTE, RU)"
mx1.hccmail.win,1,"AS200107 (KL-EXT, CH)"
hdslatour-fr0i.mail.protection.outlook.com,1,"AS8075 (MICROSOFT-CORP-MSN-AS-BLOCK - Microsoft Corporation, US)"
mx1.hdfshsh.stream,1,"AS200107 (KL-EXT, CH)"
col.hdz.hr,1,"AS24940 (HETZNER-AS, DE)"
justintrend-com.mail.protection.outlook.com,1,"AS8075 (MICROSOFT-CORP-MSN-AS-BLOCK - Microsoft Corporation, US)"
mail.happydomik.ru,1,
mx1.cernercloud.com,1,"AS17264 (CERNER-COM - Cerner Corporation, US)"
mail.k69d.com,1,"AS40476 (SCALAHOSTING - Scala Hosting LLC, US)"
mx.uzmanposta.com,1,"AS42910 (PREMIERDC-VERI-MERKEZI-ANONIM-SIRKETI PREMIERDC, TR)"
mxrouter.haveship.com,1,"AS14061 (DIGITALOCEAN-ASN - DigitalOcean, LLC, US)"
mail.k99m.com,1,"AS40476 (SCALAHOSTING - Scala Hosting LLC, US)"
mail.k88i.ink,1,"AS22612 (NAMECHEAP-NET - Namecheap, Inc., US)"
mail.headset5pl.com,1,"AS47583 (AS-HOSTINGER, CY)"
mail.k99z.com,1,"AS40476 (SCALAHOSTING - Scala Hosting LLC, US)"
mail.k8xp.com,1,"AS16276 (OVH, FR)"
mx.public.govdelivery.com,1,"AS29748 (QTS-ASH - Quality Technology Services, LLC, US)"
mail.healthcoachpractitioner.com,1,"AS46606 (UNIFIEDLAYER-AS-1 - Unified Layer, US)"
mail.healthdietshop.com,1,"AS16276 (OVH, FR)"
healthinsite-net.mail.protection.outlook.com,1,"AS8075 (MICROSOFT-CORP-MSN-AS-BLOCK - Microsoft Corporation, US)"
healthfit247.com,1,"AS7393 (CYBERCON - CYBERCON, INC., US)"
mail.healthcheck.click,1,"AS51167 (CONTABO, DE)"
mail.kaarlojosefmail.com,1,"AS207957 (SERVHOST-AS, GB)"
healthpilot-com.mail.protection.outlook.com,1,"AS8075 (MICROSOFT-CORP-MSN-AS-BLOCK - Microsoft Corporation, US)"
malibuzz.haitibox.com,1,"AS51167 (CONTABO, DE)"
mail.kaedar.com,1,"AS14061 (DIGITALOCEAN-ASN - DigitalOcean, LLC, US)"
mail.healthsignal.shop,1,
mail.kadachigov.ru,1,
mail.healthroutinenail.click,1,"AS51167 (CONTABO, DE)"
mail.healthshots.center,1,"AS51167 (CONTABO, DE)"
mail.healthshare101.com,1,"AS46606 (UNIFIEDLAYER-AS-1 - Unified Layer, US)"
mail.healthroutine.click,1,"AS51167 (CONTABO, DE)"
imh.delivery.net,1,
mxa-00000703.gslb.pphosted.com,1,"AS22843 (PROOFPOINT-ASN-US-EAST - Proofpoint, Inc., US)"
heartrate.com,1,"AS396982 (GOOGLE-CLOUD-PLATFORM - Google LLC, US)"
mail.kakorraphiapebml.ru,1,"AS12586 (ASGHOSTNET, DE)"
kaleidescape-com.mail.protection.outlook.com,1,"AS8075 (MICROSOFT-CORP-MSN-AS-BLOCK - Microsoft Corporation, US)"
healxo.org,1,"AS37907 (DIGIROCK DigiRock, Inc., JP)"
kalia.edu.pl,1,"AS209341 (WHG-FRA, GB)"
mail.kalquoris.cfd,1,"AS203446 (AS203446, GB)"
mail.heavyhearfml.com,1,"AS12586 (ASGHOSTNET, DE)"
mail.kamagra.org,1,"AS208273 (SECUNET, SC)"
mx1sap.heopas.com,1,"AS24940 (HETZNER-AS, DE)"
mail.heframe.com,1,"AS51167 (CONTABO, DE)"
mail.hedonistmail.ru,1,"AS12586 (ASGHOSTNET, DE)"
mail.hegamespotr.com,1,"AS47583 (AS-HOSTINGER, CY)"
mx.hediye-sepeti.com.cust.b.hostedemail.com,1,"AS32491 (TUCOWS-3 - Tucows.com Co., CA)"
mail.heeaaemail.ru,1,"AS12586 (ASGHOSTNET, DE)"
mail.hegelfmk.com,1,"AS12586 (ASGHOSTNET, DE)"
mx0a-004ac301.pphosted.com,1,"AS26211 (PROOFPOINT-ASN-US-WEST - Proofpoint, Inc., US)"
w01cbc8c.kasserver.com,1,"AS34788 (NMM-AS D - 02742 Friedersdorf Hauptstrasse 68, DE)"
mail.hedef610.com,1,"AS42807 (AEROTEK-AS, TR)"
mx.helenchongtherapy.com.cust.a.hostedemail.com,1,
kandkinsurance-com.mail.protection.outlook.com,1,"AS8075 (MICROSOFT-CORP-MSN-AS-BLOCK - Microsoft Corporation, US)"
mail.heixs.com,1,"AS14061 (DIGITALOCEAN-ASN - DigitalOcean, LLC, US)"
mail.hdpornstream.com,1,"AS56485 (THEHOST-AS, UA)"
mx.yopmail.com,1,"AS16276 (OVH, FR)"
_dc-mx.6ea1d5571ea1.kanonmail.com,1,"AS24940 (HETZNER-AS, DE)"
hello.labubutoymkt.site,1,"AS36352 (AS-COLOCROSSING - HostPapa, US)"
mail.heliomemalu.ru,1,"AS12586 (ASGHOSTNET, DE)"
mail.hello.carolinensielhafen.click,1,"AS51167 (CONTABO, DE)"
kaopiz-com.mail.protection.outlook.com,1,"AS8075 (MICROSOFT-CORP-MSN-AS-BLOCK - Microsoft Corporation, US)"
mail.helianmail.ru,1,"AS12586 (ASGHOSTNET, DE)"
mail.hellomailo.net,1,"AS212772 (ADGUARD, CY)"
_dc-mx.9a2a22dd7e13.hdturkey.com,1,"AS51167 (CONTABO, DE)"
mail.hellomaazine.com,1,"AS46606 (UNIFIEDLAYER-AS-1 - Unified Layer, US)"
mail.kamen-market.ru,1,"AS44094 (WEBHOST1-AS, RU)"
kapptiger.com,1,"AS14061 (DIGITALOCEAN-ASN - DigitalOcean, LLC, US)"
mailcow.uptraff.com,1,"AS205544 (LEASEWEB-UK-LON-11, GB)"
helenmorre.com,1,"AS149020 (WEBHORIZON-AS-AP WebHorizon Internet Services, SG)"
mail.hellohitech.com,1,"AS132056 (SCICUBE-AS RM B, 2F 88 KWAI CHEONG ROAD, HK)"
mail.helminthol.com,1,"AS12586 (ASGHOSTNET, DE)"
mail.help.carolinensiellive.click,1,"AS51167 (CONTABO, DE)"
mail.help.thebillieholiday.click,1,"AS51167 (CONTABO, DE)"
mail.help.thewisetransfer.click,1,"AS51167 (CONTABO, DE)"
mail.helptoearnmoney.com,1,"AS16276 (OVH, FR)"
helperv.com,1,"AS51167 (CONTABO, DE)"
mx.lovestoblog.com,1,"AS34119 (WILDCARD-AS Wildcard UK Limited, GB)"
mail.hematenceils.ru,1,"AS12586 (ASGHOSTNET, DE)"
mail.karyoomail.com,1,"AS12586 (ASGHOSTNET, DE)"
helperv.net,1,"AS51167 (CONTABO, DE)"
mail.hematocrysmail.com,1,"AS12586 (ASGHOSTNET, DE)"
mx1.hemmersbach.com,1,"AS3320 (DTAG Internet service provider operations, DE)"
mail.hematencml.ru,1,"AS12586 (ASGHOSTNET, DE)"
mail.hemini.com,1,"AS13285 (OPALTELECOM-AS TalkTalk Communications Limited, GB)"
mail.hemiamail.ru,1,"AS12586 (ASGHOSTNET, DE)"
mail.hemimeinf.com,1,"AS12586 (ASGHOSTNET, DE)"
mail.hemidemismail.com,1,"AS12586 (ASGHOSTNET, DE)"
mail.hemimmail.ru,1,"AS12586 (ASGHOSTNET, DE)"
mail.hemoglobli.com,1,"AS12586 (ASGHOSTNET, DE)"
mail.hemimetmail.ru,1,"AS12586 (ASGHOSTNET, DE)"
mail.hematemail.ru,1,"AS12586 (ASGHOSTNET, DE)"
mail.hemispherfmals.com,1,"AS12586 (ASGHOSTNET, DE)"
mail.hematopmyu.ru,1,"AS12586 (ASGHOSTNET, DE)"
asterix.kaspop.com,1,"AS26666 (INTERSERVER-LAX - Interserver, Inc, US)"
mail.hemiascommail.ru,1,"AS12586 (ASGHOSTNET, DE)"
mail.hemomalary.ru,1,"AS12586 (ASGHOSTNET, DE)"
mail.hemodimail.ru,1,"AS12586 (ASGHOSTNET, DE)"
mail.hemiascoml.ru,1,"AS12586 (ASGHOSTNET, DE)"
mail.hemimetamml.ru,1,"AS12586 (ASGHOSTNET, DE)"
henceut.com,1,"AS20068 (HAWKHOST - Hawk Host Inc., CA)"
kataskopoi.com,1,
kafai-net.mail.protection.outlook.com,1,
mail.hendecasy.ru,1,"AS12586 (ASGHOSTNET, DE)"
henamail.com,1,"AS31898 (ORACLE-BMC-31898 - Oracle Corporation, US)"
hengo.com,1,"AS20857 (TRANSIP-AS Amsterdam, the Netherlands, NL)"
katanganews.cd,1,"AS24940 (HETZNER-AS, DE)"
hendygroup-com01c.mail.protection.outlook.com,1,"AS8075 (MICROSOFT-CORP-MSN-AS-BLOCK - Microsoft Corporation, US)"
kahndefense.com,1,"AS14061 (DIGITALOCEAN-ASN - DigitalOcean, LLC, US)"
mail.hepatmail.ru,1,"AS12586 (ASGHOSTNET, DE)"
mx.herestoreonsale.org,1,"AS14061 (DIGITALOCEAN-ASN - DigitalOcean, LLC, US)"
mail.henolclock.in,1,"AS24940 (HETZNER-AS, DE)"
kaysartycles.com,1,"AS45638 (SYNERGYWHOLESALE-AP SYNERGY WHOLESALE PTY LTD, AU)"
mail.hereticaomail.com,1,"AS12586 (ASGHOSTNET, DE)"
heritagemotors-in.mail.protection.outlook.com,1,"AS8075 (MICROSOFT-CORP-MSN-AS-BLOCK - Microsoft Corporation, US)"
mail.heresmails.ru,1,"AS12586 (ASGHOSTNET, DE)"
mail.hereditsalo.ru,1,"AS12586 (ASGHOSTNET, DE)"
mxa-0028a403.gslb.pphosted.com,1,"AS22843 (PROOFPOINT-ASN-US-EAST - Proofpoint, Inc., US)"
mail.katchup.co.nz,1,"AS23655 (TWODEGREES-NZ-AS 2degrees Networks Limited, NZ)"
_dc-mx.e48cac2b3704.herly.my.id,1,"AS138115 (IDNIC-DENEVA-AS-ID PT Deneva, ID)"
herocopters.com,1,"AS20857 (TRANSIP-AS Amsterdam, the Netherlands, NL)"
mail.kbvehicle.com,1,"AS47583 (AS-HOSTINGER, CY)"
mail.kcdn.site,1,"AS36352 (AS-COLOCROSSING - HostPapa, US)"
mail.kcdn.pro,1,"AS36352 (AS-COLOCROSSING - HostPapa, US)"
hessrohmercpa-com.mail.eo.outlook.com,1,"AS8075 (MICROSOFT-CORP-MSN-AS-BLOCK - Microsoft Corporation, US)"
mail.hesperomail.com,1,"AS12586 (ASGHOSTNET, DE)"
mail.heterometli.com,1,"AS12586 (ASGHOSTNET, DE)"
mail.kazan-hotel.com,1,"AS29182 (RU-JSCIOT, RU)"
mail.heterochemail.ru,1,"AS12586 (ASGHOSTNET, DE)"
mail.heterophufml.ru,1,"AS12586 (ASGHOSTNET, DE)"
mail.heteroamail.com,1,"AS12586 (ASGHOSTNET, DE)"
mail.heterogenemail.com,1,"AS12586 (ASGHOSTNET, DE)"
mail.heterolmails.ru,1,"AS12586 (ASGHOSTNET, DE)"
herveyhideout.com,1,"AS24940 (HETZNER-AS, DE)"
mail.heterofmk.com,1,"AS12586 (ASGHOSTNET, DE)"
mail.heterogli.com,1,"AS12586 (ASGHOSTNET, DE)"
mail.heteromorebml.ru,1,"AS12586 (ASGHOSTNET, DE)"
mail.heteroinf.com,1,"AS12586 (ASGHOSTNET, DE)"
mail.heterometic.com,1,"AS12586 (ASGHOSTNET, DE)"
mail.heteroefml.com,1,"AS12586 (ASGHOSTNET, DE)"
mx5.vodafonemail.de,1,"AS3209 (VODANET International IP-Backbone of Vodafone, DE)"
mail.heterochrsmail.ru,1,"AS12586 (ASGHOSTNET, DE)"
mail.heterils.ru,1,"AS12586 (ASGHOSTNET, DE)"
mail.heteroaggmail.ru,1,"AS12586 (ASGHOSTNET, DE)"
mail.heteromoemail.ru,1,"AS12586 (ASGHOSTNET, DE)"
_dc-mx.13051a1dbb5f.hexhex.site,1,"AS216071 (VDSINA, AE)"
mail.heterometamail.com,1,"AS12586 (ASGHOSTNET, DE)"
mail.heterotropmails.ru,1,"AS12586 (ASGHOSTNET, DE)"
mail.hexametmail.ru,1,"AS12586 (ASGHOSTNET, DE)"
mail.heterodmail.ru,1,"AS12586 (ASGHOSTNET, DE)"
mail.hexahydromail.ru,1,"AS12586 (ASGHOSTNET, DE)"
home-mx.app.hey.com,1,"AS25657 (BASECAMP - Basecamp, LLC, US)"
heydayfm-nl.mail.protection.outlook.com,1,"AS8075 (MICROSOFT-CORP-MSN-AS-BLOCK - Microsoft Corporation, US)"
mail.hetersmail.ru,1,"AS12586 (ASGHOSTNET, DE)"
mail.kdjhemail.com,1,"AS212317 (HETZNER-CLOUD3-AS, DE)"
mail.hexacomail.ru,1,"AS12586 (ASGHOSTNET, DE)"
hexv.com,1,
mx.keatonbeachproperties.com,1,"AS29873 (BIZLAND-SD - Newfold Digital, Inc., US)"
mail.kedikumu.net,1,"AS42846 (GUZELHOSTING GNET INTERNET TELEKOMUNIKASYON A.S., TR)"
hesapkurtar.com,1,"AS51559 (NETINTERNET Netinternet Bilisim Teknolojileri AS, TR)"
sex.keishichootsukakeisatsusho.org,1,"AS131965 (XSERVER Xserver Inc., JP)"
mail.klyverra.cfd,1,"AS203446 (AS203446, GB)"
mx1.hgmail.com,1,"AS14061 (DIGITALOCEAN-ASN - DigitalOcean, LLC, US)"
x.keishichootsukakeisatsusho.net,1,"AS131965 (XSERVER Xserver Inc., JP)"
x.keishichootsukakeisatsusho.com,1,"AS131965 (XSERVER Xserver Inc., JP)"
mail.keepyourshitprivate.com,1,
mail.klzlk.com,1,"AS26496 (AS-26496-GO-DADDY-COM-LLC - GoDaddy.com, LLC, US)"
x9.hgh.net,1,"AS36352 (AS-COLOCROSSING - HostPapa, US)"
mail.kedrovskiy.ru,1,"AS44094 (WEBHOST1-AS, RU)"
mx.kellybagonline.com,1,"AS14061 (DIGITALOCEAN-ASN - DigitalOcean, LLC, US)"
mail.kelsallandco.com,1,"AS32097 (WII - WholeSale Internet, Inc., US)"
mail.kartenmansd.com,1,"AS9009 (M247, RO)"
keluaranhk.online,1,"AS59253 (LEASEWEB-APAC-SIN-11 LEASEWEB SINGAPORE PTE. LTD., SG)"
mail.kemmer.co,1,"AS22612 (NAMECHEAP-NET - Namecheap, Inc., US)"
mail.kmf.com.ua,1,"AS24703 (UN-UKRAINE-AS Kiev, Ukraine, UA)"
mail.kmpd.com,1,"AS32097 (WII - WholeSale Internet, Inc., US)"
mail.kemfra.com,1,"AS14061 (DIGITALOCEAN-ASN - DigitalOcean, LLC, US)"
mail.hemocytmail.ru,1,"AS12586 (ASGHOSTNET, DE)"
mail.hi2.in,1,"AS24940 (HETZNER-AS, DE)"
mx1-forward.atom.com,1,
mail.hibernemi.com,1,"AS12586 (ASGHOSTNET, DE)"
mail.karta-tahografa.ru,1,"AS50340 (SELECTEL-MSK, RU)"
mail.kenfern.com,1,"AS14061 (DIGITALOCEAN-ASN - DigitalOcean, LLC, US)"
hibernianfc-co-uk.mail.protection.outlook.com,1,"AS8075 (MICROSOFT-CORP-MSN-AS-BLOCK - Microsoft Corporation, US)"
mxa-0015f701.gslb.pphosted.com,1,"AS22843 (PROOFPOINT-ASN-US-EAST - Proofpoint, Inc., US)"
www669.your-server.de,1,"AS24940 (HETZNER-AS, DE)"
mx6.katonoma.com,1,
mail.hidebox.org,1,"AS24940 (HETZNER-AS, DE)"
mxa-002d6e01.gslb.pphosted.com,1,"AS22843 (PROOFPOINT-ASN-US-EAST - Proofpoint, Inc., US)"
mail.hiccupemail.com,1,"AS12586 (ASGHOSTNET, DE)"
mx.hidailydeals.com,1,"AS397423 (TIER-NET - Tier.Net Technologies LLC, US)"
kentuckybourbonwhisky.com,1,"AS31898 (ORACLE-BMC-31898 - Oracle Corporation, US)"
mail.hidesmail.net,1,"AS212772 (ADGUARD, CY)"
hidemyass-com.mail.protection.outlook.com,1,"AS8075 (MICROSOFT-CORP-MSN-AS-BLOCK - Microsoft Corporation, US)"
mail.hidesmail.com,1,"AS212772 (ADGUARD, CY)"
mx.tblock.net,1,"AS395839 (HOSTKEY-USA - HOSTKEY, US)"
mail.keratemail.ru,1,"AS12586 (ASGHOSTNET, DE)"
hide.biz.st,1,"AS16276 (OVH, FR)"
mail.hierogly.ru,1,"AS12586 (ASGHOSTNET, DE)"
mail.kerotu.com,1,"AS14061 (DIGITALOCEAN-ASN - DigitalOcean, LLC, US)"
w018838d.kasserver.com,1,"AS34788 (NMM-AS D - 02742 Friedersdorf Hauptstrasse 68, DE)"
mx.highheelcl.com,1,"AS14061 (DIGITALOCEAN-ASN - DigitalOcean, LLC, US)"
mail.keratectmil.ru,1,"AS12586 (ASGHOSTNET, DE)"
mail.kesehatantubuh.com,1,"AS60781 (LEASEWEB-NL-AMS-01 Netherlands, NL)"
mail.keratodmail.ru,1,"AS12586 (ASGHOSTNET, DE)"
a597274.mx.mailhop.org,1,"AS16509 (AMAZON-02 - Amazon.com, Inc., US)"
mail.kc-kenes.kz,1,"AS207333 (HOSTER-AST Hoster.KZ - Astana, KZ)"
mail.ketozie.com,1,"AS24940 (HETZNER-AS, DE)"
a915740.mx.mailhop.org,1,"AS16509 (AMAZON-02 - Amazon.com, Inc., US)"
mail.highspiritmail.com,1,"AS12586 (ASGHOSTNET, DE)"
mx.worldserver.net,1,"AS15657 (SPEEDBONE-AS, DE)"
mxa-0041f601.gslb.pphosted.com,1,"AS22843 (PROOFPOINT-ASN-US-EAST - Proofpoint, Inc., US)"
mail.keylinkcorp.co,1,"AS31898 (ORACLE-BMC-31898 - Oracle Corporation, US)"
keynote2keynote.com,1,"AS16276 (OVH, FR)"
mail.hinegpt.xyz,1,"AS16276 (OVH, FR)"
mail.keyworddo.com,1,"AS47583 (AS-HOSTINGER, CY)"
www.hintz.org,1,"AS4771 (SPARKNZ Spark New Zealand Trading Ltd., NZ)"
mail.hindilanguage.org,1,"AS214996 (NETCUP, DE)"
mail.18yo.beauty,1,"AS213230 (HETZNER-CLOUD2-AS, DE)"
mail.hippopicker.com,1,"AS55293 (A2HOSTING - A2 Hosting, Inc., US)"
securemail1.hostingservice.fi,1,"AS58003 (PLANEETTA-AS, FI)"
mail.hippopemail.ru,1,"AS12586 (ASGHOSTNET, DE)"
fwmail.hinet.net,1,"AS3462 (HINET Data Communication Business Group, TW)"
himail.infos.st,1,"AS16276 (OVH, FR)"
hilloftara-com.mail.protection.outlook.com,1,"AS8075 (MICROSOFT-CORP-MSN-AS-BLOCK - Microsoft Corporation, US)"
mail.hikmarket.com,1,"AS204213 (NETMIHAN, IR)"
mail.hisila.com,1,"AS14061 (DIGITALOCEAN-ASN - DigitalOcean, LLC, US)"
mail.historyinheels.com,1,"AS204601 (PODAON, NL)"
khayden.com,1,"AS45102 (ALIBABA-CN-NET Alibaba US Technology Co., Ltd., CN)"
mail.historioginf.com,1,"AS12586 (ASGHOSTNET, DE)"
historiogrmail.com,1,"AS213702 (QWINS-LTD QWINS AS-SET: ~ # AS213702:AS-CUSTOMERS, GB)"
mail.histormails.ru,1,"AS12586 (ASGHOSTNET, DE)"
mail.kickers-world.be,1,"AS8075 (MICROSOFT-CORP-MSN-AS-BLOCK - Microsoft Corporation, US)"
mail.kidaroa.com,1,"AS14061 (DIGITALOCEAN-ASN - DigitalOcean, LLC, US)"
mail.hkirsan.com,1,"AS14061 (DIGITALOCEAN-ASN - DigitalOcean, LLC, US)"
pro209.emailserver.vn,1,"AS150846 (AXYS-VN Room 1508, 15th Floor, Vincom Center Building, 72 Le Thanh Ton, Ben Nghe Ward, District 1, Ho Chi Minh City, Vietnam, VN)"
ki-sign.com,1,"AS7684 (SAKURA-A SAKURA Internet Inc., JP)"
a177026.mx.mailhop.org,1,"AS16509 (AMAZON-02 - Amazon.com, Inc., US)"
a622689.mx.mailhop.org,1,"AS16509 (AMAZON-02 - Amazon.com, Inc., US)"
a681026.mx.mailhop.org,1,"AS16509 (AMAZON-02 - Amazon.com, Inc., US)"
v,1,
kielon.pl,1,"AS51167 (CONTABO, DE)"
cc-mail3.kiecchn.com,1,"AS14061 (DIGITALOCEAN-ASN - DigitalOcean, LLC, US)"
mail.kia.com,1,"AS9524 (HMC-AS Hyundai Autoever Corp., KR)"
mail.hl-geist-spital.de,1,"AS50474 (O2SWITCH, FR)"
mx0.kimberlymed.com,1,"AS31898 (ORACLE-BMC-31898 - Oracle Corporation, US)"
kimchichi.com,1,"AS63949 (AKAMAI-LINODE-AP Akamai Connected Cloud, SG)"
mx2.kim-tape.com,1,"AS24940 (HETZNER-AS, DE)"
mail.kilmail.com,1,"AS12586 (ASGHOSTNET, DE)"
corevoyage.net,1,"AS39287 (ABSTRACT, FI)"
shade.treva.nl,1,"AS20857 (TRANSIP-AS Amsterdam, the Netherlands, NL)"
mail.hmail.ninja,1,"AS24940 (HETZNER-AS, DE)"
mxa-000ee401.gslb.pphosted.com,1,"AS26211 (PROOFPOINT-ASN-US-WEST - Proofpoint, Inc., US)"
mail.kingbet99.com,1,"AS22612 (NAMECHEAP-NET - Namecheap, Inc., US)"
kineticsystems-com.mail.protection.outlook.com,1,"AS8075 (MICROSOFT-CORP-MSN-AS-BLOCK - Microsoft Corporation, US)"
mailforward44.cloudns.net,1,"AS35661 (VIRTUASYS-EU Lift weight. Push bytes. Never drop. Repeat., FR)"
hmotomotiv.xyz,1,"AS210388 (HAYALHOST, TR)"
kindleebs.xyz,1,"AS131775 (IDNIC-JALANET-AS-ID PT. Jupiter Jala Arta, ID)"
mail.kinesiovegai.ru,1,"AS12586 (ASGHOSTNET, DE)"
_dc-mx.511bc786b588.hoanganh.mx,1,"AS149107 (TRUMVPS-VN TRUMVPS COMPANY LIMITED, VN)"
west.smtp.exch080.serverdata.net,1,"AS16406 (AS-INTERMEDIA - Intermedia.net, Inc., US)"
hoanghainam.com,1,
kingstonjugglers.org,1,"AS62240 (CLOUVIDER Clouvider - Global ASN, GB)"
mail.hoanggiaanh.com,1,"AS24085 (QTSC-AS-VN Quang Trung Software City Development Company, VN)"
mx1.kingofmails.com,1,"AS200107 (KL-EXT, CH)"
kingzippers-com.mail.protection.outlook.com,1,"AS8075 (MICROSOFT-CORP-MSN-AS-BLOCK - Microsoft Corporation, US)"
mx1.ho3twwn.com,1,"AS200107 (KL-EXT, CH)"
mail.kinkz.com,1,"AS20738 (GD-EMEA-DC-LD5, GB)"
mail.hobbyhorfml.com,1,"AS12586 (ASGHOSTNET, DE)"
mxf.zmail300.cn,1,"AS4134 (CHINANET-BACKBONE No.31,Jin-rong Street, CN)"
mail.hnemail.org,1,"AS132203 (TENCENT-NET-AP-CN Tencent Building, Kejizhongyi Avenue, CN)"
mail.ceriousdevtech.com,1,"AS11492 (CABLEONE - CABLE ONE, INC., US)"
mail.kirisbyforum.fun,1,"AS62082 (HOSTLAND, RU)"
hoi-poi.com,1,"AS58791 (GMOOSK-NET GMO Internet Group, Inc., JP)"
kissypie.com,1,"AS7506 (INTERQ GMO Internet Group, Inc., JP)"
kisco-com.mail.protection.outlook.com,1,"AS8075 (MICROSOFT-CORP-MSN-AS-BLOCK - Microsoft Corporation, US)"
mail.kit-dv.su,1,"AS48108 (VIRTUALDC, RU)"
holidayloans.us,1,"AS34931 (AWARESOFT, GB)"
mail.hoicasau.com,1,"AS135905 (VNPT-AS-VN VIETNAM POSTS AND TELECOMMUNICATIONS GROUP, VN)"
mail.kitsfans.com,1,"AS32097 (WII - WholeSale Internet, Inc., US)"
w01a07df.kasserver.com,1,"AS34788 (NMM-AS D - 02742 Friedersdorf Hauptstrasse 68, DE)"
_dc-mx.556f55c9966f.hollywoodereporter.com,1,"AS47583 (AS-HOSTINGER, CY)"
kismail.ru,1,"AS9002 (RETN-AS, GB)"
mx.holotrekking.online,1,"AS20473 (AS-VULTR - The Constant Company, LLC, US)"
mail.kittiza.com,1,"AS47583 (AS-HOSTINGER, CY)"
mx.hollywooddreamcorset.com,1,"AS14061 (DIGITALOCEAN-ASN - DigitalOcean, LLC, US)"
mail.holomemail.ru,1,"AS12586 (ASGHOSTNET, DE)"
mx1.holmatrousa.com,1,"AS200107 (KL-EXT, CH)"
mx1.homail.it,1,
www.homelu.com,1,"AS63949 (AKAMAI-LINODE-AP Akamai Connected Cloud, SG)"
mx1.hogwarts.edu.kg,1,"AS62371 (PROTON, CH)"
mx.kkredyt.pl,1,"AS14061 (DIGITALOCEAN-ASN - DigitalOcean, LLC, US)"
mail.homeandcastletv.com,1,"AS42846 (GUZELHOSTING GNET INTERNET TELEKOMUNIKASYON A.S., TR)"
mail.homeommail.ru,1,"AS12586 (ASGHOSTNET, DE)"
mxa-002bcf01.gslb.pphosted.com,1,"AS22843 (PROOFPOINT-ASN-US-EAST - Proofpoint, Inc., US)"
kkiinn.com,1,"AS204800 (WHG-SGP, GB)"
mail.homeworkcourseworkhelps.com,1,"AS209605 (HOSTBALTIC, LT)"
mail.homuno.com,1,"AS14061 (DIGITALOCEAN-ASN - DigitalOcean, LLC, US)"
mail.klav6.com,1,"AS14061 (DIGITALOCEAN-ASN - DigitalOcean, LLC, US)"
mail.hommiemail.com,1,"AS12586 (ASGHOSTNET, DE)"
mail.homoeopafml.ru,1,"AS12586 (ASGHOSTNET, DE)"
mail.homoeommails.ru,1,"AS12586 (ASGHOSTNET, DE)"
mail.homog.ru,1,"AS12586 (ASGHOSTNET, DE)"
mail0001.homtial.co.uk,1,"AS24940 (HETZNER-AS, DE)"
mail.homoee.com,1,"AS12586 (ASGHOSTNET, DE)"
mail.homoscedinf.com,1,"AS12586 (ASGHOSTNET, DE)"
mail.homophonifml.ru,1,"AS12586 (ASGHOSTNET, DE)"
mail.homocmali.ru,1,"AS12586 (ASGHOSTNET, DE)"
mail.homosexmy.com,1,"AS12586 (ASGHOSTNET, DE)"
mail.homophomail.com,1,"AS12586 (ASGHOSTNET, DE)"
mail.homosexmail.ru,1,"AS12586 (ASGHOSTNET, DE)"
mail.klabuk.pl,1,"AS50840 (AS-HITME, PL)"
mx-inxmt.hondsemi.com,1,"AS14061 (DIGITALOCEAN-ASN - DigitalOcean, LLC, US)"
mail.kikscool.com,1,"AS32097 (WII - WholeSale Internet, Inc., US)"
mail.klone0rz.be,1,"AS8075 (MICROSOFT-CORP-MSN-AS-BLOCK - Microsoft Corporation, US)"
mail.hopemail.biz,1,"AS12876 (Online SAS, FR)"
mail.honorabmail.ru,1,"AS12586 (ASGHOSTNET, DE)"
mx.hopefulservices.com,1,"AS29873 (BIZLAND-SD - Newfold Digital, Inc., US)"
knowhowitaly.com,1,"AS62904 (AS62904 - Eonix Corporation, US)"
mx.horizonspost.com,1,"AS16276 (OVH, FR)"
horizonfundinggroup-com.mail.protection.outlook.com,1,"AS8075 (MICROSOFT-CORP-MSN-AS-BLOCK - Microsoft Corporation, US)"
coziwk3web.hoplise.com,1,"AS14061 (DIGITALOCEAN-ASN - DigitalOcean, LLC, US)"
mail.kliogio.ru,1,"AS24940 (HETZNER-AS, DE)"
kobold.org,1,"AS23535 (HOSTROCKET - HostRocket.com, Inc., US)"
mail.hormonopmail.ru,1,"AS12586 (ASGHOSTNET, DE)"
mail.horizmali.ru,1,"AS12586 (ASGHOSTNET, DE)"
mail.kobietaidom.pl,1,"AS207668 (ITH-, PL)"
mail.kodx.uk,1,"AS216071 (VDSINA, AE)"
dedi1590.your-server.de,1,"AS24940 (HETZNER-AS, DE)"
mx2.kohlsinbound.iphmx.com,1,"AS16417 (IRONPORT-SYSTEMS-INC - Cisco Systems Ironport Division, US)"
a988022.mx.mailhop.org,1,"AS16509 (AMAZON-02 - Amazon.com, Inc., US)"
mail.kodpan.com,1,"AS14061 (DIGITALOCEAN-ASN - DigitalOcean, LLC, US)"
mail.horticulmalu.ru,1,"AS12586 (ASGHOSTNET, DE)"
mail.koilonrsmail.ru,1,"AS12586 (ASGHOSTNET, DE)"
mail.koiqe.com,1,"AS26666 (INTERSERVER-LAX - Interserver, Inc, US)"
deadletter.fabulous.com,1,
mail.hostb.xyz,1,"AS14061 (DIGITALOCEAN-ASN - DigitalOcean, LLC, US)"
mx.koloekmail.net,1,"AS14061 (DIGITALOCEAN-ASN - DigitalOcean, LLC, US)"
mail.hospitalimail.ru,1,"AS12586 (ASGHOSTNET, DE)"
mx.kolagenanaturalny.eu,1,"AS14061 (DIGITALOCEAN-ASN - DigitalOcean, LLC, US)"
mail.kogda.online,1,"AS8342 (RTCOMM-AS, RU)"
mx1.hostingninja.bid,1,"AS200107 (KL-EXT, CH)"
kombiservisler.com,1,"AS207279 (MARKAHOST-TELEKOMUNIKASYON-LIMITED-SIRKETI MARKAHOST, TR)"
mx1.hostmein.bid,1,"AS200107 (KL-EXT, CH)"
mail.konkatsudonki.xyz,1,"AS196645 (HOSTPRO-AS, UA)"
hotcoffeeclub-com.mail.protection.outlook.com,1,
mail.host15.ru,1,"AS29182 (RU-JSCIOT, RU)"
webmail3.mireene.com,1,"AS38424 (KCT-AS-KR KOREA CABLE TELECOM, KR)"
mail.hot.com,1,"AS204957 (GREENFLOID-AS, US)"
mx1.hostnow.bid,1,"AS200107 (KL-EXT, CH)"
immobile.home.pl,1,"AS12824 (HOMEPL-AS, PL)"
mail.hosting.cd,1,"AS328442 (UNITED-SA, CD)"
mx1.hostmaster.bid,1,"AS200107 (KL-EXT, CH)"
mail.koleco.info,1,"AS43362 (MAJORDOMO, RU)"
mail.hotelpost.click,1,"AS51167 (CONTABO, DE)"
mail.hotelhafenhamburg.click,1,"AS51167 (CONTABO, DE)"
mx1.hostingninja.top,1,"AS200107 (KL-EXT, CH)"
mail.hotelsbest.com,1,"AS63949 (AKAMAI-LINODE-AP Akamai Connected Cloud, SG)"
mx1.cleanmx.pt,1,"AS24768 (ALMOUROLTEC, PT)"
kospa.kommunity.net,1,"AS12312 (ECOTEL, DE)"
hotmai.com,1,
kopagas-com.mail.protection.outlook.com,1,"AS8075 (MICROSOFT-CORP-MSN-AS-BLOCK - Microsoft Corporation, US)"
please.maill.me,1,"AS12400 (PARTNER-AS, IL)"
_dc-mx.a1e4f22e5a2a.hotemail.com.br,1,"AS262954 (VirtuaServer Informatica Ltda, BR)"
mail.konsultaciya-yurista-v-moskve.ru,1,"AS50340 (SELECTEL-MSK, RU)"
mail.konsultacii-advokata.ru,1,"AS50340 (SELECTEL-MSK, RU)"
mail.kootenaitreeservice.com,1,"AS55293 (A2HOSTING - A2 Hosting, Inc., US)"
konstruksituntas.com,1,"AS139457 (IDNIC-ANTMEDIAHOST-AS-ID PT Semut Data Indonesia, ID)"
mail.konbat.ru,1,
mail.host-001.eu,1,"AS50840 (AS-HITME, PL)"
hotmail-cz.f-v1.mx.microsoft,1,"AS8075 (MICROSOFT-CORP-MSN-AS-BLOCK - Microsoft Corporation, US)"
mail01.hotmailboxlive.com,1,"AS36351 (SOFTLAYER - IBM Cloud, US)"
hotmac.com.b.mxof.com,1,"AS394437 (PSLIGHTWAVE - PS Lightwave, US)"
hotmail.pl,1,"AS8075 (MICROSOFT-CORP-MSN-AS-BLOCK - Microsoft Corporation, US)"
hotmaisl.com,1,"AS57169 (EDIS-AS-EU, AT)"
mail.hotgamblingguide.info,1,"AS213230 (HETZNER-CLOUD2-AS, DE)"
mail.hotmali.com,1,"AS19871 (NETWORK-SOLUTIONS-HOSTING - Network Solutions, LLC, US)"
mail0001.hotmiail.co.uk,1,"AS24940 (HETZNER-AS, DE)"
hotrodsbydean-com.mail.protection.outlook.com,1,"AS8075 (MICROSOFT-CORP-MSN-AS-BLOCK - Microsoft Corporation, US)"
hotrometa.com,1,"AS20473 (AS-VULTR - The Constant Company, LLC, US)"
hotseat-co-uk.mail.protection.outlook.com,1,"AS8075 (MICROSOFT-CORP-MSN-AS-BLOCK - Microsoft Corporation, US)"
mail.hotoelecfl.com,1,"AS12586 (ASGHOSTNET, DE)"
mail.hotmil.fr,1,"AS53667 (PONYNET - FranTech Solutions, US)"
hourglassinitiative-org.mail.protection.outlook.com,1,"AS8075 (MICROSOFT-CORP-MSN-AS-BLOCK - Microsoft Corporation, US)"
mail.hotwomansexvideo.com,1,"AS19871 (NETWORK-SOLUTIONS-HOSTING - Network Solutions, LLC, US)"
mail.hotmails.com,1,
mail.hotsale.com,1,
mail.hovanfood.com,1,"AS204800 (WHG-SGP, GB)"
mail.hotmali.cn,1,"AS45090 (TENCENT-NET-AP Shenzhen Tencent Computer Systems Company Limited, CN)"
mail.howdoyoumountain.com,1,"AS16509 (AMAZON-02 - Amazon.com, Inc., US)"
mail.hotmailse.com,1,"AS45090 (TENCENT-NET-AP Shenzhen Tencent Computer Systems Company Limited, CN)"
fast3x.howovur.com,1,"AS14061 (DIGITALOCEAN-ASN - DigitalOcean, LLC, US)"
mail.hphasesw.com,1,"AS47583 (AS-HOSTINGER, CY)"
mike.zesti.org,1,"AS24940 (HETZNER-AS, DE)"
mail.hpari.com,1,"AS14061 (DIGITALOCEAN-ASN - DigitalOcean, LLC, US)"
hpwm.com,1,"AS40092 (ONIAAS - HostPapa, US)"
mail.hr.bcm.edu.pl,1,"AS16276 (OVH, FR)"
aaronwl.com,1,"AS7922 (COMCAST-7922 - Comcast Cable Communications, LLC, US)"
mxa-00103102.gslb.pphosted.com,1,"AS22843 (PROOFPOINT-ASN-US-EAST - Proofpoint, Inc., US)"
mail.hpinfomedia.de,1,"AS8881 (VERSATEL, DE)"
htd-com.mail.protection.outlook.com,1,"AS8075 (MICROSOFT-CORP-MSN-AS-BLOCK - Microsoft Corporation, US)"
_dc-mx.b203b33fd169.htsfamily.com,1,"AS12586 (ASGHOSTNET, DE)"
htc-com.mail.protection.outlook.com,1,"AS8075 (MICROSOFT-CORP-MSN-AS-BLOCK - Microsoft Corporation, US)"
htxo-com.mail.protection.outlook.com,1,
hts-com.mail.protection.outlook.com,1,"AS8075 (MICROSOFT-CORP-MSN-AS-BLOCK - Microsoft Corporation, US)"
hts-pro.mail.protection.outlook.com,1,"AS8075 (MICROSOFT-CORP-MSN-AS-BLOCK - Microsoft Corporation, US)"
mail.htomail.it,1,"AS24940 (HETZNER-AS, DE)"
htx-com0e.mail.protection.outlook.com,1,"AS8075 (MICROSOFT-CORP-MSN-AS-BLOCK - Microsoft Corporation, US)"
mail.htrx.com,1,"AS16509 (AMAZON-02 - Amazon.com, Inc., US)"
htxt.com,1,"AS40092 (ONIAAS - HostPapa, US)"
mx2.htmeil.com,1,"AS200107 (KL-EXT, CH)"
hsmultirental.com,1,"AS59210 (PHOENIXNAP-AS-SG1 PhoenixNAP, SG)"
huany.net,1,"AS46606 (UNIFIEDLAYER-AS-1 - Unified Layer, US)"
mail.htp-tel.de,1,"AS13045 (HTP-AS, DE)"
mail.hubpro.site,1,"AS31898 (ORACLE-BMC-31898 - Oracle Corporation, US)"
mail.htxc.com,1,"AS23724 (CHINANET-IDC-BJ-AP IDC, China Telecommunications Corporation, CN)"
rte02.hublinestream.com,1,"AS14061 (DIGITALOCEAN-ASN - DigitalOcean, LLC, US)"
mail.brazhengchen.nl,1,"AS24971 (MASTER-AS Czech Republic www.master.cz, CZ)"
mx7.hubsopt.com,1,"AS27257 (WEBAIR-INTERNET - Webair Internet Development Company Inc., US)"
huimana-com.mail.protection.outlook.com,1,
mail.huertoadictos.com,1,"AS7018 (ATT-INTERNET4 - AT&T Enterprises, LLC, US)"
mail.https.edu.kg,1,"AS42846 (GUZELHOSTING GNET INTERNET TELEKOMUNIKASYON A.S., TR)"
mail.huhspot.com,1,"AS14061 (DIGITALOCEAN-ASN - DigitalOcean, LLC, US)"
mail.hugemaiil.com,1,"AS12586 (ASGHOSTNET, DE)"
mx1.hudhu.pw,1,"AS200107 (KL-EXT, CH)"
hulu-com.mail.protection.outlook.com,1,"AS8075 (MICROSOFT-CORP-MSN-AS-BLOCK - Microsoft Corporation, US)"
level3mxwd5ksnt.hugeance.com,1,"AS14061 (DIGITALOCEAN-ASN - DigitalOcean, LLC, US)"
mail.hulapla.de,1,"AS6724 (STRATO STRATO AG, DE)"
hulmana-com.mail.protection.outlook.com,1,"AS8075 (MICROSOFT-CORP-MSN-AS-BLOCK - Microsoft Corporation, US)"
mx.humanab.com,1,"AS6724 (STRATO STRATO AG, DE)"
mail.hugohost.pl,1,"AS61154 (INTEGRADESIGN, PL)"
humanaq-com.mail.protection.outlook.com,1,"AS8075 (MICROSOFT-CORP-MSN-AS-BLOCK - Microsoft Corporation, US)"
humaa-com.mail.protection.outlook.com,1,"AS8075 (MICROSOFT-CORP-MSN-AS-BLOCK - Microsoft Corporation, US)"
mail.human.com,1,"AS46606 (UNIFIEDLAYER-AS-1 - Unified Layer, US)"
mail.htxz.com,1,"AS140293 (CHINATELECOM-JIANGSU-CHANGZHOU-5G-NETWORK CHINATELECOM Jiangsu province Changzhou 5G network, CN)"
hunana.com,1,"AS46606 (UNIFIEDLAYER-AS-1 - Unified Layer, US)"
mx2.hc2801-3.iphmx.com,1,"AS16417 (IRONPORT-SYSTEMS-INC - Cisco Systems Ironport Division, US)"
hungeral.com,1,"AS47583 (AS-HOSTINGER, CY)"
mail.humaniml.ru,1,"AS12586 (ASGHOSTNET, DE)"
mxb-00279701.gslb.pphosted.com,1,
humanc.com,1,"AS13767 (DATABANK-DFW - DataBank Holdings, Ltd., US)"
mail.huntarapp.com,1,"AS63949 (AKAMAI-LINODE-AP Akamai Connected Cloud, SG)"
mx1027.onamae.ne.jp,1,"AS58791 (GMOOSK-NET GMO Internet Group, Inc., JP)"
mail.human2.com,1,"AS210250 (WPX, BG)"
huno-com.mail.protection.outlook.com,1,"AS8075 (MICROSOFT-CORP-MSN-AS-BLOCK - Microsoft Corporation, US)"
mx7.hungtington.com,1,"AS27257 (WEBAIR-INTERNET - Webair Internet Development Company Inc., US)"
humanai.com,1,"AS51167 (CONTABO, DE)"
hunnyberry.com,1,"AS16509 (AMAZON-02 - Amazon.com, Inc., US)"
email.hush2u.com,1,"AS24940 (HETZNER-AS, DE)"
mail.hunterhouse.pl,1,"AS16276 (OVH, FR)"
_dc-mx.bfc424da4b57.huskysteals.com,1,"AS19871 (NETWORK-SOLUTIONS-HOSTING - Network Solutions, LLC, US)"
hurcmail.com,1,"AS213702 (QWINS-LTD QWINS AS-SET: ~ # AS213702:AS-CUSTOMERS, GB)"
huntingtonb.com,1,"AS212531 (INTERNETO-VIZIJA, LT)"
imail.hunara.com,1,"AS4766 (KIXS-AS-KR Korea Telecom, KR)"
hvntinqton-com.mail.protection.outlook.com,1,"AS8075 (MICROSOFT-CORP-MSN-AS-BLOCK - Microsoft Corporation, US)"
a446530.mx.mailhop.org,1,"AS16509 (AMAZON-02 - Amazon.com, Inc., US)"
mail.huweimail.cn,1,"AS132203 (TENCENT-NET-AP-CN Tencent Building, Kejizhongyi Avenue, CN)"
mail.hydrobil.ru,1,"AS12586 (ASGHOSTNET, DE)"
hutomosungkar.com,1,"AS139457 (IDNIC-ANTMEDIAHOST-AS-ID PT Semut Data Indonesia, ID)"
mail.hyalini.ru,1,"AS12586 (ASGHOSTNET, DE)"
mail.hydrodymails.ru,1,"AS12586 (ASGHOSTNET, DE)"
malibuzz.hypeinteractive.us,1,"AS51167 (CONTABO, DE)"
mail.hydrobmalu.ru,1,"AS12586 (ASGHOSTNET, DE)"
mail.hyaloplemail.ru,1,"AS12586 (ASGHOSTNET, DE)"
mail.hwmail.kro.kr,1,"AS396982 (GOOGLE-CLOUD-PLATFORM - Google LLC, US)"
mail.hydrofml.com,1,"AS12586 (ASGHOSTNET, DE)"
mail.hydroformemail.ru,1,"AS12586 (ASGHOSTNET, DE)"
mail.hydromefml.ru,1,"AS12586 (ASGHOSTNET, DE)"
mail.hydromemalu.ru,1,"AS12586 (ASGHOSTNET, DE)"
mail.hydrometmail.com,1,"AS12586 (ASGHOSTNET, DE)"
mail.hydrodmail.com,1,"AS12586 (ASGHOSTNET, DE)"
mail.hyperaebml.ru,1,"AS12586 (ASGHOSTNET, DE)"
mail.hypermemale.com,1,"AS12586 (ASGHOSTNET, DE)"
mail.hydrotifkml.com,1,"AS12586 (ASGHOSTNET, DE)"
mail.hydrosulphuebml.ru,1,"AS12586 (ASGHOSTNET, DE)"
mail.hypercrli.com,1,"AS12586 (ASGHOSTNET, DE)"
mail.hydromail.ru,1,"AS12586 (ASGHOSTNET, DE)"
mail.hyperebml.ru,1,"AS12586 (ASGHOSTNET, DE)"
mail.hydrocellebml.ru,1,"AS12586 (ASGHOSTNET, DE)"
mail.hypermetam.ru,1,"AS12586 (ASGHOSTNET, DE)"
mail.hyperlemi.com,1,"AS12586 (ASGHOSTNET, DE)"
mail.hymenophemail.ru,1,"AS12586 (ASGHOSTNET, DE)"
mail.hypermomale.com,1,"AS12586 (ASGHOSTNET, DE)"
_dc-mx.c08be3755209.hyipfanclub.eu,1,"AS12876 (Online SAS, FR)"
mail.hyperexcmity.ru,1,"AS12586 (ASGHOSTNET, DE)"
mail.hydrodymail.ru,1,"AS12586 (ASGHOSTNET, DE)"
mail.hyperventilfml.com,1,"AS12586 (ASGHOSTNET, DE)"
mail.huzurevi.net,1,"AS209711 (MUVHOST, TR)"
hyperphalmail.com,1,"AS213702 (QWINS-LTD QWINS AS-SET: ~ # AS213702:AS-CUSTOMERS, GB)"
mail.hyperthmail.com,1,"AS12586 (ASGHOSTNET, DE)"
mail.hypnogenets.com,1,"AS12586 (ASGHOSTNET, DE)"
mail.hypemails.ru,1,"AS12586 (ASGHOSTNET, DE)"
mail.hypocraterili.com,1,"AS12586 (ASGHOSTNET, DE)"
mail.hyperkemail.ru,1,"AS12586 (ASGHOSTNET, DE)"
mail.hypermalu.ru,1,"AS12586 (ASGHOSTNET, DE)"
mail.hydroxymail.ru,1,"AS12586 (ASGHOSTNET, DE)"
hyperomail.com,1,"AS213702 (QWINS-LTD QWINS AS-SET: ~ # AS213702:AS-CUSTOMERS, GB)"
mail.hyperoxymail.com,1,"AS12586 (ASGHOSTNET, DE)"
mail.hypomemail.ru,1,"AS12586 (ASGHOSTNET, DE)"
mail.hypochoemail.ru,1,"AS12586 (ASGHOSTNET, DE)"
mail.hyperlipifml.ru,1,"AS12586 (ASGHOSTNET, DE)"
mail.hyperventie.com,1,"AS12586 (ASGHOSTNET, DE)"
mail.hypodicemi.com,1,"AS12586 (ASGHOSTNET, DE)"
mail.hyperphaloli.ru,1,"AS12586 (ASGHOSTNET, DE)"
mail.hypocorili.com,1,"AS12586 (ASGHOSTNET, DE)"
mail.hyperpebml.ru,1,"AS12586 (ASGHOSTNET, DE)"
mail.hyposemail.com,1,"AS12586 (ASGHOSTNET, DE)"
mail.hypothyr.ru,1,"AS12586 (ASGHOSTNET, DE)"
mail.hypnoanalemail.ru,1,"AS12586 (ASGHOSTNET, DE)"
mail.hyprsmail.ru,1,"AS12586 (ASGHOSTNET, DE)"
mail.hypovitamail.com,1,"AS12586 (ASGHOSTNET, DE)"
mail.hypogomity.ru,1,"AS12586 (ASGHOSTNET, DE)"
mail.hyperthyolml.ru,1,"AS12586 (ASGHOSTNET, DE)"
mail.hypoalimeemail.ru,1,"AS12586 (ASGHOSTNET, DE)"
mail.hypostatmail.com,1,"AS12586 (ASGHOSTNET, DE)"
mail.hystertomail.com,1,"AS12586 (ASGHOSTNET, DE)"
mail.hypemail.ru,1,"AS12586 (ASGHOSTNET, DE)"
mail.hypochmalis.com,1,"AS12586 (ASGHOSTNET, DE)"
mail.hypmalu.ru,1,"AS12586 (ASGHOSTNET, DE)"
mail.hyposemail.ru,1,"AS12586 (ASGHOSTNET, DE)"
mail.hypocaoli.ru,1,"AS12586 (ASGHOSTNET, DE)"
mail.hyperurolml.ru,1,"AS12586 (ASGHOSTNET, DE)"
mail.hypsistenoceli.com,1,"AS12586 (ASGHOSTNET, DE)"
mail.hypsiceph.com,1,"AS12586 (ASGHOSTNET, DE)"
mail.hypochomails.ru,1,"AS12586 (ASGHOSTNET, DE)"
mail.hypophysectmail.ru,1,"AS12586 (ASGHOSTNET, DE)"
i.lovepettoys.shop,1,"AS47583 (AS-HOSTINGER, CY)"
mail.i-taiwan.tv,1,"AS36351 (SOFTLAYER - IBM Cloud, US)"
mail.hypertooli.ru,1,"AS12586 (ASGHOSTNET, DE)"
mail.hypomotmail.ru,1,"AS12586 (ASGHOSTNET, DE)"
mail.i-plus.net,1,"AS12167 (LIGHTWAVE-DALLAS - LightWave Networks, US)"
mail.hztx.com,1,
mail.i4j0j3iz0.com,1,"AS47583 (AS-HOSTINGER, CY)"
_dc-mx.58eeb48e2f55.i-strony.pl,1,"AS41079 (CF-GDA, PL)"
mail1.i2pmail.org,1,
i22.site,1,"AS40021 (CONTABO-40021 - Contabo Inc., US)"
mail.i201zzf8x.com,1,"AS47583 (AS-HOSTINGER, CY)"
mx4.chinanetsun.com,1,"AS4811 (CHINANET-SHANGHAI-MAN China Telecom Group, CN)"
sniper.i-sens.com,1,"AS9318 (SKB-AS SK Broadband Co Ltd, KR)"
mail.i88i.fit,1,"AS22612 (NAMECHEAP-NET - Namecheap, Inc., US)"
mail.i54mail.com,1,"AS12586 (ASGHOSTNET, DE)"
mail.idelneftemash.ru,1,"AS28812 (JSCBIS-AS, RU)"
mx1.jimdo.com,1,"AS27357 (RACKSPACE - Rackspace Hosting, US)"
mail.iamail.com,1,
mx.iapm.ca.cust.a.hostedemail.com,1,"AS15348 (TUCOWS - Tucows.com Co., CA)"
mail.ianony.net,1,"AS13335 (CLOUDFLARENET - Cloudflare, Inc., US)"
mail.iaindustrie.fr,1,"AS50474 (O2SWITCH, FR)"
hybrid.trade,1,"AS14061 (DIGITALOCEAN-ASN - DigitalOcean, LLC, US)"
aspmx.1.google.com,1,
hypercarmail.com,1,"AS211056 (KHALIJSERVER, IR)"
mail.iatromathemafml.com,1,"AS12586 (ASGHOSTNET, DE)"
aspmx1.googlemail.com,1,
iber-com.mail.protection.outlook.com,1,"AS8075 (MICROSOFT-CORP-MSN-AS-BLOCK - Microsoft Corporation, US)"
mail.iatromatinf.com,1,"AS12586 (ASGHOSTNET, DE)"
ibcooking-com.mail.protection.outlook.com,1,"AS8075 (MICROSOFT-CORP-MSN-AS-BLOCK - Microsoft Corporation, US)"
s10708.lon1.stableserver.net,1,"AS51713 (WHG-LON, GB)"
ianq.com,1,"AS45638 (SYNERGYWHOLESALE-AP SYNERGY WHOLESALE PTY LTD, AU)"
mx0a-001b2d05.pphosted.com,1,"AS26211 (PROOFPOINT-ASN-US-WEST - Proofpoint, Inc., US)"
ibj-com.mail.protection.outlook.com,1,"AS8075 (MICROSOFT-CORP-MSN-AS-BLOCK - Microsoft Corporation, US)"
bsf400.mailserve.co.jp,1,"AS24282 (KIR KAGOYA JAPAN Inc., JP)"
mail.instdomains.com,1,"AS212317 (HETZNER-CLOUD3-AS, DE)"
ibml-com.mail.protection.outlook.com,1,"AS8075 (MICROSOFT-CORP-MSN-AS-BLOCK - Microsoft Corporation, US)"
mx.ibmg.com.cust.a.hostedemail.com,1,"AS15348 (TUCOWS - Tucows.com Co., CA)"
mail.ibn.com,1,"AS45352 (IPSERVERONE-AS-AP IP ServerOne Solutions Sdn Bhd, MY)"
ibmi-com.mail.protection.outlook.com,1,"AS8075 (MICROSOFT-CORP-MSN-AS-BLOCK - Microsoft Corporation, US)"
iba-edu-pk.mail.protection.outlook.com,1,"AS8075 (MICROSOFT-CORP-MSN-AS-BLOCK - Microsoft Corporation, US)"
mail6.g24.pair.com,1,"AS7859 (PAIR-NETWORKS - pair Networks, US)"
ibo-com.mail.protection.outlook.com,1,"AS8075 (MICROSOFT-CORP-MSN-AS-BLOCK - Microsoft Corporation, US)"
mxa-0097e501.gslb.pphosted.com,1,"AS22843 (PROOFPOINT-ASN-US-EAST - Proofpoint, Inc., US)"
mx1.ibmmails.com,1,"AS200107 (KL-EXT, CH)"
iblbildbyra.se,1,"AS35041 (NET-BINERO-STHLM1, SE)"
mail.ibmm.com,1,"AS13246 (INETWIRE-AS Key-Systems GmbH PartnerGate, DE)"
ibtso-com.mail.protection.outlook.com,1,"AS8075 (MICROSOFT-CORP-MSN-AS-BLOCK - Microsoft Corporation, US)"
ibizaholidays.com,1,"AS26496 (AS-26496-GO-DADDY-COM-LLC - GoDaddy.com, LLC, US)"
mail.ibntel.com,1,"AS701 (UUNET - Verizon Business, US)"
mail.icanfatbike.com,1,"AS46606 (UNIFIEDLAYER-AS-1 - Unified Layer, US)"
mailcleaner.icaruslegend.com,1,"AS16276 (OVH, FR)"
msv.softbank.jp,1,"AS17505 (SBMOBILE SoftBank Corp., JP)"
mail.keppler-it.de,1,"AS24940 (HETZNER-AS, DE)"
mx1.orcon.net.nz,1,"AS9790 (TWO-DEGREES-AS-AP Two Degrees Networks Limited, NZ)"
mxb-00a11b02.gslb.pphosted.com,1,"AS26211 (PROOFPOINT-ASN-US-WEST - Proofpoint, Inc., US)"
mail.ichthyolfml.com,1,"AS12586 (ASGHOSTNET, DE)"
mail.icemails.top,1,"AS24940 (HETZNER-AS, DE)"
mail.iconmal.com,1,"AS14061 (DIGITALOCEAN-ASN - DigitalOcean, LLC, US)"
mail.ichthyolomail.ru,1,"AS12586 (ASGHOSTNET, DE)"
mail.iamguide.ru,1,"AS44094 (WEBHOST1-AS, RU)"
mail.iamcoder.ru,1,"AS44094 (WEBHOST1-AS, RU)"
ibx.com.br,1,"AS33182 (DIMENOC - HostDime.com, Inc., US)"
mail.iconomail.ru,1,"AS12586 (ASGHOSTNET, DE)"
mail.iconogrmail.ru,1,"AS12586 (ASGHOSTNET, DE)"
kerio1.kampmail.de,1,"AS8648 (ONE-NETWORK, DE)"
icti-com.mail.protection.outlook.com,1,"AS8075 (MICROSOFT-CORP-MSN-AS-BLOCK - Microsoft Corporation, US)"
mail.iconofkml.com,1,"AS12586 (ASGHOSTNET, DE)"
mail.id.semar.edu.pl,1,"AS16276 (OVH, FR)"
mail.icosahomail.com,1,"AS12586 (ASGHOSTNET, DE)"
id-pl.mail.protection.outlook.com,1,"AS8075 (MICROSOFT-CORP-MSN-AS-BLOCK - Microsoft Corporation, US)"
icm-com.mail.protection.outlook.com,1,"AS8075 (MICROSOFT-CORP-MSN-AS-BLOCK - Microsoft Corporation, US)"
mx.mailinator.com,1,"AS13335 (CLOUDFLARENET - Cloudflare, Inc., US)"
mx.icrr2011symp.pl,1,"AS14061 (DIGITALOCEAN-ASN - DigitalOcean, LLC, US)"
_dc-mx.0d794ed6f625.idcreate.site,1,"AS24940 (HETZNER-AS, DE)"
mail.idawah.com,1,"AS14061 (DIGITALOCEAN-ASN - DigitalOcean, LLC, US)"
id-candyschool-eu-org.mail.protection.outlook.com,1,"AS8075 (MICROSOFT-CORP-MSN-AS-BLOCK - Microsoft Corporation, US)"
icahu.com,1,"AS200296 (HOSTANDSERVERPROVIDER, IR)"
_dc-mx.8e4148ef4be8.idealencounters.com,1,"AS24940 (HETZNER-AS, DE)"
_dc-mx.60da49c2fc5b.idealpersonaltrainers.com,1,
_dc-mx.bd5db09c9768.idfd.live,1,"AS24940 (HETZNER-AS, DE)"
mail.ideatimails.ru,1,"AS12586 (ASGHOSTNET, DE)"
_dc-mx.95b6345df1fb.idf.ovh,1,"AS24940 (HETZNER-AS, DE)"
mail.idensemail.ru,1,"AS12586 (ASGHOSTNET, DE)"
mail.ideuse.com,1,"AS14061 (DIGITALOCEAN-ASN - DigitalOcean, LLC, US)"
mail.idiomatmity.ru,1,"AS12586 (ASGHOSTNET, DE)"
mail.ideograpml.ru,1,"AS12586 (ASGHOSTNET, DE)"
mail.ideiadenegocio.com,1,"AS19871 (NETWORK-SOLUTIONS-HOSTING - Network Solutions, LLC, US)"
idm-com.mail.protection.outlook.com,1,"AS8075 (MICROSOFT-CORP-MSN-AS-BLOCK - Microsoft Corporation, US)"
idointucson-com.mail.protection.outlook.com,1,"AS8075 (MICROSOFT-CORP-MSN-AS-BLOCK - Microsoft Corporation, US)"
mail.ideologiomail.com,1,"AS12586 (ASGHOSTNET, DE)"
mail.ideologimail.ru,1,"AS12586 (ASGHOSTNET, DE)"
mail.identific.ru,1,"AS12586 (ASGHOSTNET, DE)"
mail.idiorepmails.ru,1,"AS12586 (ASGHOSTNET, DE)"
idrrate-com.mail.protection.outlook.com,1,"AS8075 (MICROSOFT-CORP-MSN-AS-BLOCK - Microsoft Corporation, US)"
mail.idmali.ru,1,"AS12586 (ASGHOSTNET, DE)"
mail-mx-01.ktc235a.fibernetics.ca,1,"AS36493 (295CA-TOR-ASN - FIBERNETICS CORPORATION, CA)"
mail.idiomalu.ru,1,"AS12586 (ASGHOSTNET, DE)"
mail.idiomunmail.com,1,"AS12586 (ASGHOSTNET, DE)"
mail.idiomemail.ru,1,"AS12586 (ASGHOSTNET, DE)"
mail.idioticfl.com,1,"AS12586 (ASGHOSTNET, DE)"
idp-com.mail.protection.outlook.com,1,"AS8075 (MICROSOFT-CORP-MSN-AS-BLOCK - Microsoft Corporation, US)"
idropshipper.com,1,"AS16276 (OVH, FR)"
mail.idiosynmail.ru,1,"AS12586 (ASGHOSTNET, DE)"
mail.idiofm.ru,1,"AS12586 (ASGHOSTNET, DE)"
mx-domain.idvinced.com,1,"AS14061 (DIGITALOCEAN-ASN - DigitalOcean, LLC, US)"
ifavorsprt-com.mail.protection.outlook.com,1,
mail.ieatspam.eu,1,"AS24940 (HETZNER-AS, DE)"
mail.idrifla.com,1,"AS53667 (PONYNET - FranTech Solutions, US)"
d178795a.ess.barracudanetworks.com,1,"AS16509 (AMAZON-02 - Amazon.com, Inc., US)"
ifchuck.com,1,"AS47583 (AS-HOSTINGER, CY)"
mail.ifomail.com,1,"AS14061 (DIGITALOCEAN-ASN - DigitalOcean, LLC, US)"
mail.ifsso.net,1,"AS216071 (VDSINA, AE)"
mail.ifoxdd.com,1,"AS14061 (DIGITALOCEAN-ASN - DigitalOcean, LLC, US)"
ksmg.sbercloud.ru,1,"AS208677 (CLOUDRU-AS, RU)"
igrovieavtomati.org,1,"AS202422 (GHOST, LU)"
smtp.idont.date,1,"AS16509 (AMAZON-02 - Amazon.com, Inc., US)"
mail.ignomifmals.com,1,"AS12586 (ASGHOSTNET, DE)"
ihamail-com.mail.protection.outlook.com,1,"AS8075 (MICROSOFT-CORP-MSN-AS-BLOCK - Microsoft Corporation, US)"
igeonmail.com,1,"AS213702 (QWINS-LTD QWINS AS-SET: ~ # AS213702:AS-CUSTOMERS, GB)"
mail.ignomail.com,1,"AS12586 (ASGHOSTNET, DE)"
mail.iemail.fun,1,"AS12586 (ASGHOSTNET, DE)"
iifinder-com.mail.protection.outlook.com,1,"AS8075 (MICROSOFT-CORP-MSN-AS-BLOCK - Microsoft Corporation, US)"
mx.ijobns.com,1,
mail.hwy9.com,1,"AS14061 (DIGITALOCEAN-ASN - DigitalOcean, LLC, US)"
v4337.m3xs.net,1,"AS27589 (MOJOHOST - MOJOHOST, US)"
mail.ikewe.com,1,"AS14061 (DIGITALOCEAN-ASN - DigitalOcean, LLC, US)"
idpoker99.org,1,"AS22612 (NAMECHEAP-NET - Namecheap, Inc., US)"
msn.iirport.com,1,"AS14061 (DIGITALOCEAN-ASN - DigitalOcean, LLC, US)"
mail.ikkjacket.com,1,"AS47583 (AS-HOSTINGER, CY)"
mail.ikbenspamvrij.nl,1,"AS50673 (SERVERIUS-AS, NL)"
ilamseo-com.mail.protection.outlook.com,1,"AS8075 (MICROSOFT-CORP-MSN-AS-BLOCK - Microsoft Corporation, US)"
koneshdistribuidores.com.mx,1,"AS53824 (LIQUIDWEB - Liquid Web, L.L.C, US)"
mail.iinq.com,1,"AS4808 (CHINA169-BJ China Unicom Beijing Province Network, CN)"
illimitabmail-com.mail.protection.outlook.com,1,"AS8075 (MICROSOFT-CORP-MSN-AS-BLOCK - Microsoft Corporation, US)"
mail.ileosigmmail.com,1,"AS12586 (ASGHOSTNET, DE)"
mail.ikomunia.pl,1,"AS8308 (NASK-COMMERCIAL, PL)"
spf.ilbudre.com,1,"AS14061 (DIGITALOCEAN-ASN - DigitalOcean, LLC, US)"
ilove-com.mail.protection.outlook.com,1,"AS8075 (MICROSOFT-CORP-MSN-AS-BLOCK - Microsoft Corporation, US)"
mx.ilikeyoustore.org,1,"AS14061 (DIGITALOCEAN-ASN - DigitalOcean, LLC, US)"
mail.illegiemail.ru,1,"AS12586 (ASGHOSTNET, DE)"
mail.iliofmk.com,1,"AS12586 (ASGHOSTNET, DE)"
mail.illegimails.ru,1,"AS12586 (ASGHOSTNET, DE)"
mail.illegitifl.com,1,"AS12586 (ASGHOSTNET, DE)"
mail.illiqutomail.com,1,"AS12586 (ASGHOSTNET, DE)"
racks.illnessth.com,1,"AS14061 (DIGITALOCEAN-ASN - DigitalOcean, LLC, US)"
mail.illusofmk.com,1,"AS12586 (ASGHOSTNET, DE)"
a088734.mx.mailhop.org,1,"AS16509 (AMAZON-02 - Amazon.com, Inc., US)"
mail.illegitimail.ru,1,"AS12586 (ASGHOSTNET, DE)"
mail.illumifmail.ru,1,"AS12586 (ASGHOSTNET, DE)"
illimitajmail.ru,1,"AS213702 (QWINS-LTD QWINS AS-SET: ~ # AS213702:AS-CUSTOMERS, GB)"
mail.ilydeen.org,1,"AS47583 (AS-HOSTINGER, CY)"
gatew2rh0o.iloveion.com,1,"AS14061 (DIGITALOCEAN-ASN - DigitalOcean, LLC, US)"
_dc-mx.2e7fea9b3eed.ilsalento.info,1,"AS31034 (ARUBA-ASN, IT)"
mail.imagesnuptial.com,1,"AS212192 (INTELI-TECH-DEVELOPMENT-SRL, RO)"
mail.imageninnova.com,1,"AS46606 (UNIFIEDLAYER-AS-1 - Unified Layer, US)"
imagnumhealthcare-com.mail.protection.outlook.com,1,"AS8075 (MICROSOFT-CORP-MSN-AS-BLOCK - Microsoft Corporation, US)"
mail.illubd.com,1,"AS24940 (HETZNER-AS, DE)"
mail.imalias.com,1,"AS14061 (DIGITALOCEAN-ASN - DigitalOcean, LLC, US)"
ikuti.my.id,1,"AS138115 (IDNIC-DENEVA-AS-ID PT Deneva, ID)"
mail.imaginmail.ru,1,"AS12586 (ASGHOSTNET, DE)"
mail.imagirsmail.ru,1,"AS12586 (ASGHOSTNET, DE)"
mx.ilpiacere.it,1,"AS31034 (ARUBA-ASN, IT)"
imail.edu.vn,1,"AS20068 (HAWKHOST - Hawk Host Inc., CA)"
imails.asso.st,1,"AS16276 (OVH, FR)"
m-01b.th.seeweb.it,1,
imap.fr.nf,1,"AS16276 (OVH, FR)"
mail.imatrekkie.com,1,"AS4739 (INTERNODE-AS Internode Pty Ltd, AU)"
_dc-mx.27c33030a41e.immo-rocket.fr,1,"AS50474 (O2SWITCH, FR)"
_dc-mx.da3b9eb7f901.imgtokyo.com,1,"AS206264 (AMARUTU-TECHNOLOGY, SC)"
immatmail.com,1,"AS213702 (QWINS-LTD QWINS AS-SET: ~ # AS213702:AS-CUSTOMERS, GB)"
mail.imnart.com,1,"AS14061 (DIGITALOCEAN-ASN - DigitalOcean, LLC, US)"
imh.life,1,"AS49981 (WORLDSTREAM, NL)"
mail.imirsmail.ru,1,"AS12586 (ASGHOSTNET, DE)"
mx.imovie.link,1,"AS29873 (BIZLAND-SD - Newfold Digital, Inc., US)"
mail.immmalary.ru,1,"AS12586 (ASGHOSTNET, DE)"
mail.immortaml.ru,1,"AS12586 (ASGHOSTNET, DE)"
mail.immobilmail.ru,1,"AS12586 (ASGHOSTNET, DE)"
mail.immova.ru,1,"AS12586 (ASGHOSTNET, DE)"
mail.imobie.com,1,"AS32244 (LIQUIDWEB - Liquid Web, L.L.C, US)"
mail.immunoche.ru,1,"AS12586 (ASGHOSTNET, DE)"
mail.immethodicfl.com,1,"AS12586 (ASGHOSTNET, DE)"
mail.immateriamail.ru,1,"AS12586 (ASGHOSTNET, DE)"
imperialmanagement-com.mail.protection.outlook.com,1,"AS8075 (MICROSOFT-CORP-MSN-AS-BLOCK - Microsoft Corporation, US)"
mail.immunosuppmail.ru,1,"AS12586 (ASGHOSTNET, DE)"
mail.ibmr.com,1,"AS31083 (TELEPOINT, BG)"
impactmarketing-global.mail.protection.outlook.com,1,"AS8075 (MICROSOFT-CORP-MSN-AS-BLOCK - Microsoft Corporation, US)"
mail.immunoelectrmail.com,1,"AS12586 (ASGHOSTNET, DE)"
mail.immobilizmail.ru,1,"AS12586 (ASGHOSTNET, DE)"
mail.immunocmail.com,1,"AS12586 (ASGHOSTNET, DE)"
mail.immmail.ru,1,"AS12586 (ASGHOSTNET, DE)"
dpsmartmail35.doteasy.com,1,"AS36218 (WHG-CAN, GB)"
w00a66b4.kasserver.com,1,"AS34788 (NMM-AS D - 02742 Friedersdorf Hauptstrasse 68, DE)"
mail.immethodicme.ru,1,"AS12586 (ASGHOSTNET, DE)"
mail.implaemail.ru,1,"AS12586 (ASGHOSTNET, DE)"
mail.immunosuppremail.ru,1,"AS12586 (ASGHOSTNET, DE)"
mail.impeemail.ru,1,"AS12586 (ASGHOSTNET, DE)"
mail.imparisymyu.ru,1,"AS12586 (ASGHOSTNET, DE)"
mail.imitrex-sumatriptan.com,1,"AS24940 (HETZNER-AS, DE)"
mail.immunopamalu.ru,1,"AS12586 (ASGHOSTNET, DE)"
mail.impermalu.ru,1,"AS12586 (ASGHOSTNET, DE)"
mail.imperscrisemail.com,1,"AS12586 (ASGHOSTNET, DE)"
mail.impersml.ru,1,"AS12586 (ASGHOSTNET, DE)"
mail.implementafkml.com,1,"AS12586 (ASGHOSTNET, DE)"
mail.impersmail.com,1,"AS12586 (ASGHOSTNET, DE)"
mail.imperceptibfm.ru,1,"AS12586 (ASGHOSTNET, DE)"
mail.improvedtt.com,1,"AS47583 (AS-HOSTINGER, CY)"
mail.imparml.ru,1,"AS12586 (ASGHOSTNET, DE)"
mail.imperturbmail.com,1,"AS12586 (ASGHOSTNET, DE)"
mail.imperiamails.ru,1,"AS12586 (ASGHOSTNET, DE)"
mail.impeaaemail.ru,1,"AS12586 (ASGHOSTNET, DE)"
mail.impartibebml.ru,1,"AS12586 (ASGHOSTNET, DE)"
mail.imexcointernational.com,1,"AS38532 (EXABYTES-AS-AP Exabytes Network Singapore Pte. Ltd., SG)"
mail.imprezorganizacja.pl,1,"AS47544 (IQPL-AS, PL)"
mail.implauemail.ru,1,"AS12586 (ASGHOSTNET, DE)"
imgresizer.shop,1,"AS136246 (TOMATTOSTL-AS-AP Tomattos Technologies Ltd., BD)"
mail.impetumail.ru,1,"AS12586 (ASGHOSTNET, DE)"
mail.imstations.com,1,"AS24940 (HETZNER-AS, DE)"
mail.impracticmail.ru,1,"AS12586 (ASGHOSTNET, DE)"
mail.impecunmalu.ru,1,"AS12586 (ASGHOSTNET, DE)"
imuasouthwest-com.mail.protection.outlook.com,1,"AS8075 (MICROSOFT-CORP-MSN-AS-BLOCK - Microsoft Corporation, US)"
_dc-mx.338f29f69d66.imswa.com,1,"AS51167 (CONTABO, DE)"
mail.improbabimyu.ru,1,"AS12586 (ASGHOSTNET, DE)"
mail.impolimail.ru,1,"AS12586 (ASGHOSTNET, DE)"
in-wordprezz.com,1,"AS46606 (UNIFIEDLAYER-AS-1 - Unified Layer, US)"
mail.imperimail.ru,1,"AS12586 (ASGHOSTNET, DE)"
mx.fw.bytemail.io,1,"AS47583 (AS-HOSTINGER, CY)"
imq.fi,1,"AS35382 (GLESYS-FI-2, SE)"
inbaca-com.mail.protection.outlook.com,1,"AS8075 (MICROSOFT-CORP-MSN-AS-BLOCK - Microsoft Corporation, US)"
mail.inappmails.ru,1,"AS12586 (ASGHOSTNET, DE)"
impropriajmail.ru,1,"AS213702 (QWINS-LTD QWINS AS-SET: ~ # AS213702:AS-CUSTOMERS, GB)"
mail.improvml.ru,1,"AS12586 (ASGHOSTNET, DE)"
mailin1.in4el.com,1,"AS51013 (WEBSUPPORT-SRO-SK-AS, SK)"
mail.inartmails.ru,1,"AS12586 (ASGHOSTNET, DE)"
mail.inaccfkml.com,1,"AS12586 (ASGHOSTNET, DE)"
mail.inartistimail.ru,1,"AS12586 (ASGHOSTNET, DE)"
pmg.in-ulm.de,1,"AS25538 (IN-ULM, DE)"
mail.inalteramail.ru,1,"AS12586 (ASGHOSTNET, DE)"
mx.testmail.app,1,"AS14618 (AMAZON-AES - Amazon.com, Inc., US)"
inappreciatmail.com,1,"AS213702 (QWINS-LTD QWINS AS-SET: ~ # AS213702:AS-CUSTOMERS, GB)"
mail.imperiya1.ru,1,"AS44094 (WEBHOST1-AS, RU)"
mail.inauthormail.com,1,"AS12586 (ASGHOSTNET, DE)"
mail.inapproamail.com,1,"AS12586 (ASGHOSTNET, DE)"
mail.inboxgate.rest,1,"AS14061 (DIGITALOCEAN-ASN - DigitalOcean, LLC, US)"
ingress.inboxes.app,1,"AS16276 (OVH, FR)"
mail.inboxbear.com,1,"AS16276 (OVH, FR)"
mail132.imtel.com,1,"AS4766 (KIXS-AS-KR Korea Telecom, KR)"
mail.inartemail.ru,1,"AS12586 (ASGHOSTNET, DE)"
mail.inboxeen.com,1,"AS63949 (AKAMAI-LINODE-AP Akamai Connected Cloud, SG)"
mx.inboxorigin.com,1,"AS16276 (OVH, FR)"
mail1.inboxes.com,1,"AS16276 (OVH, FR)"
mail.inauthemail.ru,1,"AS12586 (ASGHOSTNET, DE)"
mail.inboxturtle.dev,1,"AS24940 (HETZNER-AS, DE)"
mail.dynip.asia,1,"AS213230 (HETZNER-CLOUD2-AS, DE)"
mail.inalienabfmail.ru,1,"AS12586 (ASGHOSTNET, DE)"
mail.inartmail.ru,1,"AS12586 (ASGHOSTNET, DE)"
mail.inartiemail.ru,1,"AS12586 (ASGHOSTNET, DE)"
mail.inboxalias.com,1,"AS16276 (OVH, FR)"
mail.incardinaufml.ru,1,"AS12586 (ASGHOSTNET, DE)"
mail.inclick.net,1,"AS36351 (SOFTLAYER - IBM Cloud, US)"
mail.inboxmails.de,1,"AS44486 (SYNLINQ synlinq.de, DE)"
mail.inapprecimail.ru,1,"AS12586 (ASGHOSTNET, DE)"
mail.alphainstinct.ro,1,"AS12876 (Online SAS, FR)"
ifmail-com.mail.protection.outlook.com,1,"AS8075 (MICROSOFT-CORP-MSN-AS-BLOCK - Microsoft Corporation, US)"
incisivemedia-com.mail.protection.outlook.com,1,"AS8075 (MICROSOFT-CORP-MSN-AS-BLOCK - Microsoft Corporation, US)"
mail.incondensmail.com,1,"AS40021 (CONTABO-40021 - Contabo Inc., US)"
mail.inboxpro.top,1,"AS16276 (OVH, FR)"
mail.increase5f.com,1,"AS47583 (AS-HOSTINGER, CY)"
mail.romancesgroup.com,1,"AS14061 (DIGITALOCEAN-ASN - DigitalOcean, LLC, US)"
mx2.inboxmails.net,1,"AS200107 (KL-EXT, CH)"
mail.incalculabmail.ru,1,"AS12586 (ASGHOSTNET, DE)"
mail.inddweg.com,1,"AS47583 (AS-HOSTINGER, CY)"
mail.incommmali.ru,1,"AS12586 (ASGHOSTNET, DE)"
mail.incontrovemail.ru,1,"AS12586 (ASGHOSTNET, DE)"
mail.inciolml.ru,1,"AS12586 (ASGHOSTNET, DE)"
mail.incommoml.ru,1,"AS12586 (ASGHOSTNET, DE)"
mail.inconsidermail.ru,1,"AS12586 (ASGHOSTNET, DE)"
incompatimail.com,1,"AS213702 (QWINS-LTD QWINS AS-SET: ~ # AS213702:AS-CUSTOMERS, GB)"
mail.incommutali.com,1,"AS12586 (ASGHOSTNET, DE)"
backmail.inbtel.com,1,"AS8560 (IONOS-AS This is the joint network for IONOS, Fasthosts, Arsys, 1&1 Mail and Media and 1&1 Telecom. Formerly known as 1&1 Internet SE., DE)"
mail.incommunmail.com,1,"AS12586 (ASGHOSTNET, DE)"
mail.incomemail.ru,1,"AS12586 (ASGHOSTNET, DE)"
mail.incorponmail.com,1,"AS12586 (ASGHOSTNET, DE)"
mail.incommensumails.ru,1,"AS12586 (ASGHOSTNET, DE)"
mail.inconsequenfl.com,1,"AS12586 (ASGHOSTNET, DE)"
mail.incompolml.ru,1,"AS12586 (ASGHOSTNET, DE)"
mail.incombustili.com,1,"AS12586 (ASGHOSTNET, DE)"
mail.inconsidmails.ru,1,"AS12586 (ASGHOSTNET, DE)"
mail.incommensmails.ru,1,"AS12586 (ASGHOSTNET, DE)"
mail.incondenli.com,1,"AS12586 (ASGHOSTNET, DE)"
mail.incomprehensiblfkml.com,1,"AS12586 (ASGHOSTNET, DE)"
mail.indefinaemail.ru,1,"AS12586 (ASGHOSTNET, DE)"
mail.incorpoml.ru,1,"AS12586 (ASGHOSTNET, DE)"
incorrigimail.com,1,"AS213702 (QWINS-LTD QWINS AS-SET: ~ # AS213702:AS-CUSTOMERS, GB)"
mail.indefatmyu.ru,1,"AS12586 (ASGHOSTNET, DE)"
incomprehensmail.com,1,"AS213702 (QWINS-LTD QWINS AS-SET: ~ # AS213702:AS-CUSTOMERS, GB)"
mail.incredisemail.com,1,"AS12586 (ASGHOSTNET, DE)"
mail.incommumity.ru,1,"AS12586 (ASGHOSTNET, DE)"
mail.inconeaaemail.ru,1,"AS12586 (ASGHOSTNET, DE)"
mail.indianahorsecouncil.org,1,"AS44486 (SYNLINQ synlinq.de, DE)"
dkim.incrots.com,1,"AS14061 (DIGITALOCEAN-ASN - DigitalOcean, LLC, US)"
mail.indesolml.ru,1,"AS12586 (ASGHOSTNET, DE)"
mail.indescribamail.ru,1,"AS12586 (ASGHOSTNET, DE)"
incrediemail.com,1,"AS393960 (HOST4GEEKS-LLC - Host4Geeks LLC, US)"
indel-com.mail.protection.outlook.com,1,"AS8075 (MICROSOFT-CORP-MSN-AS-BLOCK - Microsoft Corporation, US)"
mail.incommunmail.ru,1,"AS12586 (ASGHOSTNET, DE)"
mail.indefemail.ru,1,"AS12586 (ASGHOSTNET, DE)"
mail.indemail.ru,1,"AS12586 (ASGHOSTNET, DE)"
mail.indemails.ru,1,"AS12586 (ASGHOSTNET, DE)"
a923185.mx.mailhop.org,1,"AS16509 (AMAZON-02 - Amazon.com, Inc., US)"
mail.indescrifml.com,1,"AS12586 (ASGHOSTNET, DE)"
mail.incomprehml.ru,1,"AS12586 (ASGHOSTNET, DE)"
mail.indiscrimmails.ru,1,"AS12586 (ASGHOSTNET, DE)"
mail.indiscrmails.ru,1,"AS12586 (ASGHOSTNET, DE)"
mail.indiscriminmail.ru,1,"AS12586 (ASGHOSTNET, DE)"
mail.indiho.info,1,"AS41079 (CF-GDA, PL)"
mail2.bahnhof.se,1,"AS8473 (BAHNHOF, SE)"
mail.individusmail.ru,1,"AS12586 (ASGHOSTNET, DE)"
mail.indelml.ru,1,"AS12586 (ASGHOSTNET, DE)"
mail.indeterminality.ru,1,"AS12586 (ASGHOSTNET, DE)"
indus-tech.mail.protection.outlook.com,1,
mail.indistriml.ru,1,"AS12586 (ASGHOSTNET, DE)"
mx2.indiego.host,1,"AS200107 (KL-EXT, CH)"
mail.indissolumy.com,1,"AS12586 (ASGHOSTNET, DE)"
mail.indistinguimail.com,1,"AS12586 (ASGHOSTNET, DE)"
mail.indistribmail.ru,1,"AS12586 (ASGHOSTNET, DE)"
mail.indiscrimimail.ru,1,"AS12586 (ASGHOSTNET, DE)"
mail.indiscipl.ru,1,"AS12586 (ASGHOSTNET, DE)"
mail.indissolmalu.ru,1,"AS12586 (ASGHOSTNET, DE)"
mail.ineffacfkml.com,1,"AS12586 (ASGHOSTNET, DE)"
mail.indivimail.com,1,"AS12586 (ASGHOSTNET, DE)"
mail.indispupt.ru,1,"AS12586 (ASGHOSTNET, DE)"
mail.ineffectuamail.ru,1,"AS12586 (ASGHOSTNET, DE)"
mail.industrialimy.com,1,"AS12586 (ASGHOSTNET, DE)"
ineedmoney-com.mail.protection.outlook.com,1,"AS8075 (MICROSOFT-CORP-MSN-AS-BLOCK - Microsoft Corporation, US)"
mail.inequitabmails.ru,1,"AS12586 (ASGHOSTNET, DE)"
mail.individpt.ru,1,"AS12586 (ASGHOSTNET, DE)"
mail.inexorabmity.ru,1,"AS12586 (ASGHOSTNET, DE)"
mail.indubitic.com,1,"AS12586 (ASGHOSTNET, DE)"
mail.indumail.ru,1,"AS12586 (ASGHOSTNET, DE)"
mail.indusmails.ru,1,"AS12586 (ASGHOSTNET, DE)"
mail.inequivamyu.ru,1,"AS12586 (ASGHOSTNET, DE)"
mail.inexhausinf.com,1,"AS12586 (ASGHOSTNET, DE)"
indogame.site,1,"AS135360 (ARGONDATANETWORK-AS-AP Argon Data Network, ID)"
mail.inelegfml.com,1,"AS12586 (ASGHOSTNET, DE)"
mail.inexplicabfkml.com,1,"AS12586 (ASGHOSTNET, DE)"
indobetting.net,1,"AS22612 (NAMECHEAP-NET - Namecheap, Inc., US)"
inemimail.com,1,"AS213702 (QWINS-LTD QWINS AS-SET: ~ # AS213702:AS-CUSTOMERS, GB)"
mail.inestimmail.com,1,"AS12586 (ASGHOSTNET, DE)"
mail.inextrili.com,1,"AS12586 (ASGHOSTNET, DE)"
mail.ineffec.ru,1,"AS12586 (ASGHOSTNET, DE)"
mail.inexpressic.com,1,"AS12586 (ASGHOSTNET, DE)"
mail.inevitabf.ru,1,"AS12586 (ASGHOSTNET, DE)"
mail.infeainf.com,1,"AS12586 (ASGHOSTNET, DE)"
mail.inexecmail.ru,1,"AS12586 (ASGHOSTNET, DE)"
indianembassyusa.gov.in,1,"AS18229 (CTRLS-AS-IN CtrlS, IN)"
mail.inferobranmail.ru,1,"AS12586 (ASGHOSTNET, DE)"
mail.inexpmail.ru,1,"AS12586 (ASGHOSTNET, DE)"
mail.infaemail.ru,1,"AS12586 (ASGHOSTNET, DE)"
mail.infinitmail.com,1,"AS12586 (ASGHOSTNET, DE)"
mail.inexterfml.com,1,"AS12586 (ASGHOSTNET, DE)"
mail.infeasf.ru,1,"AS12586 (ASGHOSTNET, DE)"
inexpugnjmail.ru,1,"AS213702 (QWINS-LTD QWINS AS-SET: ~ # AS213702:AS-CUSTOMERS, GB)"
infleqtion-com.mail.protection.outlook.com,1,"AS8075 (MICROSOFT-CORP-MSN-AS-BLOCK - Microsoft Corporation, US)"
mail.infinitesfml.com,1,"AS12586 (ASGHOSTNET, DE)"
mail.infecs.ru,1,"AS12586 (ASGHOSTNET, DE)"
inevitabmail.com,1,"AS213702 (QWINS-LTD QWINS AS-SET: ~ # AS213702:AS-CUSTOMERS, GB)"
inexplicitjmail.ru,1,"AS213702 (QWINS-LTD QWINS AS-SET: ~ # AS213702:AS-CUSTOMERS, GB)"
inel-com.mail.protection.outlook.com,1,"AS8075 (MICROSOFT-CORP-MSN-AS-BLOCK - Microsoft Corporation, US)"
mail.infinitesmy.com,1,"AS12586 (ASGHOSTNET, DE)"
tethys.ihc.com,1,"AS11052 (IHC-NET - Intermountain Health Care, Inc., US)"
mail.infinitybooksjapan.org,1,"AS31898 (ORACLE-BMC-31898 - Oracle Corporation, US)"
mx0155.ppsmtp.com,1,"AS31898 (ORACLE-BMC-31898 - Oracle Corporation, US)"
_dc-mx.0a498d498a16.imtheoneivebeenlookingfor.com,1,"AS31898 (ORACLE-BMC-31898 - Oracle Corporation, US)"
mail.informini.site,1,"AS22612 (NAMECHEAP-NET - Namecheap, Inc., US)"
mail.tdax.vn,1,"AS38731 (VTDC-AS-VN Vietel - CHT Compamy Ltd, VN)"
mail-mx1.infolinewest.com,1,"AS14061 (DIGITALOCEAN-ASN - DigitalOcean, LLC, US)"
mail.inet.net.id,1,"AS24532 (INET-AS-ID PT. Inet Global Indo, ID)"
informatykbiurowy.pl,1,"AS15967 (NETARTGROUP, PL)"
ilimail.com,1,"AS43350 (NFORCE, NL)"
infos.st,1,"AS16276 (OVH, FR)"
3407be7ee4e82eb6c4d548a93d7a60.pamx1.hotmail.com,1,"AS8075 (MICROSOFT-CORP-MSN-AS-BLOCK - Microsoft Corporation, US)"
infusit-com.mail.protection.outlook.com,1,"AS8075 (MICROSOFT-CORP-MSN-AS-BLOCK - Microsoft Corporation, US)"
mx.ingrich.com,1,"AS51167 (CONTABO, DE)"
ex3bq5w.inglosh.com,1,"AS14061 (DIGITALOCEAN-ASN - DigitalOcean, LLC, US)"
mail.infraclavifml.com,1,"AS12586 (ASGHOSTNET, DE)"
indobola228.net,1,"AS26496 (AS-26496-GO-DADDY-COM-LLC - GoDaddy.com, LLC, US)"
informagico-it.mail.protection.outlook.com,1,"AS8075 (MICROSOFT-CORP-MSN-AS-BLOCK - Microsoft Corporation, US)"
infoslot88.com,1,"AS214036 (ULTAHOST-AS, US)"
inhomeideas.com,1,"AS40244 (TURNKEY-INTERNET - Turnkey Internet Inc., US)"
mail.ingam.top,1,"AS24940 (HETZNER-AS, DE)"
inktuativ-com.mail.protection.outlook.com,1,"AS8075 (MICROSOFT-CORP-MSN-AS-BLOCK - Microsoft Corporation, US)"
mail.initializmail.ru,1,"AS12586 (ASGHOSTNET, DE)"
mail.ingursmail.ru,1,"AS12586 (ASGHOSTNET, DE)"
mail.iitb.in,1,"AS34689 (HOSTEROID, RO)"
mail.inguimails.ru,1,"AS12586 (ASGHOSTNET, DE)"
mail.inimitrsmail.ru,1,"AS12586 (ASGHOSTNET, DE)"
rte01.initwag.com,1,"AS14061 (DIGITALOCEAN-ASN - DigitalOcean, LLC, US)"
industrialelectronica.com,1,"AS61493 (InterBS S.R.L. BAEHOST, AR)"
inidewa.org,1,"AS63949 (AKAMAI-LINODE-AP Akamai Connected Cloud, SG)"
mail.inlandnwroofingandrepair.com,1,"AS55293 (A2HOSTING - A2 Hosting, Inc., US)"
aupro1.fcomet.com,1,"AS216180 (WHG-AUS, GB)"
malibuzz.inlandharmonychorus.org,1,"AS51167 (CONTABO, DE)"
mail.inmail7.com,1,"AS14061 (DIGITALOCEAN-ASN - DigitalOcean, LLC, US)"
mx1.inlovevk.net,1,"AS200107 (KL-EXT, CH)"
mail.innermongolia.com,1,"AS19318 (IS-AS-1 - Interserver, Inc, US)"
placlux-com-br.mail.protection.outlook.com,1,"AS8075 (MICROSOFT-CORP-MSN-AS-BLOCK - Microsoft Corporation, US)"
inq.com.s6a1.psmtp.com,1,
mail.innovatifmk.com,1,"AS12586 (ASGHOSTNET, DE)"
_dc-mx.58d594ac3326.insgrmail.site,1,"AS24940 (HETZNER-AS, DE)"
mail.inshuan.com,1,"AS14061 (DIGITALOCEAN-ASN - DigitalOcean, LLC, US)"
mail.insigniatalks.com,1,"AS204601 (PODAON, NL)"
mail.inquisitaml.ru,1,"AS12586 (ASGHOSTNET, DE)"
insideviewinspections.com,1,"AS14061 (DIGITALOCEAN-ASN - DigitalOcean, LLC, US)"
mail.insensimyu.ru,1,"AS12586 (ASGHOSTNET, DE)"
mail.insensimail.ru,1,"AS12586 (ASGHOSTNET, DE)"
mail.inquiries.hotelhafenhamburg.click,1,"AS51167 (CONTABO, DE)"
mail.inseparmalu.ru,1,"AS12586 (ASGHOSTNET, DE)"
mail.insidiouomail.com,1,"AS12586 (ASGHOSTNET, DE)"
mail.insideoffer.site,1,"AS198610 (BEGET-AS, RU)"
_dc-mx.2df48eac064d.instant-email.org,1,"AS214996 (NETCUP, DE)"
mail.insemifmail.ru,1,"AS12586 (ASGHOSTNET, DE)"
instapixel-com.mail.protection.outlook.com,1,
insocmail.com,1,"AS213702 (QWINS-LTD QWINS AS-SET: ~ # AS213702:AS-CUSTOMERS, GB)"
mail.instantbox.online,1,"AS19318 (IS-AS-1 - Interserver, Inc, US)"
mail.instantletter.net,1,"AS212772 (ADGUARD, CY)"
mail.inspirofmus.ru,1,"AS12586 (ASGHOSTNET, DE)"
mail.institutionfmail.ru,1,"AS12586 (ASGHOSTNET, DE)"
mail.instantsemail.com,1,"AS12586 (ASGHOSTNET, DE)"
mail.instrumentmail.ru,1,"AS12586 (ASGHOSTNET, DE)"
vps-d7448b7e.vps.ovh.net,1,"AS16276 (OVH, FR)"
mail.institutioic.com,1,"AS12586 (ASGHOSTNET, DE)"
mail.institutionmail.com,1,"AS12586 (ASGHOSTNET, DE)"
inte1-com.mail.protection.outlook.com,1,"AS8075 (MICROSOFT-CORP-MSN-AS-BLOCK - Microsoft Corporation, US)"
mail.insurrect.ru,1,"AS12586 (ASGHOSTNET, DE)"
intd-com.mail.protection.outlook.com,1,"AS8075 (MICROSOFT-CORP-MSN-AS-BLOCK - Microsoft Corporation, US)"
inno.tel,1,"AS16276 (OVH, FR)"
mail.instimail.ru,1,"AS12586 (ASGHOSTNET, DE)"
mail.insubsmail.com,1,"AS12586 (ASGHOSTNET, DE)"
x07.i.ismtp.integra.net,1,"AS7385 (ABUL-14-7385 - Allstream Business US, LLC, US)"
everglades-mx.dynu.com,1,"AS398019 (DYNU - Dynu Systems Incorporated, US)"
inteli-com.mail.protection.outlook.com,1,"AS8075 (MICROSOFT-CORP-MSN-AS-BLOCK - Microsoft Corporation, US)"
mail.insurmountamail.ru,1,"AS12586 (ASGHOSTNET, DE)"
mail.insurrectmail.ru,1,"AS12586 (ASGHOSTNET, DE)"
mail.inteemail.ru,1,"AS12586 (ASGHOSTNET, DE)"
mail.institutiomail.ru,1,"AS12586 (ASGHOSTNET, DE)"
ascentwl-com.mail.protection.outlook.com,1,"AS8075 (MICROSOFT-CORP-MSN-AS-BLOCK - Microsoft Corporation, US)"
mail.insubordinmail.ru,1,"AS12586 (ASGHOSTNET, DE)"
intep-com.mail.protection.outlook.com,1,"AS8075 (MICROSOFT-CORP-MSN-AS-BLOCK - Microsoft Corporation, US)"
intelo-com.mail.protection.outlook.com,1,"AS8075 (MICROSOFT-CORP-MSN-AS-BLOCK - Microsoft Corporation, US)"
mgamail.eglb.intel.com,1,"AS4983 (INTEL-SC-AS - Intel Corporation, US)"
inten-com.mail.protection.outlook.com,1,"AS8075 (MICROSOFT-CORP-MSN-AS-BLOCK - Microsoft Corporation, US)"
mail.intellecemi.com,1,"AS12586 (ASGHOSTNET, DE)"
mail.intelligebml.ru,1,"AS12586 (ASGHOSTNET, DE)"
mail.intellectuainf.com,1,"AS12586 (ASGHOSTNET, DE)"
netnordic.in.tmes.trendmicro.eu,1,"AS16509 (AMAZON-02 - Amazon.com, Inc., US)"
mail.interambumail.ru,1,"AS12586 (ASGHOSTNET, DE)"
insurrancehub.shop,1,"AS136246 (TOMATTOSTL-AS-AP Tomattos Technologies Ltd., BD)"
intelz.com,1,"AS14670 (WHG-USE1, GB)"
ns3820.banahosting.com,1,"AS23352 (SERVERCENTRAL - DEFT.COM, US)"
mail.intelleinf.com,1,"AS12586 (ASGHOSTNET, DE)"
mail.intellectumail.ru,1,"AS12586 (ASGHOSTNET, DE)"
malibuzz.interactionpolls.com,1,"AS51167 (CONTABO, DE)"
mail.intellectkl.ru,1,"AS12586 (ASGHOSTNET, DE)"
mail.intellectumy.com,1,"AS12586 (ASGHOSTNET, DE)"
mail.intelligefml.ru,1,"AS12586 (ASGHOSTNET, DE)"
mail.int-el.com,1,"AS4788 (TTSSB-MY TM TECHNOLOGY SERVICES SDN. BHD., MY)"
intercede-com.mail.protection.outlook.com,1,"AS8075 (MICROSOFT-CORP-MSN-AS-BLOCK - Microsoft Corporation, US)"
mail0001.interfee.it,1,"AS24940 (HETZNER-AS, DE)"
mail.interdenommail.com,1,"AS12586 (ASGHOSTNET, DE)"
interimsac-com.mail.protection.outlook.com,1,"AS8075 (MICROSOFT-CORP-MSN-AS-BLOCK - Microsoft Corporation, US)"
mail.interfeemail.ru,1,"AS12586 (ASGHOSTNET, DE)"
mail.interdependmail.com,1,"AS12586 (ASGHOSTNET, DE)"
mail.intercomfmals.com,1,"AS12586 (ASGHOSTNET, DE)"
mail.interfemail.ru,1,"AS12586 (ASGHOSTNET, DE)"
mail.interfero.ru,1,"AS12586 (ASGHOSTNET, DE)"
mail.interdivegai.ru,1,"AS12586 (ASGHOSTNET, DE)"
mail.intercommunimail.ru,1,"AS12586 (ASGHOSTNET, DE)"
mail.interdenominamail.com,1,"AS12586 (ASGHOSTNET, DE)"
mail.interiorin.ru,1,"AS210079 (EUROBYTE, RU)"
mail.interaxiruby.ru,1,"AS12586 (ASGHOSTNET, DE)"
mail.interjectiruby.ru,1,"AS12586 (ASGHOSTNET, DE)"
mail.interjacvegai.ru,1,"AS12586 (ASGHOSTNET, DE)"
mail.interfml.com,1,"AS12586 (ASGHOSTNET, DE)"
mail.interdiscpt.ru,1,"AS12586 (ASGHOSTNET, DE)"
mail.interjacfmals.com,1,"AS12586 (ASGHOSTNET, DE)"
mail.interlorsmail.ru,1,"AS12586 (ASGHOSTNET, DE)"
mail.interdepartli.com,1,"AS12586 (ASGHOSTNET, DE)"
mail.internatmalu.ru,1,"AS12586 (ASGHOSTNET, DE)"
mail.interdepemalu.ru,1,"AS12586 (ASGHOSTNET, DE)"
mail.intermedmail.ru,1,"AS12586 (ASGHOSTNET, DE)"
mail.interfetomail.com,1,"AS12586 (ASGHOSTNET, DE)"
mail.interfrat.ru,1,"AS12586 (ASGHOSTNET, DE)"
mail.interfratmail.ru,1,"AS12586 (ASGHOSTNET, DE)"
mail.intermmail.ru,1,"AS12586 (ASGHOSTNET, DE)"
mail.intermmalu.ru,1,"AS12586 (ASGHOSTNET, DE)"
mx.internetallure.com,1,"AS14061 (DIGITALOCEAN-ASN - DigitalOcean, LLC, US)"
mail.interminkl.ru,1,"AS12586 (ASGHOSTNET, DE)"
mail.interfrsmail.ru,1,"AS12586 (ASGHOSTNET, DE)"
mail.interminismy.com,1,"AS12586 (ASGHOSTNET, DE)"
mail.intermpt.ru,1,"AS12586 (ASGHOSTNET, DE)"
mail.interdependmail.ru,1,"AS12586 (ASGHOSTNET, DE)"
mail.interlinemail.ru,1,"AS12586 (ASGHOSTNET, DE)"
mail.interimail.ru,1,"AS12586 (ASGHOSTNET, DE)"
mail.interlaemail.ru,1,"AS12586 (ASGHOSTNET, DE)"
mail.interjmails.ru,1,"AS12586 (ASGHOSTNET, DE)"
interpath-com.mail.protection.outlook.com,1,"AS8075 (MICROSOFT-CORP-MSN-AS-BLOCK - Microsoft Corporation, US)"
mail.intermeemail.ru,1,"AS12586 (ASGHOSTNET, DE)"
mail.interminli.com,1,"AS12586 (ASGHOSTNET, DE)"
mail.intermomail.ru,1,"AS12586 (ASGHOSTNET, DE)"
mail.intermli.com,1,"AS12586 (ASGHOSTNET, DE)"
mail.internaemail.ru,1,"AS12586 (ASGHOSTNET, DE)"
mailstation.uu.net,1,"AS701 (UUNET - Verizon Business, US)"
mail.intem.com,1,"AS38927 (NETBUILD-AS, DE)"
internatmail.com,1,"AS213702 (QWINS-LTD QWINS AS-SET: ~ # AS213702:AS-CUSTOMERS, GB)"
mail.internatismail.ru,1,"AS12586 (ASGHOSTNET, DE)"
mail.interspamail.ru,1,"AS12586 (ASGHOSTNET, DE)"
mail.internatimails.ru,1,"AS12586 (ASGHOSTNET, DE)"
pl1-bhs6.hostingpanel1.com,1,
mail.interpellomail.com,1,"AS12586 (ASGHOSTNET, DE)"
mail.interpumail.ru,1,"AS12586 (ASGHOSTNET, DE)"
mail.interrelatiomail.ru,1,"AS12586 (ASGHOSTNET, DE)"
mail.interplamail.ru,1,"AS12586 (ASGHOSTNET, DE)"
intim2.net,1,"AS32181 (ASN-GIGENET - GigeNET, US)"
mail.interplanetary.ru,1,"AS12586 (ASGHOSTNET, DE)"
mail.intimmail.ru,1,"AS12586 (ASGHOSTNET, DE)"
poczta.internetdodomu.pl,1,"AS31242 (TKPSA-AS, PL)"
mail1012.conoha.ne.jp,1,"AS58791 (GMOOSK-NET GMO Internet Group, Inc., JP)"
mx08.rackhost.hu,1,"AS210579 (RACKHOST-AS, HU)"
mail.intervenemail.ru,1,"AS12586 (ASGHOSTNET, DE)"
mail.intertesseemail.ru,1,"AS12586 (ASGHOSTNET, DE)"
inteel.com,1,"AS200534 (MSERWIS-AS, PL)"
mail.intestifml.ru,1,"AS12586 (ASGHOSTNET, DE)"
mail.interpenrsmail.ru,1,"AS12586 (ASGHOSTNET, DE)"
mail.intestml.ru,1,"AS12586 (ASGHOSTNET, DE)"
mxa-00505701.gslb.pphosted.com,1,"AS26211 (PROOFPOINT-ASN-US-WEST - Proofpoint, Inc., US)"
mail.intobx.com,1,"AS14061 (DIGITALOCEAN-ASN - DigitalOcean, LLC, US)"
mail.interrelvegai.ru,1,"AS12586 (ASGHOSTNET, DE)"
a349949.mx.mailhop.org,1,"AS16509 (AMAZON-02 - Amazon.com, Inc., US)"
mail.intmails.ru,1,"AS12586 (ASGHOSTNET, DE)"
interrmail.com,1,"AS213702 (QWINS-LTD QWINS AS-SET: ~ # AS213702:AS-CUSTOMERS, GB)"
intoit-se.mail.protection.outlook.com,1,"AS8075 (MICROSOFT-CORP-MSN-AS-BLOCK - Microsoft Corporation, US)"
mail.intracrsmail.ru,1,"AS12586 (ASGHOSTNET, DE)"
mail.intradepartmmail.ru,1,"AS12586 (ASGHOSTNET, DE)"
mail.intracutli.com,1,"AS12586 (ASGHOSTNET, DE)"
mail.intramomail.ru,1,"AS12586 (ASGHOSTNET, DE)"
mail.intoleric.com,1,"AS12586 (ASGHOSTNET, DE)"
interwin99.net,1,"AS212238 (CDNEXT, GB)"
mx2.intomail.bid,1,"AS200107 (KL-EXT, CH)"
mail.inversiq.cfd,1,"AS203446 (AS203446, GB)"
mx1.intomail.win,1,"AS200107 (KL-EXT, CH)"
mx1.intimacly.com,1,"AS200107 (KL-EXT, CH)"
mail.intrel.com,1,"AS8739 (ICDSOFT, BG)"
mail.intramolevegai.ru,1,"AS12586 (ASGHOSTNET, DE)"
invel-com.mail.protection.outlook.com,1,"AS8075 (MICROSOFT-CORP-MSN-AS-BLOCK - Microsoft Corporation, US)"
mail.intraperitonomail.com,1,"AS12586 (ASGHOSTNET, DE)"
mail.intraterrif.ru,1,"AS12586 (ASGHOSTNET, DE)"
intsl.com,1,"AS12488 (KRYSTAL, GB)"
mail.intrinsimail.ru,1,"AS12586 (ASGHOSTNET, DE)"
mail.imails.info,1,"AS48314 (IP-PROJECTS, DE)"
mail.invaluablfkml.ru,1,"AS12586 (ASGHOSTNET, DE)"
mail.intoxicatedufml.ru,1,"AS12586 (ASGHOSTNET, DE)"
mail.investingtur.com,1,"AS8492 (OBIT-AS OBIT Ltd., RU)"
mail.intoxicamail.ru,1,"AS12586 (ASGHOSTNET, DE)"
invalemail.com,1,"AS213702 (QWINS-LTD QWINS AS-SET: ~ # AS213702:AS-CUSTOMERS, GB)"
mail.invarli.com,1,"AS12586 (ASGHOSTNET, DE)"
mail.introex.com,1,"AS14061 (DIGITALOCEAN-ASN - DigitalOcean, LLC, US)"
mail.investigebml.ru,1,"AS12586 (ASGHOSTNET, DE)"
mail.interwin99.org,1,"AS9808 (CHINAMOBILE-CN China Mobile Communications Group Co., Ltd., CN)"
mail.invenmalu.ru,1,"AS12586 (ASGHOSTNET, DE)"
mail.inzura.net,1,"AS22612 (NAMECHEAP-NET - Namecheap, Inc., US)"
mail.invigoratmail.ru,1,"AS12586 (ASGHOSTNET, DE)"
mail.intxr.com,1,"AS15685 (CASABLANCA-AS Internet & Collocation Provider, CZ)"
mail.investml.ru,1,"AS12586 (ASGHOSTNET, DE)"
mail.iobm.com,1,"AS14061 (DIGITALOCEAN-ASN - DigitalOcean, LLC, US)"
mail.invincemail.ru,1,"AS12586 (ASGHOSTNET, DE)"
a931954.mx.mailhop.org,1,"AS16509 (AMAZON-02 - Amazon.com, Inc., US)"
mail.involuntmail.ru,1,"AS12586 (ASGHOSTNET, DE)"
ionqu-com.mail.protection.outlook.com,1,
smtp-box-01.iol.pt,1,"AS1897 (EUNET, PT)"
mail.iodsemail.com,1,"AS12586 (ASGHOSTNET, DE)"
mxint02.1and1.com,1,"AS8560 (IONOS-AS This is the joint network for IONOS, Fasthosts, Arsys, 1&1 Mail and Media and 1&1 Telecom. Formerly known as 1&1 Internet SE., DE)"
investfxlearning.com,1,"AS16276 (OVH, FR)"
ionucated.com,1,"AS47583 (AS-HOSTINGER, CY)"
ionqs-com.mail.protection.outlook.com,1,"AS8075 (MICROSOFT-CORP-MSN-AS-BLOCK - Microsoft Corporation, US)"
cloud.linkdata.com,1,"AS210767 (LINKHOST, GB)"
mail.ioplo.com,1,"AS14061 (DIGITALOCEAN-ASN - DigitalOcean, LLC, US)"
ionu-com.mail.protection.outlook.com,1,"AS8075 (MICROSOFT-CORP-MSN-AS-BLOCK - Microsoft Corporation, US)"
mail.ioea.net,1,"AS14061 (DIGITALOCEAN-ASN - DigitalOcean, LLC, US)"
lsbak001.inwagit.com,1,"AS14061 (DIGITALOCEAN-ASN - DigitalOcean, LLC, US)"
mail.inytel.com,1,"AS3352 (TELEFONICA_DE_ESPANA, ES)"
ionqx.com,1,"AS46475 (LIMESTONENETWORKS - Limestone Networks, Inc., US)"
mail.taunusstein.net,1,"AS24940 (HETZNER-AS, DE)"
ionex.com,1,"AS7203 (LEASEWEB-USA-SFO - Leaseweb USA, Inc., US)"
mail.iozak.com,1,"AS26666 (INTERSERVER-LAX - Interserver, Inc, US)"
mail.inzh-s.ru,1,"AS44094 (WEBHOST1-AS, RU)"
mx6.iphonemsk.com,1,
aurora.netsec.ch,1,"AS29691 (NINE, CH)"
ipad3.net,1,"AS214036 (ULTAHOST-AS, US)"
mx2.iphoneonandroid.com,1,"AS200107 (KL-EXT, CH)"
ipm-fi.mail.protection.outlook.com,1,"AS8075 (MICROSOFT-CORP-MSN-AS-BLOCK - Microsoft Corporation, US)"
iquid-com.mail.protection.outlook.com,1,"AS8075 (MICROSOFT-CORP-MSN-AS-BLOCK - Microsoft Corporation, US)"
iqi-fi.mail.protection.outlook.com,1,"AS8075 (MICROSOFT-CORP-MSN-AS-BLOCK - Microsoft Corporation, US)"
mail.iridochoroli.com,1,"AS12586 (ASGHOSTNET, DE)"
mail.iridodinf.com,1,"AS12586 (ASGHOSTNET, DE)"
mail.iridesctomail.com,1,"AS12586 (ASGHOSTNET, DE)"
mail.iridoscli.com,1,"AS12586 (ASGHOSTNET, DE)"
irm-com.mail.protection.outlook.com,1,"AS8075 (MICROSOFT-CORP-MSN-AS-BLOCK - Microsoft Corporation, US)"
mail.iridodmail.ru,1,"AS12586 (ASGHOSTNET, DE)"
mail.iridosmail.com,1,"AS12586 (ASGHOSTNET, DE)"
intelb.com,1,"AS14618 (AMAZON-AES - Amazon.com, Inc., US)"
irishscholar.com,1,"AS39122 (BLACKNIGHT-AS, IE)"
iranadhd.ir,1,"AS24940 (HETZNER-AS, DE)"
mail.ironmantriathlons.net,1,"AS14061 (DIGITALOCEAN-ASN - DigitalOcean, LLC, US)"
mail.imobiliare.blog,1,"AS24940 (HETZNER-AS, DE)"
a516721.mx.mailhop.org,1,"AS16509 (AMAZON-02 - Amazon.com, Inc., US)"
mx1.irishspringrealty.com,1,"AS200107 (KL-EXT, CH)"
mail.webl.com,1,"AS29802 (HVC-AS - HIVELOCITY, Inc., US)"
mail.irreconcmails.ru,1,"AS12586 (ASGHOSTNET, DE)"
mail.irreconcilinf.com,1,"AS12586 (ASGHOSTNET, DE)"
mx2.reg365.net,1,"AS8622 (ISIONUK Team Blue Internet Services UK Ltd, GB)"
mail.irredudp.com,1,"AS12586 (ASGHOSTNET, DE)"
mail.irremmail.ru,1,"AS12586 (ASGHOSTNET, DE)"
mail.irremedmail.com,1,"AS12586 (ASGHOSTNET, DE)"
mail.irresolvabmail.ru,1,"AS12586 (ASGHOSTNET, DE)"
mail.irresolumail.ru,1,"AS12586 (ASGHOSTNET, DE)"
mail.irresfmk.com,1,"AS12586 (ASGHOSTNET, DE)"
mail.inohm.com,1,"AS63949 (AKAMAI-LINODE-AP Akamai Connected Cloud, SG)"
irsguidelines.net,1,"AS14061 (DIGITALOCEAN-ASN - DigitalOcean, LLC, US)"
mail.irreveremail.ru,1,"AS12586 (ASGHOSTNET, DE)"
mail.irrevocabmails.ru,1,"AS12586 (ASGHOSTNET, DE)"
mail.irriemail.ru,1,"AS12586 (ASGHOSTNET, DE)"
mail.irregemail.ru,1,"AS12586 (ASGHOSTNET, DE)"
mail.irrefrali.com,1,"AS12586 (ASGHOSTNET, DE)"
mail.irrespmail.com,1,"AS12586 (ASGHOSTNET, DE)"
irremismail.com,1,"AS213702 (QWINS-LTD QWINS AS-SET: ~ # AS213702:AS-CUSTOMERS, GB)"
mail.irreprehe.ru,1,"AS12586 (ASGHOSTNET, DE)"
isgs-com0e.mail.protection.outlook.com,1,"AS8075 (MICROSOFT-CORP-MSN-AS-BLOCK - Microsoft Corporation, US)"
mail.irreprehemail.ru,1,"AS12586 (ASGHOSTNET, DE)"
mail.inopermails.ru,1,"AS12586 (ASGHOSTNET, DE)"
mail.irritml.ru,1,"AS12586 (ASGHOSTNET, DE)"
mail.isbjct4e.com,1,"AS47583 (AS-HOSTINGER, CY)"
iscacorp-com.mail.protection.outlook.com,1,"AS8075 (MICROSOFT-CORP-MSN-AS-BLOCK - Microsoft Corporation, US)"
mail.insalubfml.com,1,"AS12586 (ASGHOSTNET, DE)"
mail.isar.org,1,"AS38719 (DREAMSCAPE-AS-AP Dreamscape Networks Limited, AU)"
isaa-com.mail.protection.outlook.com,1,"AS8075 (MICROSOFT-CORP-MSN-AS-BLOCK - Microsoft Corporation, US)"
mail.inoperfmail.ru,1,"AS12586 (ASGHOSTNET, DE)"
mail.ischioceufml.ru,1,"AS12586 (ASGHOSTNET, DE)"
mail.ischiocfkml.com,1,"AS12586 (ASGHOSTNET, DE)"
iranmarket.info,1,"AS48715 (SEFROYEKPARDAZENG-AS Sefroyek Pardaz Engineering Company, IR)"
mail.insalubmail.ru,1,"AS12586 (ASGHOSTNET, DE)"
mail.irlmail.com,1,"AS30900 (WEBWORLD-AS ta Web World Ireland, IE)"
mail.iscidayanismasi.org,1,"AS16276 (OVH, FR)"
mail.ischiovermail.ru,1,"AS12586 (ASGHOSTNET, DE)"
mxa-002ece01.gslb.pphosted.com,1,"AS22843 (PROOFPOINT-ASN-US-EAST - Proofpoint, Inc., US)"
mx1.isachermeskelly.com,1,"AS200107 (KL-EXT, CH)"
isep.fr.nf,1,"AS16276 (OVH, FR)"
mail.isoallml.ru,1,"AS12586 (ASGHOSTNET, DE)"
malibuzz.isomnio.com,1,"AS51167 (CONTABO, DE)"
mail.isoagglupt.ru,1,"AS12586 (ASGHOSTNET, DE)"
mailserver.israelgives.org,1,"AS16509 (AMAZON-02 - Amazon.com, Inc., US)"
mail.ismofml.ru,1,"AS12586 (ASGHOSTNET, DE)"
mx26.valuehost.ru,1,"AS30943 (BIGWEB-AS BIGWEB Network, RU)"
mail.iconicompany.com,1,"AS208677 (CLOUDRU-AS, RU)"
mail.isolatmail.com,1,"AS12586 (ASGHOSTNET, DE)"
mail.isi-group.ru,1,"AS210079 (EUROBYTE, RU)"
mail.isolatmail.ru,1,"AS12586 (ASGHOSTNET, DE)"
mail.isometrmails.ru,1,"AS12586 (ASGHOSTNET, DE)"
mail.isot.se,1,"AS20773 (GODADDY, DE)"
mail.isocelomail.com,1,"AS12586 (ASGHOSTNET, DE)"
mail.isoceemail.ru,1,"AS12586 (ASGHOSTNET, DE)"
mail.isoelemail.com,1,"AS12586 (ASGHOSTNET, DE)"
mail.isomeromal.com,1,"AS12586 (ASGHOSTNET, DE)"
mail.isoamail.ru,1,"AS12586 (ASGHOSTNET, DE)"
mail.isomails.ru,1,"AS12586 (ASGHOSTNET, DE)"
mail.isopermail.com,1,"AS12586 (ASGHOSTNET, DE)"
israeli-occupation.org,1,"AS215117 (HOSTERDADDY, IN)"
mail.isotemail.ru,1,"AS12586 (ASGHOSTNET, DE)"
mail.isoperolml.ru,1,"AS12586 (ASGHOSTNET, DE)"
mail.isothiopt.ru,1,"AS12586 (ASGHOSTNET, DE)"
issimro-com.mail.protection.outlook.com,1,"AS8075 (MICROSOFT-CORP-MSN-AS-BLOCK - Microsoft Corporation, US)"
mail.isopremail.ru,1,"AS12586 (ASGHOSTNET, DE)"
mail.mxdood.com,1,"AS16509 (AMAZON-02 - Amazon.com, Inc., US)"
mail.iseo24h.com,1,"AS63949 (AKAMAI-LINODE-AP Akamai Connected Cloud, SG)"
mail.isodiemail.ru,1,"AS12586 (ASGHOSTNET, DE)"
mail.isonicovegai.ru,1,"AS12586 (ASGHOSTNET, DE)"
mail.islandi-nedv.ru,1,"AS56694 (SMARTAPE, RU)"
mx10.it.com,1,"AS47768 (INTISTELECOM-AS, GB)"
mail.insane.nq.pl,1,"AS34324 (NETLINK-AS ul. Korabnicka 9, 32-050 Skawina, Poland, PL)"
mail.istioph.ru,1,"AS12586 (ASGHOSTNET, DE)"
istanbulsiiri.com,1,"AS216244 (DATATR Data TR Bilisim Teknoloji Hizmetleri, TR)"
mail.iswire.com,1,"AS14061 (DIGITALOCEAN-ASN - DigitalOcean, LLC, US)"
mail.itchydog.store,1,"AS24940 (HETZNER-AS, DE)"
mail.itacto.com,1,"AS51167 (CONTABO, DE)"
mail.it.x24hr.com,1,"AS39927 (ELIGHT-AS, RU)"
itatti-harvard-edu.mail.protection.outlook.com,1,"AS8075 (MICROSOFT-CORP-MSN-AS-BLOCK - Microsoft Corporation, US)"
mail.itcess.com,1,"AS14061 (DIGITALOCEAN-ASN - DigitalOcean, LLC, US)"
mail.itdbe.com,1,"AS24940 (HETZNER-AS, DE)"
mail.itaolo.com,1,"AS14061 (DIGITALOCEAN-ASN - DigitalOcean, LLC, US)"
mx16.turkticaret.net,1,
eagle.mxlogin.com,1,"AS46261 (QUICKPACKET - QuickPacket, LLC, US)"
pmx.megacp.com,1,"AS41075 (ATW-AS, HU)"
isuzuute-com-au.mail.protection.outlook.com,1,"AS8075 (MICROSOFT-CORP-MSN-AS-BLOCK - Microsoft Corporation, US)"
mail.iqr.fi,1,"AS16086 (DNA, FI)"
w019652d.kasserver.com,1,"AS34788 (NMM-AS D - 02742 Friedersdorf Hauptstrasse 68, DE)"
iqm-fi.mail.protection.outlook.com,1,"AS8075 (MICROSOFT-CORP-MSN-AS-BLOCK - Microsoft Corporation, US)"
mail.s1843.sureserver.com,1,"AS8739 (ICDSOFT, BG)"
mail.tdstoragebay.com,1,"AS13428 (SURFAIRWIRELESS-IN-02 - Surf Air Wireless, LLC, US)"
mail2.space,1,"AS47583 (AS-HOSTINGER, CY)"
mail.tbr.fr.nf,1,"AS16276 (OVH, FR)"
mail.mail5.info,1,"AS44486 (SYNLINQ synlinq.de, DE)"
mail.mail56.me,1,"AS47583 (AS-HOSTINGER, CY)"
mail.mail4u.info,1,"AS14061 (DIGITALOCEAN-ASN - DigitalOcean, LLC, US)"
mx.mail24.club,1,"AS29873 (BIZLAND-SD - Newfold Digital, Inc., US)"
mail.mailabconline.com,1,
mailaugust.com,1,"AS47583 (AS-HOSTINGER, CY)"
mx6.mailairport.com,1,
relay1-new.mail.zp.ua,1,"AS15738 (UAEXPRESS Ukraine, UA)"
mail.mailbeaver.net,1,"AS63949 (AKAMAI-LINODE-AP Akamai Connected Cloud, SG)"
mail.mailbucket.cc,1,"AS22612 (NAMECHEAP-NET - Namecheap, Inc., US)"
mx.mailblog.biz,1,"AS14061 (DIGITALOCEAN-ASN - DigitalOcean, LLC, US)"
mail.mail42.shop,1,"AS51167 (CONTABO, DE)"
mailanti.com,1,"AS54290 (HOSTWINDS - Hostwinds LLC., US)"
mx.mail4days.com,1,"AS16276 (OVH, FR)"
mailboxonline-org.mail.protection.outlook.com,1,"AS8075 (MICROSOFT-CORP-MSN-AS-BLOCK - Microsoft Corporation, US)"
mailbox92-com.mail.protection.outlook.com,1,"AS8075 (MICROSOFT-CORP-MSN-AS-BLOCK - Microsoft Corporation, US)"
mx.mail.xiuvi.cn,1,"AS132203 (TENCENT-NET-AP-CN Tencent Building, Kejizhongyi Avenue, CN)"
mx.mail4trash.com,1,"AS16276 (OVH, FR)"
mail.mailbucket.org,1,"AS32181 (ASN-GIGENET - GigeNET, US)"
mailals.com,1,"AS54290 (HOSTWINDS - Hostwinds LLC., US)"
mailclimp.com,1,"AS47583 (AS-HOSTINGER, CY)"
mail.mailcker.com,1,"AS14061 (DIGITALOCEAN-ASN - DigitalOcean, LLC, US)"
mail.maildepot.net,1,"AS63949 (AKAMAI-LINODE-AP Akamai Connected Cloud, SG)"
mailbox.biz.st,1,"AS16276 (OVH, FR)"
_dc-mx.364932edcd99.maildax.me,1,"AS16276 (OVH, FR)"
mx.maildrop.cc,1,"AS24940 (HETZNER-AS, DE)"
mx.forwarding-service.maildim.com,1,"AS13335 (CLOUDFLARENET - Cloudflare, Inc., US)"
_dc-mx.8003d431763a.mailengs.com,1,"AS51167 (CONTABO, DE)"
mail2.mailcatch.com,1,"AS16276 (OVH, FR)"
mail.mailerq.net,1,"AS63949 (AKAMAI-LINODE-AP Akamai Connected Cloud, SG)"
mail.maile.com,1,"AS20773 (GODADDY, DE)"
mx.maileto.com,1,"AS19318 (IS-AS-1 - Interserver, Inc, US)"
mail.mailer2.net,1,"AS47583 (AS-HOSTINGER, CY)"
mailell.com,1,"AS54290 (HOSTWINDS - Hostwinds LLC., US)"
mailexpire.com,1,"AS46475 (LIMESTONENETWORKS - Limestone Networks, Inc., US)"
mailfen.com,1,"AS54290 (HOSTWINDS - Hostwinds LLC., US)"
mailerde.com,1,"AS54290 (HOSTWINDS - Hostwinds LLC., US)"
mail.mailforxr.site,1,"AS210079 (EUROBYTE, RU)"
mailaccs.store,1,"AS49981 (WORLDSTREAM, NL)"
mail.mailcore.info,1,"AS8075 (MICROSOFT-CORP-MSN-AS-BLOCK - Microsoft Corporation, US)"
mail1.maildx.com,1,"AS44418 (BITDEFENDER-AS, RO)"
mailerie.com,1,"AS54290 (HOSTWINDS - Hostwinds LLC., US)"
mail.mailgutter.com,1,"AS40021 (CONTABO-40021 - Contabo Inc., US)"
mailgia.com,1,"AS54290 (HOSTWINDS - Hostwinds LLC., US)"
mail.mailhellox.fun,1,"AS47583 (AS-HOSTINGER, CY)"
mailfer.com,1,"AS54290 (HOSTWINDS - Hostwinds LLC., US)"
mail1.mailfs.com,1,"AS44418 (BITDEFENDER-AS, RO)"
_dc-mx.c0fe39ca2719.mailhub2.site,1,"AS216071 (VDSINA, AE)"
mailhon.com,1,"AS54290 (HOSTWINDS - Hostwinds LLC., US)"
mx.mailtie.com,1,"AS63949 (AKAMAI-LINODE-AP Akamai Connected Cloud, SG)"
kdx.mine.nu,1,"AS21413 (ENVIA-TEL-AS D-09114 Chemnitz, DE)"
_dc-mx.15eba8c7c036.mailifyy.com,1,"AS51167 (CONTABO, DE)"
mailersc.com,1,"AS54290 (HOSTWINDS - Hostwinds LLC., US)"
mailer.edu.pl,1,"AS20068 (HAWKHOST - Hawk Host Inc., CA)"
mail.mailimpulse.com,1,"AS63410 (PRIVATESYSTEMS - PrivateSystems Networks, US)"
mail.mailinator.us,1,"AS24940 (HETZNER-AS, DE)"
mx1.mailimate.com,1,"AS45090 (TENCENT-NET-AP Shenzhen Tencent Computer Systems Company Limited, CN)"
mail.mailin8r.com,1,"AS24940 (HETZNER-AS, DE)"
mx.mailhole.de,1,"AS24940 (HETZNER-AS, DE)"
mx.mailhz.me,1,"AS14061 (DIGITALOCEAN-ASN - DigitalOcean, LLC, US)"
smtp1.mailfence.com,1,"AS3356 (LEVEL3 - Level 3 Parent, LLC, US)"
mailer.io.vn,1,"AS20068 (HAWKHOST - Hawk Host Inc., CA)"
mx6.mailhub.pw,1,
_dc-mx.cc9350db55ee.mailio.site,1,"AS24940 (HETZNER-AS, DE)"
mg-standard.sakura.ne.jp,1,
mail.mailinator.net,1,"AS63949 (AKAMAI-LINODE-AP Akamai Connected Cloud, SG)"
mail.mailinator.co.uk,1,"AS14061 (DIGITALOCEAN-ASN - DigitalOcean, LLC, US)"
mailhair.com,1,"AS54290 (HOSTWINDS - Hostwinds LLC., US)"
mail.mailingo.net,1,"AS63949 (AKAMAI-LINODE-AP Akamai Connected Cloud, SG)"
mail.mailinux.me,1,"AS44486 (SYNLINQ synlinq.de, DE)"
mailjean.com,1,"AS54290 (HOSTWINDS - Hostwinds LLC., US)"
mailjuan.com,1,"AS54290 (HOSTWINDS - Hostwinds LLC., US)"
mailcard.net,1,"AS16276 (OVH, FR)"
mailkon.com,1,"AS54290 (HOSTWINDS - Hostwinds LLC., US)"
maillang.com,1,"AS54290 (HOSTWINDS - Hostwinds LLC., US)"
mx.mailmagnet.co,1,"AS16276 (OVH, FR)"
mail.mailfit.top,1,"AS26042 (FIBERSTATE - FiberState, LLC, US)"
maillap.com,1,"AS54290 (HOSTWINDS - Hostwinds LLC., US)"
_dc-mx.9f6490b49486.mailmail.sbs,1,"AS200223 (ETHERON, NL)"
mx.mailme24.com,1,"AS16276 (OVH, FR)"
inbound-smtp.us-east-1.amazonaws.comx,1,
mailluxe.com,1,"AS54290 (HOSTWINDS - Hostwinds LLC., US)"
mx.mailloading.com,1,"AS14061 (DIGITALOCEAN-ASN - DigitalOcean, LLC, US)"
mail.mailify.top,1,"AS202619 (DOVECOM, RU)"
mx2.mailinatior.com,1,"AS200107 (KL-EXT, CH)"
maillote.com,1,"AS54290 (HOSTWINDS - Hostwinds LLC., US)"
mailmel.com,1,"AS54290 (HOSTWINDS - Hostwinds LLC., US)"
mail.mailhubbox.shop,1,"AS51167 (CONTABO, DE)"
mailmae.com,1,"AS54290 (HOSTWINDS - Hostwinds LLC., US)"
mailmit.com,1,"AS54290 (HOSTWINDS - Hostwinds LLC., US)"
mx1.mailna.biz,1,"AS14061 (DIGITALOCEAN-ASN - DigitalOcean, LLC, US)"
mail.maillv.com,1,"AS12586 (ASGHOSTNET, DE)"
_dc-mx.7e2a4728ad04.mailn.site,1,"AS24940 (HETZNER-AS, DE)"
mx1.mailna.co,1,"AS24940 (HETZNER-AS, DE)"
mx1.mailna.me,1,"AS24940 (HETZNER-AS, DE)"
mx1.mailme.vip,1,"AS200107 (KL-EXT, CH)"
mx1.mailna.in,1,"AS24940 (HETZNER-AS, DE)"
mail.mailkv.com,1,"AS132203 (TENCENT-NET-AP-CN Tencent Building, Kejizhongyi Avenue, CN)"
mail.mailmelt.cfd,1,"AS24940 (HETZNER-AS, DE)"
mx-asgard.mailinblack.com,1,"AS8075 (MICROSOFT-CORP-MSN-AS-BLOCK - Microsoft Corporation, US)"
mx1.mailmefast.info,1,"AS200107 (KL-EXT, CH)"
mx1.mailmonster.bid,1,"AS200107 (KL-EXT, CH)"
mailniu.com,1,"AS54290 (HOSTWINDS - Hostwinds LLC., US)"
mail.likemail.com,1,"AS32244 (LIQUIDWEB - Liquid Web, L.L.C, US)"
mailify.org,1,"AS137035 (PWCS-AS-AP Parallel Web Cloud Services, IN)"
mx2.maillink.info,1,"AS200107 (KL-EXT, CH)"
smtp.mailmoat.com,1,"AS22768 (SYNERGYBROADBAND-MI-02 - SYNERGY BROADBAND, US)"
mes.maillsk.com,1,"AS12586 (ASGHOSTNET, DE)"
_dc-mx.ec1653aca4ca.mailp.site,1,"AS24940 (HETZNER-AS, DE)"
mx01.mailguard.me,1,"AS16276 (OVH, FR)"
mx.mailorc.com,1,"AS16276 (OVH, FR)"
_dc-mx.b7d10cb374ff.mailpk.site,1,"AS24940 (HETZNER-AS, DE)"
_dc-mx.da94502b5f19.mailp.org,1,"AS24940 (HETZNER-AS, DE)"
mailprotech.com,1,"AS47583 (AS-HOSTINGER, CY)"
mail.mailrc.biz,1,"AS14061 (DIGITALOCEAN-ASN - DigitalOcean, LLC, US)"
mail.bridgeasia.group,1,"AS24940 (HETZNER-AS, DE)"
_dc-mx.4aeb423a363d.mailru.site,1,"AS24940 (HETZNER-AS, DE)"
_dc-mx.ba1a9db12592.mailrapidpro.com,1,"AS18450 (WEBNX - WebNX, Inc., US)"
mailo.edu.pl,1,"AS20068 (HAWKHOST - Hawk Host Inc., CA)"
mx.mailref.net,1,"AS14061 (DIGITALOCEAN-ASN - DigitalOcean, LLC, US)"
mail.mailretrer.com,1,"AS14061 (DIGITALOCEAN-ASN - DigitalOcean, LLC, US)"
mail.mailsecv.com,1,"AS47583 (AS-HOSTINGER, CY)"
mx.mailsdfeer.net,1,"AS14061 (DIGITALOCEAN-ASN - DigitalOcean, LLC, US)"
mail.devrolab.com,1,
mx6.mailrerrs.com,1,
mail.mailsd.net,1,"AS14061 (DIGITALOCEAN-ASN - DigitalOcean, LLC, US)"
mailros.com,1,"AS54290 (HOSTWINDS - Hostwinds LLC., US)"
mailrest.com,1,"AS54290 (HOSTWINDS - Hostwinds LLC., US)"
mx.mailsadf.net,1,"AS14061 (DIGITALOCEAN-ASN - DigitalOcean, LLC, US)"
mailska.com,1,"AS54290 (HOSTWINDS - Hostwinds LLC., US)"
mx1.mailrock.biz,1,"AS200107 (KL-EXT, CH)"
mail.mailgen.pw,1,"AS132203 (TENCENT-NET-AP-CN Tencent Building, Kejizhongyi Avenue, CN)"
mx.mailsdfd.net,1,"AS14061 (DIGITALOCEAN-ASN - DigitalOcean, LLC, US)"
mail.mailsphere.space,1,"AS49683 (MASSIVEGRID, GB)"
d.mx.mailshell.com,1,"AS63949 (AKAMAI-LINODE-AP Akamai Connected Cloud, SG)"
mx.mailslite.com,1,"AS14061 (DIGITALOCEAN-ASN - DigitalOcean, LLC, US)"
mailste.com,1,"AS54290 (HOSTWINDS - Hostwinds LLC., US)"
mailsi.online,1,"AS203380 (DAINTERNATIONALGROUP, BG)"
mailsst.com,1,"AS54290 (HOSTWINDS - Hostwinds LLC., US)"
mail.mailni.biz,1,"AS132203 (TENCENT-NET-AP-CN Tencent Building, Kejizhongyi Avenue, CN)"
mailsafe.fr.nf,1,"AS16276 (OVH, FR)"
_dc-mx.0583831c3117.mailtelig.site,1,"AS24940 (HETZNER-AS, DE)"
mailswim.com,1,"AS54290 (HOSTWINDS - Hostwinds LLC., US)"
mailtal.com,1,"AS54290 (HOSTWINDS - Hostwinds LLC., US)"
_dc-mx.4c3854fd3df9.mailtemp.uk,1,"AS49467 (EUROTA-ASN EUROTA INTERNET SERVICES LTD, TR)"
mail1.mailsrv.ru,1,"AS12578 (APOLLO-AS Latvia, LV)"
mail.mailthink.net,1,"AS63949 (AKAMAI-LINODE-AP Akamai Connected Cloud, SG)"
global.mailtemp.net,1,"AS401696 (COGNETCLOUD - cognetcloud INC, US)"
mail.mailopenz.com,1,"AS29182 (RU-JSCIOT, RU)"
mx2.mailsinabox.bid,1,"AS200107 (KL-EXT, CH)"
w019efd9.kasserver.com,1,"AS34788 (NMM-AS D - 02742 Friedersdorf Hauptstrasse 68, DE)"
mail.mailtmk.com,1,"AS14061 (DIGITALOCEAN-ASN - DigitalOcean, LLC, US)"
mail.mailtrust.online,1,"AS12586 (ASGHOSTNET, DE)"
mx2.mailspirit.info,1,"AS200107 (KL-EXT, CH)"
mail.mailni.club,1,"AS132203 (TENCENT-NET-AP-CN Tencent Building, Kejizhongyi Avenue, CN)"
m.mailvh.com,1,"AS401696 (COGNETCLOUD - cognetcloud INC, US)"
api.moeclub.org,1,"AS16276 (OVH, FR)"
_dc-mx.c2476fbd758d.mailw.site,1,"AS24940 (HETZNER-AS, DE)"
mail.mailus.thewisetransfer.click,1,"AS51167 (CONTABO, DE)"
mail.mailus.thebillieholiday.click,1,"AS51167 (CONTABO, DE)"
mail.mailus.carolinensiellive.click,1,"AS51167 (CONTABO, DE)"
mail.mailvs.net,1,"AS14061 (DIGITALOCEAN-ASN - DigitalOcean, LLC, US)"
mailxing.com,1,"AS54290 (HOSTWINDS - Hostwinds LLC., US)"
mail.mailvq.net,1,"AS14061 (DIGITALOCEAN-ASN - DigitalOcean, LLC, US)"
mail.mailzhi.com,1,"AS36007 (KAMATERA - Kamatera, Inc., US)"
mail.mailvip.info,1,"AS200303 (LUMASERV LUMASERV GmbH, DE)"
mail.maily.website,1,"AS50599 (Autonomous System for Dataspace P.S.A., PL)"
mailusek.pl,1,"AS12824 (HOMEPL-AS, PL)"
mailv1.theloi.io.vn,1,"AS149089 (CLOUDFLY-VN CLOUDFLY CORPORATION, VN)"
mail.mainlinehosting.net,1,"AS46606 (UNIFIEDLAYER-AS-1 - Unified Layer, US)"
mail.mail5.su,1,"AS200303 (LUMASERV LUMASERV GmbH, DE)"
mailzilla-com.p10.spamhero.com,1,"AS13354 (ZC38-AS1 - zColo, US)"
makeme-fashion.com,1,"AS153528 (ESL-AS-AP ExtentIT Solution Limited, BD)"
mail.makeemailgreat.com,1,"AS16276 (OVH, FR)"
mailtune.ir,1,"AS12660 (SHARIF-EDU-NET, IR)"
mx1.mailasdkr.net,1,"AS200107 (KL-EXT, CH)"
mx1.major-jobs.com,1,"AS200107 (KL-EXT, CH)"
mail2bin.com,1,"AS174 (COGENT-174 - Cogent Communications, LLC, US)"
mx1.make-bootable-disks.com,1,"AS200107 (KL-EXT, CH)"
mail.malariolmail.ru,1,"AS12586 (ASGHOSTNET, DE)"
mail.mailcorplrtgood.com,1,"AS9009 (M247, RO)"
mail.malassimilmfri.com,1,"AS12586 (ASGHOSTNET, DE)"
maltacp.com,1,"AS47583 (AS-HOSTINGER, CY)"
mail.maily.info,1,"AS24940 (HETZNER-AS, DE)"
mx6.mailerrtts.com,1,
mx1.mailbox1.gdn,1,"AS200107 (KL-EXT, CH)"
mail.malobservfml.com,1,"AS12586 (ASGHOSTNET, DE)"
mail.mamamintaemail.com,1,"AS16276 (OVH, FR)"
mail.mailfirst.icu,1,"AS14061 (DIGITALOCEAN-ASN - DigitalOcean, LLC, US)"
mail.mailfm.net,1,"AS14061 (DIGITALOCEAN-ASN - DigitalOcean, LLC, US)"
malamail.com,1,"AS213702 (QWINS-LTD QWINS AS-SET: ~ # AS213702:AS-CUSTOMERS, GB)"
maloufco-com.mail.protection.outlook.com,1,"AS8075 (MICROSOFT-CORP-MSN-AS-BLOCK - Microsoft Corporation, US)"
mail.mailforspam.net,1,"AS204800 (WHG-SGP, GB)"
mail1.mailforspam.com,1,"AS14061 (DIGITALOCEAN-ASN - DigitalOcean, LLC, US)"
zc-mx.zohocorp.com,1,"AS56201 (ZOHO-IN Zoho Corporation Pvt. Ltd, IN)"
mail.mailforminutes.com,1,"AS47583 (AS-HOSTINGER, CY)"
mamabood.com,1,"AS47583 (AS-HOSTINGER, CY)"
mail.managemail.ru,1,"AS12586 (ASGHOSTNET, DE)"
mail.makefriends.ru,1,"AS216139 (IRONHOST, GB)"
mx.mannbdinfo.org,1,"AS14061 (DIGITALOCEAN-ASN - DigitalOcean, LLC, US)"
a015456.mx.mailhop.org,1,"AS16509 (AMAZON-02 - Amazon.com, Inc., US)"
mail.manipukl.ru,1,"AS12586 (ASGHOSTNET, DE)"
mail.maneuveraomail.ru,1,"AS12586 (ASGHOSTNET, DE)"
mx4.m2bp.com,1,"AS24940 (HETZNER-AS, DE)"
mail.manipulafl.com,1,"AS12586 (ASGHOSTNET, DE)"
manipumail.com,1,"AS213702 (QWINS-LTD QWINS AS-SET: ~ # AS213702:AS-CUSTOMERS, GB)"
mail.manometrifml.com,1,"AS12586 (ASGHOSTNET, DE)"
mail.manomails.ru,1,"AS12586 (ASGHOSTNET, DE)"
mail.manufactmail.ru,1,"AS12586 (ASGHOSTNET, DE)"
manuka-com.mail.protection.outlook.com,1,"AS8075 (MICROSOFT-CORP-MSN-AS-BLOCK - Microsoft Corporation, US)"
mail.manupay.com,1,"AS14061 (DIGITALOCEAN-ASN - DigitalOcean, LLC, US)"
mailforward61.cloudns.net,1,"AS35661 (VIRTUASYS-EU Lift weight. Push bytes. Never drop. Repeat., FR)"
mail.mapcorewards.com,1,"AS209 (CENTURYLINK-US-LEGACY-QWEST - CenturyLink Communications, LLC, US)"
mail.mania99.org,1,"AS57344 (TELEHOUSE-AS, BG)"
_dc-mx.b75a243f5b54.marattok.com,1,"AS16276 (OVH, FR)"
mail.mailgen.info,1,"AS132203 (TENCENT-NET-AP-CN Tencent Building, Kejizhongyi Avenue, CN)"
marchelloua.mooo.com,1,"AS205727 (ARUBAPL-AS, IT)"
marchfh-com.mail.protection.outlook.com,1,"AS8075 (MICROSOFT-CORP-MSN-AS-BLOCK - Microsoft Corporation, US)"
mami999.net,1,"AS26496 (AS-26496-GO-DADDY-COM-LLC - GoDaddy.com, LLC, US)"
smtp.mareno.net,1,"AS54290 (HOSTWINDS - Hostwinds LLC., US)"
w01e3f50.kasserver.com,1,"AS34788 (NMM-AS D - 02742 Friedersdorf Hauptstrasse 68, DE)"
mail.mariecharlesrealestateagenthumbletx.com,1,"AS46606 (UNIFIEDLAYER-AS-1 - Unified Layer, US)"
mail.markerting4all.shop,1,
mail.mark-mail.pro,1,"AS200740 (FIRST-SERVER-EU-AS FIRST-SERVER-US, GB)"
margimail.com,1,"AS213702 (QWINS-LTD QWINS AS-SET: ~ # AS213702:AS-CUSTOMERS, GB)"
mail.marciszewski.pl,1,"AS41079 (CF-GDA, PL)"
markarcher.com.au,1,"AS19871 (NETWORK-SOLUTIONS-HOSTING - Network Solutions, LLC, US)"
mail.many-slots.ru,1,"AS50340 (SELECTEL-MSK, RU)"
zelda.veridyen.com,1,"AS209853 (VERIDYEN Veridyen Bilisim Teknolojileri Sanayi ve Ticaret Limited Sirketi, TR)"
markellaw-com.mail.protection.outlook.com,1,"AS8075 (MICROSOFT-CORP-MSN-AS-BLOCK - Microsoft Corporation, US)"
mail.marmaryta.com,1,"AS47583 (AS-HOSTINGER, CY)"
mail.marlboro-ez-cigarettes.com,1,"AS16276 (OVH, FR)"
mail.marketing.healthcareprivacy.click,1,"AS51167 (CONTABO, DE)"
156121029.pamx1.hotmail.com,1,"AS8075 (MICROSOFT-CORP-MSN-AS-BLOCK - Microsoft Corporation, US)"
mail.marksearcher.com,1,"AS60781 (LEASEWEB-NL-AMS-01 Netherlands, NL)"
mail.marsipobrinf.com,1,"AS12586 (ASGHOSTNET, DE)"
marketlink.info,1,"AS30083 (AS-30083-US-VELIA-NET - velia.net, DE)"
_dc-mx.f1253c53bdf9.martmerc.com,1,"AS46475 (LIMESTONENETWORKS - Limestone Networks, Inc., US)"
mail.marsipomail.com,1,"AS12586 (ASGHOSTNET, DE)"
mashorts.com,1,"AS47583 (AS-HOSTINGER, CY)"
mail.marywesley.com,1,"AS46606 (UNIFIEDLAYER-AS-1 - Unified Layer, US)"
mail.mashy.com,1,"AS24940 (HETZNER-AS, DE)"
mx0a-00108d02.pphosted.com,1,"AS26211 (PROOFPOINT-ASN-US-WEST - Proofpoint, Inc., US)"
mail0.maskmail.net,1,"AS16509 (AMAZON-02 - Amazon.com, Inc., US)"
mxa-00108d02.gslb.pphosted.com,1,"AS22843 (PROOFPOINT-ASN-US-EAST - Proofpoint, Inc., US)"
mail.master-crm.ru,1,"AS35278 (SPRINTHOST, RU)"
mx1-cluster15.immenzaces.com,1,"AS137488 (ICEWARP-AS-AP IceWarp Technologies Pvt. Ltd., IN)"
masterdomino88.net,1,"AS22612 (NAMECHEAP-NET - Namecheap, Inc., US)"
mx.mastplants.com.cust.b.hostedemail.com,1,"AS32491 (TUCOWS-3 - Tucows.com Co., CA)"
marvinlee.net,1,"AS30475 (WEHOSTWEBSITES-COM - Handy Networks, LLC, US)"
mx1.masterhost.site,1,"AS200107 (KL-EXT, CH)"
mail.mastopamail.ru,1,"AS12586 (ASGHOSTNET, DE)"
marvinlee.com,1,"AS30475 (WEHOSTWEBSITES-COM - Handy Networks, LLC, US)"
mail.materfmk.com,1,"AS12586 (ASGHOSTNET, DE)"
spf0.materael.com,1,"AS14061 (DIGITALOCEAN-ASN - DigitalOcean, LLC, US)"
mx2.mail.corp.masterhost.ru,1,"AS25532 (MASTERHOST-AS Moscow, Russia, RU)"
masterpokerqq.net,1,"AS22612 (NAMECHEAP-NET - Namecheap, Inc., US)"
mail.matanmail.com,1,"AS12586 (ASGHOSTNET, DE)"
mx.mandisa.dpdns.org,1,"AS34119 (WILDCARD-AS Wildcard UK Limited, GB)"
mail.materics.ru,1,"AS12586 (ASGHOSTNET, DE)"
mail.materml.ru,1,"AS12586 (ASGHOSTNET, DE)"
mail.matemails.ru,1,"AS12586 (ASGHOSTNET, DE)"
mail.materifl.com,1,"AS12586 (ASGHOSTNET, DE)"
mail.matmail.ru,1,"AS12586 (ASGHOSTNET, DE)"
mail.materimail.ru,1,"AS12586 (ASGHOSTNET, DE)"
mx.mataa.me,1,"AS34119 (WILDCARD-AS Wildcard UK Limited, GB)"
mail.maulmail.com,1,"AS12586 (ASGHOSTNET, DE)"
maxamba.com,1,
mx.maxbeautyhair.com.cust.b.hostedemail.com,1,"AS32491 (TUCOWS-3 - Tucows.com Co., CA)"
mail.maturmail.com,1,"AS132203 (TENCENT-NET-AP-CN Tencent Building, Kejizhongyi Avenue, CN)"
mx.maxdispatchconnect.com.cust.a.hostedemail.com,1,"AS15348 (TUCOWS - Tucows.com Co., CA)"
mail.maxrollspins.co,1,"AS24940 (HETZNER-AS, DE)"
maxillomamail.com,1,"AS213702 (QWINS-LTD QWINS AS-SET: ~ # AS213702:AS-CUSTOMERS, GB)"
mail.maxsad.com,1,"AS51167 (CONTABO, DE)"
mail.maxric.com,1,"AS14061 (DIGITALOCEAN-ASN - DigitalOcean, LLC, US)"
maxxedout.net,1,"AS209 (CENTURYLINK-US-LEGACY-QWEST - CenturyLink Communications, LLC, US)"
mxwl.us,1,"AS7018 (ATT-INTERNET4 - AT&T Enterprises, LLC, US)"
mail.maylx.com,1,"AS14061 (DIGITALOCEAN-ASN - DigitalOcean, LLC, US)"
mail.mariewallacerealestateagentfolsomca.com,1,"AS46606 (UNIFIEDLAYER-AS-1 - Unified Layer, US)"
mazon-com.mail.protection.outlook.com,1,"AS8075 (MICROSOFT-CORP-MSN-AS-BLOCK - Microsoft Corporation, US)"
mail.marksandspencer.com.vn,1,"AS16276 (OVH, FR)"
mbcannj-com.mail.protection.outlook.com,1,
mbejci.com,1,"AS24940 (HETZNER-AS, DE)"
mbm-com.mail.protection.outlook.com,1,"AS8075 (MICROSOFT-CORP-MSN-AS-BLOCK - Microsoft Corporation, US)"
mail.marvelfight.cc,1,"AS45102 (ALIBABA-CN-NET Alibaba US Technology Co., Ltd., CN)"
mail.mcguide.cc,1,"AS45102 (ALIBABA-CN-NET Alibaba US Technology Co., Ltd., CN)"
a214134.mx.mailhop.org,1,"AS16509 (AMAZON-02 - Amazon.com, Inc., US)"
mail.martyroml.ru,1,"AS12586 (ASGHOSTNET, DE)"
mta.marloni.com.pl,1,"AS16276 (OVH, FR)"
a406698.mx.mailhop.org,1,"AS16509 (AMAZON-02 - Amazon.com, Inc., US)"
mail.massazhistki-40.com,1,"AS29182 (RU-JSCIOT, RU)"
mcdomaine.fr.nf,1,"AS16276 (OVH, FR)"
mx1.mashed.site,1,"AS200107 (KL-EXT, CH)"
mail.massageplanner.com,1,"AS201682 (LIQUID-WEB-BV, US)"
mail.mdamageqdz.com,1,"AS47583 (AS-HOSTINGER, CY)"
mx.mas90help.com,1,"AS16276 (OVH, FR)"
mdexc-com.mail.protection.outlook.com,1,"AS8075 (MICROSOFT-CORP-MSN-AS-BLOCK - Microsoft Corporation, US)"
mx1.hostinger.co,1,"AS13335 (CLOUDFLARENET - Cloudflare, Inc., US)"
matydezynfekcyjne.com.pl,1,"AS15967 (NETARTGROUP, PL)"
mx.me-angel.net,1,"AS14061 (DIGITALOCEAN-ASN - DigitalOcean, LLC, US)"
mx02.mea.com,1,"AS4680 (MIND Mitsubishi Electric Information Network Corporation, JP)"
mail.meandu.store,1,"AS47583 (AS-HOSTINGER, CY)"
mx6.meangel.net,1,
meboxmedia.us,1,"AS14061 (DIGITALOCEAN-ASN - DigitalOcean, LLC, US)"
mebeldomoi.com,1,"AS20068 (HAWKHOST - Hawk Host Inc., CA)"
a656183.mx.mailhop.org,1,"AS16509 (AMAZON-02 - Amazon.com, Inc., US)"
mail.massazhistki-na-dom.com,1,
mec-com.mail.protection.outlook.com,1,"AS8075 (MICROSOFT-CORP-MSN-AS-BLOCK - Microsoft Corporation, US)"
meda-com.mail.protection.outlook.com,1,"AS8075 (MICROSOFT-CORP-MSN-AS-BLOCK - Microsoft Corporation, US)"
mail.mechanomails.ru,1,"AS12586 (ASGHOSTNET, DE)"
medc-com.mail.protection.outlook.com,1,"AS8075 (MICROSOFT-CORP-MSN-AS-BLOCK - Microsoft Corporation, US)"
mail.mechanorecmail.ru,1,"AS12586 (ASGHOSTNET, DE)"
mail.mechanomail.ru,1,"AS12586 (ASGHOSTNET, DE)"
mail.mechanml.ru,1,"AS12586 (ASGHOSTNET, DE)"
mail.mediapulsetech.com,1,"AS398101 (GO-DADDY-COM-LLC - GoDaddy.com, LLC, US)"
mail.mediatml.ru,1,"AS12586 (ASGHOSTNET, DE)"
medicaresolutions-com.mail.protection.outlook.com,1,"AS8075 (MICROSOFT-CORP-MSN-AS-BLOCK - Microsoft Corporation, US)"
medigap-com.mail.protection.outlook.com,1,"AS8075 (MICROSOFT-CORP-MSN-AS-BLOCK - Microsoft Corporation, US)"
mx0a-002c9901.pphosted.com,1,"AS26211 (PROOFPOINT-ASN-US-WEST - Proofpoint, Inc., US)"
mail.med-tovary.com,1,"AS197695 (AS-REG, RU)"
medjetassist-com.mail.protection.outlook.com,1,"AS8075 (MICROSOFT-CORP-MSN-AS-BLOCK - Microsoft Corporation, US)"
mediosmail.com,1,"AS213702 (QWINS-LTD QWINS AS-SET: ~ # AS213702:AS-CUSTOMERS, GB)"
mecs-de.mail.protection.outlook.com,1,"AS8075 (MICROSOFT-CORP-MSN-AS-BLOCK - Microsoft Corporation, US)"
mail.mediterr.ru,1,"AS12586 (ASGHOSTNET, DE)"
mail.meditermails.ru,1,"AS12586 (ASGHOSTNET, DE)"
hostmx01.logix.in,1,"AS4755 (TATACOMM-AS TATA Communications formerly VSNL is Leading ISP, IN)"
mail.meefff.com,1,"AS24940 (HETZNER-AS, DE)"
mcc-east.mx.a.cloudfilter.net,1,"AS14618 (AMAZON-AES - Amazon.com, Inc., US)"
mx2.megahost.info,1,"AS200107 (KL-EXT, CH)"
mail.medremservis.ru,1,"AS198068 (PAGM-AS, EE)"
mega-com.mail.protection.outlook.com,1,"AS8075 (MICROSOFT-CORP-MSN-AS-BLOCK - Microsoft Corporation, US)"
mail.megakarml.ru,1,"AS12586 (ASGHOSTNET, DE)"
mail.megacepfmail.ru,1,"AS12586 (ASGHOSTNET, DE)"
mail.megalogomail.ru,1,"AS12586 (ASGHOSTNET, DE)"
_dc-mx.d4ef8ce45444.megastorage.xyz,1,"AS22612 (NAMECHEAP-NET - Namecheap, Inc., US)"
mail.megalosmail.com,1,"AS12586 (ASGHOSTNET, DE)"
mail.megalomail.ru,1,"AS12586 (ASGHOSTNET, DE)"
mx.megape.in,1,"AS14061 (DIGITALOCEAN-ASN - DigitalOcean, LLC, US)"
mail.megaposty.com,1,"AS36352 (AS-COLOCROSSING - HostPapa, US)"
mail.megdalomail.com,1,"AS12586 (ASGHOSTNET, DE)"
mail.megalocemail.ru,1,"AS12586 (ASGHOSTNET, DE)"
mail.megalocrsmail.ru,1,"AS12586 (ASGHOSTNET, DE)"
megamail.fr.nf,1,"AS16276 (OVH, FR)"
mdo88.org,1,"AS22612 (NAMECHEAP-NET - Namecheap, Inc., US)"
mdo88.com,1,"AS22612 (NAMECHEAP-NET - Namecheap, Inc., US)"
mail.me.tempo-mail.pro,1,"AS22612 (NAMECHEAP-NET - Namecheap, Inc., US)"
megoqo.ru,1,"AS204601 (PODAON, NL)"
mail.melaptop.net,1,
mail.melbet-ok.ru,1,"AS58061 (SCALAXY-AS, LV)"
mail.melanofiml.ru,1,"AS12586 (ASGHOSTNET, DE)"
melanmail.com,1,"AS213702 (QWINS-LTD QWINS AS-SET: ~ # AS213702:AS-CUSTOMERS, GB)"
mail.meinspamschutz.de,1,"AS197540 (NETCUP-AS netcup GmbH, DE)"
mx.melite.shop.cust.b.hostedemail.com,1,"AS32491 (TUCOWS-3 - Tucows.com Co., CA)"
malibuzz.mellieswelding.com,1,"AS51167 (CONTABO, DE)"
mx0.meltmail.com,1,"AS54290 (HOSTWINDS - Hostwinds LLC., US)"
_dc-mx.d184a5df35a6.meltp.com,1,"AS24940 (HETZNER-AS, DE)"
melissachi.com,1,"AS58061 (SCALAXY-AS, LV)"
melssa.com,1,"AS33322 (NDCHOST - Network Data Center Host, Inc., US)"
mail.mehrpoy.ir,1,"AS204213 (NETMIHAN, IR)"
dmarc.memhers.com,1,"AS14061 (DIGITALOCEAN-ASN - DigitalOcean, LLC, US)"
mail.memorafmk.com,1,"AS12586 (ASGHOSTNET, DE)"
mxr.memorimail.com,1,"AS14061 (DIGITALOCEAN-ASN - DigitalOcean, LLC, US)"
mail.memorialimy.com,1,"AS12586 (ASGHOSTNET, DE)"
mail.memorifmail.ru,1,"AS12586 (ASGHOSTNET, DE)"
mail.memes.watch,1,
level3mx.memoryence.com,1,"AS14061 (DIGITALOCEAN-ASN - DigitalOcean, LLC, US)"
mail.menitao.com,1,"AS14061 (DIGITALOCEAN-ASN - DigitalOcean, LLC, US)"
memorisx.com,1,"AS24940 (HETZNER-AS, DE)"
mail.meningoencmail.com,1,"AS12586 (ASGHOSTNET, DE)"
mail.meningoencephli.com,1,"AS12586 (ASGHOSTNET, DE)"
mail.menormail.com,1,"AS12586 (ASGHOSTNET, DE)"
_dc-mx.b3e276e73403.mentalnozdravlje.edu.rs,1,"AS51167 (CONTABO, DE)"
mail.mepost.pw,1,"AS14061 (DIGITALOCEAN-ASN - DigitalOcean, LLC, US)"
mepo.uk,1,"AS7506 (INTERQ GMO Internet Group, Inc., JP)"
mail.mentomeemail.ru,1,"AS12586 (ASGHOSTNET, DE)"
mail.mercadodeactivos.com,1,"AS209341 (WHG-FRA, GB)"
mx2.menviagraget.com,1,"AS200107 (KL-EXT, CH)"
mx.merchstore.store.cust.b.hostedemail.com,1,"AS32491 (TUCOWS-3 - Tucows.com Co., CA)"
mail.mergecraft.shop,1,"AS47583 (AS-HOSTINGER, CY)"
igw18.site4now.net,1,"AS46844 (SHARKTECH - Sharktech, US)"
mail2.mera.com,1,"AS206402 (ORION, CH)"
mail.mercenmil.ru,1,"AS12586 (ASGHOSTNET, DE)"
me5a-com.mail.protection.outlook.com,1,
rmw-002.fmcity.com,1,"AS4766 (KIXS-AS-KR Korea Telecom, KR)"
_dc-mx.5899d627a1e7.merlinlabs.dev,1,"AS7922 (COMCAST-7922 - Comcast Cable Communications, LLC, US)"
meetupmonkey.com,1,"AS54113 (FASTLY - Fastly, Inc., US)"
mail.meritomail.ru,1,"AS12586 (ASGHOSTNET, DE)"
mail.mesopomail.com,1,"AS12586 (ASGHOSTNET, DE)"
mesc-com.mail.protection.outlook.com,1,"AS8075 (MICROSOFT-CORP-MSN-AS-BLOCK - Microsoft Corporation, US)"
mail.mesoctomail.com,1,"AS12586 (ASGHOSTNET, DE)"
mesotheliomaclaimscenter-info.mail.protection.outlook.com,1,"AS8075 (MICROSOFT-CORP-MSN-AS-BLOCK - Microsoft Corporation, US)"
mes-emails.fr.nf,1,"AS16276 (OVH, FR)"
met-com.mail.protection.outlook.com,1,"AS8075 (MICROSOFT-CORP-MSN-AS-BLOCK - Microsoft Corporation, US)"
mail.megalecvegai.ru,1,"AS12586 (ASGHOSTNET, DE)"
mess-mails.fr.nf,1,"AS16276 (OVH, FR)"
mx01.yoncu.com,1,"AS208425 (YONCU, CY)"
mail.megakarmails.ru,1,"AS12586 (ASGHOSTNET, DE)"
meta3-com.mail.protection.outlook.com,1,"AS8075 (MICROSOFT-CORP-MSN-AS-BLOCK - Microsoft Corporation, US)"
a242604.mx.mailhop.org,1,"AS16509 (AMAZON-02 - Amazon.com, Inc., US)"
mail.metacinnmail.com,1,"AS12586 (ASGHOSTNET, DE)"
mail.megachiromail.ru,1,"AS12586 (ASGHOSTNET, DE)"
mxb-00082601.gslb.pphosted.com,1,"AS26211 (PROOFPOINT-ASN-US-WEST - Proofpoint, Inc., US)"
mail.metabfmail.ru,1,"AS12586 (ASGHOSTNET, DE)"
mesemails.fr.nf,1,"AS16276 (OVH, FR)"
mx.metaf.com,1,"AS31034 (ARUBA-ASN, IT)"
mx2.mega1.gdn,1,"AS200107 (KL-EXT, CH)"
mail.kox.com,1,"AS21499 (GODADDY-SXB, DE)"
mx01.xworks.net,1,
mx1.kotsu01.info,1,"AS200107 (KL-EXT, CH)"
mail.metallomail.ru,1,"AS12586 (ASGHOSTNET, DE)"
mail.metallograemail.ru,1,"AS12586 (ASGHOSTNET, DE)"
mail.metamatheic.com,1,"AS12586 (ASGHOSTNET, DE)"
nas.megatel.md,1,"AS31204 (SUNCOMMUNICATIONS-AS JV Sun Communications Autonomous System, MD)"
mail.metallotmail.ru,1,"AS12586 (ASGHOSTNET, DE)"
kowavietnam-com.mail.protection.outlook.com,1,"AS8075 (MICROSOFT-CORP-MSN-AS-BLOCK - Microsoft Corporation, US)"
mail.metamorphjmail.ru,1,"AS12586 (ASGHOSTNET, DE)"
mail.metapmofml.ru,1,"AS12586 (ASGHOSTNET, DE)"
metcoat-com.mail.protection.outlook.com,1,"AS8075 (MICROSOFT-CORP-MSN-AS-BLOCK - Microsoft Corporation, US)"
mail.metapsmalu.ru,1,"AS12586 (ASGHOSTNET, DE)"
mxa-00120b02.gslb.pphosted.com,1,"AS22843 (PROOFPOINT-ASN-US-EAST - Proofpoint, Inc., US)"
kpsc-com.mail.protection.outlook.com,1,"AS8075 (MICROSOFT-CORP-MSN-AS-BLOCK - Microsoft Corporation, US)"
metan-com.mail.protection.outlook.com,1,"AS8075 (MICROSOFT-CORP-MSN-AS-BLOCK - Microsoft Corporation, US)"
mx9.aftermarket.hosting,1,"AS48707 (AS48707-OPS-, PL)"
mail.meti.com,1,"AS701 (UUNET - Verizon Business, US)"
metabox.info,1,"AS24940 (HETZNER-AS, DE)"
mail.meteemail.ru,1,"AS12586 (ASGHOSTNET, DE)"
mail.meteormail.ru,1,"AS12586 (ASGHOSTNET, DE)"
mx2.metlife.com,1,"AS16417 (IRONPORT-SYSTEMS-INC - Cisco Systems Ironport Division, US)"
mail.methylamail.com,1,"AS12586 (ASGHOSTNET, DE)"
mx7.metlfie.com,1,"AS27257 (WEBAIR-INTERNET - Webair Internet Development Company Inc., US)"
krakel-com.mail.protection.outlook.com,1,"AS8075 (MICROSOFT-CORP-MSN-AS-BLOCK - Microsoft Corporation, US)"
krak3n-com.mx1.arsmtp.com,1,"AS53780 (AS-APPRIVER - APPRIVER LLC, US)"
melancomail.com,1,"AS213702 (QWINS-LTD QWINS AS-SET: ~ # AS213702:AS-CUSTOMERS, GB)"
sbg3.cpanel.speed-cloud.fr,1,"AS16276 (OVH, FR)"
mail.metromailz.com,1,"AS24940 (HETZNER-AS, DE)"
methyl.fr.nf,1,"AS8560 (IONOS-AS This is the joint network for IONOS, Fasthosts, Arsys, 1&1 Mail and Media and 1&1 Telecom. Formerly known as 1&1 Internet SE., DE)"
mail.metrificasmail.ru,1,"AS12586 (ASGHOSTNET, DE)"
mail.metrosalpmail.ru,1,"AS12586 (ASGHOSTNET, DE)"
mx.metamodel.dev,1,"AS48282 (VDSINA-AS, RU)"
acssports.tzo.com,1,
mail.metta.com,1,"AS5650 (FRONTIER-FRTR - Frontier Communications of America, Inc., US)"
mettlesphee.ddnsfree.com,1,"AS8708 (DIGI-ROMANIA 75 Dr. Staicovici, RO)"
mail.metropomail.ru,1,"AS12586 (ASGHOSTNET, DE)"
mail.kravintis.cfd,1,"AS203446 (AS203446, GB)"
mxa-00242d01.gslb.pphosted.com,1,"AS26211 (PROOFPOINT-ASN-US-WEST - Proofpoint, Inc., US)"
mail.metropolmail.ru,1,"AS12586 (ASGHOSTNET, DE)"
mx1-us2.ppe-hosted.com,1,"AS22843 (PROOFPOINT-ASN-US-EAST - Proofpoint, Inc., US)"
metroset-net.mail.protection.outlook.com,1,"AS8075 (MICROSOFT-CORP-MSN-AS-BLOCK - Microsoft Corporation, US)"
mail.kreatorzyimprez.pl,1,"AS41079 (CF-GDA, PL)"
foxstl-com.snwlhosted.com,1,"AS30021 (SNWL-COLO-SJL - SonicWALL, Inc., US)"
mail.metropoliolml.ru,1,"AS12586 (ASGHOSTNET, DE)"
kredohealth-com.mail.protection.outlook.com,1,"AS8075 (MICROSOFT-CORP-MSN-AS-BLOCK - Microsoft Corporation, US)"
mxa-005e9701.gslb.pphosted.com,1,"AS52129 (PROOFPOINT-ASN-EU, US)"
mail.metherwallet.com,1,"AS45839 (SHINJIRU-MY-AS-AP Shinjiru Technology Sdn Bhd, MY)"
mexcc-com.mail.protection.outlook.com,1,"AS8075 (MICROSOFT-CORP-MSN-AS-BLOCK - Microsoft Corporation, US)"
mail.kreuiema.com,1,"AS14061 (DIGITALOCEAN-ASN - DigitalOcean, LLC, US)"
mexca-com.mail.protection.outlook.com,1,"AS8075 (MICROSOFT-CORP-MSN-AS-BLOCK - Microsoft Corporation, US)"
kriken-com.mail.protection.outlook.com,1,"AS8075 (MICROSOFT-CORP-MSN-AS-BLOCK - Microsoft Corporation, US)"
_dc-mx.67206788df58.krissysummers.com,1,"AS147124 (IDNIC-HOSTINGAN-AS-ID PT Hostingan Awan Indonesia, ID)"
mexci.com,1,"AS22878 (ASACENET1 - ACENET, INC., US)"
mexcx.com,1,"AS14061 (DIGITALOCEAN-ASN - DigitalOcean, LLC, US)"
mexx-com.mail.protection.outlook.com,1,"AS8075 (MICROSOFT-CORP-MSN-AS-BLOCK - Microsoft Corporation, US)"
mx.mexyc.com.cust.b.hostedemail.com,1,"AS32491 (TUCOWS-3 - Tucows.com Co., CA)"
mail.mexvat.com,1,"AS14061 (DIGITALOCEAN-ASN - DigitalOcean, LLC, US)"
mey-com-tr.mail.protection.outlook.com,1,"AS8075 (MICROSOFT-CORP-MSN-AS-BLOCK - Microsoft Corporation, US)"
mail.kredyt-dla-ciebie.com.pl,1,"AS197155 (ARTNET, PL)"
mail.krysentra.cfd,1,"AS203446 (AS203446, GB)"
mx01.mailplug.com,1,"AS4766 (KIXS-AS-KR Korea Telecom, KR)"
smtp,1,
ns02.000webhost.com,1,"AS47583 (AS-HOSTINGER, CY)"
mail.mgmcasinoonline.us,1,"AS209605 (HOSTBALTIC, LT)"
mail.mgmonlinecasino.us,1,"AS209605 (HOSTBALTIC, LT)"
mail.kschecker.xyz,1,"AS203446 (AS203446, GB)"
mx004.cloudus.xion.oxcs.net,1,"AS16276 (OVH, FR)"
mail.mexicons.com,1,"AS29182 (RU-JSCIOT, RU)"
a714079.mx.mailhop.org,1,"AS16509 (AMAZON-02 - Amazon.com, Inc., US)"
ksao-us.mail.protection.outlook.com,1,"AS8075 (MICROSOFT-CORP-MSN-AS-BLOCK - Microsoft Corporation, US)"
mgtlife-com.mail.protection.outlook.com,1,"AS8075 (MICROSOFT-CORP-MSN-AS-BLOCK - Microsoft Corporation, US)"
mx37.ksgmac.com,1,"AS63949 (AKAMAI-LINODE-AP Akamai Connected Cloud, SG)"
mail.kreditkartenvergleich.jetzt,1,"AS13246 (INETWIRE-AS Key-Systems GmbH PartnerGate, DE)"
mail.mgail.com,1,"AS13246 (INETWIRE-AS Key-Systems GmbH PartnerGate, DE)"
kscommunication-com.mail.protection.outlook.com,1,"AS8075 (MICROSOFT-CORP-MSN-AS-BLOCK - Microsoft Corporation, US)"
mail.mhimail.com,1,"AS132203 (TENCENT-NET-AP-CN Tencent Building, Kejizhongyi Avenue, CN)"
mail.mi-tienda.com.co,1,"AS40824 (WZ-US-40824 - Webzilla Inc., US)"
kta-com.mail.protection.outlook.com,1,"AS8075 (MICROSOFT-CORP-MSN-AS-BLOCK - Microsoft Corporation, US)"
_dc-mx.ee935d36d179.miadz.com,1,"AS32475 (SINGLEHOP-LLC - Internap Holding LLC, US)"
mail.kosla.pl,1,"AS41079 (CF-GDA, PL)"
kt5x.com,1,"AS24940 (HETZNER-AS, DE)"
6fb66153aa05234083d2f8c710c698.pamx1.hotmail.com,1,"AS8075 (MICROSOFT-CORP-MSN-AS-BLOCK - Microsoft Corporation, US)"
mx.miaferrari.com.cust.hostedemail.com,1,"AS15348 (TUCOWS - Tucows.com Co., CA)"
mail.korarlocalbrand.com,1,"AS9009 (M247, RO)"
koran3000.com,1,"AS7393 (CYBERCON - CYBERCON, INC., US)"
mx1.hc590-51.ca.iphmx.com,1,"AS16417 (IRONPORT-SYSTEMS-INC - Cisco Systems Ironport Division, US)"
miamirheumatology-com.mail.protection.outlook.com,1,"AS8075 (MICROSOFT-CORP-MSN-AS-BLOCK - Microsoft Corporation, US)"
replies.mxa.mailgun.org,1,"AS396982 (GOOGLE-CLOUD-PLATFORM - Google LLC, US)"
mail.korvanta.cfd,1,"AS203446 (AS203446, GB)"
meta5-com.mail.protection.outlook.com,1,"AS8075 (MICROSOFT-CORP-MSN-AS-BLOCK - Microsoft Corporation, US)"
mail.metacarpomail.com,1,"AS12586 (ASGHOSTNET, DE)"
mail.micasafinancial.com,1,"AS15164 (UPNLLC - Unite Private Networks LLC., US)"
mx1.brightberri.net,1,"AS8075 (MICROSOFT-CORP-MSN-AS-BLOCK - Microsoft Corporation, US)"
mail.korvax.cfd,1,"AS24940 (HETZNER-AS, DE)"
kucoim.com,1,"AS19318 (IS-AS-1 - Interserver, Inc, US)"
mail.metastmail.ru,1,"AS12586 (ASGHOSTNET, DE)"
mail.metav.com,1,"AS24940 (HETZNER-AS, DE)"
mail.metaphtfml.ru,1,"AS12586 (ASGHOSTNET, DE)"
mx2.kubrickmail.com,1,"AS200107 (KL-EXT, CH)"
mickaben.fr.nf,1,"AS16276 (OVH, FR)"
mail.microbacmail.ru,1,"AS12586 (ASGHOSTNET, DE)"
mail.microbimail.ru,1,"AS12586 (ASGHOSTNET, DE)"
mail.meteorfl.com,1,"AS12586 (ASGHOSTNET, DE)"
mail.microevmail.com,1,"AS12586 (ASGHOSTNET, DE)"
mail.microinnovation.net,1,"AS6079 (RCN-AS - RCN, US)"
mail.kukowski.eu,1,"AS50599 (Autonomous System for Dataspace P.S.A., PL)"
mail.microgamemail.ru,1,"AS12586 (ASGHOSTNET, DE)"
mail.microevolutmail.com,1,"AS12586 (ASGHOSTNET, DE)"
mail.microdensif.ru,1,"AS12586 (ASGHOSTNET, DE)"
mail.micrommail.com,1,"AS12586 (ASGHOSTNET, DE)"
mail.microelectfl.com,1,"AS12586 (ASGHOSTNET, DE)"
mail.microelectroli.com,1,"AS12586 (ASGHOSTNET, DE)"
mickaben.biz.st,1,"AS16276 (OVH, FR)"
mail.microminimail.com,1,"AS40021 (CONTABO-40021 - Contabo Inc., US)"
mail.microbemail.ru,1,"AS12586 (ASGHOSTNET, DE)"
mickaben.xxl.st,1,"AS16276 (OVH, FR)"
mail.microleprsmail.ru,1,"AS12586 (ASGHOSTNET, DE)"
mail.microgametmail.ru,1,"AS12586 (ASGHOSTNET, DE)"
mail.micropamail.com,1,"AS12586 (ASGHOSTNET, DE)"
mail.microchirmail.ru,1,"AS12586 (ASGHOSTNET, DE)"
mail.microarcmail.ru,1,"AS12586 (ASGHOSTNET, DE)"
microminmail.com,1,"AS213702 (QWINS-LTD QWINS AS-SET: ~ # AS213702:AS-CUSTOMERS, GB)"
mail.microoremail.ru,1,"AS12586 (ASGHOSTNET, DE)"
mail.microormails.ru,1,"AS12586 (ASGHOSTNET, DE)"
mail.microphomail.com,1,"AS12586 (ASGHOSTNET, DE)"
email.microsoft.fr,1,
mail.microparmail.ru,1,"AS12586 (ASGHOSTNET, DE)"
mail.kumpa.xyz,1,"AS40021 (CONTABO-40021 - Contabo Inc., US)"
mail.micromanmalu.ru,1,"AS12586 (ASGHOSTNET, DE)"
mail.microseismofkml.ru,1,"AS12586 (ASGHOSTNET, DE)"
microsoft-com.mail.protection.outlook.com,1,"AS8075 (MICROSOFT-CORP-MSN-AS-BLOCK - Microsoft Corporation, US)"
mail.endora.cz,1,"AS29134 (IGNUM-AS Czech Republic, CZ)"
mail.kuponjitu.org,1,"AS22612 (NAMECHEAP-NET - Namecheap, Inc., US)"
mail.kulepszejprzyszlosci.pl,1,"AS8308 (NASK-COMMERCIAL, PL)"
mail.microoemail.ru,1,"AS12586 (ASGHOSTNET, DE)"
microsoftcom-com.mail.protection.outlook.com,1,
mail.microsmail.com,1,"AS12586 (ASGHOSTNET, DE)"
microsoft4-com.mail.protection.outlook.com,1,
mail.microspectropmail.com,1,"AS12586 (ASGHOSTNET, DE)"
midcoastmowerandsaw.com,1,"AS16509 (AMAZON-02 - Amazon.com, Inc., US)"
mail.micrsomali.ru,1,"AS12586 (ASGHOSTNET, DE)"
mail.kupit-pesok-v-volhove.ru,1,"AS35278 (SPRINTHOST, RU)"
mail.microsofz.com,1,
mx.microysoft.com,1,"AS34119 (WILDCARD-AS Wildcard UK Limited, GB)"
mail.britsys.net,1,"AS205787 (PUBLICLOUD, BG)"
mail.midgame.ru,1,"AS204601 (PODAON, NL)"
mx.midlothianspineandsport.com,1,"AS26383 (ASNET - Baxet Group Inc., US)"
mx-hosting.biz.net.id,1,"AS38482 (BIZNET2-AS-ID Biznet ISP, ID)"
mail.kvartagroup.ru,1,"AS210079 (EUROBYTE, RU)"
mail.mifml.com,1,"AS12586 (ASGHOSTNET, DE)"
kwiatownik.pl,1,"AS15967 (NETARTGROUP, PL)"
kwmail-smtp-lb-e1d4ee68a4c31204.elb.eu-west-1.amazonaws.com,1,
kx-com.mail.protection.outlook.com,1,"AS8075 (MICROSOFT-CORP-MSN-AS-BLOCK - Microsoft Corporation, US)"
w0150a43.kasserver.com,1,"AS34788 (NMM-AS D - 02742 Friedersdorf Hauptstrasse 68, DE)"
kwcp.com,1,"AS136907 (HWCLOUDS-AS-AP HUAWEI CLOUDS, HK)"
spam01.kumail.top,1,"AS16509 (AMAZON-02 - Amazon.com, Inc., US)"
mail2.mih-team.com,1,"AS31898 (ORACLE-BMC-31898 - Oracle Corporation, US)"
mx.interia.pl,1,"AS16138 (INTERIA, PL)"
mail.kyntaris.cfd,1,"AS203446 (AS203446, GB)"
adraptor.email,1,
mikrotik.website,1,"AS22612 (NAMECHEAP-NET - Namecheap, Inc., US)"
kylemaguire-com.mail.protection.outlook.com,1,"AS8075 (MICROSOFT-CORP-MSN-AS-BLOCK - Microsoft Corporation, US)"
mail.kyphosco.ru,1,"AS12586 (ASGHOSTNET, DE)"
mail.militarget.com,1,"AS48635 (CLDIN-NL Your Hosting B.V. part of Your.Online, NL)"
a092943.mx.mailhop.org,1,"AS16509 (AMAZON-02 - Amazon.com, Inc., US)"
mail.krake.de,1,"AS3320 (DTAG Internet service provider operations, DE)"
mail.mihanmail.com,1,"AS24940 (HETZNER-AS, DE)"
mx.b.hostedemail.com,1,"AS32491 (TUCOWS-3 - Tucows.com Co., CA)"
millboard-com.mail.protection.outlook.com,1,"AS8075 (MICROSOFT-CORP-MSN-AS-BLOCK - Microsoft Corporation, US)"
mail.militarimail.com,1,"AS12586 (ASGHOSTNET, DE)"
mail.milliequimale.com,1,"AS12586 (ASGHOSTNET, DE)"
millmontinsurance-com.mail.protection.outlook.com,1,"AS8075 (MICROSOFT-CORP-MSN-AS-BLOCK - Microsoft Corporation, US)"
malibuzz.miloandpi.com,1,"AS51167 (CONTABO, DE)"
miloras.fr.nf,1,"AS16276 (OVH, FR)"
mimigo-com01b.mail.protection.outlook.com,1,
mail.l5prefixm.com,1,"AS47583 (AS-HOSTINGER, CY)"
mail.l-bank.de,1,"AS29682 (LBANK-DE-KA-AS, DE)"
mail.l7b2l47k.com,1,"AS47583 (AS-HOSTINGER, CY)"
mail.l88i.live,1,"AS22612 (NAMECHEAP-NET - Namecheap, Inc., US)"
kyuusei.fr.nf,1,"AS16276 (OVH, FR)"
mail.kudagacor.fun,1,"AS59253 (LEASEWEB-APAC-SIN-11 LEASEWEB SINGAPORE PTE. LTD., SG)"
mail.elinks.hosting,1,"AS24940 (HETZNER-AS, DE)"
micorreotemp.es,1,"AS23352 (SERVERCENTRAL - DEFT.COM, US)"
la-boite-a-lettre.fr.nf,1,"AS16276 (OVH, FR)"
mail.lab.agp.edu.pl,1,"AS16276 (OVH, FR)"
mindful-care.mail.protection.outlook.com,1,"AS8075 (MICROSOFT-CORP-MSN-AS-BLOCK - Microsoft Corporation, US)"
mail.micremails.ru,1,"AS12586 (ASGHOSTNET, DE)"
mail.labiovfmk.com,1,"AS12586 (ASGHOSTNET, DE)"
mail.labialimail.ru,1,"AS12586 (ASGHOSTNET, DE)"
laborfirst-com.mx1.arsmtp.com,1,"AS53780 (AS-APPRIVER - APPRIVER LLC, US)"
mail.microcircumail.ru,1,"AS12586 (ASGHOSTNET, DE)"
mail.microelectrophmy.com,1,"AS12586 (ASGHOSTNET, DE)"
wxrte02.laboraryer.com,1,"AS14061 (DIGITALOCEAN-ASN - DigitalOcean, LLC, US)"
smtp.lacedmail.com,1,"AS396982 (GOOGLE-CLOUD-PLATFORM - Google LLC, US)"
mail.lackadaisicamail.ru,1,"AS12586 (ASGHOSTNET, DE)"
mail.laboremail.ru,1,"AS12586 (ASGHOSTNET, DE)"
mail.mineralimail.ru,1,"AS12586 (ASGHOSTNET, DE)"
a388437.mx.mailhop.org,1,"AS16509 (AMAZON-02 - Amazon.com, Inc., US)"
mail.mini-mail-x.com,1,"AS24940 (HETZNER-AS, DE)"
mail.lactoveinf.com,1,"AS12586 (ASGHOSTNET, DE)"
mail.ministre.rocks,1,"AS16276 (OVH, FR)"
mail.labyrintml.ru,1,"AS12586 (ASGHOSTNET, DE)"
mail.lactclmail.com,1,"AS12586 (ASGHOSTNET, DE)"
lackmail.ru,1,"AS9002 (RETN-AS, GB)"
lacraffe.fr.nf,1,"AS16276 (OVH, FR)"
mail.ladapickup.ru,1,"AS8342 (RTCOMM-AS, RU)"
mail.laboratortehnicadentara.ro,1,"AS56654 (AS56654, RO)"
minadentist.com,1,"AS57497 (FARASOSAMANEHPASARGAD, IR)"
mintserver.mintemail.com,1,
smtp.minutemail.cc,1,"AS54913 (CLOUDWEBMANAGE-CANADA - Kamatera, Inc., US)"
mail.minuteinbox.com,1,"AS16276 (OVH, FR)"
mionex-com.mail.protection.outlook.com,1,
mail.laevoromails.ru,1,"AS12586 (ASGHOSTNET, DE)"
mx.minimail.eu.org,1,"AS24940 (HETZNER-AS, DE)"
mail.lagify.com,1,"AS47583 (AS-HOSTINGER, CY)"
mail.minuteafter.com,1,"AS16276 (OVH, FR)"
mx.lgflmail.org,1,"AS60187 (LGFL-AS, GB)"
miravane-com.mail.protection.outlook.com,1,"AS8075 (MICROSOFT-CORP-MSN-AS-BLOCK - Microsoft Corporation, US)"
ladger.com,1,"AS201200 (SUPERHOSTING_AS, BG)"
miracleoilhairelixir.com,1,"AS22612 (NAMECHEAP-NET - Namecheap, Inc., US)"
mail.miracufmk.com,1,"AS12586 (ASGHOSTNET, DE)"
mail.mirosend.com,1,"AS47583 (AS-HOSTINGER, CY)"
mail.miranda.pictures,1,"AS16276 (OVH, FR)"
mirrormate-com.mail.protection.outlook.com,1,"AS8075 (MICROSOFT-CORP-MSN-AS-BLOCK - Microsoft Corporation, US)"
lakecapital-com01b.mail.protection.outlook.com,1,"AS8075 (MICROSOFT-CORP-MSN-AS-BLOCK - Microsoft Corporation, US)"
mx1.sl.lakurdina.co.uk,1,"AS24940 (HETZNER-AS, DE)"
a497769.mx.mailhop.org,1,"AS16509 (AMAZON-02 - Amazon.com, Inc., US)"
mail.misericmfri.com,1,"AS12586 (ASGHOSTNET, DE)"
mail.misadventvegai.ru,1,"AS12586 (ASGHOSTNET, DE)"
mail.lambdasu.com,1,"AS47583 (AS-HOSTINGER, CY)"
mail.misappromail.ru,1,"AS12586 (ASGHOSTNET, DE)"
mail.misclassimalu.ru,1,"AS12586 (ASGHOSTNET, DE)"
mail.misclassirsmail.ru,1,"AS12586 (ASGHOSTNET, DE)"
mail.misclassifmails.ru,1,"AS12586 (ASGHOSTNET, DE)"
mail.misinterprmail.com,1,"AS12586 (ASGHOSTNET, DE)"
mail.mirpiknika.ru,1,"AS210079 (EUROBYTE, RU)"
mail.misidentific.com,1,"AS12586 (ASGHOSTNET, DE)"
mail.miscommunimail.ru,1,"AS12586 (ASGHOSTNET, DE)"
mail.mismails.ru,1,"AS12586 (ASGHOSTNET, DE)"
mail.ct8.pl,1,"AS24940 (HETZNER-AS, DE)"
mail.lamesamail.com,1,"AS12586 (ASGHOSTNET, DE)"
mail.lamellirsmail.ru,1,"AS12586 (ASGHOSTNET, DE)"
mail.landmanreportcard.com,1,"AS63949 (AKAMAI-LINODE-AP Akamai Connected Cloud, SG)"
mail.mistreatses.ru,1,"AS12586 (ASGHOSTNET, DE)"
mail.miuiqke.xyz,1,"AS40021 (CONTABO-40021 - Contabo Inc., US)"
mail.lan.de,1,"AS24940 (HETZNER-AS, DE)"
mail.lan-utan-uc-se.com,1,"AS207668 (ITH-, PL)"
lank-com.mail.protection.outlook.com,1,
a149445.mx.mailhop.org,1,"AS16509 (AMAZON-02 - Amazon.com, Inc., US)"
landrumsupply-com.p10.mxthunder.com,1,"AS13354 (ZC38-AS1 - zColo, US)"
lano-com.mail.protection.outlook.com,1,"AS8075 (MICROSOFT-CORP-MSN-AS-BLOCK - Microsoft Corporation, US)"
mail.mitmail.ru,1,"AS12586 (ASGHOSTNET, DE)"
mail.langmarket.com,1,"AS43513 (NANO-AS, LV)"
langitpoker.org,1,"AS22612 (NAMECHEAP-NET - Namecheap, Inc., US)"
mx.mix-good.com,1,"AS14061 (DIGITALOCEAN-ASN - DigitalOcean, LLC, US)"
mail.miwacle.com,1,"AS14061 (DIGITALOCEAN-ASN - DigitalOcean, LLC, US)"
mail.lankarani.org,1,"AS55293 (A2HOSTING - A2 Hosting, Inc., US)"
mixoxo-com.mail.protection.outlook.com,1,
mail.laoia.com,1,"AS63949 (AKAMAI-LINODE-AP Akamai Connected Cloud, SG)"
laodimail.com,1,"AS213702 (QWINS-LTD QWINS AS-SET: ~ # AS213702:AS-CUSTOMERS, GB)"
mailgateway.mpwin.co.in,1,"AS24186 (RAILTEL-AS-IN RailTel Corporation of India Ltd, IN)"
mail.mr24.co,1,"AS198921 (UNIXSTORM-AS, PL)"
mx3.mailpod1-osl1.g1i.uniweb.no,1,"AS51468 (ONECOM, DK)"
mail.lapasamail.com,1,"AS12586 (ASGHOSTNET, DE)"
mx3.onemail.vn,1,"AS135905 (VNPT-AS-VN VIETNAM POSTS AND TELECOMMUNICATIONS GROUP, VN)"
mail.laparohysteemi.com,1,"AS12586 (ASGHOSTNET, DE)"
mr-email.fr.nf,1,"AS16276 (OVH, FR)"
mrd3588-cloudns-be.mail.protection.outlook.com,1,"AS8075 (MICROSOFT-CORP-MSN-AS-BLOCK - Microsoft Corporation, US)"
mrbcompany.online,1,"AS133752 (LEASEWEB-APAC-HKG-10 LEASEWEB HONG KONG LIMITED, HK)"
mx01.muumuu-mail.com,1,"AS7506 (INTERQ GMO Internet Group, Inc., JP)"
_dc-mx.f42d607f7f99.mjj.cm,1,"AS36352 (AS-COLOCROSSING - HostPapa, US)"
mjepelite-com.mail.protection.outlook.com,1,"AS8075 (MICROSOFT-CORP-MSN-AS-BLOCK - Microsoft Corporation, US)"
mail.laporte.fr,1,"AS35667 (XSALTO35667, FR)"
mail.mreta.com,1,"AS40738 (IVENUE - Ivenue.com Inc., US)"
mx3.nameshield.com,1,"AS20756 (NAMESHIELD, FR)"
_dc-mx.9d1d438e392a.mkeya.com,1,"AS24940 (HETZNER-AS, DE)"
mjo-fr.mail.protection.outlook.com,1,"AS8075 (MICROSOFT-CORP-MSN-AS-BLOCK - Microsoft Corporation, US)"
cluster1.us.messagelabs.com,1,"AS396982 (GOOGLE-CLOUD-PLATFORM - Google LLC, US)"
lapostemobile-fr.mail.protection.outlook.com,1,"AS8075 (MICROSOFT-CORP-MSN-AS-BLOCK - Microsoft Corporation, US)"
mail.lary-lcc.click,1,"AS16276 (OVH, FR)"
lashaedesign-com.mail.protection.outlook.com,1,"AS8075 (MICROSOFT-CORP-MSN-AS-BLOCK - Microsoft Corporation, US)"
mkta-com.mail.protection.outlook.com,1,"AS8075 (MICROSOFT-CORP-MSN-AS-BLOCK - Microsoft Corporation, US)"
mail.lancastertheguardian.com,1,"AS9891 (CSLOX-IDC-AS-AP CS LOXINFO Public Company Limited., TH)"
mail.lashyd.com,1,"AS14061 (DIGITALOCEAN-ASN - DigitalOcean, LLC, US)"
mail.laryngopharmail.ru,1,"AS12586 (ASGHOSTNET, DE)"
lasercalibration.ru,1,"AS16010 (MAGTICOMAS Magticom, GE)"
mail.mrain.ru,1,"AS44094 (WEBHOST1-AS, RU)"
mx.lasixprime.com,1,"AS14061 (DIGITALOCEAN-ASN - DigitalOcean, LLC, US)"
mail.minefieldmail.com,1,"AS207957 (SERVHOST-AS, GB)"
mail.mlhweb.com,1,"AS46606 (UNIFIEDLAYER-AS-1 - Unified Layer, US)"
mail.mkzaso.com,1,"AS24940 (HETZNER-AS, DE)"
mlexc-com.mail.protection.outlook.com,1,"AS8075 (MICROSOFT-CORP-MSN-AS-BLOCK - Microsoft Corporation, US)"
mmaily.com,1,"AS47583 (AS-HOSTINGER, CY)"
mail.latitudmail.ru,1,"AS12586 (ASGHOSTNET, DE)"
mbox.freehostia.com,1,"AS14555 (LIQUIDNETLTD1 - LiquidNet US LLC, US)"
mail.laurenbt.com,1,"AS47583 (AS-HOSTINGER, CY)"
mail.laurenscoaching.com,1,"AS31898 (ORACLE-BMC-31898 - Oracle Corporation, US)"
mail.latinvoip.es,1,"AS27823 (Dattatec.com, AR)"
mx6.mmm-invest.biz,1,
mmciinc.com.1.0001.arsmtp.com,1,"AS53780 (AS-APPRIVER - APPRIVER LLC, US)"
mx2.lavarip.xyz,1,"AS200107 (KL-EXT, CH)"
lavabit.com,1,"AS60131 (HIGH5-, NL)"
mlpsex.com,1,"AS149020 (WEBHORIZON-AS-AP WebHorizon Internet Services, SG)"
s1.meandmyid.com,1,"AS8075 (MICROSOFT-CORP-MSN-AS-BLOCK - Microsoft Corporation, US)"
mail.mlkancelaria.com.pl,1,"AS50599 (Autonomous System for Dataspace P.S.A., PL)"
emailfwd.lawenforcementcanada.ca,1,"AS16276 (OVH, FR)"
mmkozmetik-com.mail.protection.outlook.com,1,"AS8075 (MICROSOFT-CORP-MSN-AS-BLOCK - Microsoft Corporation, US)"
mx1.lawdeskltd.com,1,"AS200107 (KL-EXT, CH)"
mail.lawsuitinfocenter.com,1,"AS46606 (UNIFIEDLAYER-AS-1 - Unified Layer, US)"
mmtlife-com.mail.protection.outlook.com,1,"AS8075 (MICROSOFT-CORP-MSN-AS-BLOCK - Microsoft Corporation, US)"
mx1.mmail.trade,1,"AS200107 (KL-EXT, CH)"
mail.lawyer-uslugi.ru,1,"AS49505 (SELECTEL, RU)"
lbicamera.com,1,"AS14061 (DIGITALOCEAN-ASN - DigitalOcean, LLC, US)"
mnexc-com.mail.protection.outlook.com,1,"AS8075 (MICROSOFT-CORP-MSN-AS-BLOCK - Microsoft Corporation, US)"
mail.laypal.com,1,"AS16509 (AMAZON-02 - Amazon.com, Inc., US)"
lbicams.com,1,"AS14061 (DIGITALOCEAN-ASN - DigitalOcean, LLC, US)"
mx.mnx-family.com,1,"AS51167 (CONTABO, DE)"
mail.lbani.com,1,"AS53755 (IOFLOOD - Input Output Flood LLC, US)"
mo-com.mail.protection.outlook.com,1,"AS8075 (MICROSOFT-CORP-MSN-AS-BLOCK - Microsoft Corporation, US)"
lbtransit-com.mail.protection.outlook.com,1,"AS8075 (MICROSOFT-CORP-MSN-AS-BLOCK - Microsoft Corporation, US)"
mail.moba365.cc,1,"AS45102 (ALIBABA-CN-NET Alibaba US Technology Co., Ltd., CN)"
mail.lcc-company.one,1,"AS16276 (OVH, FR)"
mail.lbhank.com,1,"AS16556 (TOTALCHOICE-HOSTING - TotalChoice Hosting, LLC, US)"
homer.westcall.net,1,"AS41733 (ZTELECOM-AS, RU)"
mx2.lce0ak.com,1,"AS200107 (KL-EXT, CH)"
mail.mobilemail365.com,1,"AS24940 (HETZNER-AS, DE)"
mail.ldamk.com,1,"AS54641 (IMH-IAD - InMotion Hosting, Inc., US)"
mobileunlocked-com.mail.protection.outlook.com,1,"AS8075 (MICROSOFT-CORP-MSN-AS-BLOCK - Microsoft Corporation, US)"
smtp.ladatap.com,1,"AS11696 (NBS11696 - Fusion, LLC, US)"
mobisystems-com.mail.protection.outlook.com,1,"AS8075 (MICROSOFT-CORP-MSN-AS-BLOCK - Microsoft Corporation, US)"
mail.leadharbor.org,1,"AS24940 (HETZNER-AS, DE)"
leadersinevents-com.mail.protection.outlook.com,1,"AS8075 (MICROSOFT-CORP-MSN-AS-BLOCK - Microsoft Corporation, US)"
mail.moabuild.com,1,"AS132203 (TENCENT-NET-AP-CN Tencent Building, Kejizhongyi Avenue, CN)"
mx1.ldokfgfmail.net,1,"AS200107 (KL-EXT, CH)"
mail.mocvn.com,1,"AS14061 (DIGITALOCEAN-ASN - DigitalOcean, LLC, US)"
mail.landmail.nl,1,"AS24940 (HETZNER-AS, DE)"
mail.landmeel.nl,1,"AS24940 (HETZNER-AS, DE)"
mail.moderize.com,1,"AS22612 (NAMECHEAP-NET - Namecheap, Inc., US)"
modernmaleclinic-com.mail.protection.outlook.com,1,"AS8075 (MICROSOFT-CORP-MSN-AS-BLOCK - Microsoft Corporation, US)"
mail.xqkj.top,1,"AS4134 (CHINANET-BACKBONE No.31,Jin-rong Street, CN)"
mail.modifiali.com,1,"AS12586 (ASGHOSTNET, DE)"
mail.modernfs.pl,1,"AS41079 (CF-GDA, PL)"
leatherology-com.mail.protection.outlook.com,1,"AS8075 (MICROSOFT-CORP-MSN-AS-BLOCK - Microsoft Corporation, US)"
mail19.lh.pl,1,"AS203417 (LH, PL)"
mail.balancepost.in,1,
mail.lechemail.com,1,"AS12586 (ASGHOSTNET, DE)"
mail.mofpay.com,1,"AS14061 (DIGITALOCEAN-ASN - DigitalOcean, LLC, US)"
ledcer-com.mail.protection.outlook.com,1,"AS8075 (MICROSOFT-CORP-MSN-AS-BLOCK - Microsoft Corporation, US)"
mx1.mohmal.club,1,"AS24940 (HETZNER-AS, DE)"
mx1.mohmal.in,1,"AS24940 (HETZNER-AS, DE)"
ledgern-com.mail.protection.outlook.com,1,"AS8075 (MICROSOFT-CORP-MSN-AS-BLOCK - Microsoft Corporation, US)"
leczycanie.pl,1,"AS20853 (ETOP-AS, PL)"
ledger0-com.mail.protection.outlook.com,1,"AS8075 (MICROSOFT-CORP-MSN-AS-BLOCK - Microsoft Corporation, US)"
ledgerq-com.mail.protection.outlook.com,1,"AS8075 (MICROSOFT-CORP-MSN-AS-BLOCK - Microsoft Corporation, US)"
ledges-com.mail.protection.outlook.com,1,"AS8075 (MICROSOFT-CORP-MSN-AS-BLOCK - Microsoft Corporation, US)"
mohemil.com,1,"AS47583 (AS-HOSTINGER, CY)"
mx1.mohmal.im,1,"AS24940 (HETZNER-AS, DE)"
w01a4668.kasserver.com,1,"AS34788 (NMM-AS D - 02742 Friedersdorf Hauptstrasse 68, DE)"
mohmal.tech,1,"AS48348 (CLOUDBUILDERS, ES)"
ledgur-com.mail.protection.outlook.com,1,"AS8075 (MICROSOFT-CORP-MSN-AS-BLOCK - Microsoft Corporation, US)"
mois-com.mail.protection.outlook.com,1,"AS8075 (MICROSOFT-CORP-MSN-AS-BLOCK - Microsoft Corporation, US)"
_dc-mx.2ea6f614de5c.mojlekarz.edu.pl,1,"AS51167 (CONTABO, DE)"
ledgez.com,1,"AS33182 (DIMENOC - HostDime.com, Inc., US)"
mail.ledgerl.com,1,"AS63068 (CROCWEB - CrocWeb, CA)"
mail.mojocreator.com,1,"AS11320 (LIGHTEDGE-AS-02 - LightEdge Solutions, US)"
mojzur.com,1,"AS49981 (WORLDSTREAM, NL)"
mojok88.net,1,"AS22612 (NAMECHEAP-NET - Namecheap, Inc., US)"
a717992.mx.mailhop.org,1,"AS16509 (AMAZON-02 - Amazon.com, Inc., US)"
leftymouse.com,1,"AS29802 (HVC-AS - HIVELOCITY, Inc., US)"
mail.moleemail.ru,1,"AS12586 (ASGHOSTNET, DE)"
mohamadkarimian.com,1,"AS24940 (HETZNER-AS, DE)"
molfettacorp-com.mail.protection.outlook.com,1,"AS8075 (MICROSOFT-CORP-MSN-AS-BLOCK - Microsoft Corporation, US)"
foreverlovingu.com,1,"AS135983 (TINO-AS-VN Tino Group Joint Stock Company, VN)"
mail.mnzle.com,1,"AS19871 (NETWORK-SOLUTIONS-HOSTING - Network Solutions, LLC, US)"
mail02.lediger-consulting.de,1,"AS51167 (CONTABO, DE)"
mx.mollo-tutto.com,1,"AS31034 (ARUBA-ASN, IT)"
mommyfix-com.mail.protection.outlook.com,1,
mail.mollifvegai.ru,1,"AS12586 (ASGHOSTNET, DE)"
mail.moleculfmail.ru,1,"AS12586 (ASGHOSTNET, DE)"
mx.01898.com,1,"AS29873 (BIZLAND-SD - Newfold Digital, Inc., US)"
mail.legenmail.com,1,"AS12586 (ASGHOSTNET, DE)"
mail.legacyschool.com,1,"AS53107 (EVEO S.A., BR)"
mail.legittomail.com,1,"AS12586 (ASGHOSTNET, DE)"
monentrepreneur-com0i.mail.protection.outlook.com,1,"AS8075 (MICROSOFT-CORP-MSN-AS-BLOCK - Microsoft Corporation, US)"
mail.legitimasemail.com,1,"AS12586 (ASGHOSTNET, DE)"
mail.legislamail.ru,1,"AS12586 (ASGHOSTNET, DE)"
momoi.uk,1,"AS7506 (INTERQ GMO Internet Group, Inc., JP)"
mail.legiondesign.ru,1,"AS35278 (SPRINTHOST, RU)"
monasterevin-com.mail.protection.outlook.com,1,"AS8075 (MICROSOFT-CORP-MSN-AS-BLOCK - Microsoft Corporation, US)"
mail.lejada.pl,1,
server2.lelie.sytes.net,1,"AS15435 (KABELFOON DELTA Fiber Nederland, NL)"
_dc-mx.4172425cdd9b.lekarzpiekna.edu.pl,1,"AS51167 (CONTABO, DE)"
mail.mojiphone.pl,1,"AS47544 (IQPL-AS, PL)"
moncourriel.fr.nf,1,"AS16276 (OVH, FR)"
moncourrier.fr.nf,1,"AS16276 (OVH, FR)"
mail.lelucoon.net,1,"AS14061 (DIGITALOCEAN-ASN - DigitalOcean, LLC, US)"
mail.kamilpaprotny.pl,1,"AS24940 (HETZNER-AS, DE)"
monemail.fr.nf,1,"AS16276 (OVH, FR)"
_dc-mx.1218b77b17f6.moneyup.club,1,"AS29802 (HVC-AS - HIVELOCITY, Inc., US)"
mail.lemkmail.com,1,"AS12586 (ASGHOSTNET, DE)"
www655.your-server.de,1,"AS24940 (HETZNER-AS, DE)"
mail.lendlesssn.com,1,"AS47583 (AS-HOSTINGER, CY)"
mondial.asso.st,1,"AS16276 (OVH, FR)"
lempi-app.mail.protection.outlook.com,1,"AS8075 (MICROSOFT-CORP-MSN-AS-BLOCK - Microsoft Corporation, US)"
mx6.lemurhost.net,1,
mail.leno.com,1,"AS9070 (COOOLBOX, BG)"
mail.lensmarket.com,1,"AS199724 (TEKNODC, TR)"
mx01.vargonen.net,1,"AS50941 (VARGONEN, TR)"
mail.mongomail.ru,1,"AS12586 (ASGHOSTNET, DE)"
monochromeapp-com.mail.protection.outlook.com,1,
mail.lenticulomail.com,1,"AS12586 (ASGHOSTNET, DE)"
lentzgann-com.mail.protection.outlook.com,1,"AS8075 (MICROSOFT-CORP-MSN-AS-BLOCK - Microsoft Corporation, US)"
mail.monochloromail.ru,1,"AS12586 (ASGHOSTNET, DE)"
monmail.fr.nf,1,"AS16276 (OVH, FR)"
mail.monochrvegai.ru,1,"AS12586 (ASGHOSTNET, DE)"
mail.monosmail.com,1,"AS12586 (ASGHOSTNET, DE)"
mail.monomails.ru,1,"AS12586 (ASGHOSTNET, DE)"
mail.monomolecufmals.com,1,"AS12586 (ASGHOSTNET, DE)"
mail.monosyllabli.com,1,"AS12586 (ASGHOSTNET, DE)"
mail.lepidodersmail.ru,1,"AS12586 (ASGHOSTNET, DE)"
mail.monotosalo.ru,1,"AS12586 (ASGHOSTNET, DE)"
mail1.boehringer-ingelheim.com,1,"AS15404 (COLT Technology Services Group, GB)"
mail.monophemail.ru,1,"AS12586 (ASGHOSTNET, DE)"
mail.monomolpt.ru,1,"AS12586 (ASGHOSTNET, DE)"
mail.monometmail.ru,1,"AS12586 (ASGHOSTNET, DE)"
mail.monochromamail.ru,1,"AS12586 (ASGHOSTNET, DE)"
mail.monopolizvegai.ru,1,"AS12586 (ASGHOSTNET, DE)"
mail.monophyme.ru,1,"AS12586 (ASGHOSTNET, DE)"
mail.monopolismail.ru,1,"AS12586 (ASGHOSTNET, DE)"
monommail.com,1,"AS213702 (QWINS-LTD QWINS AS-SET: ~ # AS213702:AS-CUSTOMERS, GB)"
lcedaresf.com,1,"AS47583 (AS-HOSTINGER, CY)"
mail.monosynmail.com,1,"AS12586 (ASGHOSTNET, DE)"
mail.monotheimail.ru,1,"AS12586 (ASGHOSTNET, DE)"
mail.monofiml.ru,1,"AS12586 (ASGHOSTNET, DE)"
mail.monotheimails.ru,1,"AS12586 (ASGHOSTNET, DE)"
mail.leptodactmails.ru,1,"AS12586 (ASGHOSTNET, DE)"
monosubsmail.com,1,"AS213702 (QWINS-LTD QWINS AS-SET: ~ # AS213702:AS-CUSTOMERS, GB)"
mail.lerany.com,1,"AS14061 (DIGITALOCEAN-ASN - DigitalOcean, LLC, US)"
mail.leptomenimale.com,1,"AS12586 (ASGHOSTNET, DE)"
mail.lepidodimail.ru,1,"AS12586 (ASGHOSTNET, DE)"
mail.lepidosamail.ru,1,"AS12586 (ASGHOSTNET, DE)"
mail.lero3.com,1,"AS14061 (DIGITALOCEAN-ASN - DigitalOcean, LLC, US)"
mail.montanaweddingdjs.com,1,"AS400754 (GO-DADDY-COM-LLC - GoDaddy.com, LLC, US)"
mail.lerokmail.com,1,"AS12586 (ASGHOSTNET, DE)"
mxrouteroa.lerfuwond.com,1,"AS14061 (DIGITALOCEAN-ASN - DigitalOcean, LLC, US)"
mxs.hoster.ru,1,"AS3175 (CITYTELECOM-MSK, RU)"
montjoie-fr.mail.protection.outlook.com,1,"AS8075 (MICROSOFT-CORP-MSN-AS-BLOCK - Microsoft Corporation, US)"
montreal.com,1,"AS61969 (TEAMINTERNET-AS, DE)"
mail.montowniafryzur.pl,1,"AS41079 (CF-GDA, PL)"
mobi.web.id,1,"AS58487 (CRI-AS-AP CV. Rumahweb Indonesia, ID)"
mail.moonairse.com,1,"AS24940 (HETZNER-AS, DE)"
mailhook.momentaryemail.com,1,"AS8560 (IONOS-AS This is the joint network for IONOS, Fasthosts, Arsys, 1&1 Mail and Media and 1&1 Telecom. Formerly known as 1&1 Internet SE., DE)"
a3zspf0.monugur.com,1,"AS14061 (DIGITALOCEAN-ASN - DigitalOcean, LLC, US)"
lessonlogs.com,1,"AS32244 (LIQUIDWEB - Liquid Web, L.L.C, US)"
p.moddv.com,1,"AS401696 (COGNETCLOUD - cognetcloud INC, US)"
mx.mooonity.com.cust.b.hostedemail.com,1,"AS32491 (TUCOWS-3 - Tucows.com Co., CA)"
mail.leto-dance.ru,1,"AS198068 (PAGM-AS, EE)"
mail.moootech.mooo.com,1,"AS18106 (VIEWQWEST-SG-AP Viewqwest Pte Ltd, SG)"
mx1.setaou.net,1,"AS34019 (HIVANE, FR)"
leantechy.xyz,1,"AS397423 (TIER-NET - Tier.Net Technologies LLC, US)"
mx.lettersboxmail.com,1,"AS207957 (SERVHOST-AS, GB)"
mail.letterhaven.net,1,"AS212772 (ADGUARD, CY)"
mail.letterguard.net,1,"AS212772 (ADGUARD, CY)"
mail.letterprotect.com,1,"AS212772 (ADGUARD, CY)"
mail.letterprotect.net,1,"AS212772 (ADGUARD, CY)"
mail.letterdrop.cfd,1,"AS24940 (HETZNER-AS, DE)"
mail.leucocsalo.ru,1,"AS12586 (ASGHOSTNET, DE)"
mail.letstalk.thetravellersrest.click,1,"AS51167 (CONTABO, DE)"
mail.morethanametal.com,1,"AS63949 (AKAMAI-LINODE-AP Akamai Connected Cloud, SG)"
mail.leucocytogefml.com,1,"AS12586 (ASGHOSTNET, DE)"
insimenator.org,1,"AS19318 (IS-AS-1 - Interserver, Inc, US)"
letteruds.ru,1,"AS213702 (QWINS-LTD QWINS AS-SET: ~ # AS213702:AS-CUSTOMERS, GB)"
mail.leucocmail.com,1,"AS12586 (ASGHOSTNET, DE)"
mail.leukomail.com,1,"AS12586 (ASGHOSTNET, DE)"
mail.leukocmail.com,1,"AS132203 (TENCENT-NET-AP-CN Tencent Building, Kejizhongyi Avenue, CN)"
malibuzz.lewiseffectfoundation.org,1,"AS51167 (CONTABO, DE)"
mail.leucocymails.ru,1,"AS12586 (ASGHOSTNET, DE)"
malibuzz.lewistweedtastic.com,1,"AS51167 (CONTABO, DE)"
mail.morningglowmail.com,1,"AS12586 (ASGHOSTNET, DE)"
mx.inet.vn,1,"AS149068 (INETSOFT-AS-VN iNET software one member company limited, VN)"
lfttse.xyz,1,
mail.morrisonave.es,1,"AS197712 (CDMON sistemes@cdmon.com, ES)"
mail.lftjaguar.com,1,"AS47583 (AS-HOSTINGER, CY)"
mail.mortgagecalculatorwithtaxess.com,1,"AS8075 (MICROSOFT-CORP-MSN-AS-BLOCK - Microsoft Corporation, US)"
mail.morshmail.com,1,"AS12586 (ASGHOSTNET, DE)"
mail.lgbtqpow.com,1,"AS47583 (AS-HOSTINGER, CY)"
mail.lexina.top,1,"AS45102 (ALIBABA-CN-NET Alibaba US Technology Co., Ltd., CN)"
mail.moroz-it.ru,1,"AS35278 (SPRINTHOST, RU)"
lgm-fi.mail.protection.outlook.com,1,"AS8075 (MICROSOFT-CORP-MSN-AS-BLOCK - Microsoft Corporation, US)"
alt1.mymailcheap.com,1,"AS16276 (OVH, FR)"
mail.motivatfmail.ru,1,"AS12586 (ASGHOSTNET, DE)"
d283618a.ess.barracudanetworks.com,1,"AS16509 (AMAZON-02 - Amazon.com, Inc., US)"
mail-mx1.liadhene.com,1,"AS14061 (DIGITALOCEAN-ASN - DigitalOcean, LLC, US)"
libcrtymutual-com.mail.protection.outlook.com,1,"AS8075 (MICROSOFT-CORP-MSN-AS-BLOCK - Microsoft Corporation, US)"
lh.ro,1,"AS29205 (VERCOM, PL)"
mail.mouthube0t.com,1,"AS47583 (AS-HOSTINGER, CY)"
mountebanjmail.ru,1,"AS213702 (QWINS-LTD QWINS AS-SET: ~ # AS213702:AS-CUSTOMERS, GB)"
movestax-com.mail.protection.outlook.com,1,"AS8075 (MICROSOFT-CORP-MSN-AS-BLOCK - Microsoft Corporation, US)"
mail.mostafapour.com,1,"AS61173 (GWSN-AS, IR)"
mail.liberfml.com,1,"AS12586 (ASGHOSTNET, DE)"
mail.liberaemail.ru,1,"AS12586 (ASGHOSTNET, DE)"
mail.libermail.ru,1,"AS12586 (ASGHOSTNET, DE)"
mail.mourouzis.com,1,"AS24940 (HETZNER-AS, DE)"
mail.libermails.ru,1,"AS12586 (ASGHOSTNET, DE)"
mxa-002a7801.gslb.pphosted.com,1,"AS26211 (PROOFPOINT-ASN-US-WEST - Proofpoint, Inc., US)"
mx6.movieblocking.com,1,
mail.liberatoli.ru,1,"AS12586 (ASGHOSTNET, DE)"
mail.libidinmail.ru,1,"AS12586 (ASGHOSTNET, DE)"
mail.monitoring-obmennikov-ua.site,1,"AS22611 (INMOTION - InMotion Hosting, Inc., US)"
mxa-0037d204.gslb.pphosted.com,1,"AS26211 (PROOFPOINT-ASN-US-WEST - Proofpoint, Inc., US)"
mx.liberto.it,1,"AS31034 (ARUBA-ASN, IT)"
mail.moyakik.com,1,"AS32097 (WII - WholeSale Internet, Inc., US)"
mail.lican.in,1,"AS16276 (OVH, FR)"
mx1.mozej.com,1,"AS24940 (HETZNER-AS, DE)"
mx.libox.fr,1,"AS24940 (HETZNER-AS, DE)"
mail.library.gng.edu.pl,1,"AS16276 (OVH, FR)"
mailmnatd4d.librthly.com,1,"AS14061 (DIGITALOCEAN-ASN - DigitalOcean, LLC, US)"
_dc-mx.2d81ea866d2c.mpk.ovh,1,"AS24940 (HETZNER-AS, DE)"
levfy.com,1,"AS45839 (SHINJIRU-MY-AS-AP Shinjiru Technology Sdn Bhd, MY)"
lie.fr,1,"AS40092 (ONIAAS - HostPapa, US)"
relay1.redynet.com.ar,1,"AS27898 (Redynet SRL, AR)"
mail.mpdacrylics.com,1,"AS17378 (AS17378 - TierPoint, LLC, US)"
libera.ir,1,"AS24940 (HETZNER-AS, DE)"
mx1.mpl8.info,1,"AS200107 (KL-EXT, CH)"
mrmail-info.mail.protection.outlook.com,1,"AS8075 (MICROSOFT-CORP-MSN-AS-BLOCK - Microsoft Corporation, US)"
lifebeyondservice.com,1,
lifestaging.us,1,"AS36351 (SOFTLAYER - IBM Cloud, US)"
mail.life-smile.ru,1,"AS210079 (EUROBYTE, RU)"
natx1.armadaservers.com,1,"AS63949 (AKAMAI-LINODE-AP Akamai Connected Cloud, SG)"
lifesciencetechnologies-com.mail.protection.outlook.com,1,"AS8075 (MICROSOFT-CORP-MSN-AS-BLOCK - Microsoft Corporation, US)"
mail.mrotzis.com,1,"AS24940 (HETZNER-AS, DE)"
mail8.mymailcheap.com,1,"AS16276 (OVH, FR)"
mail.lifetotech.com,1,"AS14061 (DIGITALOCEAN-ASN - DigitalOcean, LLC, US)"
mail.msarra.com,1,"AS14061 (DIGITALOCEAN-ASN - DigitalOcean, LLC, US)"
mx.liftcigs.xyz,1,"AS20473 (AS-VULTR - The Constant Company, LLC, US)"
mail.lifezg.com,1,"AS14061 (DIGITALOCEAN-ASN - DigitalOcean, LLC, US)"
lifford-com.mail.protection.outlook.com,1,"AS8075 (MICROSOFT-CORP-MSN-AS-BLOCK - Microsoft Corporation, US)"
msgsafe-io.mail.protection.outlook.com,1,"AS8075 (MICROSOFT-CORP-MSN-AS-BLOCK - Microsoft Corporation, US)"
mail.lightbeammail.com,1,"AS12586 (ASGHOSTNET, DE)"
mxrouter.liggegi.com,1,"AS14061 (DIGITALOCEAN-ASN - DigitalOcean, LLC, US)"
mx1.pub.mailpod14-cph3.one.com,1,"AS51468 (ONECOM, DK)"
mail.ligadasflorestas.org.br,1,"AS16276 (OVH, FR)"
mail.lashop.biz.ua,1,"AS24940 (HETZNER-AS, DE)"
_dc-mx.ffe364e31b18.msn.com.se,1,"AS19318 (IS-AS-1 - Interserver, Inc, US)"
mx.ligolfcourse.online,1,"AS20473 (AS-VULTR - The Constant Company, LLC, US)"
mailo.ligmamail.com,1,"AS60068 (CDN77 _, GB)"
depot.dial.pipex.com,1,"AS13285 (OPALTELECOM-AS TalkTalk Communications Limited, GB)"
lightshopindia-com.mail.protection.outlook.com,1,"AS8075 (MICROSOFT-CORP-MSN-AS-BLOCK - Microsoft Corporation, US)"
mail.ligue-games.art,1,"AS16276 (OVH, FR)"
_dc-mx.a4918e409908.msugcf.org,1,"AS20068 (HAWKHOST - Hawk Host Inc., CA)"
msxc-com.mail.protection.outlook.com,1,"AS8075 (MICROSOFT-CORP-MSN-AS-BLOCK - Microsoft Corporation, US)"
mail.ligufmals.com,1,"AS12586 (ASGHOSTNET, DE)"
mail.likeance.com,1,"AS47583 (AS-HOSTINGER, CY)"
msxd-com.mail.protection.outlook.com,1,"AS8075 (MICROSOFT-CORP-MSN-AS-BLOCK - Microsoft Corporation, US)"
mail.mt2016.com,1,"AS14061 (DIGITALOCEAN-ASN - DigitalOcean, LLC, US)"
mailapp.hiworks.co.kr,1,"AS3786 (LGDACOM LG DACOM Corporation, KR)"
likeageek.fr.nf,1,"AS16276 (OVH, FR)"
mta-com.mail.protection.outlook.com,1,"AS8075 (MICROSOFT-CORP-MSN-AS-BLOCK - Microsoft Corporation, US)"
mail1.mt2014.com,1,"AS44418 (BITDEFENDER-AS, RO)"
mail1.mt2015.com,1,"AS44418 (BITDEFENDER-AS, RO)"
mt25.org,1,"AS214036 (ULTAHOST-AS, US)"
likelystory.net,1,"AS16276 (OVH, FR)"
mail.lexus138.net,1,"AS212238 (CDNEXT, GB)"
mail.lillibuvegai.ru,1,"AS12586 (ASGHOSTNET, DE)"
mail.like-v.ru,1,"AS29182 (RU-JSCIOT, RU)"
mosaimail.com,1,"AS213702 (QWINS-LTD QWINS AS-SET: ~ # AS213702:AS-CUSTOMERS, GB)"
mtrade-com.mail.protection.outlook.com,1,"AS8075 (MICROSOFT-CORP-MSN-AS-BLOCK - Microsoft Corporation, US)"
mail.limandomail.com,1,"AS12586 (ASGHOSTNET, DE)"
mail.lilin.pl,1,"AS50599 (Autonomous System for Dataspace P.S.A., PL)"
muatoc.com,1,
mx-lilo.mailo.com,1,"AS8304 (ECRITEL-FRANCE ISP and web hosting., FR)"
mtsdi.com,1,"AS24940 (HETZNER-AS, DE)"
mail1.mt2009.com,1,"AS44418 (BITDEFENDER-AS, RO)"
mail.mucilagimail.com,1,"AS12586 (ASGHOSTNET, DE)"
mail.lindaontheweb.com,1,"AS46606 (UNIFIEDLAYER-AS-1 - Unified Layer, US)"
linden-com.mail.protection.outlook.com,1,"AS8075 (MICROSOFT-CORP-MSN-AS-BLOCK - Microsoft Corporation, US)"
mail1.linemail.uk,1,"AS47172 (GREENHOST, NL)"
mail.linearisvegai.ru,1,"AS12586 (ASGHOSTNET, DE)"
mail.linearisruby.ru,1,"AS12586 (ASGHOSTNET, DE)"
mail.linguatfmus.ru,1,"AS12586 (ASGHOSTNET, DE)"
umail.ru,1,"AS35473 (MTSNET-URAL-AS, RU)"
mail.link-assistant.com,1,"AS24940 (HETZNER-AS, DE)"
mulberry-de.mail.protection.outlook.com,1,"AS8075 (MICROSOFT-CORP-MSN-AS-BLOCK - Microsoft Corporation, US)"
mail.linkrer.com,1,"AS14061 (DIGITALOCEAN-ASN - DigitalOcean, LLC, US)"
poczta.moto-gosz.pl,1,"AS31242 (TKPSA-AS, PL)"
mx.moyareklama.ru,1,"AS34267 (DEBRYANSK-AS-1 PJSC Rostelecom. Bryansk branch, RU)"
_dc-mx.b7406c49095a.linshi-email.com,1,"AS63949 (AKAMAI-LINODE-AP Akamai Connected Cloud, SG)"
mail.linshiyouxiang.net,1,"AS45102 (ALIBABA-CN-NET Alibaba US Technology Co., Ltd., CN)"
mail.linlshe.com,1,"AS14061 (DIGITALOCEAN-ASN - DigitalOcean, LLC, US)"
mx3.mailspace.id,1,"AS138115 (IDNIC-DENEVA-AS-ID PT Deneva, ID)"
movietv4u.com,1,"AS213438 (COLOCATEL-INC Colocatel Network - High Bandwidth Dedicated Servers, SC)"
mail.linx.email,1,"AS47583 (AS-HOSTINGER, CY)"
lionelastomers-com.mail.protection.outlook.com,1,"AS8075 (MICROSOFT-CORP-MSN-AS-BLOCK - Microsoft Corporation, US)"
mx0.telebecinternet.com,1,
sl.projectsegfau.lt,1,"AS58212 (DATAFOREST, DE)"
mail.mrmemorial.com,1,"AS47583 (AS-HOSTINGER, CY)"
mail.lipsanogrfml.com,1,"AS12586 (ASGHOSTNET, DE)"
mail.lipomail.com,1,"AS12586 (ASGHOSTNET, DE)"
mail.liquic.com,1,"AS63949 (AKAMAI-LINODE-AP Akamai Connected Cloud, SG)"
liqid-com.mail.protection.outlook.com,1,"AS8075 (MICROSOFT-CORP-MSN-AS-BLOCK - Microsoft Corporation, US)"
linksdown.net,1,"AS24940 (HETZNER-AS, DE)"
mail.lifecoach4elite.net,1,"AS19871 (NETWORK-SOLUTIONS-HOSTING - Network Solutions, LLC, US)"
mail.linksgold.ru,1,"AS209641 (I-SERVERS-EAST, GB)"
liposuctionofmiami.com,1,"AS46606 (UNIFIEDLAYER-AS-1 - Unified Layer, US)"
liqquid-com.mail.protection.outlook.com,1,"AS8075 (MICROSOFT-CORP-MSN-AS-BLOCK - Microsoft Corporation, US)"
mail.linuxpl.eu,1,"AS41079 (CF-GDA, PL)"
liquidl-com.mail.protection.outlook.com,1,"AS8075 (MICROSOFT-CORP-MSN-AS-BLOCK - Microsoft Corporation, US)"
mail.liquidd.com,1,"AS31898 (ORACLE-BMC-31898 - Oracle Corporation, US)"
liqu1d-com.mail.protection.outlook.com,1,"AS8075 (MICROSOFT-CORP-MSN-AS-BLOCK - Microsoft Corporation, US)"
liquit-com.mail.protection.outlook.com,1,"AS8075 (MICROSOFT-CORP-MSN-AS-BLOCK - Microsoft Corporation, US)"
mx.myregisteredsite.com,1,"AS19871 (NETWORK-SOLUTIONS-HOSTING - Network Solutions, LLC, US)"
liqwid-com.mail.protection.outlook.com,1,"AS8075 (MICROSOFT-CORP-MSN-AS-BLOCK - Microsoft Corporation, US)"
mail.lista.cc,1,"AS45102 (ALIBABA-CN-NET Alibaba US Technology Co., Ltd., CN)"
liquis-com.mail.protection.outlook.com,1,"AS8075 (MICROSOFT-CORP-MSN-AS-BLOCK - Microsoft Corporation, US)"
mail.lite14.us,1,"AS51167 (CONTABO, DE)"
mx.liquidt.com,1,"AS29873 (BIZLAND-SD - Newfold Digital, Inc., US)"
mail.lisptutorials.com,1,"AS16276 (OVH, FR)"
mail.liftticketsystem.com,1,"AS204800 (WHG-SGP, GB)"
liqvid-com.mail.protection.outlook.com,1,"AS8075 (MICROSOFT-CORP-MSN-AS-BLOCK - Microsoft Corporation, US)"
liteprompter.com,1,"AS9009 (M247, RO)"
mail.linkzz.cyou,1,"AS60117 (HS, AE)"
mail.livealtmail.com,1,"AS47583 (AS-HOSTINGER, CY)"
mail.liturgmail.ru,1,"AS12586 (ASGHOSTNET, DE)"
mail.luxevents.lu,1,"AS24940 (HETZNER-AS, DE)"
mail.live-sexycam.fr,1,"AS50474 (O2SWITCH, FR)"
mail.thandinkuli.us,1,"AS20473 (AS-VULTR - The Constant Company, LLC, US)"
mx.livejournali.com,1,"AS20473 (AS-VULTR - The Constant Company, LLC, US)"
livewildlyinspired-com.mail.protection.outlook.com,1,"AS8075 (MICROSOFT-CORP-MSN-AS-BLOCK - Microsoft Corporation, US)"
live-mdx-ac-uk.mail.protection.outlook.com,1,"AS8075 (MICROSOFT-CORP-MSN-AS-BLOCK - Microsoft Corporation, US)"
mail.liveamericans.com,1,"AS210878 (TREADSTONE-AS, RO)"
lixir-fr.mail.protection.outlook.com,1,"AS8075 (MICROSOFT-CORP-MSN-AS-BLOCK - Microsoft Corporation, US)"
mx1.livesilk.info,1,"AS200107 (KL-EXT, CH)"
mail.lizery.com,1,"AS14061 (DIGITALOCEAN-ASN - DigitalOcean, LLC, US)"
llhtx-com.mail.protection.outlook.com,1,"AS8075 (MICROSOFT-CORP-MSN-AS-BLOCK - Microsoft Corporation, US)"
mx3.verisign.se,1,"AS26134 (BROAD-RUN-BORDER-AS - VeriSign Infrastructure & Operations, US)"
mail.lmaritimen.com,1,"AS47583 (AS-HOSTINGER, CY)"
mail.live-gaming.net,1,"AS44094 (WEBHOST1-AS, RU)"
mail.llusimail.com,1,"AS12586 (ASGHOSTNET, DE)"
lledger-com.mail.protection.outlook.com,1,"AS8075 (MICROSOFT-CORP-MSN-AS-BLOCK - Microsoft Corporation, US)"
letmail.landesk.com,1,"AS395344 (IVANTI-BD - Ivanti, Inc., US)"
loaddefender-com.mail.protection.outlook.com,1,"AS8075 (MICROSOFT-CORP-MSN-AS-BLOCK - Microsoft Corporation, US)"
mx6.mb1p.com,1,"AS14061 (DIGITALOCEAN-ASN - DigitalOcean, LLC, US)"
mail.loancalculator.world,1,"AS31898 (ORACLE-BMC-31898 - Oracle Corporation, US)"
mail.lllooch.ru,1,"AS210079 (EUROBYTE, RU)"
mail.lnovic.com,1,"AS24940 (HETZNER-AS, DE)"
mx2.localsape.com,1,"AS200107 (KL-EXT, CH)"
mail.lodger.com,1,"AS57795 (NGNETWORKS NG-BLU Networks ASN, NL)"
mail.loganister.com,1,"AS203446 (AS203446, GB)"
locialispl.com,1,"AS7684 (SAKURA-A SAKURA Internet Inc., JP)"
mail.muhaos.com,1,"AS14061 (DIGITALOCEAN-ASN - DigitalOcean, LLC, US)"
mail.logarithcs.ru,1,"AS12586 (ASGHOSTNET, DE)"
mail.locationlocationlocation.eu,1,"AS50474 (O2SWITCH, FR)"
mail.muhammali.ru,1,"AS12586 (ASGHOSTNET, DE)"
mx2.linkadulttoys.com,1,"AS200107 (KL-EXT, CH)"
mail.login-chatgpt.com,1,"AS8560 (IONOS-AS This is the joint network for IONOS, Fasthosts, Arsys, 1&1 Mail and Media and 1&1 Telecom. Formerly known as 1&1 Internet SE., DE)"
mail.linguopamalu.ru,1,"AS12586 (ASGHOSTNET, DE)"
liquidx-com.mail.protection.outlook.com,1,"AS8075 (MICROSOFT-CORP-MSN-AS-BLOCK - Microsoft Corporation, US)"
logodesignsexpertllc-com.mail.protection.outlook.com,1,
mail.logogrammatmail.com,1,"AS12586 (ASGHOSTNET, DE)"
mail.loh.pp.ua,1,"AS24940 (HETZNER-AS, DE)"
mail.lolgo.cc,1,"AS45102 (ALIBABA-CN-NET Alibaba US Technology Co., Ltd., CN)"
lohzz.com,1,"AS14061 (DIGITALOCEAN-ASN - DigitalOcean, LLC, US)"
mail.lonard-os.com,1,"AS203446 (AS203446, GB)"
mail.loltmail.com,1,"AS12586 (ASGHOSTNET, DE)"
long-com.mail.protection.outlook.com,1,"AS8075 (MICROSOFT-CORP-MSN-AS-BLOCK - Microsoft Corporation, US)"
longbridgefinancial-com02e.mail.protection.outlook.com,1,"AS8075 (MICROSOFT-CORP-MSN-AS-BLOCK - Microsoft Corporation, US)"
_dc-mx.e52158f6e84b.longmontpooltablerepair.com,1,"AS29802 (HVC-AS - HIVELOCITY, Inc., US)"
mail.msgos.com,1,"AS14061 (DIGITALOCEAN-ASN - DigitalOcean, LLC, US)"
lolibuy.com,1,"AS51191 (XIRRA, DE)"
mx1.lomaschool.org,1,"AS200107 (KL-EXT, CH)"
mail.lookugly.com,1,
aspmx3.googlemail.com,1,"AS15169 (GOOGLE - Google LLC, US)"
mail.loopbox.store,1,"AS19318 (IS-AS-1 - Interserver, Inc, US)"
mx6.loopy-deals.com,1,
mail.cepu.it,1,"AS12874 (FASTWEB, IT)"
mail.lorientediy.com,1,"AS47583 (AS-HOSTINGER, CY)"
mx6.losebellyfatau.com,1,
mx.jtw.dk,1,"AS24940 (HETZNER-AS, DE)"
_dc-mx.d624b7df8a02.lotto-wizard.net,1,"AS14061 (DIGITALOCEAN-ASN - DigitalOcean, LLC, US)"
mscoftp-work-gd.mail.protection.outlook.com,1,
mail.lithophotomail.ru,1,"AS12586 (ASGHOSTNET, DE)"
mx6.louis-vuittonsac.com,1,
router.loudment.com,1,"AS14061 (DIGITALOCEAN-ASN - DigitalOcean, LLC, US)"
mx6.louboutinemart.com,1,
mail.louisiaruby.ru,1,"AS12586 (ASGHOSTNET, DE)"
mx6.louisvuittonsjapan.com,1,
lorencic-ro.mail.protection.outlook.com,1,"AS8075 (MICROSOFT-CORP-MSN-AS-BLOCK - Microsoft Corporation, US)"
live-vu-edu-au.mail.protection.outlook.com,1,"AS8075 (MICROSOFT-CORP-MSN-AS-BLOCK - Microsoft Corporation, US)"
louno.com,1,"AS21777 (MASSIVE-NETWORKS - Massive Networks, US)"
mx1.lotusloungecafe.com,1,"AS202053 (UPCLOUD, FI)"
loveesq.com,1,"AS7393 (CYBERCON - CYBERCON, INC., US)"
lovework.jp,1,"AS131965 (XSERVER Xserver Inc., JP)"
lotshop.us,1,"AS22612 (NAMECHEAP-NET - Namecheap, Inc., US)"
llbertymutual-com.mail.protection.outlook.com,1,"AS8075 (MICROSOFT-CORP-MSN-AS-BLOCK - Microsoft Corporation, US)"
mx.loveme.com,1,"AS20454 (SSASN2 - SECURED SERVERS LLC, US)"
mail.lowtaperfade.style,1,"AS24940 (HETZNER-AS, DE)"
lotdeals.us,1,"AS22612 (NAMECHEAP-NET - Namecheap, Inc., US)"
lrgrahamj.com,1,"AS47583 (AS-HOSTINGER, CY)"
mail.lsaar.com,1,"AS14061 (DIGITALOCEAN-ASN - DigitalOcean, LLC, US)"
1-grid-mx04.com,1,"AS36943 (ZA-1-Grid, ZA)"
_dc-mx.478cb648523c.lsyx24.com,1,"AS399275 (SOLID - Solid Systems LLC, US)"
ltcconsumer-com.mail.protection.outlook.com,1,"AS8075 (MICROSOFT-CORP-MSN-AS-BLOCK - Microsoft Corporation, US)"
lqm-fi.mail.protection.outlook.com,1,"AS8075 (MICROSOFT-CORP-MSN-AS-BLOCK - Microsoft Corporation, US)"
mx-mail.ltswireless.com,1,"AS61046 (HZ-UK-AS, BG)"
lubo-com.mail.protection.outlook.com,1,"AS8075 (MICROSOFT-CORP-MSN-AS-BLOCK - Microsoft Corporation, US)"
ltx-com.mail.protection.outlook.com,1,"AS8075 (MICROSOFT-CORP-MSN-AS-BLOCK - Microsoft Corporation, US)"
mail.located6j.com,1,"AS47583 (AS-HOSTINGER, CY)"
mx2.loanins.org,1,"AS200107 (KL-EXT, CH)"
mx.ibaloch.com,1,"AS34119 (WILDCARD-AS Wildcard UK Limited, GB)"
mail.localintucson.com,1,"AS46606 (UNIFIEDLAYER-AS-1 - Unified Layer, US)"
mail.ltnclaudeproxy.shop,1,"AS59253 (LEASEWEB-APAC-SIN-11 LEASEWEB SINGAPORE PTE. LTD., SG)"
mail.lucergmail.ru,1,"AS12586 (ASGHOSTNET, DE)"
mx.lubrorein.com,1,"AS14061 (DIGITALOCEAN-ASN - DigitalOcean, LLC, US)"
lucrasystems-com.mail.protection.outlook.com,1,"AS8075 (MICROSOFT-CORP-MSN-AS-BLOCK - Microsoft Corporation, US)"
lu-no.com,1,"AS7684 (SAKURA-A SAKURA Internet Inc., JP)"
luckystarcasino.org.1.0001.arsmtp.com,1,"AS53780 (AS-APPRIVER - APPRIVER LLC, US)"
ludger-com.mail.protection.outlook.com,1,"AS8075 (MICROSOFT-CORP-MSN-AS-BLOCK - Microsoft Corporation, US)"
lufaf-com.mail.protection.outlook.com,1,"AS8075 (MICROSOFT-CORP-MSN-AS-BLOCK - Microsoft Corporation, US)"
mx6.ludovodka.com,1,
mail.lugubr.com,1,"AS12586 (ASGHOSTNET, DE)"
mail.luckymail.org,1,"AS21003 (GPTC-AS, LY)"
mail.lumyrix.cfd,1,"AS203446 (AS203446, GB)"
mail.luminexis.cfd,1,"AS203446 (AS203446, GB)"
mx.lukemail.info,1,"AS16276 (OVH, FR)"
mail.lumo.com,1,"AS36351 (SOFTLAYER - IBM Cloud, US)"
mail.lumtu.com,1,"AS59939 (WIBO-AS, LT)"
mx.lunoq.com.cust.b.hostedemail.com,1,"AS32491 (TUCOWS-3 - Tucows.com Co., CA)"
lunou.com,1,"AS36666 (GTCOMM - GloboTech Communications, CA)"
mail.lunoo.com,1,"AS24940 (HETZNER-AS, DE)"
mail.msheirebdowntowndoha.com,1,
lunox-com.mail.protection.outlook.com,1,"AS8075 (MICROSOFT-CORP-MSN-AS-BLOCK - Microsoft Corporation, US)"
mail.luminmil.ru,1,"AS12586 (ASGHOSTNET, DE)"
us1-smtp-mx1.titanhq.com,1,"AS16509 (AMAZON-02 - Amazon.com, Inc., US)"
lunor-com.mail.protection.outlook.com,1,"AS8075 (MICROSOFT-CORP-MSN-AS-BLOCK - Microsoft Corporation, US)"
mail.lunoc.com,1,"AS396982 (GOOGLE-CLOUD-PLATFORM - Google LLC, US)"
luon-com.mail.protection.outlook.com,1,"AS8075 (MICROSOFT-CORP-MSN-AS-BLOCK - Microsoft Corporation, US)"
lunoa.com,1,"AS9371 (SAKURA-C SAKURA Internet Inc., JP)"
mail.tms.us,1,"AS7018 (ATT-INTERNET4 - AT&T Enterprises, LLC, US)"
mail.luxentra.cfd,1,"AS203446 (AS203446, GB)"
mail.luxovira.cfd,1,"AS203446 (AS203446, GB)"
mx1.zoner.fi,1,"AS12552 (GLOBALCONNECT-AS12552, SE)"
87.233.194.107,1,
mx6.luxuriousdress.net,1,
d8580a.ess.barracudanetworks.com,1,"AS16509 (AMAZON-02 - Amazon.com, Inc., US)"
luve-fr.mail.protection.outlook.com,1,"AS8075 (MICROSOFT-CORP-MSN-AS-BLOCK - Microsoft Corporation, US)"
mx.lvcheapusa.com,1,"AS14061 (DIGITALOCEAN-ASN - DigitalOcean, LLC, US)"
mail.luxusmail.uk,1,"AS46606 (UNIFIEDLAYER-AS-1 - Unified Layer, US)"
mail.lvivmail.com,1,"AS12586 (ASGHOSTNET, DE)"
mail.lwide.com,1,"AS14061 (DIGITALOCEAN-ASN - DigitalOcean, LLC, US)"
mail.lxvsi.com,1,"AS16276 (OVH, FR)"
mx.lvfityou.com,1,"AS14061 (DIGITALOCEAN-ASN - DigitalOcean, LLC, US)"
mx4125.usc1.mymailhosting.com,1,
mail.lunar4d.org,1,"AS9808 (CHINAMOBILE-CN China Mobile Communications Group Co., Ltd., CN)"
mail.luxurybet138.com,1,"AS138915 (KAOPU-HK Kaopu Cloud HK Limited, HK)"
mx.lycos.nl.cust.b.hostedemail.com,1,"AS32491 (TUCOWS-3 - Tucows.com Co., CA)"
mail.lyoris.cfd,1,"AS24940 (HETZNER-AS, DE)"
mail.lymphangitomail.com,1,"AS12586 (ASGHOSTNET, DE)"
mail.lymphografl.com,1,"AS12586 (ASGHOSTNET, DE)"
mx.lycos.at.cust.b.hostedemail.com,1,"AS32491 (TUCOWS-3 - Tucows.com Co., CA)"
mail.lyunsa.com,1,"AS14061 (DIGITALOCEAN-ASN - DigitalOcean, LLC, US)"
mail.lymphangmalu.ru,1,"AS12586 (ASGHOSTNET, DE)"
lymphopmail.com,1,"AS213702 (QWINS-LTD QWINS AS-SET: ~ # AS213702:AS-CUSTOMERS, GB)"
non-exist.web-axis.net,1,"AS4739 (INTERNODE-AS Internode Pty Ltd, AU)"
mail.m3ta.com,1,"AS398101 (GO-DADDY-COM-LLC - GoDaddy.com, LLC, US)"
m2r60ff.com,1,"AS47583 (AS-HOSTINGER, CY)"
msolv-com0c.mail.protection.outlook.com,1,"AS8075 (MICROSOFT-CORP-MSN-AS-BLOCK - Microsoft Corporation, US)"
localjobsnearme.com,1,
mail.1kb.no,1,"AS25148 (BASEFARM-ASN Oslo - Norway, NO)"
mail1.ssadm.org,1,"AS35387 (SYNERGY-AS, RU)"
mabal.fr.nf,1,"AS16276 (OVH, FR)"
a182602.mx.mailhop.org,1,"AS16509 (AMAZON-02 - Amazon.com, Inc., US)"
macwish.com,1,
mail.macrobivegai.ru,1,"AS12586 (ASGHOSTNET, DE)"
mail.macosten.com,1,"AS14061 (DIGITALOCEAN-ASN - DigitalOcean, LLC, US)"
mail.macrodmail.ru,1,"AS12586 (ASGHOSTNET, DE)"
ma-boite-aux-lettres.infos.st,1,"AS16276 (OVH, FR)"
mail.mafozex.xyz,1,"AS40021 (CONTABO-40021 - Contabo Inc., US)"
s0.protection.netiyi.com,1,"AS201928 (ASNETIYI, TR)"
mail.macroprmails.ru,1,"AS12586 (ASGHOSTNET, DE)"
mail.maghyg.xyz,1,"AS47583 (AS-HOSTINGER, CY)"
mail.madibashirts.com,1,"AS37153 (xneelo, ZA)"
macstoredigital.id,1,"AS149359 (IDNIC-PDM-AS-ID PT Persada Data Multimedia, ID)"
mail.magnetifm.ru,1,"AS12586 (ASGHOSTNET, DE)"
mail.magnetohydrodymy.com,1,"AS12586 (ASGHOSTNET, DE)"
mail.madiba-shirt.com,1,"AS37153 (xneelo, ZA)"
mail.magistinf.com,1,"AS12586 (ASGHOSTNET, DE)"
magura-shop.mail.protection.outlook.com,1,"AS8075 (MICROSOFT-CORP-MSN-AS-BLOCK - Microsoft Corporation, US)"
mail.magistratmail.ru,1,"AS12586 (ASGHOSTNET, DE)"
mail.magnetimail.com,1,"AS12586 (ASGHOSTNET, DE)"
mx.mail-data.net,1,"AS14061 (DIGITALOCEAN-ASN - DigitalOcean, LLC, US)"
smtp.mail-filter.com,1,"AS24940 (HETZNER-AS, DE)"
mahoteki.com,1,"AS131965 (XSERVER Xserver Inc., JP)"
mx.mail-pop3.com,1,"AS16276 (OVH, FR)"
mx1.cityemail.com,1,"AS393653 (WIZ1 - Wizard Tower Techno Services, CA)"
_dc-mx.de1c77abefb9.mail-tester.com,1,"AS31898 (ORACLE-BMC-31898 - Oracle Corporation, US)"
mx.mail-score.com,1,"AS16276 (OVH, FR)"
mail.tempai.org,1,"AS63949 (AKAMAI-LINODE-AP Akamai Connected Cloud, SG)"
mail-mario.fr.nf,1,"AS16276 (OVH, FR)"
h2.hitme.pl,1,"AS50840 (AS-HITME, PL)"
mx2.mail-server.bid,1,"AS200107 (KL-EXT, CH)"
mail35.mydevil.net,1,"AS57367 (ECO-ATMAN-PL ECO-ATMAN-, PL)"
mail-uk.co.uk,1,"AS42831 (UKSERVERS-AS UK Dedicated Servers, Hosting and Co-Location, GB)"
mail-4-uk.co.uk,1,"AS42831 (UKSERVERS-AS UK Dedicated Servers, Hosting and Co-Location, GB)"
mail.magnet-immigration.com,1,"AS51167 (CONTABO, DE)"
mail.burneremailid.com,1,"AS14061 (DIGITALOCEAN-ASN - DigitalOcean, LLC, US)"
smtp1.mail.be,1,"AS3356 (LEVEL3 - Level 3 Parent, LLC, US)"
mx.mail-send.ru,1,"AS216071 (VDSINA, AE)"
_dc-mx.b2c82c8a4ea4.mail.com.vc,1,"AS19318 (IS-AS-1 - Interserver, Inc, US)"
mx.mose-mail.jp,1,"AS2497 (IIJ Internet Initiative Japan Inc., JP)"
chatfunny.com,1,"AS47583 (AS-HOSTINGER, CY)"
mx1.seznam.cz,1,"AS43037 (SEZNAM-, CZ)"
smtp.kalbfeld.net,1,
mail.gnfox.cloudns.be,1,"AS62468 (HKCLOUDX - VpsQuan L.L.C., US)"
mas-fc-r-11.mail.goo.jp,1,"AS4713 (OCN NTT DOCOMO BUSINESS,Inc., JP)"
mail.mail.kschecker.online,1,"AS203446 (AS203446, GB)"
slapp.lienau.me,1,"AS8560 (IONOS-AS This is the joint network for IONOS, Fasthosts, Arsys, 1&1 Mail and Media and 1&1 Telecom. Formerly known as 1&1 Internet SE., DE)"
mail.m88i.click,1,"AS22612 (NAMECHEAP-NET - Namecheap, Inc., US)"
134-199-163-222.cprapid.com,1,"AS14061 (DIGITALOCEAN-ASN - DigitalOcean, LLC, US)"
mahantejarat.com,1,"AS48715 (SEFROYEKPARDAZENG-AS Sefroyek Pardaz Engineering Company, IR)"
_dc-mx.19abca72c8bd.mail.mailifyy.com,1,"AS51167 (CONTABO, DE)"
maargasystems-com.mail.protection.outlook.com,1,"AS8075 (MICROSOFT-CORP-MSN-AS-BLOCK - Microsoft Corporation, US)"
rte01.lpefuho.com,1,"AS14061 (DIGITALOCEAN-ASN - DigitalOcean, LLC, US)"
mail.padye.com,1,"AS47583 (AS-HOSTINGER, CY)"
pafnuty.com,1,"AS14061 (DIGITALOCEAN-ASN - DigitalOcean, LLC, US)"
page1ranker.com,1,"AS54290 (HOSTWINDS - Hostwinds LLC., US)"
pacificprime.in.tmes-sg.trendmicro.com,1,"AS16509 (AMAZON-02 - Amazon.com, Inc., US)"
_dc-mx.48e5be76649f.pagonpae.com,1,"AS51167 (CONTABO, DE)"
a982513.mx.mailhop.org,1,"AS16509 (AMAZON-02 - Amazon.com, Inc., US)"
pacificcrestdigital-com.mail.protection.outlook.com,1,"AS8075 (MICROSOFT-CORP-MSN-AS-BLOCK - Microsoft Corporation, US)"
mail.padvue.com,1,"AS46606 (UNIFIEDLAYER-AS-1 - Unified Layer, US)"
mail.paito4d.org,1,"AS214036 (ULTAHOST-AS, US)"
mail.pactdog.com,1,"AS18779 (EGIHOSTING - EGIHosting, US)"
palanir.com,1,"AS31549 (RASANA, IR)"
mail.palau-nedv.ru,1,"AS56694 (SMARTAPE, RU)"
mx0a-00153501.pphosted.com,1,"AS26211 (PROOFPOINT-ASN-US-WEST - Proofpoint, Inc., US)"
mail.paleoanthropomail.com,1,"AS12586 (ASGHOSTNET, DE)"
mail.palaeoencemy.com,1,"AS12586 (ASGHOSTNET, DE)"
mail.palersmail.ru,1,"AS12586 (ASGHOSTNET, DE)"
mail.palaeoclimail.com,1,"AS12586 (ASGHOSTNET, DE)"
mail.paleopinf.com,1,"AS12586 (ASGHOSTNET, DE)"
mail.paleopmail.com,1,"AS12586 (ASGHOSTNET, DE)"
mail.palaeopli.com,1,"AS12586 (ASGHOSTNET, DE)"
mail.paleoethmalu.ru,1,"AS12586 (ASGHOSTNET, DE)"
mail.palemail.ru,1,"AS12586 (ASGHOSTNET, DE)"
mail.pacifismail.com,1,"AS12586 (ASGHOSTNET, DE)"
mail.paleopatmail.com,1,"AS12586 (ASGHOSTNET, DE)"
mail.palaeoemail.com,1,"AS12586 (ASGHOSTNET, DE)"
mail.palaeontofml.com,1,"AS12586 (ASGHOSTNET, DE)"
mail.paleotrmail.ru,1,"AS12586 (ASGHOSTNET, DE)"
mail.paleobpt.ru,1,"AS12586 (ASGHOSTNET, DE)"
mail.paleogramalu.ru,1,"AS12586 (ASGHOSTNET, DE)"
paiindustries-com.mail.protection.outlook.com,1,"AS8075 (MICROSOFT-CORP-MSN-AS-BLOCK - Microsoft Corporation, US)"
mx.palantar.com,1,"AS29873 (BIZLAND-SD - Newfold Digital, Inc., US)"
palantirx-com.mail.protection.outlook.com,1,"AS8075 (MICROSOFT-CORP-MSN-AS-BLOCK - Microsoft Corporation, US)"
mail.palaeofml.com,1,"AS12586 (ASGHOSTNET, DE)"
mail.paleoceanomy.com,1,"AS12586 (ASGHOSTNET, DE)"
paleopathmail.com,1,"AS213702 (QWINS-LTD QWINS AS-SET: ~ # AS213702:AS-CUSTOMERS, GB)"
mail.palingmail.com,1,"AS12586 (ASGHOSTNET, DE)"
mail.paleobitomail.com,1,"AS12586 (ASGHOSTNET, DE)"
mail.paleocmail.ru,1,"AS12586 (ASGHOSTNET, DE)"
mail.paleoencefl.com,1,"AS12586 (ASGHOSTNET, DE)"
mail.palamail.ru,1,"AS12586 (ASGHOSTNET, DE)"
mail.paleontolmail.ru,1,"AS12586 (ASGHOSTNET, DE)"
mail.paleoanthropic.com,1,"AS12586 (ASGHOSTNET, DE)"
mail.palatopmail.ru,1,"AS12586 (ASGHOSTNET, DE)"
mail.paleornimail.ru,1,"AS12586 (ASGHOSTNET, DE)"
mail.palatopfmail.ru,1,"AS12586 (ASGHOSTNET, DE)"
mail.pamrankinrealestateagentsandiegoca.com,1,"AS46606 (UNIFIEDLAYER-AS-1 - Unified Layer, US)"
mx6.palosdonar.com,1,
mail.palmatipafmail.ru,1,"AS12586 (ASGHOSTNET, DE)"
palsengineering.com,1,"AS24940 (HETZNER-AS, DE)"
mail.palynolmail.com,1,"AS12586 (ASGHOSTNET, DE)"
mail.pandai.in,1,"AS42831 (UKSERVERS-AS UK Dedicated Servers, Hosting and Co-Location, GB)"
mail.pamrankinrealestateagentcarlsbadca.com,1,"AS46606 (UNIFIEDLAYER-AS-1 - Unified Layer, US)"
mail.pandai.art,1,"AS42831 (UKSERVERS-AS UK Dedicated Servers, Hosting and Co-Location, GB)"
mail.pancremail.com,1,"AS12586 (ASGHOSTNET, DE)"
a435745.mx.mailhop.org,1,"AS16509 (AMAZON-02 - Amazon.com, Inc., US)"
zmail.xceltec.in,1,"AS51167 (CONTABO, DE)"
pandemic.cloud,1,"AS14061 (DIGITALOCEAN-ASN - DigitalOcean, LLC, US)"
panen228.org,1,"AS22612 (NAMECHEAP-NET - Namecheap, Inc., US)"
mail.paperpapyrus.com,1,"AS47583 (AS-HOSTINGER, CY)"
router.pangtiin.com,1,"AS14061 (DIGITALOCEAN-ASN - DigitalOcean, LLC, US)"
pamil.fr.nf,1,"AS16276 (OVH, FR)"
mail.pantomalary.ru,1,"AS12586 (ASGHOSTNET, DE)"
mail.pankeberlin.de,1,"AS24940 (HETZNER-AS, DE)"
mail.paphiopmails.ru,1,"AS12586 (ASGHOSTNET, DE)"
mail.paradoxrsmail.ru,1,"AS12586 (ASGHOSTNET, DE)"
mail.parakeetcare.org,1,"AS35042 (LAYER7-NETWORKS-, DE)"
mail.paradigmatfl.com,1,"AS12586 (ASGHOSTNET, DE)"
mail.paphiopmail.ru,1,"AS12586 (ASGHOSTNET, DE)"
mail.paracefml.ru,1,"AS12586 (ASGHOSTNET, DE)"
parelay.org,1,"AS398101 (GO-DADDY-COM-LLC - GoDaddy.com, LLC, US)"
mail.paradisi.ru,1,"AS12586 (ASGHOSTNET, DE)"
mail.paramags.com,1,"AS12586 (ASGHOSTNET, DE)"
mail.parasyemail.ru,1,"AS12586 (ASGHOSTNET, DE)"
mail.papulovesf.ru,1,"AS12586 (ASGHOSTNET, DE)"
mail.papulmail.ru,1,"AS12586 (ASGHOSTNET, DE)"
paradigmatical.com,1,"AS213702 (QWINS-LTD QWINS AS-SET: ~ # AS213702:AS-CUSTOMERS, GB)"
mail.paraprofmail.ru,1,"AS12586 (ASGHOSTNET, DE)"
mx.parfumpoint.store.cust.a.hostedemail.com,1,"AS15348 (TUCOWS - Tucows.com Co., CA)"
mail.parapsycmail.com,1,"AS12586 (ASGHOSTNET, DE)"
mail.paradigmaml.ru,1,"AS12586 (ASGHOSTNET, DE)"
mail.papodejornal.top,1,"AS16276 (OVH, FR)"
mail.parclan.com,1,"AS14061 (DIGITALOCEAN-ASN - DigitalOcean, LLC, US)"
mail.parapsychomail.com,1,"AS12586 (ASGHOSTNET, DE)"
mx-vip-01.uni5.net,1,"AS28299 (LWSA SA, BR)"
mail.paraformalmail.ru,1,"AS12586 (ASGHOSTNET, DE)"
mail.parallemail.ru,1,"AS12586 (ASGHOSTNET, DE)"
mail.parasitomail.ru,1,"AS12586 (ASGHOSTNET, DE)"
mail.paralytmail.ru,1,"AS12586 (ASGHOSTNET, DE)"
paratmail.com,1,"AS213702 (QWINS-LTD QWINS AS-SET: ~ # AS213702:AS-CUSTOMERS, GB)"
mail.parietosplml.ru,1,"AS12586 (ASGHOSTNET, DE)"
mail.parasalpimails.ru,1,"AS12586 (ASGHOSTNET, DE)"
mail.parasrsmail.ru,1,"AS12586 (ASGHOSTNET, DE)"
mail.parelecemail.ru,1,"AS12586 (ASGHOSTNET, DE)"
mail.parasluhov.ru,1,"AS35278 (SPRINTHOST, RU)"
mail.parapromail.ru,1,"AS12586 (ASGHOSTNET, DE)"
parkernorfolk.com,1,"AS15169 (GOOGLE - Google LLC, US)"
aspmx2.googlemail.com,1,"AS15169 (GOOGLE - Google LLC, US)"
parqal-com.mail.protection.outlook.com,1,"AS8075 (MICROSOFT-CORP-MSN-AS-BLOCK - Microsoft Corporation, US)"
mail.parthxxtoasts.site,1,"AS203446 (AS203446, GB)"
mail.parietofrvegai.ru,1,"AS12586 (ASGHOSTNET, DE)"
mail.parietofmail.ru,1,"AS12586 (ASGHOSTNET, DE)"
mail.parietof.ru,1,"AS12586 (ASGHOSTNET, DE)"
mail.parrsmail.ru,1,"AS12586 (ASGHOSTNET, DE)"
mail.particularic.com,1,"AS12586 (ASGHOSTNET, DE)"
mail.parietosplamail.ru,1,"AS12586 (ASGHOSTNET, DE)"
mail.particulamails.ru,1,"AS12586 (ASGHOSTNET, DE)"
mail.parliamentmail.ru,1,"AS12586 (ASGHOSTNET, DE)"
mail.parliamenml.ru,1,"AS12586 (ASGHOSTNET, DE)"
paschke-org.mail.protection.outlook.com,1,"AS8075 (MICROSOFT-CORP-MSN-AS-BLOCK - Microsoft Corporation, US)"
parsellfuneralhomes-com.mail.protection.outlook.com,1,"AS8075 (MICROSOFT-CORP-MSN-AS-BLOCK - Microsoft Corporation, US)"
mail.partiemail.ru,1,"AS12586 (ASGHOSTNET, DE)"
mx01.partiorganizasyon.com,1,"AS51557 (TR-ISIMTESCIL-20201202, TR)"
pasqel-com.mail.protection.outlook.com,1,"AS8075 (MICROSOFT-CORP-MSN-AS-BLOCK - Microsoft Corporation, US)"
mail.pasqad.com,1,"AS24940 (HETZNER-AS, DE)"
mx.pas.net.id,1,"AS150961 (IDNIC-KLIKPAS-ID PT. Pandeglang Akses Semesta, ID)"
mail.parfum33.ru,1,"AS198068 (PAGM-AS, EE)"
pasqai-com.mail.protection.outlook.com,1,"AS8075 (MICROSOFT-CORP-MSN-AS-BLOCK - Microsoft Corporation, US)"
mail.partner-tex.ru,1,"AS210079 (EUROBYTE, RU)"
mail.yarsa.io,1,"AS16509 (AMAZON-02 - Amazon.com, Inc., US)"
pasqal-com.mail.protection.outlook.com,1,"AS8075 (MICROSOFT-CORP-MSN-AS-BLOCK - Microsoft Corporation, US)"
mail.paterfamail.ru,1,"AS12586 (ASGHOSTNET, DE)"
mail.pettin.com,1,"AS16509 (AMAZON-02 - Amazon.com, Inc., US)"
cpanel.freehosting.com,1,"AS24940 (HETZNER-AS, DE)"
mail.pathoge.com,1,"AS12586 (ASGHOSTNET, DE)"
mx.passal.com,1,"AS3462 (HINET Data Communication Business Group, TW)"
mail.pathomail.com,1,"AS12586 (ASGHOSTNET, DE)"
mxa-001f6501.gslb.pphosted.com,1,"AS26211 (PROOFPOINT-ASN-US-WEST - Proofpoint, Inc., US)"
patriotcashoffer-com.mail.protection.outlook.com,1,"AS8075 (MICROSOFT-CORP-MSN-AS-BLOCK - Microsoft Corporation, US)"
mail.paternalmalary.ru,1,"AS12586 (ASGHOSTNET, DE)"
d298415a.ess.barracudanetworks.com,1,"AS16509 (AMAZON-02 - Amazon.com, Inc., US)"
mail.paterrsmail.ru,1,"AS12586 (ASGHOSTNET, DE)"
mail.patroiio.com,1,"AS12586 (ASGHOSTNET, DE)"
pay-mon.com,1,"AS47583 (AS-HOSTINGER, CY)"
mail.patrilomails.ru,1,"AS12586 (ASGHOSTNET, DE)"
paydayloanaffiliate.com,1,"AS32748 (STEADFAST - Steadfast, US)"
mx1.paypalcorp.com,1,"AS1449 (PAYPAL-CORP - PayPal, Inc., US)"
partisigeser.com,1,"AS9657 (MELSANET-ID-AP Melsa-i-net AS, ID)"
mail.pamrankinrealestateagentoceansideca.com,1,"AS46606 (UNIFIEDLAYER-AS-1 - Unified Layer, US)"
route.muonwhila.com,1,"AS14061 (DIGITALOCEAN-ASN - DigitalOcean, LLC, US)"
mail.municipmail.ru,1,"AS12586 (ASGHOSTNET, DE)"
mail.pamrankinrealestateagentvistaca.com,1,"AS46606 (UNIFIEDLAYER-AS-1 - Unified Layer, US)"
pc24-nhs-uk.mail.protection.outlook.com,1,"AS8075 (MICROSOFT-CORP-MSN-AS-BLOCK - Microsoft Corporation, US)"
mail.pamrankinrealestateagentsanmarcosca.com,1,"AS46606 (UNIFIEDLAYER-AS-1 - Unified Layer, US)"
museojmail.ru,1,"AS213702 (QWINS-LTD QWINS AS-SET: ~ # AS213702:AS-CUSTOMERS, GB)"
mail.pamrankinrealestateagentescondidoca.com,1,"AS46606 (UNIFIEDLAYER-AS-1 - Unified Layer, US)"
exchange.musicnetwork.ch,1,"AS6730 (SUNRISE, CH)"
mx1.glomulser.com,1,"AS14555 (LIQUIDNETLTD1 - LiquidNet US LLC, US)"
mx2.musicalnr.com,1,"AS200107 (KL-EXT, CH)"
mail.paymal.com,1,"AS47846 (SEDO-AS, DE)"
mutualofomaha-com.mail.protection.outlook.com,1,"AS8075 (MICROSOFT-CORP-MSN-AS-BLOCK - Microsoft Corporation, US)"
mx1.muskgrow.com,1,"AS200107 (KL-EXT, CH)"
pdaonmail.com,1,"AS213702 (QWINS-LTD QWINS AS-SET: ~ # AS213702:AS-CUSTOMERS, GB)"
plavsnich.grwelch.com,1,"AS63949 (AKAMAI-LINODE-AP Akamai Connected Cloud, SG)"
mail.popmails.ru,1,"AS24940 (HETZNER-AS, DE)"
mx.mutlife.com.cust.b.hostedemail.com,1,"AS32491 (TUCOWS-3 - Tucows.com Co., CA)"
pdfn.site,1,"AS16276 (OVH, FR)"
mutti.com,1,"AS16276 (OVH, FR)"
mvlaw-us.mail.protection.outlook.com,1,"AS8075 (MICROSOFT-CORP-MSN-AS-BLOCK - Microsoft Corporation, US)"
pdvcn-com.mail.protection.outlook.com,1,"AS8075 (MICROSOFT-CORP-MSN-AS-BLOCK - Microsoft Corporation, US)"
b03ccc5a381539b4.mx2.emailprofi.seznam.cz,1,"AS43037 (SEZNAM-, CZ)"
mwh-group.mail.protection.outlook.com,1,"AS8075 (MICROSOFT-CORP-MSN-AS-BLOCK - Microsoft Corporation, US)"
peacefulstrings-com.mail.protection.outlook.com,1,"AS8075 (MICROSOFT-CORP-MSN-AS-BLOCK - Microsoft Corporation, US)"
mxa-0076c801.gslb.pphosted.com,1,"AS22843 (PROOFPOINT-ASN-US-EAST - Proofpoint, Inc., US)"
mail.peacefulmindmail.com,1,"AS12586 (ASGHOSTNET, DE)"
mail.peakpharmacy.shop,1,"AS213230 (HETZNER-CLOUD2-AS, DE)"
d122753a.ess.barracudanetworks.com,1,"AS16509 (AMAZON-02 - Amazon.com, Inc., US)"
mail.pearpplemail.com,1,"AS12586 (ASGHOSTNET, DE)"
mx.pecdo.com,1,"AS14061 (DIGITALOCEAN-ASN - DigitalOcean, LLC, US)"
www.pedco.com,1,"AS40034 (CONFLUENCE-NETWORK-INC - Confluence Networks Inc, VG)"
m-04b.th.seeweb.it,1,
mail.pedasemail.com,1,"AS12586 (ASGHOSTNET, DE)"
mail.has-mail.de,1,"AS24940 (HETZNER-AS, DE)"
mail.pegoku.com,1,"AS57269 (DIGISPAINTELECOM, ES)"
mail.pekoi.com,1,"AS14061 (DIGITALOCEAN-ASN - DigitalOcean, LLC, US)"
popgx-com.mail.protection.outlook.com,1,"AS8075 (MICROSOFT-CORP-MSN-AS-BLOCK - Microsoft Corporation, US)"
pelicanstate-com.mail.protection.outlook.com,1,"AS8075 (MICROSOFT-CORP-MSN-AS-BLOCK - Microsoft Corporation, US)"
mx.popdrunk.com,1,"AS16276 (OVH, FR)"
emailqu.com,1,"AS141968 (IDNIC-IKADA-AS-ID PT Industri Kreatif Digital, ID)"
mail.pelagimail.ru,1,"AS12586 (ASGHOSTNET, DE)"
peluang-vip.com,1,"AS55286 (SERVER-MANIA - B2 Net Solutions Inc., CA)"
munajem-com.mail.protection.outlook.com,1,"AS8075 (MICROSOFT-CORP-MSN-AS-BLOCK - Microsoft Corporation, US)"
pemex-com.mail.protection.outlook.com,1,"AS8075 (MICROSOFT-CORP-MSN-AS-BLOCK - Microsoft Corporation, US)"
pelung-com.mail.protection.outlook.com,1,"AS8075 (MICROSOFT-CORP-MSN-AS-BLOCK - Microsoft Corporation, US)"
mail.multitudinvegai.ru,1,"AS12586 (ASGHOSTNET, DE)"
mx.pc1520.com,1,"AS14061 (DIGITALOCEAN-ASN - DigitalOcean, LLC, US)"
mail.pemwe.com,1,"AS24940 (HETZNER-AS, DE)"
mx.mxdus.com,1,"AS51167 (CONTABO, DE)"
mail.penetrafmals.com,1,"AS12586 (ASGHOSTNET, DE)"
mxfinancialservices-com.mail.protection.outlook.com,1,"AS8075 (MICROSOFT-CORP-MSN-AS-BLOCK - Microsoft Corporation, US)"
postmaster21u.penfale.com,1,"AS14061 (DIGITALOCEAN-ASN - DigitalOcean, LLC, US)"
mail.multianmals.ru,1,"AS12586 (ASGHOSTNET, DE)"
mail.multidirecs.com,1,"AS12586 (ASGHOSTNET, DE)"
mail.penis.larping.agency,1,"AS203446 (AS203446, GB)"
mail.penmail.store,1,"AS24086 (VIETTEL-AS-VN Viettel Corporation, VN)"
mail.multinuclomail.com,1,"AS12586 (ASGHOSTNET, DE)"
w0150d61.kasserver.com,1,"AS34788 (NMM-AS D - 02742 Friedersdorf Hauptstrasse 68, DE)"
muslimpress.com,1,"AS62048 (ACAI, IR)"
mail.multipliemail.ru,1,"AS12586 (ASGHOSTNET, DE)"
mail.pentobarfml.com,1,"AS12586 (ASGHOSTNET, DE)"
mail.peno-blok1.ru,1,"AS198068 (PAGM-AS, EE)"
mail.pentecomail.ru,1,"AS12586 (ASGHOSTNET, DE)"
peonex.com,1,"AS33182 (DIMENOC - HostDime.com, Inc., US)"
mail0001.peoplepc.fr,1,"AS24940 (HETZNER-AS, DE)"
perceptium-com.mail.protection.outlook.com,1,"AS8075 (MICROSOFT-CORP-MSN-AS-BLOCK - Microsoft Corporation, US)"
mail.percemails.ru,1,"AS12586 (ASGHOSTNET, DE)"
mail.mxscout.com,1,"AS212772 (ADGUARD, CY)"
mail.perance.com,1,"AS13246 (INETWIRE-AS Key-Systems GmbH PartnerGate, DE)"
mail.perdmail.ru,1,"AS12586 (ASGHOSTNET, DE)"
mail.mxvia.com,1,"AS14061 (DIGITALOCEAN-ASN - DigitalOcean, LLC, US)"
mail.perennolml.ru,1,"AS12586 (ASGHOSTNET, DE)"
pchelpsoft-com.mail.protection.outlook.com,1,"AS8075 (MICROSOFT-CORP-MSN-AS-BLOCK - Microsoft Corporation, US)"
mail.pereskazfilma.site,1,"AS209641 (I-SERVERS-EAST, GB)"
mail.peribronml.ru,1,"AS12586 (ASGHOSTNET, DE)"
mail.pericfmk.com,1,"AS12586 (ASGHOSTNET, DE)"
mail.pericolgmail.ru,1,"AS12586 (ASGHOSTNET, DE)"
mail.periarmail.ru,1,"AS12586 (ASGHOSTNET, DE)"
mail.perinfml.com,1,"AS12586 (ASGHOSTNET, DE)"
mail.periodfmk.com,1,"AS12586 (ASGHOSTNET, DE)"
mail.peripatmil.ru,1,"AS12586 (ASGHOSTNET, DE)"
mail.periml.ru,1,"AS12586 (ASGHOSTNET, DE)"
mail.pergamentolml.ru,1,"AS12586 (ASGHOSTNET, DE)"
mail.perichofmail.ru,1,"AS12586 (ASGHOSTNET, DE)"
_dc-mx.4d61e1a9b84e.perkdaily.com,1,"AS14670 (WHG-USE1, GB)"
mail.perioolml.ru,1,"AS12586 (ASGHOSTNET, DE)"
mail.periodimail.ru,1,"AS12586 (ASGHOSTNET, DE)"
mail.perimails.ru,1,"AS12586 (ASGHOSTNET, DE)"
mail.perioemail.ru,1,"AS12586 (ASGHOSTNET, DE)"
mail.tdvolya.ru,1,"AS44927 (TELECOM-MPK, RU)"
mail.peripatf.ru,1,"AS12586 (ASGHOSTNET, DE)"
mail.perichonebml.ru,1,"AS12586 (ASGHOSTNET, DE)"
mail.peripmails.ru,1,"AS12586 (ASGHOSTNET, DE)"
mail.peripnemofml.ru,1,"AS12586 (ASGHOSTNET, DE)"
mail.perissodolml.ru,1,"AS12586 (ASGHOSTNET, DE)"
mail.perisalpml.ru,1,"AS12586 (ASGHOSTNET, DE)"
perpetualblonde.com,1,"AS20248 (TAKE2 - Take 2 Hosting, Inc., US)"
mail.my-e-mail.info,1,"AS24940 (HETZNER-AS, DE)"
mail.perivesufml.ru,1,"AS12586 (ASGHOSTNET, DE)"
mail.permalu.ru,1,"AS12586 (ASGHOSTNET, DE)"
peristalmail.com,1,"AS213702 (QWINS-LTD QWINS AS-SET: ~ # AS213702:AS-CUSTOMERS, GB)"
mail.perm-master.ru,1,"AS49505 (SELECTEL, RU)"
mail.permeamail.ru,1,"AS12586 (ASGHOSTNET, DE)"
mx.myabccompany.info,1,"AS14061 (DIGITALOCEAN-ASN - DigitalOcean, LLC, US)"
mail.peronospomails.ru,1,"AS12586 (ASGHOSTNET, DE)"
mx6.my7km.com,1,
mail.perrybear.com,1,
mx.perplexitu.ai,1,"AS31034 (ARUBA-ASN, IT)"
mx2.my6com.com,1,"AS200107 (KL-EXT, CH)"
mx76.mb1p.com,1,"AS14061 (DIGITALOCEAN-ASN - DigitalOcean, LLC, US)"
mycareonboard.com,1,"AS398101 (GO-DADDY-COM-LLC - GoDaddy.com, LLC, US)"
mail.personifmails.ru,1,"AS12586 (ASGHOSTNET, DE)"
mycareint-com.mail.protection.outlook.com,1,
mail.multiceltomail.com,1,"AS12586 (ASGHOSTNET, DE)"
mail.myazg.ru,1,"AS197695 (AS-REG, RU)"
mx.pesachmeals.com.cust.b.hostedemail.com,1,"AS32491 (TUCOWS-3 - Tucows.com Co., CA)"
peta-com.mail.protection.outlook.com,1,"AS8075 (MICROSOFT-CORP-MSN-AS-BLOCK - Microsoft Corporation, US)"
mail.pestalozmail.com,1,"AS40021 (CONTABO-40021 - Contabo Inc., US)"
mail.persumail.ru,1,"AS12586 (ASGHOSTNET, DE)"
malibuzz.petebrigham.net,1,"AS51167 (CONTABO, DE)"
mx.mycreativeinbox.com,1,"AS16276 (OVH, FR)"
mail.pessimistolml.ru,1,"AS12586 (ASGHOSTNET, DE)"
mail.mycryptocurrency24.com,1,"AS44051 (FORNEX-AS, ES)"
mail.mycomyriolml.ru,1,"AS12586 (ASGHOSTNET, DE)"
pet-cam-ac-uk.mail.protection.outlook.com,1,"AS8075 (MICROSOFT-CORP-MSN-AS-BLOCK - Microsoft Corporation, US)"
petlife-com.mail.protection.outlook.com,1,"AS8075 (MICROSOFT-CORP-MSN-AS-BLOCK - Microsoft Corporation, US)"
mail.pestalokl.ru,1,"AS12586 (ASGHOSTNET, DE)"
mychoice.co.uk,1,"AS49981 (WORLDSTREAM, NL)"
mydesign-studio.com,1,"AS131965 (XSERVER Xserver Inc., JP)"
_dc-mx.a2724dbe25f8.myemail.my,1,"AS32244 (LIQUIDWEB - Liquid Web, L.L.C, US)"
mydreamspots.net,1,"AS396190 (LEASEWEB-USA-SEA - Leaseweb USA, Inc., US)"
mail.myelence.ru,1,"AS12586 (ASGHOSTNET, DE)"
myemailmail-com.mail.protection.outlook.com,1,
mail.myemail.fun,1,"AS29182 (RU-JSCIOT, RU)"
petitlien.fr,1,"AS16276 (OVH, FR)"
mail.myelencmail.com,1,"AS12586 (ASGHOSTNET, DE)"
mail.myeloemail.ru,1,"AS12586 (ASGHOSTNET, DE)"
pfvmedia.com,1,"AS36218 (WHG-CAN, GB)"
mail.myetherwllet.com,1,"AS45839 (SHINJIRU-MY-AS-AP Shinjiru Technology Sdn Bhd, MY)"
mail.myeyherwallet.com,1,"AS45839 (SHINJIRU-MY-AS-AP Shinjiru Technology Sdn Bhd, MY)"
mail.myethrrwallet.com,1,"AS45839 (SHINJIRU-MY-AS-AP Shinjiru Technology Sdn Bhd, MY)"
mail.myetjerwallet.com,1,"AS45839 (SHINJIRU-MY-AS-AP Shinjiru Technology Sdn Bhd, MY)"
mx2.pezhub.org,1,"AS200107 (KL-EXT, CH)"
mail.myethrwallet.com,1,"AS45839 (SHINJIRU-MY-AS-AP Shinjiru Technology Sdn Bhd, MY)"
mail.myetherwallrt.com,1,"AS45839 (SHINJIRU-MY-AS-AP Shinjiru Technology Sdn Bhd, MY)"
mail.myethwrwallet.com,1,"AS45839 (SHINJIRU-MY-AS-AP Shinjiru Technology Sdn Bhd, MY)"
mail.myetgerwallet.com,1,"AS45839 (SHINJIRU-MY-AS-AP Shinjiru Technology Sdn Bhd, MY)"
mail.mycard.net.ua,1,"AS15738 (UAEXPRESS Ukraine, UA)"
mail.myetherwallt.com,1,"AS45839 (SHINJIRU-MY-AS-AP Shinjiru Technology Sdn Bhd, MY)"
mail.pemess.com,1,
mail.mygrovemail.com,1,"AS47583 (AS-HOSTINGER, CY)"
mail.pgrealty.in,1,"AS63023 (AS-GLOBALTELEHOST - GTHost, US)"
mail.myetherwaklet.com,1,"AS45839 (SHINJIRU-MY-AS-AP Shinjiru Technology Sdn Bhd, MY)"
mail.myetherwalle.com,1,"AS45839 (SHINJIRU-MY-AS-AP Shinjiru Technology Sdn Bhd, MY)"
mx1.mygeoweb.info,1,"AS200107 (KL-EXT, CH)"
mail.myetherwsllet.com,1,"AS45839 (SHINJIRU-MY-AS-AP Shinjiru Technology Sdn Bhd, MY)"
mail.myhashpower.com,1,"AS47583 (AS-HOSTINGER, CY)"
mail.myetherwalket.com,1,"AS45839 (SHINJIRU-MY-AS-AP Shinjiru Technology Sdn Bhd, MY)"
mail.phaantm.de,1,"AS6724 (STRATO STRATO AG, DE)"
mail.myetherwalley.com,1,"AS45839 (SHINJIRU-MY-AS-AP Shinjiru Technology Sdn Bhd, MY)"
myhealthmyterms-com.mail.protection.outlook.com,1,"AS8075 (MICROSOFT-CORP-MSN-AS-BLOCK - Microsoft Corporation, US)"
mail.myetherallet.com,1,"AS45839 (SHINJIRU-MY-AS-AP Shinjiru Technology Sdn Bhd, MY)"
musialowski.pl,1,
mail.myetheewallet.com,1,"AS45839 (SHINJIRU-MY-AS-AP Shinjiru Technology Sdn Bhd, MY)"
mail.phamay.com,1,"AS14061 (DIGITALOCEAN-ASN - DigitalOcean, LLC, US)"
phantomapp-com01i.mail.protection.outlook.com,1,"AS8075 (MICROSOFT-CORP-MSN-AS-BLOCK - Microsoft Corporation, US)"
mail.phantasmail.com,1,"AS12586 (ASGHOSTNET, DE)"
mail.myinbox21.shop,1,"AS51167 (CONTABO, DE)"
mail.multiartmail.ru,1,"AS12586 (ASGHOSTNET, DE)"
mail9.mymailcheap.com,1,"AS16276 (OVH, FR)"
mail.phantasmaebml.ru,1,"AS12586 (ASGHOSTNET, DE)"
mx1.myimail.bid,1,"AS200107 (KL-EXT, CH)"
mx2.myhost.trade,1,"AS200107 (KL-EXT, CH)"
mykidsfuture.com,1,"AS14061 (DIGITALOCEAN-ASN - DigitalOcean, LLC, US)"
mail.phanemails.ru,1,"AS12586 (ASGHOSTNET, DE)"
mail.pharisaicmail.com,1,"AS12586 (ASGHOSTNET, DE)"
mail.pharmacologimfri.com,1,"AS12586 (ASGHOSTNET, DE)"
mx1.myinbox.icu,1,"AS200107 (KL-EXT, CH)"
mail.phanerofmail.ru,1,"AS12586 (ASGHOSTNET, DE)"
mail.pharmacoml.ru,1,"AS12586 (ASGHOSTNET, DE)"
mail.pharyngomail.com,1,"AS12586 (ASGHOSTNET, DE)"
mail.pharmacologifmail.ru,1,"AS12586 (ASGHOSTNET, DE)"
mail.pharmamails.ru,1,"AS12586 (ASGHOSTNET, DE)"
mail.pharyngotonmalu.ru,1,"AS12586 (ASGHOSTNET, DE)"
mail.pharyngopalfmail.ru,1,"AS12586 (ASGHOSTNET, DE)"
mail0001.myk-pyk.eu,1,"AS24940 (HETZNER-AS, DE)"
mail.pharyngoepigmy.com,1,"AS12586 (ASGHOSTNET, DE)"
mail.pharyngoesopolml.ru,1,"AS12586 (ASGHOSTNET, DE)"
mail.myliomail.ru,1,"AS12586 (ASGHOSTNET, DE)"
mymail90.com,1,"AS47583 (AS-HOSTINGER, CY)"
mail.mymailnow.store,1,"AS24940 (HETZNER-AS, DE)"
mail.mylovezya.my.id,1,"AS45102 (ALIBABA-CN-NET Alibaba US Technology Co., Ltd., CN)"
mail.mylenobl.ru,1,"AS197695 (AS-REG, RU)"
mail.mymailoasis.com,1,"AS14061 (DIGITALOCEAN-ASN - DigitalOcean, LLC, US)"
smtp.mylolis.top,1,"AS61112 (AkileCloud Network, GB)"
mail.phenomenolsemail.com,1,"AS12586 (ASGHOSTNET, DE)"
mail.phenomenmfri.com,1,"AS12586 (ASGHOSTNET, DE)"
mymarketinguniversity.com,1,"AS30475 (WEHOSTWEBSITES-COM - Handy Networks, LLC, US)"
pgslot78.net,1,"AS31898 (ORACLE-BMC-31898 - Oracle Corporation, US)"
mymailhub.pro,1,"AS49467 (EUROTA-ASN EUROTA INTERNET SERVICES LTD, TR)"
phillies1-com.mail.protection.outlook.com,1,"AS8075 (MICROSOFT-CORP-MSN-AS-BLOCK - Microsoft Corporation, US)"
mail.phenorsmail.ru,1,"AS12586 (ASGHOSTNET, DE)"
mail.philanthropfml.com,1,"AS12586 (ASGHOSTNET, DE)"
mxicorpa.craigslist.org,1,"AS22414 (CRAIGS-NET-1 - Craigslist, Inc., US)"
d161553a.ess.barracudanetworks.com,1,"AS16509 (AMAZON-02 - Amazon.com, Inc., US)"
mail.phenylket.ru,1,"AS12586 (ASGHOSTNET, DE)"
myannuityadvisors-com.mail.protection.outlook.com,1,"AS8075 (MICROSOFT-CORP-MSN-AS-BLOCK - Microsoft Corporation, US)"
mynanaimohomes.com,1,
mail.philoprogenfmals.com,1,"AS12586 (ASGHOSTNET, DE)"
mymailbox.xxl.st,1,"AS16276 (OVH, FR)"
mail.philosophmail.com,1,"AS132203 (TENCENT-NET-AP-CN Tencent Building, Kejizhongyi Avenue, CN)"
mail.philosophfmals.com,1,"AS12586 (ASGHOSTNET, DE)"
mail.mynetstore.de,1,"AS24940 (HETZNER-AS, DE)"
mx2.mymymymail.com,1,"AS200107 (KL-EXT, CH)"
mx1.mymymymail.net,1,"AS200107 (KL-EXT, CH)"
mx15.ukraine.com.ua,1,"AS200000 (UKRAINE-AS, UA)"
myasthemail.ru,1,"AS213702 (QWINS-LTD QWINS AS-SET: ~ # AS213702:AS-CUSTOMERS, GB)"
mail.philosomali.ru,1,"AS12586 (ASGHOSTNET, DE)"
mail.myexclusivemadosils.com,1,"AS202448 (MVPS www.mvps.net, CY)"
mymail.infos.st,1,"AS16276 (OVH, FR)"
mail.phlebecmil.ru,1,"AS12586 (ASGHOSTNET, DE)"
phonex-com.mail.protection.outlook.com,1,
mail.myntora.cfd,1,"AS203446 (AS203446, GB)"
mail.myocofmail.ru,1,"AS12586 (ASGHOSTNET, DE)"
mail.phocomgmail.ru,1,"AS12586 (ASGHOSTNET, DE)"
mail.myodiemail.ru,1,"AS12586 (ASGHOSTNET, DE)"
mail.personarsmail.ru,1,"AS12586 (ASGHOSTNET, DE)"
mypup-nl.mail.protection.outlook.com,1,"AS8075 (MICROSOFT-CORP-MSN-AS-BLOCK - Microsoft Corporation, US)"
mail.personifrsmail.ru,1,"AS12586 (ASGHOSTNET, DE)"
mail.phonocardml.ru,1,"AS12586 (ASGHOSTNET, DE)"
mx.mybestmailbox.com,1,"AS16276 (OVH, FR)"
mail.photocoainf.com,1,"AS12586 (ASGHOSTNET, DE)"
mail.photodissoc.com,1,"AS12586 (ASGHOSTNET, DE)"
mail.phonocarmalu.ru,1,"AS12586 (ASGHOSTNET, DE)"
mail.photobmail.ru,1,"AS12586 (ASGHOSTNET, DE)"
mail.photodissmali.ru,1,"AS12586 (ASGHOSTNET, DE)"
mail.photomicr.com,1,"AS12586 (ASGHOSTNET, DE)"
mail.phosphatidylml.ru,1,"AS12586 (ASGHOSTNET, DE)"
mail.photochrfml.com,1,"AS12586 (ASGHOSTNET, DE)"
mail.photochronomail.ru,1,"AS12586 (ASGHOSTNET, DE)"
mail.photoaemail.ru,1,"AS12586 (ASGHOSTNET, DE)"
mail.photoautomail.ru,1,"AS12586 (ASGHOSTNET, DE)"
mail.photobeactruby.ru,1,"AS12586 (ASGHOSTNET, DE)"
mail.photokfmk.com,1,"AS12586 (ASGHOSTNET, DE)"
photomorphmail.com,1,"AS213702 (QWINS-LTD QWINS AS-SET: ~ # AS213702:AS-CUSTOMERS, GB)"
mail.photomeemail.ru,1,"AS12586 (ASGHOSTNET, DE)"
mail.phosphofructmail.com,1,"AS132203 (TENCENT-NET-AP-CN Tencent Building, Kejizhongyi Avenue, CN)"
mail.myrtherwallet.com,1,"AS45839 (SHINJIRU-MY-AS-AP Shinjiru Technology Sdn Bhd, MY)"
mail.photograpfml.ru,1,"AS12586 (ASGHOSTNET, DE)"
mail.photographme.ru,1,"AS12586 (ASGHOSTNET, DE)"
mail.photoelectmail.ru,1,"AS12586 (ASGHOSTNET, DE)"
phse-com.mail.protection.outlook.com,1,"AS8075 (MICROSOFT-CORP-MSN-AS-BLOCK - Microsoft Corporation, US)"
mail.photolithoemail.ru,1,"AS12586 (ASGHOSTNET, DE)"
myrecovery.casa,1,"AS22612 (NAMECHEAP-NET - Namecheap, Inc., US)"
mail.photomicrsmail.ru,1,"AS12586 (ASGHOSTNET, DE)"
m.myse5.com,1,"AS401696 (COGNETCLOUD - cognetcloud INC, US)"
mail.photomicrmails.ru,1,"AS12586 (ASGHOSTNET, DE)"
mail.philipposflavors.com,1,"AS29066 (VELIANET-AS velia.net Internetdienste GmbH, DE)"
mail.photommails.ru,1,"AS12586 (ASGHOSTNET, DE)"
mail.myriolmail.ru,1,"AS12586 (ASGHOSTNET, DE)"
mail.phototypesfkml.ru,1,"AS12586 (ASGHOSTNET, DE)"
mail.photolymail.ru,1,"AS12586 (ASGHOSTNET, DE)"
mail.mymailbox.top,1,"AS19437 (SS-ASH - SECURED SERVERS LLC, US)"
mail.phototelefml.ru,1,"AS12586 (ASGHOSTNET, DE)"
myskaltech.com,1,
mail.myrmecolmail.ru,1,"AS12586 (ASGHOSTNET, DE)"
bak002.phugruphy.com,1,"AS14061 (DIGITALOCEAN-ASN - DigitalOcean, LLC, US)"
mail.phronemomail.ru,1,"AS12586 (ASGHOSTNET, DE)"
mail2,1,
mail.pherrex.com,1,"AS24940 (HETZNER-AS, DE)"
dmarc.phyopoc.com,1,"AS14061 (DIGITALOCEAN-ASN - DigitalOcean, LLC, US)"
mail.phytosuccmalis.com,1,"AS12586 (ASGHOSTNET, DE)"
mail.physicocmail.ru,1,"AS12586 (ASGHOSTNET, DE)"
myself.fr.nf,1,"AS16276 (OVH, FR)"
mail.phylactomail.ru,1,"AS12586 (ASGHOSTNET, DE)"
mail.physiograpmail.ru,1,"AS12586 (ASGHOSTNET, DE)"
mail.mytemails.com,1,"AS24940 (HETZNER-AS, DE)"
mail.physiognomail.com,1,"AS12586 (ASGHOSTNET, DE)"
pianounlimited.com,1,"AS60781 (LEASEWEB-NL-AMS-01 Netherlands, NL)"
mail.phytosumail.ru,1,"AS12586 (ASGHOSTNET, DE)"
mail.phylemail.ru,1,"AS12586 (ASGHOSTNET, DE)"
mail.physiognoml.ru,1,"AS12586 (ASGHOSTNET, DE)"
physiothemail.com,1,"AS213702 (QWINS-LTD QWINS AS-SET: ~ # AS213702:AS-CUSTOMERS, GB)"
mail.physiochmail.ru,1,"AS12586 (ASGHOSTNET, DE)"
mail.phytopathome.ru,1,"AS12586 (ASGHOSTNET, DE)"
mail.mytrashmailr.com,1,"AS47583 (AS-HOSTINGER, CY)"
mail.piaemail.ru,1,"AS12586 (ASGHOSTNET, DE)"
mail.mytrashmailer.com,1,"AS20473 (AS-VULTR - The Constant Company, LLC, US)"
mail.mythologiomail.com,1,"AS12586 (ASGHOSTNET, DE)"
mail.phytemail.ru,1,"AS12586 (ASGHOSTNET, DE)"
mail.physiothmalu.ru,1,"AS12586 (ASGHOSTNET, DE)"
mx6.pichosti.info,1,
mx2.emailsrvr.com,1,"AS19994 (RACKSPACE - Rackspace Hosting, US)"
mprdmxin.myway.co.uk,1,"AS53316 (ASN-CHEETA-MAIL - CHEETAHMAIL, US)"
mail.mytanks.ru,1,"AS9123 (TIMEWEB-AS, RU)"
relay.paglusch.com,1,"AS212317 (HETZNER-CLOUD3-AS, DE)"
mail1.mytrashmail.com,1,"AS44418 (BITDEFENDER-AS, RO)"
mail.piala188.com,1,"AS9808 (CHINAMOBILE-CN China Mobile Communications Group Co., Ltd., CN)"
myukemail.com,1,"AS47583 (AS-HOSTINGER, CY)"
mail.mytherwallet.com,1,"AS45839 (SHINJIRU-MY-AS-AP Shinjiru Technology Sdn Bhd, MY)"
myus-com.mail.protection.outlook.com,1,"AS8075 (MICROSOFT-CORP-MSN-AS-BLOCK - Microsoft Corporation, US)"
mx2.pickadulttoys.com,1,"AS200107 (KL-EXT, CH)"
piaskowanie24.pl,1,"AS39566 (AS-SMARTHOST-, PL)"
mail.myxentra.cfd,1,"AS203446 (AS203446, GB)"
picsedate.com,1,"AS14061 (DIGITALOCEAN-ASN - DigitalOcean, LLC, US)"
mail.pidge.cfd,1,"AS24940 (HETZNER-AS, DE)"
mail.mywtherwallet.com,1,"AS45839 (SHINJIRU-MY-AS-AP Shinjiru Technology Sdn Bhd, MY)"
mail.myxobmail.ru,1,"AS12586 (ASGHOSTNET, DE)"
mx1.elorahub.news,1,
mail.porencepmil.ru,1,"AS12586 (ASGHOSTNET, DE)"
mzwallace-com.mail.protection.outlook.com,1,"AS8075 (MICROSOFT-CORP-MSN-AS-BLOCK - Microsoft Corporation, US)"
aurinkoinen.halinalle.net,1,"AS24940 (HETZNER-AS, DE)"
n-system.com,1,"AS9371 (SAKURA-C SAKURA Internet Inc., JP)"
mybentek-com.mail.protection.outlook.com,1,
mail.pii.at,1,"AS8560 (IONOS-AS This is the joint network for IONOS, Fasthosts, Arsys, 1&1 Mail and Media and 1&1 Telecom. Formerly known as 1&1 Internet SE., DE)"
piletaparvaz.com,1,"AS48715 (SEFROYEKPARDAZENG-AS Sefroyek Pardaz Engineering Company, IR)"
pornstarhdporn.com,1,"AS63949 (AKAMAI-LINODE-AP Akamai Connected Cloud, SG)"
n2everything-com.mail.protection.outlook.com,1,"AS8075 (MICROSOFT-CORP-MSN-AS-BLOCK - Microsoft Corporation, US)"
n1c-info.mail.protection.outlook.com,1,"AS8075 (MICROSOFT-CORP-MSN-AS-BLOCK - Microsoft Corporation, US)"
mx.n2antiques.com,1,"AS29873 (BIZLAND-SD - Newfold Digital, Inc., US)"
mail.n2medicine.com,1,"AS398101 (GO-DADDY-COM-LLC - GoDaddy.com, LLC, US)"
n2crafts-com.mail.protection.outlook.com,1,"AS8075 (MICROSOFT-CORP-MSN-AS-BLOCK - Microsoft Corporation, US)"
n2fun-com.mail.protection.outlook.com,1,"AS8075 (MICROSOFT-CORP-MSN-AS-BLOCK - Microsoft Corporation, US)"
mail15.serv00.com,1,"AS197226 (SPRINT-SDC, PL)"
mail.piletaparvaz.ir,1,"AS48715 (SEFROYEKPARDAZENG-AS Sefroyek Pardaz Engineering Company, IR)"
n2rocknroll.com,1,"AS20068 (HAWKHOST - Hawk Host Inc., CA)"
eve.buynlarge.net,1,"AS24940 (HETZNER-AS, DE)"
mx1.n2fords.com,1,"AS16509 (AMAZON-02 - Amazon.com, Inc., US)"
mx1.n2knitting.com,1,"AS16509 (AMAZON-02 - Amazon.com, Inc., US)"
mail01.n2money.com,1,"AS36351 (SOFTLAYER - IBM Cloud, US)"
n2texas.com,1,"AS46606 (UNIFIEDLAYER-AS-1 - Unified Layer, US)"
mx1.n2birds.com,1,"AS16509 (AMAZON-02 - Amazon.com, Inc., US)"
mx1.n2choir.com,1,"AS16509 (AMAZON-02 - Amazon.com, Inc., US)"
mx1.n2stockcars.com,1,"AS16509 (AMAZON-02 - Amazon.com, Inc., US)"
mx1.n2dinosaurs.com,1,"AS16509 (AMAZON-02 - Amazon.com, Inc., US)"
mx1.n2california.com,1,"AS16509 (AMAZON-02 - Amazon.com, Inc., US)"
mycommodities.space,1,"AS49981 (WORLDSTREAM, NL)"
mx1.n2trouble.com,1,"AS16509 (AMAZON-02 - Amazon.com, Inc., US)"
mx1.n2acting.com,1,"AS16509 (AMAZON-02 - Amazon.com, Inc., US)"
mx1.n2archery.com,1,"AS16509 (AMAZON-02 - Amazon.com, Inc., US)"
mail.n2pc.com,1,"AS16556 (TOTALCHOICE-HOSTING - TotalChoice Hosting, LLC, US)"
mail.n88i.space,1,"AS22612 (NAMECHEAP-NET - Namecheap, Inc., US)"
mx1.n2mustangs.com,1,"AS16509 (AMAZON-02 - Amazon.com, Inc., US)"
mx1.n2chevies.com,1,"AS16509 (AMAZON-02 - Amazon.com, Inc., US)"
mx1.n2track.com,1,"AS16509 (AMAZON-02 - Amazon.com, Inc., US)"
mx1.n2cmt.com,1,"AS16509 (AMAZON-02 - Amazon.com, Inc., US)"
_dc-mx.f0a0f880fd09.na-start.com,1,"AS14061 (DIGITALOCEAN-ASN - DigitalOcean, LLC, US)"
spf0pyh.pinevalleytel.com,1,"AS14061 (DIGITALOCEAN-ASN - DigitalOcean, LLC, US)"
mx1.n2sun.com,1,"AS16509 (AMAZON-02 - Amazon.com, Inc., US)"
mx1.pinemaile.com,1,"AS200107 (KL-EXT, CH)"
mx1.n2wildlife.com,1,"AS16509 (AMAZON-02 - Amazon.com, Inc., US)"
na-drakeintl-com.mail.protection.outlook.com,1,"AS8075 (MICROSOFT-CORP-MSN-AS-BLOCK - Microsoft Corporation, US)"
mtavwpb.pinevalleyspeed.com,1,"AS14061 (DIGITALOCEAN-ASN - DigitalOcean, LLC, US)"
na-cat.com,1,"AS7506 (INTERQ GMO Internet Group, Inc., JP)"
mail.pinicho.us.to,1,"AS57269 (DIGISPAINTELECOM, ES)"
mail.pilomaterial57.ru,1,"AS44094 (WEBHOST1-AS, RU)"
mx.phreaker.net,1,
mx1.n8.gs,1,"AS24940 (HETZNER-AS, DE)"
pintapartners-com.mail.protection.outlook.com,1,"AS8075 (MICROSOFT-CORP-MSN-AS-BLOCK - Microsoft Corporation, US)"
mail.nacho.pw,1,"AS16276 (OVH, FR)"
mail.piogroup.software,1,"AS49824 (ACTPA-AS Astra LLC, UA)"
mail.nacion.com.mx,1,"AS3842 (RAMNODE - InMotion Hosting, Inc., US)"
mail.na-beregah-kryma.ru,1,"AS197695 (AS-REG, RU)"
pilomaterialy32.ru,1,"AS204601 (PODAON, NL)"
pioneex-com.mail.protection.outlook.com,1,"AS8075 (MICROSOFT-CORP-MSN-AS-BLOCK - Microsoft Corporation, US)"
n7ob.com,1,"AS24940 (HETZNER-AS, DE)"
mail.pinocytemail.ru,1,"AS12586 (ASGHOSTNET, DE)"
mail.philosmail.ru,1,"AS12586 (ASGHOSTNET, DE)"
philosophyofindia.com,1,"AS24940 (HETZNER-AS, DE)"
mxa-002dbe01.gslb.pphosted.com,1,"AS22843 (PROOFPOINT-ASN-US-EAST - Proofpoint, Inc., US)"
_dc-mx.7cec0cdaf2da.phoenixgreenvillesinn.com,1,"AS46606 (UNIFIEDLAYER-AS-1 - Unified Layer, US)"
box.mailingdesk.com,1,"AS63949 (AKAMAI-LINODE-AP Akamai Connected Cloud, SG)"
mail.myodiamail.ru,1,"AS12586 (ASGHOSTNET, DE)"
phoenixstyle.com,1,"AS36351 (SOFTLAYER - IBM Cloud, US)"
mail.pionexs.com,1,"AS46606 (UNIFIEDLAYER-AS-1 - Unified Layer, US)"
mail.phoeniml.ru,1,"AS12586 (ASGHOSTNET, DE)"
mail.myopmail.com,1,"AS6389 (BELLSOUTH-NET-BLK - AT&T Enterprises, LLC, US)"
w00c4076.kasserver.com,1,"AS34788 (NMM-AS D - 02742 Friedersdorf Hauptstrasse 68, DE)"
mail.phonofml.ru,1,"AS12586 (ASGHOSTNET, DE)"
mail.phonogramail.com,1,"AS12586 (ASGHOSTNET, DE)"
mail.photoelastmail.ru,1,"AS12586 (ASGHOSTNET, DE)"
malibuzz.pitonresources.org,1,"AS51167 (CONTABO, DE)"
mail.photodisintegmy.com,1,"AS12586 (ASGHOSTNET, DE)"
mail.pipiska6879.cf,1,"AS51167 (CONTABO, DE)"
mail.pisem.net,1,"AS58051 (ZUME, GB)"
mail.pistolcrockett.com,1,"AS46606 (UNIFIEDLAYER-AS-1 - Unified Layer, US)"
west-mail2.pirkong.com,1,"AS14061 (DIGITALOCEAN-ASN - DigitalOcean, LLC, US)"
mail.phosphofructokmail.ru,1,"AS12586 (ASGHOSTNET, DE)"
mail.pisciculmail.ru,1,"AS12586 (ASGHOSTNET, DE)"
piscosf.com,1,"AS58487 (CRI-AS-AP CV. Rumahweb Indonesia, ID)"
mail.najlepszeprzeprowadzki.pl,1,"AS41079 (CF-GDA, PL)"
pitimail.xxl.st,1,"AS16276 (OVH, FR)"
mail.nakedtruth.biz,1,"AS15456 (INTERNETX-AS, DE)"
mail.namemaker.online,1,"AS51167 (CONTABO, DE)"
mx1.pixelrate.site,1,"AS200107 (KL-EXT, CH)"
mail.nalizatiomail.ru,1,"AS12586 (ASGHOSTNET, DE)"
mx.pjmanufacturing.com,1,"AS14061 (DIGITALOCEAN-ASN - DigitalOcean, LLC, US)"
argw.fsi.ne.jp,1,"AS23824 (FUTURE Future Spirits Co.,Ltd., JP)"
mail.nanoware.store,1,"AS16276 (OVH, FR)"
nanozone-net.mail.protection.outlook.com,1,"AS8075 (MICROSOFT-CORP-MSN-AS-BLOCK - Microsoft Corporation, US)"
_dc-mx.48e0df320fda.pkmail.site,1,"AS24940 (HETZNER-AS, DE)"
pk2s.com,1,"AS53767 (ICASTCENTER - iCastCenter, US)"
mail.nam.su,1,"AS29182 (RU-JSCIOT, RU)"
aeris.myserverhosts.com,1,"AS46606 (UNIFIEDLAYER-AS-1 - Unified Layer, US)"
napabenefits-org01b.mail.protection.outlook.com,1,"AS8075 (MICROSOFT-CORP-MSN-AS-BLOCK - Microsoft Corporation, US)"
mx0.nardi-furniture.com,1,"AS6364 (ATLANTIC-NET-1 - Atlantic.net, Inc., US)"
mail.narcoanfl.com,1,"AS12586 (ASGHOSTNET, DE)"
nashagencyinsurance-com.mail.protection.outlook.com,1,"AS8075 (MICROSOFT-CORP-MSN-AS-BLOCK - Microsoft Corporation, US)"
s2927.can1.stableserver.net,1,"AS36218 (WHG-CAN, GB)"
mail.narcoaml.ru,1,"AS12586 (ASGHOSTNET, DE)"
mail.placeright.ru,1,"AS210079 (EUROBYTE, RU)"
mx.nashvillequote.com,1,"AS29873 (BIZLAND-SD - Newfold Digital, Inc., US)"
planetu-agency.mail.protection.outlook.com,1,"AS8075 (MICROSOFT-CORP-MSN-AS-BLOCK - Microsoft Corporation, US)"
mail.narcissisml.ru,1,"AS12586 (ASGHOSTNET, DE)"
mail.nastase.ddnsfree.com,1,"AS8708 (DIGI-ROMANIA 75 Dr. Staicovici, RO)"
nationwidedebtconsultants-co-uk.mail.protection.outlook.com,1,"AS8075 (MICROSOFT-CORP-MSN-AS-BLOCK - Microsoft Corporation, US)"
nationwido-com.mail.protection.outlook.com,1,"AS8075 (MICROSOFT-CORP-MSN-AS-BLOCK - Microsoft Corporation, US)"
mail.plasmoemail.ru,1,"AS12586 (ASGHOSTNET, DE)"
mail.nationamail.com,1,"AS12586 (ASGHOSTNET, DE)"
mail.platituinf.com,1,"AS12586 (ASGHOSTNET, DE)"
mail.natiret.com,1,"AS14061 (DIGITALOCEAN-ASN - DigitalOcean, LLC, US)"
mx6.plavixprime.com,1,
mx1.nate.com,1,"AS4792 (NATECOMMS-AS-KR NATE Communications Corporation, KR)"
mail.platinrsmail.ru,1,"AS12586 (ASGHOSTNET, DE)"
nationwire.com,1,"AS46606 (UNIFIEDLAYER-AS-1 - Unified Layer, US)"
mail.nativejo.ru,1,"AS12586 (ASGHOSTNET, DE)"
_dc-mx.961d83866f0d.naturalstonetables.com,1,"AS40476 (SCALAHOSTING - Scala Hosting LLC, US)"
bound.natuanal.com,1,"AS14061 (DIGITALOCEAN-ASN - DigitalOcean, LLC, US)"
mail.naturaemail.ru,1,"AS12586 (ASGHOSTNET, DE)"
mail.playfulmail.com,1,"AS12586 (ASGHOSTNET, DE)"
malibuzz.navendazanist.net,1,"AS51167 (CONTABO, DE)"
mail.playmtv.com,1,"AS397373 (H4Y-TECHNOLOGIES - H4Y Technologies LLC, US)"
mxa-001d1709.gslb.pphosted.com,1,"AS52129 (PROOFPOINT-ASN-EU, US)"
_dc-mx.39d9cc8f1c59.nav.urgntx.com,1,"AS46261 (QUICKPACKET - QuickPacket, LLC, US)"
nautiq-de.mail.protection.outlook.com,1,"AS8075 (MICROSOFT-CORP-MSN-AS-BLOCK - Microsoft Corporation, US)"
mail.plaync.xyz,1,"AS132203 (TENCENT-NET-AP-CN Tencent Building, Kejizhongyi Avenue, CN)"
mail.phonghoithao.net,1,"AS16276 (OVH, FR)"
mail.omnipotent.net,1,"AS40475 (APPLIEDOPS - Applied Operations, LLC, US)"
mail.pleasewait.icu,1,"AS202412 (OMEGATECH-AS, SC)"
mail.plenoryx.cfd,1,"AS203446 (AS203446, GB)"
mx.nayobok.net,1,"AS14061 (DIGITALOCEAN-ASN - DigitalOcean, LLC, US)"
mail.plesiomail.ru,1,"AS12586 (ASGHOSTNET, DE)"
mail.pleuroperis.com,1,"AS12586 (ASGHOSTNET, DE)"
mail.pleuroperimail.com,1,"AS12586 (ASGHOSTNET, DE)"
mail.pleuropersmail.ru,1,"AS12586 (ASGHOSTNET, DE)"
mail.plethysmogrtomail.com,1,"AS12586 (ASGHOSTNET, DE)"
mail.pleuropneumail.ru,1,"AS12586 (ASGHOSTNET, DE)"
malibuzz.ncaaomg.com,1,"AS51167 (CONTABO, DE)"
nc-com.mail.protection.outlook.com,1,"AS8075 (MICROSOFT-CORP-MSN-AS-BLOCK - Microsoft Corporation, US)"
playtubes.net,1,"AS23470 (RELIABLESITE - ReliableSite.Net LLC, US)"
mail.plockton.net,1,"AS63949 (AKAMAI-LINODE-AP Akamai Connected Cloud, SG)"
ncced.org,1,"AS14061 (DIGITALOCEAN-ASN - DigitalOcean, LLC, US)"
mail-smtp.ployerem.com,1,"AS14061 (DIGITALOCEAN-ASN - DigitalOcean, LLC, US)"
50.47.186.142,1,
mail.plumdrop.xyz,1,"AS19318 (IS-AS-1 - Interserver, Inc, US)"
plusance.com,1,"AS47583 (AS-HOSTINGER, CY)"
mail.temp-code.xyz,1,"AS135932 (VNDATA-AS-VN Viet Storage Technology Joint Stock Company, VN)"
mail.pissmail.com,1,"AS51167 (CONTABO, DE)"
nadmorzem.com,1,"AS29522 (CF-KRK, PL)"
mx6.plusonefactory.com,1,
plp2.com,1,"AS24940 (HETZNER-AS, DE)"
mail.pliquid.com,1,"AS20647 (IPB IPB Internet Provider in Berlin GmbH, DE)"
mail.ndarseyco.com,1,"AS47583 (AS-HOSTINGER, CY)"
mail.plurilafml.ru,1,"AS12586 (ASGHOSTNET, DE)"
mail.ncsar.com,1,"AS14061 (DIGITALOCEAN-ASN - DigitalOcean, LLC, US)"
_dc-mx.61fd30c77f72.pmail.site,1,"AS24940 (HETZNER-AS, DE)"
ncta-com.mail.protection.outlook.com,1,"AS8075 (MICROSOFT-CORP-MSN-AS-BLOCK - Microsoft Corporation, US)"
mail.photojournebml.ru,1,"AS12586 (ASGHOSTNET, DE)"
_dc-mx.d3f24f438bee.plymouthhalfmarathon.com,1,"AS38623 (VIETTELCAMBODIA-AS-AP ISPIXP IN CAMBODIA WITH THE BEST VERVICE IN THERE., KH)"
pmaconsultants-com.mail.protection.outlook.com,1,"AS8075 (MICROSOFT-CORP-MSN-AS-BLOCK - Microsoft Corporation, US)"
pmc-com.mail.protection.outlook.com,1,"AS8075 (MICROSOFT-CORP-MSN-AS-BLOCK - Microsoft Corporation, US)"
mx.pmheating.com,1,"AS51167 (CONTABO, DE)"
plumber-thatcham.co.uk,1,"AS42831 (UKSERVERS-AS UK Dedicated Servers, Hosting and Co-Location, GB)"
jp1.fcomet.com,1,"AS63949 (AKAMAI-LINODE-AP Akamai Connected Cloud, SG)"
wget.ge,1,
mail.pmail.asia,1,"AS16276 (OVH, FR)"
ndsconnect.no.test-google-a.com,1,
pmsvs-com.mail.protection.outlook.com,1,"AS8075 (MICROSOFT-CORP-MSN-AS-BLOCK - Microsoft Corporation, US)"
mail.nakedgirlsass.com,1,"AS56485 (THEHOST-AS, UA)"
pnb-com.mail.protection.outlook.com,1,"AS8075 (MICROSOFT-CORP-MSN-AS-BLOCK - Microsoft Corporation, US)"
mail.plutus.family,1,"AS25504 (CRONON-AS Obermuensterstr. 9, DE)"
neamb-com.mail.protection.outlook.com,1,"AS8075 (MICROSOFT-CORP-MSN-AS-BLOCK - Microsoft Corporation, US)"
mail.narekvor.com,1,"AS216071 (VDSINA, AE)"
pncu-com.mail.protection.outlook.com,1,"AS8075 (MICROSOFT-CORP-MSN-AS-BLOCK - Microsoft Corporation, US)"
mxb-000ade01.gslb.pphosted.com,1,"AS22843 (PROOFPOINT-ASN-US-EAST - Proofpoint, Inc., US)"
pncj-com.mail.protection.outlook.com,1,"AS8075 (MICROSOFT-CORP-MSN-AS-BLOCK - Microsoft Corporation, US)"
mail.nebulatools.pro,1,
smtp2.sfr.com,1,"AS15557 (LDCOMNET --- I3Dnet ---, FR)"
d237003.a.ess.uk.barracudanetworks.com,1,"AS16509 (AMAZON-02 - Amazon.com, Inc., US)"
mxb-0019ba01.gslb.pphosted.com,1,"AS22843 (PROOFPOINT-ASN-US-EAST - Proofpoint, Inc., US)"
pnco-com.mail.protection.outlook.com,1,"AS8075 (MICROSOFT-CORP-MSN-AS-BLOCK - Microsoft Corporation, US)"
pnf-com.mail.protection.outlook.com,1,"AS8075 (MICROSOFT-CORP-MSN-AS-BLOCK - Microsoft Corporation, US)"
mail.pneumatotsalo.ru,1,"AS12586 (ASGHOSTNET, DE)"
mail.pneumoperimy.com,1,"AS12586 (ASGHOSTNET, DE)"
mail.roylenferink.com,1,"AS15435 (KABELFOON DELTA Fiber Nederland, NL)"
mail.neclipspui.com,1,"AS47583 (AS-HOSTINGER, CY)"
mail.pneumatifml.ru,1,"AS12586 (ASGHOSTNET, DE)"
east.smtp.mx.exch026.serverdata.net,1,"AS16406 (AS-INTERMEDIA - Intermedia.net, Inc., US)"
mail.pneumasalo.ru,1,"AS12586 (ASGHOSTNET, DE)"
mail.necub.com,1,"AS63949 (AKAMAI-LINODE-AP Akamai Connected Cloud, SG)"
pneumoiosismail.com,1,"AS213702 (QWINS-LTD QWINS AS-SET: ~ # AS213702:AS-CUSTOMERS, GB)"
mail.pmeshki.ru,1,"AS29182 (RU-JSCIOT, RU)"
mail.pnc2.com,1,"AS44476 (ZETTA-AS, BG)"
mail.pneumoencepmail.ru,1,"AS12586 (ASGHOSTNET, DE)"
poc-com.mail.protection.outlook.com,1,"AS8075 (MICROSOFT-CORP-MSN-AS-BLOCK - Microsoft Corporation, US)"
_dc-mx.843a3be73f82.neert.com,1,"AS16276 (OVH, FR)"
mail.nehomesdeaf.org,1,"AS13335 (CLOUDFLARENET - Cloudflare, Inc., US)"
nationalvtc.com,1,"AS47583 (AS-HOSTINGER, CY)"
mail.pnpbiz.com,1,"AS3786 (LGDACOM LG DACOM Corporation, KR)"
mail.pococemail.ru,1,"AS12586 (ASGHOSTNET, DE)"
mail.podicrsmail.ru,1,"AS12586 (ASGHOSTNET, DE)"
poesie-de-nuit.com,1,"AS53589 (PLANETHOSTER-8 - PlanetHoster, CA)"
mail.pofarby.pl,1,"AS51167 (CONTABO, DE)"
gy70mx-domain.poemment.com,1,"AS14061 (DIGITALOCEAN-ASN - DigitalOcean, LLC, US)"
podam.pl,1,"AS16276 (OVH, FR)"
podium4sport-com.mail.protection.outlook.com,1,"AS8075 (MICROSOFT-CORP-MSN-AS-BLOCK - Microsoft Corporation, US)"
mail.poh.pp.ua,1,"AS16276 (OVH, FR)"
gate.nembors.com,1,"AS14061 (DIGITALOCEAN-ASN - DigitalOcean, LLC, US)"
mail.pokemail.net,1,"AS60781 (LEASEWEB-NL-AMS-01 Netherlands, NL)"
mail.neocomail.com,1,"AS12586 (ASGHOSTNET, DE)"
mail.pogonopfmail.ru,1,"AS12586 (ASGHOSTNET, DE)"
neocreative-com.mail.protection.outlook.com,1,"AS8075 (MICROSOFT-CORP-MSN-AS-BLOCK - Microsoft Corporation, US)"
mail.nematodruby.ru,1,"AS12586 (ASGHOSTNET, DE)"
mail.nematmail.ru,1,"AS12586 (ASGHOSTNET, DE)"
s135.cyber-folks.pl,1,"AS41079 (CF-GDA, PL)"
mail.neoconser.com,1,"AS12586 (ASGHOSTNET, DE)"
mail.neocolonifmals.com,1,"AS12586 (ASGHOSTNET, DE)"
mail.neighbour.co.uk,1,"AS24940 (HETZNER-AS, DE)"
mail.neogrammail.ru,1,"AS12586 (ASGHOSTNET, DE)"
mail1.neomailbox.com,1,"AS50613 (THORDC-AS, IS)"
pokemons1.fr.nf,1,"AS16276 (OVH, FR)"
fast3x.nepging.com,1,"AS14061 (DIGITALOCEAN-ASN - DigitalOcean, LLC, US)"
mail.poko.my,1,"AS44486 (SYNLINQ synlinq.de, DE)"
mail.nerdkul.com,1,"AS32097 (WII - WholeSale Internet, Inc., US)"
neptuneflood-com.mail.protection.outlook.com,1,"AS8075 (MICROSOFT-CORP-MSN-AS-BLOCK - Microsoft Corporation, US)"
fast3x.neowavehub.com,1,"AS14061 (DIGITALOCEAN-ASN - DigitalOcean, LLC, US)"
pokervizta.com,1,"AS59253 (LEASEWEB-APAC-SIN-11 LEASEWEB SINGAPORE PTE. LTD., SG)"
mail.nerio.cz,1,"AS24940 (HETZNER-AS, DE)"
mail.policemail.lol,1,"AS203446 (AS203446, GB)"
mail.polandychart.com,1,"AS9009 (M247, RO)"
mail.poker-texas.com.pl,1,"AS24940 (HETZNER-AS, DE)"
mail.policyofliberty.com,1,"AS34119 (WILDCARD-AS Wildcard UK Limited, GB)"
mail1.poky.ro,1,"AS44418 (BITDEFENDER-AS, RO)"
t1direct10.policiman.com,1,"AS14061 (DIGITALOCEAN-ASN - DigitalOcean, LLC, US)"
relay1.net.ua,1,"AS15800 (COORDINATOR-AS East-Ukrainian NIC, UA)"
mail.poliomyemail.ru,1,"AS12586 (ASGHOSTNET, DE)"
polkaarsenal-com.mail.protection.outlook.com,1,"AS8075 (MICROSOFT-CORP-MSN-AS-BLOCK - Microsoft Corporation, US)"
mail.nemail.ru,1,"AS8342 (RTCOMM-AS, RU)"
polkarsenal-com.mail.protection.outlook.com,1,"AS8075 (MICROSOFT-CORP-MSN-AS-BLOCK - Microsoft Corporation, US)"
mail.netfacc.com,1,"AS47583 (AS-HOSTINGER, CY)"
mx-asp.netaxistech.com,1,"AS14061 (DIGITALOCEAN-ASN - DigitalOcean, LLC, US)"
asl.h-e-s.de,1,"AS20676 (PLUSNET *****************, DE)"
mxrouter.netcombase.com,1,"AS14061 (DIGITALOCEAN-ASN - DigitalOcean, LLC, US)"
netchilee.cl,1,"AS64161 (GRUPO ZGH SPA, CL)"
mail.nbobd.com,1,"AS47583 (AS-HOSTINGER, CY)"
mail.polosmail.com,1,"AS12586 (ASGHOSTNET, DE)"
mail.rainmail.xyz,1,"AS20473 (AS-VULTR - The Constant Company, LLC, US)"
mail.polyacrymails.ru,1,"AS12586 (ASGHOSTNET, DE)"
mail.polynucmails.ru,1,"AS12586 (ASGHOSTNET, DE)"
mail.polychromatmail.com,1,"AS12586 (ASGHOSTNET, DE)"
mail.polychrommail.com,1,"AS12586 (ASGHOSTNET, DE)"
mail.polyemail.ru,1,"AS12586 (ASGHOSTNET, DE)"
mail.pokupai-mili.ru,1,"AS44094 (WEBHOST1-AS, RU)"
mail.polina777.ru,1,"AS29182 (RU-JSCIOT, RU)"
mail.polycotylmail.ru,1,"AS12586 (ASGHOSTNET, DE)"
mail.polyphonfmals.com,1,"AS12586 (ASGHOSTNET, DE)"
mail.polycotylemail.ru,1,"AS12586 (ASGHOSTNET, DE)"
mail.polyeemail.ru,1,"AS12586 (ASGHOSTNET, DE)"
pliz.fr.nf,1,"AS16276 (OVH, FR)"
mail1.polizei.nrw.de,1,"AS3320 (DTAG Internet service provider operations, DE)"
mail.polyplacemail.ru,1,"AS12586 (ASGHOSTNET, DE)"
mail.polyphonimfri.com,1,"AS12586 (ASGHOSTNET, DE)"
mail.polysylmail.ru,1,"AS12586 (ASGHOSTNET, DE)"
mail.polyplemail.ru,1,"AS12586 (ASGHOSTNET, DE)"
mail.polygaemail.ru,1,"AS12586 (ASGHOSTNET, DE)"
mail.polymastmail.ru,1,"AS12586 (ASGHOSTNET, DE)"
mail.netfli.com,1,"AS16509 (AMAZON-02 - Amazon.com, Inc., US)"
mail.netfxd.com,1,"AS14061 (DIGITALOCEAN-ASN - DigitalOcean, LLC, US)"
mail.polymermails.ru,1,"AS12586 (ASGHOSTNET, DE)"
mx.netins.net.cust.b.hostedemail.com,1,"AS32491 (TUCOWS-3 - Tucows.com Co., CA)"
mail.netlix.com,1,"AS398101 (GO-DADDY-COM-LLC - GoDaddy.com, LLC, US)"
mail.netinta.com,1,"AS14061 (DIGITALOCEAN-ASN - DigitalOcean, LLC, US)"
mx.ponibo.com.cust.b.hostedemail.com,1,"AS32491 (TUCOWS-3 - Tucows.com Co., CA)"
mail.polyunsamail.ru,1,"AS12586 (ASGHOSTNET, DE)"
pokerbet99.com,1,"AS44259 (ULTAHOST-AP-AS, US)"
mail.poo.email,1,"AS14061 (DIGITALOCEAN-ASN - DigitalOcean, LLC, US)"
mail.online.net,1,"AS12876 (Online SAS, FR)"
mail.polythmails.ru,1,"AS12586 (ASGHOSTNET, DE)"
netricity-nl.mail.protection.outlook.com,1,"AS8075 (MICROSOFT-CORP-MSN-AS-BLOCK - Microsoft Corporation, US)"
mx1.ponycloud.net,1,
mail.netgas.info,1,"AS16276 (OVH, FR)"
mail.netscapezs.com,1,"AS47583 (AS-HOSTINGER, CY)"
mail.nettojuku.xyz,1,"AS196645 (HOSTPRO-AS, UA)"
aksesemail.my.id,1,"AS141968 (IDNIC-IKADA-AS-ID PT Industri Kreatif Digital, ID)"
xroute.netsurferzone.com,1,"AS14061 (DIGITALOCEAN-ASN - DigitalOcean, LLC, US)"
poczta.pomoc.info.pl,1,"AS24940 (HETZNER-AS, DE)"
msn.netstreamcore.com,1,"AS14061 (DIGITALOCEAN-ASN - DigitalOcean, LLC, US)"
mx-stp.mail.saunalahti.fi,1,"AS719 (ELISA-AS ELISA OYJ, FI)"
smtp.popmail.io,1,"AS20115 (CHARTER-20115 - Charter Communications LLC, US)"
mx1.networksfs.com,1,"AS200107 (KL-EXT, CH)"
netvision.es,1,"AS48348 (CLOUDBUILDERS, ES)"
mail.neurolepmail.com,1,"AS12586 (ASGHOSTNET, DE)"
mail.neuroanatmail.com,1,"AS12586 (ASGHOSTNET, DE)"
mail.neuropamail.com,1,"AS12586 (ASGHOSTNET, DE)"
mail.neurodegeinf.com,1,"AS12586 (ASGHOSTNET, DE)"
mail.neurophli.com,1,"AS12586 (ASGHOSTNET, DE)"
networlds.online,1,"AS16276 (OVH, FR)"
mail.neurochoriomail.com,1,"AS12586 (ASGHOSTNET, DE)"
mail.netkozlam.ru,1,"AS9009 (M247, RO)"
mail.popsamail.com,1,"AS12586 (ASGHOSTNET, DE)"
mail.neuropsychmail.ru,1,"AS12586 (ASGHOSTNET, DE)"
mail.porshemail.com,1,"AS12586 (ASGHOSTNET, DE)"
mx2.popmaildf.com,1,"AS200107 (KL-EXT, CH)"
mail.nevadaibm.com,1,"AS47583 (AS-HOSTINGER, CY)"
mx20.013net.net,1,"AS1680 (NV-ASN CELLCOM ltd., IL)"
mail.porquemail.com,1,"AS12586 (ASGHOSTNET, DE)"
mail.neurofibmails.ru,1,"AS12586 (ASGHOSTNET, DE)"
mail.neuropamail.ru,1,"AS12586 (ASGHOSTNET, DE)"
mail.neuropsycmail.com,1,"AS12586 (ASGHOSTNET, DE)"
mail.neuroanaic.com,1,"AS12586 (ASGHOSTNET, DE)"
porphyromail.com,1,"AS213702 (QWINS-LTD QWINS AS-SET: ~ # AS213702:AS-CUSTOMERS, GB)"
mail.portal.academic.edu.rs,1,"AS16276 (OVH, FR)"
mail.porphyrimail.com,1,"AS12586 (ASGHOSTNET, DE)"
mail.neuroparamail.ru,1,"AS12586 (ASGHOSTNET, DE)"
mail.neurobiomail.ru,1,"AS12586 (ASGHOSTNET, DE)"
mail.neuropsychmalis.com,1,"AS12586 (ASGHOSTNET, DE)"
popol.fr.nf,1,"AS16276 (OVH, FR)"
mail.neuropsycrsmail.ru,1,"AS12586 (ASGHOSTNET, DE)"
mail.neverover.life,1,"AS203446 (AS203446, GB)"
mail.neurobimail.ru,1,"AS12586 (ASGHOSTNET, DE)"
newaddr.com,1,"AS7506 (INTERQ GMO Internet Group, Inc., JP)"
mx1.neusp.loan,1,"AS200107 (KL-EXT, CH)"
mail.portaldenoticias.top,1,"AS16276 (OVH, FR)"
newdelhi.io.vn,1,"AS20068 (HAWKHOST - Hawk Host Inc., CA)"
hubmike.com,1,"AS39287 (ABSTRACT, FI)"
mail.postdrop.cfd,1,"AS24940 (HETZNER-AS, DE)"
mail.post-shift.ru,1,"AS29182 (RU-JSCIOT, RU)"
mail.postencepfml.com,1,"AS12586 (ASGHOSTNET, DE)"
mx1.post123.site,1,"AS200107 (KL-EXT, CH)"
mail.postinbox.pw,1,"AS200303 (LUMASERV LUMASERV GmbH, DE)"
mail.postinbox.shop,1,"AS200303 (LUMASERV LUMASERV GmbH, DE)"
mail.postinbox.my,1,"AS200303 (LUMASERV LUMASERV GmbH, DE)"
mx1.twitter.com,1,"AS13414 (TWITTER - Twitter Inc., US)"
mail.postinbox.website,1,"AS200303 (LUMASERV LUMASERV GmbH, DE)"
mail.postmail.my,1,"AS214481 (WCZAPKOWICZ-AS as214481as-wczapkowicz Chunkserve Backbone Transit, PL)"
relay-avs.poste.it,1,"AS16509 (AMAZON-02 - Amazon.com, Inc., US)"
postm.net,1,"AS7506 (INTERQ GMO Internet Group, Inc., JP)"
mx6.newmedicforum.com,1,
mail.postrealy.cfd,1,"AS24940 (HETZNER-AS, DE)"
mail.postinbox.ru,1,"AS44486 (SYNLINQ synlinq.de, DE)"
postupstand-com.mail.protection.outlook.com,1,"AS8075 (MICROSOFT-CORP-MSN-AS-BLOCK - Microsoft Corporation, US)"
mxcluster-01.premium.mailwall.com,1,"AS20860 (IOMART-AS, GB)"
u15z9hmx-post.postnma.com,1,"AS14061 (DIGITALOCEAN-ASN - DigitalOcean, LLC, US)"
mail.poststream.cfd,1,"AS24940 (HETZNER-AS, DE)"
mail.postpositml.ru,1,"AS12586 (ASGHOSTNET, DE)"
mail.newross.net,1,"AS29550 (SIMPLYTRANSIT, GB)"
mail.postzygapmail.ru,1,"AS12586 (ASGHOSTNET, DE)"
mail.postzygapml.ru,1,"AS12586 (ASGHOSTNET, DE)"
mail.polytheistmail.ru,1,"AS12586 (ASGHOSTNET, DE)"
a113487.mx.mailhop.org,1,"AS16509 (AMAZON-02 - Amazon.com, Inc., US)"
east-mailmqkxyvj.potaance.com,1,"AS14061 (DIGITALOCEAN-ASN - DigitalOcean, LLC, US)"
mail.newpk.com,1,"AS45352 (IPSERVERONE-AS-AP IP ServerOne Solutions Sdn Bhd, MY)"
mail.potamog.ru,1,"AS12586 (ASGHOSTNET, DE)"
powerapps911-com.mail.protection.outlook.com,1,"AS8075 (MICROSOFT-CORP-MSN-AS-BLOCK - Microsoft Corporation, US)"
mail.newsoperator.com,1,"AS36444 (NEXCESS-NET - Liquid Web, L.L.C, US)"
mx6.newssportsjapan.com,1,
mail.postshift.ru,1,"AS29182 (RU-JSCIOT, RU)"
poubelle.fr.nf,1,"AS16276 (OVH, FR)"
mail.news21.top,1,"AS200019 (ALEXHOST, MD)"
mail.poww.me,1,"AS47583 (AS-HOSTINGER, CY)"
mxa-0030d301.gslb.pphosted.com,1,"AS26211 (PROOFPOINT-ASN-US-WEST - Proofpoint, Inc., US)"
mail.pox2.com,1,"AS14061 (DIGITALOCEAN-ASN - DigitalOcean, LLC, US)"
mx02.easyname.eu,1,"AS47692 (NESSUS, AT)"
mail.newtrea.com,1,"AS14061 (DIGITALOCEAN-ASN - DigitalOcean, LLC, US)"
monday.mxrouting.net,1,"AS46261 (QUICKPACKET - QuickPacket, LLC, US)"
newyorklife-com01i.mail.protection.outlook.com,1,"AS8075 (MICROSOFT-CORP-MSN-AS-BLOCK - Microsoft Corporation, US)"
mx2.hc5039-89.iphmx.com,1,"AS16417 (IRONPORT-SYSTEMS-INC - Cisco Systems Ironport Division, US)"
d300261a.ess.barracudanetworks.com,1,"AS16509 (AMAZON-02 - Amazon.com, Inc., US)"
mail.potolki-voronezh.ru,1,"AS29182 (RU-JSCIOT, RU)"
newyorkinjurynews.com,1,"AS32244 (LIQUIDWEB - Liquid Web, L.L.C, US)"
newyorklice-com.mail.protection.outlook.com,1,"AS8075 (MICROSOFT-CORP-MSN-AS-BLOCK - Microsoft Corporation, US)"
mail.pozycjonowanietop.pl,1,"AS50599 (Autonomous System for Dataspace P.S.A., PL)"
mail.nexentia.cfd,1,"AS203446 (AS203446, GB)"
newyork.io.vn,1,"AS20068 (HAWKHOST - Hawk Host Inc., CA)"
nexe-com.mail.protection.outlook.com,1,"AS8075 (MICROSOFT-CORP-MSN-AS-BLOCK - Microsoft Corporation, US)"
mail.nextstopvalhalla.com,1,"AS14061 (DIGITALOCEAN-ASN - DigitalOcean, LLC, US)"
nextgen365events-com.mail.protection.outlook.com,1,"AS8075 (MICROSOFT-CORP-MSN-AS-BLOCK - Microsoft Corporation, US)"
nextgenadmin-com.mail.protection.outlook.com,1,"AS8075 (MICROSOFT-CORP-MSN-AS-BLOCK - Microsoft Corporation, US)"
mail.nextmail.online,1,"AS51167 (CONTABO, DE)"
next.ovh,1,"AS397423 (TIER-NET - Tier.Net Technologies LLC, US)"
mail.powiekszaniepenisaxxl.pl,1,"AS47544 (IQPL-AS, PL)"
mail.nexusmail.cfd,1,"AS24940 (HETZNER-AS, DE)"
placebomail10.com,1,"AS51167 (CONTABO, DE)"
mail.pozycjanusz.pl,1,"AS47544 (IQPL-AS, PL)"
mail.nexterazone.click,1,"AS51167 (CONTABO, DE)"
mx2.next-mail.info,1,"AS200107 (KL-EXT, CH)"
mail.poyraz.biz,1,"AS210574 (POYRAZ, TR)"
mail.nfstripss.com,1,"AS47583 (AS-HOSTINGER, CY)"
mx2.networkapps.info,1,"AS200107 (KL-EXT, CH)"
mail.nexus388.org,1,"AS57344 (TELEHOUSE-AS, BG)"
mx6.nflravenssuperbowl.com,1,
ngf1-com.mail.protection.outlook.com,1,"AS8075 (MICROSOFT-CORP-MSN-AS-BLOCK - Microsoft Corporation, US)"
mx.pozycjonowanie.com.pl,1,"AS34360 (OGICOM, PL)"
mx1.pp.ua.uadns.com,1,"AS24940 (HETZNER-AS, DE)"
mail.pozycjonowaniekielce.pl,1,"AS47544 (IQPL-AS, PL)"
mail.nexttempmail.com,1,"AS273612 (FABWEB SERVICOS DE INTERNET LTDA, BR)"
mail01.nextfash.com,1,"AS36351 (SOFTLAYER - IBM Cloud, US)"
mail.ngem.net,1,"AS14061 (DIGITALOCEAN-ASN - DigitalOcean, LLC, US)"
route.ngainitr.com,1,"AS14061 (DIGITALOCEAN-ASN - DigitalOcean, LLC, US)"
mx01.agnat.pl,1,"AS60713 (TARRCI-AS, PL)"
mail.pozitiv.ru,1,"AS57494 (ADMAN-AS, RU)"
_dc-mx.f05ac5fcdb36.nhmicrosoft.com,1,"AS51167 (CONTABO, DE)"
mail.nexc.com,1,"AS24940 (HETZNER-AS, DE)"
mail.nhatu.com,1,"AS14061 (DIGITALOCEAN-ASN - DigitalOcean, LLC, US)"
mail.nhakhoavietsmile.com,1,"AS131353 (NHANHOA-AS-VN NhanHoa Software company, VN)"
mx1ces.nice.com,1,"AS30238 (AS-IRONP-VEGA - Cisco Systems Ironport Division, US)"
mail.niceart.club,1,"AS49981 (WORLDSTREAM, NL)"
mailbuilderbuilder.com,1,"AS396982 (GOOGLE-CLOUD-PLATFORM - Google LLC, US)"
_dc-mx.56f4b4ac06e7.nicemail.club,1,"AS60781 (LEASEWEB-NL-AMS-01 Netherlands, NL)"
mx.niagaslotter-seo.com,1,"AS16276 (OVH, FR)"
mail.nicemaiil.com,1,"AS12586 (ASGHOSTNET, DE)"
mail.nicegovmail.com,1,"AS14061 (DIGITALOCEAN-ASN - DigitalOcean, LLC, US)"
w019e258.kasserver.com,1,"AS34788 (NMM-AS D - 02742 Friedersdorf Hauptstrasse 68, DE)"
mail.nicloo.com,1,"AS14061 (DIGITALOCEAN-ASN - DigitalOcean, LLC, US)"
mail.existiert.ch,1,"AS29222 (INFOMANIAK-AS, CH)"
nik.edu.pl,1,"AS20068 (HAWKHOST - Hawk Host Inc., CA)"
mail.nicoric.com,1,"AS63949 (AKAMAI-LINODE-AP Akamai Connected Cloud, SG)"
nie-podam.pl,1,"AS16276 (OVH, FR)"
mail.nietamail.com,1,"AS12586 (ASGHOSTNET, DE)"
mail.nievemail.com,1,"AS12586 (ASGHOSTNET, DE)"
nikkifenton-com.mail.protection.outlook.com,1,"AS8075 (MICROSOFT-CORP-MSN-AS-BLOCK - Microsoft Corporation, US)"
mx.nikejashoes.com,1,"AS14061 (DIGITALOCEAN-ASN - DigitalOcean, LLC, US)"
mx.nikeshoesoutletforsale.com,1,"AS14061 (DIGITALOCEAN-ASN - DigitalOcean, LLC, US)"
nidokela.biz.st,1,"AS16276 (OVH, FR)"
mail.meatflavoredbeer.com,1,"AS14061 (DIGITALOCEAN-ASN - DigitalOcean, LLC, US)"
nikora.fr.nf,1,"AS16276 (OVH, FR)"
nimapinfotech-net.mail.protection.outlook.com,1,"AS8075 (MICROSOFT-CORP-MSN-AS-BLOCK - Microsoft Corporation, US)"
nikora.biz.st,1,"AS16276 (OVH, FR)"
ninjatrader-com.mail.protection.outlook.com,1,"AS8075 (MICROSOFT-CORP-MSN-AS-BLOCK - Microsoft Corporation, US)"
mail01.hkmsys.com,1,"AS4694 (IDCF IDC Frontier Inc., JP)"
mail.nimsai.com,1,"AS51167 (CONTABO, DE)"
mail.nixemail.net,1,"AS47583 (AS-HOSTINGER, CY)"
mail.njc65c15z.com,1,"AS47583 (AS-HOSTINGER, CY)"
mail.nitrohydromalis.com,1,"AS12586 (ASGHOSTNET, DE)"
newzealand-impressions.info,1,"AS5539 (SPACENET SpaceNET AG, DE)"
nitel.com,1,"AS42807 (AEROTEK-AS, TR)"
nkasaruparanationalpark.com,1,"AS36454 (WHG-DAL, GB)"
nixonbox.com,1,"AS63068 (CROCWEB - CrocWeb, CA)"
mail.nitrificfkml.ru,1,"AS12586 (ASGHOSTNET, DE)"
mail.nitrocmail.ru,1,"AS12586 (ASGHOSTNET, DE)"
mail.njtec.com,1,"AS31898 (ORACLE-BMC-31898 - Oracle Corporation, US)"
mail.nitrobacolml.ru,1,"AS12586 (ASGHOSTNET, DE)"
mail.nmagazinec.com,1,"AS47583 (AS-HOSTINGER, CY)"
mail.seitz.solutions,1,"AS197540 (NETCUP-AS netcup GmbH, DE)"
nngcapitalfund-com.mail.protection.outlook.com,1,"AS8075 (MICROSOFT-CORP-MSN-AS-BLOCK - Microsoft Corporation, US)"
mx1.nllfan.com,1,"AS16509 (AMAZON-02 - Amazon.com, Inc., US)"
nm123.com,1,"AS132203 (TENCENT-NET-AP-CN Tencent Building, Kejizhongyi Avenue, CN)"
mail.no11.xyz,1,"AS399646 (DARTNODE - Snaju Development, US)"
nomorespam-com0ei.mail.protection.outlook.com,1,"AS8075 (MICROSOFT-CORP-MSN-AS-BLOCK - Microsoft Corporation, US)"
mail.nn2.pl,1,"AS47544 (IQPL-AS, PL)"
mail.nnvl.com,1,"AS36352 (AS-COLOCROSSING - HostPapa, US)"
no33-com.mail.protection.outlook.com,1,"AS8075 (MICROSOFT-CORP-MSN-AS-BLOCK - Microsoft Corporation, US)"
mail.nodns.org,1,"AS46606 (UNIFIEDLAYER-AS-1 - Unified Layer, US)"
mail.postroimkotedg.ru,1,"AS29182 (RU-JSCIOT, RU)"
mail.nolettersbox.com,1,"AS207957 (SERVHOST-AS, GB)"
_dc-mx.624bc085a8e3.noexpire.top,1,"AS214996 (NETCUP, DE)"
mx.nogmailspam.info,1,"AS16276 (OVH, FR)"
mail.noissmail.com,1,"AS12586 (ASGHOSTNET, DE)"
mail.noideamail.com,1,"AS12586 (ASGHOSTNET, DE)"
rte01.noisyence.com,1,"AS14061 (DIGITALOCEAN-ASN - DigitalOcean, LLC, US)"
mail.noinspect.top,1,"AS203446 (AS203446, GB)"
nomes.fr.nf,1,"AS16276 (OVH, FR)"
mail.nonequilifmail.ru,1,"AS12586 (ASGHOSTNET, DE)"
mail.nonbelligfl.com,1,"AS12586 (ASGHOSTNET, DE)"
mail.nonageemail.ru,1,"AS12586 (ASGHOSTNET, DE)"
mail.nonaemail.ru,1,"AS12586 (ASGHOSTNET, DE)"
mail.noninstitumail.ru,1,"AS12586 (ASGHOSTNET, DE)"
mx1.sys.sulinet.hu,1,"AS1955 (HBONE-AS KIFU, HU)"
mail.nonoblemail.ru,1,"AS12586 (ASGHOSTNET, DE)"
mail.nonprognostifl.com,1,"AS12586 (ASGHOSTNET, DE)"
mail.nonmigrfml.com,1,"AS12586 (ASGHOSTNET, DE)"
mail.nonmail.ru,1,"AS12586 (ASGHOSTNET, DE)"
mail.nolog.cz,1,"AS43541 (VSHOSTING, CZ)"
nondenomimail.com,1,"AS213702 (QWINS-LTD QWINS AS-SET: ~ # AS213702:AS-CUSTOMERS, GB)"
mail.noncompetmail.ru,1,"AS12586 (ASGHOSTNET, DE)"
mail.nonsapudp.com,1,"AS12586 (ASGHOSTNET, DE)"
mail.nonimisemail.com,1,"AS12586 (ASGHOSTNET, DE)"
mail.nonvolatilmail.com,1,"AS12586 (ASGHOSTNET, DE)"
mail.nonhieremail.ru,1,"AS12586 (ASGHOSTNET, DE)"
mail.noncommuaemail.ru,1,"AS12586 (ASGHOSTNET, DE)"
imx.nom.za,1,"AS12989 (BLACKHOST AS12989.NET, CA)"
nondetemail.com,1,"AS213702 (QWINS-LTD QWINS AS-SET: ~ # AS213702:AS-CUSTOMERS, GB)"
mail.nonheremails.ru,1,"AS12586 (ASGHOSTNET, DE)"
mail.nonvolatiic.com,1,"AS12586 (ASGHOSTNET, DE)"
mail.nooonmail.com,1,"AS12586 (ASGHOSTNET, DE)"
mail.nondetereaaemail.ru,1,"AS12586 (ASGHOSTNET, DE)"
mail.nonparticfmail.ru,1,"AS12586 (ASGHOSTNET, DE)"
mail.nondeterminmail.ru,1,"AS12586 (ASGHOSTNET, DE)"
mail.nonhierarcmfri.com,1,"AS12586 (ASGHOSTNET, DE)"
mail.norahoguerealestateagentbrokenarrowok.com,1,
mail.noninstitulity.ru,1,"AS12586 (ASGHOSTNET, DE)"
mail.nonreprsmail.ru,1,"AS12586 (ASGHOSTNET, DE)"
mail.nonteremail.ru,1,"AS12586 (ASGHOSTNET, DE)"
mail.nonrecipromail.ru,1,"AS12586 (ASGHOSTNET, DE)"
mail.nonoblml.ru,1,"AS12586 (ASGHOSTNET, DE)"
mail.noninflrsmail.ru,1,"AS12586 (ASGHOSTNET, DE)"
norcalsecurityca.com,1,"AS59253 (LEASEWEB-APAC-SIN-11 LEASEWEB SINGAPORE PTE. LTD., SG)"
northdallashomebuyers-com.mail.protection.outlook.com,1,
mxa-00411f01.gslb.pphosted.com,1,"AS22843 (PROOFPOINT-ASN-US-EAST - Proofpoint, Inc., US)"
mail.nonproliferfmail.ru,1,"AS12586 (ASGHOSTNET, DE)"
normhillaviation-com.mail.protection.outlook.com,1,"AS8075 (MICROSOFT-CORP-MSN-AS-BLOCK - Microsoft Corporation, US)"
mail.nonhommalu.ru,1,"AS12586 (ASGHOSTNET, DE)"
mail.nonparticimails.ru,1,"AS12586 (ASGHOSTNET, DE)"
_dc-mx.592f37d97b0c.northernbets.co,1,"AS63473 (HOSTHATCH - HostHatch, LLC, US)"
mailin.mx-hub.eu,1,"AS29134 (IGNUM-AS Czech Republic, CZ)"
mail.vsmailpro.com,1,"AS14061 (DIGITALOCEAN-ASN - DigitalOcean, LLC, US)"
mail.nomail.ch,1,"AS8758 (IWAY, CH)"
norton-com.mail.protection.outlook.com,1,"AS8075 (MICROSOFT-CORP-MSN-AS-BLOCK - Microsoft Corporation, US)"
mail.norvanta.cfd,1,"AS203446 (AS203446, GB)"
northstarsaves-com.mail.protection.outlook.com,1,"AS8075 (MICROSOFT-CORP-MSN-AS-BLOCK - Microsoft Corporation, US)"
mail.northwestpharmacylabs.com,1,"AS209605 (HOSTBALTIC, LT)"
mxa-00170901.gslb.pphosted.com,1,"AS26211 (PROOFPOINT-ASN-US-WEST - Proofpoint, Inc., US)"
mail.northcoastbconline.com,1,"AS210878 (TREADSTONE-AS, RO)"
nospam.fr.nf,1,"AS16276 (OVH, FR)"
mx.nosings.com.cust.a.hostedemail.com,1,"AS15348 (TUCOWS - Tucows.com Co., CA)"
nospamthanks-com.mail.protection.outlook.com,1,"AS8075 (MICROSOFT-CORP-MSN-AS-BLOCK - Microsoft Corporation, US)"
mail.nosogfl.com,1,"AS12586 (ASGHOSTNET, DE)"
mail.notboxletters.com,1,"AS207957 (SERVHOST-AS, GB)"
nothingtoseehere-ca.mail.protection.outlook.com,1,"AS8075 (MICROSOFT-CORP-MSN-AS-BLOCK - Microsoft Corporation, US)"
mx1.notsharingmy.info,1,
mail.notreallybutseriously.com,1,"AS16509 (AMAZON-02 - Amazon.com, Inc., US)"
email.nameiet.com,1,"AS20473 (AS-VULTR - The Constant Company, LLC, US)"
mail.notipr.com,1,"AS14061 (DIGITALOCEAN-ASN - DigitalOcean, LLC, US)"
mail.noticemail.ru,1,"AS12586 (ASGHOSTNET, DE)"
notebooki-lv.mail.protection.outlook.com,1,"AS8075 (MICROSOFT-CORP-MSN-AS-BLOCK - Microsoft Corporation, US)"
mail.noticiasdobrasil.top,1,"AS16276 (OVH, FR)"
mail.novamails.my,1,"AS24940 (HETZNER-AS, DE)"
mail.notebooks.ru,1,"AS210079 (EUROBYTE, RU)"
mail.nowlike.com,1,"AS40021 (CONTABO-40021 - Contabo Inc., US)"
mx1.sf.ice-networks.com,1,"AS50613 (THORDC-AS, IS)"
mail.novatiz.com,1,"AS14061 (DIGITALOCEAN-ASN - DigitalOcean, LLC, US)"
ahem.adaptivetelehealth.com,1,"AS14061 (DIGITALOCEAN-ASN - DigitalOcean, LLC, US)"
mail.novstan.com,1,"AS14061 (DIGITALOCEAN-ASN - DigitalOcean, LLC, US)"
mail.nov-vek.ru,1,"AS210079 (EUROBYTE, RU)"
mail.nowni.com,1,"AS31898 (ORACLE-BMC-31898 - Oracle Corporation, US)"
mail.nproxi.com,1,"AS47583 (AS-HOSTINGER, CY)"
mx3.mailhop.org,1,"AS16509 (AMAZON-02 - Amazon.com, Inc., US)"
mx2.noyabrsk.me,1,"AS200107 (KL-EXT, CH)"
smtp.direkt-domains.de,1,"AS8560 (IONOS-AS This is the joint network for IONOS, Fasthosts, Arsys, 1&1 Mail and Media and 1&1 Telecom. Formerly known as 1&1 Internet SE., DE)"
noyp.fr.nf,1,"AS16276 (OVH, FR)"
_dc-mx.2ca538bb9bca.nrehi.com,1,"AS24940 (HETZNER-AS, DE)"
mail.notlettersmail.com,1,"AS207957 (SERVHOST-AS, GB)"
mx1.npsis.net,1,"AS200107 (KL-EXT, CH)"
nsareit-net.mail.protection.outlook.com,1,"AS8075 (MICROSOFT-CORP-MSN-AS-BLOCK - Microsoft Corporation, US)"
mx.nscoy.com,1,"AS396982 (GOOGLE-CLOUD-PLATFORM - Google LLC, US)"
mail.nova.nov.su,1,"AS200303 (LUMASERV LUMASERV GmbH, DE)"
nsl168.com,1,"AS59253 (LEASEWEB-APAC-SIN-11 LEASEWEB SINGAPORE PTE. LTD., SG)"
mail0001.nterfree.it,1,"AS24940 (HETZNER-AS, DE)"
mail.nterhymail.com,1,"AS12586 (ASGHOSTNET, DE)"
mail.ntercommunimy.com,1,"AS12586 (ASGHOSTNET, DE)"
mail.nsvpn.com,1,"AS14061 (DIGITALOCEAN-ASN - DigitalOcean, LLC, US)"
mail.nuclene.com,1,"AS14061 (DIGITALOCEAN-ASN - DigitalOcean, LLC, US)"
smx178.cn4e.com,1,"AS139021 (WEST263GO-HK West263 International Limited, HK)"
sh6.falconinternet.net,1,"AS2711 (SPIRITTEL-AS - Spirit Communications, US)"
mail.nukahome.com,1,"AS21499 (GODADDY-SXB, DE)"
mail.numbersgh.com,1,"AS47583 (AS-HOSTINGER, CY)"
mail.nucleosyntebml.ru,1,"AS12586 (ASGHOSTNET, DE)"
numberwork.com.pri-mx.uk0105.smtproutes.com,1,"AS16633 (I-3 - N-able Technologies, Inc., US)"
cluster8.eu.messagelabs.com,1,"AS396982 (GOOGLE-CLOUD-PLATFORM - Google LLC, US)"
nurminenlogistics-com.mail.protection.outlook.com,1,"AS8075 (MICROSOFT-CORP-MSN-AS-BLOCK - Microsoft Corporation, US)"
nus.in.tmes.trendmicro.com,1,"AS14618 (AMAZON-AES - Amazon.com, Inc., US)"
nutricompany-com.mail.protection.outlook.com,1,"AS8075 (MICROSOFT-CORP-MSN-AS-BLOCK - Microsoft Corporation, US)"
mx-mail4.numllery.com,1,"AS14061 (DIGITALOCEAN-ASN - DigitalOcean, LLC, US)"
mx2.nurdea.com,1,"AS200107 (KL-EXT, CH)"
nvidia-com.mail.protection.outlook.com,1,"AS8075 (MICROSOFT-CORP-MSN-AS-BLOCK - Microsoft Corporation, US)"
mail.nobinbox.com,1,"AS11878 (TZULO - tzulo, inc., US)"
nvidiao-com.mail.protection.outlook.com,1,"AS8075 (MICROSOFT-CORP-MSN-AS-BLOCK - Microsoft Corporation, US)"
smtp3.daytoncreative.net,1,"AS10796 (TWC-10796-MIDWEST - Charter Communications Inc, US)"
nvidiau-com.mail.protection.outlook.com,1,"AS8075 (MICROSOFT-CORP-MSN-AS-BLOCK - Microsoft Corporation, US)"
nvisia-com.mail.protection.outlook.com,1,"AS8075 (MICROSOFT-CORP-MSN-AS-BLOCK - Microsoft Corporation, US)"
mailin1.nutrelino.com,1,"AS51013 (WEBSUPPORT-SRO-SK-AS, SK)"
mail.no1namemail.com,1,"AS12586 (ASGHOSTNET, DE)"
nvidiav-com.mail.protection.outlook.com,1,"AS8075 (MICROSOFT-CORP-MSN-AS-BLOCK - Microsoft Corporation, US)"
mail.nvestmail.com,1,"AS12586 (ASGHOSTNET, DE)"
nvidya.com,1,"AS31898 (ORACLE-BMC-31898 - Oracle Corporation, US)"
nvidiaw-com.mail.protection.outlook.com,1,"AS8075 (MICROSOFT-CORP-MSN-AS-BLOCK - Microsoft Corporation, US)"
www56.your-server.de,1,"AS24940 (HETZNER-AS, DE)"
mail.nocturnsgaming.com,1,"AS42846 (GUZELHOSTING GNET INTERNET TELEKOMUNIKASYON A.S., TR)"
mail.nvana.xyz,1,"AS210294 (UKRDOMEN, UA)"
nyc2way-com.mail.protection.outlook.com,1,"AS8075 (MICROSOFT-CORP-MSN-AS-BLOCK - Microsoft Corporation, US)"
nyasan.com,1,"AS7506 (INTERQ GMO Internet Group, Inc., JP)"
spf.nycemore.com,1,"AS14061 (DIGITALOCEAN-ASN - DigitalOcean, LLC, US)"
mail.nyc360news.com,1,"AS40021 (CONTABO-40021 - Contabo Inc., US)"
mail.o88i.ink,1,
notbooknotbuk.com,1,"AS63949 (AKAMAI-LINODE-AP Akamai Connected Cloud, SG)"
mail.o2stk.org,1,"AS22351 (INTELSAT-1 - INTELSAT GLOBAL SERVICE CORPORATION, US)"
mail.o5o5.ru,1,"AS9123 (TIMEWEB-AS, RU)"
o2cr.com,1,"AS24940 (HETZNER-AS, DE)"
oasismediacity-org.mail.protection.outlook.com,1,
oasisbrightstowe-org.mail.protection.outlook.com,1,"AS8075 (MICROSOFT-CORP-MSN-AS-BLOCK - Microsoft Corporation, US)"
oasismediacityuk-org.mail.protection.outlook.com,1,"AS8075 (MICROSOFT-CORP-MSN-AS-BLOCK - Microsoft Corporation, US)"
mail.oaksw.com,1,"AS14061 (DIGITALOCEAN-ASN - DigitalOcean, LLC, US)"
mail.oallenlj.com,1,"AS47583 (AS-HOSTINGER, CY)"
oasisshirleypark-org.mail.protection.outlook.com,1,"AS8075 (MICROSOFT-CORP-MSN-AS-BLOCK - Microsoft Corporation, US)"
oasiswintringham-org.mail.protection.outlook.com,1,"AS8075 (MICROSOFT-CORP-MSN-AS-BLOCK - Microsoft Corporation, US)"
oasismayfield-org.mail.protection.outlook.com,1,"AS8075 (MICROSOFT-CORP-MSN-AS-BLOCK - Microsoft Corporation, US)"
oasisenfield-org.mail.protection.outlook.com,1,"AS8075 (MICROSOFT-CORP-MSN-AS-BLOCK - Microsoft Corporation, US)"
oasisoldham-org.mail.protection.outlook.com,1,"AS8075 (MICROSOFT-CORP-MSN-AS-BLOCK - Microsoft Corporation, US)"
oasisjohnwilliams-org.mail.protection.outlook.com,1,"AS8075 (MICROSOFT-CORP-MSN-AS-BLOCK - Microsoft Corporation, US)"
mail.obelion.cfd,1,"AS203446 (AS203446, GB)"
mail.obeto.site,1,"AS24940 (HETZNER-AS, DE)"
mail.oaudienceij.com,1,"AS47583 (AS-HOSTINGER, CY)"
obesityhelp-online.mail.protection.outlook.com,1,"AS8075 (MICROSOFT-CORP-MSN-AS-BLOCK - Microsoft Corporation, US)"
obermail-com.mail.protection.outlook.com,1,"AS8075 (MICROSOFT-CORP-MSN-AS-BLOCK - Microsoft Corporation, US)"
ob.0sg.net,1,"AS10439 (CARINET - CariNet, Inc., US)"
mxb-00505701.gslb.pphosted.com,1,"AS22843 (PROOFPOINT-ASN-US-EAST - Proofpoint, Inc., US)"
obgsdf.site,1,"AS47583 (AS-HOSTINGER, CY)"
mail.oazv.net,1,"AS14061 (DIGITALOCEAN-ASN - DigitalOcean, LLC, US)"
oasishadley-org.mail.protection.outlook.com,1,"AS8075 (MICROSOFT-CORP-MSN-AS-BLOCK - Microsoft Corporation, US)"
mail.domainca.com,1,"AS3786 (LGDACOM LG DACOM Corporation, KR)"
webmail.obeamb.com,1,"AS16276 (OVH, FR)"
mail.ocassettew.com,1,"AS47583 (AS-HOSTINGER, CY)"
ns3821.banahosting.com,1,"AS23352 (SERVERCENTRAL - DEFT.COM, US)"
mail.objectifimails.ru,1,"AS12586 (ASGHOSTNET, DE)"
mail.occidentalic.com,1,"AS12586 (ASGHOSTNET, DE)"
mx.ebola.cz,1,"AS29134 (IGNUM-AS Czech Republic, CZ)"
mail.oceanolfl.com,1,"AS12586 (ASGHOSTNET, DE)"
mail.ocenka-krym.ru,1,"AS197695 (AS-REG, RU)"
mail.ocliteracy.com,1,"AS31898 (ORACLE-BMC-31898 - Oracle Corporation, US)"
octa.com,1,"AS32244 (LIQUIDWEB - Liquid Web, L.L.C, US)"
npzs.info,1,"AS16276 (OVH, FR)"
mail.oceanbreezehub.top,1,"AS214996 (NETCUP, DE)"
mail.octingemail.com,1,"AS12586 (ASGHOSTNET, DE)"
mail.octbit.com,1,"AS14061 (DIGITALOCEAN-ASN - DigitalOcean, LLC, US)"
mw2prrw31p.bizmw.com,1,"AS4713 (OCN NTT DOCOMO BUSINESS,Inc., JP)"
mail.octmail.ru,1,"AS12586 (ASGHOSTNET, DE)"
mail.octomalu.ru,1,"AS12586 (ASGHOSTNET, DE)"
obitoto88.com,1,"AS26496 (AS-26496-GO-DADDY-COM-LLC - GoDaddy.com, LLC, US)"
mx1c.odoo.com,1,"AS16276 (OVH, FR)"
mail.nucleopli.com,1,"AS12586 (ASGHOSTNET, DE)"
sthelen.odp.com,1,"AS10835 (VISIONARY - Visionary Communications LLC, US)"
mail.odontolmyu.ru,1,"AS12586 (ASGHOSTNET, DE)"
dc-d336d3ae246b.odzyskiwaniedanych.com,1,
oelmjo.com,1,"AS47583 (AS-HOSTINGER, CY)"
odulonmail.com,1,"AS213702 (QWINS-LTD QWINS AS-SET: ~ # AS213702:AS-CUSTOMERS, GB)"
mail.odorifermfri.com,1,"AS12586 (ASGHOSTNET, DE)"
oegmail.store,1,"AS40021 (CONTABO-40021 - Contabo Inc., US)"
mail.odontoblmil.ru,1,"AS12586 (ASGHOSTNET, DE)"
webmail.oeralb.com,1,"AS16276 (OVH, FR)"
mail.oesophagmail.com,1,"AS12586 (ASGHOSTNET, DE)"
mail.oetrymail.com,1,"AS12586 (ASGHOSTNET, DE)"
mail.oenanthaml.ru,1,"AS12586 (ASGHOSTNET, DE)"
mail.ofansclub.com,1,"AS32097 (WII - WholeSale Internet, Inc., US)"
mail.oenanthallity.ru,1,"AS12586 (ASGHOSTNET, DE)"
w01d7fcb.kasserver.com,1,"AS34788 (NMM-AS D - 02742 Friedersdorf Hauptstrasse 68, DE)"
officeinhome.online,1,"AS12824 (HOMEPL-AS, PL)"
oferta.pl,1,"AS15967 (NETARTGROUP, PL)"
mail.odzywkidorzes.eu,1,"AS50599 (Autonomous System for Dataspace P.S.A., PL)"
mx6.officemanagementinfo.com,1,
mx.offersal.es,1,"AS16509 (AMAZON-02 - Amazon.com, Inc., US)"
officialsimunlock-com.mail.protection.outlook.com,1,"AS8075 (MICROSOFT-CORP-MSN-AS-BLOCK - Microsoft Corporation, US)"
offshorebookies.com,1,"AS22612 (NAMECHEAP-NET - Namecheap, Inc., US)"
mail.offthechainfishing.com,1,"AS31898 (ORACLE-BMC-31898 - Oracle Corporation, US)"
oforce-com.mail.protection.outlook.com,1,"AS8075 (MICROSOFT-CORP-MSN-AS-BLOCK - Microsoft Corporation, US)"
mail.officimail.ru,1,"AS12586 (ASGHOSTNET, DE)"
mail.ofirit.com,1,"AS14061 (DIGITALOCEAN-ASN - DigitalOcean, LLC, US)"
mail.oftenerey.com,1,"AS47583 (AS-HOSTINGER, CY)"
mail.ofomail.com,1,"AS42960 (VH-GLOBAL VH Global Limited, HK)"
ofisher.net,1,"AS14670 (WHG-USE1, GB)"
mail.ogchecker.com,1,"AS51167 (CONTABO, DE)"
mail.ographicallymail.com,1,"AS132203 (TENCENT-NET-AP-CN Tencent Building, Kejizhongyi Avenue, CN)"
mail.domnia.com,1,"AS16509 (AMAZON-02 - Amazon.com, Inc., US)"
mail.ohforgetit.com,1,"AS47172 (GREENHOST, NL)"
ohiohelps-org.mail.protection.outlook.com,1,"AS8075 (MICROSOFT-CORP-MSN-AS-BLOCK - Microsoft Corporation, US)"
_dc-mx.03b4f3c69165.ohi-design.pl,1,"AS50599 (Autonomous System for Dataspace P.S.A., PL)"
mail.ohm.edu.pl,1,"AS24940 (HETZNER-AS, DE)"
oasisimmingham-org.mail.protection.outlook.com,1,"AS8075 (MICROSOFT-CORP-MSN-AS-BLOCK - Microsoft Corporation, US)"
obedimail.com,1,"AS213702 (QWINS-LTD QWINS AS-SET: ~ # AS213702:AS-CUSTOMERS, GB)"
mx3.pub.mailpod11-cph3.one.com,1,"AS51468 (ONECOM, DK)"
mail.ogrodzenia.pl,1,"AS60713 (TARRCI-AS, PL)"
obm-com.mail.protection.outlook.com,1,"AS8075 (MICROSOFT-CORP-MSN-AS-BLOCK - Microsoft Corporation, US)"
s2.obemail.com,1,"AS24971 (MASTER-AS Czech Republic www.master.cz, CZ)"
mail.objectifemail.ru,1,"AS12586 (ASGHOSTNET, DE)"
ok-com.mail.protection.outlook.com,1,"AS8075 (MICROSOFT-CORP-MSN-AS-BLOCK - Microsoft Corporation, US)"
mail.ok5a.com,1,"AS16509 (AMAZON-02 - Amazon.com, Inc., US)"
mx2.oiltempof.icu,1,"AS200107 (KL-EXT, CH)"
mail.ojooo.com,1,"AS24940 (HETZNER-AS, DE)"
oka-com.mail.protection.outlook.com,1,"AS8075 (MICROSOFT-CORP-MSN-AS-BLOCK - Microsoft Corporation, US)"
10mx.hover.com.cust.hostedemail.com,1,
mail.okhko.com,1,"AS14061 (DIGITALOCEAN-ASN - DigitalOcean, LLC, US)"
d406989.a.ess.ca.barracudanetworks.com,1,"AS16509 (AMAZON-02 - Amazon.com, Inc., US)"
mail.okgmail.com,1,"AS47583 (AS-HOSTINGER, CY)"
dnses4a31m.okayion.com,1,"AS14061 (DIGITALOCEAN-ASN - DigitalOcean, LLC, US)"
mxs.mail.ru,1,"AS47764 (VK-AS, RU)"
_dc-mx.3f1f2b0effa8.oku.ovh,1,"AS24940 (HETZNER-AS, DE)"
mail.ohwowi.cyou,1,"AS60117 (HS, AE)"
mail.oktacom.com,1,"AS8560 (IONOS-AS This is the joint network for IONOS, Fasthosts, Arsys, 1&1 Mail and Media and 1&1 Telecom. Formerly known as 1&1 Internet SE., DE)"
oktad-com.mail.protection.outlook.com,1,"AS8075 (MICROSOFT-CORP-MSN-AS-BLOCK - Microsoft Corporation, US)"
okgtd.com,1,"AS52148 (ENIXLTD, GB)"
okrhosting.com,1,"AS202053 (UPCLOUD, FI)"
mxa-00553301.gslb.pphosted.com,1,"AS22843 (PROOFPOINT-ASN-US-EAST - Proofpoint, Inc., US)"
mxa-00969801.gslb.pphosted.com,1,"AS22843 (PROOFPOINT-ASN-US-EAST - Proofpoint, Inc., US)"
mail.okymail.site,1,"AS24940 (HETZNER-AS, DE)"
mail.oneroyal.cc,1,"AS17561 (LCS-AS-AP LARUS Limited, HK)"
_dc-mx.32889813ce57.oky.ovh,1,"AS24940 (HETZNER-AS, DE)"
okva-com.mail.protection.outlook.com,1,"AS8075 (MICROSOFT-CORP-MSN-AS-BLOCK - Microsoft Corporation, US)"
mail.okte.com,1,"AS46606 (UNIFIEDLAYER-AS-1 - Unified Layer, US)"
_dc-mx.4dc989b9ae1b.okulistykakaszubska.pl,1,"AS207668 (ITH-, PL)"
_dc-mx.4ca75f70edcf.okyre.com,1,"AS16276 (OVH, FR)"
mail.okna-sochi.ru,1,"AS210079 (EUROBYTE, RU)"
mail.okcomputer.ru,1,"AS210079 (EUROBYTE, RU)"
okmta.com,1,"AS22878 (ASACENET1 - ACENET, INC., US)"
okty.com,1,"AS9371 (SAKURA-C SAKURA Internet Inc., JP)"
mx1.webhero.com,1,"AS7258 (CATALOG-AS7258 - Webhero, Inc., US)"
_dc-mx.9e31bdb61f8d.oldies977lubbock.com,1,"AS199404 (WHG-IN, GB)"
125.76.225.15,1,
olenai-com.mail.protection.outlook.com,1,"AS8075 (MICROSOFT-CORP-MSN-AS-BLOCK - Microsoft Corporation, US)"
mail2.olcx.net,1,"AS11115 (ONLINE-TECH-LLC - Otava, LLC, US)"
mail.olekpesmailtnew.org,1,"AS9009 (M247, RO)"
mail.okchat365.com,1,"AS63949 (AKAMAI-LINODE-AP Akamai Connected Cloud, SG)"
mail.oleta.com,1,"AS46606 (UNIFIEDLAYER-AS-1 - Unified Layer, US)"
mail.oligodemail.com,1,"AS12586 (ASGHOSTNET, DE)"
mail.oligomeio.com,1,"AS12586 (ASGHOSTNET, DE)"
mail.olbank.com,1,"AS48371 (WESTLAN-AS, RU)"
mail.oligomenli.com,1,"AS12586 (ASGHOSTNET, DE)"
mail.ollbiz.com,1,"AS54641 (IMH-IAD - InMotion Hosting, Inc., US)"
mail.oleoreemail.ru,1,"AS12586 (ASGHOSTNET, DE)"
mail.oligohymalu.ru,1,"AS12586 (ASGHOSTNET, DE)"
mail.emailofsteel.com,1,"AS14061 (DIGITALOCEAN-ASN - DigitalOcean, LLC, US)"
olsita.com,1,"AS47583 (AS-HOSTINGER, CY)"
mail.oligosml.ru,1,"AS12586 (ASGHOSTNET, DE)"
mail.omnisent.cfd,1,"AS203446 (AS203446, GB)"
mail.omnivex.cfd,1,"AS203446 (AS203446, GB)"
mail.oktaf.com,1,"AS38927 (NETBUILD-AS, DE)"
mx-post.ombrallu.com,1,"AS14061 (DIGITALOCEAN-ASN - DigitalOcean, LLC, US)"
olypmall.ru,1,"AS9002 (RETN-AS, GB)"
mail.omheightsy.com,1,"AS47583 (AS-HOSTINGER, CY)"
okw-com.mail.protection.outlook.com,1,"AS8075 (MICROSOFT-CORP-MSN-AS-BLOCK - Microsoft Corporation, US)"
mail.omnidirecsemail.com,1,"AS12586 (ASGHOSTNET, DE)"
mail.omnipercipfmals.com,1,"AS12586 (ASGHOSTNET, DE)"
mail.omailo.top,1,"AS24940 (HETZNER-AS, DE)"
oneclickmail.xyz,1,"AS24940 (HETZNER-AS, DE)"
oliq.me,1,"AS14061 (DIGITALOCEAN-ASN - DigitalOcean, LLC, US)"
mail.on-review.com,1,"AS51167 (CONTABO, DE)"
mail.onemail.host,1,"AS14061 (DIGITALOCEAN-ASN - DigitalOcean, LLC, US)"
mail.onehandtyper.com,1,"AS63949 (AKAMAI-LINODE-AP Akamai Connected Cloud, SG)"
oneheartusa-com.mail.protection.outlook.com,1,"AS8075 (MICROSOFT-CORP-MSN-AS-BLOCK - Microsoft Corporation, US)"
mail.oncogmails.ru,1,"AS12586 (ASGHOSTNET, DE)"
oneoffemail-com.mail.protection.outlook.com,1,"AS8075 (MICROSOFT-CORP-MSN-AS-BLOCK - Microsoft Corporation, US)"
mx1.oncloud.ws,1,"AS200107 (KL-EXT, CH)"
mail.oneirolfmail.ru,1,"AS12586 (ASGHOSTNET, DE)"
post.one.lt,1,
mx03.lancloud.ru,1,"AS208777 (RU-LANCLOUD-AS01, RU)"
mail.one.earnlivez.net,1,"AS24940 (HETZNER-AS, DE)"
mail.tinyhost.shop,1,
mail.onepvp.com,1,"AS14061 (DIGITALOCEAN-ASN - DigitalOcean, LLC, US)"
mx1.hc2684-48.iphmx.com,1,"AS16417 (IRONPORT-SYSTEMS-INC - Cisco Systems Ironport Division, US)"
onetab-fr.mail.protection.outlook.com,1,"AS8075 (MICROSOFT-CORP-MSN-AS-BLOCK - Microsoft Corporation, US)"
mail0.serv00.com,1,"AS57367 (ECO-ATMAN-PL ECO-ATMAN-, PL)"
mx01.perier.pl,1,"AS46261 (QUICKPACKET - QuickPacket, LLC, US)"
mail.snips.tech,1,"AS24940 (HETZNER-AS, DE)"
mail.oniventa.cfd,1,"AS203446 (AS203446, GB)"
mx.mailservice.com,1,"AS24940 (HETZNER-AS, DE)"
mail.omsk-viagra.ru,1,"AS29182 (RU-JSCIOT, RU)"
mail.onionred.com,1,"AS14061 (DIGITALOCEAN-ASN - DigitalOcean, LLC, US)"
mail.onlinecasinoindex.us,1,"AS209605 (HOSTBALTIC, LT)"
mail2.onetm.jp,1,"AS7684 (SAKURA-A SAKURA Internet Inc., JP)"
onlinemailbox.cc,1,"AS32244 (LIQUIDWEB - Liquid Web, L.L.C, US)"
mx6.onlinebankingcibc.com,1,
aries.kasat.net,1,"AS29686 (PROBENETWORKS-AS, DE)"
mail.onlinecasinoslotsix.us,1,"AS58061 (SCALAXY-AS, LV)"
_dc-mx.b42abde2d8d9.onlinesearchtool.org,1,"AS20473 (AS-VULTR - The Constant Company, LLC, US)"
mx-ha02.web.de,1,"AS8560 (IONOS-AS This is the joint network for IONOS, Fasthosts, Arsys, 1&1 Mail and Media and 1&1 Telecom. Formerly known as 1&1 Internet SE., DE)"
mx00.emig.kundenserver.de,1,"AS8560 (IONOS-AS This is the joint network for IONOS, Fasthosts, Arsys, 1&1 Mail and Media and 1&1 Telecom. Formerly known as 1&1 Internet SE., DE)"
onlyapp.net,1,"AS7506 (INTERQ GMO Internet Group, Inc., JP)"
online-pharmacy-inc.com,1,"AS24940 (HETZNER-AS, DE)"
ogloszenia.site,1,"AS49981 (WORLDSTREAM, NL)"
onprice-co.mail.protection.outlook.com,1,
onpointpartners-com.mail.protection.outlook.com,1,"AS8075 (MICROSOFT-CORP-MSN-AS-BLOCK - Microsoft Corporation, US)"
mx1.onlinemail.press,1,"AS200107 (KL-EXT, CH)"
mail.onomamail.ru,1,"AS12586 (ASGHOSTNET, DE)"
onion.win,1,"AS14061 (DIGITALOCEAN-ASN - DigitalOcean, LLC, US)"
mail.email.brandpolgroup.com,1,"AS24940 (HETZNER-AS, DE)"
mx1.onlinewcm.com,1,"AS200107 (KL-EXT, CH)"
lavimail.lavisystems.com,1,"AS24940 (HETZNER-AS, DE)"
mail.ontasa.com,1,"AS14061 (DIGITALOCEAN-ASN - DigitalOcean, LLC, US)"
mx1c60.megamailservers.eu,1,"AS9115 (INFB-AS9115, CA)"
d174060a.ess.barracudanetworks.com,1,"AS16509 (AMAZON-02 - Amazon.com, Inc., US)"
mail.onsensmail.com,1,"AS12586 (ASGHOSTNET, DE)"
one-exposure.com,1,"AS50613 (THORDC-AS, IS)"
mail.onomaemail.ru,1,"AS12586 (ASGHOSTNET, DE)"
mail.onymi.com,1,"AS14061 (DIGITALOCEAN-ASN - DigitalOcean, LLC, US)"
mx1.onshop5.com,1,"AS200107 (KL-EXT, CH)"
mx.mail.outmsg.com,1,"AS24940 (HETZNER-AS, DE)"
mail.oopi.org,1,"AS24940 (HETZNER-AS, DE)"
mail.onychatrfmail.ru,1,"AS12586 (ASGHOSTNET, DE)"
mail.onlinedars.com,1,"AS212216 (NETAFRAZ, IR)"
mail.onychommails.ru,1,"AS12586 (ASGHOSTNET, DE)"
mail.oophorefmail.ru,1,"AS12586 (ASGHOSTNET, DE)"
me.oonmail.com,1,"AS12586 (ASGHOSTNET, DE)"
mail84.conoha.ne.jp,1,"AS7506 (INTERQ GMO Internet Group, Inc., JP)"
mail.oophorosalpingefml.com,1,"AS12586 (ASGHOSTNET, DE)"
mx7.oi.com.br,1,"AS15830 (EQUINIX, NL)"
mx.openmail.pro,1,"AS16276 (OVH, FR)"
mail.openbillieholiday.click,1,"AS51167 (CONTABO, DE)"
mxa-00069f01.gslb.pphosted.com,1,"AS26211 (PROOFPOINT-ASN-US-WEST - Proofpoint, Inc., US)"
mail.open-economy.org,1,"AS64236 (UNREAL-SERVERS - UnReal Servers, LLC, US)"
mail.oo.pl,1,"AS50599 (Autonomous System for Dataspace P.S.A., PL)"
mail.openskj.com,1,"AS47583 (AS-HOSTINGER, CY)"
mail.openskynet.click,1,"AS51167 (CONTABO, DE)"
mail.opinionsbte.com,1,"AS47583 (AS-HOSTINGER, CY)"
mail.operatiopt.ru,1,"AS12586 (ASGHOSTNET, DE)"
inb.openlinemail.com,1,"AS14061 (DIGITALOCEAN-ASN - DigitalOcean, LLC, US)"
mail.opiniomail.com,1,"AS12586 (ASGHOSTNET, DE)"
mail.ophthalmomail.com,1,"AS12586 (ASGHOSTNET, DE)"
mail.opinionatml.ru,1,"AS12586 (ASGHOSTNET, DE)"
mail.ophidinf.com,1,"AS12586 (ASGHOSTNET, DE)"
mail.operculmails.ru,1,"AS12586 (ASGHOSTNET, DE)"
mail.opisthmail.com,1,"AS12586 (ASGHOSTNET, DE)"
mail.op-enai.com,1,"AS24940 (HETZNER-AS, DE)"
oktag-com.mail.protection.outlook.com,1,"AS8075 (MICROSOFT-CORP-MSN-AS-BLOCK - Microsoft Corporation, US)"
mail.ophthalmoomail.com,1,"AS12586 (ASGHOSTNET, DE)"
mail.opkast.net,1,"AS19871 (NETWORK-SOLUTIONS-HOSTING - Network Solutions, LLC, US)"
mail.opiniatimail.ru,1,"AS12586 (ASGHOSTNET, DE)"
opple-com.mail.protection.outlook.com,1,"AS8075 (MICROSOFT-CORP-MSN-AS-BLOCK - Microsoft Corporation, US)"
opmmax.com,1,"AS24940 (HETZNER-AS, DE)"
mail.ophthalmodmail.com,1,"AS12586 (ASGHOSTNET, DE)"
mail.opisthoglsemail.com,1,"AS12586 (ASGHOSTNET, DE)"
mx1.operabrow.com,1,"AS200107 (KL-EXT, CH)"
mail.opilon.com,1,"AS212317 (HETZNER-CLOUD3-AS, DE)"
mail.ophthalpf.ru,1,"AS12586 (ASGHOSTNET, DE)"
opay.money,1,"AS16276 (OVH, FR)"
mail.opisthaml.ru,1,"AS12586 (ASGHOSTNET, DE)"
mail.oppositisemail.com,1,"AS12586 (ASGHOSTNET, DE)"
mx.12ssl.cn,1,"AS141995 (CAPL-AS-AP Contabo Asia Private Limited, SG)"
mail.opposmail.ru,1,"AS12586 (ASGHOSTNET, DE)"
mail.oonq.com,1,"AS47846 (SEDO-AS, DE)"
mail.opisthomil.ru,1,"AS12586 (ASGHOSTNET, DE)"
mail.opsonizmil.ru,1,"AS12586 (ASGHOSTNET, DE)"
mail.optimistic.co.uk,1,"AS8622 (ISIONUK Team Blue Internet Services UK Ltd, GB)"
vserv02.steinbruch.info,1,"AS8648 (ONE-NETWORK, DE)"
mail.oqtypical.com,1,"AS47583 (AS-HOSTINGER, CY)"
mx2.pub.mailpod5-cph3.one.com,1,"AS51468 (ONECOM, DK)"
mail.optovka.net,1,"AS211381 (PODAON, LV)"
mxb-00069f01.gslb.pphosted.com,1,"AS22843 (PROOFPOINT-ASN-US-EAST - Proofpoint, Inc., US)"
_dc-mx.ecf43c067ef9.omail.edu.pl,1,"AS16276 (OVH, FR)"
mail01.orangeinbox.org,1,"AS36351 (SOFTLAYER - IBM Cloud, US)"
mail.oravantis.cfd,1,"AS203446 (AS203446, GB)"
mail.oravell.cfd,1,"AS203446 (AS203446, GB)"
orage-com.mail.protection.outlook.com,1,"AS8075 (MICROSOFT-CORP-MSN-AS-BLOCK - Microsoft Corporation, US)"
mail.oraxcle.com,1,"AS47583 (AS-HOSTINGER, CY)"
mail.opticien-visual-serris.fr,1,"AS16276 (OVH, FR)"
olononmail.com,1,"AS213702 (QWINS-LTD QWINS AS-SET: ~ # AS213702:AS-CUSTOMERS, GB)"
mail.ordinarybzi.com,1,"AS47583 (AS-HOSTINGER, CY)"
mail.omegabit.com,1,"AS14589 (DIGITALWEST-AS - Wave Broadband, US)"
orderexpress.in.tmes.trendmicro.com,1,"AS14618 (AMAZON-AES - Amazon.com, Inc., US)"
mail.ordinaryyz1.com,1,"AS47583 (AS-HOSTINGER, CY)"
inc.wanadoo.es,1,"AS12479 (UNI2-AS, ES)"
mail.ordite.com,1,"AS14061 (DIGITALOCEAN-ASN - DigitalOcean, LLC, US)"
ord.biz.st,1,"AS16276 (OVH, FR)"
mx03.ingw.orange.tn,1,"AS37492 (ORANGE-, TN)"
organicleanmaine-net.mail.protection.outlook.com,1,"AS8075 (MICROSOFT-CORP-MSN-AS-BLOCK - Microsoft Corporation, US)"
oranglucu.com,1,"AS59210 (PHOENIXNAP-AS-SG1 PhoenixNAP, SG)"
relais-ias241.francetelecom.com,1,"AS3215 (France Telecom - Orange, FR)"
mail.organoloomail.com,1,"AS12586 (ASGHOSTNET, DE)"
mail.orienmalu.ru,1,"AS12586 (ASGHOSTNET, DE)"
mail.organrsmail.ru,1,"AS12586 (ASGHOSTNET, DE)"
relais-ias89.francetelecom.com,1,"AS3215 (France Telecom - Orange, FR)"
organics.com.bd,1,"AS139016 (EXONHOST-AS-AP EXONHOST, BD)"
ormutual-com.mail.protection.outlook.com,1,"AS8075 (MICROSOFT-CORP-MSN-AS-BLOCK - Microsoft Corporation, US)"
mail.organolotomail.com,1,"AS12586 (ASGHOSTNET, DE)"
mail.organosmail.ru,1,"AS12586 (ASGHOSTNET, DE)"
mail.organoemail.ru,1,"AS12586 (ASGHOSTNET, DE)"
mail.organophosmail.ru,1,"AS12586 (ASGHOSTNET, DE)"
mail.ornithodsemail.com,1,"AS12586 (ASGHOSTNET, DE)"
ormail.com.b.mxof.com,1,"AS394437 (PSLIGHTWAVE - PS Lightwave, US)"
mx2.orgcity.info,1,"AS200107 (KL-EXT, CH)"
smtp.mysportmail.com,1,"AS28573 (Claro NXT Telecomunicacoes Ltda, BR)"
mail.ortaemi.com,1,"AS12586 (ASGHOSTNET, DE)"
mail.orthogemail.ru,1,"AS12586 (ASGHOSTNET, DE)"
mail.osendingwr.com,1,"AS47583 (AS-HOSTINGER, CY)"
mail.oscillogmail.com,1,"AS12586 (ASGHOSTNET, DE)"
mx.mailbox.orange-business.com,1,"AS2280 (OCBHONEY OCB public cloud network, FR)"
mail.orimail.com,1,"AS24806 (INTERNET-CZ Ktis 2, 384 03 Ktis, CZ)"
mxr.orviongate.com,1,"AS14061 (DIGITALOCEAN-ASN - DigitalOcean, LLC, US)"
mail.orthopsymail.ru,1,"AS12586 (ASGHOSTNET, DE)"
mail.osmoreguli.com,1,"AS12586 (ASGHOSTNET, DE)"
mail.osmormails.ru,1,"AS12586 (ASGHOSTNET, DE)"
mail.osmoregulmfri.com,1,"AS12586 (ASGHOSTNET, DE)"
mail.otakuinsights.xyz,1,"AS45102 (ALIBABA-CN-NET Alibaba US Technology Co., Ltd., CN)"
mail.otakuhub.xyz,1,"AS45102 (ALIBABA-CN-NET Alibaba US Technology Co., Ltd., CN)"
tirte02.ospirun.com,1,"AS14061 (DIGITALOCEAN-ASN - DigitalOcean, LLC, US)"
mail.ostinmail.com,1,"AS14061 (DIGITALOCEAN-ASN - DigitalOcean, LLC, US)"
mail.osteodli.com,1,"AS12586 (ASGHOSTNET, DE)"
mail.ossificfmail.ru,1,"AS12586 (ASGHOSTNET, DE)"
mail.osmorept.ru,1,"AS12586 (ASGHOSTNET, DE)"
mail.osteologmail.com,1,"AS12586 (ASGHOSTNET, DE)"
mail.ostemail.com,1,"AS12586 (ASGHOSTNET, DE)"
mx.oswo.net,1,"AS14061 (DIGITALOCEAN-ASN - DigitalOcean, LLC, US)"
smtp.otkmail.com,1,"AS49981 (WORLDSTREAM, NL)"
mail.osmodysmail.ru,1,"AS12586 (ASGHOSTNET, DE)"
mail.osmanlinetwork.com,1,"AS48678 (TR-PENTECH-AS, TR)"
mail.osteoemail.ru,1,"AS12586 (ASGHOSTNET, DE)"
mail.ostrozneinwestowanie.pl,1,"AS16276 (OVH, FR)"
mail.osteophloli.ru,1,"AS12586 (ASGHOSTNET, DE)"
otgtires-com.mail.protection.outlook.com,1,"AS8075 (MICROSOFT-CORP-MSN-AS-BLOCK - Microsoft Corporation, US)"
mail.ossicumail.ru,1,"AS12586 (ASGHOSTNET, DE)"
mail.otprmail.com,1,"AS16276 (OVH, FR)"
mail.osteochomail.ru,1,"AS12586 (ASGHOSTNET, DE)"
mail.otorhinolarymail.com,1,"AS12586 (ASGHOSTNET, DE)"
otoborsam.com,1,"AS42846 (GUZELHOSTING GNET INTERNET TELEKOMUNIKASYON A.S., TR)"
mail.osimail.com,1,"AS16276 (OVH, FR)"
otona.uk,1,"AS7506 (INTERQ GMO Internet Group, Inc., JP)"
mail.osteosclmails.ru,1,"AS12586 (ASGHOSTNET, DE)"
mail.otrimail.com,1,"AS12586 (ASGHOSTNET, DE)"
otoro.com,1,"AS31898 (ORACLE-BMC-31898 - Oracle Corporation, US)"
mail.ototarz.com,1,"AS211567 (BITWISE, TR)"
bslmsn.ouressays.com,1,"AS209605 (HOSTBALTIC, LT)"
mail2.otmail.jp,1,"AS7684 (SAKURA-A SAKURA Internet Inc., JP)"
mail.ourtimesupport.com,1,"AS14061 (DIGITALOCEAN-ASN - DigitalOcean, LLC, US)"
mail.oughlmail.com,1,"AS12586 (ASGHOSTNET, DE)"
mail.oursupaluv.com,1,"AS204601 (PODAON, NL)"
mx2.otvetinavoprosi.com,1,"AS200107 (KL-EXT, CH)"
as-mx1.it-smartsolutions.com,1,"AS20860 (IOMART-AS, GB)"
outdoorsd.com,1,"AS30633 (LEASEWEB-USA-WDC - Leaseweb USA, Inc., US)"
mail.oursemail.com,1,"AS12586 (ASGHOSTNET, DE)"
outlolk-com.mail.protection.outlook.com,1,"AS8075 (MICROSOFT-CORP-MSN-AS-BLOCK - Microsoft Corporation, US)"
mail.outlmail.com,1,"AS12586 (ASGHOSTNET, DE)"
outluok-com.olc.outluok.com,1,"AS26666 (INTERSERVER-LAX - Interserver, Inc, US)"
mail.outliook.com,1,"AS36352 (AS-COLOCROSSING - HostPapa, US)"
mx.outlok.cz,1,"AS14061 (DIGITALOCEAN-ASN - DigitalOcean, LLC, US)"
mx.outlok.it,1,"AS31034 (ARUBA-ASN, IT)"
mail.overcomebf.com,1,"AS47583 (AS-HOSTINGER, CY)"
overmetre.com,1,"AS14061 (DIGITALOCEAN-ASN - DigitalOcean, LLC, US)"
mail.overmultfmals.com,1,"AS12586 (ASGHOSTNET, DE)"
overstock-com.mail.protection.outlook.com,1,"AS8075 (MICROSOFT-CORP-MSN-AS-BLOCK - Microsoft Corporation, US)"
mail.overnted.com,1,"AS47583 (AS-HOSTINGER, CY)"
mail.overdetemail.com,1,"AS12586 (ASGHOSTNET, DE)"
okyta-com.mail.protection.outlook.com,1,"AS8075 (MICROSOFT-CORP-MSN-AS-BLOCK - Microsoft Corporation, US)"
mail.overemphamail.ru,1,"AS12586 (ASGHOSTNET, DE)"
mail.overemails.ru,1,"AS12586 (ASGHOSTNET, DE)"
mail.overemom.com,1,"AS12586 (ASGHOSTNET, DE)"
mail.ovariecmail.ru,1,"AS12586 (ASGHOSTNET, DE)"
_dc-mx.f0a91c0d4e9c.over-craft.ru,1,"AS211381 (PODAON, LV)"
mail.overdrafml.com,1,"AS12586 (ASGHOSTNET, DE)"
mail.overscrupumail.com,1,"AS12586 (ASGHOSTNET, DE)"
mail.overestebml.ru,1,"AS12586 (ASGHOSTNET, DE)"
overfammail.com,1,"AS213702 (QWINS-LTD QWINS AS-SET: ~ # AS213702:AS-CUSTOMERS, GB)"
mail.ovbest.com,1,"AS14061 (DIGITALOCEAN-ASN - DigitalOcean, LLC, US)"
mail.overscrupmail.ru,1,"AS12586 (ASGHOSTNET, DE)"
mail.overcomcs.ru,1,"AS12586 (ASGHOSTNET, DE)"
mail.ovigefml.com,1,"AS12586 (ASGHOSTNET, DE)"
mail.overscrupursmail.ru,1,"AS12586 (ASGHOSTNET, DE)"
mail.overscrukl.ru,1,"AS12586 (ASGHOSTNET, DE)"
mail.overcarsmail.ru,1,"AS12586 (ASGHOSTNET, DE)"
mail.overdevemails.ru,1,"AS12586 (ASGHOSTNET, DE)"
mail.ovipoemail.ru,1,"AS12586 (ASGHOSTNET, DE)"
mail.overliemail.ru,1,"AS12586 (ASGHOSTNET, DE)"
mail.ovovili.com,1,"AS12586 (ASGHOSTNET, DE)"
mail.overexrsmail.ru,1,"AS12586 (ASGHOSTNET, DE)"
mail.overfamail.ru,1,"AS12586 (ASGHOSTNET, DE)"
mail.owmail.net,1,"AS24940 (HETZNER-AS, DE)"
mail.ovovivipcs.ru,1,"AS12586 (ASGHOSTNET, DE)"
mail.oversmail.ru,1,"AS12586 (ASGHOSTNET, DE)"
mail.overscrupulemail.ru,1,"AS12586 (ASGHOSTNET, DE)"
outtlook.shop,1,"AS136246 (TOMATTOSTL-AS-AP Tomattos Technologies Ltd., BD)"
mail.oviposimail.ru,1,"AS12586 (ASGHOSTNET, DE)"
mail.oxfarm1.com,1,"AS47583 (AS-HOSTINGER, CY)"
cisco-esa02-smtp-cc.ox.com,1,"AS46887 (CROWNCASTLE-AS46887 - Crown Castle Fiber LLC, US)"
oxbridgeprograms-com.mail.protection.outlook.com,1,"AS8075 (MICROSOFT-CORP-MSN-AS-BLOCK - Microsoft Corporation, US)"
mail.oxfor.edu.pl,1,"AS16276 (OVH, FR)"
mail.oxopoha.com,1,"AS14061 (DIGITALOCEAN-ASN - DigitalOcean, LLC, US)"
smtp.oxplean.com,1,"AS14061 (DIGITALOCEAN-ASN - DigitalOcean, LLC, US)"
mail.oxidoredumfri.com,1,"AS12586 (ASGHOSTNET, DE)"
mail.oxtenda.com,1,"AS14061 (DIGITALOCEAN-ASN - DigitalOcean, LLC, US)"
mail.oxamail.ru,1,"AS12586 (ASGHOSTNET, DE)"
mail.ozist.us,1,"AS51167 (CONTABO, DE)"
_dc-mx.23b2af0092ca.ozekinci.com,1,"AS20068 (HAWKHOST - Hawk Host Inc., CA)"
mail.oxygeebml.ru,1,"AS12586 (ASGHOSTNET, DE)"
_dc-mx.53541646bebe.ozpokies.online,1,"AS22612 (NAMECHEAP-NET - Namecheap, Inc., US)"
mail.oxidamail.ru,1,"AS12586 (ASGHOSTNET, DE)"
mail.ozsaip.com,1,"AS24940 (HETZNER-AS, DE)"
mail.ozkadem.edu.pl,1,"AS24940 (HETZNER-AS, DE)"
node39.myfcloudto.com,1,"AS63949 (AKAMAI-LINODE-AP Akamai Connected Cloud, SG)"
ozweddings.com,1,"AS36352 (AS-COLOCROSSING - HostPapa, US)"
ozost.com,1,"AS27589 (MOJOHOST - MOJOHOST, US)"
mail.ozon888.net,1,"AS396356 (LATITUDE-SH - Latitude.sh, US)"
mx179.mb5p.com,1,"AS14061 (DIGITALOCEAN-ASN - DigitalOcean, LLC, US)"
mail.pachyctomail.com,1,"AS12586 (ASGHOSTNET, DE)"
mail.pachymenime.ru,1,"AS12586 (ASGHOSTNET, DE)"
mail.pachycml.ru,1,"AS12586 (ASGHOSTNET, DE)"
mail.p-ctrl.com,1,"AS131921 (GMOCL GMO GlobalSign Holdings K.K., JP)"
mx1.ovo.sc,1,"AS9009 (M247, RO)"
mail.overscrupt.ru,1,"AS12586 (ASGHOSTNET, DE)"
owl.com.br,1,"AS33182 (DIMENOC - HostDime.com, Inc., US)"
mx2.schwab.com,1,
mail.shayzam.net,1,"AS47583 (AS-HOSTINGER, CY)"
mail.pseudonamail.ru,1,"AS12586 (ASGHOSTNET, DE)"
mx1.cogentco.com,1,"AS174 (COGENT-174 - Cogent Communications, LLC, US)"
mail.pseudohallucimail.ru,1,"AS12586 (ASGHOSTNET, DE)"
mail.pseudointel.com,1,"AS12586 (ASGHOSTNET, DE)"
mail.cloudformers.pl,1,"AS12831 (TASK-AS, PL)"
shw-central.mx.a.cloudfilter.net,1,"AS16509 (AMAZON-02 - Amazon.com, Inc., US)"
mail.pseudaposmail.ru,1,"AS12586 (ASGHOSTNET, DE)"
shchiba.uk,1,"AS7506 (INTERQ GMO Internet Group, Inc., JP)"
mail.sheelmail.com,1,"AS12586 (ASGHOSTNET, DE)"
mail.sheinup.com,1,"AS14061 (DIGITALOCEAN-ASN - DigitalOcean, LLC, US)"
mxa-00519102.gslb.pphosted.com,1,"AS22843 (PROOFPOINT-ASN-US-EAST - Proofpoint, Inc., US)"
mail.psychmalu.ru,1,"AS12586 (ASGHOSTNET, DE)"
shemadeitcompany-com.mail.protection.outlook.com,1,"AS8075 (MICROSOFT-CORP-MSN-AS-BLOCK - Microsoft Corporation, US)"
mail.pseudoparemail.ru,1,"AS12586 (ASGHOSTNET, DE)"
mail.psychopathomail.ru,1,"AS12586 (ASGHOSTNET, DE)"
mail.psychophysiomail.com,1,"AS12586 (ASGHOSTNET, DE)"
mail.psychoprophsalo.ru,1,"AS12586 (ASGHOSTNET, DE)"
shepherds-house.com,1,"AS209341 (WHG-FRA, GB)"
mail.psychiatragabinet.pl,1,"AS15967 (NETARTGROUP, PL)"
mail.psychoanamail.ru,1,"AS12586 (ASGHOSTNET, DE)"
mail.psychobimale.com,1,"AS12586 (ASGHOSTNET, DE)"
mail.psychoamails.ru,1,"AS12586 (ASGHOSTNET, DE)"
mail.psychogmails.ru,1,"AS12586 (ASGHOSTNET, DE)"
mail.psychopanmails.ru,1,"AS12586 (ASGHOSTNET, DE)"
mail.pt.extra-breast.info,1,"AS41079 (CF-GDA, PL)"
pteddyxo.com,1,"AS47583 (AS-HOSTINGER, CY)"
mail.psychotheomail.ru,1,"AS12586 (ASGHOSTNET, DE)"
mail.shieldedpost.net,1,"AS212772 (ADGUARD, CY)"
a628249.mx.mailhop.org,1,"AS16509 (AMAZON-02 - Amazon.com, Inc., US)"
mail.ptilonorhemail.ru,1,"AS12586 (ASGHOSTNET, DE)"
slacc.com,1,"AS20115 (CHARTER-20115 - Charter Communications LLC, US)"
mail.shibalabs.live,1,"AS11260 (EASTLINK-HSI - EastLink, CA)"
slaci.com,1,"AS40092 (ONIAAS - HostPapa, US)"
ptsconnect-com0i.mail.protection.outlook.com,1,"AS8075 (MICROSOFT-CORP-MSN-AS-BLOCK - Microsoft Corporation, US)"
smtp.ptncereio.com,1,"AS14061 (DIGITALOCEAN-ASN - DigitalOcean, LLC, US)"
blackhole.tem.scaleway.com,1,"AS12876 (Online SAS, FR)"
pseudocmail.com,1,"AS211056 (KHALIJSERVER, IR)"
mail.pubgmcentral.xyz,1,"AS45102 (ALIBABA-CN-NET Alibaba US Technology Co., Ltd., CN)"
mail.slamemail.com,1,"AS12586 (ASGHOSTNET, DE)"
pubb-site.mail.protection.outlook.com,1,"AS8075 (MICROSOFT-CORP-MSN-AS-BLOCK - Microsoft Corporation, US)"
mail.shiningstarmail.com,1,"AS12586 (ASGHOSTNET, DE)"
mail.pub-mail.com,1,"AS212317 (HETZNER-CLOUD3-AS, DE)"
w01a091f.kasserver.com,1,"AS34788 (NMM-AS D - 02742 Friedersdorf Hauptstrasse 68, DE)"
publy.site,1,"AS40676 (AS40676 - Psychz Networks, US)"
smtp.shitmail.me,1,"AS20473 (AS-VULTR - The Constant Company, LLC, US)"
mx1.slapmail.top,1,"AS200107 (KL-EXT, CH)"
mail.puedemail.com,1,"AS12586 (ASGHOSTNET, DE)"
mx1.shoeonlineblog.com,1,"AS200107 (KL-EXT, CH)"
mail.pukoni.com,1,"AS24940 (HETZNER-AS, DE)"
mail.pulawski.biz,1,"AS22611 (INMOTION - InMotion Hosting, Inc., US)"
mail.puercomail.com,1,"AS12586 (ASGHOSTNET, DE)"
e.shockong.com,1,"AS14061 (DIGITALOCEAN-ASN - DigitalOcean, LLC, US)"
25e9498a758d4b930b45132a7e1d17.pamx1.hotmail.com,1,"AS8075 (MICROSOFT-CORP-MSN-AS-BLOCK - Microsoft Corporation, US)"
mail.moratelindo.net,1,"AS131111 (CEPATNET-AS-ID PT Mora Telematika Indonesia, ID)"
mail.pulwarm.net,1,"AS47583 (AS-HOSTINGER, CY)"
mail.pulsedlife.com,1,"AS8001 (COLOGIX - Cologix, Inc, US)"
mx.pulseofthestreets.com.cust.b.hostedemail.com,1,"AS32491 (TUCOWS-3 - Tucows.com Co., CA)"
mail.shootingstarrealty.com,1,"AS55293 (A2HOSTING - A2 Hosting, Inc., US)"
mail.purchasmail.ru,1,"AS12586 (ASGHOSTNET, DE)"
mail.purchasamail.ru,1,"AS12586 (ASGHOSTNET, DE)"
mailcow-iqbn0-u38293.vm.elestio.app,1,"AS24940 (HETZNER-AS, DE)"
s4411.lon1.stableserver.net,1,"AS51713 (WHG-LON, GB)"
purecoffeebeanmax.com,1,"AS14555 (LIQUIDNETLTD1 - LiquidNet US LLC, US)"
hegvka0direct10.purmuttad.com,1,"AS14061 (DIGITALOCEAN-ASN - DigitalOcean, LLC, US)"
mail.purittomail.com,1,"AS12586 (ASGHOSTNET, DE)"
mx.shopifyu.com,1,"AS29873 (BIZLAND-SD - Newfold Digital, Inc., US)"
mail.shopifyv.com,1,"AS46606 (UNIFIEDLAYER-AS-1 - Unified Layer, US)"
shopisfy.com,1,"AS40279 (FORESTRACKS - ForestRacks, US)"
puritygas-com.mail.protection.outlook.com,1,"AS8075 (MICROSOFT-CORP-MSN-AS-BLOCK - Microsoft Corporation, US)"
mail1.puppetmail.de,1,"AS24940 (HETZNER-AS, DE)"
mail.shopnotech.com,1,"AS153528 (ESL-AS-AP ExtentIT Solution Limited, BD)"
mail.pusillanmails.ru,1,"AS12586 (ASGHOSTNET, DE)"
a998568.mx.mailhop.org,1,"AS16509 (AMAZON-02 - Amazon.com, Inc., US)"
mail.put2.net,1,"AS24940 (HETZNER-AS, DE)"
shoppingcabinets-com.mail.protection.outlook.com,1,"AS8075 (MICROSOFT-CORP-MSN-AS-BLOCK - Microsoft Corporation, US)"
mx2.shopnflravenjerseys.com,1,"AS200107 (KL-EXT, CH)"
mail.pusillanimomail.com,1,"AS12586 (ASGHOSTNET, DE)"
mx2.forwardmx.net,1,"AS212317 (HETZNER-CLOUD3-AS, DE)"
fast3x.shoppung.com,1,"AS14061 (DIGITALOCEAN-ASN - DigitalOcean, LLC, US)"
mx1.pvtnetflix.com,1,"AS200107 (KL-EXT, CH)"
mail.shouldpjr.com,1,"AS47583 (AS-HOSTINGER, CY)"
pwpwa.com,1,"AS7506 (INTERQ GMO Internet Group, Inc., JP)"
shotmail.ru,1,"AS9002 (RETN-AS, GB)"
mx-in.showeller.com,1,"AS16276 (OVH, FR)"
mx2.pwodskdf.net,1,"AS200107 (KL-EXT, CH)"
mail.shrib.com,1,"AS21069 (ASN-METANET Routingpeering issues: noc@metanet.ch, CH)"
mx-asp.shuelder.com,1,"AS14061 (DIGITALOCEAN-ASN - DigitalOcean, LLC, US)"
mail.shutupandbet.com,1,"AS19871 (NETWORK-SOLUTIONS-HOSTING - Network Solutions, LLC, US)"
mail.psyans.ru,1,"AS49505 (SELECTEL, RU)"
mx1.shut.ws,1,"AS200107 (KL-EXT, CH)"
mail.cytechint.io,1,"AS14618 (AMAZON-AES - Amazon.com, Inc., US)"
mail.pylorogasmail.com,1,"AS40021 (CONTABO-40021 - Contabo Inc., US)"
mail.pylephlefkml.ru,1,"AS12586 (ASGHOSTNET, DE)"
mail.pyrosenex.cfd,1,"AS203446 (AS203446, GB)"
mail.pylorostmale.com,1,"AS12586 (ASGHOSTNET, DE)"
mail.pyrheliarsmail.ru,1,"AS12586 (ASGHOSTNET, DE)"
mail.sicmg.com,1,"AS14061 (DIGITALOCEAN-ASN - DigitalOcean, LLC, US)"
mail.pyroanml.ru,1,"AS12586 (ASGHOSTNET, DE)"
mail.pyramfmals.com,1,"AS12586 (ASGHOSTNET, DE)"
mx.pyroleech.com,1,"AS14061 (DIGITALOCEAN-ASN - DigitalOcean, LLC, US)"
mx2.shutenk-shop.com,1,"AS200107 (KL-EXT, CH)"
mail.pyrogemail.ru,1,"AS12586 (ASGHOSTNET, DE)"
pyonex.com,1,"AS51191 (XIRRA, DE)"
mail.pythagomail.ru,1,"AS12586 (ASGHOSTNET, DE)"
s2.affitrkr.com,1,"AS27176 (DATAWAGON - DataWagon LLC, US)"
sidement.com,1,"AS47583 (AS-HOSTINGER, CY)"
mail.sidler.us,1,"AS46606 (UNIFIEDLAYER-AS-1 - Unified Layer, US)"
sidecar-ai.mail.protection.outlook.com,1,"AS8075 (MICROSOFT-CORP-MSN-AS-BLOCK - Microsoft Corporation, US)"
mail.pyiquantum.com,1,"AS132420 (E2E-NETWORKS-IN 282, Sector 19, IN)"
sidebyside.co.uk,1,"AS21499 (GODADDY-SXB, DE)"
poczta.pystyportfel.pl,1,"AS31242 (TKPSA-AS, PL)"
mail.signalance.com,1,"AS47583 (AS-HOSTINGER, CY)"
sigismail.com,1,"AS19318 (IS-AS-1 - Interserver, Inc, US)"
sickseo.co.uk,1,"AS34931 (AWARESOFT, GB)"
ec2-34-220-151-213.us-west-2.compute.amazonaws.com,1,"AS16509 (AMAZON-02 - Amazon.com, Inc., US)"
mail.q8cbwendy.com,1,"AS47583 (AS-HOSTINGER, CY)"
mail.signifimails.ru,1,"AS12586 (ASGHOSTNET, DE)"
signa-com.mail.protection.outlook.com,1,"AS8075 (MICROSOFT-CORP-MSN-AS-BLOCK - Microsoft Corporation, US)"
mail.qacmemphis.com,1,"AS47583 (AS-HOSTINGER, CY)"
mail.sigmoidsemail.com,1,"AS12586 (ASGHOSTNET, DE)"
signaturerealtynj-com.mail.protection.outlook.com,1,"AS8075 (MICROSOFT-CORP-MSN-AS-BLOCK - Microsoft Corporation, US)"
signifmail.com,1,"AS213702 (QWINS-LTD QWINS AS-SET: ~ # AS213702:AS-CUSTOMERS, GB)"
sija.pl,1,"AS24940 (HETZNER-AS, DE)"
mail.qarea.com,1,"AS49981 (WORLDSTREAM, NL)"
mail.sigaul.com,1,"AS55688 (BEON-AS-ID PT. Beon Intermedia, ID)"
silaaccounting-com.mail.protection.outlook.com,1,"AS8075 (MICROSOFT-CORP-MSN-AS-BLOCK - Microsoft Corporation, US)"
localhost.qaypal.com,1,"AS13335 (CLOUDFLARENET - Cloudflare, Inc., US)"
mxrouter.qaoloty.com,1,"AS14061 (DIGITALOCEAN-ASN - DigitalOcean, LLC, US)"
sify-com.mail.protection.outlook.com,1,"AS8075 (MICROSOFT-CORP-MSN-AS-BLOCK - Microsoft Corporation, US)"
mail.sillylf.com,1,"AS47583 (AS-HOSTINGER, CY)"
mail.silvaron.cfd,1,"AS203446 (AS203446, GB)"
mail.qblockingd.com,1,"AS47583 (AS-HOSTINGER, CY)"
silenceuds.ru,1,"AS213702 (QWINS-LTD QWINS AS-SET: ~ # AS213702:AS-CUSTOMERS, GB)"
qbesar.net,1,"AS394380 (LEASEWEB-USA-DAL - Leaseweb USA, Inc., US)"
mail.qcmails.ca,1,"AS51167 (CONTABO, DE)"
mail.qc.to,1,"AS36351 (SOFTLAYER - IBM Cloud, US)"
qdproceedsp.com,1,"AS47583 (AS-HOSTINGER, CY)"
mail.qeispacesq.com,1,"AS47583 (AS-HOSTINGER, CY)"
mail.qedwardr.com,1,"AS47583 (AS-HOSTINGER, CY)"
simmanllc-com.mail.protection.outlook.com,1,"AS8075 (MICROSOFT-CORP-MSN-AS-BLOCK - Microsoft Corporation, US)"
qcico.com,1,"AS24940 (HETZNER-AS, DE)"
mx2.global.datahoster.net,1,
simplyshop24.com,1,"AS14618 (AMAZON-AES - Amazon.com, Inc., US)"
mail.qfhometown.com,1,"AS47583 (AS-HOSTINGER, CY)"
racksov9.qeurtor.com,1,"AS14061 (DIGITALOCEAN-ASN - DigitalOcean, LLC, US)"
mail.qfrwilliam.com,1,"AS47583 (AS-HOSTINGER, CY)"
mx2.simple-mail-server.bid,1,"AS200107 (KL-EXT, CH)"
simplyina.com,1,"AS22612 (NAMECHEAP-NET - Namecheap, Inc., US)"
mail.sinemail.info,1,"AS8075 (MICROSOFT-CORP-MSN-AS-BLOCK - Microsoft Corporation, US)"
mail.qhstreetr.com,1,"AS47583 (AS-HOSTINGER, CY)"
mail.singledaddydaycare.blog,1,"AS204601 (PODAON, NL)"
mail.singaporeg.sg,1,"AS3758 (SINGNET SingNet, SG)"
mail.sinistromail.ru,1,"AS12586 (ASGHOSTNET, DE)"
mail.qis.net,1,"AS7055 (QIS - Quantum Internet Services, Inc., US)"
sindu.org,1,"AS58487 (CRI-AS-AP CV. Rumahweb Indonesia, ID)"
mail.siphonobranli.com,1,"AS12586 (ASGHOSTNET, DE)"
bak002.sinrasu.com,1,"AS14061 (DIGITALOCEAN-ASN - DigitalOcean, LLC, US)"
mail.siphonobremail.ru,1,"AS12586 (ASGHOSTNET, DE)"
sip-com.mail.protection.outlook.com,1,"AS8075 (MICROSOFT-CORP-MSN-AS-BLOCK - Microsoft Corporation, US)"
mail.siphonosrsmail.ru,1,"AS12586 (ASGHOSTNET, DE)"
siogenicmail.com,1,"AS213702 (QWINS-LTD QWINS AS-SET: ~ # AS213702:AS-CUSTOMERS, GB)"
sirtime.com,1,"AS19871 (NETWORK-SOLUTIONS-HOSTING - Network Solutions, LLC, US)"
mail.siphonobrinf.com,1,"AS12586 (ASGHOSTNET, DE)"
mail.qkjruledr.com,1,"AS47583 (AS-HOSTINGER, CY)"
siphonobrmail.com,1,"AS213702 (QWINS-LTD QWINS AS-SET: ~ # AS213702:AS-CUSTOMERS, GB)"
a483290.mx.mailhop.org,1,"AS16509 (AMAZON-02 - Amazon.com, Inc., US)"
webmail.sisood.com,1,"AS16276 (OVH, FR)"
mail.qlillness.com,1,"AS47583 (AS-HOSTINGER, CY)"
mail.sisterselement.com,1,"AS151858 (INTERDIGI-VN INTERDIGI JOINT STOCK COMPANY, VN)"
mail.qmails.website,1,"AS204601 (PODAON, NL)"
mail.qmailv.com,1,"AS14061 (DIGITALOCEAN-ASN - DigitalOcean, LLC, US)"
mail.qmai1.com,1,"AS19871 (NETWORK-SOLUTIONS-HOSTING - Network Solutions, LLC, US)"
mail.qnorfolkx.com,1,"AS47583 (AS-HOSTINGER, CY)"
mailsg.eurodyn.com,1,"AS15430 (European Dynamics SA, GR)"
mail.qkrxoals.kro.kr,1,
mail.sitdown.info,1,"AS37153 (xneelo, ZA)"
qmoil.com,1,"AS24940 (HETZNER-AS, DE)"
mail.sixze.com,1,"AS14061 (DIGITALOCEAN-ASN - DigitalOcean, LLC, US)"
w020e0dc.kasserver.com,1,"AS34788 (NMM-AS D - 02742 Friedersdorf Hauptstrasse 68, DE)"
pop.sk2.biz,1,"AS401696 (COGNETCLOUD - cognetcloud INC, US)"
skeletoncoastnationalpark.com,1,"AS36454 (WHG-DAL, GB)"
qqaonwin.org,1,"AS22612 (NAMECHEAP-NET - Namecheap, Inc., US)"
mx.qqaa.com,1,"AS14618 (AMAZON-AES - Amazon.com, Inc., US)"
mail.skandiasport.com,1,"AS210878 (TREADSTONE-AS, RO)"
email.qs2k.com,1,"AS63949 (AKAMAI-LINODE-AP Akamai Connected Cloud, SG)"
skachat-888poker.ru,1,"AS204601 (PODAON, NL)"
mail.skincareit.com,1,"AS22612 (NAMECHEAP-NET - Namecheap, Inc., US)"
qooqle.cc,1,"AS25820 (IT7NET - IT7 Networks Inc, CA)"
mx1.skibidipa.com,1,"AS200107 (KL-EXT, CH)"
qseminarb.com,1,"AS47583 (AS-HOSTINGER, CY)"
qscale-com.mail.protection.outlook.com,1,"AS8075 (MICROSOFT-CORP-MSN-AS-BLOCK - Microsoft Corporation, US)"
mail2.tencent.com,1,
mail.skillful.top,1,"AS16276 (OVH, FR)"
skola.edu.pl,1,"AS47583 (AS-HOSTINGER, CY)"
skoozipasta-com.mail.protection.outlook.com,1,"AS8075 (MICROSOFT-CORP-MSN-AS-BLOCK - Microsoft Corporation, US)"
quack-co-uk.mail.protection.outlook.com,1,
mail.quadragemail.ru,1,"AS12586 (ASGHOSTNET, DE)"
mail.quadrumail.ru,1,"AS12586 (ASGHOSTNET, DE)"
mail.quadrivalfml.ru,1,"AS12586 (ASGHOSTNET, DE)"
skycustomhomes-com.mail.protection.outlook.com,1,"AS8075 (MICROSOFT-CORP-MSN-AS-BLOCK - Microsoft Corporation, US)"
network.sufitchi.com,1,"AS13886 (CLOUD-SOUTH - Cloud South, US)"
quaich-com.mail.protection.outlook.com,1,"AS8075 (MICROSOFT-CORP-MSN-AS-BLOCK - Microsoft Corporation, US)"
mail.qualifimails.ru,1,"AS12586 (ASGHOSTNET, DE)"
mail.skyhighdreem.com,1,"AS12586 (ASGHOSTNET, DE)"
mx6.quanthax.com,1,
mail.skylinkdistribution.com,1,"AS14061 (DIGITALOCEAN-ASN - DigitalOcean, LLC, US)"
skylinesco-com.mail.protection.outlook.com,1,"AS8075 (MICROSOFT-CORP-MSN-AS-BLOCK - Microsoft Corporation, US)"
quantinuum-com.mail.protection.outlook.com,1,"AS8075 (MICROSOFT-CORP-MSN-AS-BLOCK - Microsoft Corporation, US)"
mxa-001ca501.gslb.pphosted.com,1,"AS26211 (PROOFPOINT-ASN-US-WEST - Proofpoint, Inc., US)"
www376.your-server.de,1,"AS24940 (HETZNER-AS, DE)"
mail.skyworldtech.com,1,
mail.quantinium.com,1,"AS36103 (CENTRALUTAH - Central Utah Telephone, Inc., US)"
quantumtoolset-com.mail.protection.outlook.com,1,"AS8075 (MICROSOFT-CORP-MSN-AS-BLOCK - Microsoft Corporation, US)"
mail1.glue.ch,1,
skynet.infos.st,1,"AS16276 (OVH, FR)"
mx.glb.proximus.be,1,"AS5432 (PROXIMUS-ISP-AS, BE)"
mail.slicediceandspiceny.com,1,"AS63949 (AKAMAI-LINODE-AP Akamai Connected Cloud, SG)"
sleepary-com.mail.protection.outlook.com,1,"AS8075 (MICROSOFT-CORP-MSN-AS-BLOCK - Microsoft Corporation, US)"
smtp1.level27.eu,1,"AS59943 (LEVEL27-AS, BE)"
mail.sleapmail.com,1,"AS12586 (ASGHOSTNET, DE)"
slfence-com.mail.protection.outlook.com,1,"AS8075 (MICROSOFT-CORP-MSN-AS-BLOCK - Microsoft Corporation, US)"
mail.quentavo.cfd,1,"AS203446 (AS203446, GB)"
mail.slipperyjo.ru,1,"AS12586 (ASGHOSTNET, DE)"
quera-com.mail.protection.outlook.com,1,"AS8075 (MICROSOFT-CORP-MSN-AS-BLOCK - Microsoft Corporation, US)"
queru.com,1,"AS6939 (HURRICANE - Hurricane Electric LLC, US)"
mail.slippery.email,1,"AS16509 (AMAZON-02 - Amazon.com, Inc., US)"
mx1.quequeremos.com,1,"AS200107 (KL-EXT, CH)"
query.com,1,"AS19318 (IS-AS-1 - Interserver, Inc, US)"
queri-com.mail.protection.outlook.com,1,"AS8075 (MICROSOFT-CORP-MSN-AS-BLOCK - Microsoft Corporation, US)"
mail.slimz.top,1,"AS16276 (OVH, FR)"
mail.querah.com,1,"AS210403 (LWS, FR)"
mail.questionmail.ru,1,"AS12586 (ASGHOSTNET, DE)"
mail.slingomother.ru,1,"AS198068 (PAGM-AS, EE)"
queray-com.mail.protection.outlook.com,1,"AS8075 (MICROSOFT-CORP-MSN-AS-BLOCK - Microsoft Corporation, US)"
mx1.queza.com,1,"AS39729 (REGISTER-AS, IT)"
slu21svky.com,1,"AS47583 (AS-HOSTINGER, CY)"
slpack-com.mail.protection.outlook.com,1,"AS8075 (MICROSOFT-CORP-MSN-AS-BLOCK - Microsoft Corporation, US)"
mail.quicklyy.fun,1,
mail.quick.careline.click,1,"AS51167 (CONTABO, DE)"
sltmail-com.mail.protection.outlook.com,1,"AS8075 (MICROSOFT-CORP-MSN-AS-BLOCK - Microsoft Corporation, US)"
quickloans-com.mail.protection.outlook.com,1,"AS8075 (MICROSOFT-CORP-MSN-AS-BLOCK - Microsoft Corporation, US)"
mail.quicktreage.com,1,"AS47583 (AS-HOSTINGER, CY)"
quicktemp.email,1,"AS12876 (Online SAS, FR)"
mail.quickreply.carolinensielhafen.click,1,"AS51167 (CONTABO, DE)"
quickinbox.com,1,"AS20068 (HAWKHOST - Hawk Host Inc., CA)"
_dc-mx.aab084b15deb.quickmail.uk,1,"AS18450 (WEBNX - WebNX, Inc., US)"
mail.quiet-branch.com,1,"AS197540 (NETCUP-AS netcup GmbH, DE)"
smallntm.lol,1,"AS47583 (AS-HOSTINGER, CY)"
mail.quieresmail.com,1,"AS12586 (ASGHOSTNET, DE)"
mail.quienmail.com,1,"AS12586 (ASGHOSTNET, DE)"
mail.quikdrop.space,1,"AS19318 (IS-AS-1 - Interserver, Inc, US)"
mail.quickreply.51tiemo.com,1,"AS51167 (CONTABO, DE)"
quirsratio.com,1,"AS47583 (AS-HOSTINGER, CY)"
mail.quinquesylfml.ru,1,"AS12586 (ASGHOSTNET, DE)"
mail.quixentra.cfd,1,"AS203446 (AS203446, GB)"
mail.smart-thailand.com,1,
mail.quickz.top,1,"AS16276 (OVH, FR)"
mail.quirmail.ru,1,"AS12586 (ASGHOSTNET, DE)"
mail.quorixia.cfd,1,"AS203446 (AS203446, GB)"
smartgrid-com.mail.protection.outlook.com,1,"AS8075 (MICROSOFT-CORP-MSN-AS-BLOCK - Microsoft Corporation, US)"
mail.smallbutnaughty.com,1,"AS210079 (EUROBYTE, RU)"
mail.smartkeeda.net,1,"AS16509 (AMAZON-02 - Amazon.com, Inc., US)"
quotewizard-com.mail.protection.outlook.com,1,"AS8075 (MICROSOFT-CORP-MSN-AS-BLOCK - Microsoft Corporation, US)"
d292659a.ess.barracudanetworks.com,1,"AS16509 (AMAZON-02 - Amazon.com, Inc., US)"
mail.quuradminb.com,1,"AS47583 (AS-HOSTINGER, CY)"
slot889.net,1,"AS26496 (AS-26496-GO-DADDY-COM-LLC - GoDaddy.com, LLC, US)"
mail.qwertymail.ru,1,"AS8342 (RTCOMM-AS, RU)"
mx.inbox.eu,1,"AS12993 (DEAC-AS, LV)"
mx2.qwfox.com,1,"AS200107 (KL-EXT, CH)"
mail.qyver.online,1,"AS29066 (VELIANET-AS velia.net Internetdienste GmbH, DE)"
qzure-com.mail.protection.outlook.com,1,
mail.qzlfalleno.com,1,"AS47583 (AS-HOSTINGER, CY)"
r-ga.com,1,"AS204800 (WHG-SGP, GB)"
mail.qualifmail.ru,1,"AS12586 (ASGHOSTNET, DE)"
r2ginversiones.com,1,"AS55293 (A2HOSTING - A2 Hosting, Inc., US)"
r3-com.mail.protection.outlook.com,1,"AS8075 (MICROSOFT-CORP-MSN-AS-BLOCK - Microsoft Corporation, US)"
mail.r4temail.com,1,"AS12586 (ASGHOSTNET, DE)"
email.skylinescity.com,1,"AS36352 (AS-COLOCROSSING - HostPapa, US)"
mx1.r7.email.locaweb.com.br,1,"AS27715 (Locaweb Servicos de Internet SA, BR)"
mail.quarvex.cfd,1,"AS203446 (AS203446, GB)"
mail.qudera.com,1,"AS19871 (NETWORK-SOLUTIONS-HOSTING - Network Solutions, LLC, US)"
mail.racaho.com,1,"AS14061 (DIGITALOCEAN-ASN - DigitalOcean, LLC, US)"
mail.slgdaily.xyz,1,"AS45102 (ALIBABA-CN-NET Alibaba US Technology Co., Ltd., CN)"
quasdmail.com,1,"AS213702 (QWINS-LTD QWINS AS-SET: ~ # AS213702:AS-CUSTOMERS, GB)"
mail.quartmail.com,1,"AS12586 (ASGHOSTNET, DE)"
mail.quedra.com,1,"AS12296 (ADANET-, TR)"
radeshop.com,1,"AS47583 (AS-HOSTINGER, CY)"
mail.radiant-flow.org,1,"AS197540 (NETCUP-AS netcup GmbH, DE)"
qbak001.racovor.com,1,"AS14061 (DIGITALOCEAN-ASN - DigitalOcean, LLC, US)"
mail.radexi.com,1,"AS51167 (CONTABO, DE)"
mail.radexi.info,1,"AS51167 (CONTABO, DE)"
r8r4p0cb.com,1,"AS24961 (MYLOC-AS IP Backbone of WIIT AG formerly myLoc managed IT AG, DE)"
mail.radiaolml.ru,1,"AS12586 (ASGHOSTNET, DE)"
mail.radioemail.ru,1,"AS12586 (ASGHOSTNET, DE)"
dns.racycli.com,1,"AS14061 (DIGITALOCEAN-ASN - DigitalOcean, LLC, US)"
mail.radioacmail.ru,1,"AS12586 (ASGHOSTNET, DE)"
mail.radioautmail.ru,1,"AS12586 (ASGHOSTNET, DE)"
radicalsecurity-org.mail.protection.outlook.com,1,"AS8075 (MICROSOFT-CORP-MSN-AS-BLOCK - Microsoft Corporation, US)"
mail.radioauemail.ru,1,"AS12586 (ASGHOSTNET, DE)"
mail.radiculemfri.com,1,"AS12586 (ASGHOSTNET, DE)"
mail.radiofml.ru,1,"AS12586 (ASGHOSTNET, DE)"
mail.radiomail.ru,1,"AS12586 (ASGHOSTNET, DE)"
radiobmail.com,1,"AS213702 (QWINS-LTD QWINS AS-SET: ~ # AS213702:AS-CUSTOMERS, GB)"
mail.radioml.ru,1,"AS12586 (ASGHOSTNET, DE)"
mail.radiometeinf.com,1,"AS12586 (ASGHOSTNET, DE)"
mail.radiophotmail.ru,1,"AS12586 (ASGHOSTNET, DE)"
mail.radiolummail.com,1,"AS12586 (ASGHOSTNET, DE)"
mail.radiotelepmail.ru,1,"AS12586 (ASGHOSTNET, DE)"
mail.radiotelinf.com,1,"AS12586 (ASGHOSTNET, DE)"
mail.radiote.ru,1,"AS12586 (ASGHOSTNET, DE)"
mail.radirsmail.ru,1,"AS12586 (ASGHOSTNET, DE)"
mail.radiotept.ru,1,"AS12586 (ASGHOSTNET, DE)"
mail.radiotraemail.ru,1,"AS12586 (ASGHOSTNET, DE)"
mail.quecruncher.com,1,"AS41528 (LOOPIA3, SE)"
mx.radio-crazy.pl,1,"AS14061 (DIGITALOCEAN-ASN - DigitalOcean, LLC, US)"
mx.rain.network,1,"AS37105 (RAIN-GROUP-HOLDINGS, ZA)"
mail.rainga.ng,1,"AS203446 (AS203446, GB)"
colo2.rainence.com,1,"AS14061 (DIGITALOCEAN-ASN - DigitalOcean, LLC, US)"
mx.free.nf,1,"AS34119 (WILDCARD-AS Wildcard UK Limited, GB)"
rajshreetrading.com,1,"AS204800 (WHG-SGP, GB)"
mail.raja333.org,1,"AS57344 (TELEHOUSE-AS, BG)"
mx6.ralphlaurenfemme3.com,1,
mtrv4xroute.raligaan.com,1,"AS14061 (DIGITALOCEAN-ASN - DigitalOcean, LLC, US)"
mail.ramcen.com,1,"AS14061 (DIGITALOCEAN-ASN - DigitalOcean, LLC, US)"
mx6.ralph-laurensoldes.com,1,
mail.rambara.com,1,"AS14061 (DIGITALOCEAN-ASN - DigitalOcean, LLC, US)"
mail.ramizan.com,1,"AS14061 (DIGITALOCEAN-ASN - DigitalOcean, LLC, US)"
ramen.org,1,"AS9371 (SAKURA-C SAKURA Internet Inc., JP)"
mail.truocloud.com,1,"AS16276 (OVH, FR)"
mail.r-undelete.com,1,"AS40028 (AS40028 - 1651884 Ontario Inc., CA)"
rajapoker99.net,1,"AS22612 (NAMECHEAP-NET - Namecheap, Inc., US)"
mail.rando.buzz,1,"AS31863 (DACEN-2 - Centrilogic, Inc., US)"
rancemail.com,1,"AS213702 (QWINS-LTD QWINS AS-SET: ~ # AS213702:AS-CUSTOMERS, GB)"
mail.raken.com,1,"AS15576 (NTS, CH)"
sldmwa-mail.sldmwa.org,1,
qwarmingu.com,1,"AS47583 (AS-HOSTINGER, CY)"
mx1.qvwthrows.com,1,"AS200107 (KL-EXT, CH)"
randol.infos.st,1,"AS16276 (OVH, FR)"
ramaakunting.com,1,"AS131775 (IDNIC-JALANET-AS-ID PT. Jupiter Jala Arta, ID)"
mail.rapidletter.net,1,"AS212772 (ADGUARD, CY)"
_dc-mx.45f449f75e84.rapidwebmail.com,1,"AS18450 (WEBNX - WebNX, Inc., US)"
mail.raleighshoebuddy.com,1,"AS29182 (RU-JSCIOT, RU)"
mail.qvaq.ru,1,"AS197695 (AS-REG, RU)"
mail.rapidlyws.com,1,"AS47583 (AS-HOSTINGER, CY)"
rapidmail.sbs,1,"AS16276 (OVH, FR)"
rapidefr.fr.nf,1,"AS16276 (OVH, FR)"
mail.rapzip.com,1,
mail.rateliso.com,1,
mail.rattasatxqc.fun,1,"AS203446 (AS203446, GB)"
mail.ratiocmail.ru,1,"AS12586 (ASGHOSTNET, DE)"
mail.ratiocimails.ru,1,"AS12586 (ASGHOSTNET, DE)"
raspv.com,1,"AS24940 (HETZNER-AS, DE)"
mail.ratiocmail.com,1,"AS12586 (ASGHOSTNET, DE)"
mail.rax.la,1,"AS197540 (NETCUP-AS netcup GmbH, DE)"
mail.ratixq.com,1,"AS24940 (HETZNER-AS, DE)"
rawlingsfuneralhome-com.mail.protection.outlook.com,1,"AS8075 (MICROSOFT-CORP-MSN-AS-BLOCK - Microsoft Corporation, US)"
a346873.mx.mailhop.org,1,"AS16509 (AMAZON-02 - Amazon.com, Inc., US)"
mail.raymanmail.com,1,"AS12586 (ASGHOSTNET, DE)"
racarie-com.mail.protection.outlook.com,1,
antispam1.ihs.com.tr,1,"AS49126 (AS49126, TR)"
smtp-gateway.ski.net.id,1,"AS59281 (SKINET-AS-ID PT Sumber Koneksi Indonesia, ID)"
mail.radbandz.com,1,"AS55293 (A2HOSTING - A2 Hosting, Inc., US)"
mx1.cmlt.us,1,"AS63949 (AKAMAI-LINODE-AP Akamai Connected Cloud, SG)"
mail.rcardiogrammail.com,1,"AS197540 (NETCUP-AS netcup GmbH, DE)"
rcdom-org-uk.mail.protection.outlook.com,1,"AS8075 (MICROSOFT-CORP-MSN-AS-BLOCK - Microsoft Corporation, US)"
rd-com.mail.protection.outlook.com,1,"AS8075 (MICROSOFT-CORP-MSN-AS-BLOCK - Microsoft Corporation, US)"
mail.react-mail.com,1,"AS31898 (ORACLE-BMC-31898 - Oracle Corporation, US)"
rbtsaratov.ru,1,"AS204601 (PODAON, NL)"
dkim.rdharewa.com,1,"AS14061 (DIGITALOCEAN-ASN - DigitalOcean, LLC, US)"
_dc-mx.2e3e6939f355.reactbooks.com,1,"AS46606 (UNIFIEDLAYER-AS-1 - Unified Layer, US)"
mail.ravenom.ru,1,"AS8926 (MOLDTELECOM-AS Moldtelecom Autonomous System, MD)"
mail.qvera.com,1,
mail.reaggravfml.ru,1,"AS12586 (ASGHOSTNET, DE)"
host3.realcheckstubs.com,1,"AS32244 (LIQUIDWEB - Liquid Web, L.L.C, US)"
readmail.biz.st,1,"AS16276 (OVH, FR)"
work.timbu.cloud,1,"AS24940 (HETZNER-AS, DE)"
realchristine.com,1,"AS133752 (LEASEWEB-APAC-HKG-10 LEASEWEB HONG KONG LIMITED, HK)"
mx1.mx-relay.com,1,"AS16633 (I-3 - N-able Technologies, Inc., US)"
mail.reactfrin.ru,1,"AS12586 (ASGHOSTNET, DE)"
rakuten-com.mail.protection.outlook.com,1,"AS8075 (MICROSOFT-CORP-MSN-AS-BLOCK - Microsoft Corporation, US)"
colo3.rearised.com,1,"AS14061 (DIGITALOCEAN-ASN - DigitalOcean, LLC, US)"
mail.reassimi.com,1,"AS12586 (ASGHOSTNET, DE)"
mail.reassurvegai.ru,1,"AS12586 (ASGHOSTNET, DE)"
mail.recapitufmail.ru,1,"AS12586 (ASGHOSTNET, DE)"
mx2.reality-concept.club,1,"AS200107 (KL-EXT, CH)"
mx1.hostinger.it,1,"AS13335 (CLOUDFLARENET - Cloudflare, Inc., US)"
mail.recapiml.ru,1,"AS12586 (ASGHOSTNET, DE)"
mail.receptimail.ru,1,"AS12586 (ASGHOSTNET, DE)"
mail.recertifml.ru,1,"AS12586 (ASGHOSTNET, DE)"
mail.reciprmails.ru,1,"AS12586 (ASGHOSTNET, DE)"
mail.recalcitromail.com,1,"AS12586 (ASGHOSTNET, DE)"
mx2.rebekamail.com,1,"AS200107 (KL-EXT, CH)"
mail.recodificfmail.ru,1,"AS12586 (ASGHOSTNET, DE)"
recorderxfm.com,1,"AS47583 (AS-HOSTINGER, CY)"
mail.reciprocfml.com,1,"AS12586 (ASGHOSTNET, DE)"
mail.recodifimails.ru,1,"AS12586 (ASGHOSTNET, DE)"
reattivonews.com,1,"AS24940 (HETZNER-AS, DE)"
mail.reconcilabmails.ru,1,"AS12586 (ASGHOSTNET, DE)"
mail.reconfirmafkml.ru,1,"AS12586 (ASGHOSTNET, DE)"
mail.reconsomail.ru,1,"AS12586 (ASGHOSTNET, DE)"
mail.reconsoli.ru,1,"AS12586 (ASGHOSTNET, DE)"
recurrenta.com,1,"AS14061 (DIGITALOCEAN-ASN - DigitalOcean, LLC, US)"
mail.recreatimail.ru,1,"AS12586 (ASGHOSTNET, DE)"
mail.recrimimail.ru,1,"AS12586 (ASGHOSTNET, DE)"
raja333.net,1,"AS214036 (ULTAHOST-AS, US)"
mail.recrystallifmk.com,1,"AS12586 (ASGHOSTNET, DE)"
mail.rectangml.ru,1,"AS12586 (ASGHOSTNET, DE)"
_dc-mx.7f5098d22653.red-r.org,1,"AS63473 (HOSTHATCH - HostHatch, LLC, US)"
mail.recurvirosmail.ru,1,"AS12586 (ASGHOSTNET, DE)"
recupmail.com,1,"AS213702 (QWINS-LTD QWINS AS-SET: ~ # AS213702:AS-CUSTOMERS, GB)"
mail.red-pearl-model.de,1,"AS24940 (HETZNER-AS, DE)"
redesdem.com,1,"AS19871 (NETWORK-SOLUTIONS-HOSTING - Network Solutions, LLC, US)"
redf.site,1,"AS15802 (DU-AS1, AE)"
red-tron.com,1,"AS51191 (XIRRA, DE)"
mail.redmail.shop,1,"AS4766 (KIXS-AS-KR Korea Telecom, KR)"
mail.redistribmil.ru,1,"AS12586 (ASGHOSTNET, DE)"
mx6.rediffmail.net,1,
mail.redmaiil.com,1,"AS12586 (ASGHOSTNET, DE)"
s73.srv-console.com,1,"AS213535 (YOTTASRC, SA)"
mail.red-paddle.ru,1,"AS29182 (RU-JSCIOT, RU)"
mail.reductiaemail.ru,1,"AS12586 (ASGHOSTNET, DE)"
redrivervalleyacademy.com,1,"AS59253 (LEASEWEB-APAC-SIN-11 LEASEWEB SINGAPORE PTE. LTD., SG)"
mail.rankermath.com.tr,1,"AS213535 (YOTTASRC, SA)"
redi.fr.nf,1,"AS16276 (OVH, FR)"
mail.reeval.ru,1,"AS12586 (ASGHOSTNET, DE)"
mail.redfeathercrow.com,1,"AS29182 (RU-JSCIOT, RU)"
mx2.rediffmailo.com,1,"AS200107 (KL-EXT, CH)"
mail.reevamail.com,1,"AS12586 (ASGHOSTNET, DE)"
mail.reevamails.ru,1,"AS12586 (ASGHOSTNET, DE)"
mail.rapidmail.de,1,"AS58010 (UVENSYS, DE)"
mail.reevalmail.com,1,"AS12586 (ASGHOSTNET, DE)"
_dc-mx.fc65f059fa79.regadub.ru,1,"AS213038 (DREAMVPS, IL)"
in.remailer.it,1,"AS31034 (ARUBA-ASN, IT)"
mail.refrangimail.ru,1,"AS12586 (ASGHOSTNET, DE)"
regencyop-com.mail.protection.outlook.com,1,"AS8075 (MICROSOFT-CORP-MSN-AS-BLOCK - Microsoft Corporation, US)"
mail.regionalmgmt.com,1,"AS7922 (COMCAST-7922 - Comcast Cable Communications, LLC, US)"
mail.reduplicatmails.ru,1,"AS12586 (ASGHOSTNET, DE)"
mail.regardermail.com,1,"AS12586 (ASGHOSTNET, DE)"
mail.rehabirsmail.ru,1,"AS12586 (ASGHOSTNET, DE)"
mail.reharmonmails.ru,1,"AS12586 (ASGHOSTNET, DE)"
mail.rehabmalu.ru,1,"AS12586 (ASGHOSTNET, DE)"
mail.reindustml.ru,1,"AS12586 (ASGHOSTNET, DE)"
mail.reinvmail.ru,1,"AS12586 (ASGHOSTNET, DE)"
mail.reginekarlsen.me,1,"AS15685 (CASABLANCA-AS Internet & Collocation Provider, CZ)"
mail.reincarnamail.ru,1,"AS12586 (ASGHOSTNET, DE)"
mail.reinvestimail.ru,1,"AS12586 (ASGHOSTNET, DE)"
mail.reinterpretafmals.com,1,"AS12586 (ASGHOSTNET, DE)"
mail.reklama.com,1,"AS31898 (ORACLE-BMC-31898 - Oracle Corporation, US)"
registry-godaddy.mail.protection.outlook.com,1,"AS8075 (MICROSOFT-CORP-MSN-AS-BLOCK - Microsoft Corporation, US)"
rejeki303.org,1,"AS22612 (NAMECHEAP-NET - Namecheap, Inc., US)"
mail.rekaer.com,1,"AS14061 (DIGITALOCEAN-ASN - DigitalOcean, LLC, US)"
relationshiphotline.com,1,"AS14061 (DIGITALOCEAN-ASN - DigitalOcean, LLC, US)"
mail.relayix.cfd,1,"AS24940 (HETZNER-AS, DE)"
mail.relativmail.ru,1,"AS12586 (ASGHOSTNET, DE)"
mail.relativismail.com,1,"AS12586 (ASGHOSTNET, DE)"
reklambladerbjudande.se,1,"AS20857 (TRANSIP-AS Amsterdam, the Netherlands, NL)"
mail.reliable-mail.com,1,"AS32244 (LIQUIDWEB - Liquid Web, L.L.C, US)"
mx1.oderland.com,1,"AS44136 (ASODERLAND, SE)"
reliable1iowa-com.mail.protection.outlook.com,1,"AS8075 (MICROSOFT-CORP-MSN-AS-BLOCK - Microsoft Corporation, US)"
mail.rackabzar.com,1,"AS16276 (OVH, FR)"
mail.relocfmk.com,1,"AS12586 (ASGHOSTNET, DE)"
mail.remarkablfmail.ru,1,"AS12586 (ASGHOSTNET, DE)"
mail.remunaml.ru,1,"AS12586 (ASGHOSTNET, DE)"
mail.remodificmail.ru,1,"AS12586 (ASGHOSTNET, DE)"
mail.remilitarmail.com,1,"AS12586 (ASGHOSTNET, DE)"
removersllc-com.mail.protection.outlook.com,1,"AS8075 (MICROSOFT-CORP-MSN-AS-BLOCK - Microsoft Corporation, US)"
mail.remembeli.com,1,"AS12586 (ASGHOSTNET, DE)"
mail.remuneinf.com,1,"AS12586 (ASGHOSTNET, DE)"
mail.renegmail.ru,1,"AS12586 (ASGHOSTNET, DE)"
mail.renegotsalo.ru,1,"AS12586 (ASGHOSTNET, DE)"
mail.renocemail.ru,1,"AS12586 (ASGHOSTNET, DE)"
mail.renomail.ru,1,"AS12586 (ASGHOSTNET, DE)"
mail.renvotra.cfd,1,"AS203446 (AS203446, GB)"
rentalcardaily.com,1,"AS24940 (HETZNER-AS, DE)"
mail.reorien.ru,1,"AS12586 (ASGHOSTNET, DE)"
mail.reparamails.ru,1,"AS12586 (ASGHOSTNET, DE)"
reply.ticketmaster.com,1,"AS46318 (TECHOPS-ASN-4 - Live Nation Entertainment, Inc., US)"
mail.repairalliance.org,1,"AS197540 (NETCUP-AS netcup GmbH, DE)"
mail.repemail.ru,1,"AS12586 (ASGHOSTNET, DE)"
mail.reorganili.com,1,"AS12586 (ASGHOSTNET, DE)"
mail.replaceamail.ru,1,"AS12586 (ASGHOSTNET, DE)"
mail.repetitiruby.ru,1,"AS12586 (ASGHOSTNET, DE)"
mail.repolarimail.ru,1,"AS12586 (ASGHOSTNET, DE)"
mail18.lh.pl,1,"AS203417 (LH, PL)"
mail.repex.es,1,"AS16276 (OVH, FR)"
mail.representa.ru,1,"AS12586 (ASGHOSTNET, DE)"
mail.reprehensmalu.ru,1,"AS12586 (ASGHOSTNET, DE)"
mail.representmails.ru,1,"AS12586 (ASGHOSTNET, DE)"
mail.representatmyu.ru,1,"AS12586 (ASGHOSTNET, DE)"
mail.replyloop.com,1,"AS16276 (OVH, FR)"
mail.representebml.ru,1,"AS12586 (ASGHOSTNET, DE)"
mail.reprehensiml.ru,1,"AS12586 (ASGHOSTNET, DE)"
level2mx.rerdingag.com,1,"AS14061 (DIGITALOCEAN-ASN - DigitalOcean, LLC, US)"
repormail.com,1,"AS213702 (QWINS-LTD QWINS AS-SET: ~ # AS213702:AS-CUSTOMERS, GB)"
mail.representatinf.com,1,"AS12586 (ASGHOSTNET, DE)"
mail.research.gng.edu.pl,1,"AS16276 (OVH, FR)"
spf0.rescueence.com,1,"AS14061 (DIGITALOCEAN-ASN - DigitalOcean, LLC, US)"
malibuzz.resetsecure.org,1,"AS51167 (CONTABO, DE)"
inbound.realestateinvestorsassociationoftoledo.com.emailmx.com,1,"AS15348 (TUCOWS - Tucows.com Co., CA)"
mail.resmso.com,1,"AS24940 (HETZNER-AS, DE)"
mail.responsive.co.il,1,"AS55293 (A2HOSTING - A2 Hosting, Inc., US)"
resolveclaims-co.mail.protection.outlook.com,1,"AS8075 (MICROSOFT-CORP-MSN-AS-BLOCK - Microsoft Corporation, US)"
mail.resorcinolmail.ru,1,"AS12586 (ASGHOSTNET, DE)"
mail.respectamail.ru,1,"AS12586 (ASGHOSTNET, DE)"
mail.responsibilmfri.com,1,"AS12586 (ASGHOSTNET, DE)"
mail.respirml.ru,1,"AS12586 (ASGHOSTNET, DE)"
restarteurope-com.mail.protection.outlook.com,1,"AS8075 (MICROSOFT-CORP-MSN-AS-BLOCK - Microsoft Corporation, US)"
resultaatmarketing.com,1,"AS63949 (AKAMAI-LINODE-AP Akamai Connected Cloud, SG)"
mx.resumeworks4u.com,1,"AS29873 (BIZLAND-SD - Newfold Digital, Inc., US)"
mail.retainabmail.ru,1,"AS12586 (ASGHOSTNET, DE)"
mail.reticemail.ru,1,"AS12586 (ASGHOSTNET, DE)"
mail.retiemail.ru,1,"AS12586 (ASGHOSTNET, DE)"
mail.retractamail.ru,1,"AS12586 (ASGHOSTNET, DE)"
mail.retractmail.ru,1,"AS12586 (ASGHOSTNET, DE)"
mail.retirmail.com,1,"AS12586 (ASGHOSTNET, DE)"
mx6.retinaprime.com,1,
reta-com.mail.protection.outlook.com,1,"AS8075 (MICROSOFT-CORP-MSN-AS-BLOCK - Microsoft Corporation, US)"
mail.retroactfmail.ru,1,"AS12586 (ASGHOSTNET, DE)"
mail.retroaml.ru,1,"AS12586 (ASGHOSTNET, DE)"
mail.retrocognfml.ru,1,"AS12586 (ASGHOSTNET, DE)"
mail.retrommail.ru,1,"AS12586 (ASGHOSTNET, DE)"
mail.reticuloenmail.com,1,"AS12586 (ASGHOSTNET, DE)"
mail.retragmail.com,1,"AS3842 (RAMNODE - InMotion Hosting, Inc., US)"
ressources-solidaires.info,1,"AS131965 (XSERVER Xserver Inc., JP)"
mail.reutilmalis.com,1,"AS12586 (ASGHOSTNET, DE)"
mail.reuniofmk.com,1,"AS12586 (ASGHOSTNET, DE)"
mail.reversimail.ru,1,"AS12586 (ASGHOSTNET, DE)"
retailglobal-com.mail.protection.outlook.com,1,"AS8075 (MICROSOFT-CORP-MSN-AS-BLOCK - Microsoft Corporation, US)"
mail.reverberatmail.ru,1,"AS12586 (ASGHOSTNET, DE)"
reddcoin2.com,1,"AS47583 (AS-HOSTINGER, CY)"
mail.reverrsmail.ru,1,"AS12586 (ASGHOSTNET, DE)"
mail.reverentomail.com,1,"AS12586 (ASGHOSTNET, DE)"
mx2.reviewsmr.com,1,"AS200107 (KL-EXT, CH)"
mail.revivmil.ru,1,"AS12586 (ASGHOSTNET, DE)"
mail.revitalility.ru,1,"AS12586 (ASGHOSTNET, DE)"
mail.revolutimail.ru,1,"AS12586 (ASGHOSTNET, DE)"
mail.redacciones.net,1,"AS56958 (RAIOLANETWORKS Raiola Networks S.L., ES)"
mail.revolumalis.com,1,"AS12586 (ASGHOSTNET, DE)"
mail.redevtmail.com,1,"AS12586 (ASGHOSTNET, DE)"
mail.rexabot.com,1,"AS203446 (AS203446, GB)"
revolutionalgorithm.com.revolutionalgorithm.com,1,
redrockdigital.net,1,"AS14061 (DIGITALOCEAN-ASN - DigitalOcean, LLC, US)"
rexodus-com.mail.protection.outlook.com,1,"AS8075 (MICROSOFT-CORP-MSN-AS-BLOCK - Microsoft Corporation, US)"
ns1.dns-parking.com,1,"AS13335 (CLOUDFLARENET - Cloudflare, Inc., US)"
mail.rezato.com,1,"AS14061 (DIGITALOCEAN-ASN - DigitalOcean, LLC, US)"
reedbusiness-nl.mail.protection.outlook.com,1,"AS8075 (MICROSOFT-CORP-MSN-AS-BLOCK - Microsoft Corporation, US)"
mail.revistaagora.top,1,"AS16276 (OVH, FR)"
mx01.mail.ncse.pl,1,"AS197226 (SPRINT-SDC, PL)"
rezor.io,1,"AS200514 (KNOWNSRV, GB)"
mail.rhemail.ru,1,"AS12586 (ASGHOSTNET, DE)"
mail.rheumamails.ru,1,"AS12586 (ASGHOSTNET, DE)"
mail.rhodymeemail.ru,1,"AS12586 (ASGHOSTNET, DE)"
inbound.rhadryeir.com,1,"AS14061 (DIGITALOCEAN-ASN - DigitalOcean, LLC, US)"
mail.rhondawilcoxfitness.com,1,"AS46606 (UNIFIEDLAYER-AS-1 - Unified Layer, US)"
mail.rgdoubtdhq.com,1,"AS53667 (PONYNET - FranTech Solutions, US)"
rhinolmail.com,1,"AS213702 (QWINS-LTD QWINS AS-SET: ~ # AS213702:AS-CUSTOMERS, GB)"
ribo-com.mail.protection.outlook.com,1,"AS8075 (MICROSOFT-CORP-MSN-AS-BLOCK - Microsoft Corporation, US)"
mail.ridabmals.ru,1,"AS12586 (ASGHOSTNET, DE)"
mail.ricrk.com,1,"AS26666 (INTERSERVER-LAX - Interserver, Inc, US)"
mx.rietti.com,1,"AS29873 (BIZLAND-SD - Newfold Digital, Inc., US)"
rifkinfox-com.mail.protection.outlook.com,1,"AS8075 (MICROSOFT-CORP-MSN-AS-BLOCK - Microsoft Corporation, US)"
antispam.graffitiweb.com,1,"AS20811 (BRENNERCOM-AS, IT)"
mail.rigidifimyu.ru,1,"AS12586 (ASGHOSTNET, DE)"
mail.rinkmail.com,1,"AS40021 (CONTABO-40021 - Contabo Inc., US)"
mail.ringx.com,1,"AS32613 (IWEB-AS - Leaseweb Canada Inc., CA)"
spf.ringment.com,1,"AS14061 (DIGITALOCEAN-ASN - DigitalOcean, LLC, US)"
mail.righteb.com,1,"AS204213 (NETMIHAN, IR)"
mx1.rigidmail.top,1,"AS200107 (KL-EXT, CH)"
mail.risingsuntouch.com,1,
ritualimail.com,1,"AS213702 (QWINS-LTD QWINS AS-SET: ~ # AS213702:AS-CUSTOMERS, GB)"
mail.ritual-rom.ru,1,"AS211642 (ADMINVPS, RU)"
mail.reebnz.com,1,"AS9009 (M247, RO)"
_dc-mx.a5428270281c.riversidecfm.com,1,"AS22612 (NAMECHEAP-NET - Namecheap, Inc., US)"
rivetti-com.mail.protection.outlook.com,1,"AS8075 (MICROSOFT-CORP-MSN-AS-BLOCK - Microsoft Corporation, US)"
rnimail.riviera-networks.com,1,"AS207181 (RNITELCO, FR)"
riverviewcontractors-com.mail.protection.outlook.com,1,"AS8075 (MICROSOFT-CORP-MSN-AS-BLOCK - Microsoft Corporation, US)"
mx.rizet.in,1,"AS14061 (DIGITALOCEAN-ASN - DigitalOcean, LLC, US)"
mail.rjdaum.com,1,"AS20001 (TWC-20001-PACWEST - Charter Communications Inc, US)"
rlginc-com.mail.protection.outlook.com,1,"AS8075 (MICROSOFT-CORP-MSN-AS-BLOCK - Microsoft Corporation, US)"
mx.reusable.email,1,"AS16276 (OVH, FR)"
rmexc-com.mail.protection.outlook.com,1,"AS8075 (MICROSOFT-CORP-MSN-AS-BLOCK - Microsoft Corporation, US)"
mail.reusmail.com,1,"AS12586 (ASGHOSTNET, DE)"
ridermail.shop,1,"AS209341 (WHG-FRA, GB)"
mail.rnlcrosoft.com,1,
rntmail.online,1,"AS213702 (QWINS-LTD QWINS AS-SET: ~ # AS213702:AS-CUSTOMERS, GB)"
reddmachine-com.mail.protection.outlook.com,1,"AS8075 (MICROSOFT-CORP-MSN-AS-BLOCK - Microsoft Corporation, US)"
mail.rfreedomj.com,1,"AS47583 (AS-HOSTINGER, CY)"
smtp25s.cp.hosting-srv.net,1,"AS4694 (IDCF IDC Frontier Inc., JP)"
robertmowlavi-com.mail.protection.outlook.com,1,
rgrocks-com.mail.protection.outlook.com,1,
mail.roalx.com,1,"AS14061 (DIGITALOCEAN-ASN - DigitalOcean, LLC, US)"
mail.rhabdomyos.ru,1,"AS12586 (ASGHOSTNET, DE)"
redrect.site,1,"AS53038 (IDC19 - WDI SOLUCOES EM TEC INFORMACAO LTDA, BR)"
mail.robo3.me,1,"AS47583 (AS-HOSTINGER, CY)"
mail.robo3.co,1,"AS47583 (AS-HOSTINGER, CY)"
mail.robot2.me,1,"AS47583 (AS-HOSTINGER, CY)"
mx1.roadrunneer.com,1,"AS54290 (HOSTWINDS - Hostwinds LLC., US)"
mail.rhabdomyosmail.ru,1,"AS12586 (ASGHOSTNET, DE)"
mx-in.rnvb.com,1,"AS16276 (OVH, FR)"
mail.robot-mail.com,1,"AS16276 (OVH, FR)"
mail.rm-tour.ru,1,"AS44094 (WEBHOST1-AS, RU)"
d231462a.ess.barracudanetworks.com,1,"AS16509 (AMAZON-02 - Amazon.com, Inc., US)"
rocketmail.fun,1,"AS16276 (OVH, FR)"
mail.rns-50.ru,1,"AS24940 (HETZNER-AS, DE)"
mail.rockstarseo.net,1,"AS46606 (UNIFIEDLAYER-AS-1 - Unified Layer, US)"
mx1.rockstmail.com,1,"AS200107 (KL-EXT, CH)"
mta5.am0.rocketmaill.com,1,"AS26666 (INTERSERVER-LAX - Interserver, Inc, US)"
mx6.rodsupersale.com,1,
mail.robinkikuchi.info,1,"AS29182 (RU-JSCIOT, RU)"
mail.roentgenotmyu.ru,1,"AS12586 (ASGHOSTNET, DE)"
mail.roentgenographf.ru,1,"AS12586 (ASGHOSTNET, DE)"
_dc-mx.2a997846ceca.rohkalby.com,1,"AS965 (WEBHOSTINGHOLDINGS - Webhosting Holdings LLC, US)"
mx1.rodtookjing.com,1,"AS200107 (KL-EXT, CH)"
mail.robinkikuchi.us,1,"AS29182 (RU-JSCIOT, RU)"
gdalult4.hostarmada.net,1,"AS394380 (LEASEWEB-USA-DAL - Leaseweb USA, Inc., US)"
mail.robink.info,1,"AS29182 (RU-JSCIOT, RU)"
mail.rojay.fr,1,"AS50474 (O2SWITCH, FR)"
roivenue-com.mail.protection.outlook.com,1,"AS8075 (MICROSOFT-CORP-MSN-AS-BLOCK - Microsoft Corporation, US)"
romaniansalsafestival.com,1,"AS14061 (DIGITALOCEAN-ASN - DigitalOcean, LLC, US)"
mail.romanticiolml.ru,1,"AS12586 (ASGHOSTNET, DE)"
mx.rogetti.com,1,"AS31034 (ARUBA-ASN, IT)"
mail.ronaldofmail.com,1,"AS12586 (ASGHOSTNET, DE)"
mailforward13.cloudns.net,1,"AS35661 (VIRTUASYS-EU Lift weight. Push bytes. Never drop. Repeat., FR)"
mail.roksa.pl,1,"AS16276 (OVH, FR)"
mx1.cloudhosting.net,1,"AS12488 (KRYSTAL, GB)"
mail.romatomail.com,1,"AS12586 (ASGHOSTNET, DE)"
ronnierage-net.mail.protection.outlook.com,1,"AS8075 (MICROSOFT-CORP-MSN-AS-BLOCK - Microsoft Corporation, US)"
roquette-com.mail.protection.outlook.com,1,"AS8075 (MICROSOFT-CORP-MSN-AS-BLOCK - Microsoft Corporation, US)"
mail.roman.tehsusu.biz.id,1,"AS51167 (CONTABO, DE)"
mail.roridulvegai.ru,1,"AS12586 (ASGHOSTNET, DE)"
mail.roseoftralee.com,1,"AS24940 (HETZNER-AS, DE)"
mail.rotogum.info,1,"AS51167 (CONTABO, DE)"
mail.rotogum.com,1,"AS51167 (CONTABO, DE)"
mail.rotogum.online,1,"AS51167 (CONTABO, DE)"
mail.roudar.com,1,"AS14061 (DIGITALOCEAN-ASN - DigitalOcean, LLC, US)"
rosary.net,1,"AS22612 (NAMECHEAP-NET - Namecheap, Inc., US)"
roupr-com.mail.protection.outlook.com,1,"AS8075 (MICROSOFT-CORP-MSN-AS-BLOCK - Microsoft Corporation, US)"
w00ffc10.kasserver.com,1,"AS34788 (NMM-AS D - 02742 Friedersdorf Hauptstrasse 68, DE)"
postj29ouc.rouflav.com,1,"AS14061 (DIGITALOCEAN-ASN - DigitalOcean, LLC, US)"
m.rovsv.com,1,"AS401696 (COGNETCLOUD - cognetcloud INC, US)"
mail.roweryo.com,1,"AS14061 (DIGITALOCEAN-ASN - DigitalOcean, LLC, US)"
smtp.roethke.info,1,"AS197540 (NETCUP-AS netcup GmbH, DE)"
mx2.roundlayout.com,1,"AS200107 (KL-EXT, CH)"
mx2.royalmarket.club,1,"AS200107 (KL-EXT, CH)"
mail.royalvx.com,1,"AS14061 (DIGITALOCEAN-ASN - DigitalOcean, LLC, US)"
mail.gwara.de,1,"AS30962 (COMTRANCE-AS, DE)"
rpocc.ru,1,"AS43865 (INTEK-M-AS, RU)"
mail.royalhost.info,1,"AS22612 (NAMECHEAP-NET - Namecheap, Inc., US)"
mx.rrediffmail.com,1,"AS26666 (INTERSERVER-LAX - Interserver, Inc, US)"
ccs.pl,1,"AS12824 (HOMEPL-AS, PL)"
rrezor.io,1,"AS200514 (KNOWNSRV, GB)"
mail.rs311e8.com,1,"AS47583 (AS-HOSTINGER, CY)"
mx1.rrrcat.com,1,"AS200107 (KL-EXT, CH)"
rtd-com.mail.protection.outlook.com,1,"AS8075 (MICROSOFT-CORP-MSN-AS-BLOCK - Microsoft Corporation, US)"
rsibanjarmasin.com,1,"AS215117 (HOSTERDADDY, IN)"
mail.roundwall.ru,1,"AS21100 (ITLDC-EU, US)"
mx.rtert.org,1,"AS14061 (DIGITALOCEAN-ASN - DigitalOcean, LLC, US)"
rtezor.io,1,"AS200514 (KNOWNSRV, GB)"
mail.ru.tempo-mail.pro,1,"AS22612 (NAMECHEAP-NET - Namecheap, Inc., US)"
rtrezor.io,1,"AS200514 (KNOWNSRV, GB)"
rtjg99.com,1,"AS397423 (TIER-NET - Tier.Net Technologies LLC, US)"
mail.rbran.com,1,"AS263108 (OPANET TELECOMUNICACOES LTDA - ME, BR)"
rtp77.net,1,"AS212238 (CDNEXT, GB)"
mail.run2mail.com,1,"AS24940 (HETZNER-AS, DE)"
mail.rundablage.com,1,"AS44133 (IPAX-AS, AT)"
mail.rushranch.blog,1,"AS204601 (PODAON, NL)"
mail.runwaylml.com,1,"AS13335 (CLOUDFLARENET - Cloudflare, Inc., US)"
mail.rus-massaggio.com,1,"AS29182 (RU-JSCIOT, RU)"
mail.runballrally.us,1,"AS34233 (SUPERIOR-AS, NL)"
router.ruralreachnow.com,1,"AS14061 (DIGITALOCEAN-ASN - DigitalOcean, LLC, US)"
mail.rusanplus.ru,1,"AS29182 (RU-JSCIOT, RU)"
mail.ruskovka.ru,1,
mail.runball.us,1,"AS34233 (SUPERIOR-AS, NL)"
mail.rutop.net,1,"AS62082 (HOSTLAND, RU)"
mail.ruutukf.com,1,"AS24940 (HETZNER-AS, DE)"
mail.ruben.si,1,"AS31898 (ORACLE-BMC-31898 - Oracle Corporation, US)"
mail.rumorcircle.com,1,"AS51167 (CONTABO, DE)"
mail.rus-service-melitta.ru,1,"AS29182 (RU-JSCIOT, RU)"
rvctf.com,1,"AS32475 (SINGLEHOP-LLC - Internap Holding LLC, US)"
mx-domain.rvneous.com,1,"AS14061 (DIGITALOCEAN-ASN - DigitalOcean, LLC, US)"
j7hxrte03.rvseice.com,1,"AS14061 (DIGITALOCEAN-ASN - DigitalOcean, LLC, US)"
mail.rwstatus.com,1,"AS14061 (DIGITALOCEAN-ASN - DigitalOcean, LLC, US)"
mx.rvarb.eu5.net,1,"AS44476 (ZETTA-AS, BG)"
mx1.fabulousemail.com,1,"AS399522 (TP - The Producers, Inc., US)"
mail.ipora.org,1,"AS197071 (ACTIVE-SERVERS active-servers.com, DE)"
a826007.mx.mailhop.org,1,"AS16509 (AMAZON-02 - Amazon.com, Inc., US)"
mail.ryzenmail.com,1,"AS24940 (HETZNER-AS, DE)"
rygel.infos.st,1,"AS16276 (OVH, FR)"
mx-post.ryvelide.com,1,"AS14061 (DIGITALOCEAN-ASN - DigitalOcean, LLC, US)"
mx.s-e-arch.com,1,"AS29873 (BIZLAND-SD - Newfold Digital, Inc., US)"
mail.rzemien1.iswift.eu,1,"AS24940 (HETZNER-AS, DE)"
mx.rxtx.cx,1,"AS211494 (NARAYANA, EE)"
cacter.s-ap.com,1,"AS23724 (CHINANET-IDC-BJ-AP IDC, China Telecommunications Corporation, CN)"
mail.rzesyodzywka.pl,1,"AS41079 (CF-GDA, PL)"
mail.rzesomaniak.pl,1,"AS47544 (IQPL-AS, PL)"
s1p-com.mail.protection.outlook.com,1,"AS8075 (MICROSOFT-CORP-MSN-AS-BLOCK - Microsoft Corporation, US)"
email-temp.com,1,"AS30886 (KOMITEX-AS, UA)"
mail.s16rx1.tobu-wedding.com,1,"AS3462 (HINET Data Communication Business Group, TW)"
mail.s16rx4.tobu-wedding.com,1,"AS3462 (HINET Data Communication Business Group, TW)"
mail.s1rx2.tobu-wedding.com,1,"AS3462 (HINET Data Communication Business Group, TW)"
mail.s16g0.tobu-wedding.com,1,"AS3462 (HINET Data Communication Business Group, TW)"
mg.drive.ne.jp,1,"AS17534 (NSK NSK Co.,Ltd., JP)"
mail.s16rx3.tobu-wedding.com,1,"AS3462 (HINET Data Communication Business Group, TW)"
mail.s16rx2.tobu-wedding.com,1,"AS3462 (HINET Data Communication Business Group, TW)"
mail.s1rx4.tobu-wedding.com,1,"AS3462 (HINET Data Communication Business Group, TW)"
mail.s1rx3.tobu-wedding.com,1,"AS3462 (HINET Data Communication Business Group, TW)"
mail.s1rx1.tobu-wedding.com,1,"AS3462 (HINET Data Communication Business Group, TW)"
mail.rssdevsites.com,1,"AS204800 (WHG-SGP, GB)"
sa2p-com.mail.protection.outlook.com,1,"AS8075 (MICROSOFT-CORP-MSN-AS-BLOCK - Microsoft Corporation, US)"
saa.com.1.0001.arsmtp.com,1,"AS53780 (AS-APPRIVER - APPRIVER LLC, US)"
mx.rtoro.com,1,"AS29873 (BIZLAND-SD - Newfold Digital, Inc., US)"
rtvlansingerland-nl.mail.protection.outlook.com,1,"AS8075 (MICROSOFT-CORP-MSN-AS-BLOCK - Microsoft Corporation, US)"
a426624.mx.mailhop.org,1,"AS16509 (AMAZON-02 - Amazon.com, Inc., US)"
saccaud.com,1,"AS47583 (AS-HOSTINGER, CY)"
sabby-io.mail.protection.outlook.com,1,"AS8075 (MICROSOFT-CORP-MSN-AS-BLOCK - Microsoft Corporation, US)"
mail.sabesmail.com,1,"AS12586 (ASGHOSTNET, DE)"
mail.sacramenmail.ru,1,"AS12586 (ASGHOSTNET, DE)"
_dc-mx.273a6118c72d.sade.com,1,"AS13335 (CLOUDFLARENET - Cloudflare, Inc., US)"
mail.sadomasocmail.ru,1,"AS12586 (ASGHOSTNET, DE)"
mail.sacramemail.com,1,"AS12586 (ASGHOSTNET, DE)"
sadas-com.mail.protection.outlook.com,1,"AS8075 (MICROSOFT-CORP-MSN-AS-BLOCK - Microsoft Corporation, US)"
mail.safariextendr.com,1,"AS16276 (OVH, FR)"
mail.safeinbox.xyz,1,"AS51167 (CONTABO, DE)"
mx.eforw.com,1,"AS14061 (DIGITALOCEAN-ASN - DigitalOcean, LLC, US)"
safelite-com.mail.protection.outlook.com,1,"AS8075 (MICROSOFT-CORP-MSN-AS-BLOCK - Microsoft Corporation, US)"
_dc-mx.9f448b278f89.safinancecenter.org,1,"AS22612 (NAMECHEAP-NET - Namecheap, Inc., US)"
mx2.safemail.icu,1,"AS200107 (KL-EXT, CH)"
mx.arris.pl,1,"AS16276 (OVH, FR)"
mail.safarjo.com,1,"AS16276 (OVH, FR)"
m.kw8.eu,1,"AS24940 (HETZNER-AS, DE)"
mail.saga4d.net,1,"AS214036 (ULTAHOST-AS, US)"
mail.sailawayny.com,1,"AS63410 (PRIVATESYSTEMS - PrivateSystems Networks, US)"
_dc-mx.787bc5d38a2d.saint-philip.com,1,"AS22612 (NAMECHEAP-NET - Namecheap, Inc., US)"
_dc-mx.1ab5c5fbbc6c.sakibbd.xyz,1,"AS16276 (OVH, FR)"
msn.sailorment.com,1,"AS14061 (DIGITALOCEAN-ASN - DigitalOcean, LLC, US)"
sabalanmusic.ir,1,"AS24940 (HETZNER-AS, DE)"
mail.saierw.com,1,"AS14061 (DIGITALOCEAN-ASN - DigitalOcean, LLC, US)"
mx7.salck.com,1,"AS27257 (WEBAIR-INTERNET - Webair Internet Development Company Inc., US)"
spamtitan1.salemmedia.com,1,"AS16509 (AMAZON-02 - Amazon.com, Inc., US)"
mail.saldosremates.com,1,"AS23273 (HOSTP-LA - HostPapa, US)"
contact.saleasforce.com,1,"AS33387 (NOCIX - Nocix, LLC, US)"
mxb-00177002.gslb.pphosted.com,1,"AS26211 (PROOFPOINT-ASN-US-WEST - Proofpoint, Inc., US)"
mail.rutale.ru,1,"AS210079 (EUROBYTE, RU)"
mail.salicylamail.ru,1,"AS12586 (ASGHOSTNET, DE)"
mail.salmail.ru,1,"AS12586 (ASGHOSTNET, DE)"
mail.dmiklorsetj.com,1,"AS202448 (MVPS www.mvps.net, CY)"
salvoleatherworks-com.mail.protection.outlook.com,1,
mailsync.gw-it.eu,1,"AS8560 (IONOS-AS This is the joint network for IONOS, Fasthosts, Arsys, 1&1 Mail and Media and 1&1 Telecom. Formerly known as 1&1 Internet SE., DE)"
mail.salpingomail.com,1,"AS12586 (ASGHOSTNET, DE)"
mail.salpingomyu.ru,1,"AS12586 (ASGHOSTNET, DE)"
mail.salvatiojmail.ru,1,"AS12586 (ASGHOSTNET, DE)"
mx01.saltel.net,1,"AS19318 (IS-AS-1 - Interserver, Inc, US)"
samazon-com.mail.protection.outlook.com,1,
mail.salvageabruby.ru,1,"AS12586 (ASGHOSTNET, DE)"
gate.saloteon.com,1,"AS14061 (DIGITALOCEAN-ASN - DigitalOcean, LLC, US)"
mail.salvadomail.com,1,"AS12586 (ASGHOSTNET, DE)"
d260901a.ess.barracudanetworks.com,1,"AS16509 (AMAZON-02 - Amazon.com, Inc., US)"
mail.sam1.eu.org,1,"AS22612 (NAMECHEAP-NET - Namecheap, Inc., US)"
mail.samauil.com,1,"AS14061 (DIGITALOCEAN-ASN - DigitalOcean, LLC, US)"
mail.mosesmail.net,1,"AS12400 (PARTNER-AS, IL)"
sampsonteam-com.mail.protection.outlook.com,1,"AS8075 (MICROSOFT-CORP-MSN-AS-BLOCK - Microsoft Corporation, US)"
sandcars.net,1,"AS47583 (AS-HOSTINGER, CY)"
sandboxa.com,1,"AS31898 (ORACLE-BMC-31898 - Oracle Corporation, US)"
mail.sanaglobe.de,1,"AS197540 (NETCUP-AS netcup GmbH, DE)"
mail.sandboxaz.com,1,"AS19871 (NETWORK-SOLUTIONS-HOSTING - Network Solutions, LLC, US)"
sandvpn-com.mail.protection.outlook.com,1,"AS8075 (MICROSOFT-CORP-MSN-AS-BLOCK - Microsoft Corporation, US)"
sandiegoemergencyplumber.com,1,"AS26042 (FIBERSTATE - FiberState, LLC, US)"
mail.sanguinopumail.ru,1,"AS12586 (ASGHOSTNET, DE)"
mail.sanguinasmail.ru,1,"AS12586 (ASGHOSTNET, DE)"
mailin.samsung.com,1,"AS6619 (SAMSUNGSDS-AS-KR SamsungSDS Inc., KR)"
mx.saap.com,1,"AS31034 (ARUBA-ASN, IT)"
mail.sanibact-errecom.com,1,"AS52030 (SERVERPLAN-AS, IT)"
sangqiao.net,1,"AS61207 (ILAIT, SE)"
sanmateo4cs-org.mail.protection.outlook.com,1,"AS8075 (MICROSOFT-CORP-MSN-AS-BLOCK - Microsoft Corporation, US)"
sangamcentre-org-uk.mail.protection.outlook.com,1,"AS8075 (MICROSOFT-CORP-MSN-AS-BLOCK - Microsoft Corporation, US)"
mx1.hostinger.com.hk,1,"AS13335 (CLOUDFLARENET - Cloudflare, Inc., US)"
jupiter.acomsys.de,1,"AS6724 (STRATO STRATO AG, DE)"
mail.sanzv.com,1,"AS14061 (DIGITALOCEAN-ASN - DigitalOcean, LLC, US)"
mail.sandsplace.top,1,"AS31863 (DACEN-2 - Centrilogic, Inc., US)"
sap8.com,1,"AS31898 (ORACLE-BMC-31898 - Oracle Corporation, US)"
sap-com.mail.protection.outlook.com,1,"AS8075 (MICROSOFT-CORP-MSN-AS-BLOCK - Microsoft Corporation, US)"
santaland-com.mail.protection.outlook.com,1,"AS8075 (MICROSOFT-CORP-MSN-AS-BLOCK - Microsoft Corporation, US)"
mail.santalmail.com,1,"AS12586 (ASGHOSTNET, DE)"
mailforward62.cloudns.net,1,"AS205787 (PUBLICLOUD, BG)"
sap4-com.mail.protection.outlook.com,1,"AS8075 (MICROSOFT-CORP-MSN-AS-BLOCK - Microsoft Corporation, US)"
bind.sappisi.com,1,"AS14061 (DIGITALOCEAN-ASN - DigitalOcean, LLC, US)"
mail.sanjati.com,1,"AS24940 (HETZNER-AS, DE)"
mx07.register.com,1,"AS19871 (NETWORK-SOLUTIONS-HOSTING - Network Solutions, LLC, US)"
mail.sapx.com,1,"AS398101 (GO-DADDY-COM-LLC - GoDaddy.com, LLC, US)"
saq-com.mail.protection.outlook.com,1,"AS8075 (MICROSOFT-CORP-MSN-AS-BLOCK - Microsoft Corporation, US)"
mx.sapya.com,1,"AS28748 (ALPHACRON-AS AlphaCron Datensysteme, DE)"
mail.sarcomails.ru,1,"AS12586 (ASGHOSTNET, DE)"
sar-com.mail.protection.outlook.com,1,"AS8075 (MICROSOFT-CORP-MSN-AS-BLOCK - Microsoft Corporation, US)"
mail.sarcomail.com,1,"AS12586 (ASGHOSTNET, DE)"
mail.sarcospmail.com,1,"AS12586 (ASGHOSTNET, DE)"
_dc-mx.a8b39f6c19d6.satamqx.com,1,"AS51167 (CONTABO, DE)"
sapy-com.mail.protection.outlook.com,1,"AS8075 (MICROSOFT-CORP-MSN-AS-BLOCK - Microsoft Corporation, US)"
mail.sarracenmail.ru,1,"AS12586 (ASGHOSTNET, DE)"
_dc-mx.7e89817e718e.sathinews.com,1,"AS51167 (CONTABO, DE)"
mx0a-001f5801.pphosted.com,1,"AS26211 (PROOFPOINT-ASN-US-WEST - Proofpoint, Inc., US)"
ipmailmx.internode.on.net,1,"AS16509 (AMAZON-02 - Amazon.com, Inc., US)"
mail.satiabmil.ru,1,"AS12586 (ASGHOSTNET, DE)"
mail.saturn.monster,1,"AS203446 (AS203446, GB)"
1-grid-mx03.co.za,1,"AS36943 (ZA-1-Grid, ZA)"
mail.sanering-stockholm.nu,1,"AS214640 (HOSTUP HOSTUP, SE)"
log3.outlook.co.im,1,"AS50340 (SELECTEL-MSK, RU)"
mail.saturamails.ru,1,"AS12586 (ASGHOSTNET, DE)"
mail.satumalu.ru,1,"AS12586 (ASGHOSTNET, DE)"
mail.saturamail.com,1,"AS12586 (ASGHOSTNET, DE)"
saveonenergy-org01j.mail.protection.outlook.com,1,"AS8075 (MICROSOFT-CORP-MSN-AS-BLOCK - Microsoft Corporation, US)"
saveautoinsurance-com.mail.protection.outlook.com,1,"AS8075 (MICROSOFT-CORP-MSN-AS-BLOCK - Microsoft Corporation, US)"
mx10.active24.cz,1,"AS51013 (WEBSUPPORT-SRO-SK-AS, SK)"
web.sautcuso.com,1,"AS14061 (DIGITALOCEAN-ASN - DigitalOcean, LLC, US)"
sayeghlawfirm-com.mail.protection.outlook.com,1,"AS8075 (MICROSOFT-CORP-MSN-AS-BLOCK - Microsoft Corporation, US)"
mail.savests.com,1,"AS14061 (DIGITALOCEAN-ASN - DigitalOcean, LLC, US)"
zimbra.saurik.com,1,"AS16509 (AMAZON-02 - Amazon.com, Inc., US)"
savimediagroup.com,1,"AS16276 (OVH, FR)"
mail2.sayfa.info,1,"AS12876 (Online SAS, FR)"
sbcmx1.sbcbglobal.net,1,"AS63949 (AKAMAI-LINODE-AP Akamai Connected Cloud, SG)"
d91814a.ess.barracudanetworks.com,1,"AS16509 (AMAZON-02 - Amazon.com, Inc., US)"
ff-ip4-mx-vip1.sbccglobal.net,1,"AS63949 (AKAMAI-LINODE-AP Akamai Connected Cloud, SG)"
saturdaynightspecial.org,1,"AS151704 (BHARATDC-AS BHARAT DATACENTER, IN)"
ff-ip4-mx-vip1.sbcgolbal.com,1,"AS63949 (AKAMAI-LINODE-AP Akamai Connected Cloud, SG)"
mail.sayawaka-dea.info,1,"AS14061 (DIGITALOCEAN-ASN - DigitalOcean, LLC, US)"
ff-ip4-mx-vip1.sbcgobla.net,1,"AS63949 (AKAMAI-LINODE-AP Akamai Connected Cloud, SG)"
_dc-mx.e756a6d8f56b.282mail.com,1,
ff-ip4-mx-vip1.sbeglobal.net,1,"AS63949 (AKAMAI-LINODE-AP Akamai Connected Cloud, SG)"
sayp-com.mail.protection.outlook.com,1,"AS8075 (MICROSOFT-CORP-MSN-AS-BLOCK - Microsoft Corporation, US)"
mail.sburningk.com,1,"AS47583 (AS-HOSTINGER, CY)"
mail.sbuttone.com,1,"AS47583 (AS-HOSTINGER, CY)"
scae-com.mail.protection.outlook.com,1,"AS8075 (MICROSOFT-CORP-MSN-AS-BLOCK - Microsoft Corporation, US)"
mx1.sbcgolbel.net,1,"AS200107 (KL-EXT, CH)"
mail.scabiml.ru,1,"AS12586 (ASGHOSTNET, DE)"
scale2-com.mail.protection.outlook.com,1,"AS8075 (MICROSOFT-CORP-MSN-AS-BLOCK - Microsoft Corporation, US)"
scalew-com.mail.protection.outlook.com,1,
scaled.mail.protection.office365.us,1,"AS8075 (MICROSOFT-CORP-MSN-AS-BLOCK - Microsoft Corporation, US)"
scale-com01b.mail.protection.outlook.com,1,"AS8075 (MICROSOFT-CORP-MSN-AS-BLOCK - Microsoft Corporation, US)"
mx1.saturnrules.com,1,"AS16509 (AMAZON-02 - Amazon.com, Inc., US)"
scaleb-com.mail.protection.outlook.com,1,"AS8075 (MICROSOFT-CORP-MSN-AS-BLOCK - Microsoft Corporation, US)"
scape-com.mail.protection.outlook.com,1,"AS8075 (MICROSOFT-CORP-MSN-AS-BLOCK - Microsoft Corporation, US)"
ff-ip4-mx-vip1.sccglobal.net,1,"AS63949 (AKAMAI-LINODE-AP Akamai Connected Cloud, SG)"
scalpnet.ru,1,"AS204957 (GREENFLOID-AS, US)"
mail.scatinc.com,1,"AS14061 (DIGITALOCEAN-ASN - DigitalOcean, LLC, US)"
a571684.mx.mailhop.org,1,"AS16509 (AMAZON-02 - Amazon.com, Inc., US)"
a033999.mx.mailhop.org,1,"AS16509 (AMAZON-02 - Amazon.com, Inc., US)"
mail.axo.ai,1,"AS32097 (WII - WholeSale Internet, Inc., US)"
mxr.scaredment.com,1,"AS14061 (DIGITALOCEAN-ASN - DigitalOcean, LLC, US)"
scame-com.mail.protection.outlook.com,1,"AS8075 (MICROSOFT-CORP-MSN-AS-BLOCK - Microsoft Corporation, US)"
sbobet99id.com,1,"AS149020 (WEBHORIZON-AS-AP WebHorizon Internet Services, SG)"
w01df6ed.kasserver.com,1,"AS34788 (NMM-AS D - 02742 Friedersdorf Hauptstrasse 68, DE)"
mailstream.domainsure.com,1,"AS16686 (EDNS - easyDNS Technologies, Inc., CA)"
sceenic-com.mail.protection.outlook.com,1,"AS8075 (MICROSOFT-CORP-MSN-AS-BLOCK - Microsoft Corporation, US)"
scaleg.com,1,"AS37907 (DIGIROCK DigiRock, Inc., JP)"
mail.schgab.com,1,"AS8560 (IONOS-AS This is the joint network for IONOS, Fasthosts, Arsys, 1&1 Mail and Media and 1&1 Telecom. Formerly known as 1&1 Internet SE., DE)"
g.school.vin,1,"AS401696 (COGNETCLOUD - cognetcloud INC, US)"
scarletstream.com,1,"AS24940 (HETZNER-AS, DE)"
mail.schizophrenifkml.ru,1,"AS12586 (ASGHOSTNET, DE)"
mail.schillerizfml.ru,1,"AS12586 (ASGHOSTNET, DE)"
mail.schistosomail.ru,1,"AS12586 (ASGHOSTNET, DE)"
scholarconferences-org.mail.protection.outlook.com,1,"AS8075 (MICROSOFT-CORP-MSN-AS-BLOCK - Microsoft Corporation, US)"
mail.onsite.ru,1,"AS41722 (MIRAN-AS Miran DC, RU)"
mail.schwab1.com,1,
schwaab-com.mail.protection.outlook.com,1,"AS8075 (MICROSOFT-CORP-MSN-AS-BLOCK - Microsoft Corporation, US)"
smx01.a1.net,1,"AS8447 (A1TELEKOM-AT A1 Telekom Austria AG, AT)"
schoolsupplynetwork-co-uk.mail.protection.outlook.com,1,"AS8075 (MICROSOFT-CORP-MSN-AS-BLOCK - Microsoft Corporation, US)"
mx.dotster.com,1,"AS29873 (BIZLAND-SD - Newfold Digital, Inc., US)"
mail.sciencejrq.com,1,"AS47583 (AS-HOSTINGER, CY)"
schwob-com.mail.protection.outlook.com,1,"AS8075 (MICROSOFT-CORP-MSN-AS-BLOCK - Microsoft Corporation, US)"
mxb-00096901.gslb.pphosted.com,1,"AS26211 (PROOFPOINT-ASN-US-WEST - Proofpoint, Inc., US)"
mx7.schwasb.com,1,"AS27257 (WEBAIR-INTERNET - Webair Internet Development Company Inc., US)"
mail.scienmail.ru,1,"AS12586 (ASGHOSTNET, DE)"
scholarshipsusa.net,1,"AS6700 (BEOTEL-AS www.beotel.net, RS)"
mail.schulzanallem.de,1,"AS197540 (NETCUP-AS netcup GmbH, DE)"
mail.sclerokeramail.ru,1,"AS12586 (ASGHOSTNET, DE)"
mail.scmail.net,1,"AS213230 (HETZNER-CLOUD2-AS, DE)"
_dc-mx.05ca1520e41b.scott-lee-heating.com,1,"AS60781 (LEASEWEB-NL-AMS-01 Netherlands, NL)"
mail.sclerodmail.com,1,"AS12586 (ASGHOSTNET, DE)"
schwaib.com,1,"AS34549 (MEER-AS meerfarbig GmbH & Co. KG, DE)"
mail.abcsolar.com,1,"AS14061 (DIGITALOCEAN-ASN - DigitalOcean, LLC, US)"
mail.scopelimit.com,1,"AS40021 (CONTABO-40021 - Contabo Inc., US)"
scorebuddyqa-com.mail.protection.outlook.com,1,"AS8075 (MICROSOFT-CORP-MSN-AS-BLOCK - Microsoft Corporation, US)"
_dc-mx.0c27da88e882.scratchcuisine.com,1,"AS46606 (UNIFIEDLAYER-AS-1 - Unified Layer, US)"
scottses-com.mail.protection.outlook.com,1,"AS8075 (MICROSOFT-CORP-MSN-AS-BLOCK - Microsoft Corporation, US)"
mail.scrophulariamfri.com,1,"AS12586 (ASGHOSTNET, DE)"
mx.scule.com,1,"AS29873 (BIZLAND-SD - Newfold Digital, Inc., US)"
mail.scrutinizfml.com,1,"AS12586 (ASGHOSTNET, DE)"
ff-ip4-mx-vip1.sdbcglobal.net,1,"AS63949 (AKAMAI-LINODE-AP Akamai Connected Cloud, SG)"
mx.sdf.org,1,"AS14361 (HOPONE-GLOBAL - HopOne Internet Corporation, US)"
mail.sdack.net,1,"AS14061 (DIGITALOCEAN-ASN - DigitalOcean, LLC, US)"
mail.sdf44.com,1,"AS132203 (TENCENT-NET-AP-CN Tencent Building, Kejizhongyi Avenue, CN)"
mail.sdfsdf.nl,1,"AS24940 (HETZNER-AS, DE)"
sdj.fr.nf,1,"AS16276 (OVH, FR)"
metamail.skroutz.gr,1,"AS202042 (SKROUTZ-, GR)"
mail.schlankefigur24.de,1,"AS197706 (KEMINET A datacenter located in TiranaAlbania. Webhosting, Dedicated Servers, VPS, IPv4IPv6 leasing, AL)"
mail.sdlat.com,1,"AS14061 (DIGITALOCEAN-ASN - DigitalOcean, LLC, US)"
sdfbd.com,1,"AS59210 (PHOENIXNAP-AS-SG1 PhoenixNAP, SG)"
seajaymfg.com,1,"AS16276 (OVH, FR)"
mail.se-center.ru,1,"AS8342 (RTCOMM-AS, RU)"
mail.seattledec.com,1,"AS47583 (AS-HOSTINGER, CY)"
seasideorient.com,1,"AS46505 (NIXIHOST - NixiHost.com Incorporated, US)"
dkim.seatence.com,1,"AS14061 (DIGITALOCEAN-ASN - DigitalOcean, LLC, US)"
mail.sebekmail.com,1,"AS12586 (ASGHOSTNET, DE)"
mail.practiils.ru,1,"AS12586 (ASGHOSTNET, DE)"
_dc-mx.6f4f8bf9fb3f.secmail.in,1,"AS46606 (UNIFIEDLAYER-AS-1 - Unified Layer, US)"
mail.secadoramail.com,1,"AS12586 (ASGHOSTNET, DE)"
post.prafessur.com,1,"AS14061 (DIGITALOCEAN-ASN - DigitalOcean, LLC, US)"
mail.praetomalis.com,1,"AS12586 (ASGHOSTNET, DE)"
securatrack-io.mail.protection.outlook.com,1,"AS8075 (MICROSOFT-CORP-MSN-AS-BLOCK - Microsoft Corporation, US)"
xroute.prasenor.com,1,"AS14061 (DIGITALOCEAN-ASN - DigitalOcean, LLC, US)"
mail.seculari.ru,1,"AS12586 (ASGHOSTNET, DE)"
mail.secundogmail.ru,1,"AS12586 (ASGHOSTNET, DE)"
router.prairieconnectco.com,1,"AS14061 (DIGITALOCEAN-ASN - DigitalOcean, LLC, US)"
mail.sectionalifl.com,1,"AS12586 (ASGHOSTNET, DE)"
mx1.secretfashionstore.com,1,"AS200107 (KL-EXT, CH)"
mail.praxersmail.ru,1,"AS12586 (ASGHOSTNET, DE)"
mail.secularmail.com,1,"AS12586 (ASGHOSTNET, DE)"
postmasterunu.pranceville.com,1,"AS14061 (DIGITALOCEAN-ASN - DigitalOcean, LLC, US)"
securecheckcashing-com.mail.protection.outlook.com,1,"AS8075 (MICROSOFT-CORP-MSN-AS-BLOCK - Microsoft Corporation, US)"
securiotec-com.mail.protection.outlook.com,1,"AS8075 (MICROSOFT-CORP-MSN-AS-BLOCK - Microsoft Corporation, US)"
mail.sedona-vortex-tours.com,1,"AS46606 (UNIFIEDLAYER-AS-1 - Unified Layer, US)"
mail.sedimentolofmail.ru,1,"AS12586 (ASGHOSTNET, DE)"
securitytechnologygroup-com.mail.protection.outlook.com,1,"AS8075 (MICROSOFT-CORP-MSN-AS-BLOCK - Microsoft Corporation, US)"
mail.predestinat.ru,1,"AS12586 (ASGHOSTNET, DE)"
mail.preconsmali.ru,1,"AS12586 (ASGHOSTNET, DE)"
seedfields-art.mail.protection.outlook.com,1,"AS8075 (MICROSOFT-CORP-MSN-AS-BLOCK - Microsoft Corporation, US)"
mail.precemail.com,1,"AS12586 (ASGHOSTNET, DE)"
mail.predesemail.ru,1,"AS12586 (ASGHOSTNET, DE)"
mail.predesigmail.ru,1,"AS12586 (ASGHOSTNET, DE)"
pre.com,1,"AS46475 (LIMESTONENETWORKS - Limestone Networks, Inc., US)"
mail.predesimail.ru,1,"AS12586 (ASGHOSTNET, DE)"
mail.predetermimail.ru,1,"AS12586 (ASGHOSTNET, DE)"
mail.predestmail.com,1,"AS12586 (ASGHOSTNET, DE)"
mail.seemsence.com,1,"AS47583 (AS-HOSTINGER, CY)"
mail.predamail.com,1,"AS12586 (ASGHOSTNET, DE)"
_dc-mx.86e2cb013f70.premierinbox.com,1,"AS18450 (WEBNX - WebNX, Inc., US)"
mail01.seemail.info,1,"AS36351 (SOFTLAYER - IBM Cloud, US)"
prediksitogeljp.com,1,"AS22612 (NAMECHEAP-NET - Namecheap, Inc., US)"
seedingbot.com,1,"AS63760 (AZDIGI-AS-VN AZDIGI Corporation, VN)"
mail.segregafmk.com,1,"AS12586 (ASGHOSTNET, DE)"
seedscommerce.com,1,"AS58955 (BANGMODENTERPRISE-TH Bangmod Enterprise Co., Ltd., TH)"
mail.securespends.net,1,"AS57724 (DDOS-GUARD, RU)"
mail.premillemail.com,1,"AS12586 (ASGHOSTNET, DE)"
mail.premillenf.ru,1,"AS12586 (ASGHOSTNET, DE)"
mail.securespend.app,1,"AS57724 (DDOS-GUARD, RU)"
seenotice.tech,1,"AS7684 (SAKURA-A SAKURA Internet Inc., JP)"
prasannasafetynets.com,1,"AS394695 (PUBLIC-DOMAIN-REGISTRY - PDR, US)"
mail.premthings.shop,1,"AS16276 (OVH, FR)"
seksik.site,1,"AS12824 (HOMEPL-AS, PL)"
securemx01.mailplug.com,1,"AS4766 (KIXS-AS-KR Korea Telecom, KR)"
mail.sehier.fr,1,"AS16276 (OVH, FR)"
mail.prenotifimail.ru,1,"AS12586 (ASGHOSTNET, DE)"
mail.prenotifmail.ru,1,"AS12586 (ASGHOSTNET, DE)"
mail.selagimail.ru,1,"AS12586 (ASGHOSTNET, DE)"
seksiaki.pl,1,"AS15967 (NETARTGROUP, PL)"
mail.preparml.ru,1,"AS12586 (ASGHOSTNET, DE)"
mail.presentamail.ru,1,"AS12586 (ASGHOSTNET, DE)"
mail.selenomail.ru,1,"AS12586 (ASGHOSTNET, DE)"
selectraindustries-com.mail.protection.outlook.com,1,"AS8075 (MICROSOFT-CORP-MSN-AS-BLOCK - Microsoft Corporation, US)"
mail.selenotrmail.ru,1,"AS12586 (ASGHOSTNET, DE)"
premiumku.com,1,"AS141120 (IDNIC-WARNAHOST-AS-ID PT Warna Data Multimedia, ID)"
mx6.selectyourinfo.com,1,
mail.prestidigimail.ru,1,"AS12586 (ASGHOSTNET, DE)"
pressureuds.ru,1,"AS213702 (QWINS-LTD QWINS AS-SET: ~ # AS213702:AS-CUSTOMERS, GB)"
mail.preternaturamail.ru,1,"AS12586 (ASGHOSTNET, DE)"
mail.presynapt.com,1,"AS12586 (ASGHOSTNET, DE)"
mail.selenezero.com,1,"AS14956 (ROUTERHOSTING - RouterHosting LLC, US)"
mail.selltub.me,1,"AS203446 (AS203446, GB)"
sellers-me-uk.mail.protection.outlook.com,1,"AS8075 (MICROSOFT-CORP-MSN-AS-BLOCK - Microsoft Corporation, US)"
mail.semar.edu.pl,1,"AS16276 (OVH, FR)"
mail1.prestoncannabisclub.co.uk,1,"AS30633 (LEASEWEB-USA-WDC - Leaseweb USA, Inc., US)"
mail.semiautml.ru,1,"AS12586 (ASGHOSTNET, DE)"
mail.semfmail.ru,1,"AS12586 (ASGHOSTNET, DE)"
mail.semiaemail.ru,1,"AS12586 (ASGHOSTNET, DE)"
mail.semipamails.ru,1,"AS12586 (ASGHOSTNET, DE)"
mail.semeiinf.com,1,"AS12586 (ASGHOSTNET, DE)"
mail.semihisemail.ru,1,"AS12586 (ASGHOSTNET, DE)"
west-mail2.preventth.com,1,"AS14061 (DIGITALOCEAN-ASN - DigitalOcean, LLC, US)"
mail.semimememail.ru,1,"AS12586 (ASGHOSTNET, DE)"
mail.semidiaomail.com,1,"AS12586 (ASGHOSTNET, DE)"
mail.semioffi.ru,1,"AS12586 (ASGHOSTNET, DE)"
mail.semiopfml.ru,1,"AS12586 (ASGHOSTNET, DE)"
mail.semidiapt.ru,1,"AS12586 (ASGHOSTNET, DE)"
mail.semiprofesfl.com,1,"AS12586 (ASGHOSTNET, DE)"
mail.semidiatessaron.com,1,"AS12586 (ASGHOSTNET, DE)"
mail.semiprofessmail.ru,1,"AS12586 (ASGHOSTNET, DE)"
mail.semiterrmails.ru,1,"AS12586 (ASGHOSTNET, DE)"
mail.semivertrsmail.ru,1,"AS12586 (ASGHOSTNET, DE)"
mail.semiautomli.com,1,"AS12586 (ASGHOSTNET, DE)"
mail.semiprofessmails.ru,1,"AS12586 (ASGHOSTNET, DE)"
mx6.priligyprime.com,1,
mail.primalary.ru,1,"AS12586 (ASGHOSTNET, DE)"
mail.senatmail.ru,1,"AS12586 (ASGHOSTNET, DE)"
mail.primaemi.com,1,"AS12586 (ASGHOSTNET, DE)"
mail.prime.gold.edu.pl,1,"AS16276 (OVH, FR)"
mail.prime-models.ru,1,"AS8342 (RTCOMM-AS, RU)"
send-email.org,1,"AS14061 (DIGITALOCEAN-ASN - DigitalOcean, LLC, US)"
_dc-mx.adeecff591dd.primemailhub.com,1,"AS18450 (WEBNX - WebNX, Inc., US)"
smtp0.primemail.vn.ua,1,"AS20473 (AS-VULTR - The Constant Company, LLC, US)"
mail.primormail.com,1,"AS12586 (ASGHOSTNET, DE)"
mail.princeance.com,1,"AS47583 (AS-HOSTINGER, CY)"
sengo-com.mail.protection.outlook.com,1,"AS8075 (MICROSOFT-CORP-MSN-AS-BLOCK - Microsoft Corporation, US)"
mail.princeroyal.net,1,"AS46606 (UNIFIEDLAYER-AS-1 - Unified Layer, US)"
mx.priffe.com,1,"AS31034 (ARUBA-ASN, IT)"
sendos.fr.nf,1,"AS16276 (OVH, FR)"
fsmg3.ppz-trzemeszno.com.pl,1,"AS5617 (TPNET, PL)"
sendos.infos.st,1,"AS16276 (OVH, FR)"
mail.senoramail.com,1,"AS12586 (ASGHOSTNET, DE)"
check.vivametric.com,1,"AS16276 (OVH, FR)"
mx1018.onamae.ne.jp,1,"AS58791 (GMOOSK-NET GMO Internet Group, Inc., JP)"
mail1.freekmail.eu,1,
mail.pprostitutki-samara.info,1,"AS49981 (WORLDSTREAM, NL)"
mxr.pperspe.com,1,"AS14061 (DIGITALOCEAN-ASN - DigitalOcean, LLC, US)"
mail.prival.io,1,"AS47172 (GREENHOST, NL)"
mx1.ppetw.com,1,"AS200107 (KL-EXT, CH)"
mail.ppnet.ru,1,"AS210079 (EUROBYTE, RU)"
mail.ppppmail.com,1,"AS24940 (HETZNER-AS, DE)"
mx1.priorityxn5.com,1,"AS200107 (KL-EXT, CH)"
mx10.jdm.pl,1,"AS16276 (OVH, FR)"
zweb.prisonity.com,1,"AS14061 (DIGITALOCEAN-ASN - DigitalOcean, LLC, US)"
seo4pymes.com,1,"AS23352 (SERVERCENTRAL - DEFT.COM, US)"
w00f9157.kasserver.com,1,"AS34788 (NMM-AS D - 02742 Friedersdorf Hauptstrasse 68, DE)"
smtp1.privaterelay.appleid.com,1,"AS714 (APPLE-ENGINEERING - Apple Inc., US)"
sendmail.privateemail.uz.ua,1,"AS20473 (AS-VULTR - The Constant Company, LLC, US)"
mx.seolondon.co.uk.cust.a.hostedemail.com,1,
_dc-mx.5caee4130143.privatenumbermovie.com,1,"AS215117 (HOSTERDADDY, IN)"
mail.seoforum.com,1,"AS58305 (SYN-US SYN, GB)"
mail.seoneo.online,1,"AS24940 (HETZNER-AS, DE)"
mail.seoplans.net.au,1,"AS19871 (NETWORK-SOLUTIONS-HOSTING - Network Solutions, LLC, US)"
_dc-mx.96820f99d37b.priyoemail.site,1,"AS24940 (HETZNER-AS, DE)"
_dc-mx.b1ee54206fe9.priyo-mail.com,1,"AS24940 (HETZNER-AS, DE)"
mail.privacymail.top,1,"AS16276 (OVH, FR)"
_dc-mx.270d99c823d7.priyomail.nl,1,"AS24940 (HETZNER-AS, DE)"
mail.prixfixeny.com,1,"AS31898 (ORACLE-BMC-31898 - Oracle Corporation, US)"
_dc-mx.6eb2bc6305ee.priyomail.in,1,"AS24940 (HETZNER-AS, DE)"
_dc-mx.d54fa3528265.priyo.ovh,1,"AS24940 (HETZNER-AS, DE)"
seoarticlepowa.com,1,"AS200719 (MISSDOMAIN, SE)"
_dc-mx.ec2a6491d734.priyp.com,1,"AS24940 (HETZNER-AS, DE)"
senzimi-skincare.com,1,"AS26496 (AS-26496-GO-DADDY-COM-LLC - GoDaddy.com, LLC, US)"
mail.seoserwer.com,1,"AS50599 (Autonomous System for Dataspace P.S.A., PL)"
seo-specialists.lv,1,"AS199558 (MEDPA-AS, LV)"
mail.separmail.com,1,"AS12586 (ASGHOSTNET, DE)"
preklady-polstina.cz,1,"AS209341 (WHG-FRA, GB)"
mailin.mx-hub.net,1,"AS8648 (ONE-NETWORK, DE)"
prnc-com.mail.protection.outlook.com,1,"AS8075 (MICROSOFT-CORP-MSN-AS-BLOCK - Microsoft Corporation, US)"
mail.seodonor.ru,1,"AS21100 (ITLDC-EU, US)"
sera-com.mail.protection.outlook.com,1,"AS8075 (MICROSOFT-CORP-MSN-AS-BLOCK - Microsoft Corporation, US)"
mail.septentrinf.com,1,"AS12586 (ASGHOSTNET, DE)"
mx.serea.shop.cust.b.hostedemail.com,1,"AS32491 (TUCOWS-3 - Tucows.com Co., CA)"
mail.serenith.cfd,1,"AS203446 (AS203446, GB)"
mail.probiv.xyz,1,"AS9009 (M247, RO)"
mx.serendipitypk.com,1,"AS29873 (BIZLAND-SD - Newfold Digital, Inc., US)"
_dc-mx.f556b561fec1.priyomail.top,1,"AS24940 (HETZNER-AS, DE)"
mail.serbia.edu.rs,1,"AS42846 (GUZELHOSTING GNET INTERNET TELEKOMUNIKASYON A.S., TR)"
mail.sequipment.ru,1,"AS210079 (EUROBYTE, RU)"
mail.processzhq.com,1,"AS47583 (AS-HOSTINGER, CY)"
mail.prntsscr.com,1,"AS42868 (NIOBEBILISIMHIZMETLERI, TR)"
mail.prize4d.net,1,"AS212238 (CDNEXT, GB)"
mx.sergw.com,1,"AS14061 (DIGITALOCEAN-ASN - DigitalOcean, LLC, US)"
mail.seriouslydan.com,1,"AS31898 (ORACLE-BMC-31898 - Oracle Corporation, US)"
mail.seorj.cn,1,"AS25820 (IT7NET - IT7 Networks Inc, CA)"
mx.sergiowatches.com.cust.b.hostedemail.com,1,"AS32491 (TUCOWS-3 - Tucows.com Co., CA)"
mail.processifmk.com,1,"AS12586 (ASGHOSTNET, DE)"
mail.serimails.ru,1,"AS12586 (ASGHOSTNET, DE)"
mail.seroent.ru,1,"AS12586 (ASGHOSTNET, DE)"
mail.proctosig.com,1,"AS12586 (ASGHOSTNET, DE)"
mail.seriesmail.com,1,"AS12586 (ASGHOSTNET, DE)"
mail.procuratomail.com,1,"AS12586 (ASGHOSTNET, DE)"
mail.serodiemail.ru,1,"AS12586 (ASGHOSTNET, DE)"
mail.serramontenissan.com,1,"AS46606 (UNIFIEDLAYER-AS-1 - Unified Layer, US)"
mail.seroentmail.ru,1,"AS12586 (ASGHOSTNET, DE)"
mail.seroent.com,1,"AS12586 (ASGHOSTNET, DE)"
mx1.series-online.info,1,"AS200107 (KL-EXT, CH)"
mail.seri168.net,1,"AS138915 (KAOPU-HK Kaopu Cloud HK Limited, HK)"
proemail.work.gd,1,"AS57568 (TR_ARVANCLOUD, AE)"
profesjonalne-pozycjonowanie.com,1,"AS12824 (HOMEPL-AS, PL)"
proemail.publicvm.com,1,
ce2021091710001.dnssw.net,1,"AS41541 (SWHO-AS swhosting.com, ES)"
mta.proeful.com,1,"AS14061 (DIGITALOCEAN-ASN - DigitalOcean, LLC, US)"
mail.professionml.ru,1,"AS12586 (ASGHOSTNET, DE)"
mail.professionfml.com,1,"AS12586 (ASGHOSTNET, DE)"
mx04.service-now.com,1,"AS16839 (SNC - SERVICENOW, INC., US)"
w017bceb.kasserver.com,1,"AS34788 (NMM-AS D - 02742 Friedersdorf Hauptstrasse 68, DE)"
_dc-mx.416fb10c6343.profissaomaquiadora.com,1,"AS46606 (UNIFIEDLAYER-AS-1 - Unified Layer, US)"
servermail.cfd,1,"AS16276 (OVH, FR)"
mail.serviceme79.com,1,"AS132203 (TENCENT-NET-AP-CN Tencent Building, Kejizhongyi Avenue, CN)"
serviceenow-com.mail.protection.outlook.com,1,
service4now-com.mail.protection.outlook.com,1,
mail1003.conoha.ne.jp,1,"AS58791 (GMOOSK-NET GMO Internet Group, Inc., JP)"
serviceno-com.mail.protection.outlook.com,1,"AS8075 (MICROSOFT-CORP-MSN-AS-BLOCK - Microsoft Corporation, US)"
mx7.servienow.com,1,"AS27257 (WEBAIR-INTERNET - Webair Internet Development Company Inc., US)"
ff-ip4-mx-vip1.progigy.net,1,"AS26666 (INTERSERVER-LAX - Interserver, Inc, US)"
mx.progiftstore.org,1,"AS14061 (DIGITALOCEAN-ASN - DigitalOcean, LLC, US)"
progem.pl,1,"AS12824 (HOMEPL-AS, PL)"
_dc-mx.5bb2e99f1b7e.progonxrumerom.site,1,"AS216071 (VDSINA, AE)"
mail.prognostimail.ru,1,"AS12586 (ASGHOSTNET, DE)"
server-bussiness.com,1,"AS24961 (MYLOC-AS IP Backbone of WIIT AG formerly myLoc managed IT AG, DE)"
a928894.mx.mailhop.org,1,"AS16509 (AMAZON-02 - Amazon.com, Inc., US)"
mail.servr.org,1,"AS24940 (HETZNER-AS, DE)"
mx1.hc4529-39.iphmx.com,1,"AS16417 (IRONPORT-SYSTEMS-INC - Cisco Systems Ironport Division, US)"
mail.sesquipemail.ru,1,"AS12586 (ASGHOSTNET, DE)"
mail.progressive2.com,1,"AS19871 (NETWORK-SOLUTIONS-HOSTING - Network Solutions, LLC, US)"
mail.sesquipemails.ru,1,"AS12586 (ASGHOSTNET, DE)"
progressivem-com.mail.eo.outlook.com,1,"AS8075 (MICROSOFT-CORP-MSN-AS-BLOCK - Microsoft Corporation, US)"
progressivex-com.mail.protection.outlook.com,1,"AS8075 (MICROSOFT-CORP-MSN-AS-BLOCK - Microsoft Corporation, US)"
mail.progps.rs,1,"AS24940 (HETZNER-AS, DE)"
servismerkezi.info,1,"AS42846 (GUZELHOSTING GNET INTERNET TELEKOMUNIKASYON A.S., TR)"
setna-com.mail.protection.outlook.com,1,"AS8075 (MICROSOFT-CORP-MSN-AS-BLOCK - Microsoft Corporation, US)"
progressive1.com,1,"AS21782 (PLATEAU - Plateau Telecommunications Incorporated, US)"
mail.seven6s.com,1,"AS47583 (AS-HOSTINGER, CY)"
mail.prohade.com,1,"AS14061 (DIGITALOCEAN-ASN - DigitalOcean, LLC, US)"
mail.project1.alikando.su,1,"AS212477 (ROYALE-AS, NL)"
mail.galapp.net,1,"AS50728 (GALACTICA-AS, PL)"
mail.progonrumarket.ru,1,"AS210079 (EUROBYTE, RU)"
project-2501.com,1,"AS11427 (TWC-11427-TEXAS - Charter Communications Inc, US)"
mail.seumnmail.com,1,"AS132203 (TENCENT-NET-AP-CN Tencent Building, Kejizhongyi Avenue, CN)"
projectcrankwalk.com,1,"AS29802 (HVC-AS - HIVELOCITY, Inc., US)"
projectearth.earth,1,"AS63949 (AKAMAI-LINODE-AP Akamai Connected Cloud, SG)"
mail.seven7mail.com,1,"AS12586 (ASGHOSTNET, DE)"
mail.lh.pl,1,"AS203417 (LH, PL)"
mail.prokuratura-rb.ru,1,"AS204601 (PODAON, NL)"
projekty.com,1,"AS12824 (HOMEPL-AS, PL)"
mail.sexakt.org,1,"AS8075 (MICROSOFT-CORP-MSN-AS-BLOCK - Microsoft Corporation, US)"
mailone.promail.co.in,1,"AS47172 (GREENHOST, NL)"
mail.progressivek.com,1,"AS45102 (ALIBABA-CN-NET Alibaba US Technology Co., Ltd., CN)"
projectsgrid-com.mail.protection.outlook.com,1,"AS8075 (MICROSOFT-CORP-MSN-AS-BLOCK - Microsoft Corporation, US)"
mail.seslikalbimsin.com,1,"AS210574 (POYRAZ, TR)"
_dc-mx.49b32c9197bb.promailexchange.com,1,"AS18450 (WEBNX - WebNX, Inc., US)"
mail.proletarmail.com,1,"AS12586 (ASGHOSTNET, DE)"
mx.sex.si,1,"AS51167 (CONTABO, DE)"
mail.sexamail.ru,1,"AS12586 (ASGHOSTNET, DE)"
_dc-mx.d23188725793.promails.work,1,"AS18450 (WEBNX - WebNX, Inc., US)"
mail.promenadahotel.pl,1,"AS29522 (CF-KRK, PL)"
my.mailbux.com,1,"AS24940 (HETZNER-AS, DE)"
a767673.mx.mailhop.org,1,"AS16509 (AMAZON-02 - Amazon.com, Inc., US)"
mail.promist-sa.com,1,"AS63949 (AKAMAI-LINODE-AP Akamai Connected Cloud, SG)"
mx4.zenbox.pl,1,"AS31229 (PL-BEYOND-AS, PL)"
mail1.rox.net,1,"AS8823 (AUTONOMOUSSYSTEMROCKENSTEINAG, DE)"
mail.sexualml.ru,1,"AS12586 (ASGHOSTNET, DE)"
progetti.rs,1,"AS31042 (SERBIA-BROADBAND-AS Serbia BroadBand-Srpske Kablovske mreze d.o.o., RS)"
mail.prohost24.ru,1,"AS29182 (RU-JSCIOT, RU)"
mail.claimsite.net,1,"AS16509 (AMAZON-02 - Amazon.com, Inc., US)"
mail.sexymusclegirls.net,1,"AS14061 (DIGITALOCEAN-ASN - DigitalOcean, LLC, US)"
mail.promptly700.com,1,"AS47583 (AS-HOSTINGER, CY)"
promotime-com.mail.protection.outlook.com,1,"AS8075 (MICROSOFT-CORP-MSN-AS-BLOCK - Microsoft Corporation, US)"
mail.promyvia.cfd,1,"AS203446 (AS203446, GB)"
mail.promotamails.ru,1,"AS12586 (ASGHOSTNET, DE)"
mail.promotmail.ru,1,"AS12586 (ASGHOSTNET, DE)"
sferrabros-com.mail.protection.outlook.com,1,"AS8075 (MICROSOFT-CORP-MSN-AS-BLOCK - Microsoft Corporation, US)"
mail.seebergs.com,1,
level3mx.proncapel.com,1,"AS14061 (DIGITALOCEAN-ASN - DigitalOcean, LLC, US)"
mail.sfdi.site,1,"AS55293 (A2HOSTING - A2 Hosting, Inc., US)"
prontobet-com.mail.protection.outlook.com,1,"AS8075 (MICROSOFT-CORP-MSN-AS-BLOCK - Microsoft Corporation, US)"
mail.propagamails.ru,1,"AS12586 (ASGHOSTNET, DE)"
mail.sfgpros.com,1,"AS27446 (AS-ERCBB - ERC Broadband, US)"
mail.promtmt.ru,1,"AS50340 (SELECTEL-MSK, RU)"
mail.propaganmail.com,1,"AS12586 (ASGHOSTNET, DE)"
mail.sfirstmail.com,1,"AS12586 (ASGHOSTNET, DE)"
propagandimail.com,1,"AS213702 (QWINS-LTD QWINS AS-SET: ~ # AS213702:AS-CUSTOMERS, GB)"
mx1.sfdgdmail.com,1,"AS200107 (KL-EXT, CH)"
mail.prophylacfmail.ru,1,"AS12586 (ASGHOSTNET, DE)"
mail.propionalmail.ru,1,"AS12586 (ASGHOSTNET, DE)"
mail.propitimails.ru,1,"AS12586 (ASGHOSTNET, DE)"
mail.propiomail.com,1,"AS12586 (ASGHOSTNET, DE)"
mail.seo.linksolltd.com,1,
mail.propionmail.com,1,"AS12586 (ASGHOSTNET, DE)"
sfy-com.mail.protection.outlook.com,1,"AS8075 (MICROSOFT-CORP-MSN-AS-BLOCK - Microsoft Corporation, US)"
mail.proselytimail.ru,1,"AS12586 (ASGHOSTNET, DE)"
sft-fr.mail.protection.outlook.com,1,"AS8075 (MICROSOFT-CORP-MSN-AS-BLOCK - Microsoft Corporation, US)"
_dc-mx.00690da88d2b.sgm.ovh,1,"AS24940 (HETZNER-AS, DE)"
mail.prosperformula.com,1,"AS19969 (JOESDATACENTER - CyberCloud Professionals LLC, US)"
mail.prostatovesmail.com,1,"AS12586 (ASGHOSTNET, DE)"
protectmyfamily-com01ie.mail.protection.outlook.com,1,"AS8075 (MICROSOFT-CORP-MSN-AS-BLOCK - Microsoft Corporation, US)"
mail.protestore.co,1,"AS47583 (AS-HOSTINGER, CY)"
mx.syd120.com,1,"AS8075 (MICROSOFT-CORP-MSN-AS-BLOCK - Microsoft Corporation, US)"
mail.protectsmail.net,1,"AS212772 (ADGUARD, CY)"
mail.protectsmail.com,1,"AS212772 (ADGUARD, CY)"
protecemail.com,1,"AS213702 (QWINS-LTD QWINS AS-SET: ~ # AS213702:AS-CUSTOMERS, GB)"
mail.prothonotarruby.ru,1,"AS12586 (ASGHOSTNET, DE)"
mail.shadowcraft.online,1,"AS16276 (OVH, FR)"
pmg1.poczta-2.pl,1,"AS8323 (CYFRONET-AS2 Metropolitan Area Network Autonomous System, PL)"
proto2mail.com,1,"AS47583 (AS-HOSTINGER, CY)"
mail.prostitutki-saransk.xyz,1,"AS49981 (WORLDSTREAM, NL)"
mail.prostitutki-pskov.xyz,1,"AS49981 (WORLDSTREAM, NL)"
protodigitalservices-co-uk.mail.protection.outlook.com,1,"AS8075 (MICROSOFT-CORP-MSN-AS-BLOCK - Microsoft Corporation, US)"
mail.provermail.ru,1,"AS12586 (ASGHOSTNET, DE)"
mx6.protrendcolorshop.com,1,
mx.proveity.com,1,"AS14061 (DIGITALOCEAN-ASN - DigitalOcean, LLC, US)"
_dc-mx.715f3b3cab54.shakarianlawgroup.com,1,"AS51167 (CONTABO, DE)"
mail.provincialimail.ru,1,"AS12586 (ASGHOSTNET, DE)"
mail.shadowpost.store,1,"AS51167 (CONTABO, DE)"
mail.shakespmails.ru,1,"AS12586 (ASGHOSTNET, DE)"
mail.proxylust.com,1,"AS33387 (NOCIX - Nocix, LLC, US)"
mail.prout.be,1,"AS12392 (ASVOO VOO S.A., BE)"
prpa-org.mail.protection.outlook.com,1,"AS8075 (MICROSOFT-CORP-MSN-AS-BLOCK - Microsoft Corporation, US)"
mail.proyectoser.org,1,"AS17378 (AS17378 - TierPoint, LLC, US)"
proudexec.com,1,"AS24940 (HETZNER-AS, DE)"
mail.prtlinuxemail.com,1,"AS9009 (M247, RO)"
mail.prostreaming.com,1,"AS8560 (IONOS-AS This is the joint network for IONOS, Fasthosts, Arsys, 1&1 Mail and Media and 1&1 Telecom. Formerly known as 1&1 Internet SE., DE)"
pa-mailgate.prudential.com,1,"AS6253 (PRUASN - The Prudential Insurance Company of America, US)"
prudentialb-com.mail.protection.outlook.com,1,"AS8075 (MICROSOFT-CORP-MSN-AS-BLOCK - Microsoft Corporation, US)"
mail.prudsntial.com,1,"AS396073 (MAJESTIC-HOSTING-01 - Majestic Hosting Solutions, LLC, US)"
mx.prudentialh.com.cust.b.hostedemail.com,1,"AS32491 (TUCOWS-3 - Tucows.com Co., CA)"
mail.sgale.com,1,"AS34931 (AWARESOFT, GB)"
mail.prudintial.com,1,"AS394695 (PUBLIC-DOMAIN-REGISTRY - PDR, US)"
mail.shares.tel,1,"AS29182 (RU-JSCIOT, RU)"
mail.shapsugskaya.ru,1,"AS29182 (RU-JSCIOT, RU)"
mail.ps5-store.ru,1,"AS35278 (SPRINTHOST, RU)"
www546.your-server.de,1,"AS24940 (HETZNER-AS, DE)"
shats.com,1,"AS19122 (ESTRUXTURE-ON-19122 - eStruxture Data Centers Inc., CA)"
mail.servicenaw.com,1,"AS394695 (PUBLIC-DOMAIN-REGISTRY - PDR, US)"
sharonapple.com,1,"AS131965 (XSERVER Xserver Inc., JP)"
mail.sharpland.ru,1,"AS21100 (ITLDC-EU, US)"
mx1.prydirect.info,1,"AS14618 (AMAZON-AES - Amazon.com, Inc., US)"
prioritycarpetcleaning-net.mail.protection.outlook.com,1,
imap.reusable.email,1,"AS16276 (OVH, FR)"
mail.generator.email,1,"AS30886 (KOMITEX-AS, UA)"
mail.proste-przetargi.pl,1,"AS16276 (OVH, FR)"
sfutilities-com.mail.protection.outlook.com,1,"AS8075 (MICROSOFT-CORP-MSN-AS-BLOCK - Microsoft Corporation, US)"
propeciabuyonlinenm.com,1,"AS131965 (XSERVER Xserver Inc., JP)"
server3.sgate.net,1,"AS16276 (OVH, FR)"
proslowo.home.pl,1,"AS12824 (HOMEPL-AS, PL)"
mail.prosoponemail.ru,1,"AS12586 (ASGHOSTNET, DE)"
mail.prosisemail.com,1,"AS12586 (ASGHOSTNET, DE)"
mail.prosobrancmail.com,1,"AS12586 (ASGHOSTNET, DE)"
mail.thewhitehursts.org,1,"AS14061 (DIGITALOCEAN-ASN - DigitalOcean, LLC, US)"
m9zngfmxrouter.thiefness.com,1,"AS14061 (DIGITALOCEAN-ASN - DigitalOcean, LLC, US)"
thinklocalsantacruz-com.mail.protection.outlook.com,1,"AS8075 (MICROSOFT-CORP-MSN-AS-BLOCK - Microsoft Corporation, US)"
mx.thewebbusinessresearch.com,1,"AS14061 (DIGITALOCEAN-ASN - DigitalOcean, LLC, US)"
mail.thinkimpact.com,1,"AS210250 (WPX, BG)"
thewellnesstechnique-com.mail.protection.outlook.com,1,"AS8075 (MICROSOFT-CORP-MSN-AS-BLOCK - Microsoft Corporation, US)"
thinkcomputers-org.mail.protection.outlook.com,1,"AS8075 (MICROSOFT-CORP-MSN-AS-BLOCK - Microsoft Corporation, US)"
malibuzz.thiswildsong.com,1,"AS51167 (CONTABO, DE)"
mail.thewisetransfer.click,1,"AS51167 (CONTABO, DE)"
mx.theweepingdragon.net,1,"AS29873 (BIZLAND-SD - Newfold Digital, Inc., US)"
mail.thunkinator.org,1,"AS63949 (AKAMAI-LINODE-AP Akamai Connected Cloud, SG)"
office.thoughttechnology.com,1,"AS22652 (FIBRENOIRE-INTERNET - Videotron Ltee, CA)"
mx.throttlehq.com,1,"AS14061 (DIGITALOCEAN-ASN - DigitalOcean, LLC, US)"
_dc-mx.8986c82b7e48.throwawayemail.com,1,"AS14361 (HOPONE-GLOBAL - HopOne Internet Corporation, US)"
thx-com.mail.protection.outlook.com,1,"AS8075 (MICROSOFT-CORP-MSN-AS-BLOCK - Microsoft Corporation, US)"
mx1.throwawaymail.app,1,"AS213230 (HETZNER-CLOUD2-AS, DE)"
thxmail.net,1,"AS7506 (INTERQ GMO Internet Group, Inc., JP)"
thuughts.com,1,"AS47583 (AS-HOSTINGER, CY)"
mail.thoracocsalo.ru,1,"AS12586 (ASGHOSTNET, DE)"
mail.thioeaaemail.ru,1,"AS12586 (ASGHOSTNET, DE)"
thscontainers-co-uk.mail.eo.outlook.com,1,"AS8075 (MICROSOFT-CORP-MSN-AS-BLOCK - Microsoft Corporation, US)"
tibionamail.com,1,"AS213702 (QWINS-LTD QWINS AS-SET: ~ # AS213702:AS-CUSTOMERS, GB)"
m.tikokv.com,1,"AS401696 (COGNETCLOUD - cognetcloud INC, US)"
mx6.timberlandfordonline.com,1,
mail.tibionli.com,1,"AS12586 (ASGHOSTNET, DE)"
_dc-mx.f535a36892ec.timail.site,1,"AS24940 (HETZNER-AS, DE)"
mail.tiempomail.com,1,"AS12586 (ASGHOSTNET, DE)"
mail.thyroarytmail.ru,1,"AS12586 (ASGHOSTNET, DE)"
tillion-com.mail.protection.outlook.com,1,"AS8075 (MICROSOFT-CORP-MSN-AS-BLOCK - Microsoft Corporation, US)"
tienen-be.mail.protection.outlook.com,1,"AS8075 (MICROSOFT-CORP-MSN-AS-BLOCK - Microsoft Corporation, US)"
mail.timind.co,1,"AS131392 (RUNSYSTEM-AS-VN GMO-Z.com Runsystem Joint Stock Company, VN)"
mail.timgmail.com,1,"AS14061 (DIGITALOCEAN-ASN - DigitalOcean, LLC, US)"
tincheck-com.mail.protection.outlook.com,1,"AS8075 (MICROSOFT-CORP-MSN-AS-BLOCK - Microsoft Corporation, US)"
tinnitusremediesforyou.com,1,"AS399250 (NAMEHERO-KCDC - Name Hero, LLC, US)"
mail.tinnermail.com,1,"AS12586 (ASGHOSTNET, DE)"
tipranks-com.mail.protection.outlook.com,1,"AS8075 (MICROSOFT-CORP-MSN-AS-BLOCK - Microsoft Corporation, US)"
mail0001.tisacli.co.uk,1,"AS24940 (HETZNER-AS, DE)"
mail.tippy.net,1,"AS36473 (CONTE-25-BLA-RST - Contegix, US)"
mx.tin.it,1,"AS396982 (GOOGLE-CLOUD-PLATFORM - Google LLC, US)"
mail.tirillo.com,1,"AS14061 (DIGITALOCEAN-ASN - DigitalOcean, LLC, US)"
titafeminina.com,1,"AS14618 (AMAZON-AES - Amazon.com, Inc., US)"
mxr.titenpa.com,1,"AS14061 (DIGITALOCEAN-ASN - DigitalOcean, LLC, US)"
mail.tivendra.cfd,1,"AS203446 (AS203446, GB)"
mail.tkhplanesw.com,1,"AS47583 (AS-HOSTINGER, CY)"
mail.tkmy88m.com,1,"AS47583 (AS-HOSTINGER, CY)"
mx.tirv.net.cust.a.hostedemail.com,1,"AS15348 (TUCOWS - Tucows.com Co., CA)"
tkaniny.com,1,"AS12824 (HOMEPL-AS, PL)"
mail.tiyx.party,1,"AS213495 (SERVITRO-LTD, GB)"
tm1-edu-pl.mail.protection.outlook.com,1,"AS8075 (MICROSOFT-CORP-MSN-AS-BLOCK - Microsoft Corporation, US)"
mail.tma-toronto.ca,1,"AS55293 (A2HOSTING - A2 Hosting, Inc., US)"
mail.tmabrasil.org,1,
mail.tlwpleasure.com,1,"AS47583 (AS-HOSTINGER, CY)"
tmail.run,1,"AS51167 (CONTABO, DE)"
mail.titmail.com,1,"AS45090 (TENCENT-NET-AP Shenzhen Tencent Computer Systems Company Limited, CN)"
mail.tm-crea.fr,1,"AS50474 (O2SWITCH, FR)"
mail.tm-ventures.com,1,"AS21350 (INTERSPACE-AS, IL)"
mail.tm-media.co.uk,1,"AS20738 (GD-EMEA-DC-LD5, GB)"
mail.tm-mail.hu,1,"AS62214 (RACKFOREST-AS, HU)"
mail.tmbmeble.pl,1,"AS41079 (CF-GDA, PL)"
tmbclaw-net.mail.protection.outlook.com,1,"AS8075 (MICROSOFT-CORP-MSN-AS-BLOCK - Microsoft Corporation, US)"
mail.tmaxdialer.com,1,"AS46606 (UNIFIEDLAYER-AS-1 - Unified Layer, US)"
mail.tmbcdetroit.org,1,"AS19871 (NETWORK-SOLUTIONS-HOSTING - Network Solutions, LLC, US)"
mail.tmj-textiles.pl,1,"AS41079 (CF-GDA, PL)"
mail.tma-media.de,1,"AS51167 (CONTABO, DE)"
tmfin-com.mail.protection.outlook.com,1,"AS8075 (MICROSOFT-CORP-MSN-AS-BLOCK - Microsoft Corporation, US)"
tmma-uk-com.mail.protection.outlook.com,1,"AS8075 (MICROSOFT-CORP-MSN-AS-BLOCK - Microsoft Corporation, US)"
mail.tmcgee.com,1,"AS12129 (123NET - 123.Net, Inc., US)"
tmfilters-com.mail.protection.outlook.com,1,"AS8075 (MICROSOFT-CORP-MSN-AS-BLOCK - Microsoft Corporation, US)"
mail.tm-events.de,1,"AS21499 (GODADDY-SXB, DE)"
mail.tml.waw.pl,1,"AS16276 (OVH, FR)"
mail.tmhstz.com,1,"AS22611 (INMOTION - InMotion Hosting, Inc., US)"
tmail.link,1,"AS39287 (ABSTRACT, FI)"
mail.tmg-oschatz.de,1,"AS24940 (HETZNER-AS, DE)"
mail.tmg.com,1,"AS3209 (VODANET International IP-Backbone of Vodafone, DE)"
mail.tm-yug.ru,1,"AS197204 (TELEMAKS, RU)"
mail.tmgranada.es,1,"AS50926 (AXARNET-AS, ES)"
mail.tma.uz,1,"AS35326 (SUVAN-NET, UZ)"
w01e9436.kasserver.com,1,"AS34788 (NMM-AS D - 02742 Friedersdorf Hauptstrasse 68, DE)"
mail.tmp.pl,1,"AS41079 (CF-GDA, PL)"
tmo-east.mx.a.cloudfilter.net,1,"AS14618 (AMAZON-AES - Amazon.com, Inc., US)"
mail.tmj.im,1,"AS63949 (AKAMAI-LINODE-AP Akamai Connected Cloud, SG)"
_dc-mx.641aefa29b54.tmre.site,1,"AS24940 (HETZNER-AS, DE)"
mail.tmail.xyz,1,"AS197540 (NETCUP-AS netcup GmbH, DE)"
tmallbox.com,1,"AS24940 (HETZNER-AS, DE)"
mail.tmfadv.com.br,1,"AS19871 (NETWORK-SOLUTIONS-HOSTING - Network Solutions, LLC, US)"
outlook.tm2i.net,1,"AS34177 (CELESTE-AS CELESTE - Internet services provider, FR)"
mail.tmfservice.com.br,1,"AS19871 (NETWORK-SOLUTIONS-HOSTING - Network Solutions, LLC, US)"
mail.tmrg.com.sg,1,"AS17547 (M1NET-SG-AP M1 NET LTD, SG)"
mail.tmd.net,1,"AS24940 (HETZNER-AS, DE)"
mail.tmprofessionalpainting.com,1,"AS399250 (NAMEHERO-KCDC - Name Hero, LLC, US)"
mail.tmlbyg.dk,1,"AS51377 (COMASYS, DK)"
mail.tmkuhlen.de,1,"AS197540 (NETCUP-AS netcup GmbH, DE)"
mail.tmpot.com,1,"AS46606 (UNIFIEDLAYER-AS-1 - Unified Layer, US)"
mail.tmoritz.de,1,"AS51167 (CONTABO, DE)"
mail.crooi.io,1,"AS36352 (AS-COLOCROSSING - HostPapa, US)"
mail.tms-lite.com,1,"AS136412 (TSI-AS-AP Titan System Integration Sdn Bhd, MY)"
mail.tmc-moda.com,1,"AS41079 (CF-GDA, PL)"
mail.tmn.sk,1,"AS43541 (VSHOSTING, CZ)"
tmponline-de0i.mail.protection.outlook.com,1,"AS8075 (MICROSOFT-CORP-MSN-AS-BLOCK - Microsoft Corporation, US)"
tmkoc.shop,1,"AS136246 (TOMATTOSTL-AS-AP Tomattos Technologies Ltd., BD)"
mail.tmtelcomm.com,1,"AS7018 (ATT-INTERNET4 - AT&T Enterprises, LLC, US)"
mail.tmail.lt,1,"AS8075 (MICROSOFT-CORP-MSN-AS-BLOCK - Microsoft Corporation, US)"
mail.tmuk.org,1,"AS46606 (UNIFIEDLAYER-AS-1 - Unified Layer, US)"
mail.tmkik.hu,1,"AS47381 (SERVERGARDEN-AS Servergarden Kft., HU)"
mx1.precisionservers.in,1,"AS141294 (M21IDC-AS M21 Data Center, IN)"
mail.tmail.uz,1,"AS48979 (UZINFOCOM, UZ)"
mail.tmxnet.com,1,"AS36351 (SOFTLAYER - IBM Cloud, US)"
mail.tmsolutionsgroup.com,1,"AS55106 (DATACATE-AS1 - Datacate Inc., US)"
mail.tmm-express.com,1,"AS61297 (DATACENTER-UA LIMITED LIABILITY COMPANY ANTE MEDIAM, UA)"
mail.tmearchitects.it,1,"AS31034 (ARUBA-ASN, IT)"
mail.tmv.edu.in,1,"AS45194 (SIPL-AS Syscon Infoway Pvt. Ltd., IN)"
smtp.woticorp.com,1,"AS12876 (Online SAS, FR)"
mail.tmselusa.com,1,"AS41528 (LOOPIA3, SE)"
hfe0934ry5x.sn.mynetname.net,1,"AS45899 (VNPT-AS-VN VNPT Corp, VN)"
mail.tmpsc.transnet.cu,1,"AS27725 (Empresa de Telecomunicaciones de Cuba, S.A., CU)"
mail.tmi.ph,1,"AS6939 (HURRICANE - Hurricane Electric LLC, US)"
web2.futureweb.be,1,"AS59827 (FUTUREWEB-AS, BE)"
mail.tmvremodeling.com,1,"AS8739 (ICDSOFT, BG)"
mail.tmaptrading.com,1,"AS52030 (SERVERPLAN-AS, IT)"
mail.tmwlsw.com,1,"AS132203 (TENCENT-NET-AP-CN Tencent Building, Kejizhongyi Avenue, CN)"
mail.tmsolucoes.com.br,1,"AS19871 (NETWORK-SOLUTIONS-HOSTING - Network Solutions, LLC, US)"
tml-de.mail.protection.outlook.com,1,"AS8075 (MICROSOFT-CORP-MSN-AS-BLOCK - Microsoft Corporation, US)"
mail.tmp-press.ru,1,"AS43727 (KVANT-TELECOM, RU)"
mail.tmx.kiev.ua,1,"AS42331 (FREEHOST, UA)"
mx10.websupport.se,1,"AS41528 (LOOPIA3, SE)"
mail.tmx.ch,1,"AS47302 (CYON, CH)"
tmail.infos.st,1,"AS16276 (OVH, FR)"
mail.tmxmarketing.com.br,1,"AS46606 (UNIFIEDLAYER-AS-1 - Unified Layer, US)"
mail.tmrprestigeservices.co.uk,1,"AS8560 (IONOS-AS This is the joint network for IONOS, Fasthosts, Arsys, 1&1 Mail and Media and 1&1 Telecom. Formerly known as 1&1 Internet SE., DE)"
spam.tibero.com,1,"AS4766 (KIXS-AS-KR Korea Telecom, KR)"
mail.tmn-international.com,1,"AS2514 (INFOSPHERE NTT PC Communications, Inc., JP)"
_dc-mx.f907e3505116.tochtonado.name,1,"AS60781 (LEASEWEB-NL-AMS-01 Netherlands, NL)"
tobinproperties-com.mail.protection.outlook.com,1,"AS8075 (MICROSOFT-CORP-MSN-AS-BLOCK - Microsoft Corporation, US)"
mail200.itopplus.com,1,"AS4618 (INET-TH-AS Internet Thailand Company Limited, TH)"
mx.thismail.net,1,"AS16509 (AMAZON-02 - Amazon.com, Inc., US)"
mx.throwam.com,1,"AS16509 (AMAZON-02 - Amazon.com, Inc., US)"
tnc.com,1,"AS16509 (AMAZON-02 - Amazon.com, Inc., US)"
tm21.in.tmems-jp.trendmicro.com,1,"AS16509 (AMAZON-02 - Amazon.com, Inc., US)"
mail.tocomail.com,1,"AS16509 (AMAZON-02 - Amazon.com, Inc., US)"
thigmotrojmail.ru,1,"AS213702 (QWINS-LTD QWINS AS-SET: ~ # AS213702:AS-CUSTOMERS, GB)"
threadedwsw.com,1,"AS47583 (AS-HOSTINGER, CY)"
mail6.triger.com.pl,1,"AS24940 (HETZNER-AS, DE)"
thotwerx.com,1,"AS40092 (ONIAAS - HostPapa, US)"
thrott.com,1,"AS14061 (DIGITALOCEAN-ASN - DigitalOcean, LLC, US)"
mail.tmt4.kz,1,"AS48716 (PSKZ-ALA, KZ)"
tmail.biz.st,1,"AS16276 (OVH, FR)"
mx01.mosinfocom.tech,1,"AS47989 (MOSINFOCOM-AS Mosinfocom Llc, RU)"
mail.tmp-system-service.org,1,"AS201901 (TMP-NETWORKS, DE)"
mail.tmam.de,1,"AS42730 (EVANZOAS, DE)"
_dc-mx.4da62705c8ee.togelonline88.org,1,"AS19318 (IS-AS-1 - Interserver, Inc, US)"
mail.tmw.net,1,"AS42612 (DINAHOSTING-AS, ES)"
todoprestamos.com,1,"AS60458 (ASN-XTUDIONET, ES)"
smtp.ds.network,1,"AS38719 (DREAMSCAPE-AS-AP Dreamscape Networks Limited, AU)"
mail.tmwork.com,1,"AS24940 (HETZNER-AS, DE)"
mail.throwaway.io,1,"AS42831 (UKSERVERS-AS UK Dedicated Servers, Hosting and Co-Location, GB)"
token2-com.mail.protection.outlook.com,1,"AS8075 (MICROSOFT-CORP-MSN-AS-BLOCK - Microsoft Corporation, US)"
tmpail.fr.nf,1,"AS16276 (OVH, FR)"
mail.tmr-ueberdachungen.de,1,"AS200548 (WEBHOSTER, DE)"
mx01.tokatinadresi.com,1,"AS51557 (TR-ISIMTESCIL-20201202, TR)"
mail.toko3d.com,1,"AS31898 (ORACLE-BMC-31898 - Oracle Corporation, US)"
tommx.tom.com,1,
tomevault-com.mail.protection.outlook.com,1,"AS8075 (MICROSOFT-CORP-MSN-AS-BLOCK - Microsoft Corporation, US)"
mx6.tomsoutletw.com,1,
mail.bluetie.com,1,"AS19133 (BIRD-HOSTING - Bird Hosting Inc., US)"
mail.tmt.at,1,"AS8412 (TMA Magenta Telekom, AT)"
mail.tocawin.com,1,"AS51167 (CONTABO, DE)"
_dc-mx.ee9c0620d027.tonightsbang.com,1,"AS203076 (ORG-NL671-RIPE, GB)"
mail.toolve.com,1,"AS14061 (DIGITALOCEAN-ASN - DigitalOcean, LLC, US)"
smtp.tmw.net.br,1,"AS52968 (TECMIDIAWEB LTDA, BR)"
m.exclusivemusicplus.com,1,"AS63949 (AKAMAI-LINODE-AP Akamai Connected Cloud, SG)"
mailforward51.cloudns.net,1,"AS43350 (NFORCE, NL)"
eu-com-wildcard-null-mx.centralnic.net,1,
mail.top10k.com,1,"AS24940 (HETZNER-AS, DE)"
mail.tonermix.ru,1,"AS29182 (RU-JSCIOT, RU)"
efa.davemx.net,1,"AS16276 (OVH, FR)"
smtp.toopitoo.com,1,"AS16276 (OVH, FR)"
mail.tophopstudio.com,1,"AS212317 (HETZNER-CLOUD3-AS, DE)"
mail.topessaywritingbase.com,1,"AS50474 (O2SWITCH, FR)"
mail.tmp.cash,1,"AS39287 (ABSTRACT, FI)"
relay1.nextgen.topsec.com,1,"AS202053 (UPCLOUD, FI)"
mail.topseos.com,1,"AS398101 (GO-DADDY-COM-LLC - GoDaddy.com, LLC, US)"
topregal-com.mail.protection.outlook.com,1,"AS8075 (MICROSOFT-CORP-MSN-AS-BLOCK - Microsoft Corporation, US)"
topslrcameras.com,1,"AS33182 (DIMENOC - HostDime.com, Inc., US)"
toni.io.vn,1,
mail.tormails.com,1,"AS49981 (WORLDSTREAM, NL)"
toro-com.mail.protection.outlook.com,1,"AS8075 (MICROSOFT-CORP-MSN-AS-BLOCK - Microsoft Corporation, US)"
mail.torcmail.com,1,"AS12586 (ASGHOSTNET, DE)"
mail.legitplayer.shop,1,"AS16276 (OVH, FR)"
mx.topwebinfos.info,1,"AS14061 (DIGITALOCEAN-ASN - DigitalOcean, LLC, US)"
mx.torresink.com.cust.b.hostedemail.com,1,
tipperary.net,1,"AS29550 (SIMPLYTRANSIT, GB)"
mail.tototogel4d.xyz,1,"AS22612 (NAMECHEAP-NET - Namecheap, Inc., US)"
topfunkyfinds.co.uk,1,"AS8560 (IONOS-AS This is the joint network for IONOS, Fasthosts, Arsys, 1&1 Mail and Media and 1&1 Telecom. Formerly known as 1&1 Internet SE., DE)"
falcon.sliqua.com,1,"AS32740 (SLIQUA - Sliqua Enterprise Hosting, Inc., US)"
tossy.info,1,"AS9371 (SAKURA-C SAKURA Internet Inc., JP)"
mail.totumail.com,1,"AS12586 (ASGHOSTNET, DE)"
torrent411.fr.nf,1,"AS16276 (OVH, FR)"
mail.tourexam.com,1,"AS19318 (IS-AS-1 - Interserver, Inc, US)"
mx1.total-research.com,1,"AS197695 (AS-REG, RU)"
mail.toto96.com,1,"AS214036 (ULTAHOST-AS, US)"
mx-inx.townpostmail.com,1,"AS14061 (DIGITALOCEAN-ASN - DigitalOcean, LLC, US)"
mxa-001f1301.gslb.pphosted.com,1,"AS26211 (PROOFPOINT-ASN-US-WEST - Proofpoint, Inc., US)"
mail10.toyota.com,1,"AS22843 (PROOFPOINT-ASN-US-EAST - Proofpoint, Inc., US)"
mx.tp-qa-mail.com,1,"AS16276 (OVH, FR)"
mail.cellica.com,1,"AS29873 (BIZLAND-SD - Newfold Digital, Inc., US)"
mail.tpmail.pl,1,"AS47544 (IQPL-AS, PL)"
townisp-com.mx.av-mx.com,1,"AS31898 (ORACLE-BMC-31898 - Oracle Corporation, US)"
mail.torgovyicenter.ru,1,"AS29182 (RU-JSCIOT, RU)"
mail.tpsoftwaresolutions.com,1,"AS46606 (UNIFIEDLAYER-AS-1 - Unified Layer, US)"
totococo.fr.nf,1,"AS16276 (OVH, FR)"
mx.loomail.com,1,"AS36352 (AS-COLOCROSSING - HostPapa, US)"
tppp.one,1,"AS24940 (HETZNER-AS, DE)"
mxa-00160c04.gslb.pphosted.com,1,"AS22843 (PROOFPOINT-ASN-US-EAST - Proofpoint, Inc., US)"
mailsms7.akbank.com,1,"AS19905 (SECURITYSERVICES - Vercara, LLC, US)"
mail.toxmail.ru,1,"AS12586 (ASGHOSTNET, DE)"
tppp.online,1,"AS24940 (HETZNER-AS, DE)"
mail.trackeva.com,1,"AS204800 (WHG-SGP, GB)"
mail.tr8mail.com,1,"AS12586 (ASGHOSTNET, DE)"
mail.trademarkprotectionplus.com,1,"AS16276 (OVH, FR)"
traevlers-com.mail.protection.outlook.com,1,
trade-com.mail.protection.outlook.com,1,"AS8075 (MICROSOFT-CORP-MSN-AS-BLOCK - Microsoft Corporation, US)"
mail.tracheosmail.com,1,"AS12586 (ASGHOSTNET, DE)"
mail.tracheobronfl.com,1,"AS12586 (ASGHOSTNET, DE)"
trad.com,1,"AS22611 (INMOTION - InMotion Hosting, Inc., US)"
dedi4020.your-server.de,1,"AS24940 (HETZNER-AS, DE)"
terminus.tracciabi.li,1,"AS24940 (HETZNER-AS, DE)"
mail.trailtoppest.com,1,"AS47583 (AS-HOSTINGER, CY)"
mail.tracheobronebml.ru,1,"AS12586 (ASGHOSTNET, DE)"
mail.smsinbox.shop,1,"AS44486 (SYNLINQ synlinq.de, DE)"
mail.tracheobronmail.ru,1,"AS12586 (ASGHOSTNET, DE)"
mail.trackerok.ru,1,"AS207728 (EUROHOSTER Hosting Provider EuroHoster Ltd., BG)"
mail.smoothjourneymail.com,1,"AS12586 (ASGHOSTNET, DE)"
trakable-com.mail.protection.outlook.com,1,"AS8075 (MICROSOFT-CORP-MSN-AS-BLOCK - Microsoft Corporation, US)"
traffictrigger.net,1,"AS54290 (HOSTWINDS - Hostwinds LLC., US)"
trafficxtractor.com,1,"AS54290 (HOSTWINDS - Hostwinds LLC., US)"
traffictrapper.site,1,"AS54290 (HOSTWINDS - Hostwinds LLC., US)"
smoug.net,1,"AS2514 (INFOSPHERE NTT PC Communications, Inc., JP)"
mail.traditionfml.ru,1,"AS12586 (ASGHOSTNET, DE)"
smsturkey.com,1,"AS42846 (GUZELHOSTING GNET INTERNET TELEKOMUNIKASYON A.S., TR)"
mail.traditionmail.ru,1,"AS12586 (ASGHOSTNET, DE)"
mail.transportamail.com,1,"AS12586 (ASGHOSTNET, DE)"
mail.transmogrifmail.com,1,"AS12586 (ASGHOSTNET, DE)"
mail.transsemalis.com,1,"AS12586 (ASGHOSTNET, DE)"
mail.trash2010.com,1,"AS24940 (HETZNER-AS, DE)"
mx.trash-mail.net,1,"AS16276 (OVH, FR)"
mail.transactionuds.ru,1,"AS12586 (ASGHOSTNET, DE)"
mail.transportemail.ru,1,"AS12586 (ASGHOSTNET, DE)"
mail.trashmail-mailbox.com,1,"AS60781 (LEASEWEB-NL-AMS-01 Netherlands, NL)"
mail.transcendeml.ru,1,"AS12586 (ASGHOSTNET, DE)"
mail.transmutmail.ru,1,"AS12586 (ASGHOSTNET, DE)"
mail.trashimail.com,1,"AS23352 (SERVERCENTRAL - DEFT.COM, US)"
mail.trashmail.ws,1,"AS207083 (HOSTSLIM-GLOBAL-NETWORK, NL)"
mail1.trash2009.com,1,"AS44418 (BITDEFENDER-AS, RO)"
mail.trapezfmals.com,1,"AS12586 (ASGHOSTNET, DE)"
mail.transillumimails.ru,1,"AS12586 (ASGHOSTNET, DE)"
mail.traslex.com,1,"AS47583 (AS-HOSTINGER, CY)"
trashmail.in,1,"AS24940 (HETZNER-AS, DE)"
mail1.trashymail.com,1,"AS44418 (BITDEFENDER-AS, RO)"
mx.trashmailr.com,1,"AS197540 (NETCUP-AS netcup GmbH, DE)"
sms-at.mail.protection.outlook.com,1,"AS8075 (MICROSOFT-CORP-MSN-AS-BLOCK - Microsoft Corporation, US)"
trashmail.hu,1,"AS210772 (NEWPUSH, HU)"
mxa-00539404.gslb.pphosted.com,1,"AS22843 (PROOFPOINT-ASN-US-EAST - Proofpoint, Inc., US)"
mail.trapezoolml.ru,1,"AS12586 (ASGHOSTNET, DE)"
traveler.com,1,"AS22611 (INMOTION - InMotion Hosting, Inc., US)"
sn0wf1ake-com.mail.protection.outlook.com,1,
mail.travelmadeease.com,1,"AS47583 (AS-HOSTINGER, CY)"
mxa-00380701.gslb.pphosted.com,1,"AS22843 (PROOFPOINT-ASN-US-EAST - Proofpoint, Inc., US)"
mail.travile.com,1,"AS14061 (DIGITALOCEAN-ASN - DigitalOcean, LLC, US)"
mail.snapmail.site,1,"AS24940 (HETZNER-AS, DE)"
mail.travionex.cfd,1,"AS203446 (AS203446, GB)"
mail.snapmail.cc,1,"AS45102 (ALIBABA-CN-NET Alibaba US Technology Co., Ltd., CN)"
mail.trash247.com,1,"AS39912 (I3B-AS, AT)"
treatance.com,1,"AS47583 (AS-HOSTINGER, CY)"
mail.travelua.ru,1,"AS201814 (MEVSPACE, PL)"
mail.travodoctor.ru,1,"AS29182 (RU-JSCIOT, RU)"
snnowflake-com.mail.protection.outlook.com,1,"AS8075 (MICROSOFT-CORP-MSN-AS-BLOCK - Microsoft Corporation, US)"
mail.treatmentjo.ru,1,"AS12586 (ASGHOSTNET, DE)"
treazor.io,1,"AS200514 (KNOWNSRV, GB)"
mail.trashmails.it,1,"AS24940 (HETZNER-AS, DE)"
netcarrier-mx.email-protect.gosecure.net,1,"AS29909 (METROOPTIC - Metro Optic, CA)"
mail.sneakers-blog.com,1,"AS48635 (CLDIN-NL Your Hosting B.V. part of Your.Online, NL)"
treaor.io,1,"AS200514 (KNOWNSRV, GB)"
treeor.io,1,"AS200514 (KNOWNSRV, GB)"
mail.snowdaycalculatornow.com,1,"AS31898 (ORACLE-BMC-31898 - Oracle Corporation, US)"
mail.trendbettor.com,1,"AS11320 (LIGHTEDGE-AS-02 - LightEdge Solutions, US)"
w01590c9.kasserver.com,1,"AS34788 (NMM-AS D - 02742 Friedersdorf Hauptstrasse 68, DE)"
mail.sngcom.ru,1,"AS200487 (OOOVPS-AS, RU)"
mx.snowflake1.com,1,"AS16509 (AMAZON-02 - Amazon.com, Inc., US)"
_dc-mx.0d768edff44a.snowfloke.com,1,
mail.snowlake.com,1,"AS14268 (ASNCSL - Northern Computer Solutions Ltd., CA)"
traversi.ru,1,"AS49981 (WORLDSTREAM, NL)"
trendnews.eu.org,1,"AS20068 (HAWKHOST - Hawk Host Inc., CA)"
treon-org.mail.protection.outlook.com,1,"AS8075 (MICROSOFT-CORP-MSN-AS-BLOCK - Microsoft Corporation, US)"
mail.snooker.cybranceehost.com,1,"AS24940 (HETZNER-AS, DE)"
tresla-com.mail.protection.outlook.com,1,"AS8075 (MICROSOFT-CORP-MSN-AS-BLOCK - Microsoft Corporation, US)"
treor.io,1,"AS200514 (KNOWNSRV, GB)"
mxa1.fwd.astutium.com,1,"AS29527 (ASTUTIUM-AS Astutium Limited, GB)"
mx1.hostido.net.pl,1,
trevors-org.mail.protection.outlook.com,1,"AS8075 (MICROSOFT-CORP-MSN-AS-BLOCK - Microsoft Corporation, US)"
tresorit-com.mail.protection.outlook.com,1,"AS8075 (MICROSOFT-CORP-MSN-AS-BLOCK - Microsoft Corporation, US)"
treozr.io,1,"AS200514 (KNOWNSRV, GB)"
mx1.snos.ru,1,"AS35769 (GPNS, RU)"
mail.smellfear.com,1,
trerzor.io,1,"AS200514 (KNOWNSRV, GB)"
trezior.io,1,"AS200514 (KNOWNSRV, GB)"
mail.soantiy.com,1,"AS47583 (AS-HOSTINGER, CY)"
trezaor.io,1,"AS200514 (KNOWNSRV, GB)"
mail.treponemails.ru,1,"AS12586 (ASGHOSTNET, DE)"
trezir.io,1,"AS200514 (KNOWNSRV, GB)"
trewzor.io,1,"AS200514 (KNOWNSRV, GB)"
trexzor.io,1,"AS200514 (KNOWNSRV, GB)"
trezoir.io,1,"AS200514 (KNOWNSRV, GB)"
trezo.io,1,"AS200514 (KNOWNSRV, GB)"
trezr.io,1,"AS200514 (KNOWNSRV, GB)"
trezopr.io,1,"AS200514 (KNOWNSRV, GB)"
trexor.io,1,"AS200514 (KNOWNSRV, GB)"
trezorr.io,1,"AS200514 (KNOWNSRV, GB)"
trezpor.io,1,"AS200514 (KNOWNSRV, GB)"
trezoe.io,1,"AS200514 (KNOWNSRV, GB)"
mail.snapbrentwood.org,1,"AS41000 (FREETHOUGHT-AS, GB)"
trezro.io,1,"AS200514 (KNOWNSRV, GB)"
trezort.io,1,"AS200514 (KNOWNSRV, GB)"
sobreplasticosymas-com.mail.protection.outlook.com,1,"AS8075 (MICROSOFT-CORP-MSN-AS-BLOCK - Microsoft Corporation, US)"
trezeor.io,1,"AS200514 (KNOWNSRV, GB)"
trezot.io,1,"AS200514 (KNOWNSRV, GB)"
trezore.io,1,"AS200514 (KNOWNSRV, GB)"
trezpr.io,1,"AS200514 (KNOWNSRV, GB)"
umhold-com.mail.protection.outlook.com,1,"AS8075 (MICROSOFT-CORP-MSN-AS-BLOCK - Microsoft Corporation, US)"
trezzor.io,1,"AS200514 (KNOWNSRV, GB)"
smithemail-net.mail.protection.outlook.com,1,"AS8075 (MICROSOFT-CORP-MSN-AS-BLOCK - Microsoft Corporation, US)"
aravis.smeux.com,1,"AS16276 (OVH, FR)"
trezxor.io,1,"AS200514 (KNOWNSRV, GB)"
mail.trickence.com,1,"AS47583 (AS-HOSTINGER, CY)"
treqor.io,1,"AS199968 (IWSNET, AM)"
mail.trickyfucm.com,1,"AS47583 (AS-HOSTINGER, CY)"
mail.tribolofml.com,1,"AS12586 (ASGHOSTNET, DE)"
mail.smiletransport.com,1,"AS56067 (METRABYTE-TH 453 Ladplacout Jorakhaebua, TH)"
mail.triakisocemail.ru,1,"AS12586 (ASGHOSTNET, DE)"
mail.trichfml.com,1,"AS12586 (ASGHOSTNET, DE)"
mail.trichopamail.com,1,"AS12586 (ASGHOSTNET, DE)"
trichopatmail.com,1,"AS213702 (QWINS-LTD QWINS AS-SET: ~ # AS213702:AS-CUSTOMERS, GB)"
mail.sochidzns.ru,1,"AS8342 (RTCOMM-AS, RU)"
trichic.com.br,1,"AS46606 (UNIFIEDLAYER-AS-1 - Unified Layer, US)"
triist.com,1,"AS29802 (HVC-AS - HIVELOCITY, Inc., US)"
mx.trigetti.com,1,"AS31034 (ARUBA-ASN, IT)"
socialmediamonitoring.nl,1,"AS14061 (DIGITALOCEAN-ASN - DigitalOcean, LLC, US)"
trezkor.io,1,"AS199968 (IWSNET, AM)"
socmail-net.mail.protection.outlook.com,1,"AS8075 (MICROSOFT-CORP-MSN-AS-BLOCK - Microsoft Corporation, US)"
mail.trinovia.cfd,1,"AS203446 (AS203446, GB)"
mail.sociopomail.com,1,"AS12586 (ASGHOSTNET, DE)"
pmg.sobat.net.id,1,"AS138117 (IDNIC-SOBAT-AS-ID PT. Solusindo Basis Teknologi, ID)"
trezlor.io,1,"AS199968 (IWSNET, AM)"
mail.trinitrofm.ru,1,"AS12586 (ASGHOSTNET, DE)"
mail.trigonommails.ru,1,"AS12586 (ASGHOSTNET, DE)"
mail.soeermewh.com,1,"AS47583 (AS-HOSTINGER, CY)"
mail.trilitemail.ru,1,"AS12586 (ASGHOSTNET, DE)"
mail.soda55.com,1,"AS21859 (ZEN-ECN - Zenlayer Inc, US)"
mail.triparish.net,1,"AS19871 (NETWORK-SOLUTIONS-HOSTING - Network Solutions, LLC, US)"
tripolis-com.mail.protection.outlook.com,1,"AS8075 (MICROSOFT-CORP-MSN-AS-BLOCK - Microsoft Corporation, US)"
mxa-003a4d01.gslb.pphosted.com,1,"AS26211 (PROOFPOINT-ASN-US-WEST - Proofpoint, Inc., US)"
mx001.sofort-mail.com,1,"AS24940 (HETZNER-AS, DE)"
mail.trezvostrus.ru,1,"AS16276 (OVH, FR)"
softgirl-shop.mail.protection.outlook.com,1,"AS8075 (MICROSOFT-CORP-MSN-AS-BLOCK - Microsoft Corporation, US)"
mail.transillrsmail.ru,1,"AS12586 (ASGHOSTNET, DE)"
mail.smtp33.com,1,"AS47583 (AS-HOSTINGER, CY)"
mx003.register.xion.oxcs.net,1,"AS16276 (OVH, FR)"
msv.softbank.ne.jp,1,"AS17505 (SBMOBILE SoftBank Corp., JP)"
socialmediaguru.co.za,1,"AS328471 (Hero-Telecoms, ZA)"
mail.softpix.ru,1,"AS198610 (BEGET-AS, RU)"
mail.tijdelijkmailadres.nl,1,"AS30870 (TRANS-IX-AS Trans-iX Autonomous System, NL)"
mail06.l4email.com,1,"AS15083 (INFOLINK-MIA-US - Infolink Global Corporation, US)"
malibuzz.troofer.com,1,"AS51167 (CONTABO, DE)"
sohumx2.sohu.com,1,"AS4837 (CHINA169-BACKBONE CHINA UNICOM China169 Backbone, CN)"
mail.trolleyjo.ru,1,"AS12586 (ASGHOSTNET, DE)"
mail.trovantis.cfd,1,"AS203446 (AS203446, GB)"
mail.troveniq.cfd,1,"AS203446 (AS203446, GB)"
sokpe.com,1,"AS58487 (CRI-AS-AP CV. Rumahweb Indonesia, ID)"
mail.tropicaemail.ru,1,"AS12586 (ASGHOSTNET, DE)"
mail.tron.pl,1,"AS16276 (OVH, FR)"
solarcraft-net.mail.protection.outlook.com,1,"AS8075 (MICROSOFT-CORP-MSN-AS-BLOCK - Microsoft Corporation, US)"
mx1.solar-impact.pro,1,"AS200107 (KL-EXT, CH)"
mail.transillumimail.ru,1,
mail.transillummails.ru,1,
mx1.solarnyx.com,1,"AS16276 (OVH, FR)"
trrezor.io,1,"AS200514 (KNOWNSRV, GB)"
solarz-net.mail.protection.outlook.com,1,"AS8075 (MICROSOFT-CORP-MSN-AS-BLOCK - Microsoft Corporation, US)"
trrzor.io,1,"AS200514 (KNOWNSRV, GB)"
mail.solarflarecorp.com,1,"AS24940 (HETZNER-AS, DE)"
mx1.6v4.it,1,"AS207252 (REALTOX-MEDIA, DE)"
trtezor.io,1,"AS200514 (KNOWNSRV, GB)"
mx1.truckaccidentlawyerpennsylvania.org,1,"AS200107 (KL-EXT, CH)"
traveler-s.com,1,"AS37907 (DIGIROCK DigiRock, Inc., JP)"
truconnect-com.mail.protection.outlook.com,1,"AS8075 (MICROSOFT-CORP-MSN-AS-BLOCK - Microsoft Corporation, US)"
mail.socimail.ru,1,"AS12586 (ASGHOSTNET, DE)"
soliedmail.com,1,"AS213702 (QWINS-LTD QWINS AS-SET: ~ # AS213702:AS-CUSTOMERS, GB)"
softovik.biz,1,"AS51167 (CONTABO, DE)"
mail.solquira.cfd,1,"AS203446 (AS203446, GB)"
mail.truevfvs.site,1,"AS16509 (AMAZON-02 - Amazon.com, Inc., US)"
mail.solstris.com,1,"AS16509 (AMAZON-02 - Amazon.com, Inc., US)"
da1.v.fozzy.com,1,"AS35415 (WEBZILLA, NL)"
mxa-0058fb01.gslb.pphosted.com,1,"AS22843 (PROOFPOINT-ASN-US-EAST - Proofpoint, Inc., US)"
mx.somdhosting.com,1,"AS14061 (DIGITALOCEAN-ASN - DigitalOcean, LLC, US)"
mail.somatot.com,1,"AS12586 (ASGHOSTNET, DE)"
a.mx.broadviewnet.net,1,"AS7029 (WINDSTREAM - Windstream Communications LLC, US)"
mx6.trushsymptomstreatment.com,1,
socioemail.com,1,"AS213702 (QWINS-LTD QWINS AS-SET: ~ # AS213702:AS-CUSTOMERS, GB)"
mail.somatmail.ru,1,"AS12586 (ASGHOSTNET, DE)"
mail.trusmail.net,1,"AS12586 (ASGHOSTNET, DE)"
trusfwallet.com,1,"AS52148 (ENIXLTD, GB)"
mail.trusit.com,1,"AS197540 (NETCUP-AS netcup GmbH, DE)"
mail.trust-mailbox.com,1,"AS12586 (ASGHOSTNET, DE)"
email.grolen.com,1,"AS7922 (COMCAST-7922 - Comcast Cable Communications, LLC, US)"
trust-com.mail.protection.outlook.com,1,"AS8075 (MICROSOFT-CORP-MSN-AS-BLOCK - Microsoft Corporation, US)"
mail.trust-mail.ru,1,"AS12586 (ASGHOSTNET, DE)"
mail.soniot.fr,1,"AS203446 (AS203446, GB)"
mail.soniot.online,1,"AS203446 (AS203446, GB)"
mail.soniot.store,1,"AS203446 (AS203446, GB)"
trusturs-com.in.shield.security,1,"AS16509 (AMAZON-02 - Amazon.com, Inc., US)"
soniconsultants-com.mail.protection.outlook.com,1,"AS8075 (MICROSOFT-CORP-MSN-AS-BLOCK - Microsoft Corporation, US)"
mail.soniot.info,1,"AS203446 (AS203446, GB)"
truistb.com,1,"AS200019 (ALEXHOST, MD)"
bak002.sonrusu.com,1,"AS14061 (DIGITALOCEAN-ASN - DigitalOcean, LLC, US)"
mail.solenox.cfd,1,"AS203446 (AS203446, GB)"
mail.sonyymail.com,1,"AS212317 (HETZNER-CLOUD3-AS, DE)"
mail.solenodomail.ru,1,"AS12586 (ASGHOSTNET, DE)"
sophiecostumes-com.mail.protection.outlook.com,1,"AS8075 (MICROSOFT-CORP-MSN-AS-BLOCK - Microsoft Corporation, US)"
mail.sopharmsn.com,1,"AS209605 (HOSTBALTIC, LT)"
trusted.trading,1,"AS14061 (DIGITALOCEAN-ASN - DigitalOcean, LLC, US)"
mail.sooomail.com,1,"AS12586 (ASGHOSTNET, DE)"
_dc-mx.0561cd6e3d55.solidsmm.net,1,"AS399275 (SOLID - Solid Systems LLC, US)"
a795737.mx.mailhop.org,1,"AS16509 (AMAZON-02 - Amazon.com, Inc., US)"
mail.trusttravellive.net,1,"AS10297 (ENET-2 - eNET Inc., US)"
mail.trusttravellive.info,1,"AS10297 (ENET-2 - eNET Inc., US)"
mail.solecistmail.ru,1,"AS12586 (ASGHOSTNET, DE)"
mail.sophistsemail.com,1,"AS12586 (ASGHOSTNET, DE)"
sopbet.net,1,"AS21859 (ZEN-ECN - Zenlayer Inc, US)"
mxa-00752701.gslb.pphosted.com,1,"AS52129 (PROOFPOINT-ASN-EU, US)"
mail.tryburner.email,1,"AS63949 (AKAMAI-LINODE-AP Akamai Connected Cloud, SG)"
trydeal.com,1,"AS29802 (HVC-AS - HIVELOCITY, Inc., US)"
smtp.tarc.net,1,"AS18865 (AS-INTUIX - Intuix LLC, US)"
mail.tryninja.io,1,"AS63949 (AKAMAI-LINODE-AP Akamai Connected Cloud, SG)"
trwzor.io,1,"AS200514 (KNOWNSRV, GB)"
mail.soporimail.ru,1,"AS12586 (ASGHOSTNET, DE)"
mail.sortsml.com,1,"AS47583 (AS-HOSTINGER, CY)"
mail.trynishoes.com,1,"AS24940 (HETZNER-AS, DE)"
mail.trynta.com,1,"AS14061 (DIGITALOCEAN-ASN - DigitalOcean, LLC, US)"
mail.solitermail.com,1,"AS12586 (ASGHOSTNET, DE)"
mail.trysti.us,1,"AS51167 (CONTABO, DE)"
soruvi-com.mail.protection.outlook.com,1,"AS8075 (MICROSOFT-CORP-MSN-AS-BLOCK - Microsoft Corporation, US)"
tryzoe.com,1,"AS47583 (AS-HOSTINGER, CY)"
mail.trypanosomfmals.com,1,"AS12586 (ASGHOSTNET, DE)"
trustwallit.com,1,"AS6698 (VIRTUALSYSTEMS, UA)"
mx.soulfire.pl,1,"AS14061 (DIGITALOCEAN-ASN - DigitalOcean, LLC, US)"
trustwallot.com,1,"AS6698 (VIRTUALSYSTEMS, UA)"
trzor.io,1,"AS200514 (KNOWNSRV, GB)"
mail.sororifmail.ru,1,"AS12586 (ASGHOSTNET, DE)"
trzezor.io,1,"AS200514 (KNOWNSRV, GB)"
mail.soteriotomail.com,1,"AS12586 (ASGHOSTNET, DE)"
mail.trypanopt.ru,1,"AS12586 (ASGHOSTNET, DE)"
mail.sotermails.ru,1,"AS12586 (ASGHOSTNET, DE)"
mxb-00201601.gslb.pphosted.com,1,"AS26211 (PROOFPOINT-ASN-US-WEST - Proofpoint, Inc., US)"
mx.tsnmw.com,1,"AS14061 (DIGITALOCEAN-ASN - DigitalOcean, LLC, US)"
mail.sotemail.ru,1,"AS12586 (ASGHOSTNET, DE)"
119428174.pamx1.hotmail.com,1,"AS8075 (MICROSOFT-CORP-MSN-AS-BLOCK - Microsoft Corporation, US)"
southmiamiroofing-com.mail.protection.outlook.com,1,"AS8075 (MICROSOFT-CORP-MSN-AS-BLOCK - Microsoft Corporation, US)"
tt-com.mail.protection.outlook.com,1,"AS8075 (MICROSOFT-CORP-MSN-AS-BLOCK - Microsoft Corporation, US)"
mail.africantrust.org,1,"AS26496 (AS-26496-GO-DADDY-COM-LLC - GoDaddy.com, LLC, US)"
mail.southeastefiml.ru,1,"AS12586 (ASGHOSTNET, DE)"
ttezor.io,1,"AS200514 (KNOWNSRV, GB)"
mail.sova.publicvm.com,1,"AS8075 (MICROSOFT-CORP-MSN-AS-BLOCK - Microsoft Corporation, US)"
mail.trufilth.com,1,"AS22489 (DATABANK-CASTLEACCESS - Castle Access Inc, US)"
tssla-com.mail.eo.outlook.com,1,"AS8075 (MICROSOFT-CORP-MSN-AS-BLOCK - Microsoft Corporation, US)"
gateh0k.spaakir.com,1,"AS14061 (DIGITALOCEAN-ASN - DigitalOcean, LLC, US)"
mail.southafrica-nedv.ru,1,"AS49505 (SELECTEL, RU)"
mx.southernsalvation.com,1,"AS16509 (AMAZON-02 - Amazon.com, Inc., US)"
tualias-com.mail.protection.outlook.com,1,"AS8075 (MICROSOFT-CORP-MSN-AS-BLOCK - Microsoft Corporation, US)"
spa.mail.protection.office365.us,1,"AS8075 (MICROSOFT-CORP-MSN-AS-BLOCK - Microsoft Corporation, US)"
mail.spaces.ru,1,"AS24940 (HETZNER-AS, DE)"
smtp.spamarrest.com,1,"AS14618 (AMAZON-AES - Amazon.com, Inc., US)"
mail.ttsport42.ru,1,"AS198068 (PAGM-AS, EE)"
mail.spambox.me,1,"AS14061 (DIGITALOCEAN-ASN - DigitalOcean, LLC, US)"
mail.spam-nicht.de,1,"AS197540 (NETCUP-AS netcup GmbH, DE)"
mail.tuberfml.com,1,"AS12586 (ASGHOSTNET, DE)"
mail.tubermail.com,1,"AS12586 (ASGHOSTNET, DE)"
mail.spamelka.com,1,"AS24940 (HETZNER-AS, DE)"
mail.spamail.de,1,"AS197540 (NETCUP-AS netcup GmbH, DE)"
spammedic.com,1,"AS32475 (SINGLEHOP-LLC - Internap Holding LLC, US)"
spammotel.com,1,"AS32491 (TUCOWS-3 - Tucows.com Co., CA)"
mail.spamok.com.ua,1,"AS24940 (HETZNER-AS, DE)"
mail.spamok.es,1,"AS24940 (HETZNER-AS, DE)"
mail.trusttravellive.org,1,"AS10297 (ENET-2 - eNET Inc., US)"
mail.spamok.fr,1,"AS24940 (HETZNER-AS, DE)"
mail.spamok.nl,1,"AS24940 (HETZNER-AS, DE)"
mail.spamok.com,1,"AS24940 (HETZNER-AS, DE)"
mail.spamok.de,1,"AS24940 (HETZNER-AS, DE)"
mail.spamcon.org,1,"AS40618 (SESAME - Sesame Workshop, US)"
mail.tunelux.com,1,"AS14061 (DIGITALOCEAN-ASN - DigitalOcean, LLC, US)"
trustfb.online,1,"AS328364 (Host-Africa-AS, ZA)"
mx1.securemail.name,1,"AS44592 (SKYLINK, NL)"
mail.spark0flife.com,1,"AS12586 (ASGHOSTNET, DE)"
mail.trustwalleet.com,1,"AS132203 (TENCENT-NET-AP-CN Tencent Building, Kejizhongyi Avenue, CN)"
tunnelbound.com,1,"AS33182 (DIMENOC - HostDime.com, Inc., US)"
trivelers-com.mail.protection.outlook.com,1,
mail.speakerbookingagency.com,1,"AS16509 (AMAZON-02 - Amazon.com, Inc., US)"
mail.tupmail.com,1,"AS16276 (OVH, FR)"
solidarityhealthshare-org.mail.protection.outlook.com,1,"AS8075 (MICROSOFT-CORP-MSN-AS-BLOCK - Microsoft Corporation, US)"
mail.trucert.com,1,"AS852 (TELUS Communications, CA)"
mx.specialmailmonster.online,1,"AS20473 (AS-VULTR - The Constant Company, LLC, US)"
mx1.turbospinz.co,1,"AS200107 (KL-EXT, CH)"
mail.spatiotempolml.ru,1,"AS12586 (ASGHOSTNET, DE)"
mx6.speeddategirls.com,1,
trugen-ai.mail.protection.outlook.com,1,"AS8075 (MICROSOFT-CORP-MSN-AS-BLOCK - Microsoft Corporation, US)"
sparkypremium.com,1,"AS199695 (ANYM-NET, ID)"
email.turkeyth.com,1,"AS14061 (DIGITALOCEAN-ASN - DigitalOcean, LLC, US)"
mail0001.speed-mail.co.uk,1,"AS24940 (HETZNER-AS, DE)"
spectrohelmail.com,1,"AS213702 (QWINS-LTD QWINS AS-SET: ~ # AS213702:AS-CUSTOMERS, GB)"
_dc-mx.8b9eed65fba0.speedsogolink.com,1,"AS26496 (AS-26496-GO-DADDY-COM-LLC - GoDaddy.com, LLC, US)"
turkishad.com,1,"AS56851 (VPS-UA-AS, UA)"
unbanq-com.mail.protection.outlook.com,1,
mail.turkishairlinesopen.golf,1,"AS31898 (ORACLE-BMC-31898 - Oracle Corporation, US)"
mail.unapprectomail.com,1,"AS12586 (ASGHOSTNET, DE)"
mail.spectroscopmail.ru,1,"AS12586 (ASGHOSTNET, DE)"
unaccusmail.com,1,"AS213702 (QWINS-LTD QWINS AS-SET: ~ # AS213702:AS-CUSTOMERS, GB)"
mail.unamali.ru,1,"AS12586 (ASGHOSTNET, DE)"
mail.turkuazballooning.com,1,"AS51557 (TR-ISIMTESCIL-20201202, TR)"
mail.speakfree.net,1,"AS7018 (ATT-INTERNET4 - AT&T Enterprises, LLC, US)"
mail.spectrophotooli.ru,1,"AS12586 (ASGHOSTNET, DE)"
mail.unafforfm.ru,1,"AS12586 (ASGHOSTNET, DE)"
mail.unbox.edu.pl,1,"AS200303 (LUMASERV LUMASERV GmbH, DE)"
mail.unapologeic.com,1,"AS12586 (ASGHOSTNET, DE)"
spectaculargrove.com,1,"AS24940 (HETZNER-AS, DE)"
mail.turkey-nedv.ru,1,"AS59729 (ITL-BG, US)"
mail.unaccommomails.ru,1,"AS12586 (ASGHOSTNET, DE)"
mail.unapprmalis.com,1,"AS12586 (ASGHOSTNET, DE)"
mail.unabbremail.ru,1,"AS12586 (ASGHOSTNET, DE)"
trwezor.io,1,"AS200514 (KNOWNSRV, GB)"
mail.unartimails.ru,1,"AS12586 (ASGHOSTNET, DE)"
mail.unartifimail.ru,1,"AS12586 (ASGHOSTNET, DE)"
mail.unbelievamy.com,1,"AS12586 (ASGHOSTNET, DE)"
mail.turual.com,1,"AS14061 (DIGITALOCEAN-ASN - DigitalOcean, LLC, US)"
mail.unanticmails.ru,1,"AS12586 (ASGHOSTNET, DE)"
mail.unaccustils.ru,1,"AS12586 (ASGHOSTNET, DE)"
mail.uncertifimail.ru,1,"AS12586 (ASGHOSTNET, DE)"
speedmail.lol,1,"AS16276 (OVH, FR)"
mail.unapolmity.ru,1,"AS12586 (ASGHOSTNET, DE)"
mail.turkishcitizenshipbyinvestments.com,1,"AS49334 (SH-COM-, TR)"
mail.tuscerrajerosvalladolid.com,1,"AS16276 (OVH, FR)"
mail.unattainabfml.ru,1,"AS12586 (ASGHOSTNET, DE)"
mail.spfence.net,1,"AS31898 (ORACLE-BMC-31898 - Oracle Corporation, US)"
mail.febas.net,1,"AS24940 (HETZNER-AS, DE)"
mail.spermatmail.com,1,"AS12586 (ASGHOSTNET, DE)"
unbelievable.co.uk,1,"AS201682 (LIQUID-WEB-BV, US)"
mail.uncharacterismail.com,1,"AS12586 (ASGHOSTNET, DE)"
trzeor.io,1,"AS200514 (KNOWNSRV, GB)"
mail.unappropmail.ru,1,"AS12586 (ASGHOSTNET, DE)"
mail.unassailabmail.ru,1,"AS12586 (ASGHOSTNET, DE)"
mail.uncamphomil.ru,1,"AS12586 (ASGHOSTNET, DE)"
mail.spayderhed-2022.ru,1,"AS44094 (WEBHOST1-AS, RU)"
mx.spetify.com.cust.b.hostedemail.com,1,"AS32491 (TUCOWS-3 - Tucows.com Co., CA)"
mail.spicysoda.com,1,"AS16276 (OVH, FR)"
a918482.mx.mailhop.org,1,"AS16509 (AMAZON-02 - Amazon.com, Inc., US)"
mail.uncomails.ru,1,"AS12586 (ASGHOSTNET, DE)"
mail.sphygemetmail.com,1,"AS12586 (ASGHOSTNET, DE)"
mail.uncompaebml.ru,1,"AS12586 (ASGHOSTNET, DE)"
mail.uncivilimail.ru,1,"AS12586 (ASGHOSTNET, DE)"
ar.vmx.terra.com,1,
mail.uncompromisimail.ru,1,"AS12586 (ASGHOSTNET, DE)"
mail.sphenopemail.ru,1,"AS12586 (ASGHOSTNET, DE)"
mail.uncoordmail.ru,1,"AS12586 (ASGHOSTNET, DE)"
mail.uncomfortabmail.ru,1,"AS12586 (ASGHOSTNET, DE)"
tutuapp.bid,1,"AS47583 (AS-HOSTINGER, CY)"
mail.uncommunicamail.ru,1,"AS12586 (ASGHOSTNET, DE)"
mail.unconquerableufml.ru,1,"AS12586 (ASGHOSTNET, DE)"
mail.uncompemalu.ru,1,"AS12586 (ASGHOSTNET, DE)"
mail.tsela.com,1,"AS328037 (Elitehost, ZA)"
mail.uncomplimmail.ru,1,"AS12586 (ASGHOSTNET, DE)"
mail.unconqueramail.ru,1,"AS12586 (ASGHOSTNET, DE)"
mail01.gedo.se,1,"AS199950 (HJELM-ENTERPRISES-AB, SE)"
mail.tsreademail.com,1,"AS12586 (ASGHOSTNET, DE)"
mail.uncoordmails.ru,1,"AS12586 (ASGHOSTNET, DE)"
tusitiowebgratis.com.ar,1,"AS23352 (SERVERCENTRAL - DEFT.COM, US)"
mailx.xnsregistrar.com,1,"AS20473 (AS-VULTR - The Constant Company, LLC, US)"
mail.tverya.com,1,"AS47583 (AS-HOSTINGER, CY)"
spized-com.mail.protection.outlook.com,1,"AS8075 (MICROSOFT-CORP-MSN-AS-BLOCK - Microsoft Corporation, US)"
mail.spirittomail.com,1,"AS12586 (ASGHOSTNET, DE)"
mx.tvm.mail.pl,1,"AS20473 (AS-VULTR - The Constant Company, LLC, US)"
_dc-mx.b56fba7dfcd8.splyie.com,1,"AS51167 (CONTABO, DE)"
spiritsingles.com,1,"AS29802 (HVC-AS - HIVELOCITY, Inc., US)"
mail.spiritualifiml.ru,1,"AS12586 (ASGHOSTNET, DE)"
mail.splenomeml.ru,1,"AS12586 (ASGHOSTNET, DE)"
splack-com.mail.protection.outlook.com,1,"AS8075 (MICROSOFT-CORP-MSN-AS-BLOCK - Microsoft Corporation, US)"
mail.spblt.ru,1,"AS44094 (WEBHOST1-AS, RU)"
mail.spirituamail.ru,1,"AS12586 (ASGHOSTNET, DE)"
tweet.fr.nf,1,"AS16276 (OVH, FR)"
twincreekshosp-com.mail.protection.outlook.com,1,"AS8075 (MICROSOFT-CORP-MSN-AS-BLOCK - Microsoft Corporation, US)"
mail.sportitanz.me,1,"AS45102 (ALIBABA-CN-NET Alibaba US Technology Co., Ltd., CN)"
sportarch-site.mail.protection.outlook.com,1,"AS8075 (MICROSOFT-CORP-MSN-AS-BLOCK - Microsoft Corporation, US)"
eauq59bind.twinoaktelco.com,1,"AS14061 (DIGITALOCEAN-ASN - DigitalOcean, LLC, US)"
mail.twins1.com,1,"AS209 (CENTURYLINK-US-LEGACY-QWEST - CenturyLink Communications, LLC, US)"
mail.spoofmail.fr,1,"AS24940 (HETZNER-AS, DE)"
mx.tino.vn,1,"AS135951 (WEBICO-AS-VN Webico Company Limited, VN)"
_dc-mx.9e4ef0eea843.tutor.edu.kg,1,"AS31898 (ORACLE-BMC-31898 - Oracle Corporation, US)"
twinzero.net,1,"AS131965 (XSERVER Xserver Inc., JP)"
mail.twistabomail.com,1,"AS12586 (ASGHOSTNET, DE)"
mail.vas-hosting.cz,1,"AS39392 (SUPERNETWORK _, CZ)"
sporexbet.com,1,"AS46844 (SHARKTECH - Sharktech, US)"
sportscentertltc.com,1,"AS46475 (LIMESTONENETWORKS - Limestone Networks, Inc., US)"
mail1.spoofmail.de,1,"AS24940 (HETZNER-AS, DE)"
mail1.spoofmail.es,1,"AS24940 (HETZNER-AS, DE)"
mail.spotale.com,1,"AS14061 (DIGITALOCEAN-ASN - DigitalOcean, LLC, US)"
_dc-mx.05b232066a89.tworcyimprez.pl,1,"AS16276 (OVH, FR)"
_dc-mx.e970a4722807.twooceanstours.com,1,"AS16276 (OVH, FR)"
mail.twycloudy.com,1,"AS47583 (AS-HOSTINGER, CY)"
mx1.hostedemail.io,1,"AS13768 (COGECO-PEER1 - Aptum Technologies, CA)"
mail.twojalawenda.pl,1,"AS15626 (GF-UA, US)"
mail.txen.de,1,"AS197540 (NETCUP-AS netcup GmbH, DE)"
twojekonto.pl,1,"AS41966 (SKYNET, PL)"
mail.spotkfy.com,1,"AS24940 (HETZNER-AS, DE)"
mail.tvoymanager.ru,1,"AS16276 (OVH, FR)"
7etjtgr9qc8m.mail-manager-smtp.eu-central-1.on.aws,1,"AS16509 (AMAZON-02 - Amazon.com, Inc., US)"
_dc-mx.fdc05ce12ffa.sprytny.edu.pl,1,"AS51167 (CONTABO, DE)"
mail.speakerion.com,1,"AS14061 (DIGITALOCEAN-ASN - DigitalOcean, LLC, US)"
mail.tychr.com,1,"AS8075 (MICROSOFT-CORP-MSN-AS-BLOCK - Microsoft Corporation, US)"
mail.turf.exchange,1,"AS16276 (OVH, FR)"
unaccompaniedminers-com.mail.protection.outlook.com,1,"AS8075 (MICROSOFT-CORP-MSN-AS-BLOCK - Microsoft Corporation, US)"
squaredup-com.mail.protection.outlook.com,1,"AS8075 (MICROSOFT-CORP-MSN-AS-BLOCK - Microsoft Corporation, US)"
mail.sqlnex.com,1,"AS51167 (CONTABO, DE)"
mail.tydamail.com,1,"AS12586 (ASGHOSTNET, DE)"
mail.unaccountamy.com,1,"AS12586 (ASGHOSTNET, DE)"
mail.unappetiufml.ru,1,"AS12586 (ASGHOSTNET, DE)"
mail.squashship.com,1,"AS47583 (AS-HOSTINGER, CY)"
mail.unadmittufml.ru,1,"AS12586 (ASGHOSTNET, DE)"
mail.unarticfmk.com,1,"AS12586 (ASGHOSTNET, DE)"
mail.unassailabmyu.ru,1,"AS12586 (ASGHOSTNET, DE)"
mail.speedlooking.fun,1,"AS40021 (CONTABO-40021 - Contabo Inc., US)"
mail.typhommail.ru,1,"AS12586 (ASGHOSTNET, DE)"
mail.squizzy.net,1,"AS197540 (NETCUP-AS netcup GmbH, DE)"
mx.tynemouth.net,1,"AS52148 (ENIXLTD, GB)"
mail.unapemail.ru,1,"AS12586 (ASGHOSTNET, DE)"
mail.typhomamail.ru,1,"AS12586 (ASGHOSTNET, DE)"
mail.unauthenmail.ru,1,"AS12586 (ASGHOSTNET, DE)"
uncermail.com,1,"AS213702 (QWINS-LTD QWINS AS-SET: ~ # AS213702:AS-CUSTOMERS, GB)"
uwillsuc-pw0ci.mail.protection.outlook.com,1,"AS8075 (MICROSOFT-CORP-MSN-AS-BLOCK - Microsoft Corporation, US)"
tyrezor.io,1,"AS200514 (KNOWNSRV, GB)"
unum-com0c.mail.protection.outlook.com,1,"AS8075 (MICROSOFT-CORP-MSN-AS-BLOCK - Microsoft Corporation, US)"
mail.squizzy.de,1,"AS197540 (NETCUP-AS netcup GmbH, DE)"
mail.squizzy.eu,1,"AS197540 (NETCUP-AS netcup GmbH, DE)"
uhc-com0c.mail.protection.outlook.com,1,"AS8075 (MICROSOFT-CORP-MSN-AS-BLOCK - Microsoft Corporation, US)"
mail.unauthentmails.ru,1,"AS12586 (ASGHOSTNET, DE)"
srf-fr.mail.protection.outlook.com,1,"AS8075 (MICROSOFT-CORP-MSN-AS-BLOCK - Microsoft Corporation, US)"
sphiritlab.com,1,"AS23352 (SERVERCENTRAL - DEFT.COM, US)"
srikandi-id.mail.protection.outlook.com,1,"AS8075 (MICROSOFT-CORP-MSN-AS-BLOCK - Microsoft Corporation, US)"
mx1.ntchosting.com,1,"AS14555 (LIQUIDNETLTD1 - LiquidNet US LLC, US)"
_dc-mx.de1c77abefb9.srv1.mail-tester.com,1,"AS31898 (ORACLE-BMC-31898 - Oracle Corporation, US)"
mail.u4nzbr5q3.com,1,"AS47583 (AS-HOSTINGER, CY)"
mail.u6lvty2.com,1,"AS47583 (AS-HOSTINGER, CY)"
ssahgfemrl.com,1,"AS14061 (DIGITALOCEAN-ASN - DigitalOcean, LLC, US)"
mail.ua3jx7n0w3.com,1,"AS47583 (AS-HOSTINGER, CY)"
mail.ssdihelp.org,1,"AS22612 (NAMECHEAP-NET - Namecheap, Inc., US)"
ssfaa-com.mail.protection.outlook.com,1,"AS8075 (MICROSOFT-CORP-MSN-AS-BLOCK - Microsoft Corporation, US)"
mail.uapproves.com,1,"AS47583 (AS-HOSTINGER, CY)"
mx.ssgegypt.net,1,"AS29873 (BIZLAND-SD - Newfold Digital, Inc., US)"
sslack-com.mail.protection.outlook.com,1,"AS8075 (MICROSOFT-CORP-MSN-AS-BLOCK - Microsoft Corporation, US)"
uam.com,1,"AS40092 (ONIAAS - HostPapa, US)"
mx.uaucriativa.com,1,"AS13335 (CLOUDFLARENET - Cloudflare, Inc., US)"
www182.your-server.de,1,"AS24940 (HETZNER-AS, DE)"
mail.tzymail.com,1,"AS132203 (TENCENT-NET-AP-CN Tencent Building, Kejizhongyi Avenue, CN)"
ssinvestimentos.com,1,"AS47583 (AS-HOSTINGER, CY)"
mail.uaxpress.com,1,"AS14061 (DIGITALOCEAN-ASN - DigitalOcean, LLC, US)"
d57213a.ess.barracudanetworks.com,1,"AS16509 (AMAZON-02 - Amazon.com, Inc., US)"
tyhe.ro,1,"AS208475 (NRG, RO)"
ubc-com.mail.protection.outlook.com,1,"AS8075 (MICROSOFT-CORP-MSN-AS-BLOCK - Microsoft Corporation, US)"
sstechsystem-com.mail.protection.outlook.com,1,"AS8075 (MICROSOFT-CORP-MSN-AS-BLOCK - Microsoft Corporation, US)"
ssi-bsn.infos.st,1,"AS16276 (OVH, FR)"
mail.stacjonarnyinternet.pl,1,"AS63949 (AKAMAI-LINODE-AP Akamai Connected Cloud, SG)"
stabilify-net.mail.protection.outlook.com,1,"AS8075 (MICROSOFT-CORP-MSN-AS-BLOCK - Microsoft Corporation, US)"
mail.ssoid.in.net,1,"AS51167 (CONTABO, DE)"
mail.ubetoo.com,1,"AS13335 (CLOUDFLARENET - Cloudflare, Inc., US)"
mail.ubera.com,1,"AS197712 (CDMON sistemes@cdmon.com, ES)"
mx.uberz.com,1,"AS29873 (BIZLAND-SD - Newfold Digital, Inc., US)"
mail.stafflazarus.com,1,"AS51167 (CONTABO, DE)"
mail83.onamae.ne.jp,1,"AS7506 (INTERQ GMO Internet Group, Inc., JP)"
st-com.mail.protection.outlook.com,1,"AS8075 (MICROSOFT-CORP-MSN-AS-BLOCK - Microsoft Corporation, US)"
mail.ubiqumail.com,1,"AS12586 (ASGHOSTNET, DE)"
mx.propertyminder.com,1,"AS13917 (CORPWEST - Corporate West Computer Systems, Inc., US)"
www51.your-server.de,1,"AS24940 (HETZNER-AS, DE)"
mail.stab-gen.ru,1,"AS62082 (HOSTLAND, RU)"
mail.ucemail.com,1,"AS31898 (ORACLE-BMC-31898 - Oracle Corporation, US)"
mail.ubiquitmail.ru,1,"AS12586 (ASGHOSTNET, DE)"
mail.ubiquitemail.ru,1,"AS12586 (ASGHOSTNET, DE)"
mail.ubiquitoolml.ru,1,"AS12586 (ASGHOSTNET, DE)"
uberlandiacontabil.com.br,1,"AS32244 (LIQUIDWEB - Liquid Web, L.L.C, US)"
stapestreet-com.mail.protection.outlook.com,1,
ucms.edu.pk,1,"AS36352 (AS-COLOCROSSING - HostPapa, US)"
mail.ubm.md,1,"AS201206 (LINEVAST, DE)"
mail.ubiquitmails.ru,1,"AS12586 (ASGHOSTNET, DE)"
m97d.udingclin.com,1,"AS14061 (DIGITALOCEAN-ASN - DigitalOcean, LLC, US)"
mx.starikmail.in,1,"AS14061 (DIGITALOCEAN-ASN - DigitalOcean, LLC, US)"
smxint2.united-domains.de,1,"AS15598 (IPX-AS15598, DE)"
mail.starpostbox.com,1,"AS16276 (OVH, FR)"
mx.stardiesel.org,1,"AS13182 (ASN-ADHOC-NETWORK Rimini, Italy, IT)"
mx.stardiesel.biz,1,"AS13182 (ASN-ADHOC-NETWORK Rimini, Italy, IT)"
stargaterecords.com,1,"AS16276 (OVH, FR)"
mail.staphylomalu.ru,1,"AS12586 (ASGHOSTNET, DE)"
mx.stardiesel.info,1,"AS13182 (ASN-ADHOC-NETWORK Rimini, Italy, IT)"
mail.starr9.com,1,"AS14061 (DIGITALOCEAN-ASN - DigitalOcean, LLC, US)"
mail.start-up.observer,1,"AS16276 (OVH, FR)"
_dc-mx.05cf29754cff.startupschwag.com,1,"AS14061 (DIGITALOCEAN-ASN - DigitalOcean, LLC, US)"
mail.startymedia.com,1,"AS16276 (OVH, FR)"
mail.ufc.edu.pl,1,"AS24940 (HETZNER-AS, DE)"
mail.udoit2.eu,1,"AS34762 (COMBELL-AS, BE)"
email.webglobe.cz,1,"AS29134 (IGNUM-AS Czech Republic, CZ)"
mail.starlit-seas.net,1,"AS6364 (ATLANTIC-NET-1 - Atlantic.net, Inc., US)"
mx.uesla.com,1,"AS31034 (ARUBA-ASN, IT)"
statdvr-com.mail.protection.outlook.com,1,"AS8075 (MICROSOFT-CORP-MSN-AS-BLOCK - Microsoft Corporation, US)"
mx6.uggbuystorejp.com,1,
mxa-00104b02.gslb.pphosted.com,1,"AS22843 (PROOFPOINT-ASN-US-EAST - Proofpoint, Inc., US)"
statestreet-com.mail.protection.outlook.com,1,"AS8075 (MICROSOFT-CORP-MSN-AS-BLOCK - Microsoft Corporation, US)"
mail.starzip.link,1,
mx.appix.it,1,"AS16276 (OVH, FR)"
mail.stat.org.pl,1,"AS198921 (UNIXSTORM-AS, PL)"
trzzor.io,1,"AS200514 (KNOWNSRV, GB)"
custom.mailum.com,1,"AS16276 (OVH, FR)"
_dc-mx.d471eb002571.ugrafix.com,1,"AS14670 (WHG-USE1, GB)"
mxb-0077b904.gslb.pphosted.com,1,"AS26211 (PROOFPOINT-ASN-US-WEST - Proofpoint, Inc., US)"
mail.statistitomail.com,1,"AS12586 (ASGHOSTNET, DE)"
mx02.biz.comcast.net,1,
mx.uha.com,1,"AS29873 (BIZLAND-SD - Newfold Digital, Inc., US)"
d504493.a.ess.au.barracudanetworks.com,1,"AS16509 (AMAZON-02 - Amazon.com, Inc., US)"
uhd-com.mail.protection.outlook.com,1,"AS8075 (MICROSOFT-CORP-MSN-AS-BLOCK - Microsoft Corporation, US)"
east.smtp.mx.exch129.serverdata.net,1,"AS16406 (AS-INTERMEDIA - Intermedia.net, Inc., US)"
mx0.u-s-k.ru,1,"AS44128 (INTERNET-PRO-AS, RU)"
mail.mail.uhq.wtf,1,
uher-com.mail.eo.outlook.com,1,"AS8075 (MICROSOFT-CORP-MSN-AS-BLOCK - Microsoft Corporation, US)"
mxa-00158801.gslb.pphosted.com,1,"AS22843 (PROOFPOINT-ASN-US-EAST - Proofpoint, Inc., US)"
deltaww.in.tmes.trendmicro.com,1,"AS14618 (AMAZON-AES - Amazon.com, Inc., US)"
stavki-prognozi-bonusi.ru,1,"AS33724 (BIZNESSHOSTING-DBA-VOLICO - VOLICO, US)"
mail.stempmail.com,1,"AS47583 (AS-HOSTINGER, CY)"
mail.ujames3nh.com,1,"AS47583 (AS-HOSTINGER, CY)"
steam-area.ru,1,"AS213702 (QWINS-LTD QWINS AS-SET: ~ # AS213702:AS-CUSTOMERS, GB)"
mail.ubars.ru,1,"AS49505 (SELECTEL, RU)"
mail.steatornmail.ru,1,"AS12586 (ASGHOSTNET, DE)"
mail.ujxspots.com,1,"AS47583 (AS-HOSTINGER, CY)"
mail.uhhu.ru,1,"AS211183 (ADMINVPS, RU)"
uhyc.com.mx1.fluentnetwork.rcimx.net,1,
smtp.uk.org,1,"AS16509 (AMAZON-02 - Amazon.com, Inc., US)"
steninmail.com,1,"AS213702 (QWINS-LTD QWINS AS-SET: ~ # AS213702:AS-CUSTOMERS, GB)"
mail.stereophotomail.com,1,"AS12586 (ASGHOSTNET, DE)"
mx.uk2.net.cust.a.hostedemail.com,1,"AS15348 (TUCOWS - Tucows.com Co., CA)"
sterminshotel-co-uk.mail.protection.outlook.com,1,"AS8075 (MICROSOFT-CORP-MSN-AS-BLOCK - Microsoft Corporation, US)"
mail.stereogrmail.ru,1,"AS12586 (ASGHOSTNET, DE)"
mail.stereophotoli.com,1,"AS12586 (ASGHOSTNET, DE)"
mail.stereopmail.com,1,"AS12586 (ASGHOSTNET, DE)"
mail.stereotypmy.com,1,"AS12586 (ASGHOSTNET, DE)"
mail.stereoraudp.com,1,"AS12586 (ASGHOSTNET, DE)"
mail.stereotrmail.ru,1,"AS12586 (ASGHOSTNET, DE)"
mail.stereomail.ru,1,"AS12586 (ASGHOSTNET, DE)"
uk-is.mail.protection.outlook.com,1,"AS8075 (MICROSOFT-CORP-MSN-AS-BLOCK - Microsoft Corporation, US)"
mail.steveix.com,1,"AS14061 (DIGITALOCEAN-ASN - DigitalOcean, LLC, US)"
_dc-mx.7631c20b73f9.ukm.ovh,1,"AS24940 (HETZNER-AS, DE)"
mail.steklosila.ru,1,"AS12695 (DINET-AS, RU)"
_dc-mx.e6e59500c0fe.stevenorbye.com,1,"AS20857 (TRANSIP-AS Amsterdam, the Netherlands, NL)"
mail.stenopersmail.ru,1,"AS12586 (ASGHOSTNET, DE)"
mail.stereologiruby.ru,1,"AS12586 (ASGHOSTNET, DE)"
mail.stereotypoemail.ru,1,"AS12586 (ASGHOSTNET, DE)"
dhl-com.fortimailcloud.com,1,"AS40934 (FORTINET - Fortinet Inc., US)"
stgeorgefire-com.mail.protection.outlook.com,1,"AS8075 (MICROSOFT-CORP-MSN-AS-BLOCK - Microsoft Corporation, US)"
zenon.ukraina.net,1,"AS47253 (AS-BNETSET, PS)"
sthaniyasarkar.com,1,"AS204800 (WHG-SGP, GB)"
mail.stewamail.com,1,"AS12586 (ASGHOSTNET, DE)"
ukmailhub.pro,1,"AS49467 (EUROTA-ASN EUROTA INTERNET SERVICES LTD, TR)"
gateway.ukrmail.org.ua,1,"AS20473 (AS-VULTR - The Constant Company, LLC, US)"
ubmail-com.mail.protection.outlook.com,1,"AS8075 (MICROSOFT-CORP-MSN-AS-BLOCK - Microsoft Corporation, US)"
mail.ulaptopsn.com,1,"AS47583 (AS-HOSTINGER, CY)"
stitools.net,1,"AS12876 (Online SAS, FR)"
stirpe-com.mail.protection.outlook.com,1,"AS8075 (MICROSOFT-CORP-MSN-AS-BLOCK - Microsoft Corporation, US)"
mx.stkwiwatch.com,1,"AS9009 (M247, RO)"
mail.ulteriq.cfd,1,"AS203446 (AS203446, GB)"
malibuzz.stockmount.info,1,"AS51167 (CONTABO, DE)"
stmail.site,1,"AS151858 (INTERDIGI-VN INTERDIGI JOINT STOCK COMPANY, VN)"
mxa-00a3ab01.gslb.pphosted.com,1,"AS26211 (PROOFPOINT-ASN-US-WEST - Proofpoint, Inc., US)"
mail.stomach4m.com,1,"AS47583 (AS-HOSTINGER, CY)"
ultimatebusinessservices-com.mail.protection.outlook.com,1,"AS8075 (MICROSOFT-CORP-MSN-AS-BLOCK - Microsoft Corporation, US)"
ultimateteamsite.com,1,"AS40676 (AS40676 - Psychz Networks, US)"
mail.stiffberry.ru,1,"AS21100 (ITLDC-EU, US)"
ultimateturfinc-net.mail.protection.outlook.com,1,"AS8075 (MICROSOFT-CORP-MSN-AS-BLOCK - Microsoft Corporation, US)"
mail.ultravex.cfd,1,"AS203446 (AS203446, GB)"
mail.stomatoml.ru,1,"AS12586 (ASGHOSTNET, DE)"
mail.stomatolomail.ru,1,"AS12586 (ASGHOSTNET, DE)"
mail.stomatom.com,1,"AS12586 (ASGHOSTNET, DE)"
mail.ultranationamy.com,1,"AS12586 (ASGHOSTNET, DE)"
ulum-com.mail.protection.outlook.com,1,"AS8075 (MICROSOFT-CORP-MSN-AS-BLOCK - Microsoft Corporation, US)"
mail.ultramomail.com,1,"AS12586 (ASGHOSTNET, DE)"
mail.standasmail.com,1,"AS12586 (ASGHOSTNET, DE)"
mail.udo8.com,1,"AS14061 (DIGITALOCEAN-ASN - DigitalOcean, LLC, US)"
mail.ulturmail.com,1,"AS12586 (ASGHOSTNET, DE)"
mail.ultramodernfml.ru,1,"AS12586 (ASGHOSTNET, DE)"
ulm-dsl.de,1,"AS25538 (IN-ULM, DE)"
mail.ultranatiomail.ru,1,"AS12586 (ASGHOSTNET, DE)"
mail.ultrawebb.com,1,"AS210878 (TREADSTONE-AS, RO)"
umata.net,1,"AS8075 (MICROSOFT-CORP-MSN-AS-BLOCK - Microsoft Corporation, US)"
ultraz1.io.vn,1,
souma.duckdns.org,1,"AS16276 (OVH, FR)"
mail.ultramicremail.ru,1,"AS12586 (ASGHOSTNET, DE)"
mail.ultimobramails.ru,1,"AS12586 (ASGHOSTNET, DE)"
mail.ultrasomail.ru,1,"AS12586 (ASGHOSTNET, DE)"
mail.udbbsaa.store,1,"AS132203 (TENCENT-NET-AP-CN Tencent Building, Kejizhongyi Avenue, CN)"
umbrila-com.mail.protection.outlook.com,1,"AS8075 (MICROSOFT-CORP-MSN-AS-BLOCK - Microsoft Corporation, US)"
mail.ulber.com,1,"AS42730 (EVANZOAS, DE)"
mail.ultranationalebml.ru,1,"AS12586 (ASGHOSTNET, DE)"
malibuzz.storm-gain.net,1,
mail.umail.asia,1,"AS16276 (OVH, FR)"
storestand.net,1,"AS20068 (HAWKHOST - Hawk Host Inc., CA)"
mx1.umail4less.bid,1,"AS200107 (KL-EXT, CH)"
underdog-co-uk.mail.protection.outlook.com,1,"AS8075 (MICROSOFT-CORP-MSN-AS-BLOCK - Microsoft Corporation, US)"
p.webcom.ctmail.com,1,
mxa-0019e702.gslb.pphosted.com,1,"AS22843 (PROOFPOINT-ASN-US-EAST - Proofpoint, Inc., US)"
mail.umlimte.com,1,"AS24940 (HETZNER-AS, DE)"
mail.understasmail.com,1,"AS12586 (ASGHOSTNET, DE)"
mail.undercapimail.com,1,"AS12586 (ASGHOSTNET, DE)"
alinto.cleanmail.net,1,"AS6730 (SUNRISE, CH)"
mail.underpopulmfri.com,1,"AS12586 (ASGHOSTNET, DE)"
storrent.net,1,"AS16276 (OVH, FR)"
mail.underrepre.ru,1,"AS12586 (ASGHOSTNET, DE)"
mail.stpattys5k.com,1,"AS31898 (ORACLE-BMC-31898 - Oracle Corporation, US)"
mail.uncoorsmail.ru,1,"AS12586 (ASGHOSTNET, DE)"
mail.undefatmail.ru,1,"AS12586 (ASGHOSTNET, DE)"
mail.undernrsmail.ru,1,"AS12586 (ASGHOSTNET, DE)"
mail.undelivmail.ru,1,"AS12586 (ASGHOSTNET, DE)"
mail.undemonstremail.ru,1,"AS12586 (ASGHOSTNET, DE)"
mail.undiscriemail.ru,1,"AS12586 (ASGHOSTNET, DE)"
mail.unelabolml.ru,1,"AS12586 (ASGHOSTNET, DE)"
mail.underempml.ru,1,"AS12586 (ASGHOSTNET, DE)"
mail.strategycritique.xyz,1,"AS45102 (ALIBABA-CN-NET Alibaba US Technology Co., Ltd., CN)"
mail.strategyinsights.xyz,1,"AS45102 (ALIBABA-CN-NET Alibaba US Technology Co., Ltd., CN)"
ice.unheatedgems.net,1,"AS20473 (AS-VULTR - The Constant Company, LLC, US)"
mail.unenthusmail.com,1,"AS12586 (ASGHOSTNET, DE)"
mail.unexceptmail.ru,1,"AS12586 (ASGHOSTNET, DE)"
mailstore.unfairship.com,1,"AS14061 (DIGITALOCEAN-ASN - DigitalOcean, LLC, US)"
bak002.unheowave.com,1,"AS14061 (DIGITALOCEAN-ASN - DigitalOcean, LLC, US)"
mail.undercapitafml.ru,1,"AS12586 (ASGHOSTNET, DE)"
mail.unexceptiomfri.com,1,"AS12586 (ASGHOSTNET, DE)"
mail.undiplommalu.ru,1,"AS12586 (ASGHOSTNET, DE)"
mail.undifferentfml.ru,1,"AS12586 (ASGHOSTNET, DE)"
mail.unfavorabs.com,1,"AS12586 (ASGHOSTNET, DE)"
mail.stread.shop,1,"AS133800 (IDNIC-BIZNETGIO-AS-ID PT Biznet Gio Nusantara, ID)"
_dc-mx.661d79190d8e.stread.tech,1,"AS133800 (IDNIC-BIZNETGIO-AS-ID PT Biznet Gio Nusantara, ID)"
mail.ungainfml.com,1,"AS12586 (ASGHOSTNET, DE)"
mail.stravico.cfd,1,"AS203446 (AS203446, GB)"
mail.underestimyu.ru,1,"AS12586 (ASGHOSTNET, DE)"
mail.unfalsi.com,1,"AS12586 (ASGHOSTNET, DE)"
mail.unforgettali.com,1,"AS12586 (ASGHOSTNET, DE)"
mail.ungovertomail.com,1,"AS12586 (ASGHOSTNET, DE)"
mail.unhabitmfri.com,1,"AS12586 (ASGHOSTNET, DE)"
mail.unfathomabmail.ru,1,"AS12586 (ASGHOSTNET, DE)"
strayapps-com01c.mail.protection.outlook.com,1,"AS8075 (MICROSOFT-CORP-MSN-AS-BLOCK - Microsoft Corporation, US)"
mail.unifab.ai,1,"AS7203 (LEASEWEB-USA-SFO - Leaseweb USA, Inc., US)"
mail.unecomails.ru,1,"AS12586 (ASGHOSTNET, DE)"
mail.unelaml.ru,1,"AS12586 (ASGHOSTNET, DE)"
mail.undistingumails.ru,1,"AS12586 (ASGHOSTNET, DE)"
mx.undeva.net,1,"AS10439 (CARINET - CariNet, Inc., US)"
mail.unexammails.ru,1,"AS12586 (ASGHOSTNET, DE)"
mail.unexmail.ru,1,"AS12586 (ASGHOSTNET, DE)"
mail.unevangmail.ru,1,"AS12586 (ASGHOSTNET, DE)"
mail.unexpmofml.ru,1,"AS12586 (ASGHOSTNET, DE)"
mail.unfavouraml.ru,1,"AS12586 (ASGHOSTNET, DE)"
mail.unidentic.com,1,"AS12586 (ASGHOSTNET, DE)"
mail.unidiremail.com,1,"AS12586 (ASGHOSTNET, DE)"
mail.unintellimails.ru,1,"AS12586 (ASGHOSTNET, DE)"
mail.ungentlefml.ru,1,"AS12586 (ASGHOSTNET, DE)"
mail.unequmalu.ru,1,"AS12586 (ASGHOSTNET, DE)"
unidatame-com01i.mail.protection.outlook.com,1,"AS8075 (MICROSOFT-CORP-MSN-AS-BLOCK - Microsoft Corporation, US)"
mail.ungentlemamails.ru,1,"AS12586 (ASGHOSTNET, DE)"
mail.unipath.edu.pl,1,"AS16276 (OVH, FR)"
mail.storos.ru,1,"AS25446 (ERTH-CLOUD-AS, RU)"
mail.uniquemailx.com,1,"AS16276 (OVH, FR)"
mail.stresspc.com,1,"AS47583 (AS-HOSTINGER, CY)"
mail.streetwormail.com,1,"AS12586 (ASGHOSTNET, DE)"
mail.uniqo.xyz,1,"AS399646 (DARTNODE - Snaju Development, US)"
mail.unilmail.com,1,"AS12586 (ASGHOSTNET, DE)"
mail.unincorpmale.com,1,"AS12586 (ASGHOSTNET, DE)"
mail.unimpeamail.com,1,"AS12586 (ASGHOSTNET, DE)"
mail.uninmail.com,1,"AS12586 (ASGHOSTNET, DE)"
mail.uninsuramy.com,1,"AS12586 (ASGHOSTNET, DE)"
mail.uninvesmail.com,1,"AS12586 (ASGHOSTNET, DE)"
mail.unilifmail.ru,1,"AS12586 (ASGHOSTNET, DE)"
mail.uninhibfl.com,1,"AS12586 (ASGHOSTNET, DE)"
mailserver.uk.to,1,"AS8560 (IONOS-AS This is the joint network for IONOS, Fasthosts, Arsys, 1&1 Mail and Media and 1&1 Telecom. Formerly known as 1&1 Internet SE., DE)"
mx1.hc834-32.eu.iphmx.com,1,"AS30238 (AS-IRONP-VEGA - Cisco Systems Ironport Division, US)"
mail.uniqueseo.pl,1,"AS41079 (CF-GDA, PL)"
mail.unincorml.ru,1,"AS12586 (ASGHOSTNET, DE)"
mail.unimpreils.ru,1,"AS12586 (ASGHOSTNET, DE)"
mail.unirmail.com,1,"AS12586 (ASGHOSTNET, DE)"
mail.unintoxmails.ru,1,"AS12586 (ASGHOSTNET, DE)"
mail.uniformalu.ru,1,"AS12586 (ASGHOSTNET, DE)"
mail.uninterprmail.ru,1,"AS12586 (ASGHOSTNET, DE)"
mail.unificatifkml.ru,1,"AS12586 (ASGHOSTNET, DE)"
mail.uninteresti.ru,1,"AS12586 (ASGHOSTNET, DE)"
exults.unim.com,1,"AS29802 (HVC-AS - HIVELOCITY, Inc., US)"
mail.undersecfrin.ru,1,"AS12586 (ASGHOSTNET, DE)"
strimpe.com,1,"AS23470 (RELIABLESITE - ReliableSite.Net LLC, US)"
mail.stripei.com,1,"AS55293 (A2HOSTING - A2 Hosting, Inc., US)"
mail.stripe3.com,1,"AS46606 (UNIFIEDLAYER-AS-1 - Unified Layer, US)"
mail.unipersonmail.ru,1,"AS12586 (ASGHOSTNET, DE)"
mail.unitedhaelthgroup.com,1,"AS394695 (PUBLIC-DOMAIN-REGISTRY - PDR, US)"
stripes-com.mail.protection.outlook.com,1,"AS8075 (MICROSOFT-CORP-MSN-AS-BLOCK - Microsoft Corporation, US)"
strite-com.mail.protection.outlook.com,1,"AS8075 (MICROSOFT-CORP-MSN-AS-BLOCK - Microsoft Corporation, US)"
stripez-com.mail.protection.outlook.com,1,"AS8075 (MICROSOFT-CORP-MSN-AS-BLOCK - Microsoft Corporation, US)"
mail.uninemail.ru,1,"AS12586 (ASGHOSTNET, DE)"
mail.unitaic.com,1,"AS12586 (ASGHOSTNET, DE)"
mail.unimaml.ru,1,"AS12586 (ASGHOSTNET, DE)"
mail.strivingman.com,1,"AS46606 (UNIFIEDLAYER-AS-1 - Unified Layer, US)"
unitedihealthgroup.com,1,"AS137035 (PWCS-AS-AP Parallel Web Cloud Services, IN)"
mail.univers.edu.rs,1,"AS16276 (OVH, FR)"
mail.unisermyu.ru,1,"AS12586 (ASGHOSTNET, DE)"
mail.unite5.com,1,"AS14061 (DIGITALOCEAN-ASN - DigitalOcean, LLC, US)"
mx.unifique.net,1,"AS28343 (UNIFIQUE TELECOMUNICACOES SA, BR)"
mx.dhealthgroup.com,1,"AS29873 (BIZLAND-SD - Newfold Digital, Inc., US)"
mx.stroitel-ru.com,1,"AS14061 (DIGITALOCEAN-ASN - DigitalOcean, LLC, US)"
mail.uniros.ru,1,"AS198068 (PAGM-AS, EE)"
strikebreakeruds.ru,1,"AS213702 (QWINS-LTD QWINS AS-SET: ~ # AS213702:AS-CUSTOMERS, GB)"
universalcreditor.com,1,"AS7393 (CYBERCON - CYBERCON, INC., US)"
mail.stronggirl.de,1,"AS24940 (HETZNER-AS, DE)"
mail.morapa.net,1,"AS12876 (Online SAS, FR)"
mx.universeshopping.net.cust.b.hostedemail.com,1,"AS32491 (TUCOWS-3 - Tucows.com Co., CA)"
mail.uniremail.ru,1,"AS12586 (ASGHOSTNET, DE)"
webmailezl3rw4.unlikeyth.com,1,"AS14061 (DIGITALOCEAN-ASN - DigitalOcean, LLC, US)"
stripc.com,1,"AS37907 (DIGIROCK DigiRock, Inc., JP)"
mail.strona1.pl,1,"AS47544 (IQPL-AS, PL)"
universalfish.com.1.0001.arsmtp.com,1,"AS53780 (AS-APPRIVER - APPRIVER LLC, US)"
universamail.com,1,"AS213702 (QWINS-LTD QWINS AS-SET: ~ # AS213702:AS-CUSTOMERS, GB)"
mail.unlockbase.com,1,"AS16509 (AMAZON-02 - Amazon.com, Inc., US)"
webmail.unlinkedgames.com,1,"AS36352 (AS-COLOCROSSING - HostPapa, US)"
unionpkg.com,1,"AS36352 (AS-COLOCROSSING - HostPapa, US)"
mail.student.semar.edu.pl,1,"AS16276 (OVH, FR)"
mail.student.neonet.ac.nz,1,"AS16276 (OVH, FR)"
universenews.site,1,"AS59210 (PHOENIXNAP-AS-SG1 PhoenixNAP, SG)"
unlimitedlinuxhosting.com,1,"AS32244 (LIQUIDWEB - Liquid Web, L.L.C, US)"
mail.univerrsmail.ru,1,"AS12586 (ASGHOSTNET, DE)"
mail.universmyu.ru,1,"AS12586 (ASGHOSTNET, DE)"
mail.student.gold.edu.pl,1,"AS16276 (OVH, FR)"
mail.unmanagli.com,1,"AS12586 (ASGHOSTNET, DE)"
mail.unobjectiotomail.com,1,"AS12586 (ASGHOSTNET, DE)"
mail.universomail.ru,1,"AS12586 (ASGHOSTNET, DE)"
mail.unmentionfml.com,1,"AS12586 (ASGHOSTNET, DE)"
mail.unmarrimail.ru,1,"AS12586 (ASGHOSTNET, DE)"
mail.unnecessml.ru,1,"AS12586 (ASGHOSTNET, DE)"
mail.stroydom54.ru,1,"AS29182 (RU-JSCIOT, RU)"
mail.students.academic.edu.rs,1,"AS16276 (OVH, FR)"
mail.stronawww.eu,1,"AS16276 (OVH, FR)"
mail.unpredictab.ru,1,"AS12586 (ASGHOSTNET, DE)"
mail.unprejumail.ru,1,"AS12586 (ASGHOSTNET, DE)"
mail.unremunes.com,1,"AS12586 (ASGHOSTNET, DE)"
mail.unopeemail.ru,1,"AS12586 (ASGHOSTNET, DE)"
mail.unrecipr.ru,1,"AS12586 (ASGHOSTNET, DE)"
stuttgarter.org,1,
mail.unprofemail.com,1,"AS12586 (ASGHOSTNET, DE)"
mail.unreconcmail.ru,1,"AS12586 (ASGHOSTNET, DE)"
mail.unreconcfl.com,1,"AS12586 (ASGHOSTNET, DE)"
mail.unreadic.com,1,"AS12586 (ASGHOSTNET, DE)"
mail.unreadamy.com,1,"AS12586 (ASGHOSTNET, DE)"
malibuzz.sturgeonpointchurch.com,1,"AS51167 (CONTABO, DE)"
studyhub.edu.pl,1,"AS47583 (AS-HOSTINGER, CY)"
mail.unoperml.ru,1,"AS12586 (ASGHOSTNET, DE)"
mail.unrespecto.com,1,"AS12586 (ASGHOSTNET, DE)"
mail.unmeasumail.ru,1,"AS12586 (ASGHOSTNET, DE)"
mail.unmerifml.ru,1,"AS12586 (ASGHOSTNET, DE)"
mail.unreciprmail.ru,1,"AS12586 (ASGHOSTNET, DE)"
mail.unrepml.ru,1,"AS12586 (ASGHOSTNET, DE)"
mail.unremiteaaemail.ru,1,"AS12586 (ASGHOSTNET, DE)"
mail.unnoticeaml.ru,1,"AS12586 (ASGHOSTNET, DE)"
mail.unnecessmails.ru,1,"AS12586 (ASGHOSTNET, DE)"
mail.unrestjo.ru,1,"AS12586 (ASGHOSTNET, DE)"
mail.stronywww-na-plus.com.pl,1,"AS16276 (OVH, FR)"
mail.unorthofmail.ru,1,"AS12586 (ASGHOSTNET, DE)"
stwiphone.com,1,"AS54290 (HOSTWINDS - Hostwinds LLC., US)"
mail0001.stuffmail.de,1,"AS24940 (HETZNER-AS, DE)"
mail.unpuamali.ru,1,"AS12586 (ASGHOSTNET, DE)"
mail3.nestlemart.com,1,"AS45102 (ALIBABA-CN-NET Alibaba US Technology Co., Ltd., CN)"
studentuds.ru,1,"AS213702 (QWINS-LTD QWINS AS-SET: ~ # AS213702:AS-CUSTOMERS, GB)"
mail.stonedmail.online,1,"AS132203 (TENCENT-NET-AP-CN Tencent Building, Kejizhongyi Avenue, CN)"
mail.unsanctifimail.ru,1,"AS12586 (ASGHOSTNET, DE)"
mail.studiodesain.me,1,"AS15685 (CASABLANCA-AS Internet & Collocation Provider, CZ)"
mail.stylomax.ru,1,"AS12586 (ASGHOSTNET, DE)"
mail.unrecovolml.ru,1,"AS12586 (ASGHOSTNET, DE)"
mail.subaponemails.ru,1,"AS12586 (ASGHOSTNET, DE)"
stungun.ru,1,"AS16010 (MAGTICOMAS Magticom, GE)"
submitprofit-com.mail.protection.outlook.com,1,"AS8075 (MICROSOFT-CORP-MSN-AS-BLOCK - Microsoft Corporation, US)"
mail.unsanctifimails.ru,1,"AS12586 (ASGHOSTNET, DE)"
mail.stylomemail.ru,1,"AS12586 (ASGHOSTNET, DE)"
mail.stylomalu.ru,1,"AS12586 (ASGHOSTNET, DE)"
mail.subdiaphra.com,1,"AS12586 (ASGHOSTNET, DE)"
mail.sublimifmail.com,1,"AS12586 (ASGHOSTNET, DE)"
succeedabw.com,1,"AS47583 (AS-HOSTINGER, CY)"
mail.sublamail.com,1,"AS12586 (ASGHOSTNET, DE)"
mail.subdeacofmail.ru,1,"AS12586 (ASGHOSTNET, DE)"
mail.stylmail.ru,1,"AS12586 (ASGHOSTNET, DE)"
mx2.subpastore.co,1,"AS200107 (KL-EXT, CH)"
mail.subindimail.ru,1,"AS12586 (ASGHOSTNET, DE)"
mail.subintemalu.ru,1,"AS12586 (ASGHOSTNET, DE)"
mail.subprofessfml.com,1,"AS12586 (ASGHOSTNET, DE)"
mail.subventsemail.com,1,"AS12586 (ASGHOSTNET, DE)"
mx1.successlocation.work,1,"AS200107 (KL-EXT, CH)"
mail.sudarin.com,1,"AS51167 (CONTABO, DE)"
mx.suchance.com,1,"AS14061 (DIGITALOCEAN-ASN - DigitalOcean, LLC, US)"
suburqq.net,1,"AS22612 (NAMECHEAP-NET - Namecheap, Inc., US)"
mail.sudarin.info,1,"AS51167 (CONTABO, DE)"
mail.subeqmalu.ru,1,"AS12586 (ASGHOSTNET, DE)"
mail.sud.in,1,"AS33387 (NOCIX - Nocix, LLC, US)"
mail.subendocmails.ru,1,"AS12586 (ASGHOSTNET, DE)"
mail.subindicoml.ru,1,"AS12586 (ASGHOSTNET, DE)"
mail.subintegu.ru,1,"AS12586 (ASGHOSTNET, DE)"
mail.subterrrsmail.ru,1,"AS12586 (ASGHOSTNET, DE)"
mail.subsimail.ru,1,"AS12586 (ASGHOSTNET, DE)"
mail.subspecialsemail.ru,1,"AS12586 (ASGHOSTNET, DE)"
mxhost.suftwari.com,1,"AS14061 (DIGITALOCEAN-ASN - DigitalOcean, LLC, US)"
mail.substantifmail.ru,1,"AS12586 (ASGHOSTNET, DE)"
uws8-wpm-5000.cafe24.com,1,"AS4766 (KIXS-AS-KR Korea Telecom, KR)"
mail.subjectfmail.ru,1,"AS12586 (ASGHOSTNET, DE)"
mail.substantfml.ru,1,"AS12586 (ASGHOSTNET, DE)"
sudoorsandesh.com,1,"AS29802 (HVC-AS - HIVELOCITY, Inc., US)"
mail.sukses.club,1,"AS14061 (DIGITALOCEAN-ASN - DigitalOcean, LLC, US)"
_dc-mx.e897b7d1f242.sukipremium.tech,1,"AS214882 (ARENHOST Steven Gusti Hutama, ID)"
_dc-mx.697952021b3b.sullivanplastic.com,1,"AS51167 (CONTABO, DE)"
pine.superhosting.bg,1,"AS201200 (SUPERHOSTING_AS, BG)"
mail.suggest.carolinensielrestaurants.click,1,"AS51167 (CONTABO, DE)"
summerlinmedia.net,1,"AS14061 (DIGITALOCEAN-ASN - DigitalOcean, LLC, US)"
summitrestaurantandbar.com,1,"AS32475 (SINGLEHOP-LLC - Internap Holding LLC, US)"
mail.summercool.ae,1,"AS51167 (CONTABO, DE)"
mail.studwork.su,1,"AS47995 (AT-AS, RU)"
mail.sulphantiomail.com,1,"AS12586 (ASGHOSTNET, DE)"
summitoftruth-com.mail.protection.outlook.com,1,"AS8075 (MICROSOFT-CORP-MSN-AS-BLOCK - Microsoft Corporation, US)"
sullygames.com,1,"AS23352 (SERVERCENTRAL - DEFT.COM, US)"
mail.sulphantimolml.ru,1,"AS12586 (ASGHOSTNET, DE)"
mail.sunclubcasino.com,1,"AS19148 (LEASEWEB-USA-PHX - Leaseweb USA, Inc., US)"
mail.sulfadimmali.ru,1,"AS12586 (ASGHOSTNET, DE)"
mx2.sundriesday.com,1,"AS200107 (KL-EXT, CH)"
mail.sundsmail.com,1,"AS12586 (ASGHOSTNET, DE)"
0x4dnracks.sunsabla.com,1,"AS14061 (DIGITALOCEAN-ASN - DigitalOcean, LLC, US)"
mail.sunnydaymail.com,1,"AS12586 (ASGHOSTNET, DE)"
mail.sulphantimmals.ru,1,"AS12586 (ASGHOSTNET, DE)"
mail.sulphantiils.ru,1,"AS12586 (ASGHOSTNET, DE)"
mail.supenc.com,1,"AS14061 (DIGITALOCEAN-ASN - DigitalOcean, LLC, US)"
sumurborjogjakarta.com,1,"AS131775 (IDNIC-JALANET-AS-ID PT. Jupiter Jala Arta, ID)"
_dc-mx.855906d43a56.superhostformula.com,1,"AS51167 (CONTABO, DE)"
mail.supercrsemail.com,1,"AS12586 (ASGHOSTNET, DE)"
mail.supermmw.online,1,"AS24940 (HETZNER-AS, DE)"
suntanuds.ru,1,"AS213702 (QWINS-LTD QWINS AS-SET: ~ # AS213702:AS-CUSTOMERS, GB)"
mail.supererogamail.com,1,"AS12586 (ASGHOSTNET, DE)"
mail.supernmalis.com,1,"AS12586 (ASGHOSTNET, DE)"
mail.supercolumnfl.com,1,"AS12586 (ASGHOSTNET, DE)"
mail.supergovertomail.com,1,"AS12586 (ASGHOSTNET, DE)"
mx2.superpsychics.org,1,"AS200107 (KL-EXT, CH)"
mail.supererml.ru,1,"AS12586 (ASGHOSTNET, DE)"
mail.supemail.ru,1,"AS12586 (ASGHOSTNET, DE)"
mail.superfolmail.ru,1,"AS12586 (ASGHOSTNET, DE)"
mail.superocomail.com,1,"AS12586 (ASGHOSTNET, DE)"
mail.superarsmail.ru,1,"AS12586 (ASGHOSTNET, DE)"
mail.supernainf.com,1,"AS12586 (ASGHOSTNET, DE)"
mail.superterrml.ru,1,"AS12586 (ASGHOSTNET, DE)"
mail.superannolml.ru,1,"AS12586 (ASGHOSTNET, DE)"
mail.supersclmail.com,1,"AS12586 (ASGHOSTNET, DE)"
mail.superelmail.ru,1,"AS12586 (ASGHOSTNET, DE)"
mail.supersenmail.com,1,"AS12586 (ASGHOSTNET, DE)"
mail.supernamalu.ru,1,"AS12586 (ASGHOSTNET, DE)"
mail.superfecrsmail.ru,1,"AS12586 (ASGHOSTNET, DE)"
mail-pod-29.int.zendesk.com,1,"AS16509 (AMAZON-02 - Amazon.com, Inc., US)"
mail.supereremail.ru,1,"AS12586 (ASGHOSTNET, DE)"
mail.supersml.ru,1,"AS12586 (ASGHOSTNET, DE)"
support-com.mail.protection.outlook.com,1,"AS8075 (MICROSOFT-CORP-MSN-AS-BLOCK - Microsoft Corporation, US)"
mail.superintenruby.ru,1,"AS12586 (ASGHOSTNET, DE)"
supplycomm-com-au.mail.protection.outlook.com,1,"AS8075 (MICROSOFT-CORP-MSN-AS-BLOCK - Microsoft Corporation, US)"
mail.supernadmalu.ru,1,"AS12586 (ASGHOSTNET, DE)"
mail.superparml.ru,1,"AS12586 (ASGHOSTNET, DE)"
mail.superexemail.ru,1,"AS12586 (ASGHOSTNET, DE)"
mail.supererf.ru,1,"AS12586 (ASGHOSTNET, DE)"
mail.superintendefml.ru,1,"AS12586 (ASGHOSTNET, DE)"
mx-ha.skymail.net.br,1,"AS265262 (Skymail Servicos de Computacao e Provimento de Inf, BR)"
mail.superterrmails.ru,1,"AS12586 (ASGHOSTNET, DE)"
mail.suppoint.ru,1,"AS210079 (EUROBYTE, RU)"
mail.supportfmail.com,1,"AS12586 (ASGHOSTNET, DE)"
mail.support.beachflag.click,1,"AS51167 (CONTABO, DE)"
mail.supernatumail.ru,1,"AS12586 (ASGHOSTNET, DE)"
mail.support.51tiemo.com,1,"AS51167 (CONTABO, DE)"
mail.supersaturmail.ru,1,"AS12586 (ASGHOSTNET, DE)"
mail.supramolemfri.com,1,"AS12586 (ASGHOSTNET, DE)"
surveyrnonkey-net.mail.protection.outlook.com,1,
_dc-mx.b5ae5437cbd2.surveyrmonkey.com,1,"AS14061 (DIGITALOCEAN-ASN - DigitalOcean, LLC, US)"
mail.surucukursukadikoy.com,1,"AS51557 (TR-ISIMTESCIL-20201202, TR)"
suryaelectricals.com,1,"AS20068 (HAWKHOST - Hawk Host Inc., CA)"
mail.surfeu.se,1,"AS24940 (HETZNER-AS, DE)"
mail.supraventrmail.ru,1,"AS12586 (ASGHOSTNET, DE)"
sutterhealth-org.mail.protection.outlook.com,1,"AS8075 (MICROSOFT-CORP-MSN-AS-BLOCK - Microsoft Corporation, US)"
p.suvvs.com,1,"AS401696 (COGNETCLOUD - cognetcloud INC, US)"
mx1.suomi24.heinlein-hosting.de,1,"AS199118 (HPLS-AS, DE)"
mx.surmail.com,1,"AS4134 (CHINANET-BACKBONE No.31,Jin-rong Street, CN)"
mail.supranatpt.ru,1,"AS12586 (ASGHOSTNET, DE)"
mx2.sute.jp,1,"AS7684 (SAKURA-A SAKURA Internet Inc., JP)"
5f450921631ccd41bbed097a97ac13.pamx1.hotmail.com,1,"AS8075 (MICROSOFT-CORP-MSN-AS-BLOCK - Microsoft Corporation, US)"
suzy-email.mail.protection.outlook.com,1,"AS8075 (MICROSOFT-CORP-MSN-AS-BLOCK - Microsoft Corporation, US)"
malibuzz.swagmami.com,1,"AS51167 (CONTABO, DE)"
swagflavor.com,1,"AS63949 (AKAMAI-LINODE-AP Akamai Connected Cloud, SG)"
studytantra.com,1,"AS22611 (INMOTION - InMotion Hosting, Inc., US)"
swanintl-com01b.mail.protection.outlook.com,1,"AS8075 (MICROSOFT-CORP-MSN-AS-BLOCK - Microsoft Corporation, US)"
mail.sviodd.com,1,"AS24940 (HETZNER-AS, DE)"
mail.sweemri.com,1,"AS14061 (DIGITALOCEAN-ASN - DigitalOcean, LLC, US)"
mail.sustentafmail.ru,1,"AS12586 (ASGHOSTNET, DE)"
sgrmgw5.swatchgroup.com,1,"AS3303 (SWISSCOM Swisscom Switzerland Ltd, CH)"
mx.yaanimail.com,1,"AS34984 (TELLCOM-AS, TR)"
swedbay.org,1,"AS22612 (NAMECHEAP-NET - Namecheap, Inc., US)"
east-mail.sweatpopi.com,1,"AS14061 (DIGITALOCEAN-ASN - DigitalOcean, LLC, US)"
mail.swiatlemmalowane.pl,1,"AS41079 (CF-GDA, PL)"
mail.sustaingoods.com,1,"AS9891 (CSLOX-IDC-AS-AP CS LOXINFO Public Company Limited., TH)"
mx.sweetvibes-bakery.com.cust.b.hostedemail.com,1,"AS32491 (TUCOWS-3 - Tucows.com Co., CA)"
swipeeat.com,1,"AS7393 (CYBERCON - CYBERCON, INC., US)"
sxpotify.com,1,
mail.swiftlist.io,1,"AS31898 (ORACLE-BMC-31898 - Oracle Corporation, US)"
mail.swudutchyy.com,1,"AS47583 (AS-HOSTINGER, CY)"
gatewaymx.swva.net,1,"AS16942 (CITIZENS - Citizens Telephone Cooperative, US)"
sycale-com.mail.protection.outlook.com,1,"AS8075 (MICROSOFT-CORP-MSN-AS-BLOCK - Microsoft Corporation, US)"
mail.symbolab.ai,1,"AS24940 (HETZNER-AS, DE)"
sxt.com.inbound15.mxlogic.net,1,"AS203724 (MGG4-AS1 OCITOKEN::203724:96bdd83e28cd70a1d1f9b623bcbbf8c45708843daaaca2472da4cfd179c96b5b, DE)"
smtp.sybilmail.de,1,"AS14061 (DIGITALOCEAN-ASN - DigitalOcean, LLC, US)"
mail.syncax.com,1,"AS14061 (DIGITALOCEAN-ASN - DigitalOcean, LLC, US)"
mail.sydamail.com,1,"AS12586 (ASGHOSTNET, DE)"
mail.synapsehq.cfd,1,"AS24940 (HETZNER-AS, DE)"
syap.com,1,"AS47302 (CYON, CH)"
mail.synarca.com,1,"AS14061 (DIGITALOCEAN-ASN - DigitalOcean, LLC, US)"
mail.synovaris.cfd,1,"AS203446 (AS203446, GB)"
synami-com.mail.protection.outlook.com,1,"AS8075 (MICROSOFT-CORP-MSN-AS-BLOCK - Microsoft Corporation, US)"
mail.syllabificomail.com,1,"AS12586 (ASGHOSTNET, DE)"
_dc-mx.27bd541940e1.syndicatemortgages.com,1,"AS16509 (AMAZON-02 - Amazon.com, Inc., US)"
mail.symbolicfmk.com,1,"AS12586 (ASGHOSTNET, DE)"
mx.sympatico.ca,1,"AS577 (BACOM - Bell Canada, CA)"
mail.sybaaemail.ru,1,"AS12586 (ASGHOSTNET, DE)"
systel-us.mail.protection.outlook.com,1,"AS8075 (MICROSOFT-CORP-MSN-AS-BLOCK - Microsoft Corporation, US)"
mail.symphyseotomy.ru,1,"AS12586 (ASGHOSTNET, DE)"
system4northflorida-net01i.mail.protection.outlook.com,1,"AS8075 (MICROSOFT-CORP-MSN-AS-BLOCK - Microsoft Corporation, US)"
system4sjv-net.mail.protection.outlook.com,1,"AS8075 (MICROSOFT-CORP-MSN-AS-BLOCK - Microsoft Corporation, US)"
mail.syllafmail.ru,1,"AS12586 (ASGHOSTNET, DE)"
mxhostjjgaxa.syslinknet.com,1,"AS14061 (DIGITALOCEAN-ASN - DigitalOcean, LLC, US)"
mx1.mas.t-systems-service.com,1,"AS34086 (SCZN-AS, DE)"
mail.sympathemail.ru,1,"AS12586 (ASGHOSTNET, DE)"
mail.symmetrsmail.ru,1,"AS12586 (ASGHOSTNET, DE)"
mail2.no-ip.com,1,"AS32181 (ASN-GIGENET - GigeNET, US)"
mail.symptomatruby.ru,1,"AS12586 (ASGHOSTNET, DE)"
tmobile-com0c.mail.protection.outlook.com,1,"AS8075 (MICROSOFT-CORP-MSN-AS-BLOCK - Microsoft Corporation, US)"
sytolmail.com,1,"AS213702 (QWINS-LTD QWINS AS-SET: ~ # AS213702:AS-CUSTOMERS, GB)"
mail.symphysmail.ru,1,"AS12586 (ASGHOSTNET, DE)"
mail.syfilis.ru,1,"AS29182 (RU-JSCIOT, RU)"
_dc-mx.13074b11bed4.t-email.org,1,"AS47583 (AS-HOSTINGER, CY)"
t24e4p7.com,1,"AS47583 (AS-HOSTINGER, CY)"
mail.t3t97d1d.com,1,"AS47583 (AS-HOSTINGER, CY)"
mail.t-m.pw,1,"AS12586 (ASGHOSTNET, DE)"
mail.t-mail.asia,1,"AS16276 (OVH, FR)"
mx.t-online.hu,1,"AS5483 (MAGYAR-TELEKOM-MAIN-AS Magyar Telekom Nyrt., HU)"
mailx.szap.com,1,"AS17623 (CNCGROUP-SZ China Unicom Shenzen network, CN)"
mail.t5d.com,1,"AS40092 (ONIAAS - HostPapa, US)"
mail2.t-b-k.ru,1,"AS16262 (DATACHEAP-LLC-AS, RU)"
rte01.tabletship.com,1,"AS14061 (DIGITALOCEAN-ASN - DigitalOcean, LLC, US)"
mail.tempemails.xyz,1,"AS24940 (HETZNER-AS, DE)"
tahuisi.buzz,1,"AS47583 (AS-HOSTINGER, CY)"
t.119fk.com,1,"AS132203 (TENCENT-NET-AP-CN Tencent Building, Kejizhongyi Avenue, CN)"
mx.kerjamail.co,1,"AS136052 (IDNIC-IDCLOUDHOST-AS-ID PT Cloud Hosting Indonesia, ID)"
mail.tabernarsmail.ru,1,"AS12586 (ASGHOSTNET, DE)"
tagmymedia.com,1,"AS51713 (WHG-LON, GB)"
_dc-mx.347f1b56eebb.taichungpools.com,1,"AS22612 (NAMECHEAP-NET - Namecheap, Inc., US)"
mail.taimb.com,1,"AS14061 (DIGITALOCEAN-ASN - DigitalOcean, LLC, US)"
tagara.infos.st,1,"AS16276 (OVH, FR)"
mail.tafoi.gr,1,"AS16276 (OVH, FR)"
mail.takeitsocial.com,1,"AS394695 (PUBLIC-DOMAIN-REGISTRY - PDR, US)"
talantir-com.mail.protection.outlook.com,1,"AS8075 (MICROSOFT-CORP-MSN-AS-BLOCK - Microsoft Corporation, US)"
mx.talgem.com,1,"AS29873 (BIZLAND-SD - Newfold Digital, Inc., US)"
mail.talenmail.com,1,"AS12586 (ASGHOSTNET, DE)"
talkiebuddy.com,1,"AS32475 (SINGLEHOP-LLC - Internap Holding LLC, US)"
mail.talismana.ru,1,"AS13335 (CLOUDFLARENET - Cloudflare, Inc., US)"
mail.glinxy.org,1,"AS24940 (HETZNER-AS, DE)"
mail.talonamails.ru,1,"AS12586 (ASGHOSTNET, DE)"
mail.tanamail.com,1,"AS24940 (HETZNER-AS, DE)"
mail.tamabebml.ru,1,"AS12586 (ASGHOSTNET, DE)"
tandemgleitschirmflug-de.mail.protection.outlook.com,1,"AS8075 (MICROSOFT-CORP-MSN-AS-BLOCK - Microsoft Corporation, US)"
tan9595.com,1,"AS63023 (AS-GLOBALTELEHOST - GTHost, US)"
mail.tanfem.com,1,"AS22611 (INMOTION - InMotion Hosting, Inc., US)"
tampaflcomputerrepair.com,1,"AS33182 (DIMENOC - HostDime.com, Inc., US)"
mxb-00173301.gslb.pphosted.com,1,"AS26211 (PROOFPOINT-ASN-US-WEST - Proofpoint, Inc., US)"
s13603.fra1.stableserver.net,1,"AS209341 (WHG-FRA, GB)"
mail.unylix.com,1,"AS24940 (HETZNER-AS, DE)"
mail.talmo.online,1,"AS216139 (IRONHOST, GB)"
mail.tapinmalis.com,1,"AS12586 (ASGHOSTNET, DE)"
taphoa.shop,1,"AS59253 (LEASEWEB-APAC-SIN-11 LEASEWEB SINGAPORE PTE. LTD., SG)"
mail.tanoem.com,1,"AS45544 (SUPERDATA-AS-VN SUPERDATA-, VN)"
tarqem-com.mail.protection.outlook.com,1,"AS8075 (MICROSOFT-CORP-MSN-AS-BLOCK - Microsoft Corporation, US)"
mail.tartoor.com,1,"AS47583 (AS-HOSTINGER, CY)"
mail0001.tariffenet.it,1,"AS24940 (HETZNER-AS, DE)"
mail.taskscbo.com,1,"AS47583 (AS-HOSTINGER, CY)"
tatsu.uk,1,"AS7506 (INTERQ GMO Internet Group, Inc., JP)"
mxa-00232e01.gslb.pphosted.com,1,"AS26211 (PROOFPOINT-ASN-US-WEST - Proofpoint, Inc., US)"
mail.tatilbonus.com,1,"AS51557 (TR-ISIMTESCIL-20201202, TR)"
bak002.tasteofriver.com,1,"AS14061 (DIGITALOCEAN-ASN - DigitalOcean, LLC, US)"
mail.targem.com,1,"AS62214 (RACKFOREST-AS, HU)"
taxexpertnow-com.mail.protection.outlook.com,1,"AS8075 (MICROSOFT-CORP-MSN-AS-BLOCK - Microsoft Corporation, US)"
mail.taugr.com,1,"AS14061 (DIGITALOCEAN-ASN - DigitalOcean, LLC, US)"
taupoker.org,1,"AS394380 (LEASEWEB-USA-DAL - Leaseweb USA, Inc., US)"
taurusbet.org,1,"AS262287 (Latitude.sh LTDA, BR)"
mail.visbella.store,1,"AS31898 (ORACLE-BMC-31898 - Oracle Corporation, US)"
mail.tbuildersw.com,1,"AS47583 (AS-HOSTINGER, CY)"
tbuist-com.mail.protection.outlook.com,1,"AS8075 (MICROSOFT-CORP-MSN-AS-BLOCK - Microsoft Corporation, US)"
mail.tautomermail.ru,1,"AS12586 (ASGHOSTNET, DE)"
mail.tchatsenegal.com,1,"AS22653 (GLOBALCOMPASS - Cyber Wurx LLC, US)"
mail.tchatrencontrenc.com,1,"AS22653 (GLOBALCOMPASS - Cyber Wurx LLC, US)"
prefix2.tcc.on.ca,1,"AS395173 (AS-TCCL-18 - Tuckersmith Communications Co-Operative Limited, CA)"
td3-com.mail.protection.outlook.com,1,"AS8075 (MICROSOFT-CORP-MSN-AS-BLOCK - Microsoft Corporation, US)"
mail.td-engineering.pl,1,"AS41079 (CF-GDA, PL)"
cluster5.us.messagelabs.com,1,"AS396982 (GOOGLE-CLOUD-PLATFORM - Google LLC, US)"
mail.tdcsltd.co.uk,1,"AS31898 (ORACLE-BMC-31898 - Oracle Corporation, US)"
mail.tde-ga.com,1,"AS55293 (A2HOSTING - A2 Hosting, Inc., US)"
mail.tdavis2000.com,1,"AS29873 (BIZLAND-SD - Newfold Digital, Inc., US)"
mx2.supremebox.com,1,"AS14555 (LIQUIDNETLTD1 - LiquidNet US LLC, US)"
taaltoon.nl,1,"AS20857 (TRANSIP-AS Amsterdam, the Netherlands, NL)"
mail.tdconcreteandconstruction.com,1,"AS55293 (A2HOSTING - A2 Hosting, Inc., US)"
mtag.tachnuqia.com,1,"AS14061 (DIGITALOCEAN-ASN - DigitalOcean, LLC, US)"
mail.t-d-ural.ru,1,"AS29648 (COMLINE-AS, RU)"
tdg-com.mail.protection.outlook.com,1,
tdict-nl0e.mail.protection.outlook.com,1,"AS8075 (MICROSOFT-CORP-MSN-AS-BLOCK - Microsoft Corporation, US)"
mail.tda-sgft.com,1,"AS8560 (IONOS-AS This is the joint network for IONOS, Fasthosts, Arsys, 1&1 Mail and Media and 1&1 Telecom. Formerly known as 1&1 Internet SE., DE)"
tdisystems.co.uk,1,"AS32475 (SINGLEHOP-LLC - Internap Holding LLC, US)"
taxisrilanka.co.uk,1,"AS25369 (BANDWIDTH-AS, GB)"
mail.tdcb.com.tw,1,"AS3462 (HINET Data Communication Business Group, TW)"
mail.tdnlawgroup.com,1,"AS46606 (UNIFIEDLAYER-AS-1 - Unified Layer, US)"
mail.tdiradio.com,1,"AS51167 (CONTABO, DE)"
smtp.tacomail.de,1,"AS14061 (DIGITALOCEAN-ASN - DigitalOcean, LLC, US)"
mail.tacoblastmail.com,1,"AS12586 (ASGHOSTNET, DE)"
tda.mail.protection.office365.us,1,"AS8075 (MICROSOFT-CORP-MSN-AS-BLOCK - Microsoft Corporation, US)"
mx1.tde.com,1,"AS16509 (AMAZON-02 - Amazon.com, Inc., US)"
tdsgroup.in,1,"AS46606 (UNIFIEDLAYER-AS-1 - Unified Layer, US)"
tdl.com,1,"AS6939 (HURRICANE - Hurricane Electric LLC, US)"
mail.tdphotography.ca,1,"AS40092 (ONIAAS - HostPapa, US)"
mxa-00549401.gslb.pphosted.com,1,"AS22843 (PROOFPOINT-ASN-US-EAST - Proofpoint, Inc., US)"
mail.tdri.com,1,"AS16276 (OVH, FR)"
mail.td-line.de,1,"AS42730 (EVANZOAS, DE)"
mh102.infi.net,1,"AS14446 (CNT-ASN - Central Newspapers Technologies Inc., US)"
mail.tdcom.fr,1,"AS34177 (CELESTE-AS CELESTE - Internet services provider, FR)"
td-pilstanj.si.mcp.controlpanel.si,1,"AS43128 (DHH-AS, SI)"
mx0b-00292f01.pphosted.com,1,"AS22843 (PROOFPOINT-ASN-US-EAST - Proofpoint, Inc., US)"
tdt-com.mail.protection.outlook.com,1,"AS8075 (MICROSOFT-CORP-MSN-AS-BLOCK - Microsoft Corporation, US)"
tdsla-com.mail.protection.outlook.com,1,"AS8075 (MICROSOFT-CORP-MSN-AS-BLOCK - Microsoft Corporation, US)"
tdibi-com0i.mail.protection.outlook.com,1,"AS8075 (MICROSOFT-CORP-MSN-AS-BLOCK - Microsoft Corporation, US)"
mail.tdstechng.com,1,"AS46606 (UNIFIEDLAYER-AS-1 - Unified Layer, US)"
mail.teacher.semar.edu.pl,1,"AS16276 (OVH, FR)"
tdstech-com.mail.protection.outlook.com,1,"AS8075 (MICROSOFT-CORP-MSN-AS-BLOCK - Microsoft Corporation, US)"
te-com.mail.protection.outlook.com,1,"AS8075 (MICROSOFT-CORP-MSN-AS-BLOCK - Microsoft Corporation, US)"
mxa-002f3801.gslb.pphosted.com,1,"AS22843 (PROOFPOINT-ASN-US-EAST - Proofpoint, Inc., US)"
tds-com.mail.protection.outlook.com,1,"AS8075 (MICROSOFT-CORP-MSN-AS-BLOCK - Microsoft Corporation, US)"
mail.tdmgroup.pl,1,"AS47544 (IQPL-AS, PL)"
mailgw.tracenet.cz,1,"AS42422 (SECURITYNET-AS, CZ)"
mail.tdubmn.com,1,"AS8739 (ICDSOFT, BG)"
mail.tdplumbing.com,1,"AS701 (UUNET - Verizon Business, US)"
mail.tdk-eng.pl,1,"AS29522 (CF-KRK, PL)"
mail.tdv.at,1,"AS8447 (A1TELEKOM-AT A1 Telekom Austria AG, AT)"
mail.tdhintl.net,1,"AS31898 (ORACLE-BMC-31898 - Oracle Corporation, US)"
mail.tdrrecords.net,1,"AS8739 (ICDSOFT, BG)"
us3mail01.teledyne.com,1,"AS397353 (TDY-US1-DC - Teledyne Technologies Incorporated, US)"
mail.tacaaml.ru,1,"AS12586 (ASGHOSTNET, DE)"
webmail.tdt.it,1,"AS56320 (VIKING-AS, IT)"
mail.tdfc.de,1,"AS42730 (EVANZOAS, DE)"
tcl-com.corpsmtp.net,1,"AS45102 (ALIBABA-CN-NET Alibaba US Technology Co., Ltd., CN)"
mail.tddblog.com,1,"AS12843 (TELEMAXX, DE)"
mail.tdmtravel.hu,1,"AS14061 (DIGITALOCEAN-ASN - DigitalOcean, LLC, US)"
teaelcreative-com.mail.protection.outlook.com,1,"AS8075 (MICROSOFT-CORP-MSN-AS-BLOCK - Microsoft Corporation, US)"
mail.tdd520.com,1,"AS132203 (TENCENT-NET-AP-CN Tencent Building, Kejizhongyi Avenue, CN)"
tdwcloseouts-com.mail.protection.outlook.com,1,"AS8075 (MICROSOFT-CORP-MSN-AS-BLOCK - Microsoft Corporation, US)"
mail.tdtpowersteel.com.ph,1,"AS9299 (IPG-AS-AP Philippine Long Distance Telephone Company, PH)"
tdrelectronics.co.uk,1,"AS34282 (UKNOC-AS, GB)"
mail.tdisystems.ca,1,"AS40476 (SCALAHOSTING - Scala Hosting LLC, US)"
mail.tdyn.org,1,"AS395532 (1P-WSS - Web Site Source, US)"
mail.tdhnarath.com,1,"AS9891 (CSLOX-IDC-AS-AP CS LOXINFO Public Company Limited., TH)"
mail.tdtkeramiek.be,1,"AS206281 (AS-ZXCS, NL)"
mail.tdmwater.vn,1,"AS18403 (FPT-AS-AP FPT Telecom Company, VN)"
gws-03.tdm.de,1,"AS12312 (ECOTEL, DE)"
mail.td-dravlje.si,1,"AS43128 (DHH-AS, SI)"
team-mailsac-com.mail.protection.outlook.com,1,"AS8075 (MICROSOFT-CORP-MSN-AS-BLOCK - Microsoft Corporation, US)"
mail.tdvideo.com.br,1,"AS31898 (ORACLE-BMC-31898 - Oracle Corporation, US)"
mail.tdh.com,1,"AS11878 (TZULO - tzulo, inc., US)"
panel.visit-site.xyz,1,"AS60781 (LEASEWEB-NL-AMS-01 Netherlands, NL)"
mail.tdfermer.kz,1,"AS207333 (HOSTER-AST Hoster.KZ - Astana, KZ)"
mail.tdrnetworks.com,1,"AS31641 (ATLAS-COMMUNICATIONS-AS, GB)"
tdezor.io,1,"AS199968 (IWSNET, AM)"
malibuzz.teamster.com,1,"AS51167 (CONTABO, DE)"
mail.tdkit.ru,1,"AS47655 (LINKINTEL, RU)"
mail.tdpdriussipietro.it,1,"AS60087 (ASSUPERNOVA, IT)"
pmg.se2e.de,1,"AS24940 (HETZNER-AS, DE)"
it4u.cyfox.com,1,"AS14618 (AMAZON-AES - Amazon.com, Inc., US)"
mail.tdvmedia.es,1,"AS196713 (ABANSYS_AND_HOSTYTEC-AS C. Charles Robert Darwin, 11, ES)"
techgroup-me.mail.protection.outlook.com,1,"AS8075 (MICROSOFT-CORP-MSN-AS-BLOCK - Microsoft Corporation, US)"
mail.tdnaozi.club,1,"AS132203 (TENCENT-NET-AP-CN Tencent Building, Kejizhongyi Avenue, CN)"
mail.tdrez.ru,1,"AS35278 (SPRINTHOST, RU)"
mail.tdtdqn.online,1,"AS132203 (TENCENT-NET-AP-CN Tencent Building, Kejizhongyi Avenue, CN)"
hosting.conseev.com,1,"AS133618 (TRELLIAN-AS-AP Trellian Pty. Limited, AU)"
mail.tdlawfirm.com,1,"AS31083 (TELEPOINT, BG)"
techdf-com.mail.protection.outlook.com,1,"AS8075 (MICROSOFT-CORP-MSN-AS-BLOCK - Microsoft Corporation, US)"
mail.tdmparis.com,1,"AS21409 (IKOULA, FR)"
mail.tdera.ru,1,"AS60913 (UR-AS, RU)"
mail.tdfcantabria.com,1,"AS16276 (OVH, FR)"
106422138.pamx1.hotmail.com,1,"AS8075 (MICROSOFT-CORP-MSN-AS-BLOCK - Microsoft Corporation, US)"
mail.tdf-ecotech.by,1,"AS6697 (BELPAK-AS BELPAK, BY)"
mail.techtary.com,1,"AS14061 (DIGITALOCEAN-ASN - DigitalOcean, LLC, US)"
mail.techromo.com,1,"AS18779 (EGIHOSTING - EGIHosting, US)"
mail.tdkd.org.tr,1,"AS56643 (UZAKNET, TR)"
mail.tdr.net.au,1,"AS45671 (AS45671-NET-AU Wholesale Services Provider, AU)"
mail.tdf-online.de,1,"AS31103 (KEYWEB-AS, DE)"
techchamak.com,1,"AS63023 (AS-GLOBALTELEHOST - GTHost, US)"
mail.tdm.hu,1,"AS62214 (RACKFOREST-AS, HU)"
mx003.tt.xion.oxcs.net,1,"AS16276 (OVH, FR)"
mx.tecmur2.org,1,
mail.teearsw.com,1,"AS47583 (AS-HOSTINGER, CY)"
tdz.com,1,"AS60494 (UNELINK, ES)"
mail.tedla.com,1,"AS7922 (COMCAST-7922 - Comcast Cable Communications, LLC, US)"
mail.teewars.org,1,"AS24940 (HETZNER-AS, DE)"
mail.teeuk.com,1,"AS47583 (AS-HOSTINGER, CY)"
mail.tds.ge,1,"AS35805 (SILKNET-AS Silknet Autonomous System, GE)"
mail.teiracing.com,1,"AS31898 (ORACLE-BMC-31898 - Oracle Corporation, US)"
mail.tdico.net,1,"AS60976 (POL, IR)"
tel-com.mail.protection.outlook.com,1,"AS8075 (MICROSOFT-CORP-MSN-AS-BLOCK - Microsoft Corporation, US)"
teknoaiglobal.com,1,"AS58487 (CRI-AS-AP CV. Rumahweb Indonesia, ID)"
telemessage-com.mail.protection.outlook.com,1,"AS8075 (MICROSOFT-CORP-MSN-AS-BLOCK - Microsoft Corporation, US)"
_dc-mx.5987f60d539f.telimail.online,1,"AS24940 (HETZNER-AS, DE)"
_dc-mx.73acc77ca988.teligmail.site,1,"AS24940 (HETZNER-AS, DE)"
_dc-mx.7dcc18a7e28e.teliemail.site,1,"AS24940 (HETZNER-AS, DE)"
_dc-mx.6b4a687d9d89.teligmail.store,1,"AS24940 (HETZNER-AS, DE)"
mail.telesysbpo.com,1,"AS32097 (WII - WholeSale Internet, Inc., US)"
mail.telecommunicattmail.ru,1,"AS12586 (ASGHOSTNET, DE)"
mail.temp-emails.org,1,"AS51167 (CONTABO, DE)"
teensexgif.com,1,"AS149020 (WEBHORIZON-AS-AP WebHorizon Internet Services, SG)"
mx.a.cronos-painel.com,1,"AS27715 (Locaweb Servicos de Internet SA, BR)"
mail.tememail.org,1,
mail.telecommml.ru,1,"AS12586 (ASGHOSTNET, DE)"
mail.tdata.it,1,"AS52030 (SERVERPLAN-AS, IT)"
mail.telemetrfl.com,1,"AS12586 (ASGHOSTNET, DE)"
mail.temp-mail.best,1,"AS8560 (IONOS-AS This is the joint network for IONOS, Fasthosts, Arsys, 1&1 Mail and Media and 1&1 Telecom. Formerly known as 1&1 Internet SE., DE)"
mail.temp-mail-email.org,1,"AS24940 (HETZNER-AS, DE)"
mail.teleolomfri.com,1,"AS12586 (ASGHOSTNET, DE)"
telsmart-info.mail.protection.outlook.com,1,"AS8075 (MICROSOFT-CORP-MSN-AS-BLOCK - Microsoft Corporation, US)"
_dc-mx.5d71931657d7.temp-inbox.me,1,"AS19318 (IS-AS-1 - Interserver, Inc, US)"
_dc-mx.8236f27b95b9.temp-mail.asia,1,"AS16276 (OVH, FR)"
mail.temp-email.id,1,"AS55688 (BEON-AS-ID PT. Beon Intermedia, ID)"
mail.temp-mail.snaper24.com,1,"AS16509 (AMAZON-02 - Amazon.com, Inc., US)"
telsa-com.b-v1.mx.microsoft,1,"AS8075 (MICROSOFT-CORP-MSN-AS-BLOCK - Microsoft Corporation, US)"
mail-server-1.tronics.dev,1,"AS16276 (OVH, FR)"
mail.temp.edu.pl,1,"AS42846 (GUZELHOSTING GNET INTERNET TELEKOMUNIKASYON A.S., TR)"
mail.telangrsmail.ru,1,"AS12586 (ASGHOSTNET, DE)"
mail.temp-mail-365.info,1,"AS35916 (MULTA-ASN1 - MULTACOM CORPORATION, US)"
mail.telemetmail.ru,1,"AS12586 (ASGHOSTNET, DE)"
mx001.tempemail.biz,1,"AS24940 (HETZNER-AS, DE)"
mail.temp-mail-go.info,1,"AS35916 (MULTA-ASN1 - MULTACOM CORPORATION, US)"
mail.telecomix.pl,1,"AS197155 (ARTNET, PL)"
mail.telephomalu.ru,1,"AS12586 (ASGHOSTNET, DE)"
_dc-mx.c197c19096bd.tempathiburan.com,1,"AS22612 (NAMECHEAP-NET - Namecheap, Inc., US)"
_dc-mx.5e39744b76c6.tempail.email,1,"AS16276 (OVH, FR)"
mail.tempemailbox.com,1,"AS47583 (AS-HOSTINGER, CY)"
mail.telethfkml.ru,1,"AS12586 (ASGHOSTNET, DE)"
tempitmail.online,1,"AS47583 (AS-HOSTINGER, CY)"
mail.tempinbox.xyz,1,"AS46475 (LIMESTONENETWORKS - Limestone Networks, Inc., US)"
mx1.temp1.club,1,"AS200107 (KL-EXT, CH)"
mail.televisionjo.ru,1,"AS12586 (ASGHOSTNET, DE)"
mx.c.cronos-painel.com,1,"AS27715 (Locaweb Servicos de Internet SA, BR)"
mail.temperal-mail.store,1,"AS51167 (CONTABO, DE)"
temp-mailfb.shop,1,"AS136246 (TOMATTOSTL-AS-AP Tomattos Technologies Ltd., BD)"
mail.telomerimail.ru,1,"AS12586 (ASGHOSTNET, DE)"
mail01.tempe-mail.com,1,"AS36351 (SOFTLAYER - IBM Cloud, US)"
_dc-mx.00fa934865be.tempizo.com,1,"AS16276 (OVH, FR)"
mail.tempemail.ninja,1,"AS40676 (AS40676 - Psychz Networks, US)"
mail.temploop.net,1,"AS47583 (AS-HOSTINGER, CY)"
tempbox.co.uk,1,"AS34931 (AWARESOFT, GB)"
_dc-mx.300bbbb45ac8.tempemailo.org,1,"AS30277 (DFW-DATACENTER - DFW Datacenter, US)"
_dc-mx.5e5e17bc6c36.tempmail.cc,1,"AS14061 (DIGITALOCEAN-ASN - DigitalOcean, LLC, US)"
mail.tempbox.fr,1,"AS8560 (IONOS-AS This is the joint network for IONOS, Fasthosts, Arsys, 1&1 Mail and Media and 1&1 Telecom. Formerly known as 1&1 Internet SE., DE)"
mx.delivery.tmail.thehp.in,1,
tempemail.net,1,"AS36007 (KAMATERA - Kamatera, Inc., US)"
phdmail-net.p10.mxthunder.com,1,"AS13767 (DATABANK-DFW - DataBank Holdings, Ltd., US)"
_dc-mx.60a5fea121b1.tempmail.dev,1,"AS29802 (HVC-AS - HIVELOCITY, Inc., US)"
emailfwd.tempmail.ca,1,"AS16276 (OVH, FR)"
mail.tempmail.rest,1,"AS24940 (HETZNER-AS, DE)"
mail.tempmail.us.com,1,"AS16276 (OVH, FR)"
mx.sapo.pt,1,"AS3243 (MEO-RESIDENCIAL, PT)"
tnetmx.telefonica.net,1,"AS16371 (ACENS_AS Spain Hosting, housing and VPN services, ES)"
mail.tempmail44.com,1,"AS136246 (TOMATTOSTL-AS-AP Tomattos Technologies Ltd., BD)"
mail.tempmail.io,1,"AS14061 (DIGITALOCEAN-ASN - DigitalOcean, LLC, US)"
tempemails.io,1,"AS46562 (PERFORMIVE - Performive LLC, US)"
tempmail.sx,1,"AS14555 (LIQUIDNETLTD1 - LiquidNet US LLC, US)"
smtp.tempmail365.com,1,"AS132203 (TENCENT-NET-AP-CN Tencent Building, Kejizhongyi Avenue, CN)"
mail.tempmail3.com,1,"AS47583 (AS-HOSTINGER, CY)"
mail.tempmail.ws,1,"AS8560 (IONOS-AS This is the joint network for IONOS, Fasthosts, Arsys, 1&1 Mail and Media and 1&1 Telecom. Formerly known as 1&1 Internet SE., DE)"
tempmail.guru,1,"AS46606 (UNIFIEDLAYER-AS-1 - Unified Layer, US)"
mail.tempmailpro.in,1,"AS16509 (AMAZON-02 - Amazon.com, Inc., US)"
mail.tempmail.im,1,"AS32097 (WII - WholeSale Internet, Inc., US)"
temp.infos.st,1,"AS16276 (OVH, FR)"
tempmaill.io,1,"AS209341 (WHG-FRA, GB)"
mail0001.tempmail.it,1,"AS24940 (HETZNER-AS, DE)"
mail.tempmailt.com,1,"AS16276 (OVH, FR)"
mail.tempmailto.com,1,"AS209341 (WHG-FRA, GB)"
mail.tempmailturbo.com,1,"AS214996 (NETCUP, DE)"
mail.techbike.ru,1,"AS44094 (WEBHOST1-AS, RU)"
_mx.tempmail.pink,1,"AS40021 (CONTABO-40021 - Contabo Inc., US)"
mail8.serv00.com,1,"AS57367 (ECO-ATMAN-PL ECO-ATMAN-, PL)"
tempmailnow.org,1,"AS204800 (WHG-SGP, GB)"
mail.tempmail.org.pl,1,"AS50599 (Autonomous System for Dataspace P.S.A., PL)"
mail.temporaryemail.ai,1,"AS24940 (HETZNER-AS, DE)"
mail.temporarify.com,1,"AS401479 (DBM-ASN-KC - Database Mart LLC, US)"
tempmail44.shop,1,"AS136246 (TOMATTOSTL-AS-AP Tomattos Technologies Ltd., BD)"
tempomail.id,1,"AS16276 (OVH, FR)"
mail.temp.ly,1,"AS13335 (CLOUDFLARENET - Cloudflare, Inc., US)"
mail.temporopmail.com,1,"AS40021 (CONTABO-40021 - Contabo Inc., US)"
mail.temporarly.com,1,"AS19871 (NETWORK-SOLUTIONS-HOSTING - Network Solutions, LLC, US)"
mail.tempsmail.sbs,1,"AS16509 (AMAZON-02 - Amazon.com, Inc., US)"
_dc-mx.1d79071d1d54.temporaryemail.org,1,"AS49981 (WORLDSTREAM, NL)"
mail.tempmaila.org,1,"AS202376 (ARVID-LOGICUM, EE)"
mail.teleport-pskov.ru,1,"AS39238 (OKBPROGRESS Moscow, Russia, RU)"
tempmailninja.com,1,"AS24940 (HETZNER-AS, DE)"
mail.tempyx.com,1,"AS11878 (TZULO - tzulo, inc., US)"
mail.tempmailgenerator.co,1,"AS57344 (TELEHOUSE-AS, BG)"
mail.tempxzy.net,1,"AS51167 (CONTABO, DE)"
mail.temptami.com,1,"AS16276 (OVH, FR)"
mx.imena.ua,1,"AS25393 (MIROHOST, US)"
tempnumber.shop,1,"AS136246 (TOMATTOSTL-AS-AP Tomattos Technologies Ltd., BD)"
w0108f4a.kasserver.com,1,"AS34788 (NMM-AS D - 02742 Friedersdorf Hauptstrasse 68, DE)"
tempemail.in,1,"AS53667 (PONYNET - FranTech Solutions, US)"
mail.tempmailonline.xyz,1,"AS965 (WEBHOSTINGHOLDINGS - Webhosting Holdings LLC, US)"
tempmail.ac.id,1,"AS14061 (DIGITALOCEAN-ASN - DigitalOcean, LLC, US)"
mail.tdqn9.club,1,"AS132203 (TENCENT-NET-AP-CN Tencent Building, Kejizhongyi Avenue, CN)"
mx1.maileroo.com,1,"AS20473 (AS-VULTR - The Constant Company, LLC, US)"
tempmail.lat,1,"AS49635 (CLOUDING, ES)"
mail0001.temporarioemail.com.br,1,"AS24940 (HETZNER-AS, DE)"
mail.tenvil.com,1,"AS14061 (DIGITALOCEAN-ASN - DigitalOcean, LLC, US)"
mail.tenermail.com,1,"AS12586 (ASGHOSTNET, DE)"
mx-a.blackfin.io,1,"AS14618 (AMAZON-AES - Amazon.com, Inc., US)"
temp-mail.cam,1,"AS16276 (OVH, FR)"
mail.tdproject.pl,1,"AS41079 (CF-GDA, PL)"
mail.duckmail.sbs,1,"AS397966 (READYDEDISLLC - ReadyDedis, LLC, US)"
_dc-mx.31d855f6e4f8.tempmail.edu.kg,1,"AS214996 (NETCUP, DE)"
mail.tentmail.ru,1,"AS12586 (ASGHOSTNET, DE)"
mail.tdw.com.pl,1,"AS41079 (CF-GDA, PL)"
mail.terrorqb.com,1,"AS47583 (AS-HOSTINGER, CY)"
mail.terarmail.com,1,"AS12586 (ASGHOSTNET, DE)"
terre.infos.st,1,"AS16276 (OVH, FR)"
d273984a.ess.barracudanetworks.com,1,"AS16509 (AMAZON-02 - Amazon.com, Inc., US)"
abe4.tempdukviet.site,1,"AS149124 (THANHPHAT-VN WEBPX SOFTWARE COMPANY LIMITED, VN)"
tershaber.com,1,"AS42846 (GUZELHOSTING GNET INTERNET TELEKOMUNIKASYON A.S., TR)"
tesla-com.mail.protection.outlook.com,1,"AS8075 (MICROSOFT-CORP-MSN-AS-BLOCK - Microsoft Corporation, US)"
mail.territormail.com,1,"AS12586 (ASGHOSTNET, DE)"
mail.teratopebml.ru,1,"AS12586 (ASGHOSTNET, DE)"
mail.terato.ru,1,"AS12586 (ASGHOSTNET, DE)"
mx.teslaa.com,1,"AS29873 (BIZLAND-SD - Newfold Digital, Inc., US)"
terezor.io,1,"AS200514 (KNOWNSRV, GB)"
terzor.io,1,"AS200514 (KNOWNSRV, GB)"
mail.terhorst-online.nl,1,"AS20847 (PREVIDER-AS, NL)"
tempverify.com,1,"AS133070 (EHL-AS-AP EBN HOST LIMITED, BD)"
teslab-com.mail.protection.outlook.com,1,"AS8075 (MICROSOFT-CORP-MSN-AS-BLOCK - Microsoft Corporation, US)"
protector-node-sec.cloud258.com,1,"AS38283 (CHINANET-SCIDC-AS-AP CHINANET SiChuan Telecom Internet Data Center, CN)"
mail.tenzoves.ru,1,"AS197695 (AS-REG, RU)"
mx2.tesiov.info,1,"AS200107 (KL-EXT, CH)"
mx.testform.xyz,1,"AS399820 (ATOMIC-NETWORKS-1 - SPARKED HOST LLC, US)"
mail.testosteroneforman.com,1,"AS46606 (UNIFIEDLAYER-AS-1 - Unified Layer, US)"
mail.testaceofmk.com,1,"AS12586 (ASGHOSTNET, DE)"
testshiv.com,1,"AS53767 (ICASTCENTER - iCastCenter, US)"
test-infos.fr.nf,1,"AS16276 (OVH, FR)"
tempmail.host,1,"AS141892 (IDNIC-SENGKED-AS-ID CV Andhika Pratama Sanggoro, ID)"
mail.territemails.ru,1,"AS12586 (ASGHOSTNET, DE)"
mx.testing-your-form.info,1,"AS200019 (ALEXHOST, MD)"
mail.tetramastomail.com,1,"AS12586 (ASGHOSTNET, DE)"
textgenerator-ai01b.mail.protection.outlook.com,1,"AS8075 (MICROSOFT-CORP-MSN-AS-BLOCK - Microsoft Corporation, US)"
teska.com,1,"AS51559 (NETINTERNET Netinternet Bilisim Teknolojileri AS, TR)"
mail.tetramethmail.com,1,"AS12586 (ASGHOSTNET, DE)"
mail.tf7nzhw.com,1,"AS47583 (AS-HOSTINGER, CY)"
mail.tetractiimail.ru,1,"AS12586 (ASGHOSTNET, DE)"
mail-mx.texasretirementservice.info,1,"AS14618 (AMAZON-AES - Amazon.com, Inc., US)"
mail.tetrakishexahfmail.ru,1,"AS12586 (ASGHOSTNET, DE)"
tezor.io,1,"AS200514 (KNOWNSRV, GB)"
mail.tetrachloromalu.ru,1,"AS12586 (ASGHOSTNET, DE)"
mail.tettigonfml.ru,1,"AS12586 (ASGHOSTNET, DE)"
mail.tgvis.com,1,"AS14061 (DIGITALOCEAN-ASN - DigitalOcean, LLC, US)"
tesyla.com,1,"AS50565 (MUZAFFERGULER, TR)"
mail.tess.com.br,1,"AS19871 (NETWORK-SOLUTIONS-HOSTING - Network Solutions, LLC, US)"
mail.th3syracuse.com,1,"AS32097 (WII - WholeSale Internet, Inc., US)"
mx6.thaiedvisa.com,1,
mail.thalarex.cfd,1,"AS203446 (AS203446, GB)"
thaibikemart.com,1,"AS12876 (Online SAS, FR)"
mail.tetrahydml.ru,1,"AS12586 (ASGHOSTNET, DE)"
mail.tetraheemail.ru,1,"AS12586 (ASGHOSTNET, DE)"
mail.tetrachlorommails.ru,1,"AS12586 (ASGHOSTNET, DE)"
mx2.mailpod1-osl1.g1i.uniweb.no,1,"AS51468 (ONECOM, DK)"
mail.tetrafluoroemail.ru,1,"AS12586 (ASGHOSTNET, DE)"
mx004.netsol.xion.oxcs.net,1,"AS16276 (OVH, FR)"
mail.thalassoolml.ru,1,"AS12586 (ASGHOSTNET, DE)"
teezor.io,1,"AS200514 (KNOWNSRV, GB)"
e.thaotri.com,1,"AS14061 (DIGITALOCEAN-ASN - DigitalOcean, LLC, US)"
tfezor.io,1,"AS199968 (IWSNET, AM)"
thalesdsi.mail.protection.office365.us,1,"AS8075 (MICROSOFT-CORP-MSN-AS-BLOCK - Microsoft Corporation, US)"
_dc-mx.5f96fc60c1c8.the-source.co.il,1,"AS1680 (NV-ASN CELLCOM ltd., IL)"
mail.thangmaygiadinh.com,1,"AS131414 (LVSOFT-AS-VN Long Van Soft Solution JSC, VN)"
mail.thalamocmail.ru,1,"AS12586 (ASGHOSTNET, DE)"
the303company-com.mail.protection.outlook.com,1,"AS8075 (MICROSOFT-CORP-MSN-AS-BLOCK - Microsoft Corporation, US)"
the-bloggers-exchange.org,1,"AS7684 (SAKURA-A SAKURA Internet Inc., JP)"
a585700.mx.mailhop.org,1,"AS16509 (AMAZON-02 - Amazon.com, Inc., US)"
theapp-agency.mail.protection.outlook.com,1,"AS8075 (MICROSOFT-CORP-MSN-AS-BLOCK - Microsoft Corporation, US)"
mail.theavyk.com,1,"AS47583 (AS-HOSTINGER, CY)"
mail.theanonymousemail.com,1,"AS32400 (HWSERVICES-32400 - Ntirety, Inc., US)"
mail.theatrnmail.com,1,"AS12586 (ASGHOSTNET, DE)"
mx.thebest4ever.com,1,"AS20473 (AS-VULTR - The Constant Company, LLC, US)"
sw-proxy01.stiftung-warentest.de,1,
_dc-mx.8c6cffccfc57.temp.ly,1,"AS206216 (ADVIN-AS, US)"
mail.thebillieholiday.click,1,"AS51167 (CONTABO, DE)"
mail.thebudhound.com,1,
mx.thebestmoneymakingtips.info,1,"AS14061 (DIGITALOCEAN-ASN - DigitalOcean, LLC, US)"
theclinicshield-com.mail.protection.outlook.com,1,"AS8075 (MICROSOFT-CORP-MSN-AS-BLOCK - Microsoft Corporation, US)"
the-maji.com,1,"AS14555 (LIQUIDNETLTD1 - LiquidNet US LLC, US)"
a220121.mx.mailhop.org,1,"AS16509 (AMAZON-02 - Amazon.com, Inc., US)"
thedocerosa-com.mail.protection.outlook.com,1,"AS8075 (MICROSOFT-CORP-MSN-AS-BLOCK - Microsoft Corporation, US)"
mail.tempmailr.com,1,"AS53667 (PONYNET - FranTech Solutions, US)"
thefreedomdaily-com.mail.protection.outlook.com,1,"AS8075 (MICROSOFT-CORP-MSN-AS-BLOCK - Microsoft Corporation, US)"
mail.theflavorbells.com,1,"AS394303 (BIGSCOOTS - BigScoots, US)"
thefrenchie-co.mail.protection.outlook.com,1,"AS8075 (MICROSOFT-CORP-MSN-AS-BLOCK - Microsoft Corporation, US)"
www141.your-server.de,1,"AS24940 (HETZNER-AS, DE)"
mail.temporaryemail.dpdns.org,1,"AS22612 (NAMECHEAP-NET - Namecheap, Inc., US)"
_dc-mx.a913fcf0d858.thehatedestroyer.com,1,"AS22612 (NAMECHEAP-NET - Namecheap, Inc., US)"
thehappyclean-net.mail.protection.outlook.com,1,"AS8075 (MICROSOFT-CORP-MSN-AS-BLOCK - Microsoft Corporation, US)"
thehomeinsuranceguide-com.mail.protection.outlook.com,1,"AS8075 (MICROSOFT-CORP-MSN-AS-BLOCK - Microsoft Corporation, US)"
mail.thehubporno.com,1,"AS49981 (WORLDSTREAM, NL)"
thehagiasophia.com,1,"AS52030 (SERVERPLAN-AS, IT)"
tesa-com.mail.protection.outlook.com,1,"AS8075 (MICROSOFT-CORP-MSN-AS-BLOCK - Microsoft Corporation, US)"
thecheesymouse.co.uk,1,"AS8560 (IONOS-AS This is the joint network for IONOS, Fasthosts, Arsys, 1&1 Mail and Media and 1&1 Telecom. Formerly known as 1&1 Internet SE., DE)"
thekeypeople-net.mail.protection.outlook.com,1,"AS8075 (MICROSOFT-CORP-MSN-AS-BLOCK - Microsoft Corporation, US)"
mx.themarketingsolutions.info,1,"AS14061 (DIGITALOCEAN-ASN - DigitalOcean, LLC, US)"
theloftbarn-com.mail.protection.outlook.com,1,"AS8075 (MICROSOFT-CORP-MSN-AS-BLOCK - Microsoft Corporation, US)"
thekphub.com,1,"AS34931 (AWARESOFT, GB)"
mail.themanlythings.com,1,"AS13335 (CLOUDFLARENET - Cloudflare, Inc., US)"
mail.theclubcasino.com.au,1,"AS38719 (DREAMSCAPE-AS-AP Dreamscape Networks Limited, AU)"
a859540.mx.mailhop.org,1,"AS16509 (AMAZON-02 - Amazon.com, Inc., US)"
mail.theologfml.com,1,"AS12586 (ASGHOSTNET, DE)"
theorlandoblog.com,1,"AS46505 (NIXIHOST - NixiHost.com Incorporated, US)"
mail.thepinkbee.com,1,"AS31898 (ORACLE-BMC-31898 - Oracle Corporation, US)"
theplug-org.mail.protection.outlook.com,1,"AS8075 (MICROSOFT-CORP-MSN-AS-BLOCK - Microsoft Corporation, US)"
mx.themindgardengroup.com,1,"AS16509 (AMAZON-02 - Amazon.com, Inc., US)"
therapynotes-com.mail.protection.outlook.com,1,"AS8075 (MICROSOFT-CORP-MSN-AS-BLOCK - Microsoft Corporation, US)"
therecoverycompanion-com.mail.protection.outlook.com,1,
mail.theophilamail.ru,1,"AS12586 (ASGHOSTNET, DE)"
mx1.spamfiltering.com,1,"AS20860 (IOMART-AS, GB)"
mail.thejokercard.net,1,"AS57724 (DDOS-GUARD, RU)"
mail.thepsx.ru,1,"AS35278 (SPRINTHOST, RU)"
mail.thermometrifmail.ru,1,"AS12586 (ASGHOSTNET, DE)"
mail.thermoelept.ru,1,"AS12586 (ASGHOSTNET, DE)"
mail.theraphofmail.ru,1,"AS12586 (ASGHOSTNET, DE)"
mail.thermometmail.ru,1,"AS12586 (ASGHOSTNET, DE)"
mail.thermodynam.ru,1,"AS12586 (ASGHOSTNET, DE)"
mail.thermommails.ru,1,"AS12586 (ASGHOSTNET, DE)"
mail.thermodynml.ru,1,"AS12586 (ASGHOSTNET, DE)"
mail.thesugarmakerbakery.com,1,"AS32244 (LIQUIDWEB - Liquid Web, L.L.C, US)"
theswanfactory-com.mail.protection.outlook.com,1,"AS8075 (MICROSOFT-CORP-MSN-AS-BLOCK - Microsoft Corporation, US)"
mail.thermomagnmail.ru,1,"AS12586 (ASGHOSTNET, DE)"
mail.thermodynammail.ru,1,"AS12586 (ASGHOSTNET, DE)"
smtp.thetips.dev,1,"AS18403 (FPT-AS-AP FPT Telecom Company, VN)"
mail.thetulsatimes.com,1,"AS40021 (CONTABO-40021 - Contabo Inc., US)"
mail.thetravellersrest.click,1,"AS51167 (CONTABO, DE)"
thc-com.mail.protection.outlook.com,1,"AS8075 (MICROSOFT-CORP-MSN-AS-BLOCK - Microsoft Corporation, US)"
mail1.thankyou2010.com,1,"AS44418 (BITDEFENDER-AS, RO)"
thelotstore.net,1,"AS22612 (NAMECHEAP-NET - Namecheap, Inc., US)"
mail.theta.pl,1,"AS50840 (AS-HITME, PL)"
thdesign.pl,1,"AS12824 (HOMEPL-AS, PL)"
mail.thessaloufml.ru,1,"AS12586 (ASGHOSTNET, DE)"
tds.net.id,1,
_dc-mx.3cc7d86f79d5.therealcolonel.press,1,"AS56851 (VPS-UA-AS, UA)"
thelotstore.cc,1,"AS22612 (NAMECHEAP-NET - Namecheap, Inc., US)"
mail.vlemi.com,1,"AS14061 (DIGITALOCEAN-ASN - DigitalOcean, LLC, US)"
mail.vjav.info,1,"AS39572 (ADVANCEDHOSTERS-AS, NL)"
zubacteriax.com,1,"AS47583 (AS-HOSTINGER, CY)"
ztrade-com.mail.protection.outlook.com,1,"AS8075 (MICROSOFT-CORP-MSN-AS-BLOCK - Microsoft Corporation, US)"
zuber-com.mail.protection.outlook.com,1,"AS8075 (MICROSOFT-CORP-MSN-AS-BLOCK - Microsoft Corporation, US)"
zumail-net.mail.protection.outlook.com,1,"AS8075 (MICROSOFT-CORP-MSN-AS-BLOCK - Microsoft Corporation, US)"
mail.vl.edu.vn,1,"AS150895 (EZTECH-VN EZ TECHNOLOGY COMPANY LIMITED, VN)"
mx01.schlund.de,1,"AS8560 (IONOS-AS This is the joint network for IONOS, Fasthosts, Arsys, 1&1 Mail and Media and 1&1 Telecom. Formerly known as 1&1 Internet SE., DE)"
zuera.com,1,"AS24940 (HETZNER-AS, DE)"
zure-com.mail.protection.outlook.com,1,"AS8075 (MICROSOFT-CORP-MSN-AS-BLOCK - Microsoft Corporation, US)"
mxr.zumaroll.com,1,"AS14061 (DIGITALOCEAN-ASN - DigitalOcean, LLC, US)"
zuuel-com.mail.protection.outlook.com,1,"AS8075 (MICROSOFT-CORP-MSN-AS-BLOCK - Microsoft Corporation, US)"
zuza.se,1,"AS20857 (TRANSIP-AS Amsterdam, the Netherlands, NL)"
mail.tdb.de,1,"AS3209 (VODANET International IP-Backbone of Vodafone, DE)"
mail.lixqa.cc,1,"AS44486 (SYNLINQ synlinq.de, DE)"
mail.vofyfuqero.pro,1,"AS24940 (HETZNER-AS, DE)"
zxcvbnm-co-uk.mail.protection.outlook.com,1,"AS8075 (MICROSOFT-CORP-MSN-AS-BLOCK - Microsoft Corporation, US)"
mail.voidbx.com,1,"AS51167 (CONTABO, DE)"
mx.zxcvbn.in,1,"AS14061 (DIGITALOCEAN-ASN - DigitalOcean, LLC, US)"
mail.vogons.ru,1,"AS50340 (SELECTEL-MSK, RU)"
vodka-dice.beauty,1,"AS48753 (AVAHOHST, MD)"
mail.voltravia.cfd,1,"AS203446 (AS203446, GB)"
mx1.zyntramail.com,1,"AS24940 (HETZNER-AS, DE)"
mail.zyranova.cfd,1,"AS203446 (AS203446, GB)"
mail.zyvenix.cfd,1,"AS203446 (AS203446, GB)"
mail.zygospor.ru,1,"AS12586 (ASGHOSTNET, DE)"
mail.zypherin.cfd,1,"AS203446 (AS203446, GB)"
mail.vomoto.com,1,"AS16276 (OVH, FR)"
mail.volumail.ru,1,"AS12586 (ASGHOSTNET, DE)"
mail.vortalis.cfd,1,"AS203446 (AS203446, GB)"
zzrg.org,1,"AS15967 (NETARTGROUP, PL)"
mail.vonlinne.se,1,"AS8075 (MICROSOFT-CORP-MSN-AS-BLOCK - Microsoft Corporation, US)"
mxa-004cc301.gslb.pphosted.com,1,"AS26211 (PROOFPOINT-ASN-US-WEST - Proofpoint, Inc., US)"
p.vpnns.com,1,"AS401696 (COGNETCLOUD - cognetcloud INC, US)"
mail.vpanel.ru,1,"AS210079 (EUROBYTE, RU)"
volcanomail.com.au,1,"AS45638 (SYNERGYWHOLESALE-AP SYNERGY WHOLESALE PTY LTD, AU)"
vpsh-com.mail.protection.outlook.com,1,"AS8075 (MICROSOFT-CORP-MSN-AS-BLOCK - Microsoft Corporation, US)"
mail.vr5gpowerv.com,1,"AS47583 (AS-HOSTINGER, CY)"
mail.vrmtr.com,1,"AS38320 (MMS-AS-ID PT Maxindo Mitra Solusi, ID)"
mail.vracv.com,1,"AS16276 (OVH, FR)"
mta6.vreizon.net,1,"AS19318 (IS-AS-1 - Interserver, Inc, US)"
mail.voron.plus,1,
mail.vs904a6.com,1,"AS47583 (AS-HOSTINGER, CY)"
mail.vregion.ru,1,"AS34300 (SPACENET-AS Internet Service Provider, RU)"
mail.vsmethodu.com,1,"AS47583 (AS-HOSTINGER, CY)"
mail.vrldmail.com,1,"AS12586 (ASGHOSTNET, DE)"
custom.vsmailpro.live,1,"AS40021 (CONTABO-40021 - Contabo Inc., US)"
mail.vteachesb.com,1,"AS47583 (AS-HOSTINGER, CY)"
mail.vtunesjge.com,1,"AS47583 (AS-HOSTINGER, CY)"
vsl3-co-uk.mail.protection.outlook.com,1,"AS8075 (MICROSOFT-CORP-MSN-AS-BLOCK - Microsoft Corporation, US)"
mail.vsimcard.com,1,"AS3209 (VODANET International IP-Backbone of Vodafone, DE)"
mail.vse-casino.com,1,"AS200081 (SIM-NETWORKS, DE)"
mail-1.vvhitebit.com,1,
vtcuong.site,1,"AS9371 (SAKURA-C SAKURA Internet Inc., JP)"
vupwhich.com,1,"AS47583 (AS-HOSTINGER, CY)"
mail.vulvovag.ru,1,"AS12586 (ASGHOSTNET, DE)"
f3747df07b9e409607e326a15cbd34.pamx1.hotmail.com,1,"AS8075 (MICROSOFT-CORP-MSN-AS-BLOCK - Microsoft Corporation, US)"
vtubernews.com,1,"AS131965 (XSERVER Xserver Inc., JP)"
mail.vvx046q.com,1,"AS47583 (AS-HOSTINGER, CY)"
mail.vtormetresyrs.ru,1,"AS56694 (SMARTAPE, RU)"
mail0001.vw-webmail.de,1,"AS24940 (HETZNER-AS, DE)"
mx0a.vw.com,1,"AS26211 (PROOFPOINT-ASN-US-WEST - Proofpoint, Inc., US)"
mail.vystella.cfd,1,"AS203446 (AS203446, GB)"
mail.vxsolar.com,1,"AS14061 (DIGITALOCEAN-ASN - DigitalOcean, LLC, US)"
sendco.goix.net,1,"AS3214 (XTOM xTom GmbH, DE)"
mail.w22fe21.com,1,"AS47583 (AS-HOSTINGER, CY)"
wctrl-com0c.mail.protection.outlook.com,1,"AS8075 (MICROSOFT-CORP-MSN-AS-BLOCK - Microsoft Corporation, US)"
vrz-mms.mx.a.cloudfilter.net,1,"AS16509 (AMAZON-02 - Amazon.com, Inc., US)"
mail.w4i3em6r.com,1,"AS47583 (AS-HOSTINGER, CY)"
w7k.com,1,"AS40092 (ONIAAS - HostPapa, US)"
mail.w918bsq.com,1,"AS47583 (AS-HOSTINGER, CY)"
waepa-org.mail.protection.outlook.com,1,"AS8075 (MICROSOFT-CORP-MSN-AS-BLOCK - Microsoft Corporation, US)"
mail.waivey.com,1,"AS14061 (DIGITALOCEAN-ASN - DigitalOcean, LLC, US)"
mail.walk2metro.com,1,"AS46606 (UNIFIEDLAYER-AS-1 - Unified Layer, US)"
walesforce-com.mail.protection.outlook.com,1,"AS8075 (MICROSOFT-CORP-MSN-AS-BLOCK - Microsoft Corporation, US)"
wakka-com.mail.protection.outlook.com,1,"AS8075 (MICROSOFT-CORP-MSN-AS-BLOCK - Microsoft Corporation, US)"
walkritefootclinic-com.mail.protection.outlook.com,1,"AS8075 (MICROSOFT-CORP-MSN-AS-BLOCK - Microsoft Corporation, US)"
mail.wakywmail.com,1,"AS12586 (ASGHOSTNET, DE)"
wallstreetview.com,1,"AS32244 (LIQUIDWEB - Liquid Web, L.L.C, US)"
mxb-000c7201.gslb.pphosted.com,1,"AS26211 (PROOFPOINT-ASN-US-WEST - Proofpoint, Inc., US)"
mx.wanmail.store,1,"AS24940 (HETZNER-AS, DE)"
mx-a.dc2.filter-mail.com,1,"AS396982 (GOOGLE-CLOUD-PLATFORM - Google LLC, US)"
walkmail.ru,1,"AS9002 (RETN-AS, GB)"
blackhole.wanadoo.com,1,
www46.your-server.de,1,"AS24940 (HETZNER-AS, DE)"
mail.warmence.com,1,"AS47583 (AS-HOSTINGER, CY)"
rainiermx1.ispn.net,1,"AS10320 (ISPN - Internet Services Provider Network, US)"
mail.warnednl2.com,1,"AS47583 (AS-HOSTINGER, CY)"
mail.warmbreezemail.com,1,"AS12586 (ASGHOSTNET, DE)"
mx.wasirx.com,1,"AS29873 (BIZLAND-SD - Newfold Digital, Inc., US)"
60f408ad083cb64cb6df3390a42a32.pamx1.hotmail.com,1,"AS8075 (MICROSOFT-CORP-MSN-AS-BLOCK - Microsoft Corporation, US)"
warlus.asso.st,1,"AS16276 (OVH, FR)"
mail.waventra.cfd,1,"AS203446 (AS203446, GB)"
waterisgone.com,1,"AS47583 (AS-HOSTINGER, CY)"
mail.wavleg.com,1,"AS31898 (ORACLE-BMC-31898 - Oracle Corporation, US)"
watershedmelted.site,1,"AS35916 (MULTA-ASN1 - MULTACOM CORPORATION, US)"
mail.waveneyhousehotel.com,1,"AS20738 (GD-EMEA-DC-LD5, GB)"
wash.co.ke,1,"AS16276 (OVH, FR)"
mail.warmmap.ru,1,"AS21100 (ITLDC-EU, US)"
mail.wawaservice75679.site,1,"AS132203 (TENCENT-NET-AP-CN Tencent Building, Kejizhongyi Avenue, CN)"
mail.wawi.es,1,"AS12479 (UNI2-AS, ES)"
wdlaw-com0e.mail.protection.outlook.com,1,"AS8075 (MICROSOFT-CORP-MSN-AS-BLOCK - Microsoft Corporation, US)"
mail.vsevnovosti.ru,1,"AS44094 (WEBHOST1-AS, RU)"
mx.web-design-ni.co.uk,1,"AS13335 (CLOUDFLARENET - Cloudflare, Inc., US)"
_dc-mx.2cb2b6ad2ecd.web-design-malta.com,1,"AS51167 (CONTABO, DE)"
waztempe.com,1,"AS55286 (SERVER-MANIA - B2 Net Solutions Inc., CA)"
wearewynwood-com.mail.protection.outlook.com,1,"AS8075 (MICROSOFT-CORP-MSN-AS-BLOCK - Microsoft Corporation, US)"
web2mailco.com,1,"AS47583 (AS-HOSTINGER, CY)"
mx.oru.edu.gr,1,"AS214996 (NETCUP, DE)"
mail.net-host.nz.eu.org,1,"AS132161 (VGRID-AS-AP vGRID Limited, NZ)"
colo1.webcamness.com,1,"AS14061 (DIGITALOCEAN-ASN - DigitalOcean, LLC, US)"
web-club.eu,1,"AS201200 (SUPERHOSTING_AS, BG)"
mail.webm1.xyz,1,"AS399646 (DARTNODE - Snaju Development, US)"
webdesignspecialist.com.au,1,"AS29802 (HVC-AS - HIVELOCITY, Inc., US)"
webmark.eting.org,1,"AS19624 (SERVERROOM - Data Room, Inc, US)"
mail-mx1.weboors.com,1,"AS14061 (DIGITALOCEAN-ASN - DigitalOcean, LLC, US)"
mail.webgmail.info,1,"AS41745 (FORTIS-AS Hosting services, RU)"
mail.webmail.bcm.edu.pl,1,"AS16276 (OVH, FR)"
websend.net,1,"AS7506 (INTERQ GMO Internet Group, Inc., JP)"
mx.websitebooty.com,1,"AS14061 (DIGITALOCEAN-ASN - DigitalOcean, LLC, US)"
mail.webofip.com,1,"AS14061 (DIGITALOCEAN-ASN - DigitalOcean, LLC, US)"
mail.webmailzx.com,1,"AS24940 (HETZNER-AS, DE)"
mx2.web3453.de,1,"AS200107 (KL-EXT, CH)"
webclub.infos.st,1,"AS16276 (OVH, FR)"
webmailt.com,1,"AS3842 (RAMNODE - InMotion Hosting, Inc., US)"
mail.websiterank.com,1,"AS16276 (OVH, FR)"
webhane.com,1,"AS207459 (AS-TEKNOSOS-INT, TR)"
tau10.ceti.pl,1,"AS15541 (CETI-AS CETI ISP, Poland, PL)"
margarita.hostns.io,1,"AS25369 (BANDWIDTH-AS, GB)"
mx.websitebod.com,1,"AS14061 (DIGITALOCEAN-ASN - DigitalOcean, LLC, US)"
mx.webgarden.com,1,"AS43541 (VSHOSTING, CZ)"
webmaill.info,1,"AS49467 (EUROTA-ASN EUROTA INTERNET SERVICES LTD, TR)"
mx.webgarden.ro,1,"AS43541 (VSHOSTING, CZ)"
mx1.webxio.pro,1,"AS24940 (HETZNER-AS, DE)"
websterinc.com,1,"AS27229 (WEBHOST-ASN1 - Webhosting.Net, Inc., US)"
mx.webgarden.at,1,"AS43541 (VSHOSTING, CZ)"
mx1.webxios.pro,1,"AS24940 (HETZNER-AS, DE)"
wecemail-com.mail.protection.outlook.com,1,"AS8075 (MICROSOFT-CORP-MSN-AS-BLOCK - Microsoft Corporation, US)"
webcare.tips,1,"AS14061 (DIGITALOCEAN-ASN - DigitalOcean, LLC, US)"
mail.weekfly.com,1,"AS14061 (DIGITALOCEAN-ASN - DigitalOcean, LLC, US)"
webstore.fr.nf,1,"AS16276 (OVH, FR)"
mail.webtoteam.shop,1,"AS35042 (LAYER7-NETWORKS-, DE)"
malibuzz.weinjobs.org,1,
wegodelivery-com01b.mail.protection.outlook.com,1,"AS8075 (MICROSOFT-CORP-MSN-AS-BLOCK - Microsoft Corporation, US)"
mx.weepingdragon.net,1,"AS29873 (BIZLAND-SD - Newfold Digital, Inc., US)"
wegwerpmailadres.nl,1,"AS20857 (TRANSIP-AS Amsterdam, the Netherlands, NL)"
weilsfargo-com.mail.protection.outlook.com,1,"AS8075 (MICROSOFT-CORP-MSN-AS-BLOCK - Microsoft Corporation, US)"
mail.web-contact.info,1,"AS9370 (SAKURA-B SAKURA Internet Inc., JP)"
weil4feet-com.mail.protection.outlook.com,1,"AS8075 (MICROSOFT-CORP-MSN-AS-BLOCK - Microsoft Corporation, US)"
mail.weightbalance.ru,1,"AS197695 (AS-REG, RU)"
wegas.ru,1,"AS205090 (FIRST-SERVER-EUROPE, GB)"
wellscargo-com.mail.protection.outlook.com,1,"AS8075 (MICROSOFT-CORP-MSN-AS-BLOCK - Microsoft Corporation, US)"
mail.wellsfargo1.com,1,"AS22612 (NAMECHEAP-NET - Namecheap, Inc., US)"
mxa-00004003.gslb.pphosted.com,1,"AS22843 (PROOFPOINT-ASN-US-EAST - Proofpoint, Inc., US)"
websitedesignjb.com,1,"AS45668 (AIMS-MY-NET AIMS Data Centre Sdn Bhd, MY)"
mx6.werrmai.com,1,
mail.wery-well.net,1,"AS16276 (OVH, FR)"
mail.wertaret.com,1,"AS14061 (DIGITALOCEAN-ASN - DigitalOcean, LLC, US)"
wells-org-uk.p10.spamhero.com,1,"AS13767 (DATABANK-DFW - DataBank Holdings, Ltd., US)"
mail.wesleytatibana.com,1,"AS19871 (NETWORK-SOLUTIONS-HOSTING - Network Solutions, LLC, US)"
mxb-00168f01.gslb.pphosted.com,1,"AS26211 (PROOFPOINT-ASN-US-WEST - Proofpoint, Inc., US)"
westernsouthern-com.mail.protection.outlook.com,1,"AS8075 (MICROSOFT-CORP-MSN-AS-BLOCK - Microsoft Corporation, US)"
westcomm-com.mail.protection.outlook.com,1,"AS8075 (MICROSOFT-CORP-MSN-AS-BLOCK - Microsoft Corporation, US)"
d347918a.ess.barracudanetworks.com,1,"AS16509 (AMAZON-02 - Amazon.com, Inc., US)"
a792931.mx.mailhop.org,1,"AS16509 (AMAZON-02 - Amazon.com, Inc., US)"
wetrade-com.mail.protection.outlook.com,1,"AS8075 (MICROSOFT-CORP-MSN-AS-BLOCK - Microsoft Corporation, US)"
mail.wfought0o.com,1,"AS47583 (AS-HOSTINGER, CY)"
remote2.wezel.info,1,"AS24940 (HETZNER-AS, DE)"
ouchkat.wanadoo.ma,1,"AS36884 (MAROCCONNECT, MA)"
ouchkat.inwi.ma,1,"AS36884 (MAROCCONNECT, MA)"
wgiguestsl-com.mail.protection.outlook.com,1,"AS8075 (MICROSOFT-CORP-MSN-AS-BLOCK - Microsoft Corporation, US)"
_dc-mx.e41905a3f99f.whaaaaaaaaaat.com,1,"AS20473 (AS-VULTR - The Constant Company, LLC, US)"
postmaster.whanuvur.com,1,"AS14061 (DIGITALOCEAN-ASN - DigitalOcean, LLC, US)"
livenet-pl.mail.protection.outlook.com,1,"AS8075 (MICROSOFT-CORP-MSN-AS-BLOCK - Microsoft Corporation, US)"
mx.whc.com,1,"AS29873 (BIZLAND-SD - Newfold Digital, Inc., US)"
whiskeynotes-com.mail.protection.outlook.com,1,
white-bit.com,1,"AS17378 (AS17378 - TierPoint, LLC, US)"
_dc-mx.e81181312abd.whitelbit.com,1,"AS24940 (HETZNER-AS, DE)"
mail.wetwall.ru,1,"AS21100 (ITLDC-EU, US)"
mail-1.whltebit.com,1,
mail.wett.ru,1,"AS50340 (SELECTEL-MSK, RU)"
mail.bonniergaming.com,1,"AS16509 (AMAZON-02 - Amazon.com, Inc., US)"
mail.wholemotionfitness.com,1,"AS22612 (NAMECHEAP-NET - Namecheap, Inc., US)"
whooshhub-com.mail.protection.outlook.com,1,
wholelifehomecarellc-com.mail.protection.outlook.com,1,"AS8075 (MICROSOFT-CORP-MSN-AS-BLOCK - Microsoft Corporation, US)"
whyhealth-life.mail.protection.outlook.com,1,"AS8075 (MICROSOFT-CORP-MSN-AS-BLOCK - Microsoft Corporation, US)"
mail.whydoihaveacne.com,1,"AS23352 (SERVERCENTRAL - DEFT.COM, US)"
smtp.whyspam.me,1,"AS36236 (NETACTUATE - NetActuate, Inc, US)"
dvi08.vas-server.cz,1,"AS39392 (SUPERNETWORK _, CZ)"
_dc-mx.3a90f7ad2a54.wifespictures.com,1,"AS51167 (CONTABO, DE)"
wikiacne.com,1,"AS14061 (DIGITALOCEAN-ASN - DigitalOcean, LLC, US)"
whoox.com,1,"AS24940 (HETZNER-AS, DE)"
mail.wifwise.com,1,"AS14061 (DIGITALOCEAN-ASN - DigitalOcean, LLC, US)"
mail.wikizs.com,1,"AS14061 (DIGITALOCEAN-ASN - DigitalOcean, LLC, US)"
wifiit-at01b.mail.protection.outlook.com,1,"AS8075 (MICROSOFT-CORP-MSN-AS-BLOCK - Microsoft Corporation, US)"
_dc-mx.c288f43346f6.wikipedia.org.mx,1,"AS19318 (IS-AS-1 - Interserver, Inc, US)"
mail.wildbmail.com,1,"AS12586 (ASGHOSTNET, DE)"
mx.wildblue.net,1,
mail.wideray.ru,1,"AS21100 (ITLDC-EU, US)"
mxa-00256401.gslb.pphosted.com,1,"AS22843 (PROOFPOINT-ASN-US-EAST - Proofpoint, Inc., US)"
wiltors.com,1,"AS19871 (NETWORK-SOLUTIONS-HOSTING - Network Solutions, LLC, US)"
mx1.hostinger.ru,1,"AS13335 (CLOUDFLARENET - Cloudflare, Inc., US)"
im2.imail-server.net,1,"AS50926 (AXARNET-AS, ES)"
mail.wildcardonlinepoker.com,1,"AS36352 (AS-COLOCROSSING - HostPapa, US)"
windowsmanageddedicatedserver.com,1,"AS32244 (LIQUIDWEB - Liquid Web, L.L.C, US)"
ezmail.winemakerscorner.com,1,
mail.windt.org,1,"AS206281 (AS-ZXCS, NL)"
mxa-00111301.gslb.pphosted.com,1,"AS22843 (PROOFPOINT-ASN-US-EAST - Proofpoint, Inc., US)"
mail.winocs.com,1,"AS14061 (DIGITALOCEAN-ASN - DigitalOcean, LLC, US)"
node156.myfcloudsg.com,1,"AS63949 (AKAMAI-LINODE-AP Akamai Connected Cloud, SG)"
mx01.dichvuhost.vn,1,"AS149161 (MEGA-VN MEGA TECHNOLOGY COMPANY LIMITED, VN)"
winsbet88.org,1,"AS396356 (LATITUDE-SH - Latitude.sh, US)"
mail.winzipsystemtools.com,1,"AS46606 (UNIFIEDLAYER-AS-1 - Unified Layer, US)"
win4d.online,1,"AS26496 (AS-26496-GO-DADDY-COM-LLC - GoDaddy.com, LLC, US)"
mail.wirlwide.com,1,"AS46606 (UNIFIEDLAYER-AS-1 - Unified Layer, US)"
mail.winplay303.com,1,"AS21859 (ZEN-ECN - Zenlayer Inc, US)"
webmail.witusp.com,1,"AS16276 (OVH, FR)"
wizseoservicesaustralia.com,1,"AS20473 (AS-VULTR - The Constant Company, LLC, US)"
winslot97.net,1,"AS31898 (ORACLE-BMC-31898 - Oracle Corporation, US)"
mail.wemail.pics,1,"AS132203 (TENCENT-NET-AP-CN Tencent Building, Kejizhongyi Avenue, CN)"
mail.wla9c4em.com,1,"AS47583 (AS-HOSTINGER, CY)"
mx2.pub.mailpod14-cph3.one.com,1,"AS51468 (ONECOM, DK)"
mail1.wlist.ro,1,"AS44418 (BITDEFENDER-AS, RO)"
mail.wiz.net.id,1,"AS138839 (AIL-AS-ID PT Adidaya Infocom Lestari, ID)"
_dc-mx.70c2e1c1c6af.wmlog.ru,1,"AS197695 (AS-REG, RU)"
mx1.wmaill.site,1,"AS200107 (KL-EXT, CH)"
wmlorgana.com,1,"AS47583 (AS-HOSTINGER, CY)"
mail.wnbaldwy.com,1,"AS24940 (HETZNER-AS, DE)"
mail.wokcy.com,1,"AS47583 (AS-HOSTINGER, CY)"
_dc-mx.9ad9a06644b4.woeemail.com,1,"AS51167 (CONTABO, DE)"
mx7.wokday.com,1,"AS27257 (WEBAIR-INTERNET - Webair Internet Development Company Inc., US)"
mail.wollito.com,1,"AS34282 (UKNOC-AS, GB)"
mx2.wonderfish-recipe2.com,1,"AS24940 (HETZNER-AS, DE)"
mail.whitebat.com,1,"AS46606 (UNIFIEDLAYER-AS-1 - Unified Layer, US)"
mail.wootap.me,1,"AS47583 (AS-HOSTINGER, CY)"
workclay-com.mail.protection.outlook.com,1,
mail1.wop.ro,1,"AS44418 (BITDEFENDER-AS, RO)"
mail.wordspacemail.com,1,"AS24940 (HETZNER-AS, DE)"
workbay-com.mail.protection.outlook.com,1,"AS8075 (MICROSOFT-CORP-MSN-AS-BLOCK - Microsoft Corporation, US)"
woofidog.fr.nf,1,"AS16276 (OVH, FR)"
mxa-001ee601.gslb.pphosted.com,1,"AS26211 (PROOFPOINT-ASN-US-WEST - Proofpoint, Inc., US)"
mail.vtshosting21.co.uk,1,"AS33083 (AXCELX-NET - AxcelX Technologies LLC, US)"
d268381a.ess.barracudanetworks.com,1,"AS16509 (AMAZON-02 - Amazon.com, Inc., US)"
workirotech-com01i.mail.protection.outlook.com,1,"AS8075 (MICROSOFT-CORP-MSN-AS-BLOCK - Microsoft Corporation, US)"
mx.worldatnet.com,1,"AS29873 (BIZLAND-SD - Newfold Digital, Inc., US)"
workmanservices.com.pk,1,"AS51167 (CONTABO, DE)"
worldstrides-com-au.mail.protection.outlook.com,1,"AS8075 (MICROSOFT-CORP-MSN-AS-BLOCK - Microsoft Corporation, US)"
mail.womclub.su,1,"AS29182 (RU-JSCIOT, RU)"
worldstrides-org.mail.protection.outlook.com,1,"AS8075 (MICROSOFT-CORP-MSN-AS-BLOCK - Microsoft Corporation, US)"
world-at-war.ru,1,"AS204601 (PODAON, NL)"
mx-domain.worryion.com,1,"AS14061 (DIGITALOCEAN-ASN - DigitalOcean, LLC, US)"
mail.worshmail.ru,1,"AS12586 (ASGHOSTNET, DE)"
worldgamehit.com,1,"AS25369 (BANDWIDTH-AS, GB)"
mail.wowauctionguide.com,1,"AS24940 (HETZNER-AS, DE)"
mx6.wow-hack.com,1,
mail.wowhackgold.com,1,"AS24940 (HETZNER-AS, DE)"
wp.company,1,"AS32475 (SINGLEHOP-LLC - Internap Holding LLC, US)"
mail.wp2romantic.com,1,"AS47583 (AS-HOSTINGER, CY)"
mail.wpgotten.com,1,"AS47583 (AS-HOSTINGER, CY)"
mx3.emailowl.com,1,"AS14061 (DIGITALOCEAN-ASN - DigitalOcean, LLC, US)"
mail.wowhowmy.com.pl,1,"AS50599 (Autonomous System for Dataspace P.S.A., PL)"
whodj-com.mail.protection.outlook.com,1,"AS8075 (MICROSOFT-CORP-MSN-AS-BLOCK - Microsoft Corporation, US)"
mail.wrightgrid.com,1,"AS210250 (WPX, BG)"
bslmsn.writingpaperforme.com,1,"AS209605 (HOSTBALTIC, LT)"
writersefx.com,1,"AS47583 (AS-HOSTINGER, CY)"
mail.writersarticles.be,1,"AS8075 (MICROSOFT-CORP-MSN-AS-BLOCK - Microsoft Corporation, US)"
mail.wnum.com,1,"AS134764 (CT-FOSHAN-IDC CHINANET Guangdong province network, CN)"
a735869.mx.mailhop.org,1,"AS16509 (AMAZON-02 - Amazon.com, Inc., US)"
wstc-info.mail.protection.outlook.com,1,"AS8075 (MICROSOFT-CORP-MSN-AS-BLOCK - Microsoft Corporation, US)"
wstatestreet-com.mail.protection.outlook.com,1,"AS8075 (MICROSOFT-CORP-MSN-AS-BLOCK - Microsoft Corporation, US)"
p.wtwtt.com,1,"AS401696 (COGNETCLOUD - cognetcloud INC, US)"
wto-com.mail.protection.outlook.com,1,"AS8075 (MICROSOFT-CORP-MSN-AS-BLOCK - Microsoft Corporation, US)"
mail1.wupics.com,1,"AS44418 (BITDEFENDER-AS, RO)"
mail.wuthering.cc,1,"AS45102 (ALIBABA-CN-NET Alibaba US Technology Co., Ltd., CN)"
qsinb.wondtuce.com,1,"AS14061 (DIGITALOCEAN-ASN - DigitalOcean, LLC, US)"
wugne.com,1,"AS63949 (AKAMAI-LINODE-AP Akamai Connected Cloud, SG)"
www129.your-server.de,1,"AS24940 (HETZNER-AS, DE)"
webmail.wo.tc,1,"AS16276 (OVH, FR)"
wvku.com,1,"AS16276 (OVH, FR)"
wwtake.com,1,"AS7506 (INTERQ GMO Internet Group, Inc., JP)"
_dc-mx.bf3dfb414ad8.worldlylife.store,1,"AS395092 (SHOCK-1 - Shock Hosting LLC, US)"
worldtempmail.com,1,"AS47583 (AS-HOSTINGER, CY)"
mail1.wwwnew.de,1,"AS44418 (BITDEFENDER-AS, RO)"
wxcv.fr.nf,1,"AS16276 (OVH, FR)"
mail.www96.ru,1,"AS198068 (PAGM-AS, EE)"
mail1.wwwnew.eu,1,"AS44418 (BITDEFENDER-AS, RO)"
mail.wywnxa.com,1,"AS37963 (ALIBABA-CN-NET Hangzhou Alibaba Advertising Co.,Ltd., CN)"
x-noms.com,1,"AS34931 (AWARESOFT, GB)"
_dc-mx.ed965cdf6e59.whoelsewantstoliveinmyhouse.com,1,"AS22612 (NAMECHEAP-NET - Namecheap, Inc., US)"
mail.x5a9m8ugq.com,1,"AS47583 (AS-HOSTINGER, CY)"
mail.x8h8x941l.com,1,"AS47583 (AS-HOSTINGER, CY)"
mail-fake.com,1,"AS30886 (KOMITEX-AS, UA)"
landing.hostever.com,1,"AS140068 (CFHIL-AS-AP Code For Host Inc Ltd, BD)"
mail.xadoll.com,1,"AS14061 (DIGITALOCEAN-ASN - DigitalOcean, LLC, US)"
mail.xandoria.cfd,1,"AS203446 (AS203446, GB)"
w005749f.kasserver.com,1,"AS34788 (NMM-AS D - 02742 Friedersdorf Hauptstrasse 68, DE)"
mail.wrigglejo.ru,1,"AS12586 (ASGHOSTNET, DE)"
mail.x777.icu,1,
xap-com.mail.protection.outlook.com,1,"AS8075 (MICROSOFT-CORP-MSN-AS-BLOCK - Microsoft Corporation, US)"
mail.xbpantibody.com,1,"AS47583 (AS-HOSTINGER, CY)"
xboxlivegenerator.xyz,1,"AS20068 (HAWKHOST - Hawk Host Inc., CA)"
xcpy-com.mail.protection.outlook.com,1,"AS8075 (MICROSOFT-CORP-MSN-AS-BLOCK - Microsoft Corporation, US)"
mail.wukonggame.cc,1,"AS45102 (ALIBABA-CN-NET Alibaba US Technology Co., Ltd., CN)"
mail.xdsedr.tech,1,"AS47583 (AS-HOSTINGER, CY)"
mail.xelu.space,1,"AS203446 (AS203446, GB)"
mx0.xeduh.com,1,"AS36352 (AS-COLOCROSSING - HostPapa, US)"
mail.xek.me,1,"AS6849 (UKRTELNET, UA)"
mail.xenloria.cfd,1,"AS203446 (AS203446, GB)"
mail.thegrowpedia.com,1,"AS51167 (CONTABO, DE)"
wurkday.com,1,"AS204800 (WHG-SGP, GB)"
mail.xenicalprime.com,1,"AS15456 (INTERNETX-AS, DE)"
mail.xeno.gay,1,"AS203446 (AS203446, GB)"
mail.xenopool.cfd,1,"AS24940 (HETZNER-AS, DE)"
mail.xenodiagnruby.ru,1,"AS12586 (ASGHOSTNET, DE)"
mail.xenaml.ru,1,"AS12586 (ASGHOSTNET, DE)"
celedon-com.p10.spamhero.com,1,"AS13354 (ZC38-AS1 - zColo, US)"
mail.wwc8.com,1,"AS14061 (DIGITALOCEAN-ASN - DigitalOcean, LLC, US)"
mail.xgmailoo.com,1,"AS47583 (AS-HOSTINGER, CY)"
mail.xftmail.com,1,"AS47583 (AS-HOSTINGER, CY)"
mail.xenophtmail.ru,1,"AS12586 (ASGHOSTNET, DE)"
mail.wwvmail.com,1,"AS12586 (ASGHOSTNET, DE)"
mail.xdfav.com,1,"AS29182 (RU-JSCIOT, RU)"
mail.xidealx.com,1,"AS14061 (DIGITALOCEAN-ASN - DigitalOcean, LLC, US)"
mail.ximenor.site,1,"AS40021 (CONTABO-40021 - Contabo Inc., US)"
xinn.edu.pl,1,"AS24940 (HETZNER-AS, DE)"
mail.xilor.com,1,"AS5048 (FIBER - FIBERNET Corp., US)"
mail.xirentha.cfd,1,"AS203446 (AS203446, GB)"
mail.xinfi.com.pl,1,"AS16276 (OVH, FR)"
xiti-com.mail.eo.outlook.com,1,"AS8075 (MICROSOFT-CORP-MSN-AS-BLOCK - Microsoft Corporation, US)"
mail.xiphihumefml.ru,1,"AS12586 (ASGHOSTNET, DE)"
mail.xitro.cfd,1,"AS24940 (HETZNER-AS, DE)"
mail.xjltaxesiw.com,1,"AS47583 (AS-HOSTINGER, CY)"
mail.xlcool.com,1,"AS14061 (DIGITALOCEAN-ASN - DigitalOcean, LLC, US)"
xmail.com,1,"AS24940 (HETZNER-AS, DE)"
app.shroud.email,1,"AS24940 (HETZNER-AS, DE)"
mail.xmailg.one,1,"AS24940 (HETZNER-AS, DE)"
mail.x0q.net,1,"AS44486 (SYNLINQ synlinq.de, DE)"
mail.x1x22716.com,1,"AS47583 (AS-HOSTINGER, CY)"
mail.xmailtm.com,1,"AS14061 (DIGITALOCEAN-ASN - DigitalOcean, LLC, US)"
xmailer.be,1,"AS7506 (INTERQ GMO Internet Group, Inc., JP)"
mysrv.kozow.com,1,"AS39927 (ELIGHT-AS, RU)"
mail.xkxkud.com,1,"AS24940 (HETZNER-AS, DE)"
mx.xlxe.pl,1,"AS14061 (DIGITALOCEAN-ASN - DigitalOcean, LLC, US)"
mail.xn--ad-o1a.com,1,"AS26496 (AS-26496-GO-DADDY-COM-LLC - GoDaddy.com, LLC, US)"
x5-com.mail.protection.outlook.com,1,"AS8075 (MICROSOFT-CORP-MSN-AS-BLOCK - Microsoft Corporation, US)"
xmail.edu.pl,1,"AS16276 (OVH, FR)"
mail.xn--anthm-8cc.com,1,"AS63949 (AKAMAI-LINODE-AP Akamai Connected Cloud, SG)"
mail.x6-bmw.biz.ua,1,"AS24940 (HETZNER-AS, DE)"
mail13.netbeat.de,1,"AS25504 (CRONON-AS Obermuensterstr. 9, DE)"
w00b3e60.kasserver.com,1,"AS34788 (NMM-AS D - 02742 Friedersdorf Hauptstrasse 68, DE)"
mail.xn--atomicwllet-e7a.io,1,"AS44051 (FORNEX-AS, ES)"
xndatabrick82b-com0m2c.mail.protection.outlook.com,1,
mail.xelo.pro,1,"AS12389 (ROSTELECOM-AS PJSC Rostelecom. Technical Team, RU)"
xd-solutions.com,1,"AS270179 (PC ONLINE, MX)"
xnetas4y-com0mi.mail.protection.outlook.com,1,"AS8075 (MICROSOFT-CORP-MSN-AS-BLOCK - Microsoft Corporation, US)"
mx.xn--gail-5c5a.com,1,
mail.xn--gmal-xw5a.com,1,"AS48314 (IP-PROJECTS, DE)"
xngmirla56b-com0mi.mail.protection.outlook.com,1,
mail.xn--gmil-1sa.com,1,"AS16276 (OVH, FR)"
xngmilmoa-com0m1b.mail.protection.outlook.com,1,"AS8075 (MICROSOFT-CORP-MSN-AS-BLOCK - Microsoft Corporation, US)"
xn--gml-rla9c.com,1,"AS20857 (TRANSIP-AS Amsterdam, the Netherlands, NL)"
xngoglef91b-com0m1c.mail.protection.outlook.com,1,
xngmljla4d-com0mi.mail.protection.outlook.com,1,"AS8075 (MICROSOFT-CORP-MSN-AS-BLOCK - Microsoft Corporation, US)"
xn--etor-oqa.com,1,"AS51191 (XIRRA, DE)"
mx0.zoy.org,1,"AS34019 (HIVANE, FR)"
mail.xenofon.gr,1,"AS34762 (COMBELL-AS, BE)"
athena.hosts.co.uk,1,"AS8622 (ISIONUK Team Blue Internet Services UK Ltd, GB)"
mail.xn--gml-rla9b.com,1,"AS24940 (HETZNER-AS, DE)"
xn--googl-lsa.com,1,"AS397423 (TIER-NET - Tier.Net Technologies LLC, US)"
_dc-mx.8a08eac41335.xn--ida.online,1,"AS42831 (UKSERVERS-AS UK Dedicated Servers, Hosting and Co-Location, GB)"
mail.xn--gmi-jpa02a.com,1,"AS35745 (PROVECTOR-AS, PL)"
xnkaiserpermanntek9b-org0m3i.mail.protection.outlook.com,1,"AS8075 (MICROSOFT-CORP-MSN-AS-BLOCK - Microsoft Corporation, US)"
xnlbanj0a-com0m1b.mail.protection.outlook.com,1,"AS8075 (MICROSOFT-CORP-MSN-AS-BLOCK - Microsoft Corporation, US)"
mail.xn--guada-lp1b.com,1,"AS200220 (SERVINGA-ES, DE)"
mail.xn--gurda-yqa.com,1,"AS62904 (AS62904 - Eonix Corporation, US)"
mail.xn--mcrosoft-sud.com,1,"AS16509 (AMAZON-02 - Amazon.com, Inc., US)"
xnmcrosoftpqc-com0m2b.mail.protection.outlook.com,1,
mail.xn--mcrosoft-tkb.com,1,"AS197540 (NETCUP-AS netcup GmbH, DE)"
xn--mal-gsa6g.com,1,"AS16276 (OVH, FR)"
mx.xn--micrsoft-p3a.com.cust.a.hostedemail.com,1,"AS15348 (TUCOWS - Tucows.com Co., CA)"
mail.xn--micosof-emd9545d.com,1,"AS35985 (ONERINGNET-ATL-1 - One Ring Networks, Inc., US)"
xn--mil-qla7z.com,1,"AS14670 (WHG-USE1, GB)"
mail.xn--netflx-m8a.com,1,"AS51167 (CONTABO, DE)"
mail.xn--mta-bma.com,1,"AS53589 (PLANETHOSTER-8 - PlanetHoster, CA)"
w01c6d56.kasserver.com,1,"AS34788 (NMM-AS D - 02742 Friedersdorf Hauptstrasse 68, DE)"
xnprogressver8a-com0m2e.mail.protection.outlook.com,1,
xnpayplpra-com0m1c.mail.protection.outlook.com,1,"AS8075 (MICROSOFT-CORP-MSN-AS-BLOCK - Microsoft Corporation, US)"
mail.xn--micrsoft-q4a.com,1,"AS213250 (ITP-SOLUTIONS, DE)"
xntngenmra-com0m1c.mail.protection.outlook.com,1,"AS8075 (MICROSOFT-CORP-MSN-AS-BLOCK - Microsoft Corporation, US)"
mail.xost.us,1,"AS47583 (AS-HOSTINGER, CY)"
mail.xormail.org,1,"AS24940 (HETZNER-AS, DE)"
mail.xoxo3.website,1,"AS203446 (AS203446, GB)"
xpert-tech.mail.protection.outlook.com,1,
mail1.xpasystems.com,1,"AS6364 (ATLANTIC-NET-1 - Atlantic.net, Inc., US)"
xpathmail.com,1,"AS16276 (OVH, FR)"
host.i-camz.com,1,"AS13335 (CLOUDFLARENET - Cloudflare, Inc., US)"
mail.xredb.com,1,"AS14061 (DIGITALOCEAN-ASN - DigitalOcean, LLC, US)"
mail.pototskyy.net,1,"AS24940 (HETZNER-AS, DE)"
mx.emaill.top,1,"AS210329 (CLOUDWEBMANAGE-UK-1, US)"
mailgate.xnc.de,1,"AS12579 (Internet-Service-Provider, DE)"
xsend.org,1,"AS7506 (INTERQ GMO Internet Group, Inc., JP)"
_dc-mx.1228cfe82d8e.xsmega645.com,1,"AS151858 (INTERDIGI-VN INTERDIGI JOINT STOCK COMPANY, VN)"
mail.xn--rncrosoft-64a.com,1,
mail.xpresiku.com,1,"AS20473 (AS-VULTR - The Constant Company, LLC, US)"
mail.xtoysphil.com,1,"AS400754 (GO-DADDY-COM-LLC - GoDaddy.com, LLC, US)"
xto-com.mail.protection.outlook.com,1,"AS8075 (MICROSOFT-CORP-MSN-AS-BLOCK - Microsoft Corporation, US)"
xte-com.mail.protection.outlook.com,1,"AS8075 (MICROSOFT-CORP-MSN-AS-BLOCK - Microsoft Corporation, US)"
xtl-com.mail.protection.outlook.com,1,"AS8075 (MICROSOFT-CORP-MSN-AS-BLOCK - Microsoft Corporation, US)"
mx1.sydneycatholic.org,1,
mx1.hk.aliyun.com,1,"AS45102 (ALIBABA-CN-NET Alibaba US Technology Co., Ltd., CN)"
mail.xtsserv.com,1,"AS47583 (AS-HOSTINGER, CY)"
mail.xtranslator.ru,1,"AS60404 (LITESERVER, NL)"
mail.xv9u9m.com,1,"AS47583 (AS-HOSTINGER, CY)"
mail.xv.com,1,"AS398101 (GO-DADDY-COM-LLC - GoDaddy.com, LLC, US)"
xwkqguild.com,1,"AS47583 (AS-HOSTINGER, CY)"
xn--gma-lua9d.com,1,"AS16276 (OVH, FR)"
mail0001.xwanadoo.fr,1,"AS24940 (HETZNER-AS, DE)"
mail.xxxhi.cc,1,"AS45102 (ALIBABA-CN-NET Alibaba US Technology Co., Ltd., CN)"
mail.xn--guada-src.com,1,"AS44051 (FORNEX-AS, ES)"
mail.xylanta.cfd,1,"AS203446 (AS203446, GB)"
xxxn.fun,1,"AS50245 (SERVEREL-AS, US)"
s1.ct8.pl,1,"AS24940 (HETZNER-AS, DE)"
xxx.com,1,"AS46652 (SERVERSTACK-ASN - DigitalOcean, LLC, US)"
xxl.st,1,"AS16276 (OVH, FR)"
mail.xzcameras.com,1,"AS47583 (AS-HOSTINGER, CY)"
mail.yaaoho.com,1,"AS51167 (CONTABO, DE)"
wooden.doorknob.biz,1,"AS24940 (HETZNER-AS, DE)"
mail.ya-doctor.ru,1,"AS210079 (EUROBYTE, RU)"
mta6.am0.yahoodns.net,1,"AS36647 (YAHOO-GQ1 - Yahoo Holdings Inc., US)"
mx1.mail.eu.yahoo.com,1,"AS34010 (YAHOO-IRD, GB)"
mail.connection.fr,1,"AS15557 (LDCOMNET --- I3Dnet ---, FR)"
mail.yalexonyegues.com,1,"AS51167 (CONTABO, DE)"
mail.yahooo.com.mx,1,"AS3842 (RAMNODE - InMotion Hosting, Inc., US)"
yahooz.xxl.st,1,"AS16276 (OVH, FR)"
mail.yakelu.com,1,"AS14061 (DIGITALOCEAN-ASN - DigitalOcean, LLC, US)"
mail.uoom.us,1,
uorak.com,1,"AS14618 (AMAZON-AES - Amazon.com, Inc., US)"
mail.unwormalu.ru,1,"AS12586 (ASGHOSTNET, DE)"
yaloo.fr.nf,1,"AS16276 (OVH, FR)"
mail.up.agp.edu.pl,1,"AS16276 (OVH, FR)"
yamanashi.com,1,"AS131965 (XSERVER Xserver Inc., JP)"
mail.yaqp.com,1,"AS20473 (AS-VULTR - The Constant Company, LLC, US)"
yap-com.mail.protection.outlook.com,1,"AS8075 (MICROSOFT-CORP-MSN-AS-BLOCK - Microsoft Corporation, US)"
upc.infos.st,1,"AS16276 (OVH, FR)"
mail.uphol.com,1,"AS19871 (NETWORK-SOLUTIONS-HOSTING - Network Solutions, LLC, US)"
upholdu-com.mail.protection.outlook.com,1,"AS8075 (MICROSOFT-CORP-MSN-AS-BLOCK - Microsoft Corporation, US)"
mail.yaniz.net,1,"AS7922 (COMCAST-7922 - Comcast Cable Communications, LLC, US)"
upholt-com.mail.protection.outlook.com,1,"AS8075 (MICROSOFT-CORP-MSN-AS-BLOCK - Microsoft Corporation, US)"
mail.upmail.pro,1,"AS197540 (NETCUP-AS netcup GmbH, DE)"
uphols.com,1,"AS131965 (XSERVER Xserver Inc., JP)"
xtenmail.com,1,"AS213702 (QWINS-LTD QWINS AS-SET: ~ # AS213702:AS-CUSTOMERS, GB)"
mail.upliftermail.com,1,"AS12586 (ASGHOSTNET, DE)"
mxin2-upcmail-ie.edge.unified.services,1,"AS6830 (LIBERTYGLOBAL Liberty Global formerly UPC Broadband Holding, aka AORTA, NL)"
mail.ybananaulx.com,1,"AS47583 (AS-HOSTINGER, CY)"
474607876.pamx1.hotmail.com,1,"AS8075 (MICROSOFT-CORP-MSN-AS-BLOCK - Microsoft Corporation, US)"
yashdigital.email,1,"AS199695 (ANYM-NET, ID)"
mail.upstate.dev,1,"AS63410 (PRIVATESYSTEMS - PrivateSystems Networks, US)"
mail.yap.com.au,1,"AS45638 (SYNERGYWHOLESALE-AP SYNERGY WHOLESALE PTY LTD, AU)"
_dc-mx.57cc43fdc511.yddigitalservice.com,1,"AS26496 (AS-26496-GO-DADDY-COM-LLC - GoDaddy.com, LLC, US)"
mx.ycykly.com,1,"AS14061 (DIGITALOCEAN-ASN - DigitalOcean, LLC, US)"
xn--pypl-5nau.com,1,
mail.ydeclinegv.com,1,"AS47583 (AS-HOSTINGER, CY)"
ybbmx1.mail.yahoo.co.jp,1,"AS24572 (YAHOO-JP-AS-AP Yahoo Japan, JP)"
yd-com.mail.protection.outlook.com,1,"AS8075 (MICROSOFT-CORP-MSN-AS-BLOCK - Microsoft Corporation, US)"
kingmailer.org,1,"AS14061 (DIGITALOCEAN-ASN - DigitalOcean, LLC, US)"
mail.uranmails.ru,1,"AS12586 (ASGHOSTNET, DE)"
mail.uranosc.ru,1,"AS12586 (ASGHOSTNET, DE)"
mail.uranostaphmail.com,1,"AS12586 (ASGHOSTNET, DE)"
mail21.mymailcheap.com,1,"AS16276 (OVH, FR)"
mail.urbanmail.ru,1,"AS12586 (ASGHOSTNET, DE)"
yedi-org.mail.protection.outlook.com,1,"AS8075 (MICROSOFT-CORP-MSN-AS-BLOCK - Microsoft Corporation, US)"
mail.urbismail.com,1,"AS32613 (IWEB-AS - Leaseweb Canada Inc., CA)"
mail.ureterogmail.ru,1,"AS12586 (ASGHOSTNET, DE)"
mail.urethromail.ru,1,"AS12586 (ASGHOSTNET, DE)"
mail.uretersmail.ru,1,"AS12586 (ASGHOSTNET, DE)"
uretemail.com,1,"AS213702 (QWINS-LTD QWINS AS-SET: ~ # AS213702:AS-CUSTOMERS, GB)"
mail.uretercystmail.ru,1,"AS12586 (ASGHOSTNET, DE)"
_dc-mx.caba5cd90f6d.urlme.online,1,"AS20068 (HAWKHOST - Hawk Host Inc., CA)"
mail.ureterorromail.com,1,"AS12586 (ASGHOSTNET, DE)"
mail.ureteromail.com,1,"AS12586 (ASGHOSTNET, DE)"
mail.uricodomail.com,1,"AS12586 (ASGHOSTNET, DE)"
_dc-mx.c968fd49d43b.yenge.net,1,"AS200223 (ETHERON, NL)"
mail.urobilmail.ru,1,"AS12586 (ASGHOSTNET, DE)"
mail.urtitomail.com,1,"AS12586 (ASGHOSTNET, DE)"
mail.urules.ru,1,"AS211642 (ADMINVPS, RU)"
mail.yep.it,1,"AS60087 (ASSUPERNOVA, IT)"
mail.yesterevfml.com,1,"AS12586 (ASGHOSTNET, DE)"
unum2-com.mail.protection.outlook.com,1,
urwifi.guru,1,"AS29757 (WEBLINE19 - Webline Services Inc, US)"
w0157741.kasserver.com,1,"AS34788 (NMM-AS D - 02742 Friedersdorf Hauptstrasse 68, DE)"
unumx-com.mail.protection.outlook.com,1,"AS8075 (MICROSOFT-CORP-MSN-AS-BLOCK - Microsoft Corporation, US)"
mx.usa1.com.cust.b.hostedemail.com,1,"AS32491 (TUCOWS-3 - Tucows.com Co., CA)"
mail.urologcenter.ru,1,"AS29182 (RU-JSCIOT, RU)"
zooma.us,1,"AS32244 (LIQUIDWEB - Liquid Web, L.L.C, US)"
usaam-com.mail.protection.outlook.com,1,"AS8075 (MICROSOFT-CORP-MSN-AS-BLOCK - Microsoft Corporation, US)"
mail.usa.edu.pl,1,"AS24940 (HETZNER-AS, DE)"
mxa-0001ef04.gslb.pphosted.com,1,"AS26211 (PROOFPOINT-ASN-US-WEST - Proofpoint, Inc., US)"
mail.unscientifmail.ru,1,"AS12586 (ASGHOSTNET, DE)"
mail.unsatirsmail.ru,1,"AS12586 (ASGHOSTNET, DE)"
mail.unseasonaml.ru,1,"AS12586 (ASGHOSTNET, DE)"
mail.unsatmail.ru,1,"AS12586 (ASGHOSTNET, DE)"
mail.unsatisfix.com,1,"AS12586 (ASGHOSTNET, DE)"
mail.unsentimmalis.com,1,"AS12586 (ASGHOSTNET, DE)"
usach-com.mail.protection.outlook.com,1,"AS8075 (MICROSOFT-CORP-MSN-AS-BLOCK - Microsoft Corporation, US)"
mail.unspecimale.com,1,"AS12586 (ASGHOSTNET, DE)"
mail.unsystemamail.com,1,"AS12586 (ASGHOSTNET, DE)"
mx1.briteberri.net,1,"AS8075 (MICROSOFT-CORP-MSN-AS-BLOCK - Microsoft Corporation, US)"
mx-inx.unstonco.com,1,"AS14061 (DIGITALOCEAN-ASN - DigitalOcean, LLC, US)"
mail.unsubstanmails.ru,1,"AS12586 (ASGHOSTNET, DE)"
mail.unsympathemail.ru,1,"AS12586 (ASGHOSTNET, DE)"
usagica.com,1,"AS7506 (INTERQ GMO Internet Group, Inc., JP)"
mail2.g24.pair.com,1,"AS7859 (PAIR-NETWORKS - pair Networks, US)"
mail.unsysmails.ru,1,"AS12586 (ASGHOSTNET, DE)"
mail.usako.be,1,"AS8075 (MICROSOFT-CORP-MSN-AS-BLOCK - Microsoft Corporation, US)"
mail.untenmail.com,1,"AS12586 (ASGHOSTNET, DE)"
upimage.net,1,"AS42846 (GUZELHOSTING GNET INTERNET TELEKOMUNIKASYON A.S., TR)"
gsinult4.hostarmada.net,1,"AS59253 (LEASEWEB-APAC-SIN-11 LEASEWEB SINGAPORE PTE. LTD., SG)"
mail.untrr.ro,1,"AS16276 (OVH, FR)"
mail.untransmail.com,1,"AS12586 (ASGHOSTNET, DE)"
mx2-hosting.jellyfish.systems,1,"AS22612 (NAMECHEAP-NET - Namecheap, Inc., US)"
ms1.yhc.com.tw,1,"AS3462 (HINET Data Communication Business Group, TW)"
mail.usareplicawatch.com,1,"AS58791 (GMOOSK-NET GMO Internet Group, Inc., JP)"
usaza.com,1,"AS19871 (NETWORK-SOLUTIONS-HOSTING - Network Solutions, LLC, US)"
ygop.com,1,"AS201200 (SUPERHOSTING_AS, BG)"
yikulju.com,1,"AS57043 (HOSTKEY-AS, NL)"
mail.uphoid.com,1,"AS39287 (ABSTRACT, FI)"
mxa-00110801.gslb.pphosted.com,1,"AS52129 (PROOFPOINT-ASN-EU, US)"
uptimebee.com,1,"AS19318 (IS-AS-1 - Interserver, Inc, US)"
mail1.usbank.com,1,"AS3147 (US-BANCORP - U.S. BANCORP, US)"
uplandscc-com.mail.protection.outlook.com,1,"AS8075 (MICROSOFT-CORP-MSN-AS-BLOCK - Microsoft Corporation, US)"
mxb-00256501.gslb.pphosted.com,1,"AS26211 (PROOFPOINT-ASN-US-WEST - Proofpoint, Inc., US)"
_dc-mx.95078ae5bb81.yiqiconsult.com,1,"AS51167 (CONTABO, DE)"
_dc-mx.6c50c5adc789.yasdownload.ir,1,"AS24940 (HETZNER-AS, DE)"
d15381a.ess.barracudanetworks.com,1,"AS16509 (AMAZON-02 - Amazon.com, Inc., US)"
p.usduu.com,1,"AS401696 (COGNETCLOUD - cognetcloud INC, US)"
mail.3mail.info,1,"AS14061 (DIGITALOCEAN-ASN - DigitalOcean, LLC, US)"
tabak003.usdatapoint.com,1,"AS14061 (DIGITALOCEAN-ASN - DigitalOcean, LLC, US)"
mail.usefulab.com,1,"AS47583 (AS-HOSTINGER, CY)"
upple.com,1,"AS58791 (GMOOSK-NET GMO Internet Group, Inc., JP)"
mail.ying168.org,1,"AS154177 (LIGHT4-AS-AP LIGHT NODE LIMITED, HK)"
mail.use.carolinensielhafen.click,1,"AS51167 (CONTABO, DE)"
usbtoken.ro,1,"AS5606 (GTS-BACKBONE GTS Telecom, RO)"
usgbank-com.mail.protection.outlook.com,1,
mail.ycare.de,1,"AS24940 (HETZNER-AS, DE)"
mail.usgeek.org,1,"AS3842 (RAMNODE - InMotion Hosting, Inc., US)"
mail.usharingk.com,1,"AS47583 (AS-HOSTINGER, CY)"
yllw.us,1,"AS32475 (SINGLEHOP-LLC - Internap Holding LLC, US)"
usia-com.mail.protection.outlook.com,1,"AS8075 (MICROSOFT-CORP-MSN-AS-BLOCK - Microsoft Corporation, US)"
_dc-mx.6922a5c5658b.usm.ovh,1,"AS24940 (HETZNER-AS, DE)"
mta6.am0.ymeil.com,1,"AS19318 (IS-AS-1 - Interserver, Inc, US)"
mail.uspeakw.com,1,"AS47583 (AS-HOSTINGER, CY)"
mail.uralmaxx.ru,1,
mail.ustudentli.com,1,"AS47583 (AS-HOSTINGER, CY)"
mail.ymhis.com,1,"AS14061 (DIGITALOCEAN-ASN - DigitalOcean, LLC, US)"
mail.usufrmail.com,1,"AS12586 (ASGHOSTNET, DE)"
mail.usufrmails.ru,1,"AS12586 (ASGHOSTNET, DE)"
mail.ustilagimy.com,1,"AS12586 (ASGHOSTNET, DE)"
email.ymonthl.com,1,"AS14061 (DIGITALOCEAN-ASN - DigitalOcean, LLC, US)"
mail.ustilali.com,1,"AS12586 (ASGHOSTNET, DE)"
uqm-fi.mail.avaruus.net,1,"AS51311 (ASNS, FI)"
gate.usualion.com,1,"AS14061 (DIGITALOCEAN-ASN - DigitalOcean, LLC, US)"
mail.yodaat.com,1,"AS31898 (ORACLE-BMC-31898 - Oracle Corporation, US)"
mail.usedhospitalbeds.com,1,"AS29182 (RU-JSCIOT, RU)"
relay.steelweb.org,1,"AS7018 (ATT-INTERNET4 - AT&T Enterprises, LLC, US)"
mail.utemail.ru,1,"AS12586 (ASGHOSTNET, DE)"
mail.uterocesalo.ru,1,"AS12586 (ASGHOSTNET, DE)"
yeahmx01.mxmail.netease.com,1,"AS137263 (NETEASE-AS-AP NETEASE HONG KONG LIMITED, HK)"
w02014e8.kasserver.com,1,"AS34788 (NMM-AS D - 02742 Friedersdorf Hauptstrasse 68, DE)"
mail.utoo.email,1,"AS47583 (AS-HOSTINGER, CY)"
mail.uteromalu.ru,1,"AS12586 (ASGHOSTNET, DE)"
mail.uterfl.com,1,"AS12586 (ASGHOSTNET, DE)"
mx.utimail.com,1,"AS29873 (BIZLAND-SD - Newfold Digital, Inc., US)"
mail.utirsmail.ru,1,"AS12586 (ASGHOSTNET, DE)"
mail.utiliseremail.com,1,"AS12586 (ASGHOSTNET, DE)"
mail.ekspreso.net,1,"AS63949 (AKAMAI-LINODE-AP Akamai Connected Cloud, SG)"
mx2.us.opalstack.com,1,"AS7203 (LEASEWEB-USA-SFO - Leaseweb USA, Inc., US)"
mail.yone.site,1,
yodx.ro,1,"AS58247 (NETVEILLANCE, RO)"
_dc-mx.7ccbf0c60908.uuaoo.com,1,
mx1.ipax.at,1,"AS44133 (IPAX-AS, AT)"
mail.yondrix.cfd,1,"AS203446 (AS203446, GB)"
mx1.uukx.info,1,"AS200107 (KL-EXT, CH)"
mx1.yolomail.in.ua,1,"AS20473 (AS-VULTR - The Constant Company, LLC, US)"
mbox01-01.de.lttcs.com,1,"AS24940 (HETZNER-AS, DE)"
mail.utoro.com,1,"AS9370 (SAKURA-B SAKURA Internet Inc., JP)"
imap.ymail.net,1,"AS3786 (LGDACOM LG DACOM Corporation, KR)"
mail.yop.fr,1,AS4455 (BSO - IX Reach Ltd)
mail1.yopweb.com,1,"AS44418 (BITDEFENDER-AS, RO)"
omzsmtpe03.verizonbusiness.com,1,"AS3378 (MCI-ASN - Verizon Business, US)"
yoptruc.fr.nf,1,"AS16276 (OVH, FR)"
_dc-mx.034663e44e59.yorumsizin.com,1,"AS210388 (HAYALHOST, TR)"
mx.uvvc.info,1,"AS14061 (DIGITALOCEAN-ASN - DigitalOcean, LLC, US)"
mail.yopmail.pp.ua,1,"AS16276 (OVH, FR)"
mail.uxodus.com,1,
uxc-com.mail.protection.outlook.com,1,"AS8075 (MICROSOFT-CORP-MSN-AS-BLOCK - Microsoft Corporation, US)"
mail.youmails.online,1,"AS47583 (AS-HOSTINGER, CY)"
yotmail.fr.nf,1,"AS16276 (OVH, FR)"
mx.youpymail.com,1,"AS24940 (HETZNER-AS, DE)"
mail.uz6tgwk.com,1,"AS47583 (AS-HOSTINGER, CY)"
_dc-mx.bd038067bec8.youremaillist.com,1,"AS397423 (TIER-NET - Tier.Net Technologies LLC, US)"
mail.uygunboyaci.com,1,"AS49467 (EUROTA-ASN EUROTA INTERNET SERVICES LTD, TR)"
mail.your-temp-mail.info,1,"AS35916 (MULTA-ASN1 - MULTACOM CORPORATION, US)"
mail0001.v21net.co.uk,1,"AS24940 (HETZNER-AS, DE)"
mx.yourmail.online,1,"AS2119 (TELENOR-NEXTEL Telenor Norge AS, NO)"
mail.uppror.se,1,"AS206170 (INLEED, SE)"
mx1.yourfreemailbox.co,1,"AS200107 (KL-EXT, CH)"
gwmail.ktbizoffice.com,1,"AS4766 (KIXS-AS-KR Korea Telecom, KR)"
mail.yours.tools,1,"AS55990 (HWCSNET Huawei Cloud Service data center, CN)"
mail.vaelix.cfd,1,"AS24940 (HETZNER-AS, DE)"
mail.v-kv.com,1,"AS29182 (RU-JSCIOT, RU)"
youvegotgeekonyou.com,1,"AS40279 (FORESTRACKS - ForestRacks, US)"
mail.vaginoml.ru,1,"AS12586 (ASGHOSTNET, DE)"
mail.vaginomail.com,1,"AS12586 (ASGHOSTNET, DE)"
mail.vaginmails.ru,1,"AS12586 (ASGHOSTNET, DE)"
ypbit-com.mail.protection.outlook.com,1,"AS8075 (MICROSOFT-CORP-MSN-AS-BLOCK - Microsoft Corporation, US)"
vait-se0e.mail.protection.outlook.com,1,"AS8075 (MICROSOFT-CORP-MSN-AS-BLOCK - Microsoft Corporation, US)"
mail.vaginomsalo.ru,1,"AS12586 (ASGHOSTNET, DE)"
mail.ysimo.com,1,"AS214986 (ASNERI1, ES)"
mail.valedictolml.ru,1,"AS12586 (ASGHOSTNET, DE)"
mail.valersmail.ru,1,"AS12586 (ASGHOSTNET, DE)"
ustemp.us,1,"AS24961 (MYLOC-AS IP Backbone of WIIT AG formerly myLoc managed IT AG, DE)"
mail.valeriantomail.com,1,"AS12586 (ASGHOSTNET, DE)"
mail.valetufmk.com,1,"AS12586 (ASGHOSTNET, DE)"
mxb-00514c01.gslb.pphosted.com,1,"AS52129 (PROOFPOINT-ASN-EU, US)"
mx20.antispam.mailspamprotection.com,1,"AS396982 (GOOGLE-CLOUD-PLATFORM - Google LLC, US)"
valenciabackpackers.com,1,"AS60494 (UNELINK, ES)"
mail.valuenu.com,1,"AS47583 (AS-HOSTINGER, CY)"
yrezor.io,1,"AS200514 (KNOWNSRV, GB)"
valtrexsbl.site,1,"AS63949 (AKAMAI-LINODE-AP Akamai Connected Cloud, SG)"
mail.vamails.ru,1,"AS12586 (ASGHOSTNET, DE)"
mx6.valtrexprime.com,1,
vandorp-eu.o-v1.mx.microsoft,1,"AS8075 (MICROSOFT-CORP-MSN-AS-BLOCK - Microsoft Corporation, US)"
mail.van87.com,1,"AS24940 (HETZNER-AS, DE)"
utilityassistance.org,1,"AS54641 (IMH-IAD - InMotion Hosting, Inc., US)"
mailwash52.pair.com,1,"AS7859 (PAIR-NETWORKS - pair Networks, US)"
vmail.evestamail.com,1,"AS213230 (HETZNER-CLOUD2-AS, DE)"
mx1.wk.se,1,"AS41980 (WEBBKONSULTERNA-AS, SE)"
mail.vemma.xyz,1,
vapits.net,1,"AS55293 (A2HOSTING - A2 Hosting, Inc., US)"
mail.vaporamail.ru,1,"AS12586 (ASGHOSTNET, DE)"
w0126846.kasserver.com,1,"AS34788 (NMM-AS D - 02742 Friedersdorf Hauptstrasse 68, DE)"
mail.ytoof.app,1,"AS203446 (AS203446, GB)"
_dc-mx.54e096260988.varangaofficial.ru,1,"AS211381 (PODAON, LV)"
mail.vapulfml.ru,1,"AS12586 (ASGHOSTNET, DE)"
mail.variamalu.ru,1,"AS12586 (ASGHOSTNET, DE)"
mail.valetudinmail.com,1,"AS132203 (TENCENT-NET-AP-CN Tencent Building, Kejizhongyi Avenue, CN)"
mail.vargosmail.com,1,"AS12586 (ASGHOSTNET, DE)"
ytrezor.io,1,"AS200514 (KNOWNSRV, GB)"
varix.site,1,"AS29802 (HVC-AS - HIVELOCITY, Inc., US)"
vanessa-castro.com,1,"AS37907 (DIGIROCK DigiRock, Inc., JP)"
mail.vasoinhibmfri.com,1,"AS12586 (ASGHOSTNET, DE)"
inx.varting.com,1,"AS14061 (DIGITALOCEAN-ASN - DigitalOcean, LLC, US)"
mail.zoopsymails.ru,1,"AS12586 (ASGHOSTNET, DE)"
zoophytmail.com,1,"AS213702 (QWINS-LTD QWINS AS-SET: ~ # AS213702:AS-CUSTOMERS, GB)"
webmail.zorrag.com,1,"AS16276 (OVH, FR)"
mx6.zoroastersite.com,1,
mail.yuandex.ru,1,"AS12695 (DINET-AS, RU)"
zorg.fr.nf,1,"AS16276 (OVH, FR)"
mail.zorrodemail.com,1,"AS12586 (ASGHOSTNET, DE)"
mail.vasudhaindia.com,1,"AS394695 (PUBLIC-DOMAIN-REGISTRY - PDR, US)"
mail.zosce.com,1,"AS14061 (DIGITALOCEAN-ASN - DigitalOcean, LLC, US)"
zouz.fr.nf,1,"AS16276 (OVH, FR)"
zpapersek.com,1,"AS47583 (AS-HOSTINGER, CY)"
mail.vaymail.com,1,"AS207633 (NOSSPEED, TR)"
mail.vapecentral.ru,1,"AS44094 (WEBHOST1-AS, RU)"
mail.vavadacasino.icu,1,
mail.yurevia.cfd,1,"AS203446 (AS203446, GB)"
mail.yunhlay.com,1,"AS24940 (HETZNER-AS, DE)"
mail.zplotsuu.com,1,"AS47583 (AS-HOSTINGER, CY)"
uzengo-com.mail.protection.outlook.com,1,"AS8075 (MICROSOFT-CORP-MSN-AS-BLOCK - Microsoft Corporation, US)"
mail.vbv.cards,1,"AS44486 (SYNLINQ synlinq.de, DE)"
mail.yusolar.com,1,"AS14061 (DIGITALOCEAN-ASN - DigitalOcean, LLC, US)"
yutep.com,1,"AS23352 (SERVERCENTRAL - DEFT.COM, US)"
mail.zpp.su,1,"AS29182 (RU-JSCIOT, RU)"
mail.vcois.com,1,"AS14061 (DIGITALOCEAN-ASN - DigitalOcean, LLC, US)"
mail.vbroqa.com,1,"AS24940 (HETZNER-AS, DE)"
ancient.vacpocket.com,1,"AS35916 (MULTA-ASN1 - MULTACOM CORPORATION, US)"
mail.yourewardcard.net,1,"AS57724 (DDOS-GUARD, RU)"
mail.yourspace.su,1,"AS211642 (ADMINVPS, RU)"
mail.yzkrachel.com,1,"AS47583 (AS-HOSTINGER, CY)"
mail.yyj295r31.com,1,"AS47583 (AS-HOSTINGER, CY)"
mail.veb37.com,1,"AS14061 (DIGITALOCEAN-ASN - DigitalOcean, LLC, US)"
mail.vcheaperp.com,1,"AS132203 (TENCENT-NET-AP-CN Tencent Building, Kejizhongyi Avenue, CN)"
mail.vecinomail.com,1,"AS12586 (ASGHOSTNET, DE)"
mail.z06.nl,1,"AS47172 (GREENHOST, NL)"
mail.yzcalo.com,1,"AS24940 (HETZNER-AS, DE)"
z7az14m.com,1,"AS47583 (AS-HOSTINGER, CY)"
mail.velatrix.cfd,1,"AS203446 (AS203446, GB)"
mail.vegymail.com,1,"AS12586 (ASGHOSTNET, DE)"
mail.z1p.biz,1,"AS57043 (HOSTKEY-AS, NL)"
moscow1.notslow.ru,1,"AS12695 (DINET-AS, RU)"
mail.velocityinbox.cfd,1,"AS24940 (HETZNER-AS, DE)"
veico-com.mail.protection.outlook.com,1,"AS8075 (MICROSOFT-CORP-MSN-AS-BLOCK - Microsoft Corporation, US)"
mx2.exclusivehosting.net,1,"AS14555 (LIQUIDNETLTD1 - LiquidNet US LLC, US)"
zaa-org.mail.protection.outlook.com,1,"AS8075 (MICROSOFT-CORP-MSN-AS-BLOCK - Microsoft Corporation, US)"
velocetterecords.com,1,"AS215117 (HOSTERDADDY, IN)"
mail.velismail.com,1,"AS12586 (ASGHOSTNET, DE)"
mail.venariq.cfd,1,"AS203446 (AS203446, GB)"
_dc-mx.3c827fe1dfc0.vemrecik.com,1,"AS42807 (AEROTEK-AS, TR)"
vejohy.info,1,"AS131965 (XSERVER Xserver Inc., JP)"
mx1.postal.machon.dev,1,"AS51167 (CONTABO, DE)"
mail.venereolsemail.com,1,"AS12586 (ASGHOSTNET, DE)"
mail.venerabfml.com,1,"AS12586 (ASGHOSTNET, DE)"
mail2.velikovsky.cz,1,"AS49985 (IP4ISP, CZ)"
mail.zahacz.pl,1,"AS47544 (IQPL-AS, PL)"
mail.ventrovia.cfd,1,"AS203446 (AS203446, GB)"
mail.vegasplus.ru,1,"AS204601 (PODAON, NL)"
mx.inter.net.il,1,"AS12400 (PARTNER-AS, IL)"
mail.ventura17.ru,1,"AS58061 (SCALAXY-AS, LV)"
mail.zannichellm.com,1,"AS12586 (ASGHOSTNET, DE)"
mx.zapbox.fr.cust.b.hostedemail.com,1,"AS32491 (TUCOWS-3 - Tucows.com Co., CA)"
zapata-ai.mail.protection.outlook.com,1,"AS8075 (MICROSOFT-CORP-MSN-AS-BLOCK - Microsoft Corporation, US)"
poczta.zabankowani.pl,1,"AS31242 (TKPSA-AS, PL)"
zapatos-sk.mail.protection.outlook.com,1,"AS8075 (MICROSOFT-CORP-MSN-AS-BLOCK - Microsoft Corporation, US)"
mail.venaten.com,1,"AS14061 (DIGITALOCEAN-ASN - DigitalOcean, LLC, US)"
mail.veridicalmail.com,1,"AS12586 (ASGHOSTNET, DE)"
mail.verbee.ru,1,"AS29182 (RU-JSCIOT, RU)"
mail.zasper.ai,1,"AS31898 (ORACLE-BMC-31898 - Oracle Corporation, US)"
mail.zarhq.com,1,"AS14061 (DIGITALOCEAN-ASN - DigitalOcean, LLC, US)"
mxa-002d7b01.gslb.pphosted.com,1,"AS22843 (PROOFPOINT-ASN-US-EAST - Proofpoint, Inc., US)"
_dc-mx.4dcd580a5622.zawell.xyz,1,"AS24940 (HETZNER-AS, DE)"
mail.verum.email,1,"AS14061 (DIGITALOCEAN-ASN - DigitalOcean, LLC, US)"
a398867.mx.mailhop.org,1,"AS16509 (AMAZON-02 - Amazon.com, Inc., US)"
mail.vertebraraml.ru,1,"AS12586 (ASGHOSTNET, DE)"
mail.zaxoffice.com,1,"AS47583 (AS-HOSTINGER, CY)"
mail.zain.com.co,1,"AS53667 (PONYNET - FranTech Solutions, US)"
mail.verticamail.com,1,"AS12586 (ASGHOSTNET, DE)"
a860474.mx.mailhop.org,1,"AS16509 (AMAZON-02 - Amazon.com, Inc., US)"
mail.vesiculokl.ru,1,"AS12586 (ASGHOSTNET, DE)"
vestedhr-com.mx1.arsmtp.com,1,"AS53780 (AS-APPRIVER - APPRIVER LLC, US)"
mail.vesicovme.ru,1,"AS12586 (ASGHOSTNET, DE)"
veteranratings-com.mail.protection.outlook.com,1,"AS8075 (MICROSOFT-CORP-MSN-AS-BLOCK - Microsoft Corporation, US)"
mail.vetdisabilityaid.com,1,"AS22611 (INMOTION - InMotion Hosting, Inc., US)"
zdenka.net,1,"AS47583 (AS-HOSTINGER, CY)"
mail.vexalor.cfd,1,"AS203446 (AS203446, GB)"
mail.zdfpost.net,1,"AS47583 (AS-HOSTINGER, CY)"
mail.wiedabei.de,1,"AS24940 (HETZNER-AS, DE)"
mx3-cluster18.immenzaces.com,1,"AS137488 (ICEWARP-AS-AP IceWarp Technologies Pvt. Ltd., IN)"
vfarmers-com.mail.protection.outlook.com,1,"AS8075 (MICROSOFT-CORP-MSN-AS-BLOCK - Microsoft Corporation, US)"
mail.zealian.com,1,"AS14061 (DIGITALOCEAN-ASN - DigitalOcean, LLC, US)"
mail.zebrank.com,1,"AS199404 (WHG-IN, GB)"
veo33.io.vn,1,
zeengo-com.mail.protection.outlook.com,1,"AS8075 (MICROSOFT-CORP-MSN-AS-BLOCK - Microsoft Corporation, US)"
mail.zellatrix.cfd,1,"AS203446 (AS203446, GB)"
mx.zelgo.com,1,"AS29873 (BIZLAND-SD - Newfold Digital, Inc., US)"
mxa-00119301.gslb.pphosted.com,1,"AS22843 (PROOFPOINT-ASN-US-EAST - Proofpoint, Inc., US)"
mail.zdorove-polar.ru,1,"AS29182 (RU-JSCIOT, RU)"
vhoutdoor.com,1,"AS47583 (AS-HOSTINGER, CY)"
mail.dnsexit.com,1,"AS54489 (CORESPACE-DAL - CoreSpace, Inc., US)"
mail.zelenkamail.com,1,"AS12586 (ASGHOSTNET, DE)"
mx.postal.hidemail.app,1,"AS24940 (HETZNER-AS, DE)"
_dc-mx.549a0755439d.zelenetehnologije.edu.rs,1,"AS51167 (CONTABO, DE)"
mx.viagra-cheap.org,1,"AS14061 (DIGITALOCEAN-ASN - DigitalOcean, LLC, US)"
gromsgi.pfizer.com,1,"AS11971 (PFIZERNET-GROTON - Pfizer Inc., US)"
zenco-com.mail.protection.outlook.com,1,"AS8075 (MICROSOFT-CORP-MSN-AS-BLOCK - Microsoft Corporation, US)"
mx7.zendeks.com,1,"AS27257 (WEBAIR-INTERNET - Webair Internet Development Company Inc., US)"
vian-ai.mail.protection.outlook.com,1,"AS8075 (MICROSOFT-CORP-MSN-AS-BLOCK - Microsoft Corporation, US)"
zenithinbox.com,1,"AS47583 (AS-HOSTINGER, CY)"
mxa-007ab401.gslb.pphosted.com,1,"AS52129 (PROOFPOINT-ASN-EU, US)"
mail.zehnminuten.de,1,
zeno-com.mail.protection.outlook.com,1,"AS8075 (MICROSOFT-CORP-MSN-AS-BLOCK - Microsoft Corporation, US)"
mail.zenthara.cfd,1,"AS203446 (AS203446, GB)"
mail.zenthira.cfd,1,"AS203446 (AS203446, GB)"
zentrum.hopto.org,1,"AS30722 (VODAFONE-IT-ASN, IT)"
zensdesk-com.mail.protection.outlook.com,1,"AS8075 (MICROSOFT-CORP-MSN-AS-BLOCK - Microsoft Corporation, US)"
racks.zenthranet.com,1,"AS14061 (DIGITALOCEAN-ASN - DigitalOcean, LLC, US)"
mail.zento.com,1,"AS395532 (1P-WSS - Web Site Source, US)"
mail.zephyros.cfd,1,"AS203446 (AS203446, GB)"
filter1.zenith-2.mailguard.com.au,1,"AS8075 (MICROSOFT-CORP-MSN-AS-BLOCK - Microsoft Corporation, US)"
mail.zer02.cfd,1,"AS16276 (OVH, FR)"
mx.victoriaalison.com,1,"AS14061 (DIGITALOCEAN-ASN - DigitalOcean, LLC, US)"
victoriagatecasino-co-uk.mail.protection.outlook.com,1,"AS8075 (MICROSOFT-CORP-MSN-AS-BLOCK - Microsoft Corporation, US)"
mail.zenyo.com,1,"AS20847 (PREVIDER-AS, NL)"
victormesquita-dev.mail.protection.outlook.com,1,"AS8075 (MICROSOFT-CORP-MSN-AS-BLOCK - Microsoft Corporation, US)"
mail.datona.cz,1,"AS5610 (O2-CZECH-REPUBLIC, CZ)"
zerocoptermail.com,1,"AS20857 (TRANSIP-AS Amsterdam, the Netherlands, NL)"
zerocopter.dev,1,"AS20857 (TRANSIP-AS Amsterdam, the Netherlands, NL)"
mail.zeronerbacomail.com,1,"AS207957 (SERVHOST-AS, GB)"
zerotrusted-ai.mail.protection.outlook.com,1,"AS8075 (MICROSOFT-CORP-MSN-AS-BLOCK - Microsoft Corporation, US)"
mail.via902.com,1,"AS135905 (VNPT-AS-VN VIETNAM POSTS AND TELECOMMUNICATIONS GROUP, VN)"
zeta.edu.pl,1,"AS24940 (HETZNER-AS, DE)"
mail.zetoro.com,1,"AS6079 (RCN-AS - RCN, US)"
mx5.webhouse.sk,1,"AS29405 (VNET-AS, SK)"
mail.zerograv.top,1,"AS132203 (TENCENT-NET-AP-CN Tencent Building, Kejizhongyi Avenue, CN)"
mx.zeytech.net.cust.b.hostedemail.com,1,"AS32491 (TUCOWS-3 - Tucows.com Co., CA)"
vidia-com.mail.protection.outlook.com,1,"AS8075 (MICROSOFT-CORP-MSN-AS-BLOCK - Microsoft Corporation, US)"
mx1.enderman.cc,1,"AS60117 (HS, AE)"
mta6.verision.net,1,"AS19318 (IS-AS-1 - Interserver, Inc, US)"
mta6.verizo.net,1,"AS19318 (IS-AS-1 - Interserver, Inc, US)"
mx.clean-mailbox.com,1,"AS20473 (AS-VULTR - The Constant Company, LLC, US)"
mail.vernacmail.ru,1,"AS12586 (ASGHOSTNET, DE)"
mail.dxov.fun,1,
mail.viergroup.ru,1,"AS29182 (RU-JSCIOT, RU)"
mail.zezis.ru,1,"AS56694 (SMARTAPE, RU)"
mx1.zfymail.com,1,"AS24940 (HETZNER-AS, DE)"
vigi-com.mail.protection.outlook.com,1,"AS8075 (MICROSOFT-CORP-MSN-AS-BLOCK - Microsoft Corporation, US)"
mail60.mydevil.net,1,"AS57367 (ECO-ATMAN-PL ECO-ATMAN-, PL)"
mail.vigoneo.com,1,"AS19871 (NETWORK-SOLUTIONS-HOSTING - Network Solutions, LLC, US)"
vietnamnationalpark.org,1,"AS46606 (UNIFIEDLAYER-AS-1 - Unified Layer, US)"
vigentenjmail.ru,1,"AS213702 (QWINS-LTD QWINS AS-SET: ~ # AS213702:AS-CUSTOMERS, GB)"
mail.villabhj.com,1,"AS47583 (AS-HOSTINGER, CY)"
mail01.vigra-tadacip.info,1,"AS36351 (SOFTLAYER - IBM Cloud, US)"
_dc-mx.aed11ecb2ba7.vinahost.net,1,"AS151858 (INTERDIGI-VN INTERDIGI JOINT STOCK COMPANY, VN)"
mail.vimto.store,1,"AS16276 (OVH, FR)"
mail.zige.my,1,"AS44486 (SYNLINQ synlinq.de, DE)"
mail.zingmail.shop,1,"AS135918 (DVS-AS-VN VIET DIGITAL TECHNOLOGY LIABILITY COMPANY, VN)"
zhumana.com,1,"AS58487 (CRI-AS-AP CV. Rumahweb Indonesia, ID)"
mx1.zidu.pw,1,"AS200107 (KL-EXT, CH)"
mail.zingiberomail.com,1,"AS12586 (ASGHOSTNET, DE)"
mail.violamail.ru,1,"AS12586 (ASGHOSTNET, DE)"
mail.violaquemail.ru,1,"AS12586 (ASGHOSTNET, DE)"
_dc-mx.52624a285dff.vip-mail.info,1,"AS44486 (SYNLINQ synlinq.de, DE)"
mail.vinbazar.com,1,"AS42655 (BESTHOSTING-AS, UA)"
mail.vingorod.ru,1,"AS3216 (SOVAM-AS, RU)"
violimail.com,1,"AS213702 (QWINS-LTD QWINS AS-SET: ~ # AS213702:AS-CUSTOMERS, GB)"
mail.viktorkedrovskiy.ru,1,"AS44094 (WEBHOST1-AS, RU)"
viola.gq,1,"AS397423 (TIER-NET - Tier.Net Technologies LLC, US)"
zippyinbox.com,1,"AS47583 (AS-HOSTINGER, CY)"
mx.vip555.ru,1,"AS24955 (UBN-AS, RU)"
mail.zizo7.com,1,"AS14061 (DIGITALOCEAN-ASN - DigitalOcean, LLC, US)"
mx.vintange.com,1,"AS31034 (ARUBA-ASN, IT)"
mail.virelio.cfd,1,"AS203446 (AS203446, GB)"
163mx.cdn.163.net,1,"AS10032 (HGC-AS-AP BDX DC Services HK Limited, HK)"
zkcs-org.mail.protection.outlook.com,1,"AS8075 (MICROSOFT-CORP-MSN-AS-BLOCK - Microsoft Corporation, US)"
mx.vip.sohu.com,1,"AS4837 (CHINA169-BACKBONE CHINA UNICOM China169 Backbone, CN)"
virgilii.it,1,"AS16509 (AMAZON-02 - Amazon.com, Inc., US)"
mail.zknow.org,1,"AS19871 (NETWORK-SOLUTIONS-HOSTING - Network Solutions, LLC, US)"
primary.emea.email.fireeyecloud.com,1,"AS16509 (AMAZON-02 - Amazon.com, Inc., US)"
mx.virgotv.com,1,"AS31034 (ARUBA-ASN, IT)"
_dc-mx.60c77b1a84ee.virtualprivateserversindia.com,1,"AS32244 (LIQUIDWEB - Liquid Web, L.L.C, US)"
mail.virtuous-studio.com,1,"AS26496 (AS-26496-GO-DADDY-COM-LLC - GoDaddy.com, LLC, US)"
viruprotect.ro,1,"AS205275 (ROMARG, RO)"
mtain-ac101.asynccomm.zoom.us,1,"AS14618 (AMAZON-AES - Amazon.com, Inc., US)"
visalus-com.mail.protection.outlook.com,1,"AS8075 (MICROSOFT-CORP-MSN-AS-BLOCK - Microsoft Corporation, US)"
mail.viscerfmk.com,1,"AS12586 (ASGHOSTNET, DE)"
mail.zmiev.ru,1,"AS210079 (EUROBYTE, RU)"
visas-uk.com,1,"AS24940 (HETZNER-AS, DE)"
mx.visionaryventures.store.cust.b.hostedemail.com,1,"AS32491 (TUCOWS-3 - Tucows.com Co., CA)"
w012a9a9.kasserver.com,1,"AS34788 (NMM-AS D - 02742 Friedersdorf Hauptstrasse 68, DE)"
mail.znnxguest.com,1,"AS47583 (AS-HOSTINGER, CY)"
mail.visacz.name,1,"AS29182 (RU-JSCIOT, RU)"
mail.znemail.com,1,"AS12586 (ASGHOSTNET, DE)"
znowflake-com.mail.protection.outlook.com,1,"AS8075 (MICROSOFT-CORP-MSN-AS-BLOCK - Microsoft Corporation, US)"
mail.visualarguments.com,1,"AS46606 (UNIFIEDLAYER-AS-1 - Unified Layer, US)"
mx6.visualimpactreviews.com,1,
malibuzz.vitalizehairmen.com,1,"AS51167 (CONTABO, DE)"
malibuzz.vitalizeskinforwomen.com,1,"AS51167 (CONTABO, DE)"
smtpin.zoho.in,1,"AS56201 (ZOHO-IN Zoho Corporation Pvt. Ltd, IN)"
mail.vitellomalis.com,1,"AS12586 (ASGHOSTNET, DE)"
mail.vitellogmail.ru,1,"AS12586 (ASGHOSTNET, DE)"
ziplinegear.biz,1,"AS51167 (CONTABO, DE)"
vitengegalore.com,1,"AS13335 (CLOUDFLARENET - Cloudflare, Inc., US)"
s12786.usc1.stableserver.net,1,"AS36454 (WHG-DAL, GB)"
viti-com.mail.protection.outlook.com,1,"AS8075 (MICROSOFT-CORP-MSN-AS-BLOCK - Microsoft Corporation, US)"
mail.vithub.com,1,"AS24940 (HETZNER-AS, DE)"
mail.viv2.com,1,"AS14061 (DIGITALOCEAN-ASN - DigitalOcean, LLC, US)"
mail.vitriolmail.ru,1,"AS12586 (ASGHOSTNET, DE)"
vitrifmail.com,1,"AS213702 (QWINS-LTD QWINS AS-SET: ~ # AS213702:AS-CUSTOMERS, GB)"
mail.zooblllzz.dpdns.org,1,"AS24164 (UBBNET-AS-TW UNION BROADBAND NETWORK, TW)"
vitmart.com,1,"AS20473 (AS-VULTR - The Constant Company, LLC, US)"
mail.zoogle.com,1,"AS46606 (UNIFIEDLAYER-AS-1 - Unified Layer, US)"
mail.zoogeographli.com,1,"AS12586 (ASGHOSTNET, DE)"
mail.vientrongrang.com.vn,1,"AS131392 (RUNSYSTEM-AS-VN GMO-Z.com Runsystem Joint Stock Company, VN)"
mxa-00056f01.gslb.pphosted.com,1,"AS22843 (PROOFPOINT-ASN-US-EAST - Proofpoint, Inc., US)"
mxa-00569201.gslb.pphosted.com,1,"AS26211 (PROOFPOINT-ASN-US-WEST - Proofpoint, Inc., US)"
mail.vip-dublikat.su,1,"AS35278 (SPRINTHOST, RU)"
_dc-mx.607f8a2506a8.vipbirthdaycoupons.com,1,"AS33182 (DIMENOC - HostDime.com, Inc., US)"
uws8-wpm-011.cafe24.com,1,"AS4766 (KIXS-AS-KR Korea Telecom, KR)"
mail.vipcherry.com,1,"AS3842 (RAMNODE - InMotion Hosting, Inc., US)"
server1.ohost.com.br,1,"AS33182 (DIMENOC - HostDime.com, Inc., US)"
mail.vivomaiil.com,1,"AS12586 (ASGHOSTNET, DE)"
mail.vipmail.club,1,"AS31898 (ORACLE-BMC-31898 - Oracle Corporation, US)"
mail.vipmail.today,1,"AS16276 (OVH, FR)"
mx1.zontero.win,1,"AS200107 (KL-EXT, CH)"
mail.vipitv.com,1,"AS3842 (RAMNODE - InMotion Hosting, Inc., US)"
vilnapresa.com,1,"AS24940 (HETZNER-AS, DE)"
zoomr-us.mail.protection.outlook.com,1,"AS8075 (MICROSOFT-CORP-MSN-AS-BLOCK - Microsoft Corporation, US)"
mail.zoomofficechairs.co.uk,1,"AS22612 (NAMECHEAP-NET - Namecheap, Inc., US)"
