domain,category,reason,confidence,flame_tp_ids,flame_confidence
andalanglobal.dev,Parked,Title indicates 'Resources and Information' typical of parking pages; Server header 'Parking/1.0',High,,
ancientwords.mobi,Legitimate,Title suggests a religious ministry website,High,,
4memorycare.com,Legitimate,Title describes a service for memory care search,High,,
4namebrands.com,Legitimate,Title describes a product search site,High,,
andersonsgrain.com,Legitimate,Title indicates a specific trade group business,High,,
andrewwisor.com,Default,Title is 'Test Page for the HTTP Server on AlmaLinux',High,,
andreamorein.com,Legitimate,Personal portfolio or business site,High,,
anderledes.dk,Legitimate,Title 'Jubii' refers to a known Danish portal/brand,High,,
4mbet.info,Legitimate,Gambling/Casino site (UFABET),Medium,,
andhra2america.com,Legitimate,Restaurant website,High,,
andreholman.com,Legitimate,Personal site hosted on GitHub,High,,
andreagilardi.me,Parked,Title 'Future home of...',High,,
4meetings.com,Legitimate,Business site title,Medium,,
andno.org,Parked,"Title matches domain name, generic content likely",Medium,,
androidico.com,Parked,"Title matches domain name, generic",Medium,,
and.poisedtoshrike.com,Parked,Title 'Coming Soon',High,,
andalangpt.app,Parked,Title 'Resources and Information' pattern,High,,
andromedae.xyz,Legitimate,Personal or project site,Medium,,
anderson.wtf,Legitimate,Personal site hosted on Vercel,Medium,,
andreshampel.com,Error,"Cloudflare 'Just a moment' usually indicates a challenge or block, effectively an error state for classification purposes here, or possibly protected legitimate site. Given 403 status, classified as Error/Block.",Medium,,
andrewmurphy.org,Legitimate,Personal name title,High,,
andrewpkeller.com,Legitimate,Personal name title,High,,
and.marksypark.com,Parked,Title 'Coming Soon',High,,
andrewbraun.dev,Legitimate,Developer portfolio,High,,
andersonlloyd.co.nz,Legitimate,Law firm website,High,,
4money.site,Error,403 Forbidden with 'Attention Required',High,,
4people.com,Parked,Title 'This website is for sale!',High,,
4pu.com,Error,404 Not Found,High,,
andrewkdinh.com,Legitimate,Software Engineer portfolio,High,,
4nmv.ru,Phishing,Suspicious 'Validating browser...' title often used by TDS/Phishing kits to filter bots before redirecting to malicious content.,Medium,TP-0001,medium
andispnb.shop,Legitimate,E-commerce store (Toko Produk Digital),Medium,,
andro-players.com,Legitimate,"Game mod site (Grey area, but functionally a content site)",Medium,,
andysconstlandscaping.com,Parked,Title 'Parking Page',High,,
4memphis.com,Legitimate,Magazine website,High,,
4ma.ovh,Default,"Empty title, OVH default behavior often looks like this or just 'Welcome'",Low,,
4party.com,Parked,Title 'This website is for sale!',High,,
4mail.top,Parked,Title 'has expired',High,,
andry.de,Legitimate,Personal/Business site for SEO/Design,High,,
anewangleonlife.com,Parked,"Title 'Sorry, the website has been stopped' indicates suspension/parking",High,,
androidevolutions.com,Default,Empty title,Low,,
andrewcluh.top,Phishing,Disposable/Temporary email service on a .top domain often used for abuse/phishing infrastructure.,Medium,TP-0001,low
4outdoors.com,Parked,Squarespace expired page,High,,
4pens.com,Legitimate,E-commerce for custom pens,High,,
androl.cfd,Phishing,"Disposable/Temporary email service on a .cfd domain, identical title to andrewcluh.top, likely part of same infrastructure.",Medium,TP-0001,low
andresoft.com,Legitimate,Business rebranding notice,High,,
anfhem.com,Parked,Title 'Coming Soon',High,,
andrew375.eu.org,Default,"Empty title, LiteSpeed server",Low,,
androclijmail.ru,Error,404 Not Found,High,,
4se.us,Parked,Title 'Parking Page',High,,
4rfv.ru,Parked,"Title 'Sorry, the website has been stopped'",High,,
anessentialsolution.com,Legitimate,Business website for medical massage,High,,
4president.com,Legitimate,Content index for political/historical site,High,,
andupandu.site,Legitimate,"Personal or niche site, title matches domain",Medium,,
andmx.com,Legitimate,Developer/tech site hosted on Netlify,High,,
anewlivs.com,Parked,Standard parking page title format 'Resources and Information',High,,
4quotes.com,Legitimate,Redirecting title usually implies a forwarder or load balancer for a service,Medium,,
angelbees.com,Parked,"Title matches domain, likely placeholder or parked",Medium,,
4soapoperas.com,Error,403 Forbidden status with Cloudflare block page,High,,
andyes.net,Legitimate,"Generic loading title, likely a web app",Low,,
4puzzles.com,Legitimate,Content from Writing.Com,High,,
4poetry.com,Legitimate,Content from Writing.Com,High,,
androidex.ru,Legitimate,Tech solutions company site,High,,
andrewgx.site,Legitimate,Personal portfolio for a developer,High,,
anghamy.com,Parked,Explicit 'website has been stopped' message,High,,
4seniors.com,Parked,Parking server header and title matches domain,High,,
4testimonials.com,Phishing,"Domain name (testimonials) does not match content (Chinese streaming/gambling/adult keywords), indicative of compromise or SEO poisoning",Medium,TP-0003,medium
angielskie.synonimy.com,Legitimate,"Subdomain for synonyms, likely legitimate tool",Medium,,
4runners.com,Legitimate,Community forum for Toyota 4Runner,High,,
4oi.ru,Legitimate,Blog or personal site with philosophical title,Medium,,
angkajitu.site,Phishing,"Gambling/Toto keywords on a generic .site domain, often associated with spam/scam networks",Medium,TP-0003,low
4pet.ro,Legitimate,Pet food e-commerce site,High,,
angelacorrias.com,Legitimate,Personal professional site for a writer,High,,
anglepoise-inc.com,Phishing,"Domain mimics a brand (Anglepoise) but content is unrelated (Betify - gambling/betting), indicative of compromise or squatting",Medium,TP-0001,medium
4search.com,Error,403 Forbidden status,High,,
angiehomeservices.com,Error,404 Not Found status,High,,
angelsanchez.me,Legitimate,Personal tech tutorial blog,High,,
anglican.xyz,Parked,Explicit 'for sale' message,High,,
angelcare-hospice.com,Legitimate,Healthcare service provider,High,,
4search.pictures,Error,403 Forbidden status,High,,
4signs.com,Default,Empty title often indicates default or unconfigured server,Low,,
4shots.club,Parked,Standard parking page title format 'Resources and Information',High,,
4snacks.com,Parked,Standard parking page title format 'Resources and Information',High,,
angelswat.xyz,Parked,Porkbun parked domain page,High,,
angelawalkerrealestateagentfortworthtx.com,Legitimate,"Real estate agent site, long but descriptive domain",High,,
angmail.com,Parked,HugeDomains 'for sale' page,High,,
angeles.live,Legitimate,"Title matches domain, likely personal or small project",Medium,,
angi.com,Error,403 Forbidden status,High,,
4ts.in,Legitimate,Online tools suite,High,,
angem.com,Legitimate,Corporate site for Caldic Spain,High,,
4senditnow.com,Parked,Explicit 'has expired' message,High,,
angelandcurve.com,Error,530 status (Cloudflare error) with 403 title,High,,
4security.ru,Legitimate,Cybersecurity business site,High,,
andros-greece.com,Legitimate,"Tech solutions site (FutureFrame), though domain implies travel, content seems legitimate business",Medium,,
4sy2e6a.crankymonkey.info,C2,"High entropy subdomain on .info, title matches domain, suspicious structure",Medium,TP-0004,medium
4w1.com,Legitimate,"Short domain, title matches, likely personal or small business",Medium,,
4tucson.com,Legitimate,Community organization site,High,,
4time.com,Legitimate,E-commerce for sports gear,High,,
4virus.com,Phishing,"Title contains adult/spam keywords in Chinese, domain implies virus/security, highly suspicious combination",High,TP-0003,high
4mountains.com,Parked,Registered domain message (Interneto vizija),High,,
angushof.de,Legitimate,Farm shop/organic meat business,High,,
4u2nv.anonaddy.com,Legitimate,"Subdomain of AnonAddy (email forwarding service), likely user configured.",Medium,,
4x4foto.com,Parked,Title indicates 'domain for sale' via Porkbun.,High,,
4winbet.info,Legitimate,Online betting/gambling site.,High,,
4tmail.com,Parked,Title explicitly states 'has expired'.,High,,
anhala.com,Error,Status 403 and Cloudflare challenge title.,High,,
anhkhoakz.dev,Legitimate,Personal developer portfolio/blog hosted on Netlify.,High,,
anglosh.com,Legitimate,Pricing page for EmailOnDeck Pro (disposable email service).,High,,
4warding.net,Legitimate,"Generic blog title, likely personal project.",Medium,,
4w.io,Legitimate,PlayStation homebrew community site.,High,,
anhhungrom47.xyz,C2,"Open directory listing 'Index of /' on a cheap TLD (.xyz), often used for malware hosting.",Medium,TP-0003,medium
4wrdr.mailer.me,Legitimate,"Subdomain of mailer.me, likely email infrastructure.",Medium,,
4trade.com,Default,"Empty title with Nginx server header, likely unconfigured.",Medium,,
4warding.org,Legitimate,Generic business/informational site.,Medium,,
anhmaybietchoi.com,Parked,Title 'Account Suspended' usually indicates hosting suspension.,High,,
anesg.com,Error,Status 404 and 'Not Found' title.,High,,
4sauna.ru,Legitimate,Russian e-commerce site for sauna accessories.,High,,
5-3.com,Default,"Empty title, Akamai storage, likely content delivery node.",Medium,,
5-mod.ru,Legitimate,Android game download site (grey market but functional site).,High,,
4tires.com,Parked,Title explicitly says 'Coming Soon'.,High,,
50betapp.net,Legitimate,Online casino/betting site.,High,,
500-0-501.ru,Error,Status 403 and Cloudflare challenge title.,High,,
510014.com,Legitimate,Management system login/portal.,Medium,,
509journey.com,Parked,Title states 'is for sale' via HugeDomains.,High,,
516qs.com,Legitimate,Adult/Streaming content site.,High,,
50vape.com,Parked,Title states 'is for sale' via HugeDomains.,High,,
angka69.com,Legitimate,Online gaming/gambling platform.,High,,
518799.xyz,Legitimate,Online gambling/entertainment site.,High,,
518bet12.net,Legitimate,Online betting site.,High,,
51-254-035-055.cprapid.com,Legitimate,"cPanel hosting subdomain, generic service title.",Medium,,
50style.ru,Default,"Empty title with Cloudflare, likely unconfigured or blocked.",Medium,,
4wholesale.com,Legitimate,Wholesale business directory/site.,High,,
514loans.net,Legitimate,Loan services in Montreal.,High,,
500qf.com,Legitimate,Chinese gaming site title.,High,,
5202010.com,Error,Status 403 and Cloudflare block.,High,,
5.gimal.com,Parked,"Typosquat of Gmail (gimal), parking page title.",High,,
4serial.com,Legitimate,Streaming/Movie site (Ninja Turtles reference).,High,,
anhorn.de,Legitimate,Small business/personal site matching domain name.,High,,
4x4man.com,Error,Status 403 and Cloudflare challenge.,High,,
50offsale.com,Legitimate,E-commerce sales site.,Medium,,
51vic.com,Error,Status 404.,High,,
500.casino,Legitimate,"Known crypto gambling site (despite 403, title confirms identity).",High,,
523gbt.com,Legitimate,Forum site.,High,,
509trailers.com,Legitimate,Local business (trailer rentals).,High,,
531.com,Legitimate,"Short domain redirecting, likely valid infrastructure.",Medium,,
52lotterylogin.com,Phishing,Keyword stuffing 'Official Login' for a lottery site on a generic domain.,Medium,TP-0001,medium
4ver-ter3d.com,Default,"Empty title, nginx-reuseport, likely unconfigured.",Medium,,
526ge.com,Error,Status 400 Bad Request.,High,,
50555.xyz,Legitimate,"Numeric domain with matching title, likely personal or test site.",Low,,
50plusfitnesscenters.com,Phishing,"Domain name suggests fitness for seniors, but title is Thai gambling content (SEO poisoning/compromised site).",High,TP-0001,medium
52betapp.info,Legitimate,Online betting site.,High,,
6-a.com,Parked,"Empty title, generic cloudflare hosting often indicates parked or inactive",Low,,
5july.org,Legitimate,Clear title indicating a foundation/organization,High,,
600061.xyz,Parked,"Empty title, numeric domain on .xyz, likely parked",Medium,,
600betlucky.net,Phishing,Gambling/Betting site on suspicious domain pattern,Medium,,
600pro.com,Parked,"Empty title, generic cloudflare",Low,,
603gmail.com,Phishing,"Typosquatting Gmail domain, WHOIS verification title is common tactic",High,TP-0001,high
5ymail.com,Legitimate,Functional disposable email service,Medium,,
6-6-6.nut.cc,Parked,Explicit 'This website is for sale!' title,High,,
5r65t767t67t76.email-temp.com,Legitimate,Subdomain of a known temporary email service,High,,
5x25.com,Legitimate,Personal blog/site with unique title,Medium,,
5rezor.io,Parked,Account Suspended title,High,,
6154.com,Parked,Explicit 'for sale' title,High,,
5z.com,Legitimate,"Generic Home Page title, likely personal or small business",Low,,
64255.xyz,Phishing,"Chinese title referring to 'permanent address release page', common for illicit content/gambling redirection",Medium,,
60minutemail.com,Parked,'Future home of' title,High,,
63.com,Legitimate,"Title claims Google Public DNS, likely a misconfigured or legitimate resolver endpoint",Medium,,
61xb.com,Default,Generic 'Welcome' title usually indicates default server page,Medium,,
655bet3.net,Phishing,Gambling/Betting site on suspicious domain pattern,Medium,,
6600a16.com,Phishing,Chinese gambling spam title,High,,
6600a44.com,Phishing,"Suspicious title 'Betify - LordFilm', likely illicit streaming or gambling",Medium,,
6600a18.com,Phishing,Chinese gambling spam title,High,,
6600a19.com,Phishing,Chinese gambling spam title,High,,
6600a32.com,Legitimate,Title indicates a martial arts academy (Pusat Beladiri),Medium,,
5yaochu.top,Parked,Parking/1.0 server and generic parking title,High,,
665qs.com,Phishing,Adult/Illicit content title,Medium,,
618011.com,Parked,"Empty title, generic nginx",Low,,
61north.org,Parked,'Coming Soon' title,High,,
6600a10.com,Phishing,Chinese gambling spam title,High,,
5tn.ru,Default,Title 'Proverka' (Check/Test) usually indicates a test page,Medium,,
653.com,Default,Generic 'welcome' title,Medium,,
6669008.com,Default,"Title 'Site not found' (Chinese), server default page",High,,
666jilicomlogin.com,Phishing,Keyword stuffing 'login' and gambling keywords,High,,
666wgameapk.net,Phishing,Fake app download/gambling site,High,,
666winapplogin.com,Phishing,"Keyword stuffing 'login', 'win', 'money'",High,,
667betloginentrar.net,Phishing,Gambling login page,High,,
66clubbet.com,Phishing,Gambling site,High,,
666winrealmoney.com,Phishing,Gambling/Scam site promising real money,High,,
6690288.com,Phishing,Chinese gambling site title,High,,
667bet.info,Phishing,Gambling site,High,,
666-evil.com,Legitimate,YouTube channel redirect/title,Medium,,
666fsd.com,Error,404 Not Found status and title,High,,
66a85.com,Error,403 Forbidden / Cloudflare Attention Required,High,,
66uurr.com,Default,Title '301 Moved Permanently' usually indicates a misconfigured redirect or default nginx behavior,Medium,,
5my.ru,Parked,"Empty title, generic nginx",Low,,
66rrnn.com,Default,Title '301 Moved Permanently',Medium,,
66a71.com,Error,403 Forbidden / Cloudflare Attention Required,High,,
66wwcc.com,Default,Title '301 Moved Permanently',Medium,,
66vvss.com,Default,Title '301 Moved Permanently',Medium,,
66uutt.com,Default,Title '301 Moved Permanently',Medium,,
66zzpp.com,Default,Title '301 Moved Permanently',Medium,,
53l.com,Parked,"Short alphanumeric domain with empty title, likely parked or inactive",Medium,,
53a.com,Parked,"Short alphanumeric domain with empty title, likely parked or inactive",Medium,,
53u.com,Parked,Explicit 'Domain For Sale' title,High,,
53b.com,Parked,Explicit 'Web Page Under Construction' title,High,,
528417.xyz,C2,"Numeric .xyz domain with empty title, often associated with automated infrastructure",Low,TP-0003,low
52.com,Legitimate,"High value 2-digit domain on AliyunOSS, likely legitimate asset holding",Medium,,
53h.com,Error,403 Forbidden status with Cloudflare error title,High,,
538.com,Legitimate,"Redirects to Baidu (Title: 百度一下，你就知道), legitimate behavior for this domain",High,,
51.com,Legitimate,Known gaming community platform (51.com),High,,
53e.com,Parked,"Short alphanumeric domain with empty title, likely parked",Medium,,
5500bet7.info,Phishing,"Gambling/Betting site on .info domain, typical of spam/scam networks",Medium,TP-0001,medium
53o.com,Parked,Explicit 'This website is for sale!' title,High,,
53p.com,Legitimate,Corporate title for an electronics R&D company,High,,
532.com,Legitimate,"3-digit numeric domain on AliyunOSS, likely legitimate asset",Medium,,
530.com,Legitimate,"3-digit numeric domain on Cloudfront, likely legitimate asset",Medium,,
557652.com,Phishing,"Gambling/Lottery forum title (澳彩论坛), often associated with scam networks",Medium,TP-0001,medium
55206.cc,Default,"Generic 'Welcome' title on .cc domain, likely default server page",Medium,,
5577betcom.info,Phishing,"Gambling/Betting site on .info domain, typical of spam/scam networks",Medium,TP-0001,medium
524446913.xyz,Phishing,"Webmail login title on numeric .xyz domain, highly suspicious",High,TP-0002,high
555uh.com,Phishing,"Casino/Gambling app download site, typical of scam networks",Medium,TP-0001,medium
53.com,Legitimate,Fifth Third Bank (53.com) - legitimate banking domain,High,,
554206.com,Parked,"Numeric domain with empty title, likely parked or inactive",Medium,,
5432100.xyz,Legitimate,YOPmail disposable email service (known utility),High,,
52mails.com,Parked,Explicit parking template title,High,,
530run.com,Parked,Explicit parking template title,High,,
549356.com,Error,404 Not Found status and title,High,,
5588bet1.net,Phishing,"Gambling/Betting site, typical of spam/scam networks",Medium,TP-0001,medium
535.com,Default,"Generic 'Home' title, likely default page or minimal content",Low,,
51tiemo.com,Parked,Explicit 'Domain welcome page' title,High,,
54.mk,Phishing,"Generic 'Sign in' title on short domain, potential credential harvesting",Medium,TP-0002,medium
567slotsbetbet.com,Phishing,"Gambling/Slots site, typical of spam/scam networks",Medium,TP-0001,medium
55hg.app,Parked,"Empty title on .app domain, likely inactive",Medium,,
568ac.com,Phishing,"Gambling/Betting platform, typical of spam/scam networks",Medium,TP-0001,medium
567win1.net,Phishing,"Gambling/Betting site, typical of spam/scam networks",Medium,TP-0001,medium
555.anztyy.shop,Parked,Subdomain with 'Coming Soon' title,High,,
5566178.com,Phishing,"Gambling/Chess/Card game site (178棋牌), typical of unregulated gambling networks",Medium,TP-0001,medium
5788hy.com,Phishing,"Online Casino/Gambling site (HOYA娛樂城), typical of spam/scam networks",High,TP-0001,high
576qs.com,Phishing,"Adult/Video streaming site (992KP快樂看片), often associated with malware/scams",Medium,TP-0001,medium
567jili.net,Phishing,"Online Casino Login/Register page, typical of spam/scam networks",High,TP-0001,high
5566368.com,Default,Title 'Line Test' (线路测试) suggests infrastructure testing page,Medium,,
563.com,Default,Title 'Line Detection' (线路检测) suggests infrastructure testing page,Medium,,
5-116-116.ru,Legitimate,Furniture factory online store in Kazan,High,,
549827.com,Parked,"Numeric domain with empty title, likely parked",Medium,,
586qs.com,Phishing,"Adult/Video streaming site (992KP快樂看片), often associated with malware/scams",Medium,TP-0001,medium
587922.com,Error,403 Forbidden status with Cloudflare error title,High,,
55.ip-51-254-35.eu,Legitimate,"Generic public email service title, likely a utility",Medium,,
585bet1.info,Phishing,"Gambling/Betting site on .info domain, typical of spam/scam networks",Medium,TP-0001,medium
54giaml.co.com,Phishing,"Typosquatting 'gmail' (giaml) in domain, plus gambling content title",High,TP-0001,high
53r.com,Parked,"Domain name as title, usually indicates parking placeholder",Medium,,
58win1vip.com,Phishing,"Gambling/Betting site, typical of spam/scam networks",Medium,TP-0001,medium
5880088.com,Error,Cloudflare 403 Forbidden page,High,,
567map.xyz,Parked,Standard parking page title structure and server header,High,,
54.com,Legitimate,Content appears to be a gaming/advertising portal (Legend of Mir private servers),Medium,,
5949r.com,Legitimate,Open-source project management tool landing page,High,,
56787.com,C2,Suspicious 'Loading' title often associated with TDS or C2 frameworks,Medium,TP-0002,medium
5885678.com,C2,Empty title with Nginx server often indicates C2 or incomplete setup,Low,,
55586555.com,Default,Generic 'Welcome' title on Nginx,Medium,,
58h.de,Default,Empty title on Caddy server,Low,,
555papa.com,Default,Empty title on Nginx,Low,,
5d.com,Legitimate,Known software product (Planner 5D),High,,
58k.ru,Legitimate,Business directory catalog,High,,
58.com,Legitimate,Major Chinese classifieds platform,High,,
4x10.ru,Legitimate,Appears to be a legitimate business site (Avtodozor),Medium,,
5cbc.com,C2,Empty title with non-standard server header 'Bobby'Server' suggests custom C2/tooling,Medium,TP-0002,low
5717.ru,Parked,Domain shop/rental page,High,,
5g.glass,Legitimate,"Hosted on GitHub Pages, likely a personal or project site",High,,
5esla.com,Error,Explicit 'Not Found' title,High,,
5num.com,Parked,Explicit 'for sale' title via Spaceship.com,High,,
5mail.xyz,Parked,Explicit 'parked domain' title via Porkbun,High,,
5minmail.com,Legitimate,Functional temporary email service,High,,
5gags.com,Legitimate,Content site (humor/media),Medium,,
5minutetrip.com,Parked,TransIP reserved domain page,High,,
5se.mobi,Phishing,"Suspicious 'Loading' title with @tenfyBot server header, part of a known gambling/scam botnet pattern",High,"TP-0001,TP-0002",high
5se04.com,Phishing,"Suspicious 'Loading' title with @tenfyBot server header, part of a known gambling/scam botnet pattern",High,"TP-0001,TP-0002",high
5se50.com,Phishing,"Suspicious 'Loading' title with @tenfyBot server header, part of a known gambling/scam botnet pattern",High,"TP-0001,TP-0002",high
5se.life,Phishing,"Suspicious 'Loading' title with @tenfyBot server header, part of a known gambling/scam botnet pattern",High,"TP-0001,TP-0002",high
5se94.com,Phishing,"Suspicious 'Loading' title with @tenfyBot server header, part of a known gambling/scam botnet pattern",High,"TP-0001,TP-0002",high
5se74.com,Phishing,"Suspicious 'Loading' title with @tenfyBot server header, part of a known gambling/scam botnet pattern",High,"TP-0001,TP-0002",high
5se63.com,Phishing,"Suspicious 'Loading' title with @tenfyBot server header, part of a known gambling/scam botnet pattern",High,"TP-0001,TP-0002",high
5se46.com,Phishing,"Suspicious 'Loading' title with @tenfyBot server header, part of a known gambling/scam botnet pattern",High,"TP-0001,TP-0002",high
5se56.com,Phishing,"Suspicious 'Loading' title with @tenfyBot server header, part of a known gambling/scam botnet pattern",High,"TP-0001,TP-0002",high
5se79.com,Phishing,"Suspicious 'Loading' title with @tenfyBot server header, part of a known gambling/scam botnet pattern",High,"TP-0001,TP-0002",high
5se81.com,Phishing,"Suspicious 'Loading' title with @tenfyBot server header, part of a known gambling/scam botnet pattern",High,"TP-0001,TP-0002",high
5se57.com,Phishing,"Suspicious 'Loading' title with @tenfyBot server header, part of a known gambling/scam botnet pattern",High,"TP-0001,TP-0002",high
5se24.com,Phishing,"Suspicious 'Loading' title with @tenfyBot server header, part of a known gambling/scam botnet pattern",High,"TP-0001,TP-0002",high
5sbetwin.net,Phishing,Gambling site likely impersonating a brand or operating illicitly,Medium,TP-0001,medium
5se85.com,Phishing,"Suspicious 'Loading' title with @tenfyBot server header, part of a known gambling/scam botnet pattern",High,"TP-0001,TP-0002",high
5se17.com,Phishing,"Suspicious 'Loading' title with @tenfyBot server header, part of a known gambling/scam botnet pattern",High,"TP-0001,TP-0002",high
5se01.com,Phishing,"Suspicious 'Loading' title with @tenfyBot server header, part of a known gambling/scam botnet pattern",High,"TP-0001,TP-0002",high
5se48.com,Phishing,"Suspicious 'Loading' title with @tenfyBot server header, part of a known gambling/scam botnet pattern",High,"TP-0001,TP-0002",high
5se70.com,Phishing,"Suspicious 'Loading' title with @tenfyBot server header, part of a known gambling/scam botnet pattern",High,"TP-0001,TP-0002",high
5se89.com,Phishing,"Suspicious 'Loading' title with @tenfyBot server header, part of a known gambling/scam botnet pattern",High,"TP-0001,TP-0002",high
5lmn.com,Parked,Registered on behalf of client placeholder,High,,
5se30.com,Phishing,"Suspicious 'Loading' title with @tenfyBot server header, part of a known gambling/scam botnet pattern",High,"TP-0001,TP-0002",high
5se43.com,Phishing,"Suspicious 'Loading' title with @tenfyBot server header, part of a known gambling/scam botnet pattern",High,"TP-0001,TP-0002",high
5se68.com,Phishing,"Suspicious 'Loading' title with @tenfyBot server header, part of a known gambling/scam botnet pattern",High,"TP-0001,TP-0002",high
5s.com,Parked,Explicit 'for sale' title,High,,
5travelers.com,Parked,Standard parking page title structure,High,,
5tesla.com,Legitimate,Medical imaging center in Turkey,High,,
5tv.infostore.org,Legitimate,Functional temporary email service (TempMail.Plus),High,,
66zzll.com,C2,"Suspicious 200 OK response with '301 Moved Permanently' title, often used by TDS or C2",Medium,TP-0009,medium
66vvmm.com,C2,"Suspicious 200 OK response with '301 Moved Permanently' title, often used by TDS or C2",Medium,TP-0009,medium
66uuff.com,C2,"Suspicious 200 OK response with '301 Moved Permanently' title, often used by TDS or C2",Medium,TP-0009,medium
66a76.com,Error,Cloudflare 403 Forbidden page,High,,
66tower.com,Parked,HugeDomains parked page,High,TP-0008,high
66betlogin.info,Phishing,Gambling login page on suspicious .info domain,High,"TP-0001,TP-0006",high
66uuaa.com,C2,Suspicious 200 OK response with '301 Moved Permanently' title,Medium,TP-0009,medium
66zzcasino.net,Phishing,Casino/Gambling site likely unregulated/scam,Medium,TP-0006,medium
66br88.com,Phishing,"Gambling/Betting site targeting Brazil, likely scam",Medium,TP-0006,medium
66vvrr.com,C2,Suspicious 200 OK response with '301 Moved Permanently' title,Medium,TP-0009,medium
66uugg.com,C2,Suspicious 200 OK response with '301 Moved Permanently' title,Medium,TP-0009,medium
66wwzz.com,C2,Suspicious 200 OK response with '301 Moved Permanently' title,Medium,TP-0009,medium
675hosting.com,Phishing,Gambling/Betting site (SC88) hosted on unrelated domain name,Medium,TP-0006,medium
66wwrr.com,C2,Suspicious 200 OK response with '301 Moved Permanently' title,Medium,TP-0009,medium
6789fccom.com,Phishing,Gambling/Betting site (6789win) likely scam,Medium,TP-0006,medium
66ttll.com,C2,Suspicious 200 OK response with '301 Moved Permanently' title,Medium,TP-0009,medium
60950.cn,C2,"Empty title on AliyunOSS, potential beacon or storage bucket",Low,TP-0004,low
66vvee.com,C2,Suspicious 200 OK response with '301 Moved Permanently' title,Medium,TP-0009,medium
67z8.com,Phishing,"Thai gambling/slot site, common scam pattern",Medium,TP-0006,medium
684casinologin.com,Phishing,Explicit casino login page,High,"TP-0001,TP-0006",high
6668288.com,Legitimate,"Generic navigation site title, likely low quality but not explicitly malicious",Low,,
6789v.com,Phishing,Generic 'Official Home Page' title often used by gambling/scam sites,Low,TP-0006,low
68583.xyz,C2,"Empty title on .xyz domain, suspicious",Low,TP-0004,low
666vu.com,Phishing,"VPN/Accelerator download page, often malware distribution",Medium,TP-0003,medium
677lu.com,C2,"Empty title, OpenResty server, suspicious",Low,TP-0004,low
691024.xyz,Default,Default 'Site created successfully' page,High,,
681pa.com,Default,Default Nginx 'Welcome' page,High,,
696hh.net,Parked,Site stopped/suspended message,High,TP-0008,high
689ac.com,C2,"Empty title, OpenResty server",Low,TP-0004,low
68ybohp.live,Parked,Porkbun parked domain,High,TP-0008,high
6887188.com,C2,"Empty title, OpenResty server",Low,TP-0004,low
682pa.com,Default,Default Nginx 'Welcome' page,High,,
698054.com,Phishing,Macau Jockey Club impersonation/gambling scam,High,"TP-0006,TP-0007",high
681mail.com,Legitimate,"Disposable email service, technically legitimate tool though used by actors",Medium,,
6889188.com,C2,"Empty title, OpenResty server",Low,TP-0004,low
698035.com,C2,"Empty title, AliyunOSS",Low,TP-0004,low
6961666.com,Phishing,"Impersonating Baidu (Title: 'Baidu once, you know')",High,TP-0007,high
68yahoo.com,Phishing,Impersonating Yahoo brand but hosting gambling/betting content (Kaiyun),High,"TP-0007,TP-0006",high
67899vip.com,C2,"Empty title, custom bot server header",Medium,TP-0004,medium
69a8.com,C2,"Empty title, OpenResty server",Low,TP-0004,low
698204.com,C2,"Empty title, Nginx server",Low,TP-0004,low
69vncom.net,Phishing,Gambling/Betting site (69vn) likely scam,Medium,TP-0006,medium
698640.com,Phishing,"Fake security check page ('Security detecting...'), often precedes scam/phishing",Medium,TP-0002,medium
69win15.info,Phishing,Gambling/Betting site (69win) likely scam,Medium,TP-0006,medium
6caijing.com,Error,Cloudflare verification/interstitial page,High,,
698649.com,C2,"Empty title, Nginx server",Low,TP-0004,low
68mail.sbs,Legitimate,Disposable email service,Medium,,
6dx.info,C2,"Empty title, Nginx server",Low,TP-0004,low
62it.ru,Legitimate,"Generic 'Main' title, likely small business or personal site",Low,,
6dz.info,C2,"Empty title, Nginx server",Low,TP-0004,low
79kinh.info,Phishing,"Gambling/betting site with keyword stuffing, likely unregulated or spam",Medium,,
789bet08.com,Phishing,"Gambling/betting site, common pattern for spam/phishing",Medium,,
789win88.info,Phishing,"Gambling/betting site, common pattern for spam/phishing",Medium,,
7841.com,Parked,Domain is for sale message,High,,
777et.com,Parked,"Minimal content, title matches domain, likely parked",Low,,
7bet.com.ph,Default,"Empty title, standard Apache server header, likely unconfigured",Medium,,
7be.org,Legitimate,Business title '7 Bridges Entertainment' on Squarespace,High,,
787y849s.bij.pl,Legitimate,"Blog content about NoSQL, looks like a personal or tech blog",Medium,,
79q.info,Phishing,Gambling/betting site (Cassino Online),Medium,,
79ok.info,Phishing,Gambling/betting site pattern,Medium,,
789.tips,Error,Title explicitly states '403 Forbidden',High,,
7ber.com,Parked,HugeDomains for sale page,High,,
79f.info,Phishing,Gambling/betting platform pattern,Medium,,
79mgame.info,Phishing,Suspicious title pattern often used by gambling spam sites,Low,,
799fu.com,Parked,Title 'Future home of...' indicates parked/default page,High,,
7days-printing.com,Legitimate,Title appears to be encoded characters for a business site,Low,,
7ellsfargo.com,Phishing,Typosquatting 'Wells Fargo' with exact bank title,High,TP-0001,high
7figurehq.com,Legitimate,Marketing/Sales landing page ('Instant Access'),Medium,,
7anku.com,Error,404 Not Found status and title,High,,
7friv.com,Legitimate,Online games site (Friv),Medium,,
7figureadvisorsecrets.com,Legitimate,Marketing/Business coaching site,Medium,,
7752050.ru,Legitimate,Russian pharmaceutical product page,Medium,,
7gbet.org,Phishing,Gambling/betting site (Apostas Online),Medium,,
7hc.com,Default,"Empty title, Apache server",Medium,,
7ggg.info,Phishing,Gambling/betting site (Cassino Online),Medium,,
7figuresalespipeline.com,Parked,Domain for sale,High,,
7go.info,Phishing,Impersonating TikTok title on unrelated domain,High,TP-0001,high
7figuresalesmachines.com,Parked,Domain for sale,High,,
7ijabi.com,Parked,Dynadot auction page,High,,
7figurealliance.com,Parked,Domain for sale,High,,
7dewapoker.net,Phishing,Gambling/Poker site,Medium,,
7899w.top,Error,Title translates to 'Site not found',High,,
7kratom.com,Error,Store unavailable message,High,,
7mcnlivescoresmacao.net,Legitimate,"Sports scores/betting info site (common niche, likely legitimate content farm)",Low,,
7p.underseagolf.com,Parked,Cloudflare Registrar placeholder,High,,
7kfortuneflow.top,Phishing,Casino mirror site (7K Casino),High,,
789toto.org,Phishing,Gambling/Lottery site,Medium,,
7slot.fun,Default,"Empty title, Cloudflare server, likely unconfigured or blocked",Low,,
7nation.com,Legitimate,E-commerce for off-road parts,High,,
7thcircuitreview.com,Parked,"Title matches domain, no other context, likely parked",Low,,
7php.com,Error,403 Forbidden status and title,High,,
7uber.com,Parked,HugeDomains for sale page,High,,
7tags.com,Parked,Parking header and content,High,,
777.net.cn,Error,Non-compliance ICP Filing error,High,,
7ti.me,Error,Cloudflare challenge/block page (403),High,,
7wn.net,Error,Cloudflare challenge/block page (403),High,,
801272.com,Error,Cloudflare challenge/block page (403),High,,
801023.xyz,Error,Cloudflare challenge/block page (403),High,,
808app.com,Parked,HugeDomains for sale page,High,,
7twlev.bij.pl,Legitimate,Tech blog content about Rust programming,Medium,,
698794.com,Parked,Title '404 Not Found' on a 200 OK status often indicates a soft 404 or parked page.,Medium,,
6f.pl,Legitimate,Title suggests a media center/business site.,High,,
67gmil.com,Parked,"Title matches domain name, likely a placeholder.",Medium,,
698031.com,Parked,Title '404 Not Found' on a 200 OK status often indicates a soft 404 or parked page.,Medium,,
69z.com,Parked,Explicit 'Coming Soon' title.,High,,
698241.com,C2,Empty title with OpenResty server often indicates a default or potentially malicious endpoint.,Low,,
6hrs.cc,Parked,Title indicates 'Resources and Information' typical of parking pages.,High,,
6l777betapp.com,Phishing,Gambling/Betting site with suspicious keyword stuffing in title.,Medium,,
6ip.us,Legitimate,Title 'user Blog' suggests a personal or small blog.,Medium,,
6g.glass,Legitimate,"Hosted on GitHub Pages, likely a personal project or redirect.",Medium,,
69v9.com,Error,403 Forbidden status and title.,High,,
6reels.com,Parked,Explicit 'is for sale' title (HugeDomains).,High,,
6sl5om.gemmasmith.co.uk,Parked,Subdomain with 'Big Domains' title suggests parking/holding.,Medium,,
6nns09jw.bee.pl,Legitimate,Subdomain of a known Polish grocery store (bee.pl).,High,,
6n9.net,Error,Cloudflare 'Just a moment...' challenge page on 403 status.,High,,
6vau21.embul.site,Phishing,Namecheap verification page on a subdomain often indicates a suspended or verification-pending fraudulent site.,Medium,TP-0001,low
7075plataforma.info,Phishing,Gambling/Betting platform using suspicious domain structure.,Medium,,
70bet4.info,Phishing,Gambling/Betting site clone.,Medium,,
711phcasino.com,Phishing,"Online casino site, likely unregulated/spam.",Medium,,
70bet2.net,Phishing,Gambling/Betting site clone.,Medium,,
715bet18.info,Phishing,Gambling/Betting site clone.,Medium,,
6teamprod.com,Legitimate,Title indicates a production company associated with Printemps de Bourges.,High,,
71squared.net,Legitimate,Software developer site.,High,,
6ox.com,Error,423 Locked status with 'unavailable' title.,High,,
727qs.com,Phishing,Suspicious streaming/adult content title often associated with spam/malware.,Medium,,
73999r.com,Phishing,Gambling/Betting site (Chinese characters for betting).,Medium,,
75hosting.com,Parked,Explicit 'is for sale' title (HugeDomains).,High,,
741.anonaddy.com,Legitimate,"Subdomain of AnonAddy (email forwarding service), likely a user alias.",High,,
722552.com,Default,Generic title 'My Website' (Chinese) with OpenResty.,Low,,
765betcom.net,Phishing,Gambling/Betting site clone.,Medium,,
76659922.com,C2,"Generic 'News' title on numeric domain is suspicious, often used for C2 or spam.",Low,TP-0002,low
76nbet.info,Phishing,Gambling/Betting site clone.,Medium,,
771149.com,C2,"Empty title on numeric domain, suspicious.",Low,TP-0002,low
765qs.com,Phishing,Suspicious streaming/adult content title often associated with spam/malware.,Medium,,
7728x.com,C2,Generic 'News' title on numeric domain is suspicious.,Low,TP-0002,low
7728s.com,C2,"Empty title on numeric domain, suspicious.",Low,TP-0002,low
7728u.com,Legitimate,Title suggests a specific musical discovery site.,Medium,,
77319.com,Parked,"Title matches domain name, likely placeholder.",Medium,,
77bet1.info,Phishing,Gambling/Betting site clone.,Medium,,
777jsc.com,Legitimate,"Loading page title (Chinese), likely a web app.",Low,,
789club999.com,Phishing,Explicitly flagged as 'Suspected phishing site' by Cloudflare.,High,TP-0001,high
789fcom.info,Phishing,Gambling/Betting site clone.,Medium,,
78jxs.com,Parked,"Title matches domain name, likely placeholder.",Medium,,
789win1vip.com,Phishing,Gambling/Betting site clone.,Medium,,
777tez.info,Phishing,Gambling/Betting site clone.,Medium,,
78winvip.com,Phishing,Gambling/Betting site clone.,Medium,,
79bet31.net,Phishing,Gambling/Betting site clone.,Medium,,
79966.xyz,Phishing,Gambling/Betting site (K8 Entertainment).,Medium,,
78zjx.com,Parked,"Title matches domain name, likely placeholder.",Medium,,
78zjxs.com,Parked,Title 'Forum [domain]' but likely placeholder or spam forum.,Low,,
972198402.xyz,Parked,Default hosting welcome page,High,,
99324.xyz,Default,Minimal 'welcome' title often indicates default server page,Medium,,
8191.at,Legitimate,Heimdall is a known dashboard application,Medium,,
972076221.xyz,Parked,Default hosting welcome page,High,,
888starz.click,Phishing,Gambling/Betting site likely impersonating 888 brand or operating illicitly,Medium,TP-0001,medium
98hg.bet,Default,"Empty title on betting domain, likely incomplete setup",Low,,
972076224.xyz,Parked,Default hosting welcome page,High,,
972076223.xyz,Parked,Default hosting welcome page,High,,
888luckys.net,Phishing,Gambling site using 888 brand keywords,Medium,TP-0001,medium
972198403.xyz,Parked,Default hosting welcome page,High,,
991888h.com,Parked,Explicit parking server header and 'Resources and Information' title,High,,
999capital.com,Parked,Website stopped message indicates inactive/parked status,High,,
97sys.com,Legitimate,Temporary email service (functional tool),Medium,,
994r.com,Default,Generic 'Welcome' title on Nginx,Medium,,
9999.addy.io,Legitimate,Subdomain of addy.io (email forwarding service),High,,
99yh.app,Default,"Empty title, Apache server",Low,,
99ok123.info,Phishing,"Gambling/Betting keywords (99ok, vin, casino)",Medium,TP-0001,low
898ac.com,Phishing,Gambling/Betting site (Cassino Online),Medium,TP-0001,low
99x99.com,Parked,Explicit 'for sale' title (HugeDomains),High,,
99winlogin.net,Phishing,Login page for betting site (99win),Medium,TP-0001,medium
99c2.com,Default,Generic 'Welcome' title on Nginx,Medium,,
99491.xyz,Phishing,"Suspicious title 'Security Check' (translated), often used in scams",Low,TP-0005,low
99marks.com,Legitimate,Looks like a business/service site,Medium,,
9email.com,Parked,Explicit 'for sale' title (HugeDomains),High,,
9ik8.awesome47.com,Parked,Cloudflare Registrar placeholder,High,,
9hh30.com,Default,"Empty title, Apache server",Low,,
9kbossbet.com,Phishing,Gambling/Betting site (9kboss),Medium,TP-0001,low
9ibet.info,Phishing,Gambling/Betting site (9i bet),Medium,TP-0001,low
9monsters.com,Parked,Explicit 'for sale' title (HugeDomains),High,,
9mmovies.com,Error,403 Forbidden status with Cloudflare challenge title,High,,
9maja.pl,Legitimate,Polish blog/site title,Medium,,
9okta.com,Legitimate,Business site title,Medium,,
9pgame.net,Phishing,Gambling/Betting site (9dbet),Medium,TP-0001,low
9prism.4wrd.cc,Default,"Empty title, Nginx server",Low,,
9oul.com,Parked,Future home of... indicates parking,High,,
9ox.net,Legitimate,"Simple title matching domain, likely personal site or small project",Low,,
9rbetapp.net,Phishing,Gambling/Betting site (9rbet),Medium,TP-0001,low
9rbet9app.net,Phishing,Gambling/Betting site (9rbet),Medium,TP-0001,low
9rbettelegram.com,Phishing,Gambling/Betting site (9rbet),Medium,TP-0001,low
9spokesqa.mailinator.com,Legitimate,Mailinator QA subdomain,High,,
9y.awesome47.com,Parked,Cloudflare Registrar placeholder,High,,
9us9b4.gomuluffy.store,Parked,Namecheap verification/parking page,High,,
a-cmotors.ru,Phishing,CryptoBoss Casino mirror on unrelated domain (motors),High,TP-0001,medium
a-dp.com,Error,403 Forbidden explicit title,High,,
a-bc.net,Legitimate,Spamgourmet is a known anti-spam service,High,,
a.addrs.cc,Error,403 Forbidden explicit title,High,,
a-llstate.com,Phishing,Typosquatting Allstate (insurance brand),High,TP-0001,high
a-party.com,Parked,Explicit 'domain may be for sale' title,High,,
a-ge.ru,Parked,Russian hosting placeholder 'Site placed incorrectly',High,,
a-mazon.com,Phishing,Typosquatting Amazon,High,TP-0001,high
80jilinet.com,Phishing,Gambling/Casino login page often associated with spam/fraud networks,Medium,TP-0001,medium
814563.xyz,Phishing,Gambling/Betting site (K8) often used for money laundering or fraud,Medium,TP-0001,medium
814565.xyz,Phishing,Gambling/Betting site (K8) often used for money laundering or fraud,Medium,TP-0001,medium
814566.xyz,Phishing,Gambling/Betting site (K8) often used for money laundering or fraud,Medium,TP-0001,medium
81004.xyz,C2,"Empty title, numeric domain, nginx server, suspicious pattern",Low,,
845542.com,Error,Cloudflare challenge/block page (Just a moment...),High,,
84569.xyz,Default,"Generic 'welcome' title, likely default server page",Medium,,
81519gcu.orge.pl,Parked,Hosting provider default/parked page (SeoHost.pl),High,,
847263.com,C2,"Empty title, numeric domain, nginx server, suspicious pattern",Low,,
847262.com,Error,403 Forbidden title,High,,
816206.com,Error,403 Forbidden title,High,,
8355699.com,Parked,"Domain matches title, generic DPS server, likely parked",Medium,,
85hotmail.com,Parked,Explicit 'Directnic Parking' title,High,,
845293.com,Parked,"Domain matches title, generic OpenResty server, likely parked",Medium,,
845172.com,C2,"Empty title, numeric domain, cdn server, suspicious pattern",Low,,
816qs.com,Phishing,Adult/Gambling content often associated with malware distribution or fraud,Medium,TP-0001,medium
847194.com,Parked,"Domain matches title, generic OpenResty server, likely parked",Medium,,
865qs.com,Phishing,Adult/Gambling content often associated with malware distribution or fraud,Medium,TP-0001,medium
876518.xyz,Phishing,Impersonating Xunlei Cloud Drive (Thunder),High,TP-0001,high
875369.com,Legitimate,Recruitment/Job board site (Shenzhen),Medium,,
872953.com,Phishing,Adult content site often associated with malware/fraud,Medium,TP-0001,medium
873827.com,Error,Cloudflare block page (Attention Required!),High,,
864443.com,Default,"Generic 'Welcome' title, nginx server",Medium,,
88122.xyz,Phishing,Gambling/Betting site (K8) often used for money laundering or fraud,Medium,TP-0001,medium
882112233.com,Error,Cloudflare block page (Attention Required!),High,,
88155.xyz,Default,Generic 'welcome' title,Medium,,
873333.xyz,Parked,Explicit 'Parking Page' title,High,,
881bet777.com,Phishing,Gambling/Casino site,Medium,TP-0001,medium
8808go.com,Parked,Explicit 'is for sale' title (HugeDomains),High,,
88224.xyz,Default,Generic 'welcome' title,Medium,,
8819.fun,Parked,Explicit 'Your domain is expired' title,High,,
88312.xyz,Phishing,Gambling/Betting site (K8) often used for money laundering or fraud,Medium,TP-0001,medium
88329.xyz,Legitimate,Beverage site display (likely legitimate small business or template),Low,,
8822bet.info,Phishing,Gambling/Casino site,Medium,TP-0001,medium
88318.xyz,Error,403 Forbidden title,High,,
88492.xyz,Phishing,Gambling/Casino site (Supreme Entertainment),Medium,TP-0001,medium
888683.xyz,Error,403 Forbidden title,High,,
888now22com.com,Phishing,Gambling/Casino site,Medium,TP-0001,medium
884488211.com,C2,"Empty title, numeric domain, suspicious pattern",Low,,
847160.com,C2,"Empty title, numeric domain, nginx server, suspicious pattern",Low,,
882119900.com,C2,"Empty title, numeric domain, nginx server, suspicious pattern",Low,,
873396.com,Legitimate,"Brand name title 'Foanimal', likely small business",Low,,
8alias.com,Legitimate,Known open source service (SimpleLogin),High,,
8betcasino.info,Phishing,Gambling/Casino site,Medium,TP-0001,medium
888starz.skin,Phishing,Gambling/Casino site,Medium,TP-0001,medium
88z7.com,Default,"Generic 'Welcome' title, nginx server",Medium,,
8ber.com,Parked,Explicit 'is for sale' title (HugeDomains),High,,
8chan.co,Phishing,Gambling site impersonating 8chan brand or using similar name,Medium,TP-0001,medium
888starz.cyou,Phishing,Gambling/Casino site,Medium,TP-0001,medium
882117733.com,C2,"Empty title, numeric domain, nginx server, suspicious pattern",Low,,
8dayssoda.com,Phishing,Suspicious gambling/betting site clone or unregulated casino,Medium,TP-0001,medium
88cloud.cc,Parked,Explicit parking title 'Resources and Information' and Server header,High,,
8848.net,Legitimate,Looks like a standard business or brand site based on title matching domain,Medium,,
845325.com,Default,"Empty title with Nginx server, likely default or unconfigured",Low,,
8daywar.com,Phishing,Suspicious gambling/betting site clone or unregulated casino,Medium,TP-0001,medium
8dayvip.info,Phishing,Suspicious gambling/betting site clone or unregulated casino,Medium,TP-0001,medium
888-casino.ru,Error,Explicit 404 Not Found title,High,,
888008.xyz,Parked,Explicit domain sale/parking text in title (Domain Parking - DNSPod),High,,
8email.com,Parked,HugeDomains 'is for sale' page,High,,
8jlcom.info,Phishing,"Online Casino/Gambling site, likely unregulated or spam",Medium,TP-0001,medium
8kbetcasino.net,Phishing,"Online Casino/Gambling site, likely unregulated or spam",Medium,TP-0001,medium
8mystic.com,Parked,HugeDomains parking page,High,,
8intel.com,Legitimate,Specific business title 'Infinite Intel - Curated AI Solutions',High,,
8mtz.com,Parked,Explicit 'Parking Page' title,High,,
8oivvg.dropmail.me,Legitimate,Known disposable email service (Dropmail),High,,
8t.com,Legitimate,Looks like a specific business/investment site,Medium,,
8sbank.com,Parked,HugeDomains parking page,High,,
8shield.net,Legitimate,Known open source service (SimpleLogin),High,,
8x8x.site,Legitimate,"Generic site building title, possibly low quality but not explicitly malicious",Low,,
90dy.net,Error,403 Forbidden / Cloudflare challenge page,High,,
95hype.com,Error,403 Forbidden / Unavailable title,High,,
963gmail.com,Phishing,Typosquatting Gmail domain with suspicious encoded title,High,TP-0001,high
965.tmmad.com,Legitimate,Disposable email service provider,Medium,,
945677.com,Error,Cloudflare challenge page (403),High,,
966rsc.org,Error,Explicit 404 Not Found title,High,,
96553c.com,Default,"Generic 'welcome' title on Nginx, typical of default configurations or DGA",Medium,,
96553d.com,Default,"Generic 'welcome' title on Nginx, typical of default configurations or DGA",Medium,,
96553x.com,Default,"Generic 'welcome' title on Nginx, typical of default configurations or DGA",Medium,,
96553b.com,Default,"Generic 'welcome' title on Nginx, typical of default configurations or DGA",Medium,,
966r.org,Error,Explicit 404 Not Found title,High,,
966rgo.org,Error,Explicit 404 Not Found title,High,,
966red.org,Error,Explicit 404 Not Found title,High,,
966rh.org,Error,Explicit 404 Not Found title,High,,
96553w.com,Default,"Generic 'welcome' title on Nginx, typical of default configurations or DGA",Medium,,
944.dog,Legitimate,Coherent business title matching domain,High,,
966rschool.org,Error,Explicit 404 Not Found title,High,,
007game.ru,Default,"Empty title, likely unconfigured or default nginx page",Low,,
9827yh.com,Default,"Empty title, likely unconfigured Apache page",Low,,
9661by.com,Error,Explicit 403 Forbidden title,High,,
9310.ru,Parked,Russian text indicates domain not linked to any directory (hosting placeholder),High,,
987bet7.net,Phishing,"Online betting/gambling site, likely unregulated",Medium,TP-0001,medium
9899089.com,C2,"Gibberish title 'Aginonotebyd cilalakywalo...', typical of DGA/C2",High,TP-0001,high
9898610.com,Legitimate,Looks like a business site 'Innovation Numérique',Medium,,
9899090.com,C2,"Gibberish title 'Ozar tihijobiviqepu...', typical of DGA/C2",High,TP-0001,high
93rus.myjino.ru,Default,"Generic 'Home' title on subdomain, likely personal project or default",Low,,
98hg.app,Default,"Empty title, Apache server",Low,,
972076222.xyz,Parked,"Generic 'Domain welcome page' title, likely parking or DGA landing",Medium,,
99-brand.com,Parked,"Title redirects to 'Dentalgro.com', likely domain forwarding/parking",Medium,,
972198405.xyz,Parked,"Generic 'Domain welcome page' title, likely parking or DGA landing",Medium,,
972076225.xyz,Parked,"Generic 'Domain welcome page' title, likely parking or DGA landing",Medium,,
888starz.space,Legitimate,"Online gambling/betting site, appears functional.",Medium,,
a.b.c.dropmail.me,Legitimate,Disposable email service provider.,High,,
888phlapp.net,Phishing,Suspicious gambling/app download domain often associated with scams or malware distribution.,Medium,TP-0001,medium
a.dropmail.me,Legitimate,Disposable email service provider.,High,,
a-azon.com,Phishing,"Typosquatting Amazon (a-azon), empty title but highly suspicious domain structure.",High,TP-0001,high
9ya.de,Legitimate,"Specific login page for a choir (Marienkantorei), likely legitimate small organization.",Medium,,
88vinzon.com,Legitimate,"Vietnamese gambling/gaming site, appears functional.",Medium,,
a.beervape.com,Parked,Title explicitly states HugeDomains.com.,High,,
88trader.com,Legitimate,Trading platform landing page.,Medium,,
a.lovepettoys.shop,Parked,"Title says 'website has been stopped', hosting suspension message.",High,,
a.marksypark.com,Parked,Title says 'Coming Soon'.,High,,
a.blatnet.com,Default,"Title is just the domain name, likely a default configuration or placeholder.",Medium,,
9y9.app,C2,"Empty title, numeric/short domain, Nginx server, potentially suspicious infrastructure.",Low,,
a-kinofilm.ru,Parked,Russian title translates to 'Domain registration expired'.,High,,
0-mail.com,Legitimate,"Likely a niche mail service or placeholder for one, title matches domain.",Low,,
933933.xyz,Error,403 Forbidden status with Edge IP Restricted title.,High,,
a11state.com,Phishing,"Typosquatting Allstate (a11state), empty title.",High,TP-0001,high
a-e-serv.ru,Error,403 Forbidden title.,High,,
a10mail.com,Parked,Title says 'has expired'.,High,,
airsmtp.com,Legitimate,Looks like an SMTP service or infrastructure page.,Medium,,
a-b.co.za,Parked,Title says 'Account Suspended'.,High,,
8xgui.com,Parked,Chinese title indicates domain expiration/renewal reminder.,High,,
a1exch.com,Error,403 Forbidden status.,High,,
a-sound.ru,Parked,Russian title translates to 'This domain is for sale'.,High,,
aisbnb.com,Phishing,"Typosquatting Airbnb (aisbnb), protected by Cloudflare interstitial.",Medium,TP-0001,medium
a-1.site,Default,"Minimal title 'a1', likely default or incomplete setup.",Medium,,
a1b2.cloudns.ph,Default,Title 'Example Domain' is standard for reserved/default pages.,High,,
aisearchworld.com,Legitimate,Functional title describing an AI search service.,Medium,,
airwaysaviationonline.com,Legitimate,"Likely a legitimate aviation training site, despite empty title (common misconfig).",Low,,
a1lstate.com,Phishing,"Typosquatting Allstate (a1lstate), empty title.",High,TP-0001,high
airuc.com,Legitimate,"Chinese system title, likely a backend or specific application.",Medium,,
airvbnb.com,Phishing,"Typosquatting Airbnb (airvbnb), default apache page often used in parked/squatted domains.",Medium,TP-0001,medium
aistudio.google.com,Legitimate,Official Google subdomain.,High,,
aiscriptgenerator.net,Legitimate,Functional AI tool site.,High,,
aisecret.com,Legitimate,Newsletter/content site about AI.,High,,
airtalkwireless.com,Legitimate,"Known wireless provider, Cloudflare interstitial (403) is common for bot protection.",High,,
aismartad.com,Parked,Title explicitly says 'For Sale Domain'.,High,,
a-zure.com,Phishing,"Typosquatting Azure (a-zure), 403 forbidden.",High,TP-0001,high
aitubo.ai,Legitimate,AI service provider.,High,,
aitonpartners.com,Legitimate,Business landing page.,Medium,,
aitu.asia,Parked,Title says 'website has been stopped'.,High,,
aitecleco.com,Default,"Empty title, Apache server, likely unconfigured.",Medium,,
airtel.site,Parked,Russian title says 'Domain not tied to hosting'.,High,,
a40.com,Error,403 Forbidden / Attention Required.,High,,
aitoolsbox.website,Parked,Title says 'Parked Domain name on Hostinger'.,High,,
aiwriter.live,Parked,Title says 'Parked Domain name on Hostinger'.,High,,
aiwritingmeta.com,Legitimate,Content blog/site about AI writing.,High,,
a333yuio.uni.cc,C2,"Suspicious subdomain on free DNS provider (uni.cc), title 'Loading...', Cowboy server (Erlang) often used in malware infra.",Medium,,
aizbnb.com,Parked,"Title says 'Parked Domain name on Hostinger'. (Also typosquatting Airbnb, but currently parked).",High,,
aixoio.com,Default,"Title matches domain name, likely placeholder.",Medium,,
a3.ai,Legitimate,Valid business title and server header,High,,
00xtwo.site,Parked,Explicit parking server header and title structure,High,,
00two.shop,Parked,Explicit parking server header and title structure,High,,
a41odgz7jh.com.com,Parked,Coming Soon title and suspicious subdomain structure,Medium,,
999132.com,Parked,HugeDomains is a known domain parking/sales service,High,,
a-dnk.ru,C2,Empty title with generic Nginx server often indicates C2 or unfinished setup,Low,,
00reviews.com,C2,Gibberish title suggests DGA or automated content generation often used in C2/Spam,Medium,,
99cows.com,C2,Empty title on Cloudflare often indicates C2 or parked without content,Low,,
9jersey.com,Legitimate,"Title matches domain, likely a small business or shop",Medium,,
888starz.tr,Legitimate,"Betting/Gambling site, likely legitimate within its jurisdiction",Medium,,
ajajo.com,Error,404 Not Found status and title,High,,
a5gamebr.com,Legitimate,Online gaming/gambling platform title,Medium,,
999betcc.net,Legitimate,Online betting platform title,Medium,,
ajajo.web.id,Error,404 Not Found status and title,High,,
a87777.com,C2,Empty title with Nginx/Microsoft hybrid header is suspicious,Low,,
a97ag.com,Legitimate,Gambling/Platform login title,Medium,,
a97bet.info,Legitimate,Gambling platform title,Medium,,
031845.com,C2,"Empty title, numeric domain, Apache server",Low,,
035616.click,Phishing,Generic 'Cloud Mail' title on unrelated numeric domain suggests credential harvesting,High,TP-0001,high
a99z.com,Error,403 Forbidden status and title,High,,
aa123bet.info,Legitimate,Gambling platform title,Medium,,
aa.dropmail.me,Legitimate,Disposable email service,High,,
aaa-chemicals.com,Phishing,"Title (Mafia Casino) completely mismatches domain (Chemicals), indicates compromise/SEO spam/Phishing",High,TP-0001,medium
aalesforce.com,Phishing,Typosquatting Salesforce (aalesforce) and flagged by Cloudflare as suspected phishing,High,TP-0001,high
07900010.com,Parked,Generic 'News' title on numeric domain is typical of parking templates,Medium,,
aamzon.com,Phishing,Typosquatting Amazon,High,TP-0001,high
aalyaa.com,Parked,Explicit 'domain is for sale' title,High,,
aallaa.org,Default,FASTPANEL default page,High,,
078qs.com,Legitimate,Adult/Streaming content title,Medium,,
079827.com,Default,Generic 'Welcome' title with Nginx usually indicates default installation,Medium,,
aall.de,Legitimate,Valid business/shop title listing products,Medium,,
aanthropic.com,Phishing,Typosquatting Anthropic (AI company),High,TP-0001,high
aamazon.com,Phishing,Typosquatting Amazon,High,TP-0001,high
069d.emergencylocksmith.xyz,C2,Index of / title on a suspicious subdomain often indicates malware distribution or C2,Medium,,
082qs.com,Legitimate,Adult/Streaming content title,Medium,,
99129.xyz,C2,Empty title on numeric xyz domain,Low,,
aarkolt.com,Legitimate,Creative Agency title,High,,
aanthem.com,Phishing,Typosquatting Anthem (Insurance),Medium,TP-0001,medium
aard.org.uk,Parked,Explicit Parking Page title,High,,
99181.xyz,Default,Generic 'Welcome' title with Nginx,Medium,,
aaron-culligan.com,Parked,Website stopped message,High,,
99253.xyz,Legitimate,Lottery/Betting site title,Medium,,
99102.xyz,Default,Generic 'Welcome' title with Nginx,Medium,,
99238.xyz,Default,Generic 'Welcome' title with Nginx,Medium,,
99183.xyz,C2,Empty title on numeric xyz domain,Low,,
99284.xyz,Default,Generic 'welcome' title with Nginx,Medium,,
08058383859.com,Legitimate,Public Email Service title,Medium,,
99240.xyz,Default,Generic 'Welcome' title with Nginx,Medium,,
99104.xyz,Default,Generic 'Welcome' title with Nginx,Medium,,
99191.xyz,C2,Empty title on numeric xyz domain,Low,,
99194.xyz,Default,"Generic 'Welcome' title on Nginx, likely default installation",Medium,,
0888vns.com,Legitimate,"Empty title with Cloudflare often indicates a protected backend or API, insufficient evidence for malicious intent without content",Low,,
99278.xyz,Legitimate,"Title suggests a lottery/gambling site (大发彩票), common on .xyz but not inherently phishing without brand impersonation",Medium,,
99308.xyz,Default,Generic 'Welcome' title on Nginx,Medium,,
99314.xyz,Default,"Empty title on Nginx, likely unconfigured",Low,,
aaronlittles.com,Legitimate,Personal portfolio or blog title,High,,
99360.xyz,Default,Generic 'Welcome' title on Nginx,Medium,,
a.llstate.com,Phishing,"Typosquatting Allstate (a.llstate vs allstate), likely phishing",High,TP-0001,high
aaronboydarts.com,Parked,Title explicitly states 'Future home of...',High,,
095598.xyz,Parked,Title explicitly states 'Parking Page',High,,
aatna.com,Parked,"Title matches domain name, typical of parking landers",Medium,,
a.irbnb.com,Phishing,"Typosquatting Airbnb (a.irbnb vs airbnb), likely phishing",High,TP-0001,high
abastecedoragrafica.com,Error,403 Forbidden status and title,High,,
0aypal.com,Phishing,"Typosquatting PayPal (0aypal vs paypal), likely phishing",High,TP-0001,high
abaok.com,Parked,HugeDomains parking page,High,,
abarrotesfanny.com,Parked,Title 'Próximamente' (Coming Soon) on Squarespace,High,,
abacbs.org,Legitimate,"Academic society title, consistent with .org",High,,
aaronson3.sendsmtp.com,Legitimate,"Subdomain of sendsmtp.com, likely a legitimate mail service endpoint or customer page",Medium,,
0clickemail.com,Legitimate,"Selling aged email accounts, grey area but likely a business site rather than active phishing",Medium,,
abbeygate-portugal.com,Error,403 Forbidden status and title,High,,
0du.win,Legitimate,Title 'Jaz Mail' suggests a personal or small service site,Low,,
0accounts.com,Legitimate,"Title 'axel' is ambiguous, but no clear signs of malice or parking",Low,,
0eml.com,Parked,Title explicitly states 'Coming Soon',High,,
abbelt.com,Legitimate,Corporate/Venture title,Medium,,
abc68650.dropmail.me,Legitimate,Disposable email service provider (Dropmail),High,,
abc8slot.com,Legitimate,Online gambling/casino site,Medium,,
abc68993.dropmail.me,Legitimate,Disposable email service provider (Dropmail),High,,
ab1.pl,Legitimate,Advertising agency title,High,,
abc8viplogin.com,Legitimate,"Casino login page, appears to be the actual casino site rather than impersonation of a third party",Medium,,
0gyenlcce.dropmail.me,Legitimate,Disposable email service provider (Dropmail),High,,
abcdefghijklmnopqrstuvwxyzabcdefghijklmnopqrstuvwxyzabcdefghijk.com,Legitimate,"Long alphabet domain, likely a novelty or test site, no malicious indicators",Medium,,
aballar.com,Default,"Generic 'Loading...' title on Nginx, insufficient content",Low,,
abc.joyrideday.com,Legitimate,Subdomain with specific business title 'Highpeak - Home',Medium,,
99999cn.com,Legitimate,Adult content title (Chinese characters referencing video download),Medium,,
0hcow.com,Parked,"Title matches domain name, typical of parking",Medium,,
0hdear.com,Default,FASTPANEL default page,High,,
999nudes.com,Error,403 Forbidden (Cloudflare 'Just a moment...'),High,,
00jac.com,Legitimate,"Empty title, GSE server (Google Search Appliance/Engine), likely internal or specific use",Low,,
abdominoplastylongisland.com,Legitimate,Medical practice title,High,,
abdcart.shop,C2,Title 'Aabkhan BotHost' suggests bot hosting infrastructure,Medium,TP-0002,medium
abcx.dropmail.me,Legitimate,Disposable email service provider (Dropmail),High,,
abdiell.xyz,Parked,Title 'Resources and Information' is a standard parking template,High,,
abenzymes.us,Legitimate,Business title 'Industrial Enzyme Manufacturer',High,,
abcnetworkingu.pl,Parked,Title 'Future home of...',High,,
0hiolce.com,Parked,"Title matches domain name, typical of parking",Medium,,
0kx.com,Phishing,"Impersonating OKX exchange (crypto), offering app downloads",High,TP-0001,high
abdataclassaction.com,Legitimate,Legal administration site title,High,,
abduct.mailer.me,Legitimate,"Subdomain of mailer.me, likely a service endpoint",Medium,,
abdullah.ch,Error,403 Forbidden (Cloudflare 'Just a moment...'),High,,
0kok.net,Parked,Gabia domain parking page (Korean registrar),High,,
0live.org,C2,"Empty title with Cloudflare server, often indicative of hidden infrastructure or C2",Medium,,
abdgoalys.store,C2,"Empty title on .store domain, suspicious pattern",Low,,
abhacholidays.com,C2,"Empty title on IIS server, potentially unconfigured or malicious",Low,,
abendschoen.com,Parked,Explicit 'for sale' title (HugeDomains),High,TP-0004,high
0nce.net,Phishing,Title is 'Google' but domain is not Google; classic impersonation,High,TP-0002,high
ablatech.com,Error,Status 404 and Title 404,High,,
abingtongroup.com,Parked,HugeDomains title,High,TP-0004,high
0nc.com,Legitimate,"Title indicates ICP filing (备案), common for legitimate Chinese infrastructure",Medium,,
abi.de,Legitimate,Government agency site (Bundesagentur für Arbeit),High,,
abcz.info.tm,Parked,Generic subdomain placeholder title,Medium,TP-0004,medium
0nelce.com,C2,"Empty title, suspicious domain name structure",Low,,
0okta.com,Phishing,"Typosquatting Okta (0okta vs okta), title references '9 OKTAS'",High,"TP-0001,TP-0002",high
abc2018.ru,Legitimate,Title 'Покороче' (Shorter) suggests a link shortener or blog,Medium,,
0nly.org,Legitimate,"Title matches domain, appears to be a personal or project site",Low,,
aber.com,Legitimate,"Title matches domain, likely a small business or personal site",Low,,
abdprg.site,Default,Russian default server page ('Domain is not linked to any directory'),High,,
abm.com,Legitimate,Known large facility services company,High,,
0nrg.com,C2,"Empty title, suspicious domain",Low,,
abnermontessori.org,Legitimate,School website,High,,
ablp.com,Legitimate,Financial services business site,High,,
0paypal.com,Phishing,"Typosquatting PayPal (0paypal), 'Coming Soon' often masks future phishing",High,"TP-0001,TP-0002",high
ablenow.com,Legitimate,Legitimate financial service (ABLE accounts),High,,
abot.awesome47.com,Parked,Title 'Cloudflare Registrar' usually indicates a parked/default state on CF,Medium,TP-0004,medium
abouse.space,Legitimate,Creative title 'Dream Cartel' suggests blog or art project,Low,,
abogadomall.com,Legitimate,Legal directory service,High,,
abmushroom.com,Legitimate,E-commerce store for mushrooms,High,,
abola.com,Legitimate,Major Portuguese sports newspaper,High,,
about.me,Legitimate,Well-known personal profile service,High,,
abonc.com,Parked,Title 'Future home of...',High,TP-0004,high
about.poisedtoshrike.com,Parked,Title 'Coming Soon',High,TP-0004,high
abovebeyondcreatives.com,Error,403 Forbidden (Cloudflare block page),High,,
0pena1.com,Phishing,"Typosquatting OpenAI (0pena1 vs openai), currently hosting a blog but domain intent is malicious",High,TP-0001,high
abp.com,Legitimate,Business site,High,,
0sew0x.embul.site,C2,"Empty title, random subdomain string, cheap TLD",Medium,,
0progressive.com,Phishing,"Typosquatting Progressive Insurance, title 'Loading...'",Medium,"TP-0001,TP-0002",medium
absensidikjari.com,Legitimate,Fingerprint attendance system product page,High,,
0th-world.net,Legitimate,"Generic 'News' title, likely a blog or aggregator",Low,,
0sg.net,Legitimate,Spamgourmet is a known disposable email service,High,,
abqkravku4x36unnhgu9.co.cc,C2,"High entropy random subdomain (DGA-like), empty title",High,,
abovetherestnv.com,Legitimate,Local service business (Carpet Cleaning),High,,
aboodbab.com,C2,"Empty title, LiteSpeed server, ambiguous content",Low,,
0sp.me,Parked,Title indicates 'Resources and Information' (parking template),High,TP-0004,high
abshc.com,Error,403 Forbidden,High,,
absolutelyecigs.com,Error,403 Forbidden,High,,
absoluteexcellence.com,Error,403 Forbidden,High,,
absolutecarefunerals.com,Legitimate,Funeral home business site,High,,
abrace.eu,Error,403 Forbidden,High,,
abu.sytes.net,C2,"Empty title on dynamic DNS domain (sytes.net), high risk",Medium,,
abstractiontechnology.com,Parked,Title explicitly states domain is available,High,TP-0004,high
abusedb.net,Error,404 Not Found,High,,
abubakaramboss.anonaddy.com,Legitimate,"Subdomain of AnonAddy (email forwarding service), likely a user alias",Medium,,
0wnd.org,Legitimate,Spamgourmet is a known disposable email service,High,,
0rg.fr,Default,"Empty title, standard hosting header, likely unconfigured",Low,,
abe2.tempdukviet.site,Phishing,"TMail title on suspicious subdomain structure, often used for disposable mail or spam infrastructure",Medium,TP-0001,medium
abe9.tempdukviet.site,Phishing,"TMail title on suspicious subdomain structure, often used for disposable mail or spam infrastructure",Medium,TP-0001,medium
0wnd.net,Legitimate,Spamgourmet is a known disposable email service,High,,
ac-jk.com,Default,"Empty title, Apache server, likely unconfigured",Low,,
abwesend.de,Legitimate,GMX is a major German email provider,High,,
ac2.mailer.me,Legitimate,"Subdomain of mailer.me, likely email infrastructure",Medium,,
ac.brashbeat.online,Parked,Title explicitly states 'Your domain is expired',High,,
acampadaparis.com,Phishing,Thai gambling/slot content on unrelated domain name (compromised or spam),High,TP-0001,medium
0x404.addy.io,Legitimate,Subdomain of addy.io (email forwarding service),High,,
0x0.sk,Legitimate,Minimalist file hosting/pastebin service,Medium,,
0x7121.com,Default,"Empty title, nginx server",Low,,
abeshop.space,Legitimate,E-commerce site for grafting tools (Ukrainian),Medium,,
acale.com,Parked,Title explicitly states 'Business Domains for Sale',High,,
acapelia.com,Legitimate,Business site for automotive leads,High,,
acanadianpharmacy.com,Error,Cloudflare challenge page (Just a moment...),High,,
academic.edu.rs,Legitimate,Academic institution/identity provider in Serbia,High,,
aboves.store,Legitimate,Korean e-commerce store,Medium,,
acceleratedbuilding.com,Error,403 Forbidden title,High,,
ac35.capytumbum.online,Phishing,"TMail title on suspicious subdomain structure, often used for disposable mail or spam infrastructure",Medium,TP-0001,medium
ac-shopify.top,Parked,"Title says 'Coming Soon', domain mimics Shopify but is .top",Medium,,
accelerateseo.com,Parked,HugeDomains for sale page,High,,
abuseipdb.ru,Default,"Empty title, nginx server, likely unconfigured or backend",Low,,
1.emaile.org,Parked,Title explicitly states 'Your domain is expired',High,,
acasabianca.com,Legitimate,E-commerce site for cushions/decor,High,,
0celot.com,Default,"Empty title, nginx server",Low,,
abvent.com,Error,Cloudflare 'Attention Required' block page,High,,
accessibletraveleurope.com,Error,Cloudflare challenge page (Just a moment...),High,,
accessmedia.it,Parked,Title says 'Coming Soon',High,,
accessequalhealthcare.com,Parked,Default parking page title (domain name only),Medium,,
accidentattorneyct.net,Default,"Empty title, nginx server",Low,,
10-minute-mail.net,Error,403 Forbidden title,High,,
1-best.ru,Parked,Title 'В разработке' means 'In development',High,,
acchroma.com,Legitimate,Business site for printing/fulfillment,High,,
1000mail.com,Parked,HugeDomains for sale page,High,,
account.godaddy.com,Error,Access Denied title on legitimate GoDaddy subdomain,High,,
1000sonnen.com,Error,404 Not Found title,High,,
accident.com,Legitimate,Legal referral service,High,,
100b.site,Legitimate,"Vercel project 'Unnamed Project', likely a dev/test site",Medium,,
account.chase.com,Legitimate,Official Chase Bank login/account page,High,,
accountoffers.wellsfargo.com,Legitimate,Official Wells Fargo page,High,,
accidentfund.com,Legitimate,Insurance company website,High,,
accidentalprogramming.com,Legitimate,Tech/PropTech site,Medium,,
accountabilitycalendar.com,Parked,HugeDomains for sale page,High,,
account.elephant.com,Default,"Empty title, nginx server",Low,,
accidentlawyerct.net,Default,"Empty title, nginx server",Low,,
ac29.capytumbum.online,Phishing,"TMail title on suspicious subdomain structure, often used for disposable mail or spam infrastructure",Medium,TP-0001,medium
1001fonts.info,Legitimate,Font/Game aggregation site (Spanish),Medium,,
10-minutes.email,Error,Explicit 403 status and title,High,,
accounts.crypto.com,Legitimate,Official login page for Crypto.com,High,,
account.mailbox.zip,Parked,Namecheap verification/parking page,High,,
accidentes.art,Legitimate,Appears to be a legitimate business site (Accidentes ART),Medium,,
1-xbet-igrovye-avtomaty.ru,Parked,Title indicates domain registration expired (Истёк срок регистрации домена),High,,
accounts.intuit.com,Legitimate,Official Intuit login page,High,,
accurateconstruction.net,Parked,Standard parking template title 'Resources and Information',High,,
1012.com,Parked,Title says 'Coming Soon',High,,
accidentlawgroup.com,Legitimate,Law firm business site,High,,
absorbenty.pl,Legitimate,Specific business title describing products (moisture absorbers),High,,
accounts.hindilanguage.org,Parked,German parking message 'Domain noch nicht zugewiesen',High,,
aceacq.com,Legitimate,"Empty title often implies API endpoint or misconfigured legitimate site, but not inherently malicious without more context. Defaulting to Legitimate/Benign.",Low,,
acealan.dpdns.org,Legitimate,"Dynamic DNS domain, empty title, likely personal server",Low,,
acebabe.com,Error,"Cloudflare 'Just a moment' usually precedes content, treated as Error/Interim here due to 403",Medium,,
acemail.fun,Parked,Standard parking template title 'Resources and Information',High,,
10bestpayrollsoftware.com,Legitimate,"Empty title on Vercel often implies a headless app or landing page under construction, likely affiliate marketing",Medium,,
aceslot888.net,Legitimate,"Gambling/Slot site, technically legitimate content even if high risk",Medium,,
accountscenter.support,Phishing,"Suspicious domain pattern (accountscenter + support TLD) often used for support scams or credential harvesting, currently erroring",Medium,TP-0001,medium
aceseria.site,Parked,Standard parking template title 'Resources and Information',High,,
aceh.coffee,Parked,Standard parking template title 'Resources and Information',High,,
aceventscatering.com,Legitimate,Catering business site,High,,
ace.in.ua,Legitimate,Organization website,High,,
10bestpayrollservices.com,Legitimate,Affiliate marketing/review site hosted on Vercel,Medium,,
ace333.info,Legitimate,Gambling/Casino site,High,,
acentri.com,Legitimate,Business homepage,High,,
acemail.info,Default,FASTPANEL default page,High,,
10bestantivirusproviders.com,Legitimate,Affiliate marketing site hosted on S3,High,,
10minutemail.com,Error,Cloudflare block/challenge page,High,,
10mail.xyz,Error,Explicit 403 Forbidden,High,,
10mail.org,Legitimate,Disposable email service mirror,High,,
10m.in,Legitimate,Marketing agency site,High,,
10379.com,Default,Nginx default welcome page,High,,
10minute-mail.com,Legitimate,"Disposable email service (Create Next App title implies unconfigured frontend, but domain intent is clear)",Medium,,
10minemail.com,Error,Cloudflare challenge page,Medium,,
10minutemail.net,Legitimate,Disposable email service,High,,
bspin.club,Legitimate,Gambling/Casino site,High,,
arachi.site,Legitimate,Adult/Escort service directory,High,,
arabsalim.com,Legitimate,"Empty title, likely benign content or under construction",Low,,
btbroadbandvoice.com,Parked,"Title matches domain exactly, likely parked or placeholder",Medium,,
arabiaradio.org,Legitimate,Radio streaming site,High,,
aquilateam.com,Parked,Explicitly states 'is for sale' (HugeDomains),High,,
aqure.com,Legitimate,Product page for Radiometer,High,,
arashkarimzadeh.com,Legitimate,Personal portfolio website,High,,
arabtorrent.org,Legitimate,Torrent tracker community,High,,
btapi.com,Error,Cloudflare challenge page,Medium,,
bsnsmaster.store,Parked,Suspended/Stopped website message,High,,
aquera.com,Legitimate,B2B SaaS platform,High,,
arazon.com,Legitimate,"Empty title on IIS, likely unconfigured but benign",Low,,
arabskij.ru,Error,Explicit 404 Not Found,High,,
ararose.com,Legitimate,"Empty title, likely benign",Low,,
bt.dropmail.me,Legitimate,Known disposable email service provider,High,,
btemp.com,Parked,Domain for sale message (HugeDomains),High,,
aquiesqueretaro.com,Legitimate,Standard business/informational site title,Medium,,
arbdigital.com,Parked,Domain for sale message (HugeDomains),High,,
arakjlb.ovh,C2,"Empty title on OVH domain, suspicious pattern",Low,,
arcadiaego.com,Legitimate,"Domain matches title, likely small business or personal site",Medium,,
arbvc.com,Parked,Domain for sale message (Spaceship.com),High,,
btc-mail.net,Parked,Expired domain message,High,,
ar-vids.com,Legitimate,"Domain matches title, likely content site",Medium,,
btfinex.com,Phishing,"Typosquatting Bitfinex (crypto exchange), empty title, suspicious",Medium,TP-0001,medium
btimart.com,Phishing,"Typosquatting BitMart (crypto exchange), title claims to be BitMart",High,TP-0001,high
arbordigital.com,Parked,Domain for sale message (HugeDomains),High,,
aranda20.roastedtastyfood.com,Legitimate,Subdomain on likely legitimate food blog/site,Medium,,
btiget.com,Phishing,"Typosquatting Bitget (crypto exchange), title mimics brand",High,TP-0001,high
btbe.dropmail.me,Legitimate,Known disposable email service provider,High,,
arashi.ddnsfree.com,C2,"Dynamic DNS domain with Google DNS title, likely traffic redirection or C2",Medium,TP-0002,medium
aqwee.online,Parked,Parked domain message (Hostinger),High,,
btcc.com,Legitimate,Known legitimate crypto exchange,High,,
araech.anonaddy.com,Legitimate,Known email forwarding service (AnonAddy),High,,
btget.com,Phishing,"Typosquatting Bitget, title mimics brand",High,TP-0001,high
btc.email,Legitimate,Niche email service provider,Medium,,
btjia.net,Legitimate,Chinese BitTorrent/Movie site,Medium,,
arashnrim.me,Legitimate,Personal portfolio/blog,High,,
arbumasa.com,Legitimate,Business site matching domain name,Medium,,
araul.in,Default,Generic 'Welcome' title on Caddy server,Medium,,
araldi.me,Legitimate,Wiktionary entry/mirror,High,,
btmart.com,Parked,Domain for sale message (HugeDomains),High,,
bsml.de,Legitimate,Web development/hosting business site,High,,
architecture101.com,Legitimate,Business/Educational site on Squarespace,High,,
aracle.com,Parked,Coming Soon message,High,,
bts-monitoring.com,C2,"Gibberish title, suspicious for DGA or C2 panel",High,TP-0002,high
archivewest.com,Legitimate,Empty title but likely legitimate business based on domain name,Low,,
arch355.com,Legitimate,"Empty title, Vercel hosting often used for dev projects",Low,,
archanamane.com,Error,403 Forbidden status,High,,
arcadespecialist.com,Legitimate,Business site for arcade games,High,,
arcentra.cfd,Phishing,"Suspicious TLD (.cfd), 'CyberTemp' title suggests tool often used by actors or disposable mail",Medium,TP-0002,low
arcademy.io,Legitimate,Educational platform (LMS),High,,
btiternet.com,Parked,Parking/For Sale template,High,,
arcticleaf.app,Legitimate,App landing page,Medium,,
architects2.com,Error,403 Forbidden title,High,,
arbor-masters.com,Parked,Coming soon / Register domain message,High,,
arbitural.com,Error,403 Forbidden (Cloudflare Attention Required),High,,
arapgege.app,Parked,Parking template text,High,,
btc24.org,Phishing,"Generic finance title on crypto domain, likely fake investment platform",Medium,TP-0001,medium
archetypes.cd,Legitimate,Content site (Betify/OurStory),Medium,,
archerperdue.com,Error,403 Forbidden (Cloudflare Just a moment),High,,
arcadecreekproject.org,Parked,Parking template text,High,,
btsu.edu.pl,Legitimate,Educational institution domain (.edu.pl),High,,
archi-fa.com,Legitimate,Business site hosted on Netlify,Medium,,
archetypeelectric.com,Legitimate,Business site matching domain,High,,
bu-ali-takeaway.com,Error,Cloudflare 403 block page,High,,
btrcloud.com,Error,Cloudflare 403 block page,High,,
ardesy.com,Error,403 Forbidden status with explicit title,High,,
archeage-gold.de,Parked,Explicit 'This website is for sale' title,High,,
btsblock.com,Default,Generic 'Success!' title usually indicates default server setup,Medium,,
arcdesign.com,Legitimate,Professional business title for design/engineering,High,,
bsservice.su,Legitimate,E-commerce/business site for online cash registers,High,,
ardp.com,Error,Cloudflare 403 block page,High,,
bubo1.net,Legitimate,Sports club website,High,,
arcleti.com,Legitimate,"Content matches EmailOnDeck (disposable email service), likely legitimate proxy/mirror or service page",Medium,,
ardsp.shop,Parked,Explicit 'Parked Domain name' title,High,,
btsi.dropmail.me,Legitimate,Known disposable email service provider,High,,
bu2qebik.xorg.pl,Parked,Aftermarket.pl domain parking,High,,
arcticmail.com,Legitimate,"Generic redirect title, likely email infrastructure",Low,,
areswebstudio.com,Legitimate,Web studio business blog/site,High,,
ardexamerica.com,Parked,Explicit 'Coming Soon' title,High,,
btoven.com,Legitimate,Security tools/software site,High,,
bubf.com,Legitimate,Venture capital/business site,High,,
arcsig.com,Default,"Title is just domain name, likely default or minimal content",Medium,,
arclinea-roma.com,Default,"Empty title, likely unconfigured",Medium,,
bucksdogrescue.org,Error,404 Not Found,High,,
arbitrazhnyee-yuristy.ru,Legitimate,Legal services (Arbitration Lawyers),High,,
archivision.pl,Parked,Aftermarket.pl domain parking,High,,
arecea.com,Default,Empty title,Medium,,
aredub.us,Default,"Empty title, S3 bucket",Medium,,
btx.com,Default,Empty title,Medium,,
buckeyedryerventcleaning.us,Legitimate,Local service business,High,,
bubble.io,Legitimate,Well-known no-code platform,High,,
ardobe.com,Phishing,Typosquatting 'Adobe' (ardobe vs adobe) with copied title,High,TP-0001,high
buckeyechimneysweep.us,Legitimate,Local service business,High,,
budgetthailandtravel.com,Error,403 Forbidden,High,,
budgetted.com,Error,403 Forbidden,High,,
btizet.pl,Default,Empty title,Medium,,
aretna.com,Default,Empty title,Medium,,
arcompus.net,Parked,Explicit 'Coming Soon' title,High,,
buccha.icu,Parked,Explicit 'Your domain is expired' title,High,,
arewealone.space,Parked,Parking template text,High,,
archex.pl,Parked,Polish domain sale offer,High,,
buenosaires-argentina.com,Phishing,"Gambling/Casino content (BATIK77) on unrelated geo-domain, likely compromised or SEO spam",Medium,,
arericanexpress.com,Phishing,Typosquatting 'American Express' (arericanexpress vs americanexpress),High,TP-0001,high
buckeyelegal.com,Legitimate,Law firm website,High,,
buchanandisability.com,Legitimate,Law firm website,High,,
buenosaireslottery.com,Parked,HugeDomains sale page,High,,
budon.com,Parked,HugeDomains sale page,High,,
btsmerch.shop,Legitimate,E-commerce shop (likely dropshipping or fan merch),Medium,,
aribnb.com,Phishing,Typosquatting 'Airbnb' (aribnb vs airbnb) with copied title,High,TP-0001,high
aribeth.ru,Legitimate,Adult content site (explicitly stated in title),High,,
bucoscertificate.com,Default,"Title is just domain name, hcdn server often implies parking or default",Medium,,
arianbet.net,Legitimate,Betting/News site,Medium,,
arielvalls.com,Phishing,"Personal name domain hosting CSGO gambling site (Betify), likely compromised",Medium,,
buffalorunwinery.com,Legitimate,Valid business title matching domain theme,High,,
buffalocolor.com,Parked,HugeDomains 'for sale' title,High,,
areyouthere.org,C2,Empty title with Nginx server often indicates C2 or suspicious infrastructure,Low,TP-0014,low
arianbet.org,Legitimate,"Generic 'News' title, likely a blog or content farm, possibly gambling related but not overtly malicious",Medium,,
buffalos-pizza-pie.com,Error,Cloudflare 'Attention Required' block page (403),High,,
buffa.com,Default,"Title matches domain name exactly with generic server, typical of unconfigured sites",Medium,,
argentinamail.com,Legitimate,"Title 'Redirect' usually indicates a functional utility or misconfiguration, not necessarily malicious",Low,,
areze.com,Legitimate,Specific business title 'AI Creative Studio',High,,
buffbbq.com,Parked,HugeDomains 'for sale' title,High,,
bugmenot.com,Legitimate,"Known service (account sharing), currently behind Cloudflare protection",High,,
bugeyedbugs.com,Default,"Title matches domain name, generic Nginx setup",Medium,,
buddyandchill.com,Legitimate,Unique title suggesting a blog or community site,High,,
arenahiveai.com,Legitimate,Specific content title 'Hair Sketch',Medium,,
budistore.me,Error,Explicit 404 title from GitHub Pages,High,,
argumentativethesis.com,Legitimate,Essay writing service title,High,,
arhene.com,C2,Empty title with Nginx server often indicates C2 or suspicious infrastructure,Low,TP-0014,low
ares.edu.pl,Phishing,Generic 'Need Help With Your Email?' title on an educational domain suggests compromised infrastructure hosting a phishing kit,Medium,TP-0001,medium
argus.lat,Legitimate,Business title describing AI police management,High,,
buentello.com,Parked,Squarespace 'Coming Soon' placeholder,High,,
argenttrading.com,Parked,Explicit 'Coming Soon' title,High,,
build-logix.com,Error,Cloudflare 'DNS points to prohibited IP' error,High,,
argonmail.de,Default,"Title matches domain name, generic Nginx setup",Medium,,
bufonu.com,Error,Cloudflare 'Just a moment...' interstitial/block,High,,
builderhabitat.com,Legitimate,Brand title matches domain,High,,
arizona-golf-vacations.com,Error,Explicit 403 Forbidden title,High,,
buffalochiropracticclinic.com,Legitimate,Valid business title for a clinic,High,,
aricompton.com,Parked,DomainAgents broker landing page,High,,
arizonachem.com,Parked,HugeDomains 'for sale' title,High,,
arielsochi.ru,Legitimate,"Online casino mirror site (Greyware/Gambling, but functionally legitimate site structure)",High,,
arizonabirthinjurylawyer.com,C2,Empty title on Cloudflare often indicates C2 or suspicious infrastructure,Low,TP-0014,low
buchach.info,Parked,Explicit 'Parked Domain' title on Hostinger,High,,
arifmahmud.com,Legitimate,Personal portfolio title,High,,
buildlogicsllc.com,Error,Cloudflare 'DNS points to prohibited IP' error,High,,
ardagh.net,Legitimate,"Simple forwarding title, likely internal infrastructure",Medium,,
buitget.com,Error,Cloudflare 'Just a moment...' interstitial/block,High,,
buffalobillfoldcompany.com,Legitimate,Valid e-commerce business title,High,,
arizonabirthinjuryattorneys.com,C2,Empty title on Cloudflare often indicates C2 or suspicious infrastructure,Low,TP-0014,low
buidoicholon.space,C2,Empty title on Cloudflare often indicates C2 or suspicious infrastructure,Low,TP-0014,low
buinance.com,Phishing,Typosquatting 'Binance' (crypto exchange) but currently parked on HugeDomains. Categorized as Phishing due to high risk of weaponization/typosquat intent.,Medium,TP-0002,medium
arion.gg,Phishing,Title 'Steam Community' on non-Steam domain indicates credential harvesting,High,"TP-0001,TP-0002",high
buildly.store,Parked,Generic parking page title 'Resources and Information',High,,
arisecreation.com,Error,Explicit 401 Unauthorized title,High,,
aristosinvestment.com,Error,Cloudflare 'Just a moment...' interstitial/block,High,,
arkafortvoiceconsole.com,Legitimate,"Generic 'News' title, likely a blog or content farm",Medium,,
bukti99.com,Legitimate,"Generic 'News' title, likely a blog or content farm",Medium,,
arizonahomeguru.com,Legitimate,Real estate tool title 'CurbView',High,,
ariemail.my.id,Default,FASTPANEL default page title,High,,
budweiser.com,Legitimate,Official brand site,High,,
arkafortvc.com,Error,Explicit 404 Not Found title,High,,
bukkin.com,Parked,HugeDomains 'for sale' title,High,,
bukatoto.net,Phishing,Gambling/Lottery site often associated with unregulated platforms,Medium,TP-0001,medium
arimaclanka.com,Legitimate,Corporate website for a digital solutions provider,High,,
bulaindianandorientalcuisine.com,Error,403 Forbidden status with Cloudflare block page,High,,
arisenet.com,Error,404 Not Found status,High,,
arkafort.org,Legitimate,Martial arts academy website,High,,
arkafort.app,Legitimate,Forum associated with the legitimate Arkafort brand,High,,
bulbtiger.com,Parked,Explicitly states 'is for sale' (HugeDomains),High,,
arizonahealthcoverage.org,Legitimate,Health insurance informational site,Medium,,
bukmekerskajakontora.ru,Phishing,Gambling/Betting affiliate site (High risk sector),Medium,TP-0001,medium
bukan.es,Legitimate,Krav Maga school website,High,,
arkada-levelix.click,Phishing,Casino mirror site (Arkada Casino) on suspicious TLD,High,TP-0001,high
buildingradar.com,Legitimate,B2B technology company website,High,,
buienradar.nl,Legitimate,Well-known Dutch weather website,High,,
buhori.cloud,Error,404 Not Found status,High,,
arlingtonvillagecourtyard.com,Error,404 Not Found status,High,,
ariva.services,Legitimate,Business services website,Medium,,
buerotiger.de,Parked,"Redirects to GMX (email provider) generic landing page, likely domain parking or redirect",Medium,,
aristovault.com,Legitimate,E-commerce store for wallets,High,,
arkada-gold.buzz,Phishing,Casino mirror site (Arkada Casino) on suspicious TLD,High,TP-0001,high
buinance.us,Phishing,Typosquatting 'Binance' (Crypto exchange),High,TP-0001,high
bugs.su,C2,"Minimal title, suspicious TLD (.su), generic content",Low,,
buffmxh.net,Parked,Title says 'Coming Soon',High,,
bulletblunt.com,Legitimate,Cannabis dispensary website,High,,
bulantoto.net,Parked,Generic 'Resources and Information' parking page,High,,
arizonaquote.com,Default,"Empty title, likely default Nginx page or misconfiguration",Medium,,
arkansasland.us,Legitimate,Law firm website,High,,
armadatogel.com,Phishing,Online lottery/gambling site (Togel),Medium,TP-0001,medium
bulantogel.org,Phishing,Online lottery/gambling site (Togel) with keyword stuffing title,Medium,TP-0001,medium
building-bridges.com,Legitimate,Counseling center website,High,,
arkhearts.space,Parked,Explicitly states 'Parked Domain name on Hostinger',High,,
armada4d.com,Parked,Explicitly states 'is for sale' (HugeDomains),High,,
buildela.com,Legitimate,Construction services website,High,,
bullsbetcassino.com,Phishing,"Flagged as 'Suspected phishing site' by Cloudflare, gambling theme",High,TP-0001,high
arenda-avtobetononasosa.ru,Parked,Hosting provider placeholder (Site absent on hosting),High,,
armbarapparel.com,Error,403 Forbidden / Cloudflare challenge page,Medium,,
arlington-chimneysweep.us,Legitimate,Local service business website,High,,
bulso-law.com,Legitimate,Law firm website,High,,
bulmp3.net,Legitimate,"MP3 download site (likely grey area copyright, but not phishing/malware per se)",Medium,,
buildingstogo.com,Legitimate,Construction technology website,High,,
bullystakeaway.com,Error,403 Forbidden status,High,,
arends.com.au,Default,"Empty title, Apache default behavior",Medium,,
bulkimagegeneration.com,Legitimate,SaaS tool for AI image generation,High,,
bulletmail.site,Parked,Explicitly states 'Parked Domain name on Hostinger',High,,
bullionbeast.com,Parked,Explicitly states 'This website is for sale',High,,
arlene-dunkley-wood.co.uk,Legitimate,Personal business website (Sound Baths),High,,
bum555.net,Phishing,Gambling/Betting site (Tai Xiu) often associated with unregulated platforms,Medium,TP-0001,medium
arkansasquote.com,Default,"Empty title, likely default Nginx page or misconfiguration",Medium,,
bullsbet.info,Phishing,"Gambling/Casino site on .info TLD, likely unregulated",Medium,TP-0001,medium
armormail.net,Legitimate,Secure email service provider,High,,
aresting.com,Legitimate,"Korean welcome page, likely personal or small business",Medium,,
bulkers.com,C2,Empty title with 200 OK status often indicates a C2 panel or unconfigured server used for malicious purposes.,Medium,TP-0012,medium
armadacare.com,Legitimate,Valid business title for health insurance solutions.,High,,
armywifeandmommy.com,Phishing,"Domain name suggests a blog, but title refers to gambling/betting ('Rayakan Kemenangan Besar Disini!'), indicating compromise or takeover.",High,TP-0002,high
bun-cha.com,Error,403 Forbidden status with Cloudflare block page.,High,,
buerkle-schoeck.de,Legitimate,Valid business title for an electrical engineering company in Stuttgart.,High,,
arnazon.com,Phishing,Typosquatting 'Amazon' (rn looks like m). Empty title suggests preparation for attack or C2.,High,"TP-0001,TP-0012",high
arlingtonrescue.org,Parked,Standard parking page title format.,High,,
bullsheathleather.com,Legitimate,Valid e-commerce site for leather goods.,High,,
bullstore.net,Parked,Registrant WHOIS verification page is a placeholder.,High,,
armail.com,Parked,Explicitly states 'This website is for sale!',High,,
bultacoparts.com,Legitimate,Valid business title for auto parts.,High,,
bulletproof.co.uk,Legitimate,Valid business title for cyber security services.,High,,
bunance.com,Phishing,Typosquatting 'Binance'. Empty title suggests C2 or pending setup.,High,"TP-0001,TP-0012",high
bulkemailregistry.com,Parked,'Future home of...' indicates a parked or default page.,High,,
arlingtonwire.com,Legitimate,Valid news site title.,High,,
armada4d.net,Phishing,"Title refers to gambling/slots ('Gacor', 'WD'), typical of compromised sites or illicit gambling networks.",Medium,TP-0002,medium
bulksmsmobilemarketing.com,Legitimate,Descriptive title for marketing software.,High,,
buildopia.com,Error,403 Forbidden status with Cloudflare block page.,High,,
argotel.ru,Legitimate,Valid hosting provider title.,High,,
armo.email,Error,403 Forbidden status with Cloudflare block page.,High,,
bumpymail.com,Legitimate,Valid business title for a digital partner.,High,,
bulrushpress.com,Legitimate,"Simple title matching domain, likely a small business or blog.",High,,
arhshtab.ru,Parked,Russian title 'Этот домен продается' translates to 'This domain is for sale'.,High,,
bullicon.com,Legitimate,Valid business title.,High,,
arlinc.org,Legitimate,Standard organizational home page title.,High,,
armouredtire.com,Error,403 Forbidden status.,High,,
arkada-level.buzz,Phishing,"Casino/Gambling site on a cheap TLD (.buzz), likely illicit or spam.",Medium,TP-0002,medium
bulc.club,Legitimate,Valid service for email forwarding.,High,,
armazon.com,Phishing,Typosquatting 'Amazon' (rm looks like m). Empty title suggests C2 or pending setup.,High,"TP-0001,TP-0012",high
bumpmail.io,Legitimate,Valid privacy email service.,High,,
bum.net,C2,"'Index of /' is a directory listing, often used for C2 file hosting or compromised servers.",Medium,TP-0012,medium
bunance.us,Phishing,"Typosquatting 'Binance'. Title matches domain, likely a placeholder for a scam.",High,TP-0001,high
aridasarip.ru,Legitimate,Blog about interior design.,High,,
arnet.com,Error,403 Forbidden status with Cloudflare block page.,High,,
ariesqq.com,Phishing,Gambling/Scatter keywords in title indicate illicit gambling site.,High,TP-0002,high
bune.pw,Error,403 Forbidden status with Cloudflare block page.,High,,
arrendadorazoe.com,Phishing,"Title 'Betify' suggests gambling/betting on a domain unrelated to betting, likely compromised.",Medium,TP-0002,medium
aricel.com.br,Parked,'Site em construção' means Site under construction.,High,,
arnaz0n.com,Phishing,"Typosquatting 'Amazon' (rn + 0). Parking page content, but the domain intent is malicious.",High,TP-0001,high
armyspy.com,Parked,Generic 'What is [domain]?' title usually indicates a parking feed.,Medium,,
arpahosting.com,Legitimate,"Title refers to Exploit Database, likely a security research mirror or hosting site.",Medium,,
arriviture.net,Legitimate,Valid business title for transportation management.,High,,
bunz.shop,Parked,Explicitly states 'Your domain is expired'.,High,,
bump.email,Legitimate,Valid privacy email service.,High,,
arnericanexpress.com,Phishing,"Typosquatting 'American Express' (rn looks like m). Content is generic startup spam, but domain is high-risk brand impersonation.",High,TP-0001,high
burgerjointtakeaway.com,Error,403 Forbidden status with Cloudflare block page.,High,,
bunlets.com,Parked,Standard parking page title format.,High,,
arosynechiamail.com,Error,403 Forbidden status.,High,,
bullstyles.com,Legitimate,Valid e-commerce site for dog collars.,High,,
bung.holio.day,Error,403 Forbidden status with Cloudflare block page.,High,,
arroscience.org,Legitimate,Consistent title and domain name suggesting a business or organization.,High,,
arido.ir,C2,Empty title on a 200 OK status with cloud infrastructure is often suspicious/C2 behavior.,Medium,,
armind.com,Legitimate,Music label website.,High,,
arrl.net,Legitimate,Known organization (ARRL) website.,High,,
bunkofamerica.com,Parked,Explicit 'Coming Soon' page.,High,,
burner-email.com,Legitimate,Functional temporary email service (disposable email provider).,High,,
arpas.com.bd,Legitimate,Furniture business in Bangladesh.,High,,
burningthemanrvrentals.com,Legitimate,RV rental business site.,High,,
arrowpointinspect.com,C2,Empty title with 200 OK status is suspicious.,Medium,,
burneremailid.com,Legitimate,Functional temporary email service.,High,,
arrah.com,Parked,Explicit 'Coming Soon' page.,High,,
bunnycloud.de,Error,404 Not Found status and title.,High,,
array.poisedtoshrike.com,Parked,Subdomain 'Coming Soon' page.,High,,
armp-rdc.cd,Legitimate,Government/Regulatory body website (RDC).,High,,
busanb19.net,Error,403 Forbidden / Cloudflare block.,High,,
arqies.com,Legitimate,Business/Portfolio site on Vercel.,High,,
busanb12.net,Error,403 Forbidden / Cloudflare block.,High,,
burnermail.io,Legitimate,Functional temporary email service.,High,,
arivuinsight.com,Error,Title says '404 Not Found' despite 200 OK status (Soft 404).,High,,
burner.fund,Parked,Generic parking page content ('Resources and Information').,High,,
arrels.info,Legitimate,Organization website.,High,,
arsols.com,Error,403 Forbidden / Cloudflare block.,High,,
artching.com,Parked,Squarespace expired/parked page.,High,,
arrp-polynesie.com,Legitimate,Official agency website.,High,,
ars-invest.ru,Error,Blocked for non-payment (Russian hosting).,High,,
burgermailcomp.com,Parked,Explicit 'Coming Soon' page.,High,,
arobe.com,Error,404 Not Found.,High,,
artemisanet.com,Phishing,"Gambling/Gacor keywords in title often indicate compromised sites or spam, but 'Login' context on unrelated domain suggests potential credential harvesting or spam landing.",Medium,TP-0001,medium
burner-mail.de,Parked,German placeholder text 'Hier entsteht eine neue Webseite'.,High,,
art.fr.cr,Legitimate,Content suggests a public zone/art site.,Medium,,
art-gen.ai,Legitimate,AI service website.,High,,
arp.com,Legitimate,IT Solutions business.,High,,
burnabyhouses.com,Default,IIS Windows Server default page.,High,,
artflowerscorp.com,Parked,HugeDomains 'for sale' page.,High,,
arrivaraillondon.co.uk,Legitimate,Official transport company site.,High,,
aricom.shop,Parked,Russian default/parked page 'Domain not tied to hosting'.,High,,
businesscoachitalia.net,Parked,Hosting suspension message 'website has been stopped'.,High,,
artemmel.info,Parked,Hosting suspension message 'website has been stopped'.,High,,
artemishealthcareinternational.com,Legitimate,Healthcare business site.,High,,
artdrip.com,Legitimate,E-commerce art shop.,High,,
bushance.com,Legitimate,Pricing page for EmailOnDeck (disposable email service).,High,,
artfitlubbock.com,Legitimate,Local business website.,High,,
artermail.com,Default,Russian default installation page 'Your account is ready to work!'.,High,,
artcreate.ai,Legitimate,AI creation platform.,High,,
art-spire.com,Legitimate,Art inspiration blog.,High,,
businesspier.com,Parked,HugeDomains 'for sale' page.,High,,
burstmail.info,Parked,Explicit 'under construction' page.,High,,
articlebase.net,Parked,Generic parking page content ('Resources and Information').,High,,
businessagent.email,Parked,Generic parking page content ('Resources and Information').,High,,
busitoday.co,Error,403 Forbidden / Cloudflare block.,High,,
arthene.com,Error,404 Not Found status and title,High,,
businessconsulting.shop,Legitimate,Business consulting services website,High,,
businesssource.net,Parked,Domain for sale title,High,,
artisbokepasia.com,Error,404 Not Found status and title,High,,
artlover.shop,Legitimate,Art sales/community site,Medium,,
artemis23.anonaddy.com,Default,"Empty title, subdomain of email forwarding service, likely default or empty",Medium,,
arthursbox.com,Default,"Empty title, 200 OK, insufficient content",Low,,
businesshidden.space,Legitimate,Freelancer/Agency portfolio for marketing,Medium,,
artistsignal.com,Parked,HugeDomains for sale page,High,,
buskonavvt.us,Parked,Standard parking feed template 'Resources and Information',High,,
artmez.com,Parked,HugeDomains for sale page,High,,
businessinfo.com,Legitimate,Business directory/info site,Medium,,
artnetportfolio.com,Legitimate,Artnet brand site,High,,
businessproja.com,Legitimate,Accounting business in Jamaica,High,,
artnetconsignor.com,Legitimate,Artnet brand site,High,,
artlist.io,Error,403 Forbidden / Cloudflare challenge,High,,
artna.com,Default,"Empty title, Nginx server",Medium,,
artisanbooth.com,Error,403 Forbidden status and title,High,,
artificialgrassrecycling.com,Default,"Empty title, Apache server, likely unconfigured",Medium,,
businessmailsystem.com,Error,403 Forbidden status and title,High,,
artnetjobs.com,Legitimate,Artnet jobs portal,High,,
businessdigitalexperts.com,Parked,Parked Domain name on Hostinger,High,,
bushka345.store,Parked,Expired domain registration message (Russian),High,,
artificialbelligerence.com,Legitimate,Personal blog/home page,Medium,,
artiviodesign.com,Legitimate,Design portfolio/site,Medium,,
articul8.ai,Legitimate,AI platform business site,High,,
buttloads.com,Parked,Domain for sale title,High,,
buti.com,Parked,Coming Soon placeholder,High,,
artificialintelligence.productions,Legitimate,Production company site,Medium,,
businessmanapp.sbs,Parked,Website stopped message,High,,
art-restor.ru,Legitimate,Furniture restoration business in Minsk,High,,
artofthehearts.com,Parked,Maintenance mode placeholder,Medium,,
artrit.info,Legitimate,Media solutions business,Medium,,
busniss.com,Parked,Coming Soon placeholder,High,,
butso.com,Parked,HugeDomains for sale page,High,,
arrazon.com,Error,404 Not Found status and title,High,,
artan.fr,Legitimate,Web agency in Paris,High,,
businesstool.store,Phishing,Generic 'Login - Subscription Manager' title on suspicious .store domain,Medium,TP-0001,medium
artlover.com,Legitimate,AI Image Generation service,High,,
artropad.net,Parked,Standard parking feed template 'Resources and Information',High,,
bustle.com,Legitimate,Well known media publication,High,,
buxod.com,Parked,HugeDomains for sale page,High,,
busykitten.pw,Error,403 Forbidden / Cloudflare challenge,High,,
bussinesa.app,Parked,Standard parking feed template 'Resources and Information',High,,
artnet.design,Legitimate,Artnet brand site,High,,
but.poisedtoshrike.com,Parked,Coming Soon placeholder on subdomain,High,,
arwanajp.net,Legitimate,Online gambling/slots site (grey area but functional site),Medium,,
buy-blog.com,Parked,Explicit 'Parking Page' title,High,,
butter9x.com,Default,FASTPANEL default page,High,,
butget.com,Default,"Title matches domain, likely default Apache page or minimal content",Medium,,
butterflyeffect.addy.io,Legitimate,"Subdomain of addy.io (email forwarding service), likely a user alias",Medium,,
butcherity.com,Legitimate,"Title indicates EmailOnDeck Pro pricing, a known temporary email service",High,,
aryildiz-cutlery.com,Legitimate,"Likely a business site (cutlery), empty title but 200 OK suggests active or loading content",Low,,
arvadaairductcleaning.us,Legitimate,Local service business with clear title and phone number,High,,
aryildizcutlery.com,Legitimate,"Likely a business site (cutlery), empty title but 200 OK",Low,,
arvadadryerventcleaning.us,Legitimate,Local service business with clear title and phone number,High,,
buy.norton.com,Legitimate,Official Norton subdomain,High,,
buy.aflac.com,Legitimate,Official Aflac subdomain,High,,
arvadalandsurveying.com,Default,"Title 'Success!' usually indicates a default installation page (e.g., WordPress or server setup)",Medium,,
arvadachimneysweep.us,Legitimate,Local service business with clear title and phone number,High,,
artschool.mov,Legitimate,Art school website hosted on Netlify,High,,
arttouchs.com,Legitimate,Luxury car design business,High,,
artofboss.com,Legitimate,"Empty title but active server, likely small business or blog",Low,,
arwanajp.org,Phishing,"Online gambling/slot site (Jalur Slot Progresif), often associated with spam/fraud networks",Medium,TP-0001,medium
artprophoto.ru,Legitimate,"Photography service for marketplaces (Wildberries, Ozon)",High,,
artesyn-power.ru,Legitimate,Likely industrial power supply distributor,Medium,,
burnerinbox.net,Legitimate,Disposable email service,High,,
buyairjordan.com,Phishing,Counterfeit goods/Replica site ('Wholesale Air Jordan From China Factory'),High,TP-0001,high
arure.com,Parked,"Title matches domain name, minimal content implied",Medium,,
arttte.com,Legitimate,Corporate site for Art & Technology Publishing,High,,
as-soug.com,Legitimate,"Generic 'News' title, likely a blog or news aggregator",Medium,,
buyatenolol.website,Parked,Explicit 'Coming Soon' title,High,,
buy.marksypark.com,Parked,Explicit 'Coming Soon' title,High,,
asab.com,Parked,Explicit 'For Sale Domain' title,High,,
as8218.net,Legitimate,"Network infrastructure domain (AS number), likely technical use",Medium,,
buychia.website,Phishing,SEO Spam / Link Farm ('Business Listing Directory | Rank your Website Higher'),Medium,TP-0001,low
buy-car.net,Error,406 Not Acceptable status code,High,,
buycomfortcube.com,C2,Gibberish title ('Cesyqasaticelura melu utisybik kebaxoqa') is highly suspicious of DGA or C2,High,TP-0003,high
buyamac.com,Parked,Explicit 'Coming Soon' title,High,,
asa-dea.com,Legitimate,Empty title but likely a business site,Low,,
asana.biz,Legitimate,"Empty title, hosted on S3, possibly related to Asana or a squatter, but insufficient evidence for malicious",Low,,
asap.com,Legitimate,Corporate holding page,High,,
arwana21.net,Phishing,"Gambling/Slot site ('Intelligent Platform'), often associated with spam",Medium,TP-0001,medium
buydiabloaccounts.com,Parked,Explicit 'Future home of' title,High,,
asap-market-onion.com,Phishing,"Promotes Darknet Markets/Onion links, likely a phishing proxy or scam site",High,TP-0001,high
buychia.fun,Phishing,SEO Spam / Link Farm ('Business Listing Directory | Rank your Website Higher'),Medium,TP-0001,low
buybacklinksindia.com,Legitimate,Maintenance page for a SEO service business,Medium,,
buybm.one,Phishing,"Selling compromised Facebook Business Manager accounts ('Mua BM, Mua Via')",High,TP-0006,high
asap-market.com,Phishing,"Promotes Darknet Markets, likely a phishing proxy or scam site",High,TP-0001,high
buy.poisedtoshrike.com,Parked,Explicit 'Coming Soon' title,High,,
asapmarketonion.com,Phishing,"Promotes Darknet Markets, likely a phishing proxy or scam site",High,TP-0001,high
asapmarketurls.com,Phishing,"Promotes Darknet Markets, likely a phishing proxy or scam site",High,TP-0001,high
buy-steroids-canada.net,Phishing,"Title mismatch: Domain says steroids, title says 'Kaskustoto # Situs Togel' (Gambling). Compromised site or SEO spam.",High,TP-0001,medium
asaf.anonaddy.me,Legitimate,"Subdomain of anonaddy.me (email forwarding service), likely a user alias",Medium,,
asanyavacations.com,Parked,Explicit 'For Sale Domain' title,High,,
asapmarketlinks.com,Phishing,"Promotes Darknet Markets, likely a phishing proxy or scam site",High,TP-0001,high
arxxwalls.com,Legitimate,Public Email Service title,Medium,,
asapmarket-onion.com,Phishing,"Promotes Darknet Markets, likely a phishing proxy or scam site",High,TP-0001,high
buycheapfireworks.com,Legitimate,E-commerce site for fireworks,High,,
buyingessays.com,Legitimate,Essay writing service (grey area but technically a business),Medium,,
buttonfans.com,Error,Cloudflare 403 Forbidden page,High,,
ascendanttech.com,Parked,HugeDomains 'for sale' page,High,,
as.poisedtoshrike.com,Parked,'Coming Soon' placeholder title,High,,
artamebel.ru,Default,Default DNS/Nginx page title,Medium,,
asarkar.net,Parked,Porkbun parked domain,High,,
buyapp.web.id,C2,"Empty title on Cloudflare, often indicative of C2 or evasion",Low,,
asapcctv.com,Parked,'Coming Soon' placeholder title,High,,
buyhenryhoover.co.uk,Parked,Generic parking page with 'Resources and Information',High,,
buydefender.com,Legitimate,Specific product sales page (Land Rover parts),Medium,,
asceplans.com,Legitimate,Insurance assessment for ASCE members,High,,
buygoods.com,Legitimate,Known marketplace and affiliate network,High,,
ascotairportlinks.co.uk,Default,"Empty title with Nginx, likely unconfigured",Medium,,
asdadw.com,Legitimate,Chinese novel site content,Medium,,
buymotocyclefairings.com,Error,Cloudflare 403 Forbidden page,High,,
buyjoker.com,Parked,Generic parking page 'This website is for sale!',High,,
buyersguide.org,Legitimate,Consumer guide website,High,,
asbeauty.com,Legitimate,Corporate business site,High,,
buypresentation.com,Parked,HugeDomains 'for sale' page,High,,
ascesion.org,Parked,'Coming Soon' placeholder title,High,,
artnshn.com,Default,"Empty title with Nginx, likely unconfigured",Medium,,
buygolfmall.com,Parked,'Future home of' placeholder,High,,
asdfads.com,Parked,HugeDomains 'for sale' page,High,,
ascila.com,Parked,Porkbun parked domain,High,,
buyreliablezithromaxonline.com,Phishing,Pharmaceutical keywords in domain with unrelated Chinese gambling/spam title,High,TP-0001,high
buyrehabrentrefinancerepeat.com,Legitimate,Real estate investment site (BRRRR strategy),Medium,,
asd.dropmail.me,Legitimate,Disposable email service provider,High,,
asdfpost.com,Default,"Title matches domain, default content likely",Low,,
buyserverpart.com,C2,"Gibberish title on Cloudflare, highly suspicious",High,TP-0002,medium
arvernenergies.fr,Legitimate,French solar energy company,High,,
artykuly.net.pl,Legitimate,Polish media news site,High,,
buymoreplays.com,Legitimate,Social media marketing service,Medium,,
buyteen.com,Legitimate,Adult content sales/marketing,Medium,,
arwana21.org,Phishing,Gambling/Slot spam site often associated with compromised domains or scams,Medium,TP-0001,medium
bus-motors.com,Default,Russian 'Domain created' default page,High,,
asddas.com,Parked,Generic parking page with 'Resources and Information',High,,
buyordie.info,Parked,Generic parking page with 'Resources and Information',High,,
buysrilanka.com,Error,Cloudflare Bot Verification page (Captcha),Medium,,
buykyc.com,Phishing,Selling KYC verified accounts (Fraud facilitation),High,TP-0001,high
aseanhgh.com,Legitimate,Supplement/HGH supplier site,Medium,,
asdua.com,Parked,HugeDomains 'for sale' page,High,,
buypill-rx.info,Parked,'Future home of' placeholder,High,,
asdftech.net,Default,"Title matches domain, likely default setup",Low,,
asdfsdfjrmail.net,Parked,'Future home of' placeholder,High,,
asdwasdwasd.anonaddy.me,Legitimate,AnonAddy email forwarding subdomain,High,,
asdwasdwads.anonaddy.com,Legitimate,AnonAddy email forwarding subdomain,High,,
asdooeemail.net,Parked,'Future home of' placeholder,High,,
asfasf.com,Parked,HugeDomains 'for sale' page,High,,
asenterprises.store,Parked,Expired domain parking page,High,,
aseur.com,Parked,'Coming Soon' placeholder title,High,,
asdobe.com,Phishing,Typosquatting 'Adobe' with explicit reference to Creative Tools,High,TP-0001,high
asdfmailk.com,Parked,Standard 'Future home of' placeholder text,High,,
aryagate.net,C2,Empty title with LiteSpeed server often indicates a hidden panel or C2 infrastructure,Low,,
asfga7w6gf7612.anonaddy.me,Legitimate,"Subdomain of AnonAddy (email forwarding service), likely a user alias",High,,
asfga7w6gf7612.anonaddy.com,Legitimate,"Subdomain of AnonAddy (email forwarding service), likely a user alias",High,,
buytramadolonline.ws,Parked,WEBSITE.WS default registrar parking page,High,,
asfasfas.com,Parked,HugeDomains 'for sale' page,High,,
asgaf.com,Parked,HugeDomains 'for sale' page,High,,
aseq.com,Legitimate,"Business acronym title, likely legitimate entity",Medium,,
aserookadion.uni.cc,C2,"Suspicious subdomain on free DNS provider (uni.cc), 'Loading...' title, Cowboy server (Erlang, often used in malware infra)",Medium,,
asgus.com,Parked,Explicit 'Parking Page' title,High,,
ashiquichats.com,Parked,Hosting provider suspension message ('website has been stopped'),High,,
asenfor.com,Parked,1984 Hosting default page,High,,
asfn.cd,Parked,Generic 'News' title on a .cd domain often indicates generated content/parking,Medium,,
asbomsk.ru,Legitimate,Russian security systems company website,High,,
buyproxies.info,Legitimate,Proxy sales website,High,,
ashc.com,Parked,Venture domain parking template,High,,
asia303.xyz,Legitimate,Indonesian content/blog site,Medium,,
asfdd-ff.top,Parked,Standard parking template text 'Resources and Information',High,,
asianextremecinema.com,Parked,Generic 'News' title often used by parking scripts,Medium,,
asgerkrause.com,Legitimate,Personal portfolio/branding site,High,,
asiantakeout.com,C2,Empty title with Envoy server can indicate backend infrastructure or misconfigured service,Low,,
asda.pl,Legitimate,Business website (ASDA),High,,
ashishsingla.com,Legitimate,Personal name website,High,,
asian-wife-finder.com,Legitimate,Dating/Affiliate site,High,,
asianbusinesscatalog.com,Parked,Hosting provider suspension message,High,,
ashevillecityrealestate.com,Legitimate,Real estate business site,High,,
asia-mail.com,Legitimate,Title 'Redirect' usually implies technical infrastructure or login flow,Medium,,
asiaqq8.com,Parked,HugeDomains 'for sale' page,High,,
asiaqq9.com,Legitimate,Gambling/Gaming site (common keywords in title),Medium,,
aservicenow.com,Phishing,Typosquatting 'ServiceNow' with 'Great online deals' content (likely affiliate/spam or phishing),Medium,TP-0001,medium
buyviagru.com,Legitimate,Gambling/Casino spam site (TITO88) on unrelated domain name,Medium,,
ashermorse.org,Legitimate,Personal developer portfolio,High,,
ashleyandrew.com,Default,Empty title on Apache often indicates default/unconfigured state,Low,,
buyyourtoledohome.com,Parked,Hosting provider suspension message,High,,
buzzdeck.com,Parked,HugeDomains 'for sale' page,High,,
aseriales.ru,Parked,Russian 'Domain registration expired' message,High,,
ashotmail.com,Parked,Explicit 'for sale' title,High,,
ashansa.live,Error,404 Not Found status and title,High,,
ashampoo.com,Legitimate,Known software vendor,High,,
buyweb.fr,Legitimate,Business website,Medium,,
ascotchauffeurs.co.uk,Error,404 Status and 'SITE NOT FOUND' title,High,,
asino-luck.net,Legitimate,French sanitary solutions business site,High,,
asin2ean.com,Legitimate,Utility tool for Amazon sellers,High,,
ashford-plumbers.co.uk,Legitimate,Local business service site,High,,
bvbs.com,Parked,Explicit 'For Sale Domain' title,High,,
asiagamingthai.net,Legitimate,Gambling/Gaming site,High,,
asieg.addy.io,Legitimate,"Subdomain of Addy.io (email forwarding), likely user alias",High,,
buzzcol.com,C2,'Loading...' title on Nginx often used by TDS or C2 panels,Medium,,
asik2in.biz,C2,Empty title on Cloudflare often indicates hidden infrastructure or bot protection for malicious content,Low,,
asiapoker389.com,Legitimate,Gambling/Poker site,High,,
askalawyeroncall.com,Parked,Generic placeholder title 'star-filled' often associated with parking templates,Medium,,
bvngf.com,Parked,Explicit parking server header and generic resources title,High,,
asioservices.fr,Legitimate,Specific business title describing ERP services,High,,
askaichat.app,Legitimate,Functional AI chatbot service title,High,,
asicsshoessale.com,Phishing,Typosquatting brand (Asics) with suspicious title 'xinbizhan' suggesting counterfeit/scam,High,TP-0001,high
askantiqueexpert.com,Parked,Generic 'News' title on a specific domain name usually indicates parking/ad feed,Medium,,
askdrbob.com,Parked,Explicit 'for sale' title (HugeDomains),High,,
asiapoker389.net,Legitimate,"Online gambling site (Poker), likely legitimate within its niche though high risk",Medium,,
asfdarar.online,Error,Title explicitly states '404 Not Found',High,,
ask-crew.com,C2,Empty title with Cloudflare often indicates hidden infrastructure or C2,Low,,
buzzedibles.org,Legitimate,E-commerce site for marijuana products,Medium,,
bvmo.com,Parked,"Title matches domain name exactly, typical of parking",Medium,,
buyyoutubviews.com,Legitimate,Service selling social media engagement (grey market but functional site),High,,
askhaymond.com,C2,"Empty title with specific Nginx version, part of a pattern of similar domains in this batch",Medium,,
askcasino.ru,Parked,Title 'website has been stopped' indicates suspension/parking,High,,
ask-mail.com,Parked,Whois verification page indicates domain is not yet fully active/configured,High,,
asirbnb.com,Phishing,"Typosquatting Airbnb, redirects to suspicious 'choto.click'",High,TP-0001,high
askbam.com,Legitimate,Password protected development/staging site (Framer),Medium,,
askhaymond.net,C2,"Empty title, Nginx 1.28.0, pattern match with askhaymond.com",Medium,,
asiapoker389.org,Legitimate,Online gambling site mirror,Medium,,
askhaymondlawfirm.net,C2,"Empty title, Nginx 1.28.0, pattern match with askhaymond.com",Medium,,
askanexpertonline.com,Parked,Generic placeholder title 'star-filled',Medium,,
bvxmail.com,Parked,Cloudflare Registrar default page,High,,
askgpt.app,Legitimate,AI service application,High,,
asdasd.ru,C2,"Gibberish domain, empty title, Nginx server",Medium,,
asicsshoeskutu.com,Parked,Title explicitly says 'Domain not available',High,,
buzzcut.ws,Legitimate,Content site about hairstyles,High,,
askdailyquiz.com,Legitimate,Quiz website home page,Medium,,
bwhey.com,Error,403 Forbidden / Attention Required Cloudflare page,High,,
asklexi.com,Legitimate,Specific legal tech platform title,High,,
askhaymond.org,C2,"Empty title, Nginx 1.28.0, pattern match with askhaymond.com",Medium,,
askjosh.com,Error,Explicit Error 403 title,High,,
asmazon.com,Phishing,"Typosquatting Amazon, empty title, suspicious server header",High,TP-0001,high
aslaugsig.com,Parked,Generic 'News' title on personal name domain usually indicates parking,Medium,,
askai.hk,Error,Hosting Unavailable title,High,,
asla03.anonaddy.com,Legitimate,"Subdomain of AnonAddy (email forwarding service), likely user infrastructure",High,,
askian-mail.com,Default,Generic 'Our website' title often used by default CMS installations or templates,Low,,
askhaymondlaw.info,C2,"Empty title, Nginx 1.28.0, pattern match with askhaymond.com",Medium,,
buyvaltrexonline.store,Phishing,Pharma spam domain (Valtrex) hosting gambling content (Slot Jackpot) - typical compromised/spam behavior,High,TP-0001,medium
askadoctor.help,Parked,Generic placeholder title 'star-filled',Medium,,
bvgb.com,Parked,Fake security report title is a common parking/scam lander tactic,Medium,,
asmrlib.com,Legitimate,"Title matches domain, likely an ASMR library/content site",Medium,,
asm.snapwet.com,Parked,Explicit 'for sale' title (HugeDomains),High,,
asofinder.com,Parked,Explicit 'for sale' title (HugeDomains),High,,
asllstate.com,Phishing,"Typosquatting Allstate, empty title",High,TP-0001,high
aslack.com,Phishing,"Typosquatting Slack, Chinese title 'Personal Website' on suspicious domain",Medium,TP-0001,medium
aspenleitersewandvac.com,Parked,Generic 'News' title on business domain usually indicates parking,Medium,,
aspinallcars.com,Parked,Title 'website has been stopped' indicates suspension/parking,High,,
aspiretogrowth.com,Parked,Explicit 'for sale' title (HugeDomains),High,,
bvhrs.com,Default,Generic 'Domains' title on Apache server often indicates default configuration,Medium,,
asnx.dropmail.me,Legitimate,Known disposable email service provider,High,,
assitance-entreprise.com,Error,404 Not Found status and title,High,,
bybid.com,Parked,HugeDomains 'for sale' page,High,,
bybi-t.com,Error,403 Forbidden status and title,High,,
aspotgmail.org,Error,404 Not Found status and title,High,,
by88casino.com,Legitimate,"Online casino site (grey area, but technically functional site)",Medium,,
asobe.com,Error,"403 Forbidden status, Sakura Internet default error",High,,
bybat.com,Parked,HugeDomains 'for sale' page,High,,
bybitb.com,Phishing,"Typosquatting target 'Bybit' (crypto exchange), empty title often indicates evasion or incomplete setup",Medium,TP-0001,high
bybir.com,Error,403 Access Denied,High,,
bybitc.com,Phishing,"Typosquatting target 'Bybit', empty title",Medium,TP-0001,high
bybitg.com,Phishing,"Typosquatting target 'Bybit', empty title",Medium,TP-0001,high
bybith.com,Phishing,"Typosquatting target 'Bybit', empty title",Medium,TP-0001,high
bybiti.com,Phishing,"Typosquatting target 'Bybit', empty title",Medium,TP-0001,high
bybitf.com,Phishing,"Typosquatting target 'Bybit', empty title",Medium,TP-0001,high
asseenontvwebstore.com,Legitimate,Functional e-commerce store title,High,,
bybito.com,Phishing,"Typosquatting target 'Bybit', empty title",Medium,TP-0001,high
bybig.com,Parked,HugeDomains 'for sale' page,High,,
bybitl.com,Phishing,"Typosquatting target 'Bybit', empty title",Medium,TP-0001,high
by.poisedtoshrike.com,Parked,Explicit 'Coming Soon' title,High,,
bybitp.com,Phishing,"Typosquatting target 'Bybit', empty title",Medium,TP-0001,high
bybitr.com,Phishing,"Typosquatting target 'Bybit', redirects via href.li (link anonymizer)",High,TP-0001,high
bybitm.com,Phishing,"Typosquatting target 'Bybit', empty title",Medium,TP-0001,high
bybitq.com,Phishing,"Typosquatting target 'Bybit', empty title",Medium,TP-0001,high
bybitn.com,Phishing,"Typosquatting target 'Bybit', empty title",Medium,TP-0001,high
bybitj.com,Phishing,"Typosquatting target 'Bybit', empty title",Medium,TP-0001,high
bybitu.com,Phishing,"Typosquatting target 'Bybit', empty title",Medium,TP-0001,high
bybita.com,Phishing,"Typosquatting target 'Bybit', empty title",Medium,TP-0001,high
bybitd.com,Phishing,"Typosquatting target 'Bybit', empty title",Medium,TP-0001,high
bybitv.com,Phishing,"Typosquatting target 'Bybit', empty title",Medium,TP-0001,high
askopindo.com,Legitimate,Indonesian Construction Association membership application,High,,
bybiu.com,Phishing,"Typosquatting target 'Bybit', empty title",Medium,TP-0001,high
byakuya.com,Error,403 Forbidden status,High,,
bybet.com,Parked,Empty title on generic domain often indicates parking or incomplete setup,Low,,
bybitk.com,Phishing,"Typosquatting target 'Bybit', empty title",Medium,TP-0001,high
bybitz.com,Parked,HugeDomains 'for sale' page,High,,
astatefarm.com,Parked,MarkMonitor defensive registration (brand protection),High,,
bybiv.com,Phishing,"Typosquatting target 'Bybit', empty title",Medium,TP-0001,high
bybike.com,Legitimate,Content related to Astro Basics,Medium,,
bybi.com,Legitimate,Brand site (BYBI),High,,
bybitw.com,Phishing,"Typosquatting target 'Bybit', empty title",Medium,TP-0001,high
bycollective.com,Error,404 Not Found status and title,High,,
bybkt.com,Phishing,Title 'Bitcoin-Signals.com' on unrelated domain suggests crypto scam/phishing,Medium,TP-0001,medium
asterrestaurant.com,Parked,HugeDomains 'for sale' page,High,,
assitec.org,Parked,Explicit 'Coming Soon' title on Squarespace,High,,
bybite.com,Phishing,"Typosquatting target 'Bybit', empty title",Medium,TP-0001,high
bybit.com,Legitimate,"Official domain for Bybit exchange (Access Denied is common for geo-blocking, but domain is legit)",High,,
ass.llc,Legitimate,Valid business title,High,,
bydlit.com,Legitimate,BYD brand title,Medium,,
bybyt.com,Parked,HugeDomains 'for sale' page,High,,
astorcollegiate.com,Phishing,Title 'MeteorMail' is associated with a known phishing kit/credential harvester.,High,TP-0001,high
asspoo.com,Parked,Standard parked domain title format 'Resources and Information'.,High,,
assurancewireless.com,Legitimate,Title matches the legitimate Assurance Wireless brand.,High,,
assist.thewisetransfer.click,Parked,Title 'Domain welcome page' indicates a default/parked page.,Medium,,
bybklfn.info,C2,Empty title on a random-looking domain often indicates C2 or malicious infrastructure.,Medium,TP-0002,medium
astibo.com,Parked,"Title 'Sorry, the website has been stopped' indicates a suspended or parked site.",High,,
bybit4.com,Phishing,Typosquatting 'Bybit' (crypto exchange) with 'Bybit4'.,High,TP-0001,high
assistance.carolinensiellive.click,Parked,Title 'Domain welcome page' indicates a default/parked page.,Medium,,
byhit.com,Parked,Title explicitly states 'is for sale'.,High,,
bybt.com,Legitimate,CoinGlass (formerly Bybt) is a legitimate crypto data site.,High,,
astipa.com,Legitimate,Title indicates an ad system login (BB Ad System). Likely a business tool.,Medium,,
byjit.com,Legitimate,Personal portfolio website.,High,,
asthene.com,Error,Cloudflare 'Just a moment...' interstitial (often treated as error/unreachable for classification purposes) or 403 status.,Medium,,
bybut.com,Phishing,Title 'refreshing to active site' is a common redirect tactic used in phishing chains.,Medium,TP-0004,medium
byhuagong.com,Error,403 Forbidden status with Cloudflare block page.,High,,
astolio.space,Legitimate,Title describes a web experience service.,High,,
astagfirullah.shop,Parked,Standard parked domain title format 'Resources and Information'.,High,,
bybuit.com,Phishing,Title 'href.li' indicates a link hiding/redirection service often used to mask phishing URLs.,Medium,TP-0004,medium
bygga-infrabastu.se,Legitimate,Title describes a sauna construction business.,High,,
astrolinee.com,Legitimate,Title describes a cartomancy service.,High,,
astmail.com,Parked,Title explicitly states 'This website is for sale!'.,High,,
astroair.com,Parked,Title explicitly states 'This domain may be for sale'.,High,,
byeducation.site,C2,Empty title on a generic TLD often indicates C2 or malicious infrastructure.,Medium,TP-0002,medium
bymellon.com,C2,"Empty title, potential typosquat of BNY Mellon, suspicious empty response.",Medium,TP-0002,medium
byggcheapabootscouk1.com,C2,"Empty title, suspicious long domain name mimicking a brand (Boots) with numbers.",Medium,TP-0002,medium
byggacarport-stockholm.se,C2,Empty title on AmazonS3 often indicates a bucket used for hosting malicious content or C2.,Low,TP-0002,low
astralyst.net,Error,403 Forbidden status with Cloudflare block page.,High,,
byescammer.com,Error,403 Forbidden status with Cloudflare block page.,High,,
bybyeducation.site,C2,"Empty title, repetitive naming pattern, likely malicious infrastructure.",Medium,TP-0002,medium
astos.online,Parked,Title 'Account Suspended' usually indicates a hosting suspension.,High,,
astro4d.net,Parked,Standard parked domain title format 'Resources and Information'.,High,,
astro4d.com,Parked,Standard parked domain title format 'Resources and Information'.,High,,
astrix.anonaddy.com,Legitimate,"Subdomain of AnonAddy (email forwarding service), likely a user alias.",High,,
bycesoir.com,Default,Russian default server page 'Domain is not linked to any directory'.,High,,
astna.com,Parked,Title explicitly states 'Domain Name For Sale'.,High,,
aste-87onv.com,C2,"Empty title, random alphanumeric string in domain, suspicious.",Medium,TP-0002,medium
astutegames.com,Parked,Title 'HugeDomains.com' indicates a domain marketplace parking page.,High,,
bylbit.com,Parked,Title 'Coming Soon' indicates a placeholder.,High,,
astarmax.com,Default,Title 'Welcome To Hosting With Hawk Host!' is a default hosting provider page.,High,,
bynmellon.com,Legitimate,Title 'Registered & Protected by MarkMonitor' indicates defensive registration by the brand (BNY Mellon).,High,,
byrit.com,Parked,Title 'HugeDomains.com' indicates a domain marketplace parking page.,High,,
bydlt.com,Legitimate,Title refers to a specific environmental company in Hanyang District.,High,,
bybiy.com,C2,"Empty title on a short, random-looking domain.",Medium,TP-0002,medium
astutedesignstudio.com,Error,404 Not Found status and title.,High,,
astromix.net,Legitimate,Title describes an online horoscope service.,High,,
astropink.com,Legitimate,"Title matches domain name, appears to be a brand/business site.",Medium,,
bytebreeze.store,Error,409 status and DNS resolution error title.,High,,
astrotogel.net,Parked,Standard parked domain title format 'Resources and Information'.,High,,
astripe.com,Legitimate,Title describes a custom pinstriping business.,High,,
astrona.me,Default,Title 'Welcome to nginx!' is a default server page.,High,,
bystrovozvodimye-zdanija.ru,Error,Cloudflare 403 Forbidden page,High,,
bybip.com,Parked,TransIP reserved domain page,High,,
asyabahis21.com,Legitimate,Sports betting platform (Gambling site),Medium,,
byteventures.com,Parked,HugeDomains parking page,High,,
asyabahis26.com,Legitimate,Gambling/Betting related site (Betify),Medium,,
bundleandsave.com,Parked,Domain for sale message,High,,
asyabahis11.com,Legitimate,"Generic news title, likely related to the other betting domains in this batch but content appears benign/informational",Low,,
asyabahis365.com,Error,Cloudflare access denied page,High,,
byit.com,Parked,Coming Soon placeholder,High,,
asura.one,Error,Cloudflare interstitial/block page,High,,
byteshack.net,Parked,Standard parking page title structure,High,,
asterius.io,Default,"Title matches domain name, Nginx server, likely unconfigured or default landing",Medium,,
byom.de,Legitimate,Disposable email service (Trashmail),High,,
bytbit.com,Parked,Domain for sale message,High,,
astrolexikon.de,Default,Title 'unkonfiguriert' (unconfigured),High,,
astro.sx,Default,"Title matches domain name, Nginx server, likely unconfigured",Medium,,
bytenest.cfd,Parked,Porkbun parked domain page,High,,
asubtlejm.com,Default,FASTPANEL default page,High,,
byvit.com,Phishing,Title claims to be CoinGlass (crypto data) but domain is unrelated (byvit.com),High,TP-0001,high
bz-888.com,Error,Cloudflare 403 Forbidden page,High,,
bytget.com,Legitimate,LinkedIn profile redirect/page,Medium,,
bytewizardry.com,Legitimate,Business/Portfolio site,Medium,,
byreason.io,Legitimate,AI Business landing page,High,,
byteshark.com,Parked,Coming Soon placeholder,High,,
byon.in,Parked,Website stopped/suspended message,High,,
bysky.ru,Parked,Reg.ru domain for sale page,High,,
astrotechsolution.com,Default,Domain Default page title,High,,
byke.zzn.com,Error,404 Error page,High,,
byxbit.com,Legitimate,"Generic React App title, likely a dev project or legitimate app",Low,,
byusboutique.com,Legitimate,E-commerce boutique,High,,
bytonf.com,Legitimate,E-commerce shop,Medium,,
asteraavia.ru,Legitimate,Pharmaceutical product page (Atermik),High,,
bytedrop.co,Legitimate,Brand landing page,Medium,,
ateliersprojeturbain.com,Error,Cloudflare interstitial/block page,High,,
atelierprojeturbain.com,Error,Cloudflare interstitial/block page,High,,
bzemail.com,Parked,Domain for sale message,High,,
c-oinbase.com,Phishing,"Typosquatting Coinbase (hyphenated), MarkMonitor protection page often used by brand protection or defensive registration, but the domain pattern is highly suspicious of phishing intent.",Medium,TP-0001,medium
c-ex.io,Parked,Coming Soon placeholder,High,,
c3s.ai,Legitimate,Healthcare coordination system,High,,
atro.xyz,Error,Cloudflare interstitial/block page,High,,
atticus.com,Legitimate,Legal services platform,High,,
au88casino.net,Legitimate,Online Casino/Gambling site,High,,
attorneystevehyder.com,Legitimate,Law firm website,High,,
au88link.com,Legitimate,Online Casino/Gambling site,High,,
bztpa.ru,Legitimate,Industrial manufacturing (pipeline valves),High,,
c7fk799.com,Default,FASTPANEL default page,High,,
atyene.com,Legitimate,Brand landing page,Medium,,
atwoodlaw.com,Error,Cloudflare interstitial/block page,High,,
auctionzones.com,Legitimate,Auction platform,High,,
aucyclingteam.com,Legitimate,Sports team website,High,,
c9inbase.com,Phishing,"Typosquatting of Coinbase (c9inbase vs coinbase), protected by MarkMonitor but likely defensive registration or squatting, treating as suspicious due to typo.",Medium,TP-0001,medium
au8803.info,Legitimate,Online casino/gambling site.,High,,
au1688x.us,Parked,Standard parking template title.,High,,
c9oinbase.com,Phishing,Typosquatting of Coinbase (c9oinbase vs coinbase).,Medium,TP-0001,medium
ca.edufindly.com,Legitimate,Subdomain of a likely legitimate educational service.,High,,
audiobrush.com,Parked,Coming Soon title on Squarespace.,High,,
c4.fr,Legitimate,"Short domain, likely legitimate or personal, empty title but not inherently malicious.",Low,,
cab22.com,Parked,HugeDomains parking page.,High,,
au-1.top,Parked,Standard parking template title.,High,,
attlift.ru,Legitimate,Business site for forklift parts.,High,,
au-b1.top,Parked,Standard parking template title.,High,,
audipartshub.com,Error,403 Forbidden / Cloudflare challenge.,High,,
atlas.cz,Legitimate,Well-known Czech internet portal.,High,,
aubootfans.com,Parked,Explicit 'This website is for sale' title.,High,,
audio.delivery,Parked,Website stopped message implies inactive/parked status.,Medium,,
ca.pitalone.com,Phishing,Typosquatting/URL manipulation targeting Capital One (ca.pitalone vs capitalone).,High,TP-0001,high
c8.ai,Legitimate,AI business site.,High,,
au-c1.top,Parked,Standard parking template title.,High,,
attention.support,Legitimate,Support site.,High,,
audacityorg.de,Error,403 Forbidden.,High,,
cabify.cl,Legitimate,Legitimate ride-sharing service.,High,,
cableetmaterieldelevage.com,Error,404 Not Found.,High,,
audiz.cloud,Parked,Expired domain message.,High,,
cabela.ru,Legitimate,Lawyer/Advocate site.,High,,
atux.de,Legitimate,Tech/IT business site.,High,,
augmentedrealitysmartglasses.site,Parked,Coming Soon title.,High,,
audiobookkeeper.ru,Legitimate,Empty title but lighttpd server often used for legitimate small sites/files.,Low,,
bypass.vip,Legitimate,Ad link bypasser tool.,High,,
audytwfirmie.pl,Parked,Domain for sale (Oferta sprzedaży domeny).,High,,
cacingnaga.net,Legitimate,Content site (likely gambling or niche blog based on title).,Medium,,
cacebook.com,Phishing,Typosquatting of Facebook.,High,TP-0001,high
attack11.com,Legitimate,"Empty title, Apache server, likely personal or small project.",Low,,
audacity.de,Phishing,Explicitly flagged as 'Suspected phishing site' by Cloudflare.,High,TP-0001,high
cachvao188bet.com,Legitimate,Affiliate/Link site for 188bet (gambling).,Medium,,
aumails.us,Parked,Standard parking template title.,High,,
auralace.shop,Parked,Parked Domain name on Hostinger.,High,,
auirbnb.com,Phishing,Typosquatting of Airbnb.,High,TP-0001,high
cachekit.store,Legitimate,E-commerce store for geocaching.,High,,
augmentai.org,Legitimate,App/Product site.,High,,
auraity.com,Parked,For Sale Domain title.,High,,
cade.org.uk,Parked,Explicit Parking Page title.,High,,
augustarfinancial.com,Error,403 Forbidden / Cloudflare challenge.,High,,
aurcasino.com,Parked,HugeDomains parking page.,High,,
aureliaprime.net,Legitimate,Template/Agency site.,High,,
cablegateast.com,Legitimate,Pricing page for EmailOnDeck (disposable email service).,High,,
aula.edu.pl,Legitimate,"Educational domain (edu.pl), likely legitimate despite empty title.",Medium,,
audioalarm.de,Legitimate,Keyword-stuffed title but likely a niche affiliate or info site.,Medium,,
auolethtgsra.uni.cc,C2,Suspicious random subdomain on free DNS provider (uni.cc) with generic 'Loading...' title.,Medium,TP-0003,medium
auraqq.com,Parked,HugeDomains parking page.,High,,
aure.com,Error,403 Forbidden / Cloudflare challenge.,High,,
auralith.cfd,Legitimate,Functional temporary email service,Medium,,
aurangabadlive.com,Phishing,Gambling/Casino content on unrelated domain name (likely compromised or repurposed),Medium,,
cactusbrand.works,Error,404 Status and title indicating configuration error,High,,
auraness.com,Parked,Explicitly states 'for sale' via Spaceship.com,High,,
caden.science,Error,404 Not Found,High,,
cado68.com,Legitimate,"Gambling/Betting site (Vietnamese), consistent with domain name",Medium,,
auranex.ai,Legitimate,AI solutions business site,High,,
auromeera.org,Error,404 Not Found,High,,
caca69.com,Legitimate,"Content site (gaming/movies news), though low quality",Medium,,
atv-travel-chukotka.ru,Legitimate,Travel/Tourism business site,High,,
atriox.rf.gd,Parked,Hosting provider default page indicating domain not found/added,High,,
ausclan.com,Parked,HugeDomains parking page,High,,
cadrelabs.io,Legitimate,Business site for AI property management,High,,
cafemilano-toomevera.com,Error,403 Forbidden / Cloudflare block,High,,
cafaroaviation.com,Legitimate,Aviation business site,High,,
auspb.com,Default,FASTPANEL default page,High,,
aufu.de,Parked,STRATO domain reserved page,High,,
caferomatakeaway.com,Error,403 Forbidden / Cloudflare block,High,,
ausdance.org,Phishing,"Title 'Betify' (gambling) on a domain for 'ausdance' (Australian Dance), indicates compromise",High,,
aussieboat.loan,Parked,Generic 'News' title often indicates parking/ad feed,Medium,,
aurora-world.top,Phishing,"Casino/Gambling site on .top domain, likely unregulated/spam",Medium,,
auroracasru.top,Phishing,"Casino/Gambling site on .top domain, likely unregulated/spam",Medium,,
aussiepersonal.loan,Parked,Generic 'News' title often indicates parking/ad feed,Medium,,
aussie.loan,Parked,Generic 'News' title often indicates parking/ad feed,Medium,,
cahir-takeaway-cahir.com,Error,403 Forbidden / Cloudflare block,High,,
cagoi.net,Error,404 Not Found,High,,
austinmedicaljobs.com,Error,403 Forbidden,High,,
australiamail.com,Default,Apache default page 'Home - World Accelerator' often seen on unconfigured servers,Medium,,
c.nut.emailfake.nut.cc,Parked,Explicitly states 'This website is for sale!',High,,
austingambles.org,Parked,Title 'Parking Page',High,,
auspienterprises.com,Legitimate,PCB manufacturing business site,High,,
australiapioneerlida.com,Error,403 Forbidden / Cloudflare block,High,,
australiandoctorplus.com,Parked,Generic 'News' title often indicates parking/ad feed,Medium,,
aussiecar.loans,Legitimate,"Domain matches title, likely a landing page for loans",Medium,,
atherne.com,Error,404 Not Found,High,,
cairodevexpert.com,Legitimate,Development agency business site,High,,
cai-nationalmuseum.org,Error,403 Forbidden,High,,
athne.com,Parked,Explicitly states 'domain name... is for sale',High,,
austinprimetimes.com,Legitimate,Local news/lifestyle site,High,,
cahtgpt.com,Phishing,"Typosquatting 'ChatGPT' (cahtgpt), redirects to 'chatgdp.com'",High,,
cainex.com,Legitimate,AI Healthcare business site,High,,
caistore.com,Parked,HugeDomains parking page,High,,
caiptalone.com,Parked,Title 'Coming Soon',High,,
austriasocial.com,Error,403 Forbidden / Cloudflare block,High,,
audatex.us,Legitimate,Known business site (Audatex),High,,
austrycastillo.com,Parked,Standard parking text 'Resources and Information',High,,
auth.savings.beneplace.com,Legitimate,Subdomain for authentication on a known benefits platform (Beneplace),High,,
authensimilate.com,Parked,"Title 'Sorry, the website has been stopped' indicates inactive/parked status",High,,
auth2fa.com,Legitimate,Product page for 2FA keys (Priyo Authenticator),Medium,,
australianfinefood.com,Error,403 Forbidden / Cloudflare block,High,,
authenyo.xyz,Legitimate,"Personal or niche site hosted on Neocities, title matches domain.",Medium,,
authenticpayments.net,Legitimate,Business site offering payment solutions.,High,,
calcy.org,Legitimate,Educational/prep site for SSB.,High,,
cafecoquin.com,Legitimate,Dating/social platform.,High,,
authorityvip.com,Parked,HugeDomains parking page.,High,,
authenticsportsshop.com,Legitimate,eBay store proxy/shop.,High,,
authorship.com,Legitimate,Professional site hosted on Framer.,High,,
authryn.com,Legitimate,App or service hosted on Vercel.,Medium,,
caldrexa.cfd,Phishing,"Temporary email service on a cheap TLD (.cfd), often used for disposable accounts or evasion.",Medium,TP-0002,medium
authoritybeast.com,Legitimate,Marketing blog/site.,Medium,,
calasanzvalencia.org,Error,Explicit 404 error title.,High,,
cale.com,Legitimate,Personal portfolio site.,High,,
authoritmail.com,Error,Title says 'Not Found' on IIS server.,High,,
calcnet.ru,Legitimate,Russian delivery/logistics service.,High,,
caliberaccountinggroup.com,Error,Empty title often indicates a misconfiguration or blank page.,Low,,
augmentcode.eu.cc,Phishing,"Temporary email service on a free subdomain (.eu.cc), highly suspicious for disposable infrastructure.",High,TP-0002,high
caliberaccounting.com,Error,Empty title.,Low,,
calientesports.net,Phishing,Impersonating Caliente.mx (major Mexican gambling site) on a .net domain.,High,TP-0001,high
calibex.com,Parked,HugeDomains parking page.,High,,
californiamail.com,Legitimate,Business site 'World Accelerator'.,Medium,,
deeplz.com,Phishing,"Typosquatting DeepL (translation service) with 'deeplz', claiming to be official download site.",High,TP-0001,high
deeppl.com,Parked,Typosquatting DeepL but content is 'Coming Soon' placeholder.,Medium,,
deipl.com,Parked,HugeDomains parking page.,High,,
definetheshift.com,Parked,HugeDomains parking page.,High,,
dehoutfrezer.com,Error,403 Forbidden status.,High,,
deinwebradio.com,Legitimate,Forum for web radio.,High,,
default.tmail.thehp.in,Legitimate,TMail multi-domain system default page (likely a SaaS or script demo).,Medium,,
deercreeks.org,Parked,Explicit 'Parking Page' title.,High,,
deepo.com,Legitimate,Business site for Steel Doors.,High,,
deepthroat.monster,Parked,Generic parking template 'Resources and Information'.,High,,
deepn.com,Parked,NameBright 'Coming Soon' parking.,High,,
definesmain.com,Legitimate,GrubDial service.,Medium,,
deexl.com,Legitimate,Consulting and coaching business.,High,,
deeporigin.com,Legitimate,Company site 'Deep Origin'.,High,,
defdb.com,Parked,Generic parking template 'Resources and Information'.,High,,
defandit.com,Legitimate,Blog resource.,Medium,,
deeply.com,Legitimate,E-commerce store for Surf gear.,High,,
deepmails.org,Phishing,"Temporary email service (Disposable email), often used for malicious registration.",Medium,TP-0002,medium
delayover.com,Parked,"Title matches domain name, generic DPS server, likely parked or placeholder.",Medium,,
delexa.com,Parked,HugeDomains parking page.,High,,
deleeuwgolf.com,Error,Empty title.,Low,,
deepol.com,Legitimate,Photo agency site.,High,,
delicious-couture.com,Phishing,Domain unrelated to content (fashion vs gambling). Slot/Gambling spam on compromised or repurposed domain.,High,TP-0001,medium
delhipalacemallow.com,Error,403 Forbidden / Cloudflare block.,High,,
deiriesz.space,Phishing,Generic 'Loading... - Mail' title on .space domain suggests a credential harvester.,High,TP-0001,high
defend.id,Legitimate,Official Indonesian defense industry holding (DEFEND ID).,High,,
deepml.com,Legitimate,Academic/Professional page for a Ph.D.,High,,
degori18.roastedtastyfood.com,Default,"Subdomain showing parent domain name as title, likely default Apache setup.",Medium,,
deliciousnutritious.com,Default,"Title matches domain, Nginx server, likely default setup.",Medium,,
delhispicetakeaway.com,Error,403 Forbidden / Cloudflare block.,High,,
delawareo.com,Legitimate,Standard homepage title for a local news/community site,High,,
delays.site,Parked,Generic 'Resources and Information' title with Parking server header,High,,
dejamedia.com,Legitimate,Specific business title describing services (Automation & Workflows),High,,
degetul.com,Legitimate,"Title indicates a known service (EmailOnDeck Pro), likely a secondary domain or redirect",Medium,,
deliriumshop.de,Legitimate,"E-commerce store title (Online-Shop, Mode)",High,,
deluxmail.com,C2,"Empty title with generic nginx server, suspicious mail-themed domain often used for C2 or phishing infrastructure",Medium,,
deluxetakeaway-sandyford.com,Error,403 Forbidden status with Cloudflare block page,High,,
deluxejewelry.ca,Legitimate,"Empty title but likely a misconfigured shop or placeholder, insufficient evidence for malicious",Low,,
deluxerecords.com,Parked,Explicit 'is for sale' title (HugeDomains),High,,
dekhla.se,Error,Explicit '404 Not Found' in title,High,,
delight.ai,Legitimate,Clear business title for AI service,High,,
deletegmail.com,Parked,Explicit 'parked domain' in title (Porkbun),High,,
dejavu.mailer.me,Legitimate,"Subdomain of mailer.me (likely a service provider), empty title suggests backend endpoint",Medium,,
demiclen.sk,Legitimate,"Title matches domain name, likely small business or personal site",Medium,,
dehydrochlmail.com,Phishing,"Russian title 'Your account is ready to work!', mail-themed domain, suspicious setup often seen in scam/spam infrastructure",Medium,TP-0001,medium
dehumanmail.com,Phishing,Title is 'Google' but domain is not Google. Classic phishing indicator.,High,TP-0001,high
demilleturfarm.com,Error,404 status and title,High,,
deepstore.site,C2,"Empty title, LiteSpeed server, generic TLD, suspicious pattern",Low,,
dely.com,Parked,Explicit 'domain name may be for sale' title,High,,
dejavu.moe,Legitimate,Title indicates a personal link/info page,High,,
definabmail.com,Phishing,Title is 'Google' but domain is not Google. Classic phishing indicator.,High,TP-0001,high
delightfulobsidian.addy.io,Legitimate,"Subdomain of addy.io (email forwarding service), likely a user alias",High,,
deevid.ai,Legitimate,Clear business title for AI video generator,High,,
dempl.com,Parked,Explicit 'is for sale' title (HugeDomains),High,,
delirya.com,Legitimate,"Title matches domain, likely a brand or personal site",Medium,,
delfos.edu.ec,Legitimate,Educational institution in Ecuador (.edu.ec),High,,
deltaproductns.ca,Parked,Squarespace 'Website Expired' page functions as a parked/inactive state,High,,
delotti.com,Legitimate,Business title 'The Delotti Group',High,,
delikkt.de,Parked,Title 'Future home of...' indicates a placeholder,High,,
demopgslot.org,Legitimate,"Gambling/Slot demo site, likely legitimate within its niche (greyware)",Medium,,
demons.co.nz,Legitimate,Movie review/info site,High,,
deltaprotect.com,Legitimate,Cybersecurity services business site,High,,
delvionis.cfd,Phishing,"Temporary Email Service on cheap .cfd TLD, often used for abuse/phishing infrastructure",Medium,TP-0002,medium
deltacharliecommunity.com,Parked,Squarespace 'Coming Soon' placeholder,High,,
dell.com,Legitimate,Official Dell website,High,,
deltadentalcoversme.com,Legitimate,"Insurance enrollment site (Delta Dental), consistent with brand",High,,
deniath.com,C2,"Empty title, Cloudflare, no content, suspicious pattern",Low,,
delphiforums.com,Legitimate,Long-standing forum hosting service,High,,
deindigiweb.de,Parked,Hosting provider default page 'Neue Domain bei...',High,,
demonbox360.net,Legitimate,"Title matches domain, likely a niche service or community site",Medium,,
deft-service.ru,Legitimate,IT Service business in Russia,High,,
dentalclinic.services,Error,403 Forbidden / Browser check page,High,,
denaliatm.com,Legitimate,ATM business website,High,,
dentalclinic.website,Parked,Explicit 'for sale' title (Spaceship.com),High,,
dentalfarma.net,Legitimate,Dental services website,High,,
densify.org,Parked,Explicit 'for sale' title (Spaceship.com),High,,
delany.my.id,Error,403 Forbidden with 'DNS points to prohibited IP',High,,
dentalsavings.webmd.com,Legitimate,"Subdomain of WebMD, legitimate health info site",High,,
delignimail.com,Phishing,Title is 'Google' but domain is not Google. Classic phishing indicator.,High,TP-0001,high
dentalemergencyroom.com,Error,404 Not Found,High,,
dentimanager.com,Parked,Standard parking page title and server header,High,,
dental22.com,Default,Default installation success message,High,,
demystifyingprojects.com,Legitimate,Appears to be a legitimate project or blog site,Medium,,
dencxvo.com,Legitimate,Title suggests a specific book or marketing framework site,Medium,,
denvercathospital.com,Error,Empty title often indicates a misconfiguration or blank response,Low,,
dennspace.com,Parked,Squarespace 'Coming Soon' placeholder,High,,
denipl.net,Parked,Standard parking page title and server header,High,,
deniau.org,Default,Standard Nginx welcome page,High,,
demon.party,Legitimate,Personal or niche interest site,Medium,,
demand.pictures,Phishing,"Temporary email service often used for evasion or spam, flagged as suspicious context",Medium,TP-0002,medium
deliciousthings.net,Default,"Title matches domain name, generic nginx server, likely undeveloped",Low,,
denizlisayfasi.com,Parked,Explicitly states 'Premium Park Sayfası',High,,
dep88.win,Parked,Porkbun parked domain page,High,,
demandsxz.com,Parked,Standard parking page title and server header,High,,
denipl.com,Parked,Standard parking page title and server header,High,,
demirse.com,Legitimate,"GitHub pages test site, likely benign",Medium,,
deni.sh,Legitimate,Personal portfolio site,High,,
demytholomail.com,Error,404 Not Found status and title,High,,
depositshub2.com,Legitimate,Game deposit information site (likely gambling affiliate),Medium,,
denthe.online,Parked,Hostinger parked domain message,High,,
dentalestheticsofbocaraton.com,Legitimate,Dental business website,High,,
dentalplans.com,Legitimate,Established business site,High,,
dematermail.com,Phishing,Title is 'Google' but domain is unrelated. Classic phishing indicator.,High,TP-0001,high
depogross.com,Parked,Under construction message ('Yapım Aşamasındadır'),High,,
depelicula.com,Parked,Domain for sale message,High,,
denoo.org,Error,"Empty title, likely misconfigured or blank",Low,,
depel.com,Default,"Title matches domain, generic content, likely undeveloped",Low,,
depl.com,Parked,Coming Soon placeholder,High,,
derbydancefestival.com,Error,Empty title,Low,,
depositbonustopcasino.com,Legitimate,SEO spam or affiliate blog (Housing/Construction content on casino domain is suspicious but technically content exists),Low,,
denominationfactory.com,Legitimate,Business or organization home page,Medium,,
deomwano.com,Legitimate,Consultancy business site,High,,
derivative.studio,Error,403 Forbidden / Cloudflare challenge page,High,,
dentalinsurance.com,Legitimate,Established insurance comparison site,High,,
denvergeek.com,Legitimate,Tech support business site,High,,
dentonhospital.com,Parked,Coming Soon placeholder,High,,
derhaai.com,Legitimate,"Generic 'News' title, likely a blog or aggregator",Low,,
denumail.com,Phishing,Title is 'Google' on unrelated domain. High confidence phishing.,High,TP-0001,high
dendrochromail.com,Phishing,Title is 'Google' on unrelated domain. High confidence phishing.,High,TP-0001,high
deopbox.com,Default,"Title matches domain, generic Apache server",Low,,
delka.relieval.com,Error,Empty title,Low,,
derpl.com,Parked,HugeDomains for sale page,High,,
denyfromall.org,Error,Empty title,Low,,
department.com,Parked,Coming Soon placeholder,High,,
dequitable.com,Legitimate,Business site for Diversified Equity Group,Medium,,
dep.dropmail.me,Legitimate,"Known temporary email service (Dropmail), legitimate tool but often abused",Medium,,
dermatologistasaopaulo.com,Legitimate,Medical professional website,High,,
derealfred.anonaddy.com,Error,Empty title on subdomain of email forwarding service,Low,,
dermatologistaportoalegre.com,Parked,Hostinger parked domain message,High,,
derek.com,Legitimate,Wedding planning website (likely The Knot or similar platform),High,,
desarrolloexpo.com,Parked,Standard parking template title and server header,High,,
deropbox.com,Phishing,Typosquatting 'Dropbox' with login/access title,High,TP-0001,high
derikn.com,Legitimate,Personal portfolio/blog hosted on Vercel,High,,
denizlipostasi.com,Default,Standard 'Success!' default installation page,High,,
dermail.com,Parked,Explicit 'website is for sale' title and parking header,High,,
desertlady.com,Parked,HugeDomains 'for sale' landing page,High,,
desertseo.com,Parked,HugeDomains 'for sale' landing page,High,,
desheli.com,Parked,HugeDomains 'for sale' landing page,High,,
designfortwayne.com,Error,Empty title often indicates a misconfiguration or blank response,Medium,,
design-first.com,Parked,HugeDomains 'for sale' landing page,High,,
derkombi.de,Error,403 Forbidden status and title,High,,
dertul.xyz,C2,"Minimal title (domain only) on .xyz TLD, often associated with automated infrastructure",Medium,,
dependenceuds.ru,Error,404 Not Found status and title,High,,
designsolutionstl.com,Legitimate,Small business site (Home Organizing),High,,
deskport.net,Error,404 Not Found status and title,High,,
designerclothingwear.com,Error,Empty title usually indicates broken configuration,Medium,,
denstudio.pl,Parked,Polish 'Oferta sprzedaży domeny' (Domain sale offer),High,,
dermatose.ru,Legitimate,Russian design/project creation service,Medium,,
designstudien.de,Legitimate,German design studio/blog,High,,
desilver.com,Legitimate,Business site (likely financial or consulting based on name/server),Medium,,
descript.com,Legitimate,Well-known SaaS product (AI Video Editor),High,,
desocupa.org,Legitimate,Anti-bot protection page for an organization (likely activist/political),Medium,,
derluxuswagen.de,Error,403 Forbidden status and title,High,,
designfox.org,Parked,Explicit 'Parking Page' title,High,,
desea.com,Default,"Minimal title (domain only) on Apache, likely default or placeholder",Medium,,
despammed.com,Legitimate,Indonesian gaming/entertainment portal (Gambling content noted but technically functional site),Medium,,
desoutilspourapprendre.com,Default,Standard 'Site is created successfully!' default page,High,,
desiparatha.online,Legitimate,"Adult content site (functional, not phishing/malware)",High,,
derpy.info,C2,"Minimal title (domain only) on .info, suspicious pattern",Low,,
designbuildsd.com,Legitimate,Construction/Design business in San Diego,High,,
deskwareapp.com,Parked,HugeDomains 'for sale' landing page,High,,
desertsundesigns.com,Phishing,"Generic 'Public Email Service' title on unrelated domain, likely credential harvesting",Medium,TP-0001,medium
dentalcompany.es,Legitimate,Spanish dental company website,High,,
designforthefirstworld.com,Default,"Minimal title (domain only), likely default placeholder",Medium,,
des-law.com,Legitimate,Title suggests coding tutorial/example site,Medium,,
detetive.online,Parked,Minimal title on .online domain with DPS server (often parking),Medium,,
designable.info,Parked,German 'Domain registered for customer' placeholder,High,,
detikcapsa.net,Legitimate,Online gambling platform (Poker),High,,
detroitberlin.org,Legitimate,Cultural exchange organization,High,,
deshiz.net,Phishing,Impersonating Steam Community profile on non-Steam domain,High,TP-0001,high
designsofnailart.com,Legitimate,Nail art design blog/site,High,,
desrevisseau.sfxmailbox.com,Error,Explicit 'Error' title,High,,
desktop.blatnet.com,Default,"Minimal title (domain only), likely default placeholder",Medium,,
designthinkingcenter.com,Legitimate,Anti-bot protection page for a legitimate business domain,Medium,,
desiremail.com,Phishing,Generic 'Web Mail' login title on suspicious domain,Medium,TP-0001,medium
destriant.net,Legitimate,Mirror or scrape of Wikipedia content (Malazan Book),Medium,,
desertgate.ae,Legitimate,Tourism company in UAE,High,,
deskmail.xyz,Phishing,Generic mail title 'Tmail.nz' on unrelated .xyz domain,Medium,TP-0001,medium
detroithairsalons.com,Legitimate,Client Challenge title usually indicates a CAPTCHA/security check for a real site,Medium,,
desktop.poisedtoshrike.com,Parked,Explicit 'Coming Soon' title,High,,
deuplus.com,Error,404 Not Found status and title,High,,
detran.site,Legitimate,Informational site about Detran (Brazilian DMV) services,Medium,,
dev-tips.com,Legitimate,Likely a developer blog or tips site based on title,Medium,,
deutschland.einweg-email.com,Error,Title indicates domain not available (404 equivalent),High,,
deutsch-sprachschule.de,Legitimate,Language school website,High,,
detrade.com,Legitimate,Business title,Medium,,
developmentstack.com,Parked,DigiNames landing page,High,TP-0004,high
detikcapsa.org,Legitimate,"Gambling/Card strategy site (common in specific regions, treated as content)",Medium,,
deucemail.com,Legitimate,Privacy email service,Medium,,
detexx.com,Error,Title is 403 Forbidden,High,,
developers401k.com,Legitimate,"Generic 'News' title often seen on blogs or parked pages, but without explicit parked indicators, leaning Legitimate/Low Content",Low,,
devilsgrannies.com,Error,404 Not Found,High,,
detektywenigma.pl,Legitimate,Detective services business site,High,,
dev.r13.org,Legitimate,Staking/Crypto development subdomain,Medium,,
devge.com,Parked,HugeDomains for sale page,High,TP-0004,high
detoro.com,Legitimate,Corporate homepage,High,,
devkey.store,Legitimate,E-commerce store title,Medium,,
developedwithstyle.info,Parked,Generic 'News' title on .info often indicates low-quality parking/ad farm,Low,TP-0004,low
devlo.site,Parked,Explicit 'Your domain is expired' message,High,TP-0004,high
devilsasians.com,Parked,Suspended/Stopped website message,High,TP-0004,high
dev.poisedtoshrike.com,Parked,Coming Soon placeholder,High,TP-0004,high
dev.codiel.gleeze.com,Error,Title 'Google Public DNS' usually indicates a resolution error or misconfiguration page served by Google infrastructure,Medium,,
dev.marksypark.com,Parked,Coming Soon placeholder,High,TP-0004,high
devlf.site,Parked,Explicit 'Your domain is expired' message,High,TP-0004,high
devib.site,Parked,Standard parking template 'Resources and Information',High,TP-0004,high
devaction.com.br,Error,Cloudflare 'Just a moment' challenge/interstitial (often 403/Managed Challenge),High,,
devotedmarketing.com,Parked,HugeDomains for sale page,High,TP-0004,high
devmmo.com,Error,Cloudflare 'Attention Required' (403/Block),High,,
devinslick.com,Legitimate,Personal name/brand title,Medium,,
despi-lifestyle.com,Default,Default Landing Page title,High,TP-0004,low
dewa855.com,Parked,Standard parking template 'Resources and Information',High,TP-0004,high
devinmail.com,Error,404 Not Found,High,,
dewacid.store,Legitimate,"Generic Home title, likely a small shop or blog",Low,,
devletgirisimcidestekleri.com,Legitimate,"Title matches domain, likely informational content",Medium,,
devinna.79.ganapati.weebers.xyz,Parked,Namecheap verification/parking page,High,TP-0004,high
devob.site,Error,Site Not Found,High,,
devo.ventures,Default,Welcome to nginx! default page,High,TP-0004,low
devo.gallery,Legitimate,Art gallery website,High,,
devr.site,Legitimate,App developer site,Medium,,
dewarsengines.com,Parked,Suspended/Stopped website message,High,TP-0004,high
devrient.gent,Legitimate,Creative studio website,High,,
devopstech.org,Parked,Explicit 'For Sale' title,High,TP-0004,high
devt.site,Legitimate,"Minimal title matching domain, likely personal project or dev site",Low,,
dezitouch.com,Error,404 Not Found,High,,
dfarmers.com,Parked,HugeDomains for sale page,High,TP-0004,high
deyom.com,Legitimate,"Minimal title matching domain, likely legitimate placeholder or small site",Low,,
dewahkb.net,Parked,Standard parking template 'Resources and Information',High,TP-0004,high
dezpl.com,Legitimate,Company name title,Medium,,
dfhgh.com,Parked,HugeDomains for sale page,High,TP-0004,high
dexamail.com,Legitimate,"Minimal title matching domain, likely legitimate placeholder or small site",Low,,
dewanagatoto.net,Legitimate,"Gambling/Lottery site, likely legitimate within its niche but high risk",Medium,,
dfdh.dropmail.me,Legitimate,Disposable email service (Dropmail),High,TP-0009,high
dewabola303.com,Legitimate,Gambling/Betting site,Medium,,
dfuae.com,Parked,Domain for sale via Spaceship.com,High,TP-0008,high
dg88affgame.com,Legitimate,Adult content site,High,,
devvo.com.br,Legitimate,Technology company website,High,,
detash.kg,Legitimate,Business website,Medium,,
dgclublottery.com,Legitimate,Lottery/Gaming site,Medium,,
dgcustomerfirst.site,C2,Suspicious 'Index of /' on a domain mimicking a brand (Dollar General survey),High,"TP-0001,TP-0007",high
dfgdfg.dropmail.me,Legitimate,Disposable email service (Dropmail),High,TP-0009,high
devopsexpert.work.gd,Legitimate,Personal blog/portfolio on cheap TLD,Medium,,
dewpl.com,Parked,Generic 'Loading...' title often associated with parking or redirects,Medium,TP-0008,medium
df82.crankymonkey.info,Legitimate,"Subdomain of crankymonkey.info, likely technical infrastructure",Medium,,
dgcore.us,Legitimate,Crypto mining service,Medium,,
dfropbox.com,Phishing,Typosquatting Dropbox (dfropbox vs dropbox),High,TP-0002,high
devly.site,Legitimate,Web design service,Medium,,
dexmail.icu,Legitimate,Disposable email service (Tmail),High,TP-0009,high
dgfly.sbs,Parked,Parked domain on Hostinger,High,TP-0008,high
dhain.com,Parked,Domain for sale via HugeDomains,High,TP-0008,high
dgepl.com,Default,"Empty title, Apache server, likely unconfigured",Medium,,
dge7flmj.crankymonkey.info,Legitimate,Subdomain of crankymonkey.info,Medium,,
chaftgpt.com,Phishing,"Typosquatting ChatGPT (chaftgpt), currently redirecting to security education (Huntress)",High,TP-0002,high
dgstore24.ru,Default,"Empty title, Cloudflare, likely unconfigured or blocked",Low,,
dguti5.embul.site,Parked,Namecheap verification/parking page,High,TP-0008,high
dgdf.cc,Parked,Generic parking page content,High,TP-0008,high
chagpt.com,Phishing,"Typosquatting ChatGPT (chagpt), hosting unrelated content",High,TP-0002,high
dgrt.be,Parked,'Parkeer pagina' (Parking page),High,TP-0008,high
chafgpt.com,Parked,"Typosquatting ChatGPT (chafgpt), currently for sale",High,"TP-0002,TP-0008",high
dharatal.org,Legitimate,Organization website,Medium,,
chagtgpt.com,Parked,"Typosquatting ChatGPT (chagtgpt), 'Coming Soon'",High,"TP-0002,TP-0008",high
chadgpt.com,Error,403 Forbidden / Cloudflare challenge,Medium,TP-0002,medium
chadologia.ru,Legitimate,Russian blog/site,Medium,,
dhindustry.com,Parked,Domain for sale via HugeDomains,High,TP-0008,high
dhfmail.com,Error,404 Not Found,High,,
chade.com,Legitimate,Fashion brand website,High,,
chadse.com,Parked,"Typosquatting Chase (chadse), 'Coming Soon'",Medium,"TP-0002,TP-0008",medium
chaes.com,Parked,"Typosquatting Chase (chaes), 'Loading...'",Medium,"TP-0002,TP-0008",medium
cgvshealth.com,Phishing,"Typosquatting CVS Health (cgvshealth vs cvshealth), title claims to be CVS Health",High,"TP-0001,TP-0002",high
chacuo.net,Legitimate,IP address lookup tool,High,,
chagdud.org,Error,403 Forbidden,High,,
dgd.mail-temp.com,Legitimate,Disposable email service,High,TP-0009,high
dhruvseth.com,Legitimate,Personal portfolio,High,,
cgyvgtx.xorg.pl,Parked,Aftermarket.pl domain parking,High,TP-0008,high
ch13sfv.com,Legitimate,Legal trustee website,High,,
cgx.io,Legitimate,Business website,Medium,,
ch.ase.com,Default,"Empty title, Apache server on subdomain",Medium,,
dhkf.com,Legitimate,Business name generator tool,Medium,,
dhm.ro,Legitimate,Marketing agency,High,,
cha6gpt.com,Phishing,"Typosquatting ChatGPT (cha6gpt), redirecting",High,TP-0002,high
cgx.dropmail.me,Legitimate,Disposable email service (Dropmail),High,TP-0009,high
