domain,priority,reason,flame_tp_ids,soa_email,ssl_org,ssl_serial,visual_hash
0nce.net,0,FLAME:TP-0001,TP-0001,dns@cloudflare.com,,,
0ne0ut.com,0,FLAME:TP-0042,TP-0042,,,,
10minuteemail.com,0,FP-0008: pickelhost/eye-mail ULA SPF Phishing Platform (conf: 75),TP-0001,admin@giantpanda.com,,,
111gmail.com,0,"FLAME:TP-0001,TP-0012","TP-0001,TP-0012",hostmaster@111gmail.com,,,
1234yahoo.com,0,"FLAME:TP-0001,TP-0067","TP-0001,TP-0067",,,,
035616.click,0,FP-0009: IPIDEA Residential Proxy Network Infrastructure (conf: 80),,dns@cloudflare.com,,,
123blink.info,0,FLAME:TP-0036,TP-0036,,,,
089gmail.com,0,FLAME:TP-0012,TP-0012,,,,
1012.com,0,FP-0008: pickelhost/eye-mail ULA SPF Phishing Platform (conf: 75),TP-0001,admin@giantpanda.com,,,
100jilislot.net,0,"FLAME:TP-0079, TP-0060","TP-0079, TP-0060",,,,
12minutemail.net,0,FP-0011: IP-KVM / Remote-Management Exposure (conf: 15),,dns@jomax.net,,,
123market.com,0,FP-0008: pickelhost/eye-mail ULA SPF Phishing Platform (conf: 75),TP-0001,admin@giantpanda.com,,,
008686.xyz,0,FP-0008: pickelhost/eye-mail ULA SPF Phishing Platform (conf: 90),TP-0001,hostmaster@008686.xyz,,,
144206.com,0,FLAME:TP-0041,TP-0041,,,,
132236.xyz,0,FLAME:TP-0079,TP-0079,dns@cloudflare.com,,,
081430.xyz,0,FLAME:TP-0079,TP-0079,dns@cloudflare.com,,,
121569.xyz,0,FLAME:TP-0079,TP-0079,dns@cloudflare.com,,,
101185.xyz,0,FLAME:TP-0079,TP-0079,dns@cloudflare.com,,,
10betcasinomx.net,0,"FLAME:TP-0036,TP-0051","TP-0036,TP-0051",dns@cloudflare.com,,,
136.cn.com,0,"FLAME:TP-0012,TP-0036","TP-0012,TP-0036",,,,
100022911612373.medan4d.top,0,FLAME:TP-0079,TP-0079,,,,
143gmail.com,0,"FLAME:TP-0001,TP-0067","TP-0001,TP-0067",hostmaster@143gmail.com,,,
100009700450398.medan4d.top,0,FLAME:TP-0079,TP-0079,,,,
02bet.info,0,FLAME:TP-0036,TP-0036,dns@cloudflare.com,,,
12904.com,0,"FLAME:TP-0001,TP-0012","TP-0001,TP-0012",dns@cloudflare.com,,,
12betlink.info,0,"FLAME:TP-0079, TP-0060","TP-0079, TP-0060",dns@cloudflare.com,,,
152news.com,0,"FLAME:TP-0041,TP-0042","TP-0041,TP-0042",dns@cloudflare.com,,,
154news.com,0,"FLAME:TP-0041,TP-0042","TP-0041,TP-0042",dns@cloudflare.com,,,
138500.xyz,0,FLAME:TP-0079,TP-0079,dns@cloudflare.com,,,
1234techland.info,0,FP-0008: pickelhost/eye-mail ULA SPF Phishing Platform (conf: 100),TP-0001,hostmaster@nsone.net,,,
158877.com,0,"FLAME:TP-0041,TP-0042","TP-0041,TP-0042",,,,
117788211.com,0,FLAME:TP-0041,TP-0041,dns@cloudflare.com,,,
150610.xyz,0,FLAME:TP-0079,TP-0079,dns@cloudflare.com,,,
136betcasino.info,0,"FLAME:TP-0012,TP-0036","TP-0012,TP-0036",dns@cloudflare.com,,,
119988211.com,0,FLAME:TP-0041,TP-0041,dns@cloudflare.com,,,
099833.xyz,0,"FLAME:TP-0041, TP-0079","TP-0041, TP-0079",hostmaster@trellian.com,,,
10minutes.email,0,FP-0009: IPIDEA Residential Proxy Network Infrastructure (conf: 80),,dns@cloudflare.com,,,
112288211.com,0,FLAME:TP-0041,TP-0041,dns@cloudflare.com,,,
131qs.com,0,"FLAME:TP-0012,TP-0036","TP-0012,TP-0036",dns@cloudflare.com,,,8000800080008000
10minutenemail.de,0,FP-0011: IP-KVM / Remote-Management Exposure (conf: 15),,root@ns1.antagus.de,,,
151qs.com,0,FLAME:TP-0043,TP-0043,dns@cloudflare.com,,,8000800080008000
155bets.net,0,"FLAME:TP-0036,TP-0051","TP-0036,TP-0051",dns@cloudflare.com,,,c6dd3177441d11cd
12vegascasino.net,0,"FLAME:TP-0012,TP-0036","TP-0012,TP-0036",dns@cloudflare.com,,,
125bet.info,0,"FLAME:TP-0012,TP-0036","TP-0012,TP-0036",dns@cloudflare.com,,,c6dd3177441d11cd
13bet.info,0,"FLAME:TP-0012,TP-0036","TP-0012,TP-0036",dns@cloudflare.com,,,
15winbet.info,0,"FLAME:TP-0036,TP-0051","TP-0036,TP-0051",dns@cloudflare.com,,,
149837.com,0,FLAME:TP-0060,TP-0060,dns@cloudflare.com,,,c1817e7a371cc9e1
123gmail.com,0,"FLAME:TP-0001,TP-0012","TP-0001,TP-0012",hostmaster@trellian.com,,,
164qq.com,0,FLAME:TP-0043,TP-0043,dns@cloudflare.com,,,91f85ec2d2cd9c23
001280.xyz,0,"FLAME:TP-0001,TP-0012,TP-0024","TP-0001,TP-0012,TP-0024",dns@cloudflare.com,,,9a696492d96d9699
0hdear.com,0,"FLAME:TP-0042,TP-0048","TP-0042,TP-0048",dns@cloudflare.com,,,
177.co.com,0,"FLAME:TP-0067, TP-0079","TP-0067, TP-0079",,,,
13win23com.com,0,"FLAME:TP-0079, TP-0060","TP-0079, TP-0060",dns@cloudflare.com,,,
176364.xyz,0,FLAME:TP-0079,TP-0079,dns@cloudflare.com,,,
163.com.org,0,FLAME:TP-0041,TP-0041,,,,
0-mailer.dynv6.net,0,FLAME:TP-0079,TP-0079,,,,
11lu.org,0,FP-0011: IP-KVM / Remote-Management Exposure (conf: 15),,dns@cloudflare.com,,,
171630.app,0,"FLAME:TP-0041,TP-0042","TP-0041,TP-0042",dns@cloudflare.com,,,c6b055f512758bb2
1800formybaby.com,0,"FLAME:TP-0041,TP-0042","TP-0041,TP-0042",dns@jomax.net,,,
161betlogin.info,0,"FLAME:TP-0001,TP-0036","TP-0001,TP-0036",dns@cloudflare.com,,,c6dd3177441d11cd
160bet.info,0,"FLAME:TP-0036,TP-0051","TP-0036,TP-0051",dns@cloudflare.com,,,
10minutesmail.com,0,FLAME:TP-0043,TP-0043,dns@cloudflare.com,,,bbcbc03c8db07863
180678.xyz,0,"FLAME:TP-0041,TP-0042","TP-0041,TP-0042",dns@cloudflare.com,,,
181296.xyz,0,"FLAME:TP-0041,TP-0079","TP-0041,TP-0079",dns@cloudflare.com,,,
186404.xyz,0,"FLAME:TP-0041,TP-0042","TP-0041,TP-0042",dns@cloudflare.com,,,
177732.xyz,0,FLAME:TP-0079,TP-0079,dns@cloudflare.com,,,
161jjj161.com,0,"FLAME:TP-0041,TP-0042","TP-0041,TP-0042",dns@cloudflare.com,,,
161ii161.com,0,"FLAME:TP-0041,TP-0042","TP-0041,TP-0042",dns@cloudflare.com,,,
161yyy161.com,0,"FLAME:TP-0041,TP-0042","TP-0041,TP-0042",dns@cloudflare.com,,,
188betapk.net,0,FLAME:TP-0019,TP-0019,,,,
188pet.info,0,"FLAME:TP-0042, TP-0079","TP-0042, TP-0079",,,,
161aaa161.com,0,"FLAME:TP-0041,TP-0042","TP-0041,TP-0042",dns@cloudflare.com,,,
161ooo161.com,0,"FLAME:TP-0041,TP-0042","TP-0041,TP-0042",dns@cloudflare.com,,,
188betthethao.org,0,FLAME:TP-0019,TP-0019,,,,
185962.xyz,0,"FLAME:TP-0041,TP-0079","TP-0041,TP-0079",dns@cloudflare.com,,,
1800waterdamagefranchise.info,0,"FLAME:TP-0041,TP-0042","TP-0041,TP-0042",dns@cloudflare.com,,,c6b055f512758bb2
1909.com,0,FP-0008: pickelhost/eye-mail ULA SPF Phishing Platform (conf: 75),TP-0001,admin@giantpanda.com,,,
161ww161.com,0,"FLAME:TP-0041,TP-0042","TP-0041,TP-0042",dns@cloudflare.com,,,
1961.com,0,FP-0008: pickelhost/eye-mail ULA SPF Phishing Platform (conf: 75),TP-0001,admin@giantpanda.com,,,
113388211.com,0,FLAME:TP-0041,TP-0041,dns@cloudflare.com,,,
18plusgamblingcasinos.com,0,FLAME:TP-0019,TP-0019,,,,
1962.com,0,FP-0008: pickelhost/eye-mail ULA SPF Phishing Platform (conf: 75),TP-0001,admin@giantpanda.com,,,
1978.com,0,FP-0008: pickelhost/eye-mail ULA SPF Phishing Platform (conf: 75),TP-0001,admin@giantpanda.com,,,
1828k.com,0,FP-0008: pickelhost/eye-mail ULA SPF Phishing Platform (conf: 90),TP-0001,hostmaster@1828k.com,,,
1964.com,0,FP-0008: pickelhost/eye-mail ULA SPF Phishing Platform (conf: 75),TP-0001,admin@giantpanda.com,,,
18dewa.com,0,FLAME:TP-0019,TP-0019,dns@cloudflare.com,,,
1716eee.com,0,"FLAME:TP-0041,TP-0042","TP-0041,TP-0042",dns@cloudflare.com,,,91c305011ff774db
15h.ru,0,"FLAME:TP-0041,TP-0042","TP-0041,TP-0042",dnsmanager@hostiman.ru,,,
1aaawholesalemerchandise.com,0,"FLAME:TP-0017,TP-0036,TP-0043","TP-0017,TP-0036,TP-0043",,,,
1f4.xyz,0,FLAME:TP-0079,TP-0079,dns@cloudflare.com,,,
10minuteinbox.com,0,FLAME:TP-0043,TP-0043,dns@cloudflare.com,,,
1969.com,0,FP-0008: pickelhost/eye-mail ULA SPF Phishing Platform (conf: 75),TP-0001,admin@giantpanda.com,,,
1800casinos.co,0,FP-0011: IP-KVM / Remote-Management Exposure (conf: 20),,dns@cloudflare.com,,,9999663699cc3333
1go-level.buzz,0,FLAME:TP-0079,TP-0079,dns@cloudflare.com,,,
1blackmoon.com,0,"FLAME:TP-0042,TP-0048,TP-0061","TP-0042,TP-0048,TP-0061",,,,
16816889.xyz,0,FP-0011: IP-KVM / Remote-Management Exposure (conf: 60),,dns@cloudflare.com,,,
168.net,0,FP-0009: IPIDEA Residential Proxy Network Infrastructure (conf: 80),,abuse@digiage.com.tw,,,
17890714.xyz,0,FLAME:TP-0041,TP-0041,hostmaster@gandi.net,,,de4c31736492b365
1676.ru,0,"FLAME:TP-0041,TP-0042","TP-0041,TP-0042",support@netsto.com,,,
18dealblast.com,0,FLAME:TP-0042,TP-0042,dns@cloudflare.com,,,
1208designs.com,0,"FLAME:TP-0001,TP-0012","TP-0001,TP-0012",dns@cloudflare.com,,,
1cryptodarkmarket.com,0,"FLAME:TP-0042,TP-0044,TP-0048,TP-0049","TP-0042,TP-0044,TP-0048,TP-0049",dns@cloudflare.com,,,
15057700.com,0,"FLAME:TP-0041,TP-0042","TP-0041,TP-0042",dns@cloudflare.com,,,
1win-casino-rc4.ru,0,FLAME:TP-0079,TP-0079,dns@cloudflare.com,,,8080007f7f7fff80
15057777.com,0,"FLAME:TP-0041,TP-0042","TP-0041,TP-0042",dns@cloudflare.com,,,
1win-casino-kg5.ru,0,FLAME:TP-0079,TP-0079,dns@cloudflare.com,,,8080007f7f7fff80
15057722.com,0,"FLAME:TP-0041,TP-0042","TP-0041,TP-0042",dns@cloudflare.com,,,
166886.xyz,0,"FLAME:TP-0041,TP-0042","TP-0041,TP-0042",freednsadmin@dnspod.com,,,
1win-casino-si9.ru,0,FLAME:TP-0079,TP-0079,dns@cloudflare.com,,,8080007f7f7fff80
1win-casino-xk9.ru,0,FLAME:TP-0079,TP-0079,dns@cloudflare.com,,,8080007f7f7fff80
1ckursy.ru,0,"FLAME:TP-0001,TP-0043","TP-0001,TP-0043",support@regtime.net,,,
1win-casino-pz3.ru,0,FLAME:TP-0079,TP-0079,dns@cloudflare.com,,,
1win-casino-zx8.ru,0,FLAME:TP-0079,TP-0079,dns@cloudflare.com,,,8080007f7f7fff80
0accounts.com,0,FLAME:TP-0001,TP-0001,abuse@fxdns.net,,,
1gmail.com,0,FLAME:TP-0001,TP-0001,hostmaster@trellian.com,,,
2023socialdividend.org.com,0,"FLAME:TP-0001,TP-0019","TP-0001,TP-0019",,,,
1phbet.info,0,"FLAME:TP-0001,TP-0036","TP-0001,TP-0036",dns@cloudflare.com,,,
1hotmail.com,0,"FLAME:TP-0001,TP-0012","TP-0001,TP-0012",azuredns-hostmaster@microsoft.com,,,
1phbetlogin.info,0,FLAME:TP-0079,TP-0079,dns@cloudflare.com,,,
2022darkmarkets.com,0,"FLAME:TP-0042,TP-0048,TP-0061","TP-0042,TP-0048,TP-0061",dns@cloudflare.com,,,
161332.com,0,"FLAME:TP-0041,TP-0042","TP-0041,TP-0042",master@share-dns.com,,,
20bentstbrighton.com,0,"FLAME:TP-0036,TP-0063","TP-0036,TP-0063",dns@cloudflare.com,,,
0543sh.com,0,"FLAME:TP-0032, TP-0049","TP-0032, TP-0049",master@share-dns.com,,,cb8c3cb3306de632
221320.com,0,"FLAME:TP-0036,TP-0079","TP-0036,TP-0079",dns@cloudflare.com,,,
1gmail.net,0,FLAME:TP-0002,TP-0002,dns@cloudflare.com,,,
212bet.info,0,"FLAME:TP-0001,TP-0036,TP-0063","TP-0001,TP-0036,TP-0063",dns@cloudflare.com,,,
2233.xyz,0,"FLAME:TP-0041,TP-0079","TP-0041,TP-0079",,,,
2021-mail.online,0,FLAME:TP-0079,TP-0079,hostmaster@sedo.de,,,
2227728.com,0,"FLAME:TP-0041,TP-0042","TP-0041,TP-0042",,,,
1abccloseouts.com,0,FLAME:TP-0043,TP-0043,support@spaceship.com,,,918f66641bda3d68
212betlogin.net,0,"FLAME:TP-0001,TP-0036,TP-0063","TP-0001,TP-0036,TP-0063",dns@cloudflare.com,,,
2014mail.ru,0,"FLAME:TP-0001,TP-0012","TP-0001,TP-0012",monitor@hosterdaddy.com,,,
188bet.sa.com,0,FLAME:TP-0019,TP-0019,dns@cloudflare.com,,,959ed0d94463133f
206534.com,0,"FLAME:TP-0036,TP-0063","TP-0036,TP-0063",dns@cloudflare.com,,,c1817e7a371cc9e1
161fff161.com,0,"FLAME:TP-0041,TP-0042","TP-0041,TP-0042",dns@cloudflare.com,,,
222wincasino.net,0,FLAME:TP-0036,TP-0036,dns@cloudflare.com,,,
2.pl,0,"FLAME:TP-0001,TP-0012","TP-0001,TP-0012",biuro@ut.pl,,,
224900.xyz,0,"FLAME:TP-0041,TP-0042,TP-0048","TP-0041,TP-0042,TP-0048",dns@cloudflare.com,,,
1manbet.info,0,FLAME:TP-0042,TP-0042,dns@jomax.net,,,
223388211.com,0,FLAME:TP-0041,TP-0041,dns@cloudflare.com,,,
22ccf.com,0,"FLAME:TP-0036,TP-0054","TP-0036,TP-0054",dns@cloudflare.com,,,
234927.com,0,FLAME:TP-0042,TP-0042,dns@cloudflare.com,,,
225588211.com,0,FLAME:TP-0041,TP-0041,dns@cloudflare.com,,,
238808.xyz,0,"FLAME:TP-0041,TP-0079","TP-0041,TP-0079",dns@cloudflare.com,,,
1820mail.vip,0,FLAME:TP-0019,TP-0019,dns@cloudflare.com,,,c5bd2f202c0b1cdf
242productionsdj.com,0,"FLAME:TP-0036,TP-0043","TP-0036,TP-0043",,,,
229988211.com,0,FLAME:TP-0041,TP-0041,dns@cloudflare.com,,,
206973.com,0,FP-0009: IPIDEA Residential Proxy Network Infrastructure (conf: 80),,admin@189jolin.com,,,
226688211.com,0,FLAME:TP-0041,TP-0041,dns@cloudflare.com,,,
23betcasino.org,0,FLAME:TP-0079,TP-0079,dns@cloudflare.com,,,
206560.com,0,FLAME:TP-0041,TP-0041,dnsconct@myhostadmin.net,,,
242nn.net,0,FLAME:TP-0042,TP-0042,dns@cloudflare.com,,,c6b055f512758bb2
247coolcare.xyz,0,FP-0009: IPIDEA Residential Proxy Network Infrastructure (conf: 80),,dns@cloudflare.com,,,
234wincasino.net,0,FLAME:TP-0036,TP-0036,dns@cloudflare.com,,,
240291.xyz,0,"FLAME:TP-0041,TP-0042","TP-0041,TP-0042",dns@cloudflare.com,,,
224hhh.com,0,FLAME:TP-0042,TP-0042,dns@cloudflare.com,,,
247hvacservice.xyz,0,FP-0009: IPIDEA Residential Proxy Network Infrastructure (conf: 80),,dns@cloudflare.com,,,
24x7hvac.xyz,0,FP-0009: IPIDEA Residential Proxy Network Infrastructure (conf: 80),,dns@cloudflare.com,,,
25sas.help,0,FP-0008: pickelhost/eye-mail ULA SPF Phishing Platform (conf: 90),TP-0001,hostmaster@25sas.help,,,
23vn.info,0,"FLAME:TP-0036,TP-0063","TP-0036,TP-0063",dns@cloudflare.com,,,
224lll.com,0,FLAME:TP-0042,TP-0042,dns@cloudflare.com,,,
26pg.com,0,"FLAME:TP-0036,TP-0054","TP-0036,TP-0054",dns@jomax.net,,,
222288211.com,0,FLAME:TP-0041,TP-0041,dns@cloudflare.com,,,
220088211.com,0,FLAME:TP-0041,TP-0041,dns@cloudflare.com,,,
221188211.com,0,FLAME:TP-0041,TP-0041,dns@cloudflare.com,,,
1zl.org,0,FP-0008: pickelhost/eye-mail ULA SPF Phishing Platform (conf: 75),TP-0001,hostmaster@1zl.org,,,c3913c6d611e7669
24betcasino.info,0,FLAME:TP-0015,TP-0015,dns@cloudflare.com,,,
268713.xyz,0,"FLAME:TP-0041,TP-0042","TP-0041,TP-0042",dns@cloudflare.com,,,
20gmail.co.com,0,"FLAME:TP-0001,TP-0012","TP-0001,TP-0012",dns@cloudflare.com,,,d13d16534bc4dc95
26564.xyz,0,"FLAME:TP-0036,TP-0054","TP-0036,TP-0054",dns@cloudflare.com,,,c1817e7a371cc9e1
28betcasino.info,0,"FLAME:TP-0036,TP-0054","TP-0036,TP-0054",,,,
247globals.com,0,FP-0011: IP-KVM / Remote-Management Exposure (conf: 60),,admin@dns.com,,,
24ncasino.info,0,"FLAME:TP-0036,TP-0054","TP-0036,TP-0054",dns@cloudflare.com,,,
275785.xyz,0,FLAME:TP-0079,TP-0079,dns@cloudflare.com,,,
282gmail.co.com,0,"FLAME:TP-0002, TP-0079","TP-0002, TP-0079",,,,
27384.com,0,"FLAME:TP-0042,TP-0048","TP-0042,TP-0048",dns@cloudflare.com,,,c6b055f512758bb2
276709.xyz,0,FLAME:TP-0079,TP-0079,dns@cloudflare.com,,,
280184.xyz,0,"FLAME:TP-0041,TP-0042","TP-0041,TP-0042",dns@cloudflare.com,,,
22613.xyz,0,"FLAME:TP-0041, TP-0042, TP-0079","TP-0041, TP-0042, TP-0079",nsadmin@xundns.com,,,
2go-mail.com,0,FP-0008: pickelhost/eye-mail ULA SPF Phishing Platform (conf: 75),TP-0001,hostmaster@2go-mail.com,,,
2lottery8.com,0,FLAME:TP-0015,TP-0015,,,,
289winbet.net,0,"FLAME:TP-0036,TP-0054","TP-0036,TP-0054",dns@cloudflare.com,,,
27betapp.info,0,"FLAME:TP-0036,TP-0054","TP-0036,TP-0054",dns@cloudflare.com,,,
297373.xyz,0,FLAME:TP-0079,TP-0079,dns@cloudflare.com,,,
297372.xyz,0,FLAME:TP-0079,TP-0079,dns@cloudflare.com,,,
297371.xyz,0,FLAME:TP-0079,TP-0079,dns@cloudflare.com,,,
291q.com,0,FLAME:TP-0041,TP-0041,dns@cloudflare.com,,,c1817e7a371cc9e1
2situs.com,0,FLAME:TP-0001,TP-0001,,,,
2qbet.info,0,FLAME:TP-0001,TP-0001,,,,
22-bet.org,0,"FLAME:TP-0001,TP-0036,TP-0063","TP-0001,TP-0036,TP-0063",root-cpanel@fozzy.com,,,95a55af346072f1a
267918.com,0,"FLAME:TP-0036,TP-0054","TP-0036,TP-0054",dns@cloudflare.com,,,
206536.com,0,FLAME:TP-0041,TP-0041,dnsconct@myhostadmin.net,,,
120400.xyz,0,FLAME:TP-0042,TP-0042,dns@cloudflare.com,,,
30150005.com,0,"FLAME:TP-0001,TP-0015","TP-0001,TP-0015",dns@cloudflare.com,,,c6b055f512758bb2
2ezbet.com,0,FLAME:TP-0015,TP-0015,dns@cloudflare.com,,,
2jbetdownload.com,0,FLAME:TP-0015,TP-0015,dns@cloudflare.com,,,
314375.xyz,0,"FLAME:TP-0041,TP-0042","TP-0041,TP-0042",dns@cloudflare.com,,,
2932919455.dynv6.net,0,FLAME:TP-0079,TP-0079,,,,
1979.com,0,FP-0009: IPIDEA Residential Proxy Network Infrastructure (conf: 80),,,,,
31homerroad.com,0,FLAME:TP-0043,TP-0043,dns@cloudflare.com,,,c6b055f512758bb2
2phcasinologin.net,0,FLAME:TP-0001,TP-0001,dns@cloudflare.com,,,
2jilicasino.com,0,FLAME:TP-0015,TP-0015,dns@cloudflare.com,,,
2phcasino.net,0,FLAME:TP-0001,TP-0001,dns@cloudflare.com,,,
2var.com,0,FLAME:TP-0001,TP-0001,,,,
1xslots.charity,0,FLAME:TP-0079,TP-0079,dns@cloudflare.com,,,c7f5415a1cda43c3
2phcomcasinologin.com,0,FLAME:TP-0001,TP-0001,dns@cloudflare.com,,,
3435637.xyz,0,FLAME:TP-0041,TP-0041,dns@cloudflare.com,,,
223gamail.co.com,0,"FLAME:TP-0001,TP-0012","TP-0001,TP-0012",dns@cloudflare.com,,,d13d16534bc4dc95
0cd.cn,0,FP-0011: IP-KVM / Remote-Management Exposure (conf: 15),,freednsadmin@dnspod.com,,,
333betcasinologin.com,0,"FLAME:TP-0079, TP-0013, TP-0017","TP-0079, TP-0013, TP-0017",dns@cloudflare.com,,,
2184445.com,0,"FLAME:TP-0042,TP-0048","TP-0042,TP-0048",root@2184445.com,,,c54a6aa53cb63e92
335522.xyz,0,FP-0011: IP-KVM / Remote-Management Exposure (conf: 15),,dns@cloudflare.com,,,
332288211.com,0,FLAME:TP-0041,TP-0041,dns@cloudflare.com,,,
345213.xyz,0,"FLAME:TP-0041,TP-0042","TP-0041,TP-0042",dns@cloudflare.com,,,
02.pl,0,FP-0009: IPIDEA Residential Proxy Network Infrastructure (conf: 80),,admin@az.pl,,,
336688211.com,0,FLAME:TP-0041,TP-0041,dns@cloudflare.com,,,
3633betlogin.net,0,FLAME:TP-0036,TP-0036,dns@cloudflare.com,,,
338888211.com,0,FLAME:TP-0041,TP-0041,dns@cloudflare.com,,,
2nf.org,0,FLAME:TP-0041,TP-0041,hostmaster@2nf.org,,,
38yahoo.com,0,FLAME:TP-0001,TP-0001,,,,
32.rs,0,"FLAME:TP-0041,TP-0042","TP-0041,TP-0042",dns@cloudflare.com,,,
388801.xyz,0,"FLAME:TP-0041,TP-0042,TP-0048","TP-0041,TP-0042,TP-0048",dns@cloudflare.com,,,
334488211.com,0,FLAME:TP-0041,TP-0041,dns@cloudflare.com,,,
388807.xyz,0,"FLAME:TP-0041,TP-0079","TP-0041,TP-0079",dns@cloudflare.com,,,
388901.xyz,0,"FLAME:TP-0041,TP-0042,TP-0048","TP-0041,TP-0042,TP-0048",dns@cloudflare.com,,,
2epf.com,0,FP-0009: IPIDEA Residential Proxy Network Infrastructure (conf: 80),,root@arabseedservconis915122.bxcoins.com,,,
3doggrafx.com,0,"FLAME:TP-0041,TP-0042,TP-0043","TP-0041,TP-0042,TP-0043",dns@cloudflare.com,,,
369jlcasino.com,0,FLAME:TP-0079,TP-0079,dns@cloudflare.com,,,
3nsoze.tcslco.co.com,0,FLAME:TP-0079,TP-0079,,,,
2olb.com,0,FP-0009: IPIDEA Residential Proxy Network Infrastructure (conf: 80),,root@arabseedservconis915122.bxcoins.com,,,
3h5gdraa.xzzy.info,0,"FLAME:TP-0041,TP-0042","TP-0041,TP-0042",,,,
3xk.xyz,0,"FLAME:TP-0041,TP-0042","TP-0041,TP-0042",,,,
339zzz.com,0,FLAME:TP-0042,TP-0042,dns@cloudflare.com,,,
411216.com,0,FLAME:TP-0063,TP-0063,dns@cloudflare.com,,,af180f0c1f655b71
40az.com,0,"FLAME:TP-0017,TP-0026","TP-0017,TP-0026",hostmaster@40az.com,,,
3reyescasino.info,0,FLAME:TP-0001,TP-0001,dns@cloudflare.com,,,
3palms.info,0,FP-0009: IPIDEA Residential Proxy Network Infrastructure (conf: 80),,hostmaster@3palms.info,,,
3fsv.site,0,FLAME:TP-0079,TP-0079,hostmaster@sedo.de,,,
335588211.com,0,FLAME:TP-0041,TP-0041,dns@cloudflare.com,,,
18naga.net,0,"FLAME:TP-0001,TP-0019","TP-0001,TP-0019",hostmaster@lander.d.parity.domains,,,
1769www.com,0,"FLAME:TP-0041,TP-0042","TP-0041,TP-0042",hostmaster@hichina.com,,,
365casinologin.click,0,"FLAME:TP-0079,TP-0067","TP-0079,TP-0067",dns@cloudflare.com,,,
444044.xyz,0,FLAME:TP-0079,TP-0079,dns@cloudflare.com,,,
39jl.info,0,"FLAME:TP-0001,TP-0067","TP-0001,TP-0067",dns@cloudflare.com,,,
3wood.com,0,FP-0009: IPIDEA Residential Proxy Network Infrastructure (conf: 80),,admin@3wood.com,,,
377777.ru,0,FP-0009: IPIDEA Residential Proxy Network Infrastructure (conf: 80),,dns@cloudflare.com,,,
365jlcasino.com,0,FLAME:TP-0079,TP-0079,dns@cloudflare.com,,,
3rrgame.info,0,FLAME:TP-0079,TP-0079,dns@cloudflare.com,,,
432513.xyz,0,FLAME:TP-0079,TP-0079,dns@cloudflare.com,,,
44s.como.com.co.com,0,FLAME:TP-0079,TP-0079,,,,
42betlogin.info,0,FLAME:TP-0079,TP-0079,dns@cloudflare.com,,,
3jlcasinologin.com,0,FLAME:TP-0079,TP-0079,dns@cloudflare.com,,,
44xs.como.com.co.com,0,"FLAME:TP-0002, TP-0079","TP-0002, TP-0079",,,,
385619.com,0,"FLAME:TP-0041,TP-0042","TP-0041,TP-0042",master@share-dns.com,,,
20minutos.ws,0,FP-0008: pickelhost/eye-mail ULA SPF Phishing Platform (conf: 75),TP-0001,,,,
18dewa.net,0,FLAME:TP-0036,TP-0036,,,,
466betapp.net,0,"FLAME:TP-0017,TP-0058","TP-0017,TP-0058",dns@cloudflare.com,,,
443388211.com,0,FLAME:TP-0041,TP-0041,dns@cloudflare.com,,,
456win.info,0,"FLAME:TP-0017,TP-0058","TP-0017,TP-0058",dns@cloudflare.com,,,
448888211.com,0,FLAME:TP-0041,TP-0041,dns@cloudflare.com,,,
456bet1.org,0,"FLAME:TP-0017,TP-0058","TP-0017,TP-0058",,,,
3jf.cn,0,FP-0011: IP-KVM / Remote-Management Exposure (conf: 15),,master@jmdns.com,,,
419833.com,0,FLAME:TP-0043,TP-0043,dns@cloudflare.com,,,
36duongtau.live,0,FLAME:TP-0079,TP-0079,dns@cloudflare.com,,,996966969869879e
4education.com,0,FP-0008: pickelhost/eye-mail ULA SPF Phishing Platform (conf: 75),TP-0001,admin@giantpanda.com,,,
492969.xyz,0,"FLAME:TP-0041,TP-0042","TP-0041,TP-0042",dns@cloudflare.com,,,
4clipart.com,0,FLAME:TP-0043,TP-0043,,,,
23.8.dnsabr.com,0,"FLAME:TP-0042,TP-0043","TP-0042,TP-0043",,,,e6d2182de5420ebf
4s.como.com.co.com,0,FLAME:TP-0079,TP-0079,,,,
4777cxlogin.com,0,FLAME:TP-0001,TP-0001,dns@cloudflare.com,,,
2fi.ru,0,FLAME:TP-0067,TP-0067,support@regery.com,,,
4777cxapk.com,0,"FLAME:TP-0017,TP-0026","TP-0017,TP-0026",dns@cloudflare.com,,,
4geeks.com,0,FP-0009: IPIDEA Residential Proxy Network Infrastructure (conf: 80),,hostmaster@nsone.net,,,949c666971d3963c
4virus.com,0,"FLAME:TP-0043,TP-0035","TP-0043,TP-0035",dns@cloudflare.com,,,
4777cxgame.com,0,FLAME:TP-0060,TP-0060,dns@cloudflare.com,,,
4tires.com,0,FP-0008: pickelhost/eye-mail ULA SPF Phishing Platform (conf: 75),TP-0001,admin@giantpanda.com,,,
4abet.info,0,"FLAME:TP-0017,TP-0026","TP-0017,TP-0026",dns@cloudflare.com,,,
4betcasino.info,0,"FLAME:TP-0017,TP-0026","TP-0017,TP-0026",dns@cloudflare.com,,,
470qs.com,0,FLAME:TP-0060,TP-0060,dns@cloudflare.com,,,8000800080008000
446688211.com,0,FLAME:TP-0041,TP-0041,dns@cloudflare.com,,,
4winbet.info,0,FLAME:TP-0012,TP-0012,,,,
445588211.com,0,FLAME:TP-0041,TP-0041,dns@cloudflare.com,,,
420blaze.it,0,"FLAME:TP-0001,TP-0067,TP-0079","TP-0001,TP-0067,TP-0079",dns-admin@cock.li,,,
5-mod.ru,0,"FLAME:TP-0023,TP-0043","TP-0023,TP-0043",dns@cloudflare.com,,,95dc40334fcc2f33
47bmt.com,0,FLAME:TP-0042,TP-0042,dns@cloudflare.com,,,
500qf.com,0,"FLAME:TP-0036,TP-0054","TP-0036,TP-0054",freednsadmin@dnspod.com,,,
4warding.net,0,FP-0011: IP-KVM / Remote-Management Exposure (conf: 40),,hostmaster@4warding.net,,,
4collectors.com,0,FLAME:TP-0043,TP-0043,dnsadmin@dondominio.com,,,
4sy2e6a.crankymonkey.info,0,"FLAME:TP-0041,TP-0042","TP-0041,TP-0042",,,,
47t.de,0,FP-0008: pickelhost/eye-mail ULA SPF Phishing Platform (conf: 75),TP-0001,hostmaster@opusdns.com,,,
505bet7.net,0,"FLAME:TP-0036,TP-0054","TP-0036,TP-0054",dns@cloudflare.com,,,
2d-art.ru,0,FP-0009: IPIDEA Residential Proxy Network Infrastructure (conf: 80),,root@lake.multihost.cloud,,,ffc2a82d8132d56c
50betapp.net,0,"FLAME:TP-0036,TP-0054","TP-0036,TP-0054",dns@cloudflare.com,,,
50betcasino.net,0,"FLAME:TP-0036,TP-0054","TP-0036,TP-0054",dns@cloudflare.com,,,
510014.com,0,"FLAME:TP-0041,TP-0042","TP-0041,TP-0042",dns@jomax.net,,,
512361.xyz,0,"FLAME:TP-0041,TP-0042","TP-0041,TP-0042",dns@cloudflare.com,,,
500jlcasino.info,0,"FLAME:TP-0036,TP-0054","TP-0036,TP-0054",dns@cloudflare.com,,,
4warding.org,0,FP-0009: IPIDEA Residential Proxy Network Infrastructure (conf: 80),,dns@interserver.net,,,
518791.xyz,0,"FLAME:TP-0041,TP-0042","TP-0041,TP-0042",dns@cloudflare.com,,,
50jilicasino.net,0,"FLAME:TP-0036,TP-0054","TP-0036,TP-0054",dns@cloudflare.com,,,
518795.xyz,0,"FLAME:TP-0041,TP-0042","TP-0041,TP-0042",dns@cloudflare.com,,,
518798.xyz,0,FLAME:TP-0041,TP-0041,dns@cloudflare.com,,,
516qs.com,0,"FLAME:TP-0043,TP-0035","TP-0043,TP-0035",dns@cloudflare.com,,,8000800080008000
518802.xyz,0,"FLAME:TP-0041,TP-0042","TP-0041,TP-0042",dns@cloudflare.com,,,
52.co.com,0,FLAME:TP-0079,TP-0079,,,,
524446913.xyz,0,"FLAME:TP-0041,TP-0042,TP-0043","TP-0041,TP-0042,TP-0043",dns@cloudflare.com,,,
518bet12.net,0,"FLAME:TP-0036,TP-0054","TP-0036,TP-0054",dns@cloudflare.com,,,
518bet.info,0,"FLAME:TP-0036,TP-0054","TP-0036,TP-0054",dns@cloudflare.com,,,
350qs.com,0,"FLAME:TP-0041,TP-0042","TP-0041,TP-0042",,,,
449988211.com,0,FLAME:TP-0041,TP-0041,dns@cloudflare.com,,,
528928.xyz,0,FLAME:TP-0079,TP-0079,dns@cloudflare.com,,,
089-100-176119.ntlworld.ie,0,FP-0008: pickelhost/eye-mail ULA SPF Phishing Platform (conf: 75),TP-0001,hostmaster@089-100-176119.ntlworld.ie,,,
518799.xyz,0,"FLAME:TP-0036,TP-0054","TP-0036,TP-0054",dns@cloudflare.com,,,c1817e7a371cc9e1
129.in,0,FP-0008: pickelhost/eye-mail ULA SPF Phishing Platform (conf: 75),TP-0001,hostmaster@129.in,,,
4audiocassettes.com,0,FLAME:TP-0043,TP-0043,root@xserver.jp,,,
10minutemail.de,0,FP-0008: pickelhost/eye-mail ULA SPF Phishing Platform (conf: 75),TP-0001,hostmaster@10minutemail.de,,,
001330.xyz,0,"FLAME:TP-0041,TP-0042,TP-0079","TP-0041,TP-0042,TP-0079",support@spaceship.com,,,
51clublottery.info,0,"FLAME:TP-0036,TP-0054","TP-0036,TP-0054",dns@cloudflare.com,,,
51gamelottery.info,0,"FLAME:TP-0036,TP-0054","TP-0036,TP-0054",dns@cloudflare.com,,,
51gameapp.info,0,"FLAME:TP-0036,TP-0054","TP-0036,TP-0054",dns@cloudflare.com,,,
1350.com,0,FP-0008: pickelhost/eye-mail ULA SPF Phishing Platform (conf: 75),TP-0001,hostmaster@1350.com,,,
530run.com,0,FP-0008: pickelhost/eye-mail ULA SPF Phishing Platform (conf: 100),TP-0001,hostmaster@nsone.net,,,
1370.com,0,FP-0008: pickelhost/eye-mail ULA SPF Phishing Platform (conf: 75),TP-0001,hostmaster@1370.com,,,
541241.xyz,0,FLAME:TP-0079,TP-0079,dns@cloudflare.com,,,
543567.xyz,0,FLAME:TP-0079,TP-0079,dns@cloudflare.com,,,
548253.xyz,0,"FLAME:TP-0041,TP-0042","TP-0041,TP-0042",dns@cloudflare.com,,,
547878.xyz,0,FLAME:TP-0079,TP-0079,dns@cloudflare.com,,,
544878.xyz,0,FLAME:TP-0079,TP-0079,dns@cloudflare.com,,,
52betapp.info,0,"FLAME:TP-0001,TP-0012","TP-0001,TP-0012",dns@cloudflare.com,,,
158.com,0,FP-0008: pickelhost/eye-mail ULA SPF Phishing Platform (conf: 75),TP-0001,hostmaster@158.com,,,
51tiemo.com,0,"FLAME:TP-0042,TP-0043","TP-0042,TP-0043",root@ns1.tryjourney.click,,,
5500bet7.info,0,"FLAME:TP-0001,TP-0012","TP-0001,TP-0012",dns@cloudflare.com,,,
50plusfitnesscenters.com,0,"FLAME:TP-0019,TP-0042","TP-0019,TP-0042",hostmaster@50plusfitnesscenters.com,,,8b7f503578957845
555okcasino.com,0,"FLAME:TP-0001,TP-0012","TP-0001,TP-0012",dns@cloudflare.com,,,
555ugbet.com,0,FLAME:TP-0079,TP-0079,dns@cloudflare.com,,,
553388211.com,0,FLAME:TP-0041,TP-0041,dns@cloudflare.com,,,
552288211.com,0,FLAME:TP-0041,TP-0041,dns@cloudflare.com,,,
5566368.com,0,"FLAME:TP-0041,TP-0042","TP-0041,TP-0042",master@jmdns.com,,,
5557betcasinologin.com,0,"FLAME:TP-0001,TP-0012","TP-0001,TP-0012",dns@cloudflare.com,,,
17.org,0,FP-0008: pickelhost/eye-mail ULA SPF Phishing Platform (conf: 75),TP-0001,hostmaster@17.org,,,
5577betcom.info,0,FLAME:TP-0012,TP-0012,dns@cloudflare.com,,,
559846.xyz,0,"FLAME:TP-0041,TP-0042","TP-0041,TP-0042",dns@cloudflare.com,,,
555bmwcasino.net,0,"FLAME:TP-0001,TP-0012","TP-0001,TP-0012",dns@cloudflare.com,,,
5588bet1.net,0,"FLAME:TP-0001,TP-0012","TP-0001,TP-0012",dns@cloudflare.com,,,
55acecasino.net,0,FLAME:TP-0012,TP-0012,dns@cloudflare.com,,,
556688211.com,0,FLAME:TP-0041,TP-0041,dns@cloudflare.com,,,
557652.com,0,"FLAME:TP-0041,TP-0042","TP-0041,TP-0042",dns@cloudflare.com,,,
549827.com,0,FP-0011: IP-KVM / Remote-Management Exposure (conf: 80),,nsadmin@xundns.com,,,
558888211.com,0,FLAME:TP-0041,TP-0041,dns@cloudflare.com,,,
567378.xyz,0,"FLAME:TP-0041,TP-0042","TP-0041,TP-0042",dns@cloudflare.com,,,
567win1.net,0,"FLAME:TP-0001,TP-0012","TP-0001,TP-0012",,,,
567564.xyz,0,"FLAME:TP-0041,TP-0042","TP-0041,TP-0042",dns@cloudflare.com,,,
55qqbet.info,0,"FLAME:TP-0001,TP-0012","TP-0001,TP-0012",dns@cloudflare.com,,,
1970.com,0,FP-0008: pickelhost/eye-mail ULA SPF Phishing Platform (conf: 75),TP-0001,hostmaster@1970.com,,,
568ac.com,0,"FLAME:TP-0001,TP-0012","TP-0001,TP-0012",,,,
567slotsbetbet.com,0,"FLAME:TP-0001,TP-0012","TP-0001,TP-0012",dns@cloudflare.com,,,
55clubgame.info,0,FLAME:TP-0079,TP-0079,dns@cloudflare.com,,,
1974.com,0,FP-0008: pickelhost/eye-mail ULA SPF Phishing Platform (conf: 75),TP-0001,hostmaster@1974.com,,,
1981.com,0,FP-0008: pickelhost/eye-mail ULA SPF Phishing Platform (conf: 75),TP-0001,hostmaster@1981.com,,,
55bbbet.info,0,"FLAME:TP-0001,TP-0012","TP-0001,TP-0012",hostmaster@trellian.com,,,
55betcasino.info,0,"FLAME:TP-0001,TP-0012","TP-0001,TP-0012",dns@cloudflare.com,,,c6dd3177441d11cd
550088211.com,0,FLAME:TP-0041,TP-0041,dns@cloudflare.com,,,
58994.xyz,0,FLAME:TP-0079,TP-0079,,,,
57gamil.co.com,0,"FLAME:TP-0002, TP-0015, TP-0079","TP-0002, TP-0015, TP-0079",,,,
5678bet.net,0,FLAME:TP-0079,TP-0079,dns@cloudflare.com,,,
567jili.net,0,"FLAME:TP-0001,TP-0012","TP-0001,TP-0012",dns@cloudflare.com,,,
577548.xyz,0,"FLAME:TP-0041,TP-0042","TP-0041,TP-0042",dns@cloudflare.com,,,
576qs.com,0,"FLAME:TP-0001,TP-0043","TP-0001,TP-0043",dns@cloudflare.com,,,8000800080008000
567jlcasino.net,0,"FLAME:TP-0001,TP-0012","TP-0001,TP-0012",dns@cloudflare.com,,,
582105.xyz,0,"FLAME:TP-0041,TP-0042","TP-0041,TP-0042",dns@cloudflare.com,,,
580betapp.info,0,FLAME:TP-0079,TP-0079,dns@cloudflare.com,,,
5699casino.info,0,"FLAME:TP-0001,TP-0012","TP-0001,TP-0012",dns@cloudflare.com,,,
599629.xyz,0,"FLAME:TP-0041,TP-0042","TP-0041,TP-0042",dns@cloudflare.com,,,
596238.xyz,0,"FLAME:TP-0041,TP-0042","TP-0041,TP-0042",dns@cloudflare.com,,,
5777bdtapp.net,0,"FLAME:TP-0001,TP-0012","TP-0001,TP-0012",dns@cloudflare.com,,,
5777cxdownload.com,0,"FLAME:TP-0001,TP-0012","TP-0001,TP-0012",dns@cloudflare.com,,,
1home.urgntx.com,0,FLAME:TP-0001,TP-0001,hostmaster@lander.d.parity.domains,,,
56jlcasino.info,0,"FLAME:TP-0001,TP-0012","TP-0001,TP-0012",dns@cloudflare.com,,,
608750.xyz,0,"FLAME:TP-0041,TP-0042","TP-0041,TP-0042",dns@cloudflare.com,,,
5yaochu.top,0,FP-0008: pickelhost/eye-mail ULA SPF Phishing Platform (conf: 90),TP-0001,hostmaster@5yaochu.top,,,
615090.xyz,0,FLAME:TP-0079,TP-0079,dns@cloudflare.com,,,
5788hy.com,0,"FLAME:TP-0001,TP-0012","TP-0001,TP-0012",dns@cloudflare.com,,,84497b1e3eb46d91
600betlucky.net,0,FLAME:TP-0036,TP-0036,dns@cloudflare.com,,,
5hhhcom.info,0,FLAME:TP-0079,TP-0079,dns@cloudflare.com,,,
58jlvip.net,0,FLAME:TP-0012,TP-0012,dns@cloudflare.com,,,
55206.cc,0,FP-0011: IP-KVM / Remote-Management Exposure (conf: 100),,nsadmin@xundns.com,,,
63gmail.co.com,0,"FLAME:TP-0002, TP-0067","TP-0002, TP-0067",,,,
2017gmail.com,0,FLAME:TP-0002,TP-0002,hostmaster@2017gmail.com,,,
5566178.com,0,"FLAME:TP-0041,TP-0042","TP-0041,TP-0042",hostmaster@nsone.net,,,
5gjilicasino.net,0,FLAME:TP-0012,TP-0012,dns@cloudflare.com,,,
603gmail.com,0,FLAME:TP-0001,TP-0001,info@name-services.com,,,
636226.xyz,0,"FLAME:TP-0041,TP-0042,TP-0048","TP-0041,TP-0042,TP-0048",dns@cloudflare.com,,,
616bet1.net,0,FLAME:TP-0036,TP-0036,dns@cloudflare.com,,,
51.com,0,FP-0007: Typosquat Evasion Infrastructure (conf: 60),TP-0012,enterprise2dnsadmin@dnspod.com,,,aed3f98c91638c4c
657478.xyz,0,FLAME:TP-0079,TP-0079,dns@cloudflare.com,,,
665743.xyz,0,FLAME:TP-0079,TP-0079,dns@cloudflare.com,,,
667betloginentrar.net,0,FLAME:TP-0013,TP-0013,,,,
3338a.com,0,FP-0008: pickelhost/eye-mail ULA SPF Phishing Platform (conf: 75),TP-0001,,,,
667bet.info,0,"FLAME:TP-0013,TP-0017","TP-0013,TP-0017",,,,
666betcasino.net,0,FLAME:TP-0012,TP-0012,dns@cloudflare.com,,,
639jilicasino.net,0,FLAME:TP-0012,TP-0012,dns@cloudflare.com,,,c6dd3177441d11cd
5minutemail.net,0,FP-0009: IPIDEA Residential Proxy Network Infrastructure (conf: 80),,hostmaster@openhades.com,,,
639jl75.com,0,FLAME:TP-0012,TP-0012,dns@cloudflare.com,,,
63jl.net,0,"FLAME:TP-0032,TP-0036","TP-0032,TP-0036",dns@cloudflare.com,,,
5tn.ru,0,FLAME:TP-0001,TP-0001,dnsmanager@hostiman.ru,,,
666jilicomlogin.com,0,FLAME:TP-0013,TP-0013,dns@cloudflare.com,,,
5818888.com,0,FP-0011: IP-KVM / Remote-Management Exposure (conf: 60),,dnsadmin@cdnetworks.com,,,
666casino.info,0,FLAME:TP-0036,TP-0036,dns@cloudflare.com,,,
6690288.com,0,FLAME:TP-0013,TP-0013,master@share-dns.com,,,
639clublogin.net,0,"FLAME:TP-0079, TP-0060","TP-0079, TP-0060",dns@cloudflare.com,,,
666wgameapk.net,0,FLAME:TP-0013,TP-0013,dns@cloudflare.com,,,
616202.com,0,FLAME:TP-0041,TP-0041,dnsconct@myhostadmin.net,,,
666winrealmoney.com,0,"FLAME:TP-0013,TP-0017","TP-0013,TP-0017",dns@cloudflare.com,,,
66br88.com,0,"FLAME:TP-0013,TP-0017","TP-0013,TP-0017",dns@cloudflare.com,,,
666winapplogin.com,0,FLAME:TP-0013,TP-0013,dns@cloudflare.com,,,
66betcasino.info,0,FLAME:TP-0036,TP-0036,dns@cloudflare.com,,,
675hosting.com,0,"FLAME:TP-0013,TP-0017","TP-0013,TP-0017",,,,
668duitlogin.my,0,FLAME:TP-0079,TP-0079,dns@cloudflare.com,,,
66winbet.net,0,FLAME:TP-0036,TP-0036,dns@cloudflare.com,,,
6789fccom.com,0,"FLAME:TP-0013,TP-0017","TP-0013,TP-0017",dns@cloudflare.com,,,
671129.xyz,0,FLAME:TP-0079,TP-0079,dns@cloudflare.com,,,
54giaml.co.com,0,"FLAME:TP-0001,TP-0012","TP-0001,TP-0012",dns@cloudflare.com,,,a4ce6a6ccb924d99
66betlogin.info,0,FLAME:TP-0013,TP-0013,dns@cloudflare.com,,,
66aabet.info,0,FLAME:TP-0036,TP-0036,dns@cloudflare.com,,,
675478.xyz,0,FLAME:TP-0079,TP-0079,dns@cloudflare.com,,,
683259.xyz,0,FLAME:TP-0079,TP-0079,dns@cloudflare.com,,,
666betcasino.info,0,FLAME:TP-0012,TP-0012,dns@cloudflare.com,,,
688278.xyz,0,FLAME:TP-0079,TP-0079,dns@cloudflare.com,,,
66zzcasino.net,0,"FLAME:TP-0013,TP-0017","TP-0013,TP-0017",dns@cloudflare.com,,,
66clubbet.com,0,"FLAME:TP-0013,TP-0017","TP-0013,TP-0017",dns@cloudflare.com,,,
67z8.com,0,"FLAME:TP-0013,TP-0017","TP-0013,TP-0017",dns@cloudflare.com,,,b9f3c64c6c909b64
677betcasino.info,0,FLAME:TP-0036,TP-0036,dns@cloudflare.com,,,
66ffbet.com,0,FLAME:TP-0036,TP-0036,dns@cloudflare.com,,,
66vvbet.com,0,FLAME:TP-0036,TP-0036,dns@cloudflare.com,,,
66vipbet.info,0,FLAME:TP-0036,TP-0036,dns@cloudflare.com,,,
69z.com,0,FP-0008: pickelhost/eye-mail ULA SPF Phishing Platform (conf: 75),TP-0001,admin@giantpanda.com,,,
6gmail.co.com,0,"FLAME:TP-0002, TP-0067","TP-0002, TP-0067",,,,
684casino.net,0,FLAME:TP-0036,TP-0036,dns@cloudflare.com,,,
67899bet.com,0,FLAME:TP-0036,TP-0036,dns@cloudflare.com,,,
2700.com,0,FP-0008: pickelhost/eye-mail ULA SPF Phishing Platform (conf: 75),TP-0001,hostmaster@2700.com,,,
684casinologin.com,0,FLAME:TP-0013,TP-0013,dns@cloudflare.com,,,
688jilicasino.net,0,FLAME:TP-0036,TP-0036,dns@cloudflare.com,,,
68jilicasinologin.com,0,FLAME:TP-0036,TP-0036,dns@cloudflare.com,,,
708070.xyz,0,FLAME:TP-0079,TP-0079,dns@cloudflare.com,,,
7075plataforma.info,0,FLAME:TP-0017,TP-0017,dns@cloudflare.com,,,
6gbetcasino.info,0,FLAME:TP-0036,TP-0036,dns@cloudflare.com,,,
69casino.info,0,FLAME:TP-0036,TP-0036,dns@cloudflare.com,,,
68wim.info,0,FLAME:TP-0036,TP-0036,dns@cloudflare.com,,,
555uh.com,0,"FLAME:TP-0001,TP-0012","TP-0001,TP-0012",,,,
2br.in,0,FP-0008: pickelhost/eye-mail ULA SPF Phishing Platform (conf: 75),TP-0001,hostmaster@2br.in,,,
69jilicasino.net,0,FLAME:TP-0012,TP-0012,dns@cloudflare.com,,,
2athens.com,0,FP-0008: pickelhost/eye-mail ULA SPF Phishing Platform (conf: 75),TP-0001,hostmaster@2athens.com,,,
529qs.com,0,FLAME:TP-0042,TP-0042,,,,
68jlcasino.info,0,FLAME:TP-0036,TP-0036,dns@cloudflare.com,,,
730359.xyz,0,FLAME:TP-0079,TP-0079,dns@cloudflare.com,,,
73999r.com,0,FLAME:TP-0017,TP-0017,dns@cloudflare.com,,,
73wire.com,0,FP-0008: pickelhost/eye-mail ULA SPF Phishing Platform (conf: 90),TP-0001,hostmaster@73wire.com,,,
755gmail.com,0,"FLAME:TP-0002,TP-0011","TP-0002,TP-0011",,,,
739159.xyz,0,FLAME:TP-0079,TP-0079,dns@cloudflare.com,,,
70bet4.info,0,FLAME:TP-0017,TP-0017,dns@cloudflare.com,,,
740360.xyz,0,"FLAME:TP-0041,TP-0042,TP-0048","TP-0041,TP-0042,TP-0048",dns@cloudflare.com,,,
6668288.com,0,"FLAME:TP-0042,TP-0043","TP-0042,TP-0043",hostmaster@6668288.com,,,
750816.xyz,0,FLAME:TP-0079,TP-0079,dns@cloudflare.com,,,
6ip.us,0,FP-0011: IP-KVM / Remote-Management Exposure (conf: 40),,hostmaster@6ip.us,,,
73betlogin.info,0,FLAME:TP-0017,TP-0017,dns@cloudflare.com,,,
753236.xyz,0,"FLAME:TP-0041,TP-0042,TP-0048","TP-0041,TP-0042,TP-0048",dns@cloudflare.com,,,
715bet18.info,0,FLAME:TP-0017,TP-0017,dns@cloudflare.com,,,
755626.xyz,0,FLAME:TP-0079,TP-0079,dns@cloudflare.com,,,
755betapp.org,0,"FLAME:TP-0079, TP-0036, TP-0017","TP-0079, TP-0036, TP-0017",dns@cloudflare.com,,,
757966.xyz,0,FLAME:TP-0079,TP-0079,dns@cloudflare.com,,,
691525.xyz,0,FLAME:TP-0079,TP-0079,dns@cloudflare.com,,,
711phcasino.com,0,FLAME:TP-0017,TP-0017,dns@cloudflare.com,,,
55586555.com,0,"FLAME:TP-0041,TP-0042","TP-0041,TP-0042",nsadmin@xundns.com,,,
759244.xyz,0,FLAME:TP-0079,TP-0079,dns@cloudflare.com,,,
68yahoo.com,0,FLAME:TP-0015,TP-0015,,,,
761114.xyz,0,"FLAME:TP-0041,TP-0042","TP-0041,TP-0042",dns@cloudflare.com,,,
301.com,0,FP-0008: pickelhost/eye-mail ULA SPF Phishing Platform (conf: 75),TP-0001,hostmaster@301.com,,,
768589.xyz,0,FLAME:TP-0079,TP-0079,dns@cloudflare.com,,,
765betcom.net,0,FLAME:TP-0017,TP-0017,dns@cloudflare.com,,,
719182.accesscam.org,0,FP-0011: IP-KVM / Remote-Management Exposure (conf: 50),,,,,
76nbet.info,0,FLAME:TP-0017,TP-0017,dns@cloudflare.com,,,
776785.xyz,0,FLAME:TP-0079,TP-0079,dns@cloudflare.com,,,
6961666.com,0,FLAME:TP-0015,TP-0015,nsadmin@xundns.com,,,
777casinonl.info,0,FLAME:TP-0079,TP-0079,dns@cloudflare.com,,,
777tiger6.net,0,FLAME:TP-0017,TP-0017,,,,
698241.com,0,FP-0011: IP-KVM / Remote-Management Exposure (conf: 60),,opsaccmfa@gmail.com,,,
6nns09jw.bee.pl,0,FP-0009: IPIDEA Residential Proxy Network Infrastructure (conf: 80),,dns@cloudflare.com,,,
709827.com,0,"FLAME:TP-0042,TP-0043","TP-0042,TP-0043",master@share-dns.com,,,
76nplataforma.net,0,FLAME:TP-0017,TP-0017,dns@cloudflare.com,,,
76ncom.info,0,FLAME:TP-0017,TP-0017,dns@cloudflare.com,,,
777betcasino.net,0,FLAME:TP-0017,TP-0017,dns@cloudflare.com,,,90d16f3e38c3c5d4
34.no,0,FP-0008: pickelhost/eye-mail ULA SPF Phishing Platform (conf: 75),TP-0001,hostmaster@34.no,,,
777slotsbet.net,0,FLAME:TP-0017,TP-0017,dns@cloudflare.com,,,
77bet1.info,0,FLAME:TP-0017,TP-0017,,,,
5202016.com,0,"FLAME:TP-0041,TP-0042","TP-0041,TP-0042",hostmaster@hichina.com,,,
777cbgamedownload.com,0,FLAME:TP-0023,TP-0023,dns@cloudflare.com,,,
677lu.com,0,FP-0011: IP-KVM / Remote-Management Exposure (conf: 80),,hostmaster@hichina.com,,,
777casinogames.info,0,FLAME:TP-0079,TP-0079,dns@cloudflare.com,,,
783679.xyz,0,FLAME:TP-0079,TP-0079,dns@cloudflare.com,,,
777kingcom.net,0,FLAME:TP-0017,TP-0017,dns@cloudflare.com,,,
783640.xyz,0,FLAME:TP-0079,TP-0079,dns@cloudflare.com,,,
783698.xyz,0,FLAME:TP-0079,TP-0079,dns@cloudflare.com,,,
777pubapk.info,0,FLAME:TP-0017,TP-0017,dns@cloudflare.com,,,
777slots-online.com,0,FLAME:TP-0017,TP-0017,dns@cloudflare.com,,,d1972e783585e10f
777phslot.net,0,FLAME:TP-0017,TP-0017,dns@cloudflare.com,,,
783702.xyz,0,FLAME:TP-0079,TP-0079,dns@cloudflare.com,,,
777pubapp.info,0,FLAME:TP-0036,TP-0036,dns@cloudflare.com,,,
7mail.xyz,0,FLAME:TP-0079,TP-0079,,,,
777tezgame.info,0,FLAME:TP-0017,TP-0017,dns@cloudflare.com,,,
783707.xyz,0,FLAME:TP-0079,TP-0079,dns@cloudflare.com,,,
783703.xyz,0,FLAME:TP-0079,TP-0079,dns@cloudflare.com,,,
789ber.info,0,FLAME:TP-0036,TP-0036,,,,
777szlog.com,0,"FLAME:TP-0036,TP-0063","TP-0036,TP-0063",dns@cloudflare.com,,,
783709.xyz,0,FLAME:TP-0079,TP-0079,dns@cloudflare.com,,,
7dkigdpb2t9dr9sfdtqt.fvag5gbemtz1f78.ljdvgra5hpn3t7h1x4.co.com,0,"FLAME:TP-0067, TP-0079","TP-0067, TP-0079",,,,
786gmail.com,0,"FLAME:TP-0001,TP-0012","TP-0001,TP-0012",hostmaster@786gmail.com,,,
777tez.info,0,FLAME:TP-0017,TP-0017,dns@cloudflare.com,,,
372.net,0,FP-0008: pickelhost/eye-mail ULA SPF Phishing Platform (conf: 75),TP-0001,hostmaster@372.net,,,
786758.xyz,0,"FLAME:TP-0041,TP-0042","TP-0041,TP-0042",dns@cloudflare.com,,,
77pinas.net,0,FLAME:TP-0017,TP-0017,dns@cloudflare.com,,,
777xpgameonline.com,0,FLAME:TP-0017,TP-0017,dns@cloudflare.com,,,
7percent.com,0,FP-0008: pickelhost/eye-mail ULA SPF Phishing Platform (conf: 75),TP-0001,admin@giantpanda.com,,,
789922.xyz,0,FLAME:TP-0079,TP-0079,dns@cloudflare.com,,,
78fplataforma.com,0,"FLAME:TP-0036,TP-0051","TP-0036,TP-0051",dns@cloudflare.com,,,
79xapp.info,0,FLAME:TP-0079,TP-0079,dns@cloudflare.com,,,
777xpgamepk.com,0,FLAME:TP-0017,TP-0017,dns@cloudflare.com,,,
78brlbet.net,0,FLAME:TP-0036,TP-0036,dns@cloudflare.com,,,
80betgame.info,0,FLAME:TP-0012,TP-0012,dns@cloudflare.com,,,
77royal.online,0,FP-0009: IPIDEA Residential Proxy Network Infrastructure (conf: 80),,arsalrajput173@gmail.com,,,
3dsculpter.com,0,FP-0008: pickelhost/eye-mail ULA SPF Phishing Platform (conf: 75),TP-0001,hostmaster@3dsculpter.com,,,
3dsculpter.net,0,FP-0008: pickelhost/eye-mail ULA SPF Phishing Platform (conf: 75),TP-0001,hostmaster@3dsculpter.net,,,
813oo.com,0,FLAME:TP-0042,TP-0042,dns@cloudflare.com,,,
872706.xyz,0,FLAME:TP-0041,TP-0041,dns@cloudflare.com,,,
794613.accesscam.org,0,FP-0011: IP-KVM / Remote-Management Exposure (conf: 50),,,,,
7f777.info,0,"FLAME:TP-0017,TP-0058","TP-0017,TP-0058",dns@cloudflare.com,,,
777788211.com,0,FLAME:TP-0041,TP-0041,dns@cloudflare.com,,,
8352p.com,0,"FLAME:TP-0041,TP-0042","TP-0041,TP-0042",dns@cloudflare.com,,,
7p777app.info,0,"FLAME:TP-0023,TP-0036","TP-0023,TP-0036",dns@cloudflare.com,,,
8857login.net,0,FLAME:TP-0036,TP-0036,dns@cloudflare.com,,,
80jiliph.info,0,"FLAME:TP-0001,TP-0012","TP-0001,TP-0012",dns@cloudflare.com,,,
88betag.net,0,FLAME:TP-0012,TP-0012,,,,
7f9k.dpdns.org,0,"FLAME:TP-0041,TP-0042","TP-0041,TP-0042",dns@cloudflare.com,,,
88gamesbr.com,0,"FLAME:TP-0017,TP-0058","TP-0017,TP-0058",,,,
88online66.com,0,"FLAME:TP-0017,TP-0058","TP-0017,TP-0058",,,,
88vinbet1.com,0,"FLAME:TP-0017,TP-0058","TP-0017,TP-0058",,,,
88vinchat.com,0,"FLAME:TP-0017,TP-0058","TP-0017,TP-0058",,,,
888pgvip.net,0,"FLAME:TP-0017,TP-0058","TP-0017,TP-0058",dns@cloudflare.com,,,
888casinoapp.info,0,FLAME:TP-0079,TP-0079,dns@cloudflare.com,,,
5hotmail.site,0,FLAME:TP-0079,TP-0079,node4@nguyenminhchau.name.vn,,,
43.com,0,FP-0008: pickelhost/eye-mail ULA SPF Phishing Platform (conf: 95),TP-0001,hostmaster@43.com,,,
888win9.net,0,"FLAME:TP-0017,TP-0058","TP-0017,TP-0058",dns@cloudflare.com,,,
813nn.com,0,FLAME:TP-0042,TP-0042,dns@cloudflare.com,,,
88cloud.cc,0,FP-0008: pickelhost/eye-mail ULA SPF Phishing Platform (conf: 90),TP-0001,hostmaster@88cloud.cc,,,
443.com,0,FP-0008: pickelhost/eye-mail ULA SPF Phishing Platform (conf: 75),TP-0001,hostmaster@443.com,,,
888clbvn.net,0,"FLAME:TP-0036,TP-0079","TP-0036,TP-0079",dns@cloudflare.com,,,
813uu.com,0,FLAME:TP-0042,TP-0042,dns@cloudflare.com,,,
778891.icu,0,FLAME:TP-0079,TP-0079,nsadmin@xundns.com,,,
845457.com,0,"FLAME:TP-0042,TP-0060","TP-0042,TP-0060",master@share-dns.com,,,
8livesoy.com,0,"FLAME:TP-0036, TP-0079","TP-0036, TP-0079",,,,
888slotapps.com,0,"FLAME:TP-0017,TP-0058","TP-0017,TP-0058",dns@cloudflare.com,,,
4057.com,0,FLAME:TP-0043,TP-0043,hostmaster@hichina.com,,,
54988.com,0,FP-0009: IPIDEA Residential Proxy Network Infrastructure (conf: 80),,,,,
777xp.casino,0,FLAME:TP-0079,TP-0079,dns@cloudflare.com,,,
9080.info,0,FLAME:TP-0017,TP-0017,dns@cloudflare.com,,,
8casinoapp.info,0,FLAME:TP-0079,TP-0079,dns@cloudflare.com,,,
91betapp.info,0,FLAME:TP-0017,TP-0017,dns@cloudflare.com,,,
8dayvina.com,0,FLAME:TP-0036,TP-0036,dns@cloudflare.com,,,
918.ninja,0,FP-0008: pickelhost/eye-mail ULA SPF Phishing Platform (conf: 100),TP-0001,hostmaster@nsone.net,,,
921.best,0,FLAME:TP-0079,TP-0079,dns@cloudflare.com,,,d1d32ecd34b68c49
939betdownload.net,0,FLAME:TP-0017,TP-0017,,,,
8usgameclub.com,0,"FLAME:TP-0036,TP-0063","TP-0036,TP-0063",dns@cloudflare.com,,,
8gmail.com,0,FP-0008: pickelhost/eye-mail ULA SPF Phishing Platform (conf: 75),TP-0001,admin@8gmail.com,,,
8mhe6q1.crankymonkey.info,0,"FLAME:TP-0041,TP-0042","TP-0041,TP-0042",,,,
93ki.com,0,FLAME:TP-0017,TP-0017,dns@cloudflare.com,,,
92bossgame.info,0,FLAME:TP-0017,TP-0017,dns@cloudflare.com,,,
873396.com,0,FP-0011: IP-KVM / Remote-Management Exposure (conf: 80),,opsaccmfa@gmail.com,,,
88374.xyz,0,FLAME:TP-0079,TP-0079,dns@cloudflare.com,,,
92cocologin.net,0,"FLAME:TP-0036,TP-0079","TP-0036,TP-0079",dns@cloudflare.com,,,
4auction.com,0,FP-0008: pickelhost/eye-mail ULA SPF Phishing Platform (conf: 75),TP-0001,hostmaster@4auction.com,,,
92glorylogin.net,0,FLAME:TP-0017,TP-0017,dns@cloudflare.com,,,
9827yh.com,0,FP-0008: pickelhost/eye-mail ULA SPF Phishing Platform (conf: 90),TP-0001,hostmaster@9827yh.com,,,
92jeetoapp.info,0,FLAME:TP-0017,TP-0017,dns@cloudflare.com,,,
92pakgame.info,0,FLAME:TP-0079,TP-0079,dns@cloudflare.com,,,
92lottery1.info,0,FLAME:TP-0017,TP-0017,dns@cloudflare.com,,,
92pkrgamedownload.com,0,"FLAME:TP-0017,TP-0058","TP-0017,TP-0058",dns@cloudflare.com,,,
92pkr1.info,0,FLAME:TP-0017,TP-0017,dns@cloudflare.com,,,
666fsd.com,0,FP-0011: IP-KVM / Remote-Management Exposure (conf: 15),,master@jmdns.com,,,
4hotel.com,0,FP-0008: pickelhost/eye-mail ULA SPF Phishing Platform (conf: 75),TP-0001,hostmaster@4hotel.com,,,
959betapp.net,0,FLAME:TP-0036,TP-0036,dns@cloudflare.com,,,
987bet7.net,0,FLAME:TP-0017,TP-0017,dns@cloudflare.com,,,
4superbowl.com,0,FP-0008: pickelhost/eye-mail ULA SPF Phishing Platform (conf: 75),TP-0001,hostmaster@4superbowl.com,,,
845574.com,0,"FLAME:TP-0042,TP-0043","TP-0042,TP-0043",admin@taoa.com,,,
4k5.net,0,"FLAME:TP-0036,TP-0054","TP-0036,TP-0054",master@share-dns.com,,,
91gxfl77.info,0,FLAME:TP-0042,TP-0042,dns@jomax.net,,,
4weather.com,0,FP-0008: pickelhost/eye-mail ULA SPF Phishing Platform (conf: 75),TP-0001,hostmaster@4weather.com,,,
91gxfl111.info,0,FLAME:TP-0042,TP-0042,dns@jomax.net,,,
999phllogin.info,0,FLAME:TP-0041,TP-0041,dns@cloudflare.com,,,
970av.com,0,"FLAME:TP-0041,TP-0042","TP-0041,TP-0042",hostmaster@970av.com,,,
a23gamingcompany.com,0,FLAME:TP-0079,TP-0079,,,,
9fgeme.com,0,"FLAME:TP-0036,TP-0063","TP-0036,TP-0063",dns@cloudflare.com,,,
808qs.com,0,"FLAME:TP-0041,TP-0042","TP-0041,TP-0042",,,,
99mail.us,0,FLAME:TP-0067,TP-0067,dns@cloudflare.com,,,
9fgameslots.info,0,FLAME:TP-0036,TP-0036,dns@cloudflare.com,,,
99boncasino.com,0,FLAME:TP-0036,TP-0036,dns@cloudflare.com,,,
99348.xyz,0,"FLAME:TP-0042,TP-0043","TP-0042,TP-0043",dns@cloudflare.com,,,
9jlcasino.com,0,"FLAME:TP-0036,TP-0063","TP-0036,TP-0063",dns@cloudflare.com,,,
88116.xyz,0,FP-0011: IP-KVM / Remote-Management Exposure (conf: 60),,dnsadmin@bytedance.com,,,
9us9b4.gomuluffy.store,0,FLAME:TP-0001,TP-0001,support@namecheap.com,,,
aa9827.com,0,"FLAME:TP-0001,TP-0012","TP-0001,TP-0012",,,,
a97ag.com,0,FLAME:TP-0017,TP-0017,dns@namebright.com,,,
99potgame.info,0,"FLAME:TP-0036,TP-0063","TP-0036,TP-0063",dns@cloudflare.com,,,
99399.xyz,0,"FLAME:TP-0079, TP-0076","TP-0079, TP-0076",dns@cloudflare.com,,,
a55app.com,0,"FLAME:TP-0042,TP-0048","TP-0042,TP-0048",dns@cloudflare.com,,,
aaxo.com,0,FP-0008: pickelhost/eye-mail ULA SPF Phishing Platform (conf: 75),TP-0001,admin@giantpanda.com,,,
9usr.crankymonkey.info,0,FLAME:TP-0042,TP-0042,,,,
a2nb86q.crankymonkey.info,0,"FLAME:TP-0041,TP-0042","TP-0041,TP-0042",,,,
a3t7dwq.crankymonkey.info,0,"FLAME:TP-0041,TP-0042","TP-0041,TP-0042",,,,
aactnow.biz,0,FP-0009: IPIDEA Residential Proxy Network Infrastructure (conf: 80),,hostmaster@aactnow.biz,,,
a97bet.info,0,FLAME:TP-0017,TP-0017,dns@cloudflare.com,,,
a45casino.net,0,FLAME:TP-0036,TP-0036,dns@cloudflare.com,,,
520572.xyz,0,"FLAME:TP-0001,TP-0067","TP-0001,TP-0067",dns@cloudflare.com,,,
aaabet1.info,0,FLAME:TP-0017,TP-0017,hostmaster@trellian.com,,,
aaaph.info,0,FLAME:TP-0017,TP-0017,dns@cloudflare.com,,,
9ya.de,0,FLAME:TP-0001,TP-0001,hostmaster@1und1.de,,,
aaliyah.sydnie.livemailbox.top,0,FLAME:TP-0079,TP-0079,,,,
abaib.bond,0,FP-0011: IP-KVM / Remote-Management Exposure (conf: 15),"TP-0067, TP-0079",hostmaster@hichina.com,,,
abalb.bond,0,FP-0011: IP-KVM / Remote-Management Exposure (conf: 15),"TP-0067, TP-0079",hostmaster@hichina.com,,,
aballar.com,0,FP-0008: pickelhost/eye-mail ULA SPF Phishing Platform (conf: 75),TP-0001,admin@aballar.com,,,
abamb.bond,0,FP-0011: IP-KVM / Remote-Management Exposure (conf: 15),"TP-0067, TP-0079",hostmaster@hichina.com,,,
abapb.bond,0,FP-0011: IP-KVM / Remote-Management Exposure (conf: 15),"TP-0067, TP-0079",hostmaster@hichina.com,,,
abanb.bond,0,FP-0011: IP-KVM / Remote-Management Exposure (conf: 15),"TP-0067, TP-0079",hostmaster@hichina.com,,,
abstractiontechnology.com,0,FP-0011: IP-KVM / Remote-Management Exposure (conf: 60),,admin@dns.com,,,
abandonmail.com,0,"FLAME:TP-0017,TP-0060","TP-0017,TP-0060",master@share-dns.com,,,
abasb.bond,0,FP-0011: IP-KVM / Remote-Management Exposure (conf: 15),"TP-0067, TP-0079",hostmaster@hichina.com,,,
abouse.space,0,"FLAME:TP-0011,TP-0017","TP-0011,TP-0017",dns@cloudflare.com,,,
52lotterylogin.com,0,"FLAME:TP-0001,TP-0012","TP-0001,TP-0012",,,,
abroad.pub,0,FP-0008: pickelhost/eye-mail ULA SPF Phishing Platform (conf: 90),TP-0001,hostmaster@abroad.pub,,,
abajb.bond,0,FP-0011: IP-KVM / Remote-Management Exposure (conf: 15),"TP-0067, TP-0079",hostmaster@hichina.com,,,
a1.ax,0,"FLAME:TP-0001,TP-0015","TP-0001,TP-0015",hostmaster@a1.ax,,,
a23.buzz,0,FLAME:TP-0079,TP-0079,dns@cloudflare.com,,,eca3cc7649a16e34
abaub.bond,0,FP-0011: IP-KVM / Remote-Management Exposure (conf: 15),"TP-0067, TP-0079",hostmaster@hichina.com,,,
abazb.bond,0,FP-0011: IP-KVM / Remote-Management Exposure (conf: 15),"TP-0067, TP-0079",hostmaster@hichina.com,,,
abayb.bond,0,FP-0011: IP-KVM / Remote-Management Exposure (conf: 15),"TP-0067, TP-0079",hostmaster@hichina.com,,,
acalbarsha.xyz,0,FP-0009: IPIDEA Residential Proxy Network Infrastructure (conf: 80),,dns@cloudflare.com,,,
98usd.com,0,FP-0009: IPIDEA Residential Proxy Network Infrastructure (conf: 80),,,,,
a7996.com,0,FLAME:TP-0017,TP-0017,admin@dns.com,,,
accare.xyz,0,FP-0009: IPIDEA Residential Proxy Network Infrastructure (conf: 80),,dns@cloudflare.com,,,
abvent.com,0,FP-0009: IPIDEA Residential Proxy Network Infrastructure (conf: 80),,dns@cloudflare.com,,,
accommodate.top,0,"FLAME:TP-0042,TP-0043","TP-0042,TP-0043",you@can-get-no.info,,,
abaxb.bond,0,FP-0011: IP-KVM / Remote-Management Exposure (conf: 15),"TP-0067, TP-0079",hostmaster@hichina.com,,,
abu.sytes.net,0,FP-0011: IP-KVM / Remote-Management Exposure (conf: 60),,,,,
acampadaparis.com,0,FLAME:TP-0036,TP-0036,dns@cloudflare.com,,,
accuratecomp.com,0,FP-0008: pickelhost/eye-mail ULA SPF Phishing Platform (conf: 75),TP-0001,admin@giantpanda.com,,,
accountingbyangie.com,0,"FLAME:TP-0001,TP-0012","TP-0001,TP-0012",,,,
academybankmw.com,0,FP-0008: pickelhost/eye-mail ULA SPF Phishing Platform (conf: 75),"TP-0001,TP-0012",admin@academybankmw.com,,,
accountablebookkeepingla.com,0,"FLAME:TP-0001,TP-0012","TP-0001,TP-0012",hostmaster@accountablebookkeepingla.com,,,
abzokt.ru,0,FP-0009: IPIDEA Residential Proxy Network Infrastructure (conf: 80),,hostmaster@beget.com,,,
830gmail.com,0,"FLAME:TP-0012, TP-0079","TP-0012, TP-0079",master@share-dns.com,,,
acaic.bond,0,FP-0011: IP-KVM / Remote-Management Exposure (conf: 15),,hostmaster@hichina.com,,,
acheroesdubai.xyz,0,FP-0009: IPIDEA Residential Proxy Network Infrastructure (conf: 80),,dns@cloudflare.com,,,
acikarttirma.net.tr,0,"FLAME:TP-0001,TP-0012","TP-0001,TP-0012",,,,
acneproduction.com,0,"FLAME:TP-0012,TP-0036","TP-0012,TP-0036",dns@cloudflare.com,,,
acikarttirma.org.tr,0,"FLAME:TP-0001,TP-0012","TP-0001,TP-0012",,,,
ace58casino.net,0,FLAME:TP-0036,TP-0036,dns@cloudflare.com,,,
808hjc.com,0,FLAME:TP-0042,TP-0042,hostmaster@wdomain.com,,,
acmudon.xyz,0,FP-0009: IPIDEA Residential Proxy Network Infrastructure (conf: 80),,dns@cloudflare.com,,,
acprosdxb.xyz,0,FP-0009: IPIDEA Residential Proxy Network Infrastructure (conf: 80),,dns@cloudflare.com,,,
actrses.com,0,"FLAME:TP-0042,TP-0048","TP-0042,TP-0048",,,,
acservicesdxb.xyz,0,FP-0009: IPIDEA Residential Proxy Network Infrastructure (conf: 80),,dns@cloudflare.com,,,
785.com,0,FLAME:TP-0017,TP-0017,nsadmin@xundns.com,,,
acservicesuae.xyz,0,FP-0009: IPIDEA Residential Proxy Network Infrastructure (conf: 80),,dns@cloudflare.com,,,
acserviceuae.xyz,0,FP-0009: IPIDEA Residential Proxy Network Infrastructure (conf: 80),,dns@cloudflare.com,,,
acuntco.com,0,"FLAME:TP-0042,TP-0048","TP-0042,TP-0048",,,,
acucre.com,0,"FLAME:TP-0042,TP-0048","TP-0042,TP-0048",,,,
abe9.tempdukviet.site,0,FLAME:TP-0043,TP-0043,,,,
actuneupuae.xyz,0,FP-0009: IPIDEA Residential Proxy Network Infrastructure (conf: 80),,dns@cloudflare.com,,,
acyclovir-buy.com,0,FLAME:TP-0043,TP-0043,dns@cloudflare.com,,,
academiccommunity.com,0,FP-0009: IPIDEA Residential Proxy Network Infrastructure (conf: 80),,root@81.143.167.72.host.secureserver.net,,,
aczonedubai.xyz,0,FP-0009: IPIDEA Residential Proxy Network Infrastructure (conf: 80),,dns@cloudflare.com,,,
aczonedxb.xyz,0,FP-0009: IPIDEA Residential Proxy Network Infrastructure (conf: 80),,dns@cloudflare.com,,,
acgcard.com,0,FP-0008: pickelhost/eye-mail ULA SPF Phishing Platform (conf: 75),TP-0001,admin@acgcard.com,,,
adasd.cc,0,FP-0008: pickelhost/eye-mail ULA SPF Phishing Platform (conf: 90),TP-0001,hostmaster@adasd.cc,,,
ad777gamelogin.com,0,"FLAME:TP-0001,TP-0036","TP-0001,TP-0036",dns@cloudflare.com,,,
ac35.capytumbum.online,0,FLAME:TP-0042,TP-0042,,,,
abe2.tempdukviet.site,0,FLAME:TP-0043,TP-0043,,,,
ad12.capytumbum.online,0,FLAME:TP-0067,TP-0067,,,,
99112.xyz,0,FLAME:TP-0042,TP-0042,master@share-dns.com,,,91e7649c149f3173
addidas-group.com,0,"FLAME:TP-0001,TP-0015","TP-0001,TP-0015",hostmaster@trellian.com,,,
admiralx-challenge.top,0,FLAME:TP-0019,TP-0019,,,,
ad16.capytumbum.online,0,FLAME:TP-0067,TP-0067,,,,
adaid.bond,0,FP-0011: IP-KVM / Remote-Management Exposure (conf: 15),,hostmaster@hichina.com,,,
admiralx-cvf.top,0,FLAME:TP-0019,TP-0019,dns@cloudflare.com,,,
admiralx-jew.top,0,FLAME:TP-0019,TP-0019,dns@cloudflare.com,,,
adidasspezial.de,0,"FLAME:TP-0001,TP-0019","TP-0001,TP-0019",dns@cloudflare.com,,,
admiral-casino.win,0,FLAME:TP-0019,TP-0019,dns@cloudflare.com,,,
admiralx-juj.top,0,FLAME:TP-0036,TP-0036,dns@cloudflare.com,,,
admiralx-universe.buzz,0,FLAME:TP-0019,TP-0019,,,,
69postix.info,0,FP-0008: pickelhost/eye-mail ULA SPF Phishing Platform (conf: 75),TP-0001,hostmaster@69postix.info,,,
admiralx-pro34.top,0,FLAME:TP-0019,TP-0019,,,,
adei.crankymonkey.info,0,FLAME:TP-0041,TP-0041,,,,
admiralx-mkl.top,0,FLAME:TP-0019,TP-0019,dns@cloudflare.com,,,
admiralx777spins.top,0,FLAME:TP-0036,TP-0036,dns@cloudflare.com,,,
addedbyjc.0rg.fr,0,FLAME:TP-0041,TP-0041,,,,
admiralx-iop.top,0,FLAME:TP-0019,TP-0019,dns@cloudflare.com,,,
adawd.bond,0,FP-0011: IP-KVM / Remote-Management Exposure (conf: 15),,hostmaster@hichina.com,,,
15057755.com,0,"FLAME:TP-0041,TP-0042","TP-0041,TP-0042",,,,
adramail.com,0,FP-0008: pickelhost/eye-mail ULA SPF Phishing Platform (conf: 75),TP-0001,hostmaster@adramail.com,,,
6ev.info,0,"FLAME:TP-0041,TP-0042","TP-0041,TP-0042",support@spaceship.com,,,
adsd.org,0,FP-0009: IPIDEA Residential Proxy Network Infrastructure (conf: 80),,dns@interserver.net,,,
admiralx-wol.top,0,FLAME:TP-0036,TP-0036,dns@cloudflare.com,,,
admits.site,0,FLAME:TP-0015,TP-0015,hostmaster@nsone.net,,,c74d3896336bc925
ae888cg.net,0,FLAME:TP-0001,TP-0001,,,,
adoter.cyou,0,FP-0009: IPIDEA Residential Proxy Network Infrastructure (conf: 80),,dns@cloudflare.com,,,
99061.xyz,0,FLAME:TP-0079,TP-0079,nsadmin@xundns.com,,,
adsamex.com,0,"FLAME:TP-0001,TP-0015","TP-0001,TP-0015",cpanel@tech.namecheap.com,,,
acczoneglobal.com,0,FP-0011: IP-KVM / Remote-Management Exposure (conf: 15),,admin@tino.vn,,,
82betlottery.net,0,FLAME:TP-0036,TP-0036,,,,
adshine.click,0,"FLAME:TP-0042,TP-0043","TP-0042,TP-0043",noreply@tenten.vn,,,
782.com,0,FP-0008: pickelhost/eye-mail ULA SPF Phishing Platform (conf: 75),TP-0001,hostmaster@782.com,,,
aagame777bet.com,0,FLAME:TP-0017,TP-0017,,,,
aeace.bond,0,FP-0011: IP-KVM / Remote-Management Exposure (conf: 15),,hostmaster@hichina.com,,,
adultchat67.uni.cc,0,"FLAME:TP-0042,TP-0048","TP-0042,TP-0048",,,,
15057799.com,0,"FLAME:TP-0041,TP-0042","TP-0041,TP-0042",,,,
aerezzje.xyz,0,FP-0011: IP-KVM / Remote-Management Exposure (conf: 40),TP-0042,hostmaster@aerezzje.xyz,,,
aeape.bond,0,FP-0011: IP-KVM / Remote-Management Exposure (conf: 15),,hostmaster@hichina.com,,,
aflac.us.com,0,"FLAME:TP-0079,TP-0005","TP-0079,TP-0005",,,,
aeale.bond,0,FP-0011: IP-KVM / Remote-Management Exposure (conf: 15),,hostmaster@hichina.com,,,
aeare.bond,0,FP-0011: IP-KVM / Remote-Management Exposure (conf: 15),,hostmaster@hichina.com,,,
afunthingtodo.com,0,FP-0009: IPIDEA Residential Proxy Network Infrastructure (conf: 80),,dnsadmin@domain.com,,,
aeaxe.bond,0,FP-0011: IP-KVM / Remote-Management Exposure (conf: 15),,hostmaster@hichina.com,,,
7uj.com,0,FP-0008: pickelhost/eye-mail ULA SPF Phishing Platform (conf: 75),TP-0001,hostmaster@7uj.com,,,
aeaue.bond,0,FP-0011: IP-KVM / Remote-Management Exposure (conf: 15),,hostmaster@hichina.com,,,
812.com,0,FP-0008: pickelhost/eye-mail ULA SPF Phishing Platform (conf: 75),TP-0001,hostmaster@812.com,,,
afun777casino.com,0,FLAME:TP-0079,TP-0079,dns@cloudflare.com,,,
agcd.com,0,FP-0008: pickelhost/eye-mail ULA SPF Phishing Platform (conf: 75),TP-0001,admin@giantpanda.com,,,
agencjainteraktywna.com,0,FLAME:TP-0019,TP-0019,dns@jomax.net,,,
afuture.date,0,"FLAME:TP-0042,TP-0048","TP-0042,TP-0048",dns@cloudflare.com,,,
830.com,0,FP-0008: pickelhost/eye-mail ULA SPF Phishing Platform (conf: 75),TP-0001,hostmaster@830.com,,,
869.com,0,FP-0008: pickelhost/eye-mail ULA SPF Phishing Platform (conf: 75),TP-0001,hostmaster@869.com,,,
875.com,0,FP-0008: pickelhost/eye-mail ULA SPF Phishing Platform (conf: 75),TP-0001,hostmaster@875.com,,,
agenciasviajesrepublicadominicana.com,0,FLAME:TP-0019,TP-0019,dns@cloudflare.com,,,c6b055f512758bb2
agasj.com,0,"FLAME:TP-0036,TP-0063","TP-0036,TP-0063",master@share-dns.com,,,
agriturismomontefieno.com,0,"FLAME:TP-0042,TP-0043","TP-0042,TP-0043",dns@cloudflare.com,,,c6b055f512758bb2
ageing-in-europe.org,0,FLAME:TP-0019,TP-0019,dns@cloudflare.com,,,
agen45.com,0,"FLAME:TP-0036,TP-0063","TP-0036,TP-0063",dns@cloudflare.com,,,
8618.fun,0,FLAME:TP-0042,TP-0042,master@jmdns.com,,,
agrifood-ric.org,0,"FLAME:TP-0042,TP-0043","TP-0042,TP-0043",,,,
agustaa.top,0,FLAME:TP-0042,TP-0042,dns@cloudflare.com,,,
agrox.com,0,FP-0008: pickelhost/eye-mail ULA SPF Phishing Platform (conf: 75),TP-0001,admin@giantpanda.com,,,
afarf.bond,0,FP-0011: IP-KVM / Remote-Management Exposure (conf: 15),,hostmaster@hichina.com,,,
agustasportswear.com,0,FP-0008: pickelhost/eye-mail ULA SPF Phishing Platform (conf: 75),TP-0001,admin@giantpanda.com,,,
afsf.de,0,"FLAME:TP-0041,TP-0042","TP-0041,TP-0042",hostmaster@kv.de,,,
agentsa.shop,0,FLAME:TP-0079,TP-0079,dns@hostinger.com,,,b9f142ce1e1b7065
agens128.fun,0,FLAME:TP-0079,TP-0079,hostmaster@sedo.de,,,
afalf.bond,0,FP-0011: IP-KVM / Remote-Management Exposure (conf: 15),,hostmaster@hichina.com,,,
206806.com,0,"FLAME:TP-0041,TP-0042","TP-0041,TP-0042",,,,
acier.online,0,FP-0009: IPIDEA Residential Proxy Network Infrastructure (conf: 80),,hostmaster@registrar-servers.com,,,
acepropertyservices.com,0,FP-0009: IPIDEA Residential Proxy Network Infrastructure (conf: 80),,ipadmin@stabletransit.com,,,d13d16434bc4dcd5
aestheticclinic-uk.com,0,FLAME:TP-0019,TP-0019,hostmaster@beget.com,,,d13d16534bc4dc95
agg777slot.com,0,"FLAME:TP-0036,TP-0063","TP-0036,TP-0063",dns@cloudflare.com,,,
againstity.com,0,FLAME:TP-0079,TP-0079,hostmaster@againstity.com,,,
894.com,0,FP-0008: pickelhost/eye-mail ULA SPF Phishing Platform (conf: 75),TP-0001,hostmaster@894.com,,,
abwesend.de,0,FLAME:TP-0001,TP-0001,dnsadmin@ionos.com,,,
acemail.info,0,FLAME:TP-0042,TP-0042,hostmaster@lander.d.parity.domains,,,
8mail.com,0,FP-0008: pickelhost/eye-mail ULA SPF Phishing Platform (conf: 75),TP-0001,hostmaster@8mail.com,,,
8i7.net,0,FP-0008: pickelhost/eye-mail ULA SPF Phishing Platform (conf: 75),TP-0001,hostmaster@8i7.net,,,
ainbz.com,0,FP-0008: pickelhost/eye-mail ULA SPF Phishing Platform (conf: 75),TP-0001,hostmaster@ainbz.com,,,
ahoo.ca,0,FP-0008: pickelhost/eye-mail ULA SPF Phishing Platform (conf: 75),TP-0001,admin@ahoo.ca,,,
ah9pcwp.crankymonkey.info,0,FLAME:TP-0042,TP-0042,,,,
agabg.bond,0,FP-0011: IP-KVM / Remote-Management Exposure (conf: 15),,hostmaster@hichina.com,,,
airconalquoz.xyz,0,FP-0009: IPIDEA Residential Proxy Network Infrastructure (conf: 80),,dns@cloudflare.com,,,
airconakoya.xyz,0,FP-0009: IPIDEA Residential Proxy Network Infrastructure (conf: 80),,dns@cloudflare.com,,,
aimer.dev,0,"FLAME:TP-0042,TP-0043","TP-0042,TP-0043",dns@cloudflare.com,,,
airconcare.xyz,0,FP-0009: IPIDEA Residential Proxy Network Infrastructure (conf: 80),,dns@cloudflare.com,,,
airconcontractingdxb.xyz,0,FP-0009: IPIDEA Residential Proxy Network Infrastructure (conf: 80),,dns@cloudflare.com,,,
airconcontractinguae.xyz,0,FP-0009: IPIDEA Residential Proxy Network Infrastructure (conf: 80),,dns@cloudflare.com,,,
aifzq.blasis.io.vn,0,FLAME:TP-0084,TP-0084,,,,
airconcontractors.xyz,0,FP-0009: IPIDEA Residential Proxy Network Infrastructure (conf: 80),,dns@cloudflare.com,,,
aimpowergen.com,0,FLAME:TP-0036,TP-0036,admins@siteground.com,,,
aircondcare.xyz,0,FP-0009: IPIDEA Residential Proxy Network Infrastructure (conf: 80),,dns@cloudflare.com,,,
aipilotreview.top,0,"FLAME:TP-0017,TP-0026","TP-0017,TP-0026",dns@cloudflare.com,,,
929.be,0,FP-0008: pickelhost/eye-mail ULA SPF Phishing Platform (conf: 75),TP-0001,hostmaster@929.be,,,
aircondeskuae.xyz,0,FP-0009: IPIDEA Residential Proxy Network Infrastructure (conf: 80),,dns@cloudflare.com,,,
aircondeskdubai.xyz,0,FP-0009: IPIDEA Residential Proxy Network Infrastructure (conf: 80),,dns@cloudflare.com,,,
aircondmedic.xyz,0,FP-0009: IPIDEA Residential Proxy Network Infrastructure (conf: 80),,dns@cloudflare.com,,,
aiemail.studio,0,"FLAME:TP-0042,TP-0043","TP-0042,TP-0043",root@dns1.nominalia.com,,,
airconemaar.xyz,0,FP-0009: IPIDEA Residential Proxy Network Infrastructure (conf: 80),,dns@cloudflare.com,,,
airconmaintenanceuae.xyz,0,FP-0009: IPIDEA Residential Proxy Network Infrastructure (conf: 80),,dns@cloudflare.com,,,
airconexpert.xyz,0,FP-0009: IPIDEA Residential Proxy Network Infrastructure (conf: 80),,dns@cloudflare.com,,,
airconmudon.xyz,0,FP-0009: IPIDEA Residential Proxy Network Infrastructure (conf: 80),,dns@cloudflare.com,,,
ai-trader.io,0,"FLAME:TP-0026,TP-0017","TP-0026,TP-0017",dns@cloudflare.com,,,93666c99e3669949
airconprodubai.xyz,0,FP-0009: IPIDEA Residential Proxy Network Infrastructure (conf: 80),,dns@cloudflare.com,,,
airconnadalsheba.xyz,0,FP-0009: IPIDEA Residential Proxy Network Infrastructure (conf: 80),,dns@cloudflare.com,,,
airconservicedxb.xyz,0,FP-0009: IPIDEA Residential Proxy Network Infrastructure (conf: 80),,dns@cloudflare.com,,,
93o.com,0,FP-0008: pickelhost/eye-mail ULA SPF Phishing Platform (conf: 75),TP-0001,hostmaster@93o.com,,,
airmail.nl,0,FP-0011: IP-KVM / Remote-Management Exposure (conf: 60),,hm@mediavillage.nl,,,
airconservicesuae.xyz,0,FP-0009: IPIDEA Residential Proxy Network Infrastructure (conf: 80),,dns@cloudflare.com,,,
adadad.uk,0,FLAME:TP-0041,TP-0041,dns@cloudflare.com,,,
airconzonedxb.xyz,0,FP-0009: IPIDEA Residential Proxy Network Infrastructure (conf: 80),,dns@cloudflare.com,,,
aircoolmedic.xyz,0,FP-0009: IPIDEA Residential Proxy Network Infrastructure (conf: 80),,dns@cloudflare.com,,,
afferro-mining.com,0,"FLAME:TP-0036,TP-0079","TP-0036,TP-0079",dns@cloudflare.com,,,
alditork.co.com,0,FLAME:TP-0079,TP-0079,,,,
agentoto4d.org,0,"FLAME:TP-0036,TP-0063","TP-0036,TP-0063",hostmaster@agentoto4d.org,,,
aihuohua.online,0,FP-0011: IP-KVM / Remote-Management Exposure (conf: 20),,hostmaster@hichina.com,,,81552b56255e35eb
airealestate.xyz,0,"FLAME:TP-0006, TP-0073","TP-0006, TP-0073",support@spaceship.com,,,
ahtigames.se,0,"FLAME:TP-0036,TP-0054","TP-0036,TP-0054",tech@rrpproxy.net,,,
adsensekorea.co.kr,0,"FLAME:TP-0001,TP-0015","TP-0001,TP-0015",dns@jomax.net,,,d13d16534bc4dc95
albertsonthealley.com,0,FLAME:TP-0001,TP-0001,dns@cloudflare.com,,,
ahliqq.info,0,FLAME:TP-0015,TP-0015,hostmaster@registrar-servers.com,,,
alfaex.net,0,"FLAME:TP-0042,TP-0043","TP-0042,TP-0043",dns@cloudflare.com,,,c6b055f512758bb2
alanobetcasino.com,0,FLAME:TP-0079,TP-0079,dns@cloudflare.com,,,
al1ya.app,0,FP-0008: pickelhost/eye-mail ULA SPF Phishing Platform (conf: 100),TP-0001,hostmaster@nsone.net,,,
albarshamaintenance.com,0,FP-0009: IPIDEA Residential Proxy Network Infrastructure (conf: 80),,dns@cloudflare.com,,,
alldarkmarkets.com,0,"FLAME:TP-0041,TP-0042,TP-0048","TP-0041,TP-0042,TP-0048",,,,
akuadalah.dev,0,"FLAME:TP-0001,TP-0012","TP-0001,TP-0012",dns@cloudflare.com,,,
alldarknetmarkets.com,0,"FLAME:TP-0041,TP-0042,TP-0048","TP-0041,TP-0042,TP-0048",,,,
alicia.com,0,FP-0011: IP-KVM / Remote-Management Exposure (conf: 15),,hostmaster@alicia.com,,,0000000000000000
alfurjanmaintenance.com,0,FP-0009: IPIDEA Residential Proxy Network Infrastructure (conf: 80),,dns@cloudflare.com,,,
a.masum.cc,0,FP-0008: pickelhost/eye-mail ULA SPF Phishing Platform (conf: 75),TP-0001,hostmaster@a.masum.cc,,,
alisonebright.com,0,FLAME:TP-0043,TP-0043,dns@cloudflare.com,,,c6b055f512758bb2
ahliqq.org,0,FLAME:TP-0015,TP-0015,hostmaster@registrar-servers.com,,,
allardprize.com,0,FLAME:TP-0043,TP-0043,dns@cloudflare.com,,,c6b055f512758bb2
a-b.co.za,0,FP-0008: pickelhost/eye-mail ULA SPF Phishing Platform (conf: 75),TP-0001,hostmaster@a-b.co.za,,,
aloka.com,0,FP-0008: pickelhost/eye-mail ULA SPF Phishing Platform (conf: 75),TP-0001,admin@giantpanda.com,,,
a1plumbjax.com,0,FP-0008: pickelhost/eye-mail ULA SPF Phishing Platform (conf: 75),TP-0001,hostmaster@a1plumbjax.com,,,
almaad.co.com,0,FLAME:TP-0079,TP-0079,,,,
alldarkwebmarkets.com,0,"FLAME:TP-0041,TP-0042,TP-0048","TP-0041,TP-0042,TP-0048",,,,
alltell.net,0,FP-0008: pickelhost/eye-mail ULA SPF Phishing Platform (conf: 75),TP-0072,admin@giantpanda.com,,,
alightmotion.icu,0,FLAME:TP-0079,TP-0079,dns@cloudflare.com,,,
addrin.uk,0,FLAME:TP-0041,TP-0041,dns@cloudflare.com,,,
ainow.cfd,0,FLAME:TP-0067,TP-0067,support@spaceship.com,,,
allcards.su,0,"FLAME:TP-0038,TP-0041,TP-0042,TP-0048","TP-0038,TP-0041,TP-0042,TP-0048",dns@cloudflare.com,,,
aleembhd.bulc.club,0,"FLAME:TP-0001,TP-0004,TP-0013","TP-0001,TP-0004,TP-0013",,,,a04d0f3878c5c37f
alisepasi.bulc.club,0,FLAME:TP-0001,TP-0001,,,,a04d0f3878c5c37f
alkhawaneejmaintenance.com,0,FP-0009: IPIDEA Residential Proxy Network Infrastructure (conf: 80),,dns@cloudflare.com,,,
aleksandraskincare.com,0,"FLAME:TP-0001,TP-0015","TP-0001,TP-0015",dns@cloudflare.com,,,
aleh.de,0,FP-0011: IP-KVM / Remote-Management Exposure (conf: 60),,hostmaster@hallenberg.com,,,
akselparis.com,0,FP-0011: IP-KVM / Remote-Management Exposure (conf: 15),,hostmaster@akselparis.com,,,efcab036c199c3c4
alonetry.com,0,"FLAME:TP-0041,TP-0042","TP-0041,TP-0042",,,,
altel.net,0,FP-0008: pickelhost/eye-mail ULA SPF Phishing Platform (conf: 75),TP-0001,admin@giantpanda.com,,,
altincasino.xyz,0,FLAME:TP-0001,TP-0001,dns@cloudflare.com,,,83df08df98752075
aluminum-rails.com,0,FP-0008: pickelhost/eye-mail ULA SPF Phishing Platform (conf: 75),TP-0001,admin@giantpanda.com,,,
alphaairconfix.xyz,0,FP-0009: IPIDEA Residential Proxy Network Infrastructure (conf: 80),,dns@cloudflare.com,,,
admiralx.sbs,0,FLAME:TP-0019,TP-0019,dns@cloudflare.com,,,
alyspace.cfd,0,FLAME:TP-0001,TP-0001,,,,
ambientiusa.com,0,FLAME:TP-0058,TP-0058,dns@cloudflare.com,,,
aluce.it,0,FP-0008: pickelhost/eye-mail ULA SPF Phishing Platform (conf: 75),TP-0001,admin@giantpanda.com,,,
alphaamcmaintenance.xyz,0,FP-0009: IPIDEA Residential Proxy Network Infrastructure (conf: 80),,dns@cloudflare.com,,,
aliwin789game1.com,0,"FLAME:TP-0036,TP-0063","TP-0036,TP-0063",dns@cloudflare.com,,,
alphacooltech.xyz,0,FP-0009: IPIDEA Residential Proxy Network Infrastructure (conf: 80),,dns@cloudflare.com,,,
ai-story-generator.net,0,"FLAME:TP-0036,TP-0079","TP-0036,TP-0079",dnsconct@myhostadmin.net,,,94797a6666855966
alphafancoil.xyz,0,FP-0009: IPIDEA Residential Proxy Network Infrastructure (conf: 80),,dns@cloudflare.com,,,
96320.xyz,0,"FLAME:TP-0036, TP-0079","TP-0036, TP-0079",root@96320.xyz,,,
altcoinadvantage.org,0,"FLAME:TP-0017,TP-0026","TP-0017,TP-0026",dns@cloudflare.com,,,
alpoindexter.org,0,FLAME:TP-0012,TP-0012,dns@cloudflare.com,,,c4b4114b4fb59e96
amail3.com,0,FP-0008: pickelhost/eye-mail ULA SPF Phishing Platform (conf: 75),TP-0001,hostmaster@amail3.com,,,
allservice.fun,0,FP-0009: IPIDEA Residential Proxy Network Infrastructure (conf: 80),,dns@hostinger.com,,,
airnewzealand.com,0,FLAME:TP-0015,TP-0015,awsdns-hostmaster@amazon.com,,,c0933e78b56963c3
altmail.top,0,"FLAME:TP-0067, TP-0002","TP-0067, TP-0002",webmaster@cprapid.com,,,
alternativapoteknorge.space,0,FLAME:TP-0036,TP-0036,server@arandomserver.com,,,
aaflincoln.org,0,FP-0008: pickelhost/eye-mail ULA SPF Phishing Platform (conf: 75),TP-0001,hostmaster@aaflincoln.org,,,
am-static.org,0,FLAME:TP-0001,TP-0001,dns@cloudflare.com,,,
americangraphicboard.com,0,FP-0008: pickelhost/eye-mail ULA SPF Phishing Platform (conf: 75),TP-0001,admin@giantpanda.com,,,
amccare.xyz,0,FP-0009: IPIDEA Residential Proxy Network Infrastructure (conf: 80),,dns@cloudflare.com,,,
amccontractingdxb.xyz,0,FP-0009: IPIDEA Residential Proxy Network Infrastructure (conf: 80),,dns@cloudflare.com,,,
alternatelinksbobet.com,0,FLAME:TP-0001,TP-0001,dns@cloudflare.com,,,
amcfixitdubai.xyz,0,FP-0009: IPIDEA Residential Proxy Network Infrastructure (conf: 80),,dns@cloudflare.com,,,
ameramortgage.com,0,FP-0008: pickelhost/eye-mail ULA SPF Phishing Platform (conf: 75),TP-0001,admin@giantpanda.com,,,
amcguysdxb.xyz,0,FP-0009: IPIDEA Residential Proxy Network Infrastructure (conf: 80),,dns@cloudflare.com,,,
amcmandxb.xyz,0,FP-0009: IPIDEA Residential Proxy Network Infrastructure (conf: 80),,dns@cloudflare.com,,,
amcteam.xyz,0,FP-0009: IPIDEA Residential Proxy Network Infrastructure (conf: 80),,dns@cloudflare.com,,,
amcmaintenancedxb.xyz,0,FP-0009: IPIDEA Residential Proxy Network Infrastructure (conf: 80),,dns@cloudflare.com,,,
amctilal.xyz,0,FP-0009: IPIDEA Residential Proxy Network Infrastructure (conf: 80),,dns@cloudflare.com,,,
amcshielddubai.xyz,0,FP-0009: IPIDEA Residential Proxy Network Infrastructure (conf: 80),,dns@cloudflare.com,,,
amcvictory.xyz,0,FP-0009: IPIDEA Residential Proxy Network Infrastructure (conf: 80),,dns@cloudflare.com,,,
amcworkstower.xyz,0,FP-0009: IPIDEA Residential Proxy Network Infrastructure (conf: 80),,dns@cloudflare.com,,,
amongth.com,0,"FLAME:TP-0042,TP-0048","TP-0042,TP-0048",,,,
andrewcluh.top,0,"FLAME:TP-0043,TP-0050","TP-0043,TP-0050",,,,
amerinetgate.com,0,FLAME:TP-0001,TP-0001,,,,
allapparel.biz,0,FLAME:TP-0019,TP-0019,hostmaster@registrar-servers.com,,,c48c3b736aa1959e
amphetaminapotek.com,0,FLAME:TP-0036,TP-0036,dns@cloudflare.com,,,
androl.cfd,0,"FLAME:TP-0043,TP-0050","TP-0043,TP-0050",,,,
ambaritaputra.info,0,"FLAME:TP-0017,TP-0058","TP-0017,TP-0058",dns@cloudflare.com,,,
ama-trans.de,0,FP-0011: IP-KVM / Remote-Management Exposure (conf: 40),,hostmaster@ama-trans.de,,,
amyxrolest.com,0,FLAME:TP-0042,TP-0042,,,,
angieplease.com,0,"FLAME:TP-0041,TP-0042,TP-0048","TP-0041,TP-0042,TP-0048",,,,
andro-players.com,0,"FLAME:TP-0023,TP-0043","TP-0023,TP-0043",dns@cloudflare.com,,,dc842397cc7d3274
amerilinkmail.com,0,FLAME:TP-0001,TP-0001,hostmaster@amerilinkmail.com,,,
amlopedia.com,0,FLAME:TP-0043,TP-0043,dns@cloudflare.com,,,
amechiwa.biz.id,0,"FLAME:TP-0015,TP-0019","TP-0015,TP-0019",dns@cloudflare.com,,,
anahiem.com,0,FLAME:TP-0006,TP-0006,hostmaster@anahiem.com,,,0000000000000000
amoxicillincaamoxil.com,0,FLAME:TP-0076,TP-0076,dns@cloudflare.com,,,
angelhandranch.com,0,FP-0009: IPIDEA Residential Proxy Network Infrastructure (conf: 80),,hostmaster@angelhandranch.com,,,
adsensekorea.com,0,"FLAME:TP-0001,TP-0015","TP-0001,TP-0015",dns@jomax.net,,,edd682392ee30b1a
altaddress.net,0,"FLAME:TP-0041,TP-0042","TP-0041,TP-0042",hostmaster@openinternet.io,,,
angelawalkerrealestateagentfortworthtx.com,0,FP-0009: IPIDEA Residential Proxy Network Infrastructure (conf: 80),,root@gator3121.hostgator.com,,,
americanlegion.net,0,FP-0008: pickelhost/eye-mail ULA SPF Phishing Platform (conf: 75),TP-0001,admin@americanlegion.net,,,
abhijeet.com,0,FP-0008: pickelhost/eye-mail ULA SPF Phishing Platform (conf: 75),TP-0001,hostmaster@abhijeet.com,,,
ano.nonon.ooo,0,"FLAME:TP-0041,TP-0043","TP-0041,TP-0043",,,,
ano.to,0,"FLAME:TP-0001,TP-0043","TP-0001,TP-0043",dns@cloudflare.com,,,
ano-mail.net,0,FP-0011: IP-KVM / Remote-Management Exposure (conf: 40),,hostmaster@ano-mail.net,,,
anonym.email,0,FP-0011: IP-KVM / Remote-Management Exposure (conf: 60),,admin@dns.com,,,
anxiousmonk.com,0,"FLAME:TP-0001,TP-0012","TP-0001,TP-0012",dns@jomax.net,,,
amellux.com,0,FLAME:TP-0060,TP-0060,master@jmdns.com,,,
anonymmail.net,0,"FLAME:TP-0001,TP-0043","TP-0001,TP-0043",dns@cloudflare.com,,,
abolition-now.com,0,FP-0008: pickelhost/eye-mail ULA SPF Phishing Platform (conf: 75),TP-0001,hostmaster@abolition-now.com,,,
another-temp-mail.com,0,"FLAME:TP-0001,TP-0043","TP-0001,TP-0043",dns@cloudflare.com,,,
aonwin.net,0,"FLAME:TP-0036,TP-0054,TP-0065","TP-0036,TP-0054,TP-0065",,,,
aol.blue,0,FLAME:TP-0001,TP-0001,dns@cloudflare.com,,,
aonwin.org,0,"FLAME:TP-0036,TP-0054,TP-0065","TP-0036,TP-0054,TP-0065",,,,
amberlogy.com,0,FLAME:TP-0001,TP-0001,admins@siteground.com,,,
aoneh5.my,0,FLAME:TP-0042,TP-0042,dns@cloudflare.com,,,
anonymous-email.net,0,FP-0008: pickelhost/eye-mail ULA SPF Phishing Platform (conf: 75),TP-0043,admin@anonymous-email.net,,,
aol.ht,0,FP-0009: IPIDEA Residential Proxy Network Infrastructure (conf: 80),,awsdns-hostmaster@amazon.com,,,aeadd0523dadc452
acrometermail.com,0,FLAME:TP-0067,TP-0067,,,,
anonymbox.com,0,FP-0008: pickelhost/eye-mail ULA SPF Phishing Platform (conf: 75),TP-0001,admin@anonymbox.com,,,
acceleratedps.com,0,FP-0008: pickelhost/eye-mail ULA SPF Phishing Platform (conf: 75),TP-0001,hostmaster@acceleratedps.com,,,
aol.cm,0,FP-0008: pickelhost/eye-mail ULA SPF Phishing Platform (conf: 75),TP-0001,admin@aol.cm,,,
anvjobvnu.top,0,"FLAME:TP-0041, TP-0079","TP-0041, TP-0079",dnsconct@363.hk,,,
apaldocasino.net,0,"FLAME:TP-0036,TP-0054,TP-0065","TP-0036,TP-0054,TP-0065",dns@cloudflare.com,,,
amerikanbuyutucu.online,0,"FLAME:TP-0041,TP-0042","TP-0041,TP-0042",hostmaster@registrar-servers.com,,,
apaldocasino.info,0,FLAME:TP-0001,TP-0001,dns@cloudflare.com,,,
accessecurity.com,0,FP-0008: pickelhost/eye-mail ULA SPF Phishing Platform (conf: 75),TP-0001,hostmaster@accessecurity.com,,,
apolmail.com,0,"FLAME:TP-0001,TP-0015,TP-0019","TP-0001,TP-0015,TP-0019",,,,
apexrepair24x7.xyz,0,FP-0009: IPIDEA Residential Proxy Network Infrastructure (conf: 80),,dns@cloudflare.com,,,
apexrepairs.xyz,0,FP-0009: IPIDEA Residential Proxy Network Infrastructure (conf: 80),,dns@cloudflare.com,,,
apexthermo.xyz,0,FP-0009: IPIDEA Residential Proxy Network Infrastructure (conf: 80),,dns@cloudflare.com,,,
apothegmail.com,0,FLAME:TP-0012,TP-0012,dns@timeweb.ru,,,
appliancerepairburbank.com,0,FP-0009: IPIDEA Residential Proxy Network Infrastructure (conf: 80),,hostmaster@appliancerepairburbank.com,,,
aptleasing.info,0,FLAME:TP-0006,TP-0006,awsdns-hostmaster@amazon.com,,,
appliancerepairlancaster.com,0,FP-0009: IPIDEA Residential Proxy Network Infrastructure (conf: 80),,hostmaster@appliancerepairlancaster.com,,,
appnox.com,0,FP-0008: pickelhost/eye-mail ULA SPF Phishing Platform (conf: 90),TP-0001,hostmaster@appnox.com,,,
arcentra.cfd,0,"FLAME:TP-0002,TP-0015","TP-0002,TP-0015",,,,
arcleti.com,0,"FLAME:TP-0002,TP-0015","TP-0002,TP-0015",,,,
acetylsalmail.com,0,"FLAME:TP-0001,TP-0067","TP-0001,TP-0067",dns@timeweb.ru,,,
apptraker.cd,0,FLAME:TP-0001,TP-0001,dns@cloudflare.com,,,c6b055f512758bb2
arenapluscasino.click,0,FLAME:TP-0013,TP-0013,,,,
ardexamerica.com,0,FP-0008: pickelhost/eye-mail ULA SPF Phishing Platform (conf: 75),TP-0001,admin@giantpanda.com,,,
arcticmail.com,0,FLAME:TP-0002,TP-0002,ggorman@easylink.com,,,d02d42636e683de7
argenttrading.com,0,FP-0008: pickelhost/eye-mail ULA SPF Phishing Platform (conf: 75),TP-0001,admin@giantpanda.com,,,
apollo3.com,0,"FLAME:TP-0042,TP-0079","TP-0042,TP-0079",admin@apollo3.com,,,
argentinamail.com,0,FLAME:TP-0002,TP-0002,ggorman@easylink.com,,,d02d42636e683de7
aqb.dropmail.me,0,FLAME:TP-0043,TP-0043,,,,b0d2686d0f3732da
arcticcoolair.xyz,0,FP-0009: IPIDEA Residential Proxy Network Infrastructure (conf: 80),,dns@cloudflare.com,,,
appie.com,0,FP-0007: Typosquat Evasion Infrastructure (conf: 80),TP-0012,hostmaster@trellian.com,,,
angka69.com,0,"FLAME:TP-0036,TP-0043","TP-0036,TP-0043",dns@cloudflare.com,,,
arrah.com,0,FP-0008: pickelhost/eye-mail ULA SPF Phishing Platform (conf: 75),TP-0001,admin@giantpanda.com,,,
appointfmail.com,0,FLAME:TP-0001,TP-0001,dns@timeweb.ru,,,a14f963651c945cf
ar999gameapk.com,0,FLAME:TP-0079,TP-0079,dns@cloudflare.com,,,
arr.net,0,FP-0008: pickelhost/eye-mail ULA SPF Phishing Platform (conf: 75),TP-0001,admin@giantpanda.com,,,
ares.edu.pl,0,FLAME:TP-0002,TP-0002,dns@hostinger.com,,,
asdasds.com,0,FP-0011: IP-KVM / Remote-Management Exposure (conf: 60),,admin@dns.com,,,
applebeta.cn,0,FLAME:TP-0079,TP-0079,freednsadmin@dnspod.com,,,
arthiq.world,0,FLAME:TP-0079,TP-0079,dns@cloudflare.com,,,
arthiq.life,0,FLAME:TP-0079,TP-0079,dns@cloudflare.com,,,
ariana.keeley.wollomail.top,0,FLAME:TP-0079,TP-0079,,,,
apple.edu.pl,0,FLAME:TP-0001,TP-0001,,,,
aktifbil.com,0,FP-0011: IP-KVM / Remote-Management Exposure (conf: 15),,aktif@aktifbil.com,,,
asdfasdf.com,0,FP-0008: pickelhost/eye-mail ULA SPF Phishing Platform (conf: 75),TP-0001,admin@giantpanda.com,,,
akeey.web.id,0,FLAME:TP-0041,TP-0041,dns@cloudflare.com,,,
asdfgpooi.online,0,FLAME:TP-0079,TP-0079,dns@jomax.net,,,
arkadaslots-deposit.top,0,FLAME:TP-0012,TP-0012,dns@cloudflare.com,,,
asli.cloud,0,FLAME:TP-0042,TP-0042,,,,
asfn.cd,0,FLAME:TP-0042,TP-0042,dns@cloudflare.com,,,c6b055f512758bb2
asianrelease.website,0,FLAME:TP-0042,TP-0042,hostmaster@asianrelease.website,,,
assetaircon.xyz,0,FP-0009: IPIDEA Residential Proxy Network Infrastructure (conf: 80),,dns@cloudflare.com,,,
assetairconcare.xyz,0,FP-0009: IPIDEA Residential Proxy Network Infrastructure (conf: 80),,dns@cloudflare.com,,,
adcew.com,0,FLAME:TP-0041,TP-0041,hostmaster@hichina.com,,,
asdjjrmaikl.com,0,FLAME:TP-0041,TP-0041,domains+netlify@netlify.com,,,
assist.beachmotel.click,0,FLAME:TP-0079,TP-0079,,,,
asddddmail.org,0,FLAME:TP-0041,TP-0041,domains+netlify@netlify.com,,,
aquaqua.top,0,FP-0011: IP-KVM / Remote-Management Exposure (conf: 60),,freednsadmin@dnspod.com,,,
assethvacrepair.xyz,0,FP-0009: IPIDEA Residential Proxy Network Infrastructure (conf: 80),,dns@cloudflare.com,,,
assetaircond.xyz,0,FP-0009: IPIDEA Residential Proxy Network Infrastructure (conf: 80),,dns@cloudflare.com,,,
asubtlejm.com,0,"FLAME:TP-0042,TP-0048","TP-0042,TP-0048",,,,
ashgroveventures.net,0,FP-0009: IPIDEA Residential Proxy Network Infrastructure (conf: 80),,admin@servercabin.com,,,
atarigamepartners.com,0,FLAME:TP-0019,TP-0019,dns@cloudflare.com,,,c6b055f512758bb2
addmail.store,0,FP-0009: IPIDEA Residential Proxy Network Infrastructure (conf: 80),,hostmaster@registrar-servers.com,,,
asdjmail.org,0,FLAME:TP-0041,TP-0041,domains+netlify@netlify.com,,,
athem.com,0,FP-0007: Typosquat Evasion Infrastructure (conf: 60),TP-0012,admin@giantpanda.com,,,
aroundworld24.com,0,FLAME:TP-0079,TP-0079,cpanel@tech.namecheap.com,,,
asuk.com,0,FP-0011: IP-KVM / Remote-Management Exposure (conf: 15),,hostmaster@asuk.com,,,0000000000000000
atch.com,0,FP-0008: pickelhost/eye-mail ULA SPF Phishing Platform (conf: 75),TP-0001,admin@giantpanda.com,,,
asyabahis21.com,0,"FLAME:TP-0001,TP-0036","TP-0001,TP-0036",dns@cloudflare.com,,,
atm2u.com,0,FLAME:TP-0036,TP-0036,dns@cloudflare.com,,,
atlant.link,0,"FLAME:TP-0001,TP-0067","TP-0001,TP-0067",you@can-get-no.info,,,
atlanticyu.com,0,"FLAME:TP-0042,TP-0048","TP-0042,TP-0048",,,,
assist.thewisetransfer.click,0,"FLAME:TP-0006,TP-0007","TP-0006,TP-0007",,,,
atavistiaemail.com,0,FLAME:TP-0043,TP-0043,dns@timeweb.ru,,,
aufcasino.today,0,FLAME:TP-0017,TP-0017,,,,
attention.support,0,FLAME:TP-0012,TP-0012,admin@dns.com,,,
astipa.com,0,FLAME:TP-0042,TP-0042,dns@cloudflare.com,,,
aurora-arcade.website,0,FLAME:TP-0017,TP-0017,,,,
aurora-world.buzz,0,FLAME:TP-0017,TP-0017,,,,
aurora-world.top,0,FLAME:TP-0017,TP-0017,,,,
attacking.site,0,FP-0008: pickelhost/eye-mail ULA SPF Phishing Platform (conf: 100),TP-0001,hostmaster@nsone.net,,,
attacks.cloud,0,FP-0008: pickelhost/eye-mail ULA SPF Phishing Platform (conf: 100),TP-0001,hostmaster@nsone.net,,,
auroracasru.top,0,FP-0008: pickelhost/eye-mail ULA SPF Phishing Platform (conf: 90),TP-0017,hostmaster@auroracasru.top,,,
attacking.network,0,FP-0008: pickelhost/eye-mail ULA SPF Phishing Platform (conf: 100),TP-0001,hostmaster@nsone.net,,,
aonwin.com,0,FP-0009: IPIDEA Residential Proxy Network Infrastructure (conf: 80),"TP-0036,TP-0054,TP-0065",hostmaster@aonwin.com,,,91137e2e7c817da4
au2bsnf.crankymonkey.info,0,"FLAME:TP-0042,TP-0048","TP-0042,TP-0048",,,,
audley.bulc.club,0,FLAME:TP-0001,TP-0001,,,,a04d0f3878c5c37f
augmentationtechnology.com,0,FLAME:TP-0001,TP-0001,hostmaster@contabo.de,,,
aurangabadlive.com,0,FLAME:TP-0017,TP-0017,master@share-dns.com,,,
anjon.com,0,FP-0011: IP-KVM / Remote-Management Exposure (conf: 15),,dns@namebright.com,,,
auspb.com,0,FLAME:TP-0001,TP-0001,dns@cloudflare.com,,,
advanteck.net,0,FP-0011: IP-KVM / Remote-Management Exposure (conf: 40),,zone-admin@dyndns.com,,,
adventuredmail.com,0,FLAME:TP-0001,TP-0001,dns@timeweb.ru,,,
auto-glass-houston.com,0,"FLAME:TP-0001,TP-0012","TP-0001,TP-0012",,,,
aurora91.buzz,0,FP-0008: pickelhost/eye-mail ULA SPF Phishing Platform (conf: 90),TP-0017,hostmaster@aurora91.buzz,,,
automiselymail.com,0,"FLAME:TP-0001,TP-0012","TP-0001,TP-0012",dns@cloudflare.com,,,
aussie.loan,0,FLAME:TP-0017,TP-0017,dns@cloudflare.com,,,c6b055f512758bb2
autoelk.ru,0,FLAME:TP-0001,TP-0001,dns@cloudflare.com,,,
automizly.net,0,"FLAME:TP-0001,TP-0012","TP-0001,TP-0012",dns@cloudflare.com,,,
austhq.shop,0,"FLAME:TP-0001,TP-0012,TP-0015","TP-0001,TP-0012,TP-0015",dns@hostinger.com,,,
aussiecar.loans,0,FLAME:TP-0017,TP-0017,dns@cloudflare.com,,,
automizely.info,0,"FLAME:TP-0001,TP-0012","TP-0001,TP-0012",dns@cloudflare.com,,,
aonwin.live,0,FLAME:TP-0036,TP-0036,dns@cloudflare.com,,,
aussieboat.loan,0,FLAME:TP-0017,TP-0017,dns@cloudflare.com,,,c6b055f512758bb2
aussiepersonal.loan,0,FLAME:TP-0017,TP-0017,dns@cloudflare.com,,,c6b055f512758bb2
automizeapi.com,0,FLAME:TP-0001,TP-0001,dns@cloudflare.com,,,d4b608ca0f977c4b
awme.com,0,FP-0008: pickelhost/eye-mail ULA SPF Phishing Platform (conf: 75),TP-0001,admin@giantpanda.com,,,
ayl.com,0,FP-0008: pickelhost/eye-mail ULA SPF Phishing Platform (conf: 75),TP-0001,admin@giantpanda.com,,,
ayqtellsu.com,0,"FLAME:TP-0042,TP-0048","TP-0042,TP-0048",,,,
ayudafacebook.com,0,"FLAME:TP-0001,TP-0012","TP-0001,TP-0012",dns@cloudflare.com,,,c6b055f512758bb2
av10.tempdukviet.site,0,FLAME:TP-0001,TP-0001,,,,
avtoserviskursk46.ru,0,FLAME:TP-0019,TP-0019,dns@cloudflare.com,,,
az888wiki.com,0,"FLAME:TP-0001,TP-0012","TP-0001,TP-0012",,,,
ayw.relieval.com,0,FP-0011: IP-KVM / Remote-Management Exposure (conf: 80),,,,,
az777.info,0,"FLAME:TP-0001,TP-0012","TP-0001,TP-0012",dns@cloudflare.com,,,
agorabmail.com,0,"FLAME:TP-0001,TP-0012","TP-0001,TP-0012",dns@timeweb.ru,,,
av636.com,0,FLAME:TP-0042,TP-0042,master@share-dns.com,,,
azmn.info,0,FLAME:TP-0043,TP-0043,,,,
autoloans.org,0,FLAME:TP-0041,TP-0041,,,,cc396666b9cecc60
azame.pw,0,"FLAME:TP-0042,TP-0048","TP-0042,TP-0048",dns@cloudflare.com,,,880a22a882222882
aziu.com,0,FP-0008: pickelhost/eye-mail ULA SPF Phishing Platform (conf: 75),TP-0001,admin@giantpanda.com,,,
axercasa.com,0,FLAME:TP-0079,TP-0079,hostmaster@axercasa.com,,,
azirmail.com,0,FLAME:TP-0043,TP-0043,cloud-dns-hostmaster@google.com,,,cc91196f0e4a5b5b
agrostogramail.com,0,FP-0011: IP-KVM / Remote-Management Exposure (conf: 15),,dns@timeweb.ru,,,
aidisar.org,0,FP-0008: pickelhost/eye-mail ULA SPF Phishing Platform (conf: 75),TP-0001,hostmaster@aidisar.org,,,
aztecagoldcasino.com,0,FLAME:TP-0043,TP-0043,dns@cloudflare.com,,,
azino777-nexus.com,0,"FLAME:TP-0001,TP-0043","TP-0001,TP-0043",dns@cloudflare.com,,,
argonmail.de,0,FLAME:TP-0002,TP-0002,hostmaster@inwx.de,,,
azzzzuhjc25412.dropmail.me,0,FLAME:TP-0079,TP-0079,,,,b0d2686d0f3732da
azzzzuhjc26044.dropmail.me,0,FLAME:TP-0079,TP-0079,,,,b0d2686d0f3732da
azooma.ru,0,FLAME:TP-0042,TP-0042,dnsadm@choopa.com,,,
azzzzuhjc28176.dropmail.me,0,FLAME:TP-0079,TP-0079,,,,b0d2686d0f3732da
azzzzuhjc26244.dropmail.me,0,FLAME:TP-0079,TP-0079,,,,b0d2686d0f3732da
azzzzuhjc45866.dropmail.me,0,FLAME:TP-0079,TP-0079,,,,b0d2686d0f3732da
azzzzuhjc4686.dropmail.me,0,FLAME:TP-0079,TP-0079,,,,b0d2686d0f3732da
asha777vip.com,0,"FLAME:TP-0042,TP-0054,TP-0049","TP-0042,TP-0054,TP-0049",dns@cloudflare.com,,,
akk.ro,0,FP-0008: pickelhost/eye-mail ULA SPF Phishing Platform (conf: 75),TP-0001,hostmaster@akk.ro,,,
azzzzuhjc47179.dropmail.me,0,FLAME:TP-0079,TP-0079,,,,b0d2686d0f3732da
alcoholicsanonymoushotline.com,0,"FLAME:TP-0015,TP-0019","TP-0015,TP-0019",dns@jomax.net,,,
azzzzuhjc61531.dropmail.me,0,FLAME:TP-0079,TP-0079,,,,b0d2686d0f3732da
b3651111.com,0,"FLAME:TP-0012, TP-0036","TP-0012, TP-0036",dns@cloudflare.com,,,c6b055f512758bb2
azsportsnetwork.net,0,FLAME:TP-0043,TP-0043,dns@cloudflare.com,,,
b053.org,0,FLAME:TP-0041,TP-0041,dns@cloudflare.com,,,
azzzzuhjc89688.dropmail.me,0,FLAME:TP-0079,TP-0079,,,,b0d2686d0f3732da
azzzzuhjc64496.dropmail.me,0,FLAME:TP-0079,TP-0079,,,,b0d2686d0f3732da
azzzzuhjc89860.dropmail.me,0,FLAME:TP-0079,TP-0079,,,,b0d2686d0f3732da
azzzzuhjc95033.dropmail.me,0,FLAME:TP-0079,TP-0079,,,,b0d2686d0f3732da
akusayangkamu.eu.org,0,FP-0011: IP-KVM / Remote-Management Exposure (conf: 15),,dns@cloudflare.com,,,
bankings.top,0,FLAME:TP-0001,TP-0001,,,,
bakolfb.live,0,FLAME:TP-0079,TP-0079,,,,
azzzzuhjc66133.dropmail.me,0,FLAME:TP-0079,TP-0079,,,,b0d2686d0f3732da
autosuggmail.com,0,"FLAME:TP-0012, TP-0013","TP-0012, TP-0013",dns@timeweb.ru,,,
bankofthecarolinas.com,0,FP-0008: pickelhost/eye-mail ULA SPF Phishing Platform (conf: 75),"TP-0001, TP-0012",admin@giantpanda.com,,,
alotevi.com,0,"FLAME:TP-0042,TP-0048","TP-0042,TP-0048",dns@cloudflare.com,,,
bajajafinserv.in,0,"FLAME:TP-0012, TP-0019","TP-0012, TP-0019",hostmaster@trellian.com,,,
bankloanhelper.com,0,FLAME:TP-0043,TP-0043,,,,
basic.poisedtoshrike.com,0,"FLAME:TP-0041, TP-0042","TP-0041, TP-0042",admin@giantpanda.com,,,
azulaomarine.com,0,"FLAME:TP-0001,TP-0012","TP-0001,TP-0012",dns@cloudflare.com,,,
bangcasinologin.com,0,FLAME:TP-0036,TP-0036,dns@cloudflare.com,,,
bariatricvip.com,0,FP-0011: IP-KVM / Remote-Management Exposure (conf: 60),,hostmaster@registrar-servers.com,,,
ambismail.com,0,FLAME:TP-0001,TP-0001,dns@timeweb.ru,,,
bbdd.info,0,FP-0009: IPIDEA Residential Proxy Network Infrastructure (conf: 80),,hostmaster@1und1.com,,,
bdas.com,0,FP-0008: pickelhost/eye-mail ULA SPF Phishing Platform (conf: 75),TP-0001,admin@giantpanda.com,,,
amentarianmail.com,0,FLAME:TP-0001,TP-0001,dns@timeweb.ru,,,
amnetcorp.com,0,FP-0008: pickelhost/eye-mail ULA SPF Phishing Platform (conf: 75),TP-0001,hostmaster@amnetcorp.com,,,
amsterdamhotelsmotels.info,0,FP-0008: pickelhost/eye-mail ULA SPF Phishing Platform (conf: 75),TP-0001,hostmaster@amsterdamhotelsmotels.info,,,
bcd.relieval.com,0,FP-0011: IP-KVM / Remote-Management Exposure (conf: 80),,,,,
beatoff.com,0,FP-0008: pickelhost/eye-mail ULA SPF Phishing Platform (conf: 75),TP-0001,admin@giantpanda.com,,,
animail.net,0,FP-0008: pickelhost/eye-mail ULA SPF Phishing Platform (conf: 75),TP-0001,hostmaster@animail.net,,,
bealsforcongress.com,0,FLAME:TP-0079,TP-0079,dns@cloudflare.com,,,
avtostiker.ru,0,FLAME:TP-0042,TP-0042,,,,
bedroomsod.com,0,"FLAME:TP-0042,TP-0048","TP-0042,TP-0048",,,,
bbitf.com,0,FP-0008: pickelhost/eye-mail ULA SPF Phishing Platform (conf: 75),TP-0001,admin@bbitf.com,,,
bbcbbc.com,0,FP-0008: pickelhost/eye-mail ULA SPF Phishing Platform (conf: 75),TP-0001,admin@bbcbbc.com,,,
bbxb.fashion,0,FP-0011: IP-KVM / Remote-Management Exposure (conf: 15),,hostmaster@hichina.com,,,
balanz.support,0,FLAME:TP-0012,TP-0012,dfig@balanz.com,,,c25a4d254bda35b6
beihoffer.com,0,FLAME:TP-0042,TP-0042,,,,
beautifybrides.com,0,FLAME:TP-0011,TP-0011,dns@cloudflare.com,,,
beautystoremax.com,0,FLAME:TP-0043,TP-0043,hostmaster@registrar-servers.com,,,
becanada-mail.com,0,FLAME:TP-0079,TP-0079,do-not-reply@becanada-mail.com,,,
balanz.fund,0,FLAME:TP-0012,TP-0012,dfig@balanz.com,,,c25a4d254bda35b6
balanz.rentals,0,FLAME:TP-0012,TP-0012,dfig@balanz.com,,,c25a4d254bda35b6
balanz.plus,0,FLAME:TP-0012,TP-0012,dfig@balanz.com,,,c25a4d254bda35b6
antiscmail.com,0,"FLAME:TP-0001,TP-0067","TP-0001,TP-0067",dns@timeweb.ru,,,
beiop.com,0,FP-0008: pickelhost/eye-mail ULA SPF Phishing Platform (conf: 75),TP-0001,hostmaster@beiop.com,,,
antimimail.com,0,"FLAME:TP-0001,TP-0067","TP-0001,TP-0067",dns@timeweb.ru,,,
antylichwa.pl,0,FP-0008: pickelhost/eye-mail ULA SPF Phishing Platform (conf: 75),TP-0001,hostmaster@antylichwa.pl,,,
benifitsaversusa.com,0,FP-0008: pickelhost/eye-mail ULA SPF Phishing Platform (conf: 75),TP-0015,admin@giantpanda.com,,,
bbyb.fashion,0,FP-0011: IP-KVM / Remote-Management Exposure (conf: 15),,hostmaster@hichina.com,,,
becksurbancanvas.com,0,FLAME:TP-0079,TP-0079,root@sh00175.hostgator.com,,,
8xbetlive.org,0,FLAME:TP-0036,TP-0036,,,,
berkahfb.com,0,FLAME:TP-0079,TP-0079,,,,
beemmail.com,0,"FLAME:TP-0001,TP-0067","TP-0001,TP-0067",hostmaster@beemmail.com,,,
belibeli.shop,0,"FLAME:TP-0001,TP-0067","TP-0001,TP-0067",dns@cloudflare.com,,,
bereg-dona.ru,0,FLAME:TP-0036,TP-0036,dns@cloudflare.com,,,
belgianairways.com,0,"FLAME:TP-0001,TP-0015","TP-0001,TP-0015",hostmaster@dnsowl.com,,,
apexmail.com,0,FP-0008: pickelhost/eye-mail ULA SPF Phishing Platform (conf: 75),TP-0001,hostmaster@apexmail.com,,,
apathyfmail.com,0,"FLAME:TP-0001,TP-0067","TP-0001,TP-0067",dns@timeweb.ru,,,
bbse198.com,0,FLAME:TP-0042,TP-0042,master@share-dns.com,,,
belfieldcorp.net,0,FP-0009: IPIDEA Residential Proxy Network Infrastructure (conf: 80),,admin@servercabin.com,,,
bengrant.us,0,"FLAME:TP-0001,TP-0067","TP-0001,TP-0067",cloud-dns-hostmaster@google.com,,,
bespokehomeshop.com,0,FLAME:TP-0036,TP-0036,dns@cloudflare.com,,,
ben.bet,0,"FLAME:TP-0017,TP-0036","TP-0017,TP-0036",dns@cloudflare.com,,,
bellsouth.bet,0,"FLAME:TP-0001,TP-0012","TP-0001,TP-0012",hostmaster@trellian.com,,,
bernhardshipps.com,0,"FLAME:TP-0019,TP-0015","TP-0019,TP-0015",dns@cloudflare.com,,,af180f0c1f655b71
benvipbet.com,0,"FLAME:TP-0017,TP-0036","TP-0017,TP-0036",dns@cloudflare.com,,,
bellsuth.net,0,FLAME:TP-0079,TP-0079,hostmaster@sedo.de,,,
bestandroidtoroot.com,0,FLAME:TP-0023,TP-0023,dns@cloudflare.com,,,e6949b58adc0b663
bestlovesms.com,0,FLAME:TP-0042,TP-0042,dns@namebright.com,,,
berjalansasuiquasd.codes,0,FP-0008: pickelhost/eye-mail ULA SPF Phishing Platform (conf: 100),TP-0001,hostmaster@nsone.net,,,
bestwatches.com,0,FP-0008: pickelhost/eye-mail ULA SPF Phishing Platform (conf: 75),TP-0001,admin@giantpanda.com,,,
bestlivesexsites.com,0,FLAME:TP-0042,TP-0042,,,,
bestlistbase.com,0,FP-0008: pickelhost/eye-mail ULA SPF Phishing Platform (conf: 80),TP-0001,dns@cloudflare.com,,,
anonmail.de,0,FP-0011: IP-KVM / Remote-Management Exposure (conf: 15),,postmaster@ipnames.net,,,
belanja.world,0,"FLAME:TP-0017,TP-0036","TP-0017,TP-0036",server@arandomserver.com,,,
bestwashae.xyz,0,FP-0009: IPIDEA Residential Proxy Network Infrastructure (conf: 80),,dns@cloudflare.com,,,
bestphilippinebrides.com,0,"FLAME:TP-0011,TP-0025","TP-0011,TP-0025",dns@cloudflare.com,,,c13d3ed69429439d
aquabrand.com,0,FP-0008: pickelhost/eye-mail ULA SPF Phishing Platform (conf: 75),TP-0001,hostmaster@aquabrand.com,,,
bachpanglobal.com,0,FP-0009: IPIDEA Residential Proxy Network Infrastructure (conf: 80),,root@bachpanglobal.cloudhostdns.net,,,
aquafria.org,0,FP-0008: pickelhost/eye-mail ULA SPF Phishing Platform (conf: 75),TP-0001,hostmaster@aquafria.org,,,
bethosedfadsfaidok.live,0,"FLAME:TP-0042,TP-0043","TP-0042,TP-0043",,,,
bet9jashop.info,0,"FLAME:TP-0036,TP-0063","TP-0036,TP-0063",dns@cloudflare.com,,,
best-family-puppies-group.com,0,FLAME:TP-0036,TP-0036,hostmaster@wordpress.com,,,
besplatnye-yuridicheskie-konsultacii.ru,0,FLAME:TP-0079,TP-0079,dns@cloudflare.com,,,
betbusapp.net,0,"FLAME:TP-0036,TP-0063","TP-0036,TP-0063",dns@cloudflare.com,,,
bet365mobile.org,0,FLAME:TP-0015,TP-0015,dns@cloudflare.com,,,
betopcrossoversonthemarketok.live,0,"FLAME:TP-0042,TP-0079","TP-0042,TP-0079",,,,
betaricasino3.com,0,FLAME:TP-0042,TP-0042,dns@cloudflare.com,,,f90006fffb94b848
betaricasino.com,0,FLAME:TP-0042,TP-0042,dns@cloudflare.com,,,f90006fffb94b848
betteryoutime.com,0,FLAME:TP-0042,TP-0042,,,,
armymil.com,0,FP-0008: pickelhost/eye-mail ULA SPF Phishing Platform (conf: 75),TP-0001,hostmaster@armymil.com,,,
bet19login.org,0,"FLAME:TP-0001,TP-0036","TP-0001,TP-0036",dns@cloudflare.com,,,
arschloch.com,0,FP-0008: pickelhost/eye-mail ULA SPF Phishing Platform (conf: 75),TP-0001,hostmaster@arschloch.com,,,
betiforex.com,0,"FLAME:TP-0001,TP-0026","TP-0001,TP-0026",dns@cloudflare.com,,,
artlover.com.au,0,FP-0008: pickelhost/eye-mail ULA SPF Phishing Platform (conf: 75),TP-0001,hostmaster@artlover.com.au,,,
betssonmexico.com,0,FLAME:TP-0001,TP-0001,dns@cloudflare.com,,,
bestxchange.com,0,FLAME:TP-0049,TP-0049,hostmaster@nsone.net,,,
betpapel.info,0,FLAME:TP-0001,TP-0001,dns@cloudflare.com,,,
bets74.net,0,"FLAME:TP-0001,TP-0012","TP-0001,TP-0012",dns@cloudflare.com,,,
beridelo.ru,0,FP-0009: IPIDEA Residential Proxy Network Infrastructure (conf: 80),,hostmaster@beget.com,,,931b6ce47330987b
betpkcasino.com,0,FLAME:TP-0001,TP-0001,dns@cloudflare.com,,,
betrupeesapk.org,0,"FLAME:TP-0001,TP-0079","TP-0001,TP-0079",dns@cloudflare.com,,,
betwebluck.com,0,FLAME:TP-0001,TP-0001,,,,
betpkrdownload.info,0,"FLAME:TP-0001,TP-0079","TP-0001,TP-0079",dns@cloudflare.com,,,
betvisacasino.net,0,FLAME:TP-0001,TP-0001,,,,
beli4d.com,0,"FLAME:TP-0017,TP-0036","TP-0017,TP-0036",server@arandomserver.com,,,
bestwish.biz,0,FP-0009: IPIDEA Residential Proxy Network Infrastructure (conf: 80),,postmaster@bestwish.biz,,,
betterbeemktg.com,0,"FLAME:TP-0001,TP-0043","TP-0001,TP-0043",dns@cloudflare.com,,,
bewleysnorthamerica.com,0,"FLAME:TP-0035,TP-0042","TP-0035,TP-0042",dns@cloudflare.com,,,c6b055f512758bb2
betzarcasino.com,0,FLAME:TP-0001,TP-0001,dns@cloudflare.com,,,
bestforexrobots.uno,0,"FLAME:TP-0026,TP-0060","TP-0026,TP-0060",dns@cloudflare.com,,,
betzarmxcasino.com,0,FLAME:TP-0001,TP-0001,dns@cloudflare.com,,,
bettingfunnyexchange.com,0,FLAME:TP-0001,TP-0001,dns@cloudflare.com,,,
bestconsultantwebsites.com,0,FLAME:TP-0079,TP-0079,dns@cloudflare.com,,,
bheps.com,0,FLAME:TP-0042,TP-0042,,,,
bharti-axagi.co.in,0,"FLAME:TP-0022,TP-0081","TP-0022,TP-0081",hostmaster@bharti-axagi.co.in,,,
betvipapk.net,0,"FLAME:TP-0001,TP-0079","TP-0001,TP-0079",dns@cloudflare.com,,,
bibliobot.net,0,"FLAME:TP-0041,TP-0042","TP-0041,TP-0042",dns@cloudflare.com,,,
beytsul.com,0,"FLAME:TP-0036,TP-0079","TP-0036,TP-0079",hostmaster@trellian.com,,,
betvn01.info,0,"FLAME:TP-0001,TP-0079","TP-0001,TP-0079",dns@cloudflare.com,,,
beverlyhillstelecom.com,0,FLAME:TP-0042,TP-0042,hostmaster@trellian.com,,,
assailmail.com,0,FLAME:TP-0012,TP-0012,dns@timeweb.ru,,,
bikinihiitchallenge.com,0,"FLAME:TP-0012,TP-0043","TP-0012,TP-0043",,,,
bielaozai.cc,0,FP-0008: pickelhost/eye-mail ULA SPF Phishing Platform (conf: 90),TP-0001,hostmaster@bielaozai.cc,,,
bg66bet.com,0,"FLAME:TP-0036,TP-0079","TP-0036,TP-0079",dns@cloudflare.com,,,
bigvalleybingo.com,0,"FLAME:TP-0042,TP-0043","TP-0042,TP-0043",dns@cloudflare.com,,,
binaryoptionsforustraders.info,0,FLAME:TP-0026,TP-0026,,,,
bicammail.com,0,"FLAME:TP-0001,TP-0067,TP-0079","TP-0001,TP-0067,TP-0079",support@spaceship.com,,,
bidcoin.money,0,FLAME:TP-0032,TP-0032,dns@jomax.net,,,
binaryoptionstrader.site,0,FLAME:TP-0026,TP-0026,,,,
binaryoptionstrade.club,0,FLAME:TP-0026,TP-0026,,,,
badhus.org,0,FP-0011: IP-KVM / Remote-Management Exposure (conf: 60),,dns@cloudflare.com,,,
bfseats.com,0,FP-0009: IPIDEA Residential Proxy Network Infrastructure (conf: 80),,admin@dnsnw.com,,,
binace.com,0,FP-0007: Typosquat Evasion Infrastructure (conf: 60),TP-0012,dns@cloudflare.com,,,
bill.vote,0,FP-0011: IP-KVM / Remote-Management Exposure (conf: 60),,admin@dns.com,,,
biotechcorpmail.com,0,FLAME:TP-0002,TP-0002,dns@cloudflare.com,,,
bitly.space,0,FLAME:TP-0079,TP-0079,,,,
atarax-hydroxyzine.com,0,FLAME:TP-0043,TP-0043,master@share-dns.com,,,
bigwavedigital.com,0,FP-0009: IPIDEA Residential Proxy Network Infrastructure (conf: 80),,dns@hostinger.com,,,
assyrimail.com,0,FLAME:TP-0012,TP-0012,dns@timeweb.ru,,,
bitcoinfabric.com,0,"FLAME:TP-0041,TP-0042","TP-0041,TP-0042",dns@cloudflare.com,,,
bilgisevenler.com,0,FP-0009: IPIDEA Residential Proxy Network Infrastructure (conf: 80),,hostmaster@alastyr.com,,,
binaryoptionstrade.xyz,0,FP-0009: IPIDEA Residential Proxy Network Infrastructure (conf: 80),,dns@hostinger.com,,,
bizsearch.info,0,FLAME:TP-0042,TP-0042,,,,
bigddns.org,0,"FLAME:TP-0042,TP-0041","TP-0042,TP-0041",admin@bigddns.org,,,
bcast.ws,0,FP-0008: pickelhost/eye-mail ULA SPF Phishing Platform (conf: 75),TP-0001,,,,
bizoncovers.com,0,"FLAME:TP-0042,TP-0043","TP-0042,TP-0043",dns@cloudflare.com,,,c6b055f512758bb2
bjstore.foo,0,"FLAME:TP-0041,TP-0042","TP-0041,TP-0042",dns@cloudflare.com,,,
bitly.lol,0,FLAME:TP-0079,TP-0079,hostmaster@bitly.lol,,,
binaryoption.store,0,FLAME:TP-0026,TP-0026,dns@cloudflare.com,,,
bk8vietnam.net,0,FLAME:TP-0060,TP-0060,,,,
bk8xamvn.com,0,FLAME:TP-0060,TP-0060,,,,
blackfishdiscos.com,0,FLAME:TP-0060,TP-0060,dns@cloudflare.com,,,
bk8casino.info,0,FLAME:TP-0060,TP-0060,dns@cloudflare.com,,,
binaryoptionstrades.info,0,FLAME:TP-0026,TP-0026,registry@oderland.se,,,
blackmarket.su,0,"FLAME:TP-0041,TP-0042","TP-0041,TP-0042",dns@cloudflare.com,,,c6b055f512758bb2
bk8sglogin.com,0,FLAME:TP-0036,TP-0036,dns@cloudflare.com,,,
biznes-plan-s-nulya.ru,0,"FLAME:TP-0017,TP-0026,TP-0043","TP-0017,TP-0026,TP-0043",dns@cloudflare.com,,,
bk8casinologin.net,0,FLAME:TP-0036,TP-0036,dns@cloudflare.com,,,
blank.com,0,FP-0007: Typosquat Evasion Infrastructure (conf: 80),TP-0012,dns@jomax.net,,,
autoagglutinmail.com,0,"FLAME:TP-0001,TP-0012","TP-0001,TP-0012",dns@timeweb.ru,,,
anappthat.com,0,FP-0009: IPIDEA Residential Proxy Network Infrastructure (conf: 80),,hostmaster@registrar-servers.com,,,
autobiogramail.com,0,"FLAME:TP-0001,TP-0012","TP-0001,TP-0012",dns@timeweb.ru,,,
blairhair.com,0,"FLAME:TP-0041,TP-0042","TP-0041,TP-0042",dns@cloudflare.com,,,c6b055f512758bb2
automotiveauthority.com,0,FP-0008: pickelhost/eye-mail ULA SPF Phishing Platform (conf: 75),TP-0001,hostmaster@automotiveauthority.com,,,
binaryoptiontrader.info,0,FLAME:TP-0026,TP-0026,hostmaster@binaryoptiontrader.info,,,
blankhotel.com,0,"FLAME:TP-0041,TP-0042","TP-0041,TP-0042",dns@cloudflare.com,,,c6b055f512758bb2
blogerspace.com,0,"FLAME:TP-0042,TP-0048","TP-0042,TP-0048",dns@cloudflare.com,,,
best-hosting.biz,0,FP-0011: IP-KVM / Remote-Management Exposure (conf: 80),,hostmaster@hwrn.net,,,
blockbet.gg,0,"FLAME:TP-0036,TP-0043","TP-0036,TP-0043",dns@cloudflare.com,,,fd5082af81461f5d
ample.run,0,FP-0009: IPIDEA Residential Proxy Network Infrastructure (conf: 80),,hostmaster@registrar-servers.com,,,
blondecams.xyz,0,"FLAME:TP-0036,TP-0043","TP-0036,TP-0043",dns@jomax.net,,,
awdrt.com,0,FP-0008: pickelhost/eye-mail ULA SPF Phishing Platform (conf: 75),TP-0001,hostmaster@awdrt.com,,,
bloxifymail.online,0,FLAME:TP-0043,TP-0043,dns@jomax.net,,,
blenched.com,0,"FLAME:TP-0001,TP-0012","TP-0001,TP-0012",dns@cloudflare.com,,,
bloggersxmi.com,0,"FLAME:TP-0042,TP-0048","TP-0042,TP-0048",,,,
axkleinfa.com,0,"FLAME:TP-0042,TP-0061","TP-0042,TP-0061",dns@cloudflare.com,,,
blogbuildingu.com,0,"FLAME:TP-0036,TP-0043","TP-0036,TP-0043",dns@cloudflare.com,,,
bloghoahoc.com,0,FP-0008: pickelhost/eye-mail ULA SPF Phishing Platform (conf: 90),TP-0043,hostmaster@bloghoahoc.com,,,
blackhole.djurby.se,0,"FLAME:TP-0041,TP-0042","TP-0041,TP-0042",dnsadmin@loopiagroup.com,,,
blueyondet.co.uk,0,FP-0008: pickelhost/eye-mail ULA SPF Phishing Platform (conf: 75),TP-0001,admin@giantpanda.com,,,
blueseahotelmanagement.com,0,"FLAME:TP-0041,TP-0042","TP-0041,TP-0042",dns@cloudflare.com,,,
blueaircond.xyz,0,FP-0009: IPIDEA Residential Proxy Network Infrastructure (conf: 80),,dns@cloudflare.com,,,
blogos.net,0,"FLAME:TP-0036,TP-0043","TP-0036,TP-0043",dns@cloudflare.com,,,
blazemail.com,0,FP-0008: pickelhost/eye-mail ULA SPF Phishing Platform (conf: 75),TP-0001,admin@blazemail.com,,,
blueseashotels.com,0,"FLAME:TP-0041,TP-0042,TP-0043","TP-0041,TP-0042,TP-0043",dns@cloudflare.com,,,c6b055f512758bb2
bkkk.ru,0,FLAME:TP-0012,TP-0012,dns@cloudflare.com,,,
bluewaters2.com,0,FP-0009: IPIDEA Residential Proxy Network Infrastructure (conf: 80),,dns@cloudflare.com,,,
bluewaters1.com,0,FP-0009: IPIDEA Residential Proxy Network Infrastructure (conf: 80),,dns@cloudflare.com,,,
boeman.nl,0,FP-0011: IP-KVM / Remote-Management Exposure (conf: 60),,hm@mediavillage.nl,,,
boin888.com,0,FLAME:TP-0036,TP-0036,,,,
blue-mail.org,0,FP-0011: IP-KVM / Remote-Management Exposure (conf: 20),"TP-0001,TP-0012",dns@cloudflare.com,,,
bigwin333.org,0,FLAME:TP-0001,TP-0001,support@spaceship.com,,,
boater-x.com,0,"FLAME:TP-0041,TP-0042","TP-0041,TP-0042",dns@cloudflare.com,,,
bolatiga.com,0,FLAME:TP-0036,TP-0036,not-monitored-email@interserver.net,,,
bmw777casino.com,0,"FLAME:TP-0001,TP-0012","TP-0001,TP-0012",dns@cloudflare.com,,,
bmw4life.com,0,FP-0008: pickelhost/eye-mail ULA SPF Phishing Platform (conf: 75),TP-0001,admin@bmw4life.com,,,
bnoko.com,0,FP-0011: IP-KVM / Remote-Management Exposure (conf: 15),,hostmaster@hichina.com,,,
bkbcom.com,0,FP-0010: Doppelganger / KadNap Residential Proxy Infrastructure (conf: 80),,dns@cloudflare.com,,,
bnk0bzm.crankymonkey.info,0,"FLAME:TP-0041,TP-0042","TP-0041,TP-0042",,,,
bonackers.com,0,FP-0011: IP-KVM / Remote-Management Exposure (conf: 60),,admin@dns.com,,,
bola389.com,0,FLAME:TP-0036,TP-0036,dns@cloudflare.com,,,
betting777.net,0,FLAME:TP-0001,TP-0001,hostmaster@betting777.net,,,91137e2e7c817da4
bombingfish.online,0,FP-0011: IP-KVM / Remote-Management Exposure (conf: 60),,admin@dns.com,,,
bolisad.com,0,FP-0011: IP-KVM / Remote-Management Exposure (conf: 15),,dns@cloudflare.com,,,
bookz.space,0,"FLAME:TP-0001,TP-0043","TP-0001,TP-0043",,,,
bookz.site,0,FLAME:TP-0001,TP-0001,,,,
bola389.net,0,FLAME:TP-0036,TP-0036,dns@cloudflare.com,,,
bolaaman.com,0,FLAME:TP-0036,TP-0036,dns@cloudflare.com,,,
bolaparis.org,0,FLAME:TP-0036,TP-0036,dns@cloudflare.com,,,
borrowernews.com,0,FLAME:TP-0036,TP-0036,dns@cloudflare.com,,,
bonobo.email,0,FP-0011: IP-KVM / Remote-Management Exposure (conf: 60),,admin@dns.com,,,
boocasinologin.info,0,FLAME:TP-0013,TP-0013,dns@cloudflare.com,,,
blueskyangel.de,0,FP-0008: pickelhost/eye-mail ULA SPF Phishing Platform (conf: 75),TP-0001,hostmaster@opusdns.com,,,
bootssl.com,0,FP-0009: IPIDEA Residential Proxy Network Infrastructure (conf: 80),,dns@cloudflare.com,,,
bomwinbet.com,0,FLAME:TP-0036,TP-0036,hostmaster@trellian.com,,,
boxmail.store,0,"FLAME:TP-0001,TP-0067","TP-0001,TP-0067",,,,
boxofficevideo.com,0,FP-0008: pickelhost/eye-mail ULA SPF Phishing Platform (conf: 75),TP-0001,admin@giantpanda.com,,,
blm7.net,0,FLAME:TP-0060,TP-0060,master@share-dns.com,,,81417e7a3f1cc9e1
boxformail.in,0,FP-0011: IP-KVM / Remote-Management Exposure (conf: 40),,hostmaster@boxformail.in,,,
boobies.pro,0,FP-0011: IP-KVM / Remote-Management Exposure (conf: 60),,admin@dns.com,,,
bowrescom.org,0,"FLAME:TP-0001,TP-0012","TP-0001,TP-0012",dns@cloudflare.com,,,
bqsaptri.ovh,0,"FLAME:TP-0042,TP-0079","TP-0042,TP-0079",,,,
bootsship.com,0,FLAME:TP-0079,TP-0079,hostmaster@bootsship.com,,,
beverlytx.com,0,"FLAME:TP-0042,TP-0048","TP-0042,TP-0048",hostmaster@lander.d.parity.domains,,,
betriebsdirektor.de,0,FLAME:TP-0042,TP-0042,dnsadmin@ionos.com,,,
bagelmaniamiami.com,0,FP-0008: pickelhost/eye-mail ULA SPF Phishing Platform (conf: 75),TP-0001,hostmaster@bagelmaniamiami.com,,,
bpchildren.org,0,FLAME:TP-0001,TP-0001,dns@cloudflare.com,,,
bagels.net,0,FP-0008: pickelhost/eye-mail ULA SPF Phishing Platform (conf: 75),TP-0001,hostmaster@bagels.net,,,
brazino777casino.info,0,FLAME:TP-0036,TP-0036,,,,
brazino777login.net,0,FLAME:TP-0036,TP-0036,,,,
biglotssurvey.cc,0,"FLAME:TP-0001,TP-0012","TP-0001,TP-0012",dns@cloudflare.com,,,
bragatel.pt,0,FP-0008: pickelhost/eye-mail ULA SPF Phishing Platform (conf: 80),TP-0001,dns@cloudflare.com,,,
brevionix.cfd,0,"FLAME:TP-0079,TP-0043","TP-0079,TP-0043",,,,
ankaramezat.com.tr,0,"FLAME:TP-0001,TP-0043","TP-0001,TP-0043",,,,
brevitron.cfd,0,"FLAME:TP-0079,TP-0043","TP-0079,TP-0043",,,,
brazino777app.org,0,"FLAME:TP-0036,TP-0054,TP-0065","TP-0036,TP-0054,TP-0065",,,,
brazino777cancion.com,0,FLAME:TP-0036,TP-0036,dns@cloudflare.com,,,
brazinno777.net,0,FLAME:TP-0036,TP-0036,dns@cloudflare.com,,,
boringity.com,0,FLAME:TP-0042,TP-0042,master@share-dns.com,,,
brbqx.com,0,FP-0008: pickelhost/eye-mail ULA SPF Phishing Platform (conf: 75),TP-0001,hostmaster@brbqx.com,,,
berryslimming.com,0,"FLAME:TP-0036,TP-0063","TP-0036,TP-0063",postmaster@inet.vn,,,
breezehvacmaintenance.xyz,0,FP-0009: IPIDEA Residential Proxy Network Infrastructure (conf: 80),,dns@cloudflare.com,,,
brideselect.com,0,"FLAME:TP-0011,TP-0025","TP-0011,TP-0025",dns@cloudflare.com,,,
bigpnd.com,0,FP-0008: pickelhost/eye-mail ULA SPF Phishing Platform (conf: 75),TP-0001,admin@bigpnd.com,,,
breezeamcfix.xyz,0,FP-0009: IPIDEA Residential Proxy Network Infrastructure (conf: 80),,dns@cloudflare.com,,,
brockport.com,0,FP-0008: pickelhost/eye-mail ULA SPF Phishing Platform (conf: 75),TP-0001,admin@giantpanda.com,,,
bridesmailorder.com,0,"FLAME:TP-0011,TP-0025","TP-0011,TP-0025",dns@cloudflare.com,,,
biz.relieval.com,0,FP-0011: IP-KVM / Remote-Management Exposure (conf: 80),,,,,
bpham.info,0,"FLAME:TP-0042,TP-0079","TP-0042,TP-0079",,,,
boyscoutsla.org,0,"FLAME:TP-0001,TP-0019","TP-0001,TP-0019",dns@cloudflare.com,,,
brightaircontech.xyz,0,FP-0009: IPIDEA Residential Proxy Network Infrastructure (conf: 80),,dns@cloudflare.com,,,
brightaircool.xyz,0,FP-0009: IPIDEA Residential Proxy Network Infrastructure (conf: 80),,dns@cloudflare.com,,,
brilliantconceptsinmotion.com,0,"FLAME:TP-0015,TP-0019","TP-0015,TP-0019",dns@cloudflare.com,,,c6b055f512758bb2
broadcastsandiego.com,0,FLAME:TP-0035,TP-0035,dns@cloudflare.com,,,c6b055f512758bb2
br88.fun,0,"FLAME:TP-0042,TP-0079","TP-0042,TP-0079",dns@cloudflare.com,,,
bhbh.online,0,"FLAME:TP-0036,TP-0058,TP-0079","TP-0036,TP-0058,TP-0079",hostmaster@bhbh.online,,,
bol188.com,0,FLAME:TP-0036,TP-0036,dns@cloudflare.com,,,c25807a35c3d6cf6
brownfallmail.com,0,FLAME:TP-0047,TP-0047,dns@cloudflare.com,,,
bronxdentistny.com,0,FLAME:TP-0042,TP-0042,dns@cloudflare.com,,,c6b055f512758bb2
bronnycopter.com,0,FLAME:TP-0001,TP-0001,dns@cloudflare.com,,,ec39c6c49b86996c
brrval.com,0,FLAME:TP-0012,TP-0012,hostmaster@brrval.com,,,
brownetrading.org,0,FLAME:TP-0001,TP-0001,dns@cloudflare.com,,,c6b055f512758bb2
bubblebathnyc.com,0,FLAME:TP-0042,TP-0042,dns@jomax.net,,,
alexandbetsy.com,0,FLAME:TP-0001,TP-0001,,,,
bcb.ro,0,FP-0008: pickelhost/eye-mail ULA SPF Phishing Platform (conf: 75),TP-0001,hostmaster@bcb.ro,,,
boredlion.com,0,FLAME:TP-0036,TP-0036,dns@cloudflare.com,,,
btcmanaged.com,0,"FLAME:TP-0042,TP-0049","TP-0042,TP-0049",dns@cloudflare.com,,,c6b055f512758bb2
broadnetalliance.org,0,FLAME:TP-0001,TP-0001,dnsadm@choopa.com,,,
brclip.com,0,FLAME:TP-0042,TP-0042,admin@brclip.com,,,
builderspro.com,0,FP-0008: pickelhost/eye-mail ULA SPF Phishing Platform (conf: 75),TP-0001,admin@giantpanda.com,,,
budgetcoolcare.xyz,0,FP-0009: IPIDEA Residential Proxy Network Infrastructure (conf: 80),,dns@cloudflare.com,,,
budgetfreon.xyz,0,FP-0009: IPIDEA Residential Proxy Network Infrastructure (conf: 80),,dns@cloudflare.com,,,
bughats.online,0,FLAME:TP-0067,TP-0067,dns@cloudflare.com,,,
bdsm-community.ch,0,FP-0008: pickelhost/eye-mail ULA SPF Phishing Platform (conf: 75),TP-0001,hostmaster@bdsm-community.ch,,,
buildingmaintdubai.xyz,0,FP-0009: IPIDEA Residential Proxy Network Infrastructure (conf: 80),,dns@cloudflare.com,,,
buildingsmaint.xyz,0,FP-0009: IPIDEA Residential Proxy Network Infrastructure (conf: 80),,dns@cloudflare.com,,,
bucoscertificate.com,0,FLAME:TP-0018,TP-0018,dns@hostinger.com,,,
buissness.com,0,FP-0009: IPIDEA Residential Proxy Network Infrastructure (conf: 80),,hostmaster@buissness.com,,,
buildingstechdubai.xyz,0,FP-0009: IPIDEA Residential Proxy Network Infrastructure (conf: 80),,dns@cloudflare.com,,,
btinterner.com,0,FP-0008: pickelhost/eye-mail ULA SPF Phishing Platform (conf: 75),TP-0001,admin@btinterner.com,,,
btsi.dropmail.me,0,"FLAME:TP-0002,TP-0015","TP-0002,TP-0015",,,,b0d2686d0f3732da
bursaservis.site,0,FLAME:TP-0079,TP-0079,,,,
buybm.one,0,"FLAME:TP-0002,TP-0015","TP-0002,TP-0015",,,,
buyamac.com,0,FP-0008: pickelhost/eye-mail ULA SPF Phishing Platform (conf: 75),TP-0001,admin@giantpanda.com,,,
busniss.com,0,FP-0008: pickelhost/eye-mail ULA SPF Phishing Platform (conf: 75),TP-0001,admin@giantpanda.com,,,
buenosaires-argentina.com,0,FLAME:TP-0017,TP-0017,dns@cloudflare.com,,,
brizzolari.com,0,FLAME:TP-0001,TP-0001,,,,
businessmailsystem.com,0,FP-0009: IPIDEA Residential Proxy Network Infrastructure (conf: 80),,admin@liquidweb.com,,,
buyu304.com,0,FLAME:TP-0079,TP-0079,dns@cloudflare.com,,,c1817e7a371cc9e1
buyu306.com,0,FLAME:TP-0079,TP-0079,dns@cloudflare.com,,,c1817e7a371cc9e1
brainstorm.bg,0,FP-0009: IPIDEA Residential Proxy Network Infrastructure (conf: 80),,monitoring@superhosting.bg,,,d13d16534bc4dc95
bru-himki.ru,0,FP-0009: IPIDEA Residential Proxy Network Infrastructure (conf: 80),,hostmaster@beget.com,,,
buyu307.com,0,FLAME:TP-0079,TP-0079,dns@cloudflare.com,,,c1817e7a371cc9e1
alajaybi.online,0,"FLAME:TP-0001,TP-0012","TP-0001,TP-0012",,,,
bukmekerskajakontora.ru,0,FP-0009: IPIDEA Residential Proxy Network Infrastructure (conf: 80),,hostmaster@bukmekerskajakontora.ru,,,
buyu085.com,0,FLAME:TP-0041,TP-0041,dns@cloudflare.com,,,c1817e7a371cc9e1
bru-lobnya.ru,0,FP-0009: IPIDEA Residential Proxy Network Infrastructure (conf: 80),,hostmaster@beget.com,,,
buyu319.com,0,FLAME:TP-0079,TP-0079,dns@cloudflare.com,,,c1817e7a371cc9e1
bunnyphcasino.com,0,"FLAME:TP-0042,TP-0054","TP-0042,TP-0054",dns@cloudflare.com,,,
budweiser.com,0,FP-0011: IP-KVM / Remote-Management Exposure (conf: 40),,hostmaster@cscdns.net,,,
buyu308.com,0,FLAME:TP-0079,TP-0079,dns@cloudflare.com,,,c1817e7a371cc9e1
buyu398.com,0,FLAME:TP-0041,TP-0041,dns@cloudflare.com,,,c1817e7a371cc9e1
berkhout.net,0,FP-0009: IPIDEA Residential Proxy Network Infrastructure (conf: 80),,namehost@WORLDNIC.COM,,,
buyu416.com,0,"FLAME:TP-0041,TP-0042","TP-0041,TP-0042",dns@cloudflare.com,,,c1817e7a371cc9e1
biletalsat.xyz,0,FLAME:TP-0079,TP-0079,,,,9fe4a8ea70cd30c5
buyu415.com,0,FLAME:TP-0041,TP-0041,dns@cloudflare.com,,,c1817e7a371cc9e1
buyu347.com,0,FLAME:TP-0079,TP-0079,dns@cloudflare.com,,,c1817e7a371cc9e1
berkensmail.com,0,"FLAME:TP-0067, TP-0079","TP-0067, TP-0079",dns@timeweb.ru,,,
buykyc.com,0,FLAME:TP-0018,TP-0018,hostmaster@stackdns.com,,,
buyu378.com,0,FLAME:TP-0041,TP-0041,dns@cloudflare.com,,,c1817e7a371cc9e1
buyu541.com,0,FLAME:TP-0047,TP-0047,dns@cloudflare.com,,,
buyu538.com,0,FLAME:TP-0036,TP-0036,dns@cloudflare.com,,,
buyu532.com,0,FLAME:TP-0036,TP-0036,dns@cloudflare.com,,,
best-seo.net,0,FLAME:TP-0036,TP-0036,dns@jomax.net,,,
bxbs.com,0,FP-0007: Typosquat Evasion Infrastructure (conf: 60),TP-0012,hostmaster@bxbs.com,,,
bvhrs.com,0,FP-0009: IPIDEA Residential Proxy Network Infrastructure (conf: 80),,dns@interserver.net,,,
byteshark.com,0,FP-0008: pickelhost/eye-mail ULA SPF Phishing Platform (conf: 75),TP-0001,admin@giantpanda.com,,,
bishydroxymail.com,0,FLAME:TP-0067,TP-0067,,,,
bestmailgen.com,0,FP-0008: pickelhost/eye-mail ULA SPF Phishing Platform (conf: 75),TP-0001,hostmaster@bestmailgen.com,,,
buyu533.com,0,FLAME:TP-0047,TP-0047,dns@cloudflare.com,,,81417e7a3f1cc9e1
buyu924.com,0,FLAME:TP-0047,TP-0047,dns@cloudflare.com,,,81417e7a3f1cc9e1
c54777.info,0,"FLAME:TP-0036,TP-0054","TP-0036,TP-0054",dns@cloudflare.com,,,
buyu954.com,0,FLAME:TP-0047,TP-0047,dns@cloudflare.com,,,81417e7a3f1cc9e1
bleib-bei-mir.de,0,"FLAME:TP-0001,TP-0012","TP-0001,TP-0012",dnsadmin@ionos.com,,,
c7fk799.com,0,FLAME:TP-0001,TP-0001,dns@cloudflare.com,,,
buyu951.com,0,FLAME:TP-0047,TP-0047,dns@cloudflare.com,,,81417e7a3f1cc9e1
cabioinline.com,0,"FLAME:TP-0001,TP-0002","TP-0001,TP-0002",dns@namebright.com,,,
byd77wb.crankymonkey.info,0,FLAME:TP-0042,TP-0042,,,,
cablegateast.com,0,"FLAME:TP-0001,TP-0012,TP-0015","TP-0001,TP-0012,TP-0015",hostmaster@cablegateast.com,,,
cachvao188bet.com,0,"FLAME:TP-0011,TP-0017","TP-0011,TP-0017",,,,
best-money.ru,0,"FLAME:TP-0042,TP-0048","TP-0042,TP-0048",hostmaster@ns1.reg.ru,,,
cacingnaga.net,0,"FLAME:TP-0011,TP-0017","TP-0011,TP-0017",dns@cloudflare.com,,,
calandra.com,0,FP-0008: pickelhost/eye-mail ULA SPF Phishing Platform (conf: 75),TP-0001,admin@giantpanda.com,,,
byu777casino.com,0,"FLAME:TP-0001,TP-0036","TP-0001,TP-0036",dns@cloudflare.com,,,
c77bet.info,0,"FLAME:TP-0036,TP-0054","TP-0036,TP-0054",dns@cloudflare.com,,,
c333betcasino.com,0,"FLAME:TP-0036,TP-0054","TP-0036,TP-0054",dns@cloudflare.com,,,
camscan.com,0,FP-0008: pickelhost/eye-mail ULA SPF Phishing Platform (conf: 75),TP-0001,admin@giantpanda.com,,,
caca69.com,0,"FLAME:TP-0011,TP-0017","TP-0011,TP-0017",hostmaster@caca69.com,,,86ac296a7ed4d187
bz-mytyshi.ru,0,FP-0009: IPIDEA Residential Proxy Network Infrastructure (conf: 80),,hostmaster@beget.com,,,
cacao.organic,0,FP-0008: pickelhost/eye-mail ULA SPF Phishing Platform (conf: 90),TP-0001,hostmaster@cacao.organic,,,
business-degree.live,0,FLAME:TP-0013,TP-0013,hostmaster@registrar-servers.com,,,
buziaczek.pl,0,FLAME:TP-0001,TP-0001,support@ringpublishing.com,,,855207fa5aaf7a05
boxfi.uk,0,FLAME:TP-0001,TP-0001,dns@cloudflare.com,,,
calderstone.net,0,FP-0009: IPIDEA Residential Proxy Network Infrastructure (conf: 80),,admin@servercabin.com,,,
betmoon.net,0,FLAME:TP-0042,TP-0042,alert@mfro.net,,,
canadamail.com,0,FLAME:TP-0019,TP-0019,noc@internic.ca,,,9e6561929c4dcb36
canadianpharmaceuticalsonlineus.com,0,FLAME:TP-0042,TP-0042,dns@jomax.net,,,
canadianmsnpharmacy.com,0,FLAME:TP-0001,TP-0001,dns@cloudflare.com,,,
canadianpharmacies-24h.com,0,FLAME:TP-0042,TP-0042,dns@jomax.net,,,
beumont.org,0,FP-0008: pickelhost/eye-mail ULA SPF Phishing Platform (conf: 75),TP-0001,hostmaster@beumont.org,,,
canadianpharmacyfirst.com,0,FLAME:TP-0001,TP-0001,cpanel@tech.namecheap.com,,,
californiabrides.net,0,FLAME:TP-0001,TP-0001,hostmaster@topdns.com,,,
bgx.ro,0,FP-0008: pickelhost/eye-mail ULA SPF Phishing Platform (conf: 75),TP-0001,hostmaster@bgx.ro,,,
canadianpharmacylist.com,0,FLAME:TP-0001,TP-0001,dns@cloudflare.com,,,bec287b4a539e20e
buyu336.com,0,FLAME:TP-0041,TP-0041,master@jmdns.com,,,d13d16534bc4dc95
canadianrxpillusa.com,0,FLAME:TP-0042,TP-0042,cpanel@tech.namecheap.com,,,
caraff.com,0,FP-0009: IPIDEA Residential Proxy Network Infrastructure (conf: 80),,dns@cloudflare.com,,,
bycesoir.com,0,"FLAME:TP-0001,TP-0012","TP-0001,TP-0012",hostmaster@beget.com,,,
cannabis918.shop,0,FP-0008: pickelhost/eye-mail ULA SPF Phishing Platform (conf: 100),TP-0001,hostmaster@nsone.net,,,
canadianpharmacyntv.com,0,FLAME:TP-0042,TP-0042,hostmaster@dyndns.gg,,,
caramelopurohabano.com,0,FLAME:TP-0042,TP-0042,dns@cloudflare.com,,,
cado68.com,0,"FLAME:TP-0011,TP-0017","TP-0011,TP-0017",dns@cloudflare.com,,,85e43e1bb3e44635
care.careline.click,0,FLAME:TP-0079,TP-0079,,,,
canadianphx.online,0,FLAME:TP-0063,TP-0063,dns@openprovider.eu,,,
careline.click,0,FLAME:TP-0079,TP-0079,,,,
brianclub.me,0,"FLAME:TP-0001,TP-0067","TP-0001,TP-0067",dns@cloudflare.com,,,
callmemaximillian.kylos.pl,0,FLAME:TP-0012,TP-0012,komunikaty@kylos.pl,,,
cannabis7oil.com,0,FLAME:TP-0036,TP-0036,hostmaster@dyndns.gg,,,
carmanainsworth.com,0,FP-0008: pickelhost/eye-mail ULA SPF Phishing Platform (conf: 75),TP-0001,admin@giantpanda.com,,,
careporto.xyz,0,FP-0009: IPIDEA Residential Proxy Network Infrastructure (conf: 80),,dns@cloudflare.com,,,
canfga.org,0,FLAME:TP-0067,TP-0067,hostmaster@dnsowl.com,,,
brightdefense.net,0,FP-0009: IPIDEA Residential Proxy Network Infrastructure (conf: 80),,hostmaster@registrar-servers.com,,,
caresportshub.xyz,0,FP-0009: IPIDEA Residential Proxy Network Infrastructure (conf: 80),,dns@cloudflare.com,,,
cardtimegames.com,0,"FLAME:TP-0024, TP-0037","TP-0024, TP-0037",dns@cloudflare.com,,,
capcutmeflo.shop,0,FLAME:TP-0067,TP-0067,dns@hostinger.com,,,
care.opentravellersrest.click,0,FLAME:TP-0079,TP-0079,,,,
cargobalikpapan.com,0,"FLAME:TP-0042,TP-0048","TP-0042,TP-0048",dns@cloudflare.com,,,
carterasdesilicona.com,0,FLAME:TP-0043,TP-0043,dns@cloudflare.com,,,
casinofun.com,0,FP-0008: pickelhost/eye-mail ULA SPF Phishing Platform (conf: 75),TP-0001,admin@giantpanda.com,,,
cartmails.com,0,FP-0008: pickelhost/eye-mail ULA SPF Phishing Platform (conf: 75),TP-0001,hostmaster@cartmails.com,,,
bjvl.com,0,FP-0008: pickelhost/eye-mail ULA SPF Phishing Platform (conf: 75),TP-0001,hostmaster@bjvl.com,,,
cartieruk.com,0,"FLAME:TP-0001,TP-0015,TP-0019","TP-0001,TP-0015,TP-0019",dns@cloudflare.com,,,
casinotds.xyz,0,FLAME:TP-0042,TP-0042,dns@cloudflare.com,,,
cax.net,0,FP-0008: pickelhost/eye-mail ULA SPF Phishing Platform (conf: 75),TP-0001,admin@giantpanda.com,,,
cartonesdebingo.org,0,FLAME:TP-0036,TP-0036,dns@cloudflare.com,,,
casa.systems,0,FP-0011: IP-KVM / Remote-Management Exposure (conf: 60),,admin@dns.com,,,
catcasino.com,0,FP-0009: IPIDEA Residential Proxy Network Infrastructure (conf: 80),,dns@cloudflare.com,,,995aa69e65a67921
carrotity.com,0,FLAME:TP-0079,TP-0079,hostmaster@carrotity.com,,,
capcut.site,0,FLAME:TP-0079,TP-0079,dns@cloudflare.com,,,
caspiosea.com,0,FP-0008: pickelhost/eye-mail ULA SPF Phishing Platform (conf: 100),TP-0001,hostmaster@nsone.net,,,
cc.billieholidayly.click,0,FLAME:TP-0079,TP-0079,,,,
caseincancer.com,0,FP-0008: pickelhost/eye-mail ULA SPF Phishing Platform (conf: 95),TP-0001,hostmaster@dnsowl.com,,,
annwilde.com,0,FLAME:TP-0043,TP-0043,,,,
cc81.eu,0,FP-0011: IP-KVM / Remote-Management Exposure (conf: 60),,dns@cloudflare.com,,,
byakuya.com,0,FP-0009: IPIDEA Residential Proxy Network Infrastructure (conf: 80),,dns@jomax.net,,,
cdfbhyu.site,0,FLAME:TP-0041,TP-0041,dns@jomax.net,,,
bitwerke.com,0,FP-0009: IPIDEA Residential Proxy Network Infrastructure (conf: 80),,hostmaster@registrar-servers.com,,,
bort.relieval.com,0,FP-0011: IP-KVM / Remote-Management Exposure (conf: 80),,,,,
blog.sjinks.pro,0,FP-0008: pickelhost/eye-mail ULA SPF Phishing Platform (conf: 75),TP-0001,hostmaster@blog.sjinks.pro,,,
celebmarket.net,0,FLAME:TP-0041,TP-0041,dns@cloudflare.com,,,
celinestores.com,0,FLAME:TP-0015,TP-0015,master@share-dns.com,,,
buytramadolonline.ws,0,FP-0008: pickelhost/eye-mail ULA SPF Phishing Platform (conf: 75),TP-0001,,,,
cellmotion.com,0,FLAME:TP-0041,TP-0041,dns@cloudflare.com,,,
buildly.store,0,FP-0009: IPIDEA Residential Proxy Network Infrastructure (conf: 80),,hostmaster@registrar-servers.com,,,
cellstar.com,0,FP-0011: IP-KVM / Remote-Management Exposure (conf: 15),,hostmaster@cellstar.com,,,0000000000000000
cerebalpalsyattorneys.com,0,FLAME:TP-0041,TP-0041,dns@jomax.net,,,
cerebral-palsey-attorneys.com,0,FLAME:TP-0041,TP-0041,dns@jomax.net,,,
ccwc.fashion,0,FP-0011: IP-KVM / Remote-Management Exposure (conf: 15),,hostmaster@hichina.com,,,
bluenet.ro,0,FP-0008: pickelhost/eye-mail ULA SPF Phishing Platform (conf: 75),TP-0001,hostmaster@bluenet.ro,,,
cerebral-palsy-law-firm.org,0,FLAME:TP-0041,TP-0041,dns@jomax.net,,,
buyviagru.com,0,FLAME:TP-0017,TP-0017,dns@cloudflare.com,,,
cerebral-palsy-attorneys.net,0,FLAME:TP-0041,TP-0041,dns@jomax.net,,,
capct.id,0,FLAME:TP-0079,TP-0079,hostmaster@capct.id,,,
centurtytel.net,0,FLAME:TP-0079,TP-0079,hostmaster@trellian.com,,,
cephalanfkml.com,0,"FLAME:TP-0002, TP-0067","TP-0002, TP-0067",dns@cloudflare.com,,,
centurtel.net,0,FLAME:TP-0079,TP-0079,hostmaster@trellian.com,,,
cerebralpalsylawfirm.net,0,FLAME:TP-0041,TP-0041,dns@jomax.net,,,
cerebralpalsyattorneys.info,0,FLAME:TP-0041,TP-0041,dns@jomax.net,,,
card.zp.ua,0,"FLAME:TP-0001,TP-0067","TP-0001,TP-0067",hostmaster@express.net.ua,,,
cerebralpalsylawyer.info,0,FLAME:TP-0041,TP-0041,dns@jomax.net,,,
buyvaltrexonline.store,0,FLAME:TP-0017,TP-0017,hostmaster@lander.d.parity.domains,,,
ceduc.us,0,FLAME:TP-0033,TP-0033,support@spaceship.com,,,
chambersrealty.com,0,FP-0008: pickelhost/eye-mail ULA SPF Phishing Platform (conf: 75),TP-0001,admin@giantpanda.com,,,
cfvingenieria.com,0,FLAME:TP-0063,TP-0063,solymailperu@gmail.com,,,
bola208.com,0,FLAME:TP-0036,TP-0036,hostmaster@registrar-servers.com,,,
cctc.fashion,0,FP-0011: IP-KVM / Remote-Management Exposure (conf: 15),,hostmaster@hichina.com,,,
cfo.futbol,0,FLAME:TP-0054,TP-0054,you@can-get-no.info,,,
chaoyouliao.sbs,0,FP-0008: pickelhost/eye-mail ULA SPF Phishing Platform (conf: 90),TP-0001,hostmaster@chaoyouliao.sbs,,,
chasefreedomactivate.com,0,FP-0008: pickelhost/eye-mail ULA SPF Phishing Platform (conf: 75),TP-0001,admin@giantpanda.com,,,
charlesheflin.com,0,FLAME:TP-0063,TP-0063,,,,
cczc.fashion,0,FP-0011: IP-KVM / Remote-Management Exposure (conf: 15),,hostmaster@hichina.com,,,
charterservices.com,0,FP-0008: pickelhost/eye-mail ULA SPF Phishing Platform (conf: 75),TP-0001,admin@giantpanda.com,,,
carloszbs.ru,0,"FLAME:TP-0041,TP-0042","TP-0041,TP-0042",tech@webhost1.com,,,
chatech.site,0,FLAME:TP-0041,TP-0041,,,,
chatgptmail.shop,0,FLAME:TP-0015,TP-0015,dns@cloudflare.com,,,943f33c4687362ce
bdvy.com,0,FP-0008: pickelhost/eye-mail ULA SPF Phishing Platform (conf: 75),TP-0001,hostmaster@dnsowl.com,,,
bottlefish.com,0,FP-0008: pickelhost/eye-mail ULA SPF Phishing Platform (conf: 75),TP-0001,hostmaster@bottlefish.com,,,
chardrestaurant.com,0,FLAME:TP-0063,TP-0063,dns@cloudflare.com,,,
bookspinecalculator.com,0,"FLAME:TP-0001,TP-0043","TP-0001,TP-0043",support@spaceship.com,,,
chackaut.com,0,FLAME:TP-0079,TP-0079,hostmaster@chackaut.com,,,
chennaidiabetes.com,0,FLAME:TP-0041,TP-0041,dns@cloudflare.com,,,
childrenth.com,0,FLAME:TP-0012,TP-0012,dns@namebright.com,,,
chinanew.com,0,FP-0008: pickelhost/eye-mail ULA SPF Phishing Platform (conf: 75),TP-0001,admin@giantpanda.com,,,
chiefaircon.xyz,0,FP-0009: IPIDEA Residential Proxy Network Infrastructure (conf: 80),,dns@cloudflare.com,,,
chiefcoolair.xyz,0,FP-0009: IPIDEA Residential Proxy Network Infrastructure (conf: 80),,dns@cloudflare.com,,,
ch13sfv.com,0,"FLAME:TP-0002,TP-0019","TP-0002,TP-0019",dns-admin@google.com,,,
ch13sv.com,0,"FLAME:TP-0002,TP-0019","TP-0002,TP-0019",dns-admin@google.com,,,
champion-spinwin.website,0,FLAME:TP-0036,TP-0036,hostmaster@champion-spinwin.website,,,
boxmailbox.club,0,FP-0011: IP-KVM / Remote-Management Exposure (conf: 15),,dns@timeweb.ru,,,
chelsworth.net,0,FP-0009: IPIDEA Residential Proxy Network Infrastructure (conf: 80),,admin@servercabin.com,,,
cardsexpert.ru,0,"FLAME:TP-0001,TP-0067","TP-0001,TP-0067",,,,82440a11a811a844
chillerhelp.xyz,0,FP-0009: IPIDEA Residential Proxy Network Infrastructure (conf: 80),,dns@cloudflare.com,,,
chocalatebarnyc.com,0,"FLAME:TP-0042, TP-0036","TP-0042, TP-0036",dns@jomax.net,,,
calmriver.info,0,FP-0009: IPIDEA Residential Proxy Network Infrastructure (conf: 80),,hostmaster@registrar-servers.com,,,
chargmostaghim.com,0,FLAME:TP-0001,TP-0001,admin@chargmostaghim.com,,,
charjmostaghim.com,0,FLAME:TP-0001,TP-0001,admin@charjmostaghim.com,,,
arthroaemail.com,0,FLAME:TP-0043,TP-0043,,,,
box.az,0,FP-0010: Doppelganger / KadNap Residential Proxy Infrastructure (conf: 80),,admin@box.az,,,
chise.com,0,FP-0007: Typosquat Evasion Infrastructure (conf: 80),TP-0012,hostmaster@chise.com,,,
cfe21.com,0,FP-0011: IP-KVM / Remote-Management Exposure (conf: 15),,hostmaster@hichina.com,,,
cialis-unlimited.com,0,"FLAME:TP-0042, TP-0060","TP-0042, TP-0060",,,,
chsp.com,0,FP-0008: pickelhost/eye-mail ULA SPF Phishing Platform (conf: 75),TP-0001,admin@giantpanda.com,,,
chinesepoker.website,0,FLAME:TP-0041,TP-0041,hostmaster@chinesepoker.website,,,
chiroinroswell.com,0,FLAME:TP-0041,TP-0041,dns@cloudflare.com,,,
cinnamonproductions.com,0,FP-0008: pickelhost/eye-mail ULA SPF Phishing Platform (conf: 75),TP-0001,admin@giantpanda.com,,,
chrisburchell.org,0,FP-0009: IPIDEA Residential Proxy Network Infrastructure (conf: 80),,hostmaster@chrisburchell.org,,,
chongqilai.cc,0,FP-0008: pickelhost/eye-mail ULA SPF Phishing Platform (conf: 90),TP-0001,hostmaster@chongqilai.cc,,,
checkcreditscore24.com,0,"FLAME:TP-0036, TP-0042","TP-0036, TP-0042",dns@cloudflare.com,,,
citychiller.xyz,0,FP-0009: IPIDEA Residential Proxy Network Infrastructure (conf: 80),,dns@cloudflare.com,,,
chong-mail.net,0,FP-0011: IP-KVM / Remote-Management Exposure (conf: 40),,hostmaster@chong-mail.net,,,
claimab.com,0,FLAME:TP-0042,TP-0042,dns@namebright.com,,,
cityfreon.xyz,0,FP-0009: IPIDEA Residential Proxy Network Infrastructure (conf: 80),,dns@cloudflare.com,,,
cia-agent.com,0,FP-0011: IP-KVM / Remote-Management Exposure (conf: 40),,hostmaster@cia-agent.com,,,
christian-louboutin.com,0,FLAME:TP-0063,TP-0063,hostmaster@gandi.net,,,de4c31736492b365
choicecomputertechnologies.com,0,FLAME:TP-0036,TP-0036,dns@cloudflare.com,,,
clanvas.com,0,FLAME:TP-0041,TP-0041,dns@cloudflare.com,,,
cktd.com,0,"FLAME:TP-0012, TP-0013","TP-0012, TP-0013",admin@register-this-domain-name.com,,,
cleanacrepair.xyz,0,FP-0009: IPIDEA Residential Proxy Network Infrastructure (conf: 80),,dns@cloudflare.com,,,
chehov-beton-zavod.ru,0,FP-0009: IPIDEA Residential Proxy Network Infrastructure (conf: 80),,hostmaster@beget.com,,,
cleanersdubaiuae.xyz,0,FP-0009: IPIDEA Residential Proxy Network Infrastructure (conf: 80),,dns@cloudflare.com,,,
ckyc.com,0,"FLAME:TP-0012, TP-0013","TP-0012, TP-0013",admin@register-this-domain-name.com,,,
cleanersemirates.xyz,0,FP-0009: IPIDEA Residential Proxy Network Infrastructure (conf: 80),,dns@cloudflare.com,,,
cleaningpalm.xyz,0,FP-0009: IPIDEA Residential Proxy Network Infrastructure (conf: 80),,dns@cloudflare.com,,,
clearchiller.xyz,0,FP-0009: IPIDEA Residential Proxy Network Infrastructure (conf: 80),,dns@cloudflare.com,,,
clearclimate.xyz,0,FP-0009: IPIDEA Residential Proxy Network Infrastructure (conf: 80),,dns@cloudflare.com,,,
clearcoolchiller.xyz,0,FP-0009: IPIDEA Residential Proxy Network Infrastructure (conf: 80),,dns@cloudflare.com,,,
clonechatluong.net,0,"FLAME:TP-0003,TP-0016","TP-0003,TP-0016",,,,
clock.com,0,FP-0008: pickelhost/eye-mail ULA SPF Phishing Platform (conf: 75),TP-0001,admin@giantpanda.com,,,
clipboard.nl,0,FP-0011: IP-KVM / Remote-Management Exposure (conf: 60),,hm@mediavillage.nl,,,
clayhallventures.net,0,FP-0009: IPIDEA Residential Proxy Network Infrastructure (conf: 80),,admin@servercabin.com,,,
clickbank.today,0,FLAME:TP-0017,TP-0017,,,,
chistopole.ru,0,FLAME:TP-0041,TP-0041,hostmaster@ns1.reg.ru,,,82440a11a811a844
cleverhvacservice.xyz,0,FP-0009: IPIDEA Residential Proxy Network Infrastructure (conf: 80),,dns@cloudflare.com,,,
cleverrepairs.xyz,0,FP-0009: IPIDEA Residential Proxy Network Infrastructure (conf: 80),,dns@cloudflare.com,,,
cloudmining.cloud,0,FLAME:TP-0017,TP-0017,,,,
clubnika-vault.top,0,FLAME:TP-0013,TP-0013,,,,
brookshiers.com,0,FP-0008: pickelhost/eye-mail ULA SPF Phishing Platform (conf: 75),TP-0001,hostmaster@brookshiers.com,,,
climateexpert.xyz,0,FP-0009: IPIDEA Residential Proxy Network Infrastructure (conf: 80),,dns@cloudflare.com,,,
clw.co.in,0,FP-0008: pickelhost/eye-mail ULA SPF Phishing Platform (conf: 75),TP-0001,admin@giantpanda.com,,,
cinemascenemarketing.com,0,FP-0008: pickelhost/eye-mail ULA SPF Phishing Platform (conf: 75),TP-0001,admin@cinemascenemarketing.com,,,
christianlouboutinportugal.com,0,FLAME:TP-0063,TP-0063,hostmaster@gandi.net,,,
clyde.net,0,FP-0008: pickelhost/eye-mail ULA SPF Phishing Platform (conf: 75),TP-0001,admin@giantpanda.com,,,
cnba.xyz,0,FLAME:TP-0021,TP-0021,dns@jomax.net,,,
clubonline.top,0,FP-0008: pickelhost/eye-mail ULA SPF Phishing Platform (conf: 90),TP-0001,hostmaster@clubonline.top,,,
cmhr.com,0,FP-0008: pickelhost/eye-mail ULA SPF Phishing Platform (conf: 75),TP-0001,admin@giantpanda.com,,,
btinernet.com,0,FP-0008: pickelhost/eye-mail ULA SPF Phishing Platform (conf: 75),TP-0001,hostmaster@btinernet.com,,,
btintenet.com,0,FP-0008: pickelhost/eye-mail ULA SPF Phishing Platform (conf: 75),TP-0001,hostmaster@btintenet.com,,,
cmail.com,0,FP-0007: Typosquat Evasion Infrastructure (conf: 60),TP-0012,hostmaster@nsone.net,,,
clubqashqai.ru,0,FLAME:TP-0013,TP-0013,dns@cloudflare.com,,,
cmailing.com,0,FP-0008: pickelhost/eye-mail ULA SPF Phishing Platform (conf: 75),TP-0001,hostmaster@cmailing.com,,,
cmailf.com,0,FP-0009: IPIDEA Residential Proxy Network Infrastructure (conf: 80),,hostmaster@1und1.com,,,
bsservice.info,0,FP-0011: IP-KVM / Remote-Management Exposure (conf: 15),,support@regery.com,,,
coincasino.vip,0,FP-0009: IPIDEA Residential Proxy Network Infrastructure (conf: 80),,dns@cloudflare.com,,,
coachtransformationacademy.com,0,FP-0011: IP-KVM / Remote-Management Exposure (conf: 40),,root@box5834.bluehost.com,,,
cientifica.org,0,FLAME:TP-0032,TP-0032,hostmaster@contabo.de,,,
comi.com,0,FP-0008: pickelhost/eye-mail ULA SPF Phishing Platform (conf: 75),TP-0001,admin@giantpanda.com,,,
concordhospitality.com,0,FP-0008: pickelhost/eye-mail ULA SPF Phishing Platform (conf: 75),TP-0001,admin@giantpanda.com,,,
bund.us,0,FP-0008: pickelhost/eye-mail ULA SPF Phishing Platform (conf: 75),TP-0001,hostmaster@bund.us,,,
comcaste.net,0,FP-0008: pickelhost/eye-mail ULA SPF Phishing Platform (conf: 75),TP-0001,admin@comcaste.net,,,
btintetnet.com,0,FP-0008: pickelhost/eye-mail ULA SPF Phishing Platform (conf: 75),TP-0001,admin@btintetnet.com,,,
coincal.org,0,"FLAME:TP-0008,TP-0017","TP-0008,TP-0017",,,,
cialidsmail.com,0,FLAME:TP-0043,TP-0043,dns@timeweb.ru,,,
codinggo.ru,0,FLAME:TP-0017,TP-0017,dns@cloudflare.com,,,
cde.relieval.com,0,FP-0011: IP-KVM / Remote-Management Exposure (conf: 80),,,,,
contuild.com,0,FLAME:TP-0012,TP-0012,,,,
cohwabrush.com,0,FP-0009: IPIDEA Residential Proxy Network Infrastructure (conf: 80),,root@BLUEHOST.com,,,b333c44caaa713f1
clubnika-play.buzz,0,FLAME:TP-0013,TP-0013,dns@cloudflare.com,,,
converys.com,0,FP-0008: pickelhost/eye-mail ULA SPF Phishing Platform (conf: 75),TP-0001,admin@giantpanda.com,,,
coms.hk,0,FP-0011: IP-KVM / Remote-Management Exposure (conf: 20),,dns@cloudflare.com,,,819975eb42774e1c
contractingzabeel.xyz,0,FP-0009: IPIDEA Residential Proxy Network Infrastructure (conf: 80),,dns@cloudflare.com,,,
contractorsmajan.xyz,0,FP-0009: IPIDEA Residential Proxy Network Infrastructure (conf: 80),,dns@cloudflare.com,,,
coolairservice.xyz,0,FP-0009: IPIDEA Residential Proxy Network Infrastructure (conf: 80),,dns@cloudflare.com,,,
coolcareuae.xyz,0,FP-0009: IPIDEA Residential Proxy Network Infrastructure (conf: 80),,dns@cloudflare.com,,,
coachfactorybagsjp.com,0,FP-0008: pickelhost/eye-mail ULA SPF Phishing Platform (conf: 75),TP-0001,admin@coachfactorybagsjp.com,,,
coolcontractsameday.xyz,0,FP-0009: IPIDEA Residential Proxy Network Infrastructure (conf: 80),,dns@cloudflare.com,,,
coolcrewuae.xyz,0,FP-0009: IPIDEA Residential Proxy Network Infrastructure (conf: 80),,dns@cloudflare.com,,,
cloneotp.com,0,"FLAME:TP-0003,TP-0016","TP-0003,TP-0016",hostmaster@registrar-servers.com,,,
coolexpertsdxb.xyz,0,FP-0009: IPIDEA Residential Proxy Network Infrastructure (conf: 80),,dns@cloudflare.com,,,
coolingamcuae.xyz,0,FP-0009: IPIDEA Residential Proxy Network Infrastructure (conf: 80),,dns@cloudflare.com,,,
corp.theglobe.com,0,FP-0008: pickelhost/eye-mail ULA SPF Phishing Platform (conf: 75),TP-0001,admin@giantpanda.com,,,
coolprodubai.xyz,0,FP-0009: IPIDEA Residential Proxy Network Infrastructure (conf: 80),,dns@cloudflare.com,,,
could.marksypark.com,0,FLAME:TP-0042,TP-0042,admin@giantpanda.com,,,
could.poisedtoshrike.com,0,FLAME:TP-0042,TP-0042,admin@giantpanda.com,,,
cooltechuae.xyz,0,FP-0009: IPIDEA Residential Proxy Network Infrastructure (conf: 80),,dns@cloudflare.com,,,
cer.relieval.com,0,FP-0011: IP-KVM / Remote-Management Exposure (conf: 80),,,,,
cown.com,0,FP-0008: pickelhost/eye-mail ULA SPF Phishing Platform (conf: 75),TP-0001,admin@giantpanda.com,,,
cpmcast.net,0,FP-0008: pickelhost/eye-mail ULA SPF Phishing Platform (conf: 75),TP-0001,admin@giantpanda.com,,,
comparegoodshoes.com,0,FP-0011: IP-KVM / Remote-Management Exposure (conf: 40),,hostmaster@comparegoodshoes.com,,,
cpmr.com,0,FP-0008: pickelhost/eye-mail ULA SPF Phishing Platform (conf: 75),TP-0001,admin@giantpanda.com,,,
criativo.com,0,FP-0008: pickelhost/eye-mail ULA SPF Phishing Platform (conf: 75),TP-0001,admin@giantpanda.com,,,
bygrumpy.biz.id,0,"FLAME:TP-0043,TP-0058","TP-0043,TP-0058",dns@cloudflare.com,,,
clonemailsieure.com,0,FLAME:TP-0013,TP-0013,dns@cloudflare.com,,,9fe4a8ea70cd30c5
c-bba.top,0,"FLAME:TP-0001,TP-0012","TP-0001,TP-0012",hostmaster@dnsowl.com,,,
crosswayphoto.biz,0,FP-0009: IPIDEA Residential Proxy Network Infrastructure (conf: 80),,hostmaster@crosswayphoto.biz,,,
crscreditapi.tech,0,FLAME:TP-0042,TP-0042,dns@cloudflare.com,,,c6b055f512758bb2
creativeenergyworks.com,0,FP-0008: pickelhost/eye-mail ULA SPF Phishing Platform (conf: 90),TP-0001,hostmaster@creativeenergyworks.com,,,
crypto-boss21.site,0,FLAME:TP-0036,TP-0036,dns@cloudflare.com,,,
cryptoboss023.site,0,FP-0008: pickelhost/eye-mail ULA SPF Phishing Platform (conf: 90),TP-0001,hostmaster@cryptoboss023.site,,,
crypto-boss770.top,0,FP-0008: pickelhost/eye-mail ULA SPF Phishing Platform (conf: 90),TP-0001,hostmaster@crypto-boss770.top,,,
crypgo.io,0,"FLAME:TP-0032,TP-0036","TP-0032,TP-0036",cpanel@tech.namecheap.com,,,
cryptoboss888casino8.buzz,0,FP-0008: pickelhost/eye-mail ULA SPF Phishing Platform (conf: 90),TP-0001,hostmaster@cryptoboss888casino8.buzz,,,
clonemoi.com,0,FLAME:TP-0013,TP-0013,hosting-admin@azdigi.com,,,
croxleypartners.net,0,FP-0009: IPIDEA Residential Proxy Network Infrastructure (conf: 80),,admin@servercabin.com,,,
culondir.com,0,"FLAME:TP-0067,TP-0079","TP-0067,TP-0079",,,,
californiatacostogo.com,0,FP-0008: pickelhost/eye-mail ULA SPF Phishing Platform (conf: 75),TP-0001,hostmaster@californiatacostogo.com,,,
cryptopatron.org,0,FLAME:TP-0015,TP-0015,dns@cloudflare.com,,,
cialisopharmacy.com,0,FLAME:TP-0042,TP-0042,postmaster@cialisopharmacy.com,,,bf3b70e4e4c62492
cupatee.shop,0,FLAME:TP-0079,TP-0079,,,,
cum.camera,0,"FLAME:TP-0049,TP-0079","TP-0049,TP-0079",dns@cloudflare.com,,,
crazymmg.com,0,FLAME:TP-0067,TP-0067,dns@cloudflare.com,,,
cryptogmail.com,0,FLAME:TP-0015,TP-0015,dns@cloudflare.com,,,8b956d5af029926d
cosplays.pro,0,FP-0011: IP-KVM / Remote-Management Exposure (conf: 40),,postmaster@cosplays.pro,,,
customer.hotelhafenhamburg.click,0,"FLAME:TP-0001,TP-0006,TP-0079","TP-0001,TP-0006,TP-0079",,,,
canalconcerts.com,0,FP-0008: pickelhost/eye-mail ULA SPF Phishing Platform (conf: 75),TP-0001,hostmaster@canalconcerts.com,,,
candybouquet.com,0,FP-0008: pickelhost/eye-mail ULA SPF Phishing Platform (conf: 75),TP-0001,hostmaster@candybouquet.com,,,
cuscuscuspen.life,0,FLAME:TP-0079,TP-0079,support@spaceship.com,,,
customcoconut.com,0,FP-0008: pickelhost/eye-mail ULA SPF Phishing Platform (conf: 90),TP-0001,hostmaster@customcoconut.com,,,
cursosgenius.online,0,"FLAME:TP-0067,TP-0079","TP-0067,TP-0079",admin@dns.com,,,
clipzavod.ru,0,FP-0009: IPIDEA Residential Proxy Network Infrastructure (conf: 80),,root@dns24.online,,,
cvkmonaco.com,0,"FLAME:TP-0042,TP-0048","TP-0042,TP-0048",,,,
canismmail.com,0,FLAME:TP-0067,TP-0067,dns@timeweb.ru,,,
cwinz.info,0,FLAME:TP-0079,TP-0079,,,,
customercare.openbillieholiday.click,0,"FLAME:TP-0001,TP-0079","TP-0001,TP-0079",,,,
carambla.com,0,FP-0008: pickelhost/eye-mail ULA SPF Phishing Platform (conf: 75),TP-0001,hostmaster@carambla.com,,,
curtund.com,0,"FLAME:TP-0067,TP-0079","TP-0067,TP-0079",hostmaster@curtund.com,,,
customercare.thetravellersrest.click,0,"FLAME:TP-0001,TP-0070,TP-0079","TP-0001,TP-0070,TP-0079",,,,
cappuccinipiemonte.it,0,FP-0008: pickelhost/eye-mail ULA SPF Phishing Platform (conf: 75),TP-0001,hostmaster@cappuccinipiemonte.it,,,
cutemails.online,0,"FLAME:TP-0067,TP-0079","TP-0067,TP-0079",dns@cloudflare.com,,,c4466efd11934e65
cw777.info,0,FLAME:TP-0079,TP-0079,dns@cloudflare.com,,,
d247login.net,0,"FLAME:TP-0013, TP-0067","TP-0013, TP-0067",,,,
cuongkigu.xyz,0,"FLAME:TP-0001,TP-0079","TP-0001,TP-0079",hostmaster@cuongkigu.xyz,,,
cx777gamelogin.com,0,FLAME:TP-0079,TP-0079,dns@cloudflare.com,,,
dadeschool.net,0,FP-0008: pickelhost/eye-mail ULA SPF Phishing Platform (conf: 75),TP-0004,admin@giantpanda.com,,,
cyberberspy.com,0,FLAME:TP-0062,TP-0062,dns@cloudflare.com,,,
customs2g3.com,0,"FLAME:TP-0042,TP-0048","TP-0042,TP-0048",dns@cloudflare.com,,,
cx777gamelogin.info,0,FLAME:TP-0079,TP-0079,dns@cloudflare.com,,,
dadschools.net,0,FP-0008: pickelhost/eye-mail ULA SPF Phishing Platform (conf: 75),TP-0004,admin@giantpanda.com,,,
d3bb.com,0,FP-0008: pickelhost/eye-mail ULA SPF Phishing Platform (conf: 90),TP-0001,hostmaster@d3bb.com,,,
dailycoolcare.xyz,0,FP-0009: IPIDEA Residential Proxy Network Infrastructure (conf: 80),,dns@cloudflare.com,,,
cliffcastlecasino.net,0,FLAME:TP-0001,TP-0001,namehost@WORLDNIC.COM,,,
damaclagoonsmaintenance.com,0,FP-0009: IPIDEA Residential Proxy Network Infrastructure (conf: 80),,dns@cloudflare.com,,,
damachillsmaintenance.com,0,FP-0009: IPIDEA Residential Proxy Network Infrastructure (conf: 80),,dns@cloudflare.com,,,
carrickfergusknights.com,0,FLAME:TP-0043,TP-0043,hostmaster@lander.d.parity.domains,,,
datasoma.com,0,FP-0008: pickelhost/eye-mail ULA SPF Phishing Platform (conf: 75),TP-0001,hostmaster@datasoma.com,,,
datingempiretop.site,0,FLAME:TP-0079,TP-0079,,,,
daniel-lorencic.com,0,FP-0008: pickelhost/eye-mail ULA SPF Phishing Platform (conf: 95),TP-0001,hostmaster@dnsowl.com,,,
datastrip.com,0,FP-0008: pickelhost/eye-mail ULA SPF Phishing Platform (conf: 75),TP-0001,admin@giantpanda.com,,,
dan72.com,0,FP-0009: IPIDEA Residential Proxy Network Infrastructure (conf: 80),,master@share-dns.com,,,
daun.net,0,FP-0008: pickelhost/eye-mail ULA SPF Phishing Platform (conf: 75),TP-0001,admin@giantpanda.com,,,
cursor.publicvm.com,0,FLAME:TP-0042,TP-0042,,,,
dasd.com,0,FP-0008: pickelhost/eye-mail ULA SPF Phishing Platform (conf: 100),TP-0001,hostmaster@nsone.net,,,
catimail.com,0,"FLAME:TP-0013, TP-0067","TP-0013, TP-0067",dns@timeweb.ru,,,
dbz.com,0,FP-0008: pickelhost/eye-mail ULA SPF Phishing Platform (conf: 75),TP-0001,admin@giantpanda.com,,,
ddservices.com,0,FP-0008: pickelhost/eye-mail ULA SPF Phishing Platform (conf: 75),TP-0001,admin@giantpanda.com,,,
codywon.top,0,FP-0011: IP-KVM / Remote-Management Exposure (conf: 60),,dns@cloudflare.com,,,
cattlefmail.com,0,"FLAME:TP-0013, TP-0067","TP-0013, TP-0067",dns@timeweb.ru,,,
cdactvm.in,0,FP-0008: pickelhost/eye-mail ULA SPF Phishing Platform (conf: 75),TP-0001,hostmaster@cdactvm.in,,,
deagot.com,0,FP-0008: pickelhost/eye-mail ULA SPF Phishing Platform (conf: 90),TP-0001,hostmaster@deagot.com,,,
cybersecurity.mba,0,FP-0011: IP-KVM / Remote-Management Exposure (conf: 60),,admin@dns.com,,,
ccren9.club,0,FP-0009: IPIDEA Residential Proxy Network Infrastructure (conf: 80),,hostmaster@registrar-servers.com,,,
contabilitate.ws,0,FP-0008: pickelhost/eye-mail ULA SPF Phishing Platform (conf: 75),TP-0001,,,,
dealremod.com,0,FLAME:TP-0019,TP-0019,dns@cloudflare.com,,,
daum.ne,0,FP-0008: pickelhost/eye-mail ULA SPF Phishing Platform (conf: 75),TP-0001,support@cloudns.net,,,e6d2182de5420ebf
dealnlash.com,0,FLAME:TP-0019,TP-0019,dns@cloudflare.com,,,
celiogamail.com,0,FLAME:TP-0079,TP-0079,dns@timeweb.ru,,,
deals.legal,0,FLAME:TP-0019,TP-0019,dns@cloudflare.com,,,
dealsbath.com,0,FLAME:TP-0019,TP-0019,dns@cloudflare.com,,,
cele.ro,0,FP-0008: pickelhost/eye-mail ULA SPF Phishing Platform (conf: 75),TP-0001,hostmaster@cele.ro,,,
ddxt.xyz,0,FP-0009: IPIDEA Residential Proxy Network Infrastructure (conf: 80),,dns@cloudflare.com,,,
cerebalpalseyattorney.com,0,FLAME:TP-0041,TP-0041,dns@jomax.net,,,
defalcos.com,0,FP-0009: IPIDEA Residential Proxy Network Infrastructure (conf: 80),,dns@jomax.net,,,
ddfd.fashion,0,FP-0011: IP-KVM / Remote-Management Exposure (conf: 15),,hostmaster@hichina.com,,,
delicious-couture.com,0,FLAME:TP-0012,TP-0012,dns@cloudflare.com,,,
dentonhospital.com,0,FP-0008: pickelhost/eye-mail ULA SPF Phishing Platform (conf: 75),TP-0001,admin@giantpanda.com,,,
cookiecooker.de,0,FP-0009: IPIDEA Residential Proxy Network Infrastructure (conf: 80),,hostmaster@lima-city.de,,,
cerebralpalseylawyer.com,0,FLAME:TP-0041,TP-0041,dns@jomax.net,,,
department.com,0,FP-0008: pickelhost/eye-mail ULA SPF Phishing Platform (conf: 75),TP-0001,admin@giantpanda.com,,,
cerebralpalsyattorneysgroup.com,0,FLAME:TP-0041,TP-0041,dns@jomax.net,,,
denipl.net,0,FP-0008: pickelhost/eye-mail ULA SPF Phishing Platform (conf: 90),TP-0001,hostmaster@denipl.net,,,
cerebralpalsyattorneysnetwork.com,0,FLAME:TP-0041,TP-0041,dns@jomax.net,,,
devinna.79.ganapati.weebers.xyz,0,FLAME:TP-0001,TP-0001,,,,
dade-schools.com,0,FLAME:TP-0004,TP-0004,dns@cloudflare.com,,,fa32eccd9136c461
coole-files.de,0,FLAME:TP-0002,TP-0002,dnsadmin@ionos.com,,,
decd.site,0,FLAME:TP-0022,TP-0022,freednsadmin@dnspod.com,,,
dfreeas.online,0,FLAME:TP-0079,TP-0079,,,,
desmontres.fr,0,FLAME:TP-0063,TP-0063,dns@cloudflare.com,,,
cosplays.name,0,FP-0011: IP-KVM / Remote-Management Exposure (conf: 40),,postmaster@cosplays.name,,,
decryptor.net,0,FLAME:TP-0012,TP-0012,root@dns.icedns.is,,,
dg88affgame.com,0,FLAME:TP-0017,TP-0017,,,,
dewabola303.com,0,FLAME:TP-0017,TP-0017,admin@dewabola303.com,,,
chat-gpt.web.id,0,FLAME:TP-0015,TP-0015,dns@cloudflare.com,,,
danispam.work.gd,0,FLAME:TP-0079,TP-0079,,,,
diabetesresearchchennai.com,0,FLAME:TP-0019,TP-0019,dns@cloudflare.com,,,
did.net,0,FP-0011: IP-KVM / Remote-Management Exposure (conf: 15),,hostmaster@did.net,,,0000000000000000
dietsolutions.com,0,FP-0008: pickelhost/eye-mail ULA SPF Phishing Platform (conf: 75),TP-0001,admin@giantpanda.com,,,
dehydrochlmail.com,0,"FLAME:TP-0001,TP-0012","TP-0001,TP-0012",dns@timeweb.ru,,,
chinpomail.com,0,FP-0011: IP-KVM / Remote-Management Exposure (conf: 15),,dns@cloudflare.com,,,
bg.extra-breast.info,0,"FLAME:TP-0036,TP-0079","TP-0036,TP-0079",,,,
digismail.com,0,FP-0008: pickelhost/eye-mail ULA SPF Phishing Platform (conf: 90),TP-0001,hostmaster@digismail.com,,,
diginey.com,0,FLAME:TP-0001,TP-0001,hostmaster@dnsowl.com,,,
cuong.bid,0,FLAME:TP-0079,TP-0079,hostmaster@registrar-servers.com,,,
dimalk.com,0,FLAME:TP-0001,TP-0001,dns@cloudflare.com,,,
cucku.cf,0,FLAME:TP-0079,TP-0079,hostmaster@inwx.de,,,
dewanagatoto.net,0,FLAME:TP-0017,TP-0017,cpanel@tech.namecheap.com,,,
dining-car.app,0,FLAME:TP-0012,TP-0012,dns@cloudflare.com,,,c6b055f512758bb2
dinamuradrealestateagentglendaleaz.com,0,FP-0009: IPIDEA Residential Proxy Network Infrastructure (conf: 80),,root@gator3121.hostgator.com,,,
cincoterras.com,0,FP-0009: IPIDEA Residential Proxy Network Infrastructure (conf: 80),,support@regery.net,,,
directcoolservice.xyz,0,FP-0009: IPIDEA Residential Proxy Network Infrastructure (conf: 80),,dns@cloudflare.com,,,
directhvacfix.xyz,0,FP-0009: IPIDEA Residential Proxy Network Infrastructure (conf: 80),,dns@cloudflare.com,,,
dirtysecretsclub.xyz,0,FLAME:TP-0012,TP-0012,dns@cloudflare.com,,,8000000000000000
discoverhome.com,0,FP-0008: pickelhost/eye-mail ULA SPF Phishing Platform (conf: 75),TP-0001,admin@giantpanda.com,,,
clonegiare.shop,0,FLAME:TP-0013,TP-0013,,,,
ditapi.info,0,FLAME:TP-0041,TP-0041,,,,
cytec.ws,0,FP-0008: pickelhost/eye-mail ULA SPF Phishing Platform (conf: 75),TP-0001,,,,
d-na.net,0,FLAME:TP-0063,TP-0063,dnsmaster@hover.com,,,
dimona.biz,0,FP-0009: IPIDEA Residential Proxy Network Infrastructure (conf: 80),,hostmaster@1und1.com,,,a3fe088567a098df
cleobury-jones.co.uk,0,FP-0010: Doppelganger / KadNap Residential Proxy Infrastructure (conf: 80),,dns@jomax.net,,,
ditcloud.info,0,FLAME:TP-0041,TP-0041,,,,
disposablemail.com,0,FP-0009: IPIDEA Residential Proxy Network Infrastructure (conf: 80),,dns@cloudflare.com,,,
ditpay.info,0,FLAME:TP-0041,TP-0041,,,,
ditlearn.info,0,FLAME:TP-0041,TP-0041,,,,
ditdrive.info,0,FLAME:TP-0041,TP-0041,,,,
ditgame.info,0,FLAME:TP-0041,TP-0041,,,,
ditplay.info,0,FLAME:TP-0041,TP-0041,,,,
districtonemaintenance.com,0,FP-0009: IPIDEA Residential Proxy Network Infrastructure (conf: 80),,dns@cloudflare.com,,,
ditube.info,0,FLAME:TP-0041,TP-0041,,,,
dnrc.com,0,FP-0008: pickelhost/eye-mail ULA SPF Phishing Platform (conf: 75),TP-0001,admin@giantpanda.com,,,
dnawr.com,0,FP-0008: pickelhost/eye-mail ULA SPF Phishing Platform (conf: 75),TP-0001,hostmaster@dnawr.com,,,
ditsantjob.com,0,FLAME:TP-0015,TP-0015,dns@cloudflare.com,,,c6b055f512758bb2
diuwindownloadapk.com,0,"FLAME:TP-0023, TP-0036","TP-0023, TP-0036",dns@cloudflare.com,,,
diyfurnituremakeovers.net,0,FLAME:TP-0041,TP-0041,dns@cloudflare.com,,,
donsroofing.com,0,FP-0008: pickelhost/eye-mail ULA SPF Phishing Platform (conf: 75),TP-0001,admin@giantpanda.com,,,
discordreviews.org,0,FLAME:TP-0013,TP-0013,hostmaster@discordreviews.org,,,
doc-mail.net,0,FP-0008: pickelhost/eye-mail ULA SPF Phishing Platform (conf: 75),TP-0001,hostmaster@doc-mail.net,,,
donutpalace.com,0,FP-0008: pickelhost/eye-mail ULA SPF Phishing Platform (conf: 75),TP-0001,admin@giantpanda.com,,,
dongbeiyujie.sbs,0,FP-0008: pickelhost/eye-mail ULA SPF Phishing Platform (conf: 90),TP-0001,hostmaster@dongbeiyujie.sbs,,,
dotrust.com,0,FP-0008: pickelhost/eye-mail ULA SPF Phishing Platform (conf: 75),TP-0001,admin@giantpanda.com,,,
dangemp.com,0,FLAME:TP-0015,TP-0015,hostmaster@registrar-servers.com,,,
dreamfinderhomes.com,0,FP-0008: pickelhost/eye-mail ULA SPF Phishing Platform (conf: 75),TP-0001,admin@giantpanda.com,,,
drhorton.co,0,FP-0008: pickelhost/eye-mail ULA SPF Phishing Platform (conf: 75),TP-0001,admin@giantpanda.com,,,
dreesens.com,0,FP-0008: pickelhost/eye-mail ULA SPF Phishing Platform (conf: 75),TP-0001,admin@giantpanda.com,,,
clownland.eu,0,FP-0011: IP-KVM / Remote-Management Exposure (conf: 60),,dns@hetzner.com,,,
dragoncitydanang.com,0,FLAME:TP-0041,TP-0041,dns@cloudflare.com,,,
domozmail.com,0,FP-0011: IP-KVM / Remote-Management Exposure (conf: 40),,hostmaster@domozmail.com,,,
commsn.com,0,FP-0008: pickelhost/eye-mail ULA SPF Phishing Platform (conf: 75),TP-0001,hostmaster@commsn.com,,,
dsddgtt.cc,0,FP-0008: pickelhost/eye-mail ULA SPF Phishing Platform (conf: 90),TP-0001,hostmaster@dsddgtt.cc,,,
draycottholdings.net,0,FP-0009: IPIDEA Residential Proxy Network Infrastructure (conf: 80),,admin@servercabin.com,,,
communityhealthplan.org,0,FP-0008: pickelhost/eye-mail ULA SPF Phishing Platform (conf: 75),TP-0001,hostmaster@communityhealthplan.org,,,
dezcentr56.ru,0,FP-0009: IPIDEA Residential Proxy Network Infrastructure (conf: 80),,root@dezcentr56.ru,,,ec1ce1e7923be490
dt.com,0,FP-0007: Typosquat Evasion Infrastructure (conf: 80),TP-0012,dns@cloudflare.com,,,
dubaiacplumbing.com,0,FP-0009: IPIDEA Residential Proxy Network Infrastructure (conf: 80),,dns@cloudflare.com,,,
dubaiapartmentcare.com,0,FP-0009: IPIDEA Residential Proxy Network Infrastructure (conf: 80),,dns@cloudflare.com,,,
dewajudi.org,0,FLAME:TP-0017,TP-0017,root@40.125.168.184.host.secureserver.net,,,
dubaicarecrew.com,0,FP-0009: IPIDEA Residential Proxy Network Infrastructure (conf: 80),,dns@cloudflare.com,,,
dubaiapartmentfix.com,0,FP-0009: IPIDEA Residential Proxy Network Infrastructure (conf: 80),,dns@cloudflare.com,,,
conestoga.com,0,FP-0008: pickelhost/eye-mail ULA SPF Phishing Platform (conf: 75),TP-0001,hostmaster@conestoga.com,,,
dissatismail.com,0,"FLAME:TP-0002, TP-0043","TP-0002, TP-0043",dns@timeweb.ru,,,
domodedovo-beton-zavod.ru,0,FP-0009: IPIDEA Residential Proxy Network Infrastructure (conf: 80),,hostmaster@beget.com,,,
dubaifixitnow.com,0,FP-0009: IPIDEA Residential Proxy Network Infrastructure (conf: 80),,dns@cloudflare.com,,,
dubaifixcrew.com,0,FP-0009: IPIDEA Residential Proxy Network Infrastructure (conf: 80),,dns@cloudflare.com,,,
dubaifixlab.com,0,FP-0009: IPIDEA Residential Proxy Network Infrastructure (conf: 80),,dns@cloudflare.com,,,
drugsellr.com,0,FP-0008: pickelhost/eye-mail ULA SPF Phishing Platform (conf: 75),TP-0001,admin@drugsellr.com,,,
dubaifixmasters.com,0,FP-0009: IPIDEA Residential Proxy Network Infrastructure (conf: 80),,dns@cloudflare.com,,,
dubaifixnow.com,0,FP-0009: IPIDEA Residential Proxy Network Infrastructure (conf: 80),,dns@cloudflare.com,,,
dubaifixpoint.com,0,FP-0009: IPIDEA Residential Proxy Network Infrastructure (conf: 80),,dns@cloudflare.com,,,
dubaifixteam.com,0,FP-0009: IPIDEA Residential Proxy Network Infrastructure (conf: 80),,dns@cloudflare.com,,,
dubaiflatfix.com,0,FP-0009: IPIDEA Residential Proxy Network Infrastructure (conf: 80),,dns@cloudflare.com,,,
dubaiflatservices.com,0,FP-0009: IPIDEA Residential Proxy Network Infrastructure (conf: 80),,dns@cloudflare.com,,,
dubaifixservices.com,0,FP-0009: IPIDEA Residential Proxy Network Infrastructure (conf: 80),,dns@cloudflare.com,,,
dubaihandyhelp.com,0,FP-0009: IPIDEA Residential Proxy Network Infrastructure (conf: 80),,dns@cloudflare.com,,,
dubaihandyman247.com,0,FP-0009: IPIDEA Residential Proxy Network Infrastructure (conf: 80),,dns@cloudflare.com,,,
dubaihandymanhub.com,0,FP-0009: IPIDEA Residential Proxy Network Infrastructure (conf: 80),,dns@cloudflare.com,,,
dgclublottery.com,0,"FLAME:TP-0001,TP-0017","TP-0001,TP-0017",,,,bc3183ccc9393e96
dubaihandymanco.com,0,FP-0009: IPIDEA Residential Proxy Network Infrastructure (conf: 80),,dns@cloudflare.com,,,
dubaihandymanpro.com,0,FP-0009: IPIDEA Residential Proxy Network Infrastructure (conf: 80),,dns@cloudflare.com,,,
cotempomail.com,0,FLAME:TP-0067,TP-0067,dns@timeweb.ru,,,
correo.terra.com.gt,0,FP-0008: pickelhost/eye-mail ULA SPF Phishing Platform (conf: 75),TP-0001,hostmaster@correo.terra.com.gt,,,
dubaihillsmaintenance.com,0,FP-0009: IPIDEA Residential Proxy Network Infrastructure (conf: 80),,dns@cloudflare.com,,,
dubaihomerepairco.com,0,FP-0009: IPIDEA Residential Proxy Network Infrastructure (conf: 80),,dns@cloudflare.com,,,
crackerbarrelcstores.com,0,FP-0008: pickelhost/eye-mail ULA SPF Phishing Platform (conf: 75),TP-0001,hostmaster@crackerbarrelcstores.com,,,
dubaihomecareservices.com,0,FP-0009: IPIDEA Residential Proxy Network Infrastructure (conf: 80),,dns@cloudflare.com,,,
courtyardcavaliers.com,0,FP-0008: pickelhost/eye-mail ULA SPF Phishing Platform (conf: 75),TP-0001,hostmaster@courtyardcavaliers.com,,,
dubaihomerepairexperts.com,0,FP-0009: IPIDEA Residential Proxy Network Infrastructure (conf: 80),,dns@cloudflare.com,,,
dubaihomeassist.com,0,FP-0009: IPIDEA Residential Proxy Network Infrastructure (conf: 80),,dns@cloudflare.com,,,
dubaihomerescue.com,0,FP-0009: IPIDEA Residential Proxy Network Infrastructure (conf: 80),,dns@cloudflare.com,,,
dubaihomeserviceco.com,0,FP-0009: IPIDEA Residential Proxy Network Infrastructure (conf: 80),,dns@cloudflare.com,,,
dubaihomesupport.com,0,FP-0009: IPIDEA Residential Proxy Network Infrastructure (conf: 80),,dns@cloudflare.com,,,
dubaihometechnicians.com,0,FP-0009: IPIDEA Residential Proxy Network Infrastructure (conf: 80),,dns@cloudflare.com,,,
delka.relieval.com,0,FP-0011: IP-KVM / Remote-Management Exposure (conf: 80),,,,,
dubaihomeworks.com,0,FP-0009: IPIDEA Residential Proxy Network Infrastructure (conf: 80),,dns@cloudflare.com,,,
dubaimaintenance247.com,0,FP-0009: IPIDEA Residential Proxy Network Infrastructure (conf: 80),,dns@cloudflare.com,,,
dev.codiel.gleeze.com,0,FLAME:TP-0012,TP-0012,,,,
dubailandmaintenance.com,0,FP-0009: IPIDEA Residential Proxy Network Infrastructure (conf: 80),,dns@cloudflare.com,,,
dubaimaintenancemasters.com,0,FP-0009: IPIDEA Residential Proxy Network Infrastructure (conf: 80),,dns@cloudflare.com,,,
dubaihousecare.com,0,FP-0009: IPIDEA Residential Proxy Network Infrastructure (conf: 80),,dns@cloudflare.com,,,
dubaihousedoctors.com,0,FP-0009: IPIDEA Residential Proxy Network Infrastructure (conf: 80),,dns@cloudflare.com,,,
dubaihousefix.com,0,FP-0009: IPIDEA Residential Proxy Network Infrastructure (conf: 80),,dns@cloudflare.com,,,
dubaimaintenanceassist.com,0,FP-0009: IPIDEA Residential Proxy Network Infrastructure (conf: 80),,dns@cloudflare.com,,,
dubaimaintenancepro.com,0,FP-0009: IPIDEA Residential Proxy Network Infrastructure (conf: 80),,dns@cloudflare.com,,,
dubairepair247.com,0,FP-0009: IPIDEA Residential Proxy Network Infrastructure (conf: 80),,dns@cloudflare.com,,,
dubaipropertyfix.com,0,FP-0009: IPIDEA Residential Proxy Network Infrastructure (conf: 80),,dns@cloudflare.com,,,
dubaimaintenancepros.com,0,FP-0009: IPIDEA Residential Proxy Network Infrastructure (conf: 80),,dns@cloudflare.com,,,
dubaimaintenancecrew.com,0,FP-0009: IPIDEA Residential Proxy Network Infrastructure (conf: 80),,dns@cloudflare.com,,,
dubairepairco.com,0,FP-0009: IPIDEA Residential Proxy Network Infrastructure (conf: 80),,dns@cloudflare.com,,,
dubairepairguys.com,0,FP-0009: IPIDEA Residential Proxy Network Infrastructure (conf: 80),,dns@cloudflare.com,,,
dubairepaircrew.com,0,FP-0009: IPIDEA Residential Proxy Network Infrastructure (conf: 80),,dns@cloudflare.com,,,
dubaimaintenanceco.com,0,FP-0009: IPIDEA Residential Proxy Network Infrastructure (conf: 80),,dns@cloudflare.com,,,
dubairepairassist.com,0,FP-0009: IPIDEA Residential Proxy Network Infrastructure (conf: 80),,dns@cloudflare.com,,,
dubairepairworks.com,0,FP-0009: IPIDEA Residential Proxy Network Infrastructure (conf: 80),,dns@cloudflare.com,,,
duhanicapital.com,0,FLAME:TP-0017,TP-0017,dns@cloudflare.com,,,
dubairepairmasters.com,0,FP-0009: IPIDEA Residential Proxy Network Infrastructure (conf: 80),,dns@cloudflare.com,,,
dunhamsports.com,0,FP-0008: pickelhost/eye-mail ULA SPF Phishing Platform (conf: 75),TP-0001,admin@giantpanda.com,,,
csvf.com,0,FP-0008: pickelhost/eye-mail ULA SPF Phishing Platform (conf: 75),TP-0001,hostmaster@csvf.com,,,
dubaiserviceworks.com,0,FP-0009: IPIDEA Residential Proxy Network Infrastructure (conf: 80),,dns@cloudflare.com,,,
dubaisiliconoasismaintenance.com,0,FP-0009: IPIDEA Residential Proxy Network Infrastructure (conf: 80),,dns@cloudflare.com,,,
dubaiservicecrew.com,0,FP-0009: IPIDEA Residential Proxy Network Infrastructure (conf: 80),,dns@cloudflare.com,,,
ductingco.xyz,0,FP-0009: IPIDEA Residential Proxy Network Infrastructure (conf: 80),,dns@cloudflare.com,,,
ductfixit.xyz,0,FP-0009: IPIDEA Residential Proxy Network Infrastructure (conf: 80),,dns@cloudflare.com,,,
duncansanyi.cc,0,FP-0008: pickelhost/eye-mail ULA SPF Phishing Platform (conf: 90),TP-0001,hostmaster@duncansanyi.cc,,,
dymarent.cfd,0,FLAME:TP-0001,TP-0001,,,,
dynarix.cfd,0,FLAME:TP-0001,TP-0001,,,,
ductingrepair.xyz,0,FP-0009: IPIDEA Residential Proxy Network Infrastructure (conf: 80),,dns@cloudflare.com,,,
csmc.org,0,FP-0008: pickelhost/eye-mail ULA SPF Phishing Platform (conf: 75),TP-0001,hostmaster@csmc.org,,,
dunefreon.xyz,0,FP-0009: IPIDEA Residential Proxy Network Infrastructure (conf: 80),,dns@cloudflare.com,,,
dubaivillamaintenance.com,0,FP-0009: IPIDEA Residential Proxy Network Infrastructure (conf: 80),,dns@cloudflare.com,,,
dubaisouthmaintenance.com,0,FP-0009: IPIDEA Residential Proxy Network Infrastructure (conf: 80),,dns@cloudflare.com,,,
curio-city.com,0,FP-0008: pickelhost/eye-mail ULA SPF Phishing Platform (conf: 75),TP-0001,hostmaster@curio-city.com,,,
dubaivillacare.com,0,FP-0009: IPIDEA Residential Proxy Network Infrastructure (conf: 80),,dns@cloudflare.com,,,
dwj775.com,0,FLAME:TP-0017,TP-0017,master@share-dns.com,,,
dxbcontractquick.xyz,0,FP-0009: IPIDEA Residential Proxy Network Infrastructure (conf: 80),,dns@cloudflare.com,,,
dxbrepairquick.xyz,0,FP-0009: IPIDEA Residential Proxy Network Infrastructure (conf: 80),,dns@cloudflare.com,,,
dxbmaintenanceuae.xyz,0,FP-0009: IPIDEA Residential Proxy Network Infrastructure (conf: 80),,dns@cloudflare.com,,,
duta303.net,0,FLAME:TP-0017,TP-0017,dns@cloudflare.com,,,
dunsfoldgroup.net,0,FP-0009: IPIDEA Residential Proxy Network Infrastructure (conf: 80),,admin@servercabin.com,,,
earthlinnk.net,0,FP-0008: pickelhost/eye-mail ULA SPF Phishing Platform (conf: 75),TP-0001,admin@giantpanda.com,,,
ecompare.com,0,FP-0008: pickelhost/eye-mail ULA SPF Phishing Platform (conf: 75),TP-0001,admin@giantpanda.com,,,
duno.com,0,FP-0007: Typosquat Evasion Infrastructure (conf: 80),TP-0012,hostmaster@registrar-servers.com,,,91f04ecd397371c4
dwj773.com,0,FLAME:TP-0017,TP-0017,master@share-dns.com,,,
eatshit.org,0,FP-0008: pickelhost/eye-mail ULA SPF Phishing Platform (conf: 75),TP-0001,admin@giantpanda.com,,,
dvdnewsonline.com,0,FP-0008: pickelhost/eye-mail ULA SPF Phishing Platform (conf: 75),TP-0001,admin@dvdnewsonline.com,,,
easyhvacfix.xyz,0,FP-0009: IPIDEA Residential Proxy Network Infrastructure (conf: 80),,dns@cloudflare.com,,,
eastsidecounselingcenters.com,0,FP-0009: IPIDEA Residential Proxy Network Infrastructure (conf: 80),,awsdns-hostmaster@amazon.com,,,
bzmoe.com,0,FLAME:TP-0067,TP-0067,,,,
dult.org,0,FLAME:TP-0013,TP-0013,dns@cloudflare.com,,,
edge.marksypark.com,0,FLAME:TP-0042,TP-0042,admin@giantpanda.com,,,
efrain.www.com,0,FP-0008: pickelhost/eye-mail ULA SPF Phishing Platform (conf: 75),TP-0001,admin@giantpanda.com,,,
edusamail.net,0,FP-0008: pickelhost/eye-mail ULA SPF Phishing Platform (conf: 75),TP-0001,hostmaster@edusamail.net,,,
e-zpassct.com,0,"FLAME:TP-0012,TP-0084","TP-0012,TP-0084",dns@cloudflare.com,,,eb30accfd13684c9
edectus.com,0,FP-0008: pickelhost/eye-mail ULA SPF Phishing Platform (conf: 90),TP-0001,hostmaster@edectus.com,,,
cwko.com,0,FP-0008: pickelhost/eye-mail ULA SPF Phishing Platform (conf: 75),TP-0001,hostmaster@cwko.com,,,
edusmart.website,0,FP-0011: IP-KVM / Remote-Management Exposure (conf: 15),,dns@jomax.net,,,
ejx.com,0,FP-0008: pickelhost/eye-mail ULA SPF Phishing Platform (conf: 75),TP-0001,admin@giantpanda.com,,,
die-optimisten.net,0,FLAME:TP-0001,TP-0001,dnsadmin@ionos.com,,,
eeiv.com,0,FP-0008: pickelhost/eye-mail ULA SPF Phishing Platform (conf: 75),TP-0001,admin@giantpanda.com,,,
eagleroadstudios.com,0,FLAME:TP-0015,TP-0015,hostmaster@gandi.net,,,c3693c966169e792
e-s-m.ru,0,FP-0009: IPIDEA Residential Proxy Network Infrastructure (conf: 80),,dns@timeweb.ru,,,
dynainbox.com,0,FP-0011: IP-KVM / Remote-Management Exposure (conf: 40),,hostmaster@dynainbox.com,,,
eartthlink.net,0,FP-0008: pickelhost/eye-mail ULA SPF Phishing Platform (conf: 75),TP-0001,admin@eartthlink.net,,,
education.eu,0,FP-0011: IP-KVM / Remote-Management Exposure (conf: 60),,hostmaster@education.eu,,,
eilnews.com,0,FP-0008: pickelhost/eye-mail ULA SPF Phishing Platform (conf: 75),TP-0001,hostmaster@eilnews.com,,,
die-genossen.de,0,"FLAME:TP-0001,TP-0012","TP-0001,TP-0012",dnsadmin@ionos.com,,,
die-besten-bilder.de,0,FLAME:TP-0001,TP-0001,dnsadmin@ionos.com,,,
dz-bac.com,0,FLAME:TP-0022,TP-0022,srv-notifications@octenium.com,,,
email.com,0,FP-0007: Typosquat Evasion Infrastructure (conf: 80),TP-0012,ggorman@easylink.com,,,
elreverde.com,0,FP-0011: IP-KVM / Remote-Management Exposure (conf: 60),,admin@dns.com,,,
emailcu.icu,0,FLAME:TP-0079,TP-0079,hostmaster@emailcu.icu,,,
ema-sofia.eu,0,FP-0008: pickelhost/eye-mail ULA SPF Phishing Platform (conf: 80),TP-0001,dns@cloudflare.com,,,
emakina.digital,0,FLAME:TP-0012,TP-0012,,,,
eiruhw3y7231731298712378.somee.com,0,FP-0011: IP-KVM / Remote-Management Exposure (conf: 15),,,,,
econeom.com,0,FP-0008: pickelhost/eye-mail ULA SPF Phishing Platform (conf: 95),TP-0001,hostmaster@dnsowl.com,,,
email-sms.com,0,FP-0011: IP-KVM / Remote-Management Exposure (conf: 60),,admin@dns.com,,,
emailhost99.com,0,FP-0008: pickelhost/eye-mail ULA SPF Phishing Platform (conf: 75),TP-0001,hostmaster@emailhost99.com,,,
emailnube.com,0,FP-0008: pickelhost/eye-mail ULA SPF Phishing Platform (conf: 75),TP-0001,hostmaster@emailnube.com,,,
emang.com,0,FP-0008: pickelhost/eye-mail ULA SPF Phishing Platform (conf: 75),TP-0001,admin@giantpanda.com,,,
emailtemporario.com.br,0,FLAME:TP-0012,TP-0012,,,,
emailforyou.net,0,FP-0008: pickelhost/eye-mail ULA SPF Phishing Platform (conf: 100),TP-0001,hostmaster@nsone.net,,,
emailtech.info,0,"FLAME:TP-0001,TP-0012","TP-0001,TP-0012",dns@cloudflare.com,,,
ellertongroup.net,0,FP-0009: IPIDEA Residential Proxy Network Infrastructure (conf: 80),,admin@servercabin.com,,,
emmail.com,0,FP-0008: pickelhost/eye-mail ULA SPF Phishing Platform (conf: 75),TP-0001,admin@giantpanda.com,,,
digital-filestore.de,0,FLAME:TP-0001,TP-0001,dnsadmin@ionos.com,,,
epfy.com,0,FP-0008: pickelhost/eye-mail ULA SPF Phishing Platform (conf: 75),TP-0001,admin@giantpanda.com,,,
emiratesannualuae.xyz,0,FP-0009: IPIDEA Residential Proxy Network Infrastructure (conf: 80),,dns@cloudflare.com,,,
emiratiacpro.xyz,0,FP-0009: IPIDEA Residential Proxy Network Infrastructure (conf: 80),,dns@cloudflare.com,,,
ennoil.com,0,FP-0009: IPIDEA Residential Proxy Network Infrastructure (conf: 80),,dns@cloudflare.com,,,fa68a1e567869e18
elkgroveses.com,0,FP-0008: pickelhost/eye-mail ULA SPF Phishing Platform (conf: 75),TP-0001,admin@elkgroveses.com,,,
el-mahdy.com,0,FP-0009: IPIDEA Residential Proxy Network Infrastructure (conf: 80),,dns@hostinger.com,,,
engineerspalmjumeirah.xyz,0,FP-0009: IPIDEA Residential Proxy Network Infrastructure (conf: 80),,dns@cloudflare.com,,,
epi-tech.com,0,FP-0011: IP-KVM / Remote-Management Exposure (conf: 15),,hostmaster@epi-tech.com,,,0000000000000000
epoint.net,0,FP-0008: pickelhost/eye-mail ULA SPF Phishing Platform (conf: 90),TP-0001,hostmaster@epoint.net,,,
e-radio.app,0,FP-0011: IP-KVM / Remote-Management Exposure (conf: 40),,postmaster@e-radio.app,,,
estatecoolrepair.xyz,0,FP-0009: IPIDEA Residential Proxy Network Infrastructure (conf: 80),,dns@cloudflare.com,,,
erectiledysfunctionpillsonx.com,0,FP-0008: pickelhost/eye-mail ULA SPF Phishing Platform (conf: 90),TP-0001,hostmaster@erectiledysfunctionpillsonx.com,,,
dallaisd.org,0,FLAME:TP-0004,TP-0004,admin@dallaisd.org,,,
ets2android.mobi,0,FP-0011: IP-KVM / Remote-Management Exposure (conf: 60),,admin@dns.com,,,
davebusters.com,0,FP-0008: pickelhost/eye-mail ULA SPF Phishing Platform (conf: 75),TP-0001,hostmaster@davebusters.com,,,
esq-eg.org,0,FP-0009: IPIDEA Residential Proxy Network Infrastructure (conf: 80),,hostmaster@esq-eg.org,,,
epicjourneys.sa.com,0,FLAME:TP-0042,TP-0042,dns@cloudflare.com,,,
exactchiller.xyz,0,FP-0009: IPIDEA Residential Proxy Network Infrastructure (conf: 80),,dns@cloudflare.com,,,
dddddd.com,0,FP-0008: pickelhost/eye-mail ULA SPF Phishing Platform (conf: 75),TP-0001,hostmaster@dddddd.com,,,
eml.monster,0,FP-0009: IPIDEA Residential Proxy Network Infrastructure (conf: 80),,hostmaster@registrar-servers.com,,,
expertacmaintenance.xyz,0,FP-0009: IPIDEA Residential Proxy Network Infrastructure (conf: 80),,dns@cloudflare.com,,,
exacthvacrepair.xyz,0,FP-0009: IPIDEA Residential Proxy Network Infrastructure (conf: 80),,dns@cloudflare.com,,,
expertcoolservice.xyz,0,FP-0009: IPIDEA Residential Proxy Network Infrastructure (conf: 80),,dns@cloudflare.com,,,
exteam.com,0,FP-0008: pickelhost/eye-mail ULA SPF Phishing Platform (conf: 75),TP-0001,admin@giantpanda.com,,,
expertinstallationsdxb.xyz,0,FP-0009: IPIDEA Residential Proxy Network Infrastructure (conf: 80),,dns@cloudflare.com,,,
extic.com,0,FP-0008: pickelhost/eye-mail ULA SPF Phishing Platform (conf: 75),TP-0001,admin@giantpanda.com,,,
expertqusais.xyz,0,FP-0009: IPIDEA Residential Proxy Network Infrastructure (conf: 80),,dns@cloudflare.com,,,
expertskarama.xyz,0,FP-0009: IPIDEA Residential Proxy Network Infrastructure (conf: 80),,dns@cloudflare.com,,,
euroseek.com,0,FP-0009: IPIDEA Residential Proxy Network Infrastructure (conf: 80),,hostmaster@dreamhost.com,,,bf0f8687c1d0f0d8
emailinfive.com,0,FP-0011: IP-KVM / Remote-Management Exposure (conf: 40),,hostmaster@emailinfive.com,,,
experttechgulf.xyz,0,FP-0009: IPIDEA Residential Proxy Network Infrastructure (conf: 80),,dns@cloudflare.com,,,
exploraxb.com,0,FP-0008: pickelhost/eye-mail ULA SPF Phishing Platform (conf: 75),TP-0001,hostmaster@exploraxb.com,,,
endosferes.ru,0,FP-0009: IPIDEA Residential Proxy Network Infrastructure (conf: 80),,info@endosferes.ru,,,
death-star.com,0,FP-0008: pickelhost/eye-mail ULA SPF Phishing Platform (conf: 75),TP-0001,hostmaster@death-star.com,,,
faddcai.cc,0,FP-0008: pickelhost/eye-mail ULA SPF Phishing Platform (conf: 90),TP-0001,hostmaster@faddcai.cc,,,
e6wa.com,0,FP-0009: IPIDEA Residential Proxy Network Infrastructure (conf: 80),,root@arabseedservconis915122.bxcoins.com,,,
facilitiesacrepair.xyz,0,FP-0009: IPIDEA Residential Proxy Network Infrastructure (conf: 80),,dns@cloudflare.com,,,
facilitiesrepair.xyz,0,FP-0009: IPIDEA Residential Proxy Network Infrastructure (conf: 80),,dns@cloudflare.com,,,
fajskdlh.top,0,FP-0008: pickelhost/eye-mail ULA SPF Phishing Platform (conf: 90),TP-0001,hostmaster@fajskdlh.top,,,
deephouse.pl,0,FP-0008: pickelhost/eye-mail ULA SPF Phishing Platform (conf: 75),TP-0001,hostmaster@deephouse.pl,,,
farmer.com,0,FP-0007: Typosquat Evasion Infrastructure (conf: 60),TP-0012,dns@jomax.net,,,
fairairconcare.xyz,0,FP-0009: IPIDEA Residential Proxy Network Infrastructure (conf: 80),,dns@cloudflare.com,,,
famisanar.com,0,FP-0008: pickelhost/eye-mail ULA SPF Phishing Platform (conf: 75),TP-0001,admin@giantpanda.com,,,
dowmload.co,0,FP-0011: IP-KVM / Remote-Management Exposure (conf: 80),,hostmaster@hwrn.net,,,
expl0it.store,0,FP-0011: IP-KVM / Remote-Management Exposure (conf: 40),,hostmaster@expl0it.store,,,
fairamc.xyz,0,FP-0009: IPIDEA Residential Proxy Network Infrastructure (conf: 80),,dns@cloudflare.com,,,
farwestforge.com,0,FP-0008: pickelhost/eye-mail ULA SPF Phishing Platform (conf: 75),TP-0001,admin@giantpanda.com,,,
ezpara.com,0,FP-0011: IP-KVM / Remote-Management Exposure (conf: 60),,admin@dns.com,,,
farmersi.com,0,FP-0007: Typosquat Evasion Infrastructure (conf: 60),TP-0012,dns@jomax.net,,,
deil.com,0,FP-0008: pickelhost/eye-mail ULA SPF Phishing Platform (conf: 75),TP-0001,hostmaster@deil.com,,,
daum.net.daum.net.mbe.kr,0,"FLAME:TP-0012,TP-0079","TP-0012,TP-0079",,,,
definabmail.com,0,"FLAME:TP-0002, TP-0067","TP-0002, TP-0067",dns@timeweb.ru,,,
eyepain.org,0,FP-0008: pickelhost/eye-mail ULA SPF Phishing Platform (conf: 100),TP-0001,hostmaster@nsone.net,,,
ffsmortgages.com,0,FP-0008: pickelhost/eye-mail ULA SPF Phishing Platform (conf: 75),TP-0001,admin@giantpanda.com,,,
falconcitymaintenance.com,0,FP-0009: IPIDEA Residential Proxy Network Infrastructure (conf: 80),,dns@cloudflare.com,,,
fast-coin.com,0,FP-0008: pickelhost/eye-mail ULA SPF Phishing Platform (conf: 75),TP-0001,hostmaster@fast-coin.com,,,
fashionbets2.com,0,FP-0008: pickelhost/eye-mail ULA SPF Phishing Platform (conf: 90),TP-0001,hostmaster@fashionbets2.com,,,
fairhavenventures.net,0,FP-0009: IPIDEA Residential Proxy Network Infrastructure (conf: 80),,admin@servercabin.com,,,
dehumanmail.com,0,"FLAME:TP-0015, TP-0067","TP-0015, TP-0067",dns@timeweb.ru,,,
fbliang58958.top,0,FP-0008: pickelhost/eye-mail ULA SPF Phishing Platform (conf: 90),TP-0001,hostmaster@fbliang58958.top,,,
fencesrus.com,0,FP-0008: pickelhost/eye-mail ULA SPF Phishing Platform (conf: 75),TP-0001,admin@giantpanda.com,,,
fft-mail.com,0,FP-0008: pickelhost/eye-mail ULA SPF Phishing Platform (conf: 75),TP-0001,hostmaster@fft-mail.com,,,
fastfacility.xyz,0,FP-0009: IPIDEA Residential Proxy Network Infrastructure (conf: 80),,dns@cloudflare.com,,,
fificorp.com,0,FP-0009: IPIDEA Residential Proxy Network Infrastructure (conf: 80),,dns@interserver.net,,,
fifieldconsulting.com,0,FP-0009: IPIDEA Residential Proxy Network Infrastructure (conf: 80),,hostmaster@1und1.com,,,
evoolook.com,0,FP-0009: IPIDEA Residential Proxy Network Infrastructure (conf: 80),,root@arabseedservconis915122.bxcoins.com,,,
delignimail.com,0,"FLAME:TP-0067, TP-0079","TP-0067, TP-0079",dns@timeweb.ru,,,
dendrochromail.com,0,"FLAME:TP-0067, TP-0079","TP-0067, TP-0079",dns@timeweb.ru,,,
dematermail.com,0,"FLAME:TP-0067, TP-0079","TP-0067, TP-0079",dns@timeweb.ru,,,
fidelium10.com,0,FP-0008: pickelhost/eye-mail ULA SPF Phishing Platform (conf: 75),TP-0001,hostmaster@fidelium10.com,,,
fatflap.com,0,FP-0011: IP-KVM / Remote-Management Exposure (conf: 40),,hostmaster@fatflap.com,,,
farrowgate.net,0,FP-0009: IPIDEA Residential Proxy Network Infrastructure (conf: 80),,admin@servercabin.com,,,
firstamcpro.xyz,0,FP-0009: IPIDEA Residential Proxy Network Infrastructure (conf: 80),,dns@cloudflare.com,,,
firstducting.xyz,0,FP-0009: IPIDEA Residential Proxy Network Infrastructure (conf: 80),,dns@cloudflare.com,,,
five-plus.net,0,FLAME:TP-0067,TP-0067,dns@cloudflare.com,,,
finxmail.com,0,FP-0008: pickelhost/eye-mail ULA SPF Phishing Platform (conf: 75),TP-0001,hostmaster@finxmail.com,,,
denumail.com,0,"FLAME:TP-0067, TP-0079","TP-0067, TP-0079",dns@timeweb.ru,,,
finsburyholdings.net,0,FP-0009: IPIDEA Residential Proxy Network Infrastructure (conf: 80),,admin@servercabin.com,,,
fje.com,0,FP-0008: pickelhost/eye-mail ULA SPF Phishing Platform (conf: 75),TP-0001,admin@giantpanda.com,,,
devilsdivision.de,0,FP-0011: IP-KVM / Remote-Management Exposure (conf: 15),,dns@cloudflare.com,,,
fl.com,0,FP-0008: pickelhost/eye-mail ULA SPF Phishing Platform (conf: 75),TP-0001,admin@giantpanda.com,,,
fixbarsha.xyz,0,FP-0009: IPIDEA Residential Proxy Network Infrastructure (conf: 80),,dns@cloudflare.com,,,
fixclean24x7.xyz,0,FP-0009: IPIDEA Residential Proxy Network Infrastructure (conf: 80),,dns@cloudflare.com,,,
fixitsprings.xyz,0,FP-0009: IPIDEA Residential Proxy Network Infrastructure (conf: 80),,dns@cloudflare.com,,,
fixcontractexpress.xyz,0,FP-0009: IPIDEA Residential Proxy Network Infrastructure (conf: 80),,dns@cloudflare.com,,,
foktr.cfd,0,FP-0008: pickelhost/eye-mail ULA SPF Phishing Platform (conf: 90),TP-0001,,,,
fixmydubaihome.com,0,FP-0009: IPIDEA Residential Proxy Network Infrastructure (conf: 80),,dns@cloudflare.com,,,
fixtech24x7.xyz,0,FP-0009: IPIDEA Residential Proxy Network Infrastructure (conf: 80),,dns@cloudflare.com,,,
fitzinn.com,0,FP-0008: pickelhost/eye-mail ULA SPF Phishing Platform (conf: 75),TP-0001,support@wix.com,,,8000000000000000
foodmail.com,0,FP-0008: pickelhost/eye-mail ULA SPF Phishing Platform (conf: 75),TP-0001,admin@giantpanda.com,,,
flightsap.com,0,FLAME:TP-0012,TP-0012,dns@cloudflare.com,,,
fornecedor.com,0,FP-0008: pickelhost/eye-mail ULA SPF Phishing Platform (conf: 75),TP-0001,admin@giantpanda.com,,,
flmail.info,0,FP-0011: IP-KVM / Remote-Management Exposure (conf: 60),,admin@dns.com,,,
forbesa.com,0,FLAME:TP-0019,TP-0019,dns@hostinger.com,,,
ffyf.fashion,0,FP-0011: IP-KVM / Remote-Management Exposure (conf: 15),,hostmaster@hichina.com,,,
foxdale.com,0,FP-0008: pickelhost/eye-mail ULA SPF Phishing Platform (conf: 75),TP-0001,admin@giantpanda.com,,,
fivueriti.com,0,FLAME:TP-0079,TP-0079,hostmaster@fivueriti.com,,,
flpay.org,0,FLAME:TP-0084,TP-0084,dns@jomax.net,,,
flax.organic,0,FP-0008: pickelhost/eye-mail ULA SPF Phishing Platform (conf: 90),TP-0001,hostmaster@flax.organic,,,
flextronic.com,0,FP-0008: pickelhost/eye-mail ULA SPF Phishing Platform (conf: 75),TP-0001,,,,
diaheliomail.com,0,"FLAME:TP-0001,TP-0002","TP-0001,TP-0002",dns@timeweb.ru,,,
dzimbabwegq.com,0,FLAME:TP-0083,TP-0083,dns@cloudflare.com,,,
foobarbot.net,0,FP-0011: IP-KVM / Remote-Management Exposure (conf: 40),,hostmaster@foobarbot.net,,,
foshata.com,0,FP-0011: IP-KVM / Remote-Management Exposure (conf: 60),,admin@dns.com,,,
freemyemail.com,0,FP-0011: IP-KVM / Remote-Management Exposure (conf: 15),,dns@cloudflare.com,,,
formsnapper.com,0,FP-0009: IPIDEA Residential Proxy Network Infrastructure (conf: 80),,hostmaster@dreamhost.com,,,
fivestars-market.com,0,FLAME:TP-0067,TP-0067,root@ns1.y-ml.com,,,
freonexpert.xyz,0,FP-0009: IPIDEA Residential Proxy Network Infrastructure (conf: 80),,dns@cloudflare.com,,,
frontirer.com,0,FP-0008: pickelhost/eye-mail ULA SPF Phishing Platform (conf: 75),TP-0001,admin@giantpanda.com,,,
eventus.co.uk,0,FP-0009: IPIDEA Residential Proxy Network Infrastructure (conf: 80),,hostmaster@stackdns.com,,,d13d16434bc4dcd5
fror.com,0,FP-0008: pickelhost/eye-mail ULA SPF Phishing Platform (conf: 75),TP-0001,admin@giantpanda.com,,,
fromru.com,0,FP-0008: pickelhost/eye-mail ULA SPF Phishing Platform (conf: 75),TP-0001,,,,
fcl.co.jp,0,FP-0009: IPIDEA Residential Proxy Network Infrastructure (conf: 80),,root@xserver.jp,,,
fr33mail.info,0,FP-0011: IP-KVM / Remote-Management Exposure (conf: 40),,hostmaster@fr33mail.info,,,
foresightbi.com.ng,0,FP-0009: IPIDEA Residential Proxy Network Infrastructure (conf: 80),,cpanel@tech.namecheap.com,,,9311784647f82daf
frostamcdubai.xyz,0,FP-0009: IPIDEA Residential Proxy Network Infrastructure (conf: 80),,dns@cloudflare.com,,,
foxo.me,0,FP-0011: IP-KVM / Remote-Management Exposure (conf: 60),,nsadmin@foxo-net.eu,,,
dispo.in,0,FP-0008: pickelhost/eye-mail ULA SPF Phishing Platform (conf: 75),TP-0001,hostmaster@dispo.in,,,
frostyhvacpro.xyz,0,FP-0009: IPIDEA Residential Proxy Network Infrastructure (conf: 80),,dns@cloudflare.com,,,
frwdmail.com,0,FP-0008: pickelhost/eye-mail ULA SPF Phishing Platform (conf: 80),TP-0001,dns@cloudflare.com,,,
ftfp.com,0,FP-0008: pickelhost/eye-mail ULA SPF Phishing Platform (conf: 75),TP-0001,admin@giantpanda.com,,,
fuckyoumotherfuckers.com,0,FP-0008: pickelhost/eye-mail ULA SPF Phishing Platform (conf: 75),TP-0001,admin@giantpanda.com,,,
freenret.de,0,FP-0008: pickelhost/eye-mail ULA SPF Phishing Platform (conf: 75),TP-0001,hostmaster@opusdns.com,,,
frontiermail.com,0,FP-0008: pickelhost/eye-mail ULA SPF Phishing Platform (conf: 75),TP-0001,admin@frontiermail.com,,,
fullerrealty.com,0,FP-0008: pickelhost/eye-mail ULA SPF Phishing Platform (conf: 75),TP-0001,admin@giantpanda.com,,,
fxch.com,0,FP-0008: pickelhost/eye-mail ULA SPF Phishing Platform (conf: 75),TP-0001,admin@giantpanda.com,,,
fux0ringduh.com,0,FP-0009: IPIDEA Residential Proxy Network Infrastructure (conf: 80),,dns@interserver.net,,,
fullaircond.xyz,0,FP-0009: IPIDEA Residential Proxy Network Infrastructure (conf: 80),,dns@cloudflare.com,,,
fullcoolmaintenance.xyz,0,FP-0009: IPIDEA Residential Proxy Network Infrastructure (conf: 80),,dns@cloudflare.com,,,
fullfreon.xyz,0,FP-0009: IPIDEA Residential Proxy Network Infrastructure (conf: 80),,dns@cloudflare.com,,,
g.mail.com,0,FP-0007: Typosquat Evasion Infrastructure (conf: 60),TP-0012,,,,
dmv911.com,0,FP-0008: pickelhost/eye-mail ULA SPF Phishing Platform (conf: 75),TP-0001,hostmaster@dmv911.com,,,
gaail.com,0,FP-0008: pickelhost/eye-mail ULA SPF Phishing Platform (conf: 75),TP-0001,admin@giantpanda.com,,,
funbodem.org,0,FP-0009: IPIDEA Residential Proxy Network Infrastructure (conf: 80),,hostmaster@funbodem.org,,,
g-mail.com,0,FP-0007: Typosquat Evasion Infrastructure (conf: 60),TP-0012,cloud-dns-hostmaster@google.com,,,
funnyfail.app,0,FP-0008: pickelhost/eye-mail ULA SPF Phishing Platform (conf: 100),TP-0001,hostmaster@nsone.net,,,
dotman.de,0,FP-0008: pickelhost/eye-mail ULA SPF Phishing Platform (conf: 75),TP-0001,hostmaster@dotman.de,,,
downlowd.com,0,FP-0008: pickelhost/eye-mail ULA SPF Phishing Platform (conf: 75),TP-0001,hostmaster@downlowd.com,,,
dob.jp,0,FP-0011: IP-KVM / Remote-Management Exposure (conf: 15),,root@xserver.jp,,,
garglob.com,0,FLAME:TP-0017,TP-0017,,,,
gamil.com,0,FP-0007: Typosquat Evasion Infrastructure (conf: 80),TP-0013,hostmaster@gamil.com,,,
gailiuzi.icu,0,FP-0008: pickelhost/eye-mail ULA SPF Phishing Platform (conf: 90),TP-0001,hostmaster@gailiuzi.icu,,,
eposta.buzz,0,FP-0011: IP-KVM / Remote-Management Exposure (conf: 80),,hostmaster@hwrn.net,,,
gail.com,0,FP-0007: Typosquat Evasion Infrastructure (conf: 80),TP-0012,dns@cloudflare.com,,,
geamil.com,0,FP-0008: pickelhost/eye-mail ULA SPF Phishing Platform (conf: 75),TP-0001,admin@giantpanda.com,,,
gamail.com,0,"FLAME:TP-0002,TP-0015","TP-0002,TP-0015",hostmaster@sedo.de,,,
geail.com,0,FP-0007: Typosquat Evasion Infrastructure (conf: 60),TP-0012,dns@jomax.net,,,
fubl.at,0,FP-0009: IPIDEA Residential Proxy Network Infrastructure (conf: 80),,hostmaster@easyname.eu,,,
fufuf.bee.pl,0,FP-0009: IPIDEA Residential Proxy Network Infrastructure (conf: 80),,dns@cloudflare.com,,,
gadgetgrocery.com,0,FP-0009: IPIDEA Residential Proxy Network Infrastructure (conf: 80),,master@share-dns.com,,,
froothie.ee,0,FP-0011: IP-KVM / Remote-Management Exposure (conf: 40),,postmaster@froothie.ee,,,
gecicimail.co,0,FLAME:TP-0042,TP-0042,dns@cloudflare.com,,,c0567f8c20b577d8
get-x-777games.top,0,FP-0008: pickelhost/eye-mail ULA SPF Phishing Platform (conf: 90),TP-0001,hostmaster@get-x-777games.top,,,
genetics.farm,0,FP-0008: pickelhost/eye-mail ULA SPF Phishing Platform (conf: 100),TP-0001,hostmaster@nsone.net,,,
genetics.shop,0,FP-0008: pickelhost/eye-mail ULA SPF Phishing Platform (conf: 100),TP-0001,hostmaster@nsone.net,,,
ezwebber.ws,0,FP-0008: pickelhost/eye-mail ULA SPF Phishing Platform (conf: 75),TP-0001,,,,
getx-777-slott.click,0,FLAME:TP-0012,TP-0012,,,,
getvir.org,0,FLAME:TP-0012,TP-0012,,,,
gamezonemail.com,0,FP-0008: pickelhost/eye-mail ULA SPF Phishing Platform (conf: 75),TP-0001,admin@gamezonemail.com,,,
gelitik.in,0,FP-0011: IP-KVM / Remote-Management Exposure (conf: 40),,hostmaster@gelitik.in,,,
gfdyhrtyre.site,0,FLAME:TP-0026,TP-0026,,,,
getnada.com,0,FP-0009: IPIDEA Residential Proxy Network Infrastructure (conf: 80),,dns@cloudflare.com,,,
gbnt.fr,0,FP-0009: IPIDEA Residential Proxy Network Infrastructure (conf: 80),,hostmaster@infomaniak.ch,,,
gftm.com,0,FP-0008: pickelhost/eye-mail ULA SPF Phishing Platform (conf: 75),TP-0001,admin@giantpanda.com,,,
ggmail.website,0,FP-0008: pickelhost/eye-mail ULA SPF Phishing Platform (conf: 90),TP-0001,hostmaster@ggmail.website,,,
ggmail.lol,0,FP-0008: pickelhost/eye-mail ULA SPF Phishing Platform (conf: 90),TP-0001,hostmaster@ggmail.lol,,,
feyerhermt.ws,0,FP-0008: pickelhost/eye-mail ULA SPF Phishing Platform (conf: 75),TP-0001,,,,
gh-v.me,0,FP-0008: pickelhost/eye-mail ULA SPF Phishing Platform (conf: 90),TP-0001,hostmaster@gh-v.me,,,
ghmail.com,0,FP-0008: pickelhost/eye-mail ULA SPF Phishing Platform (conf: 95),TP-0001,admin@giantpanda.com,,,
fajnadomena.pl,0,FP-0009: IPIDEA Residential Proxy Network Infrastructure (conf: 80),,admin@az.pl,,,
giaibt.online,0,"FLAME:TP-0001,TP-0012","TP-0001,TP-0012",,,,
flatfile.ws,0,FP-0008: pickelhost/eye-mail ULA SPF Phishing Platform (conf: 75),TP-0001,,,,
ghvv.click,0,FP-0008: pickelhost/eye-mail ULA SPF Phishing Platform (conf: 90),TP-0001,hostmaster@ghvv.click,,,
ginel.com,0,FP-0008: pickelhost/eye-mail ULA SPF Phishing Platform (conf: 75),TP-0001,admin@giantpanda.com,,,
ggmail.com,0,FP-0008: pickelhost/eye-mail ULA SPF Phishing Platform (conf: 95),TP-0001,admin@ggmail.com,,,
gizbo-casino721.top,0,FP-0008: pickelhost/eye-mail ULA SPF Phishing Platform (conf: 90),TP-0001,hostmaster@gizbo-casino721.top,,,
dudi.com,0,FP-0008: pickelhost/eye-mail ULA SPF Phishing Platform (conf: 75),TP-0001,hostmaster@dudi.com,,,
gizbo-casino911.top,0,FP-0008: pickelhost/eye-mail ULA SPF Phishing Platform (conf: 90),TP-0001,hostmaster@gizbo-casino911.top,,,
gecici.email,0,FP-0009: IPIDEA Residential Proxy Network Infrastructure (conf: 80),,bahadir_davdav@hotmail.com,,,c09a2f65306f711f
getviragra.com,0,FLAME:TP-0012,TP-0012,dns@cloudflare.com,,,
gizbo-play777.buzz,0,FP-0008: pickelhost/eye-mail ULA SPF Phishing Platform (conf: 90),TP-0001,hostmaster@gizbo-play777.buzz,,,
ghhsc.us,0,FLAME:TP-0001,TP-0001,support@spaceship.com,,,
gizbocasino-360.top,0,FP-0008: pickelhost/eye-mail ULA SPF Phishing Platform (conf: 90),TP-0001,hostmaster@gizbocasino-360.top,,,
dwp.net,0,FP-0009: IPIDEA Residential Proxy Network Infrastructure (conf: 80),,cloud-dns-hostmaster@google.com,,,
earhlink.net,0,FP-0008: pickelhost/eye-mail ULA SPF Phishing Platform (conf: 75),TP-0001,hostmaster@earhlink.net,,,
eamil.com,0,FP-0008: pickelhost/eye-mail ULA SPF Phishing Platform (conf: 75),TP-0001,hostmaster@eamil.com,,,
eail.com,0,FP-0008: pickelhost/eye-mail ULA SPF Phishing Platform (conf: 75),TP-0001,hostmaster@eail.com,,,
gmaal.com,0,FP-0007: Typosquat Evasion Infrastructure (conf: 80),TP-0012,dns@jomax.net,,,
earthonline.net,0,FP-0008: pickelhost/eye-mail ULA SPF Phishing Platform (conf: 75),TP-0001,hostmaster@earthonline.net,,,
gilmail.com,0,FP-0008: pickelhost/eye-mail ULA SPF Phishing Platform (conf: 75),TP-0001,admin@gilmail.com,,,
gmaail.com,0,FP-0007: Typosquat Evasion Infrastructure (conf: 80),TP-0012,dns@cloudflare.com,,,
gizmobd.com,0,FP-0009: IPIDEA Residential Proxy Network Infrastructure (conf: 80),,servers@mysecurecloudhost.com,,,
ggxg.fashion,0,FP-0011: IP-KVM / Remote-Management Exposure (conf: 15),,hostmaster@hichina.com,,,
gmaie.com,0,FP-0008: pickelhost/eye-mail ULA SPF Phishing Platform (conf: 75),TP-0001,admin@giantpanda.com,,,
gh-stroy.ru,0,FP-0009: IPIDEA Residential Proxy Network Infrastructure (conf: 80),,hostmaster@beget.com,,,
freezipcode.com,0,FP-0008: pickelhost/eye-mail ULA SPF Phishing Platform (conf: 90),TP-0001,hostmaster@dnsowl.com,,,
gmail.cogmail.com,0,FP-0008: pickelhost/eye-mail ULA SPF Phishing Platform (conf: 75),TP-0001,admin@giantpanda.com,,,
glastonventures.net,0,FP-0009: IPIDEA Residential Proxy Network Infrastructure (conf: 80),,admin@servercabin.com,,,
gmaiil.com,0,FP-0007: Typosquat Evasion Infrastructure (conf: 80),TP-0012,dns@cloudflare.com,,,
gma8l.com,0,FP-0007: Typosquat Evasion Infrastructure (conf: 80),TP-0012,hostmaster@trellian.com,,,
gmaik.com,0,FP-0007: Typosquat Evasion Infrastructure (conf: 60),TP-0012,cloud-dns-hostmaster@google.com,,,
glenmoorcorp.net,0,FP-0009: IPIDEA Residential Proxy Network Infrastructure (conf: 80),,admin@servercabin.com,,,
edul.com,0,FP-0008: pickelhost/eye-mail ULA SPF Phishing Platform (conf: 75),TP-0001,hostmaster@edul.com,,,
gma9il.com,0,FP-0007: Typosquat Evasion Infrastructure (conf: 80),TP-0012,hostmaster@trellian.com,,,
fortgamer.cc,0,FP-0009: IPIDEA Residential Proxy Network Infrastructure (conf: 80),,hostmaster@registrar-servers.com,,,ea8d9432c38ed927
econommail.com,0,FLAME:TP-0067,TP-0067,dns@timeweb.ru,,,
gizbo-slot222.top,0,FP-0008: pickelhost/eye-mail ULA SPF Phishing Platform (conf: 90),TP-0001,hostmaster@gizbo-slot222.top,,,
gmaill.com,0,FP-0007: Typosquat Evasion Infrastructure (conf: 60),TP-0012,cloud-dns-hostmaster@google.com,,,
gmailc.com,0,FP-0007: Typosquat Evasion Infrastructure (conf: 80),TP-0012,hostmaster@gmailc.com,,,
gmailk.com,0,FP-0008: pickelhost/eye-mail ULA SPF Phishing Platform (conf: 95),TP-0001,admin@giantpanda.com,,,
elsevierheritagecollection.org,0,FP-0008: pickelhost/eye-mail ULA SPF Phishing Platform (conf: 75),TP-0001,hostmaster@elsevierheritagecollection.org,,,
gmail0.com,0,FP-0007: Typosquat Evasion Infrastructure (conf: 80),TP-0012,hostmaster@trellian.com,,,
gmai9l.com,0,FP-0007: Typosquat Evasion Infrastructure (conf: 80),TP-0012,hostmaster@trellian.com,,,
elbu.com,0,FP-0008: pickelhost/eye-mail ULA SPF Phishing Platform (conf: 75),TP-0001,hostmaster@elbu.com,,,
gmailr.com,0,FP-0007: Typosquat Evasion Infrastructure (conf: 80),TP-0012,hostmaster@gmailr.com,,,
gmail1.com,0,FP-0007: Typosquat Evasion Infrastructure (conf: 80),TP-0012,hostmaster@trellian.com,,,
gmain.com,0,FP-0008: pickelhost/eye-mail ULA SPF Phishing Platform (conf: 95),TP-0001,admin@giantpanda.com,,,
gmai.com,0,FP-0008: pickelhost/eye-mail ULA SPF Phishing Platform (conf: 95),TP-0001,admin@gmai.com,,,
gmaiul.com,0,FP-0008: pickelhost/eye-mail ULA SPF Phishing Platform (conf: 95),TP-0001,admin@giantpanda.com,,,
gmaila.com,0,FP-0007: Typosquat Evasion Infrastructure (conf: 80),TP-0012,hostmaster@trellian.com,,,
gmailm.com,0,FP-0007: Typosquat Evasion Infrastructure (conf: 80),TP-0012,hostmaster@trellian.com,,,
gmailq.com,0,FP-0008: pickelhost/eye-mail ULA SPF Phishing Platform (conf: 95),TP-0001,admin@gmailq.com,,,
gmailh.com,0,FP-0007: Typosquat Evasion Infrastructure (conf: 60),TP-0012,hostmaster@sedo.de,,,
gmaili.com,0,FP-0007: Typosquat Evasion Infrastructure (conf: 80),TP-0012,hostmaster@trellian.com,,,
gmailnew.com,0,FP-0011: IP-KVM / Remote-Management Exposure (conf: 40),,hostmaster@gmailnew.com,,,
emial.com,0,FP-0008: pickelhost/eye-mail ULA SPF Phishing Platform (conf: 75),TP-0001,hostmaster@emial.com,,,
gmaim.com,0,FP-0007: Typosquat Evasion Infrastructure (conf: 80),TP-0012,hostmaster@trellian.com,,,
gmaiol.com,0,FP-0007: Typosquat Evasion Infrastructure (conf: 80),TP-0012,admin@webmasters.com,,,
gmailt.com,0,FP-0007: Typosquat Evasion Infrastructure (conf: 80),TP-0012,hostmaster@trellian.com,,,
gmailcom.com,0,FP-0008: pickelhost/eye-mail ULA SPF Phishing Platform (conf: 95),TP-0001,admin@gmailcom.com,,,
gmall.com,0,FP-0007: Typosquat Evasion Infrastructure (conf: 60),TP-0012,dns@cloudflare.com,,,
gmaip.com,0,FP-0007: Typosquat Evasion Infrastructure (conf: 80),TP-0012,hostmaster@trellian.com,,,
gmal.com,0,FP-0007: Typosquat Evasion Infrastructure (conf: 60),TP-0012,cloud-dns-hostmaster@google.com,,,
gmakil.com,0,FP-0007: Typosquat Evasion Infrastructure (conf: 80),TP-0012,hostmaster@trellian.com,,,
eop.relieval.com,0,FP-0011: IP-KVM / Remote-Management Exposure (conf: 80),,,,,
gmaio.com,0,FP-0008: pickelhost/eye-mail ULA SPF Phishing Platform (conf: 95),TP-0001,admin@gmaio.com,,,
gadgets.ws,0,FP-0008: pickelhost/eye-mail ULA SPF Phishing Platform (conf: 75),TP-0001,,,,
gmailg.com,0,FP-0008: pickelhost/eye-mail ULA SPF Phishing Platform (conf: 95),TP-0001,admin@gmailg.com,,,
gmasil.com,0,FP-0007: Typosquat Evasion Infrastructure (conf: 80),TP-0012,dns@cloudflare.com,,,d0b42b332ccb0bcf
gmaul.com,0,FP-0007: Typosquat Evasion Infrastructure (conf: 60),TP-0012,cloud-dns-hostmaster@google.com,,,
gmeil.comt.com,0,FP-0008: pickelhost/eye-mail ULA SPF Phishing Platform (conf: 75),TP-0001,admin@giantpanda.com,,,
englishlearn.org,0,FP-0008: pickelhost/eye-mail ULA SPF Phishing Platform (conf: 75),TP-0001,hostmaster@englishlearn.org,,,
gmajl.com,0,FP-0007: Typosquat Evasion Infrastructure (conf: 80),TP-0012,hostmaster@trellian.com,,,
gmeli.com,0,FP-0008: pickelhost/eye-mail ULA SPF Phishing Platform (conf: 75),TP-0001,admin@giantpanda.com,,,
gmali.com,0,FP-0007: Typosquat Evasion Infrastructure (conf: 60),TP-0012,cloud-dns-hostmaster@google.com,,,
gmmail.com,0,FP-0007: Typosquat Evasion Infrastructure (conf: 60),TP-0012,hostmaster@renewyourname.net,,,
gmauo.com,0,FP-0008: pickelhost/eye-mail ULA SPF Phishing Platform (conf: 75),TP-0001,admin@gmauo.com,,,
gmaol.com,0,FP-0008: pickelhost/eye-mail ULA SPF Phishing Platform (conf: 95),TP-0001,admin@gmaol.com,,,
gmil.com,0,FP-0007: Typosquat Evasion Infrastructure (conf: 80),TP-0012,admin@webmasters.com,,,
galaxygate.store,0,FP-0011: IP-KVM / Remote-Management Exposure (conf: 60),,admin@dns.com,,,
gmail5.com,0,FP-0007: Typosquat Evasion Infrastructure (conf: 80),TP-0012,hostmaster@gmail5.com,,,
gmqil.com,0,FP-0007: Typosquat Evasion Infrastructure (conf: 80),TP-0012,dns@jomax.net,,,
gmauil.com,0,FP-0007: Typosquat Evasion Infrastructure (conf: 60),TP-0012,hostmaster@sedo.de,,,
gmsol.com,0,FP-0008: pickelhost/eye-mail ULA SPF Phishing Platform (conf: 75),TP-0001,admin@giantpanda.com,,,
gmeil.com,0,FP-0008: pickelhost/eye-mail ULA SPF Phishing Platform (conf: 95),TP-0001,admin@gmeil.com,,,
gmdil.com,0,FP-0008: pickelhost/eye-mail ULA SPF Phishing Platform (conf: 75),TP-0001,admin@gmdil.com,,,
gmlail.com,0,FP-0007: Typosquat Evasion Infrastructure (conf: 80),TP-0012,hostmaster@trellian.com,,,
gmwail.com,0,FP-0007: Typosquat Evasion Infrastructure (conf: 60),TP-0012,dns@namebright.com,,,
gmsul.com,0,FP-0008: pickelhost/eye-mail ULA SPF Phishing Platform (conf: 75),TP-0001,admin@giantpanda.com,,,
gmiil.com,0,FP-0007: Typosquat Evasion Infrastructure (conf: 80),TP-0012,hostmaster@trellian.com,,,
exterfinance.com,0,FP-0008: pickelhost/eye-mail ULA SPF Phishing Platform (conf: 75),TP-0001,hostmaster@exterfinance.com,,,
gmamil.com,0,FP-0009: IPIDEA Residential Proxy Network Infrastructure (conf: 80),,admin@gmamil.com,,,
gmzil.com,0,FP-0007: Typosquat Evasion Infrastructure (conf: 80),TP-0012,dns@jomax.net,,,
gmall.cm,0,FP-0008: pickelhost/eye-mail ULA SPF Phishing Platform (conf: 75),TP-0001,admin@gmall.cm,,,
gmsail.com,0,FP-0007: Typosquat Evasion Infrastructure (conf: 60),TP-0012,cloud-dns-hostmaster@google.com,,,
gmqail.com,0,FP-0007: Typosquat Evasion Infrastructure (conf: 80),TP-0012,hostmaster@trellian.com,,,
gmill.com,0,FP-0008: pickelhost/eye-mail ULA SPF Phishing Platform (conf: 75),TP-0001,admin@gmill.com,,,
gnmail.com,0,FP-0008: pickelhost/eye-mail ULA SPF Phishing Platform (conf: 95),TP-0001,dns@jomax.net,,,
gmile.com,0,FP-0008: pickelhost/eye-mail ULA SPF Phishing Platform (conf: 75),TP-0001,admin@gmile.com,,,
gmial.com,0,FP-0007: Typosquat Evasion Infrastructure (conf: 60),TP-0012,,,,
gmzail.com,0,FP-0007: Typosquat Evasion Infrastructure (conf: 80),TP-0012,hostmaster@gmzail.com,,,
gmsil.com,0,FP-0007: Typosquat Evasion Infrastructure (conf: 80),TP-0012,dns@jomax.net,,,cc91196f0e4a5b5b
evryjewles.com,0,FP-0008: pickelhost/eye-mail ULA SPF Phishing Platform (conf: 75),TP-0001,admin@evryjewles.com,,,
gmjail.com,0,FP-0008: pickelhost/eye-mail ULA SPF Phishing Platform (conf: 95),TP-0001,admin@gmjail.com,,,
gogal.com,0,FP-0008: pickelhost/eye-mail ULA SPF Phishing Platform (conf: 75),TP-0001,admin@giantpanda.com,,,
goail.com,0,FP-0007: Typosquat Evasion Infrastructure (conf: 60),TP-0012,dns@jomax.net,,,
goldproperties.com,0,FP-0008: pickelhost/eye-mail ULA SPF Phishing Platform (conf: 75),TP-0001,admin@giantpanda.com,,,
gmwil.com,0,FP-0007: Typosquat Evasion Infrastructure (conf: 80),TP-0012,hostmaster@trellian.com,,,
gmpail.com,0,FP-0007: Typosquat Evasion Infrastructure (conf: 80),TP-0012,hostmaster@trellian.com,,,
goacpro.xyz,0,FP-0009: IPIDEA Residential Proxy Network Infrastructure (conf: 80),,dns@cloudflare.com,,,
fasa.com,0,FP-0008: pickelhost/eye-mail ULA SPF Phishing Platform (conf: 75),TP-0001,hostmaster@fasa.com,,,
goldamc.xyz,0,FP-0009: IPIDEA Residential Proxy Network Infrastructure (conf: 80),,dns@cloudflare.com,,,
goldcoolmaintenance.xyz,0,FP-0009: IPIDEA Residential Proxy Network Infrastructure (conf: 80),,dns@cloudflare.com,,,
goldamccare.xyz,0,FP-0009: IPIDEA Residential Proxy Network Infrastructure (conf: 80),,dns@cloudflare.com,,,
gologin.cc,0,FP-0008: pickelhost/eye-mail ULA SPF Phishing Platform (conf: 90),TP-0001,hostmaster@gologin.cc,,,
gomail4.com,0,FP-0008: pickelhost/eye-mail ULA SPF Phishing Platform (conf: 75),TP-0001,hostmaster@gomail4.com,,,
gordonsmith.com,0,FP-0008: pickelhost/eye-mail ULA SPF Phishing Platform (conf: 75),TP-0001,admin@giantpanda.com,,,
fb1.bex.ro,0,FP-0008: pickelhost/eye-mail ULA SPF Phishing Platform (conf: 75),TP-0001,hostmaster@fb1.bex.ro,,,
googlee.com,0,FP-0007: Typosquat Evasion Infrastructure (conf: 60),TP-0012,dns-admin@google.com,,,
first-state.net,0,FP-0008: pickelhost/eye-mail ULA SPF Phishing Platform (conf: 75),TP-0001,hostmaster@first-state.net,,,
finishingtouchfurniturerepair.com,0,FP-0008: pickelhost/eye-mail ULA SPF Phishing Platform (conf: 75),TP-0001,hostmaster@finishingtouchfurniturerepair.com,,,
gnail.co,0,FP-0008: pickelhost/eye-mail ULA SPF Phishing Platform (conf: 75),TP-0001,admin@gnail.co,,,
gouy.com,0,FP-0008: pickelhost/eye-mail ULA SPF Phishing Platform (conf: 75),TP-0001,admin@giantpanda.com,,,
greybar.com,0,FP-0008: pickelhost/eye-mail ULA SPF Phishing Platform (conf: 75),TP-0001,admin@giantpanda.com,,,
gotkmail.com,0,FP-0008: pickelhost/eye-mail ULA SPF Phishing Platform (conf: 75),TP-0001,hostmaster@gotkmail.com,,,
genshinplus.cc,0,FP-0009: IPIDEA Residential Proxy Network Infrastructure (conf: 80),,hostmaster@registrar-servers.com,,,96c7693934c6cb25
greatness.cc,0,FP-0008: pickelhost/eye-mail ULA SPF Phishing Platform (conf: 90),TP-0001,hostmaster@greatness.cc,,,
go2site.info,0,FP-0011: IP-KVM / Remote-Management Exposure (conf: 40),,hostmaster@go2site.info,,,
golfnewsonlinejp.com,0,FP-0008: pickelhost/eye-mail ULA SPF Phishing Platform (conf: 75),TP-0001,admin@golfnewsonlinejp.com,,,
govdep5012.com,0,FP-0008: pickelhost/eye-mail ULA SPF Phishing Platform (conf: 75),TP-0001,hostmaster@govdep5012.com,,,
googmail.com,0,FP-0008: pickelhost/eye-mail ULA SPF Phishing Platform (conf: 75),TP-0001,admin@googmail.com,,,
goldwarez.org,0,FP-0008: pickelhost/eye-mail ULA SPF Phishing Platform (conf: 75),TP-0001,admin@goldwarez.org,,,
gramail.net,0,FP-0009: IPIDEA Residential Proxy Network Infrastructure (conf: 80),,hostmaster@1and1.com,,,
feisty.store,0,FP-0009: IPIDEA Residential Proxy Network Infrastructure (conf: 80),,hostmaster@registrar-servers.com,,,
fkfg.com,0,FP-0008: pickelhost/eye-mail ULA SPF Phishing Platform (conf: 75),TP-0001,hostmaster@fkfg.com,,,
googlet.com,0,FP-0007: Typosquat Evasion Infrastructure (conf: 80),TP-0012,hostmaster@trellian.com,,,
gtmail.com,0,FP-0007: Typosquat Evasion Infrastructure (conf: 60),TP-0012,dns@jomax.net,,,
guadalupe-parish.org,0,FP-0008: pickelhost/eye-mail ULA SPF Phishing Platform (conf: 75),TP-0001,admin@giantpanda.com,,,
flixen.net,0,FP-0009: IPIDEA Residential Proxy Network Infrastructure (conf: 80),,dns@cloudflare.com,,,
guaierzi.icu,0,FP-0008: pickelhost/eye-mail ULA SPF Phishing Platform (conf: 90),TP-0001,hostmaster@guaierzi.icu,,,
gworldshop.com,0,FP-0008: pickelhost/eye-mail ULA SPF Phishing Platform (conf: 75),TP-0001,,,,
grimshawholdings.net,0,FP-0009: IPIDEA Residential Proxy Network Infrastructure (conf: 80),,admin@servercabin.com,,,
floristik.de,0,FP-0008: pickelhost/eye-mail ULA SPF Phishing Platform (conf: 75),TP-0001,hostmaster@floristik.de,,,
gulfacmaintenance.xyz,0,FP-0009: IPIDEA Residential Proxy Network Infrastructure (conf: 80),,dns@cloudflare.com,,,
gptmuramedia.biz.id,0,FP-0011: IP-KVM / Remote-Management Exposure (conf: 15),,dns@cloudflare.com,,,
gulfclimate.xyz,0,FP-0009: IPIDEA Residential Proxy Network Infrastructure (conf: 80),,dns@cloudflare.com,,,
gseomail.com,0,FP-0008: pickelhost/eye-mail ULA SPF Phishing Platform (conf: 100),TP-0001,hostmaster@nsone.net,,,
gwivs.com,0,FP-0011: IP-KVM / Remote-Management Exposure (conf: 60),,admin@dns.com,,,
fowlerwainwright.com,0,FP-0008: pickelhost/eye-mail ULA SPF Phishing Platform (conf: 75),TP-0001,hostmaster@fowlerwainwright.com,,,
guccihandbagjp.com,0,FP-0008: pickelhost/eye-mail ULA SPF Phishing Platform (conf: 75),TP-0001,admin@guccihandbagjp.com,,,
hanjinlogistics.com,0,FP-0008: pickelhost/eye-mail ULA SPF Phishing Platform (conf: 75),TP-0001,admin@giantpanda.com,,,
handymandubaimarina.xyz,0,FP-0009: IPIDEA Residential Proxy Network Infrastructure (conf: 80),,dns@cloudflare.com,,,
gzyp21.net,0,FP-0011: IP-KVM / Remote-Management Exposure (conf: 40),,hostmaster@gzyp21.net,,,
handymanfestivalcity.xyz,0,FP-0009: IPIDEA Residential Proxy Network Infrastructure (conf: 80),,dns@cloudflare.com,,,
gofolic.org,0,FP-0009: IPIDEA Residential Proxy Network Infrastructure (conf: 80),,dns@digicertdns.com,,,e0e13f1ed5d76060
hansonbrick.com,0,FP-0008: pickelhost/eye-mail ULA SPF Phishing Platform (conf: 75),TP-0001,admin@giantpanda.com,,,
hacleaning.org,0,FP-0009: IPIDEA Residential Proxy Network Infrastructure (conf: 80),,hostmaster@hacleaning.org,,,
harmony.com,0,FP-0008: pickelhost/eye-mail ULA SPF Phishing Platform (conf: 75),TP-0001,admin@giantpanda.com,,,
gwcollege.ca,0,FP-0011: IP-KVM / Remote-Management Exposure (conf: 60),,dns@jomax.net,,,bd8cd2b0cd2b2d34
gti.relieval.com,0,FP-0011: IP-KVM / Remote-Management Exposure (conf: 80),,,,,
hartrealty.com,0,FP-0008: pickelhost/eye-mail ULA SPF Phishing Platform (conf: 75),TP-0001,admin@giantpanda.com,,,
gmail8.com,0,FP-0007: Typosquat Evasion Infrastructure (conf: 80),TP-0012,dns@cloudflare.com,,,
haulte.com,0,FP-0008: pickelhost/eye-mail ULA SPF Phishing Platform (conf: 75),TP-0001,admin@giantpanda.com,,,
havery.com,0,FP-0008: pickelhost/eye-mail ULA SPF Phishing Platform (conf: 75),TP-0001,admin@giantpanda.com,,,
frontie.com,0,FP-0008: pickelhost/eye-mail ULA SPF Phishing Platform (conf: 75),TP-0001,admin@frontie.com,,,
har.wtf,0,FP-0011: IP-KVM / Remote-Management Exposure (conf: 60),,admin@dns.com,,,
freenail.hu,0,FP-0008: pickelhost/eye-mail ULA SPF Phishing Platform (conf: 80),TP-0001,postmaster@kibernet.hu,,,
haveys.com,0,FP-0008: pickelhost/eye-mail ULA SPF Phishing Platform (conf: 75),TP-0001,admin@giantpanda.com,,,
hddp.com,0,FP-0008: pickelhost/eye-mail ULA SPF Phishing Platform (conf: 75),TP-0001,admin@giantpanda.com,,,
harthwaite.net,0,FP-0009: IPIDEA Residential Proxy Network Infrastructure (conf: 80),,admin@servercabin.com,,,
fremail.hu,0,FP-0008: pickelhost/eye-mail ULA SPF Phishing Platform (conf: 80),TP-0001,postmaster@kibernet.hu,,,
hellofres.com,0,FP-0008: pickelhost/eye-mail ULA SPF Phishing Platform (conf: 75),TP-0079,admin@giantpanda.com,,,
healthdelivery.info,0,FP-0009: IPIDEA Residential Proxy Network Infrastructure (conf: 80),,tech@ovh.net,,,
fyh.in,0,FP-0008: pickelhost/eye-mail ULA SPF Phishing Platform (conf: 75),TP-0001,hostmaster@fyh.in,,,
healthdietshop.com,0,FP-0008: pickelhost/eye-mail ULA SPF Phishing Platform (conf: 100),TP-0001,hostmaster@nsone.net,,,
hemp.organic,0,FP-0008: pickelhost/eye-mail ULA SPF Phishing Platform (conf: 90),TP-0001,hostmaster@hemp.organic,,,
help.thewisetransfer.click,0,FLAME:TP-0079,TP-0079,,,,
heroncreative.studio,0,FP-0009: IPIDEA Residential Proxy Network Infrastructure (conf: 80),,hostmaster@heroncreative.studio,,,
hausherr.co,0,FP-0009: IPIDEA Residential Proxy Network Infrastructure (conf: 80),,hostmaster@easyname.eu,,,
hgmail.com,0,FP-0007: Typosquat Evasion Infrastructure (conf: 80),TP-0012,dns@cloudflare.com,,,
hhnet.net,0,FP-0008: pickelhost/eye-mail ULA SPF Phishing Platform (conf: 90),TP-0001,hostmaster@hhnet.net,,,
gato.com,0,FP-0008: pickelhost/eye-mail ULA SPF Phishing Platform (conf: 75),TP-0001,hostmaster@gato.com,,,
hfengshui.com,0,FP-0008: pickelhost/eye-mail ULA SPF Phishing Platform (conf: 100),TP-0001,hostmaster@nsone.net,,,
hengely.com,0,FLAME:TP-0079,TP-0079,hostmaster@hengely.com,,,
highquality.com,0,FP-0008: pickelhost/eye-mail ULA SPF Phishing Platform (conf: 75),TP-0001,admin@giantpanda.com,,,
gdcmedia.info,0,FP-0008: pickelhost/eye-mail ULA SPF Phishing Platform (conf: 75),TP-0001,hostmaster@gdcmedia.info,,,
gecigarette.co.uk,0,FP-0008: pickelhost/eye-mail ULA SPF Phishing Platform (conf: 75),TP-0001,hostmaster@gecigarette.co.uk,,,
gmails.com,0,FP-0007: Typosquat Evasion Infrastructure (conf: 60),TP-0012,admin@ename.net,,,
hiltonvr.com,0,FP-0008: pickelhost/eye-mail ULA SPF Phishing Platform (conf: 75),TP-0001,hostmaster@hiltonvr.com,,,
holidayloans.com,0,FP-0008: pickelhost/eye-mail ULA SPF Phishing Platform (conf: 75),TP-0001,admin@giantpanda.com,,,
gmkail.com,0,FP-0007: Typosquat Evasion Infrastructure (conf: 60),TP-0012,master@share-dns.com,,,
genius.in,0,FP-0008: pickelhost/eye-mail ULA SPF Phishing Platform (conf: 75),TP-0001,hostmaster@genius.in,,,
homat.com,0,FP-0008: pickelhost/eye-mail ULA SPF Phishing Platform (conf: 75),TP-0001,admin@giantpanda.com,,,
homeacpro.xyz,0,FP-0009: IPIDEA Residential Proxy Network Infrastructure (conf: 80),,dns@cloudflare.com,,,
homecoolair.xyz,0,FP-0009: IPIDEA Residential Proxy Network Infrastructure (conf: 80),,dns@cloudflare.com,,,
homedepinst.com,0,FP-0008: pickelhost/eye-mail ULA SPF Phishing Platform (conf: 75),TP-0001,hostmaster@homedepinst.com,,,
hidebox.org,0,FP-0011: IP-KVM / Remote-Management Exposure (conf: 40),,hostmaster@hidebox.org,,,
getfreecoupons.org,0,FP-0008: pickelhost/eye-mail ULA SPF Phishing Platform (conf: 75),TP-0001,hostmaster@getfreecoupons.org,,,
homecoolservice.xyz,0,FP-0009: IPIDEA Residential Proxy Network Infrastructure (conf: 80),,dns@cloudflare.com,,,
homil.com,0,FP-0008: pickelhost/eye-mail ULA SPF Phishing Platform (conf: 75),TP-0001,admin@giantpanda.com,,,
gmsil.cm,0,FP-0008: pickelhost/eye-mail ULA SPF Phishing Platform (conf: 75),TP-0001,admin@gmsil.cm,,,
gmaul.cm,0,FP-0008: pickelhost/eye-mail ULA SPF Phishing Platform (conf: 75),TP-0001,admin@gmaul.cm,,,
hongkong.com,0,FP-0008: pickelhost/eye-mail ULA SPF Phishing Platform (conf: 75),TP-0001,admin@giantpanda.com,,,
hornyman.com,0,FP-0008: pickelhost/eye-mail ULA SPF Phishing Platform (conf: 75),TP-0001,admin@giantpanda.com,,,
horny.com,0,FP-0008: pickelhost/eye-mail ULA SPF Phishing Platform (conf: 75),TP-0001,admin@giantpanda.com,,,
hornytoad.com,0,FP-0008: pickelhost/eye-mail ULA SPF Phishing Platform (conf: 75),TP-0001,admin@giantpanda.com,,,
freeail.hu,0,FP-0008: pickelhost/eye-mail ULA SPF Phishing Platform (conf: 80),TP-0001,postmaster@kibernet.hu,,,
homesservicesdubai.xyz,0,FP-0009: IPIDEA Residential Proxy Network Infrastructure (conf: 80),,dns@cloudflare.com,,,
honesthvacpro.xyz,0,FP-0009: IPIDEA Residential Proxy Network Infrastructure (conf: 80),,dns@cloudflare.com,,,
hotgmail.com,0,FP-0008: pickelhost/eye-mail ULA SPF Phishing Platform (conf: 75),TP-0001,admin@giantpanda.com,,,
gggggg.com,0,FP-0008: pickelhost/eye-mail ULA SPF Phishing Platform (conf: 75),TP-0001,hostmaster@gggggg.com,,,
hotimal.com,0,FP-0008: pickelhost/eye-mail ULA SPF Phishing Platform (conf: 75),TP-0001,admin@giantpanda.com,,,
host.host.host.taher.pw,0,FP-0008: pickelhost/eye-mail ULA SPF Phishing Platform (conf: 90),TP-0001,hostmaster@taher.pw,,,
hoptmail.com,0,FP-0008: pickelhost/eye-mail ULA SPF Phishing Platform (conf: 75),TP-0001,admin@hoptmail.com,,,
hotmail-us.top,0,FP-0008: pickelhost/eye-mail ULA SPF Phishing Platform (conf: 90),TP-0001,hostmaster@hotmail-us.top,,,
hello123.com,0,FP-0009: IPIDEA Residential Proxy Network Infrastructure (conf: 80),,hostmaster@hichina.com,,,d29e3cc8f129c674
hotmaio.com,0,FP-0008: pickelhost/eye-mail ULA SPF Phishing Platform (conf: 100),TP-0001,hostmaster@nsone.net,,,
hotmailt.com,0,FP-0008: pickelhost/eye-mail ULA SPF Phishing Platform (conf: 75),TP-0001,admin@hotmailt.com,,,
hotmaila.com,0,FP-0008: pickelhost/eye-mail ULA SPF Phishing Platform (conf: 75),TP-0001,admin@hotmaila.com,,,
gmaeil.com,0,FP-0008: pickelhost/eye-mail ULA SPF Phishing Platform (conf: 75),TP-0001,hostmaster@gmaeil.com,,,
handsfreetelephone.ru,0,FLAME:TP-0042,TP-0042,hostmaster@ns1.reg.ru,,,
handradar.ru,0,FLAME:TP-0042,TP-0042,hostmaster@ns1.reg.ru,,,
handcoding.ru,0,FLAME:TP-0042,TP-0042,hostmaster@ns1.reg.ru,,,
hangonpart.ru,0,FLAME:TP-0042,TP-0042,hostmaster@ns1.reg.ru,,,
handportedhead.ru,0,FLAME:TP-0042,TP-0042,hostmaster@ns1.reg.ru,,,
houtlook.com,0,FP-0008: pickelhost/eye-mail ULA SPF Phishing Platform (conf: 75),TP-0001,admin@giantpanda.com,,,
hs-use.top,0,FP-0008: pickelhost/eye-mail ULA SPF Phishing Platform (conf: 90),TP-0001,hostmaster@hs-use.top,,,
hotpop.com,0,FP-0008: pickelhost/eye-mail ULA SPF Phishing Platform (conf: 75),TP-0001,admin@hotpop.com,,,
htmail.com,0,FP-0008: pickelhost/eye-mail ULA SPF Phishing Platform (conf: 75),TP-0001,admin@giantpanda.com,,,
headphonestest.com,0,FP-0009: IPIDEA Residential Proxy Network Infrastructure (conf: 80),,hostmaster@registrar-servers.com,,,b01946c66f7839f1
httu.com,0,FP-0008: pickelhost/eye-mail ULA SPF Phishing Platform (conf: 75),TP-0001,admin@giantpanda.com,,,
gmakl.com,0,FP-0007: Typosquat Evasion Infrastructure (conf: 80),TP-0012,dns@jomax.net,,,
hubopss.com,0,FP-0008: pickelhost/eye-mail ULA SPF Phishing Platform (conf: 75),TP-0001,hostmaster@hubopss.com,,,
hubsp0t.com,0,FP-0007: Typosquat Evasion Infrastructure (conf: 80),TP-0012,dns@cloudflare.com,,,
humanconnect.com,0,FP-0008: pickelhost/eye-mail ULA SPF Phishing Platform (conf: 75),TP-0001,admin@giantpanda.com,,,
gmeial.com,0,FP-0008: pickelhost/eye-mail ULA SPF Phishing Platform (conf: 75),TP-0001,hostmaster@gmeial.com,,,
gmayahoo.deil.com,0,FP-0008: pickelhost/eye-mail ULA SPF Phishing Platform (conf: 75),TP-0001,hostmaster@gmayahoo.deil.com,,,
hurify1.com,0,FP-0008: pickelhost/eye-mail ULA SPF Phishing Platform (conf: 75),TP-0001,hostmaster@hurify1.com,,,
hvaccaredubai.xyz,0,FP-0009: IPIDEA Residential Proxy Network Infrastructure (conf: 80),,dns@cloudflare.com,,,
hvaccaredxb.xyz,0,FP-0009: IPIDEA Residential Proxy Network Infrastructure (conf: 80),,dns@cloudflare.com,,,
hvacdeskdubai.xyz,0,FP-0009: IPIDEA Residential Proxy Network Infrastructure (conf: 80),,dns@cloudflare.com,,,
hvacinstallations247.xyz,0,FP-0009: IPIDEA Residential Proxy Network Infrastructure (conf: 80),,dns@cloudflare.com,,,
hvacexpertsuae.xyz,0,FP-0009: IPIDEA Residential Proxy Network Infrastructure (conf: 80),,dns@cloudflare.com,,,
herr-der-mails.de,0,FLAME:TP-0067,TP-0067,dnsadmin@ionos.com,,,
hvacinstalldubai.xyz,0,FP-0009: IPIDEA Residential Proxy Network Infrastructure (conf: 80),,dns@cloudflare.com,,,
gmx.ne,0,FP-0008: pickelhost/eye-mail ULA SPF Phishing Platform (conf: 75),TP-0001,support@cloudns.net,,,
gmual.com,0,FP-0008: pickelhost/eye-mail ULA SPF Phishing Platform (conf: 75),TP-0001,admin@gmual.com,,,
hvacrepairuae.xyz,0,FP-0009: IPIDEA Residential Proxy Network Infrastructure (conf: 80),,dns@cloudflare.com,,,
hvacprosdxb.xyz,0,FP-0009: IPIDEA Residential Proxy Network Infrastructure (conf: 80),,dns@cloudflare.com,,,
goko.ga,0,FP-0008: pickelhost/eye-mail ULA SPF Phishing Platform (conf: 75),TP-0001,hostmaster@goko.ga,,,
hpc.tw,0,FP-0011: IP-KVM / Remote-Management Exposure (conf: 60),,hostmaster@hinet.net,,,
hmail.cm,0,FP-0008: pickelhost/eye-mail ULA SPF Phishing Platform (conf: 75),TP-0001,admin@hmail.cm,,,
hvacsatwa.xyz,0,FP-0009: IPIDEA Residential Proxy Network Infrastructure (conf: 80),,dns@cloudflare.com,,,
hyoo.com,0,FP-0008: pickelhost/eye-mail ULA SPF Phishing Platform (conf: 75),TP-0001,admin@giantpanda.com,,,
hxqmail.com,0,FP-0008: pickelhost/eye-mail ULA SPF Phishing Platform (conf: 75),TP-0001,hostmaster@hxqmail.com,,,
hvacservicesdubai.xyz,0,FP-0009: IPIDEA Residential Proxy Network Infrastructure (conf: 80),,dns@cloudflare.com,,,
hvacworksuae.xyz,0,FP-0009: IPIDEA Residential Proxy Network Infrastructure (conf: 80),,dns@cloudflare.com,,,
hvaczonedubai.xyz,0,FP-0009: IPIDEA Residential Proxy Network Infrastructure (conf: 80),,dns@cloudflare.com,,,
hvacunitdxb.xyz,0,FP-0009: IPIDEA Residential Proxy Network Infrastructure (conf: 80),,dns@cloudflare.com,,,
iau.com,0,FP-0008: pickelhost/eye-mail ULA SPF Phishing Platform (conf: 75),TP-0001,admin@giantpanda.com,,,
icefishingnetwork.com,0,FP-0008: pickelhost/eye-mail ULA SPF Phishing Platform (conf: 90),TP-0001,,,,
gnail.com,0,FP-0007: Typosquat Evasion Infrastructure (conf: 80),TP-0012,root@ns.edong.com,,,
iclolud.com,0,FP-0008: pickelhost/eye-mail ULA SPF Phishing Platform (conf: 75),TP-0001,admin@giantpanda.com,,,
googlail.com,0,FP-0008: pickelhost/eye-mail ULA SPF Phishing Platform (conf: 75),TP-0001,admin@googlail.com,,,
iataa.org,0,FP-0008: pickelhost/eye-mail ULA SPF Phishing Platform (conf: 90),TP-0001,hostmaster@iataa.org,,,
icfai.com,0,FP-0008: pickelhost/eye-mail ULA SPF Phishing Platform (conf: 75),TP-0001,admin@giantpanda.com,,,
icanav.net,0,FP-0008: pickelhost/eye-mail ULA SPF Phishing Platform (conf: 75),TP-0001,hostmaster@icanav.net,,,
icloudicloud.com,0,FP-0008: pickelhost/eye-mail ULA SPF Phishing Platform (conf: 75),TP-0001,admin@giantpanda.com,,,
icloued.com,0,FP-0008: pickelhost/eye-mail ULA SPF Phishing Platform (conf: 75),TP-0001,admin@giantpanda.com,,,
i-plus.net,0,FP-0009: IPIDEA Residential Proxy Network Infrastructure (conf: 80),,itmanager@nethosters.com,,,
grond.com,0,FP-0008: pickelhost/eye-mail ULA SPF Phishing Platform (conf: 75),TP-0001,hostmaster@grond.com,,,
gtcc.mailcruiser.com,0,FP-0008: pickelhost/eye-mail ULA SPF Phishing Platform (conf: 75),TP-0001,hostmaster@gtcc.mailcruiser.com,,,
goodmail.work,0,FP-0009: IPIDEA Residential Proxy Network Infrastructure (conf: 80),,hostmaster@registrar-servers.com,,,
idahostatebar.com,0,FP-0008: pickelhost/eye-mail ULA SPF Phishing Platform (conf: 75),TP-0001,admin@giantpanda.com,,,
guerillamail.net,0,FP-0008: pickelhost/eye-mail ULA SPF Phishing Platform (conf: 75),TP-0001,hostmaster@guerillamail.net,,,
idoc.com,0,FP-0008: pickelhost/eye-mail ULA SPF Phishing Platform (conf: 75),TP-0001,admin@giantpanda.com,,,
gnon.org,0,FP-0009: IPIDEA Residential Proxy Network Infrastructure (conf: 80),,hostmaster@registrar-servers.com,,,
idrn.com,0,FP-0007: Typosquat Evasion Infrastructure (conf: 60),TP-0012,dns@jomax.net,,,
idk.org,0,FP-0008: pickelhost/eye-mail ULA SPF Phishing Platform (conf: 75),TP-0001,admin@giantpanda.com,,,
hotmaiol.com,0,FP-0008: pickelhost/eye-mail ULA SPF Phishing Platform (conf: 75),TP-0001,admin@hotmaiol.com,,,
gzb.ro,0,FP-0008: pickelhost/eye-mail ULA SPF Phishing Platform (conf: 75),TP-0001,hostmaster@gzb.ro,,,
icoloud.com,0,FP-0008: pickelhost/eye-mail ULA SPF Phishing Platform (conf: 75),TP-0001,,,,
ieatspam.eu,0,FP-0011: IP-KVM / Remote-Management Exposure (conf: 40),,hostmaster@ieatspam.eu,,,
ibx.com.br,0,FP-0009: IPIDEA Residential Proxy Network Infrastructure (conf: 80),,sysadmin@hmservers.net,,,
hapercollins.com,0,FP-0008: pickelhost/eye-mail ULA SPF Phishing Platform (conf: 75),TP-0001,hostmaster@hapercollins.com,,,
iesvalltenes.cat,0,FP-0009: IPIDEA Residential Proxy Network Infrastructure (conf: 80),,root@dns1.nominalia.com,,,
imstations.com,0,FP-0011: IP-KVM / Remote-Management Exposure (conf: 40),,hostmaster@imstations.com,,,
ikmail.com,0,FP-0009: IPIDEA Residential Proxy Network Infrastructure (conf: 80),,hostmaster@infomaniak.ch,,,
hanmail.net.hanmail.net.mbe.kr,0,FLAME:TP-0067,TP-0067,,,,
hchu.com,0,FP-0008: pickelhost/eye-mail ULA SPF Phishing Platform (conf: 75),TP-0001,hostmaster@hchu.com,,,
hanmail.net.hanmail.net.rao.kr,0,FLAME:TP-0067,TP-0067,,,,
harrigans.com,0,FP-0009: IPIDEA Residential Proxy Network Infrastructure (conf: 80),,admin@dnsimple.com,,,
infinitesupply.com,0,FP-0008: pickelhost/eye-mail ULA SPF Phishing Platform (conf: 75),TP-0001,admin@giantpanda.com,,,
infoindia.com,0,FP-0008: pickelhost/eye-mail ULA SPF Phishing Platform (conf: 75),TP-0001,admin@giantpanda.com,,,
iljmail.com,0,FP-0009: IPIDEA Residential Proxy Network Infrastructure (conf: 80),,dns@digicertdns.com,,,82ddffd0b40c8723
hanmail.net.vay.kr,0,FLAME:TP-0067,TP-0067,,,,
inmail92.com,0,FP-0008: pickelhost/eye-mail ULA SPF Phishing Platform (conf: 75),TP-0001,hostmaster@inmail92.com,,,
infaqu.com,0,FP-0011: IP-KVM / Remote-Management Exposure (conf: 60),,admin@dns.com,,,
installkarama.xyz,0,FP-0009: IPIDEA Residential Proxy Network Infrastructure (conf: 80),,dns@cloudflare.com,,,
installmiddleeast.xyz,0,FP-0009: IPIDEA Residential Proxy Network Infrastructure (conf: 80),,dns@cloudflare.com,,,
hypoadvisor.com,0,FP-0009: IPIDEA Residential Proxy Network Infrastructure (conf: 80),,hostmaster@infomaniak.ch,,,
installmydubai.xyz,0,FP-0009: IPIDEA Residential Proxy Network Infrastructure (conf: 80),,dns@cloudflare.com,,,
innoworld.net,0,FP-0009: IPIDEA Residential Proxy Network Infrastructure (conf: 80),,dns@hostinger.com,,,ab1edca923144d6e
instantaircon.xyz,0,FP-0009: IPIDEA Residential Proxy Network Infrastructure (conf: 80),,dns@cloudflare.com,,,
instantfreon.xyz,0,FP-0009: IPIDEA Residential Proxy Network Infrastructure (conf: 80),,dns@cloudflare.com,,,
intellaprice.com,0,FP-0009: IPIDEA Residential Proxy Network Infrastructure (conf: 80),,root@BLUEHOST.com,,,
instasmail.com,0,FP-0008: pickelhost/eye-mail ULA SPF Phishing Platform (conf: 90),TP-0001,hostmaster@instasmail.com,,,
instantbox.online,0,FP-0011: IP-KVM / Remote-Management Exposure (conf: 60),,admin@dns.com,,,
invql.com,0,FP-0008: pickelhost/eye-mail ULA SPF Phishing Platform (conf: 75),TP-0001,hostmaster@invql.com,,,
hitachi-koki.in,0,FP-0008: pickelhost/eye-mail ULA SPF Phishing Platform (conf: 75),TP-0001,hostmaster@hitachi-koki.in,,,
issue.mxdood.com,0,FP-0008: pickelhost/eye-mail ULA SPF Phishing Platform (conf: 90),TP-0001,,,,
hirenet.net,0,FP-0008: pickelhost/eye-mail ULA SPF Phishing Platform (conf: 75),TP-0001,hostmaster@hirenet.net,,,
hlma.com,0,FP-0008: pickelhost/eye-mail ULA SPF Phishing Platform (conf: 75),TP-0001,hostmaster@hlma.com,,,
it-simple.net,0,FP-0008: pickelhost/eye-mail ULA SPF Phishing Platform (conf: 75),TP-0001,hostmaster@it-simple.net,,,
hmh.ro,0,FP-0008: pickelhost/eye-mail ULA SPF Phishing Platform (conf: 75),TP-0001,hostmaster@hmh.ro,,,
ifmail.com,0,FP-0011: IP-KVM / Remote-Management Exposure (conf: 15),,admin@ifdom.net,,,
homail.cm,0,FP-0008: pickelhost/eye-mail ULA SPF Phishing Platform (conf: 75),TP-0001,admin@homail.cm,,,
itchydog.store,0,FP-0011: IP-KVM / Remote-Management Exposure (conf: 40),,hostmaster@itchydog.store,,,
itrental.com,0,FP-0008: pickelhost/eye-mail ULA SPF Phishing Platform (conf: 100),TP-0001,hostmaster@nsone.net,,,
homewoodareachamber.com,0,FP-0008: pickelhost/eye-mail ULA SPF Phishing Platform (conf: 75),TP-0001,hostmaster@homewoodareachamber.com,,,
iwebtm.com,0,FP-0008: pickelhost/eye-mail ULA SPF Phishing Platform (conf: 75),TP-0001,hostmaster@iwebtm.com,,,
ixp.net,0,FP-0008: pickelhost/eye-mail ULA SPF Phishing Platform (conf: 75),TP-0001,admin@giantpanda.com,,,
host.koin-qq.top,0,FP-0008: pickelhost/eye-mail ULA SPF Phishing Platform (conf: 75),TP-0001,hostmaster@host.koin-qq.top,,,
hormai.com,0,FP-0008: pickelhost/eye-mail ULA SPF Phishing Platform (conf: 75),TP-0001,admin@hormai.com,,,
ivythorn.net,0,FP-0009: IPIDEA Residential Proxy Network Infrastructure (conf: 80),,admin@servercabin.com,,,
ivxo.com,0,FP-0008: pickelhost/eye-mail ULA SPF Phishing Platform (conf: 75),TP-0001,,,,
hotma.com,0,FP-0008: pickelhost/eye-mail ULA SPF Phishing Platform (conf: 75),TP-0001,hostmaster@hotma.com,,,
jace.com,0,FP-0008: pickelhost/eye-mail ULA SPF Phishing Platform (conf: 75),TP-0001,admin@giantpanda.com,,,
hoteloferty.pl,0,FP-0008: pickelhost/eye-mail ULA SPF Phishing Platform (conf: 75),TP-0001,hostmaster@hoteloferty.pl,,,
hotmail.commsn.com,0,FP-0008: pickelhost/eye-mail ULA SPF Phishing Platform (conf: 75),TP-0001,hostmaster@hotmail.commsn.com,,,
izzyandjin.com,0,FP-0009: IPIDEA Residential Proxy Network Infrastructure (conf: 80),,dns@hostinger.com,,,
jabmag.com,0,FLAME:TP-0001,TP-0001,dns@cloudflare.com,,,
jejeje.com,0,FP-0008: pickelhost/eye-mail ULA SPF Phishing Platform (conf: 75),TP-0001,admin@giantpanda.com,,,
googli.com,0,FP-0007: Typosquat Evasion Infrastructure (conf: 60),TP-0012,hostmaster@registrar-servers.com,,,
jenz.com,0,FP-0008: pickelhost/eye-mail ULA SPF Phishing Platform (conf: 75),TP-0001,admin@giantpanda.com,,,
jalcemail.net,0,FP-0008: pickelhost/eye-mail ULA SPF Phishing Platform (conf: 75),TP-0001,hostmaster@jalcemail.net,,,
jetsmails.com,0,FP-0008: pickelhost/eye-mail ULA SPF Phishing Platform (conf: 75),TP-0001,hostmaster@jetsmails.com,,,
how.relieval.com,0,FP-0011: IP-KVM / Remote-Management Exposure (conf: 80),,,,,
j777.info,0,FLAME:TP-0017,TP-0017,dns@cloudflare.com,,,
jamalplace.org,0,FP-0009: IPIDEA Residential Proxy Network Infrastructure (conf: 80),,hostmaster@jamalplace.org,,,
jimbrown.com,0,FP-0008: pickelhost/eye-mail ULA SPF Phishing Platform (conf: 75),TP-0001,admin@giantpanda.com,,,
inphuocthuy.vn,0,FP-0011: IP-KVM / Remote-Management Exposure (conf: 20),,hostmaster@inphuocthuy.vn,,,
jesusmail.com.br,0,FP-0011: IP-KVM / Remote-Management Exposure (conf: 15),,dns@cloudflare.com,,,
injoy.com.my,0,FP-0009: IPIDEA Residential Proxy Network Infrastructure (conf: 80),,servers@mysecurecloudhost.com,,,c1627a9daf62d027
ivyskills.co.za,0,FP-0009: IPIDEA Residential Proxy Network Infrastructure (conf: 80),,hostmaster@ivyskills.co.za,,,
hotmial.com,0,FP-0008: pickelhost/eye-mail ULA SPF Phishing Platform (conf: 75),TP-0001,hostmaster@hotmial.com,,,
hotmal.cm,0,FP-0008: pickelhost/eye-mail ULA SPF Phishing Platform (conf: 75),TP-0001,admin@hotmal.cm,,,
jmanagement.com,0,FP-0008: pickelhost/eye-mail ULA SPF Phishing Platform (conf: 75),TP-0001,admin@giantpanda.com,,,
iznai.ru,0,FP-0009: IPIDEA Residential Proxy Network Infrastructure (conf: 80),,hostmaster@beget.com,,,
grupolove.com,0,FP-0009: IPIDEA Residential Proxy Network Infrastructure (conf: 80),,master@share-dns.com,,,
johnderasia.com,0,FP-0008: pickelhost/eye-mail ULA SPF Phishing Platform (conf: 75),TP-0001,hostmaster@johnderasia.com,,,
hotmilk.com,0,FP-0008: pickelhost/eye-mail ULA SPF Phishing Platform (conf: 75),TP-0001,hostmaster@hotmilk.com,,,
jorney.com,0,FP-0008: pickelhost/eye-mail ULA SPF Phishing Platform (conf: 75),TP-0001,admin@giantpanda.com,,,
jro.com,0,FP-0008: pickelhost/eye-mail ULA SPF Phishing Platform (conf: 75),TP-0001,admin@giantpanda.com,,,
jonsens.cc,0,FP-0008: pickelhost/eye-mail ULA SPF Phishing Platform (conf: 90),TP-0001,hostmaster@jonsens.cc,,,
hotmil.ca,0,FP-0008: pickelhost/eye-mail ULA SPF Phishing Platform (conf: 75),TP-0001,admin@hotmil.ca,,,
jszmail.com,0,FP-0008: pickelhost/eye-mail ULA SPF Phishing Platform (conf: 75),TP-0001,hostmaster@jszmail.com,,,
hznth.com,0,FP-0009: IPIDEA Residential Proxy Network Infrastructure (conf: 80),,hostmaster@hichina.com,,,
joinm3.com,0,FP-0009: IPIDEA Residential Proxy Network Infrastructure (conf: 80),,dns@jomax.net,,,
jonsjav.cc,0,FP-0008: pickelhost/eye-mail ULA SPF Phishing Platform (conf: 90),TP-0001,hostmaster@jonsjav.cc,,,
jungolo.com,0,FP-0008: pickelhost/eye-mail ULA SPF Phishing Platform (conf: 75),TP-0001,admin@giantpanda.com,,,
jsrog.com,0,FP-0009: IPIDEA Residential Proxy Network Infrastructure (conf: 80),,root@register.com,,,
jobseek.com,0,FP-0008: pickelhost/eye-mail ULA SPF Phishing Platform (conf: 80),TP-0001,dns@cloudflare.com,,,
jwnnr.ejx.com,0,FP-0008: pickelhost/eye-mail ULA SPF Phishing Platform (conf: 75),TP-0001,admin@giantpanda.com,,,
jdmadventures.com,0,FP-0009: IPIDEA Residential Proxy Network Infrastructure (conf: 80),,dns@jomax.net,,,d13d16434bc4dcd5
jumeirahmaintenance.com,0,FP-0009: IPIDEA Residential Proxy Network Infrastructure (conf: 80),,dns@cloudflare.com,,,
jumeirahparkmaintenance.com,0,FP-0009: IPIDEA Residential Proxy Network Infrastructure (conf: 80),,dns@cloudflare.com,,,
jjmj.fashion,0,FP-0011: IP-KVM / Remote-Management Exposure (conf: 15),,hostmaster@hichina.com,,,
jgkcr.com,0,FP-0011: IP-KVM / Remote-Management Exposure (conf: 40),,support@spaceship.com,,,
jvcmaintenance.com,0,FP-0009: IPIDEA Residential Proxy Network Infrastructure (conf: 80),,dns@cloudflare.com,,,
jdgang.com,0,FP-0011: IP-KVM / Remote-Management Exposure (conf: 60),,hostmaster@hichina.com,,,
idea.relieval.com,0,FP-0011: IP-KVM / Remote-Management Exposure (conf: 80),,,,,
jvtmaintenance.com,0,FP-0009: IPIDEA Residential Proxy Network Infrastructure (conf: 80),,dns@cloudflare.com,,,
kamismail.com,0,FP-0008: pickelhost/eye-mail ULA SPF Phishing Platform (conf: 75),TP-0001,hostmaster@kamismail.com,,,
jjxj.fashion,0,FP-0011: IP-KVM / Remote-Management Exposure (conf: 15),,hostmaster@hichina.com,,,
kats.com,0,FP-0008: pickelhost/eye-mail ULA SPF Phishing Platform (conf: 75),TP-0001,admin@giantpanda.com,,,
katyisd.com,0,FP-0008: pickelhost/eye-mail ULA SPF Phishing Platform (conf: 75),TP-0001,admin@giantpanda.com,,,
gma2il.com,0,FP-0007: Typosquat Evasion Infrastructure (conf: 60),TP-0012,,,,
kaygroup.top,0,FP-0008: pickelhost/eye-mail ULA SPF Phishing Platform (conf: 90),TP-0001,hostmaster@kaygroup.top,,,
kartina.info,0,FP-0011: IP-KVM / Remote-Management Exposure (conf: 60),,admin@dns.com,,,
k4spr.xyz,0,FP-0009: IPIDEA Residential Proxy Network Infrastructure (conf: 80),,dns@hetzner.com,,,
jjlj.fashion,0,FP-0011: IP-KVM / Remote-Management Exposure (conf: 15),,hostmaster@hichina.com,,,
izbzm.com,0,FP-0009: IPIDEA Residential Proxy Network Infrastructure (conf: 80),,nsadmin@xundns.com,,,
kancotea.in,0,FP-0009: IPIDEA Residential Proxy Network Infrastructure (conf: 80),,ripujitsingh@gmail.com,,,
juma.store,0,FP-0009: IPIDEA Residential Proxy Network Infrastructure (conf: 80),,ns1@youcan.shop,,,
khtyler.com,0,FP-0008: pickelhost/eye-mail ULA SPF Phishing Platform (conf: 75),TP-0001,hostmaster@khtyler.com,,,
karnacology.com,0,FP-0009: IPIDEA Residential Proxy Network Infrastructure (conf: 80),,dns@hostinger.com,,,
hthp.com,0,FP-0008: pickelhost/eye-mail ULA SPF Phishing Platform (conf: 75),TP-0001,hostmaster@hthp.com,,,
kotf.com,0,FP-0008: pickelhost/eye-mail ULA SPF Phishing Platform (conf: 75),TP-0001,admin@giantpanda.com,,,
kleogb.com,0,FP-0008: pickelhost/eye-mail ULA SPF Phishing Platform (conf: 75),TP-0001,hostmaster@kleogb.com,,,
indirect.ws,0,FP-0008: pickelhost/eye-mail ULA SPF Phishing Platform (conf: 75),TP-0001,,,,
kitchk.com,0,FP-0008: pickelhost/eye-mail ULA SPF Phishing Platform (conf: 100),TP-0001,hostmaster@nsone.net,,,
krns.com,0,FP-0008: pickelhost/eye-mail ULA SPF Phishing Platform (conf: 75),TP-0001,admin@giantpanda.com,,,
krogerco.com,0,FP-0008: pickelhost/eye-mail ULA SPF Phishing Platform (conf: 75),TP-0001,admin@giantpanda.com,,,
kilverstone.net,0,FP-0009: IPIDEA Residential Proxy Network Infrastructure (conf: 80),,admin@servercabin.com,,,
htmail.co.uk,0,FP-0008: pickelhost/eye-mail ULA SPF Phishing Platform (conf: 75),TP-0001,admin@htmail.co.uk,,,
kingsholme.net,0,FP-0009: IPIDEA Residential Proxy Network Infrastructure (conf: 80),,admin@servercabin.com,,,
kotor.com,0,FP-0009: IPIDEA Residential Proxy Network Infrastructure (conf: 80),,dns@jomax.net,,,
ktst.com,0,FP-0008: pickelhost/eye-mail ULA SPF Phishing Platform (conf: 75),TP-0001,admin@giantpanda.com,,,
ksdssd.cc,0,FP-0008: pickelhost/eye-mail ULA SPF Phishing Platform (conf: 90),TP-0001,hostmaster@ksdssd.cc,,,
inaothun.net,0,FP-0011: IP-KVM / Remote-Management Exposure (conf: 15),,hostmaster@inaothun.net,,,c65a38b5714a6795
kyotosteakhouse.com,0,FP-0008: pickelhost/eye-mail ULA SPF Phishing Platform (conf: 75),TP-0001,admin@giantpanda.com,,,
labara.com,0,FP-0008: pickelhost/eye-mail ULA SPF Phishing Platform (conf: 75),TP-0001,admin@giantpanda.com,,,
kwl92k.jasdor.store,0,"FLAME:TP-0067,TP-0079","TP-0067,TP-0079",,,,
htmal.cm,0,FP-0008: pickelhost/eye-mail ULA SPF Phishing Platform (conf: 75),TP-0001,admin@htmal.cm,,,
laescuela.com,0,FP-0008: pickelhost/eye-mail ULA SPF Phishing Platform (conf: 75),TP-0001,admin@giantpanda.com,,,
huj.pl,0,FP-0008: pickelhost/eye-mail ULA SPF Phishing Platform (conf: 75),TP-0001,hostmaster@huj.pl,,,
humancoder.com,0,FP-0011: IP-KVM / Remote-Management Exposure (conf: 15),,awsdns-hostmaster@amazon.com,,,
ladyofamerica.com,0,FP-0008: pickelhost/eye-mail ULA SPF Phishing Platform (conf: 75),TP-0001,admin@giantpanda.com,,,
lan-utan-uc-se.com,0,FP-0008: pickelhost/eye-mail ULA SPF Phishing Platform (conf: 90),TP-0001,hostmaster@lan-utan-uc-se.com,,,
lagsixtome.com,0,FP-0008: pickelhost/eye-mail ULA SPF Phishing Platform (conf: 75),TP-0001,hostmaster@lagsixtome.com,,,
kycnot.cc,0,FLAME:TP-0049,TP-0049,dns@cloudflare.com,,,cdf54ee8128b3435
laocaishen.cc,0,FP-0008: pickelhost/eye-mail ULA SPF Phishing Platform (conf: 90),TP-0001,hostmaster@laocaishen.cc,,,
langitpoker.org,0,FP-0008: pickelhost/eye-mail ULA SPF Phishing Platform (conf: 90),TP-0001,hostmaster@langitpoker.org,,,
labebx.com,0,FP-0008: pickelhost/eye-mail ULA SPF Phishing Platform (conf: 95),TP-0001,hostmaster@dnsowl.com,,,
istrategy.ws,0,FP-0008: pickelhost/eye-mail ULA SPF Phishing Platform (conf: 75),TP-0001,,,,
klarabella.nl,0,FP-0011: IP-KVM / Remote-Management Exposure (conf: 60),,hm@mediavillage.nl,,,
laud.net,0,FP-0008: pickelhost/eye-mail ULA SPF Phishing Platform (conf: 75),TP-0001,admin@giantpanda.com,,,
lastconn.site,0,FP-0008: pickelhost/eye-mail ULA SPF Phishing Platform (conf: 100),TP-0001,hostmaster@nsone.net,,,
laposste.net,0,FP-0008: pickelhost/eye-mail ULA SPF Phishing Platform (conf: 75),TP-0069,admin@laposste.net,,,
lcvfdvynb.top,0,"FLAME:TP-0041, TP-0079","TP-0041, TP-0079",,,,
layanmaintenance.com,0,FP-0009: IPIDEA Residential Proxy Network Infrastructure (conf: 80),,dns@cloudflare.com,,,
kt5x.com,0,FP-0009: IPIDEA Residential Proxy Network Infrastructure (conf: 80),,root@arabseedservconis915122.bxcoins.com,,,
kog.be,0,FP-0011: IP-KVM / Remote-Management Exposure (conf: 60),,hm@mediavillage.nl,,,
laytonassoc.com,0,FLAME:TP-0067,TP-0067,cloud-dns-hostmaster@google.com,,,
legendaria.com,0,FP-0008: pickelhost/eye-mail ULA SPF Phishing Platform (conf: 75),TP-0001,admin@giantpanda.com,,,
latierrademisamores.com,0,FP-0009: IPIDEA Residential Proxy Network Infrastructure (conf: 80),,hostmaster@1und1.com,,,90d85e6e6e253527
lege4h.com,0,FP-0008: pickelhost/eye-mail ULA SPF Phishing Platform (conf: 75),TP-0001,hostmaster@lege4h.com,,,
lhk.com,0,FP-0008: pickelhost/eye-mail ULA SPF Phishing Platform (conf: 75),TP-0001,admin@giantpanda.com,,,
laurentsmadja.com,0,FP-0009: IPIDEA Residential Proxy Network Infrastructure (conf: 80),,dns@cloudflare.com,,,f99f84e0c66c43c3
hzxj.isgre.at,0,FP-0008: pickelhost/eye-mail ULA SPF Phishing Platform (conf: 75),TP-0001,hostmaster@hzxj.isgre.at,,,
leaguebet.info,0,FLAME:TP-0079,TP-0079,dns@cloudflare.com,,,
lickmyballs.com,0,FP-0008: pickelhost/eye-mail ULA SPF Phishing Platform (conf: 75),TP-0001,admin@giantpanda.com,,,
lhzoom.com,0,FP-0008: pickelhost/eye-mail ULA SPF Phishing Platform (conf: 90),TP-0001,hostmaster@lhzoom.com,,,
iclud.com,0,FP-0008: pickelhost/eye-mail ULA SPF Phishing Platform (conf: 75),TP-0001,hostmaster@iclud.com,,,
icluoud.com,0,FP-0008: pickelhost/eye-mail ULA SPF Phishing Platform (conf: 75),TP-0001,hostmaster@icluoud.com,,,
icx.in,0,FP-0008: pickelhost/eye-mail ULA SPF Phishing Platform (conf: 75),TP-0001,hostmaster@icx.in,,,
icxloud.com,0,FP-0008: pickelhost/eye-mail ULA SPF Phishing Platform (conf: 75),TP-0001,hostmaster@icxloud.com,,,
iclound.com,0,FP-0008: pickelhost/eye-mail ULA SPF Phishing Platform (conf: 75),TP-0001,hostmaster@iclound.com,,,
lellol.dev,0,FP-0008: pickelhost/eye-mail ULA SPF Phishing Platform (conf: 100),TP-0001,hostmaster@nsone.net,,,
linkbuilding.lol,0,FP-0009: IPIDEA Residential Proxy Network Infrastructure (conf: 80),,root@mi3-cl9-ats5.a2hosting.com,,,
idn-002.mayernetwork.cloud,0,FP-0008: pickelhost/eye-mail ULA SPF Phishing Platform (conf: 75),TP-0001,hostmaster@idn-002.mayernetwork.cloud,,,
lilly.co,0,FP-0008: pickelhost/eye-mail ULA SPF Phishing Platform (conf: 100),TP-0001,hostmaster@nsone.net,,,
link3mail.com,0,FP-0008: pickelhost/eye-mail ULA SPF Phishing Platform (conf: 75),TP-0001,hostmaster@link3mail.com,,,
ifile.com,0,FP-0008: pickelhost/eye-mail ULA SPF Phishing Platform (conf: 75),TP-0001,hostmaster@ifile.com,,,
lindenmere.net,0,FP-0009: IPIDEA Residential Proxy Network Infrastructure (conf: 80),,admin@servercabin.com,,,
loanfast.com,0,FP-0009: IPIDEA Residential Proxy Network Infrastructure (conf: 80),,awsdns-hostmaster@amazon.com,,,960a3fde68a4d02f
livinglegendsmaintenance.com,0,FP-0009: IPIDEA Residential Proxy Network Infrastructure (conf: 80),,dns@cloudflare.com,,,
joml.com,0,FP-0008: pickelhost/eye-mail ULA SPF Phishing Platform (conf: 75),TP-0001,abuse@confluence-networks.com,,,
jagoan.vip,0,FP-0011: IP-KVM / Remote-Management Exposure (conf: 80),,hostmaster@hwrn.net,,,
lockkey.com,0,FP-0008: pickelhost/eye-mail ULA SPF Phishing Platform (conf: 75),TP-0001,admin@giantpanda.com,,,
localamcrepair.xyz,0,FP-0009: IPIDEA Residential Proxy Network Infrastructure (conf: 80),,dns@cloudflare.com,,,
localhvaccare.xyz,0,FP-0009: IPIDEA Residential Proxy Network Infrastructure (conf: 80),,dns@cloudflare.com,,,
imaginged.com,0,FP-0008: pickelhost/eye-mail ULA SPF Phishing Platform (conf: 75),TP-0001,hostmaster@imaginged.com,,,
koreaful.com,0,FP-0009: IPIDEA Residential Proxy Network Infrastructure (conf: 80),,admin@koreaful.com,,,c5ed30b34ccc13b3
imdb1.ru,0,FP-0008: pickelhost/eye-mail ULA SPF Phishing Platform (conf: 75),TP-0001,hostmaster@imdb1.ru,,,
lvvd.com,0,FP-0008: pickelhost/eye-mail ULA SPF Phishing Platform (conf: 75),TP-0001,admin@giantpanda.com,,,
localss.com,0,FP-0008: pickelhost/eye-mail ULA SPF Phishing Platform (conf: 75),TP-0001,,,,
losethed.com,0,FP-0008: pickelhost/eye-mail ULA SPF Phishing Platform (conf: 90),TP-0001,hostmaster@losethed.com,,,
macav.com,0,FP-0008: pickelhost/eye-mail ULA SPF Phishing Platform (conf: 75),TP-0001,admin@giantpanda.com,,,
maika.email,0,FP-0008: pickelhost/eye-mail ULA SPF Phishing Platform (conf: 100),TP-0001,hostmaster@nsone.net,,,
infosol.me,0,FP-0008: pickelhost/eye-mail ULA SPF Phishing Platform (conf: 75),TP-0001,hostmaster@infosol.me,,,
mail.blondmail.com,0,FP-0009: IPIDEA Residential Proxy Network Infrastructure (conf: 80),,,,,
ludi.com,0,FP-0011: IP-KVM / Remote-Management Exposure (conf: 15),,dns@jomax.net,,,
mail.chapsmail.com,0,FP-0009: IPIDEA Residential Proxy Network Infrastructure (conf: 80),,,,,
mail.clowmail.com,0,FP-0009: IPIDEA Residential Proxy Network Infrastructure (conf: 80),,,,,
mail.dropjar.com,0,FP-0009: IPIDEA Residential Proxy Network Infrastructure (conf: 80),,,,,
ktbk.ru,0,FP-0009: IPIDEA Residential Proxy Network Infrastructure (conf: 80),,dns@cloudflare.com,,,
mail.fivermail.com,0,FP-0009: IPIDEA Residential Proxy Network Infrastructure (conf: 80),,,,,
mail.getnada.com,0,FP-0009: IPIDEA Residential Proxy Network Infrastructure (conf: 80),,,,,
internettrading.cz,0,FP-0008: pickelhost/eye-mail ULA SPF Phishing Platform (conf: 75),TP-0001,hostmaster@internettrading.cz,,,
inventonslemondedapres.org,0,FP-0008: pickelhost/eye-mail ULA SPF Phishing Platform (conf: 75),TP-0001,hostmaster@inventonslemondedapres.org,,,
lol646.org,0,FP-0009: IPIDEA Residential Proxy Network Infrastructure (conf: 80),,hostmaster@lol646.org,,,
internet-v-tule.ru,0,FP-0009: IPIDEA Residential Proxy Network Infrastructure (conf: 80),,dns@timeweb.ru,,,
mail.getairmail.com,0,FP-0009: IPIDEA Residential Proxy Network Infrastructure (conf: 80),,,,,
itcompany.in,0,FP-0008: pickelhost/eye-mail ULA SPF Phishing Platform (conf: 75),TP-0001,hostmaster@itcompany.in,,,
mail.getmule.com,0,FP-0009: IPIDEA Residential Proxy Network Infrastructure (conf: 80),,,,,
mail.inboxbear.com,0,FP-0009: IPIDEA Residential Proxy Network Infrastructure (conf: 80),,,,,
mail.mail.taher.pw,0,FP-0008: pickelhost/eye-mail ULA SPF Phishing Platform (conf: 90),TP-0001,hostmaster@taher.pw,,,
locmedia.asia,0,FP-0009: IPIDEA Residential Proxy Network Infrastructure (conf: 80),,hostmaster@locmedia.asia,,,
mail.guysmail.com,0,FP-0009: IPIDEA Residential Proxy Network Infrastructure (conf: 80),,,,,
mail.gimpmail.com,0,FP-0009: IPIDEA Residential Proxy Network Infrastructure (conf: 80),,,,,
mail.givmail.com,0,FP-0009: IPIDEA Residential Proxy Network Infrastructure (conf: 80),,,,,
go2farm.io.vn,0,FP-0011: IP-KVM / Remote-Management Exposure (conf: 15),,,,,
mail.replyloop.com,0,FP-0009: IPIDEA Residential Proxy Network Infrastructure (conf: 80),,,,,
mail.temptami.com,0,FP-0009: IPIDEA Residential Proxy Network Infrastructure (conf: 80),,,,,
mail.robot-mail.com,0,FP-0009: IPIDEA Residential Proxy Network Infrastructure (conf: 80),,,,,
mail.vomoto.com,0,FP-0009: IPIDEA Residential Proxy Network Infrastructure (conf: 80),,,,,
mail.tupmail.com,0,FP-0009: IPIDEA Residential Proxy Network Infrastructure (conf: 80),,,,,
mail.myserv.info,0,FP-0011: IP-KVM / Remote-Management Exposure (conf: 60),,,,,
mailcok.com,0,FP-0011: IP-KVM / Remote-Management Exposure (conf: 60),,admin@dns.com,,,
mail.floriamail.com,0,FP-0011: IP-KVM / Remote-Management Exposure (conf: 15),,,,,9a9e696165274676
mailcupp.com,0,FP-0008: pickelhost/eye-mail ULA SPF Phishing Platform (conf: 75),TP-0001,hostmaster@mailcupp.com,,,
lfsnj.com,0,FP-0011: IP-KVM / Remote-Management Exposure (conf: 15),,dns@jomax.net,,,
mailernam.com,0,FP-0008: pickelhost/eye-mail ULA SPF Phishing Platform (conf: 75),TP-0001,hostmaster@mailernam.com,,,
mailezee.com,0,FP-0008: pickelhost/eye-mail ULA SPF Phishing Platform (conf: 75),TP-0001,hostmaster@mailezee.com,,,
mail.tmwlsw.com,0,FP-0011: IP-KVM / Remote-Management Exposure (conf: 15),,,,,
mailimail.com,0,FP-0008: pickelhost/eye-mail ULA SPF Phishing Platform (conf: 75),TP-0001,hostmaster@mailimail.com,,,
jeme.com,0,FP-0008: pickelhost/eye-mail ULA SPF Phishing Platform (conf: 75),TP-0001,hostmaster@jeme.com,,,
mailhub24.com,0,FP-0008: pickelhost/eye-mail ULA SPF Phishing Platform (conf: 75),TP-0001,hostmaster@mailhub24.com,,,
mailguardianpro.online,0,FP-0011: IP-KVM / Remote-Management Exposure (conf: 40),,hostmaster@mailguardianpro.online,,,
maillei.com,0,FP-0008: pickelhost/eye-mail ULA SPF Phishing Platform (conf: 75),TP-0001,hostmaster@maillei.com,,,
jhptraining.com,0,FP-0008: pickelhost/eye-mail ULA SPF Phishing Platform (conf: 75),TP-0001,hostmaster@jhptraining.com,,,
gf7w.com,0,FP-0009: IPIDEA Residential Proxy Network Infrastructure (conf: 80),,dns@cloudflare.com,,,
mailin8r.com,0,FP-0011: IP-KVM / Remote-Management Exposure (conf: 40),,hostmaster@mailin8r.com,,,
maintdxb.xyz,0,FP-0009: IPIDEA Residential Proxy Network Infrastructure (conf: 80),,dns@cloudflare.com,,,
mail.nievemail.com,0,FP-0011: IP-KVM / Remote-Management Exposure (conf: 15),,,,,9a9e696165274676
mailinator.info,0,FP-0009: IPIDEA Residential Proxy Network Infrastructure (conf: 80),,dns@interserver.net,,,
mailinator.us,0,FP-0011: IP-KVM / Remote-Management Exposure (conf: 40),,hostmaster@mailinator.us,,,
mailtemp.org,0,FP-0011: IP-KVM / Remote-Management Exposure (conf: 15),,dns@jomax.net,,,
macess.com,0,FP-0008: pickelhost/eye-mail ULA SPF Phishing Platform (conf: 75),TP-0001,cloud-dns-hostmaster@google.com,,,
maintenancecitywalk.xyz,0,FP-0009: IPIDEA Residential Proxy Network Infrastructure (conf: 80),,dns@cloudflare.com,,,
mantramail.com,0,FP-0008: pickelhost/eye-mail ULA SPF Phishing Platform (conf: 75),TP-0001,admin@giantpanda.com,,,
maintenancedamachills.xyz,0,FP-0009: IPIDEA Residential Proxy Network Infrastructure (conf: 80),,dns@cloudflare.com,,,
margateschoolofbeauty.net,0,FP-0008: pickelhost/eye-mail ULA SPF Phishing Platform (conf: 75),TP-0001,admin@giantpanda.com,,,
manub.site,0,FP-0011: IP-KVM / Remote-Management Exposure (conf: 60),,admin@dns.com,,,
maintmudon.xyz,0,FP-0009: IPIDEA Residential Proxy Network Infrastructure (conf: 80),,dns@cloudflare.com,,,
maintenancevictory.xyz,0,FP-0009: IPIDEA Residential Proxy Network Infrastructure (conf: 80),,dns@cloudflare.com,,,
masn.com,0,FP-0008: pickelhost/eye-mail ULA SPF Phishing Platform (conf: 75),TP-0001,admin@giantpanda.com,,,
jvllabs.com,0,FP-0008: pickelhost/eye-mail ULA SPF Phishing Platform (conf: 75),TP-0001,hostmaster@jvllabs.com,,,
mariewallacerealestateagentfolsomca.com,0,FP-0009: IPIDEA Residential Proxy Network Infrastructure (conf: 80),,root@gator3121.hostgator.com,,,
jyun.com,0,FP-0008: pickelhost/eye-mail ULA SPF Phishing Platform (conf: 75),TP-0001,hostmaster@jyun.com,,,
k4ds.org,0,FP-0008: pickelhost/eye-mail ULA SPF Phishing Platform (conf: 75),TP-0001,hostmaster@k4ds.org,,,
mariecharlesrealestateagenthumbletx.com,0,FP-0009: IPIDEA Residential Proxy Network Infrastructure (conf: 80),,root@gator3121.hostgator.com,,,
kabbala.com,0,FP-0008: pickelhost/eye-mail ULA SPF Phishing Platform (conf: 75),TP-0001,hostmaster@kabbala.com,,,
masterannual24x7.xyz,0,FP-0009: IPIDEA Residential Proxy Network Infrastructure (conf: 80),,dns@cloudflare.com,,,
master24x7.xyz,0,FP-0009: IPIDEA Residential Proxy Network Infrastructure (conf: 80),,dns@cloudflare.com,,,
masterannualquick.xyz,0,FP-0009: IPIDEA Residential Proxy Network Infrastructure (conf: 80),,dns@cloudflare.com,,,
maks.com,0,FP-0009: IPIDEA Residential Proxy Network Infrastructure (conf: 80),,hostmaster@dreamhost.com,,,a0ea97b44f953585
mastercareae.xyz,0,FP-0009: IPIDEA Residential Proxy Network Infrastructure (conf: 80),,dns@cloudflare.com,,,
kaster.xyz,0,FP-0009: IPIDEA Residential Proxy Network Infrastructure (conf: 80),,hostmaster@registrar-servers.com,,,
mater.org,0,FP-0008: pickelhost/eye-mail ULA SPF Phishing Platform (conf: 75),TP-0001,admin@giantpanda.com,,,
mastercareexpress.xyz,0,FP-0009: IPIDEA Residential Proxy Network Infrastructure (conf: 80),,dns@cloudflare.com,,,
itromail.hu,0,FP-0008: pickelhost/eye-mail ULA SPF Phishing Platform (conf: 80),TP-0001,postmaster@kibernet.hu,,,
maybe.eu,0,FP-0011: IP-KVM / Remote-Management Exposure (conf: 60),,hostmaster@maybe.eu,,,
mcasal.com,0,FP-0009: IPIDEA Residential Proxy Network Infrastructure (conf: 80),,info@name-services.com,,,
kbchelmet.com,0,FP-0008: pickelhost/eye-mail ULA SPF Phishing Platform (conf: 75),TP-0001,hostmaster@kbchelmet.com,,,
mbta.org,0,FP-0009: IPIDEA Residential Proxy Network Infrastructure (conf: 80),,hostmaster@mbta.org,,,
maan.tw,0,FP-0009: IPIDEA Residential Proxy Network Infrastructure (conf: 80),,dns@cloudflare.com,,,
maxrollspins.co,0,FP-0011: IP-KVM / Remote-Management Exposure (conf: 40),,hostmaster@maxrollspins.co,,,
mbrcityservices.com,0,FP-0009: IPIDEA Residential Proxy Network Infrastructure (conf: 80),,dns@cloudflare.com,,,
mcqo.com,0,FP-0008: pickelhost/eye-mail ULA SPF Phishing Platform (conf: 90),TP-0001,hostmaster@mcqo.com,,,
kkkkkk.com,0,FP-0008: pickelhost/eye-mail ULA SPF Phishing Platform (conf: 75),TP-0001,hostmaster@kkkkkk.com,,,
koin-qq.top,0,FP-0008: pickelhost/eye-mail ULA SPF Phishing Platform (conf: 75),TP-0001,hostmaster@koin-qq.top,,,
medicareandmore.info,0,FP-0009: IPIDEA Residential Proxy Network Infrastructure (conf: 80),,hostmaster@medicareandmore.info,,,
klo.com,0,FP-0008: pickelhost/eye-mail ULA SPF Phishing Platform (conf: 75),TP-0001,hostmaster@klo.com,,,
mecatechnic.com,0,FP-0009: IPIDEA Residential Proxy Network Infrastructure (conf: 80),,awsdns-hostmaster@amazon.com,,,942243cf327569db
kopeechka.store,0,FP-0011: IP-KVM / Remote-Management Exposure (conf: 15),,dns@cloudflare.com,,,
meadowsdubaimaintenance.com,0,FP-0009: IPIDEA Residential Proxy Network Infrastructure (conf: 80),,dns@cloudflare.com,,,
meox.com,0,FP-0008: pickelhost/eye-mail ULA SPF Phishing Platform (conf: 75),TP-0001,admin@giantpanda.com,,,
metrocar.com,0,FP-0008: pickelhost/eye-mail ULA SPF Phishing Platform (conf: 75),TP-0001,admin@giantpanda.com,,,
mezian.com,0,FP-0008: pickelhost/eye-mail ULA SPF Phishing Platform (conf: 75),TP-0001,admin@giantpanda.com,,,
kartuhoki.cc,0,FP-0009: IPIDEA Residential Proxy Network Infrastructure (conf: 80),,hostmaster@registrar-servers.com,,,
melbournecrest.net,0,FP-0009: IPIDEA Residential Proxy Network Infrastructure (conf: 80),,admin@servercabin.com,,,
meshfor.com,0,FP-0008: pickelhost/eye-mail ULA SPF Phishing Platform (conf: 75),TP-0001,,,,
krainafinansow.com.pl,0,FP-0008: pickelhost/eye-mail ULA SPF Phishing Platform (conf: 75),TP-0001,hostmaster@krainafinansow.com.pl,,,
kronedigits.ru,0,FP-0008: pickelhost/eye-mail ULA SPF Phishing Platform (conf: 75),TP-0001,hostmaster@kronedigits.ru,,,
marriote.com,0,FP-0008: pickelhost/eye-mail ULA SPF Phishing Platform (conf: 75),TP-0001,admin@marriote.com,,,
milwaukeepolo.com,0,FP-0009: IPIDEA Residential Proxy Network Infrastructure (conf: 80),,admin@milwaukeepolo.com,,,
meridian-technology.com,0,FP-0009: IPIDEA Residential Proxy Network Infrastructure (conf: 80),,sysadmin@o2switch.fr,,,
miramaintenance.com,0,FP-0009: IPIDEA Residential Proxy Network Infrastructure (conf: 80),,dns@cloudflare.com,,,
mmkm.com,0,FP-0008: pickelhost/eye-mail ULA SPF Phishing Platform (conf: 75),TP-0001,admin@giantpanda.com,,,
mirdifmaintenance.com,0,FP-0009: IPIDEA Residential Proxy Network Infrastructure (conf: 80),,dns@cloudflare.com,,,
labas.com,0,FP-0008: pickelhost/eye-mail ULA SPF Phishing Platform (conf: 75),TP-0001,hostmaster@labas.com,,,
moiv.com,0,FP-0008: pickelhost/eye-mail ULA SPF Phishing Platform (conf: 75),TP-0001,admin@giantpanda.com,,,
lagniappe-restaurant.com,0,FP-0008: pickelhost/eye-mail ULA SPF Phishing Platform (conf: 75),TP-0001,hostmaster@lagniappe-restaurant.com,,,
mobilespring.com,0,FP-0008: pickelhost/eye-mail ULA SPF Phishing Platform (conf: 75),TP-0001,admin@giantpanda.com,,,
mmpan.com,0,FP-0011: IP-KVM / Remote-Management Exposure (conf: 60),,admin@dns.com,,,
meingmx.net,0,FP-0009: IPIDEA Residential Proxy Network Infrastructure (conf: 80),,hostmaster@1and1.de,,,
mbejci.com,0,FP-0009: IPIDEA Residential Proxy Network Infrastructure (conf: 80),,root@arabseedservconis915122.bxcoins.com,,,
lancekellar.com,0,FP-0008: pickelhost/eye-mail ULA SPF Phishing Platform (conf: 75),TP-0001,hostmaster@lancekellar.com,,,
money-x9.buzz,0,FP-0008: pickelhost/eye-mail ULA SPF Phishing Platform (conf: 90),TP-0001,hostmaster@money-x9.buzz,,,
mmail.men,0,FP-0008: pickelhost/eye-mail ULA SPF Phishing Platform (conf: 90),TP-0001,hostmaster@mmail.men,,,
mojok34.xyz,0,FP-0009: IPIDEA Residential Proxy Network Infrastructure (conf: 80),,cpanel@tech.namecheap.com,,,
morganstanle.com,0,FP-0007: Typosquat Evasion Infrastructure (conf: 60),TP-0012,postmaster@ms.com,,,
mc-fly.be,0,FP-0009: IPIDEA Residential Proxy Network Infrastructure (conf: 80),,tech@ovh.net,,,
laszlomail.com,0,FP-0008: pickelhost/eye-mail ULA SPF Phishing Platform (conf: 75),TP-0001,hostmaster@laszlomail.com,,,
mpsomaha.com,0,FP-0008: pickelhost/eye-mail ULA SPF Phishing Platform (conf: 75),TP-0001,admin@giantpanda.com,,,
mrisemail.com,0,FP-0008: pickelhost/eye-mail ULA SPF Phishing Platform (conf: 75),TP-0001,hostmaster@mrisemail.com,,,
memorisx.com,0,FP-0009: IPIDEA Residential Proxy Network Infrastructure (conf: 80),,root@arabseedservconis915122.bxcoins.com,,,
latestcnnnews.com,0,FP-0008: pickelhost/eye-mail ULA SPF Phishing Platform (conf: 75),TP-0001,hostmaster@latestcnnnews.com,,,
motorcitymaintenance.com,0,FP-0009: IPIDEA Residential Proxy Network Infrastructure (conf: 80),,dns@cloudflare.com,,,
moorgatecorp.net,0,FP-0009: IPIDEA Residential Proxy Network Infrastructure (conf: 80),,admin@servercabin.com,,,
mirdostavki74.ru,0,FP-0009: IPIDEA Residential Proxy Network Infrastructure (conf: 80),,hostmaster@beget.com,,,
moootech.mooo.com,0,FP-0011: IP-KVM / Remote-Management Exposure (conf: 60),,,,,
mumara.email,0,FP-0011: IP-KVM / Remote-Management Exposure (conf: 60),,admin@dns.com,,,
mwrd.com,0,FP-0008: pickelhost/eye-mail ULA SPF Phishing Platform (conf: 75),TP-0001,admin@giantpanda.com,,,
msgbox.com,0,FP-0009: IPIDEA Residential Proxy Network Infrastructure (conf: 80),,hostmaster@msgbox.com,,,
morphiusfilm.com,0,FP-0009: IPIDEA Residential Proxy Network Infrastructure (conf: 80),,master@share-dns.com,,,
mudonmaintenance.com,0,FP-0009: IPIDEA Residential Proxy Network Infrastructure (conf: 80),,dns@cloudflare.com,,,
mpop.app,0,FP-0009: IPIDEA Residential Proxy Network Infrastructure (conf: 80),,hostmaster@registrar-servers.com,,,d4db6174945e43d1
mourouzis.com,0,FP-0009: IPIDEA Residential Proxy Network Infrastructure (conf: 80),,support@papaki.gr,,,
leeschool.net,0,FP-0008: pickelhost/eye-mail ULA SPF Phishing Platform (conf: 75),TP-0001,hostmaster@leeschool.net,,,
mylaptop.com,0,FP-0008: pickelhost/eye-mail ULA SPF Phishing Platform (conf: 75),TP-0001,admin@giantpanda.com,,,
mailart.ws,0,FP-0008: pickelhost/eye-mail ULA SPF Phishing Platform (conf: 75),TP-0001,,,,
misstol.com,0,FP-0009: IPIDEA Residential Proxy Network Infrastructure (conf: 80),,root@arabseedservconis915122.bxcoins.com,,,
myairconpro.xyz,0,FP-0009: IPIDEA Residential Proxy Network Infrastructure (conf: 80),,dns@cloudflare.com,,,
mythereesa.com,0,"FLAME:TP-0063, TP-0079","TP-0063, TP-0079",admin@giantpanda.com,,,
lgiw.com,0,FP-0008: pickelhost/eye-mail ULA SPF Phishing Platform (conf: 75),TP-0001,hostmaster@lgiw.com,,,
mytrumail.com,0,FP-0008: pickelhost/eye-mail ULA SPF Phishing Platform (conf: 75),TP-0001,hostmaster@mytrumail.com,,,
myyahoo.co,0,FP-0008: pickelhost/eye-mail ULA SPF Phishing Platform (conf: 75),TP-0001,admin@giantpanda.com,,,
myweather.net,0,FLAME:TP-0079,TP-0079,hostmaster@nsone.net,,,
liberomail.com,0,FP-0008: pickelhost/eye-mail ULA SPF Phishing Platform (conf: 75),TP-0001,hostmaster@liberomail.com,,,
myserv.info,0,FP-0011: IP-KVM / Remote-Management Exposure (conf: 60),,tech@ovh.net,,,
like.no,0,FP-0008: pickelhost/eye-mail ULA SPF Phishing Platform (conf: 75),TP-0001,hostmaster@like.no,,,
mysansan.foo,0,FLAME:TP-0079,TP-0079,dns@cloudflare.com,,,
nameplanet.com,0,FP-0008: pickelhost/eye-mail ULA SPF Phishing Platform (conf: 75),TP-0001,admin@giantpanda.com,,,
linozemtseva.com,0,FP-0008: pickelhost/eye-mail ULA SPF Phishing Platform (conf: 75),TP-0001,hostmaster@linozemtseva.com,,,
mytvisonfire.com,0,FP-0008: pickelhost/eye-mail ULA SPF Phishing Platform (conf: 100),TP-0001,hostmaster@nsone.net,,,
nando1.com,0,FP-0008: pickelhost/eye-mail ULA SPF Phishing Platform (conf: 75),TP-0001,hostmaster@nando1.com,,,
lithium.info,0,FP-0008: pickelhost/eye-mail ULA SPF Phishing Platform (conf: 75),TP-0001,hostmaster@lithium.info,,,
natweat.com,0,FP-0008: pickelhost/eye-mail ULA SPF Phishing Platform (conf: 75),TP-0001,admin@giantpanda.com,,,
nadalshebaservices.com,0,FP-0009: IPIDEA Residential Proxy Network Infrastructure (conf: 80),,dns@cloudflare.com,,,
mtsdi.com,0,FP-0009: IPIDEA Residential Proxy Network Infrastructure (conf: 80),,root@arabseedservconis915122.bxcoins.com,,,
mynetstore.de,0,FP-0011: IP-KVM / Remote-Management Exposure (conf: 40),,hostmaster@mynetstore.de,,,
liveforyounow.com,0,FP-0008: pickelhost/eye-mail ULA SPF Phishing Platform (conf: 75),TP-0001,hostmaster@liveforyounow.com,,,
linseyalexander.com,0,FP-0008: pickelhost/eye-mail ULA SPF Phishing Platform (conf: 75),TP-0001,hostmaster@linseyalexander.com,,,
ndiw.com,0,FP-0008: pickelhost/eye-mail ULA SPF Phishing Platform (conf: 75),TP-0001,admin@giantpanda.com,,,
mysteryion.com,0,FLAME:TP-0079,TP-0079,hostmaster@mysteryion.com,,,
neeman-medical.com,0,FP-0008: pickelhost/eye-mail ULA SPF Phishing Platform (conf: 75),TP-0001,admin@giantpanda.com,,,
nbva.com,0,FP-0008: pickelhost/eye-mail ULA SPF Phishing Platform (conf: 75),TP-0001,admin@giantpanda.com,,,
llllll.com,0,FP-0008: pickelhost/eye-mail ULA SPF Phishing Platform (conf: 75),TP-0001,hostmaster@llllll.com,,,
netplus.ca,0,FP-0008: pickelhost/eye-mail ULA SPF Phishing Platform (conf: 75),TP-0001,admin@giantpanda.com,,,
netone.com,0,FP-0008: pickelhost/eye-mail ULA SPF Phishing Platform (conf: 75),TP-0001,admin@giantpanda.com,,,
netmail3.net,0,FP-0008: pickelhost/eye-mail ULA SPF Phishing Platform (conf: 75),TP-0001,hostmaster@netmail3.net,,,
net3mail.com,0,FP-0008: pickelhost/eye-mail ULA SPF Phishing Platform (conf: 75),TP-0001,hostmaster@net3mail.com,,,
megavision.net.id,0,FP-0011: IP-KVM / Remote-Management Exposure (conf: 60),,hostmaster@starnet.net.id,,,
network-source.com,0,FP-0008: pickelhost/eye-mail ULA SPF Phishing Platform (conf: 75),TP-0001,hostmaster@network-source.com,,,
iwmq.com,0,FP-0008: pickelhost/eye-mail ULA SPF Phishing Platform (conf: 75),TP-0001,hostmaster@dnsowl.com,,,
newe-mail.com,0,FP-0008: pickelhost/eye-mail ULA SPF Phishing Platform (conf: 75),TP-0001,hostmaster@newe-mail.com,,,
live.cm,0,FP-0008: pickelhost/eye-mail ULA SPF Phishing Platform (conf: 75),TP-0001,admin@live.cm,,,
mailmez.online,0,FP-0009: IPIDEA Residential Proxy Network Infrastructure (conf: 80),,hostmaster@registrar-servers.com,,,
nevyxus.com,0,FP-0008: pickelhost/eye-mail ULA SPF Phishing Platform (conf: 75),TP-0001,hostmaster@nevyxus.com,,,
newairconpro.xyz,0,FP-0009: IPIDEA Residential Proxy Network Infrastructure (conf: 80),,dns@cloudflare.com,,,
nexthandyman.xyz,0,FP-0009: IPIDEA Residential Proxy Network Infrastructure (conf: 80),,dns@cloudflare.com,,,
nicnic.pro,0,FP-0008: pickelhost/eye-mail ULA SPF Phishing Platform (conf: 75),TP-0001,admin@giantpanda.com,,,
nethercottventures.net,0,FP-0009: IPIDEA Residential Proxy Network Infrastructure (conf: 80),,admin@servercabin.com,,,
nichaoxing.cc,0,FP-0008: pickelhost/eye-mail ULA SPF Phishing Platform (conf: 90),TP-0001,hostmaster@nichaoxing.cc,,,
nmsu.com,0,FP-0008: pickelhost/eye-mail ULA SPF Phishing Platform (conf: 75),TP-0001,admin@giantpanda.com,,,
love.info,0,FP-0008: pickelhost/eye-mail ULA SPF Phishing Platform (conf: 75),TP-0001,hostmaster@love.info,,,
nihennaisi188.cc,0,FP-0008: pickelhost/eye-mail ULA SPF Phishing Platform (conf: 90),TP-0001,hostmaster@nihennaisi188.cc,,,
nmsr.com,0,FP-0008: pickelhost/eye-mail ULA SPF Phishing Platform (conf: 75),TP-0001,admin@giantpanda.com,,,
nijmail.com,0,FP-0011: IP-KVM / Remote-Management Exposure (conf: 20),,hostmaster@registrar-servers.com,,,
nexus388.org,0,FP-0008: pickelhost/eye-mail ULA SPF Phishing Platform (conf: 90),TP-0001,hostmaster@nexus388.org,,,
maal.com,0,FP-0008: pickelhost/eye-mail ULA SPF Phishing Platform (conf: 75),TP-0001,hostmaster@maal.com,,,
n7ob.com,0,FP-0009: IPIDEA Residential Proxy Network Infrastructure (conf: 80),,root@arabseedservconis915122.bxcoins.com,,,
nbabasketball.info,0,FP-0009: IPIDEA Residential Proxy Network Infrastructure (conf: 80),,dns@hostinger.com,,,
nodomain.com,0,FP-0009: IPIDEA Residential Proxy Network Infrastructure (conf: 80),,hostmaster@nodomain.com,,,
noblefacility.xyz,0,FP-0009: IPIDEA Residential Proxy Network Infrastructure (conf: 80),,dns@cloudflare.com,,,
nomylo.com,0,FP-0009: IPIDEA Residential Proxy Network Infrastructure (conf: 80),,root@register.com,,,
novodisk.com,0,FP-0008: pickelhost/eye-mail ULA SPF Phishing Platform (conf: 75),TP-0001,admin@giantpanda.com,,,
notallowed.com,0,FP-0008: pickelhost/eye-mail ULA SPF Phishing Platform (conf: 75),TP-0001,admin@giantpanda.com,,,
nokorea.net,0,FP-0008: pickelhost/eye-mail ULA SPF Phishing Platform (conf: 90),TP-0001,hostmaster@nokorea.net,,,
ntlm.ca,0,FP-0009: IPIDEA Residential Proxy Network Infrastructure (conf: 80),,hostmaster@registrar-servers.com,,,
nishen.site,0,FP-0011: IP-KVM / Remote-Management Exposure (conf: 15),,freednsadmin@dnspod.com,,,
ns1020034.ip-15-204-213.us,0,FP-0009: IPIDEA Residential Proxy Network Infrastructure (conf: 80),,,,,
nthrl.com,0,FP-0009: IPIDEA Residential Proxy Network Infrastructure (conf: 80),,dns@interserver.net,,,
northcoastbconline.com,0,FP-0008: pickelhost/eye-mail ULA SPF Phishing Platform (conf: 100),TP-0001,hostmaster@nsone.net,,,
melhor.ws,0,FP-0008: pickelhost/eye-mail ULA SPF Phishing Platform (conf: 75),TP-0001,,,,
nyedu.com,0,FP-0008: pickelhost/eye-mail ULA SPF Phishing Platform (conf: 75),TP-0001,admin@giantpanda.com,,,
nofear.space,0,FP-0011: IP-KVM / Remote-Management Exposure (conf: 15),,freednsadmin@dnspod.com,,,
morehouse.vn,0,FP-0011: IP-KVM / Remote-Management Exposure (conf: 15),,postmaster@inet.vn,,,a7e19393d04ecc95
ns1.fmailler.net,0,FP-0011: IP-KVM / Remote-Management Exposure (conf: 15),,,,,9a9e696165274676
nutrelino.com,0,FP-0009: IPIDEA Residential Proxy Network Infrastructure (conf: 80),,admin@websupport.sk,,,959668016fcd35b6
nm123.com,0,FP-0009: IPIDEA Residential Proxy Network Infrastructure (conf: 80),,hostmaster@hichina.com,,,
officemalaga.com,0,FP-0008: pickelhost/eye-mail ULA SPF Phishing Platform (conf: 75),TP-0001,hostmaster@officemalaga.com,,,
mail.freetown.com,0,FP-0008: pickelhost/eye-mail ULA SPF Phishing Platform (conf: 75),TP-0001,hostmaster@mail.freetown.com,,,
money4ugdi.ws,0,FP-0008: pickelhost/eye-mail ULA SPF Phishing Platform (conf: 75),TP-0001,,,,
mem.relieval.com,0,FP-0011: IP-KVM / Remote-Management Exposure (conf: 80),,,,,
nyayou.com,0,FP-0009: IPIDEA Residential Proxy Network Infrastructure (conf: 80),,dns@jomax.net,,,
ok420dr.com,0,FP-0008: pickelhost/eye-mail ULA SPF Phishing Platform (conf: 100),TP-0001,hostmaster@nsone.net,,,
oldhamgroup.net,0,FP-0009: IPIDEA Residential Proxy Network Infrastructure (conf: 80),,admin@servercabin.com,,,
oldcrestgroup.net,0,FP-0009: IPIDEA Residential Proxy Network Infrastructure (conf: 80),,admin@servercabin.com,,,
o2cr.com,0,FP-0009: IPIDEA Residential Proxy Network Infrastructure (conf: 80),,root@arabseedservconis915122.bxcoins.com,,,
oneaircon.xyz,0,FP-0009: IPIDEA Residential Proxy Network Infrastructure (conf: 80),,dns@cloudflare.com,,,
olmail.com,0,FP-0009: IPIDEA Residential Proxy Network Infrastructure (conf: 80),,admin@olmail.com,,,
oneamcservice.xyz,0,FP-0009: IPIDEA Residential Proxy Network Infrastructure (conf: 80),,dns@cloudflare.com,,,
omerfaruksahin.com,0,FP-0011: IP-KVM / Remote-Management Exposure (conf: 60),,dns@cloudflare.com,,,
mailboxt.net,0,FP-0008: pickelhost/eye-mail ULA SPF Phishing Platform (conf: 75),TP-0001,hostmaster@mailboxt.net,,,
onestopduct.xyz,0,FP-0009: IPIDEA Residential Proxy Network Infrastructure (conf: 80),,dns@cloudflare.com,,,
mailbr.com.br,0,FP-0008: pickelhost/eye-mail ULA SPF Phishing Platform (conf: 75),TP-0001,hostmaster@mailbr.com.br,,,
mailcruiser.com,0,FP-0008: pickelhost/eye-mail ULA SPF Phishing Platform (conf: 75),TP-0001,hostmaster@mailcruiser.com,,,
oniaj.com,0,FP-0008: pickelhost/eye-mail ULA SPF Phishing Platform (conf: 90),TP-0001,hostmaster@oniaj.com,,,
omegaservices.in,0,FP-0009: IPIDEA Residential Proxy Network Infrastructure (conf: 80),,dns@hostinger.com,,,
onlinemailbox.cc,0,FP-0009: IPIDEA Residential Proxy Network Infrastructure (conf: 80),,admin@liquidweb.com,,,
multitradesrecruit.co.uk,0,FP-0008: pickelhost/eye-mail ULA SPF Phishing Platform (conf: 75),TP-0001,admin@multitradesrecruit.co.uk,,,
ootlook.com,0,FP-0008: pickelhost/eye-mail ULA SPF Phishing Platform (conf: 75),TP-0001,admin@giantpanda.com,,,
onvillage.com,0,FP-0009: IPIDEA Residential Proxy Network Infrastructure (conf: 80),,dnsadm@choopa.com,,,
mailfrs.com,0,FP-0009: IPIDEA Residential Proxy Network Infrastructure (conf: 80),,hostmaster@registrar-servers.com,,,
optiimum.net,0,FP-0008: pickelhost/eye-mail ULA SPF Phishing Platform (conf: 75),TP-0001,admin@giantpanda.com,,,
optinum.net,0,FP-0008: pickelhost/eye-mail ULA SPF Phishing Platform (conf: 75),TP-0001,admin@giantpanda.com,,,
onlatedotcom.info,0,FP-0009: IPIDEA Residential Proxy Network Infrastructure (conf: 80),,hostmaster@zelosaustria.com,,,
malibucoding.com,0,FP-0009: IPIDEA Residential Proxy Network Infrastructure (conf: 80),,awsdns-hostmaster@amazon.com,,,
mariannehallberg.se,0,FP-0008: pickelhost/eye-mail ULA SPF Phishing Platform (conf: 75),TP-0001,hostmaster@mariannehallberg.se,,,
newyearfreepas.ws,0,FP-0008: pickelhost/eye-mail ULA SPF Phishing Platform (conf: 75),TP-0001,,,,
oqbr.com,0,FP-0008: pickelhost/eye-mail ULA SPF Phishing Platform (conf: 90),TP-0001,hostmaster@oqbr.com,,,
marsattack.com,0,FP-0008: pickelhost/eye-mail ULA SPF Phishing Platform (conf: 75),TP-0001,hostmaster@marsattack.com,,,
oopi.org,0,FP-0011: IP-KVM / Remote-Management Exposure (conf: 40),,hostmaster@oopi.org,,,
oriellyautoparts.com,0,FP-0008: pickelhost/eye-mail ULA SPF Phishing Platform (conf: 75),TP-0001,admin@giantpanda.com,,,
oryxhvacmaintenance.xyz,0,FP-0009: IPIDEA Residential Proxy Network Infrastructure (conf: 80),,dns@cloudflare.com,,,
nikeairjp.com,0,FP-0008: pickelhost/eye-mail ULA SPF Phishing Platform (conf: 75),TP-0001,admin@nikeairjp.com,,,
mcdrives.com,0,FP-0008: pickelhost/eye-mail ULA SPF Phishing Platform (conf: 75),TP-0001,hostmaster@mcdrives.com,,,
oricle.com,0,FP-0007: Typosquat Evasion Infrastructure (conf: 80),TP-0012,hostmaster@trellian.com,,,
megago.com,0,FP-0008: pickelhost/eye-mail ULA SPF Phishing Platform (conf: 75),TP-0001,hostmaster@megago.com,,,
orotonmail.com,0,FP-0008: pickelhost/eye-mail ULA SPF Phishing Platform (conf: 75),TP-0001,admin@orotonmail.com,,,
mfsa.info,0,FP-0008: pickelhost/eye-mail ULA SPF Phishing Platform (conf: 75),TP-0001,hostmaster@mfsa.info,,,
mindstring.com,0,FP-0008: pickelhost/eye-mail ULA SPF Phishing Platform (conf: 75),TP-0001,hostmaster@mindstring.com,,,
osamail.com,0,FP-0011: IP-KVM / Remote-Management Exposure (conf: 60),,dns@jomax.net,,,
ord.biz.st,0,FP-0011: IP-KVM / Remote-Management Exposure (conf: 15),,,,,
oultlook.com,0,FP-0008: pickelhost/eye-mail ULA SPF Phishing Platform (conf: 75),TP-0001,admin@giantpanda.com,,,
ntservices.xyz,0,FP-0009: IPIDEA Residential Proxy Network Infrastructure (conf: 80),,hostmaster@registrar-servers.com,,,
osbert.me,0,FP-0009: IPIDEA Residential Proxy Network Infrastructure (conf: 80),,hostmaster@nsone.net,,,
outllok.com,0,FP-0008: pickelhost/eye-mail ULA SPF Phishing Platform (conf: 75),TP-0001,admin@giantpanda.com,,,
mgail.cm,0,FP-0008: pickelhost/eye-mail ULA SPF Phishing Platform (conf: 75),TP-0001,admin@mgail.cm,,,
outlo.com,0,FP-0008: pickelhost/eye-mail ULA SPF Phishing Platform (conf: 75),TP-0001,admin@giantpanda.com,,,
missing-e.com,0,FP-0008: pickelhost/eye-mail ULA SPF Phishing Platform (conf: 75),TP-0001,hostmaster@missing-e.com,,,
mitrabisa.com,0,FP-0011: IP-KVM / Remote-Management Exposure (conf: 15),,cloud-dns-hostmaster@google.com,,,
outluk.com,0,FP-0008: pickelhost/eye-mail ULA SPF Phishing Platform (conf: 75),TP-0001,admin@giantpanda.com,,,
moncker.com,0,FP-0008: pickelhost/eye-mail ULA SPF Phishing Platform (conf: 75),TP-0001,hostmaster@moncker.com,,,
mooniac.com,0,FP-0008: pickelhost/eye-mail ULA SPF Phishing Platform (conf: 75),TP-0001,hostmaster@mooniac.com,,,
outook.com,0,FP-0008: pickelhost/eye-mail ULA SPF Phishing Platform (conf: 75),TP-0001,admin@giantpanda.com,,,
ohdk.ws,0,FP-0008: pickelhost/eye-mail ULA SPF Phishing Platform (conf: 75),TP-0001,,,,
overlook.com,0,FP-0008: pickelhost/eye-mail ULA SPF Phishing Platform (conf: 75),TP-0001,admin@giantpanda.com,,,
otselot.com,0,FP-0009: IPIDEA Residential Proxy Network Infrastructure (conf: 80),,root@arabseedservconis915122.bxcoins.com,,,
outlokk.com,0,FP-0008: pickelhost/eye-mail ULA SPF Phishing Platform (conf: 75),TP-0001,admin@outlokk.com,,,
motorhomepage.com,0,FP-0008: pickelhost/eye-mail ULA SPF Phishing Platform (conf: 75),TP-0001,hostmaster@motorhomepage.com,,,
outloook.com,0,FP-0008: pickelhost/eye-mail ULA SPF Phishing Platform (conf: 75),TP-0001,admin@outloook.com,,,
mta.com,0,FP-0007: Typosquat Evasion Infrastructure (conf: 80),TP-0012,dns@cloudflare.com,,,
outook.fr,0,FP-0008: pickelhost/eye-mail ULA SPF Phishing Platform (conf: 75),TP-0001,,,,
onecloud.ws,0,FP-0008: pickelhost/eye-mail ULA SPF Phishing Platform (conf: 75),TP-0001,,,,
musikayok.ru,0,FP-0008: pickelhost/eye-mail ULA SPF Phishing Platform (conf: 75),TP-0001,hostmaster@musikayok.ru,,,
mybirthday.com,0,FP-0008: pickelhost/eye-mail ULA SPF Phishing Platform (conf: 75),TP-0001,hostmaster@mybirthday.com,,,
my.stlcc.com,0,FP-0008: pickelhost/eye-mail ULA SPF Phishing Platform (conf: 75),TP-0001,hostmaster@my.stlcc.com,,,
owlzo.com,0,FP-0009: IPIDEA Residential Proxy Network Infrastructure (conf: 80),,dns@hostinger.com,,,f54b023d1f702c76
ozra.com,0,FP-0008: pickelhost/eye-mail ULA SPF Phishing Platform (conf: 75),TP-0001,admin@giantpanda.com,,,
overseas.co.uk,0,FP-0009: IPIDEA Residential Proxy Network Infrastructure (conf: 80),,hostmaster@1und1.com,,,
oxbridgeholdings.net,0,FP-0009: IPIDEA Residential Proxy Network Infrastructure (conf: 80),,admin@servercabin.com,,,
mybox.it,0,FP-0008: pickelhost/eye-mail ULA SPF Phishing Platform (conf: 75),TP-0001,hostmaster@mybox.it,,,
p-y.cc,0,FP-0008: pickelhost/eye-mail ULA SPF Phishing Platform (conf: 90),TP-0001,hostmaster@p-y.cc,,,
mytaxes.com,0,FP-0008: pickelhost/eye-mail ULA SPF Phishing Platform (conf: 75),TP-0001,hostmaster@mytaxes.com,,,
paddywagon.com,0,FP-0008: pickelhost/eye-mail ULA SPF Phishing Platform (conf: 75),TP-0001,admin@giantpanda.com,,,
padrinho.com,0,FP-0008: pickelhost/eye-mail ULA SPF Phishing Platform (conf: 75),TP-0001,admin@giantpanda.com,,,
pachilly.com,0,FP-0008: pickelhost/eye-mail ULA SPF Phishing Platform (conf: 75),TP-0001,hostmaster@pachilly.com,,,
pacourts.com,0,FP-0008: pickelhost/eye-mail ULA SPF Phishing Platform (conf: 75),TP-0001,admin@giantpanda.com,,,
p5mail.com,0,FP-0008: pickelhost/eye-mail ULA SPF Phishing Platform (conf: 75),TP-0001,hostmaster@p5mail.com,,,
pacer.it,0,FP-0009: IPIDEA Residential Proxy Network Infrastructure (conf: 80),,hostmaster@pacer.it,,,
palmjebelaliservices.com,0,FP-0009: IPIDEA Residential Proxy Network Infrastructure (conf: 80),,dns@cloudflare.com,,,
nad.morzem.pl,0,FP-0008: pickelhost/eye-mail ULA SPF Phishing Platform (conf: 75),TP-0001,hostmaster@nad.morzem.pl,,,
pamrankinrealestateagentcarlsbadca.com,0,FP-0009: IPIDEA Residential Proxy Network Infrastructure (conf: 80),,root@gator3121.hostgator.com,,,
opyimum.net,0,FP-0008: pickelhost/eye-mail ULA SPF Phishing Platform (conf: 75),TP-0001,admin@opyimum.net,,,
pamrankinrealestateagentoceansideca.com,0,FP-0009: IPIDEA Residential Proxy Network Infrastructure (conf: 80),,root@gator3121.hostgator.com,,,
pamrankinrealestateagentescondidoca.com,0,FP-0009: IPIDEA Residential Proxy Network Infrastructure (conf: 80),,root@gator3121.hostgator.com,,,
palmjumeirahservices.com,0,FP-0009: IPIDEA Residential Proxy Network Infrastructure (conf: 80),,dns@cloudflare.com,,,
paperblank.com,0,FP-0008: pickelhost/eye-mail ULA SPF Phishing Platform (conf: 75),TP-0001,admin@giantpanda.com,,,
pamrankinrealestateagentsandiegoca.com,0,FP-0009: IPIDEA Residential Proxy Network Infrastructure (conf: 80),,root@gator3121.hostgator.com,,,
pamrankinrealestateagentsanmarcosca.com,0,FP-0009: IPIDEA Residential Proxy Network Infrastructure (conf: 80),,root@gator3121.hostgator.com,,,
pdam.com,0,FP-0008: pickelhost/eye-mail ULA SPF Phishing Platform (conf: 75),TP-0001,admin@giantpanda.com,,,
nbv.relieval.com,0,FP-0011: IP-KVM / Remote-Management Exposure (conf: 80),,,,,
owl.com.br,0,FP-0009: IPIDEA Residential Proxy Network Infrastructure (conf: 80),,sysadmin@hmservers.net,,,
pamrankinrealestateagentvistaca.com,0,FP-0009: IPIDEA Residential Proxy Network Infrastructure (conf: 80),,root@gator3121.hostgator.com,,,
oso.be,0,FP-0011: IP-KVM / Remote-Management Exposure (conf: 60),,hm@mediavillage.nl,,,
networker.pro,0,FP-0008: pickelhost/eye-mail ULA SPF Phishing Platform (conf: 75),TP-0001,hostmaster@networker.pro,,,
netmanor.com,0,FP-0008: pickelhost/eye-mail ULA SPF Phishing Platform (conf: 75),TP-0001,hostmaster@netmanor.com,,,
paxven.com,0,FP-0008: pickelhost/eye-mail ULA SPF Phishing Platform (conf: 75),TP-0001,hostmaster@paxven.com,,,
pcaa.lol,0,FP-0008: pickelhost/eye-mail ULA SPF Phishing Platform (conf: 90),TP-0001,hostmaster@pcaa.lol,,,
perspectivescs.org,0,FP-0008: pickelhost/eye-mail ULA SPF Phishing Platform (conf: 75),TP-0001,admin@giantpanda.com,,,
peakinstallations24x7.xyz,0,FP-0009: IPIDEA Residential Proxy Network Infrastructure (conf: 80),,dns@cloudflare.com,,,
peakac.xyz,0,FP-0009: IPIDEA Residential Proxy Network Infrastructure (conf: 80),,dns@cloudflare.com,,,
peakengineeringdubai.xyz,0,FP-0009: IPIDEA Residential Proxy Network Infrastructure (conf: 80),,dns@cloudflare.com,,,
petalpushers.com,0,FP-0008: pickelhost/eye-mail ULA SPF Phishing Platform (conf: 75),TP-0001,admin@giantpanda.com,,,
peaksystemsdubai.xyz,0,FP-0009: IPIDEA Residential Proxy Network Infrastructure (conf: 80),,dns@cloudflare.com,,,
pearlairconrepair.xyz,0,FP-0009: IPIDEA Residential Proxy Network Infrastructure (conf: 80),,dns@cloudflare.com,,,
pikespeakcardiology.com,0,FP-0008: pickelhost/eye-mail ULA SPF Phishing Platform (conf: 75),TP-0001,admin@giantpanda.com,,,
nnnnnn.com,0,FP-0008: pickelhost/eye-mail ULA SPF Phishing Platform (conf: 75),TP-0001,hostmaster@nnnnnn.com,,,
pembrookgroup.net,0,FP-0009: IPIDEA Residential Proxy Network Infrastructure (conf: 80),,admin@servercabin.com,,,
picusnet.com,0,FP-0009: IPIDEA Residential Proxy Network Infrastructure (conf: 80),,itmanager@nethosters.com,,,
pinguim.com,0,FP-0008: pickelhost/eye-mail ULA SPF Phishing Platform (conf: 75),TP-0001,admin@giantpanda.com,,,
noemail.com,0,FP-0008: pickelhost/eye-mail ULA SPF Phishing Platform (conf: 75),TP-0001,hostmaster@noemail.com,,,
notmail.com,0,FP-0008: pickelhost/eye-mail ULA SPF Phishing Platform (conf: 75),TP-0001,hostmaster@notmail.com,,,
pdvcn.com,0,FP-0009: IPIDEA Residential Proxy Network Infrastructure (conf: 80),,ns12@xincache.com,,,97e2681d92e2df12
ozon888.net,0,FP-0009: IPIDEA Residential Proxy Network Infrastructure (conf: 80),,admin@ozon888.net,,,
nonewanimallab.com,0,FP-0008: pickelhost/eye-mail ULA SPF Phishing Platform (conf: 75),TP-0001,hostmaster@nonewanimallab.com,,,
planetmanagement.com,0,FP-0008: pickelhost/eye-mail ULA SPF Phishing Platform (conf: 75),TP-0001,admin@giantpanda.com,,,
plantbasedlamb.com,0,FP-0008: pickelhost/eye-mail ULA SPF Phishing Platform (conf: 90),TP-0001,hostmaster@plantbasedlamb.com,,,
pixymix.com,0,FP-0009: IPIDEA Residential Proxy Network Infrastructure (conf: 80),,hostmaster@registrar-servers.com,,,
plant.fitness,0,FP-0008: pickelhost/eye-mail ULA SPF Phishing Platform (conf: 90),TP-0001,hostmaster@plant.fitness,,,
nutte.com,0,FP-0008: pickelhost/eye-mail ULA SPF Phishing Platform (conf: 75),TP-0001,hostmaster@nutte.com,,,
otri.relieval.com,0,FP-0011: IP-KVM / Remote-Management Exposure (conf: 80),,,,,
platini.com,0,FP-0008: pickelhost/eye-mail ULA SPF Phishing Platform (conf: 75),TP-0001,admin@giantpanda.com,,,
nyxstores.id,0,FP-0011: IP-KVM / Remote-Management Exposure (conf: 15),,dns@cloudflare.com,,,
o.masum.cc,0,FP-0008: pickelhost/eye-mail ULA SPF Phishing Platform (conf: 75),TP-0001,hostmaster@o.masum.cc,,,
playblack.com,0,FP-0008: pickelhost/eye-mail ULA SPF Phishing Platform (conf: 75),TP-0001,admin@giantpanda.com,,,
pioupioum.fr,0,FP-0011: IP-KVM / Remote-Management Exposure (conf: 60),,hostmaster@infomaniak.ch,,,8463daa627877371
platinumchiller.xyz,0,FP-0009: IPIDEA Residential Proxy Network Infrastructure (conf: 80),,dns@cloudflare.com,,,
playfortuna888free.net,0,FP-0008: pickelhost/eye-mail ULA SPF Phishing Platform (conf: 90),TP-0001,hostmaster@playfortuna888free.net,,,
ocsv.com,0,FP-0008: pickelhost/eye-mail ULA SPF Phishing Platform (conf: 75),TP-0001,hostmaster@ocsv.com,,,
pocketslotz.co,0,FP-0008: pickelhost/eye-mail ULA SPF Phishing Platform (conf: 90),TP-0001,hostmaster@pocketslotz.co,,,
pnwgenetics.com,0,FP-0008: pickelhost/eye-mail ULA SPF Phishing Platform (conf: 100),TP-0001,hostmaster@nsone.net,,,
plantcarbs.com,0,FP-0008: pickelhost/eye-mail ULA SPF Phishing Platform (conf: 90),TP-0001,hostmaster@plantcarbs.com,,,
nationalchurchresidences.com,0,FP-0008: pickelhost/eye-mail ULA SPF Phishing Platform (conf: 75),TP-0001,admin@nationalchurchresidences.com,,,
philosophyofindia.com,0,FP-0009: IPIDEA Residential Proxy Network Infrastructure (conf: 80),,ayshakapoord@gmail.com,,,
pop-game.top,0,FP-0008: pickelhost/eye-mail ULA SPF Phishing Platform (conf: 90),TP-0001,hostmaster@pop-game.top,,,
omrj.com,0,FP-0008: pickelhost/eye-mail ULA SPF Phishing Platform (conf: 75),TP-0001,hostmaster@omrj.com,,,
poketi-simmern.de,0,FP-0008: pickelhost/eye-mail ULA SPF Phishing Platform (conf: 75),TP-0001,hostmaster@opusdns.com,,,
pookmail.com,0,FP-0008: pickelhost/eye-mail ULA SPF Phishing Platform (conf: 75),TP-0001,admin@pookmail.com,,,
onedonation.com,0,FP-0008: pickelhost/eye-mail ULA SPF Phishing Platform (conf: 75),TP-0001,hostmaster@onedonation.com,,,
plp2.com,0,FP-0009: IPIDEA Residential Proxy Network Infrastructure (conf: 80),,root@arabseedservconis915122.bxcoins.com,,,
pple.com,0,FP-0007: Typosquat Evasion Infrastructure (conf: 60),TP-0012,dns@jomax.net,,,
onestopwv.com,0,FP-0008: pickelhost/eye-mail ULA SPF Phishing Platform (conf: 75),TP-0001,hostmaster@onestopwv.com,,,
pozm.com,0,FP-0008: pickelhost/eye-mail ULA SPF Phishing Platform (conf: 90),TP-0001,hostmaster@pozm.com,,,
ppaa.help,0,FP-0008: pickelhost/eye-mail ULA SPF Phishing Platform (conf: 90),TP-0001,hostmaster@ppaa.help,,,
onety.pl,0,FP-0008: pickelhost/eye-mail ULA SPF Phishing Platform (conf: 75),TP-0001,hostmaster@onety.pl,,,
online-poker.info,0,FP-0008: pickelhost/eye-mail ULA SPF Phishing Platform (conf: 75),TP-0001,hostmaster@online-poker.info,,,
outtlook.com,0,FP-0008: pickelhost/eye-mail ULA SPF Phishing Platform (conf: 75),TP-0001,admin@outtlook.com,,,
ooooooo.com,0,FP-0008: pickelhost/eye-mail ULA SPF Phishing Platform (conf: 75),TP-0001,hostmaster@ooooooo.com,,,
precisionmetalsmiths.com,0,FP-0008: pickelhost/eye-mail ULA SPF Phishing Platform (conf: 75),TP-0001,admin@giantpanda.com,,,
previos.com,0,FP-0008: pickelhost/eye-mail ULA SPF Phishing Platform (conf: 75),TP-0001,admin@giantpanda.com,,,
oorange.fr,0,FP-0008: pickelhost/eye-mail ULA SPF Phishing Platform (conf: 75),TP-0001,hostmaster@oorange.fr,,,
premieramcpro.xyz,0,FP-0009: IPIDEA Residential Proxy Network Infrastructure (conf: 80),,dns@cloudflare.com,,,
openinboxexperiment.com,0,FP-0008: pickelhost/eye-mail ULA SPF Phishing Platform (conf: 75),TP-0001,hostmaster@openinboxexperiment.com,,,
primeacmaintenance.xyz,0,FP-0009: IPIDEA Residential Proxy Network Infrastructure (conf: 80),,dns@cloudflare.com,,,
portnoy.biz.id,0,FP-0011: IP-KVM / Remote-Management Exposure (conf: 20),,root@195-88-211-173.cprapid.com,,,
primeamcpro.xyz,0,FP-0009: IPIDEA Residential Proxy Network Infrastructure (conf: 80),,dns@cloudflare.com,,,
pcbb.lol,0,FP-0008: pickelhost/eye-mail ULA SPF Phishing Platform (conf: 90),TP-0001,hostmaster@pcbb.lol,,,
optonlinr.net,0,FP-0008: pickelhost/eye-mail ULA SPF Phishing Platform (conf: 75),TP-0001,hostmaster@optonlinr.net,,,
picoi.biz,0,FP-0009: IPIDEA Residential Proxy Network Infrastructure (conf: 80),,hostmaster@picoi.biz,,,
plantbasedpork.com,0,FP-0008: pickelhost/eye-mail ULA SPF Phishing Platform (conf: 90),TP-0001,hostmaster@plantbasedpork.com,,,
plantsalmon.com,0,FP-0008: pickelhost/eye-mail ULA SPF Phishing Platform (conf: 90),TP-0001,hostmaster@plantsalmon.com,,,
ppshua.icu,0,FP-0008: pickelhost/eye-mail ULA SPF Phishing Platform (conf: 90),TP-0001,hostmaster@ppshua.icu,,,
proffee.mobi,0,FP-0009: IPIDEA Residential Proxy Network Infrastructure (conf: 80),,hostmaster@proffee.mobi,,,
printland.com,0,FP-0008: pickelhost/eye-mail ULA SPF Phishing Platform (conf: 75),TP-0001,admin@printland.com,,,
procontract365.xyz,0,FP-0009: IPIDEA Residential Proxy Network Infrastructure (conf: 80),,dns@cloudflare.com,,,
oqut.com,0,FP-0008: pickelhost/eye-mail ULA SPF Phishing Platform (conf: 75),TP-0001,hostmaster@oqut.com,,,
propertyzone.com,0,FP-0008: pickelhost/eye-mail ULA SPF Phishing Platform (conf: 75),TP-0001,admin@giantpanda.com,,,
progrdessive.com,0,FP-0007: Typosquat Evasion Infrastructure (conf: 80),TP-0012,hostmaster@progrdessive.com,,,
neonaerospace.net,0,FP-0009: IPIDEA Residential Proxy Network Infrastructure (conf: 80),,hostmaster@registrar-servers.com,,,
projectbasho.org,0,FP-0008: pickelhost/eye-mail ULA SPF Phishing Platform (conf: 75),TP-0001,admin@giantpanda.com,,,
prontonmail.com,0,FP-0008: pickelhost/eye-mail ULA SPF Phishing Platform (conf: 75),TP-0001,admin@giantpanda.com,,,
proresume.info,0,FP-0011: IP-KVM / Remote-Management Exposure (conf: 60),,admin@dns.com,,,
protonamail.com,0,FP-0008: pickelhost/eye-mail ULA SPF Phishing Platform (conf: 75),"TP-0067, TP-0079",admin@giantpanda.com,,,
protonmil.com,0,"FLAME:TP-0067, TP-0079","TP-0067, TP-0079",admin@giantpanda.com,,,
orange-tkl.co.ke,0,FP-0008: pickelhost/eye-mail ULA SPF Phishing Platform (conf: 75),TP-0001,hostmaster@orange-tkl.co.ke,,,
prosdeira.xyz,0,FP-0009: IPIDEA Residential Proxy Network Infrastructure (conf: 80),,dns@cloudflare.com,,,
prosmirdif.xyz,0,FP-0009: IPIDEA Residential Proxy Network Infrastructure (conf: 80),,dns@cloudflare.com,,,
prtc.com,0,FP-0008: pickelhost/eye-mail ULA SPF Phishing Platform (conf: 75),TP-0001,admin@giantpanda.com,,,
provamail.com,0,FP-0008: pickelhost/eye-mail ULA SPF Phishing Platform (conf: 75),TP-0001,hostmaster@provamail.com,,,
providier.com,0,FP-0008: pickelhost/eye-mail ULA SPF Phishing Platform (conf: 75),TP-0001,hostmaster@providier.com,,,
prowashquick.xyz,0,FP-0009: IPIDEA Residential Proxy Network Infrastructure (conf: 80),,dns@cloudflare.com,,,
plantbasedbeef.com,0,FP-0008: pickelhost/eye-mail ULA SPF Phishing Platform (conf: 90),TP-0001,hostmaster@plantbasedbeef.com,,,
pimep.com,0,FP-0011: IP-KVM / Remote-Management Exposure (conf: 15),,dns@namebright.com,,,c65a38b5714a6795
prowashsameday.xyz,0,FP-0009: IPIDEA Residential Proxy Network Infrastructure (conf: 80),,dns@cloudflare.com,,,
plantbasedsteak.com,0,FP-0008: pickelhost/eye-mail ULA SPF Phishing Platform (conf: 90),TP-0001,hostmaster@plantbasedsteak.com,,,
psnworld.com,0,FP-0008: pickelhost/eye-mail ULA SPF Phishing Platform (conf: 75),TP-0001,admin@giantpanda.com,,,
propodiatry.net,0,FP-0009: IPIDEA Residential Proxy Network Infrastructure (conf: 80),,hostmaster@stackdns.com,,,
protonmaill.com,0,FLAME:TP-0079,TP-0079,hostmaster@trellian.com,,,
progressi8ve.com,0,FP-0008: pickelhost/eye-mail ULA SPF Phishing Platform (conf: 95),TP-0001,admin@progressi8ve.com,,,
psenterprises.com,0,FP-0008: pickelhost/eye-mail ULA SPF Phishing Platform (conf: 75),TP-0001,admin@giantpanda.com,,,
puta.com,0,FP-0008: pickelhost/eye-mail ULA SPF Phishing Platform (conf: 75),TP-0001,admin@giantpanda.com,,,
preklady-polstina.cz,0,FP-0009: IPIDEA Residential Proxy Network Infrastructure (conf: 80),,admin@preklady-polstina.cz,,,
otwr.979.koin-qq.top,0,FP-0008: pickelhost/eye-mail ULA SPF Phishing Platform (conf: 75),TP-0001,hostmaster@otwr.979.koin-qq.top,,,
plantshrimp.com,0,FP-0008: pickelhost/eye-mail ULA SPF Phishing Platform (conf: 90),TP-0001,hostmaster@plantshrimp.com,,,
otlook.de,0,FP-0008: pickelhost/eye-mail ULA SPF Phishing Platform (conf: 75),TP-0001,hostmaster@otlook.de,,,
pvcb.lol,0,FP-0008: pickelhost/eye-mail ULA SPF Phishing Platform (conf: 90),TP-0001,hostmaster@pvcb.lol,,,
ousoleil.com,0,FP-0008: pickelhost/eye-mail ULA SPF Phishing Platform (conf: 75),TP-0001,hostmaster@ousoleil.com,,,
qbefirst.com,0,FP-0008: pickelhost/eye-mail ULA SPF Phishing Platform (conf: 75),TP-0001,admin@giantpanda.com,,,
protonmal.com,0,FP-0008: pickelhost/eye-mail ULA SPF Phishing Platform (conf: 75),TP-0001,admin@protonmal.com,,,
qnxo.com,0,FP-0008: pickelhost/eye-mail ULA SPF Phishing Platform (conf: 75),TP-0001,admin@giantpanda.com,,,
ps4info.com,0,FP-0011: IP-KVM / Remote-Management Exposure (conf: 60),,admin@dns.com,,,
ps-nuoriso.com,0,FP-0009: IPIDEA Residential Proxy Network Infrastructure (conf: 80),,hostmaster@gandi.net,,,
playfortunago.com,0,FP-0008: pickelhost/eye-mail ULA SPF Phishing Platform (conf: 90),TP-0001,hostmaster@playfortunago.com,,,
oultook.com,0,FP-0008: pickelhost/eye-mail ULA SPF Phishing Platform (conf: 75),TP-0001,admin@oultook.com,,,
outlok.com,0,FP-0008: pickelhost/eye-mail ULA SPF Phishing Platform (conf: 75),TP-0001,hostmaster@outlok.com,,,
queen.com,0,FP-0008: pickelhost/eye-mail ULA SPF Phishing Platform (conf: 75),TP-0001,admin@giantpanda.com,,,
quantnodes.com,0,FP-0011: IP-KVM / Remote-Management Exposure (conf: 15),,dns@jomax.net,,,
qualitybass.com,0,FP-0008: pickelhost/eye-mail ULA SPF Phishing Platform (conf: 90),TP-0001,hostmaster@qualitybass.com,,,
product-evaluation.com,0,FP-0009: IPIDEA Residential Proxy Network Infrastructure (conf: 80),,hostmaster@1und1.com,,,810f78d22fe02c7f
qwe.com,0,FP-0008: pickelhost/eye-mail ULA SPF Phishing Platform (conf: 75),TP-0001,admin@giantpanda.com,,,
outlookl.com,0,FP-0008: pickelhost/eye-mail ULA SPF Phishing Platform (conf: 75),TP-0001,admin@outlookl.com,,,
outlooc.com,0,FP-0008: pickelhost/eye-mail ULA SPF Phishing Platform (conf: 75),TP-0001,admin@outlooc.com,,,
puuntong.com,0,FLAME:TP-0079,TP-0079,hostmaster@puuntong.com,,,
quickaircontech.xyz,0,FP-0009: IPIDEA Residential Proxy Network Infrastructure (conf: 80),,dns@cloudflare.com,,,
qqaa.com,0,FP-0009: IPIDEA Residential Proxy Network Infrastructure (conf: 80),,admin@qqaa.com,,,
qq152.com,0,FP-0008: pickelhost/eye-mail ULA SPF Phishing Platform (conf: 90),TP-0001,hostmaster@dnsowl.com,,,
outrlook.com,0,FP-0008: pickelhost/eye-mail ULA SPF Phishing Platform (conf: 75),TP-0001,hostmaster@outrlook.com,,,
queenstonegroup.net,0,FP-0009: IPIDEA Residential Proxy Network Infrastructure (conf: 80),,admin@servercabin.com,,,
ramenbetgames13.top,0,FP-0008: pickelhost/eye-mail ULA SPF Phishing Platform (conf: 90),TP-0001,hostmaster@ramenbetgames13.top,,,
put2.net,0,FP-0011: IP-KVM / Remote-Management Exposure (conf: 40),,hostmaster@put2.net,,,
rapidairconservice.xyz,0,FP-0009: IPIDEA Residential Proxy Network Infrastructure (conf: 80),,dns@cloudflare.com,,,
rapidcleangulf.xyz,0,FP-0009: IPIDEA Residential Proxy Network Infrastructure (conf: 80),,dns@cloudflare.com,,,
poofy.org,0,FP-0009: IPIDEA Residential Proxy Network Infrastructure (conf: 80),,awsdns-hostmaster@amazon.com,,,
rapidcoolfix.xyz,0,FP-0009: IPIDEA Residential Proxy Network Infrastructure (conf: 80),,dns@cloudflare.com,,,
qmail.com,0,FP-0007: Typosquat Evasion Infrastructure (conf: 80),TP-0012,webmaster@qq.com,,,
rapidcoolmaintenance.xyz,0,FP-0009: IPIDEA Residential Proxy Network Infrastructure (conf: 80),,dns@cloudflare.com,,,
rapidducting.xyz,0,FP-0009: IPIDEA Residential Proxy Network Infrastructure (conf: 80),,dns@cloudflare.com,,,
raymondjames.co,0,FP-0008: pickelhost/eye-mail ULA SPF Phishing Platform (conf: 75),TP-0001,admin@giantpanda.com,,,
r-o-o-t.com,0,FP-0011: IP-KVM / Remote-Management Exposure (conf: 40),,hostmaster@r-o-o-t.com,,,
ovgo.com,0,FP-0008: pickelhost/eye-mail ULA SPF Phishing Platform (conf: 75),TP-0001,hostmaster@ovgo.com,,,
rat.nl,0,FP-0011: IP-KVM / Remote-Management Exposure (conf: 60),,hm@mv.nl,,,
rapidinstallations365.xyz,0,FP-0009: IPIDEA Residential Proxy Network Infrastructure (conf: 80),,dns@cloudflare.com,,,
refused.com,0,FP-0008: pickelhost/eye-mail ULA SPF Phishing Platform (conf: 75),TP-0001,admin@giantpanda.com,,,
oxjl.com,0,FP-0008: pickelhost/eye-mail ULA SPF Phishing Platform (conf: 75),TP-0001,hostmaster@oxjl.com,,,
reinshaw.com,0,FP-0008: pickelhost/eye-mail ULA SPF Phishing Platform (conf: 75),TP-0001,admin@giantpanda.com,,,
raspv.com,0,FP-0008: pickelhost/eye-mail ULA SPF Phishing Platform (conf: 100),TP-0001,hostmaster@nsone.net,,,
regbypass.com,0,FP-0009: IPIDEA Residential Proxy Network Infrastructure (conf: 80),,dns@interserver.net,,,
ravensholme.net,0,FP-0009: IPIDEA Residential Proxy Network Infrastructure (conf: 80),,admin@servercabin.com,,,
paapitech.com,0,FP-0008: pickelhost/eye-mail ULA SPF Phishing Platform (conf: 75),TP-0001,hostmaster@paapitech.com,,,
p.k4ds.org,0,FP-0008: pickelhost/eye-mail ULA SPF Phishing Platform (conf: 75),TP-0001,hostmaster@p.k4ds.org,,,
remraammaintenance.com,0,FP-0009: IPIDEA Residential Proxy Network Infrastructure (conf: 80),,dns@cloudflare.com,,,
qvap.ru,0,FP-0009: IPIDEA Residential Proxy Network Infrastructure (conf: 80),,dns@timeweb.ru,,,
pulsao.com,0,FP-0009: IPIDEA Residential Proxy Network Infrastructure (conf: 80),,hostmaster@pulsao.com,,,
relaylink.eu,0,FP-0011: IP-KVM / Remote-Management Exposure (conf: 60),,dns@cloudflare.com,,,
pradabagshopjp.com,0,FP-0008: pickelhost/eye-mail ULA SPF Phishing Platform (conf: 75),TP-0001,admin@pradabagshopjp.com,,,
repairannual365.xyz,0,FP-0009: IPIDEA Residential Proxy Network Infrastructure (conf: 80),,dns@cloudflare.com,,,
repairsolutionsae.xyz,0,FP-0009: IPIDEA Residential Proxy Network Infrastructure (conf: 80),,dns@cloudflare.com,,,
repairsjumeirah.xyz,0,FP-0009: IPIDEA Residential Proxy Network Infrastructure (conf: 80),,dns@cloudflare.com,,,
retable.com,0,FP-0008: pickelhost/eye-mail ULA SPF Phishing Platform (conf: 75),TP-0001,admin@giantpanda.com,,,
repairssportshub.xyz,0,FP-0009: IPIDEA Residential Proxy Network Infrastructure (conf: 80),,dns@cloudflare.com,,,
reymisterio.com,0,FP-0008: pickelhost/eye-mail ULA SPF Phishing Platform (conf: 75),TP-0001,admin@giantpanda.com,,,
resurgeons.com,0,FP-0008: pickelhost/eye-mail ULA SPF Phishing Platform (conf: 75),TP-0001,admin@giantpanda.com,,,
resmail24.com,0,FP-0008: pickelhost/eye-mail ULA SPF Phishing Platform (conf: 75),TP-0001,hostmaster@resmail24.com,,,
patho.com,0,FP-0008: pickelhost/eye-mail ULA SPF Phishing Platform (conf: 75),TP-0001,hostmaster@patho.com,,,
reptech.org,0,FP-0008: pickelhost/eye-mail ULA SPF Phishing Platform (conf: 75),TP-0001,hostmaster@reptech.org,,,
pcpz.com,0,FP-0008: pickelhost/eye-mail ULA SPF Phishing Platform (conf: 75),TP-0001,hostmaster@pcpz.com,,,
rivers.com,0,FP-0008: pickelhost/eye-mail ULA SPF Phishing Platform (conf: 75),TP-0001,admin@giantpanda.com,,,
rippb.com,0,FP-0008: pickelhost/eye-mail ULA SPF Phishing Platform (conf: 75),TP-0001,hostmaster@rippb.com,,,
riv3r.net,0,FP-0008: pickelhost/eye-mail ULA SPF Phishing Platform (conf: 75),TP-0001,hostmaster@riv3r.net,,,
rlrcm.com,0,FP-0008: pickelhost/eye-mail ULA SPF Phishing Platform (conf: 75),TP-0001,admin@giantpanda.com,,,
past.pettin.com,0,FP-0008: pickelhost/eye-mail ULA SPF Phishing Platform (conf: 90),TP-0001,hostmaster@pettin.com,,,
rnicrosoft.com,0,FP-0007: Typosquat Evasion Infrastructure (conf: 60),TP-0012,azuredns-hostmaster@microsoft.com,,,
robertsonrealty.com,0,FP-0008: pickelhost/eye-mail ULA SPF Phishing Platform (conf: 75),TP-0001,admin@giantpanda.com,,,
rogan.com,0,FP-0008: pickelhost/eye-mail ULA SPF Phishing Platform (conf: 75),TP-0001,admin@giantpanda.com,,,
rexburg.com,0,FP-0009: IPIDEA Residential Proxy Network Infrastructure (conf: 80),,cloud-dns-hostmaster@google.com,,,
rscrental.com,0,FP-0008: pickelhost/eye-mail ULA SPF Phishing Platform (conf: 75),TP-0001,admin@giantpanda.com,,,
rfxai.com,0,FP-0009: IPIDEA Residential Proxy Network Infrastructure (conf: 80),,cloud-dns-hostmaster@google.com,,,947c3cc16b991b4e
pickupman.com,0,FP-0008: pickelhost/eye-mail ULA SPF Phishing Platform (conf: 75),TP-0001,hostmaster@pickupman.com,,,
pibx.com,0,FP-0008: pickelhost/eye-mail ULA SPF Phishing Platform (conf: 75),TP-0001,hostmaster@pibx.com,,,
pesnibeez.ru,0,FP-0008: pickelhost/eye-mail ULA SPF Phishing Platform (conf: 75),TP-0001,hostmaster@pesnibeez.ru,,,
rupayamail.com,0,FP-0008: pickelhost/eye-mail ULA SPF Phishing Platform (conf: 75),TP-0001,hostmaster@rupayamail.com,,,
royalthermo.xyz,0,FP-0009: IPIDEA Residential Proxy Network Infrastructure (conf: 80),,dns@cloudflare.com,,,
rotherhamcorp.net,0,FP-0009: IPIDEA Residential Proxy Network Infrastructure (conf: 80),,admin@servercabin.com,,,
rytovdigital.com,0,FP-0011: IP-KVM / Remote-Management Exposure (conf: 60),,hostmaster@registrar-servers.com,,,864f79b0c74f9238
rutherfordchemicals.com,0,FP-0009: IPIDEA Residential Proxy Network Infrastructure (conf: 80),,hostmaster@rutherfordchemicals.com,,,
salesfotce.com,0,FP-0007: Typosquat Evasion Infrastructure (conf: 80),TP-0012,hostmaster@salesfotce.com,,,
salack.com,0,FP-0007: Typosquat Evasion Infrastructure (conf: 80),TP-0012,hostmaster@dnsowl.com,,,
sanfnge.run,0,FP-0008: pickelhost/eye-mail ULA SPF Phishing Platform (conf: 90),TP-0001,hostmaster@sanfnge.run,,,
ratutoto4d.org,0,FP-0009: IPIDEA Residential Proxy Network Infrastructure (conf: 80),,support@spaceship.com,,,
pipenny.com,0,FP-0009: IPIDEA Residential Proxy Network Infrastructure (conf: 80),,hostmaster@registrar-servers.com,,,
sat.net,0,FP-0008: pickelhost/eye-mail ULA SPF Phishing Platform (conf: 75),TP-0001,admin@giantpanda.com,,,
sanfnges.cc,0,FP-0008: pickelhost/eye-mail ULA SPF Phishing Platform (conf: 90),TP-0001,hostmaster@sanfnges.cc,,,
rojay.fr,0,FP-0009: IPIDEA Residential Proxy Network Infrastructure (conf: 80),,sysadmin@o2switch.fr,,,954b3c4c4b99793c
rvarb.eu5.net,0,FP-0009: IPIDEA Residential Proxy Network Infrastructure (conf: 80),,,,,
rest-lux.ru,0,FP-0009: IPIDEA Residential Proxy Network Infrastructure (conf: 80),,info@mchost.ru,,,
scdsb.com,0,FP-0008: pickelhost/eye-mail ULA SPF Phishing Platform (conf: 75),TP-0001,admin@giantpanda.com,,,
s1a.de,0,FP-0008: pickelhost/eye-mail ULA SPF Phishing Platform (conf: 75),TP-0001,hostmaster@opusdns.com,,,
scook.cfd,0,FP-0008: pickelhost/eye-mail ULA SPF Phishing Platform (conf: 90),TP-0001,hostmaster@scook.cfd,,,
sdenterprise.com,0,FP-0008: pickelhost/eye-mail ULA SPF Phishing Platform (conf: 75),TP-0001,admin@giantpanda.com,,,
scottsseafood.net,0,FP-0009: IPIDEA Residential Proxy Network Infrastructure (conf: 80),,cpanel@tech.namecheap.com,,,
sddsfds.help,0,FP-0008: pickelhost/eye-mail ULA SPF Phishing Platform (conf: 90),TP-0001,hostmaster@sddsfds.help,,,
sdfsdf.com,0,FP-0008: pickelhost/eye-mail ULA SPF Phishing Platform (conf: 75),TP-0001,admin@giantpanda.com,,,
polytrame.com,0,FP-0008: pickelhost/eye-mail ULA SPF Phishing Platform (conf: 75),TP-0001,hostmaster@polytrame.com,,,
sarahcarsontherapies.com,0,FP-0008: pickelhost/eye-mail ULA SPF Phishing Platform (conf: 75),TP-0001,abuse@confluence-networks.com,,,
sdsfre.blog,0,FP-0008: pickelhost/eye-mail ULA SPF Phishing Platform (conf: 90),TP-0001,hostmaster@sdsfre.blog,,,
sedexo.com,0,FP-0008: pickelhost/eye-mail ULA SPF Phishing Platform (conf: 75),TP-0001,admin@giantpanda.com,,,
pooly.relieval.com,0,FP-0011: IP-KVM / Remote-Management Exposure (conf: 80),,,,,
radiantforge.bond,0,FP-0009: IPIDEA Residential Proxy Network Infrastructure (conf: 80),,hostmaster@registrar-servers.com,,,
sedukbasange.gogimail.com,0,FP-0009: IPIDEA Residential Proxy Network Infrastructure (conf: 80),,,,,
popaccount.com,0,FP-0008: pickelhost/eye-mail ULA SPF Phishing Platform (conf: 75),TP-0001,hostmaster@popaccount.com,,,
porn-movies.club,0,FP-0008: pickelhost/eye-mail ULA SPF Phishing Platform (conf: 75),TP-0001,hostmaster@porn-movies.club,,,
selectlaundry.com,0,FP-0008: pickelhost/eye-mail ULA SPF Phishing Platform (conf: 75),TP-0001,admin@giantpanda.com,,,
seattguru.com,0,FP-0008: pickelhost/eye-mail ULA SPF Phishing Platform (conf: 75),TP-0001,admin@seattguru.com,,,
raja333.org,0,FP-0008: pickelhost/eye-mail ULA SPF Phishing Platform (conf: 90),TP-0001,hostmaster@raja333.org,,,
portableoffice.com,0,FP-0008: pickelhost/eye-mail ULA SPF Phishing Platform (conf: 75),TP-0001,hostmaster@portableoffice.com,,,
selenezero.com,0,FP-0011: IP-KVM / Remote-Management Exposure (conf: 40),,hostmaster@selenezero.com,,,
remailed.ws,0,FP-0008: pickelhost/eye-mail ULA SPF Phishing Platform (conf: 75),TP-0001,,,,
pppppp.com,0,FP-0008: pickelhost/eye-mail ULA SPF Phishing Platform (conf: 75),TP-0001,hostmaster@pppppp.com,,,
serenamaintenance.com,0,FP-0009: IPIDEA Residential Proxy Network Infrastructure (conf: 80),,dns@cloudflare.com,,,
sbs.onl,0,FP-0009: IPIDEA Residential Proxy Network Infrastructure (conf: 80),,hostmaster@dnsv.jp,,,
prasarana.com,0,FP-0008: pickelhost/eye-mail ULA SPF Phishing Platform (conf: 75),TP-0001,hostmaster@prasarana.com,,,
serramontenissan.com,0,FP-0009: IPIDEA Residential Proxy Network Infrastructure (conf: 80),,root@box2115.bluehost.com,,,
servicenadalsheba.xyz,0,FP-0009: IPIDEA Residential Proxy Network Infrastructure (conf: 80),,dns@cloudflare.com,,,
servicesdso.xyz,0,FP-0009: IPIDEA Residential Proxy Network Infrastructure (conf: 80),,dns@cloudflare.com,,,
sfai.com,0,FP-0008: pickelhost/eye-mail ULA SPF Phishing Platform (conf: 75),TP-0001,admin@giantpanda.com,,,
servicesmeydan.xyz,0,FP-0009: IPIDEA Residential Proxy Network Infrastructure (conf: 80),,dns@cloudflare.com,,,
sexo.com,0,FP-0008: pickelhost/eye-mail ULA SPF Phishing Platform (conf: 75),TP-0001,admin@giantpanda.com,,,
servicetilal.xyz,0,FP-0009: IPIDEA Residential Proxy Network Infrastructure (conf: 80),,dns@cloudflare.com,,,
send.tf,0,FP-0009: IPIDEA Residential Proxy Network Infrastructure (conf: 80),,hostmaster@send.tf,,,
sfcsd.com,0,FP-0008: pickelhost/eye-mail ULA SPF Phishing Platform (conf: 75),TP-0001,admin@giantpanda.com,,,
seooffpageservices.xyz,0,FP-0009: IPIDEA Residential Proxy Network Infrastructure (conf: 80),,root@astronhosts.com,,,
shanhaijuli.sbs,0,FP-0008: pickelhost/eye-mail ULA SPF Phishing Platform (conf: 90),TP-0001,hostmaster@shanhaijuli.sbs,,,
selyatino-beton-zavod.ru,0,FP-0009: IPIDEA Residential Proxy Network Infrastructure (conf: 80),,hostmaster@beget.com,,,
probemail.com,0,FP-0009: IPIDEA Residential Proxy Network Infrastructure (conf: 80),,,,,
privatemail.in,0,FP-0008: pickelhost/eye-mail ULA SPF Phishing Platform (conf: 75),TP-0001,hostmaster@privatemail.in,,,
seoneo.online,0,FP-0011: IP-KVM / Remote-Management Exposure (conf: 40),,hostmaster@seoneo.online,,,
shimane.com,0,FP-0008: pickelhost/eye-mail ULA SPF Phishing Platform (conf: 75),TP-0001,admin@giantpanda.com,,,
shit.net,0,FP-0008: pickelhost/eye-mail ULA SPF Phishing Platform (conf: 75),TP-0001,admin@giantpanda.com,,,
seo3.pl,0,FP-0009: IPIDEA Residential Proxy Network Infrastructure (conf: 80),,dns@jdm.pl,,,
servr.org,0,FP-0011: IP-KVM / Remote-Management Exposure (conf: 60),,dns@cloudflare.com,,,
praviko.store,0,FP-0009: IPIDEA Residential Proxy Network Infrastructure (conf: 80),,hostmaster@registrar-servers.com,,,
privatesecurityservicesinc.com,0,FP-0009: IPIDEA Residential Proxy Network Infrastructure (conf: 80),,dns@jomax.net,,,
sharpairconcare.xyz,0,FP-0009: IPIDEA Residential Proxy Network Infrastructure (conf: 80),,dns@cloudflare.com,,,
sharpmaint.xyz,0,FP-0009: IPIDEA Residential Proxy Network Infrastructure (conf: 80),,dns@cloudflare.com,,,
shitface.com,0,FP-0008: pickelhost/eye-mail ULA SPF Phishing Platform (conf: 75),TP-0001,admin@giantpanda.com,,,
shoes.net,0,FP-0008: pickelhost/eye-mail ULA SPF Phishing Platform (conf: 75),TP-0001,admin@giantpanda.com,,,
probbox.com,0,FP-0008: pickelhost/eye-mail ULA SPF Phishing Platform (conf: 75),TP-0001,hostmaster@probbox.com,,,
shkele.cyou,0,FP-0008: pickelhost/eye-mail ULA SPF Phishing Platform (conf: 90),TP-0001,hostmaster@shkele.cyou,,,
shopcreative.cc,0,FP-0008: pickelhost/eye-mail ULA SPF Phishing Platform (conf: 90),TP-0001,hostmaster@shopcreative.cc,,,
simdpi.com,0,FP-0008: pickelhost/eye-mail ULA SPF Phishing Platform (conf: 75),TP-0001,hostmaster@simdpi.com,,,
sidramaintenance.com,0,FP-0009: IPIDEA Residential Proxy Network Infrastructure (conf: 80),,dns@cloudflare.com,,,
shafran.website,0,FP-0009: IPIDEA Residential Proxy Network Infrastructure (conf: 80),,dns@hostinger.com,,,
silveraircool.xyz,0,FP-0009: IPIDEA Residential Proxy Network Infrastructure (conf: 80),,dns@cloudflare.com,,,
sharklaser.com,0,FP-0008: pickelhost/eye-mail ULA SPF Phishing Platform (conf: 75),TP-0001,admin@sharklaser.com,,,
simplefreon.xyz,0,FP-0009: IPIDEA Residential Proxy Network Infrastructure (conf: 80),,dns@cloudflare.com,,,
pet-care.com,0,FP-0009: IPIDEA Residential Proxy Network Infrastructure (conf: 80),,abuse@confluence-networks.com,,,
silverleafgroup.net,0,FP-0009: IPIDEA Residential Proxy Network Infrastructure (conf: 80),,admin@servercabin.com,,,
shjto.us,0,FP-0008: pickelhost/eye-mail ULA SPF Phishing Platform (conf: 75),TP-0001,admin@shjto.us,,,
smartaccare.xyz,0,FP-0009: IPIDEA Residential Proxy Network Infrastructure (conf: 80),,dns@cloudflare.com,,,
sixftlion.com,0,FP-0009: IPIDEA Residential Proxy Network Infrastructure (conf: 80),,cpanel@tech.namecheap.com,,,
sixxsystem.store,0,FP-0011: IP-KVM / Remote-Management Exposure (conf: 60),,admin@dns.com,,,
smartannualquick.xyz,0,FP-0009: IPIDEA Residential Proxy Network Infrastructure (conf: 80),,dns@cloudflare.com,,,
shjdmedical.com,0,FP-0009: IPIDEA Residential Proxy Network Infrastructure (conf: 80),,master@share-dns.com,,,
skillsurvey.email,0,FP-0009: IPIDEA Residential Proxy Network Infrastructure (conf: 80),,awsdns-hostmaster@amazon.com,,,
smartcooltech.xyz,0,FP-0009: IPIDEA Residential Proxy Network Infrastructure (conf: 80),,dns@cloudflare.com,,,
smartfixgulf.xyz,0,FP-0009: IPIDEA Residential Proxy Network Infrastructure (conf: 80),,dns@cloudflare.com,,,
smtp.smtp.taher.pw,0,FP-0008: pickelhost/eye-mail ULA SPF Phishing Platform (conf: 90),TP-0001,hostmaster@taher.pw,,,
smartsolutionsfast.xyz,0,FP-0009: IPIDEA Residential Proxy Network Infrastructure (conf: 80),,dns@cloudflare.com,,,
smlmail.com,0,FP-0008: pickelhost/eye-mail ULA SPF Phishing Platform (conf: 75),TP-0001,hostmaster@smlmail.com,,,
ps126mat.com,0,FP-0008: pickelhost/eye-mail ULA SPF Phishing Platform (conf: 75),TP-0001,hostmaster@ps126mat.com,,,
smlmail.net,0,FP-0008: pickelhost/eye-mail ULA SPF Phishing Platform (conf: 75),TP-0001,hostmaster@smlmail.net,,,
smtp.taher.pw,0,FP-0008: pickelhost/eye-mail ULA SPF Phishing Platform (conf: 90),TP-0001,hostmaster@taher.pw,,,
somesite.com,0,FP-0008: pickelhost/eye-mail ULA SPF Phishing Platform (conf: 75),TP-0001,admin@giantpanda.com,,,
sfxmailbox.com,0,FP-0011: IP-KVM / Remote-Management Exposure (conf: 40),,hostmaster@sfxmailbox.com,,,
somethingorother.com,0,FP-0008: pickelhost/eye-mail ULA SPF Phishing Platform (conf: 75),TP-0001,admin@giantpanda.com,,,
puxs.com,0,FP-0008: pickelhost/eye-mail ULA SPF Phishing Platform (conf: 75),TP-0001,hostmaster@puxs.com,,,
solidairconpro.xyz,0,FP-0009: IPIDEA Residential Proxy Network Infrastructure (conf: 80),,dns@cloudflare.com,,,
pulp-fiction.com,0,FP-0008: pickelhost/eye-mail ULA SPF Phishing Platform (conf: 75),TP-0001,hostmaster@pulp-fiction.com,,,
sobhahartlandservices.com,0,FP-0009: IPIDEA Residential Proxy Network Infrastructure (conf: 80),,dns@cloudflare.com,,,
puot.com,0,FP-0008: pickelhost/eye-mail ULA SPF Phishing Platform (conf: 75),TP-0001,hostmaster@puot.com,,,
qaol.com,0,FP-0008: pickelhost/eye-mail ULA SPF Phishing Platform (conf: 75),TP-0001,hostmaster@qaol.com,,,
spa.com,0,FP-0007: Typosquat Evasion Infrastructure (conf: 80),TP-0012,azuredns-hostmaster@microsoft.com,,,
southdubaimaintenance.com,0,FP-0009: IPIDEA Residential Proxy Network Infrastructure (conf: 80),,dns@cloudflare.com,,,
qqq.xyz,0,FP-0008: pickelhost/eye-mail ULA SPF Phishing Platform (conf: 75),TP-0001,hostmaster@qqq.xyz,,,
qgym.com,0,FP-0008: pickelhost/eye-mail ULA SPF Phishing Platform (conf: 75),TP-0001,hostmaster@qgym.com,,,
spymail.com,0,FP-0008: pickelhost/eye-mail ULA SPF Phishing Platform (conf: 75),TP-0001,admin@giantpanda.com,,,
somervillepartners.net,0,FP-0009: IPIDEA Residential Proxy Network Infrastructure (conf: 80),,admin@servercabin.com,,,
sportscitymaintenance.com,0,FP-0009: IPIDEA Residential Proxy Network Infrastructure (conf: 80),,dns@cloudflare.com,,,
songbomb.com,0,FP-0011: IP-KVM / Remote-Management Exposure (conf: 60),,admin@dns.com,,,
pya.relieval.com,0,FP-0011: IP-KVM / Remote-Management Exposure (conf: 80),,,,,
quicktemp.email,0,FP-0009: IPIDEA Residential Proxy Network Infrastructure (conf: 80),,dns@cloudflare.com,,,
stlogistics.com,0,FP-0008: pickelhost/eye-mail ULA SPF Phishing Platform (conf: 75),TP-0001,admin@giantpanda.com,,,
storiqax.com,0,FP-0008: pickelhost/eye-mail ULA SPF Phishing Platform (conf: 75),TP-0001,hostmaster@storiqax.com,,,
raiet.com,0,FP-0008: pickelhost/eye-mail ULA SPF Phishing Platform (conf: 75),TP-0001,hostmaster@raiet.com,,,
rainbowchildrensacademy.com,0,FP-0008: pickelhost/eye-mail ULA SPF Phishing Platform (conf: 75),TP-0001,hostmaster@rainbowchildrensacademy.com,,,
statestret.com,0,FP-0007: Typosquat Evasion Infrastructure (conf: 80),TP-0012,support@spaceship.com,,,
ramaren.com,0,FP-0011: IP-KVM / Remote-Management Exposure (conf: 15),,dns@hostinger.com,,,
spamelka.com,0,FP-0011: IP-KVM / Remote-Management Exposure (conf: 40),,hostmaster@spamelka.com,,,
sdsd88.cc,0,FP-0008: pickelhost/eye-mail ULA SPF Phishing Platform (conf: 90),TP-0001,hostmaster@sdsd88.cc,,,
spamail.de,0,FP-0011: IP-KVM / Remote-Management Exposure (conf: 15),,root@ns1.antagus.de,,,
stront.nl,0,FP-0011: IP-KVM / Remote-Management Exposure (conf: 60),,hm@mediavillage.nl,,,
scripturl.com,0,FP-0009: IPIDEA Residential Proxy Network Infrastructure (conf: 80),,hostmaster@registrar-servers.com,,,
search-usa.ws,0,FP-0008: pickelhost/eye-mail ULA SPF Phishing Platform (conf: 75),TP-0001,,,,
strongairconpro.xyz,0,FP-0009: IPIDEA Residential Proxy Network Infrastructure (conf: 80),,dns@cloudflare.com,,,
stevtech.com,0,FP-0011: IP-KVM / Remote-Management Exposure (conf: 60),,admin@dns.com,,,
studie.nl,0,FP-0011: IP-KVM / Remote-Management Exposure (conf: 60),,hm@mv.nl,,,
subdomainfake.notreal.com,0,FP-0008: pickelhost/eye-mail ULA SPF Phishing Platform (conf: 75),TP-0001,admin@giantpanda.com,,,
submissive.com,0,FP-0008: pickelhost/eye-mail ULA SPF Phishing Platform (conf: 75),TP-0001,admin@giantpanda.com,,,
sortirlyon.org,0,FP-0009: IPIDEA Residential Proxy Network Infrastructure (conf: 80),,hostmaster@infomaniak.ch,,,
suioe.com,0,FP-0008: pickelhost/eye-mail ULA SPF Phishing Platform (conf: 90),TP-0001,hostmaster@suioe.com,,,
stimulanti.com,0,FP-0009: IPIDEA Residential Proxy Network Infrastructure (conf: 80),,admins@siteground.com,,,eec68139993ec263
redwoodscientific.co,0,FP-0008: pickelhost/eye-mail ULA SPF Phishing Platform (conf: 75),TP-0001,hostmaster@redwoodscientific.co,,,
smtp.98usd.com,0,FP-0009: IPIDEA Residential Proxy Network Infrastructure (conf: 80),,,,,
summitamc.xyz,0,FP-0009: IPIDEA Residential Proxy Network Infrastructure (conf: 80),,dns@cloudflare.com,,,
reddorz.com,0,FP-0008: pickelhost/eye-mail ULA SPF Phishing Platform (conf: 75),TP-0001,hostmaster@reddorz.com,,,
summitcare24x7.xyz,0,FP-0009: IPIDEA Residential Proxy Network Infrastructure (conf: 80),,dns@cloudflare.com,,,
summitcare365.xyz,0,FP-0009: IPIDEA Residential Proxy Network Infrastructure (conf: 80),,dns@cloudflare.com,,,
summitfacility.xyz,0,FP-0009: IPIDEA Residential Proxy Network Infrastructure (conf: 80),,dns@cloudflare.com,,,
submitreports.com,0,FP-0008: pickelhost/eye-mail ULA SPF Phishing Platform (conf: 100),TP-0001,hostmaster@nsone.net,,,
summitrepairquick.xyz,0,FP-0009: IPIDEA Residential Proxy Network Infrastructure (conf: 80),,dns@cloudflare.com,,,
suntroncorp.com,0,FP-0008: pickelhost/eye-mail ULA SPF Phishing Platform (conf: 75),TP-0001,admin@giantpanda.com,,,
rbteratuk.co.uk,0,FP-0011: IP-KVM / Remote-Management Exposure (conf: 80),,hostmaster@hwrn.net,,,
supremehomes.com,0,FP-0008: pickelhost/eye-mail ULA SPF Phishing Platform (conf: 75),TP-0001,admin@giantpanda.com,,,
summitworksgulf.xyz,0,FP-0009: IPIDEA Residential Proxy Network Infrastructure (conf: 80),,dns@cloudflare.com,,,
surburbanpropane.com,0,FP-0008: pickelhost/eye-mail ULA SPF Phishing Platform (conf: 75),TP-0001,admin@giantpanda.com,,,
relationshipbeast.com,0,FP-0008: pickelhost/eye-mail ULA SPF Phishing Platform (conf: 75),TP-0001,hostmaster@relationshipbeast.com,,,
seon.ws,0,FP-0008: pickelhost/eye-mail ULA SPF Phishing Platform (conf: 75),TP-0001,,,,
surat.ddnsfree.com,0,FP-0011: IP-KVM / Remote-Management Exposure (conf: 15),,,,,
sweatmail.com,0,FP-0008: pickelhost/eye-mail ULA SPF Phishing Platform (conf: 75),TP-0001,hostmaster@sweatmail.com,,,
relieval.com,0,FP-0011: IP-KVM / Remote-Management Exposure (conf: 80),,hostmaster@hwrn.net,,,
svpmail.com,0,FP-0008: pickelhost/eye-mail ULA SPF Phishing Platform (conf: 75),TP-0001,hostmaster@svpmail.com,,,
taher.pw,0,FP-0008: pickelhost/eye-mail ULA SPF Phishing Platform (conf: 90),TP-0001,hostmaster@taher.pw,,,
taax.com,0,FP-0008: pickelhost/eye-mail ULA SPF Phishing Platform (conf: 75),TP-0001,admin@giantpanda.com,,,
svanc.com,0,FP-0009: IPIDEA Residential Proxy Network Infrastructure (conf: 80),,hostmaster@registrar-servers.com,,,
swiftwashdxb.xyz,0,FP-0009: IPIDEA Residential Proxy Network Infrastructure (conf: 80),,dns@cloudflare.com,,,
taiwan.com,0,FP-0008: pickelhost/eye-mail ULA SPF Phishing Platform (conf: 75),TP-0001,admin@giantpanda.com,,,
swiftmaintenancegulf.xyz,0,FP-0009: IPIDEA Residential Proxy Network Infrastructure (conf: 80),,dns@cloudflare.com,,,
sustainablecitymaintenance.com,0,FP-0009: IPIDEA Residential Proxy Network Infrastructure (conf: 80),,dns@cloudflare.com,,,
tauex.tau.ac,0,FP-0008: pickelhost/eye-mail ULA SPF Phishing Platform (conf: 75),TP-0001,admin@giantpanda.com,,,
tastypizza.com,0,FP-0008: pickelhost/eye-mail ULA SPF Phishing Platform (conf: 75),TP-0001,admin@giantpanda.com,,,
renraku.in,0,FP-0008: pickelhost/eye-mail ULA SPF Phishing Platform (conf: 75),TP-0001,hostmaster@renraku.in,,,
symptoms-diabetes.info,0,FP-0008: pickelhost/eye-mail ULA SPF Phishing Platform (conf: 90),TP-0001,hostmaster@symptoms-diabetes.info,,,
teamvortex.com,0,FP-0008: pickelhost/eye-mail ULA SPF Phishing Platform (conf: 75),TP-0001,admin@giantpanda.com,,,
redif.com,0,FP-0008: pickelhost/eye-mail ULA SPF Phishing Platform (conf: 75),TP-0001,admin@redif.com,,,
summeroflovefestival.uk,0,FP-0009: IPIDEA Residential Proxy Network Infrastructure (conf: 80),,hostmaster@stackdns.com,,,cef0e63435c6c8c6
tatefarm.com,0,FP-0007: Typosquat Evasion Infrastructure (conf: 80),TP-0012,hostmaster@dnsowl.com,,,
taxon.com,0,FP-0008: pickelhost/eye-mail ULA SPF Phishing Platform (conf: 90),TP-0001,hostmaster@taxon.com,,,
stmail.site,0,FP-0011: IP-KVM / Remote-Management Exposure (conf: 15),,dns@hostinger.com,,,
tdstechng.com,0,FP-0011: IP-KVM / Remote-Management Exposure (conf: 40),,root@gator3255.hostgator.com,,,
techjaddaf.xyz,0,FP-0009: IPIDEA Residential Proxy Network Infrastructure (conf: 80),,dns@cloudflare.com,,,
tampabayrr.com,0,FP-0008: pickelhost/eye-mail ULA SPF Phishing Platform (conf: 75),TP-0001,admin@tampabayrr.com,,,
techsdubai.xyz,0,FP-0009: IPIDEA Residential Proxy Network Infrastructure (conf: 80),,dns@cloudflare.com,,,
sybilmail.de,0,FP-0009: IPIDEA Residential Proxy Network Infrastructure (conf: 80),,hostmaster@registrar-servers.com,,,
techsfestivalcity.xyz,0,FP-0009: IPIDEA Residential Proxy Network Infrastructure (conf: 80),,dns@cloudflare.com,,,
techsgarhoud.xyz,0,FP-0009: IPIDEA Residential Proxy Network Infrastructure (conf: 80),,dns@cloudflare.com,,,
resx.net,0,FP-0008: pickelhost/eye-mail ULA SPF Phishing Platform (conf: 75),TP-0001,hostmaster@resx.net,,,
techstecom.xyz,0,FP-0009: IPIDEA Residential Proxy Network Infrastructure (conf: 80),,dns@cloudflare.com,,,
teste.com,0,FP-0008: pickelhost/eye-mail ULA SPF Phishing Platform (conf: 75),TP-0001,admin@giantpanda.com,,,
testtest.com,0,FP-0008: pickelhost/eye-mail ULA SPF Phishing Platform (conf: 75),TP-0001,admin@giantpanda.com,,,
rindupoker.com,0,FP-0008: pickelhost/eye-mail ULA SPF Phishing Platform (conf: 75),TP-0001,hostmaster@rindupoker.com,,,
terasd.com,0,FP-0008: pickelhost/eye-mail ULA SPF Phishing Platform (conf: 75),TP-0001,hostmaster@terasd.com,,,
systenlink.com,0,FP-0009: IPIDEA Residential Proxy Network Infrastructure (conf: 80),,cassiolucenaitu@gmail.com,,,
theariel.com,0,FP-0008: pickelhost/eye-mail ULA SPF Phishing Platform (conf: 75),TP-0001,admin@giantpanda.com,,,
theheadoffice.com,0,FP-0008: pickelhost/eye-mail ULA SPF Phishing Platform (conf: 75),TP-0001,admin@giantpanda.com,,,
theglobe.com,0,FP-0008: pickelhost/eye-mail ULA SPF Phishing Platform (conf: 75),TP-0001,admin@giantpanda.com,,,
tdk-eng.pl,0,FP-0009: IPIDEA Residential Proxy Network Infrastructure (conf: 80),,admin@domeny.host,,,
tampaflcomputerrepair.com,0,FP-0009: IPIDEA Residential Proxy Network Infrastructure (conf: 80),,karls@karlstechnology.com,,,
t6qdua.bee.pl,0,FP-0009: IPIDEA Residential Proxy Network Infrastructure (conf: 80),,dns@cloudflare.com,,,
tesoro.cl,0,FP-0008: pickelhost/eye-mail ULA SPF Phishing Platform (conf: 80),TP-0001,dns@cloudflare.com,,,
thenavy.com,0,FP-0008: pickelhost/eye-mail ULA SPF Phishing Platform (conf: 75),TP-0001,admin@giantpanda.com,,,
tempmail.org,0,FP-0008: pickelhost/eye-mail ULA SPF Phishing Platform (conf: 75),TP-0001,admin@tempmail.org,,,
thefixit.xyz,0,FP-0009: IPIDEA Residential Proxy Network Infrastructure (conf: 80),,dns@cloudflare.com,,,
rockemail.com,0,FP-0008: pickelhost/eye-mail ULA SPF Phishing Platform (conf: 75),TP-0001,hostmaster@rockemail.com,,,
tgmail.com,0,FP-0007: Typosquat Evasion Infrastructure (conf: 80),TP-0012,hostmaster@trellian.com,,,
tdata.cz,0,FP-0011: IP-KVM / Remote-Management Exposure (conf: 60),,admin@websupport.cz,,,
rhystrade.com,0,FP-0009: IPIDEA Residential Proxy Network Infrastructure (conf: 80),,hostmaster@registrar-servers.com,,,
thanhhoaonline.com,0,FP-0008: pickelhost/eye-mail ULA SPF Phishing Platform (conf: 100),TP-0001,hostmaster@nsone.net,,,
tempmail10.com,0,FP-0009: IPIDEA Residential Proxy Network Infrastructure (conf: 80),,dns@cloudflare.com,,,
thelakesmaintenance.com,0,FP-0009: IPIDEA Residential Proxy Network Infrastructure (conf: 80),,dns@cloudflare.com,,,
theweifamily.icu,0,FP-0008: pickelhost/eye-mail ULA SPF Phishing Platform (conf: 90),TP-0001,hostmaster@theweifamily.icu,,,
timberwolfpress.com,0,FP-0008: pickelhost/eye-mail ULA SPF Phishing Platform (conf: 75),TP-0001,admin@giantpanda.com,,,
thepiratebay.space,0,FP-0009: IPIDEA Residential Proxy Network Infrastructure (conf: 80),,cpanel@tech.namecheap.com,,,
ru.hzxj.isgre.at,0,FP-0008: pickelhost/eye-mail ULA SPF Phishing Platform (conf: 75),TP-0001,hostmaster@ru.hzxj.isgre.at,,,
thespringsmaintenance.com,0,FP-0009: IPIDEA Residential Proxy Network Infrastructure (conf: 80),,dns@cloudflare.com,,,
temp-maill.org,0,FP-0009: IPIDEA Residential Proxy Network Infrastructure (conf: 80),,dns@hostinger.com,,,
thevalleymaintenance.com,0,FP-0009: IPIDEA Residential Proxy Network Infrastructure (conf: 80),,dns@cloudflare.com,,,
rvkc.com,0,FP-0008: pickelhost/eye-mail ULA SPF Phishing Platform (conf: 75),TP-0001,hostmaster@rvkc.com,,,
thevillamaintenance.com,0,FP-0009: IPIDEA Residential Proxy Network Infrastructure (conf: 80),,dns@cloudflare.com,,,
thesenholding.com,0,FP-0008: pickelhost/eye-mail ULA SPF Phishing Platform (conf: 75),TP-0001,,,,
tmvi.com,0,FP-0008: pickelhost/eye-mail ULA SPF Phishing Platform (conf: 75),TP-0001,admin@giantpanda.com,,,
tinydef.com,0,FP-0008: pickelhost/eye-mail ULA SPF Phishing Platform (conf: 75),TP-0001,hostmaster@tinydef.com,,,
tmauv.com,0,FP-0008: pickelhost/eye-mail ULA SPF Phishing Platform (conf: 75),TP-0001,hostmaster@tmauv.com,,,
tmail.com,0,FP-0007: Typosquat Evasion Infrastructure (conf: 60),TP-0012,hostmaster@geo3.t-mobile.com,,,
tilalalghafmaintenance.com,0,FP-0009: IPIDEA Residential Proxy Network Infrastructure (conf: 80),,dns@cloudflare.com,,,
toogle.com,0,FP-0007: Typosquat Evasion Infrastructure (conf: 60),TP-0012,dns@jomax.net,,,
totaldeath.com,0,FP-0008: pickelhost/eye-mail ULA SPF Phishing Platform (conf: 75),TP-0001,admin@giantpanda.com,,,
teewars.org,0,FP-0011: IP-KVM / Remote-Management Exposure (conf: 40),,hostmaster@teewars.org,,,
topcleangulf.xyz,0,FP-0009: IPIDEA Residential Proxy Network Infrastructure (conf: 80),,dns@cloudflare.com,,,
topclassacservice.xyz,0,FP-0009: IPIDEA Residential Proxy Network Infrastructure (conf: 80),,dns@cloudflare.com,,,
topcoolmaintenance.xyz,0,FP-0009: IPIDEA Residential Proxy Network Infrastructure (conf: 80),,dns@cloudflare.com,,,
toptechdubai.xyz,0,FP-0009: IPIDEA Residential Proxy Network Infrastructure (conf: 80),,dns@cloudflare.com,,,
togel.group,0,FP-0011: IP-KVM / Remote-Management Exposure (conf: 60),,admin@dns.com,,,
tourism.support,0,FP-0009: IPIDEA Residential Proxy Network Infrastructure (conf: 80),,hostmaster@tourism.support,,,
tpws.com,0,FP-0008: pickelhost/eye-mail ULA SPF Phishing Platform (conf: 75),TP-0001,admin@giantpanda.com,,,
sanyotv.com,0,FP-0008: pickelhost/eye-mail ULA SPF Phishing Platform (conf: 75),TP-0001,hostmaster@sanyotv.com,,,
smokingcessationandpregnancy.org,0,FP-0008: pickelhost/eye-mail ULA SPF Phishing Platform (conf: 80),TP-0001,dns@cloudflare.com,,,
towerhubdubai.xyz,0,FP-0009: IPIDEA Residential Proxy Network Infrastructure (conf: 80),,dns@cloudflare.com,,,
tmwlsw.com,0,FP-0011: IP-KVM / Remote-Management Exposure (conf: 15),,hostmaster@hichina.com,,,
townsquaremaintenance.com,0,FP-0009: IPIDEA Residential Proxy Network Infrastructure (conf: 80),,dns@cloudflare.com,,,
saraland.com,0,FP-0008: pickelhost/eye-mail ULA SPF Phishing Platform (conf: 75),TP-0001,hostmaster@saraland.com,,,
tivejo.com,0,FP-0008: pickelhost/eye-mail ULA SPF Phishing Platform (conf: 75),TP-0001,admin@tivejo.com,,,
tecmur2.org,0,FP-0011: IP-KVM / Remote-Management Exposure (conf: 15),,hostmaster@ns10.servicio-online.net,,,
sbsspa.com,0,FP-0008: pickelhost/eye-mail ULA SPF Phishing Platform (conf: 75),TP-0001,hostmaster@sbsspa.com,,,
tmxmarketing.com.br,0,FP-0009: IPIDEA Residential Proxy Network Infrastructure (conf: 80),,root@br934.hostgator.com.br,,,
trav3lers.com,0,FP-0007: Typosquat Evasion Infrastructure (conf: 80),TP-0012,hostmaster@registrar-servers.com,,,
tsch.com,0,FP-0008: pickelhost/eye-mail ULA SPF Phishing Platform (conf: 75),TP-0001,admin@giantpanda.com,,,
tmi.ph,0,FP-0009: IPIDEA Residential Proxy Network Infrastructure (conf: 80),,ts@web.com.ph,,,
tracking.army,0,FP-0008: pickelhost/eye-mail ULA SPF Phishing Platform (conf: 100),TP-0001,hostmaster@nsone.net,,,
tradr.space,0,FP-0009: IPIDEA Residential Proxy Network Infrastructure (conf: 80),,support@spaceship.com,,,c7c7383cc7c9c036
trbvn.com,0,FP-0008: pickelhost/eye-mail ULA SPF Phishing Platform (conf: 75),TP-0001,admin@trbvn.com,,,
tracking.democrat,0,FP-0008: pickelhost/eye-mail ULA SPF Phishing Platform (conf: 100),TP-0001,hostmaster@nsone.net,,,
traffmix.com,0,FP-0008: pickelhost/eye-mail ULA SPF Phishing Platform (conf: 75),TP-0001,admin@traffmix.com,,,
ttcgmiami.com,0,FP-0008: pickelhost/eye-mail ULA SPF Phishing Platform (conf: 75),TP-0001,admin@giantpanda.com,,,
stylika.pl,0,FP-0011: IP-KVM / Remote-Management Exposure (conf: 60),,hostmaster@stylika.pl,,,
tracking.republican,0,FP-0008: pickelhost/eye-mail ULA SPF Phishing Platform (conf: 100),TP-0001,hostmaster@nsone.net,,,
twit-mail.com,0,FP-0008: pickelhost/eye-mail ULA SPF Phishing Platform (conf: 75),TP-0001,hostmaster@twit-mail.com,,,
toto96.com,0,FP-0009: IPIDEA Residential Proxy Network Infrastructure (conf: 80),,cpanel@tech.namecheap.com,,,
tulsacannabisdoctor.com,0,FP-0008: pickelhost/eye-mail ULA SPF Phishing Platform (conf: 100),TP-0001,hostmaster@nsone.net,,,
ua.flextronic.com,0,FP-0008: pickelhost/eye-mail ULA SPF Phishing Platform (conf: 75),TP-0001,,,,
twooceanstours.com,0,FP-0008: pickelhost/eye-mail ULA SPF Phishing Platform (conf: 100),TP-0001,hostmaster@nsone.net,,,
tulsabud.delivery,0,FP-0008: pickelhost/eye-mail ULA SPF Phishing Platform (conf: 100),TP-0001,hostmaster@nsone.net,,,
studiosix.ws,0,FP-0008: pickelhost/eye-mail ULA SPF Phishing Platform (conf: 75),TP-0001,,,,
ualbert.ca,0,FP-0008: pickelhost/eye-mail ULA SPF Phishing Platform (conf: 75),TP-0001,admin@giantpanda.com,,,
uaecleanexpress.xyz,0,FP-0009: IPIDEA Residential Proxy Network Infrastructure (conf: 80),,dns@cloudflare.com,,,
tuana31.com,0,FP-0011: IP-KVM / Remote-Management Exposure (conf: 15),,dns@cloudflare.com,,,
uaerepairquick.xyz,0,FP-0009: IPIDEA Residential Proxy Network Infrastructure (conf: 80),,dns@cloudflare.com,,,
trash2010.com,0,FP-0011: IP-KVM / Remote-Management Exposure (conf: 40),,hostmaster@trash2010.com,,,
uchs.com,0,FP-0008: pickelhost/eye-mail ULA SPF Phishing Platform (conf: 75),TP-0001,admin@giantpanda.com,,,
tracciabi.li,0,FP-0011: IP-KVM / Remote-Management Exposure (conf: 60),,staff@tracciabi.li,,,c2d32c0d74347f4b
ufvjm.com,0,FP-0008: pickelhost/eye-mail ULA SPF Phishing Platform (conf: 75),TP-0001,admin@giantpanda.com,,,
udid.com,0,FP-0008: pickelhost/eye-mail ULA SPF Phishing Platform (conf: 75),TP-0001,admin@giantpanda.com,,,
uaeserviceae.xyz,0,FP-0009: IPIDEA Residential Proxy Network Infrastructure (conf: 80),,dns@cloudflare.com,,,
uframeit.com,0,FP-0011: IP-KVM / Remote-Management Exposure (conf: 15),,hostmaster@uframeit.com,,,0000000000000000
ultraunitquick.xyz,0,FP-0009: IPIDEA Residential Proxy Network Infrastructure (conf: 80),,dns@cloudflare.com,,,
ultatryon.org,0,FP-0009: IPIDEA Residential Proxy Network Infrastructure (conf: 80),,hostmaster@ultatryon.org,,,
uber69route.com,0,FP-0011: IP-KVM / Remote-Management Exposure (conf: 40),,postmaster@uber69route.com,,,
uncensoredsurvival.com,0,FP-0008: pickelhost/eye-mail ULA SPF Phishing Platform (conf: 75),TP-0001,admin@giantpanda.com,,,
ummsuqeimmaintenance.com,0,FP-0009: IPIDEA Residential Proxy Network Infrastructure (conf: 80),,dns@cloudflare.com,,,
shadowlab.co,0,FP-0009: IPIDEA Residential Proxy Network Infrastructure (conf: 80),,hostmaster@registrar-servers.com,,,
siemans.com,0,FP-0008: pickelhost/eye-mail ULA SPF Phishing Platform (conf: 75),TP-0001,hostmaster@siemans.com,,,
shopdonna.com,0,FP-0008: pickelhost/eye-mail ULA SPF Phishing Platform (conf: 75),TP-0001,hostmaster@shopdonna.com,,,
sikharchives.com,0,FP-0008: pickelhost/eye-mail ULA SPF Phishing Platform (conf: 75),TP-0001,hostmaster@sikharchives.com,,,
signatourcampers.com,0,FP-0008: pickelhost/eye-mail ULA SPF Phishing Platform (conf: 75),TP-0001,hostmaster@signatourcampers.com,,,
tourgogogo.com,0,FP-0009: IPIDEA Residential Proxy Network Infrastructure (conf: 80),,dnsadmin@22.cn,,,
ultralink.store,0,FP-0011: IP-KVM / Remote-Management Exposure (conf: 60),,admin@dns.com,,,
unioncitymirrortable.com,0,FP-0008: pickelhost/eye-mail ULA SPF Phishing Platform (conf: 75),TP-0001,admin@giantpanda.com,,,
unomail.com,0,FP-0008: pickelhost/eye-mail ULA SPF Phishing Platform (conf: 75),TP-0001,admin@giantpanda.com,,,
simpsonfurniture.com,0,FP-0008: pickelhost/eye-mail ULA SPF Phishing Platform (conf: 75),TP-0001,hostmaster@simpsonfurniture.com,,,
unurn.com,0,FP-0007: Typosquat Evasion Infrastructure (conf: 60),TP-0012,dns@namebright.com,,,
upcmaill.com,0,FP-0008: pickelhost/eye-mail ULA SPF Phishing Platform (conf: 75),TP-0001,hostmaster@upcmaill.com,,,
urbanforestryllc.com,0,FP-0008: pickelhost/eye-mail ULA SPF Phishing Platform (conf: 75),TP-0001,admin@giantpanda.com,,,
sjinks.pro,0,FP-0008: pickelhost/eye-mail ULA SPF Phishing Platform (conf: 75),TP-0001,hostmaster@sjinks.pro,,,
upstreambrewing.com,0,FP-0009: IPIDEA Residential Proxy Network Infrastructure (conf: 80),,dns@jomax.net,,,
undercliffholdings.net,0,FP-0009: IPIDEA Residential Proxy Network Infrastructure (conf: 80),,admin@servercabin.com,,,
unidoorsgh.com,0,FP-0008: pickelhost/eye-mail ULA SPF Phishing Platform (conf: 100),TP-0001,hostmaster@nsone.net,,,
us-pay.icu,0,FP-0008: pickelhost/eye-mail ULA SPF Phishing Platform (conf: 90),TP-0001,hostmaster@us-pay.icu,,,
urbanmaintenance.xyz,0,FP-0009: IPIDEA Residential Proxy Network Infrastructure (conf: 80),,dns@cloudflare.com,,,
thepowerofuniverse.com,0,FP-0009: IPIDEA Residential Proxy Network Infrastructure (conf: 80),,hostmaster@stackdns.com,,,
usa.com,0,FP-0007: Typosquat Evasion Infrastructure (conf: 80),TP-0012,ggorman@easylink.com,,,
us-pt.top,0,FP-0008: pickelhost/eye-mail ULA SPF Phishing Platform (conf: 90),TP-0001,hostmaster@us-pt.top,,,
us-x.top,0,FP-0008: pickelhost/eye-mail ULA SPF Phishing Platform (conf: 90),TP-0001,hostmaster@us-x.top,,,
uniliver.com,0,FP-0008: pickelhost/eye-mail ULA SPF Phishing Platform (conf: 75),TP-0001,admin@uniliver.com,,,
usny.com,0,FP-0008: pickelhost/eye-mail ULA SPF Phishing Platform (conf: 75),TP-0001,admin@giantpanda.com,,,
utmail.com,0,FP-0008: pickelhost/eye-mail ULA SPF Phishing Platform (conf: 75),TP-0001,admin@giantpanda.com,,,
smsdash.com,0,FP-0008: pickelhost/eye-mail ULA SPF Phishing Platform (conf: 75),TP-0001,hostmaster@smsdash.com,,,
vagina.com,0,FP-0008: pickelhost/eye-mail ULA SPF Phishing Platform (conf: 75),TP-0001,admin@giantpanda.com,,,
smtp.koin-qq.top,0,FP-0008: pickelhost/eye-mail ULA SPF Phishing Platform (conf: 75),TP-0001,hostmaster@smtp.koin-qq.top,,,
valenciarealty.com,0,FP-0008: pickelhost/eye-mail ULA SPF Phishing Platform (conf: 75),TP-0001,admin@giantpanda.com,,,
usharer.com,0,FP-0008: pickelhost/eye-mail ULA SPF Phishing Platform (conf: 75),TP-0001,hostmaster@usharer.com,,,
tmet.com,0,FP-0008: pickelhost/eye-mail ULA SPF Phishing Platform (conf: 75),TP-0001,hostmaster@dnsowl.com,,,
valueamcdubai.xyz,0,FP-0009: IPIDEA Residential Proxy Network Infrastructure (conf: 80),,dns@cloudflare.com,,,
valuehandyman.xyz,0,FP-0009: IPIDEA Residential Proxy Network Infrastructure (conf: 80),,dns@cloudflare.com,,,
usareplicawatch.com,0,FP-0009: IPIDEA Residential Proxy Network Infrastructure (conf: 80),,cpanel@tech.namecheap.com,,,
vasculardoctor.com,0,FP-0008: pickelhost/eye-mail ULA SPF Phishing Platform (conf: 75),TP-0001,admin@giantpanda.com,,,
valuerepairs.xyz,0,FP-0009: IPIDEA Residential Proxy Network Infrastructure (conf: 80),,dns@cloudflare.com,,,
vanpanhuys.nl,0,FP-0011: IP-KVM / Remote-Management Exposure (conf: 60),,hm@mv.nl,,,
vav.com,0,FP-0008: pickelhost/eye-mail ULA SPF Phishing Platform (conf: 75),TP-0001,admin@giantpanda.com,,,
sonu.com,0,FP-0008: pickelhost/eye-mail ULA SPF Phishing Platform (conf: 75),TP-0001,hostmaster@sonu.com,,,
verybig.com,0,FP-0008: pickelhost/eye-mail ULA SPF Phishing Platform (conf: 75),TP-0001,admin@giantpanda.com,,,
veauly.com,0,FP-0008: pickelhost/eye-mail ULA SPF Phishing Platform (conf: 90),TP-0001,awsdns-hostmaster@amazon.com,,,
vhc.com,0,FP-0007: Typosquat Evasion Infrastructure (conf: 60),TP-0012,dns@jomax.net,,,
ssef.com,0,FP-0008: pickelhost/eye-mail ULA SPF Phishing Platform (conf: 75),TP-0001,hostmaster@ssef.com,,,
sterlingfinancecompany.com,0,FP-0008: pickelhost/eye-mail ULA SPF Phishing Platform (conf: 75),TP-0001,hostmaster@sterlingfinancecompany.com,,,
varokah.tech,0,FP-0011: IP-KVM / Remote-Management Exposure (conf: 15),,dns@cloudflare.com,,,
spamfree24.org,0,FP-0008: pickelhost/eye-mail ULA SPF Phishing Platform (conf: 75),TP-0001,hostmaster@spamfree24.org,,,
stlcc.com,0,FP-0008: pickelhost/eye-mail ULA SPF Phishing Platform (conf: 75),TP-0001,hostmaster@stlcc.com,,,
victoryheightsmaintenance.com,0,FP-0009: IPIDEA Residential Proxy Network Infrastructure (conf: 80),,dns@cloudflare.com,,,
velvet-mag.lat,0,FP-0008: pickelhost/eye-mail ULA SPF Phishing Platform (conf: 95),TP-0001,hostmaster@dnsowl.com,,,
urltc.com,0,FP-0008: pickelhost/eye-mail ULA SPF Phishing Platform (conf: 90),TP-0001,hostmaster@dnsowl.com,,,
stock2u.co.uk,0,FP-0008: pickelhost/eye-mail ULA SPF Phishing Platform (conf: 75),TP-0001,hostmaster@stock2u.co.uk,,,
streetwisemail.com,0,FP-0008: pickelhost/eye-mail ULA SPF Phishing Platform (conf: 75),TP-0001,hostmaster@streetwisemail.com,,,
villanovaservices.com,0,FP-0009: IPIDEA Residential Proxy Network Infrastructure (conf: 80),,dns@cloudflare.com,,,
villaamcdubai.xyz,0,FP-0009: IPIDEA Residential Proxy Network Infrastructure (conf: 80),,dns@cloudflare.com,,,
viptrading.com,0,FP-0008: pickelhost/eye-mail ULA SPF Phishing Platform (conf: 75),TP-0001,admin@giantpanda.com,,,
villaspro.xyz,0,FP-0009: IPIDEA Residential Proxy Network Infrastructure (conf: 80),,dns@cloudflare.com,,,
vbgvd.com,0,FP-0011: IP-KVM / Remote-Management Exposure (conf: 40),,support@spaceship.com,,,
videoton.ca,0,FP-0008: pickelhost/eye-mail ULA SPF Phishing Platform (conf: 75),TP-0001,admin@videoton.ca,,,
videographer.equipment,0,FP-0011: IP-KVM / Remote-Management Exposure (conf: 60),,admin@dns.com,,,
vjh.com,0,FP-0008: pickelhost/eye-mail ULA SPF Phishing Platform (conf: 75),TP-0001,admin@giantpanda.com,,,
students.fresno.edul.com,0,FP-0008: pickelhost/eye-mail ULA SPF Phishing Platform (conf: 75),TP-0001,hostmaster@students.fresno.edul.com,,,
students.leeschool.net,0,FP-0008: pickelhost/eye-mail ULA SPF Phishing Platform (conf: 75),TP-0001,hostmaster@students.leeschool.net,,,
videos-de-chasse.com,0,FP-0009: IPIDEA Residential Proxy Network Infrastructure (conf: 80),,tech@ovh.net,,,
vipcz.dev,0,FP-0008: pickelhost/eye-mail ULA SPF Phishing Platform (conf: 100),TP-0001,hostmaster@nsone.net,,,
vsmini.com,0,FP-0008: pickelhost/eye-mail ULA SPF Phishing Platform (conf: 95),TP-0001,dns@cloudflare.com,,,
vzpx.com,0,FP-0008: pickelhost/eye-mail ULA SPF Phishing Platform (conf: 75),TP-0001,admin@giantpanda.com,,,
suport.com,0,FP-0008: pickelhost/eye-mail ULA SPF Phishing Platform (conf: 75),TP-0001,hostmaster@suport.com,,,
vpsh.com,0,FP-0011: IP-KVM / Remote-Management Exposure (conf: 15),,support@spaceship.com,,,
t3rbo.com,0,FP-0008: pickelhost/eye-mail ULA SPF Phishing Platform (conf: 75),TP-0001,hostmaster@t3rbo.com,,,
vzinet.com,0,FP-0008: pickelhost/eye-mail ULA SPF Phishing Platform (conf: 75),TP-0001,admin@vzinet.com,,,
vidnoe-beton-zavod.ru,0,FP-0009: IPIDEA Residential Proxy Network Infrastructure (conf: 80),,hostmaster@beget.com,,,
tampabaycoalition.com,0,FP-0008: pickelhost/eye-mail ULA SPF Phishing Platform (conf: 75),TP-0001,hostmaster@tampabaycoalition.com,,,
vofyfuqero.pro,0,FP-0011: IP-KVM / Remote-Management Exposure (conf: 40),,hostmaster@vofyfuqero.pro,,,
wangyangdahai.sbs,0,FP-0008: pickelhost/eye-mail ULA SPF Phishing Platform (conf: 90),TP-0001,hostmaster@wangyangdahai.sbs,,,
teamdiscovery.com,0,FP-0008: pickelhost/eye-mail ULA SPF Phishing Platform (conf: 75),TP-0001,hostmaster@teamdiscovery.com,,,
wazoo.com,0,FP-0008: pickelhost/eye-mail ULA SPF Phishing Platform (conf: 75),TP-0001,admin@giantpanda.com,,,
walt-mart.com,0,FP-0008: pickelhost/eye-mail ULA SPF Phishing Platform (conf: 75),TP-0001,admin@walt-mart.com,,,
warsanmaintenance.com,0,FP-0009: IPIDEA Residential Proxy Network Infrastructure (conf: 80),,dns@cloudflare.com,,,
ukirish.com,0,FP-0008: pickelhost/eye-mail ULA SPF Phishing Platform (conf: 75),TP-0001,hostmaster@blacknight.com,,,
vpsfox.com,0,FP-0009: IPIDEA Residential Proxy Network Infrastructure (conf: 80),,freednsadmin@dnspod.com,,,
techpointer.com,0,FP-0008: pickelhost/eye-mail ULA SPF Phishing Platform (conf: 75),TP-0001,hostmaster@techpointer.com,,,
webbamail.com,0,FP-0008: pickelhost/eye-mail ULA SPF Phishing Platform (conf: 75),TP-0001,hostmaster@webbamail.com,,,
tepzo.com,0,FP-0008: pickelhost/eye-mail ULA SPF Phishing Platform (conf: 75),TP-0001,hostmaster@tepzo.com,,,
wearewynwood.com,0,FP-0009: IPIDEA Residential Proxy Network Infrastructure (conf: 80),,dns@hostinger.com,,,
weknowyourdogs.co.uk,0,FP-0009: IPIDEA Residential Proxy Network Infrastructure (conf: 80),,dns@hostinger.com,,,
wendydavis.com,0,FP-0009: IPIDEA Residential Proxy Network Infrastructure (conf: 80),,dns@hostinger.com,,,
webmailious.top,0,FP-0011: IP-KVM / Remote-Management Exposure (conf: 40),,hostmaster@webmailious.top,,,
unkn0wn.ws,0,FP-0008: pickelhost/eye-mail ULA SPF Phishing Platform (conf: 75),TP-0001,,,,
westcaltractor.net,0,FP-0008: pickelhost/eye-mail ULA SPF Phishing Platform (conf: 75),TP-0001,admin@giantpanda.com,,,
wbkey.ru,0,FP-0009: IPIDEA Residential Proxy Network Infrastructure (conf: 80),,hostmaster@beget.com,,,
threadgenius.co,0,FP-0008: pickelhost/eye-mail ULA SPF Phishing Platform (conf: 75),TP-0001,hostmaster@threadgenius.co,,,
wfvb.com,0,FP-0008: pickelhost/eye-mail ULA SPF Phishing Platform (conf: 90),TP-0001,dns@jomax.net,,,
wfvd.com,0,FP-0008: pickelhost/eye-mail ULA SPF Phishing Platform (conf: 90),TP-0001,dns@jomax.net,,,
thevaporhut.com,0,FP-0008: pickelhost/eye-mail ULA SPF Phishing Platform (conf: 75),TP-0001,hostmaster@thevaporhut.com,,,
wgby.com,0,FP-0008: pickelhost/eye-mail ULA SPF Phishing Platform (conf: 75),TP-0001,admin@giantpanda.com,,,
wh745320.ispot.cc,0,FP-0009: IPIDEA Residential Proxy Network Infrastructure (conf: 80),,,,,
windsream.net,0,FP-0008: pickelhost/eye-mail ULA SPF Phishing Platform (conf: 75),TP-0001,admin@giantpanda.com,,,
whiteairconfix.xyz,0,FP-0009: IPIDEA Residential Proxy Network Infrastructure (conf: 80),,dns@cloudflare.com,,,
windstrem.net,0,FP-0008: pickelhost/eye-mail ULA SPF Phishing Platform (conf: 75),TP-0001,admin@giantpanda.com,,,
toppenishhospital.com,0,FP-0008: pickelhost/eye-mail ULA SPF Phishing Platform (conf: 75),TP-0001,hostmaster@toppenishhospital.com,,,
totectors.net,0,FP-0008: pickelhost/eye-mail ULA SPF Phishing Platform (conf: 75),TP-0001,hostmaster@totectors.net,,,
wildernesshikersinternational.org,0,FP-0009: IPIDEA Residential Proxy Network Infrastructure (conf: 80),,hostmaster@wildernesshikersinternational.org,,,
vandaleindustries.com,0,FP-0008: pickelhost/eye-mail ULA SPF Phishing Platform (conf: 75),TP-0001,admin@vandaleindustries.com,,,
wenyuanshe.com,0,FP-0011: IP-KVM / Remote-Management Exposure (conf: 60),,freednsadmin@dnspod.com,,,c5d228522f837f8b
winplay303.com,0,FP-0008: pickelhost/eye-mail ULA SPF Phishing Platform (conf: 90),TP-0001,hostmaster@winplay303.com,,,
wishartrealty.com,0,FP-0009: IPIDEA Residential Proxy Network Infrastructure (conf: 80),,root@BLUEHOST.com,,,
tpsautoparts.com,0,FP-0008: pickelhost/eye-mail ULA SPF Phishing Platform (conf: 75),TP-0001,hostmaster@tpsautoparts.com,,,
woe.com,0,FP-0008: pickelhost/eye-mail ULA SPF Phishing Platform (conf: 75),TP-0001,admin@giantpanda.com,,,
wochaojibang.sbs,0,FP-0008: pickelhost/eye-mail ULA SPF Phishing Platform (conf: 90),TP-0001,hostmaster@wochaojibang.sbs,,,
womenabuse.com,0,FP-0008: pickelhost/eye-mail ULA SPF Phishing Platform (conf: 75),TP-0001,admin@giantpanda.com,,,
withaibe.com,0,FP-0008: pickelhost/eye-mail ULA SPF Phishing Platform (conf: 100),TP-0001,hostmaster@nsone.net,,,
wohenwasai.cc,0,FP-0008: pickelhost/eye-mail ULA SPF Phishing Platform (conf: 90),TP-0001,hostmaster@wohenwasai.cc,,,
wolaila.cc,0,FP-0008: pickelhost/eye-mail ULA SPF Phishing Platform (conf: 90),TP-0001,hostmaster@wolaila.cc,,,
trashcanmail.com,0,FP-0008: pickelhost/eye-mail ULA SPF Phishing Platform (conf: 75),TP-0001,hostmaster@trashcanmail.com,,,
trandigabapoe.shop,0,FP-0009: IPIDEA Residential Proxy Network Infrastructure (conf: 80),,hostmaster@registrar-servers.com,,,
wolf-os.com,0,FP-0011: IP-KVM / Remote-Management Exposure (conf: 15),,administrator@dynu.com,,,c7b9788c91625b99
treehousefood.com,0,FP-0008: pickelhost/eye-mail ULA SPF Phishing Platform (conf: 75),TP-0001,hostmaster@treehousefood.com,,,
wsfcs.com,0,FP-0008: pickelhost/eye-mail ULA SPF Phishing Platform (conf: 75),TP-0001,admin@giantpanda.com,,,
wshv.com,0,FP-0008: pickelhost/eye-mail ULA SPF Phishing Platform (conf: 75),TP-0001,admin@giantpanda.com,,,
wowauctionguide.com,0,FP-0011: IP-KVM / Remote-Management Exposure (conf: 40),,hostmaster@abusix.local,,,
wowhackgold.com,0,FP-0011: IP-KVM / Remote-Management Exposure (conf: 40),,hostmaster@wowhackgold.com,,,
tyu.com,0,FP-0008: pickelhost/eye-mail ULA SPF Phishing Platform (conf: 75),TP-0001,hostmaster@tyu.com,,,
tyuo.com,0,FP-0008: pickelhost/eye-mail ULA SPF Phishing Platform (conf: 75),TP-0001,hostmaster@tyuo.com,,,
wsuse.top,0,FP-0008: pickelhost/eye-mail ULA SPF Phishing Platform (conf: 90),TP-0001,hostmaster@wsuse.top,,,
wsj.homes,0,FP-0008: pickelhost/eye-mail ULA SPF Phishing Platform (conf: 90),TP-0001,hostmaster@wsj.homes,,,
www.eljardin.com,0,FP-0008: pickelhost/eye-mail ULA SPF Phishing Platform (conf: 75),TP-0001,admin@giantpanda.com,,,
u.jsc.ro,0,FP-0008: pickelhost/eye-mail ULA SPF Phishing Platform (conf: 75),TP-0001,hostmaster@u.jsc.ro,,,
wwrmails.com,0,FP-0008: pickelhost/eye-mail ULA SPF Phishing Platform (conf: 75),TP-0001,hostmaster@wwrmails.com,,,
vory.relieval.com,0,FP-0011: IP-KVM / Remote-Management Exposure (conf: 80),,,,,
ucq.com,0,FP-0008: pickelhost/eye-mail ULA SPF Phishing Platform (conf: 75),TP-0001,hostmaster@ucq.com,,,
vrij.relieval.com,0,FP-0011: IP-KVM / Remote-Management Exposure (conf: 80),,,,,
www845d.cc,0,FP-0008: pickelhost/eye-mail ULA SPF Phishing Platform (conf: 90),TP-0001,hostmaster@www845d.cc,,,
umiudi.cn,0,FP-0011: IP-KVM / Remote-Management Exposure (conf: 15),,hwclouds\@cs.huawei.com,,,855e58612f9633da
ujsc.979.koin-qq.top,0,FP-0008: pickelhost/eye-mail ULA SPF Phishing Platform (conf: 75),TP-0001,hostmaster@ujsc.979.koin-qq.top,,,
x3mailer.com,0,FP-0008: pickelhost/eye-mail ULA SPF Phishing Platform (conf: 75),TP-0001,hostmaster@x3mailer.com,,,
uggbootssale.com,0,FP-0008: pickelhost/eye-mail ULA SPF Phishing Platform (conf: 75),TP-0001,hostmaster@uggbootssale.com,,,
uk.relieval.com,0,FP-0011: IP-KVM / Remote-Management Exposure (conf: 80),,,,,
ukrplastic.com,0,FP-0008: pickelhost/eye-mail ULA SPF Phishing Platform (conf: 75),TP-0001,hostmaster@ukrplastic.com,,,
xiaoting.cc,0,FP-0008: pickelhost/eye-mail ULA SPF Phishing Platform (conf: 90),TP-0001,hostmaster@xiaoting.cc,,,
xhyemail.com,0,FP-0008: pickelhost/eye-mail ULA SPF Phishing Platform (conf: 75),TP-0001,hostmaster@xhyemail.com,,,
worldstrides.com.au,0,FP-0011: IP-KVM / Remote-Management Exposure (conf: 40),,dns@jomax.net,,,d13d16534bc4dc95
xiaoguaishou.icu,0,FP-0008: pickelhost/eye-mail ULA SPF Phishing Platform (conf: 90),TP-0001,hostmaster@xiaoguaishou.icu,,,
xn--gmal-spa.com,0,FP-0007: Typosquat Evasion Infrastructure (conf: 80),TP-0012,hostmaster@xn--gmal-spa.com,,,
www.startmail.com,0,FP-0009: IPIDEA Residential Proxy Network Infrastructure (conf: 80),,,,,d0f43f0f42707c0f
xn--gmai-y0a.com,0,FP-0007: Typosquat Evasion Infrastructure (conf: 80),TP-0012,hostmaster@trellian.com,,,
wzjpj.com,0,FP-0011: IP-KVM / Remote-Management Exposure (conf: 40),,support@spaceship.com,,,
xn--gmil-1na.com,0,FP-0007: Typosquat Evasion Infrastructure (conf: 80),TP-0012,hostmaster@trellian.com,,,
xxxvideos.com,0,FP-0008: pickelhost/eye-mail ULA SPF Phishing Platform (conf: 75),TP-0001,admin@giantpanda.com,,,
x7971.com,0,FP-0011: IP-KVM / Remote-Management Exposure (conf: 60),,dns@jomax.net,,,
xtryb.com,0,FP-0008: pickelhost/eye-mail ULA SPF Phishing Platform (conf: 90),TP-0001,hostmaster@dnsowl.com,,,
weipai.ws,0,FP-0008: pickelhost/eye-mail ULA SPF Phishing Platform (conf: 75),TP-0001,,,,
xby3.com,0,FP-0009: IPIDEA Residential Proxy Network Infrastructure (conf: 80),,root@arabseedservconis915122.bxcoins.com,,,
wikiserie.online,0,FP-0011: IP-KVM / Remote-Management Exposure (conf: 60),,admin@dns.com,,,
yahho.ca,0,FP-0008: pickelhost/eye-mail ULA SPF Phishing Platform (conf: 75),TP-0001,admin@giantpanda.com,,,
wawan.org,0,FP-0008: pickelhost/eye-mail ULA SPF Phishing Platform (conf: 90),TP-0001,hostmaster@dnsowl.com,,,
yand.com,0,FP-0008: pickelhost/eye-mail ULA SPF Phishing Platform (conf: 75),TP-0001,admin@giantpanda.com,,,
unru.com,0,FP-0008: pickelhost/eye-mail ULA SPF Phishing Platform (conf: 75),TP-0001,hostmaster@unru.com,,,
yandex.ca,0,FP-0008: pickelhost/eye-mail ULA SPF Phishing Platform (conf: 75),TP-0001,admin@giantpanda.com,,,
uoregon.com,0,FP-0008: pickelhost/eye-mail ULA SPF Phishing Platform (conf: 75),TP-0001,hostmaster@uoregon.com,,,
yahho.com.tw,0,FP-0008: pickelhost/eye-mail ULA SPF Phishing Platform (conf: 75),TP-0001,admin@yahho.com.tw,,,
urxv.com,0,FP-0008: pickelhost/eye-mail ULA SPF Phishing Platform (conf: 75),TP-0001,hostmaster@urxv.com,,,
yabes.ovh,0,FP-0009: IPIDEA Residential Proxy Network Infrastructure (conf: 80),,tech@ovh.net,,,
us.armymil.com,0,FP-0008: pickelhost/eye-mail ULA SPF Phishing Platform (conf: 75),TP-0001,hostmaster@us.armymil.com,,,
yasiner.com,0,FP-0011: IP-KVM / Remote-Management Exposure (conf: 15),,dns@cloudflare.com,,,
usa.isgre.at,0,FP-0008: pickelhost/eye-mail ULA SPF Phishing Platform (conf: 75),TP-0001,hostmaster@usa.isgre.at,,,
yearlyamctower.xyz,0,FP-0009: IPIDEA Residential Proxy Network Infrastructure (conf: 80),,dns@cloudflare.com,,,
ux.dob.jp,0,FP-0011: IP-KVM / Remote-Management Exposure (conf: 15),,,,,
yaoo.com.tw,0,FP-0008: pickelhost/eye-mail ULA SPF Phishing Platform (conf: 75),TP-0001,admin@yaoo.com.tw,,,
vedioo.com,0,FP-0008: pickelhost/eye-mail ULA SPF Phishing Platform (conf: 75),TP-0001,hostmaster@vedioo.com,,,
ygmail.com,0,FP-0008: pickelhost/eye-mail ULA SPF Phishing Platform (conf: 95),TP-0001,admin@ygmail.com,,,
yibore.icu,0,FP-0008: pickelhost/eye-mail ULA SPF Phishing Platform (conf: 90),TP-0001,hostmaster@yibore.icu,,,
vda.ro,0,FP-0008: pickelhost/eye-mail ULA SPF Phishing Platform (conf: 75),TP-0001,hostmaster@vda.ro,,,
sepotify.com,0,FP-0007: Typosquat Evasion Infrastructure (conf: 60),TP-0012,,,,
videocalls.net,0,FP-0008: pickelhost/eye-mail ULA SPF Phishing Platform (conf: 75),TP-0001,hostmaster@videocalls.net,,,
wonderfish-recipe2.com,0,FP-0011: IP-KVM / Remote-Management Exposure (conf: 80),,,,,
yjav23.com,0,FP-0009: IPIDEA Residential Proxy Network Infrastructure (conf: 80),,dns@cloudflare.com,,,
yohho.com,0,FP-0008: pickelhost/eye-mail ULA SPF Phishing Platform (conf: 75),TP-0001,,,,
vintagetraveltrailerart.com,0,FP-0008: pickelhost/eye-mail ULA SPF Phishing Platform (conf: 75),TP-0001,hostmaster@vintagetraveltrailerart.com,,,
yourhealthcare.com,0,FP-0008: pickelhost/eye-mail ULA SPF Phishing Platform (conf: 75),TP-0001,admin@giantpanda.com,,,
yourluck.com,0,FP-0008: pickelhost/eye-mail ULA SPF Phishing Platform (conf: 75),TP-0001,admin@giantpanda.com,,,
virtualserver.pro,0,FP-0008: pickelhost/eye-mail ULA SPF Phishing Platform (conf: 75),TP-0001,hostmaster@virtualserver.pro,,,
volt-telecom.com,0,FP-0008: pickelhost/eye-mail ULA SPF Phishing Platform (conf: 75),TP-0001,hostmaster@volt-telecom.com,,,
vuhf.com,0,FP-0008: pickelhost/eye-mail ULA SPF Phishing Platform (conf: 75),TP-0001,hostmaster@vuhf.com,,,
yoursuprise.com,0,FP-0008: pickelhost/eye-mail ULA SPF Phishing Platform (conf: 75),TP-0001,admin@giantpanda.com,,,
vydn.com,0,FP-0008: pickelhost/eye-mail ULA SPF Phishing Platform (conf: 75),TP-0001,hostmaster@vydn.com,,,
wwindstream.net,0,FP-0008: pickelhost/eye-mail ULA SPF Phishing Platform (conf: 75),TP-0001,admin@wwindstream.net,,,
yubc.com,0,FP-0008: pickelhost/eye-mail ULA SPF Phishing Platform (conf: 75),TP-0001,admin@giantpanda.com,,,
youmail.camdvr.org,0,FP-0009: IPIDEA Residential Proxy Network Infrastructure (conf: 80),,,,,
yousmail.com,0,FP-0008: pickelhost/eye-mail ULA SPF Phishing Platform (conf: 90),TP-0001,hostmaster@yousmail.com,,,
yjav28.com,0,FP-0009: IPIDEA Residential Proxy Network Infrastructure (conf: 80),,dns@cloudflare.com,,,
walla.co,0,FP-0008: pickelhost/eye-mail ULA SPF Phishing Platform (conf: 75),TP-0001,hostmaster@walla.co,,,
wackyday.com,0,FP-0008: pickelhost/eye-mail ULA SPF Phishing Platform (conf: 75),TP-0001,hostmaster@wackyday.com,,,
yxpo.com,0,FP-0008: pickelhost/eye-mail ULA SPF Phishing Platform (conf: 90),TP-0001,hostmaster@yxpo.com,,,
zber.com,0,FP-0007: Typosquat Evasion Infrastructure (conf: 60),TP-0012,dns@jomax.net,,,
zaxby.com,0,FP-0008: pickelhost/eye-mail ULA SPF Phishing Platform (conf: 75),TP-0001,admin@giantpanda.com,,,
wallla.com,0,FP-0008: pickelhost/eye-mail ULA SPF Phishing Platform (conf: 75),TP-0001,hostmaster@wallla.com,,,
yop.mc-fly.be,0,FP-0009: IPIDEA Residential Proxy Network Infrastructure (conf: 80),,,,,
ytdownloader.cloud,0,FP-0009: IPIDEA Residential Proxy Network Infrastructure (conf: 80),,dns@cloudflare.com,,,
waterburytelephonefcu.com,0,FP-0008: pickelhost/eye-mail ULA SPF Phishing Platform (conf: 75),TP-0001,hostmaster@waterburytelephonefcu.com,,,
zenrepair365.xyz,0,FP-0009: IPIDEA Residential Proxy Network Infrastructure (conf: 80),,dns@cloudflare.com,,,
zhendeaiai.top,0,FP-0008: pickelhost/eye-mail ULA SPF Phishing Platform (conf: 90),TP-0001,hostmaster@zhendeaiai.top,,,
zenworksfast.xyz,0,FP-0009: IPIDEA Residential Proxy Network Infrastructure (conf: 80),,dns@cloudflare.com,,,
wczasy.nad.morzem.pl,0,FP-0008: pickelhost/eye-mail ULA SPF Phishing Platform (conf: 75),TP-0001,hostmaster@wczasy.nad.morzem.pl,,,
xn--qei8618m9qa.ws,0,FP-0008: pickelhost/eye-mail ULA SPF Phishing Platform (conf: 75),TP-0001,,,,
xn--53h1310o.ws,0,FP-0008: pickelhost/eye-mail ULA SPF Phishing Platform (conf: 75),TP-0001,,,,
xn--ihvh-lw4b.ws,0,FP-0008: pickelhost/eye-mail ULA SPF Phishing Platform (conf: 75),TP-0001,,,,
xn--z8hxwp135i.ws,0,FP-0008: pickelhost/eye-mail ULA SPF Phishing Platform (conf: 75),TP-0001,,,,
zippiex.com,0,FP-0008: pickelhost/eye-mail ULA SPF Phishing Platform (conf: 75),TP-0001,hostmaster@zippiex.com,,,
ypopo.dpdns.org,0,FP-0009: IPIDEA Residential Proxy Network Infrastructure (conf: 80),,dns@cloudflare.com,,,93cb6d246431b3cb
zuigaodeshanfeng.icu,0,FP-0008: pickelhost/eye-mail ULA SPF Phishing Platform (conf: 90),TP-0001,hostmaster@zuigaodeshanfeng.icu,,,
webjump.com,0,FP-0008: pickelhost/eye-mail ULA SPF Phishing Platform (conf: 75),TP-0001,hostmaster@webjump.com,,,
ymca-arlington.org,0,FP-0008: pickelhost/eye-mail ULA SPF Phishing Platform (conf: 75),TP-0001,admin@giantpanda.com,,,
004gmail.com,1,Combo-squat: gmail,,,,,
00.0.gmail.com.gmail.8.3.gmail.35.cad.creou.dev,1,Combo-squat: gmail,,,,,
005gmail.com,1,Combo-squat: gmail,,,,,
006gmail.com,1,Combo-squat: gmail,,,,,
002gmail.com,1,Combo-squat: gmail,,hostmaster@002gmail.com,,,
007gmail.com,1,Combo-squat: gmail,,dns@namebright.com,,,
001gmail.com,1,Combo-squat: gmail,,hostmaster@001gmail.com,,,
008gmail.com,1,Combo-squat: gmail,,hostmaster@008gmail.com,,,
z86.ru,0,FP-0009: IPIDEA Residential Proxy Network Infrastructure (conf: 80),,hostmaster@beget.com,,,
01252gmail.com,1,Combo-squat: gmail,,,,,
yidaiyiluwang.com,0,FP-0011: IP-KVM / Remote-Management Exposure (conf: 20),,hostmaster@hichina.com,,,8cdd3b2a6cff2048
010gmail.com,1,Combo-squat: gmail,,hostmaster@010gmail.com,,,
014gmail.com,1,Combo-squat: gmail,,,,,
011gmail.com,1,Combo-squat: gmail,,hostmaster@011gmail.com,,,
017gmail.com,1,Combo-squat: gmail,,,,,
016gmail.com,1,Combo-squat: gmail,,,,,
019gmail.com,1,Combo-squat: gmail,,,,,
0202gmail.com,1,Combo-squat: gmail,,dns@cloudflare.com,,,
012gmail.com,1,Combo-squat: gmail,,hostmaster@012gmail.com,,,
zx180.com,0,FP-0011: IP-KVM / Remote-Management Exposure (conf: 15),,master@jmdns.com,,,
009gmail.com,1,Combo-squat: gmail,,hostmaster@009gmail.com,,,
022gmail.com,1,Combo-squat: gmail,,,,,
zub.edu.pl,0,FP-0009: IPIDEA Residential Proxy Network Infrastructure (conf: 80),,tech@ovh.net,,,
021gmail.com,1,Combo-squat: gmail,,,,,
020gmail.com,1,Combo-squat: gmail,,,,,
zheleznodorognyi-beton-zavod.ru,0,FP-0009: IPIDEA Residential Proxy Network Infrastructure (conf: 80),,hostmaster@beget.com,,,
029gmail.com,1,Combo-squat: gmail,,,,,
031gmail.com,1,Combo-squat: gmail,,,,,
025gmail.com,1,Combo-squat: gmail,,,,,
023gmail.com,1,Combo-squat: gmail,,hostmaster@023gmail.com,,,
036gmail.com,1,Combo-squat: gmail,,,,,
030gmail.com,1,Combo-squat: gmail,,,,,
028gmail.com,1,Combo-squat: gmail,,,,,
032gmail.com,1,Combo-squat: gmail,,,,,
yahoio.com,0,FP-0008: pickelhost/eye-mail ULA SPF Phishing Platform (conf: 75),TP-0001,admin@yahoio.com,,,
043gmail.com,1,Combo-squat: gmail,,,,,
041gmail.com,1,Combo-squat: gmail,,,,,
039gmail.com,1,Combo-squat: gmail,,,,,
00gmail.com,1,Combo-squat: gmail,,hostmaster@trellian.com,,,
047gmail.com,1,Combo-squat: gmail,,,,,
060gmail.com,1,Combo-squat: gmail,,,,,
050gmail.com,1,Combo-squat: gmail,,,,,
057gmail.com,1,Combo-squat: gmail,,,,,
058gmail.com,1,Combo-squat: gmail,,hostmaster@058gmail.com,,,
059gmail.com,1,Combo-squat: gmail,,hostmaster@059gmail.com,,,
042gmail.com,1,Combo-squat: gmail,,hostmaster@042gmail.com,,,
062gmail.com,1,Combo-squat: gmail,,hostmaster@062gmail.com,,,
063gmail.com,1,Combo-squat: gmail,,hostmaster@063gmail.com,,,
wfwddl.com,0,FP-0011: IP-KVM / Remote-Management Exposure (conf: 15),,master@jmdns.com,,,
westcoastsaws.com,0,FP-0008: pickelhost/eye-mail ULA SPF Phishing Platform (conf: 75),TP-0001,admin@westcoastsaws.com,,,
when.relieval.com,0,FP-0011: IP-KVM / Remote-Management Exposure (conf: 80),,,,,
066gmail.com,1,Combo-squat: gmail,,hostmaster@066gmail.com,,,
068gmail.com,1,Combo-squat: gmail,,hostmaster@068gmail.com,,,
078gmail.com,1,Combo-squat: gmail,,,,,
065gmail.com,1,Combo-squat: gmail,,hostmaster@065gmail.com,,,
079gmail.com,1,Combo-squat: gmail,,hostmaster@079gmail.com,,,
zain.site,0,FP-0011: IP-KVM / Remote-Management Exposure (conf: 60),,hostmaster@hichina.com,,,
071gmail.com,1,Combo-squat: gmail,,hostmaster@071gmail.com,,,
067gmail.com,1,Combo-squat: gmail,,hostmaster@067gmail.com,,,
090gmail.com,1,Combo-squat: gmail,,hostmaster@090gmail.com,,,
yepmail.ws,0,FP-0008: pickelhost/eye-mail ULA SPF Phishing Platform (conf: 75),TP-0001,,,,
092gmail.com,1,Combo-squat: gmail,,,,,
087gmail.com,1,Combo-squat: gmail,,hostmaster@087gmail.com,,,
086gmail.com,1,Combo-squat: gmail,,hostmaster@086gmail.com,,,
093gmail.com,1,Combo-squat: gmail,,hostmaster@093gmail.com,,,
100007397087655.cryptonews24h.xyz,1,Combo-squat: crypto,,,,,
091gmail.com,1,Combo-squat: gmail,,hostmaster@091gmail.com,,,
100003901618211.cryptonews24h.xyz,1,Combo-squat: crypto,,,,,
097gmail.com,1,Combo-squat: gmail,,hostmaster@097gmail.com,,,
100014167211170.cryptonews24h.xyz,1,Combo-squat: crypto,,,,,
099gmail.com,1,Combo-squat: gmail,,hostmaster@099gmail.com,,,
1.a.z.1.gmail.i.0.83.y.9.aiot.ptcu.dev,1,Combo-squat: gmail,,,,,
096gmail.com,1,Combo-squat: gmail,,hostmaster@096gmail.com,,,
098gmail.com,1,Combo-squat: gmail,,hostmaster@098gmail.com,,,
095gmail.com,1,Combo-squat: gmail,,hostmaster@095gmail.com,,,
1012gmail.com,1,Combo-squat: gmail,,,,,
womenshealthprof.com,0,FP-0008: pickelhost/eye-mail ULA SPF Phishing Platform (conf: 75),TP-0001,hostmaster@womenshealthprof.com,,,
1001gmail.com,1,Combo-squat: gmail,,,,,
1000gmail.com,1,Combo-squat: gmail,,hostmaster@1000gmail.com,,,
105gmail.com,1,Combo-squat: gmail,,hostmaster@105gmail.com,,,
10thblock.com,1,Combo-squat: block,,,,,
106gmail.com,1,Combo-squat: gmail,,hostmaster@106gmail.com,,,
101gmail.com,1,Combo-squat: gmail,,hostmaster@101gmail.com,,,
115gmail.com,1,Combo-squat: gmail,,,,,
102gmail.com,1,Combo-squat: gmail,,hostmaster@102gmail.com,,,
113gmail.com,1,Combo-squat: gmail,,hostmaster@113gmail.com,,,
112gmail.com,1,Combo-squat: gmail,,hostmaster@112gmail.com,,,
114gmail.com,1,Combo-squat: gmail,,hostmaster@114gmail.com,,,
worldwidestaffinginc.com,0,FP-0008: pickelhost/eye-mail ULA SPF Phishing Platform (conf: 75),TP-0001,hostmaster@worldwidestaffinginc.com,,,
wowow.com,0,FP-0008: pickelhost/eye-mail ULA SPF Phishing Platform (conf: 75),TP-0001,hostmaster@wowow.com,,,
116gmail.com,1,Combo-squat: gmail,,hostmaster@116gmail.com,,,
120gmail.com,1,Combo-squat: gmail,,hostmaster@120gmail.com,,,
1212gmail.com,1,Combo-squat: gmail,,hostmaster@1212gmail.com,,,
124gmail.com,1,Combo-squat: gmail,,hostmaster@124gmail.com,,,
122gmail.com,1,Combo-squat: gmail,,hostmaster@122gmail.com,,,
1213gmail.com,1,Combo-squat: gmail,,hostmaster@1213gmail.com,,,
121gmail.com,1,Combo-squat: gmail,,hostmaster@121gmail.com,,,
12345gmail.com,1,Combo-squat: gmail,,hostmaster@12345gmail.com,,,
1313gmail.com,1,Combo-squat: gmail,,,,,
129gmail.com,1,Combo-squat: gmail,,hostmaster@129gmail.com,,,
127gmail.com,1,Combo-squat: gmail,,hostmaster@127gmail.com,,,
125gmail.com,1,Combo-squat: gmail,,hostmaster@125gmail.com,,,
128gmail.com,1,Combo-squat: gmail,,hostmaster@128gmail.com,,,
13.1955gmail.com,1,Combo-squat: gmail,,,,,
130gmail.com,1,Combo-squat: gmail,,,,,
wustl.com,0,FP-0008: pickelhost/eye-mail ULA SPF Phishing Platform (conf: 75),TP-0001,hostmaster@wustl.com,,,
139gmail.com,1,Combo-squat: gmail,,,,,
138gmail.com,1,Combo-squat: gmail,,hostmaster@138gmail.com,,,
140gmail.com,1,Combo-squat: gmail,,hostmaster@140gmail.com,,,
134gmail.com,1,Combo-squat: gmail,,hostmaster@134gmail.com,,,
144gmail.com,1,Combo-squat: gmail,,hostmaster@144gmail.com,,,
141gmail.com,1,Combo-squat: gmail,,hostmaster@141gmail.com,,,
145gmail.com,1,Combo-squat: gmail,,hostmaster@145gmail.com,,,
13gmail.com,1,Combo-squat: gmail,,hostmaster@13gmail.com,,,
zapak.com,0,FP-0009: IPIDEA Residential Proxy Network Infrastructure (conf: 80),,hostmaster@hichina.com,,,c0948fcb359b693c
146gmail.com,1,Combo-squat: gmail,,hostmaster@146gmail.com,,,
147gmail.com,1,Combo-squat: gmail,,hostmaster@147gmail.com,,,
151gmail.com,1,Combo-squat: gmail,,,,,
149gmail.com,1,Combo-squat: gmail,,hostmaster@149gmail.com,,,
150gmail.com,1,Combo-squat: gmail,,hostmaster@150gmail.com,,,
155gmail.com,1,Combo-squat: gmail,,hostmaster@155gmail.com,,,
www.topshop.com.hr,0,FP-0008: pickelhost/eye-mail ULA SPF Phishing Platform (conf: 75),TP-0001,hostmaster@www.topshop.com.hr,,,
153gmail.com,1,Combo-squat: gmail,,hostmaster@153gmail.com,,,
156gmail.com,1,Combo-squat: gmail,,hostmaster@156gmail.com,,,
152gmail.com,1,Combo-squat: gmail,,hostmaster@152gmail.com,,,
167gmail.com,1,Combo-squat: gmail,,,,,
154gmail.com,1,Combo-squat: gmail,,hostmaster@154gmail.com,,,
166gmail.com,1,Combo-squat: gmail,,hostmaster@166gmail.com,,,
157gmail.com,1,Combo-squat: gmail,,hostmaster@157gmail.com,,,
xmision.com,0,FP-0008: pickelhost/eye-mail ULA SPF Phishing Platform (conf: 75),TP-0001,hostmaster@xmision.com,,,
164gmail.com,1,Combo-squat: gmail,,hostmaster@164gmail.com,,,
168gmail.com,1,Combo-squat: gmail,,hostmaster@168gmail.com,,,
170gmail.com,1,Combo-squat: gmail,,hostmaster@170gmail.com,,,
161gmail.com,1,Combo-squat: gmail,,hostmaster@161gmail.com,,,
175gmail.com,1,Combo-squat: gmail,,hostmaster@175gmail.com,,,
174gmail.com,1,Combo-squat: gmail,,,,,
xrpmail.com,0,FP-0008: pickelhost/eye-mail ULA SPF Phishing Platform (conf: 75),TP-0001,hostmaster@xrpmail.com,,,
xn--mail-kxa.com,0,FP-0008: pickelhost/eye-mail ULA SPF Phishing Platform (conf: 95),TP-0001,admin@xn--mail-kxa.com,,,
171gmail.com,1,Combo-squat: gmail,,hostmaster@171gmail.com,,,
179gmail.com,1,Combo-squat: gmail,,,,,
xoon.com,0,FP-0008: pickelhost/eye-mail ULA SPF Phishing Platform (conf: 75),TP-0001,hostmaster@xoon.com,,,
188gmail.com,1,Combo-squat: gmail,,hostmaster@188gmail.com,,,
182gmail.com,1,Combo-squat: gmail,,hostmaster@182gmail.com,,,
17mexcasino.com.mx,1,Combo-squat: mexc,,dns@cloudflare.com,,,
185gmail.com,1,Combo-squat: gmail,,hostmaster@185gmail.com,,,
183gmail.com,1,Combo-squat: gmail,,hostmaster@183gmail.com,,,
187gmail.com,1,Combo-squat: gmail,,hostmaster@187gmail.com,,,
xsud.com,0,FP-0008: pickelhost/eye-mail ULA SPF Phishing Platform (conf: 75),TP-0001,hostmaster@xsud.com,,,
189gmail.com,1,Combo-squat: gmail,,hostmaster@189gmail.com,,,
1944gmail.com,1,Combo-squat: gmail,,,,,
194gmail.com,1,Combo-squat: gmail,,,,,
190gmail.com,1,Combo-squat: gmail,,hostmaster@190gmail.com,,,
1955gmail.com,1,Combo-squat: gmail,,hostmaster@1955gmail.com,,,
1953gmail.com,1,Combo-squat: gmail,,hostmaster@1953gmail.com,,,
y.bcb.ro,0,FP-0008: pickelhost/eye-mail ULA SPF Phishing Platform (conf: 75),TP-0001,hostmaster@y.bcb.ro,,,
1956gmail.com,1,Combo-squat: gmail,,hostmaster@1956gmail.com,,,
1950gmail.com,1,Combo-squat: gmail,,hostmaster@1950gmail.com,,,
178gmail.com,1,Combo-squat: gmail,,hostmaster@ns36.de,,,
1960gmail.com,1,Combo-squat: gmail,,hostmaster@1960gmail.com,,,
176gmail.com,1,Combo-squat: gmail,,hostmaster@hichina.com,,,
196gmail.com,1,Combo-squat: gmail,,,,,
1959gmail.com,1,Combo-squat: gmail,,hostmaster@1959gmail.com,,,
1963gmail.com,1,Combo-squat: gmail,,hostmaster@1963gmail.com,,,
1961gmail.com,1,Combo-squat: gmail,,hostmaster@1961gmail.com,,,
1957gmail.com,1,Combo-squat: gmail,,hostmaster@1957gmail.com,,,
y.gzb.ro,0,FP-0008: pickelhost/eye-mail ULA SPF Phishing Platform (conf: 75),TP-0001,hostmaster@y.gzb.ro,,,
1970gmail.com,1,Combo-squat: gmail,,hostmaster@1970gmail.com,,,
1978gmail.com,1,Combo-squat: gmail,,hostmaster@1978gmail.com,,,
1969gmail.com,1,Combo-squat: gmail,,hostmaster@1969gmail.com,,,
1981gmail.com,1,Combo-squat: gmail,,hostmaster@1981gmail.com,,,
1974gmail.com,1,Combo-squat: gmail,,hostmaster@1974gmail.com,,,
1975gmail.com,1,Combo-squat: gmail,,hostmaster@1975gmail.com,,,
1964gmail.com,1,Combo-squat: gmail,,hostmaster@1964gmail.com,,,
186gmail.com,1,Combo-squat: gmail,,hostmaster@hichina.com,,,
1980gmail.com,1,Combo-squat: gmail,,hostmaster@1980gmail.com,,,
traveleres.com,0,FP-0007: Typosquat Evasion Infrastructure (conf: 60),TP-0012,,,,
1982gmail.com,1,Combo-squat: gmail,,hostmaster@1982gmail.com,,,
1979gmail.com,1,Combo-squat: gmail,,hostmaster@1979gmail.com,,,
yaha.com,0,FP-0008: pickelhost/eye-mail ULA SPF Phishing Platform (conf: 75),TP-0001,hostmaster@yaha.com,,,
1983gmail.com,1,Combo-squat: gmail,,hostmaster@1983gmail.com,,,
1984gmail.com,1,Combo-squat: gmail,,hostmaster@1984gmail.com,,,
1989gmail.com,1,Combo-squat: gmail,,hostmaster@1989gmail.com,,,
1985gmail.com,1,Combo-squat: gmail,,hostmaster@1985gmail.com,,,
1987gmail.com,1,Combo-squat: gmail,,hostmaster@1987gmail.com,,,
1986gmail.com,1,Combo-squat: gmail,,hostmaster@1986gmail.com,,,
1988gmail.com,1,Combo-squat: gmail,,hostmaster@1988gmail.com,,,
198gmail.com,1,Combo-squat: gmail,,hostmaster@198gmail.com,,,
yayahoo.com,0,FP-0008: pickelhost/eye-mail ULA SPF Phishing Platform (conf: 75),TP-0001,admin@yayahoo.com,,,
1991gmail.com,1,Combo-squat: gmail,,hostmaster@1991gmail.com,,,
1992gmail.com,1,Combo-squat: gmail,,hostmaster@1992gmail.com,,,
1990gmail.com,1,Combo-squat: gmail,,hostmaster@1990gmail.com,,,
yapmail.com,0,FP-0008: pickelhost/eye-mail ULA SPF Phishing Platform (conf: 75),TP-0001,hostmaster@yapmail.com,,,
1liquidators.com,1,Combo-squat: liquid,,,,,
1googlemail.com,1,Combo-squat: google,,,,,
1999gmail.com,1,Combo-squat: gmail,,hostmaster@1999gmail.com,,,
1995gmail.com,1,Combo-squat: gmail,,hostmaster@1995gmail.com,,,
1993gmail.com,1,Combo-squat: gmail,,hostmaster@1993gmail.com,,,
1996gmail.com,1,Combo-squat: gmail,,hostmaster@1996gmail.com,,,
1998gmail.com,1,Combo-squat: gmail,,hostmaster@1998gmail.com,,,
1994gmail.com,1,Combo-squat: gmail,,hostmaster@1994gmail.com,,,
1997gmail.com,1,Combo-squat: gmail,,hostmaster@1997gmail.com,,,
199gmail.com,1,Combo-squat: gmail,,hostmaster@199gmail.com,,,
2002gmail.com,1,Combo-squat: gmail,,hostmaster@2002gmail.com,,,
2004gmail.com,1,Combo-squat: gmail,,hostmaster@2004gmail.com,,,
yayo.com,0,FP-0008: pickelhost/eye-mail ULA SPF Phishing Platform (conf: 75),TP-0001,hostmaster@yayo.com,,,
2008gmail.com,1,Combo-squat: gmail,,hostmaster@2008gmail.com,,,
yaxoo.com,0,FP-0008: pickelhost/eye-mail ULA SPF Phishing Platform (conf: 75),TP-0001,hostmaster@yaxoo.com,,,
200gmail.com,1,Combo-squat: gmail,,hostmaster@200gmail.com,,,
2006gmail.com,1,Combo-squat: gmail,,hostmaster@2006gmail.com,,,
2007gmail.com,1,Combo-squat: gmail,,hostmaster@2007gmail.com,,,
2005gmail.com,1,Combo-squat: gmail,,hostmaster@2005gmail.com,,,
2001gmail.com,1,Combo-squat: gmail,,hostmaster@2001gmail.com,,,
2003gmail.com,1,Combo-squat: gmail,,hostmaster@2003gmail.com,,,
2011gmail.com,1,Combo-squat: gmail,,hostmaster@2011gmail.com,,,
2009gmail.com,1,Combo-squat: gmail,,hostmaster@2009gmail.com,,,
2000gmail.com,1,Combo-squat: gmail,,hostmaster@trellian.com,,,
2010gmail.com,1,Combo-squat: gmail,,hostmaster@2010gmail.com,,,
2014gmail.com,1,Combo-squat: gmail,,hostmaster@2014gmail.com,,,
2121gmail.com,1,Combo-squat: gmail,,,,,
201gmail.com,1,Combo-squat: gmail,,hostmaster@201gmail.com,,,
2048unblocked.com,1,Combo-squat: block,,dns@hostinger.com,,,
216gmail.com,1,Combo-squat: gmail,,hostmaster@216gmail.com,,,
206gmail.com,1,Combo-squat: gmail,,hostmaster@206gmail.com,,,
204gmail.com,1,Combo-squat: gmail,,hostmaster@204gmail.com,,,
220gmail.com,1,Combo-squat: gmail,,hostmaster@220gmail.com,,,
210gmail.com,1,Combo-squat: gmail,,hostmaster@210gmail.com,,,
221gmail.com,1,Combo-squat: gmail,,,,,
ygop.com,0,FP-0008: pickelhost/eye-mail ULA SPF Phishing Platform (conf: 75),TP-0001,hostmaster@ygop.com,,,
208gmail.com,1,Combo-squat: gmail,,hostmaster@208gmail.com,,,
211gmail.com,1,Combo-squat: gmail,,hostmaster@211gmail.com,,,
218gmail.com,1,Combo-squat: gmail,,hostmaster@218gmail.com,,,
222gmail.com,1,Combo-squat: gmail,,hostmaster@222gmail.com,,,
2222gmail.com,1,Combo-squat: gmail,,hostmaster@2222gmail.com,,,
219gmail.com,1,Combo-squat: gmail,,hostmaster@219gmail.com,,,
235francisco.com,1,Combo-squat: cisco,,,,,
224gmail.com,1,Combo-squat: gmail,,hostmaster@224gmail.com,,,
212gmail.com,1,Combo-squat: gmail,,hostmaster@212gmail.com,,,
2323gmail.com,1,Combo-squat: gmail,,,,,
238gmail.com,1,Combo-squat: gmail,,,,,
227gmail.com,1,Combo-squat: gmail,,hostmaster@227gmail.com,,,
223gmail.com,1,Combo-squat: gmail,,hostmaster@223gmail.com,,,
239gmail.com,1,Combo-squat: gmail,,,,,
234gmail.com,1,Combo-squat: gmail,,hostmaster@234gmail.com,,,
243gmail.com,1,Combo-squat: gmail,,,,,
248gmail.com,1,Combo-squat: gmail,,,,,
231gmail.com,1,Combo-squat: gmail,,hostmaster@231gmail.com,,,
232gmail.com,1,Combo-squat: gmail,,hostmaster@232gmail.com,,,
242gmail.com,1,Combo-squat: gmail,,hostmaster@242gmail.com,,,
252gmail.com,1,Combo-squat: gmail,,,,,
249gmail.com,1,Combo-squat: gmail,,,,,
253gmail.com,1,Combo-squat: gmail,,,,,
254gmail.com,1,Combo-squat: gmail,,,,,
235gmail.com,1,Combo-squat: gmail,,hostmaster@235gmail.com,,,
wishingsanta.com,0,FP-0009: IPIDEA Residential Proxy Network Infrastructure (conf: 80),,hostmaster@registrar-servers.com,,,
245gmail.com,1,Combo-squat: gmail,,hostmaster@245gmail.com,,,
247gmail.com,1,Combo-squat: gmail,,admins@siteground.com,,,
259gmail.com,1,Combo-squat: gmail,,,,,
262gmail.com,1,Combo-squat: gmail,,,,,
268gmail.com,1,Combo-squat: gmail,,,,,
255gmail.com,1,Combo-squat: gmail,,hostmaster@255gmail.com,,,
256gmail.com,1,Combo-squat: gmail,,hostmaster@256gmail.com,,,
258gmail.com,1,Combo-squat: gmail,,hostmaster@258gmail.com,,,
266gmail.com,1,Combo-squat: gmail,,hostmaster@266gmail.com,,,
273gmail.com,1,Combo-squat: gmail,,,,,
246gmail.com,1,Combo-squat: gmail,,hostmaster@246gmail.com,,,
274gmail.com,1,Combo-squat: gmail,,hostmaster@274gmail.com,,,
ymqil.com,0,FP-0008: pickelhost/eye-mail ULA SPF Phishing Platform (conf: 75),TP-0001,admin@ymqil.com,,,
290gmail.com,1,Combo-squat: gmail,,,,,
288gmail.com,1,Combo-squat: gmail,,hostmaster@288gmail.com,,,
293gmail.com,1,Combo-squat: gmail,,,,,
292gmail.com,1,Combo-squat: gmail,,,,,
yoo.ro,0,FP-0008: pickelhost/eye-mail ULA SPF Phishing Platform (conf: 75),TP-0001,hostmaster@yoo.ro,,,
275gmail.com,1,Combo-squat: gmail,,hostmaster@275gmail.com,,,
289gmail.com,1,Combo-squat: gmail,,hostmaster@289gmail.com,,,
295gmail.com,1,Combo-squat: gmail,,,,,
301gmail.com,1,Combo-squat: gmail,,dns@jomax.net,,,
299gmail.com,1,Combo-squat: gmail,,hostmaster@299gmail.com,,,
2fwww.finance.google.com.mailfranco.com,1,Combo-squat: google,,,,,
yopmali.com,0,FP-0008: pickelhost/eye-mail ULA SPF Phishing Platform (conf: 75),TP-0001,hostmaster@yopmali.com,,,
302gmail.com,1,Combo-squat: gmail,,hostmaster@302gmail.com,,,
304gmail.com,1,Combo-squat: gmail,,hostmaster@304gmail.com,,,
2ndgmail.com,1,Combo-squat: gmail,,dns@cloudflare.com,,,c1cb6b3139943e3c
309gmail.com,1,Combo-squat: gmail,,,,,
308gmail.com,1,Combo-squat: gmail,,hostmaster@308gmail.com,,,
305gmail.com,1,Combo-squat: gmail,,hostmaster@305gmail.com,,,
300gmail.com,1,Combo-squat: gmail,,hostmaster@300gmail.com,,,
303gmail.com,1,Combo-squat: gmail,,hostmaster@303gmail.com,,,
307gmail.com,1,Combo-squat: gmail,,hostmaster@307gmail.com,,,
12gmail.com,1,Combo-squat: gmail,,awsdns-hostmaster@amazon.com,,,
314gmail.com,1,Combo-squat: gmail,,,,,
315gmail.com,1,Combo-squat: gmail,,,,,
312gmail.com,1,Combo-squat: gmail,,hostmaster@312gmail.com,,,
310gmail.com,1,Combo-squat: gmail,,hostmaster@310gmail.com,,,
330gmail.com,1,Combo-squat: gmail,,dns@cloudflare.com,,,
324gmail.com,1,Combo-squat: gmail,,support@spaceship.com,,,
323gmail.com,1,Combo-squat: gmail,,,,,
2dgate.com,1,Combo-squat: gate,,,,,
336gmail.com,1,Combo-squat: gmail,,,,,
318gmail.com,1,Combo-squat: gmail,,hostmaster@318gmail.com,,,
321gmail.com,1,Combo-squat: gmail,,hostmaster@321gmail.com,,,
32gmail.com,1,Combo-squat: gmail,,hostmaster@32gmail.com,,,
333gmail.com,1,Combo-squat: gmail,,hostmaster@333gmail.com,,,
yshoo.co,0,FP-0008: pickelhost/eye-mail ULA SPF Phishing Platform (conf: 75),TP-0001,hostmaster@yshoo.co,,,
338gmail.com,1,Combo-squat: gmail,,,,,
337gmail.com,1,Combo-squat: gmail,,,,,
335gmail.com,1,Combo-squat: gmail,,hostmaster@335gmail.com,,,
344gmail.com,1,Combo-squat: gmail,,dns@cloudflare.com,,,
334gmail.com,1,Combo-squat: gmail,,hostmaster@334gmail.com,,,
341gmail.com,1,Combo-squat: gmail,,,,,
342gmail.com,1,Combo-squat: gmail,,,,,
345gmail.com,1,Combo-squat: gmail,,hostmaster@345gmail.com,,,
346gmail.com,1,Combo-squat: gmail,,hostmaster@346gmail.com,,,
343gmail.com,1,Combo-squat: gmail,,hostmaster@343gmail.com,,,
zahav.net,0,FP-0008: pickelhost/eye-mail ULA SPF Phishing Platform (conf: 75),TP-0001,hostmaster@zahav.net,,,
33mexcasino.com,1,Combo-squat: mexc,,dns@cloudflare.com,,,
351gmail.com,1,Combo-squat: gmail,,,,,
363gmail.com,1,Combo-squat: gmail,,,,,
347gmail.com,1,Combo-squat: gmail,,hostmaster@347gmail.com,,,
353gmail.com,1,Combo-squat: gmail,,,,,
350gmail.com,1,Combo-squat: gmail,,hostmaster@350gmail.com,,,
360gmail.com,1,Combo-squat: gmail,,hostmaster@360gmail.com,,,
367gmail.com,1,Combo-squat: gmail,,,,,
372gmail.com,1,Combo-squat: gmail,,,,,
362gmail.com,1,Combo-squat: gmail,,,,,
374gmail.com,1,Combo-squat: gmail,,,,,
356gmail.com,1,Combo-squat: gmail,,hostmaster@356gmail.com,,,
364gmail.com,1,Combo-squat: gmail,,hostmaster@364gmail.com,,,
377gmail.com,1,Combo-squat: gmail,,dns@cloudflare.com,,,
381gmail.com,1,Combo-squat: gmail,,,,,
383gmail.com,1,Combo-squat: gmail,,,,,
369gmail.com,1,Combo-squat: gmail,,hostmaster@369gmail.com,,,
385gmail.com,1,Combo-squat: gmail,,hostmaster@385gmail.com,,,
386gmail.com,1,Combo-squat: gmail,,,,,
392gmail.com,1,Combo-squat: gmail,,dns@cloudflare.com,,,
zib.com,0,FP-0008: pickelhost/eye-mail ULA SPF Phishing Platform (conf: 75),TP-0001,hostmaster@zib.com,,,
4.3.3.7.0.7.3.0.e.2.a.8.0.0.0.0.0.0.0.0.3.a.5.8.8.b.d.0.1.0.0.2.fake.ip6.arpa.please.believe.it.is.not.a.tempmail.service.do.u.know.other.service.i.know.gmail.com.and.so.on.if.you.want.a.real.email.address.you.can.use.https.www.163.com.fakemail.cc.cd,1,Combo-squat: gmail,,,,,
390gmail.com,1,Combo-squat: gmail,,hostmaster@390gmail.com,,,
394gmail.com,1,Combo-squat: gmail,,,,,
380gmail.com,1,Combo-squat: gmail,,hostmaster@380gmail.com,,,
398gmail.com,1,Combo-squat: gmail,,,,,
zone39.gridzones.com,0,FP-0008: pickelhost/eye-mail ULA SPF Phishing Platform (conf: 75),TP-0001,hostmaster@zone39.gridzones.com,,,
zonmob.com,0,FP-0008: pickelhost/eye-mail ULA SPF Phishing Platform (conf: 75),TP-0001,hostmaster@zonmob.com,,,
401gmail.com,1,Combo-squat: gmail,,,,,
zmail.com,0,FP-0007: Typosquat Evasion Infrastructure (conf: 80),TP-0012,awsdns-hostmaster@amazon.com,,,
405gmail.com,1,Combo-squat: gmail,,,,,
411gmail.com,1,Combo-squat: gmail,,hostmaster@411gmail.com,,,
416gmail.com,1,Combo-squat: gmail,,,,,
yunkon.accesscam.org,0,FP-0009: IPIDEA Residential Proxy Network Infrastructure (conf: 80),,,,,
402gmail.com,1,Combo-squat: gmail,,hostmaster@402gmail.com,,,
417gmail.com,1,Combo-squat: gmail,,,,,
400gmail.com,1,Combo-squat: gmail,,hostmaster@400gmail.com,,,
413gmail.com,1,Combo-squat: gmail,,hostmaster@413gmail.com,,,
425gmail.com,1,Combo-squat: gmail,,,,,
424gmail.com,1,Combo-squat: gmail,,,,,
420gmail.com,1,Combo-squat: gmail,,hostmaster@420gmail.com,,,
427gmail.com,1,Combo-squat: gmail,,,,,
423gmail.com,1,Combo-squat: gmail,,hostmaster@423gmail.com,,,
428gmail.com,1,Combo-squat: gmail,,,,,
436gmail.com,1,Combo-squat: gmail,,,,,
42gmail.com,1,Combo-squat: gmail,,hostmaster@42gmail.com,,,
01gmail.com,1,Combo-squat: gmail,,hostmaster@01gmail.com,,,
435gmail.com,1,Combo-squat: gmail,,hostmaster@435gmail.com,,,
432gmail.com,1,Combo-squat: gmail,,hostmaster@432gmail.com,,,
430gmail.com,1,Combo-squat: gmail,,hostmaster@430gmail.com,,,
4444gmail.com,1,Combo-squat: gmail,,,,,
439gmail.com,1,Combo-squat: gmail,,,,,
443gmail.com,1,Combo-squat: gmail,,dns@cloudflare.com,,,
02gmail.com,1,Combo-squat: gmail,,hostmaster@02gmail.com,,,
448gmail.com,1,Combo-squat: gmail,,,,,
447gmail.com,1,Combo-squat: gmail,,,,,
03gmail.com,1,Combo-squat: gmail,,hostmaster@03gmail.com,,,
442gmail.com,1,Combo-squat: gmail,,support@spaceship.com,,,
449gmail.com,1,Combo-squat: gmail,,,,,
04gmail.com,1,Combo-squat: gmail,,hostmaster@04gmail.com,,,
440gmail.com,1,Combo-squat: gmail,,hostmaster@440gmail.com,,,
451gmail.com,1,Combo-squat: gmail,,,,,
453gmail.com,1,Combo-squat: gmail,,,,,
05gmail.com,1,Combo-squat: gmail,,hostmaster@05gmail.com,,,
466gmail.com,1,Combo-squat: gmail,,,,,
455gmail.com,1,Combo-squat: gmail,,,,,
459gmail.com,1,Combo-squat: gmail,,,,,
465gmail.com,1,Combo-squat: gmail,,,,,
06gmail.com,1,Combo-squat: gmail,,hostmaster@06gmail.com,,,
467gmail.com,1,Combo-squat: gmail,,,,,
460gmail.com,1,Combo-squat: gmail,,hostmaster@460gmail.com,,,
45gmail.com,1,Combo-squat: gmail,,dns@cloudflare.com,,,
456gmail.com,1,Combo-squat: gmail,,hostmaster@456gmail.com,,,
450gmail.com,1,Combo-squat: gmail,,hostmaster@450gmail.com,,,
473gmail.com,1,Combo-squat: gmail,,,,,
474gmail.com,1,Combo-squat: gmail,,,,,
471gmail.com,1,Combo-squat: gmail,,,,,
08gmail.com,1,Combo-squat: gmail,,hostmaster@08gmail.com,,,
07gmail.com,1,Combo-squat: gmail,,hostmaster@07gmail.com,,,
475gmail.com,1,Combo-squat: gmail,,,,,
480gmail.com,1,Combo-squat: gmail,,,,,
481gmail.com,1,Combo-squat: gmail,,,,,
487gmail.com,1,Combo-squat: gmail,,,,,
486gmail.com,1,Combo-squat: gmail,,dns@cloudflare.com,,,
491gmail.com,1,Combo-squat: gmail,,,,,
488gmail.com,1,Combo-squat: gmail,,,,,
490gmail.com,1,Combo-squat: gmail,,dns@cloudflare.com,,,
501gmail.com,1,Combo-squat: gmail,,,,,
4cities.com,1,Combo-squat: citi,,dns@namebright.com,,,
09gmail.com,1,Combo-squat: gmail,,hostmaster@09gmail.com,,,
502gmail.com,1,Combo-squat: gmail,,hostmaster@502gmail.com,,,
499gmail.com,1,Combo-squat: gmail,,hostmaster@499gmail.com,,,
504gmail.com,1,Combo-squat: gmail,,hostmaster@504gmail.com,,,
5.u.gmail3.com.5.6.g.k.h.6.h.cad.creou.dev,1,Combo-squat: gmail,,,,,
100gmail.com,1,Combo-squat: gmail,,hostmaster@100gmail.com,,,
505gmail.com,1,Combo-squat: gmail,,hostmaster@505gmail.com,,,
511gmail.com,1,Combo-squat: gmail,,,,,
506gmail.com,1,Combo-squat: gmail,,hostmaster@506gmail.com,,,
507gmail.com,1,Combo-squat: gmail,,hostmaster@507gmail.com,,,
512gmail.com,1,Combo-squat: gmail,,hostmaster@512gmail.com,,,
510gmail.com,1,Combo-squat: gmail,,hostmaster@510gmail.com,,,
518gmail.com,1,Combo-squat: gmail,,,,,
508gmail.com,1,Combo-squat: gmail,,hostmaster@508gmail.com,,,
11gmail.com,1,Combo-squat: gmail,,hostmaster@11gmail.com,,,
517gmail.com,1,Combo-squat: gmail,,,,,
514gmail.com,1,Combo-squat: gmail,,support@spaceship.com,,,
521gmail.com,1,Combo-squat: gmail,,hostmaster@521gmail.com,,,
523gmail.com,1,Combo-squat: gmail,,hostmaster@523gmail.com,,,
520gmail.com,1,Combo-squat: gmail,,hostmaster@520gmail.com,,,
1234gmail.com,1,Combo-squat: gmail,,hostmaster@1234gmail.com,,,
525gmail.com,1,Combo-squat: gmail,,,,,
522gmail.com,1,Combo-squat: gmail,,hostmaster@522gmail.com,,,
528gmail.com,1,Combo-squat: gmail,,hostmaster@528gmail.com,,,
526gmail.com,1,Combo-squat: gmail,,,,,
541gmail.com,1,Combo-squat: gmail,,,,,
524gmail.com,1,Combo-squat: gmail,,,,,
52gmail.com,1,Combo-squat: gmail,,hostmaster@52gmail.com,,,
536gmail.com,1,Combo-squat: gmail,,,,,
535gmail.com,1,Combo-squat: gmail,,,,,
550gmail.com,1,Combo-squat: gmail,,,,,
540gmail.com,1,Combo-squat: gmail,,,,,
545gmail.com,1,Combo-squat: gmail,,hostmaster@545gmail.com,,,
547gmail.com,1,Combo-squat: gmail,,,,,
549gmail.com,1,Combo-squat: gmail,,,,,
553gmail.com,1,Combo-squat: gmail,,,,,
551gmail.com,1,Combo-squat: gmail,,,,,
5555gmail.com,1,Combo-squat: gmail,,hostmaster@5555gmail.com,,,
546gmail.com,1,Combo-squat: gmail,,,,,
555gmail.com,1,Combo-squat: gmail,,hostmaster@555gmail.com,,,
560gmail.com,1,Combo-squat: gmail,,,,,
563gmail.com,1,Combo-squat: gmail,,,,,
568gmail.com,1,Combo-squat: gmail,,,,,
556gmail.com,1,Combo-squat: gmail,,hostmaster@556gmail.com,,,
569gmail.com,1,Combo-squat: gmail,,,,,
566gmail.com,1,Combo-squat: gmail,,hostmaster@566gmail.com,,,
567gmail.com,1,Combo-squat: gmail,,hostmaster@567gmail.com,,,
14gmail.com,1,Combo-squat: gmail,,hostmaster@14gmail.com,,,
570gmail.com,1,Combo-squat: gmail,,,,,
15.02gmail.com,1,Combo-squat: gmail,,,,,
573gmail.com,1,Combo-squat: gmail,,,,,
565gmail.com,1,Combo-squat: gmail,,hostmaster@565gmail.com,,,
580gmail.com,1,Combo-squat: gmail,,,,,
574gmail.com,1,Combo-squat: gmail,,,,,
575gmail.com,1,Combo-squat: gmail,,,,,
15gmail.com,1,Combo-squat: gmail,,hostmaster@15gmail.com,,,
578gmail.com,1,Combo-squat: gmail,,,,,
576gmail.com,1,Combo-squat: gmail,,,,,
577gmail.com,1,Combo-squat: gmail,,,,,
587gmail.com,1,Combo-squat: gmail,,,,,
594gmail.com,1,Combo-squat: gmail,,,,,
588gmail.com,1,Combo-squat: gmail,,,,,
581gmail.com,1,Combo-squat: gmail,,,,,
595gmail.com,1,Combo-squat: gmail,,,,,
602gmail.com,1,Combo-squat: gmail,,,,,
590gmail.com,1,Combo-squat: gmail,,hostmaster@590gmail.com,,,
611gmail.com,1,Combo-squat: gmail,,,,,
608gmail.com,1,Combo-squat: gmail,,hostmaster@608gmail.com,,,
16gmail.com,1,Combo-squat: gmail,,hostmaster@16gmail.com,,,
605gmail.com,1,Combo-squat: gmail,,hostmaster@605gmail.com,,,
613gmail.com,1,Combo-squat: gmail,,,,,
619gmail.com,1,Combo-squat: gmail,,,,,
17gmail.com,1,Combo-squat: gmail,,hostmaster@17gmail.com,,,
620gmail.com,1,Combo-squat: gmail,,hostmaster@620gmail.com,,,
622gmail.com,1,Combo-squat: gmail,,hostmaster@622gmail.com,,,
623gmail.com,1,Combo-squat: gmail,,dns@cloudflare.com,,,
624gmail.com,1,Combo-squat: gmail,,,,,
18gmail.com,1,Combo-squat: gmail,,hostmaster@18gmail.com,,,
627gmail.com,1,Combo-squat: gmail,,,,,
626gmail.com,1,Combo-squat: gmail,,hostmaster@626gmail.com,,,
625gmail.com,1,Combo-squat: gmail,,hostmaster@625gmail.com,,,
628gmail.com,1,Combo-squat: gmail,,support@spaceship.com,,,
631gmail.com,1,Combo-squat: gmail,,,,,
638gmail.com,1,Combo-squat: gmail,,,,,
634gmail.com,1,Combo-squat: gmail,,,,,
641gmail.com,1,Combo-squat: gmail,,,,,
639gmail.com,1,Combo-squat: gmail,,,,,
62gmail.com,1,Combo-squat: gmail,,hostmaster@62gmail.com,,,
640gmail.com,1,Combo-squat: gmail,,,,,
3dsgateway.eu,1,Combo-squat: gate,,dns@cloudflare.com,,,
644gmail.com,1,Combo-squat: gmail,,,,,
646gmail.com,1,Combo-squat: gmail,,,,,
645gmail.com,1,Combo-squat: gmail,,,,,
649gmail.com,1,Combo-squat: gmail,,,,,
648gmail.com,1,Combo-squat: gmail,,,,,
652gmail.com,1,Combo-squat: gmail,,,,,
651gmail.com,1,Combo-squat: gmail,,,,,
654gmail.com,1,Combo-squat: gmail,,,,,
657gmail.com,1,Combo-squat: gmail,,,,,
655gmail.com,1,Combo-squat: gmail,,hostmaster@655gmail.com,,,
656gmail.com,1,Combo-squat: gmail,,,,,
665gmail.com,1,Combo-squat: gmail,,,,,
6666gmail.com,1,Combo-squat: gmail,,,,,
663gmail.com,1,Combo-squat: gmail,,,,,
667gmail.com,1,Combo-squat: gmail,,,,,
666gmail.com,1,Combo-squat: gmail,,hostmaster@666gmail.com,,,
668gmail.com,1,Combo-squat: gmail,,,,,
672gmail.com,1,Combo-squat: gmail,,,,,
671gmail.com,1,Combo-squat: gmail,,,,,
19gmail.com,1,Combo-squat: gmail,,hostmaster@19gmail.com,,,
673gmail.com,1,Combo-squat: gmail,,,,,
675gmail.com,1,Combo-squat: gmail,,,,,
2016gmail.com,1,Combo-squat: gmail,,hostmaster@2016gmail.com,,,
678gmail.com,1,Combo-squat: gmail,,hostmaster@678gmail.com,,,
2019gmail.com,1,Combo-squat: gmail,,hostmaster@2019gmail.com,,,
683gmail.com,1,Combo-squat: gmail,,,,,
684gmail.com,1,Combo-squat: gmail,,,,,
676gmail.com,1,Combo-squat: gmail,,hostmaster@676gmail.com,,,
2018gmail.com,1,Combo-squat: gmail,,hostmaster@2018gmail.com,,,
689gmail.com,1,Combo-squat: gmail,,,,,
687gmail.com,1,Combo-squat: gmail,,,,,
693gmail.com,1,Combo-squat: gmail,,,,,
694gmail.com,1,Combo-squat: gmail,,,,,
6969gmail.com,1,Combo-squat: gmail,,,,,
2020gmail.com,1,Combo-squat: gmail,,hostmaster@2020gmail.com,,,
697gmail.com,1,Combo-squat: gmail,,,,,
698gmail.com,1,Combo-squat: gmail,,,,,
699gmail.com,1,Combo-squat: gmail,,,,,
701gmail.com,1,Combo-squat: gmail,,,,,
23gmail.com,1,Combo-squat: gmail,,hostmaster@23gmail.com,,,
702gmail.com,1,Combo-squat: gmail,,hostmaster@702gmail.com,,,
700gmail.com,1,Combo-squat: gmail,,hostmaster@700gmail.com,,,
706gmail.com,1,Combo-squat: gmail,,hostmaster@706gmail.com,,,
24gmail.com,1,Combo-squat: gmail,,hostmaster@24gmail.com,,,
6gmail.com,1,Combo-squat: gmail,,hostmaster@trellian.com,,,
709gmail.com,1,Combo-squat: gmail,,,,,
707gmail.com,1,Combo-squat: gmail,,hostmaster@707gmail.com,,,
26gmail.com,1,Combo-squat: gmail,,hostmaster@26gmail.com,,,
25gmail.com,1,Combo-squat: gmail,,hostmaster@25gmail.com,,,
27gmail.com,1,Combo-squat: gmail,,hostmaster@27gmail.com,,,
7.1.gmail.com.gmail.com.5.01.cad.edu.gr,1,Combo-squat: gmail,,,,,
708gmail.com,1,Combo-squat: gmail,,hostmaster@708gmail.com,,,
715gmail.com,1,Combo-squat: gmail,,hostmaster@715gmail.com,,,
28gmail.com,1,Combo-squat: gmail,,hostmaster@28gmail.com,,,
713gmail.com,1,Combo-squat: gmail,,,,,
716gmail.com,1,Combo-squat: gmail,,,,,
718gmail.com,1,Combo-squat: gmail,,,,,
710gmail.com,1,Combo-squat: gmail,,hostmaster@710gmail.com,,,
723gmail.com,1,Combo-squat: gmail,,,,,
72229rohrdorf.gmail.deail.com,1,Combo-squat: gmail,,dns@jomax.net,,,
720gmail.com,1,Combo-squat: gmail,,hostmaster@720gmail.com,,,
29gmail.com,1,Combo-squat: gmail,,hostmaster@29gmail.com,,,
71gmail.com,1,Combo-squat: gmail,,hostmaster@dnsowl.com,,,
719gmail.com,1,Combo-squat: gmail,,hostmaster@719gmail.com,,,
727gmail.com,1,Combo-squat: gmail,,hostmaster@727gmail.com,,,
738gmail.com,1,Combo-squat: gmail,,,,,
733gmail.com,1,Combo-squat: gmail,,dns@cloudflare.com,,,
721gmail.com,1,Combo-squat: gmail,,hostmaster@721gmail.com,,,
735gmail.com,1,Combo-squat: gmail,,,,,
739gmail.com,1,Combo-squat: gmail,,,,,
728gmail.com,1,Combo-squat: gmail,,hostmaster@728gmail.com,,,
743gmail.com,1,Combo-squat: gmail,,,,,
747gmail.com,1,Combo-squat: gmail,,,,,
730gmail.com,1,Combo-squat: gmail,,hostmaster@730gmail.com,,,
745gmail.com,1,Combo-squat: gmail,,,,,
30gmail.com,1,Combo-squat: gmail,,hostmaster@30gmail.com,,,
76271gmail.com,1,Combo-squat: gmail,,,,,
765gmail.com,1,Combo-squat: gmail,,,,,
758gmail.com,1,Combo-squat: gmail,,,,,
766gmail.com,1,Combo-squat: gmail,,,,,
760gmail.com,1,Combo-squat: gmail,,,,,
31gmail.com,1,Combo-squat: gmail,,hostmaster@31gmail.com,,,
779gmail.com,1,Combo-squat: gmail,,,,,
776gmail.com,1,Combo-squat: gmail,,,,,
756gmail.com,1,Combo-squat: gmail,,hostmaster@756gmail.com,,,
767gmail.com,1,Combo-squat: gmail,,hostmaster@767gmail.com,,,
782gmail.com,1,Combo-squat: gmail,,,,,
7878gmail.com,1,Combo-squat: gmail,,,,,
xn--gmal-nza.com,0,FP-0007: Typosquat Evasion Infrastructure (conf: 60),TP-0012,,,,
770gmail.com,1,Combo-squat: gmail,,hostmaster@770gmail.com,,,
785gmail.com,1,Combo-squat: gmail,,,,,
783gmail.com,1,Combo-squat: gmail,,hostmaster@783gmail.com,,,
784gmail.com,1,Combo-squat: gmail,,,,,
777gmail.com,1,Combo-squat: gmail,,hostmaster@777gmail.com,,,
798gmail.com,1,Combo-squat: gmail,,,,,
33gmail.com,1,Combo-squat: gmail,,hostmaster@33gmail.com,,,
787gmail.com,1,Combo-squat: gmail,,,,,
794gmail.com,1,Combo-squat: gmail,,,,,
803gmail.com,1,Combo-squat: gmail,,,,,
768gmail.com,1,Combo-squat: gmail,,hostmaster@768gmail.com,,,
34gmail.com,1,Combo-squat: gmail,,hostmaster@34gmail.com,,,
790gmail.com,1,Combo-squat: gmail,,hostmaster@790gmail.com,,,
799gmail.com,1,Combo-squat: gmail,,hostmaster@799gmail.com,,,
807gmail.com,1,Combo-squat: gmail,,,,,
800gmail.com,1,Combo-squat: gmail,,hostmaster@800gmail.com,,,
789gmail.com,1,Combo-squat: gmail,,hostmaster@789gmail.com,,,
806gmail.com,1,Combo-squat: gmail,,hostmaster@806gmail.com,,,
809gmail.com,1,Combo-squat: gmail,,,,,
36gmail.com,1,Combo-squat: gmail,,hostmaster@36gmail.com,,,
35gmail.com,1,Combo-squat: gmail,,hostmaster@35gmail.com,,,
811gmail.com,1,Combo-squat: gmail,,,,,
810gmail.com,1,Combo-squat: gmail,,hostmaster@810gmail.com,,,
37gmail.com,1,Combo-squat: gmail,,hostmaster@37gmail.com,,,
818gmail.com,1,Combo-squat: gmail,,,,,
820gmail.com,1,Combo-squat: gmail,,,,,
821gmail.com,1,Combo-squat: gmail,,hostmaster@821gmail.com,,,
808gmail.com,1,Combo-squat: gmail,,hostmaster@808gmail.com,,,
827gmail.com,1,Combo-squat: gmail,,,,,
823gmail.com,1,Combo-squat: gmail,,,,,
819gmail.com,1,Combo-squat: gmail,,hostmaster@819gmail.com,,,
825gmail.com,1,Combo-squat: gmail,,,,,
841gmail.com,1,Combo-squat: gmail,,,,,
833gmail.com,1,Combo-squat: gmail,,,,,
840gmail.com,1,Combo-squat: gmail,,,,,
38gmail.com,1,Combo-squat: gmail,,hostmaster@38gmail.com,,,
834gmail.com,1,Combo-squat: gmail,,,,,
845gmail.com,1,Combo-squat: gmail,,,,,
839gmail.com,1,Combo-squat: gmail,,,,,
835gmail.com,1,Combo-squat: gmail,,,,,
849gmail.com,1,Combo-squat: gmail,,,,,
842gmail.com,1,Combo-squat: gmail,,,,,
848gmail.com,1,Combo-squat: gmail,,dns@jomax.net,,,
39gmail.com,1,Combo-squat: gmail,,hostmaster@39gmail.com,,,
855gmail.com,1,Combo-squat: gmail,,,,,
847gmail.com,1,Combo-squat: gmail,,dns@jomax.net,,,
857gmail.com,1,Combo-squat: gmail,,,,,
853gmail.com,1,Combo-squat: gmail,,,,,
852gmail.com,1,Combo-squat: gmail,,,,,
817gmail.com,1,Combo-squat: gmail,,dns@cloudflare.com,,,
860gmail.com,1,Combo-squat: gmail,,,,,
850gmail.com,1,Combo-squat: gmail,,,,,
859gmail.com,1,Combo-squat: gmail,,,,,
858gmail.com,1,Combo-squat: gmail,,,,,
871gmail.com,1,Combo-squat: gmail,,,,,
854gmail.com,1,Combo-squat: gmail,,hostmaster@854gmail.com,,,
874gmail.com,1,Combo-squat: gmail,,,,,
873gmail.com,1,Combo-squat: gmail,,,,,
880gmail.com,1,Combo-squat: gmail,,,,,
887gmail.com,1,Combo-squat: gmail,,,,,
876gmail.com,1,Combo-squat: gmail,,hostmaster@876gmail.com,,,
885gmail.com,1,Combo-squat: gmail,,,,,
41gmail.com,1,Combo-squat: gmail,,hostmaster@41gmail.com,,,
891gmail.com,1,Combo-squat: gmail,,,,,
892gmail.com,1,Combo-squat: gmail,,,,,
890gmail.com,1,Combo-squat: gmail,,hostmaster@890gmail.com,,,
893gmail.com,1,Combo-squat: gmail,,,,,
899gmail.com,1,Combo-squat: gmail,,,,,
8888gmail.com,1,Combo-squat: gmail,,support@spaceship.com,,,
888gmail.com,1,Combo-squat: gmail,,hostmaster@888gmail.com,,,
894gmail.com,1,Combo-squat: gmail,,,,,
905gmail.com,1,Combo-squat: gmail,,,,,
902gmail.com,1,Combo-squat: gmail,,,,,
903gmail.com,1,Combo-squat: gmail,,,,,
901gmail.com,1,Combo-squat: gmail,,dns@cloudflare.com,,,
43gmail.com,1,Combo-squat: gmail,,hostmaster@43gmail.com,,,
909gmail.com,1,Combo-squat: gmail,,hostmaster@909gmail.com,,,
906gmail.com,1,Combo-squat: gmail,,hostmaster@906gmail.com,,,
881gmail.com,1,Combo-squat: gmail,,webhostbd@net.gmail.com,,,
913gmail.com,1,Combo-squat: gmail,,,,,
91gmail.com,1,Combo-squat: gmail,,hostmaster@91gmail.com,,,
44gmail.com,1,Combo-squat: gmail,,hostmaster@44gmail.com,,,
911gmail.com,1,Combo-squat: gmail,,hostmaster@911gmail.com,,,
922gmail.com,1,Combo-squat: gmail,,,,,
925gmail.com,1,Combo-squat: gmail,,,,,
930gmail.com,1,Combo-squat: gmail,,hostmaster@930gmail.com,,,
920gmail.com,1,Combo-squat: gmail,,,,,
935gmail.com,1,Combo-squat: gmail,,,,,
937gmail.com,1,Combo-squat: gmail,,,,,
46gmail.com,1,Combo-squat: gmail,,hostmaster@46gmail.com,,,
928gmail.com,1,Combo-squat: gmail,,hostmaster@928gmail.com,,,
936gmail.com,1,Combo-squat: gmail,,,,,
939gmail.com,1,Combo-squat: gmail,,,,,
942gmail.com,1,Combo-squat: gmail,,,,,
943gmail.com,1,Combo-squat: gmail,,,,,
47gmail.com,1,Combo-squat: gmail,,hostmaster@47gmail.com,,,
944gmail.com,1,Combo-squat: gmail,,,,,
48gmail.com,1,Combo-squat: gmail,,hostmaster@48gmail.com,,,
951gmail.com,1,Combo-squat: gmail,,,,,
957gmail.com,1,Combo-squat: gmail,,,,,
958gmail.com,1,Combo-squat: gmail,,,,,
49gmail.com,1,Combo-squat: gmail,,hostmaster@49gmail.com,,,
945gmail.com,1,Combo-squat: gmail,,,,,
959gmail.com,1,Combo-squat: gmail,,,,,
970gmail.com,1,Combo-squat: gmail,,,,,
4gmail.com,1,Combo-squat: gmail,,hostmaster@4gmail.com,,,
950gmail.com,1,Combo-squat: gmail,,hostmaster@950gmail.com,,,
971gmail.com,1,Combo-squat: gmail,,,,,
977gmail.com,1,Combo-squat: gmail,,,,,
975gmail.com,1,Combo-squat: gmail,,,,,
50gmail.com,1,Combo-squat: gmail,,hostmaster@50gmail.com,,,
985gmail.com,1,Combo-squat: gmail,,,,,
974gmail.com,1,Combo-squat: gmail,,hostmaster@974gmail.com,,,
97gmail.com,1,Combo-squat: gmail,,dns@cloudflare.com,,,
980gmail.com,1,Combo-squat: gmail,,,,,
988gmail.com,1,Combo-squat: gmail,,dns@cloudflare.com,,,
973gmail.com,1,Combo-squat: gmail,,hostmaster@973gmail.com,,,
991gmail.com,1,Combo-squat: gmail,,,,,
986gmail.com,1,Combo-squat: gmail,,hostmaster@986gmail.com,,,
987gmail.com,1,Combo-squat: gmail,,hostmaster@987gmail.com,,,
994gmail.com,1,Combo-squat: gmail,,,,,
a.k.3.gmail.ksd9.jm79.6.gmail.meleni.xyz,1,Combo-squat: gmail,,,,,
996gmail.com,1,Combo-squat: gmail,,,,,
916gmail.com,1,Combo-squat: gmail,,hostmaster@916gmail.com,,,
989gmail.com,1,Combo-squat: gmail,,hostmaster@989gmail.com,,,
aatgmail.com,1,Combo-squat: gmail,,,,,
abc.zoomingabout.com,1,Combo-squat: zoom,,,,,
ac-shopify.top,1,Combo-squat: shopify,,,,,
a.z.1.gmail.i.0.83.y.9.aiot.ptcu.dev,1,Combo-squat: gmail,,,,,
account.meta.com,1,Combo-squat: meta,,,,,
abbeygate-portugal.com,1,Combo-squat: gate,,dns@cloudflare.com,,,
accountstripe.com,1,Combo-squat: stripe,,,,,
53gmail.com,1,Combo-squat: gmail,,hostmaster@53gmail.com,,,
acroyogateachertraining.online,1,Combo-squat: gate,,,,,
55gmail.com,1,Combo-squat: gmail,,hostmaster@55gmail.com,,,
54gmail.com,1,Combo-squat: gmail,,hostmaster@54gmail.com,,,
accsstripe.com,1,Combo-squat: stripe,,,,,
activecrypto.online,1,Combo-squat: crypto,,,,,
adblockerhyper.us,1,Combo-squat: block,,,,,
acerosmetal.nl,1,Combo-squat: meta,,dns@openprovider.eu,,,
adifferentlooktaxservices.com,1,Combo-squat: okta,,,,,
adobe.digiwav.store,1,Combo-squat: adobe,,,,,
adobee.space,1,Combo-squat: adobe,,,,,
56gmail.com,1,Combo-squat: gmail,,hostmaster@56gmail.com,,,
adsbygoogle.js,1,Combo-squat: google,,,,,
adobeccepdm.com,1,Combo-squat: adobe,,support@cloudns.net,,,
achergmail.ru,1,Combo-squat: gmail,,,,,
aeasystabilitybetsnupp20.xyz,1,Combo-squat: stability,,,,,
adobe-masters.ru,1,Combo-squat: adobe,,,,,
aetnainsurancecoversrehab.com,1,Combo-squat: aetna,,,,,
57gmail.com,1,Combo-squat: gmail,,hostmaster@57gmail.com,,,
adobesignaturemoments.com,1,Combo-squat: adobe,,dns@cloudflare.com,,,
africanprogressiveeconomist.com,1,Combo-squat: progressive,,,,,
abcopenai.eu.cc,1,Combo-squat: openai,,master@share-dns.com,,,
adultfacebookinfo.info,1,Combo-squat: facebook,,,,,
agmail.store,1,Combo-squat: gmail,,,,,
agagmail.com,1,Combo-squat: gmail,,,,,
adminzoom.com,1,Combo-squat: zoom,,dns@jomax.net,,,
agmail.com,1,Combo-squat: gmail,,dns@jomax.net,,,
airbnbexperts.net,1,Combo-squat: airbnb,,,,,
aicryptoctrading.com,1,Combo-squat: crypto,,,,,
58gmail.com,1,Combo-squat: gmail,,hostmaster@58gmail.com,,,
afwama5.ezgateway.net,1,Combo-squat: gate,,,,,
akunzoom.com,1,Combo-squat: zoom,,,,,
59gmail.com,1,Combo-squat: gmail,,hostmaster@59gmail.com,,,
5gmail.com,1,Combo-squat: gmail,,hostmaster@5gmail.com,,,
akapple.com,1,Combo-squat: apple,,awsdns-hostmaster@amazon.com,,,
aiwritingmeta.com,1,Combo-squat: meta,,dns@cloudflare.com,,,
albigmail.com,1,Combo-squat: gmail,,dns@cloudflare.com,,,
afriend.gmail.com.gmail.com.m.oazis.site,1,Combo-squat: gmail,,,,,
60gmail.com,1,Combo-squat: gmail,,hostmaster@60gmail.com,,,
algmail.com,1,Combo-squat: gmail,,hostmaster@algmail.com,,,
amazon-aws-us.com,1,Combo-squat: amazon,,,,,
altruistfmk.com,1,Combo-squat: truist,,,,,
amazingbenefitsofapplecidervinegar.com,1,Combo-squat: apple,,,,,
alxcitizen.com,1,Combo-squat: citi,,,,,
amazon-center.shop,1,Combo-squat: amazon,,,,,
ajgmail.com,1,Combo-squat: gmail,,cpanel@tech.namecheap.com,,,
61gmail.com,1,Combo-squat: gmail,,hostmaster@61gmail.com,,,
amazon-blackfriday.host,1,Combo-squat: amazon,,,,,
amazondevicesupports.xyz,1,Combo-squat: amazon,,,,,
amazonenseapps.online,1,Combo-squat: amazon,,,,,
acgmetals.com,1,Combo-squat: meta,,dns@cloudflare.com,,,c44a13b63ee54f38
amazong.online,1,Combo-squat: amazon,,,,,
amazon.coms.hk,1,Combo-squat: amazon,,,,,
amazon-travel.info,1,Combo-squat: amazon,,,,,
amazonjobs.aleeas.com,1,Combo-squat: amazon,,,,,
amazonshop.fun,1,Combo-squat: amazon,,,,,
amazon-black-friday99.ru,1,Combo-squat: amazon,,,,,
amazonshopcash.com,1,Combo-squat: amazon,,,,,
amazonshopsite.com,1,Combo-squat: amazon,,,,,
amazoniacl.com,1,Combo-squat: amazon,,hostmaster@amazoniacl.com,,,
amazonshopbuy.com,1,Combo-squat: amazon,,,,,
amazonsellers.legal,1,Combo-squat: amazon,,,,,
amazonshopsource.com,1,Combo-squat: amazon,,,,,
amazonbitcoin.net,1,Combo-squat: amazon,,dns@cloudflare.com,,,
amentionq.com,1,Combo-squat: ionq,,,,,
americancryptonetwork.com,1,Combo-squat: crypto,,,,,
angmail.com,1,Combo-squat: gmail,,dns@namebright.com,,,
amazonshopzen.com,1,Combo-squat: amazon,,,,,
63gmail.com,1,Combo-squat: gmail,,hostmaster@63gmail.com,,,
amazonwilderness.com,1,Combo-squat: amazon,,,,,
alunord.pl,1,Combo-squat: luno,,,,,
anthemazrealestate.com,1,Combo-squat: anthem,,dns@namebright.com,,,
apple-account.app,1,Combo-squat: apple,,,,,
animalbuildingblocks.com,1,Combo-squat: block,,dns@cloudflare.com,,,c6b055f512758bb2
apple.aleeas.com,1,Combo-squat: apple,,,,,
appleaccount.app,1,Combo-squat: apple,,dns@cloudflare.com,,,
64gmail.com,1,Combo-squat: gmail,,hostmaster@64gmail.com,,,
amazonianseller.com,1,Combo-squat: amazon,,dns@cloudflare.com,,,
apple-web.tk,1,Combo-squat: apple,,,,,
applechipchipkll.nl,1,Combo-squat: apple,,,,,
appledev.online,1,Combo-squat: apple,,,,,
applechipchipkll.my,1,Combo-squat: apple,,,,,
api.google.gmail.com.apotekberjalan.com.solaravenue.org,1,Combo-squat: google,,,,,
apple.dnsabr.com,1,Combo-squat: apple,,,,,
appledocks.com,1,Combo-squat: apple,,dns@jomax.net,,,
65gmail.com,1,Combo-squat: gmail,,hostmaster@65gmail.com,,,
appleblog.com,1,Combo-squat: apple,,protection@domainoverwatch.com,,,
akunchatgpt.my.id,1,Combo-squat: chatgpt,,idwebhost@jogjacamp.co.id,,,
appledress.net,1,Combo-squat: apple,,,,,
appleeeeeee.fyi,1,Combo-squat: apple,,,,,
appleeeeeee.club,1,Combo-squat: apple,,,,,
applehotelkl.com,1,Combo-squat: apple,,,,,
applejftwn.club,1,Combo-squat: apple,,,,,
applehotelalor.com,1,Combo-squat: apple,,,,,
applefordparts.com,1,Combo-squat: apple,,protection@domainoverwatch.com,,,
applejftwn.host,1,Combo-squat: apple,,,,,
applejftwn.website,1,Combo-squat: apple,,,,,
appleid.apple.com,1,Combo-squat: apple,,,,,
applemeomeo.store,1,Combo-squat: apple,,,,,
applepppp.random-mail.com,1,Combo-squat: apple,,,,,
appleiiplus.com,1,Combo-squat: apple,,awsdns-hostmaster@amazon.com,,,
applemusic.web.id,1,Combo-squat: apple,,,,,
apple-rs.ru,1,Combo-squat: apple,,dns@cloudflare.com,,,
applegift.xyz,1,Combo-squat: apple,,dns@cloudflare.com,,,
applept.com,1,Combo-squat: apple,,dns@jomax.net,,,
apples4sale.com,1,Combo-squat: apple,,dns@jomax.net,,,
67gmail.com,1,Combo-squat: gmail,,hostmaster@67gmail.com,,,
appleservices.online,1,Combo-squat: apple,,,,,
applerewards.live,1,Combo-squat: apple,,,,,
appleshps.website,1,Combo-squat: apple,,,,,
applerobot.info,1,Combo-squat: apple,,,,,
applesyard.cloud,1,Combo-squat: apple,,,,,
applesmokedmeats.com,1,Combo-squat: apple,,dns@jomax.net,,,
appleton-lettings.com,1,Combo-squat: apple,,,,,
68gmail.com,1,Combo-squat: gmail,,hostmaster@68gmail.com,,,
appletonafterschool.com,1,Combo-squat: apple,,,,,
applevipp.com,1,Combo-squat: apple,,,,,
applet.live,1,Combo-squat: apple,,dns@cloudflare.com,,,
69gmail.com,1,Combo-squat: gmail,,hostmaster@69gmail.com,,,
applevuive.com,1,Combo-squat: apple,,,,,
arabicliquidman.site,1,Combo-squat: liquid,,,,,
applewatchoutlet.com,1,Combo-squat: apple,,,,,
arengmail.igg.biz,1,Combo-squat: gmail,,,,,
arnottcapitalbank.com,1,Combo-squat: lbank,,,,,
applestemcell.org,1,Combo-squat: apple,,,,,
applegranite.com,1,Combo-squat: apple,,dns@cloudflare.com,,,
asawl.m.k.a.w.liquidlogisticsmanagement.com,1,Combo-squat: liquid,,,,,
applecraft.online,1,Combo-squat: apple,,hostmaster@ns1.reg.ru,,,
963gmail.com,1,Combo-squat: gmail,,master@share-dns.com,,,
70gmail.com,1,Combo-squat: gmail,,hostmaster@70gmail.com,,,
astabilitybetsnapp.xyz,1,Combo-squat: stability,,,,,
astropaynoktasi.com,1,Combo-squat: okta,,,,,
artificialintelligence.productions,1,Combo-squat: intel,,dns@cloudflare.com,,,
appleparcel.com,1,Combo-squat: apple,,hostmaster@nsone.net,,,
assetcrypto.com,1,Combo-squat: crypto,,protection@domainoverwatch.com,,,
atomicwallet.lat,1,Combo-squat: atomicwallet,,,,,
audoscale.net,1,Combo-squat: scale,,,,,
72gmail.com,1,Combo-squat: gmail,,hostmaster@72gmail.com,,,
aspotgmail.org,1,Combo-squat: gmail,,postmaster@messagingengine.com,,,
axiemeta.fun,1,Combo-squat: meta,,,,,
astripeofthezebra.com,1,Combo-squat: stripe,,hostmaster@astripeofthezebra.com,,,
azureabyssazure.site,1,Combo-squat: azure,,dns@cloudflare.com,,,
73gmail.com,1,Combo-squat: gmail,,hostmaster@73gmail.com,,,
azureabyssazure.space,1,Combo-squat: azure,,dns@cloudflare.com,,,
archeologmails.ru,1,Combo-squat: gmail,,admin@archeologmails.ru.archeologmails.ru,,,
axionintellex.shop,1,Combo-squat: intel,,hostmaster@registrar-servers.com,,,
abcofthetriplecities.com,1,Combo-squat: citi,,hostmaster@registrar-servers.com,,,
azureabyssazure.store,1,Combo-squat: azure,,dns@cloudflare.com,,,
75gmail.com,1,Combo-squat: gmail,,hostmaster@75gmail.com,,,
74gmail.com,1,Combo-squat: gmail,,hostmaster@74gmail.com,,,
azuregiare.com,1,Combo-squat: azure,,,,,
azurebfh.me,1,Combo-squat: azure,,,,,
aubergelaveranda.com,1,Combo-squat: uber,,dns@cloudflare.com,,,
76gmail.com,1,Combo-squat: gmail,,hostmaster@76gmail.com,,,
azuretechtalk.net,1,Combo-squat: azure,,dns@jomax.net,,,
azurelend.com,1,Combo-squat: azure,,,,,
azures.live,1,Combo-squat: azure,,,,,
bagmail.store,1,Combo-squat: gmail,,,,,
aryagate.net,1,Combo-squat: gate,,postmaster\@aryagate@net,,,
atariblockchainpartners.com,1,Combo-squat: block,,dns@cloudflare.com,,,
balor.apple.com,1,Combo-squat: apple,,,,,
barbecueliquidators.com,1,Combo-squat: liquid,,,,,
78gmail.com,1,Combo-squat: gmail,,hostmaster@78gmail.com,,,
balneologmail.com,1,Combo-squat: gmail,,dns@jomax.net,,,
astrophotogmail.ru,1,Combo-squat: gmail,,admin@astrophotogmail.ru.astrophotogmail.ru,,,
baremetalnetworks.com,1,Combo-squat: meta,,dns@cloudflare.com,,,
babygatesshop.life,1,Combo-squat: gate,,,,,
badungmail.cf,1,Combo-squat: gmail,,,,,
artificialintelligenceseo.com,1,Combo-squat: intel,,,,,
bastsellstripe.com,1,Combo-squat: stripe,,,,,
begmail.store,1,Combo-squat: gmail,,,,,
b1gmail.epicgamer.org,1,Combo-squat: gmail,,,,,
becgmail.site,1,Combo-squat: gmail,,,,,
bbruastripe.com,1,Combo-squat: stripe,,,,,
benefit.travelersinsurance.click,1,Combo-squat: travelers,,,,,
bestcryptonews.one,1,Combo-squat: crypto,,,,,
bachetesla.ir,1,Combo-squat: tesla,,dns@cloudflare.com,,,
79gmail.com,1,Combo-squat: gmail,,hostmaster@79gmail.com,,,
bestdealsamazon.shop,1,Combo-squat: amazon,,,,,
benchmarkmineralintelligence.com,1,Combo-squat: intel,,dns@cloudflare.com,,,
bigmail.club,1,Combo-squat: gmail,,,,,
belugateam.info,1,Combo-squat: gate,,,,,
baranoski41.truckmetalworks.com,1,Combo-squat: meta,,,,,
7gmail.com,1,Combo-squat: gmail,,hostmaster@7gmail.com,,,
ahmetamanvermez.com,1,Combo-squat: meta,,dns@cloudflare.com,,,
bigmail.lol,1,Combo-squat: gmail,,dns@cloudflare.com,,,
betusbank.com,1,Combo-squat: usbank,,dns@namebright.com,,,
billgatescoin.site,1,Combo-squat: gate,,,,,
bigmailbox.top,1,Combo-squat: gmail,,,,,
bigmail.store,1,Combo-squat: gmail,,dns@cloudflare.com,,,
billgatescoins.site,1,Combo-squat: gate,,,,,
80gmail.com,1,Combo-squat: gmail,,hostmaster@80gmail.com,,,
bilgetrade.com,1,Combo-squat: etrade,,,,,
binanceglobalpoolspro.cloud,1,Combo-squat: binance,,,,,
binancebbt.net,1,Combo-squat: binance,,,,,
bigappleretail.com,1,Combo-squat: apple,,cpanel@tech.namecheap.com,,,
81gmail.com,1,Combo-squat: gmail,,hostmaster@81gmail.com,,,
binance-crypto-currencyexchanges.trade,1,Combo-squat: binance,,,,,
binance-cryptocurrencyexchanges.trade,1,Combo-squat: binance,,,,,
bbcgmail.com,1,Combo-squat: gmail,,dns@cloudflare.com,,,
binancepools.cloud,1,Combo-squat: binance,,freednsadmin@dnspod.com,,,
bigmailbox.com,1,Combo-squat: gmail,,dns@cloudflare.com,,,
bitcoinandmetals.com,1,Combo-squat: meta,,dns@namebright.com,,,
binance-crypto-currency-exchanges.trade,1,Combo-squat: binance,,,,,
bintz72.truckmetalworks.com,1,Combo-squat: meta,,,,,
83gmail.com,1,Combo-squat: gmail,,hostmaster@83gmail.com,,,
binance-cryptocurren-cyexchanges.trade,1,Combo-squat: binance,,,,,
binancecryptocurrencyexchanges.trade,1,Combo-squat: binance,,,,,
bitonetrade-tutorial.com,1,Combo-squat: etrade,,,,,
biometicsliquidvitamins.com,1,Combo-squat: liquid,,,,,
azurefa.my.id,1,Combo-squat: azure,,idwebhost@jogjacamp.co.id,,,
bingx.gotdns.ch,1,Combo-squat: bingx,,,,,
84gmail.com,1,Combo-squat: gmail,,hostmaster@84gmail.com,,,
bitsofshit.com,1,Combo-squat: bitso,,,,,
amazon-aws.org,1,Combo-squat: amazon,,,,,
bleubers.com,1,Combo-squat: uber,,,,,
bitcryptofund.com,1,Combo-squat: crypto,,,,,
block-caching.com,1,Combo-squat: block,,,,,
azurefa.web.id,1,Combo-squat: azure,,idwebhost@jogjacamp.co.id,,,
block-node.com,1,Combo-squat: block,,,,,
bigmail.org,1,Combo-squat: gmail,,support@spaceship.com,,,
block-coinhub.info,1,Combo-squat: block,,,,,
bitcoinexchange.cash,1,Combo-squat: coinex,,,,,
block-node.net,1,Combo-squat: block,,,,,
blockbudg.xyz,1,Combo-squat: block,,,,,
amazonomat.com,1,Combo-squat: amazon,,dns@cloudflare.com,,,
blockbusterkiosk.com,1,Combo-squat: block,,,,,
blackgate.tk,1,Combo-squat: gate,,,,,
bitcoinsandblockchainssc.com,1,Combo-squat: block,,dns@cloudflare.com,,,
86gmail.com,1,Combo-squat: gmail,,hostmaster@86gmail.com,,,
blockblocks.bid,1,Combo-squat: block,,,,,
block521.com,1,Combo-squat: block,,dns@namebright.com,,,
blockchainworldeurope.com,1,Combo-squat: block,,,,,
85gmail.com,1,Combo-squat: gmail,,hostmaster@85gmail.com,,,
87gmail.com,1,Combo-squat: gmail,,hostmaster@87gmail.com,,,
blockbusterhits.info,1,Combo-squat: block,,,,,
blockchainworldfundmanagement.com,1,Combo-squat: block,,,,,
blockcryptoo.com,1,Combo-squat: crypto,,,,,
blockchain-wallet.live,1,Combo-squat: block,,,,,
blockchainalternativeinvestment.com,1,Combo-squat: block,,,,,
blocked-drains-bushey.co.uk,1,Combo-squat: block,,,,,
blockchainworldfund.com,1,Combo-squat: block,,,,,
blockchainworldexhibition.com,1,Combo-squat: block,,,,,
blockchn-fza4i.com,1,Combo-squat: block,,,,,
blockdigichain.com,1,Combo-squat: block,,,,,
bitso.design,1,Combo-squat: bitso,,dns@cloudflare.com,,,
blockchain-development-company.xyz,1,Combo-squat: block,,dns@cloudflare.com,,,
blockersspy.com,1,Combo-squat: block,,,,,
blocklattice.xyz,1,Combo-squat: block,,dns@jomax.net,,,
blocknames.bid,1,Combo-squat: block,,,,,
block-node.org,1,Combo-squat: block,,,,,
block-this-for-gambling.cloud-ip.cc,1,Combo-squat: block,,support@cloudns.net,,,
blockmonent.com,1,Combo-squat: block,,,,,
89gmail.com,1,Combo-squat: gmail,,hostmaster@89gmail.com,,,
blockhousecalifornia.com,1,Combo-squat: block,,dnsadmin@fatcow.com,,,
blockblocks.party,1,Combo-squat: block,,,,,
blockoviacoinpay.com,1,Combo-squat: block,,,,,
blockopsteam.com,1,Combo-squat: block,,,,,
blackcashledger.com,1,Combo-squat: ledger,,dns@cloudflare.com,,,
blockchainlegal.technology,1,Combo-squat: block,,dns@cloudflare.com,,,
blockfilter.com,1,Combo-squat: block,,dns@jomax.net,,,
blocksolved.com,1,Combo-squat: block,,dns@namebright.com,,,
blockzer.com,1,Combo-squat: block,,dns@namebright.com,,,
blockoviapay.com,1,Combo-squat: block,,,,,
blocktapes.com,1,Combo-squat: block,,dns@namebright.com,,,
blockhouseco.com,1,Combo-squat: block,,dnsadmin@fatcow.com,,,
blockthatmagefcjer.com,1,Combo-squat: block,,,,,
books.google.hu.smtp.gdofui.xyz,1,Combo-squat: google,,,,,
bogmail.top,1,Combo-squat: gmail,,,,,
bogmail.store,1,Combo-squat: gmail,,,,,
books.google.hu.smtp.xhouse.xyz,1,Combo-squat: google,,dns@jomax.net,,,
blongmail.com,1,Combo-squat: gmail,,dns@cloudflare.com,,,
bo-shopify.com,1,Combo-squat: shopify,,,,,
bitbybit.bg,1,Combo-squat: bybit,,hostmaster@superhosting.bg,,,
bounces.amazon.com,1,Combo-squat: amazon,,,,,
btcpurchases.site,1,Combo-squat: chase,,,,,
brilliantledger.com,1,Combo-squat: ledger,,dns@namebright.com,,,
blunomval.ga,1,Combo-squat: luno,,,,,
blockchaindesktop.com,1,Combo-squat: block,,dns@cloudflare.com,,,
brgmail.com,1,Combo-squat: gmail,,,,,
908gmail.com,1,Combo-squat: gmail,,hostmaster@908gmail.com,,,
alunord.com,1,Combo-squat: luno,,alunord@com,,,
buycheapfacebooklikes.net,1,Combo-squat: facebook,,,,,
business-intelligence-vendor.com,1,Combo-squat: intel,,,,,
brothersontheblockincva.com,1,Combo-squat: block,,,,,
90gmail.com,1,Combo-squat: gmail,,hostmaster@90gmail.com,,,
buyfacebooklikeslive.com,1,Combo-squat: facebook,,,,,
bybite.site,1,Combo-squat: bybit,,,,,
buy-steroids-paypal.net,1,Combo-squat: paypal,,,,,
bxgmail.com,1,Combo-squat: gmail,,,,,
buyliquidatedstock.com,1,Combo-squat: liquid,,,,,
blockenstock.com,1,Combo-squat: block,,dns@cloudflare.com,,,0000000000000000
buy-steroids-paypal.com,1,Combo-squat: paypal,,,,,
blunomval.cf,1,Combo-squat: luno,,,,,
byzoometri.com,1,Combo-squat: zoom,,,,,
c.gmailri.com,1,Combo-squat: gmail,,,,,
caldwellbanker.in,1,Combo-squat: lbank,,,,,
calendar-server.bounces.google.com,1,Combo-squat: google,,,,,
bybit.gotdns.ch,1,Combo-squat: bybit,,,,,
bybitcryptocurrencyexchanges.trade,1,Combo-squat: bybit,,,,,
byzoomania.my.id,1,Combo-squat: zoom,,,,,
bybit-crypto-currency-exchanges.trade,1,Combo-squat: bybit,,,,,
bizcitizens.com,1,Combo-squat: citi,,support@bizcitizens.com,,,
booktangier.com,1,Combo-squat: okta,,support@spaceship.com,,,
capitalbankcardct.com,1,Combo-squat: lbank,,,,,
c1buumy.ezgateway.net,1,Combo-squat: gate,,,,,
caem-gmail.com,1,Combo-squat: gmail,,dns@hostinger.com,,,
cc-shopify.com,1,Combo-squat: shopify,,,,,
btsblock.com,1,Combo-squat: block,,dns@cloudflare.com,,,b4c9d19f443e4578
bybit-cryptocurrencyexchanges.trade,1,Combo-squat: bybit,,,,,
callwestgate.com,1,Combo-squat: gate,,protection@domainoverwatch.com,,,
blockgemini.org,1,Combo-squat: gemini,,dns@cloudflare.com,,,
blockteam.shop,1,Combo-squat: block,,hostmaster@blockteam.shop,,,
cc.gatewaybayern.click,1,Combo-squat: gate,,,,,
capzoomer.my.id,1,Combo-squat: zoom,,dns@cloudflare.com,,,
cesmetatilcesme.xyz,1,Combo-squat: meta,,,,,
blocksmith-te.ch,1,Combo-squat: block,,hostmaster@infomaniak.ch,,,
cellulemblock.es,1,Combo-squat: block,,,,,
blockchainanddefinews.com,1,Combo-squat: block,,shalabh\@web.gmail.com,,,
chatgpt.bounceme.net,1,Combo-squat: chatgpt,,,,,
chaseitc.com,1,Combo-squat: chase,,,,,
chatgpt-ar.com,1,Combo-squat: chatgpt,,,,,
cdvp.waroengmail.com,1,Combo-squat: gmail,,,,,
cbyintel.ch,1,Combo-squat: intel,,,,,
chatgptku.cloud,1,Combo-squat: chatgpt,,dns@cloudflare.com,,,
blog.metal-med.pl,1,Combo-squat: meta,,,,,
chatgpt123.me,1,Combo-squat: chatgpt,,dns@hostinger.com,,,
chatgpt.34555.casacam.net,1,Combo-squat: chatgpt,,,,,
chatgpt.nyhtfhyjj.casacam.net,1,Combo-squat: chatgpt,,,,,
93gmail.com,1,Combo-squat: gmail,,hostmaster@93gmail.com,,,
chatgpt.qwen3-30b-a3b.xyz,1,Combo-squat: chatgpt,,,,,
casinocrypto.io,1,Combo-squat: crypto,,dns@cloudflare.com,,,87973c786163c396
autozoomer.ru,1,Combo-squat: zoom,,,,,
chatgpt.linux-do.academy,1,Combo-squat: chatgpt,,,,,
chaseharnack.com,1,Combo-squat: chase,,dns@cloudflare.com,,,
britishintelligence.co.uk,1,Combo-squat: intel,,abuse@freeola.net,,,
cheapcryptomail.online,1,Combo-squat: crypto,,dns@jomax.net,,,
chatgptgo.web.id,1,Combo-squat: chatgpt,,dns@cloudflare.com,,,
cheapfacebooklikes.net,1,Combo-squat: facebook,,,,,
chatgptt.biz.id,1,Combo-squat: chatgpt,,dns@cloudflare.com,,,
cirocco.apple.com,1,Combo-squat: apple,,,,,
chatgptku.pro,1,Combo-squat: chatgpt,,support@spaceship.com,,,
chaseabag.org,1,Combo-squat: chase,,dns@cloudflare.com,,,
chatgptku.com,1,Combo-squat: chatgpt,,dns@hostinger.com,,,
chockandblock.com,1,Combo-squat: block,,,,,
chatgptstockindia.com,1,Combo-squat: chatgpt,,dns@cloudflare.com,,,a4b52fc5ba0af852
cignainsurancecoversrehab.info,1,Combo-squat: cigna,,,,,
chogmail.com,1,Combo-squat: gmail,,dns@linode.com,,,
95gmail.com,1,Combo-squat: gmail,,hostmaster@95gmail.com,,,
ciscoexpertsacademy.com,1,Combo-squat: cisco,,,,,
94gmail.com,1,Combo-squat: gmail,,hostmaster@94gmail.com,,,
citiesdeskpc.com,1,Combo-squat: citi,,,,,
chessliquidators.com,1,Combo-squat: liquid,,protection@domainoverwatch.com,,,
chasehealthsolutions.org,1,Combo-squat: chase,,hostmaster@registrar-servers.com,,,
catdogmail.live,1,Combo-squat: gmail,,hostmaster@trellian.com,,,
96gmail.com,1,Combo-squat: gmail,,hostmaster@96gmail.com,,,
citizen.mailbo.store,1,Combo-squat: citi,,,,,
citiinter.com.sg,1,Combo-squat: citi,,,,,
cities-countries.ru,1,Combo-squat: citi,,,,,
citibanquesi.space,1,Combo-squat: citi,,dns@cloudflare.com,,,c6b055f512758bb2
citigatecunningham.com,1,Combo-squat: citi,,hostmaster@citigatecunningham.com,,,
citizenguide.earth,1,Combo-squat: citi,,,,,
citizenkane.us,1,Combo-squat: citi,,,,,
chatgptuk.pp.ua,1,Combo-squat: chatgpt,,,,,
citizen6y6.com,1,Combo-squat: citi,,,,,
citizenpharmacy.us,1,Combo-squat: citi,,dns@jomax.net,,,
citizenssouth.com,1,Combo-squat: citi,,dns@namebright.com,,,
citizensvegas.com,1,Combo-squat: citi,,,,,
citippgad.ga,1,Combo-squat: citi,,,,,
citippgad.gq,1,Combo-squat: citi,,,,,
citizens.earth,1,Combo-squat: citi,,dns@jomax.net,,,
citizencheck.com,1,Combo-squat: citi,,dns@namebright.com,,,
cloud.apple.com,1,Combo-squat: apple,,,,,
citizenlaw.ru,1,Combo-squat: citi,,,,,
clnd49org.appleid.com,1,Combo-squat: apple,,,,,
citibet88login.com,1,Combo-squat: citi,,dns@cloudflare.com,,,
circumnavigmails.ru,1,Combo-squat: gmail,,admin@circumnavigmails.ru.circumnavigmails.ru,,,
classique-prems.com,1,Combo-squat: classiq,,,,,
cheapincometaxprep.com,1,Combo-squat: meta,,hostmaster@ns36.de,,,
cnpcapitalbank.com,1,Combo-squat: lbank,,,,,
cityhotelbergenopzoom.com,1,Combo-squat: zoom,,dns@cloudflare.com,,,c6b055f512758bb2
coincheckup.net,1,Combo-squat: coincheck,,,,,
citippgad.ml,1,Combo-squat: citi,,,,,
citippgad.tk,1,Combo-squat: citi,,,,,
coloniallifee.com,1,Combo-squat: coloniallife,,,,,
codex-gmail.my.id,1,Combo-squat: gmail,,dns@cloudflare.com,,,
comfort.gatewaybayern.click,1,Combo-squat: gate,,,,,
coinexchange365.com,1,Combo-squat: coinex,,,,,
citizensearth.org,1,Combo-squat: citi,,,,,
98gmail.com,1,Combo-squat: gmail,,hostmaster@98gmail.com,,,
contact.travelersinsurance.click,1,Combo-squat: travelers,,,,,
cnazure.com,1,Combo-squat: azure,,hostmaster@cnazure.com,,,
chatgptuy.my.id,1,Combo-squat: chatgpt,,idwebhost@jogjacamp.co.id,,,
corrective.gatewaybayern.click,1,Combo-squat: gate,,,,,
corychase.site,1,Combo-squat: chase,,,,,
citinowcasino.net,1,Combo-squat: citi,,dns@cloudflare.com,,,
cndsheetmetal.com,1,Combo-squat: meta,,hostmaster@cndsheetmetal.com,,,
commercecrypto.com,1,Combo-squat: crypto,,protection@domainoverwatch.com,,,
congatelephone.com,1,Combo-squat: gate,,,,,
corychase.xyz,1,Combo-squat: chase,,,,,
coracleansehelp.com,1,Combo-squat: oracle,,,,,
compassionfatiguetoronto.com,1,Combo-squat: etoro,,hostmaster@compassionfatiguetoronto.com,,,
coullard86.truckmetalworks.com,1,Combo-squat: meta,,,,,
chopan-schwabing.de,1,Combo-squat: schwab,,hostmaster@jimdo.com,,,
cristianoguardami.ru,1,Combo-squat: guarda,,,,,
crypto-faucet.cf,1,Combo-squat: crypto,,,,,
crypto-nox.com,1,Combo-squat: crypto,,,,,
crypto-rates.info,1,Combo-squat: crypto,,,,,
crypto.perseimail.com,1,Combo-squat: crypto,,,,,
bizintelligenceadvisors.com,1,Combo-squat: intel,,admins@siteground.com,,,d13d16534bc4dc95
crypto.wissens-wert.net,1,Combo-squat: crypto,,,,,
crashproofcrypto.com,1,Combo-squat: crypto,,dns@cloudflare.com,,,
coreblockchain.academy,1,Combo-squat: block,,,,,
crypto1x1.info,1,Combo-squat: crypto,,,,,
crypto1x1.xyz,1,Combo-squat: crypto,,,,,
cryptoavalonsolhub.cloud,1,Combo-squat: crypto,,,,,
cogmail.store,1,Combo-squat: gmail,,dns@jomax.net,,,
cryptobitbyte.xyz,1,Combo-squat: crypto,,,,,
crypto777.com,1,Combo-squat: crypto,,hostmaster@registrar-servers.com,,,
cryptoblad.online,1,Combo-squat: crypto,,,,,
congcufacebook.com,1,Combo-squat: facebook,,dns@cloudflare.com,,,
crypto-boss44.site,1,Combo-squat: crypto,,dns@cloudflare.com,,,
crypto.tyrex.cf,1,Combo-squat: crypto,,,,,
crypto-casinos.com,1,Combo-squat: crypto,,dns@cloudflare.com,,,d13d16534bc4dc95
cryptoboss-blaze.top,1,Combo-squat: crypto,,,,,
crypto-boss121.top,1,Combo-squat: crypto,,dns@cloudflare.com,,,
cryptoboss-casino09qw.top,1,Combo-squat: crypto,,,,,
cryptoblaze.info,1,Combo-squat: crypto,,,,,
citi.articles.vip,1,Combo-squat: citi,,,,,
code-gmail.com,1,Combo-squat: gmail,,dnsconct@363.hk,,,
cryptoboss-casinoquest.fun,1,Combo-squat: crypto,,,,,
cryptoblad.nl,1,Combo-squat: crypto,,dns@cloudflare.com,,,
cryptoboss-casino665.top,1,Combo-squat: crypto,,dns@cloudflare.com,,,
crypto1x1.org,1,Combo-squat: crypto,,,,,
cryptoboss-gold.top,1,Combo-squat: crypto,,,,,
cryptoblog.web.id,1,Combo-squat: crypto,,,,,
cryptoboss-lucky.digital,1,Combo-squat: crypto,,,,,
cryptoboss-lucky.bond,1,Combo-squat: crypto,,,,,
com.ya.ru.gmail.com.collegeofpublicspeaking.com,1,Combo-squat: gmail,,,,,
cryptoboss-wildcard.click,1,Combo-squat: crypto,,,,,
cryptoboss-efv.top,1,Combo-squat: crypto,,dns@cloudflare.com,,,
cryptoboss-wildcard.top,1,Combo-squat: crypto,,,,,
crypto3pl.net,1,Combo-squat: crypto,,dns@cloudflare.com,,,
cryptoboss-casinoquest.monster,1,Combo-squat: crypto,,,,,
cryptoboss-wildcard.lat,1,Combo-squat: crypto,,,,,
cryptoboss-casinotrail.makeup,1,Combo-squat: crypto,,,,,
cryptoboss-casinonova.quest,1,Combo-squat: crypto,,,,,
cryptoboss-wildcard.beauty,1,Combo-squat: crypto,,,,,
cryptoboss.wiki,1,Combo-squat: crypto,,,,,
cryptoboss-casin777.top,1,Combo-squat: crypto,,dns@cloudflare.com,,,
cryptoboss101.site,1,Combo-squat: crypto,,dns@cloudflare.com,,,
cryptoboss-casinotrail.motorcycles,1,Combo-squat: crypto,,,,,
cryptoboss-mirror.buzz,1,Combo-squat: crypto,,dns@cloudflare.com,,,
cryptobosscasino04.com,1,Combo-squat: crypto,,dns@cloudflare.com,,,
cryptobrancaemail.com,1,Combo-squat: crypto,,,,,
cryptocapitalism.pro,1,Combo-squat: crypto,,,,,
cryptocademy.info,1,Combo-squat: crypto,,,,,
cryptoboss-slt.top,1,Combo-squat: crypto,,dns@cloudflare.com,,,
cryptoboss-casinonova.pics,1,Combo-squat: crypto,,dns@cloudflare.com,,,
biohazardeliquid.com,1,Combo-squat: liquid,,hostmaster@lander.d.parity.domains,,,
4.3.3.7.0.7.3.0.e.2.a.8.0.0.0.0.0.0.0.0.3.a.5.8.8.b.d.0.1.0.0.2.fake.ip6.arpa.please.believe.this.ip6.arpa.it.is.truly.a.ip6.arpa.not.a.tempmail.service.do.u.now.other.service.i.know.gmail.com.outlook.com.so.on.fakemail.cc.cd,1,Combo-squat: gmail,,,,,
cryptocean.online,1,Combo-squat: crypto,,,,,
cryptocasino.se,1,Combo-squat: crypto,,dns@cloudflare.com,,,0000000000000000
crypto-mmm.com,1,Combo-squat: crypto,,tech@smartape.ru,,,
cryptocean.info,1,Combo-squat: crypto,,,,,
cryptocitycenter.com,1,Combo-squat: crypto,,,,,
anthropic1.33mail.com,1,Combo-squat: anthropic,,,,,
cryptocore.site,1,Combo-squat: crypto,,dns@cloudflare.com,,,
cryptobazar.ru,1,Combo-squat: crypto,,hostmaster@ns1.reg.ru,,,fe00c46a62f63b95
cryptocasinoplinko.com,1,Combo-squat: crypto,,dns@cloudflare.com,,,
cryptodon.space,1,Combo-squat: crypto,,,,,
cryptocasino.com,1,Combo-squat: crypto,,dns@cloudflare.com,,,
cryptoboss777power.top,1,Combo-squat: crypto,,dns@cloudflare.com,,,
cryptoeye.tw,1,Combo-squat: crypto,,,,,
cryptofriends.network,1,Combo-squat: crypto,,,,,
cryptocean.cards,1,Combo-squat: crypto,,,,,
cryptofollow.net,1,Combo-squat: crypto,,,,,
cryptocrowd.mobi,1,Combo-squat: crypto,,,,,
cryptoconseils.com,1,Combo-squat: crypto,,hostmaster@cryptoconseils.com,,,
cryptofuture.website,1,Combo-squat: crypto,,,,,
cryptodinbog.com,1,Combo-squat: crypto,,,,,
cryptodough.life,1,Combo-squat: crypto,,,,,
apple.servemp3.com,1,Combo-squat: apple,,,,,
cryptocron.com,1,Combo-squat: crypto,,hostmaster@registrar-servers.com,,,
cryptogrow.store,1,Combo-squat: crypto,,,,,
cryptogrow.global,1,Combo-squat: crypto,,,,,
cryptogoood.com,1,Combo-squat: crypto,,,,,
cryptogrow.tech,1,Combo-squat: crypto,,,,,
cryptogameshub.com,1,Combo-squat: crypto,,dns@cloudflare.com,,,
cryptogpt.me,1,Combo-squat: crypto,,,,,
cryptohistoryprice.com,1,Combo-squat: crypto,,,,,
cryptofree.cf,1,Combo-squat: crypto,,,,,
cryptoinvestmentsummit.com,1,Combo-squat: crypto,,,,,
cryptoligarch.com,1,Combo-squat: crypto,,hostmaster@cryptoligarch.com,,,
cryptogpt.live,1,Combo-squat: crypto,,,,,
cryptogamblingguru.com,1,Combo-squat: crypto,,dns@cloudflare.com,,,
cryptomelli.net,1,Combo-squat: crypto,,,,,
cryptomail.my.id,1,Combo-squat: crypto,,dns@cloudflare.com,,,
cryptonews24h.xyz,1,Combo-squat: crypto,,,,,
cryptoloot.life,1,Combo-squat: crypto,,,,,
cryptomoments24.com,1,Combo-squat: crypto,,,,,
cryptogamming.net,1,Combo-squat: crypto,,dns@cloudflare.com,,,c6b055f512758bb2
cryptolist.cf,1,Combo-squat: crypto,,,,,
blockvoice.org,1,Combo-squat: block,,dns@cloudflare.com,,,
cryptonewz247.com,1,Combo-squat: crypto,,,,,
cryptopda.com,1,Combo-squat: crypto,,dns@jomax.net,,,
cryptoiravault.com,1,Combo-squat: crypto,,dns@cloudflare.com,,,
cryptonews44ju.news,1,Combo-squat: crypto,,,,,
cryptoboss995.top,1,Combo-squat: crypto,,dns@cloudflare.com,,,
cryptopiggybank.mobi,1,Combo-squat: crypto,,,,,
cryptopoolinspro.online,1,Combo-squat: crypto,,,,,
cryptoprocessingnow.com,1,Combo-squat: crypto,,,,,
cryptontrade.ga,1,Combo-squat: crypto,,,,,
cryptoboss-zerkaloss.top,1,Combo-squat: crypto,,dns@cloudflare.com,,,
cryptoprobes.com,1,Combo-squat: crypto,,dns@namebright.com,,,
cryptoinvestar.com,1,Combo-squat: crypto,,dns@cloudflare.com,,,
cryptosafehealth.online,1,Combo-squat: crypto,,,,,
cryptosimple.club,1,Combo-squat: crypto,,,,,
cryptopiggybank.info,1,Combo-squat: crypto,,,,,
cryptormail.com,1,Combo-squat: crypto,,,,,
cryptone.market,1,Combo-squat: crypto,,,,,
cryptoreaper.com,1,Combo-squat: crypto,,dns@cloudflare.com,,,
applesafe3.33mail.com,1,Combo-squat: apple,,,,,
appleseedrlty.com,1,Combo-squat: apple,,support@cloudns.net,,,
cryptonet.top,1,Combo-squat: crypto,,hostmaster@cryptonet.top,,,
cryptokoinnews.com,1,Combo-squat: crypto,,shalabh\@web.gmail.com,,,
cryptosoloira.com,1,Combo-squat: crypto,,dns@cloudflare.com,,,
cryptostackrothira.com,1,Combo-squat: crypto,,hostmaster@registrar-servers.com,,,
cryptostack401k.com,1,Combo-squat: crypto,,dns@cloudflare.com,,,
cryptoszone.ga,1,Combo-squat: crypto,,,,,
chatgpto.nl,1,Combo-squat: chatgpt,,dns@cloudflare.com,,,
cryptostackfund.com,1,Combo-squat: crypto,,dns@cloudflare.com,,,
cryptoupdates.live,1,Combo-squat: crypto,,dns@jomax.net,,,
cryptoboss470.top,1,Combo-squat: crypto,,dns@cloudflare.com,,,
cryptovilla.info,1,Combo-squat: crypto,,,,,
cryptobosswin7.casino,1,Combo-squat: crypto,,dns@cloudflare.com,,,
cryptos.eu.cc,1,Combo-squat: crypto,,dns@cloudflare.com,,,
cryptostackventurefund.com,1,Combo-squat: crypto,,dns@cloudflare.com,,,
cryptoboss777vegas.top,1,Combo-squat: crypto,,dns@cloudflare.com,,,
crytpogate.com,1,Combo-squat: gate,,,,,
ctvfacebook.site,1,Combo-squat: facebook,,,,,
cschwabllc.com,1,Combo-squat: schwab,,,,,
cure.travelersinsurance.click,1,Combo-squat: travelers,,,,,
d6glunokw5.mailbo.store,1,Combo-squat: luno,,,,,
cvzzoom.com,1,Combo-squat: zoom,,,,,
dangmail.igg.biz,1,Combo-squat: gmail,,,,,
cryptowned.com,1,Combo-squat: crypto,,dns@cloudflare.com,,,
armeta.loseyourip.com,1,Combo-squat: meta,,,,,
dashmeta.store,1,Combo-squat: meta,,dns@cloudflare.com,,,
cryptoboss7zerkalo.casino,1,Combo-squat: crypto,,dns@cloudflare.com,,,
dailymicrosoft.com,1,Combo-squat: microsoft,,,,,
dd-shopify.top,1,Combo-squat: shopify,,,,,
dailycryptocurrency.news,1,Combo-squat: crypto,,,,,
dailycryptomedia.com,1,Combo-squat: crypto,,dns@hostinger.com,,,
dandy58.truckmetalworks.com,1,Combo-squat: meta,,,,,
deadapple.simplelogin.com,1,Combo-squat: apple,,,,,
dcd2crp.ezgateway.net,1,Combo-squat: gate,,,,,
cryptoslant.com,1,Combo-squat: crypto,,mail@cryptoslant.com,,,
dealgongmail.com,1,Combo-squat: gmail,,awsdns-hostmaster@amazon.com,,,
cryptoomsk.ru,1,Combo-squat: crypto,,dns@timeweb.ru,,,
cyberintel.onl,1,Combo-squat: intel,,,,,
ddoubercoun8128.lofteone.ru,1,Combo-squat: uber,,,,,
densdroid-gmail.online,1,Combo-squat: gmail,,,,,
delawaredropbox.com,1,Combo-squat: dropbox,,,,,
cryptotrademail.com,1,Combo-squat: crypto,,dns@cloudflare.com,,,
deluxewrappingmail.com,1,Combo-squat: gmail,,,,,
decoster13.truckmetalworks.com,1,Combo-squat: meta,,,,,
devnull.facebook.com,1,Combo-squat: facebook,,,,,
cryptowalletstore.com,1,Combo-squat: crypto,,ns@unstoppabledomains.com,,,
diggmail.club,1,Combo-squat: gmail,,,,,
deletegmail.com,1,Combo-squat: gmail,,dns@cloudflare.com,,,c6dd3177441d11cd
digitalbankingsummits.com,1,Combo-squat: lbank,,,,,
diggcrypto.com,1,Combo-squat: crypto,,,,,
digmail.online,1,Combo-squat: gmail,,,,,
cryptoveteran.addy.io,1,Combo-squat: crypto,,,,,
deeplysimple.org,1,Combo-squat: deepl,,dns@cloudflare.com,,,
dextroamphetgmail.ru,1,Combo-squat: gmail,,,,,
diariodeuberlandia.com.br,1,Combo-squat: uber,,dns@cloudflare.com,,,d1d21ea92f0c679c
dengmail.com,1,Combo-squat: gmail,,nxdomainadmin@dnspod.com,,,
diffusibgmail.ru,1,Combo-squat: gmail,,,,,
digmail.space,1,Combo-squat: gmail,,,,,
diegoyoutuber.tk,1,Combo-squat: uber,,,,,
discn-prod.apple.com,1,Combo-squat: apple,,,,,
digmail.store,1,Combo-squat: gmail,,,,,
cryptocustomercare.us,1,Combo-squat: crypto,,dns@jomax.net,,,eb4ac4a19b9ec196
doclist.bounces.google.com,1,Combo-squat: google,,,,,
doanhnhanfacebook.com,1,Combo-squat: facebook,,,,,
dogmail.club,1,Combo-squat: gmail,,dns@cloudflare.com,,,
docs.google.com,1,Combo-squat: google,,,,,954a48b974856bb7
dnagoldcrypto.com,1,Combo-squat: crypto,,,,,
dks-metall.com,1,Combo-squat: meta,,,,,
diegogamingmail.ml,1,Combo-squat: gmail,,,,,
dkmetalfabrications.com,1,Combo-squat: meta,,dns@cloudflare.com,,,
diputadobeltrones.com,1,Combo-squat: adobe,,,,,
docusign-enterprise.com,1,Combo-squat: docusign,,,,,
doranscale.com,1,Combo-squat: scale,,dns@jomax.net,,,
discountappledeals.com,1,Combo-squat: apple,,,,,
dermagmail.ru,1,Combo-squat: gmail,,admin@dermagmail.ru.dermagmail.ru,,,
drawblock.com,1,Combo-squat: block,,dns@jomax.net,,,
drillbitcrypto.net,1,Combo-squat: crypto,,,,,
drgmail.fr,1,Combo-squat: gmail,,,,,
drillbitcrypto.info,1,Combo-squat: crypto,,,,,
dsgate.online,1,Combo-squat: gate,,,,,
drinkchaser.com,1,Combo-squat: chase,,hostmaster@drinkchaser.com,,,
dr-apple-shop.ru,1,Combo-squat: apple,,,,,
dyson.apple.com,1,Combo-squat: apple,,,,,
dyeingmail.online,1,Combo-squat: gmail,,,,,
easystabilitybetsnupp20.xyz,1,Combo-squat: stability,,,,,
e.appleid.com,1,Combo-squat: apple,,,,,
dsfgdsgmail.net,1,Combo-squat: gmail,,hostmaster@dsfgdsgmail.net,,,
blocktrail.org,1,Combo-squat: block,,dns@cloudflare.com,,,
ed-schmidt-metallbau.store,1,Combo-squat: meta,,,,,
ecocryptolab.com,1,Combo-squat: crypto,,,,,
dugmail.com,1,Combo-squat: gmail,,dns@cloudflare.com,,,cc91196f0e4a5b5b
e-mail-amazon.cf,1,Combo-squat: amazon,,,,,
azure.cloudns.asia,1,Combo-squat: azure,,support@cloudns.net,,,
edhardypurchase.com,1,Combo-squat: chase,,,,,
educationsazure.shop,1,Combo-squat: azure,,,,,
edremitmehmetakif.xyz,1,Combo-squat: meta,,,,,
edugmail.bond,1,Combo-squat: gmail,,,,,
edelweisstokio.iigmail.com,1,Combo-squat: gmail,,,,,
crypto-net.club,1,Combo-squat: crypto,,hostmaster@registrar-servers.com,,,
e-n-facebook-com.cf,1,Combo-squat: facebook,,,,,
eggmail.store,1,Combo-squat: gmail,,,,,
eggscryptoinvest.xyz,1,Combo-squat: crypto,,dns@jomax.net,,,
econgate.com,1,Combo-squat: gate,,hostmaster@dnsowl.com,,,
e-n-facebook-com.gq,1,Combo-squat: facebook,,,,,
desertgate.ae,1,Combo-squat: gate,,iaassupport@bw.ae,,,c2b63c3678327873
dsfgdsgmail.com,1,Combo-squat: gmail,,domains+netlify@netlify.com,,,
electronicgate-annabi.net,1,Combo-squat: gate,,,,,
electrumlove.com,1,Combo-squat: electrum,,,,,
elenagolunova.site,1,Combo-squat: luno,,,,,
efsunumma58066.ga,1,Combo-squat: unum,,,,,
electrumly.pro,1,Combo-squat: electrum,,,,,
electrumsecuredownload.com,1,Combo-squat: electrum,,,,,
eiappleshoes.com,1,Combo-squat: apple,,,,,
efsunumma58066.cf,1,Combo-squat: unum,,,,,
electrumtravel.com,1,Combo-squat: electrum,,,,,
dugmail.store,1,Combo-squat: gmail,,hostmaster@beget.com,,,
elitetrader.biz,1,Combo-squat: etrade,,,,,
emailsgateway.store,1,Combo-squat: gate,,,,,
epuber.site,1,Combo-squat: uber,,,,,
edugmail.site,1,Combo-squat: gmail,,hostmaster@lander.d.parity.domains,,,
enpaypal.com,1,Combo-squat: paypal,,dns@cloudflare.com,,,
devblock.com,1,Combo-squat: block,,,,,
emgh.zoomingabout.com,1,Combo-squat: zoom,,,,,
etoros11.email,1,Combo-squat: etoro,,,,,
bigmail.info,1,Combo-squat: gmail,,support@spaceship.com,,,
epexegmail.com,1,Combo-squat: gmail,,dns@cloudflare.com,,,
excitingz.club,1,Combo-squat: citi,,,,,
emwuzoom.com,1,Combo-squat: zoom,,,,,
egmail.com,1,Combo-squat: gmail,,awsdns-hostmaster@amazon.com,,,
bigatel.info,1,Combo-squat: gate,,hostmaster@registrar-servers.com,,,
evolutionofintelligence.com,1,Combo-squat: intel,,dns@jomax.net,,,
bicentenebml.ru,1,Combo-squat: centene,,admin@bicentenebml.ru.bicentenebml.ru,,,
equicrypto.com,1,Combo-squat: crypto,,protection@domainoverwatch.com,,,
f3sxu2uber.mailbo.store,1,Combo-squat: uber,,,,,
facebgmail.shop,1,Combo-squat: gmail,,,,,
ewjlk.zoomnetclick.com,1,Combo-squat: zoom,,,,,
eva.bigmail.info,1,Combo-squat: gmail,,,,,
facebook-adult.com,1,Combo-squat: facebook,,,,,
excitingsupreme.info,1,Combo-squat: citi,,,,,
facebook199.xyz,1,Combo-squat: facebook,,,,,
expertintel.com,1,Combo-squat: intel,,protection@domainoverwatch.com,,,
excitingprospects.co.uk,1,Combo-squat: citi,,,,,
facebookblackhat.com,1,Combo-squat: facebook,,,,,
enhancedzoom.com,1,Combo-squat: zoom,,hostmaster@trellian.com,,,
facebook-email.ga,1,Combo-squat: facebook,,,,,
embryogmail.ru,1,Combo-squat: gmail,,admin@embryogmail.ru.embryogmail.ru,,,
eucryptoassociation.org,1,Combo-squat: crypto,,dns@cloudflare.com,,,c6b055f512758bb2
facebooklol.ga,1,Combo-squat: facebook,,,,,
facebook-email.cf,1,Combo-squat: facebook,,,,,
expertsgate.net,1,Combo-squat: gate,,dns@hostinger.com,,,974a3cb561b4d34a
4.3.3.7.0.7.3.0.e.2.a.8.0.0.0.0.0.0.0.0.3.a.5.8.8.b.d.0.1.0.0.2.fake.ip6.arpa.please.believe.it.is.not.a.tempmail.service.do.u.now.other.service.i.know.gmail.com.and.so.on.if.you.want.a.real.email.address.you.can.use.https.www.163.com.fakemail.cc.cd,1,Combo-squat: gmail,,,,,
facebooky.shop,1,Combo-squat: facebook,,,,,
facebook-email.ml,1,Combo-squat: facebook,,,,,
4.3.3.7.0.7.3.0.e.2.a.8.0.0.0.0.0.0.0.0.3.a.5.8.8.b.d.0.1.0.0.2.fake.ip6.arpa.please.believe.this.ip6.arpa.it.is.truly.a.ip6.arpa.not.a.tempmail.service.do.u.now.other.service.i.know.gmail.com.outlook.com.so.on.exactly.https.www.163.com.fakemail.cc.cd,1,Combo-squat: gmail,,,,,
faithrelegateframe.site,1,Combo-squat: gate,,,,,
facebook-net.ml,1,Combo-squat: facebook,,,,,
facebookcom.ru,1,Combo-squat: facebook,,,,,
facebookmail.ml,1,Combo-squat: facebook,,,,,
fashionqq59.xyz,1,Combo-squat: ionq,,,,,
fashgate.com,1,Combo-squat: gate,,dns@cloudflare.com,,,
farmersandbuilders.net,1,Combo-squat: farmers,,,,,
facebookmail.gq,1,Combo-squat: facebook,,,,,
farmerscatch.com,1,Combo-squat: farmers,,,,,
farmersargent.com,1,Combo-squat: farmers,,,,,
facebook-net.gq,1,Combo-squat: facebook,,,,,
fcugmail.space,1,Combo-squat: gmail,,,,,
farmersdictionary.com,1,Combo-squat: farmers,,protection@domainoverwatch.com,,,
farmersreference.com,1,Combo-squat: farmers,,protection@domainoverwatch.com,,,
facebookmail.com,1,Combo-squat: facebook,,dns@facebook.com,,,
figmail.me,1,Combo-squat: gmail,,dns@cloudflare.com,,,
fellowtravelers.com,1,Combo-squat: travelers,,dns@jomax.net,,,
fgmail.cyou,1,Combo-squat: gmail,,dns@cloudflare.com,,,
finance.zoomingabout.com,1,Combo-squat: zoom,,,,,
fdeservices.comzrqoxkmlkrbxjjgmail.com.outlook.com.0.0.mail.mujur.id,1,Combo-squat: gmail,,,,,
drowblock.com,1,Combo-squat: block,,dns@cloudflare.com,,,
block.bdea.cc,1,Combo-squat: block,,hostmaster@registrar-servers.com,,,
firstmeta.com,1,Combo-squat: meta,,hostmaster@firstmeta.com,,,
farmerstrader.adult,1,Combo-squat: farmers,,,,,
fitmapgate.com,1,Combo-squat: gate,,,,,
fishslack.com,1,Combo-squat: slack,,,,,
fastestpurchase.com,1,Combo-squat: chase,,protection@domainoverwatch.com,,,
fitmindgate.com,1,Combo-squat: gate,,,,,
fitoraclee.com,1,Combo-squat: oracle,,,,,
fledgeresources.com,1,Combo-squat: ledger,,,,,
facebook-egy.com,1,Combo-squat: facebook,,dns@jomax.net,,,80ba5a876fd83723
fogmail.store,1,Combo-squat: gmail,,,,,
fleetingmailbox.click,1,Combo-squat: gmail,,,,,
fogmail.site,1,Combo-squat: gmail,,,,,
fonts.googleapis.com,1,Combo-squat: google,,,,,
figmail.store,1,Combo-squat: gmail,,cloud-dns-hostmaster@google.com,,,cc91196f0e4a5b5b
forgecrypto.shop,1,Combo-squat: crypto,,dns@cloudflare.com,,,
farmerstopeople.com,1,Combo-squat: farmers,,cloud-dns-hostmaster@google.com,,,d1d315cc45d31376
fkfgmailer.com,1,Combo-squat: gmail,,,,,
fivestarpaintingmail.com,1,Combo-squat: gmail,,dns@cloudflare.com,,,
franciscotech.web.id,1,Combo-squat: cisco,,dns@cloudflare.com,,,
forregmail.xyz,1,Combo-squat: gmail,,dns@jomax.net,,,
freelancergate.shop,1,Combo-squat: gate,,,,,
cryptone.tel,1,Combo-squat: crypto,,dns@cloudflare.com,,,
franciscotech.biz.id,1,Combo-squat: cisco,,dns@cloudflare.com,,,
fiu.edu.test-google-a.s-ly.me,1,Combo-squat: google,,,,,
fractalblocks.com,1,Combo-squat: block,,hostmaster@registrar-servers.com,,,
frontlinemetalfab.com,1,Combo-squat: meta,,,,,
franciscotech.my.id,1,Combo-squat: cisco,,dns@cloudflare.com,,,
freegmail.ga,1,Combo-squat: gmail,,,,,
franciscochase.com,1,Combo-squat: cisco,,hostmaster@nsone.net,,,cc91196f0e4a5b5b
fckgoogle.pl,1,Combo-squat: google,,,,,
foliaapple.pl,1,Combo-squat: apple,,,,,
figurabigmail.ru,1,Combo-squat: gmail,,admin@figurabigmail.ru.figurabigmail.ru,,,
friends-facebook.com,1,Combo-squat: facebook,,,,,
fucktuber.info,1,Combo-squat: uber,,,,,
fxsanfrancisco.com,1,Combo-squat: cisco,,,,,
garageamazon.com,1,Combo-squat: amazon,,,,,
gate-design.com,1,Combo-squat: gate,,dns@cloudflare.com,,,
furnitureliquidationconsultants.com,1,Combo-squat: liquid,,dns@cloudflare.com,,,
gapingmail.com,1,Combo-squat: gmail,,,,,
gate-repair-thousandoaks.info,1,Combo-squat: gate,,,,,
gate3marketing.com,1,Combo-squat: gate,,dns@cloudflare.com,,,
gaterremeds1975.eu,1,Combo-squat: gate,,,,,
gametalks.ru,1,Combo-squat: meta,,,,,
gate.cdfaq.com,1,Combo-squat: gate,,,,,
gatechecker.net,1,Combo-squat: gate,,,,,
gateway.qm.apple.com,1,Combo-squat: gate,,,,,
gatecontrol.com,1,Combo-squat: gate,,hostmaster@gatecontrol.com,,,
cryptostackcapital.com,1,Combo-squat: crypto,,dns@cloudflare.com,,,
gateway20.outlook.rest,1,Combo-squat: gate,,,,,
gatewayrealestate.click,1,Combo-squat: gate,,,,,
facebooktoto.org,1,Combo-squat: facebook,,dns@cloudflare.com,,,d13d16534bc4dc95
gatespassadvisors.com,1,Combo-squat: gate,,dns@cloudflare.com,,,
gemini3pro.icu,1,Combo-squat: gemini,,,,,
gemini365.com,1,Combo-squat: gemini,,dns@jomax.net,,,
fastmeta.edu.pl,1,Combo-squat: meta,,tech@ovh.net,,,
gemini-audio.net,1,Combo-squat: gemini,,,,,
gateway3ds.eu,1,Combo-squat: gate,,,,,
freegates.be,1,Combo-squat: gate,,dnsmaster@skynet.be,,,
fullmetal.anonaddy.com,1,Combo-squat: meta,,,,,
appletreecabin.com,1,Combo-squat: apple,,hostmaster@registrar-servers.com,,,
catdogmail.com,1,Combo-squat: gmail,,admin@catdogmail.com.catdogmail.com,,,
cc.apple45.xo.je,1,Combo-squat: apple,,,,,
gatewaytube.com,1,Combo-squat: gate,,support@spaceship.com,,,
forregmail.asia,1,Combo-squat: gmail,,hostmaster@hichina.com,,,
geminipaper.com,1,Combo-squat: gemini,,dns@cloudflare.com,,,
cryptope.xyz,1,Combo-squat: crypto,,hostmaster@onamae-expired.com,,,
cryptotravis.com,1,Combo-squat: crypto,,hostmaster@registrar-servers.com,,,
geecities.com,1,Combo-squat: citi,,root@xdomain.ne.jp,,,
cl-metal.com,1,Combo-squat: meta,,ns12@xincache.com,,,
direct-gmail.com,1,Combo-squat: gmail,,,,,
dogmail.co.uk,1,Combo-squat: gmail,,dns@cloudflare.com,,,
conspiracyliquids.com,1,Combo-squat: liquid,,hostmaster@registrar-servers.com,,,
azureexplained.com,1,Combo-squat: azure,,hostmaster@registrar-servers.com,,,
datgemini.io.vn,1,Combo-squat: gemini,,,,,
gatenz-panel.com,1,Combo-squat: gate,,dns@cloudflare.com,,,
crypto1mail.com,1,Combo-squat: crypto,,admin@crypto1mail.com,,,
allegmail.ru,1,Combo-squat: gmail,,postmaster@ns1.expired.maxname.ru,,,
applepaycasino.nl,1,Combo-squat: apple,,,,,
gateway.net,1,Combo-squat: gate,,hostmaster@yahoo-inc.com,,,
cryptosmileys.com,1,Combo-squat: crypto,,cpanel@tech.namecheap.com,,,
geminicg.com,1,Combo-squat: gemini,,dns@jomax.net,,,
gatedsweep.ru,1,Combo-squat: gate,,hostmaster@ns1.reg.ru,,,
gatenzteam.com,1,Combo-squat: gate,,dns@cloudflare.com,,,d13d16534bc4dc95
edugmail.online,1,Combo-squat: gmail,,hostmaster@lander.d.parity.domains,,,
eggmail.online,1,Combo-squat: gmail,,hostmaster@lander.d.parity.domains,,,
facebookmail.usa.cc,1,Combo-squat: facebook,,hostmaster@usa.cc,,,
alreadypurchase.com,1,Combo-squat: chase,,,,,
epitubermail.com,1,Combo-squat: uber,,hostmaster@epitubermail.com,,,
applefix.ru,1,Combo-squat: apple,,,,,
firgmail.com,1,Combo-squat: gmail,,admin@firgmail.com.firgmail.com,,,
fringmail.com,1,Combo-squat: gmail,,admin@fringmail.com.fringmail.com,,,
fregmail.com,1,Combo-squat: gmail,,admin@fregmail.com.fregmail.com,,,
gateaxe.maskmy.id,1,Combo-squat: gate,,hostmaster@lander.d.parity.domains,,,
carpometacmail.ru,1,Combo-squat: meta,,postmaster@ns1.expired.maxname.ru,,,
coinex.online,1,Combo-squat: coinex,,,,,
crashproofcryptocurrency.com,1,Combo-squat: crypto,,,,,
capitolcrypto.com,1,Combo-squat: crypto,,,,,
citizensonline.com,1,Combo-squat: citi,,,,,
crypto-lock.net,1,Combo-squat: crypto,,,,,
dayzoomeet.biz.id,1,Combo-squat: zoom,,,,,
cryptopiggybank.org,1,Combo-squat: crypto,,,,,
cryptostackfunds.com,1,Combo-squat: crypto,,,,,
doom-metal.cd,1,Combo-squat: meta,,,,,
