mx_host,domain_count,primary_asn
tinyhost.shop,5373,"AS51167 (CONTABO, DE)"
mx1.simplelogin.co,2719,"AS62371 (PROTON, CH)"
mail.wabblywabble.com,1737,"AS24940 (HETZNER-AS, DE)"
emailfake.com,1716,"AS30886 (KOMITEX-AS, UA)"
smtp.yopmail.com,1293,"AS16276 (OVH, FR)"
generator.email,1220,"AS30886 (KOMITEX-AS, UA)"
aspmx.l.google.com,1145,"AS15169 (GOOGLE, US)"
aero4.unstablemail.com,1023,"AS14061 (DIGITALOCEAN-ASN, US)"
route1.mx.cloudflare.net,912,"AS13335 (CLOUDFLARENET, US)"
route2.mx.cloudflare.net,896,"AS13335 (CLOUDFLARENET, US)"
mx4.beavis99.com,874,"AS24940 (HETZNER-AS, DE)"
route3.mx.cloudflare.net,851,"AS13335 (CLOUDFLARENET, US)"
eforward1.registrar-servers.com,828,"AS22612 (NAMECHEAP-NET, US)"
park-mx.above.com,801,"AS133618 (TRELLIAN-AS-AP Trellian Pty. Limited, AU)"
mail.anonaddy.me,580,"AS47172 (GREENHOST, NL)"
mx1.improvmx.com,566,"AS16509 (AMAZON-02, US)"
mail.h-email.net,516,"AS24940 (HETZNER-AS, DE)"
mx.emlhub.com,504,"AS24940 (HETZNER-AS, DE)"
mail.mailerhost.net,445,"AS213230 (HETZNER-CLOUD2-AS, DE)"
smtp.google.com,436,"AS15169 (GOOGLE, US)"
localhost,428,
mx1.beget.com,395,"AS198610 (BEGET-AS, RU)"
mx.spymail.one,393,"AS24940 (HETZNER-AS, DE)"
mx1.hostinger.com,387,"AS13335 (CLOUDFLARENET, US)"
mx37.mb5p.com,385,"AS14061 (DIGITALOCEAN-ASN, US)"
mx.emltmp.com,383,"AS24940 (HETZNER-AS, DE)"
mx.plingest.com,377,"AS63023 (AS-GLOBALTELEHOST, US)"
mx.emlpro.com,372,"AS24940 (HETZNER-AS, DE)"
mx1.forwardemail.net,363,"AS60068 (CDN77 _, GB)"
mx.10mail.org,346,"AS24940 (HETZNER-AS, DE)"
mx.dropmail.me,345,"AS24940 (HETZNER-AS, DE)"
mxa.mailgun.org,341,"AS396982 (GOOGLE-CLOUD-PLATFORM, US)"
mx.freeml.net,327,"AS24940 (HETZNER-AS, DE)"
tempm.com,323,"AS30886 (KOMITEX-AS, UA)"
mx1-hosting.jellyfish.systems,322,"AS22612 (NAMECHEAP-NET, US)"
mail.mailinator.com,283,"AS63949 (AKAMAI-LINODE-AP Akamai Connected Cloud, SG)"
mx.yomail.info,266,"AS24940 (HETZNER-AS, DE)"
mail2.anonaddy.me,266,"AS202053 (UPCLOUD, FI)"
mx195.mb5p.com,264,"AS14061 (DIGITALOCEAN-ASN, US)"
mail.casadorock.com,255,"AS212317 (HETZNER-CLOUD3-AS, DE)"
mx.moakt.com,254,"AS46475 (LIMESTONENETWORKS, US)"
mx00.mail.com,249,"AS8560 (IONOS-AS This is the joint network for IONOS, Fasthosts, Arsys, 1&1 Mail and Media and 1&1 Telecom. Formerly known as 1&1 Internet SE., DE)"
mx1.timeweb.ru,247,"AS9123 (TIMEWEB-AS, RU)"
mxb.mailgun.org,235,"AS396982 (GOOGLE-CLOUD-PLATFORM, US)"
mail.wallywatts.com,233,"AS24940 (HETZNER-AS, DE)"
mx.10mail.xyz,226,"AS24940 (HETZNER-AS, DE)"
smtpv2.ec2.33mail.com,213,"AS14618 (AMAZON-AES, US)"
mx156.hostedmxserver.com,211,"AS14061 (DIGITALOCEAN-ASN, US)"
sss.pp.ua,200,
mx.dka.mailcore.net,160,"AS3308 (TELIANET-DENMARK, SE)"
smtp.secureserver.net,158,"AS398101 (GO-DADDY-COM-LLC, US)"
mailosaur.net,154,"AS396982 (GOOGLE-CLOUD-PLATFORM, US)"
inbound-smtp.skiff.com,150,"AS16509 (AMAZON-02, US)"
em4.rejecthost.com,148,"AS14061 (DIGITALOCEAN-ASN, US)"
smtp.oneb.net,142,"AS24940 (HETZNER-AS, DE)"
mx.tmail.delivery,142,"AS16509 (AMAZON-02, US)"
mx.zoho.com,141,"AS2639 (ZOHO-AS, US)"
mx.yandex.net,141,AS13238 208398 (Unknown)
em4.catchservers.com,140,"AS14061 (DIGITALOCEAN-ASN, US)"
mail.ese.kr,131,"AS9318 (SKB-AS SK Broadband Co Ltd, KR)"
mail.eye-mail.net,131,"AS14061 (DIGITALOCEAN-ASN, US)"
em4.mainnetmail.com,126,"AS14061 (DIGITALOCEAN-ASN, US)"
mail.protonmail.ch,125,"AS62371 (PROTON, CH)"
use4.bumpemail.com,124,"AS213230 (HETZNER-CLOUD2-AS, DE)"
blackhole.aftermarket.pl,120,"AS48707 (AS48707-OPS-, PL)"
ereg4.brushemail.com,120,"AS14061 (DIGITALOCEAN-ASN, US)"
mailgw.ns36.de,113,
reception01.mail-vert.fr,113,"AS16276 (OVH, FR)"
mx.powered.name,110,"AS24940 (HETZNER-AS, DE)"
mx.mailpwr.com,106,"AS24940 (HETZNER-AS, DE)"
inbound-smtp.us-east-1.amazonaws.com,105,"AS14618 (AMAZON-AES, US)"
in1-smtp.messagingengine.com,105,"AS151847 (FASTMAILPTYLTD-AS-AP Fastmail Pty Ltd, AU)"
mx.mimimail.me,103,"AS24940 (HETZNER-AS, DE)"
mx.breakthur.com,102,"AS14061 (DIGITALOCEAN-ASN, US)"
mx.mailhost12.net,99,"AS14061 (DIGITALOCEAN-ASN, US)"
mail.xoxox.ooo,99,"AS47583 (AS-HOSTINGER, CY)"
mx1.privateemail.com,95,"AS22612 (NAMECHEAP-NET, US)"
w4.aerospaceemail.com,94,"AS14061 (DIGITALOCEAN-ASN, US)"
aero4.stememail.com,93,"AS14061 (DIGITALOCEAN-ASN, US)"
srv4.recoverhost.com,89,"AS14061 (DIGITALOCEAN-ASN, US)"
in.mail.tm,85,"AS24940 (HETZNER-AS, DE)"
tm.xuanlich.com,79,"AS14061 (DIGITALOCEAN-ASN, US)"
recv1.erinn.biz,79,"AS7506 (INTERQ GMO Internet Group, Inc., JP)"
mail4.outsideserver.com,79,"AS14061 (DIGITALOCEAN-ASN, US)"
mx.generic-isp.com,78,"AS14061 (DIGITALOCEAN-ASN, US)"
email-fake.com,76,"AS30886 (KOMITEX-AS, UA)"
mx.stackmail.com,74,"AS48254 (TWENTYI, GB)"
mx1.hosting.reg.ru,72,"AS197695 (AS-REG, RU)"
mainmx4.darkprobe.com,70,"AS14061 (DIGITALOCEAN-ASN, US)"
coloa4.hubblehost.com,69,"AS14061 (DIGITALOCEAN-ASN, US)"
mx4.mxcomet.com,69,"AS24940 (HETZNER-AS, DE)"
mx10.antispam.mailspamprotection.com,66,"AS396982 (GOOGLE-CLOUD-PLATFORM, US)"
mx01.mail.icloud.com,63,"AS714 (APPLE-ENGINEERING, US)"
emx.mail.ru,62,"AS47764 (VK-AS, RU)"
~,62,
mx2.forwardemail.net,61,"AS14061 (DIGITALOCEAN-ASN, US)"
mail.computer.com,59,"AS199524 (GCORE, LU)"
mx.discard.email,59,"AS197540 (NETCUP-AS netcup GmbH, DE)"
mx1.titan.email,58,"AS14618 (AMAZON-AES, US)"
custmx.cscdns.net,54,"AS63949 (AKAMAI-LINODE-AP Akamai Connected Cloud, SG)"
mx.hover.com.cust.hostedemail.com,53,"AS15348 (TUCOWS, CA)"
mx.yandex.ru,53,AS13238 208398 (Unknown)
tryninja.io,52,"AS63949 (AKAMAI-LINODE-AP Akamai Connected Cloud, SG)"
mail.tazza.me,50,"AS47583 (AS-HOSTINGER, CY)"
domain-us-1.getmx.com,50,"AS14061 (DIGITALOCEAN-ASN, US)"
la4.inquirymailer.com,48,"AS14061 (DIGITALOCEAN-ASN, US)"
mail.tempmail.id.vn,47,"AS135905 (VNPT-AS-VN VIETNAM POSTS AND TELECOMMUNICATIONS GROUP, VN)"
inbound-smtp.us-west-2.amazonaws.com,47,"AS16509 (AMAZON-02, US)"
mx1.mail.ovh.net,46,"AS16276 (OVH, FR)"
eml.monster,45,"AS14061 (DIGITALOCEAN-ASN, US)"
email.gravityengine.cc,44,"AS31898 (ORACLE-BMC-31898, US)"
mx00.emig.gmx.net,44,"AS8560 (IONOS-AS This is the joint network for IONOS, Fasthosts, Arsys, 1&1 Mail and Media and 1&1 Telecom. Formerly known as 1&1 Internet SE., DE)"
parkmail.dynadot.com,44,"AS36086 (TELX-LEGACY, US)"
smtp.trashmail.com,43,"AS24940 (HETZNER-AS, DE)"
mail.hope-mail.com,40,"AS14061 (DIGITALOCEAN-ASN, US)"
gourmet7.spamgourmet.com,40,"AS10439 (CARINET, US)"
fwd.regery.net,40,"AS24940 (HETZNER-AS, DE)"
tja.papierkorb.me,39,"AS24940 (HETZNER-AS, DE)"
mx.zoho.eu,39,"AS205111 (ZOHO-EU, NL)"
mx.undeadbank.com,38,"AS24940 (HETZNER-AS, DE)"
mx01.emig.gmx.net,37,"AS8560 (IONOS-AS This is the joint network for IONOS, Fasthosts, Arsys, 1&1 Mail and Media and 1&1 Telecom. Formerly known as 1&1 Internet SE., DE)"
mx00.ionos.com,37,"AS8560 (IONOS-AS This is the joint network for IONOS, Fasthosts, Arsys, 1&1 Mail and Media and 1&1 Telecom. Formerly known as 1&1 Internet SE., DE)"
mailnesia.com,34,"AS29802 (HVC-AS, US)"
mx1.emailsrvr.com,33,"AS27357 (RACKSPACE, US)"
mxbiz1.qq.com,33,"AS9304 (HUTCHISON-AS-AP HGC Global Communications Limited, HK)"
void.blackhole.mx,33,"AS24940 (HETZNER-AS, DE)"
mail.pickelhost.com,32,"AS14061 (DIGITALOCEAN-ASN, US)"
spool.mail.gandi.net,32,"AS29169 (GANDI-AS Domain name registrar - www.gandi.net, FR)"
in.mailsac.com,32,"AS16509 (AMAZON-02, US)"
alltheemails.com,31,"AS8860 (DELTA-BG-AS, BG)"
fwd1.porkbun.com,30,"AS16509 (AMAZON-02, US)"
mx1.mailhop.org,30,"AS16509 (AMAZON-02, US)"
bccto.cc,29,"AS36352 (AS-COLOCROSSING, US)"
mx4.mail.ovh.net,29,"AS16276 (OVH, FR)"
mx4.mb1p.com,28,"AS24940 (HETZNER-AS, DE)"
mx01.ionos.com,28,"AS8560 (IONOS-AS This is the joint network for IONOS, Fasthosts, Arsys, 1&1 Mail and Media and 1&1 Telecom. Formerly known as 1&1 Internet SE., DE)"
mail2.namebrightmail.com,28,"AS12025 (IMDC-AS12025, US)"
mx-aol.mail.gm0.yahoodns.net,28,"AS36647 (YAHOO-GQ1, US)"
mx1.efwd.spaceship.net,28,"AS22612 (NAMECHEAP-NET, US)"
mail1.namebrightmail.com,28,"AS12025 (IMDC-AS12025, US)"
eur.olc.protection.outlook.com,28,"AS8075 (MICROSOFT-CORP-MSN-AS-BLOCK, US)"
mx.jailbreakeverything.com,27,"AS20473 (AS-VULTR, US)"
mx4.beavis99.net,27,"AS24940 (HETZNER-AS, DE)"
mx.tempmail.cn,27,"AS60404 (LITESERVER, NL)"
nguyendoll.com,26,"AS135905 (VNPT-AS-VN VIETNAM POSTS AND TELECOMMUNICATIONS GROUP, VN)"
mx.pigeonprotocol.com,26,"AS20473 (AS-VULTR, US)"
pkvw-mx.msg.pkvw.co.charter.net,26,"AS40294 (CHARTER-40294-DC, US)"
apc.olc.protection.outlook.com,26,"AS8075 (MICROSOFT-CORP-MSN-AS-BLOCK, US)"
mx4.emailowl.com,25,"AS20473 (AS-VULTR, US)"
mail.b-io.co,25,"AS24940 (HETZNER-AS, DE)"
mx1.cock.li,25,"AS9009 (M247, RO)"
mx.noophost.com,25,"AS135905 (VNPT-AS-VN VIETNAM POSTS AND TELECOMMUNICATIONS GROUP, VN)"
smtpin.rzone.de,25,"AS6724 (STRATO STRATO AG, DE)"
own1-mx.iaprem.fun,24,"AS7506 (INTERQ GMO Internet Group, Inc., JP)"
mx.awesome47.com,24,"AS24940 (HETZNER-AS, DE)"
domains.33mail.com,23,"AS14618 (AMAZON-AES, US)"
mx195.m1bp.com,22,"AS14061 (DIGITALOCEAN-ASN, US)"
mx1-us1.ppe-hosted.com,22,"AS22843 (PROOFPOINT-ASN-US-EAST, US)"
mx01.ionos.de,22,"AS8560 (IONOS-AS This is the joint network for IONOS, Fasthosts, Arsys, 1&1 Mail and Media and 1&1 Telecom. Formerly known as 1&1 Internet SE., DE)"
bulc.club,21,"AS32244 (LIQUIDWEB, US)"
mail.mailscr.us,21,"AS51167 (CONTABO, DE)"
mail.vsmailpro.com,21,"AS14061 (DIGITALOCEAN-ASN, US)"
mx01.mail.com,21,"AS8560 (IONOS-AS This is the joint network for IONOS, Fasthosts, Arsys, 1&1 Mail and Media and 1&1 Telecom. Formerly known as 1&1 Internet SE., DE)"
nam.olc.protection.outlook.com,21,"AS8075 (MICROSOFT-CORP-MSN-AS-BLOCK, US)"
mx04.posteo.de,21,"AS8495 (INTERNET_AG Frankfurt-Munich-Stuttgart-Amsterdam-London, DE)"
mx.proxiedmail.com,20,"AS14061 (DIGITALOCEAN-ASN, US)"
mail.tutanota.de,20,"AS210909 (TUTA, DE)"
mail.tempmail-plus.com,20,"AS42846 (GUZELHOSTING GNET INTERNET TELEKOMUNIKASYON A.S., TR)"
mta-gw.infomaniak.ch,20,"AS29222 (INFOMANIAK-AS, CH)"
mx.underseagolf.com,20,"AS24940 (HETZNER-AS, DE)"
r3.domainparking.reg.ru,20,"AS197695 (AS-REG, RU)"
mailserver.purelymail.com,20,"AS14618 (AMAZON-AES, US)"
mx.sendgrid.net,20,"AS16509 (AMAZON-02, US)"
relay.wn-power.com,20,"AS11014 (CPS, AR)"
mx2.efwd.spaceship.net,20,"AS22612 (NAMECHEAP-NET, US)"
mx10.mailspamprotection.com,20,"AS396982 (GOOGLE-CLOUD-PLATFORM, US)"
mail.24.email,20,"AS210976 (TWC-EU, KZ)"
isaac.mx.cloudflare.net,19,"AS13335 (CLOUDFLARENET, US)"
mx02.xnote.us,19,"AS63949 (AKAMAI-LINODE-AP Akamai Connected Cloud, SG)"
aspmx1.migadu.com,19,"AS16276 (OVH, FR)"
mail1.mailcore.email,19,"AS57043 (HOSTKEY-AS, NL)"
mx1.forwardmx.net,19,"AS212317 (HETZNER-CLOUD3-AS, DE)"
mail.aeronyx.cfd,19,"AS203446 (AS203446, GB)"
mx01.ionos.co.uk,19,"AS8560 (IONOS-AS This is the joint network for IONOS, Fasthosts, Arsys, 1&1 Mail and Media and 1&1 Telecom. Formerly known as 1&1 Internet SE., DE)"
mail.webmailious.top,19,"AS24940 (HETZNER-AS, DE)"
webhost.dynadot.com,19,"AS16509 (AMAZON-02, US)"
mx01.posteo.de,19,"AS8495 (INTERNET_AG Frankfurt-Munich-Stuttgart-Amsterdam-London, DE)"
mx.zoho.in,18,"AS56201 (ZOHO-IN Zoho Corporation Pvt. Ltd, IN)"
mx2.timeweb.ru,18,"AS9123 (TIMEWEB-AS, RU)"
mx00.ionos.de,18,"AS8560 (IONOS-AS This is the joint network for IONOS, Fasthosts, Arsys, 1&1 Mail and Media and 1&1 Telecom. Formerly known as 1&1 Internet SE., DE)"
ghs.google.com,18,"AS15169 (GOOGLE, US)"
mx.temp-mail.io,17,"AS24940 (HETZNER-AS, DE)"
mail.theloi.io.vn,17,"AS18403 (FPT-AS-AP FPT Telecom Company, VN)"
smtp.chinaqoe.com,17,"AS45102 (ALIBABA-CN-NET Alibaba US Technology Co., Ltd., CN)"
relay7m.it.nrw.de,17,"AS43066 (IT-NRW, DE)"
mail.easytrashmail.eu,17,"AS44486 (SYNLINQ synlinq.de, DE)"
mxa.eu.mailgun.org,17,"AS396982 (GOOGLE-CLOUD-PLATFORM, US)"
mx-in.g.apple.com,17,"AS714 (APPLE-ENGINEERING, US)"
mx.smtp.dev,17,"AS24940 (HETZNER-AS, DE)"
mx00.gmx.net,17,"AS8560 (IONOS-AS This is the joint network for IONOS, Fasthosts, Arsys, 1&1 Mail and Media and 1&1 Telecom. Formerly known as 1&1 Internet SE., DE)"
gourmet.spamgourmet.com,16,"AS10439 (CARINET, US)"
mx4.burnserver.com,16,"AS14061 (DIGITALOCEAN-ASN, US)"
hosting.bofhland.org,16,"AS14061 (DIGITALOCEAN-ASN, US)"
mx1.spaceweb.ru,16,"AS44112 (SWEB-AS, RU)"
mail.mkomail.cyou,16,"AS16276 (OVH, FR)"
mx1.altaddress.net,15,"AS7922 (COMCAST-7922, US)"
mail1.testinator.com,15,"AS63949 (AKAMAI-LINODE-AP Akamai Connected Cloud, SG)"
privateemail.chessgameland.com,15,"AS24940 (HETZNER-AS, DE)"
inbound-smtp.eu-west-1.amazonaws.com,15,"AS16509 (AMAZON-02, US)"
mx1.mailchannels.net,15,"AS16509 (AMAZON-02, US)"
mail.unlimitmail.com,15,"AS135932 (VNDATA-AS-VN Viet Storage Technology Joint Stock Company, VN)"
mx00.ionos.fr,14,"AS8560 (IONOS-AS This is the joint network for IONOS, Fasthosts, Arsys, 1&1 Mail and Media and 1&1 Telecom. Formerly known as 1&1 Internet SE., DE)"
mx2.improvmx.com,14,"AS16509 (AMAZON-02, US)"
mx203.inbound-mx.net,14,"AS14061 (DIGITALOCEAN-ASN, US)"
mailgenk.com,14,"AS22612 (NAMECHEAP-NET, US)"
mail.vortex.skyfall.dev,14,"AS13335 (CLOUDFLARENET, US)"
mail.paicha.cloud,14,"AS131965 (XSERVER Xserver Inc., JP)"
mail.ezonemail.com,13,"AS47583 (AS-HOSTINGER, CY)"
mx1.alias.proton.me,13,"AS62371 (PROTON, CH)"
mail.alternativeid.com,13,"AS16509 (AMAZON-02, US)"
mail.nominalia.com,13,"AS39729 (REGISTER-AS, IT)"
hzmx01.mxmail.netease.com,13,"AS45102 (ALIBABA-CN-NET Alibaba US Technology Co., Ltd., CN)"
temp-mail-pro.com,13,"AS45102 (ALIBABA-CN-NET Alibaba US Technology Co., Ltd., CN)"
box.m1lf.party,13,"AS197540 (NETCUP-AS netcup GmbH, DE)"
mx00.ionos.co.uk,13,"AS8560 (IONOS-AS This is the joint network for IONOS, Fasthosts, Arsys, 1&1 Mail and Media and 1&1 Telecom. Formerly known as 1&1 Internet SE., DE)"
mx4.freeola.com,13,"AS3257 (GTT-BACKBONE GTT, US)"
mailx.gridhost.com,13,"AS46261 (QUICKPACKET, US)"
plant.blueberrymail.net,13,"AS213230 (HETZNER-CLOUD2-AS, DE)"
mail.dynainbox.com,13,"AS24940 (HETZNER-AS, DE)"
smtp.spam4.me,13,"AS60781 (LEASEWEB-NL-AMS-01 Netherlands, NL)"
arrow.mxrouting.net,12,"AS46261 (QUICKPACKET, US)"
mx1.hostinger.in,12,"AS13335 (CLOUDFLARENET, US)"
mx1-usg2.ppe-hosted.com,12,"AS14618 (AMAZON-AES, US)"
apollo.mailbox49.com,12,"AS35916 (MULTA-ASN1, US)"
mail.chessgamingworld.com,12,"AS24940 (HETZNER-AS, DE)"
mx.expiredtoaster.org,12,"AS20473 (AS-VULTR, US)"
dca4.patternemail.com,12,"AS14061 (DIGITALOCEAN-ASN, US)"
mail.cpsinet.net,12,"AS396949 (CLOUDWEBMANAGE-TX, US)"
mail.sfxmailbox.com,12,"AS24940 (HETZNER-AS, DE)"
mx1.csof.net,12,"AS24940 (HETZNER-AS, DE)"
mx1.spacemail.com,12,"AS22612 (NAMECHEAP-NET, US)"
linda.mx.cloudflare.net,12,"AS13335 (CLOUDFLARENET, US)"
mx1.vfemail.net,12,"AS202448 (MVPS www.mvps.net, CY)"
mx.ukraine.com.ua,11,"AS200000 (UKRAINE-AS, UA)"
mail.tempmailbox.net,11,"AS14061 (DIGITALOCEAN-ASN, US)"
0.0.0.0,11,
broker.balansor.com,11,"AS24940 (HETZNER-AS, DE)"
abusekiste.net,11,"AS39835 (GOETEL, DE)"
amir.mx.cloudflare.net,11,"AS13335 (CLOUDFLARENET, US)"
mx.checker.in,11,"AS24940 (HETZNER-AS, DE)"
mx.joyrideday.com,11,"AS29873 (BIZLAND-SD, US)"
relay0.it.nrw.de,11,"AS43066 (IT-NRW, DE)"
mx.services,11,"AS200000 (UKRAINE-AS, UA)"
mx00.udag.de,11,"AS15598 (IPX-AS15598, DE)"
mx2.csof.net,11,"AS24940 (HETZNER-AS, DE)"
mx00.ionos.es,11,"AS8560 (IONOS-AS This is the joint network for IONOS, Fasthosts, Arsys, 1&1 Mail and Media and 1&1 Telecom. Formerly known as 1&1 Internet SE., DE)"
mail-temp.com,11,"AS30886 (KOMITEX-AS, UA)"
s151.goserver.host,11,"AS48324 (DE-WEBGO www.webgo.de, DE)"
mx.tlen.pl,11,"AS31080 (O2-AS, PL)"
mail.mail10p.com,11,"AS135905 (VNPT-AS-VN VIETNAM POSTS AND TELECOMMUNICATIONS GROUP, VN)"
mx5-prod.edatasource.com,11,"AS14618 (AMAZON-AES, US)"
mx2.spacemail.com,10,"AS22612 (NAMECHEAP-NET, US)"
mail.vanhoang.vn,10,"AS18450 (WEBNX, US)"
mx1.mxfilter.net,10,"AS46824 (NAMECRANE, US)"
mxext1.mailbox.org,10,"AS199118 (HPLS-AS, DE)"
alt1.aspmx.l.google.com,10,"AS15169 (GOOGLE, US)"
mail.temporarily.de,10,"AS12574 (ROUTING Franzstr. 51, 52064 Aachen, DE)"
mx.fex.plus,10,"AS63023 (AS-GLOBALTELEHOST, US)"
mx1-usg1.ppe-hosted.com,10,"AS14618 (AMAZON-AES, US)"
mc2.cloudfido.com,10,"AS16276 (OVH, FR)"
mx.add5000.com,10,"AS30886 (KOMITEX-AS, UA)"
mail.notletters.com,10,"AS16276 (OVH, FR)"
mail.testinator.email,10,"AS63949 (AKAMAI-LINODE-AP Akamai Connected Cloud, SG)"
mx1.tempmail.so,10,"AS45102 (ALIBABA-CN-NET Alibaba US Technology Co., Ltd., CN)"
mail,10,
mx4-prod.edatasource.com,10,"AS14618 (AMAZON-AES, US)"
mx.freecustom.email,10,"AS197540 (NETCUP-AS netcup GmbH, DE)"
plato.junkemailfilter.com,10,"AS6939 (HURRICANE, US)"
mx0.123-reg.co.uk,10,"AS398101 (GO-DADDY-COM-LLC, US)"
mail.furvionx.com,10,"AS210976 (TWC-EU, KZ)"
mx.4mznz.com,9,"AS16509 (AMAZON-02, US)"
gr.priyomail.net,9,"AS24940 (HETZNER-AS, DE)"
li.chinaqoe.com,9,"AS45102 (ALIBABA-CN-NET Alibaba US Technology Co., Ltd., CN)"
mx1.larksuite.com,9,"AS16509 (AMAZON-02, US)"
mx2.freeola.com,9,"AS25577 (C4L-AS, GB)"
eu-smtp-inbound-1.mimecast.com,9,"AS42427 (MIMECAST-UK, GB)"
custom.boomlify.com,9,"AS14061 (DIGITALOCEAN-ASN, US)"
mx01.earthlink-vadesecure.net,9,"AS16276 (OVH, FR)"
mx03.posteo.de,9,"AS8495 (INTERNET_AG Frankfurt-Munich-Stuttgart-Amsterdam-London, DE)"
mail.tempmailonline.co,8,"AS13335 (CLOUDFLARENET, US)"
mx2.privateemail.com,8,"AS22612 (NAMECHEAP-NET, US)"
mail.2fa.vn,8,"AS24940 (HETZNER-AS, DE)"
mxn.mxhichina.com,8,"AS45102 (ALIBABA-CN-NET Alibaba US Technology Co., Ltd., CN)"
mail.catchallmx.com,8,"AS16276 (OVH, FR)"
mail.andrewcluh.top,8,"AS203446 (AS203446, GB)"
mx.48hr.email,8,"AS24961 (MYLOC-AS IP Backbone of WIIT AG formerly myLoc managed IT AG, DE)"
mx.trouble-free.net,8,"AS19318 (IS-AS-1, US)"
mail.brevitron.cfd,8,"AS203446 (AS203446, GB)"
smtpin.vvv.facebook.com,8,"AS32934 (FACEBOOK, US)"
rack-host.net,8,"AS33724 (BIZNESSHOSTING-DBA-VOLICO, US)"
mail.register.it,8,"AS39729 (REGISTER-AS, IT)"
gmr-smtp-in.l.google.com,8,"AS15169 (GOOGLE, US)"
domain-us-1.cuiqiu.net,8,"AS132203 (TENCENT-NET-AP-CN Tencent Building, Kejizhongyi Avenue, CN)"
sitemail.everyone.net,8,"AS30447 (INFB2-AS, CA)"
mailinator.com,8,"AS13335 (CLOUDFLARENET, US)"
us-smtp-inbound-1.mimecast.com,8,"AS30031 (MIMECAST-, US)"
mail.temporary-mail.net,8,"AS45102 (ALIBABA-CN-NET Alibaba US Technology Co., Ltd., CN)"
mx3-prod.edatasource.com,8,"AS14618 (AMAZON-AES, US)"
mail.flipkartoffer.in,8,"AS203446 (AS203446, GB)"
asahinet-mx-v4.xspmail.jp,8,"AS2497 (IIJ Internet Initiative Japan Inc., JP)"
mail.trashmail.de,8,"AS16276 (OVH, FR)"
us2.mx1.mailhostbox.com,8,"AS46606 (UNIFIEDLAYER-AS-1, US)"
mx1.feishu.cn,7,"AS16509 (AMAZON-02, US)"
mx.191mariobet.com,7,"AS24940 (HETZNER-AS, DE)"
mail.thirdechelon.net,7,"AS24940 (HETZNER-AS, DE)"
mx.post.tf,7,"AS41608 (NEXTGENWEBS-NL, ES)"
mailserver.livemail.co.uk,7,"AS8560 (IONOS-AS This is the joint network for IONOS, Fasthosts, Arsys, 1&1 Mail and Media and 1&1 Telecom. Formerly known as 1&1 Internet SE., DE)"
generator.email.xxxx,7,
mx1.qiye.aliyun.com,7,"AS45102 (ALIBABA-CN-NET Alibaba US Technology Co., Ltd., CN)"
mail.tennleague.com,7,"AS24940 (HETZNER-AS, DE)"
mx0.mail.ovh.net,7,"AS16276 (OVH, FR)"
mx.isp-inter.net,7,"AS14061 (DIGITALOCEAN-ASN, US)"
mx1.ticketsinbound.com,7,"AS40021 (CONTABO-40021, US)"
mail.resolutux.com,7,"AS203446 (AS203446, GB)"
mx01.lolipop.jp,7,"AS7506 (INTERQ GMO Internet Group, Inc., JP)"
mail.jabmag.com,7,"AS14061 (DIGITALOCEAN-ASN, US)"
fusion.mxrouting.net,7,"AS46261 (QUICKPACKET, US)"
mx1.netim.net,7,"AS24935 (ATE-AS, FR)"
mx.mail-temporaire.fr,7,"AS12876 (Online SAS, FR)"
mxia.craigslist.org,7,"AS22414 (CRAIGS-NET-1, US)"
cloudbmail.com,7,"AS39287 (ABSTRACT, FI)"
mail.nospam.today,7,"AS212477 (ROYALE-AS, NL)"
mail.usmailz.com,7,"AS213230 (HETZNER-CLOUD2-AS, DE)"
mail.mailmask.cc,7,"AS212477 (ROYALE-AS, NL)"
mail.mailde.de,7,"AS24940 (HETZNER-AS, DE)"
mx-eu.mail.am0.yahoodns.net,7,"AS34010 (YAHOO-IRD, GB)"
wednesday.mxrouting.net,6,"AS398810 (MXROUTE, US)"
mail01.czarymary.pl,6,"AS16276 (OVH, FR)"
mail.deepmails.org,6,"AS45102 (ALIBABA-CN-NET Alibaba US Technology Co., Ltd., CN)"
mx1.beget.ru,6,"AS198610 (BEGET-AS, RU)"
srv467103.hstgr.cloud,6,"AS47583 (AS-HOSTINGER, CY)"
smtp03.topdns.com,6,"AS43350 (NFORCE, NL)"
relay.ws.ws,6,"AS3561 (CENTURYLINK-LEGACY-SAVVIS, US)"
mail.writing.com,6,"AS63949 (AKAMAI-LINODE-AP Akamai Connected Cloud, SG)"
mx1.ewebdevelopment.com,6,"AS14061 (DIGITALOCEAN-ASN, US)"
mx5.freeola.com,6,"AS3257 (GTT-BACKBONE GTT, US)"
mail1.sourcefactory.at,6,"AS24940 (HETZNER-AS, DE)"
mx.ae9.eu,6,"AS24940 (HETZNER-AS, DE)"
mx1.ovh.net,6,"AS16276 (OVH, FR)"
mx.bump.email,6,"AS16276 (OVH, FR)"
mx1.torpig-sinkhole.org,6,"AS24940 (HETZNER-AS, DE)"
one.mxroute.com,6,"AS24940 (HETZNER-AS, DE)"
shadow.mxrouting.net,6,"AS24940 (HETZNER-AS, DE)"
mail10.mymailcheap.com,6,"AS16276 (OVH, FR)"
smtp.byom.de,6,"AS24940 (HETZNER-AS, DE)"
fmg-mail-1.fakemailgenerator.com,6,"AS63949 (AKAMAI-LINODE-AP Akamai Connected Cloud, SG)"
mail.net-bizz.com,6,"AS24940 (HETZNER-AS, DE)"
mx2.mailchannels.net,6,"AS16509 (AMAZON-02, US)"
mx186.mb1p.com,6,"AS14061 (DIGITALOCEAN-ASN, US)"
mx2.netim.net,6,"AS24935 (ATE-AS, FR)"
mail.tempmail.co.uk,6,"AS24940 (HETZNER-AS, DE)"
prd-smtp.10minutemail.com,6,"AS16509 (AMAZON-02, US)"
mx.onlygoodsoftware.com,6,"AS24940 (HETZNER-AS, DE)"
mx1.hostinger.es,6,"AS13335 (CLOUDFLARENET, US)"
plsmtp1.hushmail.com,6,"AS13768 (COGECO-PEER1, CA)"
us2.mx3.mailhostbox.com,6,"AS46606 (UNIFIEDLAYER-AS-1, US)"
nomail.nic.ru,6,
mail.tmp.al,6,"AS197540 (NETCUP-AS netcup GmbH, DE)"
in.mail.gw,6,"AS24940 (HETZNER-AS, DE)"
mx01.ionos.fr,5,"AS8560 (IONOS-AS This is the joint network for IONOS, Fasthosts, Arsys, 1&1 Mail and Media and 1&1 Telecom. Formerly known as 1&1 Internet SE., DE)"
mx.buzondecorreo.com,5,"AS8560 (IONOS-AS This is the joint network for IONOS, Fasthosts, Arsys, 1&1 Mail and Media and 1&1 Telecom. Formerly known as 1&1 Internet SE., DE)"
mail.host-my-mail.com,5,AS15169 19527 (Unknown)
mail.parktons.com,5,"AS20473 (AS-VULTR, US)"
mail.anonymmail.net,5,"AS24940 (HETZNER-AS, DE)"
mx-1.dpoczta.pl,5,"AS48896 (DHOSTING-AS Warsaw, Poland, PL)"
mx37.m1bp.com,5,"AS14061 (DIGITALOCEAN-ASN, US)"
mailpit.newkso.ru,5,"AS216071 (VDSINA, AE)"
mx4.arrivalserver.com,5,"AS213230 (HETZNER-CLOUD2-AS, DE)"
hi.mail.cx,5,"AS24940 (HETZNER-AS, DE)"
mail.avc5.icu,5,"AS132203 (TENCENT-NET-AP-CN Tencent Building, Kejizhongyi Avenue, CN)"
mail.x-networks.net,5,"AS14061 (DIGITALOCEAN-ASN, US)"
mx.firstmail.ltd,5,"AS13335 (CLOUDFLARENET, US)"
fpo9.mail.dk,5,"AS8677 (WORLDLINE, FR)"
mx0101.titan.email,5,"AS16509 (AMAZON-02, US)"
park01.gkg.net,5,"AS30600 (AS-CMN, US)"
mx.circlebpo.com,5,"AS397423 (TIER-NET, US)"
mx1.emailowl.com,5,"AS20473 (AS-VULTR, US)"
fwd1.hosts.co.uk,5,"AS8622 (ISIONUK Team Blue Internet Services UK Ltd, GB)"
mail.yaxmail.net,5,"AS24940 (HETZNER-AS, DE)"
mx1.us.mailhop.org,5,"AS16509 (AMAZON-02, US)"
mx1.mytemp.email,5,"AS60118 (CYBERSMARTSOLUTIONS-AS, RO)"
mx.unaux.com,5,"AS34119 (WILDCARD-AS Wildcard UK Limited, GB)"
smtp7.opayq.com,5,"AS14618 (AMAZON-AES, US)"
mx2.den.yt,5,"AS36352 (AS-COLOCROSSING, US)"
mx-caprica.zoneedit.com,5,"AS16686 (EDNS, CA)"
mx1.tmdhosting.com,5,"AS32475 (SINGLEHOP-LLC, US)"
mail.solpay.gg,5,"AS53667 (PONYNET, US)"
mw-002.cafe24.com,5,"AS4766 (KIXS-AS-KR Korea Telecom, KR)"
www386.your-server.de,5,"AS24940 (HETZNER-AS, DE)"
mail.virtualnetia.de,5,"AS197540 (NETCUP-AS netcup GmbH, DE)"
mail.tempmailx.xyz,5,"AS203248 (BURTINET, TR)"
handle.catchemail.ml,5,"AS16509 (AMAZON-02, US)"
mail.spammail.me,5,"AS14061 (DIGITALOCEAN-ASN, US)"
mail.secludedhusky.com,5,"AS31863 (DACEN-2, US)"
heracles.mxrouting.net,5,"AS24940 (HETZNER-AS, DE)"
mx1.alastyr.com,4,"AS3188 (ALASTYR, TR)"
temporary-mail.paicha.cloud,4,"AS131965 (XSERVER Xserver Inc., JP)"
mx.zoho.com.au,4,"AS139006 (ZCPL-AS-AP Zoho Corporation PTY LTD, AU)"
mx2.r4l.com,4,"AS16276 (OVH, FR)"
feedback-smtp.us-east-1.amazonses.com,4,"AS14618 (AMAZON-AES, US)"
tempmail10.com,4,"AS24940 (HETZNER-AS, DE)"
mail.androl.cfd,4,"AS203446 (AS203446, GB)"
mx-caprica.easydns.com,4,"AS16686 (EDNS, CA)"
2025.168dns168.com,4,"AS209242 (CLOUDFLARESPECTRUM Cloudflare, Inc., US)"
mail1.no-ip.com,4,"AS14627 (NOIP-VITAL, US)"
auxmx4.darkprobe.com,4,"AS14061 (DIGITALOCEAN-ASN, US)"
echo.mxrouting.net,4,"AS46261 (QUICKPACKET, US)"
mail.cresvyn.cfd,4,"AS203446 (AS203446, GB)"
mail.ephemeralpostal.com,4,"AS63949 (AKAMAI-LINODE-AP Akamai Connected Cloud, SG)"
mx-2.dpoczta.pl,4,"AS48896 (DHOSTING-AS Warsaw, Poland, PL)"
mx1.forwardmx.io,4,"AS212317 (HETZNER-CLOUD3-AS, DE)"
mail.accountsite.me,4,"AS15685 (CASABLANCA-AS Internet & Collocation Provider, CZ)"
mail.genmacos.com,4,"AS40021 (CONTABO-40021, US)"
ms01-los.cloudsyhosting.com,4,"AS6939 (HURRICANE, US)"
mail11.mymailcheap.com,4,"AS16276 (OVH, FR)"
mail.incognitomail.co,4,"AS14618 (AMAZON-AES, US)"
mx.spamexperts.com,4,"AS16633 (I-3, US)"
mxdomain.qq.com,4,"AS132203 (TENCENT-NET-AP-CN Tencent Building, Kejizhongyi Avenue, CN)"
mx-biz.mail.am0.yahoodns.net,4,"AS26101 (YAHOO-BF1, US)"
taylor.mxrouting.net,4,"AS24940 (HETZNER-AS, DE)"
mx002.netsol.xion.oxcs.net,4,"AS29838 (AMC, US)"
mx.rf.gd,4,"AS34119 (WILDCARD-AS Wildcard UK Limited, GB)"
atlas-cz-10mx1.eco-mx.cz,4,"AS43614 (ECONOMIA-, CZ)"
spamrelay.zxcs.nl,4,"AS206281 (AS-ZXCS, NL)"
mx01.ionos.es,4,"AS8560 (IONOS-AS This is the joint network for IONOS, Fasthosts, Arsys, 1&1 Mail and Media and 1&1 Telecom. Formerly known as 1&1 Internet SE., DE)"
mx001.netsol.xion.oxcs.net,4,"AS29838 (AMC, US)"
bounce.argewebhosting.nl,4,"AS48635 (CLDIN-NL Your Hosting B.V. part of Your.Online, NL)"
mx1-eu1.ppe-hosted.com,4,"AS52129 (PROOFPOINT-ASN-EU, US)"
mx3.freeola.com,4,"AS25577 (C4L-AS, GB)"
mx3.r4l.com,4,"AS16276 (OVH, FR)"
mail.webador.com,4,"AS396982 (GOOGLE-CLOUD-PLATFORM, US)"
mail.jtw.dk,4,"AS24940 (HETZNER-AS, DE)"
sequoia.dino.icu,4,"AS31898 (ORACLE-BMC-31898, US)"
alt1.cloudcone.mx,4,"AS35916 (MULTA-ASN1, US)"
mail.fviadropinbox.com,4,"AS14061 (DIGITALOCEAN-ASN, US)"
mail1.smtp99.com,4,"AS63949 (AKAMAI-LINODE-AP Akamai Connected Cloud, SG)"
mail.chi.mailserver.vg,4,"AS36352 (AS-COLOCROSSING, US)"
mx1.e4ward.com,4,"AS63949 (AKAMAI-LINODE-AP Akamai Connected Cloud, SG)"
mx02.memail.com,4,"AS24940 (HETZNER-AS, DE)"
mxdm-ap-southeast-1.aliyun.com,4,"AS45102 (ALIBABA-CN-NET Alibaba US Technology Co., Ltd., CN)"
aspmx.daum.net,4,"AS7625 (DAUM-AS Kakao Corp, KR)"
mail.adbidio.com,4,"AS16276 (OVH, FR)"
mx.mailprotect.be,4,"AS34762 (COMBELL-AS, BE)"
mail.guerrillamail.com,4,"AS60781 (LEASEWEB-NL-AMS-01 Netherlands, NL)"
mx.epizy.com,4,"AS34119 (WILDCARD-AS Wildcard UK Limited, GB)"
mx01.hornetsecurity.com,4,"AS25394 (MK-NETZDIENSTE-AS, DE)"
mxb.tempamail.com,4,"AS14061 (DIGITALOCEAN-ASN, US)"
mx01.memail.com,4,"AS24940 (HETZNER-AS, DE)"
mail.sneakemail.com,4,"AS14618 (AMAZON-AES, US)"
mail.unbox.at,4,"AS24940 (HETZNER-AS, DE)"
primium1.mailtam.com,4,"AS45102 (ALIBABA-CN-NET Alibaba US Technology Co., Ltd., CN)"
mx01.101webmail.com,4,"AS24940 (HETZNER-AS, DE)"
mail.spambox.xyz,4,"AS35916 (MULTA-ASN1, US)"
qiye163mx01.mxmail.netease.com,4,"AS45102 (ALIBABA-CN-NET Alibaba US Technology Co., Ltd., CN)"
srv.tempmail.de,4,"AS197540 (NETCUP-AS netcup GmbH, DE)"
mx00.1and1.com,3,"AS8560 (IONOS-AS This is the joint network for IONOS, Fasthosts, Arsys, 1&1 Mail and Media and 1&1 Telecom. Formerly known as 1&1 Internet SE., DE)"
mx1c28.carrierzone.com,3,"AS30447 (INFB2-AS, CA)"
smtp1.mwmail.net,3,"AS63949 (AKAMAI-LINODE-AP Akamai Connected Cloud, SG)"
box.ywitio.com,3,"AS16276 (OVH, FR)"
webmail.mailmonstruo.com,3,
mx1.zenbox.pl,3,"AS31229 (PL-BEYOND-AS, PL)"
mx1.tld-mx.com,3,"AS327979 (DIAMATRIX, ZA)"
mx1.r4l.com,3,"AS16276 (OVH, FR)"
mail.meshmail.info,3,"AS14061 (DIGITALOCEAN-ASN, US)"
ezmail.pro,3,"AS135905 (VNPT-AS-VN VIETNAM POSTS AND TELECOMMUNICATIONS GROUP, VN)"
mx.1secmail.com,3,"AS16276 (OVH, FR)"
mx2.simplelogin.co,3,"AS62371 (PROTON, CH)"
mx1.hanami.run,3,"AS24940 (HETZNER-AS, DE)"
mail.myriadmail.com,3,"AS25820 (IT7NET, CA)"
db.obninsk.biz,3,"AS8636 (MAXNET Russia, RU)"
mx1.cloudhosting.uk,3,"AS12488 (KRYSTAL, GB)"
mx2.daemonmail.net,3,"AS16509 (AMAZON-02, US)"
mx-mail.asoftware.net,3,"AS16509 (AMAZON-02, US)"
sv62.ifastnet11.org,3,"AS34119 (WILDCARD-AS Wildcard UK Limited, GB)"
mail.azurien.cfd,3,"AS203446 (AS203446, GB)"
mail.cybertemp.xyz,3,"AS203446 (AS203446, GB)"
mail.delvionis.cfd,3,"AS203446 (AS203446, GB)"
mx.tempmail365.com,3,"AS132203 (TENCENT-NET-AP-CN Tencent Building, Kejizhongyi Avenue, CN)"
mx01.mail-redirect.de,3,"AS24940 (HETZNER-AS, DE)"
mf1.nic.ru,3,"AS48287 (RU-CENTER, RU)"
mail.0du.win,3,"AS35916 (MULTA-ASN1, US)"
server-1752099632.getmx.org,3,
mail.mailer-host.com,3,"AS213230 (HETZNER-CLOUD2-AS, DE)"
mx1.hostinger.com.br,3,"AS13335 (CLOUDFLARENET, US)"
li585-225.members.linode.com,3,"AS63949 (AKAMAI-LINODE-AP Akamai Connected Cloud, SG)"
mailstore1.secureserver.net,3,"AS398101 (GO-DADDY-COM-LLC, US)"
glacier.mxrouting.net,3,"AS46261 (QUICKPACKET, US)"
mx02.nicmail.ru,3,"AS48287 (RU-CENTER, RU)"
mx2.pub.mailpod12-cph3.one.com,3,"AS51468 (ONECOM, DK)"
mx.imatrixbase.com,3,"AS32491 (TUCOWS-3, CA)"
mx-01.kurumsaleposta.com,3,"AS34619 (CIZGI, TR)"
mx1.mail.hostpoint.ch,3,"AS29097 (HOSTPOINT-AS, CH)"
mx04.secure-mailgate.com,3,"AS45012 (CLOUDPIT, DE)"
mx1.vixmalls.com,3,"AS63949 (AKAMAI-LINODE-AP Akamai Connected Cloud, SG)"
mail.biomails.com,3,"AS24940 (HETZNER-AS, DE)"
mx1.startmail.com,3,"AS28685 (ASN-ROUTIT, NL)"
mailforward41.cloudns.net,3,"AS43350 (NFORCE, NL)"
mail.lima-city.de,3,"AS47447 (TTM, DE)"
mx1.krystal.uk,3,"AS12488 (KRYSTAL, GB)"
mxin5.virginmedia.com,3,"AS6830 (LIBERTYGLOBAL Liberty Global formerly UPC Broadband Holding, aka AORTA, NL)"
us-smtp-inbound-2.mimecast.com,3,"AS30031 (MIMECAST-, US)"
mail.spamdecoy.net,3,
mx.temporarymail.cc,3,"AS45102 (ALIBABA-CN-NET Alibaba US Technology Co., Ltd., CN)"
blizzard.mxrouting.net,3,"AS46261 (QUICKPACKET, US)"
mx1.dreamhost.com,3,"AS26347 (DREAMHOST-AS, US)"
mail.dispomail.xyz,3,"AS965 (WEBHOSTINGHOLDINGS, US)"
mx.rovixdropinbox.rovix.cloud,3,"AS36352 (AS-COLOCROSSING, US)"
mail.afraid.org,3,"AS36351 (SOFTLAYER, US)"
mxw.263.net,3,"AS14061 (DIGITALOCEAN-ASN, US)"
reject1.heluna.com,3,"AS14618 (AMAZON-AES, US)"
mailforward1.cloudns.net,3,"AS205787 (PUBLICLOUD, BG)"
smtp-in.sfr.fr,3,"AS15557 (LDCOMNET --- I3Dnet ---, FR)"
mx-tnl.mail.saunalahti.fi,3,"AS719 (ELISA-AS ELISA OYJ, FI)"
mx.coxmail.com,3,"AS29838 (AMC, US)"
moose.mxrouting.net,3,"AS46261 (QUICKPACKET, US)"
mx1.domain.temporable.com,3,"AS24940 (HETZNER-AS, DE)"
mail.costcosaletracker.com,3,"AS400587 (RYAMER, US)"
aero4.externalemail.com,3,"AS14061 (DIGITALOCEAN-ASN, US)"
mxint01.1and1.com,3,"AS8560 (IONOS-AS This is the joint network for IONOS, Fasthosts, Arsys, 1&1 Mail and Media and 1&1 Telecom. Formerly known as 1&1 Internet SE., DE)"
mail.emziegz.com,3,"AS203446 (AS203446, GB)"
mailcluster.loopia.se,3,"AS39570 (LOOPIA, SE)"
nomail.r01.ru,3,
mx.ezyro.com,3,"AS34119 (WILDCARD-AS Wildcard UK Limited, GB)"
mx.rcn.com,3,"AS31898 (ORACLE-BMC-31898, US)"
mail.fakeemail.net,3,"AS24940 (HETZNER-AS, DE)"
mail.skrimple.net,3,"AS212317 (HETZNER-CLOUD3-AS, DE)"
mail.mailfastcoder.com,3,"AS401696 (COGNETCLOUD, US)"
mx01.dm.aliyun.com,3,"AS37963 (ALIBABA-CN-NET Hangzhou Alibaba Advertising Co.,Ltd., CN)"
mail.suspended-domain.com,3,
mx2.hostinger.com,3,"AS13335 (CLOUDFLARENET, US)"
alt4.aspmx.l.google.com,3,"AS15169 (GOOGLE, US)"
mail.fvds.ru,3,"AS29182 (RU-JSCIOT, RU)"
mail16.serv00.com,3,"AS57367 (ECO-ATMAN-PL ECO-ATMAN-, PL)"
mx0001.neo.space,3,"AS16509 (AMAZON-02, US)"
mx.yopmail.com,3,"AS16276 (OVH, FR)"
mx.kindamail.com,3,"AS14061 (DIGITALOCEAN-ASN, US)"
mail.nickstel.com,3,"AS213230 (HETZNER-CLOUD2-AS, DE)"
cloud.hostega.eu,3,"AS61272 (IST-AS, LT)"
mx0.email,3,"AS51167 (CONTABO, DE)"
mx2.pub.mailpod11-cph3.one.com,3,"AS51468 (ONECOM, DK)"
mx.zohomail.com,3,"AS2639 (ZOHO-AS, US)"
postamt.it.nrw.de,3,"AS43066 (IT-NRW, DE)"
mail.kimhoangsieunhan.com,3,"AS20473 (AS-VULTR, US)"
mx1.tempmail.world,3,"AS214902 (PFWEBSOLUTIONS, DK)"
mxlb.ispgateway.de,3,"AS34011 (GD-EMEA-DC-CGN1, DE)"
mx.domeneshop.no,3,"AS12996 (DOMENESHOP Oslo, Norway, NO)"
mail.leveragers.xyz,3,"AS14618 (AMAZON-AES, US)"
mail.sexfrance.me,3,"AS203446 (AS203446, GB)"
mail.x-box.in,3,"AS47583 (AS-HOSTINGER, CY)"
crowdpress.it,3,"AS16509 (AMAZON-02, US)"
mx.mailgw.com,3,"AS14618 (AMAZON-AES, US)"
mail2.mailinator.com,3,"AS63949 (AKAMAI-LINODE-AP Akamai Connected Cloud, SG)"
inmx.rambler.ru,3,"AS24638 (RAMBLER-TELECOM-AS, RU)"
random-us-1.pinmx.com,3,"AS14061 (DIGITALOCEAN-ASN, US)"
witcher.mxrouting.net,3,"AS46261 (QUICKPACKET, US)"
m1.feishu.cn,3,"AS16509 (AMAZON-02, US)"
mx3.qq.com,3,"AS132203 (TENCENT-NET-AP-CN Tencent Building, Kejizhongyi Avenue, CN)"
mx2.startmail.com,3,"AS28685 (ASN-ROUTIT, NL)"
mx01.xnote.us,3,"AS63949 (AKAMAI-LINODE-AP Akamai Connected Cloud, SG)"
232.o74.org,3,"AS8560 (IONOS-AS This is the joint network for IONOS, Fasthosts, Arsys, 1&1 Mail and Media and 1&1 Telecom. Formerly known as 1&1 Internet SE., DE)"
loti3.papierkorb.me,3,"AS24940 (HETZNER-AS, DE)"
mail.svsrv.ru,3,"AS8359 (MTS, RU)"
mail.tempmail.net,3,"AS198203 (ASN-ROUTELABEL, NL)"
mx1.spambox.us,3,
london.mxroute.com,2,"AS49981 (WORLDSTREAM, NL)"
mail.epiclink.net,2,"AS24940 (HETZNER-AS, DE)"
mail.aliasvault.net,2,"AS24940 (HETZNER-AS, DE)"
mail.dildoe.cfd,2,"AS58087 (FLORIANKOLB, DE)"
mail.juvanta.cfd,2,"AS203446 (AS203446, GB)"
richardyee-mx-test.asanatest1.us,2,"AS16509 (AMAZON-02, US)"
mx1.mijndomein.nl,2,"AS211993 (SOVERIN, NL)"
mx.ym.163.com,2,"AS139203 (CHINANET-GUIZHOU-GUIAN-IDC Guizhou GuiAn IDC, CN)"
87.98.164.155,2,
mx.all-harmless.domains,2,"AS396982 (GOOGLE-CLOUD-PLATFORM, US)"
mx364.umbler.com,2,"AS53057 (RedeHost Internet Ltda., BR)"
188mx01.mxmail.netease.com,2,"AS45102 (ALIBABA-CN-NET Alibaba US Technology Co., Ltd., CN)"
safari.mxrouting.net,2,"AS46261 (QUICKPACKET, US)"
2.rack-host.net,2,"AS33724 (BIZNESSHOSTING-DBA-VOLICO, US)"
mx1c45.carrierzone.com,2,"AS30447 (INFB2-AS, CA)"
server-207-244-255-85.da.direct,2,"AS40021 (CONTABO-40021, US)"
email.1xp.fr,2,"AS16276 (OVH, FR)"
mailgate1.isp-cosimo.de,2,"AS21413 (ENVIA-TEL-AS D-09114 Chemnitz, DE)"
plsmtp2.hushmail.com,2,"AS13768 (COGECO-PEER1, CA)"
redir.epik.com,2,"AS394456 (EPIK-LLC, US)"
mta.21cn.com,2,"AS58466 (CT-GUANGZHOU-IDC CHINANET Guangdong province network, CN)"
mail.sylentha.cfd,2,"AS203446 (AS203446, GB)"
mx-parked.serveriai.lt,2,"AS212531 (INTERNETO-VIZIJA, LT)"
mail5.serv00.com,2,"AS57367 (ECO-ATMAN-PL ECO-ATMAN-, PL)"
plesk-server.folderz.nl,2,"AS208258 (ACCESS2IT Access2.IT Network, NL)"
bh.markmonitor.com,2,
mail.dhfmail.com,2,"AS174 (COGENT-174, US)"
mail.brevionix.cfd,2,"AS203446 (AS203446, GB)"
anonbox.net,2,"AS50472 (CHAOS-AS, DE)"
mx.bt.prod.cloud.openwave.ai,2,"AS31898 (ORACLE-BMC-31898, US)"
mx1.hostinger.com.ua,2,"AS13335 (CLOUDFLARENET, US)"
mx.buyprosemedicine.com,2,"AS32475 (SINGLEHOP-LLC, US)"
mx1.arandomserver.com,2,"AS20068 (HAWKHOST, CA)"
mail.clyvantis.cfd,2,"AS203446 (AS203446, GB)"
mx.dcentmail.com,2,"AS269800 (NTERCONEXION HN S.A, HN)"
mail.arcentra.cfd,2,"AS203446 (AS203446, GB)"
mail.cash9.com,2,"AS14061 (DIGITALOCEAN-ASN, US)"
mx1.hostinger.pk,2,"AS13335 (CLOUDFLARENET, US)"
mx2.reg365.net,2,"AS8622 (ISIONUK Team Blue Internet Services UK Ltd, GB)"
mail.designtile.info,2,"AS16276 (OVH, FR)"
mx-vip-02.kinghost.net,2,"AS28299 (CYBERWEB NETWORKS LTDA, BR)"
mx01.ionos.mx,2,"AS8560 (IONOS-AS This is the joint network for IONOS, Fasthosts, Arsys, 1&1 Mail and Media and 1&1 Telecom. Formerly known as 1&1 Internet SE., DE)"
mail.gw.010101.org,2,"AS24940 (HETZNER-AS, DE)"
mx.centurylink.net,2,"AS14618 (AMAZON-AES, US)"
w00d732b.kasserver.com,2,"AS34788 (NMM-AS D - 02742 Friedersdorf Hauptstrasse 68, DE)"
wes1-mx1.wedos.net,2,"AS197019 (WEDOS, CZ)"
mx.online.net,2,"AS12876 (Online SAS, FR)"
mx.transip.email,2,"AS20857 (TRANSIP-AS Amsterdam, the Netherlands, NL)"
mx1-us.emailsecurity.app,2,"AS8075 (MICROSOFT-CORP-MSN-AS-BLOCK, US)"
mx-01-us-east-2.prod.hydra.sophos.com,2,"AS16509 (AMAZON-02, US)"
mx1.hostinger.lt,2,"AS13335 (CLOUDFLARENET, US)"
mail.neomails.com,2,"AS46475 (LIMESTONENETWORKS, US)"
box.zeromail.link,2,"AS24940 (HETZNER-AS, DE)"
mx2.pub.mailpod14-cph3.one.com,2,"AS51468 (ONECOM, DK)"
mx.soverin.net,2,"AS211993 (SOVERIN, NL)"
deadletter.directnic.com,2,
us2.mx2.mailhostbox.com,2,"AS46606 (UNIFIEDLAYER-AS-1, US)"
mail.email4edu.com,2,"AS20738 (GD-EMEA-DC-LD5, GB)"
mx.domainparking.de,2,"AS13335 (CLOUDFLARENET, US)"
mx.mailtrap.monster,2,"AS16276 (OVH, FR)"
mail.tmbi.co.uk,2,"AS8560 (IONOS-AS This is the joint network for IONOS, Fasthosts, Arsys, 1&1 Mail and Media and 1&1 Telecom. Formerly known as 1&1 Internet SE., DE)"
mx1.flockmail.com,2,"AS14618 (AMAZON-AES, US)"
mx1.hostinger.mx,2,"AS13335 (CLOUDFLARENET, US)"
srv4.unstablemail.com,2,"AS14061 (DIGITALOCEAN-ASN, US)"
mx.mytemp.email,2,"AS60118 (CYBERSMARTSOLUTIONS-AS, RO)"
nguyendoll.site,2,
mx.zoho.com.cn,2,"AS4812 (CHINANET-SH-AP China Telecom Group, CN)"
m1.emailowl.com,2,"AS14061 (DIGITALOCEAN-ASN, US)"
gfrault2.hostarmada.net,2,"AS16276 (OVH, FR)"
akika-pl.mail.protection.outlook.com,2,"AS8075 (MICROSOFT-CORP-MSN-AS-BLOCK, US)"
sl.monopato.com,2,"AS29066 (VELIANET-AS velia.net Internetdienste GmbH, DE)"
mailin.mx-hub.net,2,"AS8648 (ONE-NETWORK, DE)"
redbull.mxrouting.net,2,"AS46261 (QUICKPACKET, US)"
mail.edumaili.com,2,"AS42846 (GUZELHOSTING GNET INTERNET TELEKOMUNIKASYON A.S., TR)"
mailfilter.domainorderdns.nl,2,"AS39704 (CJ2-AS, NL)"
mail.eldeninfo.xyz,2,"AS45102 (ALIBABA-CN-NET Alibaba US Technology Co., Ltd., CN)"
mxfwd-a727f3f63d8ff04d.elb.eu-central-1.amazonaws.com,2,"AS16509 (AMAZON-02, US)"
mail.elumetra.cfd,2,"AS203446 (AS203446, GB)"
mx2.mail.hostpoint.ch,2,"AS29097 (HOSTPOINT-AS, CH)"
mx-proxy501.heteml.jp,2,"AS7506 (INTERQ GMO Internet Group, Inc., JP)"
mx-ha03.web.de,2,"AS8560 (IONOS-AS This is the joint network for IONOS, Fasthosts, Arsys, 1&1 Mail and Media and 1&1 Telecom. Formerly known as 1&1 Internet SE., DE)"
mail.spam.observer,2,
mail.mtempmail.com,2,"AS51167 (CONTABO, DE)"
mx1.1984.is,2,"AS44925 (THE-1984-AS, IS)"
mx.great-site.net,2,"AS34119 (WILDCARD-AS Wildcard UK Limited, GB)"
mail.craventry.cfd,2,"AS203446 (AS203446, GB)"
mx4.pub.mailpod12-cph3.one.com,2,"AS51468 (ONECOM, DK)"
mail.shitmail.org,2,"AS16276 (OVH, FR)"
smtp-in0.prod0.webspace.bz,2,"AS48596 (INWX, DE)"
mx01.gmx.net,2,"AS8560 (IONOS-AS This is the joint network for IONOS, Fasthosts, Arsys, 1&1 Mail and Media and 1&1 Telecom. Formerly known as 1&1 Internet SE., DE)"
mail.floopa.com,2,"AS24940 (HETZNER-AS, DE)"
mail.itempmails.com,2,"AS212531 (INTERNETO-VIZIJA, LT)"
forward.yoursrs.com,2,"AS25151 (CYSO-AS, NL)"
mail.tempail.com.tr,2,"AS42846 (GUZELHOSTING GNET INTERNET TELEKOMUNIKASYON A.S., TR)"
mx1c40.carrierzone.com,2,"AS30447 (INFB2-AS, CA)"
mx.maximail.fyi,2,"AS24940 (HETZNER-AS, DE)"
mail.gwhc.net,2,"AS6327 (SHAW, CA)"
mx.gwsberlin.de,2,"AS3320 (DTAG Internet service provider operations, DE)"
mail.korsarfive.com,2,"AS211522 (HYPERCORELTD, GB)"
ghost.mxroute.com,2,"AS24940 (HETZNER-AS, DE)"
alt3.aspmx.l.google.com,2,"AS15169 (GOOGLE, US)"
mx1.changeip.com,2,"AS18403 (FPT-AS-AP FPT Telecom Company, VN)"
mail.voonoo.net,2,"AS24940 (HETZNER-AS, DE)"
mail.outlssk.com,2,"AS132203 (TENCENT-NET-AP-CN Tencent Building, Kejizhongyi Avenue, CN)"
tempemailer.org,2,"AS23352 (SERVERCENTRAL, US)"
mx02.mail.icloud.com,2,"AS714 (APPLE-ENGINEERING, US)"
mx0.mail7.freehost.com.ua,2,"AS42331 (FREEHOST, UA)"
mx.runbox.com,2,"AS50304 (BLIX, NO)"
mailser.temp-mail.gg,2,"AS51167 (CONTABO, DE)"
imap.tempemail.co,2,"AS211001 (TTR-GROUP, HK)"
mail.blyxen.org,2,"AS24940 (HETZNER-AS, DE)"
eforward6.registrar-servers.com,2,"AS22612 (NAMECHEAP-NET, US)"
mail.lvovs.com,2,"AS24940 (HETZNER-AS, DE)"
smtp01.tempermail.com,2,"AS14061 (DIGITALOCEAN-ASN, US)"
xaviestore.xyz,2,"AS199695 (ANYM-NET, ID)"
0,2,
gishpuppy.com,2,"AS45146 (RAJASA-AS-ID-AP PT. Raja Sepadan Abadi, ID)"
fwd2.hosts.co.uk,2,"AS8622 (ISIONUK Team Blue Internet Services UK Ltd, GB)"
smtp1-msp.securence.com,2,"AS10242 (USINTERNET, US)"
gateway.cliffmail.com,2,"AS197540 (NETCUP-AS netcup GmbH, DE)"
atlas-cz-10mx2.eco-mx.cz,2,"AS43614 (ECONOMIA-, CZ)"
mail.kd2.org,2,"AS16276 (OVH, FR)"
safetymail.info,2,"AS63949 (AKAMAI-LINODE-AP Akamai Connected Cloud, SG)"
imsmx1.netvigator.com,2,"AS4760 (HKTIMS-AP HKT Limited, HK)"
inbound.mail.naiadsystems.com,2,"AS11608 (ATG-11608, US)"
mta1.youcan.shop,2,"AS13335 (CLOUDFLARENET, US)"
lax-us.mx.axel.lotto,2,"AS60117 (HS, AE)"
mail.gweb.hu,2,"AS16276 (OVH, FR)"
mail.love-your.mom,2,"AS44486 (SYNLINQ synlinq.de, DE)"
freyja.panascais.email,2,"AS34549 (MEER-AS meerfarbig GmbH & Co. KG, DE)"
mail.nomorix.cfd,2,"AS203446 (AS203446, GB)"
antispam2.ihs.com.tr,2,"AS49126 (AS49126, TR)"
mxb-00505701.gslb.pphosted.com,2,"AS22843 (PROOFPOINT-ASN-US-EAST, US)"
kr1-aspmx1.worksmobile.com,2,"AS23576 (NHN-AS-KR NAVER Cloud Corp., KR)"
mail.getnede.com,2,"AS16509 (AMAZON-02, US)"
mail79.conoha.ne.jp,2,"AS7506 (INTERQ GMO Internet Group, Inc., JP)"
inbound.postmarkapp.com,2,"AS14618 (AMAZON-AES, US)"
smtp1.lerelaisinternet.com,2,"AS8362 (245 Boulevard de Tournai, FR)"
smtp.mmosolution.org,2,"AS135932 (VNDATA-AS-VN Viet Storage Technology Joint Stock Company, VN)"
mailblinker.com,2,"AS47583 (AS-HOSTINGER, CY)"
alt2.aspmx.l.google.com,2,"AS15169 (GOOGLE, US)"
aspmx3.googlemail.com,2,"AS15169 (GOOGLE, US)"
mx001.bluehost.xion.oxcs.net,2,"AS29838 (AMC, US)"
mail.mailinater.com,2,"AS63949 (AKAMAI-LINODE-AP Akamai Connected Cloud, SG)"
mail.muamail.net,2,"AS50131 (SPARTANHOST, GB)"
eu-smtp-inbound-2.mimecast.com,2,"AS42427 (MIMECAST-UK, GB)"
mail1.small.pl,2,"AS57367 (ECO-ATMAN-PL ECO-ATMAN-, PL)"
mx1.hostinger.fr,2,"AS13335 (CLOUDFLARENET, US)"
mx.lsyx.me,2,"AS906 (DMIT, US)"
mail.machineitservices.com,2,"AS16276 (OVH, FR)"
reception.mail-tester.com,2,"AS16276 (OVH, FR)"
mailsnails.com,2,"AS16276 (OVH, FR)"
mail.openlandguide.xyz,2,"AS45102 (ALIBABA-CN-NET Alibaba US Technology Co., Ltd., CN)"
publicms1.mail2world.com,2,"AS17378 (AS17378, US)"
mx1.mail4qa.com,2,"AS60068 (CDN77 _, GB)"
mail.tempmailusa.com,2,"AS24940 (HETZNER-AS, DE)"
niepodam.pl,2,"AS16276 (OVH, FR)"
mail.smtpreply.com,2,"AS29028 (COMPUKOS-AS, NL)"
mx.netidentity.com.cust.hostedemail.com,2,"AS15348 (TUCOWS, CA)"
mx03.secure-mailgate.com,2,"AS45012 (CLOUDPIT, DE)"
mailforward61.cloudns.net,2,"AS35661 (VIRTUASYS-EU Lift weight. Push bytes. Never drop. Repeat., FR)"
gulvmoppe.alphacron.de,2,"AS28748 (ALPHACRON-AS AlphaCron Datensysteme, DE)"
mx.maximail.vip,2,"AS24940 (HETZNER-AS, DE)"
mx.postbox.uno,2,"AS214996 (NETCUP, DE)"
mx0.ovh.net,2,"AS16276 (OVH, FR)"
email.tdbnet.it,2,"AS12874 (FASTWEB, IT)"
mx1c25.carrierzone.com,2,"AS30447 (INFB2-AS, CA)"
mx.free.nf,2,"AS34119 (WILDCARD-AS Wildcard UK Limited, GB)"
e.nm.ru,2,"AS42775 (DSRT-NET, GB)"
mail.minutesmail.com,2,"AS42846 (GUZELHOSTING GNET INTERNET TELEKOMUNIKASYON A.S., TR)"
server-1762502973.cuiqiu.vip,2,"AS132203 (TENCENT-NET-AP-CN Tencent Building, Kejizhongyi Avenue, CN)"
mail.xcode.ro,2,"AS14061 (DIGITALOCEAN-ASN, US)"
mx.altice.prod.cloud.openwave.ai,2,"AS31898 (ORACLE-BMC-31898, US)"
relais-ias241.francetelecom.com,2,"AS3215 (France Telecom - Orange, FR)"
mxb.eu.mailgun.org,2,"AS396982 (GOOGLE-CLOUD-PLATFORM, US)"
aspmx2.googlemail.com,2,"AS15169 (GOOGLE, US)"
mumara.email,2,"AS400384 (HOSTINGS-HOUSE-, US)"
mx.enmail.co,2,"AS52148 (ENIXLTD, GB)"
mx.temp-mailfree.com,2,"AS8888 (XTOM xTom Pty Ltd, AU)"
smtp.rzone.de,2,"AS6724 (STRATO STRATO AG, DE)"
mail.littlehostingcompany.com,2,"AS24940 (HETZNER-AS, DE)"
mail.bccto.me,2,"AS63949 (AKAMAI-LINODE-AP Akamai Connected Cloud, SG)"
mx.paubox.com,2,"AS16509 (AMAZON-02, US)"
smtp-receiver.re146.dev,2,"AS24940 (HETZNER-AS, DE)"
nak-mail.de,2,"AS16276 (OVH, FR)"
asl2.h-e-s.de,2,"AS3209 (VODANET International IP-Backbone of Vodafone, DE)"
nguyenngocanhtu.com,2,"AS135918 (DVS-AS-VN VIET DIGITAL TECHNOLOGY LIABILITY COMPANY, VN)"
mail.novyrix.cfd,2,"AS203446 (AS203446, GB)"
mail.htom.online,2,"AS132203 (TENCENT-NET-AP-CN Tencent Building, Kejizhongyi Avenue, CN)"
mx1.pub.mailpod11-cph3.one.com,2,"AS51468 (ONECOM, DK)"
pax.zz.de,2,"AS24940 (HETZNER-AS, DE)"
smtp.tinyurl.com,2,
mx1.uu.me,2,"AS14618 (AMAZON-AES, US)"
mail.priyomail.net,2,"AS24940 (HETZNER-AS, DE)"
mx1.mijn.host,2,"AS3223 (VOXILITY, GB)"
mail.pronosoft.com,2,"AS6738 (DRI, FR)"
mx6.name.com,2,"AS36351 (SOFTLAYER, US)"
mx.targetbyte.com,2,"AS24940 (HETZNER-AS, DE)"
mail.test1byali.cfd,2,"AS203446 (AS203446, GB)"
mail.tempmail.ch,2,"AS24940 (HETZNER-AS, DE)"
mail.tempmail.sk,2,"AS24940 (HETZNER-AS, DE)"
mx1.evapmail.com,2,"AS16276 (OVH, FR)"
mail.tempmail.com.tr,2,"AS42846 (GUZELHOSTING GNET INTERNET TELEKOMUNIKASYON A.S., TR)"
mail.tempmailled.com,2,"AS42846 (GUZELHOSTING GNET INTERNET TELEKOMUNIKASYON A.S., TR)"
mail.smtp99.com,2,"AS63949 (AKAMAI-LINODE-AP Akamai Connected Cloud, SG)"
mrouterin.brutele.be,2,"AS12392 (ASVOO VOO S.A., BE)"
mx.mail.sohu.net,2,"AS4837 (CHINA169-BACKBONE CHINA UNICOM China169 Backbone, CN)"
smtp.spamex.com,2,"AS14618 (AMAZON-AES, US)"
inbound.mx0.in,2,"AS14061 (DIGITALOCEAN-ASN, US)"
mail.agp.edu.pl,1,"AS16276 (OVH, FR)"
mx1-eu.emailsecurity.app,1,"AS8075 (MICROSOFT-CORP-MSN-AS-BLOCK, US)"
mx.ahihimail.com,1,"AS7393 (CYBERCON, US)"
agpb-com.mail.protection.outlook.com,1,"AS8075 (MICROSOFT-CORP-MSN-AS-BLOCK, US)"
mail.agribusinruby.ru,1,"AS12586 (ASGHOSTNET, DE)"
agsmechanicalinc-com.mail.protection.outlook.com,1,"AS8075 (MICROSOFT-CORP-MSN-AS-BLOCK, US)"
mail.agrostogrmails.ru,1,"AS12586 (ASGHOSTNET, DE)"
mail.agricultumail.ru,1,"AS12586 (ASGHOSTNET, DE)"
mail.agrmails.ru,1,"AS12586 (ASGHOSTNET, DE)"
aieen.com,1,"AS51167 (CONTABO, DE)"
mail.agoranews.top,1,"AS16276 (OVH, FR)"
mail.agyemail.ru,1,"AS12586 (ASGHOSTNET, DE)"
mail.agrovideo.com.br,1,"AS16276 (OVH, FR)"
ai2111.com,1,"AS7393 (CYBERCON, US)"
_dc-mx.acbc1828e259.aifreetoolz.com,1,"AS24940 (HETZNER-AS, DE)"
mail.ahrefto.site,1,"AS198610 (BEGET-AS, RU)"
agridaya.com,1,"AS58487 (CRI-AS-AP CV. Rumahweb Indonesia, ID)"
1aspmx.l.google.com,1,
mail.ahouse.top,1,"AS24940 (HETZNER-AS, DE)"
ahmm-co-uk.mail.protection.outlook.com,1,"AS8075 (MICROSOFT-CORP-MSN-AS-BLOCK, US)"
mx6.aircargomax.us,1,
mail.aimserv.com,1,"AS24589 (TELENETSIA-AS Telenet AUT-NUM peering specification object, LV)"
mail.agricultuolml.ru,1,"AS12586 (ASGHOSTNET, DE)"
mail.ailicke.com,1,"AS14061 (DIGITALOCEAN-ASN, US)"
mail.aichmopmail.ru,1,"AS12586 (ASGHOSTNET, DE)"
aircapitol-net.mail.protection.outlook.com,1,"AS8075 (MICROSOFT-CORP-MSN-AS-BLOCK, US)"
mail.air-inbox.com,1,"AS47583 (AS-HOSTINGER, CY)"
mx6.airjordanoutletclub.us,1,
mx0.airecipebox.com,1,"AS34011 (GD-EMEA-DC-CGN1, DE)"
air.com,1,"AS19318 (IS-AS-1, US)"
aidweightloss.co.uk,1,"AS20473 (AS-VULTR, US)"
airsmtp.com,1,"AS7506 (INTERQ GMO Internet Group, Inc., JP)"
mail.airmailbox.website,1,"AS14061 (DIGITALOCEAN-ASN, US)"
aitecleco.com,1,"AS22612 (NAMECHEAP-NET, US)"
airsi-de.mail.protection.outlook.com,1,"AS8075 (MICROSOFT-CORP-MSN-AS-BLOCK, US)"
aiwritingmeta-com.mail.protection.outlook.com,1,"AS8075 (MICROSOFT-CORP-MSN-AS-BLOCK, US)"
mx1.aikq.de,1,"AS60294 (DE-DGW Deutsche Glasfaser Wholesale Internet, DE)"
mail.airmaiil.com,1,"AS12586 (ASGHOSTNET, DE)"
airsuspension-com.mail.protection.outlook.com,1,"AS8075 (MICROSOFT-CORP-MSN-AS-BLOCK, US)"
mail.aituvip.com,1,"AS14061 (DIGITALOCEAN-ASN, US)"
mail.aixne.com,1,"AS14061 (DIGITALOCEAN-ASN, US)"
mail.aitechwala.site,1,"AS19318 (IS-AS-1, US)"
mail.aixnv.com,1,"AS14061 (DIGITALOCEAN-ASN, US)"
mail.ai-report.ru,1,"AS57494 (ADMAN-AS, RU)"
mail.ajaxgptai.com,1,"AS14061 (DIGITALOCEAN-ASN, US)"
ailocal.ro,1,"AS56654 (AS56654, RO)"
ak.gy,1,"AS7506 (INTERQ GMO Internet Group, Inc., JP)"
mail.aicraft.agency,1,"AS29182 (RU-JSCIOT, RU)"
mail.airxr.ru,1,"AS56577 (ASRELINK, RU)"
mail.ailem.info,1,"AS3209 (VODANET International IP-Backbone of Vodafone, DE)"
mail.agrifinance.org,1,"AS37061 (Safaricom, KE)"
akamail.com,1,"AS55293 (A2HOSTING, US)"
mail.aitolml.ru,1,"AS12586 (ASGHOSTNET, DE)"
mail.ajeeb.email,1,"AS12876 (Online SAS, FR)"
mail.akdip.com,1,"AS14061 (DIGITALOCEAN-ASN, US)"
_dc-mx.b215ef89999d.akara-ise.com,1,"AS56067 (METRABYTE-TH 453 Ladplacout Jorakhaebua, TH)"
mail.aitmofml.ru,1,"AS12586 (ASGHOSTNET, DE)"
mx2.titan.email,1,"AS14618 (AMAZON-AES, US)"
mail.akixpres.com,1,"AS14061 (DIGITALOCEAN-ASN, US)"
ajmail-com.mx1.arsmtp.com,1,"AS53780 (AS-APPRIVER, US)"
mx.akronquote.com,1,"AS32097 (WII, US)"
akugu.com,1,"AS7506 (INTERQ GMO Internet Group, Inc., JP)"
mmx0.mail.ovh.net,1,
alarmsysteem-online.mail.protection.outlook.com,1,"AS8075 (MICROSOFT-CORP-MSN-AS-BLOCK, US)"
_dc-mx.abc7151628d9.albaspecials.com,1,"AS20857 (TRANSIP-AS Amsterdam, the Netherlands, NL)"
mail.albos.in,1,"AS214481 (WCZAPKOWICZ-AS as214481as-wczapkowicz Chunkserve Backbone Transit, PL)"
mx1.hostinger.web.tr,1,"AS13335 (CLOUDFLARENET, US)"
mail.00two.shop,1,"AS16276 (OVH, FR)"
mail.00two.site,1,"AS16276 (OVH, FR)"
akvaristlerdunyasi.com,1,"AS42807 (AEROTEK-AS, TR)"
mail.alcoholomemy.com,1,"AS12586 (ASGHOSTNET, DE)"
aldeyaa-ae.mail.protection.outlook.com,1,"AS8075 (MICROSOFT-CORP-MSN-AS-BLOCK, US)"
antispam.websahibi.com,1,"AS397563 (ADEOXTECH, US)"
mail.albigmail.com,1,"AS12586 (ASGHOSTNET, DE)"
mail.alcapml.ru,1,"AS12586 (ASGHOSTNET, DE)"
mail.alcomanmail.com,1,"AS12586 (ASGHOSTNET, DE)"
mail.alcoholimail.ru,1,"AS12586 (ASGHOSTNET, DE)"
01p-co-jp.mail.protection.outlook.com,1,"AS8075 (MICROSOFT-CORP-MSN-AS-BLOCK, US)"
mx6.alegrabrasil.com,1,
mail.alcohfmail.ru,1,"AS12586 (ASGHOSTNET, DE)"
hallenberg.com,1,"AS197540 (NETCUP-AS netcup GmbH, DE)"
mail.alcapt.ru,1,"AS12586 (ASGHOSTNET, DE)"
mail.alcoholommail.com,1,"AS12586 (ASGHOSTNET, DE)"
mail.albocinemail.ru,1,"AS12586 (ASGHOSTNET, DE)"
mail.alabama-nedv.ru,1,"AS59729 (ITL-BG, US)"
mxs.ht-systems.ru,1,"AS12616 (HOSTING-MSK, RU)"
mail.alcohrsmail.ru,1,"AS12586 (ASGHOSTNET, DE)"
mx2.alaskasolareclipse.com,1,"AS216139 (IRONHOST, GB)"
mail9.alapage.ru,1,"AS207728 (EUROHOSTER Hosting Provider EuroHoster Ltd., BG)"
cname.chacuo.net,1,"AS37963 (ALIBABA-CN-NET Hangzhou Alibaba Advertising Co.,Ltd., CN)"
mail.alexitemail.ru,1,"AS12586 (ASGHOSTNET, DE)"
mail.alexaninf.com,1,"AS12586 (ASGHOSTNET, DE)"
mail.alethmail.com,1,"AS12586 (ASGHOSTNET, DE)"
mail.alexiphamails.ru,1,"AS12586 (ASGHOSTNET, DE)"
algonquinheights-com.mail.protection.outlook.com,1,"AS8075 (MICROSOFT-CORP-MSN-AS-BLOCK, US)"
alhutaib-com.mail.protection.outlook.com,1,"AS8075 (MICROSOFT-CORP-MSN-AS-BLOCK, US)"
mail.alexisalo.ru,1,"AS12586 (ASGHOSTNET, DE)"
mail.alias.gaviso.agency,1,"AS212317 (HETZNER-CLOUD3-AS, DE)"
mx1.0662dq.com,1,"AS200107 (KL-EXT, CH)"
mail.alikando.su,1,"AS212477 (ROYALE-AS, NL)"
hunterslaptop.0box.net,1,"AS8560 (IONOS-AS This is the joint network for IONOS, Fasthosts, Arsys, 1&1 Mail and Media and 1&1 Telecom. Formerly known as 1&1 Internet SE., DE)"
mail.alisaol.com,1,"AS14061 (DIGITALOCEAN-ASN, US)"
mail.all-mail.net,1,"AS47583 (AS-HOSTINGER, CY)"
web-lax-1.axfra.net,1,"AS26666 (INTERSERVER-LAX, US)"
23.111.164.12,1,
mail.alkalinewaterus.com,1,"AS31898 (ORACLE-BMC-31898, US)"
alifdz.com,1,"AS16276 (OVH, FR)"
mail.alimentotmail.ru,1,"AS12586 (ASGHOSTNET, DE)"
mx6.emailowl.com,1,"AS20473 (AS-VULTR, US)"
mail.alkalimfri.com,1,"AS12586 (ASGHOSTNET, DE)"
mail.alkalmail.ru,1,"AS12586 (ASGHOSTNET, DE)"
allanjosephbatac.com,1,"AS18779 (EGIHOSTING, US)"
mail.aliasprojekt.pl,1,"AS203417 (LH, PL)"
mail0001.0ne.lv,1,"AS24940 (HETZNER-AS, DE)"
mx.allabouthoodies.com.cust.b.hostedemail.com,1,"AS32491 (TUCOWS-3, CA)"
mx1.0clock.org,1,"AS200107 (KL-EXT, CH)"
mx1.free.fr,1,"AS12322 (PROXAD, FR)"
allhostguide-com.mail.protection.outlook.com,1,"AS8075 (MICROSOFT-CORP-MSN-AS-BLOCK, US)"
mx.allfreemail.net,1,"AS16276 (OVH, FR)"
p.0ut.online,1,"AS401696 (COGNETCLOUD, US)"
mail.allegoricfl.com,1,"AS12586 (ASGHOSTNET, DE)"
mail.allegorimail.ru,1,"AS12586 (ASGHOSTNET, DE)"
mail.allemail.ru,1,"AS12586 (ASGHOSTNET, DE)"
alling-bet3.com,1,"AS39521 (TNGNET, NL)"
mx.allmarkshare.info,1,"AS14061 (DIGITALOCEAN-ASN, US)"
12-co-uk0c.mail.protection.outlook.com,1,"AS8075 (MICROSOFT-CORP-MSN-AS-BLOCK, US)"
mail.allegmail.ru,1,"AS12586 (ASGHOSTNET, DE)"
mx.allmp3stars.com,1,"AS14061 (DIGITALOCEAN-ASN, US)"
mail.allopatrolml.ru,1,"AS12586 (ASGHOSTNET, DE)"
mail20.lh.pl,1,"AS203417 (LH, PL)"
mail.allitermail.ru,1,"AS12586 (ASGHOSTNET, DE)"
allsquaregolf-com.mail.protection.outlook.com,1,"AS8075 (MICROSOFT-CORP-MSN-AS-BLOCK, US)"
mx6.4-speed.net,1,"AS13649 (ASN-FLEXENTIAL, US)"
mail.allionmail.ru,1,"AS12586 (ASGHOSTNET, DE)"
mail.allopatrmail.ru,1,"AS12586 (ASGHOSTNET, DE)"
mx.allwebemails.com,1,"AS16276 (OVH, FR)"
almarcontainergroup-com.mail.protection.outlook.com,1,"AS8075 (MICROSOFT-CORP-MSN-AS-BLOCK, US)"
mail.allotropolml.ru,1,"AS12586 (ASGHOSTNET, DE)"
mail.almatips.com,1,"AS14061 (DIGITALOCEAN-ASN, US)"
mx1.allpaydayloans.info,1,"AS200107 (KL-EXT, CH)"
allsuperinfo-com.mail.protection.outlook.com,1,"AS8075 (MICROSOFT-CORP-MSN-AS-BLOCK, US)"
almanara.info,1,"AS36218 (WHG-CAN, GB)"
0u.ro,1,"AS16276 (OVH, FR)"
alobotanics.com,1,"AS59253 (LEASEWEB-APAC-SIN-11 LEASEWEB SINGAPORE PTE. LTD., SG)"
mail.alosp.com,1,"AS14061 (DIGITALOCEAN-ASN, US)"
mail.alotevi.com,1,"AS47583 (AS-HOSTINGER, CY)"
alloggia.de,1,"AS3209 (VODANET International IP-Backbone of Vodafone, DE)"
1010bo-com.mail.protection.outlook.com,1,"AS8075 (MICROSOFT-CORP-MSN-AS-BLOCK, US)"
mail.allfolk.ru,1,"AS44094 (WEBHOST1-AS, RU)"
malibuzz.107punto7.com,1,"AS51167 (CONTABO, DE)"
alpenit-at.mail.protection.outlook.com,1,"AS8075 (MICROSOFT-CORP-MSN-AS-BLOCK, US)"
mail.almail.com,1,"AS4685 (ASAHI-NET Asahi Net, JP)"
alpha-web.net,1,"AS47583 (AS-HOSTINGER, CY)"
mail.10minutemail.be,1,"AS8075 (MICROSOFT-CORP-MSN-AS-BLOCK, US)"
mail.1-obivka-mebeli-vminske.ru,1,"AS44094 (WEBHOST1-AS, RU)"
alphatech-llc.mail.protection.outlook.com,1,"AS8075 (MICROSOFT-CORP-MSN-AS-BLOCK, US)"
_dc-mx.4b51a05ff504.10minutesemail.net,1,"AS24940 (HETZNER-AS, DE)"
alpilen.store,1,"AS32475 (SINGLEHOP-LLC, US)"
mail.10minut.xyz,1,"AS31898 (ORACLE-BMC-31898, US)"
mail.alphanummail.ru,1,"AS12586 (ASGHOSTNET, DE)"
ms1.fishyes.net,1,"AS63949 (AKAMAI-LINODE-AP Akamai Connected Cloud, SG)"
mail.10minutemail.pl,1,"AS50599 (Autonomous System for Dataspace P.S.A., PL)"
mail.alreval.com,1,"AS14061 (DIGITALOCEAN-ASN, US)"
mx.111222.pl,1,"AS14061 (DIGITALOCEAN-ASN, US)"
mail.112583.xyz,1,"AS51167 (CONTABO, DE)"
mail.115200.xyz,1,"AS45102 (ALIBABA-CN-NET Alibaba US Technology Co., Ltd., CN)"
alternavox.net,1,"AS40092 (ONIAAS, US)"
alternativapoteknorge.space,1,"AS32475 (SINGLEHOP-LLC, US)"
poczta.genetic.pl,1,"AS29522 (CF-KRK, PL)"
mail.altmails.com,1,"AS51167 (CONTABO, DE)"
mail.altimetfmals.com,1,"AS12586 (ASGHOSTNET, DE)"
mail.12244.xyz,1,
alvechurchacousticroots-com.mail.protection.outlook.com,1,"AS8075 (MICROSOFT-CORP-MSN-AS-BLOCK, US)"
mail.10minutenemail.de,1,"AS197540 (NETCUP-AS netcup GmbH, DE)"
mail.altruistfmk.com,1,"AS12586 (ASGHOSTNET, DE)"
mx.123-m.com,1,"AS16509 (AMAZON-02, US)"
antispam1.ihs.com.tr,1,"AS49126 (AS49126, TR)"
mail.alternmail.ru,1,"AS12586 (ASGHOSTNET, DE)"
mx1.altdesign.info,1,"AS200107 (KL-EXT, CH)"
_dc-mx.f94a66f6987e.1234techland.info,1,"AS204601 (PODAON, NL)"
mail.alveomail.com,1,"AS12586 (ASGHOSTNET, DE)"
mail.alveoloml.ru,1,"AS12586 (ASGHOSTNET, DE)"
alzeri-com.mail.protection.outlook.com,1,"AS8075 (MICROSOFT-CORP-MSN-AS-BLOCK, US)"
mail.alysz.com,1,"AS14061 (DIGITALOCEAN-ASN, US)"
alwmail.site,1,"AS7684 (SAKURA-A SAKURA Internet Inc., JP)"
a090220.mx.mailhop.org,1,"AS16509 (AMAZON-02, US)"
mail.alvemail.ru,1,"AS12586 (ASGHOSTNET, DE)"
alphadeutsch.com,1,"AS19437 (SS-ASH, US)"
alvinneo-com.mail.protection.outlook.com,1,"AS8075 (MICROSOFT-CORP-MSN-AS-BLOCK, US)"
123anddone.com,1,"AS27589 (MOJOHOST, US)"
mx1.altmail.top,1,"AS200107 (KL-EXT, CH)"
altrans.fr.nf,1,"AS16276 (OVH, FR)"
mail.ama-trans.de,1,"AS24940 (HETZNER-AS, DE)"
alphax.fr.nf,1,"AS16276 (OVH, FR)"
mx6.amateurspot.net,1,
alves.fr.nf,1,"AS16276 (OVH, FR)"
mail.amails.ru,1,"AS12586 (ASGHOSTNET, DE)"
mail.amaryllidmail.com,1,"AS12586 (ASGHOSTNET, DE)"
mail.amarmails.ru,1,"AS12586 (ASGHOSTNET, DE)"
mx.12gmail.com,1,"AS16509 (AMAZON-02, US)"
mail.amazingly.online,1,"AS40021 (CONTABO-40021, US)"
mail.amalgafkml.ru,1,"AS12586 (ASGHOSTNET, DE)"
mx.amdepholdings.xyz,1,"AS20473 (AS-VULTR, US)"
mx.12hourmail.com,1,"AS16276 (OVH, FR)"
mail.1337.care,1,"AS44486 (SYNLINQ synlinq.de, DE)"
itoa.1337.no,1,"AS34989 (SERVETHEWORLD-AS, NO)"
mail.ambisexmy.com,1,"AS12586 (ASGHOSTNET, DE)"
mail.ambulmail.com,1,"AS12586 (ASGHOSTNET, DE)"
mail.amelabs.com,1,"AS16509 (AMAZON-02, US)"
mail.avc3.icu,1,"AS132203 (TENCENT-NET-AP-CN Tencent Building, Kejizhongyi Avenue, CN)"
mail.ambideml.ru,1,"AS12586 (ASGHOSTNET, DE)"
mail.14-8000.ru,1,"AS51167 (CONTABO, DE)"
14n-co-uk.mail.protection.outlook.com,1,"AS8075 (MICROSOFT-CORP-MSN-AS-BLOCK, US)"
mail.ameriemail.ru,1,"AS12586 (ASGHOSTNET, DE)"
_dc-mx.e06836ab7642.14to.com,1,"AS24940 (HETZNER-AS, DE)"
mx0.1337.email,1,"AS197540 (NETCUP-AS netcup GmbH, DE)"
mail.amelioebml.ru,1,"AS12586 (ASGHOSTNET, DE)"
mail.ameremail.ru,1,"AS12586 (ASGHOSTNET, DE)"
mail.123info.ru,1,"AS57494 (ADMAN-AS, RU)"
dkim.amerinetgate.com,1,"AS14061 (DIGITALOCEAN-ASN, US)"
mxa-0017ff01.gslb.pphosted.com,1,"AS22843 (PROOFPOINT-ASN-US-EAST, US)"
e0mylfe.amerilinkmail.com,1,"AS14061 (DIGITALOCEAN-ASN, US)"
mail.aminoamail.com,1,"AS40021 (CONTABO-40021, US)"
mail.amiri.net,1,"AS40100 (ALURIUM, US)"
mx.amitywe.us,1,"AS29873 (BIZLAND-SD, US)"
amk-co-uk.mail.protection.outlook.com,1,"AS8075 (MICROSOFT-CORP-MSN-AS-BLOCK, US)"
133mail.cn,1,"AS37963 (ALIBABA-CN-NET Hangzhou Alibaba Advertising Co.,Ltd., CN)"
mail.ammonmails.ru,1,"AS12586 (ASGHOSTNET, DE)"
15qm.com,1,"AS9370 (SAKURA-B SAKURA Internet Inc., JP)"
mail.aminopeptaemail.com,1,"AS12586 (ASGHOSTNET, DE)"
mail.amongth.com,1,"AS47583 (AS-HOSTINGER, CY)"
_dc-mx.8a6dc5f8dd32.amr.urgntx.com,1,"AS46261 (QUICKPACKET, US)"
mail.amoemail.ru,1,"AS12586 (ASGHOSTNET, DE)"
_dc-mx.922de7792365.1701host.com,1,"AS33028 (AS33028, CA)"
15963.fr.nf,1,"AS16276 (OVH, FR)"
amsaustralia-com0i.mail.protection.outlook.com,1,"AS8075 (MICROSOFT-CORP-MSN-AS-BLOCK, US)"
mail.ammails.ru,1,"AS12586 (ASGHOSTNET, DE)"
mail.amozix.com,1,"AS14061 (DIGITALOCEAN-ASN, US)"
mail.amovmails.ru,1,"AS12586 (ASGHOSTNET, DE)"
mail.amissibiufml.ru,1,"AS12586 (ASGHOSTNET, DE)"
mail.amphidiscli.com,1,"AS12586 (ASGHOSTNET, DE)"
mail.amphithea.ru,1,"AS12586 (ASGHOSTNET, DE)"
mail.amplindia.com,1,"AS46606 (UNIFIEDLAYER-AS-1, US)"
125-jahre-kudamm.de,1,"AS5539 (SPACENET SpaceNET AG, DE)"
167mail.com,1,"AS33182 (DIMENOC, US)"
mail.amyxrolest.com,1,"AS47583 (AS-HOSTINGER, CY)"
mail.18119894.xyz,1,"AS132241 (SKSATECH1-MY SKSA TECHNOLOGY SDN BHD, MY)"
mx1.mail.139.com,1,"AS9808 (CHINAMOBILE-CN China Mobile Communications Group Co., Ltd., CN)"
mail.amortfmk.com,1,"AS12586 (ASGHOSTNET, DE)"
mail.amwomail.com,1,"AS12586 (ASGHOSTNET, DE)"
mail.amphiartholml.ru,1,"AS12586 (ASGHOSTNET, DE)"
mail.amylemail.ru,1,"AS12586 (ASGHOSTNET, DE)"
anagotulsa-net.mail.protection.outlook.com,1,"AS8075 (MICROSOFT-CORP-MSN-AS-BLOCK, US)"
anal.com,1,"AS395412 (VS-MEDIA-IPV4, US)"
mail.amiramov.ru,1,"AS211183 (ADMINVPS, RU)"
mail.15h.ru,1,"AS39134 (UNITEDNET, RU)"
mail.anaemal.com,1,"AS12586 (ASGHOSTNET, DE)"
mail.anaesthesli.com,1,"AS12586 (ASGHOSTNET, DE)"
mail.anaemail.ru,1,"AS12586 (ASGHOSTNET, DE)"
0v.ro,1,"AS16276 (OVH, FR)"
mail.analogsemail.com,1,"AS12586 (ASGHOSTNET, DE)"
mail.anacml.ru,1,"AS12586 (ASGHOSTNET, DE)"
mail.anagrammamail.ru,1,"AS12586 (ASGHOSTNET, DE)"
mail.anagoomail.ru,1,"AS12586 (ASGHOSTNET, DE)"
mail.anaphylactifmail.ru,1,"AS12586 (ASGHOSTNET, DE)"
mail.anarac.com,1,"AS14061 (DIGITALOCEAN-ASN, US)"
mail.anagrammatmail.ru,1,"AS12586 (ASGHOSTNET, DE)"
0w.ro,1,"AS16276 (OVH, FR)"
mail.anaphrml.ru,1,"AS12586 (ASGHOSTNET, DE)"
mta-189.21cn.com,1,"AS45102 (ALIBABA-CN-NET Alibaba US Technology Co., Ltd., CN)"
mx.199903.xyz,1,"AS3842 (RAMNODE, US)"
mail.andalangpt.app,1,"AS45102 (ALIBABA-CN-NET Alibaba US Technology Co., Ltd., CN)"
mail02.lombardodier.com,1,"AS8220 (COLT COLT Technology Services Group Limited, GB)"
mail.18am.ru,1,"AS62082 (HOSTLAND, RU)"
mail.anathemamail.ru,1,"AS12586 (ASGHOSTNET, DE)"
smtp.al.nz,1,"AS135069 (FEENIX-AS-AP Feenix Communications Limited, NZ)"
mail.19840509.xyz,1,"AS51167 (CONTABO, DE)"
mail.19840506.xyz,1,"AS51167 (CONTABO, DE)"
mail.19840508.xyz,1,"AS51167 (CONTABO, DE)"
mail.andro-players.com,1,"AS216071 (VDSINA, AE)"
mail.anbinhnet.com,1,"AS63760 (AZDIGI-AS-VN AZDIGI Corporation, VN)"
mail.1blackmoon.com,1,"AS212441 (CLOUDASSETS, RU)"
andrewmurphy.org,1,"AS20473 (AS-VULTR, US)"
mail.andispnb.web.id,1,"AS214882 (ARENHOST Steven Gusti Hutama, ID)"
mail.androdi.com,1,"AS12586 (ASGHOSTNET, DE)"
mail.mkgenk.com,1,"AS22612 (NAMECHEAP-NET, US)"
mail.andromonmail.com,1,"AS12586 (ASGHOSTNET, DE)"
_dc-mx.a19a1871e851.1home.urgntx.com,1,"AS46261 (QUICKPACKET, US)"
angelareedfox.com,1,"AS59253 (LEASEWEB-APAC-SIN-11 LEASEWEB SINGAPORE PTE. LTD., SG)"
mail.anerytmail.ru,1,"AS12586 (ASGHOSTNET, DE)"
mail.angelacorrias.com,1,"AS55293 (A2HOSTING, US)"
mail.anesmail.com,1,"AS12586 (ASGHOSTNET, DE)"
mail.anemometrofmail.com,1,"AS12586 (ASGHOSTNET, DE)"
1meanpenguin-com.mail.protection.outlook.com,1,"AS8075 (MICROSOFT-CORP-MSN-AS-BLOCK, US)"
mx.angelandcurve.com.cust.a.hostedemail.com,1,
mail.anecdotebml.ru,1,"AS12586 (ASGHOSTNET, DE)"
mail.angelawalkerrealestateagentfortworthtx.com,1,"AS46606 (UNIFIEDLAYER-AS-1, US)"
mail.anginopruby.ru,1,"AS12586 (ASGHOSTNET, DE)"
1nss-com.mail.protection.outlook.com,1,"AS8075 (MICROSOFT-CORP-MSN-AS-BLOCK, US)"
mail.1fastemail.com,1,"AS24940 (HETZNER-AS, DE)"
mx.buhzon.ru,1,"AS12683 (STATEL-AS PJSC Rostelecom. Stavropol branch, RU)"
mail.angieplease.com,1,"AS36007 (KAMATERA, US)"
mail.1king.vip,1,"AS45102 (ALIBABA-CN-NET Alibaba US Technology Co., Ltd., CN)"
mail.angimail.com,1,"AS12586 (ASGHOSTNET, DE)"
mail.anglofmals.com,1,"AS12586 (ASGHOSTNET, DE)"
mail.angiocardmail.com,1,"AS12586 (ASGHOSTNET, DE)"
animail.shop,1,"AS210079 (EUROBYTE, RU)"
mail.angifmail.ru,1,"AS12586 (ASGHOSTNET, DE)"
mail.anidaw.com,1,"AS14061 (DIGITALOCEAN-ASN, US)"
mail.1sec-mail.space,1,"AS22612 (NAMECHEAP-NET, US)"
mail.angioemail.ru,1,"AS12586 (ASGHOSTNET, DE)"
mail.animenews.cc,1,"AS45102 (ALIBABA-CN-NET Alibaba US Technology Co., Ltd., CN)"
mail.1sec-mail.com,1,"AS24940 (HETZNER-AS, DE)"
anime.pm,1,"AS7506 (INTERQ GMO Internet Group, Inc., JP)"
_dc-mx.dbf0cbc67491.1secemail.com,1,"AS16276 (OVH, FR)"
mail.animewiki.cc,1,"AS45102 (ALIBABA-CN-NET Alibaba US Technology Co., Ltd., CN)"
angka69.com,1,"AS31898 (ORACLE-BMC-31898, US)"
mx1.1pad.de,1,"AS200107 (KL-EXT, CH)"
mail.aniross.com,1,"AS14061 (DIGITALOCEAN-ASN, US)"
lists.1slate.com,1,"AS213230 (HETZNER-CLOUD2-AS, DE)"
www673.your-server.de,1,"AS24940 (HETZNER-AS, DE)"
mx6.anitadarkvideos.net,1,
amaonline-mx.email-protect.gosecure.net,1,"AS29909 (METROOPTIC, CA)"
mail.animadvemals.ru,1,"AS12586 (ASGHOSTNET, DE)"
1stgroup-ca.mail.protection.outlook.com,1,"AS8075 (MICROSOFT-CORP-MSN-AS-BLOCK, US)"
mail.anisomails.ru,1,"AS12586 (ASGHOSTNET, DE)"
mail.anisochmalis.com,1,"AS12586 (ASGHOSTNET, DE)"
mail.anisossemail.com,1,"AS12586 (ASGHOSTNET, DE)"
mail.anisopfmail.com,1,"AS12586 (ASGHOSTNET, DE)"
catchall.tijdelijkmailadres.nl,1,"AS30870 (TRANS-IX-AS Trans-iX Autonomous System, NL)"
mail.1tware.com,1,"AS53589 (PLANETHOSTER-8, CA)"
mail.anisomail.ru,1,"AS12586 (ASGHOSTNET, DE)"
bayous.ankarapdr.com,1,"AS16276 (OVH, FR)"
mail.1usemail.com,1,"AS14061 (DIGITALOCEAN-ASN, US)"
mx1.1tmail.ltd,1,"AS200107 (KL-EXT, CH)"
1t-ml.com,1,"AS2514 (INFOSPHERE NTT PC Communications, Inc., JP)"
mail.ankylostio.com,1,"AS12586 (ASGHOSTNET, DE)"
1tml.com,1,"AS37907 (DIGIROCK DigiRock, Inc., JP)"
mail.ankyloblepmail.ru,1,"AS12586 (ASGHOSTNET, DE)"
mx1.1webmail.gdn,1,"AS200107 (KL-EXT, CH)"
amco-com-ar.mail.protection.outlook.com,1,"AS8075 (MICROSOFT-CORP-MSN-AS-BLOCK, US)"
mail.1wyws.top,1,"AS196645 (HOSTPRO-AS, UA)"
mail.nix.to,1,"AS30860 (YURTEH-AS, UA)"
mail.ano-mail.net,1,"AS24940 (HETZNER-AS, DE)"
nomail.1winrussia.com,1,
wprod0.leemail.me,1,"AS63949 (AKAMAI-LINODE-AP Akamai Connected Cloud, SG)"
plmail.ut.pl,1,"AS16276 (OVH, FR)"
mail.anonpop.com,1,"AS63949 (AKAMAI-LINODE-AP Akamai Connected Cloud, SG)"
mail.1zaem.ru,1,"AS44094 (WEBHOST1-AS, RU)"
mail.anonmails.de,1,"AS8560 (IONOS-AS This is the joint network for IONOS, Fasthosts, Arsys, 1&1 Mail and Media and 1&1 Telecom. Formerly known as 1&1 Internet SE., DE)"
mail.anoniem.email,1,"AS206281 (AS-ZXCS, NL)"
mail.anoreml.ru,1,"AS12586 (ASGHOSTNET, DE)"
mail.anaphr.com,1,"AS12586 (ASGHOSTNET, DE)"
2014mail.ru,1,"AS215117 (HOSTERDADDY, IN)"
container.temporarily.de,1,"AS8560 (IONOS-AS This is the joint network for IONOS, Fasthosts, Arsys, 1&1 Mail and Media and 1&1 Telecom. Formerly known as 1&1 Internet SE., DE)"
mail.antepeml.ru,1,"AS12586 (ASGHOSTNET, DE)"
mail.antejentme.ru,1,"AS12586 (ASGHOSTNET, DE)"
a935283.mx.mailhop.org,1,"AS16509 (AMAZON-02, US)"
mail.anthropocentsemail.com,1,"AS12586 (ASGHOSTNET, DE)"
mail.anthracoml.ru,1,"AS12586 (ASGHOSTNET, DE)"
mail.anthropomfmk.com,1,"AS12586 (ASGHOSTNET, DE)"
mail.anthropophfml.com,1,"AS12586 (ASGHOSTNET, DE)"
anit.ro,1,"AS43927 (HOSTERION, RO)"
mail.anthropomoemail.ru,1,"AS12586 (ASGHOSTNET, DE)"
mail.anthropopmofml.ru,1,"AS12586 (ASGHOSTNET, DE)"
mail.anthroposomail.ru,1,"AS12586 (ASGHOSTNET, DE)"
mail.1ti.ru,1,"AS210079 (EUROBYTE, RU)"
mail.antiagglme.ru,1,"AS12586 (ASGHOSTNET, DE)"
mail.antiaphkl.ru,1,"AS12586 (ASGHOSTNET, DE)"
mail.antianaphli.com,1,"AS12586 (ASGHOSTNET, DE)"
mail.anagraemail.ru,1,
mail.18dewa.net,1,
mail.anticmails.ru,1,"AS12586 (ASGHOSTNET, DE)"
mail.anticipfmals.com,1,"AS12586 (ASGHOSTNET, DE)"
mail.anticonstitusemail.com,1,"AS12586 (ASGHOSTNET, DE)"
mail.antichrfml.ru,1,"AS12586 (ASGHOSTNET, DE)"
mx.openssl.it,1,"AS197540 (NETCUP-AS netcup GmbH, DE)"
mail.anticiml.ru,1,"AS12586 (ASGHOSTNET, DE)"
mail.antiketomails.ru,1,"AS12586 (ASGHOSTNET, DE)"
mail.1xa.ru,1,"AS50340 (SELECTEL-MSK, RU)"
mail.antilogariaemail.com,1,"AS12586 (ASGHOSTNET, DE)"
mail.antihemoml.ru,1,"AS12586 (ASGHOSTNET, DE)"
mail.androspomail.ru,1,
mail.antimonml.ru,1,"AS12586 (ASGHOSTNET, DE)"
mail.antimiml.ru,1,"AS12586 (ASGHOSTNET, DE)"
mail.antimamail.ru,1,"AS12586 (ASGHOSTNET, DE)"
mail.antimmail.com,1,"AS12586 (ASGHOSTNET, DE)"
mail.antiloemail.ru,1,"AS12586 (ASGHOSTNET, DE)"
mail.antimonarmale.com,1,"AS12586 (ASGHOSTNET, DE)"
mail.antiscormalis.com,1,"AS12586 (ASGHOSTNET, DE)"
mail.antimoni.ru,1,"AS12586 (ASGHOSTNET, DE)"
mail.antirsmail.ru,1,"AS12586 (ASGHOSTNET, DE)"
mx6.antisnoringdevicesupdate.com,1,
mail.antiseolml.ru,1,"AS12586 (ASGHOSTNET, DE)"
mail.antiscrsmail.ru,1,"AS12586 (ASGHOSTNET, DE)"
mail.antismail.com,1,"AS12586 (ASGHOSTNET, DE)"
mail.antisialmails.ru,1,"AS12586 (ASGHOSTNET, DE)"
antiwrinklehandbook.com,1,"AS63949 (AKAMAI-LINODE-AP Akamai Connected Cloud, SG)"
mail.antisialamail.ru,1,"AS12586 (ASGHOSTNET, DE)"
mail.antityfkml.com,1,"AS12586 (ASGHOSTNET, DE)"
antovietnam-com.mail.protection.outlook.com,1,"AS8075 (MICROSOFT-CORP-MSN-AS-BLOCK, US)"
mail.antivaml.ru,1,"AS12586 (ASGHOSTNET, DE)"
mail.20minute.email,1,"AS212441 (CLOUDASSETS, RU)"
mx.2100.com.cust.a.hostedemail.com,1,"AS15348 (TUCOWS, CA)"
mail.antonomasmail.com,1,"AS12586 (ASGHOSTNET, DE)"
mx.212staff.com,1,"AS14061 (DIGITALOCEAN-ASN, US)"
mail.anxietyfmail.com,1,"AS12586 (ASGHOSTNET, DE)"
mail.anyalias.com,1,"AS8075 (MICROSOFT-CORP-MSN-AS-BLOCK, US)"
mail.anypsj.com,1,"AS16276 (OVH, FR)"
mail.anyeud.com,1,"AS12586 (ASGHOSTNET, DE)"
antispam.fr.nf,1,"AS16276 (OVH, FR)"
mail.anypsd.com,1,"AS14061 (DIGITALOCEAN-ASN, US)"
22-bet.org,1,"AS58061 (SCALAXY-AS, LV)"
mail.aol.blue,1,"AS15317 (SERVEREL-AS, US)"
mail.antepomail.com,1,"AS12586 (ASGHOSTNET, DE)"
mail.anteemail.ru,1,"AS12586 (ASGHOSTNET, DE)"
anthnydas-com.mail.protection.outlook.com,1,"AS8075 (MICROSOFT-CORP-MSN-AS-BLOCK, US)"
comm.23k.com,1,"AS395336 (MACST-ATL, US)"
mail.aonwin.com,1,"AS138915 (KAOPU-HK Kaopu Cloud HK Limited, HK)"
aonwin.net,1,"AS22612 (NAMECHEAP-NET, US)"
mail.anthropoemail.ru,1,"AS12586 (ASGHOSTNET, DE)"
mail.anthropogeic.com,1,"AS12586 (ASGHOSTNET, DE)"
mail.24mail.space,1,"AS51167 (CONTABO, DE)"
mail.anthropomomail.com,1,"AS12586 (ASGHOSTNET, DE)"
mx1.24mail.json.cm,1,"AS16276 (OVH, FR)"
aonwin.org,1,"AS22612 (NAMECHEAP-NET, US)"
24hourfitness-com.mail.protection.outlook.com,1,"AS8075 (MICROSOFT-CORP-MSN-AS-BLOCK, US)"
mail.apathistomail.com,1,"AS12586 (ASGHOSTNET, DE)"
mx99.ultimatedns.net,1,"AS11404 (AS-WAVE-1, US)"
24hour.email,1,"AS7684 (SAKURA-A SAKURA Internet Inc., JP)"
mail.apartotels.com,1,"AS60781 (LEASEWEB-NL-AMS-01 Netherlands, NL)"
mail.aphromail.com,1,"AS12586 (ASGHOSTNET, DE)"
anti-ronflement.info,1,"AS50474 (O2SWITCH, FR)"
mail.anticholineml.com,1,"AS12586 (ASGHOSTNET, DE)"
mail.antideemail.ru,1,"AS12586 (ASGHOSTNET, DE)"
melian.pentabarf.de,1,"AS24940 (HETZNER-AS, DE)"
mail.anticlima.ru,1,"AS12586 (ASGHOSTNET, DE)"
mx3.zoho.com,1,"AS2639 (ZOHO-AS, US)"
282mail.com,1,"AS133752 (LEASEWEB-APAC-HKG-10 LEASEWEB HONG KONG LIMITED, HK)"
mail.anticholimail.ru,1,"AS12586 (ASGHOSTNET, DE)"
mail.anticormail.com,1,"AS12586 (ASGHOSTNET, DE)"
mail.antifmail.ru,1,"AS12586 (ASGHOSTNET, DE)"
mail.antifrsmail.ru,1,"AS12586 (ASGHOSTNET, DE)"
antiferromail.com,1,"AS9123 (TIMEWEB-AS, RU)"
mail.antidotmail.ru,1,"AS12586 (ASGHOSTNET, DE)"
mail.24prm.ru,1,"AS8496 (RU-OPTIBIT, RU)"
2chmail.net,1,"AS131921 (GMOCL GMO GlobalSign Holdings K.K., JP)"
mail.2all.xyz,1,"AS60781 (LEASEWEB-NL-AMS-01 Netherlands, NL)"
mail.2clubx.com,1,"AS20857 (TRANSIP-AS Amsterdam, the Netherlands, NL)"
mail.antinli.com,1,"AS12586 (ASGHOSTNET, DE)"
2mailnext.com,1,"AS47583 (AS-HOSTINGER, CY)"
mx1.krystal.io,1,"AS12488 (KRYSTAL, GB)"
mx1.2kcr.win,1,"AS200107 (KL-EXT, CH)"
2odem.com,1,"AS47583 (AS-HOSTINGER, CY)"
mail1042.onamae.ne.jp,1,"AS58791 (GMOOSK-NET GMO Internet Group, Inc., JP)"
mail.2mailnext.top,1,"AS47583 (AS-HOSTINGER, CY)"
mail.antinuoemail.ru,1,"AS12586 (ASGHOSTNET, DE)"
server13.cloudswebserver.com,1,"AS151967 (DLIS-AS-AP DLITS, BD)"
2olb.com,1,"AS24940 (HETZNER-AS, DE)"
mail.2mail2.ru,1,"AS204490 (ASKONTEL, RU)"
mx1.2sbcglobal.net,1,"AS200107 (KL-EXT, CH)"
2var.com,1,"AS211126 (WHG-MEX, GB)"
mail.antiversum.de,1,"AS24940 (HETZNER-AS, DE)"
mx.2umail.org,1,"AS16276 (OVH, FR)"
2d-art.ru,1,"AS29182 (RU-JSCIOT, RU)"
mail.tdev.com.au,1,"AS133159 (MAMMOTHMEDIA-AS-AP Mammoth Media Pty Ltd, AU)"
chi.2xs.de,1,"AS3320 (DTAG Internet service provider operations, DE)"
simplemailserver.20minutemail.com,1,"AS31034 (ARUBA-ASN, IT)"
mail.360.delivery,1,"AS54641 (IMH-IAD, US)"
asp.anyance.com,1,"AS14061 (DIGITALOCEAN-ASN, US)"
mx.374kj.com,1,"AS14061 (DIGITALOCEAN-ASN, US)"
mail.anythinmail.com,1,"AS12586 (ASGHOSTNET, DE)"
mail.3060.nl,1,"AS24940 (HETZNER-AS, DE)"
360.industries,1,"AS22611 (INMOTION, US)"
mail.3fdn.com,1,"AS14061 (DIGITALOCEAN-ASN, US)"
3enrg.com,1,"AS7393 (CYBERCON, US)"
mail.360.moscow,1,"AS56740 (DATAHATA-AS, BY)"
mx1.eu.mailhop.org,1,"AS16509 (AMAZON-02, US)"
mx.3rdhour.com.cust.b.hostedemail.com,1,"AS32491 (TUCOWS-3, CA)"
418-se.mail.protection.outlook.com,1,"AS8075 (MICROSOFT-CORP-MSN-AS-BLOCK, US)"
mx.3nixmail.com,1,"AS16509 (AMAZON-02, US)"
mail.42o.org,1,"AS63949 (AKAMAI-LINODE-AP Akamai Connected Cloud, SG)"
mail.453000.win,1,"AS932 (XNNET, US)"
4charlotte-com.mail.protection.outlook.com,1,"AS8075 (MICROSOFT-CORP-MSN-AS-BLOCK, US)"
mail.45it.ru,1,"AS29182 (RU-JSCIOT, RU)"
c246.8899kk.net,1,"AS13335 (CLOUDFLARENET, US)"
mx.misk.com,1,"AS14618 (AMAZON-AES, US)"
4audiocassettes.com,1,"AS131965 (XSERVER Xserver Inc., JP)"
3dsgateway.eu,1,"AS5606 (GTS-BACKBONE GTS Telecom, RO)"
mail.4collectors.com,1,"AS16276 (OVH, FR)"
mail2.smtp99.com,1,"AS63949 (AKAMAI-LINODE-AP Akamai Connected Cloud, SG)"
mail.4kites.com,1,"AS398101 (GO-DADDY-COM-LLC, US)"
4hairloss.com,1,"AS29802 (HVC-AS, US)"
4finance-com.mail.protection.outlook.com,1,"AS8075 (MICROSOFT-CORP-MSN-AS-BLOCK, US)"
_dc-mx.119e2c4eba2a.24hrsshipping.com,1,
4meetings.com,1,"AS30083 (AS-30083-US-VELIA-NET, DE)"
mail.4hickory.com,1,"AS400754 (GO-DADDY-COM-LLC, US)"
4899w.com,1,"AS45102 (ALIBABA-CN-NET Alibaba US Technology Co., Ltd., CN)"
ipnet.internetpartners.com,1,"AS12033 (ASN-AT-12033, US)"
4signs-com.mail.protection.outlook.com,1,"AS8075 (MICROSOFT-CORP-MSN-AS-BLOCK, US)"
4flyfishing.com,1,"AS39566 (AS-SMARTHOST-, PL)"
4tucson-com.mail.protection.outlook.com,1,"AS8075 (MICROSOFT-CORP-MSN-AS-BLOCK, US)"
4plano.com,1,"AS33083 (AXCELX-NET, US)"
mx1.4prkrmmail.net,1,"AS200107 (KL-EXT, CH)"
mail.4warding.net,1,"AS24940 (HETZNER-AS, DE)"
mail.47t.de,1,"AS42730 (EVANZOAS, DE)"
mx-att.mail.am0.4ttmail.com,1,"AS14061 (DIGITALOCEAN-ASN, US)"
4pet.ro,1,"AS5606 (GTS-BACKBONE GTS Telecom, RO)"
mail.4memphis.com,1,"AS25563 (WEBLAND-AS CH-4142 Muenchenstein, CH)"
mail.4yoga.com,1,"AS24611 (DCLUX-AS Datacenter Luxembourg, LU)"
undercover-germany.in.tmes.trendmicro.eu,1,"AS16509 (AMAZON-02, US)"
50plusfitnesscenters.com,1,"AS16276 (OVH, FR)"
mail.51tiemo.com,1,"AS51167 (CONTABO, DE)"
mail.4sauna.ru,1,"AS35278 (SPRINTHOST, RU)"
mx.yuyclub.xyz,1,"AS16509 (AMAZON-02, US)"
mail.4x10.ru,1,"AS29182 (RU-JSCIOT, RU)"
2epf.com,1,"AS24940 (HETZNER-AS, DE)"
mail.5oz.ru,1,"AS39337 (CORPSOFT24, RU)"
mail3.5july.org,1,"AS8473 (BAHNHOF, SE)"
5minutetrip.com,1,"AS20857 (TRANSIP-AS Amsterdam, the Netherlands, NL)"
mx2.650dialup.com,1,"AS200107 (KL-EXT, CH)"
mail.668mail.com,1,"AS63949 (AKAMAI-LINODE-AP Akamai Connected Cloud, SG)"
mail.6974.click,1,"AS203446 (AS203446, GB)"
356930-xyz.mail.protection.outlook.com,1,"AS8075 (MICROSOFT-CORP-MSN-AS-BLOCK, US)"
mail.360email.online,1,"AS40021 (CONTABO-40021, US)"
mail.6ip.us,1,"AS24940 (HETZNER-AS, DE)"
688as.org,1,"AS20857 (TRANSIP-AS Amsterdam, the Netherlands, NL)"
mail.5tn.ru,1,"AS39134 (UNITEDNET, RU)"
mail.69v9.com,1,"AS40476 (SCALAHOSTING, US)"
mail.360spel.se,1,"AS206170 (INLEED, SE)"
mxbiz2.qq.com,1,"AS132203 (TENCENT-NET-AP-CN Tencent Building, Kejizhongyi Avenue, CN)"
7csthrive-com.mail.protection.outlook.com,1,"AS8075 (MICROSOFT-CORP-MSN-AS-BLOCK, US)"
mx6.799fu.com,1,
box.fidei.email,1,"AS47066 (PRGMR, US)"
mx2.zoho.com,1,"AS2639 (ZOHO-AS, US)"
7dewapoker.net,1,"AS22612 (NAMECHEAP-NET, US)"
mail.7mail.xyz,1,"AS204957 (GREENFLOID-AS, US)"
8191-at.mail.protection.outlook.com,1,"AS8075 (MICROSOFT-CORP-MSN-AS-BLOCK, US)"
yd6.168dns168.com,1,"AS209242 (CLOUDFLARESPECTRUM Cloudflare, Inc., US)"
mail.7magazinov.ru,1,
7899w.top,1,"AS45102 (ALIBABA-CN-NET Alibaba US Technology Co., Ltd., CN)"
789toto.org,1,"AS22612 (NAMECHEAP-NET, US)"
malibuzz.888tron.net,1,"AS51167 (CONTABO, DE)"
8723891.com,1,"AS37963 (ALIBABA-CN-NET Hangzhou Alibaba Advertising Co.,Ltd., CN)"
_dc-mx.07ec86aee63e.88trader.com,1,"AS20473 (AS-VULTR, US)"
mail.93re.com,1,"AS14061 (DIGITALOCEAN-ASN, US)"
emailhosting.webhostbd.com,1,"AS16276 (OVH, FR)"
mail.944.dog,1,"AS9009 (M247, RO)"
mxext2.mailbox.org,1,"AS199118 (HPLS-AS, DE)"
gmail-smtp-in.l.97gmail.com,1,"AS19318 (IS-AS-1, US)"
mail.93rus.myjino.ru,1,"AS8342 (RTCOMM-AS, RU)"
mail.972076222.xyz,1,"AS51167 (CONTABO, DE)"
mail.972076221.xyz,1,"AS51167 (CONTABO, DE)"
mail.972198405.xyz,1,"AS51167 (CONTABO, DE)"
mail.972198403.xyz,1,"AS51167 (CONTABO, DE)"
mail.972076224.xyz,1,"AS51167 (CONTABO, DE)"
mail.972076225.xyz,1,"AS51167 (CONTABO, DE)"
mail.972076223.xyz,1,"AS51167 (CONTABO, DE)"
mail.972198402.xyz,1,"AS51167 (CONTABO, DE)"
99pubblicita.com,1,"AS47583 (AS-HOSTINGER, CY)"
_dc-mx.25a89da950a8.999nudes.com,1,"AS209847 (THE, NL)"
mail.900k.es,1,"AS3352 (TELEFONICA_DE_ESPANA, ES)"
mail.99marks.com,1,"AS63023 (AS-GLOBALTELEHOST, US)"
99alternatives.com,1,"AS5089 (NTL, GB)"
mx.9oul.com,1,"AS14061 (DIGITALOCEAN-ASN, US)"
mail.7gr.pl,1,"AS41079 (CF-GDA, PL)"
mx1.9times.club,1,"AS200107 (KL-EXT, CH)"
a.lovepettoys.shop,1,"AS47583 (AS-HOSTINGER, CY)"
mail.99v8.com,1,"AS40476 (SCALAHOSTING, US)"
mail.a-b.co.za,1,"AS328037 (Elitehost, ZA)"
mail.a1b31.xyz,1,"AS399646 (DARTNODE, US)"
mail.a2qp.com,1,"AS14061 (DIGITALOCEAN-ASN, US)"
mx.aaamail.online,1,"AS35916 (MULTA-ASN1, US)"
mail.aa.earnlivez.net,1,"AS24940 (HETZNER-AS, DE)"
mail.a88i.fit,1,"AS22612 (NAMECHEAP-NET, US)"
mail.aaddweb.com,1,"AS14061 (DIGITALOCEAN-ASN, US)"
mail.a99z.com,1,"AS40476 (SCALAHOSTING, US)"
mx-in.808651.com,1,"AS16276 (OVH, FR)"
aaronlittles-com.mail.protection.outlook.com,1,"AS8075 (MICROSOFT-CORP-MSN-AS-BLOCK, US)"
mx.aaronboydarts.com,1,"AS14061 (DIGITALOCEAN-ASN, US)"
mail.aallaa.org,1,"AS47583 (AS-HOSTINGER, CY)"
mail.ab1.pl,1,"AS50599 (Autonomous System for Dataspace P.S.A., PL)"
planthree.seihappy.com,1,"AS399195 (PEG-KR, US)"
mx.abcnetworkingu.pl,1,"AS14061 (DIGITALOCEAN-ASN, US)"
mail.abdominmail.com,1,"AS12586 (ASGHOSTNET, DE)"
mail.abecmalis.com,1,"AS12586 (ASGHOSTNET, DE)"
abogadomall-com.mail.protection.outlook.com,1,"AS8075 (MICROSOFT-CORP-MSN-AS-BLOCK, US)"
mail.aberdoml.com,1,"AS12586 (ASGHOSTNET, DE)"
mail.abdomics.ru,1,"AS12586 (ASGHOSTNET, DE)"
mail.abiotiaemail.com,1,"AS12586 (ASGHOSTNET, DE)"
mail.abifmail.ru,1,"AS12586 (ASGHOSTNET, DE)"
mx.abonc.com,1,"AS14061 (DIGITALOCEAN-ASN, US)"
mail.abouse.space,1,"AS40021 (CONTABO-40021, US)"
mail.abioolml.ru,1,"AS12586 (ASGHOSTNET, DE)"
mail.abomifml.com,1,"AS12586 (ASGHOSTNET, DE)"
aboutfitness.net,1,"AS14061 (DIGITALOCEAN-ASN, US)"
aboodbab.com,1,"AS47583 (AS-HOSTINGER, CY)"
abshc-com.mail.protection.outlook.com,1,"AS8075 (MICROSOFT-CORP-MSN-AS-BLOCK, US)"
absolutecarefunerals.com,1,"AS20473 (AS-VULTR, US)"
mx.abogadosybienesraices.com,1,"AS16509 (AMAZON-02, US)"
abo-free.fr.nf,1,"AS16276 (OVH, FR)"
mail.absorbemail.com,1,"AS12586 (ASGHOSTNET, DE)"
ac-malin.fr.nf,1,"AS16276 (OVH, FR)"
_dc-mx.1c0c16a30e01.acanadianpharmacy.com,1,"AS22612 (NAMECHEAP-NET, US)"
mail.academic.edu.rs,1,"AS16276 (OVH, FR)"
mail.absorptiml.ru,1,"AS12586 (ASGHOSTNET, DE)"
accent.home.pl,1,"AS12824 (HOMEPL-AS, PL)"
accentri-com.mail.protection.outlook.com,1,"AS8075 (MICROSOFT-CORP-MSN-AS-BLOCK, US)"
mail.abysskl.ru,1,"AS12586 (ASGHOSTNET, DE)"
mail.acarmails.ru,1,"AS12586 (ASGHOSTNET, DE)"
academiccommunity.com,1,"AS398101 (GO-DADDY-COM-LLC, US)"
acchroma-com.mail.protection.outlook.com,1,"AS8075 (MICROSOFT-CORP-MSN-AS-BLOCK, US)"
mail.acatali.com,1,"AS12586 (ASGHOSTNET, DE)"
mail.accidentes.art,1,"AS46606 (UNIFIEDLAYER-AS-1, US)"
mail.acasabianca.com,1,"AS197712 (CDMON sistemes@cdmon.com, ES)"
mail.acccmail.com,1,"AS12586 (ASGHOSTNET, DE)"
mail.hooverboe.com,1,"AS24940 (HETZNER-AS, DE)"
mail.accommodemail.ru,1,"AS12586 (ASGHOSTNET, DE)"
mail.accidenolml.ru,1,"AS12586 (ASGHOSTNET, DE)"
mail.accidenmail.ru,1,"AS12586 (ASGHOSTNET, DE)"
mail.accommodate.top,1,"AS16276 (OVH, FR)"
mail.accountabmail.ru,1,"AS12586 (ASGHOSTNET, DE)"
mail.acdcdcmail.com,1,"AS12586 (ASGHOSTNET, DE)"
mail.accrementtomail.com,1,"AS12586 (ASGHOSTNET, DE)"
mail.accultura.ru,1,"AS12586 (ASGHOSTNET, DE)"
acexchange-com.mail.protection.outlook.com,1,"AS8075 (MICROSOFT-CORP-MSN-AS-BLOCK, US)"
mail.aceomail.com,1,"AS12586 (ASGHOSTNET, DE)"
mail.acemail.info,1,"AS47583 (AS-HOSTINGER, CY)"
mail.acetylcholininf.com,1,"AS12586 (ASGHOSTNET, DE)"
mail.acetolml.ru,1,"AS12586 (ASGHOSTNET, DE)"
mail.acetylcholinesmy.com,1,"AS12586 (ASGHOSTNET, DE)"
dalult3.hostarmada.net,1,"AS63949 (AKAMAI-LINODE-AP Akamai Connected Cloud, SG)"
acgmetals-com.mail.protection.outlook.com,1,"AS8075 (MICROSOFT-CORP-MSN-AS-BLOCK, US)"
acetylcholinmail.com,1,"AS9123 (TIMEWEB-AS, RU)"
mail.acetoamail.ru,1,"AS12586 (ASGHOSTNET, DE)"
9q.ro,1,"AS16276 (OVH, FR)"
acgsearch-com.mail.protection.outlook.com,1,"AS8075 (MICROSOFT-CORP-MSN-AS-BLOCK, US)"
mail.99email.xyz,1,"AS132203 (TENCENT-NET-AP-CN Tencent Building, Kejizhongyi Avenue, CN)"
9899w.top,1,"AS45102 (ALIBABA-CN-NET Alibaba US Technology Co., Ltd., CN)"
mx1.mailhop.us,1,"AS16509 (AMAZON-02, US)"
acipower-com.mail.protection.outlook.com,1,"AS8075 (MICROSOFT-CORP-MSN-AS-BLOCK, US)"
acne-com.mail.protection.outlook.com,1,"AS8075 (MICROSOFT-CORP-MSN-AS-BLOCK, US)"
mail.acetylcholgh.ru,1,"AS12586 (ASGHOSTNET, DE)"
mail.achergmail.ru,1,"AS12586 (ASGHOSTNET, DE)"
mx.acnonline.com,1,"AS29873 (BIZLAND-SD, US)"
mail.acidiaemail.com,1,"AS12586 (ASGHOSTNET, DE)"
mail.acidimail.com,1,"AS12586 (ASGHOSTNET, DE)"
amide.acnatu.com,1,"AS16276 (OVH, FR)"
acornautism-com.mail.protection.outlook.com,1,"AS8075 (MICROSOFT-CORP-MSN-AS-BLOCK, US)"
mail.acidimail.ru,1,"AS12586 (ASGHOSTNET, DE)"
mail.achieva.ru,1,"AS12586 (ASGHOSTNET, DE)"
mail.acoustoeml.ru,1,"AS12586 (ASGHOSTNET, DE)"
mail.acidimemails.ru,1,"AS12586 (ASGHOSTNET, DE)"
mail.acipensermail.ru,1,"AS12586 (ASGHOSTNET, DE)"
mail.acipensemail.ru,1,"AS12586 (ASGHOSTNET, DE)"
mail.acrofkml.com,1,"AS12586 (ASGHOSTNET, DE)"
colo1.acrewgame.com,1,"AS14061 (DIGITALOCEAN-ASN, US)"
mail.acropaml.ru,1,"AS12586 (ASGHOSTNET, DE)"
mail.acromimail.com,1,"AS12586 (ASGHOSTNET, DE)"
mail.achromml.ru,1,"AS12586 (ASGHOSTNET, DE)"
mail.acroparemail.com,1,"AS12586 (ASGHOSTNET, DE)"
acornsbristol.com,1,"AS34931 (AWARESOFT, GB)"
mail.acromiohli.com,1,"AS12586 (ASGHOSTNET, DE)"
mail.achromaemail.ru,1,"AS12586 (ASGHOSTNET, DE)"
mail.actrses.com,1,"AS47583 (AS-HOSTINGER, CY)"
mail.acrodermamail.ru,1,"AS12586 (ASGHOSTNET, DE)"
mail.a-sound.ru,1,"AS210079 (EUROBYTE, RU)"
mail.acromonomail.com,1,"AS12586 (ASGHOSTNET, DE)"
mail.activationn.com,1,"AS24940 (HETZNER-AS, DE)"
mail.redrool.com,1,"AS203020 (HOSTROYALE, IN)"
mail.acuntco.com,1,"AS47583 (AS-HOSTINGER, CY)"
mail.acucre.com,1,"AS47583 (AS-HOSTINGER, CY)"
mail.a348.cn,1,"AS132203 (TENCENT-NET-AP-CN Tencent Building, Kejizhongyi Avenue, CN)"
actarus.infos.st,1,"AS16276 (OVH, FR)"
mail.actinoptolml.ru,1,"AS12586 (ASGHOSTNET, DE)"
mail.actinfml.com,1,"AS12586 (ASGHOSTNET, DE)"
mail.actinometruby.ru,1,"AS12586 (ASGHOSTNET, DE)"
mailhost.adacautomotive.com,1,
mail.acuarun.com,1,"AS201446 (PROFESIONALHOSTING, ES)"
adamandeve.co.uk,1,
mail.actinomofmail.ru,1,"AS12586 (ASGHOSTNET, DE)"
mail.adaptix.cloud,1,"AS29802 (HVC-AS, US)"
acton-plumber-w3.co.uk,1,"AS42831 (UKSERVERS-AS UK Dedicated Servers, Hosting and Co-Location, GB)"
mail.acroscmail.ru,1,"AS12586 (ASGHOSTNET, DE)"
mail.adamanmail.com,1,"AS12586 (ASGHOSTNET, DE)"
mail.adamantoblli.com,1,"AS12586 (ASGHOSTNET, DE)"
_dc-mx.9e10927d5d9a.adaromania.com,1,"AS56851 (VPS-UA-AS, UA)"
mx1.adamastore.co,1,"AS200107 (KL-EXT, CH)"
mx.adaraluxury.com,1,"AS31034 (ARUBA-ASN, IT)"
mailstore1.addcious.com,1,"AS14061 (DIGITALOCEAN-ASN, US)"
addyoubooks.com,1,"AS20857 (TRANSIP-AS Amsterdam, the Netherlands, NL)"
mail.adeany.com,1,"AS14061 (DIGITALOCEAN-ASN, US)"
mail.adenocmail.com,1,"AS12586 (ASGHOSTNET, DE)"
mail.adenohypli.com,1,"AS12586 (ASGHOSTNET, DE)"
adiq-eu.mail.protection.outlook.com,1,"AS8075 (MICROSOFT-CORP-MSN-AS-BLOCK, US)"
adelaidecasino-com-au.mail.protection.outlook.com,1,"AS8075 (MICROSOFT-CORP-MSN-AS-BLOCK, US)"
mail.addique.com,1,"AS24940 (HETZNER-AS, DE)"
mx.b.locaweb.com.br,1,"AS27715 (Locaweb Servicos de Internet SA, BR)"
mail.actmail.store,1,"AS132203 (TENCENT-NET-AP-CN Tencent Building, Kejizhongyi Avenue, CN)"
mail.adenemail.ru,1,"AS12586 (ASGHOSTNET, DE)"
adamarket.my.id,1,"AS136052 (IDNIC-IDCLOUDHOST-AS-ID PT Cloud Hosting Indonesia, ID)"
mail.adiaphomail.com,1,"AS12586 (ASGHOSTNET, DE)"
admin4cloud-net.mail.protection.outlook.com,1,
admail.online,1,"AS14061 (DIGITALOCEAN-ASN, US)"
mail.adenorsmail.ru,1,"AS12586 (ASGHOSTNET, DE)"
mail.admint.club,1,"AS16276 (OVH, FR)"
mail.adenocmail.ru,1,"AS12586 (ASGHOSTNET, DE)"
mail.adenoidectmail.ru,1,"AS12586 (ASGHOSTNET, DE)"
mail.adjustmail.com,1,"AS12586 (ASGHOSTNET, DE)"
mail.admiration.site,1,"AS212477 (ROYALE-AS, NL)"
mail.adjudicaml.com,1,"AS12586 (ASGHOSTNET, DE)"
addy.thatxtreme.dev,1,"AS16276 (OVH, FR)"
mail.adjudmail.ru,1,"AS12586 (ASGHOSTNET, DE)"
mail.administramail.ru,1,"AS12586 (ASGHOSTNET, DE)"
mail.adminis.ru,1,"AS12586 (ASGHOSTNET, DE)"
mail.aaru-link.com,1,"AS931 (HYONIX, SG)"
mx1.adipex7z.com,1,"AS200107 (KL-EXT, CH)"
usa.mx1.mailanyone.net,1,"AS16509 (AMAZON-02, US)"
mail.admifml.com,1,"AS12586 (ASGHOSTNET, DE)"
mail.admirelimo.com,1,"AS46606 (UNIFIEDLAYER-AS-1, US)"
mail.admintoplist.com,1,"AS51167 (CONTABO, DE)"
mail.administramails.ru,1,"AS12586 (ASGHOSTNET, DE)"
mail.administraemail.ru,1,"AS12586 (ASGHOSTNET, DE)"
adoptioncrossroads-org.mail.protection.outlook.com,1,"AS8075 (MICROSOFT-CORP-MSN-AS-BLOCK, US)"
adresse.biz.st,1,"AS16276 (OVH, FR)"
mail.adrenocortmail.com,1,"AS12586 (ASGHOSTNET, DE)"
adolfhitlerspeeches.com,1,"AS46606 (UNIFIEDLAYER-AS-1, US)"
advanceclean-co-nz.mail.protection.outlook.com,1,"AS8075 (MICROSOFT-CORP-MSN-AS-BLOCK, US)"
mail.admonishebml.ru,1,"AS12586 (ASGHOSTNET, DE)"
mail.advgamer.cc,1,"AS45102 (ALIBABA-CN-NET Alibaba US Technology Co., Ltd., CN)"
mail.adolescjmail.ru,1,"AS12586 (ASGHOSTNET, DE)"
mail.advantagebussines.online,1,"AS203446 (AS203446, GB)"
mail.adulttoys.com,1,"AS20001 (TWC-20001-PACWEST, US)"
adresse.infos.st,1,"AS16276 (OVH, FR)"
mail.advitise.com,1,"AS14061 (DIGITALOCEAN-ASN, US)"
mail.adulfmals.com,1,"AS12586 (ASGHOSTNET, DE)"
mx.advokat-po-razvodam-v-mks-i-mo.ru,1,"AS13335 (CLOUDFLARENET, US)"
gator4259.hostgator.com,1,"AS19871 (NETWORK-SOLUTIONS-HOSTING, US)"
_dc-mx.4735341d96c9.aegis-conference.eu,1,"AS205275 (ROMARG, RO)"
mx.advokat-po-razvodam-v-mks.ru,1,"AS13335 (CLOUDFLARENET, US)"
mail.aerezzje.xyz,1,"AS24940 (HETZNER-AS, DE)"
mx-postz5r4.adviseity.com,1,"AS14061 (DIGITALOCEAN-ASN, US)"
mx.adzillastudio.com,1,"AS14061 (DIGITALOCEAN-ASN, US)"
aeai.com,1,"AS31898 (ORACLE-BMC-31898, US)"
mail.adsignifmail.com,1,"AS197695 (AS-REG, RU)"
mail.aethermails.com,1,"AS47583 (AS-HOSTINGER, CY)"
mail.aetheron.cfd,1,"AS203446 (AS203446, GB)"
mail.aerobicservice.com,1,"AS19871 (NETWORK-SOLUTIONS-HOSTING, US)"
mail.aeryn.shop,1,"AS51167 (CONTABO, DE)"
mail.aeroemmale.com,1,"AS12586 (ASGHOSTNET, DE)"
mail.laivue.com,1,"AS24940 (HETZNER-AS, DE)"
mail.aerosinfl.com,1,"AS12586 (ASGHOSTNET, DE)"
advancedequinedentistry.com,1,"AS38623 (VIETTELCAMBODIA-AS-AP ISPIXP IN CAMBODIA WITH THE BEST VERVICE IN THERE., KH)"
mail.aerotherapmail.ru,1,"AS12586 (ASGHOSTNET, DE)"
mail.aetiinf.com,1,"AS12586 (ASGHOSTNET, DE)"
afglca-com0i.mail.protection.outlook.com,1,"AS8075 (MICROSOFT-CORP-MSN-AS-BLOCK, US)"
mail.affairmail.com,1,"AS12586 (ASGHOSTNET, DE)"
a937749.mx.mailhop.org,1,"AS16509 (AMAZON-02, US)"
mx.afremails.com,1,"AS14061 (DIGITALOCEAN-ASN, US)"
afternic-com.mail.protection.outlook.com,1,"AS8075 (MICROSOFT-CORP-MSN-AS-BLOCK, US)"
advair-coupons.com,1,"AS37907 (DIGIROCK DigiRock, Inc., JP)"
mail.afmail.com,1,"AS13037 (ZEN-AS Zen Internet - UK, GB)"
mx.afunthingtodo.com,1,"AS29873 (BIZLAND-SD, US)"
afun-com.mail.protection.outlook.com,1,"AS8075 (MICROSOFT-CORP-MSN-AS-BLOCK, US)"
mail.afibfmail.ru,1,"AS12586 (ASGHOSTNET, DE)"
mx2.affricca.com,1,"AS200107 (KL-EXT, CH)"
mail.agamogeninf.com,1,"AS12586 (ASGHOSTNET, DE)"
mail.afterpoteeomail.ru,1,"AS12586 (ASGHOSTNET, DE)"
aghayeseo.com,1,"AS51026 (MOBINHOSTINFRASTRUCTURE, IR)"
affcats.com,1,"AS146943 (TIER4CLOU-AS Tier 4 Cloud Services, IN)"
mail.agathokamail.com,1,"AS12586 (ASGHOSTNET, DE)"
afw.fr.nf,1,"AS16276 (OVH, FR)"
mail.agglutinmail.ru,1,"AS12586 (ASGHOSTNET, DE)"
mx1.agedmail.com,1,"AS200107 (KL-EXT, CH)"
mail.agonirsmail.ru,1,"AS12586 (ASGHOSTNET, DE)"
mail.agammaglobulifmail.ru,1,"AS12586 (ASGHOSTNET, DE)"
agentoto4d.org,1,"AS21859 (ZEN-ECN, US)"
mail.absorbenty.pl,1,"AS50840 (AS-HITME, PL)"
m-13b.th.seeweb.it,1,
mail.bonggdalu.site,1,"AS22612 (NAMECHEAP-NET, US)"
mx.emea.email.fireeyecloud.com,1,"AS16509 (AMAZON-02, US)"
mail.boldtype.ink,1,"AS20473 (AS-VULTR, US)"
mail.boftm.com,1,"AS14061 (DIGITALOCEAN-ASN, US)"
_dc-mx.f72b326c5e9e.bol188.com,1,"AS14061 (DIGITALOCEAN-ASN, US)"
mail.boixi.com,1,"AS14061 (DIGITALOCEAN-ASN, US)"
bolatiga.com,1,"AS19318 (IS-AS-1, US)"
boneng-us.mail.protection.outlook.com,1,"AS8075 (MICROSOFT-CORP-MSN-AS-BLOCK, US)"
bola208.com,1,"AS22612 (NAMECHEAP-NET, US)"
mail.bolsosalpormayor.com,1,"AS24940 (HETZNER-AS, DE)"
mx2.boinkmas.top,1,"AS200107 (KL-EXT, CH)"
bokep.video,1,"AS58487 (CRI-AS-AP CV. Rumahweb Indonesia, ID)"
bonnellproject.org,1,"AS14061 (DIGITALOCEAN-ASN, US)"
booktonlook.com,1,"AS13335 (CLOUDFLARENET, US)"
mx6.bottesuggds.com,1,
spf0.boukshilf.com,1,"AS14061 (DIGITALOCEAN-ASN, US)"
mail.boun.cr,1,"AS14061 (DIGITALOCEAN-ASN, US)"
mx.bookwhiptrips.com,1,"AS16509 (AMAZON-02, US)"
box-co-uk.mail.protection.outlook.com,1,"AS8075 (MICROSOFT-CORP-MSN-AS-BLOCK, US)"
mail.booka.info,1,"AS50132 (WRG-AS, GB)"
mail.boxnavi.com,1,"AS14061 (DIGITALOCEAN-ASN, US)"
mail.boxformail.in,1,"AS24940 (HETZNER-AS, DE)"
mx1.boxa.host,1,"AS200107 (KL-EXT, CH)"
bookingzagreb.com,1,"AS12417 (DHH-AS, HR)"
mail.opsengine.net,1,"AS16276 (OVH, FR)"
mx1.boxmail.lol,1,"AS200107 (KL-EXT, CH)"
mail.boxmus.com,1,"AS55688 (BEON-AS-ID PT. Beon Intermedia, ID)"
mail.boxtemp.com.br,1,"AS63949 (AKAMAI-LINODE-AP Akamai Connected Cloud, SG)"
bpham.info,1,"AS25532 (MASTERHOST-AS Moscow, Russia, RU)"
bqm2dyl.com,1,"AS47583 (AS-HOSTINGER, CY)"
bqhonda.com,1,"AS47583 (AS-HOSTINGER, CY)"
mail.box-mail.ru,1,"AS204997 (FIRSTBYTE-AS, GB)"
bpornd.com,1,"AS27589 (MOJOHOST, US)"
mail.box-email.ru,1,"AS29182 (RU-JSCIOT, RU)"
br53dd.com,1,"AS7393 (CYBERCON, US)"
alt3.gmr-smtp-in.l.google.com,1,"AS15169 (GOOGLE, US)"
brainsworld-com.mail.protection.outlook.com,1,"AS8075 (MICROSOFT-CORP-MSN-AS-BLOCK, US)"
mx1.bqhost.top,1,"AS200107 (KL-EXT, CH)"
mailwall.digionline.de,1,"AS8220 (COLT COLT Technology Services Group Limited, GB)"
mail.boxppy.ru,1,"AS44094 (WEBHOST1-AS, RU)"
mx1.brand-app.biz,1,"AS200107 (KL-EXT, CH)"
mail.brajer.pl,1,"AS50599 (Autonomous System for Dataspace P.S.A., PL)"
_dc-mx.a2ccdc16c483.brasil-empresas.com,1,"AS56851 (VPS-UA-AS, UA)"
mail.gw.brainstorm.bg,1,"AS50020 (RACCOM-AS, BG)"
braw-com.mail.protection.outlook.com,1,"AS8075 (MICROSOFT-CORP-MSN-AS-BLOCK, US)"
mail.brasilybelleza.com,1,"AS12876 (Online SAS, FR)"
w2cdkcolo3.breaite.com,1,"AS14061 (DIGITALOCEAN-ASN, US)"
mx3.friendfinder.com,1,"AS25875 (VARIO, US)"
mail.breatheyou.in,1,"AS39287 (ABSTRACT, FI)"
brexiten.com,1,"AS7393 (CYBERCON, US)"
mail.boostoid.com,1,"AS63949 (AKAMAI-LINODE-AP Akamai Connected Cloud, SG)"
mail.bothriocepmil.ru,1,"AS12586 (ASGHOSTNET, DE)"
mail.breackmail.com,1,"AS12586 (ASGHOSTNET, DE)"
mail.bormasmail.com,1,"AS12586 (ASGHOSTNET, DE)"
mail.brachistocepmails.ru,1,"AS12586 (ASGHOSTNET, DE)"
mail.brachioinf.com,1,"AS12586 (ASGHOSTNET, DE)"
mail.bolivianomail.com,1,"AS12586 (ASGHOSTNET, DE)"
mail.bonsoirmail.com,1,"AS12586 (ASGHOSTNET, DE)"
mail.boldvisionmail.com,1,"AS12586 (ASGHOSTNET, DE)"
mail.bouterk.com,1,"AS12586 (ASGHOSTNET, DE)"
mail.bonjourfmail.com,1,"AS12586 (ASGHOSTNET, DE)"
mail.brachydsalo.ru,1,"AS12586 (ASGHOSTNET, DE)"
mail.boykmail.com,1,"AS12586 (ASGHOSTNET, DE)"
mail.brachioganmail.ru,1,"AS12586 (ASGHOSTNET, DE)"
mail.brevifomil.ru,1,"AS12586 (ASGHOSTNET, DE)"
bookz.site,1,"AS399250 (NAMEHERO-KCDC, US)"
mail.bricknellbarlow.co.uk,1,"AS16276 (OVH, FR)"
mail.boomito.com,1,"AS47583 (AS-HOSTINGER, CY)"
mail.braloon.com,1,"AS47583 (AS-HOSTINGER, CY)"
mail.boommail.online,1,"AS40021 (CONTABO-40021, US)"
bon-maison.com,1,"AS31898 (ORACLE-BMC-31898, US)"
mx1.booktoplady.com,1,"AS200107 (KL-EXT, CH)"
brightenmail.com,1,"AS47583 (AS-HOSTINGER, CY)"
briefcase-com.mail.protection.outlook.com,1,"AS8075 (MICROSOFT-CORP-MSN-AS-BLOCK, US)"
briarsgolf-com.mail.protection.outlook.com,1,"AS8075 (MICROSOFT-CORP-MSN-AS-BLOCK, US)"
brighterbay-com.mail.protection.outlook.com,1,"AS8075 (MICROSOFT-CORP-MSN-AS-BLOCK, US)"
brickrodeosteam.org,1,"AS16509 (AMAZON-02, US)"
257083856.pamx1.hotmail.com,1,"AS8075 (MICROSOFT-CORP-MSN-AS-BLOCK, US)"
mail.brightpathassociates.com,1,"AS14061 (DIGITALOCEAN-ASN, US)"
_dc-mx.30d045945563.brillob.com,1,"AS141995 (CAPL-AS-AP Contabo Asia Private Limited, SG)"
brite-mail.com,1,"AS20860 (IOMART-AS, GB)"
level3mx.brokenion.com,1,"AS14061 (DIGITALOCEAN-ASN, US)"
mail.brightfuturemail.com,1,"AS12586 (ASGHOSTNET, DE)"
dnsmx.broothi.com,1,"AS14061 (DIGITALOCEAN-ASN, US)"
d277939a.ess.barracudanetworks.com,1,"AS16509 (AMAZON-02, US)"
mx1.brinkvideo.win,1,"AS200107 (KL-EXT, CH)"
brite.email,1,"AS20860 (IOMART-AS, GB)"
mx1.hc5744-77.iphmx.com,1,"AS16417 (IRONPORT-SYSTEMS-INC, US)"
mail.brkngbdmail.com,1,"AS12586 (ASGHOSTNET, DE)"
colo1.brrval.com,1,"AS14061 (DIGITALOCEAN-ASN, US)"
browardworkshop-com.mail.protection.outlook.com,1,"AS8075 (MICROSOFT-CORP-MSN-AS-BLOCK, US)"
mx.freenet.de,1,"AS8648 (ONE-NETWORK, DE)"
mail.bsaloving.com,1,"AS47583 (AS-HOSTINGER, CY)"
smtp.brunosamericangrill.com,1,"AS16276 (OVH, FR)"
edge.bruhdanmail.in.ua,1,"AS20473 (AS-VULTR, US)"
mail.bsget.com,1,"AS16276 (OVH, FR)"
mx2.bseomail.com,1,"AS200107 (KL-EXT, CH)"
mail.bronix.ru,1,"AS48716 (PSKZ-ALA, KZ)"
mail3.bsnow.net,1,
pop3.bstmail.com,1,"AS401696 (COGNETCLOUD, US)"
broadnetalliance.org,1,"AS200313 (INTERNET-IT, VG)"
btgroupcloud-mail-onmicrosoft-com.mail.protection.outlook.com,1,"AS8075 (MICROSOFT-CORP-MSN-AS-BLOCK, US)"
mail.bozev.com,1,"AS132203 (TENCENT-NET-AP-CN Tencent Building, Kejizhongyi Avenue, CN)"
helium.btintermet.com,1,"AS14061 (DIGITALOCEAN-ASN, US)"
mail.buidoicholon.space,1,"AS22612 (NAMECHEAP-NET, US)"
mail01.buchananinbox.com,1,"AS36351 (SOFTLAYER, US)"
mx2.btintinternet.com,1,"AS200107 (KL-EXT, CH)"
mx.building-bridges.com.cust.a.hostedemail.com,1,
mx1.hostinger.co.uk,1,"AS13335 (CLOUDFLARENET, US)"
mail.buckscasino.info,1,"AS209605 (HOSTBALTIC, LT)"
mx1.mirohost.net,1,"AS25393 (MIROHOST, US)"
btconnect-com.mail.eo.outlook.com,1,"AS8075 (MICROSOFT-CORP-MSN-AS-BLOCK, US)"
tarpit.bumpymail.com,1,
a311514.mx.mailhop.org,1,"AS16509 (AMAZON-02, US)"
smtp.gwh.cz,1,"AS48364 (ACVYSKOV-AS, CZ)"
mail.buffsmail.com,1,"AS12586 (ASGHOSTNET, DE)"
mail.bulksmsmobilemarketing.com,1,"AS18501 (JOESD-18501, US)"
mail.bune.pw,1,"AS24940 (HETZNER-AS, DE)"
buerkle-schoeck-de.mail.cloud.nospamproxy.com,1,"AS16509 (AMAZON-02, US)"
mx2.bugmenever.com,1,"AS200107 (KL-EXT, CH)"
mail.budporady.site,1,"AS56485 (THEHOST-AS, UA)"
laptopdaihocquocgia.com,1,"AS18403 (FPT-AS-AP FPT Telecom Company, VN)"
mail.bulletsmail.com,1,"AS12586 (ASGHOSTNET, DE)"
mail.businessinfoservicess.com,1,"AS212317 (HETZNER-CLOUD3-AS, DE)"
businessmailsystem.com,1,"AS32244 (LIQUIDWEB, US)"
_dc-mx.a8fe081fcf40.businessinboxpro.com,1,"AS18450 (WEBNX, US)"
buhori.cloud,1,"AS63949 (AKAMAI-LINODE-AP Akamai Connected Cloud, SG)"
mail.burnermail.io,1,"AS63949 (AKAMAI-LINODE-AP Akamai Connected Cloud, SG)"
mail.butter9x.com,1,"AS47583 (AS-HOSTINGER, CY)"
mail.busyresourcebroker.info,1,"AS8075 (MICROSOFT-CORP-MSN-AS-BLOCK, US)"
mxdm-us-east-1.aliyun.com,1,"AS45102 (ALIBABA-CN-NET Alibaba US Technology Co., Ltd., CN)"
mail.bureaucraemail.ru,1,"AS12586 (ASGHOSTNET, DE)"
_dc-mx.59c2aa086812.buy-steroids-europe.net,1,"AS30475 (WEHOSTWEBSITES-COM, US)"
mail.burgermailcomp.com,1,"AS9009 (M247, RO)"
mx.buygolfmall.com,1,"AS14061 (DIGITALOCEAN-ASN, US)"
buyblindsnow-com.mail.protection.outlook.com,1,"AS8075 (MICROSOFT-CORP-MSN-AS-BLOCK, US)"
mail.buyteen.com,1,"AS22612 (NAMECHEAP-NET, US)"
buymotors-online.mail.protection.outlook.com,1,"AS8075 (MICROSOFT-CORP-MSN-AS-BLOCK, US)"
mail.buysrilanka.com,1,"AS53667 (PONYNET, US)"
domain-hk-1.cuiqiu.net,1,"AS132203 (TENCENT-NET-AP-CN Tencent Building, Kejizhongyi Avenue, CN)"
buymoreplays.com,1,"AS40279 (FORESTRACKS, US)"
mail.burnerinbox.net,1,"AS24940 (HETZNER-AS, DE)"
mail.bwmyga.com,1,"AS24940 (HETZNER-AS, DE)"
mail.bvxmail.com,1,"AS16509 (AMAZON-02, US)"
mail.byagu.com,1,"AS14061 (DIGITALOCEAN-ASN, US)"
mail.byon.in,1,"AS55688 (BEON-AS-ID PT. Beon Intermedia, ID)"
mail.bytedump.online,1,"AS24940 (HETZNER-AS, DE)"
mail.bus-motors.com,1,"AS29182 (RU-JSCIOT, RU)"
mail.bypass.city,1,"AS30823 (AUROLOGIC aurologic GmbH, DE)"
buyvaltrexonline.store,1,"AS38623 (VIETTELCAMBODIA-AS-AP ISPIXP IN CAMBODIA WITH THE BEST VERVICE IN THERE., KH)"
bytesundbeats.de,1,"AS34788 (NMM-AS D - 02742 Friedersdorf Hauptstrasse 68, DE)"
mx.poczta.onet.pl,1,"AS12990 (ONET-PL-AS1 Onet.pl portal network, PL)"
c.lovepettoys.shop,1,"AS47583 (AS-HOSTINGER, CY)"
mail.bruson.ru,1,"AS44094 (WEBHOST1-AS, RU)"
c21service.com,1,"AS36351 (SOFTLAYER, US)"
mail.c7fk799.com,1,"AS47583 (AS-HOSTINGER, CY)"
cust28976-1.in.mailcontrol.com,1,"AS44444 (FORCEPOINT-CLOUD-AS, GB)"
mail.bystrovozvodimye-zdanija-moskva.ru,1,"AS44094 (WEBHOST1-AS, RU)"
mail.apostv.com,1,"AS14061 (DIGITALOCEAN-ASN, US)"
caca69.com,1,"AS396356 (LATITUDE-SH, US)"
post.cablegateast.com,1,"AS14061 (DIGITALOCEAN-ASN, US)"
mail.cafesui.com,1,"AS14061 (DIGITALOCEAN-ASN, US)"
c-eric.fr.nf,1,"AS16276 (OVH, FR)"
mail.appc.se,1,"AS14061 (DIGITALOCEAN-ASN, US)"
mxb-00143702.gslb.pphosted.com,1,"AS22843 (PROOFPOINT-ASN-US-EAST, US)"
mail.apothegmmail.com,1,"AS12586 (ASGHOSTNET, DE)"
cabiste.fr.nf,1,"AS16276 (OVH, FR)"
apple.edu.pl,1,"AS20068 (HAWKHOST, CA)"
mail.caftee.com,1,"AS14061 (DIGITALOCEAN-ASN, US)"
applegift-xyz.mail.protection.outlook.com,1,"AS8075 (MICROSOFT-CORP-MSN-AS-BLOCK, US)"
mail.apothegmaml.com,1,"AS12586 (ASGHOSTNET, DE)"
mail.cajacket.com,1,"AS14061 (DIGITALOCEAN-ASN, US)"
mail.apothegmfmail.ru,1,"AS12586 (ASGHOSTNET, DE)"
mail.caciocaruby.ru,1,"AS12586 (ASGHOSTNET, DE)"
mail.caesalpiml.ru,1,"AS12586 (ASGHOSTNET, DE)"
mail.appeasablomail.com,1,"AS12586 (ASGHOSTNET, DE)"
mx6.apranakikitoto.pw,1,
mail.caesalfml.ru,1,"AS12586 (ASGHOSTNET, DE)"
appmail.uk,1,"AS7506 (INTERQ GMO Internet Group, Inc., JP)"
aprice-co.mail.protection.outlook.com,1,
mail.c2.hu,1,"AS51920 (VIVACOM, HU)"
d261192a.ess.barracudanetworks.com,1,"AS16509 (AMAZON-02, US)"
mail.c-cenfirman.com,1,"AS16276 (OVH, FR)"
mail.apothegmmail.ru,1,"AS12586 (ASGHOSTNET, DE)"
caliburn-us.mail.protection.outlook.com,1,"AS8075 (MICROSOFT-CORP-MSN-AS-BLOCK, US)"
mail.aprte.com,1,"AS14061 (DIGITALOCEAN-ASN, US)"
mail.apothmals.ru,1,"AS12586 (ASGHOSTNET, DE)"
mail.appositmail.com,1,"AS12586 (ASGHOSTNET, DE)"
mx.c63u.com,1,"AS31034 (ARUBA-ASN, IT)"
mx1.hc56-19.eu.iphmx.com,1,"AS30238 (AS-IRONP-VEGA, US)"
mail.appreciativmfri.com,1,"AS12586 (ASGHOSTNET, DE)"
mail.calcinfml.com,1,"AS12586 (ASGHOSTNET, DE)"
mail.approxima.ru,1,"AS12586 (ASGHOSTNET, DE)"
mail.appendicectmail.ru,1,"AS12586 (ASGHOSTNET, DE)"
aprinta-com.mail.protection.outlook.com,1,"AS8075 (MICROSOFT-CORP-MSN-AS-BLOCK, US)"
mail.approxitomail.com,1,"AS12586 (ASGHOSTNET, DE)"
box.netevasion.com,1,"AS12876 (Online SAS, FR)"
mail.appreciati.ru,1,"AS12586 (ASGHOSTNET, DE)"
mail.calciovolbomails.ru,1,"AS12586 (ASGHOSTNET, DE)"
mail.calelectmail.ru,1,"AS12586 (ASGHOSTNET, DE)"
mail.camaloon.net,1,"AS24940 (HETZNER-AS, DE)"
mail.calumnifml.com,1,"AS12586 (ASGHOSTNET, DE)"
mail.appremails.ru,1,"AS12586 (ASGHOSTNET, DE)"
mail.caligimails.ru,1,"AS12586 (ASGHOSTNET, DE)"
campbellnet-ca.mail.protection.outlook.com,1,"AS8075 (MICROSOFT-CORP-MSN-AS-BLOCK, US)"
calima.asso.st,1,"AS16276 (OVH, FR)"
mail.caltiger.net.in,1,"AS16509 (AMAZON-02, US)"
mail.camisetascomohongos.com,1,"AS49635 (CLOUDING, ES)"
mx-inx.campatar.com,1,"AS14061 (DIGITALOCEAN-ASN, US)"
mail.apvsbrasil.com.br,1,"AS8075 (MICROSOFT-CORP-MSN-AS-BLOCK, US)"
mail.apps.dj,1,"AS36351 (SOFTLAYER, US)"
mail.arcadein.com,1,"AS14061 (DIGITALOCEAN-ASN, US)"
loopback.internic.ca,1,
mail.arbumasa.com,1,"AS10834 (Telefonica de Argentina, AR)"
mail.arachmail.com,1,"AS12586 (ASGHOSTNET, DE)"
apsit.in.tmes.trendmicro.eu,1,"AS16509 (AMAZON-02, US)"
mail.aranefml.com,1,"AS12586 (ASGHOSTNET, DE)"
mail.campus.agp.edu.pl,1,"AS16276 (OVH, FR)"
mail.canadianpharmacylist.com,1,"AS209605 (HOSTBALTIC, LT)"
mail.calculator.city,1,"AS31898 (ORACLE-BMC-31898, US)"
mail.canadiamail.ru,1,"AS12586 (ASGHOSTNET, DE)"
mail.archaeolli.com,1,"AS12586 (ASGHOSTNET, DE)"
mx-asp.arcleti.com,1,"AS14061 (DIGITALOCEAN-ASN, US)"
mx2.canadianpharmacyseo.us,1,"AS200107 (KL-EXT, CH)"
mail.archiepiscopaml.com,1,"AS12586 (ASGHOSTNET, DE)"
mail.apsis-audit.com,1,"AS16276 (OVH, FR)"
_dc-mx.b5483bb4bd27.candymail.app,1,"AS18450 (WEBNX, US)"
callmemaximillian.kylos.pl,1,"AS203417 (LH, PL)"
mail.archaeoloruby.ru,1,"AS12586 (ASGHOSTNET, DE)"
mail.archeologmails.ru,1,"AS12586 (ASGHOSTNET, DE)"
mail.archaeolfml.ru,1,"AS12586 (ASGHOSTNET, DE)"
mail.architersmail.ru,1,"AS12586 (ASGHOSTNET, DE)"
mail.canalemail.ru,1,"AS12586 (ASGHOSTNET, DE)"
mail.argumentativethesis.com,1,"AS209605 (HOSTBALTIC, LT)"
webmail.aretacollege.com,1,"AS135450 (IDNIC-BSTI-AS-ID PT Berkah Solusi Teknologi Informasi, ID)"
mail.arends.com.au,1,"AS133159 (MAMMOTHMEDIA-AS-AP Mammoth Media Pty Ltd, AU)"
mail.arcompus.net,1,"AS59580 (BATTERFLYAIMEDIA-AS, RU)"
mail.cantilevomail.ru,1,"AS12586 (ASGHOSTNET, DE)"
mail.cannasemail.com,1,"AS12586 (ASGHOSTNET, DE)"
mail.argentfmail.com,1,"AS12586 (ASGHOSTNET, DE)"
mail.candymail.de,1,"AS24940 (HETZNER-AS, DE)"
mx.canvasaffiliate.com,1,"AS9009 (M247, RO)"
mx.caotuanhung.shop,1,"AS20473 (AS-VULTR, US)"
area-thinking.de,1,"AS1299 (TWELVE99 Arelion, fka Telia Carrier, SE)"
arisecreation-com.mail.protection.outlook.com,1,
mail.areometruby.ru,1,"AS12586 (ASGHOSTNET, DE)"
arifmahmud-com.mail.protection.outlook.com,1,"AS8075 (MICROSOFT-CORP-MSN-AS-BLOCK, US)"
arimaclanka-com.mail.protection.outlook.com,1,"AS8075 (MICROSOFT-CORP-MSN-AS-BLOCK, US)"
mail.areorsmail.ru,1,"AS12586 (ASGHOSTNET, DE)"
mail.arimidex.website,1,"AS46606 (UNIFIEDLAYER-AS-1, US)"
mail.argumenils.ru,1,"AS12586 (ASGHOSTNET, DE)"
trymonocle-com.mail.protection.outlook.com,1,"AS8075 (MICROSOFT-CORP-MSN-AS-BLOCK, US)"
arisenet-com.mail.protection.outlook.com,1,"AS8075 (MICROSOFT-CORP-MSN-AS-BLOCK, US)"
mail.capabiml.com,1,"AS12586 (ASGHOSTNET, DE)"
mail.arhshtab.ru,1,"AS210079 (EUROBYTE, RU)"
mail.aridasarip.ru,1,"AS200487 (OOOVPS-AS, RU)"
mail.aristemail.ru,1,"AS12586 (ASGHOSTNET, DE)"
mail.arkansasland.us,1,"AS63410 (PRIVATESYSTEMS, US)"
mail.capitalimail.com,1,"AS40021 (CONTABO-40021, US)"
capitalandco-net.mail.protection.outlook.com,1,"AS8075 (MICROSOFT-CORP-MSN-AS-BLOCK, US)"
ariesqq.com,1,"AS212238 (CDNEXT, GB)"
mail.arktico.com,1,"AS14061 (DIGITALOCEAN-ASN, US)"
_dc-mx.be8e21ca4e2e.capitanlulu.site,1,"AS216071 (VDSINA, AE)"
mail.arlingtonwire.com,1,"AS40021 (CONTABO-40021, US)"
mail.arithmmail.ru,1,"AS12586 (ASGHOSTNET, DE)"
mx.mail.hosting-russia.ru,1,"AS202984 (TEAM-HOST AS, RU)"
armada4d.net,1,"AS22612 (NAMECHEAP-NET, US)"
mail.capitalistiaemail.com,1,"AS12586 (ASGHOSTNET, DE)"
capld-org.mail.protection.outlook.com,1,"AS8075 (MICROSOFT-CORP-MSN-AS-BLOCK, US)"
mail.armadilmail.com,1,"AS12586 (ASGHOSTNET, DE)"
mx1.safeserverhost.com,1,"AS32748 (STEADFAST, US)"
mail.capsulomail.com,1,"AS12586 (ASGHOSTNET, DE)"
mail.caprifrsmail.ru,1,"AS12586 (ASGHOSTNET, DE)"
mail.armind.com,1,"AS60781 (LEASEWEB-NL-AMS-01 Netherlands, NL)"
caramailmx.d3vs.net,1,"AS16276 (OVH, FR)"
mail.caraff.com,1,"AS20857 (TRANSIP-AS Amsterdam, the Netherlands, NL)"
www.armstrongbuildings.com,1,
mail.carabifmail.ru,1,"AS12586 (ASGHOSTNET, DE)"
mail.caramelisalo.ru,1,"AS12586 (ASGHOSTNET, DE)"
mail.armp-rdc.cd,1,"AS210403 (LWS, FR)"
mail.caravemail.ru,1,"AS12586 (ASGHOSTNET, DE)"
mail.caramelizmail.ru,1,"AS12586 (ASGHOSTNET, DE)"
mail.carbonysemail.com,1,"AS12586 (ASGHOSTNET, DE)"
mail.carcinmail.com,1,"AS12586 (ASGHOSTNET, DE)"
mail.carbohemo.ru,1,"AS12586 (ASGHOSTNET, DE)"
mx1.hostinger.pl,1,"AS13335 (CLOUDFLARENET, US)"
mail.ars-invest.ru,1,"AS9032 (LIDER-RF-DC Moscow, Russia, RU)"
mail.cardemail.ru,1,"AS12586 (ASGHOSTNET, DE)"
mail.cardiemail.ru,1,"AS12586 (ASGHOSTNET, DE)"
mail.carcinosarceomail.ru,1,"AS12586 (ASGHOSTNET, DE)"
mail.carcinosamails.ru,1,"AS12586 (ASGHOSTNET, DE)"
mail.cardiohmail.com,1,"AS12586 (ASGHOSTNET, DE)"
mail.carcinosmails.ru,1,"AS12586 (ASGHOSTNET, DE)"
mail.arsenothfmail.com,1,"AS12586 (ASGHOSTNET, DE)"
mail.arsenmail.ru,1,"AS12586 (ASGHOSTNET, DE)"
mail.appsmail.me,1,"AS14061 (DIGITALOCEAN-ASN, US)"
mail.cardioce.ru,1,"AS12586 (ASGHOSTNET, DE)"
mail.cardiorsmail.ru,1,"AS12586 (ASGHOSTNET, DE)"
mail.artamebel.ru,1,"AS44094 (WEBHOST1-AS, RU)"
mail.candcluton.com,1,"AS7979 (SERVERS-COM, US)"
mail.arteriormail.com,1,"AS12586 (ASGHOSTNET, DE)"
mail.arterimail.ru,1,"AS12586 (ASGHOSTNET, DE)"
mail.buy.tj,1,"AS9123 (TIMEWEB-AS, RU)"
mail.arteriomail.ru,1,"AS12586 (ASGHOSTNET, DE)"
carinamiranda.org,1,"AS32613 (IWEB-AS, CA)"
_dc-mx.eac220afbfed.artificialintelligence.productions,1,"AS22612 (NAMECHEAP-NET, US)"
carioca.biz.st,1,"AS16276 (OVH, FR)"
mx.artificialbelligerence.com,1,"AS29873 (BIZLAND-SD, US)"
mail.artisanbooth.com,1,"AS398101 (GO-DADDY-COM-LLC, US)"
a365677.mx.mailhop.org,1,"AS16509 (AMAZON-02, US)"
fortimail.cafe24.com,1,"AS4766 (KIXS-AS-KR Korea Telecom, KR)"
mail.c-dominicfrance.com,1,
mail.caldrexa.cfd,1,
mail.artificismail.com,1,"AS12586 (ASGHOSTNET, DE)"
mail.carloszbs.ru,1,"AS44094 (WEBHOST1-AS, RU)"
mxa-0072c901.gslb.pphosted.com,1,"AS52129 (PROOFPOINT-ASN-EU, US)"
mail.carolinensielkarte.click,1,"AS51167 (CONTABO, DE)"
mail.carolinensielwebcam.click,1,"AS51167 (CONTABO, DE)"
mx1c1.camcast.net,1,
carrosusadoscostarica.com,1,"AS22612 (NAMECHEAP-NET, US)"
cam4you.cc,1,"AS51191 (XIRRA, DE)"
camgirls.de,1,"AS51191 (XIRRA, DE)"
arumail.com,1,"AS63018 (DEDICATED, US)"
mail.carpometacmail.ru,1,"AS12586 (ASGHOSTNET, DE)"
mail.arbitrazhnyee-yuristy.ru,1,
arwana21.net,1,"AS396356 (LATITUDE-SH, US)"
mx1.cartone.fun,1,"AS200107 (KL-EXT, CH)"
arwana21.org,1,"AS212238 (CDNEXT, GB)"
mail.arytenfmail.ru,1,"AS12586 (ASGHOSTNET, DE)"
mail.card.zp.ua,1,"AS15738 (UAEXPRESS Ukraine, UA)"
calibra-travel.com,1,"AS63949 (AKAMAI-LINODE-AP Akamai Connected Cloud, SG)"
mail.care.gettravellersrest.click,1,"AS51167 (CONTABO, DE)"
mail.ariagate.com,1,"AS212552 (BITCOMMAND, AM)"
mail.cardmails.ru,1,"AS12586 (ASGHOSTNET, DE)"
aspmx.l.google.com.asanatest1.us,1,
mail.carwow.click,1,"AS51167 (CONTABO, DE)"
mx.turkticaret.net,1,"AS197720 (TURKTICARET-AS1, TR)"
mail.caryophylmale.com,1,"AS12586 (ASGHOSTNET, DE)"
asamail-com.mail.protection.outlook.com,1,"AS8075 (MICROSOFT-CORP-MSN-AS-BLOCK, US)"
mail.caryopsemail.com,1,"AS12586 (ASGHOSTNET, DE)"
mail.caryopfmail.ru,1,"AS12586 (ASGHOSTNET, DE)"
mail.casadmail.com,1,"AS12586 (ASGHOSTNET, DE)"
asbeauty-com.mail.protection.outlook.com,1,"AS8075 (MICROSOFT-CORP-MSN-AS-BLOCK, US)"
mxa-0005a803.gslb.pphosted.com,1,"AS26211 (PROOFPOINT-ASN-US-WEST, US)"
mail37.capytumbum.online,1,"AS149124 (THANHPHAT-VN WEBPX SOFTWARE COMPANY LIMITED, VN)"
cash128.com,1,"AS212238 (CDNEXT, GB)"
cashflow-com.mail.protection.outlook.com,1,"AS8075 (MICROSOFT-CORP-MSN-AS-BLOCK, US)"
cashadvanceqmvt.com,1,"AS16276 (OVH, FR)"
mail.ascidi.ru,1,"AS12586 (ASGHOSTNET, DE)"
mail.asdfsdfjrmail.com,1,"AS14061 (DIGITALOCEAN-ASN, US)"
mx.asdfsdfjrmail.net,1,"AS14061 (DIGITALOCEAN-ASN, US)"
mail.asbomsk.ru,1,"AS51659 (ASBAXET, RU)"
mx1.asdfooff.org,1,"AS200107 (KL-EXT, CH)"
mx.asdooeemail.net,1,"AS14061 (DIGITALOCEAN-ASN, US)"
mail.asdasd.nl,1,"AS24940 (HETZNER-AS, DE)"
mail.casinocashstars.com,1,"AS209605 (HOSTBALTIC, LT)"
grupocasinoclub.in.tmes.trendmicro.com,1,"AS14618 (AMAZON-AES, US)"
casino-org.mail.protection.outlook.com,1,"AS8075 (MICROSOFT-CORP-MSN-AS-BLOCK, US)"
casinocanberra-com-au.mail.protection.outlook.com,1,"AS8075 (MICROSOFT-CORP-MSN-AS-BLOCK, US)"
casinocosmopol-se.mail.protection.outlook.com,1,"AS8075 (MICROSOFT-CORP-MSN-AS-BLOCK, US)"
mail.casino.guru,1,"AS24940 (HETZNER-AS, DE)"
casinodeparis-fr.mail.protection.outlook.com,1,"AS8075 (MICROSOFT-CORP-MSN-AS-BLOCK, US)"
casinogranmadrid-es.mail.protection.outlook.com,1,"AS8075 (MICROSOFT-CORP-MSN-AS-BLOCK, US)"
casinogm-es.mail.protection.outlook.com,1,"AS8075 (MICROSOFT-CORP-MSN-AS-BLOCK, US)"
_dc-mx.bc97e9445fed.casinollo.com,1,"AS59939 (WIBO-AS, LT)"
mailserver.casinofootball.co.uk,1,"AS8560 (IONOS-AS This is the joint network for IONOS, Fasthosts, Arsys, 1&1 Mail and Media and 1&1 Telecom. Formerly known as 1&1 Internet SE., DE)"
aseq-com.mail.protection.outlook.com,1,"AS8075 (MICROSOFT-CORP-MSN-AS-BLOCK, US)"
casinodavos-ch.mail.protection.outlook.com,1,"AS8075 (MICROSOFT-CORP-MSN-AS-BLOCK, US)"
mail.casinonair.com,1,"AS209605 (HOSTBALTIC, LT)"
mail.casinocorfu.gr,1,"AS55293 (A2HOSTING, US)"
mail.artesyn-power.ru,1,"AS35278 (SPRINTHOST, RU)"
mail.asfdasd.com,1,"AS14061 (DIGITALOCEAN-ASN, US)"
_dc-mx.b880d31aa2cf.asfalio.com,1,"AS19318 (IS-AS-1, US)"
4bf503015dfe70562352127556e1c2cd\@inbound.postmarkapp.com,1,"AS23352 (SERVERCENTRAL, US)"
mail.casinopokergambleing.com,1,"AS13335 (CLOUDFLARENET, US)"
casinoflorinas.gr,1,"AS42831 (UKSERVERS-AS UK Dedicated Servers, Hosting and Co-Location, GB)"
casinos-at.mail.protection.outlook.com,1,"AS8075 (MICROSOFT-CORP-MSN-AS-BLOCK, US)"
mail.casinorodos.gr,1,"AS6799 (OTENET-GR Athens - Greece, GR)"
mx1.fastmail.gr,1,"AS24940 (HETZNER-AS, DE)"
casinoshaman.com,1,"AS8860 (DELTA-BG-AS, BG)"
_dc-mx.fc42122cdc24.cassiawilliamsrealestateagentallentx.com,1,"AS47583 (AS-HOSTINGER, CY)"
mail.ashiro.biz,1,"AS214481 (WCZAPKOWICZ-AS as214481as-wczapkowicz Chunkserve Backbone Transit, PL)"
mail.artisemail.com,1,"AS12586 (ASGHOSTNET, DE)"
mail.casualdx.com,1,"AS14061 (DIGITALOCEAN-ASN, US)"
cloudscan12.ilger.com,1,"AS12874 (FASTWEB, IT)"
ashford-plumbers.co.uk,1,"AS42831 (UKSERVERS-AS UK Dedicated Servers, Hosting and Co-Location, GB)"
casinosabordehogar.cl,1,"AS10834 (Telefonica de Argentina, AR)"
mail.casualtyfmail.com,1,"AS12586 (ASGHOSTNET, DE)"
catalystnetwork-info.mail.protection.outlook.com,1,"AS8075 (MICROSOFT-CORP-MSN-AS-BLOCK, US)"
asiapoker389.net,1,"AS22612 (NAMECHEAP-NET, US)"
asiapoker389.com,1,"AS22612 (NAMECHEAP-NET, US)"
casinowin88.org,1,"AS26496 (AS-26496-GO-DADDY-COM-LLC, US)"
catbar.net,1,"AS7506 (INTERQ GMO Internet Group, Inc., JP)"
carnesa.biz.st,1,"AS16276 (OVH, FR)"
mail.catastropfml.com,1,"AS12586 (ASGHOSTNET, DE)"
d200401a.ess.barracudanetworks.com,1,"AS16509 (AMAZON-02, US)"
mail.catalept.ru,1,"AS12586 (ASGHOSTNET, DE)"
ocn-fc-r-01.ocn.ad.jp,1,"AS4713 (OCN NTT DOCOMO BUSINESS,Inc., JP)"
mail.catachresml.ru,1,"AS12586 (ASGHOSTNET, DE)"
mail.catadiopmail.ru,1,"AS12586 (ASGHOSTNET, DE)"
mx6.catnipcat.net,1,
mail.catdogmail.com,1,"AS12586 (ASGHOSTNET, DE)"
mail.categsemail.com,1,"AS12586 (ASGHOSTNET, DE)"
mail.caleanmail.ru,1,
mail.cataphoretifml.ru,1,"AS12586 (ASGHOSTNET, DE)"
mail.arttouchs.com,1,"AS19871 (NETWORK-SOLUTIONS-HOSTING, US)"
mx.askian-mail.com,1,"AS16276 (OVH, FR)"
de-smtp-inbound-1.mimecast.com,1,"AS39588 (MIMECAST-DE, GB)"
mail.catheterml.ru,1,"AS12586 (ASGHOSTNET, DE)"
askopindo.com,1,"AS137373 (IDNIC-SUITEN-AS-ID PT. SUITEN INOVASI SUKSES, ID)"
mail.catchall.fr,1,"AS56630 (MELBICOM-EU-AS Melbikomas UAB, LT)"
boundijji84g.asleepity.com,1,"AS14061 (DIGITALOCEAN-ASN, US)"
mx.wifieye.com,1,"AS7018 (ATT-INTERNET4, US)"
a468836.mx.mailhop.org,1,"AS16509 (AMAZON-02, US)"
mail.asphyxifml.com,1,"AS12586 (ASGHOSTNET, DE)"
mail.cbghot.com,1,
mxs.oml.ru,1,"AS60357 (MEGAGROUP-AS, RU)"
mail.arvernenergies.fr,1,"AS203500 (ABEILLE-AS, FR)"
mail.cbd-8.com,1,"AS50474 (O2SWITCH, FR)"
mail.artykuly.net.pl,1,"AS50599 (Autonomous System for Dataspace P.S.A., PL)"
mail.assist.thewisetransfer.click,1,"AS51167 (CONTABO, DE)"
cbd-7.com,1,"AS50474 (O2SWITCH, FR)"
mail.assistance.carolinensiellive.click,1,"AS51167 (CONTABO, DE)"
cbbomail.com,1,"AS9123 (TIMEWEB-AS, RU)"
assureddentallab-net.mail.protection.outlook.com,1,"AS8075 (MICROSOFT-CORP-MSN-AS-BLOCK, US)"
mail.cc.gatewaybayern.click,1,"AS51167 (CONTABO, DE)"
cby-edu-kg.mail.protection.outlook.com,1,"AS8075 (MICROSOFT-CORP-MSN-AS-BLOCK, US)"
mail.assimimail.ru,1,"AS12586 (ASGHOSTNET, DE)"
mail.cconsistwe.com,1,"AS47583 (AS-HOSTINGER, CY)"
mail.asubtlejm.com,1,"AS47583 (AS-HOSTINGER, CY)"
mail.astrobiolmail.com,1,"AS12586 (ASGHOSTNET, DE)"
cciderry-com.mail.protection.outlook.com,1,"AS8075 (MICROSOFT-CORP-MSN-AS-BLOCK, US)"
mail.astromalis.com,1,"AS12586 (ASGHOSTNET, DE)"
asso.st,1,"AS16276 (OVH, FR)"
cccc.com,1,"AS133752 (LEASEWEB-APAC-HKG-10 LEASEWEB HONG KONG LIMITED, HK)"
cdc-com.mail.protection.outlook.com,1,"AS8075 (MICROSOFT-CORP-MSN-AS-BLOCK, US)"
cameraobscuratavira.com,1,"AS33876 (FLESK-AS, PT)"
mail.astrometeormail.ru,1,"AS12586 (ASGHOSTNET, DE)"
_dc-mx.fe5bde2015d7.cdkey.com,1,"AS20860 (IOMART-AS, GB)"
pmg.master.hostxpress.page,1,"AS16276 (OVH, FR)"
apmail.org,1,"AS7506 (INTERQ GMO Internet Group, Inc., JP)"
mail.astrophotogmail.ru,1,"AS12586 (ASGHOSTNET, DE)"
mx.apoimail.net,1,"AS14061 (DIGITALOCEAN-ASN, US)"
mail.aplotmail.com,1,"AS12586 (ASGHOSTNET, DE)"
mail.atagelomail.com,1,"AS12586 (ASGHOSTNET, DE)"
mail.cdpa.cc,1,
mail.atavistiaemail.com,1,"AS12586 (ASGHOSTNET, DE)"
mail.apocalymail.com,1,"AS12586 (ASGHOSTNET, DE)"
mail.ceberium.com,1,"AS14061 (DIGITALOCEAN-ASN, US)"
mx1.atende.pl,1,"AS15694 (ATMAN-ISP-AS ATM S.A., PL)"
mail.apodeimalu.ru,1,"AS12586 (ASGHOSTNET, DE)"
mail.funeralone.net,1,"AS16276 (OVH, FR)"
mail.apogeotaml.ru,1,"AS12586 (ASGHOSTNET, DE)"
atedmail.com,1,"AS9123 (TIMEWEB-AS, RU)"
mail.atinjo.com,1,"AS14061 (DIGITALOCEAN-ASN, US)"
mail.apogeotmail.ru,1,"AS12586 (ASGHOSTNET, DE)"
mail.apolemail.ru,1,"AS12586 (ASGHOSTNET, DE)"
mail.atlant.link,1,"AS16276 (OVH, FR)"
mail.ationismmail.com,1,"AS132203 (TENCENT-NET-AP-CN Tencent Building, Kejizhongyi Avenue, CN)"
mail.atherosclfl.com,1,"AS12586 (ASGHOSTNET, DE)"
mail.atherosclmail.com,1,"AS12586 (ASGHOSTNET, DE)"
mail.atlanticyu.com,1,"AS47583 (AS-HOSTINGER, CY)"
mail.athy.com,1,"AS8739 (ICDSOFT, BG)"
mail.apomemail.ru,1,"AS16276 (OVH, FR)"
mail.ationsmail.com,1,"AS12586 (ASGHOSTNET, DE)"
ceed-se.mail.protection.outlook.com,1,"AS8075 (MICROSOFT-CORP-MSN-AS-BLOCK, US)"
modem.ceenaudi.com,1,"AS14061 (DIGITALOCEAN-ASN, US)"
mail.atlantanewsplus.com,1,"AS51167 (CONTABO, DE)"
mx.breezelineohio.net,1,"AS31898 (ORACLE-BMC-31898, US)"
mail.atozshop.site,1,"AS31898 (ORACLE-BMC-31898, US)"
mail.atomistifml.com,1,"AS12586 (ASGHOSTNET, DE)"
mail.cellcashr.com,1,"AS22612 (NAMECHEAP-NET, US)"
aspmx.l.google.com.atrickmail.com,1,
mail.atmosphmalis.com,1,"AS12586 (ASGHOSTNET, DE)"
mail.atorymail.com,1,"AS12586 (ASGHOSTNET, DE)"
mail1.atomicmail.io,1,"AS24940 (HETZNER-AS, DE)"
atmc-net.mx.av-mx.com,1,"AS31898 (ORACLE-BMC-31898, US)"
mail.atropinimale.com,1,"AS12586 (ASGHOSTNET, DE)"
mail.atoptomail.com,1,"AS12586 (ASGHOSTNET, DE)"
_dc-mx.5c2582e42338.celticin.site,1,"AS40021 (CONTABO-40021, US)"
mail.altsci.com,1,"AS6939 (HURRICANE, US)"
atsw-de.mail.protection.outlook.com,1,"AS8075 (MICROSOFT-CORP-MSN-AS-BLOCK, US)"
cegetel.fr.nf,1,"AS16276 (OVH, FR)"
mail.ateh.su,1,"AS29182 (RU-JSCIOT, RU)"
celticwoman-com.mail.protection.outlook.com,1,"AS8075 (MICROSOFT-CORP-MSN-AS-BLOCK, US)"
mail.cengrop.com,1,"AS14061 (DIGITALOCEAN-ASN, US)"
mail.cemeteryfmail.com,1,"AS12586 (ASGHOSTNET, DE)"
mail.aubady.com,1,"AS14061 (DIGITALOCEAN-ASN, US)"
mail.center-mail.de,1,"AS63949 (AKAMAI-LINODE-AP Akamai Connected Cloud, SG)"
centralrealestate-com01i.mail.protection.outlook.com,1,
mail.audacityorg.de,1,
mail.attjkmail.ru,1,"AS12586 (ASGHOSTNET, DE)"
carver-com.mail.protection.outlook.com,1,
mail.audiofu.com,1,"AS24940 (HETZNER-AS, DE)"
mail.centr-luch.ru,1,"AS44094 (WEBHOST1-AS, RU)"
ashishsingla.com,1,"AS40021 (CONTABO-40021, US)"
mail.centralisaml.com,1,"AS12586 (ASGHOSTNET, DE)"
cenmnredcross.org,1,"AS16276 (OVH, FR)"
centraltermites.site,1,"AS35916 (MULTA-ASN1, US)"
audleytravel-com.mail.protection.outlook.com,1,"AS8075 (MICROSOFT-CORP-MSN-AS-BLOCK, US)"
mail.centraldecomunicacion.es,1,"AS16276 (OVH, FR)"
mail.audiemail.ru,1,"AS12586 (ASGHOSTNET, DE)"
mail.centermail.at,1,"AS33695 (SCALEMATRIX, US)"
mx.attack11.com,1,"AS9371 (SAKURA-C SAKURA Internet Inc., JP)"
mx.centurytrl.net,1,"AS26666 (INTERSERVER-LAX, US)"
mx.centrurytel.net,1,"AS19318 (IS-AS-1, US)"
mail.auralith.cfd,1,"AS203446 (AS203446, GB)"
mail.augmentationtechnology.com,1,"AS40021 (CONTABO-40021, US)"
aula.edu.pl,1,"AS47583 (AS-HOSTINGER, CY)"
mail.central-asia.travel,1,"AS59939 (WIBO-AS, LT)"
mail.centr-fejerverkov28.ru,1,"AS44094 (WEBHOST1-AS, RU)"
centrodereclamos.com,1,"AS27823 (Dattatec.com, AR)"
mx3.pub.mailpod12-cph3.one.com,1,"AS51468 (ONECOM, DK)"
mail.cephafml.com,1,"AS12586 (ASGHOSTNET, DE)"
ceramictile-outlet.com,1,"AS20068 (HAWKHOST, CA)"
mail.aurevoirmail.com,1,"AS12586 (ASGHOSTNET, DE)"
mail.aumails.ru,1,"AS12586 (ASGHOSTNET, DE)"
mail.cerrajeroscastellon24horas.com,1,"AS16276 (OVH, FR)"
mail.cephalothsalo.ru,1,"AS12586 (ASGHOSTNET, DE)"
mail.certifiedtgp.com,1,"AS212317 (HETZNER-CLOUD3-AS, DE)"
aulaline.com,1,"AS34119 (WILDCARD-AS Wildcard UK Limited, GB)"
a604126.mx.mailhop.org,1,"AS16509 (AMAZON-02, US)"
mail.cerrajerosmadridbaratos.com,1,"AS16276 (OVH, FR)"
mail.cerrajerosmurcia.info,1,"AS16276 (OVH, FR)"
mail12.lh.pl,1,"AS203417 (LH, PL)"
_dc-mx.bfce4a5a7598.auth2fa.com,1,"AS24940 (HETZNER-AS, DE)"
mail.austinprimetimes.com,1,"AS40021 (CONTABO-40021, US)"
mail.ceremoio.com,1,"AS12586 (ASGHOSTNET, DE)"
mail.caspianfan.ir,1,"AS212216 (NETAFRAZ, IR)"
_dc-mx.91239548f6e6.austriasocial.com,1,"AS56851 (VPS-UA-AS, UA)"
m.autdent.com,1,"AS14061 (DIGITALOCEAN-ASN, US)"
mail.ceremonimail.ru,1,"AS12586 (ASGHOSTNET, DE)"
mail.cervicoemail.ru,1,"AS12586 (ASGHOSTNET, DE)"
mail.cervicofmail.ru,1,"AS12586 (ASGHOSTNET, DE)"
authenticroute.com,1,"AS16276 (OVH, FR)"
mail.authoritybeast.com,1,"AS40021 (CONTABO-40021, US)"
mail.auth.legal,1,"AS14061 (DIGITALOCEAN-ASN, US)"
mail.autecrsmail.ru,1,"AS12586 (ASGHOSTNET, DE)"
mail.cfdlstackf.com,1,"AS47583 (AS-HOSTINGER, CY)"
mail.aurelstyle.ru,1,
australianfinefood.com,1,"AS16276 (OVH, FR)"
mx1.cetpass.com,1,"AS200107 (KL-EXT, CH)"
cbjunkie-com.mail.protection.outlook.com,1,"AS8075 (MICROSOFT-CORP-MSN-AS-BLOCK, US)"
mail.autobirsmail.ru,1,"AS12586 (ASGHOSTNET, DE)"
_dc-mx.44fd92515bb0.autobotsoft.net,1,"AS399275 (SOLID, US)"
certexx.fr.nf,1,"AS16276 (OVH, FR)"
autoloans.us,1,"AS20068 (HAWKHOST, CA)"
cfvingenieria.com,1,"AS23352 (SERVERCENTRAL, US)"
cetinraf.com,1,"AS42846 (GUZELHOSTING GNET INTERNET TELEKOMUNIKASYON A.S., TR)"
mail.assimilatifmail.ru,1,"AS12586 (ASGHOSTNET, DE)"
inleed.xyz,1,"AS206170 (INLEED, SE)"
mail.autocatfmk.com,1,"AS12586 (ASGHOSTNET, DE)"
mail.autobimalary.ru,1,"AS12586 (ASGHOSTNET, DE)"
mail.autogenrsmail.ru,1,"AS12586 (ASGHOSTNET, DE)"
automatedremote-com.mail.protection.outlook.com,1,"AS8075 (MICROSOFT-CORP-MSN-AS-BLOCK, US)"
mail.cgpt.store,1,"AS132203 (TENCENT-NET-AP-CN Tencent Building, Kejizhongyi Avenue, CN)"
mail.cfo.futbol,1,"AS16276 (OVH, FR)"
mail.autoimmfml.ru,1,"AS12586 (ASGHOSTNET, DE)"
mail.autoimmunml.ru,1,"AS12586 (ASGHOSTNET, DE)"
mail.autolithml.ru,1,"AS12586 (ASGHOSTNET, DE)"
mail.autogeneml.ru,1,"AS12586 (ASGHOSTNET, DE)"
mail.automemail.ru,1,"AS12586 (ASGHOSTNET, DE)"
mail.autoinocumals.ru,1,"AS12586 (ASGHOSTNET, DE)"
mail.autorotaml.com,1,"AS12586 (ASGHOSTNET, DE)"
mail.autoschedifml.com,1,"AS12586 (ASGHOSTNET, DE)"
grupokaufmann.in.tmes.trendmicro.com,1,"AS14618 (AMAZON-AES, US)"
mx.xmission.com,1,"AS6315 (XMISSION, US)"
mail.autosuggmail.com,1,"AS12586 (ASGHOSTNET, DE)"
mail.auxille.com,1,"AS14061 (DIGITALOCEAN-ASN, US)"
mx.chacuo.net,1,"AS37963 (ALIBABA-CN-NET Hangzhou Alibaba Advertising Co.,Ltd., CN)"
mail.cfh.ch,1,"AS21069 (ASN-METANET Routingpeering issues: noc@metanet.ch, CH)"
mail.autothaumaml.ru,1,"AS12586 (ASGHOSTNET, DE)"
av.dbbest.net,1,"AS13188 (TRIOLAN, UA)"
mail.autoschrsmail.ru,1,"AS12586 (ASGHOSTNET, DE)"
autre.fr.nf,1,"AS16276 (OVH, FR)"
xrspmail.com,1,"AS47583 (AS-HOSTINGER, CY)"
mail.avalentra.cfd,1,"AS203446 (AS203446, GB)"
mail.avalanche1.com,1,"AS31898 (ORACLE-BMC-31898, US)"
_dc-mx.c9fab20ae3f2.avangard.ru.com,1,"AS214481 (WCZAPKOWICZ-AS as214481as-wczapkowicz Chunkserve Backbone Transit, PL)"
mail.apomimalu.ru,1,"AS12586 (ASGHOSTNET, DE)"
mx.avanafilprime.com,1,"AS14061 (DIGITALOCEAN-ASN, US)"
mail.casinoreting.com,1,"AS204601 (PODAON, NL)"
mail.ava-studio.ru,1,"AS210079 (EUROBYTE, RU)"
mail.chaneymonge.us,1,"AS40926 (SURFAIRWIRELESS-IL-01, US)"
avanganihotelcannes.com,1,"AS16276 (OVH, FR)"
aver-com.mail.protection.outlook.com,1,"AS8075 (MICROSOFT-CORP-MSN-AS-BLOCK, US)"
mail.averon.cc,1,"AS55688 (BEON-AS-ID PT. Beon Intermedia, ID)"
aviemore-net.mail.protection.outlook.com,1,"AS8075 (MICROSOFT-CORP-MSN-AS-BLOCK, US)"
mail.chapsmail.com,1,"AS16276 (OVH, FR)"
mail.aviro.com,1,"AS63949 (AKAMAI-LINODE-AP Akamai Connected Cloud, SG)"
mail.chapterfmail.com,1,"AS12586 (ASGHOSTNET, DE)"
mail.chargehosting.com,1,"AS215481 (FLEXYNODE-AS, NL)"
mail.chargeamail.ru,1,"AS12586 (ASGHOSTNET, DE)"
mx1.avissena.com,1,"AS200107 (KL-EXT, CH)"
mail.avitamfl.com,1,"AS12586 (ASGHOSTNET, DE)"
mail.charactesemail.com,1,"AS12586 (ASGHOSTNET, DE)"
weasel.ninja,1,"AS14061 (DIGITALOCEAN-ASN, US)"
mail.avtolev.com,1,"AS14061 (DIGITALOCEAN-ASN, US)"
mail.avitamiruby.ru,1,"AS12586 (ASGHOSTNET, DE)"
mail.centrodeolhoscampos.com,1,"AS19871 (NETWORK-SOLUTIONS-HOSTING, US)"
mail.avocaaml.ru,1,"AS12586 (ASGHOSTNET, DE)"
mail.avumail.com,1,"AS14061 (DIGITALOCEAN-ASN, US)"
awarenessu.com,1,"AS20473 (AS-VULTR, US)"
mail.awarejune.com,1,"AS8175 (HIGHSPEEDWEB, US)"
mail.awnspeeds.com,1,"AS47583 (AS-HOSTINGER, CY)"
mail.apocyntomail.com,1,
mail.awatum.de,1,"AS3209 (VODANET International IP-Backbone of Vodafone, DE)"
mail.avtodublikat.ru,1,"AS14956 (ROUTERHOSTING, US)"
mail.awumail.com,1,"AS14061 (DIGITALOCEAN-ASN, US)"
mx.awesomesaucemail.org,1,"AS24940 (HETZNER-AS, DE)"
mail.cetakexpress.com,1,"AS198610 (BEGET-AS, RU)"
mail.autopages.site,1,"AS198610 (BEGET-AS, RU)"
mail.cevipsa.com,1,"AS14061 (DIGITALOCEAN-ASN, US)"
awep.net,1,"AS58487 (CRI-AS-AP CV. Rumahweb Indonesia, ID)"
axenor-co-uk.mail.protection.outlook.com,1,"AS8075 (MICROSOFT-CORP-MSN-AS-BLOCK, US)"
mail.ayqtellsu.com,1,"AS47583 (AS-HOSTINGER, CY)"
mail.ayfoto.com,1,"AS14061 (DIGITALOCEAN-ASN, US)"
mail.ayimail.com,1,"AS14061 (DIGITALOCEAN-ASN, US)"
autofix-ae.mail.protection.outlook.com,1,"AS8075 (MICROSOFT-CORP-MSN-AS-BLOCK, US)"
mail.ayomail.com,1,"AS16276 (OVH, FR)"
mail.axiomatml.ru,1,"AS12586 (ASGHOSTNET, DE)"
mail.efty.com,1,"AS13335 (CLOUDFLARENET, US)"
mail.azame.pw,1,"AS44486 (SYNLINQ synlinq.de, DE)"
mail.autocatmail.com,1,"AS12586 (ASGHOSTNET, DE)"
a189593.mx.mailhop.org,1,"AS16509 (AMAZON-02, US)"
az.com,1,"AS54641 (IMH-IAD, US)"
mail.axeprim.eu,1,"AS15967 (NETARTGROUP, PL)"
mail.avtoyurist-moskva1.ru,1,"AS44094 (WEBHOST1-AS, RU)"
mail.azacavesuite.com,1,"AS51557 (TR-ISIMTESCIL-20201202, TR)"
mail.chachyn.site,1,"AS16276 (OVH, FR)"
mx1.azumail.com,1,"AS62371 (PROTON, CH)"
mail.autopolymail.com,1,"AS12586 (ASGHOSTNET, DE)"
azentron.com,1,"AS47692 (NESSUS, AT)"
azeqsd.fr.nf,1,"AS16276 (OVH, FR)"
mail.ch-centre-bretagne.fr,1,"AS212208 (GCS_RTB-AS, FR)"
azooma.ru,1,"AS25532 (MASTERHOST-AS Moscow, Russia, RU)"
cgw.fr.nf,1,"AS15557 (LDCOMNET --- I3Dnet ---, FR)"
mail.azirmail.com,1,"AS51167 (CONTABO, DE)"
b.lovepettoys.shop,1,"AS47583 (AS-HOSTINGER, CY)"
mail.b1of96u.com,1,"AS47583 (AS-HOSTINGER, CY)"
mail.chalcomail.com,1,"AS12586 (ASGHOSTNET, DE)"
mail.b2email.win,1,"AS35916 (MULTA-ASN1, US)"
charlies-com.mail.protection.outlook.com,1,"AS8075 (MICROSOFT-CORP-MSN-AS-BLOCK, US)"
autorijschoolpoul.com,1,"AS205876 (HOASTED, NL)"
azhirock.com,1,"AS16276 (OVH, FR)"
mail.b6vscarmen.com,1,"AS47583 (AS-HOSTINGER, CY)"
mail.b88i.ink,1,"AS22612 (NAMECHEAP-NET, US)"
mail.b9x45v1m.com,1,"AS47583 (AS-HOSTINGER, CY)"
mx1.b5safaria.com,1,"AS200107 (KL-EXT, CH)"
entrusting.backlinkhorsepower.com,1,"AS16276 (OVH, FR)"
mail.babyfun.fun,1,"AS40021 (CONTABO-40021, US)"
mail.gwc.ca,1,
mx.backyardgardenblog.com,1,"AS14061 (DIGITALOCEAN-ASN, US)"
mail.babyemail.ru,1,"AS12586 (ASGHOSTNET, DE)"
mail.bacria.net,1,"AS51167 (CONTABO, DE)"
mail.b7s.ru,1,"AS24940 (HETZNER-AS, DE)"
mx6.bagscheaps.org,1,
mail.badopsec.lol,1,"AS44486 (SYNLINQ synlinq.de, DE)"
mail.bacterils.ru,1,"AS12586 (ASGHOSTNET, DE)"
mail.bagonew.com,1,"AS51167 (CONTABO, DE)"
mail.bacterifmals.com,1,"AS12586 (ASGHOSTNET, DE)"
baebies-com.mail.protection.outlook.com,1,"AS8075 (MICROSOFT-CORP-MSN-AS-BLOCK, US)"
bacria.com,1,"AS51167 (CONTABO, DE)"
mail.eamarketing.dev,1,"AS22612 (NAMECHEAP-NET, US)"
mail.bachpanglobal.com,1,"AS199404 (WHG-IN, GB)"
mail.bacterifl.com,1,"AS12586 (ASGHOSTNET, DE)"
mx1.hostinger.ph,1,"AS13335 (CLOUDFLARENET, US)"
mail.badesmail.com,1,"AS12586 (ASGHOSTNET, DE)"
mail.bacteemail.ru,1,"AS12586 (ASGHOSTNET, DE)"
mail.bacteriotmail.ru,1,"AS12586 (ASGHOSTNET, DE)"
mail.bacteriomail.ru,1,"AS12586 (ASGHOSTNET, DE)"
mail.bailbondsdirect.com,1,"AS55293 (A2HOSTING, US)"
mxa-005c5601.gslb.pphosted.com,1,"AS22843 (PROOFPOINT-ASN-US-EAST, US)"
ega02.vas-server.cz,1,"AS39392 (SUPERNETWORK _, CZ)"
mail.balawo.com,1,"AS14061 (DIGITALOCEAN-ASN, US)"
balconat-com.mail.protection.outlook.com,1,"AS8075 (MICROSOFT-CORP-MSN-AS-BLOCK, US)"
mx.ballysale.com,1,"AS14061 (DIGITALOCEAN-ASN, US)"
bahoo.biz.st,1,"AS16276 (OVH, FR)"
bainbridgere-com.mx1.arsmtp.com,1,"AS53780 (AS-APPRIVER, US)"
sv31.byethost31.org,1,"AS34119 (WILDCARD-AS Wildcard UK Limited, GB)"
baltimorechildrensbusinessfair-com.mail.protection.outlook.com,1,
mx-host.dot.tk,1,"AS10439 (CARINET, US)"
mail.baltimorebusinessdaily.com,1,"AS40021 (CONTABO-40021, US)"
mail.baltimorenewswire.com,1,"AS40021 (CONTABO-40021, US)"
mail.balanoprsmail.ru,1,"AS12586 (ASGHOSTNET, DE)"
mx00.ionos.it,1,"AS8560 (IONOS-AS This is the joint network for IONOS, Fasthosts, Arsys, 1&1 Mail and Media and 1&1 Telecom. Formerly known as 1&1 Internet SE., DE)"
mx6.bananashakem.com,1,
mail.bacteroidmail.com,1,"AS207957 (SERVHOST-AS, GB)"
bamjamz.com,1,"AS40244 (TURNKEY-INTERNET, US)"
_dc-mx.d7e464c7b3d3.bamlife.ru,1,"AS211381 (PODAON, LV)"
mail.bananmail.com,1,"AS12586 (ASGHOSTNET, DE)"
mail.bangemji.my.id,1,"AS203446 (AS203446, GB)"
banistersdirect.com,1,"AS26042 (FIBERSTATE, US)"
mail.centraldasaude.xyz,1,"AS19318 (IS-AS-1, US)"
mail.axkleinfa.com,1,"AS47583 (AS-HOSTINGER, CY)"
_dc-mx.21003bbced4e.awca.eu,1,"AS12876 (Online SAS, FR)"
mail.barneu.com,1,"AS14061 (DIGITALOCEAN-ASN, US)"
mail.bankrotstvoufa.ru,1,"AS35278 (SPRINTHOST, RU)"
mx0.lcn.com,1,"AS8622 (ISIONUK Team Blue Internet Services UK Ltd, GB)"
barooko.com,1,"AS14670 (WHG-USE1, GB)"
mail.baris.shop,1,"AS22611 (INMOTION, US)"
mail.baranmail.com,1,"AS12586 (ASGHOSTNET, DE)"
mail.barakademin.se,1,"AS214640 (HOSTUP HOSTUP, SE)"
basicdigitalmedia-net.mail.protection.outlook.com,1,"AS8075 (MICROSOFT-CORP-MSN-AS-BLOCK, US)"
mail.battleperks.com,1,"AS18501 (JOESD-18501, US)"
mail.awesomeplacesonearth.com,1,"AS16276 (OVH, FR)"
mail.baylead.com,1,"AS46606 (UNIFIEDLAYER-AS-1, US)"
_dc-mx.246df1880ddb.bazoocam.co,1,"AS22612 (NAMECHEAP-NET, US)"
_dc-mx.9b5d377f9c5f.bazienfejar.com,1,"AS46606 (UNIFIEDLAYER-AS-1, US)"
mail.bathukfmk.com,1,"AS12586 (ASGHOSTNET, DE)"
mail.bbitq.com,1,"AS14061 (DIGITALOCEAN-ASN, US)"
mail.bbitj.com,1,"AS14061 (DIGITALOCEAN-ASN, US)"
mail.banten.me,1,"AS15685 (CASABLANCA-AS Internet & Collocation Provider, CZ)"
mail.barocemail.ru,1,"AS12586 (ASGHOSTNET, DE)"
mx0.bbnx.net,1,"AS7018 (ATT-INTERNET4, US)"
m.bbcvt.com,1,"AS401696 (COGNETCLOUD, US)"
mail.bbswordiwc.com,1,"AS47583 (AS-HOSTINGER, CY)"
mirunasex.sextoys.bar,1,"AS47583 (AS-HOSTINGER, CY)"
mail.bcarriedxl.com,1,"AS47583 (AS-HOSTINGER, CY)"
mail.bayomail.com,1,"AS12586 (ASGHOSTNET, DE)"
localhost.badoo.live,1,
bcompiled3.com,1,"AS47583 (AS-HOSTINGER, CY)"
bboys.fr.nf,1,"AS16276 (OVH, FR)"
mail.azqas.com,1,"AS14061 (DIGITALOCEAN-ASN, US)"
mx1.bauchtanzkunst.info,1,"AS20756 (NAMESHIELD, FR)"
tmsevpc.daouoffice.com,1,AS15169 19527 (Unknown)
bcxpartners-com.mail.protection.outlook.com,1,"AS8075 (MICROSOFT-CORP-MSN-AS-BLOCK, US)"
bbox-com.mail.protection.outlook.com,1,"AS8075 (MICROSOFT-CORP-MSN-AS-BLOCK, US)"
mail.bcm.edu.pl,1,"AS16276 (OVH, FR)"
_dc-mx.e1c374005988.bdm.ovh,1,"AS24940 (HETZNER-AS, DE)"
mail.bdshar.com,1,"AS24940 (HETZNER-AS, DE)"
axiz.digital,1,"AS37153 (xneelo, ZA)"
mail.bandamn.ru,1,"AS44094 (WEBHOST1-AS, RU)"
mail.bccplease.com,1,"AS206281 (AS-ZXCS, NL)"
mail.beastmailer.com,1,"AS24940 (HETZNER-AS, DE)"
mail.beachboys.click,1,"AS51167 (CONTABO, DE)"
mail.beachvolleyball.click,1,"AS51167 (CONTABO, DE)"
_dc-mx.4ba7651ec319.bebas.blog,1,"AS12876 (Online SAS, FR)"
mail.beachtenenglisch.click,1,"AS51167 (CONTABO, DE)"
beautifulhair.info,1,"AS22611 (INMOTION, US)"
mail.becksurbancanvas.com,1,"AS46606 (UNIFIEDLAYER-AS-1, US)"
beachsuites-com.mail.protection.outlook.com,1,"AS8075 (MICROSOFT-CORP-MSN-AS-BLOCK, US)"
mail4.beefmilk.com,1,
mail.bedroomsod.com,1,"AS47583 (AS-HOSTINGER, CY)"
mx1.beddly.com,1,"AS26666 (INTERSERVER-LAX, US)"
beemechanical-com.mail.protection.outlook.com,1,"AS8075 (MICROSOFT-CORP-MSN-AS-BLOCK, US)"
mail2.baltimorecountymd.gov,1,"AS53302 (BALTIMORECOUNTYGOVERNMENT, US)"
befoster-com.mail.protection.outlook.com,1,"AS8075 (MICROSOFT-CORP-MSN-AS-BLOCK, US)"
mx.becanada-mail.com,1,"AS16276 (OVH, FR)"
e.beganment.com,1,"AS14061 (DIGITALOCEAN-ASN, US)"
mail.befirstmail.xyz,1,"AS20473 (AS-VULTR, US)"
mx3.pub.mailpod14-cph3.one.com,1,"AS51468 (ONECOM, DK)"
mx1.bedmail.top,1,"AS200107 (KL-EXT, CH)"
beliefnet-com.mail.protection.outlook.com,1,"AS8075 (MICROSOFT-CORP-MSN-AS-BLOCK, US)"
belt-io.mail.protection.outlook.com,1,"AS8075 (MICROSOFT-CORP-MSN-AS-BLOCK, US)"
mx-c.beloffmail.net.ua,1,"AS20473 (AS-VULTR, US)"
beli4d.com,1,"AS59253 (LEASEWEB-APAC-SIN-11 LEASEWEB SINGAPORE PTE. LTD., SG)"
mail.beautytesterin.de,1,"AS24940 (HETZNER-AS, DE)"
_dc-mx.06a7d00f9fe9.belamar.pt,1,"AS39444 (OWENTIS-AS, FR)"
mail.bekommenmail.com,1,"AS12586 (ASGHOSTNET, DE)"
mail.benefit.carolinensielrestaurants.click,1,"AS51167 (CONTABO, DE)"
eff587a20a58ec4f8c55ab6f25eb15.pamx1.hotmail.com,1,"AS8075 (MICROSOFT-CORP-MSN-AS-BLOCK, US)"
engine01-40032-1.icritical.com,1,"AS16509 (AMAZON-02, US)"
belediyeevleri2noluasm.com,1,"AS208483 (WERIDATA-LLC, US)"
mxmta.bellnet.ca,1,"AS577 (BACOM, CA)"
colo3.benshelf.com,1,"AS14061 (DIGITALOCEAN-ASN, US)"
mail.bergenregional.com,1,"AS210250 (WPX, BG)"
mail.best-mail-x.com,1,"AS24940 (HETZNER-AS, DE)"
mail.berbekmail.com,1,"AS12586 (ASGHOSTNET, DE)"
mail.berodomoko.be,1,"AS8075 (MICROSOFT-CORP-MSN-AS-BLOCK, US)"
awsome-gadgets.com,1,
mail.beneemail.ru,1,"AS12586 (ASGHOSTNET, DE)"
best-nj.com,1,"AS56851 (VPS-UA-AS, UA)"
mx1.best-john-boats.com,1,"AS200107 (KL-EXT, CH)"
bestguns.xyz,1,"AS22612 (NAMECHEAP-NET, US)"
mail.best-things.ru,1,"AS210079 (EUROBYTE, RU)"
mail.best-casino.online,1,"AS211381 (PODAON, LV)"
andromeda.j-webdesigns.com,1,"AS29066 (VELIANET-AS velia.net Internetdienste GmbH, DE)"
mail.bestmiaminews.com,1,"AS40021 (CONTABO-40021, US)"
mail.beonweb.ru,1,
122.51.11.139,1,
mail.bestkonto.pl,1,"AS16276 (OVH, FR)"
mail.bestforexrobots.uno,1,"AS19318 (IS-AS-1, US)"
mail.best-temp-mail.info,1,"AS35916 (MULTA-ASN1, US)"
mx6.besttopbeat.com,1,
mx1.besthostever.xyz,1,"AS200107 (KL-EXT, CH)"
mx6.bestvalentinedayideas.com,1,
mail.bestonlinecasinosincanada.com,1,"AS51248 (HOST-TELECOM, CZ)"
mail.bestpornstream.com,1,"AS19871 (NETWORK-SOLUTIONS-HOSTING, US)"
mail.bestvashikaran.com,1,"AS46606 (UNIFIEDLAYER-AS-1, US)"
mail.beta.edu.pl,1,"AS24940 (HETZNER-AS, DE)"
benlianfoundation.com,1,"AS31042 (SERBIA-BROADBAND-AS Serbia BroadBand-Srpske Kablovske mreze d.o.o., RS)"
mx.berwie.com,1,"AS44476 (ZETTA-AS, BG)"
smx-2.bestweb.net,1,"AS47071 (CHR-SOLUTIONS, US)"
mail.betkava.com,1,"AS16276 (OVH, FR)"
betmoon.net,1,"AS55286 (SERVER-MANIA, CA)"
mx1.savana.cz,1,"AS29134 (IGNUM-AS Czech Republic, CZ)"
mail.betting777.net,1,"AS138915 (KAOPU-HK Kaopu Cloud HK Limited, HK)"
mail.betfairinfo.ru,1,"AS49505 (SELECTEL, RU)"
mail.beverlytx.com,1,"AS47583 (AS-HOSTINGER, CY)"
bevhattaway.com,1,"AS9009 (M247, RO)"
smtp-in.bev.net,1,"AS1312 (VA-TECH-AS, US)"
mail.bestpozitiv.ru,1,
me.bfirstmail.com,1,"AS12586 (ASGHOSTNET, DE)"
barnyard-com.mail.protection.outlook.com,1,"AS8075 (MICROSOFT-CORP-MSN-AS-BLOCK, US)"
bgob-com.mail.protection.outlook.com,1,"AS8075 (MICROSOFT-CORP-MSN-AS-BLOCK, US)"
level2mx.basketth.com,1,"AS14061 (DIGITALOCEAN-ASN, US)"
mail.barosinmail.com,1,"AS12586 (ASGHOSTNET, DE)"
mail.bg.extra-breast.info,1,"AS41079 (CF-GDA, PL)"
mail.bibie.me,1,"AS16276 (OVH, FR)"
mail.basidiommails.ru,1,"AS12586 (ASGHOSTNET, DE)"
mail.baserelief.ru,1,"AS50340 (SELECTEL-MSK, RU)"
mail.basidiml.ru,1,"AS12586 (ASGHOSTNET, DE)"
mail.bicentenebml.ru,1,"AS12586 (ASGHOSTNET, DE)"
smtp.truocloud.com,1,"AS16276 (OVH, FR)"
_dc-mx.1000f7e7a575.bidmay.com,1,"AS213652 (SUNUCUN-CLOUD, TR)"
mx6.bidoubidou.com,1,
mail.bibliograptomail.com,1,"AS12586 (ASGHOSTNET, DE)"
mx1.bieliznasklep.net,1,"AS200107 (KL-EXT, CH)"
mail.biblimail.com,1,"AS12586 (ASGHOSTNET, DE)"
mail.bibliogrmail.com,1,"AS12586 (ASGHOSTNET, DE)"
mail.bientotmail.com,1,"AS12586 (ASGHOSTNET, DE)"
mail.bibliomail.ru,1,"AS12586 (ASGHOSTNET, DE)"
mx.bigprofessor.so,1,"AS14061 (DIGITALOCEAN-ASN, US)"
mail.bigemaiil.com,1,"AS12586 (ASGHOSTNET, DE)"
mail.biggestresourcelink.info,1,"AS8075 (MICROSOFT-CORP-MSN-AS-BLOCK, US)"
bifle.fr.nf,1,"AS16276 (OVH, FR)"
mail.bibulfmail.ru,1,"AS12586 (ASGHOSTNET, DE)"
mx6.bikerbrat.com,1,
bigrocksolutions-com.mail.protection.outlook.com,1,"AS8075 (MICROSOFT-CORP-MSN-AS-BLOCK, US)"
bibi.biz.st,1,"AS16276 (OVH, FR)"
mx1.bighost.bid,1,"AS200107 (KL-EXT, CH)"
mail.bigvietnam.online,1,"AS19318 (IS-AS-1, US)"
billseo.com,1,"AS47583 (AS-HOSTINGER, CY)"
mail.bigredmail.com,1,"AS24940 (HETZNER-AS, DE)"
mail.binaryoption.store,1,"AS22612 (NAMECHEAP-NET, US)"
mx12.bigmir.net,1,"AS39468 (BIGMIR-INTERNET-AS, UA)"
bigwin333.org,1,"AS22612 (NAMECHEAP-NET, US)"
bilderbergmeetings-org.mail.protection.outlook.com,1,"AS8075 (MICROSOFT-CORP-MSN-AS-BLOCK, US)"
bigmood.net,1,"AS31477 (DUOCAST-AS, NL)"
mail.biliterfml.com,1,"AS12586 (ASGHOSTNET, DE)"
binaryoptions.monster,1,"AS197540 (NETCUP-AS netcup GmbH, DE)"
mail.binaryoption-navi.info,1,"AS22612 (NAMECHEAP-NET, US)"
binderworld-com01e.mail.protection.outlook.com,1,"AS8075 (MICROSOFT-CORP-MSN-AS-BLOCK, US)"
mail.binaryoptiontrader.site,1,"AS19318 (IS-AS-1, US)"
mail.binech.com,1,"AS14061 (DIGITALOCEAN-ASN, US)"
extmail.bigpond.com,1,"AS1221 (ASN-TELSTRA Telstra Limited, AU)"
mail.bimilleml.com,1,"AS12586 (ASGHOSTNET, DE)"
m.kjfds.com,1,"AS36352 (AS-COLOCROSSING, US)"
mail.binaryoptions.life,1,"AS19318 (IS-AS-1, US)"
mail.binmail.co,1,"AS53589 (PLANETHOSTER-8, CA)"
mail.bildirio.com,1,"AS24940 (HETZNER-AS, DE)"
binaryoptionstrade.monster,1,"AS197540 (NETCUP-AS netcup GmbH, DE)"
mail.biodynmail.com,1,"AS12586 (ASGHOSTNET, DE)"
mail.biologybookworld.com,1,"AS201909 (INTELI-TECH-DEVELOPMENT-SRL, RO)"
mail.bioinstrumenmy.com,1,"AS12586 (ASGHOSTNET, DE)"
mail.bipamerican.com,1,"AS40021 (CONTABO-40021, US)"
mail.bipamerica.net,1,"AS40021 (CONTABO-40021, US)"
mail.bipapartments.com,1,"AS40021 (CONTABO-40021, US)"
mail.bipcolumbus.com,1,"AS40021 (CONTABO-40021, US)"
mail.bioelectrli.com,1,"AS12586 (ASGHOSTNET, DE)"
mail.bipdallas.com,1,"AS40021 (CONTABO-40021, US)"
mail.bipamerica.co,1,"AS40021 (CONTABO-40021, US)"
mail.bipamerica.us,1,"AS40021 (CONTABO-40021, US)"
mail.bipatl.com,1,"AS40021 (CONTABO-40021, US)"
mail.biphoo.in,1,"AS40021 (CONTABO-40021, US)"
mail.biphoo.ca,1,"AS40021 (CONTABO-40021, US)"
mail.bipbipamerica.com,1,"AS40021 (CONTABO-40021, US)"
mail.bipcharlotte.com,1,"AS40021 (CONTABO-40021, US)"
bioaccumail.com,1,"AS9123 (TIMEWEB-AS, RU)"
mail.bipillinois.com,1,"AS40021 (CONTABO-40021, US)"
mail.biphouston.com,1,"AS40021 (CONTABO-40021, US)"
mail.bipbiz.com,1,"AS40021 (CONTABO-40021, US)"
mail.bipindianalopis.com,1,"AS40021 (CONTABO-40021, US)"
mail.bipjacksonville.com,1,"AS40021 (CONTABO-40021, US)"
mail.bipfortworth.com,1,"AS40021 (CONTABO-40021, US)"
mail.biodynamail.ru,1,"AS12586 (ASGHOSTNET, DE)"
mail.biosysfl.com,1,"AS12586 (ASGHOSTNET, DE)"
mail.biplosangeles.com,1,"AS40021 (CONTABO-40021, US)"
mail.bip.nyc,1,"AS40021 (CONTABO-40021, US)"
mail.bioluminemail.ru,1,"AS12586 (ASGHOSTNET, DE)"
mail.bioelectrof.ru,1,"AS12586 (ASGHOSTNET, DE)"
mail.biopotsemail.com,1,"AS12586 (ASGHOSTNET, DE)"
mail.biphoo.uk,1,"AS40021 (CONTABO-40021, US)"
mail.bigpicnic.ru,1,"AS207333 (HOSTER-AST Hoster.KZ - Astana, KZ)"
mail.bipny.com,1,"AS40021 (CONTABO-40021, US)"
mail.biomrsmail.ru,1,"AS12586 (ASGHOSTNET, DE)"
mail.biorsmail.ru,1,"AS12586 (ASGHOSTNET, DE)"
mail.bipaustin.com,1,"AS40021 (CONTABO-40021, US)"
mail.biodegrmails.ru,1,"AS12586 (ASGHOSTNET, DE)"
mail.bipmessenger.com,1,"AS40021 (CONTABO-40021, US)"
mail.bioelemail.ru,1,"AS12586 (ASGHOSTNET, DE)"
mail.bipprime.net,1,"AS63023 (AS-GLOBALTELEHOST, US)"
mail.bipdenver.com,1,"AS40021 (CONTABO-40021, US)"
mail.biostatifmail.ru,1,"AS12586 (ASGHOSTNET, DE)"
mail.biosysml.ru,1,"AS12586 (ASGHOSTNET, DE)"
mail.bipjobs.com,1,"AS51167 (CONTABO, DE)"
mail.biogeemail.ru,1,"AS12586 (ASGHOSTNET, DE)"
mail.biotmail.ru,1,"AS12586 (ASGHOSTNET, DE)"
mail.biplasvegas.com,1,"AS51167 (CONTABO, DE)"
mx.bissabiss.com,1,"AS14061 (DIGITALOCEAN-ASN, US)"
mail.biometmil.ru,1,"AS12586 (ASGHOSTNET, DE)"
mail.bipamerica.info,1,"AS51167 (CONTABO, DE)"
mail.bipam.net,1,"AS51167 (CONTABO, DE)"
mail.binbx.net,1,"AS24940 (HETZNER-AS, DE)"
mail.bipmiamifl.com,1,"AS51167 (CONTABO, DE)"
mail.bipmemphis.com,1,"AS51167 (CONTABO, DE)"
mail.bitcoin-miner.shop,1,"AS19318 (IS-AS-1, US)"
mail.bipluxuryapts.com,1,"AS51167 (CONTABO, DE)"
mail.bipsanantonio.com,1,"AS51167 (CONTABO, DE)"
mail.bipko.biz,1,"AS51167 (CONTABO, DE)"
mail.bipdetroit.com,1,"AS51167 (CONTABO, DE)"
mail.biphoo.eu,1,"AS51167 (CONTABO, DE)"
mail.bine.com,1,"AS8739 (ICDSOFT, BG)"
bestdarkspotcorrector.org,1,"AS24940 (HETZNER-AS, DE)"
biosoznanie.ru,1,"AS202422 (GHOST, LU)"
mail.bipdeals.com,1,"AS51167 (CONTABO, DE)"
mail.bioncore.com,1,"AS25504 (CRONON-AS Obermuensterstr. 9, DE)"
mail.bipprime.com,1,"AS51167 (CONTABO, DE)"
bitestudios-com.mail.protection.outlook.com,1,"AS8075 (MICROSOFT-CORP-MSN-AS-BLOCK, US)"
mx1.bitlly.xyz,1,"AS200107 (KL-EXT, CH)"
mx6.bizzinfos.info,1,
biz.st,1,"AS16276 (OVH, FR)"
mail.bipmilwaukee.com,1,"AS51167 (CONTABO, DE)"
mx2.oderland.com,1,"AS44136 (ASODERLAND, SE)"
mail.bizhostmail.com,1,"AS14061 (DIGITALOCEAN-ASN, US)"
mail.bkbcom.com,1,"AS152992 (DATAONLINE-VN ONLINE DATA COMPANY LIMITED, VN)"
_dc-mx.3dba39d11062.blackhatninjas.com,1,"AS27323 (SERVERSTADIUM, US)"
mail.black1mail.com,1,"AS12586 (ASGHOSTNET, DE)"
mail.blackholeop.com,1,"AS12586 (ASGHOSTNET, DE)"
mx1.blacksburg.net,1,"AS7922 (COMCAST-7922, US)"
blank-com.mail.protection.outlook.com,1,
mail.besplatnye-yuridicheskie-konsultacii.ru,1,"AS50340 (SELECTEL-MSK, RU)"
mx1.blackbird.ws,1,"AS200107 (KL-EXT, CH)"
w0202cd3.kasserver.com,1,"AS34788 (NMM-AS D - 02742 Friedersdorf Hauptstrasse 68, DE)"
mail01.blackinbox.org,1,"AS36351 (SOFTLAYER, US)"
bethlehemcenter-org.mail.protection.outlook.com,1,"AS8075 (MICROSOFT-CORP-MSN-AS-BLOCK, US)"
besttemp.email,1,"AS47583 (AS-HOSTINGER, CY)"
blinkmail.space,1,"AS36352 (AS-COLOCROSSING, US)"
mail.blinkinbox.com,1,"AS16276 (OVH, FR)"
mail.bizuteriazklasa.pl,1,"AS24940 (HETZNER-AS, DE)"
mail.blastforward.net,1,"AS21499 (GODADDY-SXB, DE)"
mx1.blinkweb.bid,1,"AS200107 (KL-EXT, CH)"
mail.blogging.com,1,
_dc-mx.80fcb72ec05e.blogerspace.com,1,"AS214481 (WCZAPKOWICZ-AS as214481as-wczapkowicz Chunkserve Backbone Transit, PL)"
mx.blog-galaxy.com,1,"AS20473 (AS-VULTR, US)"
mail.blepharochmail.com,1,"AS12586 (ASGHOSTNET, DE)"
mail.bloggersxmi.com,1,"AS47583 (AS-HOSTINGER, CY)"
mx.blockhousecalifornia.com,1,"AS29873 (BIZLAND-SD, US)"
mail.blockgemini.org,1,"AS174 (COGENT-174, US)"
mx.blog4us.eu,1,"AS14061 (DIGITALOCEAN-ASN, US)"
_dc-mx.ec6fa29f68da.blogbuildingu.com,1,"AS22612 (NAMECHEAP-NET, US)"
mx.blockhouseco.com,1,"AS29873 (BIZLAND-SD, US)"
mx1.bloggingpro.fun,1,"AS200107 (KL-EXT, CH)"
mx1.bloggingnow.site,1,"AS200107 (KL-EXT, CH)"
mail.blepharoconfmail.ru,1,"AS12586 (ASGHOSTNET, DE)"
mail.blogosfer.com,1,"AS63949 (AKAMAI-LINODE-AP Akamai Connected Cloud, SG)"
blocked-drains-bushey.co.uk,1,"AS42831 (UKSERVERS-AS UK Dedicated Servers, Hosting and Co-Location, GB)"
betbet.club,1,"AS14061 (DIGITALOCEAN-ASN, US)"
mx.yourelection.net,1,"AS54290 (HOSTWINDS, US)"
mail.typepad.com,1,"AS16509 (AMAZON-02, US)"
mx6.bloomning.net,1,
mail21.lh.pl,1,"AS203417 (LH, PL)"
mail.blondmail.com,1,"AS16276 (OVH, FR)"
mx.bloc.quebec.cust.a.hostedemail.com,1,"AS15348 (TUCOWS, CA)"
mail.blogos.net,1,"AS46606 (UNIFIEDLAYER-AS-1, US)"
mail.bizwork.top,1,"AS63949 (AKAMAI-LINODE-AP Akamai Connected Cloud, SG)"
mx1.bloggingnow.info,1,"AS200107 (KL-EXT, CH)"
blogtron.com,1,"AS12876 (Online SAS, FR)"
mx1.bloggingpro.info,1,"AS200107 (KL-EXT, CH)"
m.blouseness.com,1,"AS14061 (DIGITALOCEAN-ASN, US)"
mx1.blogster.info,1,"AS200107 (KL-EXT, CH)"
mail.bloombridals.com,1,"AS24940 (HETZNER-AS, DE)"
blog-net-gr.mail.protection.outlook.com,1,
mx1.blinkweb.top,1,"AS200107 (KL-EXT, CH)"
blocquebecois.quebec,1,"AS36666 (GTCOMM, CA)"
blogwebsite.top,1,"AS51167 (CONTABO, DE)"
blogiddaa.xyz,1,"AS24940 (HETZNER-AS, DE)"
mail.bltiwd.com,1,"AS24940 (HETZNER-AS, DE)"
mail0001.blueyoder.co.uk,1,"AS24940 (HETZNER-AS, DE)"
mail0001.blueyoner.co.uk,1,"AS24940 (HETZNER-AS, DE)"
mail.bluelawllp.com,1,"AS8075 (MICROSOFT-CORP-MSN-AS-BLOCK, US)"
bluedream-com-au.mail.protection.outlook.com,1,"AS8075 (MICROSOFT-CORP-MSN-AS-BLOCK, US)"
mail0001.blueonder.co.uk,1,"AS24940 (HETZNER-AS, DE)"
mailstore1.blueportalmail.com,1,"AS14061 (DIGITALOCEAN-ASN, US)"
bluecyber-com-br.mail.protection.outlook.com,1,"AS8075 (MICROSOFT-CORP-MSN-AS-BLOCK, US)"
bluewebdesigns.com,1,"AS40092 (ONIAAS, US)"
mail.bluestonefield.vip,1,"AS214996 (NETCUP, DE)"
mail.bluvisio.de,1,"AS203329 (ESHELTER, DE)"
mail.mixtmedia.ro,1,"AS51167 (CONTABO, DE)"
mail.bloumemail.com,1,"AS198825 (VERYCLOUD-SAS, FR)"
mail.boatmail.us,1,"AS47583 (AS-HOSTINGER, CY)"
bnintl-com.mail.protection.outlook.com,1,"AS8075 (MICROSOFT-CORP-MSN-AS-BLOCK, US)"
_dc-mx.84863473576d.bobkasus.site,1,"AS216071 (VDSINA, AE)"
mail.bloog-24.com,1,"AS16276 (OVH, FR)"
mx.bodyscrubrecipes.com,1,"AS14061 (DIGITALOCEAN-ASN, US)"
colo2f4.boardth.com,1,"AS14061 (DIGITALOCEAN-ASN, US)"
smtp-in.blu.it,1,"AS8660 (MATRIX-AS, IT)"
mail.blockchainanddefinews.com,1,"AS51167 (CONTABO, DE)"
mail.bocilaws.club,1,"AS51167 (CONTABO, DE)"
mx02.p.bluenet.ch,1,"AS16509 (AMAZON-02, US)"
poczta.blulapka.pl,1,"AS31242 (TKPSA-AS, PL)"
mxa-001a2001.gslb.pphosted.com,1,"AS26211 (PROOFPOINT-ASN-US-WEST, US)"
spbox2.bmp.net.id,1,"AS63949 (AKAMAI-LINODE-AP Akamai Connected Cloud, SG)"
bobocooler.com,1,"AS28753 (LEASEWEB-DE-FRA-10, DE)"
bodonk.my.id,1,"AS46475 (LIMESTONENETWORKS, US)"
mx1.hostinger.kr,1,"AS13335 (CLOUDFLARENET, US)"
1-grid-mx01.co.za,1,"AS36943 (ZA-1-Grid, ZA)"
mail.customs2g3.com,1,"AS47583 (AS-HOSTINGER, CY)"
mail.cvkmonaco.com,1,"AS47583 (AS-HOSTINGER, CY)"
mail.cutsup.com,1,"AS14061 (DIGITALOCEAN-ASN, US)"
mail.cxwet.com,1,"AS14061 (DIGITALOCEAN-ASN, US)"
mta6.cverizon.net,1,"AS19318 (IS-AS-1, US)"
mx.cuteboyo.com,1,"AS14061 (DIGITALOCEAN-ASN, US)"
mxa.api-mail.com,1,"AS3842 (RAMNODE, US)"
ocean.mxroute.com,1,"AS24940 (HETZNER-AS, DE)"
a249405.mx.mailhop.org,1,"AS16509 (AMAZON-02, US)"
mail.customercare.thetravellersrest.click,1,"AS51167 (CONTABO, DE)"
mail.currsmail.ru,1,"AS12586 (ASGHOSTNET, DE)"
mail.cyanomail.com,1,"AS12586 (ASGHOSTNET, DE)"
cyber-matrix.com,1,"AS47583 (AS-HOSTINGER, CY)"
mail.cybersex.com,1,"AS398101 (GO-DADDY-COM-LLC, US)"
orient.cyberlinkhub.com,1,"AS14061 (DIGITALOCEAN-ASN, US)"
_dc-mx.32ffa8f12c2b.cyclesandseasons.com,1,"AS46606 (UNIFIEDLAYER-AS-1, US)"
mail.curvml.ru,1,"AS12586 (ASGHOSTNET, DE)"
bak002.cy2077delta.com,1,"AS14061 (DIGITALOCEAN-ASN, US)"
d.lovepettoys.shop,1,"AS47583 (AS-HOSTINGER, CY)"
mail.cveti73.ru,1,"AS209641 (I-SERVERS-EAST, GB)"
mail.czarinaallanigue.com,1,"AS19871 (NETWORK-SOLUTIONS-HOSTING, US)"
mail.cytomorphmail.ru,1,"AS12586 (ASGHOSTNET, DE)"
mail.cystouremail.com,1,"AS12586 (ASGHOSTNET, DE)"
mail.cylindricfml.ru,1,"AS12586 (ASGHOSTNET, DE)"
mail.cylindrmails.ru,1,"AS12586 (ASGHOSTNET, DE)"
mail.customdevices.ru,1,"AS44094 (WEBHOST1-AS, RU)"
mail.cz.extra-breast.info,1,"AS41079 (CF-GDA, PL)"
mail.cytostamails.ru,1,"AS12586 (ASGHOSTNET, DE)"
a702908.mx.mailhop.org,1,"AS16509 (AMAZON-02, US)"
mail.cytoplasmifmus.ru,1,"AS12586 (ASGHOSTNET, DE)"
mail.d123.com,1,"AS29873 (BIZLAND-SD, US)"
mail.czytnik-rss.pl,1,"AS20853 (ETOP-AS, PL)"
mail.cystolithemail.ru,1,"AS12586 (ASGHOSTNET, DE)"
mail.d4networks.org,1,"AS64236 (UNREAL-SERVERS, US)"
mail.czechoslomail.ru,1,"AS12586 (ASGHOSTNET, DE)"
d-skin.com,1,"AS205876 (HOASTED, NL)"
mail.d88i.live,1,"AS22612 (NAMECHEAP-NET, US)"
mail.cytohyalmail.ru,1,"AS12586 (ASGHOSTNET, DE)"
mail.cytopathnmail.com,1,"AS12586 (ASGHOSTNET, DE)"
mx.d7lights.com.cust.a.hostedemail.com,1,"AS15348 (TUCOWS, CA)"
mx.d7electrical.com.cust.a.hostedemail.com,1,"AS15348 (TUCOWS, CA)"
mail.cytorsmail.ru,1,"AS12586 (ASGHOSTNET, DE)"
mx.d7solar.com.cust.a.hostedemail.com,1,"AS15348 (TUCOWS, CA)"
mail.czujepismonosem.pl,1,"AS50599 (Autonomous System for Dataspace P.S.A., PL)"
mx.d7floors.com.cust.a.hostedemail.com,1,"AS15348 (TUCOWS, CA)"
mail.cytogenetfmail.com,1,"AS12586 (ASGHOSTNET, DE)"
mail.dae-bam.net,1,"AS136557 (HOST-AS-AP Host Universal Pty Ltd, AU)"
mx.d7design.com.cust.a.hostedemail.com,1,"AS15348 (TUCOWS, CA)"
mail.dacryohemail.com,1,"AS12586 (ASGHOSTNET, DE)"
mail.dacryocyfl.com,1,"AS12586 (ASGHOSTNET, DE)"
mx.d7crews.com.cust.a.hostedemail.com,1,"AS15348 (TUCOWS, CA)"
mail.cytopaemail.ru,1,"AS12586 (ASGHOSTNET, DE)"
mx.d7painting.com.cust.a.hostedemail.com,1,"AS15348 (TUCOWS, CA)"
mail.dailybrewreviews.com,1,"AS204601 (PODAON, NL)"
mx.d7paving.com.cust.a.hostedemail.com,1,"AS15348 (TUCOWS, CA)"
mail.dacryocymail.ru,1,"AS12586 (ASGHOSTNET, DE)"
mail.dacryocystfmail.ru,1,"AS12586 (ASGHOSTNET, DE)"
mail.dactyliofm.ru,1,"AS12586 (ASGHOSTNET, DE)"
mail.dacrymail.com,1,"AS12586 (ASGHOSTNET, DE)"
dab.ro,1,"AS203053 (CLAUSWEB, RO)"
mail.dandanmail.com,1,"AS24940 (HETZNER-AS, DE)"
damiancronin-co-uk.mail.protection.outlook.com,1,"AS8075 (MICROSOFT-CORP-MSN-AS-BLOCK, US)"
dakaka.org,1,"AS7506 (INTERQ GMO Internet Group, Inc., JP)"
mail.daemsteam.com,1,"AS25151 (CYSO-AS, NL)"
dalyoko.com,1,"AS14061 (DIGITALOCEAN-ASN, US)"
mail.dailypublish.com,1,"AS63949 (AKAMAI-LINODE-AP Akamai Connected Cloud, SG)"
danamail-com.mail.protection.outlook.com,1,"AS8075 (MICROSOFT-CORP-MSN-AS-BLOCK, US)"
mail.dammexe.net,1,"AS46606 (UNIFIEDLAYER-AS-1, US)"
mailstream-central.mxrecord.mx,1,"AS13335 (CLOUDFLARENET, US)"
307bf9f3a985d730c266a40023b589d71c32d214,1,
danmoulson-com.mail.protection.outlook.com,1,"AS8075 (MICROSOFT-CORP-MSN-AS-BLOCK, US)"
_dc-mx.c8f1bbdc7892.dapetjackpot.com,1,"AS51167 (CONTABO, DE)"
mail.daouse.com,1,"AS24940 (HETZNER-AS, DE)"
mail.dark2web.art,1,"AS16276 (OVH, FR)"
mx1.5smail.email,1,
mail.danilkinanton.ru,1,"AS29182 (RU-JSCIOT, RU)"
mx1.darpun.xyz,1,"AS200107 (KL-EXT, CH)"
mail.datsun.com,1,AS4808 23724 (Unknown)
e.datamzone.com,1,"AS14061 (DIGITALOCEAN-ASN, US)"
mail.daviddjroy.com,1,"AS16276 (OVH, FR)"
mail.dashz.top,1,"AS16276 (OVH, FR)"
mail.datamind.icu,1,
mail.davdata.nl,1,"AS20857 (TRANSIP-AS Amsterdam, the Netherlands, NL)"
dazere-info.mail.protection.outlook.com,1,
darty.biz.st,1,"AS16276 (OVH, FR)"
mail.dartsgirls.com,1,"AS24940 (HETZNER-AS, DE)"
mail.dbmail.one,1,"AS20473 (AS-VULTR, US)"
194019900.pamx1.hotmail.com,1,"AS8075 (MICROSOFT-CORP-MSN-AS-BLOCK, US)"
mail.dboso.com,1,"AS14061 (DIGITALOCEAN-ASN, US)"
scrubber.dca.net,1,"AS6372 (DCANET, US)"
mail.ddns.net,1,"AS16582 (NEXTLEVELINTERNET, US)"
davenstore.com,1,"AS131775 (IDNIC-JALANET-AS-ID PT. Jupiter Jala Arta, ID)"
a594668.mx.mailhop.org,1,"AS16509 (AMAZON-02, US)"
mail.de.extra-breast.info,1,"AS41079 (CF-GDA, PL)"
mail.dauer.de,1,"AS3320 (DTAG Internet service provider operations, DE)"
dcodax.net,1,"AS51167 (CONTABO, DE)"
_dc-mx.341ec8cc6375.ddsongyy.com,1,"AS19871 (NETWORK-SOLUTIONS-HOSTING, US)"
mail.deadspam.com,1,"AS22612 (NAMECHEAP-NET, US)"
deadredhead.com,1,"AS203295 (GRABOTO, SE)"
_dc-mx.6144400e003b.deagot.com,1,"AS965 (WEBHOSTINGHOLDINGS, US)"
debatehistory.com,1,"AS46606 (UNIFIEDLAYER-AS-1, US)"
mail.deambumail.com,1,"AS12586 (ASGHOSTNET, DE)"
mail.dawnandduskcoffee.com,1,"AS135905 (VNPT-AS-VN VIETNAM POSTS AND TELECOMMUNICATIONS GROUP, VN)"
mail.decarboxylruby.ru,1,"AS12586 (ASGHOSTNET, DE)"
debtrelief.us,1,"AS24940 (HETZNER-AS, DE)"
mail.debitummail.com,1,"AS12586 (ASGHOSTNET, DE)"
ddataintegrasi.com,1,"AS131775 (IDNIC-JALANET-AS-ID PT. Jupiter Jala Arta, ID)"
deathbycounciltax.com,1,"AS7393 (CYBERCON, US)"
mail.deckerdesign.co,1,"AS46606 (UNIFIEDLAYER-AS-1, US)"
mail.de-a.org,1,"AS36351 (SOFTLAYER, US)"
mail.decarboni.ru,1,"AS12586 (ASGHOSTNET, DE)"
tempmail.dearmer.xyz,1,"AS395954 (LEASEWEB-USA-LAX, US)"
mail.decalcs.com,1,"AS12586 (ASGHOSTNET, DE)"
mail.deambml.ru,1,"AS12586 (ASGHOSTNET, DE)"
dealsonland.us,1,"AS22612 (NAMECHEAP-NET, US)"
decard-io.mail.protection.outlook.com,1,"AS8075 (MICROSOFT-CORP-MSN-AS-BLOCK, US)"
mail.dedmail.com,1,"AS20473 (AS-VULTR, US)"
mail.deceit.pro,1,"AS47583 (AS-HOSTINGER, CY)"
mail.decentralimail.ru,1,"AS12586 (ASGHOSTNET, DE)"
mail.dedifferemail.com,1,"AS12586 (ASGHOSTNET, DE)"
mail.decalcifility.ru,1,"AS12586 (ASGHOSTNET, DE)"
w015020f.kasserver.com,1,"AS34788 (NMM-AS D - 02742 Friedersdorf Hauptstrasse 68, DE)"
mail.deciemail.ru,1,"AS12586 (ASGHOSTNET, DE)"
mail.decimalimyu.ru,1,"AS12586 (ASGHOSTNET, DE)"
mail.decertifimail.ru,1,"AS12586 (ASGHOSTNET, DE)"
mail.dedifast.taxi,1,"AS42831 (UKSERVERS-AS UK Dedicated Servers, Hosting and Co-Location, GB)"
mail.decontammail.ru,1,"AS12586 (ASGHOSTNET, DE)"
mail.definingjtl.com,1,"AS47583 (AS-HOSTINGER, CY)"
dbdrainagenottingham.co.uk,1,"AS44043 (CYBER_FOLKS-RO-DC_CLJ, RO)"
mail.defibrils.com,1,"AS12586 (ASGHOSTNET, DE)"
defomail-com.mail.protection.outlook.com,1,"AS8075 (MICROSOFT-CORP-MSN-AS-BLOCK, US)"
dede.infos.st,1,"AS16276 (OVH, FR)"
box.theultr.com,1,"AS63949 (AKAMAI-LINODE-AP Akamai Connected Cloud, SG)"
mail.defibrilfl.com,1,"AS12586 (ASGHOSTNET, DE)"
mail.defendjo.ru,1,"AS12586 (ASGHOSTNET, DE)"
mail.ddn.kz,1,"AS200962 (CITICOM , KZ)"
mx0.defandit.com,1,"AS25697 (UPCLOUDUSA, US)"
mail.deaminemail.ru,1,"AS12586 (ASGHOSTNET, DE)"
deepstore.site,1,"AS58487 (CRI-AS-AP CV. Rumahweb Indonesia, ID)"
mail.dehonestebml.ru,1,"AS12586 (ASGHOSTNET, DE)"
mail.dehydrormyu.ru,1,"AS12586 (ASGHOSTNET, DE)"
degap.fr.nf,1,"AS16276 (OVH, FR)"
mail.deformamail.ru,1,"AS12586 (ASGHOSTNET, DE)"
mail.deltabox.cfd,1,"AS24940 (HETZNER-AS, DE)"
mail.delimitsemail.com,1,"AS12586 (ASGHOSTNET, DE)"
mail.delimitaumail.com,1,"AS12586 (ASGHOSTNET, DE)"
mx3.hanmail.net,1,"AS7625 (DAUM-AS Kakao Corp, KR)"
mail.demainmail.com,1,"AS12586 (ASGHOSTNET, DE)"
mail.dematerimails.ru,1,"AS12586 (ASGHOSTNET, DE)"
mail.delorex.com,1,"AS14061 (DIGITALOCEAN-ASN, US)"
s88.goserver.host,1,"AS48324 (DE-WEBGO www.webgo.de, DE)"
mail.delicruez.com,1,"AS53667 (PONYNET, US)"
mail.dematerialimail.com,1,"AS12586 (ASGHOSTNET, DE)"
mail.demobilimails.ru,1,"AS12586 (ASGHOSTNET, DE)"
mail.demand.pictures,1,"AS16276 (OVH, FR)"
mail.democratim.com,1,"AS12586 (ASGHOSTNET, DE)"
mail.demonetmails.ru,1,"AS12586 (ASGHOSTNET, DE)"
_dc-mx.5c8dd0967c28.dencxvo.com,1,"AS51167 (CONTABO, DE)"
mail.demonstra.ru,1,"AS12586 (ASGHOSTNET, DE)"
mail.density2v.com,1,"AS47583 (AS-HOSTINGER, CY)"
mail.densebpoqq.com,1,"AS47583 (AS-HOSTINGER, CY)"
mail.demineemail.ru,1,"AS12586 (ASGHOSTNET, DE)"
mail.demonofml.com,1,"AS12586 (ASGHOSTNET, DE)"
mail.demonimail.ru,1,"AS12586 (ASGHOSTNET, DE)"
mail.demoraemail.ru,1,"AS12586 (ASGHOSTNET, DE)"
demytholomail.com,1,"AS9123 (TIMEWEB-AS, RU)"
mail.denominamail.com,1,"AS12586 (ASGHOSTNET, DE)"
mail.denatioemail.ru,1,"AS12586 (ASGHOSTNET, DE)"
_dc-mx.6b5d774e4b94.denyfromall.org,1,"AS34119 (WILDCARD-AS Wildcard UK Limited, GB)"
mail.denitrificmfri.com,1,"AS12586 (ASGHOSTNET, DE)"
denvergeek-com.mail.protection.outlook.com,1,"AS8075 (MICROSOFT-CORP-MSN-AS-BLOCK, US)"
mail.denitrifimail.ru,1,"AS12586 (ASGHOSTNET, DE)"
mail.depoteemi.com,1,"AS12586 (ASGHOSTNET, DE)"
mail.denmail.ru,1,"AS12586 (ASGHOSTNET, DE)"
mail.depersonalmail.ru,1,"AS12586 (ASGHOSTNET, DE)"
mail.denumerali.com,1,"AS12586 (ASGHOSTNET, DE)"
mail.depersonainf.com,1,"AS12586 (ASGHOSTNET, DE)"
mail.depopulils.ru,1,"AS12586 (ASGHOSTNET, DE)"
mail.deregumail.com,1,"AS12586 (ASGHOSTNET, DE)"
mail.depolarebml.ru,1,"AS12586 (ASGHOSTNET, DE)"
mail.deregumail.ru,1,"AS12586 (ASGHOSTNET, DE)"
mail.dermatotmale.com,1,"AS12586 (ASGHOSTNET, DE)"
mail.dermatocmail.com,1,"AS12586 (ASGHOSTNET, DE)"
mail.derrenmail.com,1,"AS12586 (ASGHOSTNET, DE)"
mail.depreciamail.ru,1,"AS12586 (ASGHOSTNET, DE)"
mail.depreciml.com,1,"AS12586 (ASGHOSTNET, DE)"
_dc-mx.e6e5bf388ada.designog.com,1,"AS22612 (NAMECHEAP-NET, US)"
designbuildsd-com.mail.protection.outlook.com,1,"AS8075 (MICROSOFT-CORP-MSN-AS-BLOCK, US)"
mail.deregml.ru,1,"AS12586 (ASGHOSTNET, DE)"
mail.desedumail.com,1,"AS12586 (ASGHOSTNET, DE)"
mail.haocall.com,1,"AS45090 (TENCENT-NET-AP Shenzhen Tencent Computer Systems Company Limited, CN)"
mx.descargalo.org,1,"AS29873 (BIZLAND-SD, US)"
mail.dermatosclmails.ru,1,"AS12586 (ASGHOSTNET, DE)"
mail.deplorabruby.ru,1,"AS12586 (ASGHOSTNET, DE)"
mail.dermatomails.ru,1,"AS12586 (ASGHOSTNET, DE)"
mail.dermatomyruby.ru,1,"AS12586 (ASGHOSTNET, DE)"
mx5.spamtador.com,1,"AS12338 (EUSKALTEL, ES)"
mail.desoz.com,1,"AS24940 (HETZNER-AS, DE)"
_dc-mx.7f5e9f195dcc.detran.site,1,"AS63023 (AS-GLOBALTELEHOST, US)"
mail.despeciftomail.com,1,"AS12586 (ASGHOSTNET, DE)"
mail.desoxycortimail.com,1,"AS12586 (ASGHOSTNET, DE)"
deskmail.xyz,1,"AS16276 (OVH, FR)"
mail.desalmail.ru,1,"AS12586 (ASGHOSTNET, DE)"
mail.detexx.com,1,"AS14144 (ADMIN-ON-DEMAND-LLC, US)"
mail.despmail.com,1,"AS12586 (ASGHOSTNET, DE)"
a634648.mx.mailhop.org,1,"AS16509 (AMAZON-02, US)"
mail.determiomail.com,1,"AS12586 (ASGHOSTNET, DE)"
mail.deterioraml.com,1,"AS12586 (ASGHOSTNET, DE)"
mail.deuterocanoaemail.com,1,"AS12586 (ASGHOSTNET, DE)"
mail.dev.semar.edu.pl,1,"AS16276 (OVH, FR)"
mail.desulfemail.ru,1,"AS12586 (ASGHOSTNET, DE)"
mail.detmail.ru,1,"AS12586 (ASGHOSTNET, DE)"
malibuzz.devere-malta.com,1,"AS51167 (CONTABO, DE)"
mail.detikcapsa.org,1,"AS22612 (NAMECHEAP-NET, US)"
mail.detesta.ru,1,"AS12586 (ASGHOSTNET, DE)"
mailserver66.chickenkiller.com,1,"AS31898 (ORACLE-BMC-31898, US)"
mail.denomla.com,1,"AS132203 (TENCENT-NET-AP-CN Tencent Building, Kejizhongyi Avenue, CN)"
dev-omarplayz-eu-org.mail.protection.outlook.com,1,"AS8075 (MICROSOFT-CORP-MSN-AS-BLOCK, US)"
mail.devbike.com,1,"AS14061 (DIGITALOCEAN-ASN, US)"
mail.dev.mrotzis.com,1,"AS24940 (HETZNER-AS, DE)"
mail.developermail.com,1,
mail.dev.bcm.edu.pl,1,"AS16276 (OVH, FR)"
mail.derluxuswagen.de,1,
mail.determail.ru,1,"AS12586 (ASGHOSTNET, DE)"
mail.derkombi.de,1,
desfrenes.fr.nf,1,"AS16276 (OVH, FR)"
mail.devitrmail.ru,1,"AS12586 (ASGHOSTNET, DE)"
mail.dezedd.com,1,"AS47583 (AS-HOSTINGER, CY)"
dewabola303.com,1,"AS396356 (LATITUDE-SH, US)"
mail.detektywenigma.pl,1,"AS50599 (Autonomous System for Dataspace P.S.A., PL)"
mail.detash.kg,1,"AS48271 (CITY-TELECOM-AS, KG)"
mail.dextroamphetgmail.ru,1,"AS12586 (ASGHOSTNET, DE)"
mail.dfirstmail.com,1,"AS12586 (ASGHOSTNET, DE)"
mail.dhnow.com,1,"AS14061 (DIGITALOCEAN-ASN, US)"
dexmail.icu,1,"AS16276 (OVH, FR)"
mailcrab.dataforce.org.uk,1,"AS15490 (SHANEMCC, GB)"
mx.dhbusinesstrade.info,1,"AS14061 (DIGITALOCEAN-ASN, US)"
mail.diacetonml.com,1,"AS12586 (ASGHOSTNET, DE)"
mail.diagonml.com,1,"AS12586 (ASGHOSTNET, DE)"
mail.dialypemail.ru,1,"AS12586 (ASGHOSTNET, DE)"
mx.diablogold.net,1,"AS14061 (DIGITALOCEAN-ASN, US)"
mail.diacathotomail.com,1,"AS12586 (ASGHOSTNET, DE)"
mail.diagonalli.com,1,"AS12586 (ASGHOSTNET, DE)"
dgse.infos.st,1,"AS16276 (OVH, FR)"
mail.dialorsmail.ru,1,"AS12586 (ASGHOSTNET, DE)"
mail.diaphormails.ru,1,"AS12586 (ASGHOSTNET, DE)"
dhanaramarine.com,1,"AS25369 (BANDWIDTH-AS, GB)"
mx2.diablo3character.com,1,"AS200107 (KL-EXT, CH)"
diariodigital.info,1,"AS16276 (OVH, FR)"
mail.diatonmail.ru,1,"AS12586 (ASGHOSTNET, DE)"
mail.diddyricky.fr,1,"AS203446 (AS203446, GB)"
mail.diddyricky.store,1,"AS203446 (AS203446, GB)"
mail.diddyricky.com,1,"AS203446 (AS203446, GB)"
mail.diastereoimail.com,1,"AS12586 (ASGHOSTNET, DE)"
mail.diatherm.ru,1,"AS12586 (ASGHOSTNET, DE)"
mail.diathermail.ru,1,"AS12586 (ASGHOSTNET, DE)"
mail.diddyricky.info,1,"AS203446 (AS203446, GB)"
mail.dichvulike.info,1,"AS135932 (VNDATA-AS-VN Viet Storage Technology Joint Stock Company, VN)"
mail-hetzner01.teamorange.hu,1,"AS24940 (HETZNER-AS, DE)"
mail.diastfmail.ru,1,"AS12586 (ASGHOSTNET, DE)"
mail.dictatmail.ru,1,"AS12586 (ASGHOSTNET, DE)"
mail.dezcentr56.ru,1,"AS44094 (WEBHOST1-AS, RU)"
mail.diastereoemail.ru,1,"AS12586 (ASGHOSTNET, DE)"
mail.dianetiks.ru,1,"AS214172 (PURESERVERS, HK)"
mail.dietna.com,1,"AS14061 (DIGITALOCEAN-ASN, US)"
mail.differentimfri.com,1,"AS12586 (ASGHOSTNET, DE)"
mail.difficilemail.com,1,"AS12586 (ASGHOSTNET, DE)"
digiprice.co,1,"AS14670 (WHG-USE1, GB)"
mail.diffusifmk.com,1,"AS12586 (ASGHOSTNET, DE)"
mail.diffusibgmail.ru,1,"AS12586 (ASGHOSTNET, DE)"
mail.diffusmail.ru,1,"AS12586 (ASGHOSTNET, DE)"
mail.didix.ru,1,"AS12876 (Online SAS, FR)"
mail.digitalcourier.xyz,1,"AS20473 (AS-VULTR, US)"
mail.digitalbox4.com,1,"AS63410 (PRIVATESYSTEMS, US)"
mail.digestimail.ru,1,"AS12586 (ASGHOSTNET, DE)"
_dc-mx.ee20739d611e.digitaltransarchive.net,1,"AS46606 (UNIFIEDLAYER-AS-1, US)"
mail.digitaemail.ru,1,"AS12586 (ASGHOSTNET, DE)"
digitalfocuses.com,1,"AS52148 (ENIXLTD, GB)"
fran4.symbolhost.com,1,"AS16276 (OVH, FR)"
mx1.diigo.club,1,"AS200107 (KL-EXT, CH)"
mail.digitalparcels.xyz,1,"AS20473 (AS-VULTR, US)"
mail.dihydrostrepio.com,1,"AS12586 (ASGHOSTNET, DE)"
digitalproductprovider.com,1,"AS148993 (DIANAHOSTLTD-AS-AP Diana Host Ltd, BD)"
mail.digitalesbusiness.info,1,"AS34240 (MANITU, DE)"
mail.diablodawg.com,1,"AS29182 (RU-JSCIOT, RU)"
mail.devly.site,1,"AS141995 (CAPL-AS-AP Contabo Asia Private Limited, SG)"
mail.dilatatfmus.ru,1,"AS12586 (ASGHOSTNET, DE)"
mail.diiodotmails.ru,1,"AS12586 (ASGHOSTNET, DE)"
dimethylnmail.com,1,"AS9123 (TIMEWEB-AS, RU)"
mail.dimensiomail.com,1,"AS12586 (ASGHOSTNET, DE)"
mail.dimensionfmail.com,1,"AS12586 (ASGHOSTNET, DE)"
mail.dinamuradrealestateagentglendaleaz.com,1,"AS46606 (UNIFIEDLAYER-AS-1, US)"
dinero-real.com,1,
mx.dinorc.com.cust.b.hostedemail.com,1,"AS32491 (TUCOWS-3, CA)"
mail.diosfkml.ru,1,"AS12586 (ASGHOSTNET, DE)"
mail.diplofml.com,1,"AS12586 (ASGHOSTNET, DE)"
mail.diplefml.com,1,"AS12586 (ASGHOSTNET, DE)"
mail.diphenyle.ru,1,"AS12586 (ASGHOSTNET, DE)"
mail.dinkmail.com,1,"AS37153 (xneelo, ZA)"
mail.diplomy-v-orenburge.ru,1,"AS197695 (AS-REG, RU)"
mail.dipsomemail.ru,1,"AS12586 (ASGHOSTNET, DE)"
mail.diplom-v-ulyanovske.ru,1,"AS197695 (AS-REG, RU)"
mail.diplom-voronesh.ru,1,"AS197695 (AS-REG, RU)"
mail.disadvantageoutomail.com,1,"AS12586 (ASGHOSTNET, DE)"
mail.disassocimfri.com,1,"AS12586 (ASGHOSTNET, DE)"
mail.disagreinf.com,1,"AS12586 (ASGHOSTNET, DE)"
mail.diplom-v-kaluge.ru,1,"AS197695 (AS-REG, RU)"
mail.dipoelast.ru,1,"AS197695 (AS-REG, RU)"
mail.disadvantagedumail.com,1,"AS12586 (ASGHOSTNET, DE)"
mail.disamail.ru,1,"AS12586 (ASGHOSTNET, DE)"
mail.disartiemail.ru,1,"AS12586 (ASGHOSTNET, DE)"
mail.disaffecfmail.ru,1,"AS12586 (ASGHOSTNET, DE)"
mail.discompofml.ru,1,"AS12586 (ASGHOSTNET, DE)"
mail.discontinuml.com,1,"AS12586 (ASGHOSTNET, DE)"
mail.disciplin.ru,1,"AS12586 (ASGHOSTNET, DE)"
mail.disconml.ru,1,"AS12586 (ASGHOSTNET, DE)"
mail.disciplmails.ru,1,"AS12586 (ASGHOSTNET, DE)"
mail.discontinufml.com,1,"AS12586 (ASGHOSTNET, DE)"
mail.discontmalis.com,1,"AS12586 (ASGHOSTNET, DE)"
mail.discontfmail.ru,1,"AS12586 (ASGHOSTNET, DE)"
apt.hldns.ru,1,"AS20473 (AS-VULTR, US)"
mail.discontinsalo.ru,1,"AS12586 (ASGHOSTNET, DE)"
mail.discontrsmail.ru,1,"AS12586 (ASGHOSTNET, DE)"
mail.discouragefmail.com,1,"AS12586 (ASGHOSTNET, DE)"
mail.disequiliumail.com,1,"AS12586 (ASGHOSTNET, DE)"
mail.disefl.com,1,"AS16276 (OVH, FR)"
mail.dishonorabmail.ru,1,"AS12586 (ASGHOSTNET, DE)"
mail.disingenuouomail.ru,1,"AS12586 (ASGHOSTNET, DE)"
discussion.website,1,"AS55470 (CYFUTURE-AS-IN Cyfuture India Pvt. Ltd., IN)"
mx-n.global-mail.cn,1,"AS135377 (UCLOUD-HK-AS-AP UCLOUD INFORMATION TECHNOLOGY HK LIMITED, HK)"
mail.disoxygeml.com,1,"AS12586 (ASGHOSTNET, DE)"
displays2go-com.mail.protection.outlook.com,1,"AS8075 (MICROSOFT-CORP-MSN-AS-BLOCK, US)"
mail.disobemail.ru,1,"AS12586 (ASGHOSTNET, DE)"
mail.dispensafmk.com,1,"AS12586 (ASGHOSTNET, DE)"
_dc-mx.dd790c1833a6.disposableemail.co,1,"AS398101 (GO-DADDY-COM-LLC, US)"
mail.disposableinbox.xyz,1,"AS20473 (AS-VULTR, US)"
mail.disposablemail.com,1,"AS16276 (OVH, FR)"
mx1.disposeamail.com,1,"AS14061 (DIGITALOCEAN-ASN, US)"
mail.disproportiofmail.com,1,"AS12586 (ASGHOSTNET, DE)"
bslmsn.dissertationwritingtops.com,1,"AS209605 (HOSTBALTIC, LT)"
mail.disproportmails.ru,1,"AS12586 (ASGHOSTNET, DE)"
mail.dimethylsuic.com,1,"AS12586 (ASGHOSTNET, DE)"
mail.dissipatml.com,1,"AS12586 (ASGHOSTNET, DE)"
mail.dissiemail.ru,1,"AS12586 (ASGHOSTNET, DE)"
dist-com.mail.protection.outlook.com,1,"AS8075 (MICROSOFT-CORP-MSN-AS-BLOCK, US)"
mail.disqualimails.ru,1,"AS12586 (ASGHOSTNET, DE)"
mail.dissimilamail.ru,1,"AS12586 (ASGHOSTNET, DE)"
mail.distastefumail.com,1,"AS12586 (ASGHOSTNET, DE)"
mail.distribuolml.ru,1,"AS12586 (ASGHOSTNET, DE)"
mail.distinguisfmals.com,1,"AS12586 (ASGHOSTNET, DE)"
mail.dissoemail.ru,1,"AS12586 (ASGHOSTNET, DE)"
distinguismail.com,1,"AS9123 (TIMEWEB-AS, RU)"
mail.dipterocarpmail.ru,1,"AS12586 (ASGHOSTNET, DE)"
mail.diversify.re,1,"AS16276 (OVH, FR)"
mail.disassrsmail.ru,1,"AS12586 (ASGHOSTNET, DE)"
mail.diversifimail.com,1,"AS12586 (ASGHOSTNET, DE)"
dewajudi.org,1,
mail.disconfofkml.ru,1,"AS12586 (ASGHOSTNET, DE)"
mail2.ianpullen.com,1,"AS63949 (AKAMAI-LINODE-AP Akamai Connected Cloud, SG)"
mail.dkcgrateful.com,1,"AS47583 (AS-HOSTINGER, CY)"
mail.disestablifmail.ru,1,"AS12586 (ASGHOSTNET, DE)"
mail.disingme.ru,1,"AS12586 (ASGHOSTNET, DE)"
mx1.disposabl.com,1,"AS209243 (QUICKHOSTUK, GB)"
mail.otpmail.org,1,"AS45899 (VNPT-AS-VN VNPT Corp, VN)"
mail.diplo.edu.pl,1,
a34-mta03.direcpc.com,1,
_dc-mx.ba2ddc0d6ad7.dlroperations.com,1,"AS22612 (NAMECHEAP-NET, US)"
dlemail.ru,1,"AS9002 (RETN-AS, GB)"
amx2.xworks.net,1,AS205542 (Unknown)
mail.disciplimail.ru,1,
mail.dispostable.com,1,"AS14061 (DIGITALOCEAN-ASN, US)"
mail.disproportiomail.com,1,"AS12586 (ASGHOSTNET, DE)"
mail.dmaildd.com,1,"AS14061 (DIGITALOCEAN-ASN, US)"
mail.dmslovakiat.com,1,"AS47583 (AS-HOSTINGER, CY)"
mail.disproportionaio.com,1,"AS12586 (ASGHOSTNET, DE)"
mail.disproportionmail.ru,1,"AS12586 (ASGHOSTNET, DE)"
mail.disqualific.com,1,"AS12586 (ASGHOSTNET, DE)"
mail.disqualificafmail.com,1,"AS12586 (ASGHOSTNET, DE)"
mail.dnevniq.com,1,"AS198610 (BEGET-AS, RU)"
_dc-mx.6918ee461b91.dndx.com,1,"AS63023 (AS-GLOBALTELEHOST, US)"
dmts.fr.nf,1,"AS16276 (OVH, FR)"
mx.dishmail.net,1,
mail.dissimi.com,1,"AS12586 (ASGHOSTNET, DE)"
mail.disservicmails.ru,1,"AS12586 (ASGHOSTNET, DE)"
mail.email-me.co.uk,1,"AS16276 (OVH, FR)"
dockstones.com,1,"AS47583 (AS-HOSTINGER, CY)"
docmax.my.to,1,"AS6805 (TDDE-ASN1, DE)"
mail.doads.org,1,"AS16276 (OVH, FR)"
dns.docknke.com,1,"AS14061 (DIGITALOCEAN-ASN, US)"
mx.dnamail.fi,1,"AS16086 (DNA, FI)"
mail.doco77.com,1,"AS35908 (VPLSNET, US)"
mail.doctrinar.com,1,"AS12586 (ASGHOSTNET, DE)"
mfsmax.docomo.ne.jp,1,"AS2514 (INFOSPHERE NTT PC Communications, Inc., JP)"
mail.documenrsmail.ru,1,"AS12586 (ASGHOSTNET, DE)"
mail.documefml.com,1,"AS12586 (ASGHOSTNET, DE)"
mx-inx6lb6eo.doesnment.com,1,"AS14061 (DIGITALOCEAN-ASN, US)"
sibmail.com,1,"AS395839 (HOSTKEY-USA, US)"
mail.doctormail.info,1,"AS214481 (WCZAPKOWICZ-AS as214481as-wczapkowicz Chunkserve Backbone Transit, PL)"
dogsmot.com,1,"AS7506 (INTERQ GMO Internet Group, Inc., JP)"
mail.dodecaml.ru,1,"AS12586 (ASGHOSTNET, DE)"
dogn-com.mail.protection.outlook.com,1,"AS8075 (MICROSOFT-CORP-MSN-AS-BLOCK, US)"
mail.doj.one,1,"AS44486 (SYNLINQ synlinq.de, DE)"
mail.dividendxk.com,1,"AS47583 (AS-HOSTINGER, CY)"
mail.doiea.com,1,"AS26666 (INTERSERVER-LAX, US)"
mail.dolphincityrecords.com,1,"AS14061 (DIGITALOCEAN-ASN, US)"
mail.dolichoprofml.com,1,"AS12586 (ASGHOSTNET, DE)"
dollsplasticsurgery-com.mail.protection.outlook.com,1,"AS8075 (MICROSOFT-CORP-MSN-AS-BLOCK, US)"
ax.virusfree.cz,1,"AS21430 (WIA-AS, CZ)"
mail01.dolphinmail.org,1,"AS36351 (SOFTLAYER, US)"
mail.diureticmyu.ru,1,"AS12586 (ASGHOSTNET, DE)"
mx1.domaincroud.host,1,"AS200107 (KL-EXT, CH)"
domain-grow.xyz,1,"AS20068 (HAWKHOST, CA)"
mail.dollargiftcards.com,1,"AS31898 (ORACLE-BMC-31898, US)"
doitagile-com.mail.protection.outlook.com,1,"AS8075 (MICROSOFT-CORP-MSN-AS-BLOCK, US)"
mail.desolamail.com,1,
mail.dixz.org,1,"AS3842 (RAMNODE, US)"
mail.dominatingkeywords.com,1,"AS398101 (GO-DADDY-COM-LLC, US)"
bslmsn.domycollegehomeworkforme.com,1,"AS209605 (HOSTBALTIC, LT)"
mail.dona.pw,1,"AS44486 (SYNLINQ synlinq.de, DE)"
mail.dona.one,1,"AS44486 (SYNLINQ synlinq.de, DE)"
bslmsn.domyhomeworkformecheap.com,1,"AS209605 (HOSTBALTIC, LT)"
mail.domeerer.com,1,"AS14061 (DIGITALOCEAN-ASN, US)"
mail.divine-wholeness.com,1,"AS6724 (STRATO STRATO AG, DE)"
mail.domicilimail.ru,1,"AS12586 (ASGHOSTNET, DE)"
djmiamisteve-com.mail.protection.outlook.com,1,
donations.com,1,"AS40021 (CONTABO-40021, US)"
racks.doncong.com,1,"AS14061 (DIGITALOCEAN-ASN, US)"
dons.mooo.com,1,"AS3462 (HINET Data Communication Business Group, TW)"
dominikcumhuriyeti.com,1,"AS203576 (INTERNETBILISIM, TR)"
mail.donymails.com,1,"AS47583 (AS-HOSTINGER, CY)"
mail.dona.rip,1,"AS44486 (SYNLINQ synlinq.de, DE)"
mx.doodooli.xyz,1,"AS20473 (AS-VULTR, US)"
p.doobb.com,1,"AS401696 (COGNETCLOUD, US)"
mx.doommail.com,1,"AS29873 (BIZLAND-SD, US)"
mail.dondom.ru,1,"AS210079 (EUROBYTE, RU)"
mail.donat.club,1,"AS44051 (FORNEX-AS, ES)"
mx.leenucks.com,1,"AS6327 (SHAW, CA)"
_dc-mx.0dd828df871c.dor4.ru,1,"AS211381 (PODAON, LV)"
mail.dontsendmespam.de,1,
mail.ngway.it,1,"AS3242 (ASN-ITNET, IT)"
domofony.info.pl,1,"AS203417 (LH, PL)"
mail9.mydevil.net,1,"AS57367 (ECO-ATMAN-PL ECO-ATMAN-, PL)"
mail.doublehop.store,1,"AS40021 (CONTABO-40021, US)"
mail.domyz-drewna.pl,1,"AS20804 (ASN-TELENERGO ul. PERKUNA 47, WARSZAWA, PL)"
mail.dotzq.com,1,"AS14061 (DIGITALOCEAN-ASN, US)"
mail.dou.pt,1,"AS51167 (CONTABO, DE)"
malibuzz.dovereducationlink.com,1,
mx.co4.in,1,"AS34119 (WILDCARD-AS Wildcard UK Limited, GB)"
mail.doulas.org,1,"AS14061 (DIGITALOCEAN-ASN, US)"
doubletale-com.mail.protection.outlook.com,1,
mx6.doudoune-ralphlauren.com,1,
mx6.doudounecanadagoosesoldesfrance.com,1,
mx.doppioclick.it,1,"AS31034 (ARUBA-ASN, IT)"
mx.downloadmoviefilm.net,1,"AS14061 (DIGITALOCEAN-ASN, US)"
dota2walls.com,1,"AS136557 (HOST-AS-AP Host Universal Pty Ltd, AU)"
mail.dpmurt.my,1,"AS14061 (DIGITALOCEAN-ASN, US)"
mx.dr69.site,1,"AS16509 (AMAZON-02, US)"
mail.dpam.com,1,"AS13768 (COGECO-PEER1, CA)"
mx-mail4.dragence.com,1,"AS14061 (DIGITALOCEAN-ASN, US)"
a435187.mx.mailhop.org,1,"AS16509 (AMAZON-02, US)"
dragonfly-africa.mail.protection.outlook.com,1,"AS8075 (MICROSOFT-CORP-MSN-AS-BLOCK, US)"
mail1.doublemail.de,1,"AS24940 (HETZNER-AS, DE)"
mail.dranexi.cfd,1,"AS14061 (DIGITALOCEAN-ASN, US)"
mail.draylaw.com,1,"AS40676 (AS40676, US)"
mail.doithe47.com,1,"AS135905 (VNPT-AS-VN VIETNAM POSTS AND TELECOMMUNICATIONS GROUP, VN)"
mail.drdreyy.com,1,"AS47583 (AS-HOSTINGER, CY)"
mx1.draviero.info,1,"AS200107 (KL-EXT, CH)"
mail.dremixd.com,1,"AS47583 (AS-HOSTINGER, CY)"
dreamgreen.fr.nf,1,"AS16276 (OVH, FR)"
mx.cooo.in,1,"AS34119 (WILDCARD-AS Wildcard UK Limited, GB)"
mail.dreithen.site,1,"AS51167 (CONTABO, DE)"
mx.dresssmall.com,1,"AS14061 (DIGITALOCEAN-ASN, US)"
mail.drevo.si,1,"AS48894 (OPTIMUS-AS, SI)"
dreammachines.com.pl,1,"AS5617 (TPNET, PL)"
mail.dr0m.ru,1,"AS29182 (RU-JSCIOT, RU)"
mail.dreamvoyage.cc,1,"AS214996 (NETCUP, DE)"
webmail.dristle-it-llc.store,1,"AS16276 (OVH, FR)"
mx.dreamydeals.shop.cust.b.hostedemail.com,1,"AS32491 (TUCOWS-3, CA)"
drnatashafinlay.com,1,"AS20473 (AS-VULTR, US)"
mx01.dondominio.com,1,"AS57910 (SCIP-AS Soluciones Corporativas IP SCIP, ES)"
mail.dripinteractive.com,1,"AS60458 (ASN-XTUDIONET, ES)"
drivemail.sbs,1,"AS16276 (OVH, FR)"
dronemeuphigh.com,1,"AS31898 (ORACLE-BMC-31898, US)"
mail.dropmaily.xyz,1,"AS19318 (IS-AS-1, US)"
mail.drovantis.cfd,1,"AS203446 (AS203446, GB)"
mail.drovenix.cfd,1,"AS203446 (AS203446, GB)"
dropmailx.com,1,"AS209341 (WHG-FRA, GB)"
mail.dropmailer.net,1,"AS24940 (HETZNER-AS, DE)"
mail.dropjar.com,1,"AS16276 (OVH, FR)"
mail.dropmeon.com,1,"AS16276 (OVH, FR)"
mail.drugordr.com,1,"AS14061 (DIGITALOCEAN-ASN, US)"
mx.drorevsm.com,1,"AS14061 (DIGITALOCEAN-ASN, US)"
mx01.tophost.ch,1,"AS35206 (NOVATREND-AS, CH)"
droptempmail.com,1,"AS19318 (IS-AS-1, US)"
mail.droits-de-revente.site,1,"AS214172 (PURESERVERS, HK)"
a860850.mx.mailhop.org,1,"AS16509 (AMAZON-02, US)"
drsafir-com.mail.protection.outlook.com,1,"AS8075 (MICROSOFT-CORP-MSN-AS-BLOCK, US)"
mail.drugsellers.com,1,"AS44486 (SYNLINQ synlinq.de, DE)"
mx.drthedf.org,1,"AS14061 (DIGITALOCEAN-ASN, US)"
mail.druckwerk.info,1,"AS22611 (INMOTION, US)"
mail.dropd.ru,1,"AS29182 (RU-JSCIOT, RU)"
mail.dsmail.shop,1,"AS40021 (CONTABO-40021, US)"
dspwebservices.com,1,"AS16509 (AMAZON-02, US)"
d261500a.ess.barracudanetworks.com,1,"AS16509 (AMAZON-02, US)"
mx.dstefaniak.pl,1,"AS14061 (DIGITALOCEAN-ASN, US)"
dslextreme-com.mx.av-mx.com,1,"AS31898 (ORACLE-BMC-31898, US)"
a697714.mx.mailhop.org,1,"AS16509 (AMAZON-02, US)"
mx.duccong.pro,1,"AS20473 (AS-VULTR, US)"
smtp-inbound1.duck.com,1,"AS8075 (MICROSOFT-CORP-MSN-AS-BLOCK, US)"
dtlabs-org.mail.protection.outlook.com,1,"AS8075 (MICROSOFT-CORP-MSN-AS-BLOCK, US)"
mx.dubilowski.com,1,"AS29873 (BIZLAND-SD, US)"
mail.duckspam.com,1,"AS24940 (HETZNER-AS, DE)"
mail.dualistitomail.com,1,"AS12586 (ASGHOSTNET, DE)"
mail.doitups.com,1,"AS47583 (AS-HOSTINGER, CY)"
duhanicapital-com.mail.protection.outlook.com,1,"AS8075 (MICROSOFT-CORP-MSN-AS-BLOCK, US)"
mx.dtmricambi.com,1,"AS13182 (ASN-ADHOC-NETWORK Rimini, Italy, IT)"
mail.duhastmail.com,1,"AS12586 (ASGHOSTNET, DE)"
mail.dukedish.com,1,"AS14061 (DIGITALOCEAN-ASN, US)"
skynet.nemocnice-vs.cz,1,"AS198813 (SYCHROVNET, CZ)"
dukeseyecare-com.mail.protection.outlook.com,1,"AS8075 (MICROSOFT-CORP-MSN-AS-BLOCK, US)"
mail.duodetomail.com,1,"AS12586 (ASGHOSTNET, DE)"
_dc-mx.072dffa3578f.dustbin.one,1,"AS20473 (AS-VULTR, US)"
mail.dutiesu0.com,1,"AS47583 (AS-HOSTINGER, CY)"
mail.dixman.xyz,1,"AS9891 (CSLOX-IDC-AS-AP CS LOXINFO Public Company Limited., TH)"
mail.don.edu.pl,1,"AS44486 (SYNLINQ synlinq.de, DE)"
dulieu.io.vn,1,"AS20068 (HAWKHOST, CA)"
mail.dumpmail.de,1,"AS197540 (NETCUP-AS netcup GmbH, DE)"
mx1.mymangomail.com,1,"AS53667 (PONYNET, US)"
mail.dunkos.xyz,1,"AS19318 (IS-AS-1, US)"
mailstore.dustinry.com,1,"AS14061 (DIGITALOCEAN-ASN, US)"
mail.duoden.ru,1,"AS12586 (ASGHOSTNET, DE)"
mail.durandinterstellar.com,1,"AS29182 (RU-JSCIOT, RU)"
mail.dvdpit.com,1,"AS14061 (DIGITALOCEAN-ASN, US)"
dv7.com,1,"AS32475 (SINGLEHOP-LLC, US)"
mx6.dvdnewshome.com,1,
mail.duodesemail.ru,1,"AS12586 (ASGHOSTNET, DE)"
mail.dupa.pl,1,"AS16276 (OVH, FR)"
dv2.host,1,"AS24940 (HETZNER-AS, DE)"
mail.chatluxembourg.net,1,"AS22653 (GLOBALCOMPASS, US)"
mail.chatsitereviews.com,1,"AS19871 (NETWORK-SOLUTIONS-HOSTING, US)"
mail.chatpolynesie.com,1,"AS22653 (GLOBALCOMPASS, US)"
dwfgf.xyz,1,"AS16276 (OVH, FR)"
mx.chcb.info,1,"AS29873 (BIZLAND-SD, US)"
mail.dorsibremail.ru,1,"AS12586 (ASGHOSTNET, DE)"
mail.dymarent.cfd,1,"AS203446 (AS203446, GB)"
mail.dynarix.cfd,1,"AS203446 (AS203446, GB)"
mail.chavhanga.com,1,"AS37153 (xneelo, ZA)"
mx.serveriai.lt,1,"AS212531 (INTERNETO-VIZIJA, LT)"
dyndns-org.mail.protection.outlook.com,1,"AS8075 (MICROSOFT-CORP-MSN-AS-BLOCK, US)"
duyfkentrading-com.mail.protection.outlook.com,1,"AS8075 (MICROSOFT-CORP-MSN-AS-BLOCK, US)"
mail.dyspituio.com,1,"AS12586 (ASGHOSTNET, DE)"
mail.dyslogistmail.com,1,"AS12586 (ASGHOSTNET, DE)"
dynabird.sakura.ne.jp,1,"AS9371 (SAKURA-C SAKURA Internet Inc., JP)"
mail.dz17.net,1,"AS19871 (NETWORK-SOLUTIONS-HOSTING, US)"
duylong.name.vn,1,
mx6.cheaps5.com,1,
mail.cheatautomation.com,1,
dzieciswiat.pl,1,"AS12824 (HOMEPL-AS, PL)"
mx6.cheapsnowbootsus.com,1,
mail01.checkemail.biz,1,"AS36351 (SOFTLAYER, US)"
mx1.dznf.net,1,"AS200107 (KL-EXT, CH)"
cheapsportschinajerseysonline.com,1,"AS149020 (WEBHORIZON-AS-AP WebHorizon Internet Services, SG)"
mx.checkyourform.xyz,1,"AS36352 (AS-COLOCROSSING, US)"
e-mail.com,1,"AS7018 (ATT-INTERNET4, US)"
kddi145.e-mail.jp,1,"AS2516 (KDDI KDDI CORPORATION, JP)"
cheekymonkey-co-uk.mail.protection.outlook.com,1,"AS8075 (MICROSOFT-CORP-MSN-AS-BLOCK, US)"
inbound-reply.s1.exacttarget.com,1,"AS14340 (SALESFORCE, US)"
smtp-hc04.infoselfcloud.com,1,"AS51621 (INFOSELF, ES)"
e.lovepettoys.shop,1,"AS47583 (AS-HOSTINGER, CY)"
mail.chemgu.com,1,"AS132203 (TENCENT-NET-AP-CN Tencent Building, Kejizhongyi Avenue, CN)"
chemeport.com,1,"AS54163 (AHOSTING, US)"
mail.chemosynthetifmail.com,1,"AS12586 (ASGHOSTNET, DE)"
mail.e-mail.cafe,1,"AS16276 (OVH, FR)"
mail.chemothemail.com,1,"AS12586 (ASGHOSTNET, DE)"
mail.chemotherml.ru,1,"AS12586 (ASGHOSTNET, DE)"
checkbox.biz,1,"AS45638 (SYNERGYWHOLESALE-AP SYNERGY WHOLESALE PTY LTD, AU)"
mail.e-windykacje.pl,1,"AS50599 (Autonomous System for Dataspace P.S.A., PL)"
mail.chemiluminesmail.ru,1,"AS12586 (ASGHOSTNET, DE)"
e2estudios-com.mail.protection.outlook.com,1,"AS8075 (MICROSOFT-CORP-MSN-AS-BLOCK, US)"
mail.e-position.pl,1,"AS50599 (Autonomous System for Dataspace P.S.A., PL)"
hy8qasp.cherobe.com,1,"AS14061 (DIGITALOCEAN-ASN, US)"
_dc-mx.1c13d123b5cf.cherrysfineart.com,1,"AS24940 (HETZNER-AS, DE)"
mail.e4ivstampk.com,1,"AS47583 (AS-HOSTINGER, CY)"
mail.chenopoml.ru,1,"AS12586 (ASGHOSTNET, DE)"
mail.chery-clubs.ru,1,"AS198068 (PAGM-AS, EE)"
mail.chiabuy.store,1,"AS19318 (IS-AS-1, US)"
mail.chiabuy.space,1,"AS19318 (IS-AS-1, US)"
chiabuy.life,1,"AS199404 (WHG-IN, GB)"
mail.e90.biz,1,"AS41079 (CF-GDA, PL)"
mail.chiaplotbuy.shop,1,"AS19318 (IS-AS-1, US)"
e6wa.com,1,"AS24940 (HETZNER-AS, DE)"
mail.chiaplotbuy.xyz,1,"AS19318 (IS-AS-1, US)"
mail.e52.ru,1,"AS197695 (AS-REG, RU)"
mail.chiasbuy.shop,1,"AS19318 (IS-AS-1, US)"
mail.eachera.com,1,"AS16276 (OVH, FR)"
filter.upwardmail.net,1,"AS398146 (EMYPEOPLE, US)"
_dc-mx.9ba384500b65.chiaplotbuy.eu,1,"AS12876 (Online SAS, FR)"
mail.chernyshow.ru,1,"AS44094 (WEBHOST1-AS, RU)"
dominomail.creative-intelligence.it,1,"AS15691 (LEONET-AS-, IT)"
dwgre-com0i.mail.protection.outlook.com,1,"AS8075 (MICROSOFT-CORP-MSN-AS-BLOCK, US)"
ealea.fr.nf,1,"AS16276 (OVH, FR)"
earlepress-com.mail.protection.outlook.com,1,"AS8075 (MICROSOFT-CORP-MSN-AS-BLOCK, US)"
boundfpiy5at.childrenth.com,1,"AS14061 (DIGITALOCEAN-ASN, US)"
mx.earpitchtraining.info,1,"AS14061 (DIGITALOCEAN-ASN, US)"
fast3x.chimneycats.com,1,"AS14061 (DIGITALOCEAN-ASN, US)"
dynastyantique.com,1,"AS22611 (INMOTION, US)"
mail.eastsidecounselingcenters.com,1,
mx0.mail.ovh.ca,1,"AS16276 (OVH, FR)"
eastwestpr-com.mail.protection.outlook.com,1,"AS8075 (MICROSOFT-CORP-MSN-AS-BLOCK, US)"
router.eastriveramail.com,1,"AS14061 (DIGITALOCEAN-ASN, US)"
mail.legtux.org,1,"AS16276 (OVH, FR)"
easy-com.mail.protection.outlook.com,1,"AS8075 (MICROSOFT-CORP-MSN-AS-BLOCK, US)"
mail.easymails.cc,1,"AS44486 (SYNLINQ synlinq.de, DE)"
mx.easymailer.live,1,"AS16276 (OVH, FR)"
mail.neomailsrvr.com,1,"AS63949 (AKAMAI-LINODE-AP Akamai Connected Cloud, SG)"
mail.easypass.rs,1,"AS24940 (HETZNER-AS, DE)"
mail.chiroptmail.com,1,"AS12586 (ASGHOSTNET, DE)"
mail.easyandhardwaysout.com,1,"AS29182 (RU-JSCIOT, RU)"
mail.domozmail.com,1,
_dc-mx.4483654e659c.duta303.org,1,
mail.chlamydommail.com,1,"AS12586 (ASGHOSTNET, DE)"
_dc-mx.dd8e88537b0d.eatfitplan.org,1,"AS51167 (CONTABO, DE)"
chlorotrifluomail.com,1,"AS9123 (TIMEWEB-AS, RU)"
chloruoromail.com,1,"AS9123 (TIMEWEB-AS, RU)"
mail.eatgood.site,1,"AS210403 (LWS, FR)"
chodas-com.mail.protection.outlook.com,1,"AS8075 (MICROSOFT-CORP-MSN-AS-BLOCK, US)"
mail.choanoflagli.com,1,"AS12586 (ASGHOSTNET, DE)"
mail.choicemail1.com,1,"AS14061 (DIGITALOCEAN-ASN, US)"
mail.chlamydomonaolml.ru,1,"AS12586 (ASGHOSTNET, DE)"
mail.choledocholimail.com,1,"AS12586 (ASGHOSTNET, DE)"
mail.cholecystogasinf.com,1,"AS12586 (ASGHOSTNET, DE)"
chookie-com.mail.protection.outlook.com,1,"AS8075 (MICROSOFT-CORP-MSN-AS-BLOCK, US)"
mail.cholecystojemail.com,1,"AS12586 (ASGHOSTNET, DE)"
mail.choledochoduomail.com,1,"AS12586 (ASGHOSTNET, DE)"
mail.cholecystolimail.com,1,"AS12586 (ASGHOSTNET, DE)"
mail.choleropruby.ru,1,"AS12586 (ASGHOSTNET, DE)"
mail.cholecystolithiumail.com,1,"AS12586 (ASGHOSTNET, DE)"
mail.cholthomail.com,1,"AS12586 (ASGHOSTNET, DE)"
mail.cholemail.com,1,"AS12586 (ASGHOSTNET, DE)"
mail.chonxi.com,1,"AS14061 (DIGITALOCEAN-ASN, US)"
mail.cholestermail.com,1,"AS12586 (ASGHOSTNET, DE)"
mail.chong-mail.net,1,"AS24940 (HETZNER-AS, DE)"
mail.ebimails.ru,1,"AS12586 (ASGHOSTNET, DE)"
mail.eblanomail.com,1,"AS12586 (ASGHOSTNET, DE)"
mail.chondrosamails.ru,1,"AS12586 (ASGHOSTNET, DE)"
ebrius.net,1,"AS47583 (AS-HOSTINGER, CY)"
mail.chorimail.com,1,"AS12586 (ASGHOSTNET, DE)"
mail.choriofmail.ru,1,"AS12586 (ASGHOSTNET, DE)"
mail.choreogrfmail.com,1,"AS12586 (ASGHOSTNET, DE)"
mail.cholthomail.ru,1,"AS12586 (ASGHOSTNET, DE)"
chort.eu,1,"AS19871 (NETWORK-SOLUTIONS-HOSTING, US)"
mail.chorioasemail.com,1,"AS12586 (ASGHOSTNET, DE)"
mail-nl.cpdmail.nl,1,"AS9009 (M247, RO)"
mail.chopz.top,1,"AS16276 (OVH, FR)"
mail.choremail.ru,1,"AS12586 (ASGHOSTNET, DE)"
protonmail.ch,1,"AS62371 (PROTON, CH)"
mail.ebullmail.ru,1,"AS12586 (ASGHOSTNET, DE)"
cc-mail3.ecenomecs.com,1,"AS14061 (DIGITALOCEAN-ASN, US)"
mail.e88i.fit,1,"AS22612 (NAMECHEAP-NET, US)"
mail.ecclespt.ru,1,"AS12586 (ASGHOSTNET, DE)"
ecclesiamail.com,1,"AS9123 (TIMEWEB-AS, RU)"
christchurchcasino-co-nz.mail.protection.outlook.com,1,"AS8075 (MICROSOFT-CORP-MSN-AS-BLOCK, US)"
echosofspirit.com.mail.protection.outlook.com,1,
mail.chongsoft.cn,1,"AS25820 (IT7NET, CA)"
mail.chongsoft.com,1,"AS25820 (IT7NET, CA)"
mail.chromentis.cfd,1,"AS203446 (AS203446, GB)"
christianneighbors-org.mail.eo.outlook.com,1,"AS8075 (MICROSOFT-CORP-MSN-AS-BLOCK, US)"
mail.echinodmail.com,1,"AS12586 (ASGHOSTNET, DE)"
mail.echinocomail.com,1,"AS12586 (ASGHOSTNET, DE)"
mail.chromaemail.ru,1,"AS12586 (ASGHOSTNET, DE)"
mail.chromatogrfkml.ru,1,"AS12586 (ASGHOSTNET, DE)"
mail.ecclemail.ru,1,"AS12586 (ASGHOSTNET, DE)"
mail.chromomail.com,1,"AS12586 (ASGHOSTNET, DE)"
mail.chromatographitomail.com,1,"AS12586 (ASGHOSTNET, DE)"
mail.chronobmails.ru,1,"AS12586 (ASGHOSTNET, DE)"
mail.chromarsmail.ru,1,"AS12586 (ASGHOSTNET, DE)"
mx1.dpstele.net,1,AS3549 (Unknown)
chrysant.info,1,"AS20068 (HAWKHOST, CA)"
mail.echinodmali.ru,1,"AS12586 (ASGHOSTNET, DE)"
mail.chrysoaristmy.com,1,"AS12586 (ASGHOSTNET, DE)"
mail.ecomdaily.com,1,"AS213230 (HETZNER-CLOUD2-AS, DE)"
mail.chiangmaiair.org,1,"AS965 (WEBHOSTINGHOLDINGS, US)"
mx2.umd.iphmx.com,1,"AS16417 (IRONPORT-SYSTEMS-INC, US)"
mail.chubsmail.com,1,"AS12586 (ASGHOSTNET, DE)"
mail.chrysobaomail.ru,1,"AS12586 (ASGHOSTNET, DE)"
mail.chrysoaristmofml.ru,1,"AS12586 (ASGHOSTNET, DE)"
mail.chuongtrinhcanhac.com,1,"AS46606 (UNIFIEDLAYER-AS-1, US)"
churchofo-com.mail.protection.outlook.com,1,"AS8075 (MICROSOFT-CORP-MSN-AS-BLOCK, US)"
mail.churcfml.com,1,"AS12586 (ASGHOSTNET, DE)"
mail.cialis-otc.com,1,"AS197695 (AS-REG, RU)"
mail.economeli.com,1,"AS12586 (ASGHOSTNET, DE)"
mail.economemails.ru,1,"AS12586 (ASGHOSTNET, DE)"
mail.ecologimil.ru,1,"AS12586 (ASGHOSTNET, DE)"
mail.ecstor.com,1,"AS14061 (DIGITALOCEAN-ASN, US)"
mail.cialidsmail.com,1,"AS12586 (ASGHOSTNET, DE)"
mail.echtmail.de,1,"AS42730 (EVANZOAS, DE)"
mail.eamsurn.com,1,"AS47583 (AS-HOSTINGER, CY)"
mx6.cialisonline-20mg.com,1,
mail.ectromail.ru,1,"AS12586 (ASGHOSTNET, DE)"
m05.internetmailserver.net,1,"AS14415 (HOSTCOLLECTIVE, US)"
ecosolutions.biz.id,1,"AS141120 (IDNIC-WARNAHOST-AS-ID PT Warna Data Multimedia, ID)"
mail.ciceronifmus.ru,1,"AS12586 (ASGHOSTNET, DE)"
mg.cifro.tech,1,"AS12389 (ROSTELECOM-AS PJSC Rostelecom. Technical Team, RU)"
econolar.com.br,1,"AS29802 (HVC-AS, US)"
edaom.com,1,"AS197706 (KEMINET A datacenter located in TiranaAlbania. Webhosting, Dedicated Servers, VPS, IPv4IPv6 leasing, AL)"
mail.domain,1,
mail.cilokmen.site,1,"AS51167 (CONTABO, DE)"
_dc-mx.7ed2a19d7cb7.edmontonportablesigns.com,1,"AS31898 (ORACLE-BMC-31898, US)"
_dc-mx.8120cd7686af.earthmail.online,1,"AS16276 (OVH, FR)"
chimesearch.com,1,"AS33083 (AXCELX-NET, US)"
mail.cinematogrfl.com,1,"AS12586 (ASGHOSTNET, DE)"
mail.edu-mail.edu.pl,1,"AS42846 (GUZELHOSTING GNET INTERNET TELEKOMUNIKASYON A.S., TR)"
mail.cineangiocamail.com,1,"AS12586 (ASGHOSTNET, DE)"
mail.cineradiomy.com,1,"AS12586 (ASGHOSTNET, DE)"
mail.editrsmail.ru,1,"AS12586 (ASGHOSTNET, DE)"
cinephotomicmail.com,1,"AS9123 (TIMEWEB-AS, RU)"
edhardy-onsale.com,1,"AS59253 (LEASEWEB-APAC-SIN-11 LEASEWEB SINGAPORE PTE. LTD., SG)"
edud.site,1,"AS47583 (AS-HOSTINGER, CY)"
mail.edriophtholml.ru,1,"AS12586 (ASGHOSTNET, DE)"
mail.circumesemail.ru,1,"AS12586 (ASGHOSTNET, DE)"
mail.educationfmail.com,1,"AS12586 (ASGHOSTNET, DE)"
mail.circumambf.ru,1,"AS12586 (ASGHOSTNET, DE)"
mail.edumail.edu.rs,1,"AS16276 (OVH, FR)"
mail.edumail.store,1,"AS214481 (WCZAPKOWICZ-AS as214481as-wczapkowicz Chunkserve Backbone Transit, PL)"
_dc-mx.235f68b8d965.edumail.icu,1,"AS16276 (OVH, FR)"
mail.circumesopfml.com,1,"AS12586 (ASGHOSTNET, DE)"
mail.edumail.me,1,"AS42846 (GUZELHOSTING GNET INTERNET TELEKOMUNIKASYON A.S., TR)"
mail.circumambmails.ru,1,"AS12586 (ASGHOSTNET, DE)"
app.arya.biz.id.id,1,
mail.cirefusmail.com,1,"AS12586 (ASGHOSTNET, DE)"
mail.circumambumail.ru,1,"AS12586 (ASGHOSTNET, DE)"
mail.circumeaaemail.ru,1,"AS12586 (ASGHOSTNET, DE)"
mail.edumail.su,1,"AS16276 (OVH, FR)"
mail.circumvallfmail.ru,1,"AS12586 (ASGHOSTNET, DE)"
mail.edumaga.com,1,"AS3842 (RAMNODE, US)"
mail.circumnavigmails.ru,1,"AS12586 (ASGHOSTNET, DE)"
mail.chiaplotshop.xyz,1,"AS19318 (IS-AS-1, US)"
mail.circumesophfm.ru,1,"AS12586 (ASGHOSTNET, DE)"
mail.circumstmail.ru,1,"AS12586 (ASGHOSTNET, DE)"
mail.edusath.com,1,"AS3842 (RAMNODE, US)"
mx.cityofsomerton.com,1,
mail.cityofbatesvillems.com,1,
mail.eeauqspent.com,1,"AS47583 (AS-HOSTINGER, CY)"
citylightsart.com,1,"AS200313 (INTERNET-IT, VG)"
mail.ee1.pl,1,"AS41079 (CF-GDA, PL)"
app.arya.biz.id,1,
civiclink-org01c.mail.protection.outlook.com,1,"AS8075 (MICROSOFT-CORP-MSN-AS-BLOCK, US)"
civilium-com.mail.protection.outlook.com,1,"AS8075 (MICROSOFT-CORP-MSN-AS-BLOCK, US)"
mail.civvic.ro,1,
citysafescore.com,1,"AS40021 (CONTABO-40021, US)"
eeu.jp,1,"AS7506 (INTERQ GMO Internet Group, Inc., JP)"
mail.eepmarketing.com,1,"AS23352 (SERVERCENTRAL, US)"
mail.ckkdetails.com,1,"AS47583 (AS-HOSTINGER, CY)"
edviagara.com,1,"AS37907 (DIGIROCK DigiRock, Inc., JP)"
mail.efficientmx.com,1,"AS24940 (HETZNER-AS, DE)"
mail.effexts.com,1,"AS14061 (DIGITALOCEAN-ASN, US)"
mail.ckiaspal.ovh,1,"AS16509 (AMAZON-02, US)"
mail.protection.outlook.com,1,
eetcafedebrakkegrond.com,1,"AS20857 (TRANSIP-AS Amsterdam, the Netherlands, NL)"
eft-one.mail.protection.outlook.com,1,"AS8075 (MICROSOFT-CORP-MSN-AS-BLOCK, US)"
ckspackaging-com.mx1.arsmtp.com,1,"AS53780 (AS-APPRIVER, US)"
chickenbreeds.net,1,
friday.x-secure.net,1,"AS24940 (HETZNER-AS, DE)"
mail.egirl.help,1,"AS44486 (SYNLINQ synlinq.de, DE)"
malibuzz.egypthacker.com,1,"AS51167 (CONTABO, DE)"
mail.classicaltantra.com,1,"AS22611 (INMOTION, US)"
server710278.nazwa.pl,1,"AS15967 (NETARTGROUP, PL)"
mail.claudd.com,1,"AS14061 (DIGITALOCEAN-ASN, US)"
mx.classesmail.com,1,"AS16276 (OVH, FR)"
util01.verticalscope.com,1,
cleaningbusinessmentor-com.mail.protection.outlook.com,1,"AS8075 (MICROSOFT-CORP-MSN-AS-BLOCK, US)"
missioninbox.outboxment.com,1,"AS20473 (AS-VULTR, US)"
cleanbeyondco-com.mail.protection.outlook.com,1,"AS8075 (MICROSOFT-CORP-MSN-AS-BLOCK, US)"
mx1.claudiaamaya.com,1,"AS200107 (KL-EXT, CH)"
mail.eicircuitm.com,1,"AS47583 (AS-HOSTINGER, CY)"
cleaningcompanybristol.com,1,"AS395111 (KVCNET-2009, US)"
mx1.clearmail.online,1,"AS200107 (KL-EXT, CH)"
mail.einweg-email.com,1,"AS60781 (LEASEWEB-NL-AMS-01 Netherlands, NL)"
mail.clayandplay.ru,1,"AS44094 (WEBHOST1-AS, RU)"
clearwire.net,1,"AS63410 (PRIVATESYSTEMS, US)"
clearwaterarizona-com.mail.protection.outlook.com,1,"AS8075 (MICROSOFT-CORP-MSN-AS-BLOCK, US)"
egmail-com.p10.spamhero.com,1,"AS13354 (ZC38-AS1, US)"
mail.cleantalkorg1.ru,1,"AS29182 (RU-JSCIOT, RU)"
esb.einfolab.com,1,"AS5645 (TEKSAVVY, CA)"
mail.eiveg.com,1,"AS14061 (DIGITALOCEAN-ASN, US)"
cleptomail.com,1,"AS9123 (TIMEWEB-AS, RU)"
mail.eireomail.com,1,"AS12586 (ASGHOSTNET, DE)"
clevelandinnovation-com.mail.protection.outlook.com,1,"AS8075 (MICROSOFT-CORP-MSN-AS-BLOCK, US)"
mx01.earthliknk.net,1,
mail.einmalmail.de,1,"AS31103 (KEYWEB-AS, DE)"
einsteinaccounting.com,1,"AS24940 (HETZNER-AS, DE)"
chimpn-com01b.mail.protection.outlook.com,1,
sv16259.xserver.jp,1,"AS131965 (XSERVER Xserver Inc., JP)"
api.tempmail.fish,1,"AS24940 (HETZNER-AS, DE)"
outside2.jacobs.com,1,
mail.ecocloud.com,1,"AS4620 (SOLONE-AS-AP Sol One Anycast Delivery Network, SG)"
ecidmail.com,1,"AS9123 (TIMEWEB-AS, RU)"
mail.chromolithogrebml.ru,1,"AS12586 (ASGHOSTNET, DE)"
_dc-mx.0a9a6f74e5f0.clickr.pro,1,"AS20473 (AS-VULTR, US)"
mail.clientacceleratoracademy.com,1,"AS26496 (AS-26496-GO-DADDY-COM-LLC, US)"
h1.hitme.pl,1,"AS50840 (AS-HITME, PL)"
climatefoolsday.com,1,"AS30633 (LEASEWEB-USA-WDC, US)"
cliffcastlecasino-net.mail.protection.outlook.com,1,"AS8075 (MICROSOFT-CORP-MSN-AS-BLOCK, US)"
mail.ekiu.com,1,"AS63068 (CROCWEB, CA)"
mail.clinicalstudent.shop,1,"AS19318 (IS-AS-1, US)"
smtp.el.cash,1,"AS14061 (DIGITALOCEAN-ASN, US)"
mail.clinicalstudent.online,1,"AS19318 (IS-AS-1, US)"
ecomail.com,1,"AS9371 (SAKURA-C SAKURA Internet Inc., JP)"
5,1,
mail.clinicopamail.com,1,"AS12586 (ASGHOSTNET, DE)"
ekurhuleni.co.za,1,"AS328364 (Host-Africa-AS, ZA)"
elchato-com.mail.protection.outlook.com,1,"AS8075 (MICROSOFT-CORP-MSN-AS-BLOCK, US)"
charmingfaredemo.com,1,"AS19871 (NETWORK-SOLUTIONS-HOSTING, US)"
mx.aftermarket.pl,1,"AS48707 (AS48707-OPS-, PL)"
mx1.cialiscouponss.com,1,"AS200107 (KL-EXT, CH)"
mail.clinicopatmail.com,1,"AS12586 (ASGHOSTNET, DE)"
mail.ekskavator32.ru,1,"AS35278 (SPRINTHOST, RU)"
mx0.chiefmail.kr.ua,1,"AS20473 (AS-VULTR, US)"
mail.elecromail.com,1,"AS24940 (HETZNER-AS, DE)"
email.clockance.com,1,"AS14061 (DIGITALOCEAN-ASN, US)"
msn.elecling.com,1,"AS14061 (DIGITALOCEAN-ASN, US)"
mail.ecuemail.ru,1,"AS12586 (ASGHOSTNET, DE)"
mail.charms-shop.com,1,"AS16276 (OVH, FR)"
mx.expedient.net,1,"AS17054 (EXPEDIENT, US)"
mail.clixoft.com,1,"AS200000 (UKRAINE-AS, UA)"
mail.electroacouaemail.com,1,"AS12586 (ASGHOSTNET, DE)"
mail.chatfrenchguiana.com,1,"AS22653 (GLOBALCOMPASS, US)"
mail.electrocamail.com,1,"AS12586 (ASGHOSTNET, DE)"
mail.electrochemale.com,1,"AS12586 (ASGHOSTNET, DE)"
mail.chatbelgique.com,1,"AS22653 (GLOBALCOMPASS, US)"
mail.cloneotp.com,1,"AS31898 (ORACLE-BMC-31898, US)"
mail.electrocmalu.ru,1,"AS12586 (ASGHOSTNET, DE)"
mail.electroenemail.ru,1,"AS12586 (ASGHOSTNET, DE)"
mail.clokkmail.com,1,"AS12586 (ASGHOSTNET, DE)"
mail.electrogamail.com,1,"AS12586 (ASGHOSTNET, DE)"
electrodemail.com,1,"AS9123 (TIMEWEB-AS, RU)"
mail.electrmails.ru,1,"AS12586 (ASGHOSTNET, DE)"
mail.electrmail.ru,1,"AS12586 (ASGHOSTNET, DE)"
mail.charolottetimes46.com,1,"AS51167 (CONTABO, DE)"
mail.electronefml.com,1,"AS12586 (ASGHOSTNET, DE)"
mail.electrogrtomail.com,1,"AS12586 (ASGHOSTNET, DE)"
nstemp1.dns4userver.com,1,"AS52030 (SERVERPLAN-AS, IT)"
electronicmail-us.mail.protection.outlook.com,1,"AS8075 (MICROSOFT-CORP-MSN-AS-BLOCK, US)"
mail.electrolumail.com,1,"AS12586 (ASGHOSTNET, DE)"
mail.electroch.ru,1,"AS12586 (ASGHOSTNET, DE)"
mail.electroemail.ru,1,"AS12586 (ASGHOSTNET, DE)"
mail.electrocml.ru,1,"AS12586 (ASGHOSTNET, DE)"
mail.electrolmail.com,1,"AS12586 (ASGHOSTNET, DE)"
mail.electrocarmail.ru,1,"AS12586 (ASGHOSTNET, DE)"
mail.electrocmails.ru,1,"AS12586 (ASGHOSTNET, DE)"
mx.clonmel.com,1,"AS29873 (BIZLAND-SD, US)"
mail.electrolfml.ru,1,"AS12586 (ASGHOSTNET, DE)"
mail.electrodeosmail.ru,1,"AS12586 (ASGHOSTNET, DE)"
electrolummail.com,1,"AS9123 (TIMEWEB-AS, RU)"
mail.electroreli.com,1,"AS12586 (ASGHOSTNET, DE)"
mail.electrochemail.ru,1,"AS12586 (ASGHOSTNET, DE)"
mail.electrophormfri.com,1,"AS12586 (ASGHOSTNET, DE)"
mail.electriccityrw.com,1,"AS210878 (TREADSTONE-AS, RO)"
electrophomail.com,1,"AS9123 (TIMEWEB-AS, RU)"
mail.electrooptml.com,1,"AS12586 (ASGHOSTNET, DE)"
electrotemail.com,1,"AS9123 (TIMEWEB-AS, RU)"
route.clothance.com,1,"AS14061 (DIGITALOCEAN-ASN, US)"
mail.electroextmails.ru,1,"AS12586 (ASGHOSTNET, DE)"
mail.electrolymail.ru,1,"AS12586 (ASGHOSTNET, DE)"
mail.electropml.ru,1,"AS12586 (ASGHOSTNET, DE)"
abcxyzhtv.mailtam.com,1,"AS45102 (ALIBABA-CN-NET Alibaba US Technology Co., Ltd., CN)"
mail.elerso.com,1,"AS14061 (DIGITALOCEAN-ASN, US)"
mail.cloudcarib.net,1,"AS19377 (CLOUD-CARIB-LTD, BS)"
eldobhato-level.hu,1,"AS210772 (NEWPUSH, HU)"
mail.closetraid.me,1,"AS36444 (NEXCESS-NET, US)"
mail.eleemomail.ru,1,"AS12586 (ASGHOSTNET, DE)"
mail.elementfmals.com,1,"AS12586 (ASGHOSTNET, DE)"
mail.inboxesmail.app,1,"AS135918 (DVS-AS-VN VIET DIGITAL TECHNOLOGY LIABILITY COMPANY, VN)"
mail.elememail.ru,1,"AS12586 (ASGHOSTNET, DE)"
mxa-canary.global.inbound.cf-emailsecurity.net,1,"AS13335 (CLOUDFLARENET, US)"
mail.cloudcourier.xyz,1,"AS20473 (AS-VULTR, US)"
mx1.elerrisgroup.com,1,"AS200107 (KL-EXT, CH)"
mail.elfepost.com,1,"AS12586 (ASGHOSTNET, DE)"
mail.elhida.com,1,"AS47583 (AS-HOSTINGER, CY)"
mail.cloudparcels.xyz,1,"AS20473 (AS-VULTR, US)"
mailforward21.cloudns.net,1,"AS43350 (NFORCE, NL)"
mail.classitheme.com,1,
mx1.elfox.net,1,"AS200107 (KL-EXT, CH)"
mail.eatrhlink.net,1,"AS14061 (DIGITALOCEAN-ASN, US)"
mailforward101.cloudns.net,1,"AS43350 (NFORCE, NL)"
mail.ratermail.com,1,"AS131353 (NHANHOA-AS-VN NhanHoa Software company, VN)"
mail81.conoha.ne.jp,1,"AS7506 (INTERQ GMO Internet Group, Inc., JP)"
mail.elixora.cfd,1,"AS203446 (AS203446, GB)"
mail.clowmail.com,1,"AS16276 (OVH, FR)"
cloudmail.lol,1,"AS16276 (OVH, FR)"
elect-nhs-uk.mail.protection.outlook.com,1,"AS8075 (MICROSOFT-CORP-MSN-AS-BLOCK, US)"
mail.elite.gold.edu.pl,1,"AS16276 (OVH, FR)"
mail.clubstt.com,1,"AS47583 (AS-HOSTINGER, CY)"
mail.ellamail.com,1,"AS12586 (ASGHOSTNET, DE)"
mail.mmocommunity.io.vn,1,"AS135918 (DVS-AS-VN VIET DIGITAL TECHNOLOGY LIABILITY COMPANY, VN)"
mx.ellingtonvets.com,1,"AS29873 (BIZLAND-SD, US)"
ellora-us.mail.protection.outlook.com,1,"AS8075 (MICROSOFT-CORP-MSN-AS-BLOCK, US)"
mail.circumamb.com,1,"AS12586 (ASGHOSTNET, DE)"
_dc-mx.1b7411f0738b.cmail.asia,1,"AS16276 (OVH, FR)"
mail.circulmail.ru,1,"AS12586 (ASGHOSTNET, DE)"
cmail.fr.nf,1,"AS16276 (OVH, FR)"
mail.circumambfkml.ru,1,"AS12586 (ASGHOSTNET, DE)"
elmiracap-com.mail.protection.outlook.com,1,"AS8075 (MICROSOFT-CORP-MSN-AS-BLOCK, US)"
mail.cmailg.com,1,"AS46606 (UNIFIEDLAYER-AS-1, US)"
cmx0.sol.net,1,
cmirealestate-com.mail.protection.outlook.com,1,"AS8075 (MICROSOFT-CORP-MSN-AS-BLOCK, US)"
mail.elvemail.com,1,"AS12586 (ASGHOSTNET, DE)"
elva-app.mail.protection.outlook.com,1,"AS8075 (MICROSOFT-CORP-MSN-AS-BLOCK, US)"
mail.clock64.ru,1,"AS44094 (WEBHOST1-AS, RU)"
mail.elucimail.com,1,"AS12586 (ASGHOSTNET, DE)"
emaginas-com.mail.protection.outlook.com,1,"AS8075 (MICROSOFT-CORP-MSN-AS-BLOCK, US)"
mail.cnanb.com,1,"AS14061 (DIGITALOCEAN-ASN, US)"
a196450.mx.mailhop.org,1,"AS16509 (AMAZON-02, US)"
mail.clubnews.ru,1,"AS42889 (METAVIRA-AS, RU)"
mx.circlegame.iceiy.com,1,"AS34119 (WILDCARD-AS Wildcard UK Limited, GB)"
srv.smarfred.com,1,"AS44803 (WEBDOCK-AS, DK)"
mail.cnieux.com,1,"AS14061 (DIGITALOCEAN-ASN, US)"
mail.cnew.ir,1,"AS36351 (SOFTLAYER, US)"
_dc-mx.342a9d07ac6d.email.mw,1,"AS197540 (NETCUP-AS netcup GmbH, DE)"
mail.coachnutrio.com,1,"AS24940 (HETZNER-AS, DE)"
mail.elmoscow.ru,1,"AS42889 (METAVIRA-AS, RU)"
email-temporaire.fr,1,"AS16276 (OVH, FR)"
mail.coachtransformationacademy.com,1,"AS31898 (ORACLE-BMC-31898, US)"
mail.coagsemail.ru,1,"AS12586 (ASGHOSTNET, DE)"
mail.email.by,1,"AS48716 (PSKZ-ALA, KZ)"
mail.coalifi.ru,1,"AS12586 (ASGHOSTNET, DE)"
mail.coalifml.ru,1,"AS12586 (ASGHOSTNET, DE)"
mx0.coco-dive.com,1,"AS54290 (HOSTWINDS, US)"
mail.coalimail.com,1,"AS12586 (ASGHOSTNET, DE)"
cocoro.uk,1,"AS7506 (INTERQ GMO Internet Group, Inc., JP)"
cobaltservicesinc.com.1.0001.arsmtp.com,1,"AS53780 (AS-APPRIVER, US)"
mail.cocoidprzodu.be,1,"AS8075 (MICROSOFT-CORP-MSN-AS-BLOCK, US)"
mx0.cocktailservice-tropical.de,1,"AS34011 (GD-EMEA-DC-CGN1, DE)"
mail.codeandconvert.com,1,"AS209767 (SAMTECO, RO)"
mail.codegraph.cc,1,"AS24940 (HETZNER-AS, DE)"
a818907.mx.mailhop.org,1,"AS16509 (AMAZON-02, US)"
mail.em-meblekuchenne.pl,1,"AS50599 (Autonomous System for Dataspace P.S.A., PL)"
mail.codestar.site,1,"AS40021 (CONTABO-40021, US)"
cobal.infos.st,1,"AS16276 (OVH, FR)"
mail.email-sms.com,1,"AS46606 (UNIFIEDLAYER-AS-1, US)"
_dc-mx.bb71f928b143.codeksa.tk,1,"AS51167 (CONTABO, DE)"
mail.cmtcenter.org,1,"AS63989 (DE-CORP DE-CORP, TH)"
mail.cocemail.ru,1,"AS12586 (ASGHOSTNET, DE)"
_dc-mx.c74d7f0b4bd1.codefree24.de,1,"AS51167 (CONTABO, DE)"
cocobet77.com,1,"AS22612 (NAMECHEAP-NET, US)"
email.gen.tr,1,"AS42846 (GUZELHOSTING GNET INTERNET TELEKOMUNIKASYON A.S., TR)"
w01c199d.kasserver.com,1,"AS34788 (NMM-AS D - 02742 Friedersdorf Hauptstrasse 68, DE)"
mx4.pub.mailpod11-cph3.one.com,1,"AS51468 (ONECOM, DK)"
mail.coffeescerini.com,1,"AS36352 (AS-COLOCROSSING, US)"
email.net.tr,1,"AS42846 (GUZELHOSTING GNET INTERNET TELEKOMUNIKASYON A.S., TR)"
mx.cogeco.ca,1,"AS31898 (ORACLE-BMC-31898, US)"
mail.cohdi.com,1,"AS14061 (DIGITALOCEAN-ASN, US)"
filter10.antispamcloud.com,1,"AS16633 (I-3, US)"
mail.coeducamail.com,1,"AS12586 (ASGHOSTNET, DE)"
mx.plala.or.jp,1,"AS4713 (OCN NTT DOCOMO BUSINESS,Inc., JP)"
mail.coinxt.net,1,"AS14061 (DIGITALOCEAN-ASN, US)"
mail.codem.site,1,"AS27823 (Dattatec.com, AR)"
mail.coeducati.ru,1,"AS12586 (ASGHOSTNET, DE)"
smtp.cokling.com,1,"AS14061 (DIGITALOCEAN-ASN, US)"
mail.cogitabmail.ru,1,"AS12586 (ASGHOSTNET, DE)"
elba.iway.ch,1,"AS8758 (IWAY, CH)"
mx.colaik.com,1,"AS26666 (INTERSERVER-LAX, US)"
mail.codiay.com,1,"AS206281 (AS-ZXCS, NL)"
mail.collapse3b.com,1,"AS47583 (AS-HOSTINGER, CY)"
codz.site,1,"AS16276 (OVH, FR)"
mail.collectivimail.ru,1,"AS12586 (ASGHOSTNET, DE)"
mail.colorixy.com,1,"AS24940 (HETZNER-AS, DE)"
coleure.com,1,"AS46606 (UNIFIEDLAYER-AS-1, US)"
mail.colletemail.ru,1,"AS12586 (ASGHOSTNET, DE)"
mail.colonializfml.com,1,"AS12586 (ASGHOSTNET, DE)"
mail.collectionjo.ru,1,"AS12586 (ASGHOSTNET, DE)"
mail.com-ma.net,1,"AS53589 (PLANETHOSTER-8, CA)"
coloradocanine-org.mail.protection.outlook.com,1,"AS8075 (MICROSOFT-CORP-MSN-AS-BLOCK, US)"
mail.columbusnewstimes.com,1,"AS40021 (CONTABO-40021, US)"
_dc-mx.9b77827b0140.comcom.best,1,"AS200223 (ETHERON, NL)"
mail.collegee.net,1,"AS50474 (O2SWITCH, FR)"
mail.collaprsmail.ru,1,"AS12586 (ASGHOSTNET, DE)"
mail.colorsmail.ru,1,"AS12586 (ASGHOSTNET, DE)"
colinrofe-co-uk.mail.protection.outlook.com,1,"AS8075 (MICROSOFT-CORP-MSN-AS-BLOCK, US)"
d109412b.ess.barracudanetworks.com,1,"AS16509 (AMAZON-02, US)"
commercialcleanrsco-com.mail.protection.outlook.com,1,"AS8075 (MICROSOFT-CORP-MSN-AS-BLOCK, US)"
mx1.combustore.co,1,"AS200107 (KL-EXT, CH)"
mail.commefml.com,1,"AS12586 (ASGHOSTNET, DE)"
mail.comfort.gatewaybayern.click,1,"AS51167 (CONTABO, DE)"
mail.commemomail.com,1,"AS12586 (ASGHOSTNET, DE)"
comparisions.net,1,"AS7506 (INTERQ GMO Internet Group, Inc., JP)"
mail.commutamail.com,1,"AS12586 (ASGHOSTNET, DE)"
mail.combinamails.ru,1,"AS12586 (ASGHOSTNET, DE)"
mail.comparegoodshoes.com,1,"AS24940 (HETZNER-AS, DE)"
mail.competition.tel,1,"AS16276 (OVH, FR)"
mail.compactifi.ru,1,"AS12586 (ASGHOSTNET, DE)"
mail.commentatomil.ru,1,"AS12586 (ASGHOSTNET, DE)"
completegenomics-com02b.mail.protection.outlook.com,1,"AS8075 (MICROSOFT-CORP-MSN-AS-BLOCK, US)"
commercialwindowcoverings-org.mail.protection.outlook.com,1,"AS8075 (MICROSOFT-CORP-MSN-AS-BLOCK, US)"
mail.comfort.thetravellersrest.click,1,"AS51167 (CONTABO, DE)"
mx.comparepetinsurance.biz,1,"AS14061 (DIGITALOCEAN-ASN, US)"
mail.communalml.ru,1,"AS12586 (ASGHOSTNET, DE)"
computerexpress-us.mail.protection.outlook.com,1,
mail.coloplus.ru,1,"AS44094 (WEBHOST1-AS, RU)"
mail.compartmersmail.ru,1,"AS12586 (ASGHOSTNET, DE)"
mail.comptanoo.com,1,"AS16276 (OVH, FR)"
mail.companionab.ru,1,"AS12586 (ASGHOSTNET, DE)"
mail.coduq.site,1,"AS132203 (TENCENT-NET-AP-CN Tencent Building, Kejizhongyi Avenue, CN)"
mx.conceptcateringbyck.com,1,"AS51167 (CONTABO, DE)"
mail.colorcastmail.com,1,"AS207957 (SERVHOST-AS, GB)"
blackhole.con.com,1,
mail.commemomails.ru,1,"AS12586 (ASGHOSTNET, DE)"
mail.commismail.ru,1,"AS12586 (ASGHOSTNET, DE)"
mail.compliansmail.com,1,"AS12586 (ASGHOSTNET, DE)"
mail.computamail.com,1,"AS12586 (ASGHOSTNET, DE)"
comporium-net.mx.av-mx.com,1,"AS31898 (ORACLE-BMC-31898, US)"
mail.compliancefmail.com,1,"AS12586 (ASGHOSTNET, DE)"
mxhost.compservmail.com,1,"AS14061 (DIGITALOCEAN-ASN, US)"
mail.compromissoml.com,1,"AS12586 (ASGHOSTNET, DE)"
mail.compatime.ru,1,"AS12586 (ASGHOSTNET, DE)"
webmail.comyze.org,1,"AS16276 (OVH, FR)"
mail.compeaaemail.ru,1,"AS12586 (ASGHOSTNET, DE)"
computers1st.com,1,"AS33182 (DIMENOC, US)"
mail.congest.club,1,"AS31863 (DACEN-2, US)"
direct10.connectcrossword.com,1,"AS14061 (DIGITALOCEAN-ASN, US)"
mail.communitize.net,1,"AS394695 (PUBLIC-DOMAIN-REGISTRY, US)"
mail.confinmail.com,1,"AS12586 (ASGHOSTNET, DE)"
mail.conegotodosganan.com,1,"AS27640 (GIGASNET-AS, US)"
configurmail.com,1,"AS9123 (TIMEWEB-AS, RU)"
_dc-mx.c175842e86ca.conquer-matrix.com,1,"AS16276 (OVH, FR)"
companyonline.in,1,"AS32475 (SINGLEHOP-LLC, US)"
mail.conforemail.ru,1,"AS12586 (ASGHOSTNET, DE)"
mail.condescenaml.ru,1,"AS12586 (ASGHOSTNET, DE)"
mta.consistth.com,1,"AS14061 (DIGITALOCEAN-ASN, US)"
mail.conidirsmail.ru,1,"AS12586 (ASGHOSTNET, DE)"
mail.congenifmail.com,1,"AS12586 (ASGHOSTNET, DE)"
mail.comprarfarmacia.site,1,"AS16276 (OVH, FR)"
mail.congeniafml.com,1,"AS12586 (ASGHOSTNET, DE)"
mail.concionmail.ru,1,"AS12586 (ASGHOSTNET, DE)"
mail.conidioomail.com,1,"AS12586 (ASGHOSTNET, DE)"
mx1c28.concentric.com,1,"AS30447 (INFB2-AS, CA)"
w0153599.kasserver.com,1,"AS34788 (NMM-AS D - 02742 Friedersdorf Hauptstrasse 68, DE)"
mail.congelitemail.ru,1,"AS12586 (ASGHOSTNET, DE)"
mail.conferenciasaude15.org.br,1,"AS16276 (OVH, FR)"
mail.congregatiml.ru,1,"AS12586 (ASGHOSTNET, DE)"
mail.conditimail.ru,1,"AS12586 (ASGHOSTNET, DE)"
mail.considefmk.com,1,"AS12586 (ASGHOSTNET, DE)"
mail.conceptufmail.ru,1,"AS12586 (ASGHOSTNET, DE)"
mail.congratumails.ru,1,"AS12586 (ASGHOSTNET, DE)"
_dc-mx.449cdebb4acd.conscious.organic,1,"AS16276 (OVH, FR)"
mail.constitutionaliztomail.com,1,"AS12586 (ASGHOSTNET, DE)"
contact.biz.st,1,"AS16276 (OVH, FR)"
mail.constitutimail.com,1,"AS12586 (ASGHOSTNET, DE)"
mail.consutoriodaray.com,1,"AS209767 (SAMTECO, RO)"
mail.conspiramail.com,1,"AS12586 (ASGHOSTNET, DE)"
consumerproductsintl-com.mail.protection.outlook.com,1,"AS8075 (MICROSOFT-CORP-MSN-AS-BLOCK, US)"
mail.containzof.com,1,"AS47583 (AS-HOSTINGER, CY)"
mail.contact.healthroutine.click,1,"AS51167 (CONTABO, DE)"
mail.contermail.com,1,"AS12586 (ASGHOSTNET, DE)"
mail.conventionalimail.com,1,"AS12586 (ASGHOSTNET, DE)"
mail.continufml.com,1,"AS12586 (ASGHOSTNET, DE)"
contact.infos.st,1,"AS16276 (OVH, FR)"
mail.contemporaneoumfri.com,1,"AS12586 (ASGHOSTNET, DE)"
mail.contactbox.work,1,"AS214996 (NETCUP, DE)"
colo1.contuild.com,1,"AS14061 (DIGITALOCEAN-ASN, US)"
mail.contact.academic.edu.rs,1,"AS16276 (OVH, FR)"
mail.contumelioufmals.com,1,"AS12586 (ASGHOSTNET, DE)"
mail.convallamumail.com,1,"AS12586 (ASGHOSTNET, DE)"
mail.contempormail.ru,1,"AS12586 (ASGHOSTNET, DE)"
mail.contrarifml.com,1,"AS12586 (ASGHOSTNET, DE)"
mail.conventionafkml.com,1,"AS12586 (ASGHOSTNET, DE)"
mail.convalmail.ru,1,"AS12586 (ASGHOSTNET, DE)"
mail.controversiafmals.com,1,"AS12586 (ASGHOSTNET, DE)"
congdongmu.net,1,"AS18403 (FPT-AS-AP FPT Telecom Company, VN)"
mail.contesemail.ru,1,"AS12586 (ASGHOSTNET, DE)"
contentvibee.com,1,"AS24940 (HETZNER-AS, DE)"
mail.convolvumail.com,1,"AS12586 (ASGHOSTNET, DE)"
mail.convolvufml.com,1,"AS12586 (ASGHOSTNET, DE)"
mail.conventionmail.com,1,"AS12586 (ASGHOSTNET, DE)"
mail.convolutfml.com,1,"AS12586 (ASGHOSTNET, DE)"
mail.wservices.ch,1,"AS24940 (HETZNER-AS, DE)"
coop1001facons.ca,1,
mail.conventionaruby.ru,1,"AS12586 (ASGHOSTNET, DE)"
mail.cooncreekfamilyfarm.com,1,"AS212477 (ROYALE-AS, NL)"
mail.conversatioruby.ru,1,"AS12586 (ASGHOSTNET, DE)"
cookie007.fr.nf,1,"AS16276 (OVH, FR)"
mail.continrsmail.ru,1,"AS12586 (ASGHOSTNET, DE)"
mail.convivmail.ru,1,"AS12586 (ASGHOSTNET, DE)"
mail.conversatiomail.ru,1,"AS12586 (ASGHOSTNET, DE)"
mail.conventemail.ru,1,"AS12586 (ASGHOSTNET, DE)"
mail.conversmail.ru,1,"AS12586 (ASGHOSTNET, DE)"
mail.conventiomail.ru,1,"AS12586 (ASGHOSTNET, DE)"
copecbd-com.mail.protection.outlook.com,1,"AS8075 (MICROSOFT-CORP-MSN-AS-BLOCK, US)"
mail.cooperafkml.com,1,"AS12586 (ASGHOSTNET, DE)"
a738596.mx.mailhop.org,1,"AS16509 (AMAZON-02, US)"
mail.cooperativmfri.com,1,"AS12586 (ASGHOSTNET, DE)"
mail.copyrigfmk.com,1,"AS12586 (ASGHOSTNET, DE)"
mail.coopermail.ru,1,"AS12586 (ASGHOSTNET, DE)"
mail.cooperativmail.ru,1,"AS12586 (ASGHOSTNET, DE)"
mx2.xel.nl,1,"AS12859 (NL-BIT BIT BV, NL)"
mail.corallsemail.com,1,"AS12586 (ASGHOSTNET, DE)"
mail.coqmail.com,1,"AS14061 (DIGITALOCEAN-ASN, US)"
mail.coordifmus.ru,1,"AS12586 (ASGHOSTNET, DE)"
mail.copyright-gratuit.net,1,"AS965 (WEBHOSTINGHOLDINGS, US)"
mail.complextender.ru,1,"AS44094 (WEBHOST1-AS, RU)"
mail.coracoaemail.ru,1,"AS12586 (ASGHOSTNET, DE)"
mail.coracobracmail.com,1,"AS12586 (ASGHOSTNET, DE)"
mx.getcourse.ru,1,"AS49505 (SELECTEL, RU)"
mail.coomalary.ru,1,"AS12586 (ASGHOSTNET, DE)"
mail.corpomail.site,1,"AS209847 (THE, NL)"
mail.coreligsemail.com,1,"AS12586 (ASGHOSTNET, DE)"
ismtp.copper.everyone.net,1,"AS30447 (INFB2-AS, CA)"
fr.priyomail.net,1,"AS16276 (OVH, FR)"
mail.correctionfmail.com,1,"AS12586 (ASGHOSTNET, DE)"
mail.corportomail.com,1,"AS12586 (ASGHOSTNET, DE)"
_dc-mx.b6ddd6d67d8b.correotemporal.mx,1,"AS46475 (LIMESTONENETWORKS, US)"
mail.coracoamails.ru,1,"AS12586 (ASGHOSTNET, DE)"
mx.solnube.com,1,"AS26832 (RICAWEBSERVICES, CA)"
mail.corifmail.ru,1,"AS12586 (ASGHOSTNET, DE)"
corpohosting.com,1,"AS16276 (OVH, FR)"
mail.corrective.getwisetransfer.click,1,"AS51167 (CONTABO, DE)"
mail.corrective.gatewaybayern.click,1,"AS51167 (CONTABO, DE)"
cluster.relay.agava.net,1,"AS197695 (AS-REG, RU)"
mxgate.corporate.vinnica.ua,1,"AS20473 (AS-VULTR, US)"
mail.cotmandenecrescentbr5.com,1,"AS22612 (NAMECHEAP-NET, US)"
mail.cosignomail.com,1,"AS12586 (ASGHOSTNET, DE)"
mail.cosignatfml.com,1,"AS12586 (ASGHOSTNET, DE)"
mail.correspeaaemail.ru,1,"AS12586 (ASGHOSTNET, DE)"
mail.corybantml.com,1,"AS12586 (ASGHOSTNET, DE)"
cosmos-com.mail.protection.outlook.com,1,"AS8075 (MICROSOFT-CORP-MSN-AS-BLOCK, US)"
mx0a-00149f01.pphosted.com,1,"AS26211 (PROOFPOINT-ASN-US-WEST, US)"
mail.corynebac.com,1,"AS12586 (ASGHOSTNET, DE)"
mail.cosmopolmail.com,1,"AS12586 (ASGHOSTNET, DE)"
asp.coupleedu.com,1,"AS14061 (DIGITALOCEAN-ASN, US)"
costmedbuy.com,1,"AS16276 (OVH, FR)"
mail.cottagefarmsoap.com,1,"AS6364 (ATLANTIC-NET-1, US)"
mail.cosxo.com,1,"AS14061 (DIGITALOCEAN-ASN, US)"
completemad-com.mail.protection.partner.outlook.cn,1,"AS58593 (BLUECLOUD Shanghai Blue Cloud Technology Co.,Ltd, CN)"
mail.counterconditmails.ru,1,"AS12586 (ASGHOSTNET, DE)"
mail.cosmopolme.ru,1,"AS12586 (ASGHOSTNET, DE)"
mail.couplesandtantra.com,1,"AS22611 (INMOTION, US)"
mail.coulomemail.com,1,"AS12586 (ASGHOSTNET, DE)"
mail.cookmasterok.ru,1,"AS44094 (WEBHOST1-AS, RU)"
mail.cotylomail.ru,1,"AS12586 (ASGHOSTNET, DE)"
mail.couponcodey.com,1,"AS63949 (AKAMAI-LINODE-AP Akamai Connected Cloud, SG)"
mail.counterculomail.com,1,"AS12586 (ASGHOSTNET, DE)"
mail.counterrmails.ru,1,"AS12586 (ASGHOSTNET, DE)"
mail.counterproducmail.ru,1,"AS12586 (ASGHOSTNET, DE)"
mail.cozydrop.xyz,1,"AS19318 (IS-AS-1, US)"
course-nl.mail.protection.outlook.com,1,"AS8075 (MICROSOFT-CORP-MSN-AS-BLOCK, US)"
mx1c8.carrierinternetsolutions.com,1,"AS14116 (INFB-AS, CA)"
courriel.fr.nf,1,"AS16276 (OVH, FR)"
mail.counterfasalo.ru,1,"AS12586 (ASGHOSTNET, DE)"
mail.counterrevofmail.ru,1,"AS12586 (ASGHOSTNET, DE)"
mail.cottagedelight.co.uk,1,"AS13335 (CLOUDFLARENET, US)"
mail.cpav3.com,1,"AS14061 (DIGITALOCEAN-ASN, US)"
ac1rmailstore.cousinment.com,1,"AS14061 (DIGITALOCEAN-ASN, US)"
cpgclinic-com.mail.protection.outlook.com,1,"AS8075 (MICROSOFT-CORP-MSN-AS-BLOCK, US)"
mail.crabdance.com,1,"AS36351 (SOFTLAYER, US)"
couponhouse.info,1,"AS9371 (SAKURA-C SAKURA Internet Inc., JP)"
cptr-com.mail.protection.outlook.com,1,"AS8075 (MICROSOFT-CORP-MSN-AS-BLOCK, US)"
mail.craftbyte.ca,1,"AS63949 (AKAMAI-LINODE-AP Akamai Connected Cloud, SG)"
mx1.courtrf.com,1,"AS200107 (KL-EXT, CH)"
coza.ro,1,"AS203053 (CLAUSWEB, RO)"
mail.crazespaces.pw,1,"AS14061 (DIGITALOCEAN-ASN, US)"
mail.craniopharfmk.com,1,"AS12586 (ASGHOSTNET, DE)"
_dc-mx.efca6cff5bef.crazymailing.com,1,"AS14061 (DIGITALOCEAN-ASN, US)"
crappertracker-com.mail.protection.outlook.com,1,"AS8075 (MICROSOFT-CORP-MSN-AS-BLOCK, US)"
mx3.pub.mailpod5-cph3.one.com,1,"AS51468 (ONECOM, DK)"
mail.craniofmk.com,1,"AS12586 (ASGHOSTNET, DE)"
mx1.lcn.com,1,"AS8622 (ISIONUK Team Blue Internet Services UK Ltd, GB)"
mail.creasmail.com,1,"AS12586 (ASGHOSTNET, DE)"
creazionisa.com,1,"AS47583 (AS-HOSTINGER, CY)"
crazydomains-com.mail.eo.outlook.com,1,"AS8075 (MICROSOFT-CORP-MSN-AS-BLOCK, US)"
mail.cph.su,1,"AS29182 (RU-JSCIOT, RU)"
mail.creativepathmail.com,1,"AS12586 (ASGHOSTNET, DE)"
mail.creadmail.com,1,"AS12586 (ASGHOSTNET, DE)"
w019f54e.kasserver.com,1,"AS34788 (NMM-AS D - 02742 Friedersdorf Hauptstrasse 68, DE)"
mail.credibilismail.com,1,"AS12586 (ASGHOSTNET, DE)"
creditcardcounsel-com.mail.protection.outlook.com,1,"AS8075 (MICROSOFT-CORP-MSN-AS-BLOCK, US)"
pmg.hashcellrelay.com,1,"AS8866 (VIVACOM-AS BULGARIA, BG)"
mail.creezmail.com,1,"AS12586 (ASGHOSTNET, DE)"
mail.creditka.fans,1,"AS16276 (OVH, FR)"
crgevents-com.mail.protection.outlook.com,1,"AS8075 (MICROSOFT-CORP-MSN-AS-BLOCK, US)"
mx1.crmrc.us,1,"AS200107 (KL-EXT, CH)"
mail.cross.edu.pl,1,"AS24940 (HETZNER-AS, DE)"
mail.crfmail.ru,1,"AS12586 (ASGHOSTNET, DE)"
mail.crazzzyballs.ru,1,"AS29182 (RU-JSCIOT, RU)"
cronexus-com.mail.protection.outlook.com,1,"AS8075 (MICROSOFT-CORP-MSN-AS-BLOCK, US)"
mx1.croudmails.info,1,"AS200107 (KL-EXT, CH)"
mail.imena.com.ua,1,"AS25393 (MIROHOST, US)"
mx1.crossyroadhacks.com,1,"AS200107 (KL-EXT, CH)"
mail.cryptocron.com,1,
mail.cryobioic.com,1,"AS12586 (ASGHOSTNET, DE)"
smtp.cs.email,1,"AS60781 (LEASEWEB-NL-AMS-01 Netherlands, NL)"
mail.crimea-kurort-online.ru,1,"AS44094 (WEBHOST1-AS, RU)"
_dc-mx.a62f6110f597.cryptoinvestar.com,1,"AS197540 (NETCUP-AS netcup GmbH, DE)"
mx2.crossmail.bid,1,"AS200107 (KL-EXT, CH)"
mail.cryptosmileys.com,1,"AS22612 (NAMECHEAP-NET, US)"
mail.cryptobrancaemail.com,1,"AS12586 (ASGHOSTNET, DE)"
mail.crypto1mail.com,1,"AS12586 (ASGHOSTNET, DE)"
mail.cristalin.ru,1,"AS44094 (WEBHOST1-AS, RU)"
mail.ctopicsbh.com,1,"AS47583 (AS-HOSTINGER, CY)"
mail.ctarp.xyz,1,"AS151858 (INTERDIGI-VN INTERDIGI JOINT STOCK COMPANY, VN)"
mail.puncanaserver.com,1,"AS40021 (CONTABO-40021, US)"
mail.csproject.org,1,"AS19994 (RACKSPACE, US)"
mail.cuedigy.com,1,"AS47583 (AS-HOSTINGER, CY)"
fb.mail.gandi.net,1,"AS29169 (GANDI-AS Domain name registrar - www.gandi.net, FR)"
mx.ctshp.org,1,"AS29873 (BIZLAND-SD, US)"
mail.cudimex.com,1,"AS47583 (AS-HOSTINGER, CY)"
cubework-com.mail.protection.outlook.com,1,"AS8075 (MICROSOFT-CORP-MSN-AS-BLOCK, US)"
mail.cuirugu.com,1,"AS47583 (AS-HOSTINGER, CY)"
cultiv8mediastrategies-com.mail.protection.outlook.com,1,"AS8075 (MICROSOFT-CORP-MSN-AS-BLOCK, US)"
mail.cultivamail.ru,1,"AS12586 (ASGHOSTNET, DE)"
smtp.culondir.com,1,"AS14061 (DIGITALOCEAN-ASN, US)"
mail.cudilero.com,1,"AS19871 (NETWORK-SOLUTIONS-HOSTING, US)"
webnode01-mx.zxcs.nl,1,"AS206281 (AS-ZXCS, NL)"
mail.cupreman.me,1,"AS16276 (OVH, FR)"
cubox.biz.st,1,"AS16276 (OVH, FR)"
mx01.ctserv.net,1,"AS42003 (OGERONET OGERO Telecom, LB)"
mx1.curletter.com,1,"AS200107 (KL-EXT, CH)"
karlmalone.paralleloserver.it,1,"AS12637 (SEEWEB Web hosting, colocation and cloud services, IT)"
mail.cunnilingus.party,1,"AS209630 (KREDIT-AS, UA)"
mail.cumonteenass.com,1,"AS56485 (THEHOST-AS, UA)"
currencymeter.com,1,"AS399250 (NAMEHERO-KCDC, US)"
mx1.hostinguk.net,1,"AS20860 (IOMART-AS, GB)"
mail.currentmail.com,1,"AS42093 (INTERRACKS-AS, NL)"
mx683760.spe.ucebox.co.za,1,"AS37611 (AFRIHOST-SP, ZA)"
mail.cuba.com.br,1,"AS19871 (NETWORK-SOLUTIONS-HOSTING, US)"
mail.crypto-mmm.com,1,"AS212461 (NEMTCOV, RU)"
gloriatours-com01e.mail.protection.outlook.com,1,"AS8075 (MICROSOFT-CORP-MSN-AS-BLOCK, US)"
mail.globalbizflow.com,1,"AS141995 (CAPL-AS-AP Contabo Asia Private Limited, SG)"
_dc-mx.69f5e053ae5a.glydehouse.co.uk,1,"AS20068 (HAWKHOST, CA)"
globalcampus.edu.pl,1,"AS47583 (AS-HOSTINGER, CY)"
global2.xyz,1,"AS32475 (SINGLEHOP-LLC, US)"
mail.geekmafia.com,1,"AS63949 (AKAMAI-LINODE-AP Akamai Connected Cloud, SG)"
mail.gluconcs.ru,1,"AS12586 (ASGHOSTNET, DE)"
mail.glucogefml.com,1,"AS12586 (ASGHOSTNET, DE)"
mail.gmaiil.my.id,1,"AS133800 (IDNIC-BIZNETGIO-AS-ID PT Biznet Gio Nusantara, ID)"
gmail-gr-com.mail.protection.outlook.com,1,"AS8075 (MICROSOFT-CORP-MSN-AS-BLOCK, US)"
mail.glycerog.ru,1,"AS12586 (ASGHOSTNET, DE)"
mail.globulimals.ru,1,"AS12586 (ASGHOSTNET, DE)"
smtp.globo.com,1,"AS396982 (GOOGLE-CLOUD-PLATFORM, US)"
mail.gmaildottrick.com,1,"AS47583 (AS-HOSTINGER, CY)"
mail.gmailasdfas.com,1,"AS14061 (DIGITALOCEAN-ASN, US)"
mail.anonmail.lol,1,"AS141995 (CAPL-AS-AP Contabo Asia Private Limited, SG)"
_dc-mx.92cfe6de228a.gmail.pm,1,"AS36352 (AS-COLOCROSSING, US)"
mail.glomeruloneml.ru,1,"AS12586 (ASGHOSTNET, DE)"
mx6.gmailcomcom.com,1,
mx6.gmailertyq.com,1,
mx6.gmaildort.com,1,
mail.gmaail.id,1,"AS140443 (IDNIC-HERZA-AS-ID PT Herza Digital Indonesia, ID)"
mx.gmailfe.com,1,"AS14061 (DIGITALOCEAN-ASN, US)"
globalinternet.fr.nf,1,"AS16276 (OVH, FR)"
mail.glovvdays.com,1,"AS12586 (ASGHOSTNET, DE)"
mx6.gmailzdfsdfds.com,1,
mail.gmaill.my.id,1,"AS31898 (ORACLE-BMC-31898, US)"
mail.gluteoinmail.ru,1,"AS12586 (ASGHOSTNET, DE)"
mail.gmailnew.com,1,"AS24940 (HETZNER-AS, DE)"
mail.gmakl.com,1,"AS203476 (GANDI-AS-2 Domain name registrar - www.gandi.net, FR)"
mail.globalkino.ru,1,"AS31252 (STARNET-AS, MD)"
gmail-smtp-in.l.gmailya.com,1,"AS19318 (IS-AS-1, US)"
mx6.gmailweerr.com,1,
mail.gmoil.xyz,1,"AS22612 (NAMECHEAP-NET, US)"
mail.gmailjj.com,1,"AS37963 (ALIBABA-CN-NET Hangzhou Alibaba Advertising Co.,Ltd., CN)"
gmqil-com.mail.protection.outlook.com,1,"AS8075 (MICROSOFT-CORP-MSN-AS-BLOCK, US)"
gmsi1.com,1,"AS35916 (MULTA-ASN1, US)"
gmimfg-com.mail.protection.outlook.com,1,"AS8075 (MICROSOFT-CORP-MSN-AS-BLOCK, US)"
mx1.gmailssdf.com,1,"AS24940 (HETZNER-AS, DE)"
mail.gmails.top,1,"AS132203 (TENCENT-NET-AP-CN Tencent Building, Kejizhongyi Avenue, CN)"
gmmx.com,1,"AS55293 (A2HOSTING, US)"
gmex-fr.mail.protection.outlook.com,1,"AS8075 (MICROSOFT-CORP-MSN-AS-BLOCK, US)"
mail.user-mail.net,1,"AS14061 (DIGITALOCEAN-ASN, US)"
mail.gniazdoorlow.edu.pl,1,"AS24940 (HETZNER-AS, DE)"
mail.gng.edu.pl,1,"AS16276 (OVH, FR)"
mx5.gmoserver.jp,1,"AS7506 (INTERQ GMO Internet Group, Inc., JP)"
gmoel.com,1,"AS63949 (AKAMAI-LINODE-AP Akamai Connected Cloud, SG)"
mx1.gmail.it,1,"AS31103 (KEYWEB-AS, DE)"
go-daddypromocode.com,1,
gmsil.com.1.0001.arsmtp.com,1,"AS53780 (AS-APPRIVER, US)"
_dc-mx.a8e6d80e1032.gocyb.org,1,"AS1856 (DISN-PILOTNET2, US)"
mail.godfare.com,1,"AS14061 (DIGITALOCEAN-ASN, US)"
mail.gmail.pp.ua,1,"AS3255 (UARNET-AS UARNet-Eksintech, UA)"
mail2.cave.net,1,"AS13706 (COMPLETEWEBNET, US)"
mail.go2site.info,1,"AS24940 (HETZNER-AS, DE)"
mail.go2usa.info,1,"AS47583 (AS-HOSTINGER, CY)"
mail.gold.edu.pl,1,"AS16276 (OVH, FR)"
mail.gofolic.org,1,"AS54290 (HOSTWINDS, US)"
goeedl.com,1,"AS201682 (LIQUID-WEB-BV, US)"
mail.gogogmail.com,1,"AS14061 (DIGITALOCEAN-ASN, US)"
god-mail.com,1,"AS32475 (SINGLEHOP-LLC, US)"
mail.gnathostfmail.ru,1,"AS12586 (ASGHOSTNET, DE)"
mail.goldpaclk.store,1,"AS24940 (HETZNER-AS, DE)"
gold-mania.com,1,"AS25532 (MASTERHOST-AS Moscow, Russia, RU)"
mail.go-vegas.ru,1,"AS204601 (PODAON, NL)"
west.smtp.mx.exch092.serverdata.net,1,"AS16406 (AS-INTERMEDIA, US)"
goldstandard99.com,1,"AS42821 (RAPIDNET-DE Haunstetter Str. 19, DE)"
mail.goldenpinefield.com,1,"AS214996 (NETCUP, DE)"
mail.gnoeaaemail.ru,1,"AS12586 (ASGHOSTNET, DE)"
mx6.golfnewshome.com,1,
gomaile.com,1,"AS29222 (INFOMANIAK-AS, CH)"
mail.godrej-forestgrove.com,1,"AS394695 (PUBLIC-DOMAIN-REGISTRY, US)"
mail.gonaute.com,1,"AS14061 (DIGITALOCEAN-ASN, US)"
vlmx-air.secure.ne.jp,1,"AS2516 (KDDI KDDI CORPORATION, JP)"
mail.goosenetwork.org,1,"AS51167 (CONTABO, DE)"
mail.gopicta.com,1,"AS14061 (DIGITALOCEAN-ASN, US)"
malibuzz.gordoncastlehighlandgames.com,1,"AS51167 (CONTABO, DE)"
mail.gopeemail.com,1,"AS12586 (ASGHOSTNET, DE)"
mail.gorankup.com,1,"AS24940 (HETZNER-AS, DE)"
mail.gonoblamail.com,1,"AS12586 (ASGHOSTNET, DE)"
mailin1.goodmood.co.uk,1,"AS51013 (WEBSUPPORT-SRO-SK-AS, SK)"
mail.goldfox.ru,1,
mx.mail.gol.com,1,"AS23720 (RMNI-AS-AP Rakuten Mobile Network, Inc., JP)"
emailfowarding.com,1,"AS14061 (DIGITALOCEAN-ASN, US)"
mail01.goosebox.net,1,"AS36351 (SOFTLAYER, US)"
emailgsa7.xyz,1,"AS59253 (LEASEWEB-APAC-SIN-11 LEASEWEB SINGAPORE PTE. LTD., SG)"
emailgsa11.xyz,1,"AS59253 (LEASEWEB-APAC-SIN-11 LEASEWEB SINGAPORE PTE. LTD., SG)"
emailgsa15.xyz,1,"AS59253 (LEASEWEB-APAC-SIN-11 LEASEWEB SINGAPORE PTE. LTD., SG)"
emailgsa6.xyz,1,"AS59253 (LEASEWEB-APAC-SIN-11 LEASEWEB SINGAPORE PTE. LTD., SG)"
emailgsa12.xyz,1,"AS59253 (LEASEWEB-APAC-SIN-11 LEASEWEB SINGAPORE PTE. LTD., SG)"
emailgsa3.xyz,1,"AS59253 (LEASEWEB-APAC-SIN-11 LEASEWEB SINGAPORE PTE. LTD., SG)"
gorleylalonde-com.mail.protection.outlook.com,1,"AS8075 (MICROSOFT-CORP-MSN-AS-BLOCK, US)"
emailgsa5.xyz,1,"AS59253 (LEASEWEB-APAC-SIN-11 LEASEWEB SINGAPORE PTE. LTD., SG)"
emailgsa1.xyz,1,"AS59253 (LEASEWEB-APAC-SIN-11 LEASEWEB SINGAPORE PTE. LTD., SG)"
emailgsa4.xyz,1,"AS59253 (LEASEWEB-APAC-SIN-11 LEASEWEB SINGAPORE PTE. LTD., SG)"
emailgsa10.xyz,1,"AS59253 (LEASEWEB-APAC-SIN-11 LEASEWEB SINGAPORE PTE. LTD., SG)"
pro60.emailserver.vn,1,"AS45538 (ODSJSC-AS-VN ODS Joint Stock Company, VN)"
emailgsa9.xyz,1,"AS59253 (LEASEWEB-APAC-SIN-11 LEASEWEB SINGAPORE PTE. LTD., SG)"
_dc-mx.98f94916aa6d.gorskie-noclegi.pl,1,"AS50599 (Autonomous System for Dataspace P.S.A., PL)"
emailgsa14.xyz,1,"AS59253 (LEASEWEB-APAC-SIN-11 LEASEWEB SINGAPORE PTE. LTD., SG)"
emailgsa2.xyz,1,"AS59253 (LEASEWEB-APAC-SIN-11 LEASEWEB SINGAPORE PTE. LTD., SG)"
emailgsa13.xyz,1,"AS59253 (LEASEWEB-APAC-SIN-11 LEASEWEB SINGAPORE PTE. LTD., SG)"
mail.emailed.com,1,
mail.emailinfive.com,1,"AS24940 (HETZNER-AS, DE)"
gosharks-net.mail.protection.outlook.com,1,"AS8075 (MICROSOFT-CORP-MSN-AS-BLOCK, US)"
mail.gobo-projectors.ru,1,"AS44094 (WEBHOST1-AS, RU)"
mx1.goood-mail.net,1,"AS200107 (KL-EXT, CH)"
mx1.goproaccessories.us,1,"AS200107 (KL-EXT, CH)"
mail.emailertr.com,1,"AS14061 (DIGITALOCEAN-ASN, US)"
google2u.com,1,"AS212317 (HETZNER-CLOUD3-AS, DE)"
googital.com,1,"AS42846 (GUZELHOSTING GNET INTERNET TELEKOMUNIKASYON A.S., TR)"
emailgsa8.xyz,1,"AS59253 (LEASEWEB-APAC-SIN-11 LEASEWEB SINGAPORE PTE. LTD., SG)"
mx.gorommasala.com,1,"AS14061 (DIGITALOCEAN-ASN, US)"
mx001.gorillaswithdirtyarmpits.com,1,"AS24940 (HETZNER-AS, DE)"
mail.gosneer.com,1,"AS32097 (WII, US)"
mail.heheheha.shop,1,"AS47583 (AS-HOSTINGER, CY)"
mail.emailnow.one,1,"AS149089 (CLOUDFLY-VN CLOUDFLY CORPORATION, VN)"
mail.goto.tempo-mail.pro,1,"AS22612 (NAMECHEAP-NET, US)"
mail.emailnope.com,1,"AS47583 (AS-HOSTINGER, CY)"
mail.goodbone.ru,1,"AS21100 (ITLDC-EU, US)"
inbox.emailmiser.com,1,"AS33387 (NOCIX, US)"
_dc-mx.1df0a807a702.emailsm.com,1,"AS36666 (GTCOMM, CA)"
emailhere.info,1,"AS49467 (EUROTA-ASN EUROTA INTERNET SERVICES LTD, TR)"
mx6.emailrii.com,1,
smtp.emailsingularity.net,1,"AS63949 (AKAMAI-LINODE-AP Akamai Connected Cloud, SG)"
mail.emailresort.com,1,"AS63949 (AKAMAI-LINODE-AP Akamai Connected Cloud, SG)"
mx1.emailmobile.net,1,"AS200107 (KL-EXT, CH)"
mx2.emailmysr.com,1,"AS200107 (KL-EXT, CH)"
mail.gottakh.com,1,"AS47583 (AS-HOSTINGER, CY)"
mail.gorsvet.org.ua,1,"AS50340 (SELECTEL-MSK, RU)"
mail.xtoolsvn.net,1,"AS16276 (OVH, FR)"
_dc-mx.c39eb409b415.gotempmail.me,1,"AS57043 (HOSTKEY-AS, NL)"
mx6.emailswhois.com,1,
_dc-mx.9d1c629d4fbe.emailsementaraid.my.id,1,"AS59253 (LEASEWEB-APAC-SIN-11 LEASEWEB SINGAPORE PTE. LTD., SG)"
emailtemp.xyz,1,"AS14670 (WHG-USE1, GB)"
mail.emailworth.com,1,"AS22612 (NAMECHEAP-NET, US)"
mail.emailxfer.com,1,"AS14061 (DIGITALOCEAN-ASN, US)"
f.omail.cc,1,"AS31898 (ORACLE-BMC-31898, US)"
mail.emailsecure.top,1,"AS16276 (OVH, FR)"
mail.governmentgis.com,1,"AS31898 (ORACLE-BMC-31898, US)"
mail.emailus.thebillieholiday.click,1,"AS51167 (CONTABO, DE)"
mail.emailus.getwisetransfer.click,1,"AS51167 (CONTABO, DE)"
mail.gosolarpower.com.au,1,"AS45638 (SYNERGYWHOLESALE-AP SYNERGY WHOLESALE PTY LTD, AU)"
mx1.gotoinbox.bid,1,"AS200107 (KL-EXT, CH)"
mx1.emailwww.pro,1,
mail.gpcharlie.com,1,"AS47583 (AS-HOSTINGER, CY)"
emarkwebsolutions.com,1,"AS42831 (UKSERVERS-AS UK Dedicated Servers, Hosting and Co-Location, GB)"
emailstip.info,1,"AS49467 (EUROTA-ASN EUROTA INTERNET SERVICES LTD, TR)"
emailirani.ir,1,"AS212025 (CUKMAN-AS, HR)"
mail.best1-host.com,1,
mail.governmenfl.com,1,"AS12586 (ASGHOSTNET, DE)"
mx2.emailsy.info,1,"AS200107 (KL-EXT, CH)"
mail.governamail.ru,1,"AS12586 (ASGHOSTNET, DE)"
emailterminal.info,1,"AS49467 (EUROTA-ASN EUROTA INTERNET SERVICES LTD, TR)"
mail.gpromotedx.com,1,"AS47583 (AS-HOSTINGER, CY)"
mail.embrille.com,1,"AS47583 (AS-HOSTINGER, CY)"
_dc-mx.b12b59e37309.emergencymail.site,1,"AS24940 (HETZNER-AS, DE)"
mail.gptmuramedia.biz.id,1,
rockyii.thisco.com,1,"AS16509 (AMAZON-02, US)"
emailtaxi.de,1,"AS8560 (IONOS-AS This is the joint network for IONOS, Fasthosts, Arsys, 1&1 Mail and Media and 1&1 Telecom. Formerly known as 1&1 Internet SE., DE)"
smtp.embarqmaik.com,1,"AS26666 (INTERSERVER-LAX, US)"
mutagim-com.mail.protection.outlook.com,1,"AS8075 (MICROSOFT-CORP-MSN-AS-BLOCK, US)"
emicomfort-com.mail.protection.outlook.com,1,"AS8075 (MICROSOFT-CORP-MSN-AS-BLOCK, US)"
emailx.org,1,"AS26042 (FIBERSTATE, US)"
mail.emeaaemail.ru,1,"AS12586 (ASGHOSTNET, DE)"
mail.embryogmail.ru,1,"AS12586 (ASGHOSTNET, DE)"
mail.embolmyu.ru,1,"AS12586 (ASGHOSTNET, DE)"
mail.embryomail.ru,1,"AS12586 (ASGHOSTNET, DE)"
mail.gowp.pl,1,"AS47544 (IQPL-AS, PL)"
mail.emohawk.xyz,1,"AS47583 (AS-HOSTINGER, CY)"
mail.emisfml.com,1,"AS12586 (ASGHOSTNET, DE)"
mail.grand-me.club,1,"AS16276 (OVH, FR)"
30705682.in1.mandrillapp.com,1,"AS16509 (AMAZON-02, US)"
mail.emocmail.com,1,"AS12586 (ASGHOSTNET, DE)"
mail.gps.pics,1,"AS46606 (UNIFIEDLAYER-AS-1, US)"
mail.gourmetnation.com.au,1,"AS45638 (SYNERGYWHOLESALE-AP SYNERGY WHOLESALE PTY LTD, AU)"
emeil.ir,1,"AS212025 (CUKMAN-AS, HR)"
mail.gowithsee.com,1,"AS47995 (AT-AS, RU)"
grandcasinobaden-ch.mail.protection.outlook.com,1,"AS8075 (MICROSOFT-CORP-MSN-AS-BLOCK, US)"
asp.granadm.com,1,"AS14061 (DIGITALOCEAN-ASN, US)"
mail.grandmasmail.com,1,"AS14061 (DIGITALOCEAN-ASN, US)"
mail.emotionalfml.com,1,"AS12586 (ASGHOSTNET, DE)"
mailhost.comcetera.com,1,"AS63949 (AKAMAI-LINODE-AP Akamai Connected Cloud, SG)"
mail.emotrsmail.ru,1,"AS12586 (ASGHOSTNET, DE)"
mail.emtsua.com,1,"AS47583 (AS-HOSTINGER, CY)"
mx1.emmail.info,1,"AS200107 (KL-EXT, CH)"
mail.grassfed.us,1,"AS24961 (MYLOC-AS IP Backbone of WIIT AG formerly myLoc managed IT AG, DE)"
mail.empireofbeauty.co.uk,1,"AS24940 (HETZNER-AS, DE)"
imap.mail.webnode.com,1,"AS39729 (REGISTER-AS, IT)"
mail.granuloml.ru,1,"AS12586 (ASGHOSTNET, DE)"
mail.graphemsemail.com,1,"AS12586 (ASGHOSTNET, DE)"
eml.pp.ua.eml.pp.ua,1,
mail.emulsificmail.ru,1,"AS12586 (ASGHOSTNET, DE)"
mail.gratisneuke.be,1,"AS8075 (MICROSOFT-CORP-MSN-AS-BLOCK, US)"
mail.enbox.site,1,"AS20473 (AS-VULTR, US)"
_dc-mx.7a8fb726c194.grbto.net,1,"AS51167 (CONTABO, DE)"
_dc-mx.4a23d4d6a94d.enchitaku.com,1,"AS51167 (CONTABO, DE)"
emptymail.online,1,"AS9123 (TIMEWEB-AS, RU)"
mail.gravexia.cfd,1,"AS203446 (AS203446, GB)"
mail.enalioemail.ru,1,"AS12586 (ASGHOSTNET, DE)"
mail.emulsml.ru,1,"AS12586 (ASGHOSTNET, DE)"
mail.encephafl.com,1,"AS12586 (ASGHOSTNET, DE)"
mail.encephamail.com,1,"AS12586 (ASGHOSTNET, DE)"
mail.encephalomenli.com,1,"AS12586 (ASGHOSTNET, DE)"
mail.enamoredumail.com,1,"AS12586 (ASGHOSTNET, DE)"
mail.enantiemail.ru,1,"AS12586 (ASGHOSTNET, DE)"
mail.encyclopedmail.ru,1,"AS12586 (ASGHOSTNET, DE)"
mail.encyclomail.com,1,"AS12586 (ASGHOSTNET, DE)"
mail.enantiomail.ru,1,"AS12586 (ASGHOSTNET, DE)"
mail.encephaml.ru,1,"AS12586 (ASGHOSTNET, DE)"
mail.endoanolml.ru,1,"AS12586 (ASGHOSTNET, DE)"
mx5.mailspace.id,1,"AS138115 (IDNIC-DENEVA-AS-ID PT Deneva, ID)"
mail.endomeml.ru,1,"AS12586 (ASGHOSTNET, DE)"
mail.endocannic.com,1,"AS12586 (ASGHOSTNET, DE)"
mail.endotrsmail.ru,1,"AS12586 (ASGHOSTNET, DE)"
mail.endarterme.ru,1,"AS12586 (ASGHOSTNET, DE)"
mx.greatlakesstate.com.cust.b.hostedemail.com,1,"AS32491 (TUCOWS-3, CA)"
mail.energeticumail.com,1,"AS12586 (ASGHOSTNET, DE)"
mail.endopermail.com,1,"AS12586 (ASGHOSTNET, DE)"
mail.greenhousemail.com,1,"AS14061 (DIGITALOCEAN-ASN, US)"
greencafe24.com,1,"AS47583 (AS-HOSTINGER, CY)"
gratosmail.fr.nf,1,"AS16276 (OVH, FR)"
mx0.engfootballfans.com,1,"AS54290 (HOSTWINDS, US)"
mail.endothelmy.com,1,"AS12586 (ASGHOSTNET, DE)"
mail.emwe.ru,1,"AS44094 (WEBHOST1-AS, RU)"
mail.endocrinolmail.ru,1,"AS12586 (ASGHOSTNET, DE)"
mail.gmip.fr,1,"AS203476 (GANDI-AS-2 Domain name registrar - www.gandi.net, FR)"
rte039zrhz.englishity.com,1,"AS14061 (DIGITALOCEAN-ASN, US)"
gregorheating-co-uk.mail.protection.outlook.com,1,"AS8075 (MICROSOFT-CORP-MSN-AS-BLOCK, US)"
mail.enetomail.ru,1,"AS12586 (ASGHOSTNET, DE)"
englandvs.com,1,"AS7393 (CYBERCON, US)"
griffinmgmt-com.mail.protection.outlook.com,1,"AS8075 (MICROSOFT-CORP-MSN-AS-BLOCK, US)"
greysacademy-com01c.mail.protection.outlook.com,1,"AS8075 (MICROSOFT-CORP-MSN-AS-BLOCK, US)"
mx.greystones.com.cust.a.hostedemail.com,1,"AS15348 (TUCOWS, CA)"
mx2.enginemail.top,1,"AS200107 (KL-EXT, CH)"
_dc-mx.fd5bbd5acab1.enrmail.com,1,"AS16276 (OVH, FR)"
ddns.enput.com,1,"AS209 (CENTURYLINK-US-LEGACY-QWEST, US)"
mail.enspinner.com,1,"AS24940 (HETZNER-AS, DE)"
mail01.greeninbox.org,1,"AS36351 (SOFTLAYER, US)"
mail.enterpriseln.us,1,"AS22612 (NAMECHEAP-NET, US)"
mail.entipat.com,1,"AS47583 (AS-HOSTINGER, CY)"
mail.enquiry.getwisetransfer.click,1,"AS51167 (CONTABO, DE)"
mail.grizlmail.com,1,"AS12586 (ASGHOSTNET, DE)"
mail.enter.net,1,"AS32244 (LIQUIDWEB, US)"
entrens-com.mail.protection.outlook.com,1,"AS8075 (MICROSOFT-CORP-MSN-AS-BLOCK, US)"
mail.grosfillex-furniture.com,1,"AS13213 (UK2NET-AS, GB)"
mail.enteraemail.com,1,"AS12586 (ASGHOSTNET, DE)"
mail.greentouwn.ru,1,"AS56694 (SMARTAPE, RU)"
mail.entomolfml.com,1,"AS12586 (ASGHOSTNET, DE)"
mail.groovetrove.org,1,"AS8001 (COLOGIX, US)"
mail.entamail.ru,1,"AS12586 (ASGHOSTNET, DE)"
mail.entomofml.com,1,"AS12586 (ASGHOSTNET, DE)"
envirophoenix-com.mail.protection.outlook.com,1,"AS8075 (MICROSOFT-CORP-MSN-AS-BLOCK, US)"
ensis.site,1,"AS52148 (ENIXLTD, GB)"
mx1.mailcast.io,1,"AS20473 (AS-VULTR, US)"
a262435.mx.mailhop.org,1,"AS16509 (AMAZON-02, US)"
mail.entomfmail.ru,1,"AS12586 (ASGHOSTNET, DE)"
mx-domain.enveicer.com,1,"AS14061 (DIGITALOCEAN-ASN, US)"
mail.eo-z.com,1,"AS14061 (DIGITALOCEAN-ASN, US)"
mail.entrepremail.ru,1,"AS12586 (ASGHOSTNET, DE)"
eonmech-com.mail.protection.outlook.com,1,"AS8075 (MICROSOFT-CORP-MSN-AS-BLOCK, US)"
mail.environmli.com,1,"AS12586 (ASGHOSTNET, DE)"
_dc-mx.1449d0009f6a.growseo.com,1,"AS32244 (LIQUIDWEB, US)"
mx2.hc1583-69.eu.iphmx.com,1,"AS30238 (AS-IRONP-VEGA, US)"
smtp.envolplus.com,1,"AS6364 (ATLANTIC-NET-1, US)"
grr.la,1,"AS60781 (LEASEWEB-NL-AMS-01 Netherlands, NL)"
mail.enzymatifml.ru,1,"AS12586 (ASGHOSTNET, DE)"
mx.eopn.com,1,"AS29873 (BIZLAND-SD, US)"
mail.eosada.com,1,"AS14061 (DIGITALOCEAN-ASN, US)"
mail.eosatx.com,1,"AS14061 (DIGITALOCEAN-ASN, US)"
mail.entuziast-center.ru,1,"AS50340 (SELECTEL-MSK, RU)"
mail.eoslux.com,1,"AS14061 (DIGITALOCEAN-ASN, US)"
198.252.99.156,1,
mail.grupobhk.com,1,"AS19318 (IS-AS-1, US)"
inx.eoutrbl.com,1,"AS14061 (DIGITALOCEAN-ASN, US)"
mail.gwi.com.tw,1,"AS3462 (HINET Data Communication Business Group, TW)"
emailsensei.com,1,"AS20473 (AS-VULTR, US)"
mail.eosino.ru,1,"AS12586 (ASGHOSTNET, DE)"
mail.epiar.net,1,"AS212317 (HETZNER-CLOUD3-AS, DE)"
mail.epeiromail.com,1,"AS12586 (ASGHOSTNET, DE)"
mx.epic-tech.org,1,"AS14061 (DIGITALOCEAN-ASN, US)"
mail.epicplayblog.cc,1,"AS45102 (ALIBABA-CN-NET Alibaba US Technology Co., Ltd., CN)"
mail.ephemerofml.com,1,"AS12586 (ASGHOSTNET, DE)"
mail.epicamail.com,1,"AS12586 (ASGHOSTNET, DE)"
mail.eosomail.ru,1,"AS12586 (ASGHOSTNET, DE)"
epexegmail.com,1,"AS9123 (TIMEWEB-AS, RU)"
gshub-ltd.mail.protection.outlook.com,1,"AS8075 (MICROSOFT-CORP-MSN-AS-BLOCK, US)"
mail.epicamil.ru,1,"AS12586 (ASGHOSTNET, DE)"
mail.epichlmail.ru,1,"AS12586 (ASGHOSTNET, DE)"
mail.gov-ny.site,1,"AS204601 (PODAON, NL)"
mail.epididyfml.ru,1,"AS12586 (ASGHOSTNET, DE)"
mail.epeirmalu.ru,1,"AS12586 (ASGHOSTNET, DE)"
mail.epinefmail.com,1,"AS12586 (ASGHOSTNET, DE)"
mail.epithelimails.ru,1,"AS12586 (ASGHOSTNET, DE)"
mail.epifmk.com,1,"AS12586 (ASGHOSTNET, DE)"
pmg196.emca.pl,1,"AS47223 (LUKMAN, PL)"
mail.episiormail.com,1,"AS12586 (ASGHOSTNET, DE)"
mail.episcopalmy.com,1,"AS12586 (ASGHOSTNET, DE)"
mail.episcomails.ru,1,"AS12586 (ASGHOSTNET, DE)"
mail.epithalaml.com,1,"AS12586 (ASGHOSTNET, DE)"
mail.epidemiogrml.com,1,"AS12586 (ASGHOSTNET, DE)"
mail.epmmo.com,1,"AS14061 (DIGITALOCEAN-ASN, US)"
mail.epithafml.com,1,"AS12586 (ASGHOSTNET, DE)"
mail.epipheninf.com,1,"AS12586 (ASGHOSTNET, DE)"
mail.episcopalifml.com,1,"AS12586 (ASGHOSTNET, DE)"
mail.epigrrsmail.ru,1,"AS12586 (ASGHOSTNET, DE)"
mail.epistmail.com,1,"AS12586 (ASGHOSTNET, DE)"
mail.epiphyllotomail.ru,1,"AS12586 (ASGHOSTNET, DE)"
mail.epiphyllmails.ru,1,"AS12586 (ASGHOSTNET, DE)"
mail.epitomi.ru,1,"AS12586 (ASGHOSTNET, DE)"
mx1.gspousea.com,1,"AS200107 (KL-EXT, CH)"
mail.epipemail.ru,1,"AS12586 (ASGHOSTNET, DE)"
mail.episemail.ru,1,"AS12586 (ASGHOSTNET, DE)"
epshop.online,1,"AS13335 (CLOUDFLARENET, US)"
mail.epithelmails.ru,1,"AS12586 (ASGHOSTNET, DE)"
a991136.mx.mailhop.org,1,"AS16509 (AMAZON-02, US)"
mx.wuaze.com,1,"AS34119 (WILDCARD-AS Wildcard UK Limited, GB)"
m.gtptk.com,1,"AS401696 (COGNETCLOUD, US)"
mail.epomail.com,1,"AS32097 (WII, US)"
mail.gtwaddress.com,1,"AS47583 (AS-HOSTINGER, CY)"
gthw-com.mx1.arsmtp.com,1,"AS53780 (AS-APPRIVER, US)"
mx1.epwwrestling.com,1,"AS200107 (KL-EXT, CH)"
mail.eqimail.com,1,"AS14061 (DIGITALOCEAN-ASN, US)"
mail.equifirst.in,1,"AS46606 (UNIFIEDLAYER-AS-1, US)"
mx6.guccitripwell.com,1,
mx2.gu5t.com,1,"AS200107 (KL-EXT, CH)"
gtmail.site,1,"AS42846 (GUZELHOSTING GNET INTERNET TELEKOMUNIKASYON A.S., TR)"
mail.equivara.cfd,1,"AS203446 (AS203446, GB)"
mail.equafmail.ru,1,"AS12586 (ASGHOSTNET, DE)"
mail.equianguli.com,1,"AS12586 (ASGHOSTNET, DE)"
equipmentsfinances-com.mail.protection.outlook.com,1,"AS8075 (MICROSOFT-CORP-MSN-AS-BLOCK, US)"
_dc-mx.8b0dfaa65e94.guerrillamail.net,1,"AS60781 (LEASEWEB-NL-AMS-01 Netherlands, NL)"
mail.equipfmail.ru,1,"AS12586 (ASGHOSTNET, DE)"
_dc-mx.95642e8dce05.guerrillamail.info,1,"AS60781 (LEASEWEB-NL-AMS-01 Netherlands, NL)"
mail.guerrillamail.de,1,"AS60781 (LEASEWEB-NL-AMS-01 Netherlands, NL)"
mail.equatmails.ru,1,"AS12586 (ASGHOSTNET, DE)"
mail.equivofl.com,1,"AS12586 (ASGHOSTNET, DE)"
mail.equivoeomail.ru,1,"AS12586 (ASGHOSTNET, DE)"
_dc-mx.1d1000604dfb.guerrillamail.org,1,"AS60781 (LEASEWEB-NL-AMS-01 Netherlands, NL)"
mx-post.erahods.com,1,"AS14061 (DIGITALOCEAN-ASN, US)"
mail.equmalary.ru,1,"AS12586 (ASGHOSTNET, DE)"
mail.guerraepaz.org.br,1,"AS16276 (OVH, FR)"
mail.eq-trainer.ru,1,"AS44094 (WEBHOST1-AS, RU)"
mail.ercohomes.ca,1,"AS19871 (NETWORK-SOLUTIONS-HOSTING, US)"
mx1.gugoumail.com,1,"AS24940 (HETZNER-AS, DE)"
mail.ereplyzy.com,1,"AS47583 (AS-HOSTINGER, CY)"
mail.erermail.com,1,"AS14061 (DIGITALOCEAN-ASN, US)"
mail.ericsupport.com,1,"AS40021 (CONTABO-40021, US)"
smtp-in.erine.email,1,"AS16276 (OVH, FR)"
mx.graffitiresin.com,1,
owa.dgm.bg,1,"AS48115 (DGM-AS Sofia, Bulgaria, BG)"
mail.eposta.work,1,"AS132203 (TENCENT-NET-AP-CN Tencent Building, Kejizhongyi Avenue, CN)"
mx1.oweb.cn,1,
mail.equalisfmail.com,1,"AS12586 (ASGHOSTNET, DE)"
mail.eroticimail.com,1,"AS12586 (ASGHOSTNET, DE)"
mail.eqmail.com,1,"AS45090 (TENCENT-NET-AP Shenzhen Tencent Computer Systems Company Limited, CN)"
mail.erotogrmail.com,1,"AS12586 (ASGHOSTNET, DE)"
mail.erotopaemail.com,1,"AS12586 (ASGHOSTNET, DE)"
mail.erpin.org,1,"AS3842 (RAMNODE, US)"
errorid.com,1,"AS16276 (OVH, FR)"
mail.guron.ru,1,"AS29182 (RU-JSCIOT, RU)"
mx.ertemaik.com,1,"AS14061 (DIGITALOCEAN-ASN, US)"
rte03.ereirqu.com,1,"AS14061 (DIGITALOCEAN-ASN, US)"
mail.gutturalmalis.com,1,"AS12586 (ASGHOSTNET, DE)"
mail.erythml.ru,1,"AS12586 (ASGHOSTNET, DE)"
mail.erysipelfml.com,1,"AS12586 (ASGHOSTNET, DE)"
mail.erythroblamail.com,1,"AS12586 (ASGHOSTNET, DE)"
mail.guysmail.com,1,"AS16276 (OVH, FR)"
mail.erythrocytinf.com,1,"AS12586 (ASGHOSTNET, DE)"
mail.erythrsmail.ru,1,"AS12586 (ASGHOSTNET, DE)"
a113362.mx.mailhop.org,1,"AS16509 (AMAZON-02, US)"
mail.gwarek.com.pl,1,"AS41079 (CF-GDA, PL)"
mail.gwanime.com,1,"AS53850 (GORILLASERVERS, US)"
mail.ermael.com,1,"AS14061 (DIGITALOCEAN-ASN, US)"
sh053.myserverhosts.com,1,"AS46606 (UNIFIEDLAYER-AS-1, US)"
mail.gw.to,1,"AS42831 (UKSERVERS-AS UK Dedicated Servers, Hosting and Co-Location, GB)"
mail.guerrillamailblock.com,1,
mail.gwdemolition.com,1,"AS46606 (UNIFIEDLAYER-AS-1, US)"
mail.gwalegal.pl,1,"AS29522 (CF-KRK, PL)"
gweiss-com.mail.protection.outlook.com,1,"AS8075 (MICROSOFT-CORP-MSN-AS-BLOCK, US)"
mail.gw-elec.co.uk,1,"AS20738 (GD-EMEA-DC-LD5, GB)"
mail.gwe.com.au,1,"AS4764 (WIDEBAND-AS-AP Aussie Broadband, AU)"
mail.gwe.net,1,"AS46606 (UNIFIEDLAYER-AS-1, US)"
mail.gvozdvkedah.fun,1,"AS62082 (HOSTLAND, RU)"
mail.gwerin.com,1,"AS20860 (IOMART-AS, GB)"
mail.eschaumail.com,1,"AS12586 (ASGHOSTNET, DE)"
gwinnettschoolofdance-com.mail.protection.outlook.com,1,"AS8075 (MICROSOFT-CORP-MSN-AS-BLOCK, US)"
mail.gwaccounting.com.au,1,"AS38719 (DREAMSCAPE-AS-AP Dreamscape Networks Limited, AU)"
mail.esdruns.com,1,"AS47583 (AS-HOSTINGER, CY)"
esckiz.xyz,1,"AS132420 (E2E-NETWORKS-IN 282, Sector 19, IN)"
mail.gwfd.com,1,"AS4906 (FDS-01, US)"
mail.gw24.at,1,"AS8412 (TMA Magenta Telekom, AT)"
win07-mail.zth.netdesignhost.com,1,"AS135161 (GMO-Z-COM-TH GMO-Z com NetDesign Holdings Co., Ltd., JP)"
escortsdudley.com,1,"AS22612 (NAMECHEAP-NET, US)"
mail.gwgms.de,1,"AS8893 (ARTFILES-AS Artfiles New Media GmbH, DE)"
email.gwjlaw.com,1,"AS3356 (LEVEL3, US)"
mail.gwinner.de,1,"AS200924 (SIS2, DE)"
gway-co-za.mail.protection.outlook.com,1,"AS8075 (MICROSOFT-CORP-MSN-AS-BLOCK, US)"
surat.gwk.id,1,"AS140388 (IDNIC-GARISWAKTU-AS-ID PT. Garis Waktu Kita, ID)"
mail.gwivs.com,1,"AS46606 (UNIFIEDLAYER-AS-1, US)"
gwlogistyka-pl.mail.protection.outlook.com,1,"AS8075 (MICROSOFT-CORP-MSN-AS-BLOCK, US)"
mail.gwmmedia.com,1,"AS55293 (A2HOSTING, US)"
mail.gwhizmedia.com,1,"AS14618 (AMAZON-AES, US)"
mail.gwn24.de,1,"AS212613 (GWN24, DE)"
mail.gwip.com,1,"AS3462 (HINET Data Communication Business Group, TW)"
mailserver.businessidentity.llc,1,"AS394456 (EPIK-LLC, US)"
mail.gwi.co.za,1,"AS37153 (xneelo, ZA)"
mail.gwsa-guelph.ca,1,"AS40438 (CANHOST-INC, CA)"
mail.gwq-serviceplus.de,1,"AS20676 (PLUSNET *****************, DE)"
mail.gwynjonesschool.co.uk,1,"AS21499 (GODADDY-SXB, DE)"
mail.gwsolutions.ca,1,"AS29873 (BIZLAND-SD, US)"
msn.eshimod.com,1,"AS14061 (DIGITALOCEAN-ASN, US)"
mail.gwtgp.com,1,"AS398101 (GO-DADDY-COM-LLC, US)"
mx-01-eu-central-1.prod.hydra.sophos.com,1,"AS16509 (AMAZON-02, US)"
mx.gundogtrainerarkansas.com,1,"AS29873 (BIZLAND-SD, US)"
mail.esgame.pl,1,"AS41079 (CF-GDA, PL)"
mail.gxbarbara.com,1,"AS47583 (AS-HOSTINGER, CY)"
mail.gwizdek.eu,1,"AS29522 (CF-KRK, PL)"
mail.gxgxg.xyz,1,"AS399646 (DARTNODE, US)"
mail.erodifl.com,1,"AS12586 (ASGHOSTNET, DE)"
mail.gwintech.com.my,1,"AS46015 (EXABYTES-AS-AP Exa Bytes Network Sdn.Bhd., MY)"
mail.gwwlaw.com,1,"AS17054 (EXPEDIENT, US)"
mail.gwu-eckernfoerde.de,1,"AS3209 (VODANET International IP-Backbone of Vodafone, DE)"
mail.gwerders.ch,1,"AS24940 (HETZNER-AS, DE)"
mail.erosfml.com,1,"AS12586 (ASGHOSTNET, DE)"
mail.gunlukhavadurumu.net,1,"AS211851 (WEB9-YAZILIM-BILISIM-HIZMETLERI, TR)"
esportslatam-com01i.mail.protection.outlook.com,1,"AS8075 (MICROSOFT-CORP-MSN-AS-BLOCK, US)"
mail.gwynfanbungalow.co.uk,1,"AS61323 (UKFAST, GB)"
mail.gwydion.org,1,"AS51167 (CONTABO, DE)"
mail.esponamail.com,1,"AS12586 (ASGHOSTNET, DE)"
gwu-plettenberg-de.mail.cloud.nospamproxy.com,1,"AS16509 (AMAZON-02, US)"
mail.email64.com,1,"AS14061 (DIGITALOCEAN-ASN, US)"
mail.gwpmultimedia.com,1,"AS34931 (AWARESOFT, GB)"
mail.gymzz.com,1,"AS24940 (HETZNER-AS, DE)"
mail.gynmail.com,1,"AS12586 (ASGHOSTNET, DE)"
emailband.com,1,"AS47583 (AS-HOSTINGER, CY)"
espismail.com,1,"AS9123 (TIMEWEB-AS, RU)"
bslmsn.essayssolution.com,1,"AS209605 (HOSTBALTIC, LT)"
mail.erotomails.ru,1,"AS12586 (ASGHOSTNET, DE)"
espiraldevendas-com-br.mail.protection.outlook.com,1,
mx1.essay-top.biz,1,"AS200107 (KL-EXT, CH)"
mail.emailbin.net,1,"AS14061 (DIGITALOCEAN-ASN, US)"
essaywritingservicelinked.com,1,"AS53755 (IOFLOOD, US)"
_dc-mx.2028ba539df3.emailcloudhub.uk,1,"AS18450 (WEBNX, US)"
mail.gwerk.ch,1,"AS24940 (HETZNER-AS, DE)"
mx1.emailapps.info,1,"AS200107 (KL-EXT, CH)"
mail.gyromagfmail.com,1,"AS12586 (ASGHOSTNET, DE)"
mail.gyrofreqfmus.ru,1,"AS12586 (ASGHOSTNET, DE)"
mail.establismail.com,1,"AS12586 (ASGHOSTNET, DE)"
relay.careerbuilder.com,1,"AS32977 (CBSITE-CHI-WEB, US)"
mail.estabamail.com,1,"AS12586 (ASGHOSTNET, DE)"
h.lovepettoys.shop,1,"AS47583 (AS-HOSTINGER, CY)"
mail.establishmemail.com,1,"AS12586 (ASGHOSTNET, DE)"
mail.esthesiopmail.com,1,"AS12586 (ASGHOSTNET, DE)"
mail.gzyp21.net,1,"AS24940 (HETZNER-AS, DE)"
mail.h2beta.com,1,"AS14061 (DIGITALOCEAN-ASN, US)"
emaildark.fr.nf,1,"AS16276 (OVH, FR)"
mail.esthesmail.ru,1,"AS12586 (ASGHOSTNET, DE)"
mail.etaajir.net,1,"AS19871 (NETWORK-SOLUTIONS-HOSTING, US)"
etcone-net.mail.protection.outlook.com,1,
mail.esterificfm.ru,1,"AS12586 (ASGHOSTNET, DE)"
h3gm.com,1,"AS3842 (RAMNODE, US)"
box.hashcellrelay.com,1,"AS8866 (VIVACOM-AS BULGARIA, BG)"
eternity-my-id.mail.protection.outlook.com,1,
mx1.yunyou.top,1,"AS21859 (ZEN-ECN, US)"
mx.etc.syn-alias.com,1,"AS31898 (ORACLE-BMC-31898, US)"
ezmail.mail.etempmail.net,1,"AS19318 (IS-AS-1, US)"
mx1.smail.com.tr,1,"AS205463 (PEMBEGULISG, TR)"
mail.etherifimail.ru,1,"AS12586 (ASGHOSTNET, DE)"
mail.gutturo.ru,1,"AS12586 (ASGHOSTNET, DE)"
mx1.eth2btc.info,1,"AS200107 (KL-EXT, CH)"
mx00.ionos.mx,1,"AS8560 (IONOS-AS This is the joint network for IONOS, Fasthosts, Arsys, 1&1 Mail and Media and 1&1 Telecom. Formerly known as 1&1 Internet SE., DE)"
mail.erviomail.com,1,"AS12586 (ASGHOSTNET, DE)"
mail.ervmail.com,1,"AS12586 (ASGHOSTNET, DE)"
mail.eti.eu.com,1,"AS51167 (CONTABO, DE)"
ethodmail.com,1,"AS9123 (TIMEWEB-AS, RU)"
mail.etherefkml.ru,1,"AS12586 (ASGHOSTNET, DE)"
mail1.etlgr.com,1,"AS8069 (MICROSOFT-CORP-MSN-AS-BLOCK, US)"
haberci-com.mail.protection.outlook.com,1,"AS8075 (MICROSOFT-CORP-MSN-AS-BLOCK, US)"
mail.etherefml.ru,1,"AS12586 (ASGHOSTNET, DE)"
mx1.h9js8y6.com,1,"AS200107 (KL-EXT, CH)"
mail.hacccc.com,1,"AS14061 (DIGITALOCEAN-ASN, US)"
mail.erythrocinf.com,1,"AS12586 (ASGHOSTNET, DE)"
_dc-mx.bb161ec9c40e.hacker.com.se,1,"AS19318 (IS-AS-1, US)"
mail.etymologmale.com,1,"AS12586 (ASGHOSTNET, DE)"
mail.erythroblmail.ru,1,"AS12586 (ASGHOSTNET, DE)"
mail.etymolomail.ru,1,"AS12586 (ASGHOSTNET, DE)"
mail.etymoml.ru,1,"AS12586 (ASGHOSTNET, DE)"
mail.eu6genetic.com,1,"AS47583 (AS-HOSTINGER, CY)"
mail.eubonus.com,1,"AS14061 (DIGITALOCEAN-ASN, US)"
mail.etymolo.com,1,"AS12586 (ASGHOSTNET, DE)"
mail.gwenergy.hu,1,"AS42964 (SIGMANET-HU-AS, HU)"
mail.etymolofml.com,1,"AS12586 (ASGHOSTNET, DE)"
mail.erythroblasfmus.ru,1,"AS12586 (ASGHOSTNET, DE)"
mx.euesolucoes.online,1,"AS20473 (AS-VULTR, US)"
emailfwd.hadal.net,1,"AS16276 (OVH, FR)"
smtp.eu.org,1,"AS12322 (PROXAD, FR)"
mail.euplexopml.com,1,"AS12586 (ASGHOSTNET, DE)"
mx-02-eu-central-1.prod.hydra.sophos.com,1,"AS16509 (AMAZON-02, US)"
mail.eurogenet.com,1,"AS19377 (CLOUD-CARIB-LTD, BS)"
mail.haemacytmails.ru,1,"AS12586 (ASGHOSTNET, DE)"
mail.hagimails.ru,1,"AS12586 (ASGHOSTNET, DE)"
mail.hagiolofml.ru,1,"AS12586 (ASGHOSTNET, DE)"
mail.euucn.com,1,"AS14061 (DIGITALOCEAN-ASN, US)"
mail.eurygnmofml.ru,1,"AS12586 (ASGHOSTNET, DE)"
euromail.hu,1,"AS60071 (RENDSZERNET-AS, HU)"
mx10.websupport.sk,1,"AS51013 (WEBSUPPORT-SRO-SK-AS, SK)"
malibuzz.haitibox.com,1,"AS51167 (CONTABO, DE)"
mail.gwaliorchemicals.com,1,"AS46606 (UNIFIEDLAYER-AS-1, US)"
mail.evacolml.ru,1,"AS12586 (ASGHOSTNET, DE)"
mail.eutycsalo.ru,1,"AS12586 (ASGHOSTNET, DE)"
mail.evangelicmail.ru,1,"AS12586 (ASGHOSTNET, DE)"
mail.evangeemail.ru,1,"AS12586 (ASGHOSTNET, DE)"
mail.evangelismfri.com,1,"AS12586 (ASGHOSTNET, DE)"
evbholdingsllc-com.mail.protection.outlook.com,1,"AS8075 (MICROSOFT-CORP-MSN-AS-BLOCK, US)"
mail.evangelmail.ru,1,"AS12586 (ASGHOSTNET, DE)"
mail.eurobet88.net,1,"AS9808 (CHINAMOBILE-CN China Mobile Communications Group Co., Ltd., CN)"
_dc-mx.b5812e2eb391.gwenbd94.com,1,"AS51167 (CONTABO, DE)"
mail.evangelifl.com,1,"AS12586 (ASGHOSTNET, DE)"
mail.haechot.com,1,"AS132203 (TENCENT-NET-AP-CN Tencent Building, Kejizhongyi Avenue, CN)"
mail.evangemail.com,1,"AS12586 (ASGHOSTNET, DE)"
mail.evangelimail.ru,1,"AS12586 (ASGHOSTNET, DE)"
mx01.windstream.net,1,"AS31898 (ORACLE-BMC-31898, US)"
mail.evangelml.ru,1,"AS12586 (ASGHOSTNET, DE)"
mail.europesoftwares.net,1,"AS210403 (LWS, FR)"
mail.eveist.com,1,"AS14061 (DIGITALOCEAN-ASN, US)"
mail.euvotodistrital.org.br,1,"AS16276 (OVH, FR)"
mail.pulseinbox.space,1,"AS24940 (HETZNER-AS, DE)"
eutemp.eu,1,"AS24961 (MYLOC-AS IP Backbone of WIIT AG formerly myLoc managed IT AG, DE)"
mail.halionex.cfd,1,"AS203446 (AS203446, GB)"
mail.everythingispersonal.com,1,"AS24940 (HETZNER-AS, DE)"
mail.eventuruby.ru,1,"AS12586 (ASGHOSTNET, DE)"
event-united.com,1,"AS14618 (AMAZON-AES, US)"
haltongp-nhs-uk.mail.protection.outlook.com,1,"AS8075 (MICROSOFT-CORP-MSN-AS-BLOCK, US)"
mx4.eu001.everymail.com,1,"AS16276 (OVH, FR)"
mail.eventnice.id,1,"AS136170 (EXBCOID-AS-AP PT. EXABYTES NETWORK INDONESIA, ID)"
mx.everytg.ml,1,"AS208425 (YONCU, CY)"
mail.evigrxplus.com,1,"AS63023 (AS-GLOBALTELEHOST, US)"
eforward2.registrar-servers.com,1,"AS22612 (NAMECHEAP-NET, US)"
evolutiongene-com.mail.protection.outlook.com,1,"AS8075 (MICROSOFT-CORP-MSN-AS-BLOCK, US)"
mail235148.maychuemail.com,1,"AS7643 (VNPT-AS-VN Vietnam Posts and Telecommunications VNPT, VN)"
mail.evontra.cfd,1,"AS203446 (AS203446, GB)"
mail.wolstencroft.com.au,1,"AS38195 (SUPERLOOP-AS-AP Superloop, AU)"
mail.hallucinatmil.ru,1,"AS12586 (ASGHOSTNET, DE)"
mail.evolutrsmail.ru,1,"AS12586 (ASGHOSTNET, DE)"
mail.evoro.eu,1,"AS216063 (TWENTYFOURFIRE, DE)"
hz2.altospam.com,1,"AS24679 (SSERV-AS, DE)"
mail.gwtirol.at,1,"AS8412 (TMA Magenta Telekom, AT)"
space.cyberly.com,1,"AS63949 (AKAMAI-LINODE-AP Akamai Connected Cloud, SG)"
mail.ewroteed.com,1,"AS47583 (AS-HOSTINGER, CY)"
mail.evilin-expo.ru,1,"AS44094 (WEBHOST1-AS, RU)"
sslmail.verwaltungsportal.de,1,"AS24940 (HETZNER-AS, DE)"
mail.evilgodshop.com,1,"AS135983 (TINO-AS-VN Tino Group Joint Stock Company, VN)"
mail.gwwpro.de,1,"AS199752 (GO-TREX Go-Trex Internet Solution Partner, NL)"
handrfabrics-com.mail.protection.outlook.com,1,"AS8075 (MICROSOFT-CORP-MSN-AS-BLOCK, US)"
mail.evgeniazimina.com,1,"AS35278 (SPRINTHOST, RU)"
mx1.ewebpills.com,1,"AS200107 (KL-EXT, CH)"
mail.handrik.com,1,"AS14061 (DIGITALOCEAN-ASN, US)"
mail.exams.gng.edu.pl,1,"AS16276 (OVH, FR)"
mail.evoveo.com,1,"AS14670 (WHG-USE1, GB)"
mx1.handbega.xyz,1,"AS200107 (KL-EXT, CH)"
mail.exaggermail.com,1,"AS12586 (ASGHOSTNET, DE)"
mail.exceptioebml.ru,1,"AS12586 (ASGHOSTNET, DE)"
mx.hannahouse.co.cust.b.hostedemail.com,1,"AS32491 (TUCOWS-3, CA)"
mail.exartimail.com,1,"AS12586 (ASGHOSTNET, DE)"
mail.exchangejo.ru,1,"AS12586 (ASGHOSTNET, DE)"
mail.exaggerfml.ru,1,"AS12586 (ASGHOSTNET, DE)"
mail.excogieomail.ru,1,"AS12586 (ASGHOSTNET, DE)"
mail.excommmail.ru,1,"AS12586 (ASGHOSTNET, DE)"
mail.excommunimail.ru,1,"AS12586 (ASGHOSTNET, DE)"
mail.excommunicmfri.com,1,"AS12586 (ASGHOSTNET, DE)"
mail.hanymail.com,1,"AS12586 (ASGHOSTNET, DE)"
mail.exchanmails.ru,1,"AS12586 (ASGHOSTNET, DE)"
mail.haostuni.com,1,"AS27823 (Dattatec.com, AR)"
mail.excommunifmail.ru,1,"AS12586 (ASGHOSTNET, DE)"
colo3.exemetr.com,1,"AS14061 (DIGITALOCEAN-ASN, US)"
mail.exempfmk.com,1,"AS12586 (ASGHOSTNET, DE)"
mail.exemplifiolml.ru,1,"AS12586 (ASGHOSTNET, DE)"
sxb1plzcpnl487827.prod.sxb1.secureserver.net,1,"AS21499 (GODADDY-SXB, DE)"
mail.exhibitiofmail.ru,1,"AS12586 (ASGHOSTNET, DE)"
mail.exheredaml.com,1,"AS12586 (ASGHOSTNET, DE)"
_dc-mx.d1419515b31b.happy-talking.org,1,"AS51167 (CONTABO, DE)"
happedmail.com,1,"AS9123 (TIMEWEB-AS, RU)"
mail.exmab.com,1,"AS14061 (DIGITALOCEAN-ASN, US)"
mail.expl0it.store,1,"AS24940 (HETZNER-AS, DE)"
mail.exoworld.earth,1,"AS203446 (AS203446, GB)"
mail.exomolmail.com,1,"AS12586 (ASGHOSTNET, DE)"
mail.exoptemail.ru,1,"AS12586 (ASGHOSTNET, DE)"
mail.exobiolmail.ru,1,"AS12586 (ASGHOSTNET, DE)"
mail.experimemail.com,1,"AS12586 (ASGHOSTNET, DE)"
mx.ethereal.email,1,"AS24940 (HETZNER-AS, DE)"
mail.exopterymail.ru,1,"AS12586 (ASGHOSTNET, DE)"
mail.expressletter.net,1,"AS212772 (ADGUARD, CY)"
expressbuynow-com.mail.protection.outlook.com,1,"AS8075 (MICROSOFT-CORP-MSN-AS-BLOCK, US)"
dmarcdb4wb.expltain.com,1,"AS14061 (DIGITALOCEAN-ASN, US)"
mail.explanatmails.ru,1,"AS12586 (ASGHOSTNET, DE)"
mail.expectofkml.ru,1,"AS12586 (ASGHOSTNET, DE)"
mail.expeditioml.com,1,"AS12586 (ASGHOSTNET, DE)"
mail.hanul.com,1,"AS55615 (DUZONBIZON-AS-KR DOUZONEBIZON, KR)"
mail.experimenmail.ru,1,"AS12586 (ASGHOSTNET, DE)"
mail.extempormail.com,1,"AS12586 (ASGHOSTNET, DE)"
mail.exoticfruitplants.eu,1,"AS24940 (HETZNER-AS, DE)"
w01c8522.kasserver.com,1,"AS34788 (NMM-AS D - 02742 Friedersdorf Hauptstrasse 68, DE)"
mail.exmoordistillery.com,1,
mail.extemporaio.com,1,"AS12586 (ASGHOSTNET, DE)"
mail.extempmail.ru,1,"AS12586 (ASGHOSTNET, DE)"
mail.exterocefmals.com,1,"AS12586 (ASGHOSTNET, DE)"
mail.extemporizmail.ru,1,"AS12586 (ASGHOSTNET, DE)"
mail.externalizmail.ru,1,"AS12586 (ASGHOSTNET, DE)"
mail.ethnomusicolofmail.com,1,"AS12586 (ASGHOSTNET, DE)"
mail.ethnobotmail.ru,1,"AS12586 (ASGHOSTNET, DE)"
mail.exuge.com,1,"AS14061 (DIGITALOCEAN-ASN, US)"
mail.extraconstimail.com,1,"AS12586 (ASGHOSTNET, DE)"
mail.extraconstiinf.com,1,"AS12586 (ASGHOSTNET, DE)"
mail.extrapla.ru,1,"AS12586 (ASGHOSTNET, DE)"
mail.extravagfml.com,1,"AS12586 (ASGHOSTNET, DE)"
mail.extraormails.ru,1,"AS12586 (ASGHOSTNET, DE)"
mail.extracorpomail.com,1,"AS12586 (ASGHOSTNET, DE)"
mail.exteriormail.ru,1,"AS12586 (ASGHOSTNET, DE)"
extinlapa.com.br,1,"AS19871 (NETWORK-SOLUTIONS-HOSTING, US)"
exwa.org,1,"AS7506 (INTERQ GMO Internet Group, Inc., JP)"
mail.eyepaste.com,1,"AS40021 (CONTABO-40021, US)"
yivgateway.extrset.com,1,"AS14061 (DIGITALOCEAN-ASN, US)"
mail.extraseml.ru,1,"AS12586 (ASGHOSTNET, DE)"
mail.extrammali.ru,1,"AS12586 (ASGHOSTNET, DE)"
_dc-mx.7cabf030fcec.eysey.com,1,"AS51167 (CONTABO, DE)"
mail.extrachromfmail.ru,1,"AS12586 (ASGHOSTNET, DE)"
mail.exulrsmail.ru,1,"AS12586 (ASGHOSTNET, DE)"
mail.eynlong.com,1,"AS14061 (DIGITALOCEAN-ASN, US)"
esmeraldamagina.com,1,"AS34762 (COMBELL-AS, BE)"
mail.extrinsime.ru,1,"AS12586 (ASGHOSTNET, DE)"
mail.extra-breast.info,1,"AS41079 (CF-GDA, PL)"
mail.ezpara.com,1,"AS51167 (CONTABO, DE)"
mail.ezstest.com,1,"AS63949 (AKAMAI-LINODE-AP Akamai Connected Cloud, SG)"
f.lovepettoys.shop,1,"AS47583 (AS-HOSTINGER, CY)"
p.f1t.online,1,"AS401696 (COGNETCLOUD, US)"
f1files.com,1,"AS20857 (TRANSIP-AS Amsterdam, the Netherlands, NL)"
mx05.au.com,1,"AS2516 (KDDI KDDI CORPORATION, JP)"
mail.f5foster.com,1,"AS47583 (AS-HOSTINGER, CY)"
mail0001.ezernet.lv,1,"AS24940 (HETZNER-AS, DE)"
recv3.erinn.biz,1,"AS7506 (INTERQ GMO Internet Group, Inc., JP)"
mail.ez.lv,1,"AS12578 (APOLLO-AS Latvia, LV)"
mail.fabtivia.com,1,"AS14061 (DIGITALOCEAN-ASN, US)"
mail.fabrikamail.com,1,"AS12586 (ASGHOSTNET, DE)"
mail.facemac.website,1,"AS40021 (CONTABO-40021, US)"
facoro-cl.mail.protection.outlook.com,1,"AS8075 (MICROSOFT-CORP-MSN-AS-BLOCK, US)"
fadilec-com.mail.protection.outlook.com,1,"AS8075 (MICROSOFT-CORP-MSN-AS-BLOCK, US)"
mx2.faceepicentre.com,1,"AS200107 (KL-EXT, CH)"
app.pacekopat.com,1,"AS16276 (OVH, FR)"
mail.fake-emails.com,1,"AS197540 (NETCUP-AS netcup GmbH, DE)"
109.62.115.106,1,
mail.fadems.org.br,1,"AS16276 (OVH, FR)"
mail.fakemail.net,1,"AS16276 (OVH, FR)"
mail.fairnewsspears.com,1,"AS24940 (HETZNER-AS, DE)"
mx.falazone.com,1,"AS14061 (DIGITALOCEAN-ASN, US)"
mx6.fallloveinlv.com,1,
mx1.gwbnsh.net.cn,1,"AS131536 (SHGWBNNET Shanghai Great Wall Broadband Network Service Co., Ltd., CN)"
mx.falltrack.net,1,"AS16276 (OVH, FR)"
mail.fake-mail.net,1,"AS24940 (HETZNER-AS, DE)"
mail.faldamail.com,1,"AS12586 (ASGHOSTNET, DE)"
e.falleweng.com,1,"AS14061 (DIGITALOCEAN-ASN, US)"
mail.faltd.net,1,"AS9009 (M247, RO)"
mail.famemaiil.com,1,"AS12586 (ASGHOSTNET, DE)"
fancydancecasino-net.mail.protection.outlook.com,1,"AS8075 (MICROSOFT-CORP-MSN-AS-BLOCK, US)"
mail.exactlegalreview.com,1,"AS204601 (PODAON, NL)"
mail.familiatomail.com,1,"AS12586 (ASGHOSTNET, DE)"
mail.familfmk.com,1,"AS12586 (ASGHOSTNET, DE)"
mail.falsifmail.ru,1,"AS12586 (ASGHOSTNET, DE)"
mail.fanrecognition.com,1,"AS63949 (AKAMAI-LINODE-AP Akamai Connected Cloud, SG)"
mail.fansatix.com,1,"AS47583 (AS-HOSTINGER, CY)"
mail.fanaticomail.ru,1,"AS12586 (ASGHOSTNET, DE)"
a249901.mx.mailhop.org,1,"AS16509 (AMAZON-02, US)"
mail.farironalds.com,1,"AS210976 (TWC-EU, KZ)"
mxa-00a18f02.gslb.pphosted.com,1,"AS52129 (PROOFPOINT-ASN-EU, US)"
mail.farah.rip,1,"AS44486 (SYNLINQ synlinq.de, DE)"
rte03hbn86.exhaycle.com,1,"AS14061 (DIGITALOCEAN-ASN, US)"
mail.fashionamail.com,1,"AS12586 (ASGHOSTNET, DE)"
mail.fantalk.ru,1,"AS50340 (SELECTEL-MSK, RU)"
mail.fashionfmail.com,1,"AS12586 (ASGHOSTNET, DE)"
mail.farzanehbeautysalon.ir,1,"AS31549 (RASANA, IR)"
mail.fashionmail.ru,1,"AS12586 (ASGHOSTNET, DE)"
mail.fastemails.us,1,"AS47583 (AS-HOSTINGER, CY)"
mail.fast-breast-augmentation.info,1,"AS41079 (CF-GDA, PL)"
mail.farmoaks.com,1,"AS132203 (TENCENT-NET-AP-CN Tencent Building, Kejizhongyi Avenue, CN)"
mail.experimentmails.ru,1,"AS12586 (ASGHOSTNET, DE)"
mx1.fastacura.com,1,"AS200107 (KL-EXT, CH)"
mx1.fast-email.info,1,"AS200107 (KL-EXT, CH)"
mail.fastsms.my,1,"AS214481 (WCZAPKOWICZ-AS as214481as-wczapkowicz Chunkserve Backbone Transit, PL)"
mail.fastsms24.shop,1,"AS214481 (WCZAPKOWICZ-AS as214481as-wczapkowicz Chunkserve Backbone Transit, PL)"
mail.exploitfml.com,1,"AS12586 (ASGHOSTNET, DE)"
mx1.fastmailforyou.net,1,"AS200107 (KL-EXT, CH)"
mx3.vfemail.net,1,"AS202448 (MVPS www.mvps.net, CY)"
mx1.fastermand.com,1,"AS200107 (KL-EXT, CH)"
mx1.fastshipcialis.com,1,"AS200107 (KL-EXT, CH)"
mail.extracorpmail.ru,1,"AS12586 (ASGHOSTNET, DE)"
mail.fat-tubes.com,1,"AS54290 (HOSTWINDS, US)"
mail.fatflap.com,1,"AS24940 (HETZNER-AS, DE)"
mail.expert-a.ru,1,"AS39238 (OKBPROGRESS Moscow, Russia, RU)"
mail.extrapulmail.ru,1,"AS12586 (ASGHOSTNET, DE)"
relay1.express.net.ua,1,"AS15738 (UAEXPRESS Ukraine, UA)"
mail.exuvimail.com,1,"AS12586 (ASGHOSTNET, DE)"
fazdnetc.com,1,"AS47583 (AS-HOSTINGER, CY)"
mail.faxico.com,1,"AS14061 (DIGITALOCEAN-ASN, US)"
mail.favordmail.com,1,"AS12586 (ASGHOSTNET, DE)"
mail.fastwebpost.com.pl,1,"AS50599 (Autonomous System for Dataspace P.S.A., PL)"
mail.fazka.ovh,1,"AS203446 (AS203446, GB)"
mail.fbi.one,1,"AS44486 (SYNLINQ synlinq.de, DE)"
mail.fbeaveraqb.com,1,"AS47583 (AS-HOSTINGER, CY)"
a850875.mx.mailhop.org,1,"AS16509 (AMAZON-02, US)"
fbmail.fun,1,"AS37963 (ALIBABA-CN-NET Hangzhou Alibaba Advertising Co.,Ltd., CN)"
fcl-co-jp.mail.protection.outlook.com,1,"AS8075 (MICROSOFT-CORP-MSN-AS-BLOCK, US)"
dc-48cc5efe5beb.fcl.me,1,
mail.fddeutschb.com,1,"AS47583 (AS-HOSTINGER, CY)"
mail.feanzier.com,1,"AS14061 (DIGITALOCEAN-ASN, US)"
mail.featcore.com,1,"AS14061 (DIGITALOCEAN-ASN, US)"
mx.zya.me,1,"AS34119 (WILDCARD-AS Wildcard UK Limited, GB)"
mail.feck.com,1,"AS14618 (AMAZON-AES, US)"
mail.data443.io,1,"AS36236 (NETACTUATE, US)"
mail.featurejo.ru,1,"AS12586 (ASGHOSTNET, DE)"
mail.federationfmail.com,1,"AS12586 (ASGHOSTNET, DE)"
mail.federalcashagency.com,1,"AS198068 (PAGM-AS, EE)"
mail.feedback.beachvolleyball.click,1,"AS51167 (CONTABO, DE)"
mail.federalml.ru,1,"AS12586 (ASGHOSTNET, DE)"
bound.feelingity.com,1,"AS14061 (DIGITALOCEAN-ASN, US)"
mail.h88i.store,1,
extracurricularsociety.com,1,
mail.feedback.51tiemo.com,1,"AS51167 (CONTABO, DE)"
fefemail.com,1,"AS16276 (OVH, FR)"
mx1.feeladult.com,1,"AS200107 (KL-EXT, CH)"
_dc-mx.a735b1e48c44.femdom-fan.com,1,"AS204601 (PODAON, NL)"
mx.eyefullproductions.com,1,
felmondas.info,1,"AS16276 (OVH, FR)"
mx6.fergley.com,1,
mail.feroxid.com,1,"AS14061 (DIGITALOCEAN-ASN, US)"
mail.fermer1.ru,1,
mail.feretmail.com,1,"AS12586 (ASGHOSTNET, DE)"
festivuswine.com,1,"AS55293 (A2HOSTING, US)"
mail.ferracioli.com.ar,1,"AS28009 (Davitel S.A., AR)"
fethard.net,1,"AS40092 (ONIAAS, US)"
mail.ferrimaml.ru,1,"AS12586 (ASGHOSTNET, DE)"
mail.festivaldomingosmartins.com.br,1,"AS16276 (OVH, FR)"
ffo-kr.mail.protection.outlook.com,1,"AS8075 (MICROSOFT-CORP-MSN-AS-BLOCK, US)"
provisional.fgcart.com,1,"AS209847 (THE, NL)"
mail.ffkelmmail.com,1,"AS9009 (M247, RO)"
mx.fashion-hairistyle.org,1,"AS14061 (DIGITALOCEAN-ASN, US)"
mail.f88i.click,1,
fhtworld-com.mail.protection.outlook.com,1,"AS8075 (MICROSOFT-CORP-MSN-AS-BLOCK, US)"
mail.fhsysa.com,1,"AS24940 (HETZNER-AS, DE)"
mail.fiberckb.com,1,"AS47583 (AS-HOSTINGER, CY)"
mail.fastletter.cfd,1,"AS24940 (HETZNER-AS, DE)"
mail.fastmailservice.xyz,1,"AS20473 (AS-VULTR, US)"
mx.fibram.tech.cust.a.hostedemail.com,1,
mail.fibulocalmail.ru,1,"AS12586 (ASGHOSTNET, DE)"
mail.fibrinocml.ru,1,"AS12586 (ASGHOSTNET, DE)"
mailqtz491a.fiberzonewest.com,1,"AS14061 (DIGITALOCEAN-ASN, US)"
mail.fibulocalmail.com,1,"AS12586 (ASGHOSTNET, DE)"
mail.smurflabs.xyz,1,"AS24940 (HETZNER-AS, DE)"
mail.fibulocmali.ru,1,"AS12586 (ASGHOSTNET, DE)"
mail.figvision.io,1,"AS51167 (CONTABO, DE)"
a590413.mx.mailhop.org,1,"AS16509 (AMAZON-02, US)"
mta.figureance.com,1,"AS14061 (DIGITALOCEAN-ASN, US)"
mx1.fibertel.com.ar,1,"AS7303 (Telecom Argentina S.A., AR)"
_dc-mx.ad544044261e.filinocenciojr.com,1,"AS31898 (ORACLE-BMC-31898, US)"
mail.filmaticsvr.com,1,"AS49581 (FERDINANDZINK, DE)"
mail01.film-blog.biz,1,"AS36351 (SOFTLAYER, US)"
filmhouseng-com.mail.protection.outlook.com,1,"AS8075 (MICROSOFT-CORP-MSN-AS-BLOCK, US)"
fhpfhp.fr.nf,1,"AS16276 (OVH, FR)"
mail.fikachovlinks.ru,1,"AS44094 (WEBHOST1-AS, RU)"
mail.fiifke.de,1,"AS197540 (NETCUP-AS netcup GmbH, DE)"
_dc-mx.64ad00207b77.filmyzilla.network,1,"AS201814 (MEVSPACE, PL)"
mx.filmak.pl,1,"AS14061 (DIGITALOCEAN-ASN, US)"
mail.fin-assistant.ru,1,"AS35278 (SPRINTHOST, RU)"
_dc-mx.67b6ed4fbe2b.filozofija.info,1,"AS22612 (NAMECHEAP-NET, US)"
mail.filtrmail.com,1,"AS12586 (ASGHOSTNET, DE)"
_dc-mx.5ba384597f8c.financeland.co.uk,1,"AS965 (WEBHOSTINGHOLDINGS, US)"
financiallyfitandlit-com.mail.protection.outlook.com,1,"AS8075 (MICROSOFT-CORP-MSN-AS-BLOCK, US)"
financeideas.org,1,"AS204800 (WHG-SGP, GB)"
finderskeepers-co-uk.mail.protection.outlook.com,1,"AS8075 (MICROSOFT-CORP-MSN-AS-BLOCK, US)"
mail.financas.online,1,"AS31898 (ORACLE-BMC-31898, US)"
mail.filmkachat.ru,1,"AS209641 (I-SERVERS-EAST, GB)"
fincaraiztunja.com,1,"AS31898 (ORACLE-BMC-31898, US)"
finnso-com.mail.protection.outlook.com,1,"AS8075 (MICROSOFT-CORP-MSN-AS-BLOCK, US)"
mail.fingso.com,1,"AS14061 (DIGITALOCEAN-ASN, US)"
mail.finloe.com,1,"AS14061 (DIGITALOCEAN-ASN, US)"
mail.fira.my,1,"AS14061 (DIGITALOCEAN-ASN, US)"
mail.finicfml.com,1,"AS12586 (ASGHOSTNET, DE)"
firbolg.com,1,
mx.fireden.net,1,"AS53356 (FREE RANGE CLOUD, CA)"
_dc-mx.b996b7ff38ca.firemail.com.br,1,"AS262954 (VirtuaServer Informatica Ltda, BR)"
mail.firmspp.com,1,"AS47583 (AS-HOSTINGER, CY)"
mail.firepmail.com,1,"AS12586 (ASGHOSTNET, DE)"
mail.firgmail.com,1,"AS12586 (ASGHOSTNET, DE)"
mail.fastidiousjo.ru,1,
_dc-mx.899b076dfa16.firstmail.ltd,1,"AS12586 (ASGHOSTNET, DE)"
_dc-mx.cd30e2d7bedf.firstpageranker.com,1,"AS135133 (PDPL-AS-AP PI DATA CENTERS PRIVATE LIMITED, IN)"
fishfuse-com.mail.protection.outlook.com,1,"AS8075 (MICROSOFT-CORP-MSN-AS-BLOCK, US)"
server.dhondaley.com,1,"AS133296 (WEBWERKS-AS-IN Web Werks India Pvt. Ltd., IN)"
firestryke.com,1,"AS34931 (AWARESOFT, GB)"
mx.firstpuneproperties.com.cust.a.hostedemail.com,1,
mx.firstmailler.net,1,"AS12586 (ASGHOSTNET, DE)"
mail.firstmailler.com,1,"AS12586 (ASGHOSTNET, DE)"
mx2.first-mail.info,1,"AS200107 (KL-EXT, CH)"
firstemp.site,1,"AS24961 (MYLOC-AS IP Backbone of WIIT AG formerly myLoc managed IT AG, DE)"
mail.firstaidtrainingmelbournecbd.com.au,1,"AS55803 (HOSTOPIA-AU Hostopia Australia Web Pty Ltd, AU)"
mail.fishdating.net,1,"AS20738 (GD-EMEA-DC-LD5, GB)"
mail.fitgrouptraining.com,1,"AS46606 (UNIFIEDLAYER-AS-1, US)"
mx6.fitzgeraldforjudge.com,1,
mail.firemail.de,1,"AS24940 (HETZNER-AS, DE)"
mx2.finpar.ru,1,"AS50241 (UNITTEL-AS, RU)"
mail.fivermail.com,1,"AS16276 (OVH, FR)"
mail.firstmail.eu.org,1,"AS12586 (ASGHOSTNET, DE)"
mail.fivefriendsmail.com,1,"AS47583 (AS-HOSTINGER, CY)"
mail.fivemails.com,1,"AS24940 (HETZNER-AS, DE)"
mail.firstmail.ru,1,"AS12586 (ASGHOSTNET, DE)"
fivegoodfriends-com-au.mail.protection.outlook.com,1,"AS8075 (MICROSOFT-CORP-MSN-AS-BLOCK, US)"
fixedfor.com,1,"AS47583 (AS-HOSTINGER, CY)"
mx2-us1.ppe-hosted.com,1,"AS13916 (PROOFPOINT-UT7, US)"
mail.fjnseo.com,1,"AS31898 (ORACLE-BMC-31898, US)"
fivestars-market.com,1,"AS131921 (GMOCL GMO GlobalSign Holdings K.K., JP)"
flaido-com.mail.protection.outlook.com,1,"AS8075 (MICROSOFT-CORP-MSN-AS-BLOCK, US)"
mx.fkksol.com,1,"AS14061 (DIGITALOCEAN-ASN, US)"
mx.flash-mail.xyz,1,"AS16509 (AMAZON-02, US)"
mail.fkainc.com,1,"AS14061 (DIGITALOCEAN-ASN, US)"
mail.flashmail.my,1,"AS24940 (HETZNER-AS, DE)"
fizmail.com,1,"AS26042 (FIBERSTATE, US)"
mail.fl4shmail.com,1,"AS12586 (ASGHOSTNET, DE)"
mail.flagymail.com,1,"AS12586 (ASGHOSTNET, DE)"
mx6.flashgoto.com,1,
mail.flashpost.net,1,"AS212772 (ADGUARD, CY)"
mail.flashemail.site,1,"AS40021 (CONTABO-40021, US)"
mail.fiver5.ru,1,"AS44094 (WEBHOST1-AS, RU)"
flibu.com,1,"AS51167 (CONTABO, DE)"
fletesya.com,1,"AS14670 (WHG-USE1, GB)"
qjcgacc-mail3.flavourity.com,1,"AS14061 (DIGITALOCEAN-ASN, US)"
mail.flipflop.mooo.com,1,"AS8881 (VERSATEL, DE)"
mail.fastestflex.com,1,"AS16276 (OVH, FR)"
c0c53c9e.21.ik2.com,1,"AS20454 (SSASN2, US)"
mail.floris.sa.com,1,"AS214481 (WCZAPKOWICZ-AS as214481as-wczapkowicz Chunkserve Backbone Transit, PL)"
mail.flipz.top,1,"AS16276 (OVH, FR)"
flashbox.5july.org,1,"AS8473 (BAHNHOF, SE)"
flobo.fr.nf,1,"AS16276 (OVH, FR)"
mail.floripfmus.ru,1,"AS12586 (ASGHOSTNET, DE)"
mail.flsxnamed.com,1,"AS47583 (AS-HOSTINGER, CY)"
flemail.ru,1,"AS9002 (RETN-AS, GB)"
mail.flutred.com,1,"AS51167 (CONTABO, DE)"
mail.floriamail.com,1,"AS12586 (ASGHOSTNET, DE)"
mail.flyerzwtxk.com,1,"AS47583 (AS-HOSTINGER, CY)"
flyvaunt-com.mail.protection.outlook.com,1,"AS8075 (MICROSOFT-CORP-MSN-AS-BLOCK, US)"
mail.flufimail.com,1,"AS12586 (ASGHOSTNET, DE)"
fidawines-com.mail.protection.outlook.com,1,
mail.flyrine.com,1,"AS14061 (DIGITALOCEAN-ASN, US)"
mail.fmonaghan.shop,1,"AS36352 (AS-COLOCROSSING, US)"
flyjet.net,1,"AS22611 (INMOTION, US)"
mail.florestafazadiferenca.org.br,1,"AS16276 (OVH, FR)"
mail.epicabox.com,1,"AS214996 (NETCUP, DE)"
mail.fmailler.com,1,"AS12586 (ASGHOSTNET, DE)"
mail.flyovertrees.com,1,"AS16276 (OVH, FR)"
me.fmaillerbox.net,1,"AS12586 (ASGHOSTNET, DE)"
mail.fmailnex.com,1,"AS12586 (ASGHOSTNET, DE)"
mail.fmaild.com,1,"AS12586 (ASGHOSTNET, DE)"
mail.fmailersone.com,1,"AS12586 (ASGHOSTNET, DE)"
mail.fmaillerbox.com,1,"AS12586 (ASGHOSTNET, DE)"
mail.fmailler.net,1,"AS12586 (ASGHOSTNET, DE)"
focussocialshop.com,1,"AS20857 (TRANSIP-AS Amsterdam, the Netherlands, NL)"
mx.foodieinfluence.online,1,"AS20473 (AS-VULTR, US)"
mail.fontlooks.com,1,"AS24940 (HETZNER-AS, DE)"
mail.fontaneriaenvalencia.com,1,"AS16276 (OVH, FR)"
mail.foobarbot.net,1,"AS24940 (HETZNER-AS, DE)"
mail.flashmail.pro,1,"AS135905 (VNPT-AS-VN VIETNAM POSTS AND TELECOMMUNICATIONS GROUP, VN)"
mail.foodfarms.net,1,"AS47583 (AS-HOSTINGER, CY)"
mail.fonkmail.com,1,"AS12586 (ASGHOSTNET, DE)"
footmassage-club.mail.protection.outlook.com,1,"AS8075 (MICROSOFT-CORP-MSN-AS-BLOCK, US)"
in1.smtp.messagingengine.com,1,"AS151847 (FASTMAILPTYLTD-AS-AP Fastmail Pty Ltd, AU)"
mx-forum.ogicom.pl,1,"AS34360 (OGICOM, PL)"
for4mail.com,1,"AS47583 (AS-HOSTINGER, CY)"
mx1.fnkewl.com,1,"AS16509 (AMAZON-02, US)"
mail.folhadobrasil.top,1,"AS16276 (OVH, FR)"
mx1.pub.mailpod12-cph3.one.com,1,"AS51468 (ONECOM, DK)"
mail.forestemissions.org,1,"AS204601 (PODAON, NL)"
mail.fonbetik.ru,1,"AS49505 (SELECTEL, RU)"
mail.foresmail.com,1,"AS12586 (ASGHOSTNET, DE)"
mx.forextradingsystemsreviews.info,1,"AS14061 (DIGITALOCEAN-ASN, US)"
formfree-com.mail.protection.outlook.com,1,"AS8075 (MICROSOFT-CORP-MSN-AS-BLOCK, US)"
mail.forcemaiil.com,1,"AS12586 (ASGHOSTNET, DE)"
mail.for-all.pl,1,"AS50599 (Autonomous System for Dataspace P.S.A., PL)"
mx.forms-checker.online,1,"AS36352 (AS-COLOCROSSING, US)"
foothills-net.mx.av-mx.com,1,"AS31898 (ORACLE-BMC-31898, US)"
mail.fortgamer.cc,1,"AS45102 (ALIBABA-CN-NET Alibaba US Technology Co., Ltd., CN)"
mail.formalfmk.com,1,"AS12586 (ASGHOSTNET, DE)"
fortressfinancial-biz.mail.protection.outlook.com,1,"AS8075 (MICROSOFT-CORP-MSN-AS-BLOCK, US)"
_dc-mx.64d2f619d91d.forexscalp.ru,1,"AS211381 (PODAON, LV)"
mail.formsphk.com,1,"AS47583 (AS-HOSTINGER, CY)"
mx1.zoho.com,1,
fortressfinancial-co.mail.protection.outlook.com,1,"AS8075 (MICROSOFT-CORP-MSN-AS-BLOCK, US)"
mail.forisfammails.ru,1,"AS12586 (ASGHOSTNET, DE)"
mail.lownoize.org,1,"AS24940 (HETZNER-AS, DE)"
mx.formtest.guru,1,"AS36352 (AS-COLOCROSSING, US)"
mail.fokkebouw.nl,1,"AS24940 (HETZNER-AS, DE)"
mail.fortifmil.ru,1,"AS12586 (ASGHOSTNET, DE)"
mail.formiemail.ru,1,"AS12586 (ASGHOSTNET, DE)"
w01d447a.kasserver.com,1,"AS34788 (NMM-AS D - 02742 Friedersdorf Hauptstrasse 68, DE)"
mx2.formdmail.net,1,"AS200107 (KL-EXT, CH)"
mail.fortuneteomail.com,1,"AS12586 (ASGHOSTNET, DE)"
forextrust.org,1,"AS24940 (HETZNER-AS, DE)"
mx.forumoxy.com,1,"AS14061 (DIGITALOCEAN-ASN, US)"
fouristic-us.mail.protection.outlook.com,1,"AS8075 (MICROSOFT-CORP-MSN-AS-BLOCK, US)"
foss-pl.mail.protection.outlook.com,1,"AS8075 (MICROSOFT-CORP-MSN-AS-BLOCK, US)"
foss-de.mail.protection.outlook.com,1,"AS8075 (MICROSOFT-CORP-MSN-AS-BLOCK, US)"
forserumsif.nu,1,"AS200719 (MISSDOMAIN, SE)"
mail.fpsinformer.xyz,1,"AS45102 (ALIBABA-CN-NET Alibaba US Technology Co., Ltd., CN)"
mail.fpsrealm.xyz,1,"AS45102 (ALIBABA-CN-NET Alibaba US Technology Co., Ltd., CN)"
mailgw02.host.it,1,"AS47242 (HOST-SPA, IT)"
mail.fq1my2c.com,1,"AS47583 (AS-HOSTINGER, CY)"
foss-nl.mail.protection.outlook.com,1,"AS8075 (MICROSOFT-CORP-MSN-AS-BLOCK, US)"
mail.fontimail.com,1,"AS132203 (TENCENT-NET-AP-CN Tencent Building, Kejizhongyi Avenue, CN)"
mail.fpstipscentral.xyz,1,"AS45102 (ALIBABA-CN-NET Alibaba US Technology Co., Ltd., CN)"
ffrci.com,1,"AS29802 (HVC-AS, US)"
forumbacklinks.net,1,"AS24940 (HETZNER-AS, DE)"
mail.fossiliemail.ru,1,"AS12586 (ASGHOSTNET, DE)"
mptn01.mptn.org,1,"AS10753 (LUMEN-LEGACY-L3-CUSTOMER-SHARED-USE, US)"
mail.fr33mail.info,1,"AS24940 (HETZNER-AS, DE)"
fr.nf,1,"AS16276 (OVH, FR)"
mail.frapnix.sbs,1,"AS14061 (DIGITALOCEAN-ASN, US)"
mail.fran1st.com,1,"AS216475 (NKTELECOM, US)"
mail.franksresume.com,1,"AS204601 (PODAON, NL)"
mail.freadingsq.com,1,"AS47583 (AS-HOSTINGER, CY)"
mail.freans.com,1,"AS14061 (DIGITALOCEAN-ASN, US)"
mx.frapmail.com,1,"AS19318 (IS-AS-1, US)"
mx-01-us-west-2.prod.hydra.sophos.com,1,"AS16509 (AMAZON-02, US)"
mail.freedomainn.group,1,"AS42831 (UKSERVERS-AS UK Dedicated Servers, Hosting and Co-Location, GB)"
mailforward2.cloudns.net,1,"AS30633 (LEASEWEB-USA-WDC, US)"
mail.frednmail.com,1,"AS12586 (ASGHOSTNET, DE)"
inbound.homesteadmail.com,1,"AS19871 (NETWORK-SOLUTIONS-HOSTING, US)"
pixel.mxrouting.net,1,"AS46261 (QUICKPACKET, US)"
mail.freeapi.pro.vn,1,"AS149125 (DV4S-VN 4S TECHNOLOGY TRADING SERVICES COMPANY LIMITED, VN)"
freehotmail.net,1,"AS47583 (AS-HOSTINGER, CY)"
mx.freehosting2010.com,1,"AS14061 (DIGITALOCEAN-ASN, US)"
mail.free-temp-mail.eu.org,1,"AS22612 (NAMECHEAP-NET, US)"
mx.ditmail.online,1,"AS214996 (NETCUP, DE)"
mail1.freedomringspartnership.com,1,"AS6364 (ATLANTIC-NET-1, US)"
mail.freeindexer.com,1,"AS24940 (HETZNER-AS, DE)"
freemy-email.mail.protection.outlook.com,1,"AS8075 (MICROSOFT-CORP-MSN-AS-BLOCK, US)"
mail.luke.observer,1,"AS16276 (OVH, FR)"
mailrelay.nova.gr,1,"AS25472 (WIND-AS, GR)"
mail01.freelymail.com,1,"AS36351 (SOFTLAYER, US)"
mx6.freeonlineke.com,1,
api.freeroid.com,1,"AS24940 (HETZNER-AS, DE)"
mx.freeemailservice.info,1,"AS14061 (DIGITALOCEAN-ASN, US)"
mxcorp.dca.untd.com,1,"AS13446 (AS-NETZERO, US)"
mails.firemail.biz,1,"AS24940 (HETZNER-AS, DE)"
mx.fre.fr,1,"AS35667 (XSALTO35667, FR)"
mx.freetimer.online,1,"AS16276 (OVH, FR)"
ns515491.ip-192-95-29.net,1,"AS16276 (OVH, FR)"
redirect.domain-robot.org,1,"AS15456 (INTERNETX-AS, DE)"
freemail.biz.st,1,"AS16276 (OVH, FR)"
mx.fremontquote.com,1,"AS32097 (WII, US)"
fmx.freemail.hu,1,"AS5483 (MAGYAR-TELEKOM-MAIN-AS Magyar Telekom Nyrt., HU)"
mail.freespainmail.com,1,"AS24940 (HETZNER-AS, DE)"
mail.freezmail.com,1,"AS12586 (ASGHOSTNET, DE)"
mail.frescmail.com,1,"AS12586 (ASGHOSTNET, DE)"
mail.fregmail.com,1,"AS12586 (ASGHOSTNET, DE)"
mx1.freewebpages.bid,1,"AS200107 (KL-EXT, CH)"
mutant.cliffmail.com,1,"AS60404 (LITESERVER, NL)"
mail.1844web.org,1,"AS19318 (IS-AS-1, US)"
frmturkiye-com.mail.protection.outlook.com,1,"AS8075 (MICROSOFT-CORP-MSN-AS-BLOCK, US)"
mail.frisber.co,1,"AS212317 (HETZNER-CLOUD3-AS, DE)"
_dc-mx.708c4b7e7f7f.frm.ovh,1,"AS24940 (HETZNER-AS, DE)"
mail.fringmail.com,1,"AS12586 (ASGHOSTNET, DE)"
mail.frodmail.com,1,"AS12586 (ASGHOSTNET, DE)"
mailforward103.cloudns.net,1,"AS205787 (PUBLICLOUD, BG)"
frostmail.fr.nf,1,"AS16276 (OVH, FR)"
mail.friteuse.top,1,"AS197540 (NETCUP-AS netcup GmbH, DE)"
mail.frrotk.com,1,"AS24940 (HETZNER-AS, DE)"
mail.frontomrsmail.ru,1,"AS12586 (ASGHOSTNET, DE)"
mail.frontomaxmails.ru,1,"AS12586 (ASGHOSTNET, DE)"
mx1.frontirenet.net,1,"AS200107 (KL-EXT, CH)"
mail.fuckingduh.com,1,"AS14061 (DIGITALOCEAN-ASN, US)"
mail.fskk.pl,1,"AS50599 (Autonomous System for Dataspace P.S.A., PL)"
mail.frontomaxme.ru,1,"AS12586 (ASGHOSTNET, DE)"
buttplug.ftp.sh,1,"AS8560 (IONOS-AS This is the joint network for IONOS, Fasthosts, Arsys, 1&1 Mail and Media and 1&1 Telecom. Formerly known as 1&1 Internet SE., DE)"
mail.frgviana-nedv.ru,1,"AS209641 (I-SERVERS-EAST, GB)"
mx-10.us-east.atmailcloud.com,1,"AS14618 (AMAZON-AES, US)"
cwmail.conepuppy.com,1,"AS22653 (GLOBALCOMPASS, US)"
fun2-biz.mail.protection.outlook.com,1,"AS8075 (MICROSOFT-CORP-MSN-AS-BLOCK, US)"
mail.fuhrenmail.com,1,"AS12586 (ASGHOSTNET, DE)"
mail.fuligimails.ru,1,"AS12586 (ASGHOSTNET, DE)"
fsociety.org,1,"AS36666 (GTCOMM, CA)"
cs2056.mojohost.com,1,"AS27589 (MOJOHOST, US)"
mail.fskatt.se,1,"AS206170 (INLEED, SE)"
mail.fumesmail.com,1,"AS12586 (ASGHOSTNET, DE)"
mail.funnylala.com,1,"AS32097 (WII, US)"
mail.fullzero.com.ar,1,"AS24940 (HETZNER-AS, DE)"
mail.funnynona.com,1,"AS32097 (WII, US)"
mail1.bravehost.com,1,"AS174 (COGENT-174, US)"
furnitureliquidationconsultants-com.mail.protection.outlook.com,1,"AS8075 (MICROSOFT-CORP-MSN-AS-BLOCK, US)"
mail.funteka.com,1,"AS14061 (DIGITALOCEAN-ASN, US)"
mail.funjourneymail.com,1,"AS12586 (ASGHOSTNET, DE)"
mail.florevia.cfd,1,"AS203446 (AS203446, GB)"
mail.fursemail.com,1,"AS12586 (ASGHOSTNET, DE)"
mail.fundacaocasagrande.org.br,1,"AS16276 (OVH, FR)"
futuremarketinsights-com.mail.protection.outlook.com,1,"AS8075 (MICROSOFT-CORP-MSN-AS-BLOCK, US)"
mx1.furnitureinfoguide.com,1,"AS200107 (KL-EXT, CH)"
mail.futurping.com,1,"AS16276 (OVH, FR)"
ailurus.de,1,"AS6724 (STRATO STRATO AG, DE)"
mail.fwfr.com,1,"AS13335 (CLOUDFLARENET, US)"
mxabjm.chinaemail.cn,1,"AS132203 (TENCENT-NET-AP-CN Tencent Building, Kejizhongyi Avenue, CN)"
mail.fwxr.com,1,"AS13335 (CLOUDFLARENET, US)"
mail.mailserver.hu,1,"AS5483 (MAGYAR-TELEKOM-MAIN-AS Magyar Telekom Nyrt., HU)"
mx1.flour.icu,1,"AS200107 (KL-EXT, CH)"
furusato.tokyo,1,"AS131965 (XSERVER Xserver Inc., JP)"
mail1.funnymail.de,1,"AS24940 (HETZNER-AS, DE)"
mail.fxtubes.com,1,"AS14061 (DIGITALOCEAN-ASN, US)"
mail.fynix.sbs,1,"AS14061 (DIGITALOCEAN-ASN, US)"
pmg.fws.fr,1,"AS16276 (OVH, FR)"
mail.fyronex.cfd,1,"AS203446 (AS203446, GB)"
mail.flyymail.com,1,"AS11878 (TZULO, US)"
mx2.fxmail.ws,1,"AS200107 (KL-EXT, CH)"
g.lovepettoys.shop,1,"AS47583 (AS-HOSTINGER, CY)"
mx1.futuremail.info,1,"AS200107 (KL-EXT, CH)"
mail.g212dnk5.com,1,"AS47583 (AS-HOSTINGER, CY)"
fuzzy-server.com,1,"AS204800 (WHG-SGP, GB)"
gabescott.co,1,"AS25532 (MASTERHOST-AS Moscow, Russia, RU)"
mail.g88i.art,1,"AS22612 (NAMECHEAP-NET, US)"
foleyarmory-com.mail.protection.outlook.com,1,"AS8075 (MICROSOFT-CORP-MSN-AS-BLOCK, US)"
mail.gabox.store,1,"AS212441 (CLOUDASSETS, RU)"
mail.g33k.com.ve,1,
mail.gaeltacht.net,1,"AS31898 (ORACLE-BMC-31898, US)"
mail.gaifx.com,1,"AS24940 (HETZNER-AS, DE)"
mail.galamail.biz,1,"AS214481 (WCZAPKOWICZ-AS as214481as-wczapkowicz Chunkserve Backbone Transit, PL)"
mail.g2xmail.top,1,"AS35916 (MULTA-ASN1, US)"
mail.g3xmail.top,1,"AS35916 (MULTA-ASN1, US)"
mail.fysiowellnessvandervelde.nl,1,"AS20857 (TRANSIP-AS Amsterdam, the Netherlands, NL)"
mail.galaxywave.online,1,"AS203446 (AS203446, GB)"
galco-dev.mail.protection.outlook.com,1,"AS8075 (MICROSOFT-CORP-MSN-AS-BLOCK, US)"
mail.gambarupdate.com,1,"AS32097 (WII, US)"
mail2.cali.co.uk,1,"AS8075 (MICROSOFT-CORP-MSN-AS-BLOCK, US)"
gambling-com.mail.protection.outlook.com,1,"AS8075 (MICROSOFT-CORP-MSN-AS-BLOCK, US)"
mail.galactmail.com,1,"AS12586 (ASGHOSTNET, DE)"
gallowaybell-com.mail.protection.outlook.com,1,"AS8075 (MICROSOFT-CORP-MSN-AS-BLOCK, US)"
mail.folhadenoticias.top,1,"AS16276 (OVH, FR)"
galaxim.fr.nf,1,"AS16276 (OVH, FR)"
gamemail.space,1,"AS210976 (TWC-EU, KZ)"
mail.galvanomamail.ru,1,"AS12586 (ASGHOSTNET, DE)"
mail.galvanoplasmail.ru,1,"AS12586 (ASGHOSTNET, DE)"
mail.gameconsole.site,1,"AS19318 (IS-AS-1, US)"
mail.galvanommails.ru,1,"AS12586 (ASGHOSTNET, DE)"
mail.freesea.ru,1,"AS48287 (RU-CENTER, RU)"
mail.gamingfun.xyz,1,"AS24940 (HETZNER-AS, DE)"
mxmail.gamermail.net.ua,1,"AS20473 (AS-VULTR, US)"
mail.game-email.com,1,"AS12676 (NCORE-AS HKN GmbH, DE)"
mail.fyii.de,1,"AS8560 (IONOS-AS This is the joint network for IONOS, Fasthosts, Arsys, 1&1 Mail and Media and 1&1 Telecom. Formerly known as 1&1 Internet SE., DE)"
mail.gamemaiil.com,1,"AS12586 (ASGHOSTNET, DE)"
mail.galactomail.ru,1,"AS12586 (ASGHOSTNET, DE)"
mail.game-db.top,1,"AS16125 (CHERRYSERVERS1-AS, LT)"
mail.gametheorylabs.com,1,"AS54641 (IMH-IAD, US)"
mail.galvanotmail.ru,1,"AS12586 (ASGHOSTNET, DE)"
mail.galmalary.ru,1,"AS12586 (ASGHOSTNET, DE)"
mail.gamil.com,1,"AS8739 (ICDSOFT, BG)"
mail.galvanrsmail.ru,1,"AS12586 (ASGHOSTNET, DE)"
mx.gamearea.site,1,"AS34119 (WILDCARD-AS Wildcard UK Limited, GB)"
mail.gangliofml.com,1,"AS12586 (ASGHOSTNET, DE)"
mail.ganglionemail.ru,1,"AS12586 (ASGHOSTNET, DE)"
mail.games-games.online,1,"AS965 (WEBHOSTINGHOLDINGS, US)"
gatespassadvisors-com.mail.protection.outlook.com,1,"AS8075 (MICROSOFT-CORP-MSN-AS-BLOCK, US)"
mail.gamedaytshirt.com,1,"AS45102 (ALIBABA-CN-NET Alibaba US Technology Co., Ltd., CN)"
gatamala-com.mail.protection.outlook.com,1,"AS8075 (MICROSOFT-CORP-MSN-AS-BLOCK, US)"
mail.gastroenteroli.com,1,"AS12586 (ASGHOSTNET, DE)"
malibuzz.gaynewworkforce.com,1,"AS51167 (CONTABO, DE)"
mail.gastropnefmk.com,1,"AS12586 (ASGHOSTNET, DE)"
_dc-mx.32da48dc7aab.gaziw.com,1,"AS16276 (OVH, FR)"
mail.gastrodmail.ru,1,"AS12586 (ASGHOSTNET, DE)"
mail.gastroelyt.ru,1,"AS12586 (ASGHOSTNET, DE)"
webmail-107.cafe24.com,1,"AS4766 (KIXS-AS-KR Korea Telecom, KR)"
gddp2018.edu.vn,1,"AS20068 (HAWKHOST, CA)"
mail.garbagemail.org,1,"AS21003 (GPTC-AS, LY)"
mail.gcbcdiet.com,1,"AS14670 (WHG-USE1, GB)"
mail.gardel.org,1,"AS34762 (COMBELL-AS, BE)"
email.gdbdata.net,1,"AS14061 (DIGITALOCEAN-ASN, US)"
_dc-mx.47d4e525f5d5.geburtstagsgruesse.club,1,"AS47583 (AS-HOSTINGER, CY)"
mail.gdienter.com,1,"AS47583 (AS-HOSTINGER, CY)"
mta.gcx.pl,1,"AS24940 (HETZNER-AS, DE)"
mx1.gdemoy.site,1,"AS200107 (KL-EXT, CH)"
mail.gelitik.in,1,"AS24940 (HETZNER-AS, DE)"
gdsland-com-au.mail.protection.outlook.com,1,"AS8075 (MICROSOFT-CORP-MSN-AS-BLOCK, US)"
mx0.gemsofaspen.com,1,"AS16276 (OVH, FR)"
edge.gdf.it,1,"AS30722 (VODAFONE-IT-ASN, IT)"
jones.geminicg.com,1,"AS16276 (OVH, FR)"
mail.genderuzsk.com,1,"AS47583 (AS-HOSTINGER, CY)"
mail.domdom.hu,1,"AS15566 (INFOTECHNA Budapest, HU)"
mail.gecicimail.net,1,"AS42846 (GUZELHOSTING GNET INTERNET TELEKOMUNIKASYON A.S., TR)"
mx1.hostmailserver.com,1,"AS29838 (AMC, US)"
mail.gectommail.ru,1,"AS12586 (ASGHOSTNET, DE)"
mail.genshinbox.cc,1,"AS45102 (ALIBABA-CN-NET Alibaba US Technology Co., Ltd., CN)"
gelarqq.com,1,"AS22612 (NAMECHEAP-NET, US)"
mail.genshinfans.cc,1,"AS45102 (ALIBABA-CN-NET Alibaba US Technology Co., Ltd., CN)"
mail.genshinguide.cc,1,"AS45102 (ALIBABA-CN-NET Alibaba US Technology Co., Ltd., CN)"
mail.gemsmail.com,1,"AS14061 (DIGITALOCEAN-ASN, US)"
mail.genshinplus.cc,1,"AS45102 (ALIBABA-CN-NET Alibaba US Technology Co., Ltd., CN)"
mail.genshinzone.cc,1,"AS45102 (ALIBABA-CN-NET Alibaba US Technology Co., Ltd., CN)"
mail.generalimail.ru,1,"AS12586 (ASGHOSTNET, DE)"
genesis-digital.net,1,"AS32475 (SINGLEHOP-LLC, US)"
mail.generalml.ru,1,"AS12586 (ASGHOSTNET, DE)"
_dc-mx.76776b8f6eb3.genzotp.com,1,"AS24940 (HETZNER-AS, DE)"
mx.galaxy.tv,1,"AS44476 (ZETTA-AS, BG)"
mail.generalfmail.com,1,"AS12586 (ASGHOSTNET, DE)"
mail.generalizmail.com,1,"AS12586 (ASGHOSTNET, DE)"
geoteknica-com.mail.protection.outlook.com,1,"AS8075 (MICROSOFT-CORP-MSN-AS-BLOCK, US)"
_dc-mx.4ea0af62c1c0.genzmaile.com,1,"AS24940 (HETZNER-AS, DE)"
mail.gemsgallerythailand.ru,1,"AS210079 (EUROBYTE, RU)"
mail.generarsmail.ru,1,"AS12586 (ASGHOSTNET, DE)"
mx1.webh.email,1,"AS41508 (PL-IWACOM-AS, PL)"
mxa-00173101.gslb.pphosted.com,1,"AS52129 (PROOFPOINT-ASN-EU, US)"
mx.georgehood.com,1,"AS29873 (BIZLAND-SD, US)"
mail.geochronmail.com,1,"AS12586 (ASGHOSTNET, DE)"
germanozd.com,1,"AS47583 (AS-HOSTINGER, CY)"
feedback-smtp.eu-west-1.amazonses.com,1,"AS16509 (AMAZON-02, US)"
mx01.genetiklab.com,1,"AS51557 (TR-ISIMTESCIL-20201202, TR)"
mail.genitemail.ru,1,"AS12586 (ASGHOSTNET, DE)"
mail.geochmails.ru,1,"AS12586 (ASGHOSTNET, DE)"
mail.geograpmail.ru,1,"AS12586 (ASGHOSTNET, DE)"
mail.geopolmail.ru,1,"AS12586 (ASGHOSTNET, DE)"
mail.geohydrofmail.com,1,"AS12586 (ASGHOSTNET, DE)"
mx.germanmails.biz,1,"AS14061 (DIGITALOCEAN-ASN, US)"
mail.geochronomfri.com,1,"AS12586 (ASGHOSTNET, DE)"
mail.gemail.ru,1,"AS197695 (AS-REG, RU)"
geldwaschmaschine.de,1,"AS51191 (XIRRA, DE)"
mail.geomemail.ru,1,"AS12586 (ASGHOSTNET, DE)"
mail.geomorp.ru,1,"AS12586 (ASGHOSTNET, DE)"
mail48.mydevil.net,1,"AS57367 (ECO-ATMAN-PL ECO-ATMAN-, PL)"
mx1.genvia01.com,1,"AS200107 (KL-EXT, CH)"
mail.gesticulfml.ru,1,"AS12586 (ASGHOSTNET, DE)"
mail.getairmail.com,1,"AS16276 (OVH, FR)"
mxa-0049a501.gslb.pphosted.com,1,"AS22843 (PROOFPOINT-ASN-US-EAST, US)"
mail.geometmail.ru,1,"AS12586 (ASGHOSTNET, DE)"
mail.geomorphmail.ru,1,"AS12586 (ASGHOSTNET, DE)"
mail.geomorpmail.ru,1,"AS12586 (ASGHOSTNET, DE)"
spam.generalbiol.com,1,"AS4134 (CHINANET-BACKBONE No.31,Jin-rong Street, CN)"
mail.getanswer.gettravellersrest.click,1,"AS51167 (CONTABO, DE)"
mail.gerrymaneomail.ru,1,"AS12586 (ASGHOSTNET, DE)"
mail.getburner.email,1,"AS63949 (AKAMAI-LINODE-AP Akamai Connected Cloud, SG)"
getemails.uk,1,"AS49467 (EUROTA-ASN EUROTA INTERNET SERVICES LTD, TR)"
mail.getmule.com,1,"AS16276 (OVH, FR)"
mail.getnada.com,1,"AS16276 (OVH, FR)"
mx1.get-more-leads-now.com,1,"AS200107 (KL-EXT, CH)"
mail.gettempmail.com,1,"AS48282 (VDSINA-AS, RU)"
getwellsoon-co-uk.mail.protection.outlook.com,1,"AS8075 (MICROSOFT-CORP-MSN-AS-BLOCK, US)"
mail.getmails.eu,1,"AS24940 (HETZNER-AS, DE)"
gfbysaints.com,1,"AS47583 (AS-HOSTINGER, CY)"
getsomail.com,1,"AS14670 (WHG-USE1, GB)"
getours-com-au.mail.protection.outlook.com,1,"AS8075 (MICROSOFT-CORP-MSN-AS-BLOCK, US)"
mail.gettravellersrest.click,1,"AS51167 (CONTABO, DE)"
mx186.m2bp.com,1,"AS14061 (DIGITALOCEAN-ASN, US)"
mail.getwisetransfer.click,1,"AS51167 (CONTABO, DE)"
mail.geumatophobia.com,1,"AS12586 (ASGHOSTNET, DE)"
ggmail.biz.st,1,"AS16276 (OVH, FR)"
mx.gfgfgf.org,1,"AS14061 (DIGITALOCEAN-ASN, US)"
mail.getyourmojo.co,1,"AS51167 (CONTABO, DE)"
mail.ghanalandbank.com,1,"AS63949 (AKAMAI-LINODE-AP Akamai Connected Cloud, SG)"
gfree.fr,1,"AS16276 (OVH, FR)"
getimel.com,1,"AS47583 (AS-HOSTINGER, CY)"
mail.ggezmail.com,1,"AS12586 (ASGHOSTNET, DE)"
mail.ggvgmail.com,1,"AS12586 (ASGHOSTNET, DE)"
mail.ghostbin.cfd,1,"AS24940 (HETZNER-AS, DE)"
mail.ghymail.com,1,"AS14061 (DIGITALOCEAN-ASN, US)"
gide-com.mail.protection.outlook.com,1,"AS8075 (MICROSOFT-CORP-MSN-AS-BLOCK, US)"
gifto12.com,1,"AS47583 (AS-HOSTINGER, CY)"
mail.giantmaiil.com,1,"AS12586 (ASGHOSTNET, DE)"
ghad.net,1,"AS398395 (LEVELONESERVERS, US)"
_dc-mx.44a5909276f2.gicik.net,1,"AS200223 (ETHERON, NL)"
ggmail.website,1,"AS24940 (HETZNER-AS, DE)"
mail.gidrantmail.com,1,"AS12586 (ASGHOSTNET, DE)"
gijode.click,1,"AS20068 (HAWKHOST, CA)"
mail.gifuniverse.com,1,"AS14061 (DIGITALOCEAN-ASN, US)"
mail.gimpmail.com,1,"AS16276 (OVH, FR)"
mail.ginzi.be,1,"AS8075 (MICROSOFT-CORP-MSN-AS-BLOCK, US)"
gimuemoa.fr.nf,1,"AS16276 (OVH, FR)"
mx.giochi0.it,1,"AS14061 (DIGITALOCEAN-ASN, US)"
mail.girlsexy.sbs,1,"AS216475 (NKTELECOM, US)"
mail.givememail.club,1,"AS14061 (DIGITALOCEAN-ASN, US)"
mail.ghostmail.net,1,"AS47217 (PLANETEL-SPA, IT)"
mail.givmail.com,1,"AS16276 (OVH, FR)"
mail.metro2000.net,1,"AS10367 (FIBERCAST, US)"
mail.gikmail.com,1,"AS42889 (METAVIRA-AS, RU)"
girlstalkplay.com,1,"AS6364 (ATLANTIC-NET-1, US)"
mail.glavork.my,1,"AS14061 (DIGITALOCEAN-ASN, US)"
mail.glaptopsw.com,1,"AS47583 (AS-HOSTINGER, CY)"
mail.glaventra.cfd,1,"AS203446 (AS203446, GB)"
mail.glacioloml.com,1,"AS12586 (ASGHOSTNET, DE)"
mail.glacioloebml.ru,1,"AS12586 (ASGHOSTNET, DE)"
mail.glacioml.ru,1,"AS12586 (ASGHOSTNET, DE)"
glenfieldelectrical-com.mail.protection.outlook.com,1,"AS8075 (MICROSOFT-CORP-MSN-AS-BLOCK, US)"
mail.gladimail.com,1,"AS12586 (ASGHOSTNET, DE)"
mail.gkolimp.ru,1,"AS44094 (WEBHOST1-AS, RU)"
glaziers-waterloo.co.uk,1,"AS42831 (UKSERVERS-AS UK Dedicated Servers, Hosting and Co-Location, GB)"
giovana.org,1,"AS264254 (AZAN SERVICOS DE INTERNET, BR)"
gladogmi.fr.nf,1,"AS16276 (OVH, FR)"
gland.xxl.st,1,"AS16276 (OVH, FR)"
glaziers-erith.co.uk,1,"AS42831 (UKSERVERS-AS UK Dedicated Servers, Hosting and Co-Location, GB)"
mx1.mttm.nu,1,"AS16509 (AMAZON-02, US)"
linkfirst-smtp.linkeo.org,1,"AS15557 (LDCOMNET --- I3Dnet ---, FR)"
ghehop.com,1,"AS45538 (ODSJSC-AS-VN ODS Joint Stock Company, VN)"
mx6.janewsonline.com,1,
a575967.mx.mailhop.org,1,"AS16509 (AMAZON-02, US)"
poczta.jaki-kredyt-wybrac.pl,1,"AS31242 (TKPSA-AS, PL)"
mailbt.jackymail.top,1,"AS3214 (XTOM xTom GmbH, DE)"
mail.jamtogel.store,1,"AS19871 (NETWORK-SOLUTIONS-HOSTING, US)"
mail.jam.earnlivez.net,1,"AS24940 (HETZNER-AS, DE)"
a075814.mx.mailhop.org,1,"AS16509 (AMAZON-02, US)"
mx1.niagahoster.co.id,1,
_dc-mx.efb4a79f079f.jak-zaoszczedzic.pl,1,"AS47544 (IQPL-AS, PL)"
jakarta.io.vn,1,"AS149125 (DV4S-VN 4S TECHNOLOGY TRADING SERVICES COMPANY LIMITED, VN)"
alt.mailsac.com,1,"AS16509 (AMAZON-02, US)"
jamtogel.org,1,"AS22612 (NAMECHEAP-NET, US)"
mail.japnc.com,1,"AS14061 (DIGITALOCEAN-ASN, US)"
jasawebsitepremium.com,1,"AS138115 (IDNIC-DENEVA-AS-ID PT Deneva, ID)"
japanawesome.com,1,"AS131965 (XSERVER Xserver Inc., JP)"
mail.jaguare.ru,1,"AS210079 (EUROBYTE, RU)"
javaemail.com,1,"AS47583 (AS-HOSTINGER, CY)"
mail.javindra.cfd,1,"AS203446 (AS203446, GB)"
jayapoker99.net,1,"AS22612 (NAMECHEAP-NET, US)"
jayjessup.com,1,"AS16276 (OVH, FR)"
jbnote.com,1,"AS47583 (AS-HOSTINGER, CY)"
mail.jcausedm.com,1,"AS47583 (AS-HOSTINGER, CY)"
jayabet188.net,1,"AS22612 (NAMECHEAP-NET, US)"
smtp-fwd.wordpress.com,1,"AS2635 (AUTOMATTIC, US)"
mail.jddrew.com,1,"AS18779 (EGIHOSTING, US)"
mx1.pub.mailpod5-cph3.one.com,1,"AS51468 (ONECOM, DK)"
_dc-mx.7234997a2444.jaysclay.org,1,"AS22612 (NAMECHEAP-NET, US)"
mail.jazzvip.site,1,"AS40021 (CONTABO-40021, US)"
jasdor.web.id,1,"AS58487 (CRI-AS-AP CV. Rumahweb Indonesia, ID)"
mail.japandmail.com,1,"AS12586 (ASGHOSTNET, DE)"
jeff-ml.mail.protection.outlook.com,1,"AS8075 (MICROSOFT-CORP-MSN-AS-BLOCK, US)"
jeddahtravels.com,1,"AS33182 (DIMENOC, US)"
mail.jbauto.ru,1,"AS49505 (SELECTEL, RU)"
mx6.jerseymallusa.com,1,
jasabacklinkpbn.co.id,1,"AS136170 (EXBCOID-AS-AP PT. EXABYTES NETWORK INDONESIA, ID)"
mail01.jeffersonbox.com,1,"AS36351 (SOFTLAYER, US)"
mail.jescanned.com,1,"AS47583 (AS-HOSTINGER, CY)"
mail.jetsay.com,1,"AS14061 (DIGITALOCEAN-ASN, US)"
mail.gridhost.com,1,"AS46261 (QUICKPACKET, US)"
mail.solifon.com,1,"AS3842 (RAMNODE, US)"
mail.jeremfml.com,1,"AS12586 (ASGHOSTNET, DE)"
mail.jeffersofmals.com,1,"AS12586 (ASGHOSTNET, DE)"
jhuf-net.mail.protection.outlook.com,1,
mgw1.mx.zaq.ne.jp,1,"AS2516 (KDDI KDDI CORPORATION, JP)"
mail.gueret.fr,1,"AS5410 (BOUYGTEL-ISP, FR)"
mx.jfxklwyj.shop,1,"AS31034 (ARUBA-ASN, IT)"
mail.jetable.pp.ua,1,
mail0001.jhotmail.co.uk,1,"AS24940 (HETZNER-AS, DE)"
jetable.fr.nf,1,"AS16276 (OVH, FR)"
trendmail01.denso-ts.it,1,"AS51964 (ORANGE-BUSINESS-SERVICES-IPSN-ASN, US)"
mail.sidecloud.cc,1,"AS212027 (PEBBLEHOST, GB)"
mail.jincer.com,1,"AS14061 (DIGITALOCEAN-ASN, US)"
mail.jimong.com,1,"AS47583 (AS-HOSTINGER, CY)"
mail.jioso.com,1,"AS63949 (AKAMAI-LINODE-AP Akamai Connected Cloud, SG)"
mxext-a.dnet.net.id,1,"AS9794 (DNET-ID-AP PT. Core Mediatech D-NET, ID)"
mail.jitsu.my,1,"AS214481 (WCZAPKOWICZ-AS as214481as-wczapkowicz Chunkserve Backbone Transit, PL)"
_dc-mx.1d639b41989e.jjnan.com,1,"AS35916 (MULTA-ASN1, US)"
_dc-mx.4e2c27b0ba7e.jiwatoto.org,1,"AS57344 (TELEHOUSE-AS, BG)"
_dc-mx.1cda1aa6ab1b.jjk.app,1,"AS4766 (KIXS-AS-KR Korea Telecom, KR)"
mail.jmalaysiaqc.com,1,"AS47583 (AS-HOSTINGER, CY)"
jinva.fr.nf,1,"AS16276 (OVH, FR)"
mail.jmvoice.com,1,"AS14061 (DIGITALOCEAN-ASN, US)"
jmac-com0e.mail.protection.outlook.com,1,"AS8075 (MICROSOFT-CORP-MSN-AS-BLOCK, US)"
jkmechanical-com.mail.protection.outlook.com,1,"AS8075 (MICROSOFT-CORP-MSN-AS-BLOCK, US)"
mail.jmailservice.com,1,"AS398101 (GO-DADDY-COM-LLC, US)"
mta.nshk.net,1,"AS58779 (I4HKLIMITED-AS i4HK Limited, HK)"
jnswritesy.com,1,"AS47583 (AS-HOSTINGER, CY)"
jmjhomeservices-com.mail.protection.outlook.com,1,"AS8075 (MICROSOFT-CORP-MSN-AS-BLOCK, US)"
jilet.net,1,"AS42846 (GUZELHOSTING GNET INTERNET TELEKOMUNIKASYON A.S., TR)"
mail.jir.su,1,"AS29182 (RU-JSCIOT, RU)"
jo-mail.com,1,"AS47583 (AS-HOSTINGER, CY)"
mxny1.fogcreek.com,1,
jmsalarm-dk.mail.protection.outlook.com,1,"AS8075 (MICROSOFT-CORP-MSN-AS-BLOCK, US)"
mail.jocdk.com,1,"AS40021 (CONTABO-40021, US)"
mx.joggingplouguerneau.org,1,"AS51167 (CONTABO, DE)"
mail.joetestalot.com,1,"AS31898 (ORACLE-BMC-31898, US)"
jockeyplaza-com-pe.mail.protection.outlook.com,1,"AS8075 (MICROSOFT-CORP-MSN-AS-BLOCK, US)"
inbound-smtp.eu-central-1.amazonaws.com,1,"AS16509 (AMAZON-02, US)"
mail.johnmy.com,1,"AS138995 (ANTBOX1-AS-AP Antbox Networks Limited, HK)"
mail1016.onamae.ne.jp,1,"AS58791 (GMOOSK-NET GMO Internet Group, Inc., JP)"
jmail.fr.nf,1,"AS16276 (OVH, FR)"
jonathanyeosg.com,1,"AS22611 (INMOTION, US)"
mx6.journalistuk.com,1,
mail.jordanambrosia.com,1,"AS16509 (AMAZON-02, US)"
mail.jockeyses.ru,1,"AS12586 (ASGHOSTNET, DE)"
mx2.jojamail.com,1,"AS200107 (KL-EXT, CH)"
mail.joliejoie.com,1,
josh4jersey-com.mail.protection.outlook.com,1,"AS8075 (MICROSOFT-CORP-MSN-AS-BLOCK, US)"
mx.jonathanherbert.com.cust.b.hostedemail.com,1,"AS32491 (TUCOWS-3, CA)"
joker87.net,1,"AS212238 (CDNEXT, GB)"
mail.jparksky.com,1,"AS14061 (DIGITALOCEAN-ASN, US)"
mail.jornaldoestado.top,1,"AS16276 (OVH, FR)"
mail.jornaldeagora.top,1,"AS16276 (OVH, FR)"
mail.jpg-egypt.com,1,"AS31898 (ORACLE-BMC-31898, US)"
jpmarkets-co-za.mail.protection.outlook.com,1,"AS8075 (MICROSOFT-CORP-MSN-AS-BLOCK, US)"
mail.jordansneaker.ru,1,"AS16276 (OVH, FR)"
lucy.mxrouting.net,1,"AS24940 (HETZNER-AS, DE)"
mx.pbis.nifty.com,1,"AS2516 (KDDI KDDI CORPORATION, JP)"
mx0.ik2.com,1,"AS20454 (SSASN2, US)"
jrwbuilders-net.mail.protection.outlook.com,1,"AS8075 (MICROSOFT-CORP-MSN-AS-BLOCK, US)"
mail.jswfdb48z.com,1,"AS47583 (AS-HOSTINGER, CY)"
mail.jtempmail.com,1,"AS24940 (HETZNER-AS, DE)"
m.jstmail.com,1,"AS401696 (COGNETCLOUD, US)"
mail.jordanair.ru,1,"AS57494 (ADMAN-AS, RU)"
mail.joliekemulder.nl,1,"AS1101 (IP-EEND-AS IP-EEND BV, NL)"
mail.jornaldamaia.pt,1,"AS2860 (NOS_COMUNICACOES, PT)"
mail.jsrsolutions.com,1,"AS46606 (UNIFIEDLAYER-AS-1, US)"
mail.jukeiot.xyz,1,"AS40021 (CONTABO-40021, US)"
mx6.jumpman23-shop.com,1,
mail.journaliemail.ru,1,"AS12586 (ASGHOSTNET, DE)"
juarabola.site,1,"AS394380 (LEASEWEB-USA-DAL, US)"
mail.jujucrafts.com,1,"AS197540 (NETCUP-AS netcup GmbH, DE)"
us1.workspace.org,1,"AS965 (WEBHOSTINGHOLDINGS, US)"
jovo.app,1,"AS14061 (DIGITALOCEAN-ASN, US)"
jsmail.fr.nf,1,"AS16276 (OVH, FR)"
mail.jugarmail.com,1,"AS12586 (ASGHOSTNET, DE)"
mx1.julymovo.com,1,"AS200107 (KL-EXT, CH)"
_dc-mx.5b158ef3b37f.jupiterblock.com,1,"AS33387 (NOCIX, US)"
jupix.sytes.net,1,"AS25255 (H3G-AUSTRIA-AS TELE2 AUSTRIA , AT)"
mail.js11.top,1,"AS16276 (OVH, FR)"
bnxarte02.juormer.com,1,"AS14061 (DIGITALOCEAN-ASN, US)"
juoksutek.com,1,"AS54641 (IMH-IAD, US)"
mail.just9ja.com,1,"AS22612 (NAMECHEAP-NET, US)"
_dc-mx.011e84a81afb.justatemp.com,1,"AS51167 (CONTABO, DE)"
juaraseo.com,1,"AS47583 (AS-HOSTINGER, CY)"
junes.space,1,"AS58487 (CRI-AS-AP CV. Rumahweb Indonesia, ID)"
mx1.jumbox.site,1,"AS200107 (KL-EXT, CH)"
jsmail.biz.st,1,"AS16276 (OVH, FR)"
mx1.justbigbox.com,1,"AS200107 (KL-EXT, CH)"
justintrend-com.mail.protection.outlook.com,1,"AS8075 (MICROSOFT-CORP-MSN-AS-BLOCK, US)"
gw5202.fortimail.com,1,"AS40934 (FORTINET, US)"
mail.jungledmail.com,1,"AS12586 (ASGHOSTNET, DE)"
mail.jwk4227ufn.com,1,"AS47583 (AS-HOSTINGER, CY)"
mail.jump-communication.com,1,"AS197922 (TECHCREA-SOLUTIONS, FR)"
vps.justrom.org,1,"AS207252 (REALTOX-MEDIA, DE)"
mail.jungermannmail.ru,1,"AS12586 (ASGHOSTNET, DE)"
mail.justiciabfml.com,1,"AS12586 (ASGHOSTNET, DE)"
java-trade.ru,1,"AS49981 (WORLDSTREAM, NL)"
jwcemail-com.mail.protection.outlook.com,1,"AS8075 (MICROSOFT-CORP-MSN-AS-BLOCK, US)"
mail.jwork.ru,1,"AS44923 (AIRNET, RU)"
mail.just-games.ru,1,"AS62082 (HOSTLAND, RU)"
mail.justicmalu.ru,1,"AS12586 (ASGHOSTNET, DE)"
mail.justasalud.com,1,"AS27823 (Dattatec.com, AR)"
v080082.kasserver.com,1,"AS34788 (NMM-AS D - 02742 Friedersdorf Hauptstrasse 68, DE)"
mail.spinido.net,1,
mail.k3663a40w.com,1,"AS47583 (AS-HOSTINGER, CY)"
proxy.k-net.online,1,"AS35592 (COOLHOUSING-AS Vinohradska 190, CZ)"
mail.jxpomup.com,1,"AS37963 (ALIBABA-CN-NET Hangzhou Alibaba Advertising Co.,Ltd., CN)"
kafai-net.mail.protection.outlook.com,1,
mail.kaedar.com,1,"AS14061 (DIGITALOCEAN-ASN, US)"
mail.haribu.com,1,"AS63949 (AKAMAI-LINODE-AP Akamai Connected Cloud, SG)"
kahndefense.com,1,"AS14061 (DIGITALOCEAN-ASN, US)"
mail.k69d.com,1,"AS40476 (SCALAHOSTING, US)"
mail.k99m.com,1,"AS40476 (SCALAHOSTING, US)"
mail.k99z.com,1,"AS40476 (SCALAHOSTING, US)"
hardwaretech-info.mail.protection.outlook.com,1,"AS8075 (MICROSOFT-CORP-MSN-AS-BLOCK, US)"
harlock-net.mail.protection.outlook.com,1,"AS8075 (MICROSOFT-CORP-MSN-AS-BLOCK, US)"
mail.k88i.ink,1,"AS22612 (NAMECHEAP-NET, US)"
mail.k8xp.com,1,"AS16276 (OVH, FR)"
kalia.edu.pl,1,"AS209341 (WHG-FRA, GB)"
mail.kalquoris.cfd,1,"AS203446 (AS203446, GB)"
gmail-smtp-in.l.google.com,1,"AS15169 (GOOGLE, US)"
mail.harpaxomail.ru,1,"AS12586 (ASGHOSTNET, DE)"
mx.hatmail.store,1,"AS24940 (HETZNER-AS, DE)"
mx.hats-wholesaler.com,1,"AS14061 (DIGITALOCEAN-ASN, US)"
_dc-mx.6ea1d5571ea1.kanonmail.com,1,"AS24940 (HETZNER-AS, DE)"
mail.hassandesigns.top,1,"AS24940 (HETZNER-AS, DE)"
mail.kaarlojosefmail.com,1,"AS207957 (SERVHOST-AS, GB)"
haveanotion-com.mail.protection.outlook.com,1,"AS8075 (MICROSOFT-CORP-MSN-AS-BLOCK, US)"
kapptiger.com,1,"AS14061 (DIGITALOCEAN-ASN, US)"
malibuzz.havilahdefilippis.com,1,"AS51167 (CONTABO, DE)"
mxrouter.haveship.com,1,"AS14061 (DIGITALOCEAN-ASN, US)"
mail.kadachigov.ru,1,"AS29182 (RU-JSCIOT, RU)"
kaopiz-com.mail.protection.outlook.com,1,"AS8075 (MICROSOFT-CORP-MSN-AS-BLOCK, US)"
mx.lovestoblog.com,1,"AS34119 (WILDCARD-AS Wildcard UK Limited, GB)"
mail.kamen-market.ru,1,"AS44094 (WEBHOST1-AS, RU)"
mx.hawkeyestate.com.cust.hostedemail.com,1,"AS15348 (TUCOWS, CA)"
hatmail.ir,1,"AS212025 (CUKMAN-AS, HR)"
haw88.com,1,"AS214036 (ULTAHOST-AS, US)"
hazirtestler.com,1,"AS24940 (HETZNER-AS, DE)"
hburgchc-org.mail.protection.outlook.com,1,"AS8075 (MICROSOFT-CORP-MSN-AS-BLOCK, US)"
mail.karyoomail.com,1,"AS12586 (ASGHOSTNET, DE)"
mail.kartenmansd.com,1,"AS9009 (M247, RO)"
asterix.kaspop.com,1,"AS26666 (INTERSERVER-LAX, US)"
mail.hbtchmail.com,1,"AS12586 (ASGHOSTNET, DE)"
kataskopoi.com,1,
mail.hcoupledp.com,1,"AS47583 (AS-HOSTINGER, CY)"
mail.hdala.com,1,"AS14061 (DIGITALOCEAN-ASN, US)"
mx6.katonoma.com,1,
smtp.faisco.cn,1,"AS58466 (CT-GUANGZHOU-IDC CHINANET Guangdong province network, CN)"
mail.joy-sharks.ru,1,"AS204601 (PODAON, NL)"
mail.katchup.co.nz,1,"AS23655 (TWODEGREES-NZ-AS 2degrees Networks Limited, NZ)"
mail.karta-tahografa.ru,1,"AS50340 (SELECTEL-MSK, RU)"
mx.kawaiilife.shop.cust.b.hostedemail.com,1,"AS32491 (TUCOWS-3, CA)"
mail.hdcvolosy.ru,1,"AS210079 (EUROBYTE, RU)"
mx.jeffersonandassociates.com,1,
mx1.hdfshsh.stream,1,"AS200107 (KL-EXT, CH)"
hdslatour-fr0i.mail.protection.outlook.com,1,"AS8075 (MICROSOFT-CORP-MSN-AS-BLOCK, US)"
_dc-mx.9a2a22dd7e13.hdturkey.com,1,"AS56851 (VPS-UA-AS, UA)"
mail.hdpornstream.com,1,"AS56485 (THEHOST-AS, UA)"
col.hdz.hr,1,"AS24940 (HETZNER-AS, DE)"
kaysartycles.com,1,"AS45638 (SYNERGYWHOLESALE-AP SYNERGY WHOLESALE PTY LTD, AU)"
katanganews.cd,1,"AS24940 (HETZNER-AS, DE)"
mail.headset5pl.com,1,"AS47583 (AS-HOSTINGER, CY)"
mail.kbvehicle.com,1,"AS47583 (AS-HOSTINGER, CY)"
mail.kcdn.site,1,"AS36352 (AS-COLOCROSSING, US)"
mail.healthdietshop.com,1,"AS16276 (OVH, FR)"
mail.healthcoachpractitioner.com,1,"AS46606 (UNIFIEDLAYER-AS-1, US)"
mail.kcdn.pro,1,"AS36352 (AS-COLOCROSSING, US)"
healthfit247.com,1,"AS7393 (CYBERCON, US)"
healthinsite-net.mail.protection.outlook.com,1,"AS8075 (MICROSOFT-CORP-MSN-AS-BLOCK, US)"
mail.healthcheck.click,1,"AS51167 (CONTABO, DE)"
mail.kazan-hotel.com,1,"AS29182 (RU-JSCIOT, RU)"
mail.healthshots.center,1,"AS51167 (CONTABO, DE)"
mail.kdjhemail.com,1,"AS212317 (HETZNER-CLOUD3-AS, DE)"
mail.kc-kenes.kz,1,"AS207333 (HOSTER-AST Hoster.KZ - Astana, KZ)"
mx.keatonbeachproperties.com,1,"AS29873 (BIZLAND-SD, US)"
heartrate.com,1,"AS396982 (GOOGLE-CLOUD-PLATFORM, US)"
mail.kedikumu.net,1,"AS42846 (GUZELHOSTING GNET INTERNET TELEKOMUNIKASYON A.S., TR)"
healxo.org,1,"AS37907 (DIGIROCK DigiRock, Inc., JP)"
x.keishichootsukakeisatsusho.net,1,"AS131965 (XSERVER Xserver Inc., JP)"
mail.kedrovskiy.ru,1,"AS44094 (WEBHOST1-AS, RU)"
mail.keepyourshitprivate.com,1,
sex.keishichootsukakeisatsusho.org,1,"AS131965 (XSERVER Xserver Inc., JP)"
mail.jmail.ro,1,"AS16276 (OVH, FR)"
_dc-mx.42bbd2a3d14f.hashtagtesla.com,1,"AS33387 (NOCIX, US)"
mx5.vodafonemail.de,1,"AS3209 (VODANET International IP-Backbone of Vodafone, DE)"
mail.hedef610.com,1,"AS42807 (AEROTEK-AS, TR)"
mx.kellybagonline.com,1,"AS14061 (DIGITALOCEAN-ASN, US)"
mail.heframe.com,1,"AS51167 (CONTABO, DE)"
mail.hegamespotr.com,1,"AS47583 (AS-HOSTINGER, CY)"
mail.hedonistmail.ru,1,"AS12586 (ASGHOSTNET, DE)"
w01cbc8c.kasserver.com,1,"AS34788 (NMM-AS D - 02742 Friedersdorf Hauptstrasse 68, DE)"
mail.kemmer.co,1,"AS22612 (NAMECHEAP-NET, US)"
mail.kemfra.com,1,"AS14061 (DIGITALOCEAN-ASN, US)"
mail.justsend.online,1,
mail.hbs-group.ru,1,"AS210079 (EUROBYTE, RU)"
mx.helenchongtherapy.com.cust.a.hostedemail.com,1,
mail.kenfern.com,1,"AS14061 (DIGITALOCEAN-ASN, US)"
mx2-forward.atom.com,1,
mail.heliomemalu.ru,1,"AS12586 (ASGHOSTNET, DE)"
mail.helianmail.ru,1,"AS12586 (ASGHOSTNET, DE)"
mail.hello.carolinensielhafen.click,1,"AS51167 (CONTABO, DE)"
_dc-mx.ecd6389b8a7a.hashtagblock.com,1,
mail.kamagra.org,1,
mail.hellomaazine.com,1,"AS46606 (UNIFIEDLAYER-AS-1, US)"
_dc-mx.aaf835df6e97.hellomagaizne.com,1,"AS19318 (IS-AS-1, US)"
mail.hellomailo.net,1,"AS212772 (ADGUARD, CY)"
mailcow.uptraff.com,1,"AS205544 (LEASEWEB-UK-LON-11, GB)"
mail.hellohitech.com,1,"AS132056 (SCICUBE-AS RM B, 2F 88 KWAI CHEONG ROAD, HK)"
mail.healthroutine.click,1,"AS51167 (CONTABO, DE)"
mail.helminthol.com,1,"AS12586 (ASGHOSTNET, DE)"
mail.keratodmail.ru,1,"AS12586 (ASGHOSTNET, DE)"
mail.keratemail.ru,1,"AS12586 (ASGHOSTNET, DE)"
mail.kerotu.com,1,"AS14061 (DIGITALOCEAN-ASN, US)"
mail.help.thewisetransfer.click,1,"AS51167 (CONTABO, DE)"
hbocom.ru,1,
mail.help.thebillieholiday.click,1,"AS51167 (CONTABO, DE)"
mail.kesehatantubuh.com,1,"AS60781 (LEASEWEB-NL-AMS-01 Netherlands, NL)"
mx.uzmanposta.com,1,AS42910 (Unknown)
mail.heavyhearfml.com,1,"AS12586 (ASGHOSTNET, DE)"
mx2.hccmail.win,1,
mail.ketozie.com,1,"AS24940 (HETZNER-AS, DE)"
helperv.net,1,"AS51167 (CONTABO, DE)"
mail.hematocrysmail.com,1,"AS12586 (ASGHOSTNET, DE)"
mx.hediye-sepeti.com.cust.b.hostedemail.com,1,"AS32491 (TUCOWS-3, CA)"
mx1.hemmersbach.com,1,"AS3320 (DTAG Internet service provider operations, DE)"
mail.hematencml.ru,1,"AS12586 (ASGHOSTNET, DE)"
mail.hemidemismail.com,1,"AS12586 (ASGHOSTNET, DE)"
mail.hemimeinf.com,1,"AS12586 (ASGHOSTNET, DE)"
mail.hemiamail.ru,1,"AS12586 (ASGHOSTNET, DE)"
mail.hematenceils.ru,1,"AS12586 (ASGHOSTNET, DE)"
mail.hemiascoml.ru,1,"AS12586 (ASGHOSTNET, DE)"
mail.hemiascommail.ru,1,"AS12586 (ASGHOSTNET, DE)"
mail.kelsallandco.com,1,"AS32097 (WII, US)"
mail.hemimetmail.ru,1,"AS12586 (ASGHOSTNET, DE)"
mail.hematoloeomail.ru,1,"AS12586 (ASGHOSTNET, DE)"
mail.keylinkcorp.co,1,"AS31898 (ORACLE-BMC-31898, US)"
mail.hegelfmk.com,1,"AS12586 (ASGHOSTNET, DE)"
mail.heeaaemail.ru,1,"AS12586 (ASGHOSTNET, DE)"
henceut.com,1,"AS20068 (HAWKHOST, CA)"
mail.hemimetamml.ru,1,"AS12586 (ASGHOSTNET, DE)"
mail.hemimmail.ru,1,"AS12586 (ASGHOSTNET, DE)"
mail.henamail.com,1,"AS40476 (SCALAHOSTING, US)"
mail.keyworddo.com,1,"AS47583 (AS-HOSTINGER, CY)"
mail.hemodimail.ru,1,"AS12586 (ASGHOSTNET, DE)"
hendygroup-com01c.mail.protection.outlook.com,1,"AS8075 (MICROSOFT-CORP-MSN-AS-BLOCK, US)"
keynote2keynote.com,1,"AS16276 (OVH, FR)"
mail.hendecasy.ru,1,"AS12586 (ASGHOSTNET, DE)"
mail.heixs.com,1,"AS14061 (DIGITALOCEAN-ASN, US)"
mail.18yo.beauty,1,"AS213230 (HETZNER-CLOUD2-AS, DE)"
mx.herestoreonsale.org,1,"AS14061 (DIGITALOCEAN-ASN, US)"
heritagemotors-in.mail.protection.outlook.com,1,"AS8075 (MICROSOFT-CORP-MSN-AS-BLOCK, US)"
mail.hereticaomail.com,1,"AS12586 (ASGHOSTNET, DE)"
mail.hepatmail.ru,1,"AS12586 (ASGHOSTNET, DE)"
_dc-mx.e48cac2b3704.herly.my.id,1,"AS138115 (IDNIC-DENEVA-AS-ID PT Deneva, ID)"
khayden.com,1,"AS45102 (ALIBABA-CN-NET Alibaba US Technology Co., Ltd., CN)"
herocopters.com,1,"AS20857 (TRANSIP-AS Amsterdam, the Netherlands, NL)"
helenmorre.com,1,"AS149020 (WEBHORIZON-AS-AP WebHorizon Internet Services, SG)"
mail.heresmails.ru,1,"AS12586 (ASGHOSTNET, DE)"
hessrohmercpa-com.mail.eo.outlook.com,1,"AS8075 (MICROSOFT-CORP-MSN-AS-BLOCK, US)"
mail.heterophufml.ru,1,"AS12586 (ASGHOSTNET, DE)"
mail.hesperomail.com,1,"AS12586 (ASGHOSTNET, DE)"
mail.heterochemail.ru,1,"AS12586 (ASGHOSTNET, DE)"
mail.heterils.ru,1,"AS12586 (ASGHOSTNET, DE)"
mail.heterometli.com,1,"AS12586 (ASGHOSTNET, DE)"
mail.heterogli.com,1,"AS12586 (ASGHOSTNET, DE)"
mail.heteroefml.com,1,"AS12586 (ASGHOSTNET, DE)"
mail.heterogenemail.com,1,"AS12586 (ASGHOSTNET, DE)"
mail.heterometamail.com,1,"AS12586 (ASGHOSTNET, DE)"
mail.heterofmk.com,1,"AS12586 (ASGHOSTNET, DE)"
mail.heteroinf.com,1,"AS12586 (ASGHOSTNET, DE)"
hexv.com,1,
hello.labubutoymkt.site,1,"AS36352 (AS-COLOCROSSING, US)"
home-mx.app.hey.com,1,"AS25657 (BASECAMP, US)"
mail.heterodmail.ru,1,"AS12586 (ASGHOSTNET, DE)"
mail.heterolmails.ru,1,"AS12586 (ASGHOSTNET, DE)"
mail.heterotropmails.ru,1,"AS12586 (ASGHOSTNET, DE)"
heydayfm-nl.mail.protection.outlook.com,1,"AS8075 (MICROSOFT-CORP-MSN-AS-BLOCK, US)"
mail.heteroaggmail.ru,1,"AS12586 (ASGHOSTNET, DE)"
mail.kickers-world.be,1,"AS8075 (MICROSOFT-CORP-MSN-AS-BLOCK, US)"
mail.heterochreomail.ru,1,"AS12586 (ASGHOSTNET, DE)"
ki-sign.com,1,"AS7684 (SAKURA-A SAKURA Internet Inc., JP)"
mail.heterochrsmail.ru,1,"AS12586 (ASGHOSTNET, DE)"
mail.hetersmail.ru,1,"AS12586 (ASGHOSTNET, DE)"
mail.heteromoemail.ru,1,"AS12586 (ASGHOSTNET, DE)"
cc-mail3.kiecchn.com,1,"AS14061 (DIGITALOCEAN-ASN, US)"
mail.kikscool.com,1,"AS32097 (WII, US)"
mx.kidtoy.net.cust.b.hostedemail.com,1,"AS32491 (TUCOWS-3, CA)"
pro209.emailserver.vn,1,"AS150846 (AXYS-VN Room 1508, 15th Floor, Vincom Center Building, 72 Le Thanh Ton, Ben Nghe Ward, District 1, Ho Chi Minh City, Vietnam, VN)"
mail.hexametmail.ru,1,"AS12586 (ASGHOSTNET, DE)"
mail.hexacomail.ru,1,"AS12586 (ASGHOSTNET, DE)"
kielon.pl,1,"AS51167 (CONTABO, DE)"
kimchichi.com,1,"AS63949 (AKAMAI-LINODE-AP Akamai Connected Cloud, SG)"
mx2.kim-tape.com,1,"AS24940 (HETZNER-AS, DE)"
mail.kilmail.com,1,"AS12586 (ASGHOSTNET, DE)"
mail.hi2.in,1,"AS24940 (HETZNER-AS, DE)"
kentuckybourbonwhisky.com,1,"AS31898 (ORACLE-BMC-31898, US)"
corevoyage.net,1,"AS39287 (ABSTRACT, FI)"
kindleebs.xyz,1,"AS131775 (IDNIC-JALANET-AS-ID PT. Jupiter Jala Arta, ID)"
mail.kingbet99.com,1,"AS22612 (NAMECHEAP-NET, US)"
mx0.kimberlymed.com,1,"AS31898 (ORACLE-BMC-31898, US)"
hesapkurtar.com,1,"AS51559 (NETINTERNET Netinternet Bilisim Teknolojileri AS, TR)"
mail.hidesmail.com,1,"AS212772 (ADGUARD, CY)"
mail.hidesmail.net,1,"AS212772 (ADGUARD, CY)"
mail.kinesioml.com,1,"AS12586 (ASGHOSTNET, DE)"
hibernianfc-co-uk.mail.protection.outlook.com,1,"AS8075 (MICROSOFT-CORP-MSN-AS-BLOCK, US)"
mail.hiccupemail.com,1,"AS12586 (ASGHOSTNET, DE)"
hidemyass-com.mail.protection.outlook.com,1,"AS8075 (MICROSOFT-CORP-MSN-AS-BLOCK, US)"
mail.kinesiovegai.ru,1,"AS12586 (ASGHOSTNET, DE)"
mailforward44.cloudns.net,1,"AS35661 (VIRTUASYS-EU Lift weight. Push bytes. Never drop. Repeat., FR)"
mx1.kingofmails.com,1,"AS200107 (KL-EXT, CH)"
mx.hidailydeals.com,1,"AS397423 (TIER-NET, US)"
mx.tblock.net,1,"AS395839 (HOSTKEY-USA, US)"
mail.hidebox.org,1,"AS24940 (HETZNER-AS, DE)"
www669.your-server.de,1,"AS24940 (HETZNER-AS, DE)"
mx.highheelcl.com,1,"AS14061 (DIGITALOCEAN-ASN, US)"
mx.siteprotect.com,1,"AS18447 (AFFINITY-INTER, US)"
kingzippers-com.mail.protection.outlook.com,1,"AS8075 (MICROSOFT-CORP-MSN-AS-BLOCK, US)"
mail.kinkz.com,1,"AS20738 (GD-EMEA-DC-LD5, GB)"
mail.kerry.in,1,"AS35916 (MULTA-ASN1, US)"
x.keishichootsukakeisatsusho.com,1,"AS131965 (XSERVER Xserver Inc., JP)"
mail.hierogly.ru,1,"AS12586 (ASGHOSTNET, DE)"
hide.biz.st,1,"AS16276 (OVH, FR)"
a915740.mx.mailhop.org,1,"AS16509 (AMAZON-02, US)"
w018838d.kasserver.com,1,"AS34788 (NMM-AS D - 02742 Friedersdorf Hauptstrasse 68, DE)"
mail.highspiritmail.com,1,"AS12586 (ASGHOSTNET, DE)"
helperv.com,1,"AS51167 (CONTABO, DE)"
mail.ceriousdevtech.com,1,"AS11492 (CABLEONE, US)"
mail.helptoearnmoney.com,1,"AS16276 (OVH, FR)"
mail.hilarioueomail.ru,1,"AS12586 (ASGHOSTNET, DE)"
kissypie.com,1,"AS7506 (INTERQ GMO Internet Group, Inc., JP)"
mail.kirisbyforum.fun,1,"AS62082 (HOSTLAND, RU)"
mail.kitapidea.com,1,"AS54290 (HOSTWINDS, US)"
mail.happycloudmail.com,1,"AS12586 (ASGHOSTNET, DE)"
mail.harakirimail.com,1,"AS14061 (DIGITALOCEAN-ASN, US)"
mail.kit-dv.su,1,"AS48108 (VIRTUALDC, RU)"
mail.kittiza.com,1,"AS47583 (AS-HOSTINGER, CY)"
mail.hematopmyu.ru,1,"AS12586 (ASGHOSTNET, DE)"
mail.kitsfans.com,1,"AS32097 (WII, US)"
mail.hardingpost.com,1,"AS14061 (DIGITALOCEAN-ASN, US)"
mail.hemispherfmals.com,1,"AS12586 (ASGHOSTNET, DE)"
hardassetalliance-com.mail.protection.outlook.com,1,"AS8075 (MICROSOFT-CORP-MSN-AS-BLOCK, US)"
mail.hemoglobli.com,1,"AS12586 (ASGHOSTNET, DE)"
mail.hematemail.ru,1,"AS12586 (ASGHOSTNET, DE)"
mail.happydomik.ru,1,"AS44094 (WEBHOST1-AS, RU)"
w01a07df.kasserver.com,1,"AS34788 (NMM-AS D - 02742 Friedersdorf Hauptstrasse 68, DE)"
himail.infos.st,1,"AS16276 (OVH, FR)"
mail.hindilanguage.org,1,"AS214996 (NETCUP, DE)"
kismail.ru,1,"AS9002 (RETN-AS, GB)"
mail.hippopicker.com,1,"AS55293 (A2HOSTING, US)"
securemail1.hostingservice.fi,1,"AS58003 (PLANEETTA-AS, FI)"
mail.hemocytmail.ru,1,"AS12586 (ASGHOSTNET, DE)"
www.hintz.org,1,"AS4771 (SPARKNZ Spark New Zealand Trading Ltd., NZ)"
mail.hisila.com,1,"AS14061 (DIGITALOCEAN-ASN, US)"
fwmail.hinet.net,1,"AS3462 (HINET Data Communication Business Group, TW)"
mail.historyinheels.com,1,"AS204601 (PODAON, NL)"
mail.hardenabmail.ru,1,"AS12586 (ASGHOSTNET, DE)"
mail.hippopemail.ru,1,"AS12586 (ASGHOSTNET, DE)"
hilloftara-com.mail.protection.outlook.com,1,"AS8075 (MICROSOFT-CORP-MSN-AS-BLOCK, US)"
mail.henolclock.in,1,"AS24940 (HETZNER-AS, DE)"
mx.kkredyt.pl,1,"AS14061 (DIGITALOCEAN-ASN, US)"
mail.historioginf.com,1,"AS12586 (ASGHOSTNET, DE)"
grego.hardonline.com.br,1,"AS28229 (HARDONLINE LTDA, BR)"
kkiinn.com,1,"AS204800 (WHG-SGP, GB)"
mail.klav6.com,1,"AS14061 (DIGITALOCEAN-ASN, US)"
mail.histormails.ru,1,"AS12586 (ASGHOSTNET, DE)"
mail.hkirsan.com,1,"AS14061 (DIGITALOCEAN-ASN, US)"
a681026.mx.mailhop.org,1,"AS16509 (AMAZON-02, US)"
mail.klone0rz.be,1,"AS8075 (MICROSOFT-CORP-MSN-AS-BLOCK, US)"
mail.klyverra.cfd,1,"AS203446 (AS203446, GB)"
a177026.mx.mailhop.org,1,"AS16509 (AMAZON-02, US)"
v,1,
a622689.mx.mailhop.org,1,"AS16509 (AMAZON-02, US)"
mail.klzlk.com,1,"AS26496 (AS-26496-GO-DADDY-COM-LLC, US)"
mail.klabuk.pl,1,"AS50840 (AS-HITME, PL)"
herveyhideout.com,1,"AS24940 (HETZNER-AS, DE)"
a597274.mx.mailhop.org,1,
mail.heterometic.com,1,"AS12586 (ASGHOSTNET, DE)"
mail.hmail.ninja,1,"AS24940 (HETZNER-AS, DE)"
mail.kliogio.ru,1,"AS24940 (HETZNER-AS, DE)"
mail.kidaroa.com,1,"AS14061 (DIGITALOCEAN-ASN, US)"
hmotomotiv.xyz,1,"AS210388 (HAYALHOST, TR)"
knowhowitaly.com,1,"AS62904 (AS62904, US)"
hoanghainam.com,1,
west.smtp.exch080.serverdata.net,1,"AS16406 (AS-INTERMEDIA, US)"
mx1.ho3twwn.com,1,"AS200107 (KL-EXT, CH)"
_dc-mx.511bc786b588.hoanganh.mx,1,"AS149107 (TRUMVPS-VN TRUMVPS COMPANY LIMITED, VN)"
x9.hgh.net,1,"AS36352 (AS-COLOCROSSING, US)"
mail.kofcassembly1883a.org,1,"AS398101 (GO-DADDY-COM-LLC, US)"
kobold.org,1,"AS23535 (HOSTROCKET, US)"
mx.knoxvillequote.com,1,AS174 13767 (Unknown)
mail.kodx.uk,1,"AS216071 (VDSINA, AE)"
mail.kodpan.com,1,"AS14061 (DIGITALOCEAN-ASN, US)"
mail.koiqe.com,1,"AS26666 (INTERSERVER-LAX, US)"
mail.kobietaidom.pl,1,"AS16276 (OVH, FR)"
mail.hobbyhorfml.com,1,"AS12586 (ASGHOSTNET, DE)"
mail.hnemail.org,1,"AS132203 (TENCENT-NET-AP-CN Tencent Building, Kejizhongyi Avenue, CN)"
mail.hoanggiaanh.com,1,"AS24085 (QTSC-AS-VN Quang Trung Software City Development Company, VN)"
mail.kogda.online,1,"AS8342 (RTCOMM-AS, RU)"
mx.kolagenanaturalny.eu,1,"AS14061 (DIGITALOCEAN-ASN, US)"
mx.koloekmail.net,1,"AS14061 (DIGITALOCEAN-ASN, US)"
kineticsystems-com.mail.protection.outlook.com,1,"AS8075 (MICROSOFT-CORP-MSN-AS-BLOCK, US)"
hoi-poi.com,1,"AS58791 (GMOOSK-NET GMO Internet Group, Inc., JP)"
webmail3.mireene.com,1,"AS38424 (KCT-AS-KR KOREA CABLE TELECOM, KR)"
mxw.mxhichina.com,1,"AS45102 (ALIBABA-CN-NET Alibaba US Technology Co., Ltd., CN)"
mail.hoicasau.com,1,"AS135905 (VNPT-AS-VN VIETNAM POSTS AND TELECOMMUNICATIONS GROUP, VN)"
mail.koilonrsmail.ru,1,"AS12586 (ASGHOSTNET, DE)"
mail.koleco.info,1,"AS43362 (MAJORDOMO, RU)"
kombiservisler.com,1,"AS207279 (MARKAHOST-TELEKOMUNIKASYON-LIMITED-SIRKETI MARKAHOST, TR)"
mail.konbat.ru,1,
_dc-mx.556f55c9966f.hollywoodereporter.com,1,"AS47583 (AS-HOSTINGER, CY)"
koneshdistribuidores.com.mx,1,"AS53824 (LIQUIDWEB, US)"
mx.holotrekking.online,1,"AS20473 (AS-VULTR, US)"
mx1.holmatrousa.com,1,"AS200107 (KL-EXT, CH)"
kospa.kommunity.net,1,"AS12312 (ECOTEL, DE)"
holidayloans.us,1,"AS34931 (AWARESOFT, GB)"
konstruksituntas.com,1,"AS139457 (IDNIC-ANTMEDIAHOST-AS-ID PT Semut Data Indonesia, ID)"
shade.treva.nl,1,"AS20857 (TRANSIP-AS Amsterdam, the Netherlands, NL)"
mail.holomemail.ru,1,"AS12586 (ASGHOSTNET, DE)"
mail.kootenaitreeservice.com,1,"AS55293 (A2HOSTING, US)"
_dc-mx.4696ff181a54.homemarkethome.com,1,"AS33387 (NOCIX, US)"
mail.homeandcastletv.com,1,"AS42846 (GUZELHOSTING GNET INTERNET TELEKOMUNIKASYON A.S., TR)"
mail.konsultacii-advokata.ru,1,"AS50340 (SELECTEL-MSK, RU)"
www.homelu.com,1,"AS63949 (AKAMAI-LINODE-AP Akamai Connected Cloud, SG)"
mail.homeworkcourseworkhelps.com,1,"AS209605 (HOSTBALTIC, LT)"
mail.homeofml.com,1,"AS12586 (ASGHOSTNET, DE)"
mail.homeommail.ru,1,"AS12586 (ASGHOSTNET, DE)"
hometownliving.net,1,"AS23535 (HOSTROCKET, US)"
mail.konsultaciya-yurista-v-moskve.ru,1,"AS50340 (SELECTEL-MSK, RU)"
mail.homophomail.com,1,"AS12586 (ASGHOSTNET, DE)"
mail0001.homtial.co.uk,1,"AS24940 (HETZNER-AS, DE)"
mx-inxmt.hondsemi.com,1,"AS14061 (DIGITALOCEAN-ASN, US)"
mail.hommiemail.com,1,"AS12586 (ASGHOSTNET, DE)"
mail.homologiumail.com,1,"AS12586 (ASGHOSTNET, DE)"
mail.homoscedinf.com,1,"AS12586 (ASGHOSTNET, DE)"
mail.homosexmail.ru,1,"AS12586 (ASGHOSTNET, DE)"
mail.homonyumail.com,1,"AS12586 (ASGHOSTNET, DE)"
mail.homosexmy.com,1,"AS12586 (ASGHOSTNET, DE)"
mx1.hogwarts.edu.kg,1,"AS62371 (PROTON, CH)"
mx1.homail.it,1,
mail.homocmali.ru,1,"AS12586 (ASGHOSTNET, DE)"
mail.homoeopafml.ru,1,"AS12586 (ASGHOSTNET, DE)"
mail.homoeommails.ru,1,"AS12586 (ASGHOSTNET, DE)"
mail.kkb.qzz.io,1,"AS16276 (OVH, FR)"
mail.hopemail.biz,1,"AS12876 (Online SAS, FR)"
mail.homog.ru,1,"AS12586 (ASGHOSTNET, DE)"
mail.homophonifml.ru,1,"AS12586 (ASGHOSTNET, DE)"
mx.hopefulservices.com,1,"AS29873 (BIZLAND-SD, US)"
mx.horizonspost.com,1,"AS16276 (OVH, FR)"
horizonfundinggroup-com.mail.protection.outlook.com,1,"AS8075 (MICROSOFT-CORP-MSN-AS-BLOCK, US)"
coziwk3web.hoplise.com,1,"AS14061 (DIGITALOCEAN-ASN, US)"
a988022.mx.mailhop.org,1,"AS16509 (AMAZON-02, US)"
mail.honorabmail.ru,1,"AS12586 (ASGHOSTNET, DE)"
mail.horticulmalu.ru,1,"AS12586 (ASGHOSTNET, DE)"
mail.horticultumail.com,1,"AS12586 (ASGHOSTNET, DE)"
mail.hormonopmail.ru,1,"AS12586 (ASGHOSTNET, DE)"
mail.horizmali.ru,1,"AS12586 (ASGHOSTNET, DE)"
mail.hostb.xyz,1,"AS14061 (DIGITALOCEAN-ASN, US)"
mail.hospitalimail.ru,1,"AS12586 (ASGHOSTNET, DE)"
mail.host-001.eu,1,"AS50840 (AS-HITME, PL)"
mx1.hostmaster.bid,1,"AS200107 (KL-EXT, CH)"
dedi1590.your-server.de,1,"AS24940 (HETZNER-AS, DE)"
mx1.hostmein.bid,1,"AS200107 (KL-EXT, CH)"
mx1.hostingninja.bid,1,"AS200107 (KL-EXT, CH)"
hotcoffeeclub-com.mail.protection.outlook.com,1,
mail.hot.com,1,"AS204957 (GREENFLOID-AS, US)"
mx1.hostingninja.top,1,"AS200107 (KL-EXT, CH)"
mail.hosting.cd,1,"AS328442 (UNITED-SA, CD)"
mx1.hostnow.bid,1,"AS200107 (KL-EXT, CH)"
mail.hotelsbest.com,1,"AS63949 (AKAMAI-LINODE-AP Akamai Connected Cloud, SG)"
mail.hotelhafenhamburg.click,1,"AS51167 (CONTABO, DE)"
immobile.home.pl,1,"AS12824 (HOMEPL-AS, PL)"
mail.hl-geist-spital.de,1,"AS50474 (O2SWITCH, FR)"
hotmai.com,1,
mail.hotelpost.click,1,"AS51167 (CONTABO, DE)"
hotmail-cz.f-v1.mx.microsoft,1,"AS8075 (MICROSOFT-CORP-MSN-AS-BLOCK, US)"
mx1.cleanmx.pt,1,"AS24768 (ALMOUROLTEC, PT)"
mail.host15.ru,1,"AS29182 (RU-JSCIOT, RU)"
mail.hotmails.com,1,
mail01.hotmailboxlive.com,1,"AS36351 (SOFTLAYER, US)"
mail.hotgamblingguide.info,1,"AS213230 (HETZNER-CLOUD2-AS, DE)"
mail.hotmali.com,1,"AS19871 (NETWORK-SOLUTIONS-HOSTING, US)"
mail0001.hotmiail.co.uk,1,"AS24940 (HETZNER-AS, DE)"
mail.hotmailse.com,1,"AS45090 (TENCENT-NET-AP Shenzhen Tencent Computer Systems Company Limited, CN)"
hotrometa.com,1,"AS20473 (AS-VULTR, US)"
mx.hotmaikl.co.uk,1,"AS16509 (AMAZON-02, US)"
hotrodsbydean-com.mail.protection.outlook.com,1,"AS8075 (MICROSOFT-CORP-MSN-AS-BLOCK, US)"
mail.hotmail.work,1,"AS134835 (SNL-HK Starry Network Limited, HK)"
hotseat-co-uk.mail.protection.outlook.com,1,"AS8075 (MICROSOFT-CORP-MSN-AS-BLOCK, US)"
mail.hotwomansexvideo.com,1,"AS19871 (NETWORK-SOLUTIONS-HOSTING, US)"
mail.hotmil.fr,1,"AS53667 (PONYNET, US)"
mail.hottentoml.com,1,"AS12586 (ASGHOSTNET, DE)"
mail.hotsale.com,1,
mail.hotmali.cn,1,"AS45090 (TENCENT-NET-AP Shenzhen Tencent Computer Systems Company Limited, CN)"
mail.hovanfood.com,1,"AS55293 (A2HOSTING, US)"
hourglassinitiative-org.mail.protection.outlook.com,1,"AS8075 (MICROSOFT-CORP-MSN-AS-BLOCK, US)"
mail.howdoyoumountain.com,1,"AS16509 (AMAZON-02, US)"
mail.hphasesw.com,1,"AS47583 (AS-HOSTINGER, CY)"
mail.hpari.com,1,"AS14061 (DIGITALOCEAN-ASN, US)"
fast3x.howovur.com,1,"AS14061 (DIGITALOCEAN-ASN, US)"
mx.hollywooddreamcorset.com,1,"AS14061 (DIGITALOCEAN-ASN, US)"
mail.konkatsudonki.xyz,1,"AS196645 (HOSTPRO-AS, UA)"
aaronwl.com,1,"AS7922 (COMCAST-7922, US)"
mail.hr.bcm.edu.pl,1,"AS16276 (OVH, FR)"
mail.hrathletesd.com,1,"AS47583 (AS-HOSTINGER, CY)"
hpwm.com,1,"AS40092 (ONIAAS, US)"
mike.zesti.org,1,"AS24940 (HETZNER-AS, DE)"
_dc-mx.b203b33fd169.htsfamily.com,1,"AS12586 (ASGHOSTNET, DE)"
mail.httpsgreenwichmeantime.in,1,"AS14061 (DIGITALOCEAN-ASN, US)"
mx1.htmeil.com,1,"AS200107 (KL-EXT, CH)"
mail.htomail.it,1,"AS24940 (HETZNER-AS, DE)"
mail.kmf.com.ua,1,AS24703 (Unknown)
mail.https.edu.kg,1,"AS42846 (GUZELHOSTING GNET INTERNET TELEKOMUNIKASYON A.S., TR)"
huany.net,1,"AS46606 (UNIFIEDLAYER-AS-1, US)"
mail.hubpro.site,1,"AS31898 (ORACLE-BMC-31898, US)"
rte02.hublinestream.com,1,"AS14061 (DIGITALOCEAN-ASN, US)"
mail.huertoadictos.com,1,"AS7018 (ATT-INTERNET4, US)"
mail.brazhengchen.nl,1,"AS24971 (MASTER-AS Czech Republic www.master.cz, CZ)"
level3mxwd5ksnt.hugeance.com,1,"AS14061 (DIGITALOCEAN-ASN, US)"
mx1.hudhu.pw,1,"AS200107 (KL-EXT, CH)"
mail.hugemaiil.com,1,"AS12586 (ASGHOSTNET, DE)"
mail.huggedmail.com,1,"AS12586 (ASGHOSTNET, DE)"
mail.hugohost.pl,1,"AS61154 (INTEGRADESIGN, PL)"
mail.hulapla.de,1,"AS6724 (STRATO STRATO AG, DE)"
hungeral.com,1,"AS47583 (AS-HOSTINGER, CY)"
mail.huntarapp.com,1,"AS63949 (AKAMAI-LINODE-AP Akamai Connected Cloud, SG)"
mail.humaniml.ru,1,"AS12586 (ASGHOSTNET, DE)"
hunnyberry.com,1,"AS16509 (AMAZON-02, US)"
hurcmail.com,1,"AS9123 (TIMEWEB-AS, RU)"
_dc-mx.bfc424da4b57.huskysteals.com,1,"AS19871 (NETWORK-SOLUTIONS-HOSTING, US)"
mail.hunterhouse.pl,1,"AS16276 (OVH, FR)"
hutomosungkar.com,1,"AS139457 (IDNIC-ANTMEDIAHOST-AS-ID PT Semut Data Indonesia, ID)"
please.maill.me,1,"AS12400 (PARTNER-AS, IL)"
hotmail.pl,1,"AS8075 (MICROSOFT-CORP-MSN-AS-BLOCK, US)"
mail.hwmail.kro.kr,1,"AS396982 (GOOGLE-CLOUD-PLATFORM, US)"
mail.huweimail.cn,1,"AS132203 (TENCENT-NET-AP-CN Tencent Building, Kejizhongyi Avenue, CN)"
malibuzz.hypeinteractive.us,1,"AS51167 (CONTABO, DE)"
_dc-mx.c08be3755209.hyipfanclub.eu,1,"AS12876 (Online SAS, FR)"
mail.hydrofml.com,1,"AS12586 (ASGHOSTNET, DE)"
mail.hydrotifkml.com,1,"AS12586 (ASGHOSTNET, DE)"
mail.hydrodmail.com,1,"AS12586 (ASGHOSTNET, DE)"
mail.hydrosulphuebml.ru,1,"AS12586 (ASGHOSTNET, DE)"
mail.hydroformemail.ru,1,"AS12586 (ASGHOSTNET, DE)"
mail.hydrometmail.com,1,"AS12586 (ASGHOSTNET, DE)"
hotmac.com.a.mxof.com,1,"AS394437 (PSLIGHTWAVE, US)"
mail.hydroeleeomail.ru,1,"AS12586 (ASGHOSTNET, DE)"
mail.hydrobmalu.ru,1,"AS12586 (ASGHOSTNET, DE)"
mail.hydromemalu.ru,1,"AS12586 (ASGHOSTNET, DE)"
mail.hydrodymail.ru,1,"AS12586 (ASGHOSTNET, DE)"
mail.hypercrli.com,1,"AS12586 (ASGHOSTNET, DE)"
mail.hyperintelmail.com,1,"AS12586 (ASGHOSTNET, DE)"
mail.hypermemale.com,1,"AS12586 (ASGHOSTNET, DE)"
mail.hyperpotasfmail.com,1,"AS12586 (ASGHOSTNET, DE)"
mail.hyperventilfml.com,1,"AS12586 (ASGHOSTNET, DE)"
hyperphalmail.com,1,"AS9123 (TIMEWEB-AS, RU)"
hyperomail.com,1,"AS9123 (TIMEWEB-AS, RU)"
mail.hypmalu.ru,1,"AS12586 (ASGHOSTNET, DE)"
mail.hymenophemail.ru,1,"AS12586 (ASGHOSTNET, DE)"
mail.hyperthmail.com,1,"AS12586 (ASGHOSTNET, DE)"
mail.hyaloplemail.ru,1,"AS12586 (ASGHOSTNET, DE)"
mail.hypnogenets.com,1,"AS12586 (ASGHOSTNET, DE)"
mail.hypoalimeemail.ru,1,"AS12586 (ASGHOSTNET, DE)"
mail.hyalini.ru,1,"AS12586 (ASGHOSTNET, DE)"
mail.hystertomail.com,1,"AS12586 (ASGHOSTNET, DE)"
mail.hypocraterili.com,1,"AS12586 (ASGHOSTNET, DE)"
mail.hypodermicml.com,1,"AS12586 (ASGHOSTNET, DE)"
mail.hypochmalis.com,1,"AS12586 (ASGHOSTNET, DE)"
mail.hypemails.ru,1,"AS12586 (ASGHOSTNET, DE)"
mail.hypemail.ru,1,"AS12586 (ASGHOSTNET, DE)"
mail.hyperkemail.ru,1,"AS12586 (ASGHOSTNET, DE)"
mail.hypocorili.com,1,"AS12586 (ASGHOSTNET, DE)"
mail.hydrobil.ru,1,"AS12586 (ASGHOSTNET, DE)"
mail.hypophysecumail.com,1,"AS12586 (ASGHOSTNET, DE)"
mail.hypermetam.ru,1,"AS12586 (ASGHOSTNET, DE)"
mail.hydromail.ru,1,"AS12586 (ASGHOSTNET, DE)"
mail.hyperlipifml.ru,1,"AS12586 (ASGHOSTNET, DE)"
mail.hydromefml.ru,1,"AS12586 (ASGHOSTNET, DE)"
mail.hydrodymails.ru,1,"AS12586 (ASGHOSTNET, DE)"
mail.hyperthyolml.ru,1,"AS12586 (ASGHOSTNET, DE)"
mail.hypsiceph.com,1,"AS12586 (ASGHOSTNET, DE)"
mail.hypovitamail.com,1,"AS12586 (ASGHOSTNET, DE)"
mail.hyposemail.com,1,"AS12586 (ASGHOSTNET, DE)"
mail.hypsistenoceli.com,1,"AS12586 (ASGHOSTNET, DE)"
mail.hypochomails.ru,1,"AS12586 (ASGHOSTNET, DE)"
mail.hypochoemail.ru,1,"AS12586 (ASGHOSTNET, DE)"
i.lovepettoys.shop,1,"AS47583 (AS-HOSTINGER, CY)"
mail.i-taiwan.tv,1,"AS36351 (SOFTLAYER, US)"
mail.hypophysectmail.ru,1,"AS12586 (ASGHOSTNET, DE)"
mail.hypomemail.ru,1,"AS12586 (ASGHOSTNET, DE)"
hybrid.trade,1,"AS14061 (DIGITALOCEAN-ASN, US)"
mail.hypothyr.ru,1,"AS12586 (ASGHOSTNET, DE)"
mail.i201zzf8x.com,1,"AS47583 (AS-HOSTINGER, CY)"
mail.hyperexcmity.ru,1,"AS12586 (ASGHOSTNET, DE)"
mail.i4j0j3iz0.com,1,"AS47583 (AS-HOSTINGER, CY)"
mail.hyperurolml.ru,1,"AS12586 (ASGHOSTNET, DE)"
mail.hypermalu.ru,1,"AS12586 (ASGHOSTNET, DE)"
_dc-mx.58eeb48e2f55.i-strony.pl,1,AS41079 198414 (Unknown)
mail.hypnoanalemail.ru,1,"AS12586 (ASGHOSTNET, DE)"
i22.site,1,"AS40021 (CONTABO-40021, US)"
mail.hypomotmail.ru,1,"AS12586 (ASGHOSTNET, DE)"
sniper.i-sens.com,1,"AS9318 (SKB-AS SK Broadband Co Ltd, KR)"
msv.softbank.jp,1,"AS17505 (SBMOBILE SoftBank Corp., JP)"
mail.hyprsmail.ru,1,"AS12586 (ASGHOSTNET, DE)"
bsf400.mailserve.co.jp,1,"AS24282 (KIR KAGOYA JAPAN Inc., JP)"
mail.i-plus.net,1,"AS12167 (LIGHTWAVE-DALLAS, US)"
mx1.jimdo.com,1,"AS27357 (RACKSPACE, US)"
mail.iamail.com,1,
nirvana.admins.ws,1,"AS29239 (I-NETPARTNER-AS, DE)"
mail.i54mail.com,1,"AS12586 (ASGHOSTNET, DE)"
mail1.i2pmail.org,1,
mail.i88i.fit,1,"AS22612 (NAMECHEAP-NET, US)"
s10708.lon1.stableserver.net,1,"AS51713 (WHG-LON, GB)"
iba-edu-pk.mail.protection.outlook.com,1,"AS8075 (MICROSOFT-CORP-MSN-AS-BLOCK, US)"
aspmx1.googlemail.com,1,
ibcooking-com.mail.protection.outlook.com,1,"AS8075 (MICROSOFT-CORP-MSN-AS-BLOCK, US)"
mail.hpinfomedia.de,1,"AS8881 (VERSATEL, DE)"
mail.iatromathemafml.com,1,"AS12586 (ASGHOSTNET, DE)"
mail.iatromatinf.com,1,"AS12586 (ASGHOSTNET, DE)"
mailcleaner.icaruslegend.com,1,"AS16276 (OVH, FR)"
mail.iaindustrie.fr,1,"AS50474 (O2SWITCH, FR)"
mail.icanfatbike.com,1,"AS46606 (UNIFIEDLAYER-AS-1, US)"
ibizaholidays.com,1,"AS26496 (AS-26496-GO-DADDY-COM-LLC, US)"
mail.iamguide.ru,1,"AS44094 (WEBHOST1-AS, RU)"
iblbildbyra.se,1,"AS35041 (NET-BINERO-STHLM1, SE)"
mx1.ibmmails.com,1,"AS200107 (KL-EXT, CH)"
mail.iconmal.com,1,"AS14061 (DIGITALOCEAN-ASN, US)"
mx.icrr2011symp.pl,1,"AS14061 (DIGITALOCEAN-ASN, US)"
mail.iamcoder.ru,1,"AS44094 (WEBHOST1-AS, RU)"
mail.icemails.top,1,"AS24940 (HETZNER-AS, DE)"
mail.ichthyolfml.com,1,"AS12586 (ASGHOSTNET, DE)"
mx1.orcon.net.nz,1,"AS9790 (TWO-DEGREES-AS-AP Two Degrees Networks Limited, NZ)"
mail.id.semar.edu.pl,1,"AS16276 (OVH, FR)"
_dc-mx.60da49c2fc5b.idealpersonaltrainers.com,1,
_dc-mx.0d794ed6f625.idcreate.site,1,"AS24940 (HETZNER-AS, DE)"
mail.idawah.com,1,"AS14061 (DIGITALOCEAN-ASN, US)"
mx.mailinator.com,1,"AS13335 (CLOUDFLARENET, US)"
mail.iconomail.ru,1,"AS12586 (ASGHOSTNET, DE)"
id-pl.mail.protection.outlook.com,1,"AS8075 (MICROSOFT-CORP-MSN-AS-BLOCK, US)"
_dc-mx.8e4148ef4be8.idealencounters.com,1,"AS24940 (HETZNER-AS, DE)"
ibx.com.br,1,"AS33182 (DIMENOC, US)"
mail.iconofkml.com,1,"AS12586 (ASGHOSTNET, DE)"
id-candyschool-eu-org.mail.protection.outlook.com,1,"AS8075 (MICROSOFT-CORP-MSN-AS-BLOCK, US)"
mail.icosahomail.com,1,"AS12586 (ASGHOSTNET, DE)"
mail.idelneftemash.ru,1,"AS28812 (JSCBIS-AS, RU)"
_dc-mx.95b6345df1fb.idf.ovh,1,"AS24940 (HETZNER-AS, DE)"
mail.ideuse.com,1,"AS14061 (DIGITALOCEAN-ASN, US)"
mail.ideiadenegocio.com,1,"AS19871 (NETWORK-SOLUTIONS-HOSTING, US)"
_dc-mx.bd5db09c9768.idfd.live,1,"AS24940 (HETZNER-AS, DE)"
mail.ichthyolomail.ru,1,"AS12586 (ASGHOSTNET, DE)"
idointucson-com.mail.protection.outlook.com,1,"AS8075 (MICROSOFT-CORP-MSN-AS-BLOCK, US)"
idrrate-com.mail.protection.outlook.com,1,"AS8075 (MICROSOFT-CORP-MSN-AS-BLOCK, US)"
idropshipper.com,1,"AS16276 (OVH, FR)"
mail.idiomalu.ru,1,"AS12586 (ASGHOSTNET, DE)"
mail.idiomunmail.com,1,"AS12586 (ASGHOSTNET, DE)"
mail.iconogrmail.ru,1,"AS12586 (ASGHOSTNET, DE)"
mail.ideologiomail.com,1,"AS12586 (ASGHOSTNET, DE)"
mail.ieatspam.eu,1,"AS24940 (HETZNER-AS, DE)"
ifchuck.com,1,"AS47583 (AS-HOSTINGER, CY)"
smtp.idont.date,1,"AS16509 (AMAZON-02, US)"
mail.idensemail.ru,1,"AS12586 (ASGHOSTNET, DE)"
mail.identific.ru,1,"AS12586 (ASGHOSTNET, DE)"
mx-domain.idvinced.com,1,"AS14061 (DIGITALOCEAN-ASN, US)"
ifavorsprt-com.mail.protection.outlook.com,1,
mail.ideograpml.ru,1,"AS12586 (ASGHOSTNET, DE)"
mail.ifomail.com,1,"AS14061 (DIGITALOCEAN-ASN, US)"
mail.idiomemail.ru,1,"AS12586 (ASGHOSTNET, DE)"
mail.idiosynmail.ru,1,"AS12586 (ASGHOSTNET, DE)"
mail.ifoxdd.com,1,"AS14061 (DIGITALOCEAN-ASN, US)"
mail-mx-01.ktc235a.fibernetics.ca,1,"AS36493 (295CA-TOR-ASN, CA)"
mail.ifsso.net,1,"AS216071 (VDSINA, AE)"
mail.idrifla.com,1,"AS53667 (PONYNET, US)"
mail.ideatimails.ru,1,"AS12586 (ASGHOSTNET, DE)"
ifmail-com.mail.protection.outlook.com,1,"AS8075 (MICROSOFT-CORP-MSN-AS-BLOCK, US)"
dcb4.patternemail.com,1,"AS14061 (DIGITALOCEAN-ASN, US)"
mail.igamingcasino.info,1,"AS209605 (HOSTBALTIC, LT)"
mail.ideologimail.ru,1,"AS12586 (ASGHOSTNET, DE)"
mail.idiofm.ru,1,"AS12586 (ASGHOSTNET, DE)"
mail.ignoranml.com,1,"AS12586 (ASGHOSTNET, DE)"
mail.idiorepmails.ru,1,"AS12586 (ASGHOSTNET, DE)"
mail.iemail.fun,1,"AS12586 (ASGHOSTNET, DE)"
mail.idmali.ru,1,"AS12586 (ASGHOSTNET, DE)"
ihamail-com.mail.protection.outlook.com,1,"AS8075 (MICROSOFT-CORP-MSN-AS-BLOCK, US)"
mail.ignomifmals.com,1,"AS12586 (ASGHOSTNET, DE)"
igeonmail.com,1,"AS9123 (TIMEWEB-AS, RU)"
igrovieavtomati.org,1,"AS202422 (GHOST, LU)"
mail.ignomail.com,1,"AS12586 (ASGHOSTNET, DE)"
mx.ijobns.com,1,"AS51167 (CONTABO, DE)"
iifinder-com.mail.protection.outlook.com,1,"AS8075 (MICROSOFT-CORP-MSN-AS-BLOCK, US)"
mail.hwy9.com,1,"AS14061 (DIGITALOCEAN-ASN, US)"
mail.ikkjacket.com,1,"AS47583 (AS-HOSTINGER, CY)"
mail.ikewe.com,1,"AS14061 (DIGITALOCEAN-ASN, US)"
msn.iirport.com,1,"AS14061 (DIGITALOCEAN-ASN, US)"
mail.ikorumi.com,1,"AS8075 (MICROSOFT-CORP-MSN-AS-BLOCK, US)"
mx.ilikeyoustore.org,1,"AS14061 (DIGITALOCEAN-ASN, US)"
idpoker99.org,1,"AS22612 (NAMECHEAP-NET, US)"
ilamseo-com.mail.protection.outlook.com,1,"AS8075 (MICROSOFT-CORP-MSN-AS-BLOCK, US)"
illimitabmail-com.mail.protection.outlook.com,1,"AS8075 (MICROSOFT-CORP-MSN-AS-BLOCK, US)"
mail.illubd.com,1,"AS24940 (HETZNER-AS, DE)"
ilimail.com,1,"AS43350 (NFORCE, NL)"
a088734.mx.mailhop.org,1,"AS16509 (AMAZON-02, US)"
_dc-mx.2e7fea9b3eed.ilsalento.info,1,"AS31034 (ARUBA-ASN, IT)"
mail.ileosigmmail.com,1,"AS12586 (ASGHOSTNET, DE)"
mail.iliofeaemail.com,1,"AS12586 (ASGHOSTNET, DE)"
ilove-com.mail.protection.outlook.com,1,"AS8075 (MICROSOFT-CORP-MSN-AS-BLOCK, US)"
mail.ilydeen.org,1,"AS47583 (AS-HOSTINGER, CY)"
racks.illnessth.com,1,"AS14061 (DIGITALOCEAN-ASN, US)"
mail.imageninnova.com,1,"AS46606 (UNIFIEDLAYER-AS-1, US)"
mail.illegitifl.com,1,"AS12586 (ASGHOSTNET, DE)"
gatew2rh0o.iloveion.com,1,"AS14061 (DIGITALOCEAN-ASN, US)"
mail.iliofmk.com,1,"AS12586 (ASGHOSTNET, DE)"
mail.illiqutomail.com,1,"AS12586 (ASGHOSTNET, DE)"
mail.ikomunia.pl,1,"AS8308 (NASK-COMMERCIAL, PL)"
mail.imagesnuptial.com,1,"AS212192 (INTELI-TECH-DEVELOPMENT-SRL, RO)"
mail.imalias.com,1,"AS14061 (DIGITALOCEAN-ASN, US)"
mail.illusofmk.com,1,"AS12586 (ASGHOSTNET, DE)"
imagnumhealthcare-com.mail.protection.outlook.com,1,"AS8075 (MICROSOFT-CORP-MSN-AS-BLOCK, US)"
mail.ikbenspamvrij.nl,1,"AS50673 (SERVERIUS-AS, NL)"
mail.illegimails.ru,1,"AS12586 (ASGHOSTNET, DE)"
mail.imfaya.com,1,"AS14061 (DIGITALOCEAN-ASN, US)"
m-01b.th.seeweb.it,1,
imail.edu.vn,1,"AS20068 (HAWKHOST, CA)"
mail.iitb.in,1,"AS34689 (HOSTEROID, RO)"
mail.illumifmail.ru,1,"AS12586 (ASGHOSTNET, DE)"
_dc-mx.27c33030a41e.immo-rocket.fr,1,"AS50474 (O2SWITCH, FR)"
_dc-mx.b8d3fa2e44e1.imgresizer.shop,1,"AS40676 (AS40676, US)"
mx4.chinanetsun.com,1,"AS4811 (CHINANET-SHANGHAI-MAN China Telecom Group, CN)"
_dc-mx.da3b9eb7f901.imgtokyo.com,1,"AS206264 (AMARUTU-TECHNOLOGY, SC)"
mail.imatrekkie.com,1,"AS4739 (INTERNODE-AS Internode Pty Ltd, AU)"
mail.imnart.com,1,"AS14061 (DIGITALOCEAN-ASN, US)"
mail.illegitimoemail.ru,1,"AS12586 (ASGHOSTNET, DE)"
mail.iconicompany.com,1,"AS208677 (CLOUDRU-AS, RU)"
dpsmartmail35.doteasy.com,1,"AS36218 (WHG-CAN, GB)"
mail.illegitimail.ru,1,"AS12586 (ASGHOSTNET, DE)"
mail.illegiemail.ru,1,"AS12586 (ASGHOSTNET, DE)"
mail.immunochefmail.com,1,"AS12586 (ASGHOSTNET, DE)"
mail.imagirsmail.ru,1,"AS12586 (ASGHOSTNET, DE)"
mail.immunosuppmail.ru,1,"AS12586 (ASGHOSTNET, DE)"
mx.imovie.link,1,"AS29873 (BIZLAND-SD, US)"
imperialmanagement-com.mail.protection.outlook.com,1,"AS8075 (MICROSOFT-CORP-MSN-AS-BLOCK, US)"
mail.immateriamail.ru,1,"AS12586 (ASGHOSTNET, DE)"
mail.improvedtt.com,1,"AS47583 (AS-HOSTINGER, CY)"
mail.immethodicfl.com,1,"AS12586 (ASGHOSTNET, DE)"
imails.asso.st,1,"AS16276 (OVH, FR)"
impactmarketing-global.mail.protection.outlook.com,1,"AS8075 (MICROSOFT-CORP-MSN-AS-BLOCK, US)"
mail.imaginmail.ru,1,"AS12586 (ASGHOSTNET, DE)"
mail.immunoelectrmail.com,1,"AS12586 (ASGHOSTNET, DE)"
mail.immunocmail.com,1,"AS12586 (ASGHOSTNET, DE)"
immatmail.com,1,"AS9123 (TIMEWEB-AS, RU)"
_dc-mx.1428d86ff443.improvolympic.com,1,"AS213230 (HETZNER-CLOUD2-AS, DE)"
mail.imitrex-sumatriptan.com,1,"AS24940 (HETZNER-AS, DE)"
_dc-mx.338f29f69d66.imswa.com,1,"AS51167 (CONTABO, DE)"
mail.imitatomail.ru,1,"AS12586 (ASGHOSTNET, DE)"
_dc-mx.0a498d498a16.imtheoneivebeenlookingfor.com,1,"AS31898 (ORACLE-BMC-31898, US)"
mail.impersmail.com,1,"AS12586 (ASGHOSTNET, DE)"
mail.imperturbmail.com,1,"AS12586 (ASGHOSTNET, DE)"
imap.fr.nf,1,"AS16276 (OVH, FR)"
mail.impolitmail.com,1,"AS12586 (ASGHOSTNET, DE)"
mail.imvast.live,1,"AS203446 (AS203446, GB)"
mail.implementafkml.com,1,"AS12586 (ASGHOSTNET, DE)"
mail.imexcointernational.com,1,"AS38532 (EXABYTES-AS-AP Exabytes Network Singapore Pte. Ltd., SG)"
mail.imperscrisemail.com,1,"AS12586 (ASGHOSTNET, DE)"
improveweb.store,1,"AS16276 (OVH, FR)"
mail.immobilmail.ru,1,"AS12586 (ASGHOSTNET, DE)"
imuasouthwest-com.mail.protection.outlook.com,1,"AS8075 (MICROSOFT-CORP-MSN-AS-BLOCK, US)"
mail.imstations.com,1,"AS24940 (HETZNER-AS, DE)"
mail.implauemail.ru,1,"AS12586 (ASGHOSTNET, DE)"
in-wordprezz.com,1,"AS46606 (UNIFIEDLAYER-AS-1, US)"
mail.immunosuppremail.ru,1,"AS12586 (ASGHOSTNET, DE)"
imelgeesa.my.id,1,"AS22612 (NAMECHEAP-NET, US)"
imh.life,1,"AS49981 (WORLDSTREAM, NL)"
mail.imirsmail.ru,1,"AS12586 (ASGHOSTNET, DE)"
mx.fw.bytemail.io,1,"AS47583 (AS-HOSTINGER, CY)"
mail.impeemail.ru,1,"AS12586 (ASGHOSTNET, DE)"
mail.imparisymyu.ru,1,"AS12586 (ASGHOSTNET, DE)"
mail.inboxeen.com,1,"AS63949 (AKAMAI-LINODE-AP Akamai Connected Cloud, SG)"
mail.imprezorganizacja.pl,1,"AS47544 (IQPL-AS, PL)"
w00a66b4.kasserver.com,1,"AS34788 (NMM-AS D - 02742 Friedersdorf Hauptstrasse 68, DE)"
mail.immethodicme.ru,1,"AS12586 (ASGHOSTNET, DE)"
mail.immmail.ru,1,"AS12586 (ASGHOSTNET, DE)"
mail1.inboxes.com,1,"AS16276 (OVH, FR)"
mail.inboxbear.com,1,"AS16276 (OVH, FR)"
mail.immova.ru,1,"AS12586 (ASGHOSTNET, DE)"
mail.implaemail.ru,1,"AS12586 (ASGHOSTNET, DE)"
mx.inboxorigin.com,1,"AS16276 (OVH, FR)"
mail.impolimail.ru,1,"AS12586 (ASGHOSTNET, DE)"
mail.inboxgate.rest,1,"AS14061 (DIGITALOCEAN-ASN, US)"
mail.immunopamalu.ru,1,"AS12586 (ASGHOSTNET, DE)"
mail.immobilizmail.ru,1,"AS12586 (ASGHOSTNET, DE)"
pmg.in-ulm.de,1,"AS25538 (IN-ULM, DE)"
mail.immunoche.ru,1,"AS12586 (ASGHOSTNET, DE)"
inbaca-com.mail.protection.outlook.com,1,"AS8075 (MICROSOFT-CORP-MSN-AS-BLOCK, US)"
ingress.inboxes.app,1,"AS16276 (OVH, FR)"
mail.inaccfkml.com,1,"AS12586 (ASGHOSTNET, DE)"
mail.impracticmail.ru,1,"AS12586 (ASGHOSTNET, DE)"
mx.testmail.app,1,"AS14618 (AMAZON-AES, US)"
mail.impecunmalu.ru,1,"AS12586 (ASGHOSTNET, DE)"
mail.impartibebml.ru,1,"AS12586 (ASGHOSTNET, DE)"
mail.imperceptibfm.ru,1,"AS12586 (ASGHOSTNET, DE)"
mail.inboxmails.de,1,"AS214481 (WCZAPKOWICZ-AS as214481as-wczapkowicz Chunkserve Backbone Transit, PL)"
mail.imperiamails.ru,1,"AS12586 (ASGHOSTNET, DE)"
mail.inapproamail.com,1,"AS12586 (ASGHOSTNET, DE)"
ksmg.sbercloud.ru,1,"AS208677 (CLOUDRU-AS, RU)"
mail.imobiliare.blog,1,"AS24940 (HETZNER-AS, DE)"
mail.impermalu.ru,1,"AS12586 (ASGHOSTNET, DE)"
incisivemedia-com.mail.protection.outlook.com,1,"AS8075 (MICROSOFT-CORP-MSN-AS-BLOCK, US)"
mail.inclick.net,1,"AS36351 (SOFTLAYER, US)"
mail.inboxturtle.dev,1,"AS24940 (HETZNER-AS, DE)"
mail.imparml.ru,1,"AS12586 (ASGHOSTNET, DE)"
mail.impetumail.ru,1,"AS12586 (ASGHOSTNET, DE)"
mail.impersml.ru,1,"AS12586 (ASGHOSTNET, DE)"
mail.impeaaemail.ru,1,"AS12586 (ASGHOSTNET, DE)"
mail.incondensmail.com,1,"AS40021 (CONTABO-40021, US)"
mail.incardinaufml.ru,1,"AS12586 (ASGHOSTNET, DE)"
mail.imperimail.ru,1,"AS12586 (ASGHOSTNET, DE)"
mail.inauthormail.com,1,"AS12586 (ASGHOSTNET, DE)"
inappreciatmail.com,1,"AS9123 (TIMEWEB-AS, RU)"
mail.increase5f.com,1,"AS47583 (AS-HOSTINGER, CY)"
mail.incombustili.com,1,"AS12586 (ASGHOSTNET, DE)"
mail.inddweg.com,1,"AS47583 (AS-HOSTINGER, CY)"
mail.improbabimyu.ru,1,"AS12586 (ASGHOSTNET, DE)"
mail.incommunmail.ru,1,"AS12586 (ASGHOSTNET, DE)"
mail.imperiya1.ru,1,"AS44094 (WEBHOST1-AS, RU)"
mx1.inboxmails.net,1,"AS200107 (KL-EXT, CH)"
incomprehensmail.com,1,"AS9123 (TIMEWEB-AS, RU)"
dkim.incrots.com,1,"AS14061 (DIGITALOCEAN-ASN, US)"
mail.inappmails.ru,1,"AS12586 (ASGHOSTNET, DE)"
impsn.org,1,"AS16276 (OVH, FR)"
mail.inartistimail.ru,1,"AS12586 (ASGHOSTNET, DE)"
mail.improvml.ru,1,"AS12586 (ASGHOSTNET, DE)"
mail.inapprecimail.ru,1,"AS12586 (ASGHOSTNET, DE)"
mail.alphainstinct.ro,1,"AS12876 (Online SAS, FR)"
a446530.mx.mailhop.org,1,"AS16509 (AMAZON-02, US)"
mail.inboxpro.top,1,"AS16276 (OVH, FR)"
mail.incommumail.com,1,"AS12586 (ASGHOSTNET, DE)"
mail.inboxalias.com,1,"AS16276 (OVH, FR)"
incrediemail.com,1,"AS393960 (HOST4GEEKS-LLC, US)"
mail.incommutali.com,1,"AS12586 (ASGHOSTNET, DE)"
mail.inconsequenfl.com,1,"AS12586 (ASGHOSTNET, DE)"
mail.dynip.asia,1,"AS213230 (HETZNER-CLOUD2-AS, DE)"
mail.romancesgroup.com,1,"AS14061 (DIGITALOCEAN-ASN, US)"
mail.inartmail.ru,1,"AS12586 (ASGHOSTNET, DE)"
mail.incomprehensiblfkml.com,1,"AS12586 (ASGHOSTNET, DE)"
mail.incondenli.com,1,"AS12586 (ASGHOSTNET, DE)"
mail.incredisemail.com,1,"AS12586 (ASGHOSTNET, DE)"
mail.incommunmail.com,1,"AS12586 (ASGHOSTNET, DE)"
mail.indianahorsecouncil.org,1,"AS44486 (SYNLINQ synlinq.de, DE)"
incompatimail.com,1,"AS9123 (TIMEWEB-AS, RU)"
mail.incunaml.com,1,"AS12586 (ASGHOSTNET, DE)"
mail.indiho.info,1,"AS41079 (CF-GDA, PL)"
mail.inalteramail.ru,1,"AS12586 (ASGHOSTNET, DE)"
mail.inartemail.ru,1,"AS12586 (ASGHOSTNET, DE)"
mail.inartiemail.ru,1,"AS12586 (ASGHOSTNET, DE)"
mail.inauthemail.ru,1,"AS12586 (ASGHOSTNET, DE)"
mail.inalienabfmail.ru,1,"AS12586 (ASGHOSTNET, DE)"
a923185.mx.mailhop.org,1,"AS16509 (AMAZON-02, US)"
mail.inartmails.ru,1,"AS12586 (ASGHOSTNET, DE)"
mail.indescrifml.com,1,"AS12586 (ASGHOSTNET, DE)"
mail.individpt.ru,1,"AS12586 (ASGHOSTNET, DE)"
indus-tech.mail.protection.outlook.com,1,
mail.incomemail.ru,1,"AS12586 (ASGHOSTNET, DE)"
mail.huzurevi.net,1,"AS209711 (MUVHOST, TR)"
mail.incommensumails.ru,1,"AS12586 (ASGHOSTNET, DE)"
mail.indivimail.com,1,"AS12586 (ASGHOSTNET, DE)"
mail.inconsidermail.ru,1,"AS12586 (ASGHOSTNET, DE)"
mx1.indiego.host,1,"AS200107 (KL-EXT, CH)"
mail.inconsidmails.ru,1,"AS12586 (ASGHOSTNET, DE)"
mail.incalculabmail.ru,1,"AS12586 (ASGHOSTNET, DE)"
mail.indemail.ru,1,"AS12586 (ASGHOSTNET, DE)"
mail.indistinguimail.com,1,"AS12586 (ASGHOSTNET, DE)"
mail.indissolmalu.ru,1,"AS12586 (ASGHOSTNET, DE)"
ineedmoney-com.mail.protection.outlook.com,1,"AS8075 (MICROSOFT-CORP-MSN-AS-BLOCK, US)"
mail.indissolumy.com,1,"AS12586 (ASGHOSTNET, DE)"
mail.indiscrimmails.ru,1,"AS12586 (ASGHOSTNET, DE)"
mail.indefinaemail.ru,1,"AS12586 (ASGHOSTNET, DE)"
mail.indesolml.ru,1,"AS12586 (ASGHOSTNET, DE)"
mail2.bahnhof.se,1,"AS8473 (BAHNHOF, SE)"
mail.incomprehml.ru,1,"AS12586 (ASGHOSTNET, DE)"
mail.incommensmails.ru,1,"AS12586 (ASGHOSTNET, DE)"
indobetting.net,1,"AS22612 (NAMECHEAP-NET, US)"
mail.incontrovemail.ru,1,"AS12586 (ASGHOSTNET, DE)"
mail.incorpoml.ru,1,"AS12586 (ASGHOSTNET, DE)"
mail.incommoml.ru,1,"AS12586 (ASGHOSTNET, DE)"
mail.incommumity.ru,1,"AS12586 (ASGHOSTNET, DE)"
mail.incompolml.ru,1,"AS12586 (ASGHOSTNET, DE)"
mail.infeasibiumail.com,1,"AS12586 (ASGHOSTNET, DE)"
mail.indiscipl.ru,1,"AS12586 (ASGHOSTNET, DE)"
mail.indubitic.com,1,"AS12586 (ASGHOSTNET, DE)"
mail.indiscrimimail.ru,1,"AS12586 (ASGHOSTNET, DE)"
mail.indefemail.ru,1,"AS12586 (ASGHOSTNET, DE)"
mail.infinfmail.com,1,"AS12586 (ASGHOSTNET, DE)"
mail.indemails.ru,1,"AS12586 (ASGHOSTNET, DE)"
mail.indescribamail.ru,1,"AS12586 (ASGHOSTNET, DE)"
mail.industrialimy.com,1,"AS12586 (ASGHOSTNET, DE)"
mail.inelegfml.com,1,"AS12586 (ASGHOSTNET, DE)"
mail.indefatmyu.ru,1,"AS12586 (ASGHOSTNET, DE)"
mail.inestimmail.com,1,"AS12586 (ASGHOSTNET, DE)"
mail.indelml.ru,1,"AS12586 (ASGHOSTNET, DE)"
mail.indeterminality.ru,1,"AS12586 (ASGHOSTNET, DE)"
mail.inequitabmails.ru,1,"AS12586 (ASGHOSTNET, DE)"
mail.ineffacfkml.com,1,"AS12586 (ASGHOSTNET, DE)"
mail.ineffectumail.com,1,"AS12586 (ASGHOSTNET, DE)"
mail.inexplicabfkml.com,1,"AS12586 (ASGHOSTNET, DE)"
mail.inexpressic.com,1,"AS12586 (ASGHOSTNET, DE)"
mail.inexhausinf.com,1,"AS12586 (ASGHOSTNET, DE)"
indogame.site,1,"AS135360 (ARGONDATANETWORK-AS-AP Argon Data Network, ID)"
inemimail.com,1,"AS9123 (TIMEWEB-AS, RU)"
mail.inexterfml.com,1,"AS12586 (ASGHOSTNET, DE)"
mail.infeainf.com,1,"AS12586 (ASGHOSTNET, DE)"
mail.inextrili.com,1,"AS12586 (ASGHOSTNET, DE)"
mail.inevitabf.ru,1,"AS12586 (ASGHOSTNET, DE)"
mail.infinitybooksjapan.org,1,"AS31898 (ORACLE-BMC-31898, US)"
mail.indistribmail.ru,1,"AS12586 (ASGHOSTNET, DE)"
mail.indumail.ru,1,"AS12586 (ASGHOSTNET, DE)"
mail.ineffectuamail.ru,1,"AS12586 (ASGHOSTNET, DE)"
mail.infinitesfml.com,1,"AS12586 (ASGHOSTNET, DE)"
mail.indiscriminmail.ru,1,"AS12586 (ASGHOSTNET, DE)"
mail.indiscrmails.ru,1,"AS12586 (ASGHOSTNET, DE)"
mail-mx1.infolinewest.com,1,"AS14061 (DIGITALOCEAN-ASN, US)"
mail.indispupt.ru,1,"AS12586 (ASGHOSTNET, DE)"
mail.infinitmail.com,1,"AS12586 (ASGHOSTNET, DE)"
mail.infinitesmy.com,1,"AS12586 (ASGHOSTNET, DE)"
indianembassyusa.gov.in,1,"AS18229 (CTRLS-AS-IN CtrlS, IN)"
mail.individusmail.ru,1,"AS12586 (ASGHOSTNET, DE)"
mail.informini.site,1,"AS22612 (NAMECHEAP-NET, US)"
mail.ineffec.ru,1,"AS12586 (ASGHOSTNET, DE)"
mail.indistriml.ru,1,"AS12586 (ASGHOSTNET, DE)"
mail.inexorabmity.ru,1,"AS12586 (ASGHOSTNET, DE)"
mail.inexecmail.ru,1,"AS12586 (ASGHOSTNET, DE)"
mx.ingrich.com,1,"AS51167 (CONTABO, DE)"
3407be7ee4e82eb6c4d548a93d7a60.pamx1.hotmail.com,1,"AS8075 (MICROSOFT-CORP-MSN-AS-BLOCK, US)"
mail.infeasf.ru,1,"AS12586 (ASGHOSTNET, DE)"
indobola228.net,1,"AS26496 (AS-26496-GO-DADDY-COM-LLC, US)"
informatykbiurowy.pl,1,"AS15967 (NETARTGROUP, PL)"
mail.indusmails.ru,1,"AS12586 (ASGHOSTNET, DE)"
infusit-com.mail.protection.outlook.com,1,"AS8075 (MICROSOFT-CORP-MSN-AS-BLOCK, US)"
_dc-mx.3afb73389771.initoko.online,1,"AS58487 (CRI-AS-AP CV. Rumahweb Indonesia, ID)"
mail.inet.net.id,1,"AS24532 (INET-AS-ID PT. Inet Global Indo, ID)"
mail.inerfmail.ru,1,"AS12586 (ASGHOSTNET, DE)"
ex3bq5w.inglosh.com,1,"AS14061 (DIGITALOCEAN-ASN, US)"
mail.inexpmail.ru,1,"AS12586 (ASGHOSTNET, DE)"
informagico-it.mail.protection.outlook.com,1,"AS8075 (MICROSOFT-CORP-MSN-AS-BLOCK, US)"
mail.infaemail.ru,1,"AS12586 (ASGHOSTNET, DE)"
mail.infraclavifml.com,1,"AS12586 (ASGHOSTNET, DE)"
mail.inlandnwroofingandrepair.com,1,"AS55293 (A2HOSTING, US)"
mail.inferobranmail.ru,1,"AS12586 (ASGHOSTNET, DE)"
mail.infecs.ru,1,"AS12586 (ASGHOSTNET, DE)"
mail.ingam.online,1,"AS40021 (CONTABO-40021, US)"
inktuativ-com.mail.protection.outlook.com,1,"AS8075 (MICROSOFT-CORP-MSN-AS-BLOCK, US)"
mail.inmail7.com,1,"AS14061 (DIGITALOCEAN-ASN, US)"
inhomeideas.com,1,"AS40244 (TURNKEY-INTERNET, US)"
rte01.initwag.com,1,"AS14061 (DIGITALOCEAN-ASN, US)"
mail.ingam.top,1,"AS24940 (HETZNER-AS, DE)"
mail.inohm.com,1,"AS63949 (AKAMAI-LINODE-AP Akamai Connected Cloud, SG)"
mail.imails.info,1,"AS48314 (IP-PROJECTS, DE)"
aupro1.fcomet.com,1,"AS216180 (WHG-AUS, GB)"
malibuzz.inlandharmonychorus.org,1,"AS51167 (CONTABO, DE)"
infoslot88.com,1,"AS214036 (ULTAHOST-AS, US)"
mail.innermongolia.com,1,"AS19318 (IS-AS-1, US)"
_dc-mx.58d594ac3326.insgrmail.site,1,"AS24940 (HETZNER-AS, DE)"
mail.tdax.vn,1,"AS38731 (VTDC-AS-VN Vietel - CHT Compamy Ltd, VN)"
mail.inguimails.ru,1,"AS12586 (ASGHOSTNET, DE)"
mail.insigniatalks.com,1,"AS204601 (PODAON, NL)"
inno.tel,1,"AS16276 (OVH, FR)"
placlux-com-br.mail.protection.outlook.com,1,"AS8075 (MICROSOFT-CORP-MSN-AS-BLOCK, US)"
infos.st,1,"AS16276 (OVH, FR)"
mail.inshuan.com,1,"AS14061 (DIGITALOCEAN-ASN, US)"
industrialelectronica.com,1,"AS61493 (InterBS S.R.L. BAEHOST, AR)"
mail.innovatifmk.com,1,"AS12586 (ASGHOSTNET, DE)"
insideviewinspections.com,1,"AS14061 (DIGITALOCEAN-ASN, US)"
mail.inoperabfml.com,1,"AS12586 (ASGHOSTNET, DE)"
mail.instantletter.net,1,"AS212772 (ADGUARD, CY)"
mx1.inlovevk.net,1,"AS200107 (KL-EXT, CH)"
mail.ingursmail.ru,1,"AS12586 (ASGHOSTNET, DE)"
instapixel-com.mail.protection.outlook.com,1,
mail.initializmail.ru,1,"AS12586 (ASGHOSTNET, DE)"
_dc-mx.023b5d5df80b.instantmessage.online,1,"AS16276 (OVH, FR)"
mail.inimitrsmail.ru,1,"AS12586 (ASGHOSTNET, DE)"
mail.insalubfml.com,1,"AS12586 (ASGHOSTNET, DE)"
mail.insidiouomail.com,1,"AS12586 (ASGHOSTNET, DE)"
mail.instantbox.online,1,"AS19318 (IS-AS-1, US)"
_dc-mx.2df48eac064d.instant-email.org,1,"AS35916 (MULTA-ASN1, US)"
mail.inspiraml.com,1,"AS12586 (ASGHOSTNET, DE)"
mail.insideoffer.site,1,"AS198610 (BEGET-AS, RU)"
insocmail.com,1,"AS9123 (TIMEWEB-AS, RU)"
mail.insensimyu.ru,1,"AS12586 (ASGHOSTNET, DE)"
mail.insensimail.ru,1,"AS12586 (ASGHOSTNET, DE)"
mail.instantsemail.com,1,"AS12586 (ASGHOSTNET, DE)"
mail.inseparmalu.ru,1,"AS12586 (ASGHOSTNET, DE)"
malibuzz.interactionpolls.com,1,"AS51167 (CONTABO, DE)"
mail.insane.nq.pl,1,"AS34324 (NETLINK-AS ul. Korabnicka 9, 32-050 Skawina, Poland, PL)"
mail.institutioic.com,1,"AS12586 (ASGHOSTNET, DE)"
mail.institutionmail.com,1,"AS12586 (ASGHOSTNET, DE)"
mail.inoperfmail.ru,1,"AS12586 (ASGHOSTNET, DE)"
mail.insubsmail.com,1,"AS12586 (ASGHOSTNET, DE)"
mail.institutiomail.ru,1,"AS12586 (ASGHOSTNET, DE)"
ns3820.banahosting.com,1,"AS23352 (SERVERCENTRAL, US)"
mail.intercomfmals.com,1,"AS12586 (ASGHOSTNET, DE)"
mail0001.interfee.it,1,"AS24940 (HETZNER-AS, DE)"
mail.intaglaemail.com,1,"AS12586 (ASGHOSTNET, DE)"
mail.insurmountamail.ru,1,"AS12586 (ASGHOSTNET, DE)"
mx.internetallure.com,1,"AS14061 (DIGITALOCEAN-ASN, US)"
interimsac-com.mail.protection.outlook.com,1,"AS8075 (MICROSOFT-CORP-MSN-AS-BLOCK, US)"
mail.inquisitaml.ru,1,"AS12586 (ASGHOSTNET, DE)"
x07.i.ismtp.integra.net,1,"AS7385 (ABUL-14-7385, US)"
mail.interfratmail.ru,1,"AS12586 (ASGHOSTNET, DE)"
mail.inteemail.ru,1,"AS12586 (ASGHOSTNET, DE)"
mail.insalubmail.ru,1,"AS12586 (ASGHOSTNET, DE)"
mail.insemifmail.ru,1,"AS12586 (ASGHOSTNET, DE)"
mail.intellectuainf.com,1,"AS12586 (ASGHOSTNET, DE)"
mail.interfetomail.com,1,"AS12586 (ASGHOSTNET, DE)"
mail.intellectumy.com,1,"AS12586 (ASGHOSTNET, DE)"
mail.intelleinf.com,1,"AS12586 (ASGHOSTNET, DE)"
mail.interdenominamail.com,1,"AS12586 (ASGHOSTNET, DE)"
mail.insurrectmail.ru,1,"AS12586 (ASGHOSTNET, DE)"
mail.inspirofmus.ru,1,"AS12586 (ASGHOSTNET, DE)"
mail.interdenommail.com,1,"AS12586 (ASGHOSTNET, DE)"
mail.interaxiruby.ru,1,"AS12586 (ASGHOSTNET, DE)"
mail.interdepartli.com,1,"AS12586 (ASGHOSTNET, DE)"
vps-d7448b7e.vps.ovh.net,1,"AS16276 (OVH, FR)"
pl1-bhs6.hostingpanel1.com,1,
mail.interfml.com,1,"AS12586 (ASGHOSTNET, DE)"
mail.intermli.com,1,"AS12586 (ASGHOSTNET, DE)"
mail.interfrsmail.ru,1,"AS12586 (ASGHOSTNET, DE)"
mail.intermodumail.com,1,"AS12586 (ASGHOSTNET, DE)"
mail.interminli.com,1,"AS12586 (ASGHOSTNET, DE)"
mail.interminismy.com,1,"AS12586 (ASGHOSTNET, DE)"
mail.internatimails.ru,1,"AS12586 (ASGHOSTNET, DE)"
mail.intelligebml.ru,1,"AS12586 (ASGHOSTNET, DE)"
interpath-com.mail.protection.outlook.com,1,"AS8075 (MICROSOFT-CORP-MSN-AS-BLOCK, US)"
mail.intellectkl.ru,1,"AS12586 (ASGHOSTNET, DE)"
mail.intobx.com,1,"AS14061 (DIGITALOCEAN-ASN, US)"
mail.intellectumail.ru,1,"AS12586 (ASGHOSTNET, DE)"
mail.instimail.ru,1,"AS12586 (ASGHOSTNET, DE)"
intim2.net,1,"AS32181 (ASN-GIGENET, US)"
internatmail.com,1,"AS9123 (TIMEWEB-AS, RU)"
mail.institutionfmail.ru,1,"AS12586 (ASGHOSTNET, DE)"
mail.interdepemalu.ru,1,"AS12586 (ASGHOSTNET, DE)"
intoit-se.mail.protection.outlook.com,1,"AS8075 (MICROSOFT-CORP-MSN-AS-BLOCK, US)"
a349949.mx.mailhop.org,1,"AS16509 (AMAZON-02, US)"
mail.introex.com,1,"AS14061 (DIGITALOCEAN-ASN, US)"
mail.instrumentmail.ru,1,"AS12586 (ASGHOSTNET, DE)"
mail.insubordinmail.ru,1,"AS12586 (ASGHOSTNET, DE)"
mail.insurrectigmail.ru,1,"AS12586 (ASGHOSTNET, DE)"
mail.interpellomail.com,1,"AS12586 (ASGHOSTNET, DE)"
mail.interimail.ru,1,"AS12586 (ASGHOSTNET, DE)"
mail.insurrect.ru,1,"AS12586 (ASGHOSTNET, DE)"
mail.interdiscpt.ru,1,"AS12586 (ASGHOSTNET, DE)"
poczta.internetdodomu.pl,1,"AS31242 (TKPSA-AS, PL)"
mail.interpenetrfml.com,1,"AS12586 (ASGHOSTNET, DE)"
mailstation.uu.net,1,"AS701 (UUNET, US)"
mail.interlorsmail.ru,1,"AS12586 (ASGHOSTNET, DE)"
mail.intermpt.ru,1,"AS12586 (ASGHOSTNET, DE)"
mail.interlinemail.ru,1,"AS12586 (ASGHOSTNET, DE)"
mxa-00169c01.gslb.pphosted.com,1,"AS22843 (PROOFPOINT-ASN-US-EAST, US)"
mail.intermmail.ru,1,"AS12586 (ASGHOSTNET, DE)"
mail.interventrifmail.com,1,"AS12586 (ASGHOSTNET, DE)"
mail.inversiq.cfd,1,"AS203446 (AS203446, GB)"
mail.internaemail.ru,1,"AS12586 (ASGHOSTNET, DE)"
mx2.intimacly.com,1,"AS200107 (KL-EXT, CH)"
mail.intelligefml.ru,1,"AS12586 (ASGHOSTNET, DE)"
mx08.rackhost.hu,1,"AS210579 (RACKHOST-AS, HU)"
mx1.intomail.win,1,"AS200107 (KL-EXT, CH)"
interwin99.net,1,"AS212238 (CDNEXT, GB)"
mail.interambumail.ru,1,"AS12586 (ASGHOSTNET, DE)"
mail.interfrat.ru,1,"AS12586 (ASGHOSTNET, DE)"
mail.intolefml.com,1,"AS12586 (ASGHOSTNET, DE)"
mail.intoleric.com,1,"AS12586 (ASGHOSTNET, DE)"
mail.interdivegai.ru,1,"AS12586 (ASGHOSTNET, DE)"
mail.investingtur.com,1,"AS8492 (OBIT-AS OBIT Ltd., RU)"
mail.interfemail.ru,1,"AS12586 (ASGHOSTNET, DE)"
mail.interconfmail.ru,1,"AS12586 (ASGHOSTNET, DE)"
mail.interdependmail.ru,1,"AS12586 (ASGHOSTNET, DE)"
mail.interfero.ru,1,"AS12586 (ASGHOSTNET, DE)"
mail.interspamail.ru,1,"AS12586 (ASGHOSTNET, DE)"
mail.interjacvegai.ru,1,"AS12586 (ASGHOSTNET, DE)"
mail.interfeemail.ru,1,"AS12586 (ASGHOSTNET, DE)"
mail.intermmalu.ru,1,"AS12586 (ASGHOSTNET, DE)"
mail.interjectiruby.ru,1,"AS12586 (ASGHOSTNET, DE)"
mail.inzura.net,1,"AS22612 (NAMECHEAP-NET, US)"
mail.interwin99.org,1,"AS9808 (CHINAMOBILE-CN China Mobile Communications Group Co., Ltd., CN)"
mail.interiorin.ru,1,"AS210079 (EUROBYTE, RU)"
mail.intoxicamail.ru,1,"AS12586 (ASGHOSTNET, DE)"
mail.intracutli.com,1,"AS12586 (ASGHOSTNET, DE)"
mail.interrelatiomail.ru,1,"AS12586 (ASGHOSTNET, DE)"
mail.interlaemail.ru,1,"AS12586 (ASGHOSTNET, DE)"
mail.intramurumail.com,1,"AS12586 (ASGHOSTNET, DE)"
mail.interminkl.ru,1,"AS12586 (ASGHOSTNET, DE)"
mail.intermeemail.ru,1,"AS12586 (ASGHOSTNET, DE)"
mail.intermomail.ru,1,"AS12586 (ASGHOSTNET, DE)"
mail.intraperitonomail.com,1,"AS12586 (ASGHOSTNET, DE)"
mail.intermedmail.ru,1,"AS12586 (ASGHOSTNET, DE)"
a931954.mx.mailhop.org,1,"AS16509 (AMAZON-02, US)"
mail.internatismail.ru,1,"AS12586 (ASGHOSTNET, DE)"
mail.intimmail.ru,1,"AS12586 (ASGHOSTNET, DE)"
mail.ioea.net,1,"AS14061 (DIGITALOCEAN-ASN, US)"
mail.internatmalu.ru,1,"AS12586 (ASGHOSTNET, DE)"
investfxlearning.com,1,"AS16276 (OVH, FR)"
mail.invariml.com,1,"AS12586 (ASGHOSTNET, DE)"
mail.invarli.com,1,"AS12586 (ASGHOSTNET, DE)"
mx1.intomail.bid,1,"AS200107 (KL-EXT, CH)"
ionucated.com,1,"AS47583 (AS-HOSTINGER, CY)"
mail.ioplo.com,1,"AS14061 (DIGITALOCEAN-ASN, US)"
invalemail.com,1,"AS9123 (TIMEWEB-AS, RU)"
mail.intramolevegai.ru,1,"AS12586 (ASGHOSTNET, DE)"
mail.interrelvegai.ru,1,"AS12586 (ASGHOSTNET, DE)"
mail.interplamail.ru,1,"AS12586 (ASGHOSTNET, DE)"
smtp-box-01.iol.pt,1,"AS1897 (EUNET, PT)"
mail.interplanetary.ru,1,"AS12586 (ASGHOSTNET, DE)"
mail.interpenrsmail.ru,1,"AS12586 (ASGHOSTNET, DE)"
mail.intestml.ru,1,"AS12586 (ASGHOSTNET, DE)"
mail.intervenemail.ru,1,"AS12586 (ASGHOSTNET, DE)"
mail.intertesseemail.ru,1,"AS12586 (ASGHOSTNET, DE)"
mail.interpumail.ru,1,"AS12586 (ASGHOSTNET, DE)"
mail.intramomail.ru,1,"AS12586 (ASGHOSTNET, DE)"
lsbak001.inwagit.com,1,"AS14061 (DIGITALOCEAN-ASN, US)"
mail.intestifml.ru,1,"AS12586 (ASGHOSTNET, DE)"
mail.invisibiumail.com,1,"AS12586 (ASGHOSTNET, DE)"
mail.invincemail.ru,1,"AS12586 (ASGHOSTNET, DE)"
mail.intmails.ru,1,"AS12586 (ASGHOSTNET, DE)"
mail.iodsemail.com,1,"AS12586 (ASGHOSTNET, DE)"
mail.intradepartmmail.ru,1,"AS12586 (ASGHOSTNET, DE)"
mail.intrinsimail.ru,1,"AS12586 (ASGHOSTNET, DE)"
mail.intracrsmail.ru,1,"AS12586 (ASGHOSTNET, DE)"
mail.intraterrif.ru,1,"AS12586 (ASGHOSTNET, DE)"
mail.taunusstein.net,1,"AS24940 (HETZNER-AS, DE)"
mail.invenmalu.ru,1,"AS12586 (ASGHOSTNET, DE)"
mail.intxr.com,1,"AS15685 (CASABLANCA-AS Internet & Collocation Provider, CZ)"
mx6.iphonemsk.com,1,
mail.invaluablfkml.ru,1,"AS12586 (ASGHOSTNET, DE)"
mail.inzh-s.ru,1,"AS44094 (WEBHOST1-AS, RU)"
mail.iozak.com,1,"AS26666 (INTERSERVER-LAX, US)"
mail.investml.ru,1,"AS12586 (ASGHOSTNET, DE)"
mail.invigoratmail.ru,1,"AS12586 (ASGHOSTNET, DE)"
mx1.iphoneonandroid.com,1,"AS200107 (KL-EXT, CH)"
mail.involuntmail.ru,1,"AS12586 (ASGHOSTNET, DE)"
cloud.linkdata.com,1,"AS210767 (LINKHOST, GB)"
_dc-mx.6623e1746c41.irahada.com,1,"AS19318 (IS-AS-1, US)"
mail.ironmantriathlons.net,1,"AS14061 (DIGITALOCEAN-ASN, US)"
ipad3.net,1,"AS214036 (ULTAHOST-AS, US)"
_dc-mx.0a999d7c6b6f.irtranslate.net,1,"AS24940 (HETZNER-AS, DE)"
irsguidelines.net,1,"AS14061 (DIGITALOCEAN-ASN, US)"
mail.iracundaemail.com,1,"AS12586 (ASGHOSTNET, DE)"
mail.iridoscli.com,1,"AS12586 (ASGHOSTNET, DE)"
mail.iridodinf.com,1,"AS12586 (ASGHOSTNET, DE)"
w019652d.kasserver.com,1,"AS34788 (NMM-AS D - 02742 Friedersdorf Hauptstrasse 68, DE)"
mail.iridesctomail.com,1,"AS12586 (ASGHOSTNET, DE)"
mail.isbjct4e.com,1,"AS47583 (AS-HOSTINGER, CY)"
mail.iridochoroli.com,1,"AS12586 (ASGHOSTNET, DE)"
mail.iridosmail.com,1,"AS12586 (ASGHOSTNET, DE)"
irishscholar.com,1,"AS39122 (BLACKNIGHT-AS, IE)"
mail.irredudp.com,1,"AS12586 (ASGHOSTNET, DE)"
a516721.mx.mailhop.org,1,"AS16509 (AMAZON-02, US)"
iscacorp-com.mail.protection.outlook.com,1,"AS8075 (MICROSOFT-CORP-MSN-AS-BLOCK, US)"
mail.irreconcmail.com,1,"AS12586 (ASGHOSTNET, DE)"
mail.irreconcilinf.com,1,"AS12586 (ASGHOSTNET, DE)"
mail.irremedmail.com,1,"AS12586 (ASGHOSTNET, DE)"
mx1.irishspringrealty.com,1,"AS200107 (KL-EXT, CH)"
mail.irrespmail.com,1,"AS12586 (ASGHOSTNET, DE)"
mail.irresfmk.com,1,"AS12586 (ASGHOSTNET, DE)"
isgs-com0e.mail.protection.outlook.com,1,"AS8075 (MICROSOFT-CORP-MSN-AS-BLOCK, US)"
mail.irrefrali.com,1,"AS12586 (ASGHOSTNET, DE)"
mail.irreversumail.com,1,"AS12586 (ASGHOSTNET, DE)"
irremismail.com,1,"AS9123 (TIMEWEB-AS, RU)"
mail.irreconcmails.ru,1,"AS12586 (ASGHOSTNET, DE)"
mx1.isachermeskelly.com,1,"AS200107 (KL-EXT, CH)"
mail.iseo24h.com,1,"AS63949 (AKAMAI-LINODE-AP Akamai Connected Cloud, SG)"
malibuzz.isomnio.com,1,"AS51167 (CONTABO, DE)"
mail.irreprfmail.ru,1,"AS12586 (ASGHOSTNET, DE)"
mail.irresolvabmail.ru,1,"AS12586 (ASGHOSTNET, DE)"
mail.iridodmail.ru,1,"AS12586 (ASGHOSTNET, DE)"
mail.irremmail.ru,1,"AS12586 (ASGHOSTNET, DE)"
mxa-002ece01.gslb.pphosted.com,1,"AS26211 (PROOFPOINT-ASN-US-WEST, US)"
mail.irresolumail.ru,1,"AS12586 (ASGHOSTNET, DE)"
mail.irreprehemail.ru,1,"AS12586 (ASGHOSTNET, DE)"
mail.irreveremail.ru,1,"AS12586 (ASGHOSTNET, DE)"
mail.irregemail.ru,1,"AS12586 (ASGHOSTNET, DE)"
mail.isot.se,1,"AS21499 (GODADDY-SXB, DE)"
issimro-com.mail.protection.outlook.com,1,"AS8075 (MICROSOFT-CORP-MSN-AS-BLOCK, US)"
mail.s1843.sureserver.com,1,"AS8739 (ICDSOFT, BG)"
mail.irreprehe.ru,1,"AS12586 (ASGHOSTNET, DE)"
mail.iswire.com,1,"AS14061 (DIGITALOCEAN-ASN, US)"
mail.irritml.ru,1,"AS12586 (ASGHOSTNET, DE)"
mail.isolatmail.com,1,"AS12586 (ASGHOSTNET, DE)"
mail.irrevocabmails.ru,1,"AS12586 (ASGHOSTNET, DE)"
mail.irriemail.ru,1,"AS12586 (ASGHOSTNET, DE)"
mail.isoallml.ru,1,"AS12586 (ASGHOSTNET, DE)"
mail.isodiemail.ru,1,"AS12586 (ASGHOSTNET, DE)"
mail.isoelemail.com,1,"AS12586 (ASGHOSTNET, DE)"
mail.isopermail.com,1,"AS12586 (ASGHOSTNET, DE)"
mail.isomeromal.com,1,"AS12586 (ASGHOSTNET, DE)"
mail.ismofml.ru,1,"AS12586 (ASGHOSTNET, DE)"
mail.isar.org,1,"AS38719 (DREAMSCAPE-AS-AP Dreamscape Networks Limited, AU)"
mail.ischiovermail.ru,1,"AS12586 (ASGHOSTNET, DE)"
mail.itaolo.com,1,"AS14061 (DIGITALOCEAN-ASN, US)"
mail.itacto.com,1,"AS51167 (CONTABO, DE)"
mail.isoagglupt.ru,1,"AS12586 (ASGHOSTNET, DE)"
mailserver.israelgives.org,1,"AS16509 (AMAZON-02, US)"
israeli-occupation.org,1,"AS215117 (HOSTERDADDY, IN)"
mail.itchydog.store,1,"AS24940 (HETZNER-AS, DE)"
mail.isopremail.ru,1,"AS12586 (ASGHOSTNET, DE)"
mail.isoceemail.ru,1,"AS12586 (ASGHOSTNET, DE)"
mail.itcess.com,1,"AS14061 (DIGITALOCEAN-ASN, US)"
mail.itdbe.com,1,"AS24940 (HETZNER-AS, DE)"
itatti-harvard-edu.mail.protection.outlook.com,1,"AS8075 (MICROSOFT-CORP-MSN-AS-BLOCK, US)"
isep.fr.nf,1,"AS16276 (OVH, FR)"
isuzuute-com-au.mail.protection.outlook.com,1,"AS8075 (MICROSOFT-CORP-MSN-AS-BLOCK, US)"
mail.it.x24hr.com,1,"AS39927 (ELIGHT-AS, RU)"
mail.itgracevvx.com,1,"AS47583 (AS-HOSTINGER, CY)"
mail.irlmail.com,1,"AS30900 (WEBWORLD-AS ta Web World Ireland, IE)"
mail.isi-group.ru,1,"AS210079 (EUROBYTE, RU)"
mx10.it.com,1,"AS47768 (INTISTELECOM-AS, GB)"
mx16.turkticaret.net,1,
mail.isomails.ru,1,"AS12586 (ASGHOSTNET, DE)"
itmo.edu.pl,1,"AS20068 (HAWKHOST, CA)"
_dc-mx.52b52f7649fe.itsbds.com,1,"AS24940 (HETZNER-AS, DE)"
mail.islandi-nedv.ru,1,"AS56694 (SMARTAPE, RU)"
istanbulsiiri.com,1,"AS216244 (DATATR Data TR Bilisim Teknoloji Hizmetleri, TR)"
mail.isonicovegai.ru,1,"AS12586 (ASGHOSTNET, DE)"
mail.isotemail.ru,1,"AS12586 (ASGHOSTNET, DE)"
mail.isometrmails.ru,1,"AS12586 (ASGHOSTNET, DE)"
mail.isoamail.ru,1,"AS12586 (ASGHOSTNET, DE)"
mail.isothiopt.ru,1,"AS12586 (ASGHOSTNET, DE)"
eagle.mxlogin.com,1,"AS46261 (QUICKPACKET, US)"
_dc-mx.5a4740dc93fd.itspid.com,1,"AS24940 (HETZNER-AS, DE)"
mail.itinefmk.com,1,"AS12586 (ASGHOSTNET, DE)"
mail.istioph.ru,1,"AS12586 (ASGHOSTNET, DE)"
mail.iscidayanismasi.org,1,"AS16276 (OVH, FR)"
pmx.megacp.com,1,"AS41075 (ATW-AS, HU)"
mail.itmail.site,1,"AS12714 (MEGAFON-AS Moscow, Russia, RU)"
mail.itsme.edu.pl,1,"AS16276 (OVH, FR)"
iveszics-com.mail.protection.outlook.com,1,"AS8075 (MICROSOFT-CORP-MSN-AS-BLOCK, US)"
mail.iwristlu.com,1,"AS47583 (AS-HOSTINGER, CY)"
iu1-org.mail.protection.outlook.com,1,"AS8075 (MICROSOFT-CORP-MSN-AS-BLOCK, US)"
mail.iwinedu.com,1,"AS3842 (RAMNODE, US)"
mail.ivomail.com,1,"AS26554 (US-SIGNAL, US)"
mail.iwatermail.com,1,"AS63949 (AKAMAI-LINODE-AP Akamai Connected Cloud, SG)"
itsupporthq.com,1,"AS24940 (HETZNER-AS, DE)"
mail.ixhale.com,1,"AS14061 (DIGITALOCEAN-ASN, US)"
mail.ixospace.com,1,"AS14061 (DIGITALOCEAN-ASN, US)"
izemail-com.mail.protection.outlook.com,1,
_dc-mx.26d016b96925.izomail.online,1,"AS16276 (OVH, FR)"
mail.itnewsflash.com,1,"AS51167 (CONTABO, DE)"
webmail.iysqv.com,1,"AS16276 (OVH, FR)"
disposable.aq.si,1,"AS8075 (MICROSOFT-CORP-MSN-AS-BLOCK, US)"
iya.fr.nf,1,"AS16276 (OVH, FR)"
_dc-mx.121dfa154fde.j12345.ru,1,"AS58061 (SCALAXY-AS, LV)"
_dc-mx.fdda682dced9.j3j.org,1,"AS14061 (DIGITALOCEAN-ASN, US)"
mail.iwantto.be,1,"AS210403 (LWS, FR)"
1-grid-mx02.co.za,1,"AS16509 (AMAZON-02, US)"
mx6.mmm-invest.biz,1,
mail.kumpa.xyz,1,"AS40021 (CONTABO-40021, US)"
mmaily.com,1,"AS47583 (AS-HOSTINGER, CY)"
mail.mlkancelaria.com.pl,1,"AS50599 (Autonomous System for Dataspace P.S.A., PL)"
mmciinc.com.1.0001.arsmtp.com,1,"AS53780 (AS-APPRIVER, US)"
kukikuki.shop,1,"AS16276 (OVH, FR)"
mail.mlhweb.com,1,"AS46606 (UNIFIEDLAYER-AS-1, US)"
mail.kukowski.eu,1,"AS50599 (Autonomous System for Dataspace P.S.A., PL)"
mmkozmetik-com.mail.protection.outlook.com,1,"AS8075 (MICROSOFT-CORP-MSN-AS-BLOCK, US)"
s1.meandmyid.com,1,"AS8075 (MICROSOFT-CORP-MSN-AS-BLOCK, US)"
mail.kulepszejprzyszlosci.pl,1,"AS8308 (NASK-COMMERCIAL, PL)"
mail.kuponjitu.org,1,"AS22612 (NAMECHEAP-NET, US)"
mx1.mmail.trade,1,"AS200107 (KL-EXT, CH)"
mlpsex.com,1,"AS149020 (WEBHORIZON-AS-AP WebHorizon Internet Services, SG)"
kwmail-smtp-lb-e1d4ee68a4c31204.elb.eu-west-1.amazonaws.com,1,
mail.mobilemail365.com,1,"AS24940 (HETZNER-AS, DE)"
kwiatownik.pl,1,"AS15967 (NETARTGROUP, PL)"
kylemaguire-com.mail.protection.outlook.com,1,"AS8075 (MICROSOFT-CORP-MSN-AS-BLOCK, US)"
mail.kyntaris.cfd,1,"AS203446 (AS203446, GB)"
kwcp.com,1,"AS136907 (HWCLOUDS-AS-AP HUAWEI CLOUDS, HK)"
homer.westcall.net,1,"AS41733 (ZTELECOM-AS, RU)"
mail.mocvn.com,1,"AS14061 (DIGITALOCEAN-ASN, US)"
p.moddv.com,1,"AS401696 (COGNETCLOUD, US)"
mail.kvartagroup.ru,1,"AS210079 (EUROBYTE, RU)"
mail.moderize.com,1,"AS22612 (NAMECHEAP-NET, US)"
mx.b.hostedemail.com,1,"AS32491 (TUCOWS-3, CA)"
modernmaleclinic-com.mail.protection.outlook.com,1,"AS8075 (MICROSOFT-CORP-MSN-AS-BLOCK, US)"
mail.l5prefixm.com,1,"AS47583 (AS-HOSTINGER, CY)"
mail.l7b2l47k.com,1,"AS47583 (AS-HOSTINGER, CY)"
a092943.mx.mailhop.org,1,"AS16509 (AMAZON-02, US)"
mx-hosting.biz.net.id,1,"AS38482 (BIZNET2-AS-ID Biznet ISP, ID)"
mail.l88i.live,1,"AS22612 (NAMECHEAP-NET, US)"
mail.modernfs.pl,1,"AS41079 (CF-GDA, PL)"
mail.lab.agp.edu.pl,1,"AS16276 (OVH, FR)"
mail.mofpay.com,1,"AS14061 (DIGITALOCEAN-ASN, US)"
mail.kyphosco.ru,1,"AS12586 (ASGHOSTNET, DE)"
mail.modifiali.com,1,"AS12586 (ASGHOSTNET, DE)"
mail.elinks.hosting,1,"AS24940 (HETZNER-AS, DE)"
mail19.lh.pl,1,"AS203417 (LH, PL)"
mx1.mohmal.club,1,"AS24940 (HETZNER-AS, DE)"
mx1.mohmal.in,1,"AS24940 (HETZNER-AS, DE)"
smtp.lacedmail.com,1,"AS396982 (GOOGLE-CLOUD-PLATFORM, US)"
wxrte02.laboraryer.com,1,"AS14061 (DIGITALOCEAN-ASN, US)"
mois-com.mail.protection.outlook.com,1,"AS8075 (MICROSOFT-CORP-MSN-AS-BLOCK, US)"
mail.labialimail.ru,1,"AS12586 (ASGHOSTNET, DE)"
mx1.mohmal.im,1,"AS24940 (HETZNER-AS, DE)"
mail.labiovfmk.com,1,"AS12586 (ASGHOSTNET, DE)"
mohemil.com,1,"AS47583 (AS-HOSTINGER, CY)"
mojzur.com,1,"AS49981 (WORLDSTREAM, NL)"
mail.mogenmail.com,1,"AS12586 (ASGHOSTNET, DE)"
mail.mojocreator.com,1,"AS11320 (LIGHTEDGE-AS-02, US)"
molfettacorp-com.mail.protection.outlook.com,1,"AS8075 (MICROSOFT-CORP-MSN-AS-BLOCK, US)"
mail.laboremail.ru,1,"AS12586 (ASGHOSTNET, DE)"
mail.laboratortehnicadentara.ro,1,"AS56654 (AS56654, RO)"
mohmal.tech,1,"AS48348 (CLOUDBUILDERS, ES)"
mojok88.net,1,"AS22612 (NAMECHEAP-NET, US)"
la-boite-a-lettre.fr.nf,1,"AS16276 (OVH, FR)"
a388437.mx.mailhop.org,1,"AS16509 (AMAZON-02, US)"
mail.labyrintml.ru,1,"AS12586 (ASGHOSTNET, DE)"
mailhook.momentaryemail.com,1,"AS8560 (IONOS-AS This is the joint network for IONOS, Fasthosts, Arsys, 1&1 Mail and Media and 1&1 Telecom. Formerly known as 1&1 Internet SE., DE)"
mail.lackadaisicamail.ru,1,"AS12586 (ASGHOSTNET, DE)"
mommyfix-com.mail.protection.outlook.com,1,
mail.lafnation.com,1,"AS19318 (IS-AS-1, US)"
mail.lactoveinf.com,1,"AS12586 (ASGHOSTNET, DE)"
mail.lagify.com,1,"AS47583 (AS-HOSTINGER, CY)"
kyuusei.fr.nf,1,"AS16276 (OVH, FR)"
lacraffe.fr.nf,1,"AS16276 (OVH, FR)"
mail.lactclmail.com,1,"AS12586 (ASGHOSTNET, DE)"
mail.mollifvegai.ru,1,"AS12586 (ASGHOSTNET, DE)"
monentrepreneur-com0i.mail.protection.outlook.com,1,"AS8075 (MICROSOFT-CORP-MSN-AS-BLOCK, US)"
mx.01898.com,1,"AS29873 (BIZLAND-SD, US)"
mohamadkarimian.com,1,"AS24940 (HETZNER-AS, DE)"
monasterevin-com.mail.protection.outlook.com,1,"AS8075 (MICROSOFT-CORP-MSN-AS-BLOCK, US)"
momoi.uk,1,"AS7506 (INTERQ GMO Internet Group, Inc., JP)"
mail.moleemail.ru,1,"AS12586 (ASGHOSTNET, DE)"
mail.moleculfmail.ru,1,"AS12586 (ASGHOSTNET, DE)"
mail.mojiphone.pl,1,"AS47544 (IQPL-AS, PL)"
lackmail.ru,1,"AS9002 (RETN-AS, GB)"
mail.laevoromails.ru,1,"AS12586 (ASGHOSTNET, DE)"
mx.mollo-tutto.com,1,"AS31034 (ARUBA-ASN, IT)"
mail.ladapickup.ru,1,"AS8342 (RTCOMM-AS, RU)"
moncourriel.fr.nf,1,"AS16276 (OVH, FR)"
lakecapital-com01b.mail.protection.outlook.com,1,"AS8075 (MICROSOFT-CORP-MSN-AS-BLOCK, US)"
_dc-mx.1218b77b17f6.moneyup.club,1,"AS29802 (HVC-AS, US)"
a497769.mx.mailhop.org,1,"AS16509 (AMAZON-02, US)"
mail.lambdasu.com,1,"AS47583 (AS-HOSTINGER, CY)"
mx1.sl.lakurdina.co.uk,1,"AS24940 (HETZNER-AS, DE)"
mail.monitoring-obmennikov-ua.site,1,"AS22611 (INMOTION, US)"
mx.lgflmail.org,1,"AS60187 (LGFL-AS, GB)"
monochromeapp-com.mail.protection.outlook.com,1,
mail.lamesamail.com,1,"AS12586 (ASGHOSTNET, DE)"
moncourrier.fr.nf,1,"AS16276 (OVH, FR)"
mail.lamellirsmail.ru,1,"AS12586 (ASGHOSTNET, DE)"
mondial.asso.st,1,"AS16276 (OVH, FR)"
monemail.fr.nf,1,"AS16276 (OVH, FR)"
mail.monitomail.com,1,"AS12586 (ASGHOSTNET, DE)"
mail.mongomail.ru,1,"AS12586 (ASGHOSTNET, DE)"
mail.monomolecufmals.com,1,"AS12586 (ASGHOSTNET, DE)"
mail.landmanreportcard.com,1,"AS63949 (AKAMAI-LINODE-AP Akamai Connected Cloud, SG)"
mail.monomolpt.ru,1,"AS12586 (ASGHOSTNET, DE)"
mail.landmeel.nl,1,"AS24940 (HETZNER-AS, DE)"
monmail.fr.nf,1,"AS16276 (OVH, FR)"
mail.monomangmail.ru,1,"AS12586 (ASGHOSTNET, DE)"
mail.monosynmail.com,1,"AS12586 (ASGHOSTNET, DE)"
mail.monosmail.com,1,"AS12586 (ASGHOSTNET, DE)"
mail.monometmail.ru,1,"AS12586 (ASGHOSTNET, DE)"
mail.monopolizvegai.ru,1,"AS12586 (ASGHOSTNET, DE)"
mail.monosyllabli.com,1,"AS12586 (ASGHOSTNET, DE)"
monommail.com,1,"AS9123 (TIMEWEB-AS, RU)"
mail.monotheisfmail.com,1,"AS12586 (ASGHOSTNET, DE)"
mail.lan-utan-uc-se.com,1,"AS207668 (ITH-, PL)"
mail.monochloromail.ru,1,"AS12586 (ASGHOSTNET, DE)"
mail.monotheimail.ru,1,"AS12586 (ASGHOSTNET, DE)"
mail.monochromamail.ru,1,"AS12586 (ASGHOSTNET, DE)"
mail.monotosalo.ru,1,"AS12586 (ASGHOSTNET, DE)"
mail.lan.de,1,"AS24940 (HETZNER-AS, DE)"
mail.landmail.nl,1,"AS24940 (HETZNER-AS, DE)"
mail.monofiml.ru,1,"AS12586 (ASGHOSTNET, DE)"
mail.monophemail.ru,1,"AS12586 (ASGHOSTNET, DE)"
mail.monochrvegai.ru,1,"AS12586 (ASGHOSTNET, DE)"
mail.monopolismail.ru,1,"AS12586 (ASGHOSTNET, DE)"
mail.monopsoneomail.ru,1,"AS12586 (ASGHOSTNET, DE)"
mail.monomails.ru,1,"AS12586 (ASGHOSTNET, DE)"
mail.montanaweddingdjs.com,1,"AS400754 (GO-DADDY-COM-LLC, US)"
montjoie-fr.mail.protection.outlook.com,1,"AS8075 (MICROSOFT-CORP-MSN-AS-BLOCK, US)"
mail.monophyme.ru,1,"AS12586 (ASGHOSTNET, DE)"
montreal.com,1,"AS61969 (TEAMINTERNET-AS, DE)"
mail.monotheimails.ru,1,"AS12586 (ASGHOSTNET, DE)"
mail.lankarani.org,1,"AS55293 (A2HOSTING, US)"
mail.laoia.com,1,"AS63949 (AKAMAI-LINODE-AP Akamai Connected Cloud, SG)"
landrumsupply-com.p10.mxthunder.com,1,"AS13354 (ZC38-AS1, US)"
mail.montowniafryzur.pl,1,"AS41079 (CF-GDA, PL)"
a3zspf0.monugur.com,1,"AS14061 (DIGITALOCEAN-ASN, US)"
mxs.hoster.ru,1,"AS3175 (CITYTELECOM-MSK, RU)"
langitpoker.org,1,"AS22612 (NAMECHEAP-NET, US)"
mail.lapasamail.com,1,"AS12586 (ASGHOSTNET, DE)"
mail.moootech.mooo.com,1,"AS18106 (VIEWQWEST-SG-AP Viewqwest Pte Ltd, SG)"
mx1.setaou.net,1,"AS34019 (HIVANE, FR)"
mail.langmarket.com,1,"AS43513 (NANO-AS, LV)"
mx3.nameshield.com,1,"AS20756 (NAMESHIELD, FR)"
lapostemobile-fr.mail.protection.outlook.com,1,"AS8075 (MICROSOFT-CORP-MSN-AS-BLOCK, US)"
mx2.mailpod1-osl1.g1i.uniweb.no,1,"AS51468 (ONECOM, DK)"
mail.lary-lcc.click,1,"AS16276 (OVH, FR)"
mail.lapkholanh.com,1,"AS45544 (SUPERDATA-AS-VN SUPERDATA-, VN)"
mail.lancastertheguardian.com,1,"AS9891 (CSLOX-IDC-AS-AP CS LOXINFO Public Company Limited., TH)"
mail.morethanametal.com,1,"AS63949 (AKAMAI-LINODE-AP Akamai Connected Cloud, SG)"
mx.mooonity.com.cust.b.hostedemail.com,1,"AS32491 (TUCOWS-3, CA)"
lashaedesign-com.mail.protection.outlook.com,1,"AS8075 (MICROSOFT-CORP-MSN-AS-BLOCK, US)"
mail.laporte.fr,1,"AS35667 (XSALTO35667, FR)"
mail.moabuild.com,1,"AS132203 (TENCENT-NET-AP-CN Tencent Building, Kejizhongyi Avenue, CN)"
_dc-mx.2ea6f614de5c.mojlekarz.edu.pl,1,"AS51167 (CONTABO, DE)"
mx.mnx-family.com,1,"AS51167 (CONTABO, DE)"
mail.kupit-pesok-v-volhove.ru,1,"AS35278 (SPRINTHOST, RU)"
mail.moba365.cc,1,"AS45102 (ALIBABA-CN-NET Alibaba US Technology Co., Ltd., CN)"
mail.lashyd.com,1,"AS14061 (DIGITALOCEAN-ASN, US)"
mx.inet.vn,1,"AS149068 (INETSOFT-AS-VN iNET software one member company limited, VN)"
mail.mnzle.com,1,"AS19871 (NETWORK-SOLUTIONS-HOSTING, US)"
mail.laryngopharmail.ru,1,"AS12586 (ASGHOSTNET, DE)"
mail.morningglowmail.com,1,"AS12586 (ASGHOSTNET, DE)"
mx.lasixprime.com,1,"AS14061 (DIGITALOCEAN-ASN, US)"
insimenator.org,1,"AS19318 (IS-AS-1, US)"
mail.mortgagecalculatorwithtaxess.com,1,"AS8075 (MICROSOFT-CORP-MSN-AS-BLOCK, US)"
mail.morrisonave.es,1,"AS197712 (CDMON sistemes@cdmon.com, ES)"
mail.lastomails.com,1,"AS12586 (ASGHOSTNET, DE)"
mail.morshmail.com,1,"AS12586 (ASGHOSTNET, DE)"
lasercalibration.ru,1,"AS16010 (MAGTICOMAS Magticom, GE)"
mail2.boehringer-ingelheim.com,1,"AS15404 (COLT Technology Services Group, GB)"
mbox.freehostia.com,1,"AS14555 (LIQUIDNETLTD1, US)"
mail.mostpopulardriver.com,1,"AS16509 (AMAZON-02, US)"
mail.laurenbt.com,1,"AS47583 (AS-HOSTINGER, CY)"
mail.laurenscoaching.com,1,"AS31898 (ORACLE-BMC-31898, US)"
kopagas-com.mail.protection.outlook.com,1,"AS8075 (MICROSOFT-CORP-MSN-AS-BLOCK, US)"
mosaimail.com,1,"AS9123 (TIMEWEB-AS, RU)"
mail.latitudmail.ru,1,"AS12586 (ASGHOSTNET, DE)"
mobi.web.id,1,"AS58487 (CRI-AS-AP CV. Rumahweb Indonesia, ID)"
d283618a.ess.barracudanetworks.com,1,"AS16509 (AMAZON-02, US)"
lavabit.com,1,"AS60131 (HIGH5-, NL)"
mx1.lavarip.xyz,1,"AS200107 (KL-EXT, CH)"
mail.latinvoip.es,1,"AS27823 (Dattatec.com, AR)"
mail.moroz-it.ru,1,"AS35278 (SPRINTHOST, RU)"
poczta.moto-gosz.pl,1,"AS31242 (TKPSA-AS, PL)"
movestax-com.mail.protection.outlook.com,1,"AS8075 (MICROSOFT-CORP-MSN-AS-BLOCK, US)"
alt1.mymailcheap.com,1,"AS16276 (OVH, FR)"
mail.mouthube0t.com,1,"AS47583 (AS-HOSTINGER, CY)"
mx1.lawdeskltd.com,1,"AS200107 (KL-EXT, CH)"
koran3000.com,1,"AS7393 (CYBERCON, US)"
mail.motivatfmail.ru,1,"AS12586 (ASGHOSTNET, DE)"
mail.korarlocalbrand.com,1,"AS9009 (M247, RO)"
lbicams.com,1,"AS14061 (DIGITALOCEAN-ASN, US)"
mx6.movieblocking.com,1,
lbicamera.com,1,"AS14061 (DIGITALOCEAN-ASN, US)"
lbtransit-com.mail.protection.outlook.com,1,"AS8075 (MICROSOFT-CORP-MSN-AS-BLOCK, US)"
mail.lcc-company.one,1,"AS16276 (OVH, FR)"
mail.mourouzis.com,1,"AS24940 (HETZNER-AS, DE)"
mail.moyakik.com,1,"AS32097 (WII, US)"
mail.mostbet-official.ru,1,"AS49505 (SELECTEL, RU)"
lcedaresf.com,1,"AS47583 (AS-HOSTINGER, CY)"
mx1.mozej.com,1,"AS24940 (HETZNER-AS, DE)"
mail.lawyer-uslugi.ru,1,"AS49505 (SELECTEL, RU)"
mail1.bb-online.co.uk,1,"AS20473 (AS-VULTR, US)"
_dc-mx.2d81ea866d2c.mpk.ovh,1,"AS24940 (HETZNER-AS, DE)"
mx1.lce0ak.com,1,"AS200107 (KL-EXT, CH)"
mx2.ldokfgfmail.net,1,"AS200107 (KL-EXT, CH)"
leadersinevents-com.mail.protection.outlook.com,1,"AS8075 (MICROSOFT-CORP-MSN-AS-BLOCK, US)"
relay1.redynet.com.ar,1,"AS27898 (Redynet SRL, AR)"
smtp.ladatap.com,1,"AS11696 (NBS11696, US)"
movietv4u.com,1,"AS200019 (ALEXHOST, MD)"
mx.moyareklama.ru,1,"AS34267 (DEBRYANSK-AS-1 PJSC Rostelecom. Bryansk branch, RU)"
mx1.mpl8.info,1,"AS200107 (KL-EXT, CH)"
mail.mpdacrylics.com,1,"AS17378 (AS17378, US)"
mail.mr24.co,1,"AS198921 (UNIXSTORM-AS, PL)"
mrd3588-cloudns-be.mail.protection.outlook.com,1,"AS8075 (MICROSOFT-CORP-MSN-AS-BLOCK, US)"
mrmail-info.mail.protection.outlook.com,1,"AS8075 (MICROSOFT-CORP-MSN-AS-BLOCK, US)"
a149445.mx.mailhop.org,1,"AS16509 (AMAZON-02, US)"
leantechy.xyz,1,"AS397423 (TIER-NET, US)"
mailgateway.mpwin.co.in,1,"AS24186 (RAILTEL-AS-IN RailTel Corporation of India Ltd, IN)"
mail.mscis.in,1,"AS46874 (MEGAVELOCITY-INC, CA)"
mail.mrotzis.com,1,"AS24940 (HETZNER-AS, DE)"
leczycanie.pl,1,"AS20853 (ETOP-AS, PL)"
mail.lechemail.com,1,"AS12586 (ASGHOSTNET, DE)"
msgsafe-io.mail.protection.outlook.com,1,"AS8075 (MICROSOFT-CORP-MSN-AS-BLOCK, US)"
mr-email.fr.nf,1,"AS16276 (OVH, FR)"
mail.msgos.com,1,"AS14061 (DIGITALOCEAN-ASN, US)"
mail.msarra.com,1,"AS14061 (DIGITALOCEAN-ASN, US)"
leftymouse.com,1,"AS29802 (HVC-AS, US)"
_dc-mx.ffe364e31b18.msn.com.se,1,"AS19318 (IS-AS-1, US)"
mail.mrain.ru,1,"AS44094 (WEBHOST1-AS, RU)"
msxd-com.mail.protection.outlook.com,1,"AS8075 (MICROSOFT-CORP-MSN-AS-BLOCK, US)"
mta-com.mail.protection.outlook.com,1,"AS8075 (MICROSOFT-CORP-MSN-AS-BLOCK, US)"
mail.mt2016.com,1,"AS14061 (DIGITALOCEAN-ASN, US)"
a717992.mx.mailhop.org,1,"AS16509 (AMAZON-02, US)"
foreverlovingu.com,1,"AS135983 (TINO-AS-VN Tino Group Joint Stock Company, VN)"
mail.legenmail.com,1,"AS12586 (ASGHOSTNET, DE)"
_dc-mx.4172425cdd9b.lekarzpiekna.edu.pl,1,"AS51167 (CONTABO, DE)"
mail.xqkj.top,1,"AS4134 (CHINANET-BACKBONE No.31,Jin-rong Street, CN)"
mail.lejada.pl,1,
mail.legitimasemail.com,1,"AS12586 (ASGHOSTNET, DE)"
mail1.mt2015.com,1,"AS44418 (BITDEFENDER-AS, RO)"
mail1.mt2009.com,1,"AS44418 (BITDEFENDER-AS, RO)"
_dc-mx.a4918e409908.msugcf.org,1,"AS20068 (HAWKHOST, CA)"
server2.lelie.sytes.net,1,"AS15435 (KABELFOON DELTA Fiber Nederland, NL)"
mail.legacyschool.com,1,"AS53107 (EVEO S.A., BR)"
depot.dial.pipex.com,1,"AS13285 (OPALTELECOM-AS TalkTalk Communications Limited, GB)"
mt25.org,1,"AS214036 (ULTAHOST-AS, US)"
lempi-app.mail.protection.outlook.com,1,"AS8075 (MICROSOFT-CORP-MSN-AS-BLOCK, US)"
muatoc.com,1,
mail.lelucoon.net,1,"AS14061 (DIGITALOCEAN-ASN, US)"
mx6.lemurhost.net,1,
mail.lendlesssn.com,1,"AS47583 (AS-HOSTINGER, CY)"
mail.mucilagimail.com,1,"AS12586 (ASGHOSTNET, DE)"
mail.kamilpaprotny.pl,1,"AS24940 (HETZNER-AS, DE)"
mail.lemkmail.com,1,"AS12586 (ASGHOSTNET, DE)"
www655.your-server.de,1,"AS24940 (HETZNER-AS, DE)"
mx4125.usc1.mymailhosting.com,1,"AS36454 (WHG-DAL, GB)"
mail.lensmarket.com,1,"AS199724 (TEKNODC, TR)"
mtsdi.com,1,"AS24940 (HETZNER-AS, DE)"
mx4.pub.mailpod14-cph3.one.com,1,"AS51468 (ONECOM, DK)"
mx01.vargonen.net,1,"AS50941 (VARGONEN, TR)"
mail.lerany.com,1,"AS14061 (DIGITALOCEAN-ASN, US)"
mail.lero3.com,1,"AS14061 (DIGITALOCEAN-ASN, US)"
mail.leptomenimale.com,1,"AS12586 (ASGHOSTNET, DE)"
lessonlogs.com,1,"AS32244 (LIQUIDWEB, US)"
mail.letterprotect.com,1,"AS212772 (ADGUARD, CY)"
mail.lerokmail.com,1,"AS12586 (ASGHOSTNET, DE)"
mail.lesote.com,1,"AS14061 (DIGITALOCEAN-ASN, US)"
mx.lettersboxmail.com,1,"AS207957 (SERVHOST-AS, GB)"
mail.letterhaven.net,1,"AS212772 (ADGUARD, CY)"
mxrouteroa.lerfuwond.com,1,"AS14061 (DIGITALOCEAN-ASN, US)"
mail.letterguard.net,1,"AS212772 (ADGUARD, CY)"
mail.letterprotect.net,1,"AS212772 (ADGUARD, CY)"
mail.lepidosamail.ru,1,"AS12586 (ASGHOSTNET, DE)"
mail.letterdrop.cfd,1,"AS24940 (HETZNER-AS, DE)"
mail.letstalk.thetravellersrest.click,1,"AS51167 (CONTABO, DE)"
mail.lepidodersmail.ru,1,"AS12586 (ASGHOSTNET, DE)"
mail.leucocytogefml.com,1,"AS12586 (ASGHOSTNET, DE)"
mail.leptodactmails.ru,1,"AS12586 (ASGHOSTNET, DE)"
mail.leukocmail.com,1,"AS132203 (TENCENT-NET-AP-CN Tencent Building, Kejizhongyi Avenue, CN)"
malibuzz.lewiseffectfoundation.org,1,"AS51167 (CONTABO, DE)"
malibuzz.lewistweedtastic.com,1,"AS51167 (CONTABO, DE)"
mail.leukomail.com,1,"AS12586 (ASGHOSTNET, DE)"
mail.lfttse.xyz,1,"AS203446 (AS203446, GB)"
mail.lexicogramail.com,1,"AS12586 (ASGHOSTNET, DE)"
umail.ru,1,"AS35473 (MTSNET-URAL-AS, RU)"
mail.lgbtqpow.com,1,"AS47583 (AS-HOSTINGER, CY)"
mail.leucocsalo.ru,1,"AS12586 (ASGHOSTNET, DE)"
mail.leto-dance.ru,1,"AS198068 (PAGM-AS, EE)"
mail.lftjaguar.com,1,"AS47583 (AS-HOSTINGER, CY)"
mail.leucocymails.ru,1,"AS12586 (ASGHOSTNET, DE)"
mail.lexina.top,1,"AS45102 (ALIBABA-CN-NET Alibaba US Technology Co., Ltd., CN)"
mail-mx1.liadhene.com,1,"AS14061 (DIGITALOCEAN-ASN, US)"
mail.library.gng.edu.pl,1,"AS16276 (OVH, FR)"
mail.lexus138.net,1,"AS212238 (CDNEXT, GB)"
mail.lican.in,1,"AS16276 (OVH, FR)"
mx.libox.fr,1,"AS24940 (HETZNER-AS, DE)"
mail.liberfml.com,1,"AS12586 (ASGHOSTNET, DE)"
mail.libidinmail.ru,1,"AS12586 (ASGHOSTNET, DE)"
mailmnatd4d.librthly.com,1,"AS14061 (DIGITALOCEAN-ASN, US)"
mail.lettrs.email,1,"AS132203 (TENCENT-NET-AP-CN Tencent Building, Kejizhongyi Avenue, CN)"
mail.libermail.ru,1,"AS12586 (ASGHOSTNET, DE)"
mail.libermails.ru,1,"AS12586 (ASGHOSTNET, DE)"
mail.liberatoli.ru,1,"AS12586 (ASGHOSTNET, DE)"
lie.fr,1,"AS40092 (ONIAAS, US)"
mail.lifecoach4elite.net,1,"AS19871 (NETWORK-SOLUTIONS-HOSTING, US)"
lifestaging.us,1,"AS36351 (SOFTLAYER, US)"
lifesciencetechnologies-com.mail.protection.outlook.com,1,"AS8075 (MICROSOFT-CORP-MSN-AS-BLOCK, US)"
mx.liberto.it,1,"AS31034 (ARUBA-ASN, IT)"
mail.lifetotech.com,1,"AS14061 (DIGITALOCEAN-ASN, US)"
mail.liftticketsystem.com,1,"AS55293 (A2HOSTING, US)"
mail.lifezg.com,1,"AS14061 (DIGITALOCEAN-ASN, US)"
mail8.mymailcheap.com,1,"AS16276 (OVH, FR)"
levfy.com,1,"AS45839 (SHINJIRU-MY-AS-AP Shinjiru Technology Sdn Bhd, MY)"
mxrouter.liggegi.com,1,"AS14061 (DIGITALOCEAN-ASN, US)"
lightshopindia-com.mail.protection.outlook.com,1,"AS8075 (MICROSOFT-CORP-MSN-AS-BLOCK, US)"
mail.lightbeammail.com,1,"AS12586 (ASGHOSTNET, DE)"
mailo.ligmamail.com,1,"AS60068 (CDN77 _, GB)"
mx.ligolfcourse.online,1,"AS20473 (AS-VULTR, US)"
mail.ligue-games.art,1,"AS16276 (OVH, FR)"
mail.ligufmals.com,1,"AS12586 (ASGHOSTNET, DE)"
mail.life-smile.ru,1,"AS210079 (EUROBYTE, RU)"
mail.likeance.com,1,"AS47583 (AS-HOSTINGER, CY)"
mail.ligadasflorestas.org.br,1,"AS16276 (OVH, FR)"
mail.tms.us,1,"AS7018 (ATT-INTERNET4, US)"
likelystory.net,1,"AS16276 (OVH, FR)"
mail.limandomail.com,1,"AS12586 (ASGHOSTNET, DE)"
mail.lillibuvegai.ru,1,"AS12586 (ASGHOSTNET, DE)"
mail.lilin.pl,1,"AS50599 (Autonomous System for Dataspace P.S.A., PL)"
mail1.linemail.uk,1,"AS47172 (GREENHOST, NL)"
linden-com.mail.protection.outlook.com,1,"AS8075 (MICROSOFT-CORP-MSN-AS-BLOCK, US)"
mail.lindaontheweb.com,1,"AS46606 (UNIFIEDLAYER-AS-1, US)"
likeageek.fr.nf,1,"AS16276 (OVH, FR)"
mx-lilo.mailo.com,1,"AS8304 (ECRITEL-FRANCE ISP and web hosting., FR)"
mail.linearisruby.ru,1,"AS12586 (ASGHOSTNET, DE)"
mail.linearisvegai.ru,1,"AS12586 (ASGHOSTNET, DE)"
mail.linguopamalu.ru,1,"AS12586 (ASGHOSTNET, DE)"
mx1.linkadulttoys.com,1,"AS200107 (KL-EXT, CH)"
mail.linguatfmus.ru,1,"AS12586 (ASGHOSTNET, DE)"
mail.linkrer.com,1,"AS14061 (DIGITALOCEAN-ASN, US)"
mail.legislamail.ru,1,"AS12586 (ASGHOSTNET, DE)"
mail.linlshe.com,1,"AS14061 (DIGITALOCEAN-ASN, US)"
mail.linshiyouxiang.net,1,"AS45102 (ALIBABA-CN-NET Alibaba US Technology Co., Ltd., CN)"
mail1.mt2014.com,1,"AS44418 (BITDEFENDER-AS, RO)"
mx3.mailspace.id,1,"AS138115 (IDNIC-DENEVA-AS-ID PT Deneva, ID)"
mail.linx.email,1,"AS47583 (AS-HOSTINGER, CY)"
mail.like-v.ru,1,"AS29182 (RU-JSCIOT, RU)"
_dc-mx.b7406c49095a.linshi-email.com,1,"AS63949 (AKAMAI-LINODE-AP Akamai Connected Cloud, SG)"
lionelastomers-com.mail.protection.outlook.com,1,"AS8075 (MICROSOFT-CORP-MSN-AS-BLOCK, US)"
liposuctionofmiami.com,1,"AS46606 (UNIFIEDLAYER-AS-1, US)"
mail.lipomail.com,1,"AS12586 (ASGHOSTNET, DE)"
mail.lisptutorials.com,1,"AS16276 (OVH, FR)"
mail.lite14.us,1,"AS51167 (CONTABO, DE)"
mail.linuxpl.eu,1,"AS41079 (CF-GDA, PL)"
liteprompter.com,1,"AS9009 (M247, RO)"
mail.linkzz.cyou,1,"AS60117 (HS, AE)"
mail.lithophotomail.ru,1,"AS12586 (ASGHOSTNET, DE)"
mail.luxevents.lu,1,"AS24940 (HETZNER-AS, DE)"
live-mdx-ac-uk.mail.protection.outlook.com,1,"AS8075 (MICROSOFT-CORP-MSN-AS-BLOCK, US)"
mail.livealtmail.com,1,"AS47583 (AS-HOSTINGER, CY)"
mail.liturgmail.ru,1,"AS12586 (ASGHOSTNET, DE)"
lh.ro,1,"AS29205 (VERCOM, PL)"
lifebeyondservice.com,1,
mx.livejournali.com,1,"AS20473 (AS-VULTR, US)"
mail.balancepost.in,1,
mscoftp-work-gd.mail.protection.outlook.com,1,
mail.mrmemorial.com,1,
mail.liveamericans.com,1,"AS210878 (TREADSTONE-AS, RO)"
mx.liftcigs.xyz,1,"AS20473 (AS-VULTR, US)"
lifford-com.mail.protection.outlook.com,1,"AS8075 (MICROSOFT-CORP-MSN-AS-BLOCK, US)"
mail.lashop.biz.ua,1,"AS24940 (HETZNER-AS, DE)"
lixir-fr.mail.protection.outlook.com,1,"AS8075 (MICROSOFT-CORP-MSN-AS-BLOCK, US)"
mail.lizery.com,1,"AS14061 (DIGITALOCEAN-ASN, US)"
smtp.kalbfeld.net,1,"AS54380 (THOUGHTWAVE, US)"
mail.msheirebdowntowndoha.com,1,"AS22611 (INMOTION, US)"
mail.lmaritimen.com,1,"AS47583 (AS-HOSTINGER, CY)"
mail.llusimail.com,1,"AS12586 (ASGHOSTNET, DE)"
mail.lnovic.com,1,"AS24940 (HETZNER-AS, DE)"
loaddefender-com.mail.protection.outlook.com,1,"AS8075 (MICROSOFT-CORP-MSN-AS-BLOCK, US)"
mail.loancalculator.world,1,"AS31898 (ORACLE-BMC-31898, US)"
mail.lipsanogrfml.com,1,"AS12586 (ASGHOSTNET, DE)"
mx6.mb1p.com,1,"AS14061 (DIGITALOCEAN-ASN, US)"
mx1.loanins.org,1,"AS200107 (KL-EXT, CH)"
mail.localintucson.com,1,"AS46606 (UNIFIEDLAYER-AS-1, US)"
mail.located6j.com,1,"AS47583 (AS-HOSTINGER, CY)"
mail.lista.cc,1,"AS45102 (ALIBABA-CN-NET Alibaba US Technology Co., Ltd., CN)"
localjobsnearme.com,1,
mx1.localsape.com,1,"AS200107 (KL-EXT, CH)"
mail.locationlocationlocation.eu,1,"AS50474 (O2SWITCH, FR)"
mail.login-chatgpt.com,1,"AS8560 (IONOS-AS This is the joint network for IONOS, Fasthosts, Arsys, 1&1 Mail and Media and 1&1 Telecom. Formerly known as 1&1 Internet SE., DE)"
mail.loganister.com,1,"AS203446 (AS203446, GB)"
logodesignsexpertllc-com.mail.protection.outlook.com,1,
mail.lllooch.ru,1,"AS210079 (EUROBYTE, RU)"
mail.logarithcs.ru,1,"AS12586 (ASGHOSTNET, DE)"
mail.logogrammatmail.com,1,"AS12586 (ASGHOSTNET, DE)"
mail.lolgo.cc,1,"AS45102 (ALIBABA-CN-NET Alibaba US Technology Co., Ltd., CN)"
mail.lonard-os.com,1,"AS203446 (AS203446, GB)"
mail.loltmail.com,1,"AS12586 (ASGHOSTNET, DE)"
lolibuy.com,1,"AS51191 (XIRRA, DE)"
live-vu-edu-au.mail.protection.outlook.com,1,"AS8075 (MICROSOFT-CORP-MSN-AS-BLOCK, US)"
mail.longago.shop,1,"AS19318 (IS-AS-1, US)"
_dc-mx.e52158f6e84b.longmontpooltablerepair.com,1,"AS29802 (HVC-AS, US)"
mail.live-sexycam.fr,1,"AS50474 (O2SWITCH, FR)"
mail.cepu.it,1,"AS12874 (FASTWEB, IT)"
mail.link-assistant.com,1,
mail.thandinkuli.us,1,"AS20473 (AS-VULTR, US)"
mail.loopbox.store,1,"AS19318 (IS-AS-1, US)"
mail.lorientediy.com,1,"AS47583 (AS-HOSTINGER, CY)"
livewildlyinspired-com.mail.protection.outlook.com,1,"AS8075 (MICROSOFT-CORP-MSN-AS-BLOCK, US)"
lorencic-ro.mail.protection.outlook.com,1,"AS8075 (MICROSOFT-CORP-MSN-AS-BLOCK, US)"
mx6.losebellyfatau.com,1,
_dc-mx.d624b7df8a02.lotto-wizard.net,1,"AS14061 (DIGITALOCEAN-ASN, US)"
mx.jtw.dk,1,"AS24940 (HETZNER-AS, DE)"
lotdeals.us,1,"AS22612 (NAMECHEAP-NET, US)"
lotshop.us,1,"AS22612 (NAMECHEAP-NET, US)"
mx6.louboutinemart.com,1,
mx6.louis-vuittonsac.com,1,
router.loudment.com,1,"AS14061 (DIGITALOCEAN-ASN, US)"
mx6.louisvuittonsjapan.com,1,
mx1.lotusloungecafe.com,1,"AS202053 (UPCLOUD, FI)"
mail.louisiaruby.ru,1,"AS12586 (ASGHOSTNET, DE)"
loveesq.com,1,"AS7393 (CYBERCON, US)"
1-grid-mx03.co.za,1,"AS36943 (ZA-1-Grid, ZA)"
box.nethost3.com,1,
mx.loveme.com,1,"AS20454 (SSASN2, US)"
lovework.jp,1,"AS131965 (XSERVER Xserver Inc., JP)"
rte01.lpefuho.com,1,"AS14061 (DIGITALOCEAN-ASN, US)"
lrgrahamj.com,1,"AS47583 (AS-HOSTINGER, CY)"
mail.lsaar.com,1,"AS14061 (DIGITALOCEAN-ASN, US)"
mail.lowtaperfade.style,1,"AS24940 (HETZNER-AS, DE)"
mx.ibaloch.com,1,"AS34119 (WILDCARD-AS Wildcard UK Limited, GB)"
ltcconsumer-com.mail.protection.outlook.com,1,"AS8075 (MICROSOFT-CORP-MSN-AS-BLOCK, US)"
_dc-mx.478cb648523c.lsyx24.com,1,"AS399275 (SOLID, US)"
mx-mail.ltswireless.com,1,"AS61046 (HZ-UK-AS, BG)"
lucrasystems-com.mail.protection.outlook.com,1,"AS8075 (MICROSOFT-CORP-MSN-AS-BLOCK, US)"
mx.lubrorein.com,1,"AS14061 (DIGITALOCEAN-ASN, US)"
lufaf-com.mail.protection.outlook.com,1,"AS8075 (MICROSOFT-CORP-MSN-AS-BLOCK, US)"
mx6.ludovodka.com,1,
mail.lucergmail.ru,1,"AS12586 (ASGHOSTNET, DE)"
mail.lugubr.com,1,"AS12586 (ASGHOSTNET, DE)"
mail.luminexis.cfd,1,"AS203446 (AS203446, GB)"
mail.lumyrix.cfd,1,"AS203446 (AS203446, GB)"
luckystarcasino.org.1.0001.arsmtp.com,1,"AS53780 (AS-APPRIVER, US)"
mx.lukemail.info,1,"AS16276 (OVH, FR)"
mail.lumtu.com,1,"AS59939 (WIBO-AS, LT)"
mail.lunor.cfd,1,"AS14061 (DIGITALOCEAN-ASN, US)"
mail.luckymail.org,1,"AS21003 (GPTC-AS, LY)"
mail.luxentra.cfd,1,"AS203446 (AS203446, GB)"
mail.luminmil.ru,1,"AS12586 (ASGHOSTNET, DE)"
locialispl.com,1,"AS7684 (SAKURA-A SAKURA Internet Inc., JP)"
luve-fr.mail.protection.outlook.com,1,"AS8075 (MICROSOFT-CORP-MSN-AS-BLOCK, US)"
mail.luxovira.cfd,1,"AS203446 (AS203446, GB)"
mx6.luxuriousdress.net,1,
mx.lvfityou.com,1,"AS14061 (DIGITALOCEAN-ASN, US)"
mail.lxvsi.com,1,"AS16276 (OVH, FR)"
mx.lvcheapusa.com,1,"AS14061 (DIGITALOCEAN-ASN, US)"
mail.lvivmail.com,1,"AS12586 (ASGHOSTNET, DE)"
mail.luxusmail.uk,1,"AS46606 (UNIFIEDLAYER-AS-1, US)"
mail.lwide.com,1,"AS14061 (DIGITALOCEAN-ASN, US)"
mail.lynex.sbs,1,"AS14061 (DIGITALOCEAN-ASN, US)"
mail.luxurybet138.com,1,"AS138915 (KAOPU-HK Kaopu Cloud HK Limited, HK)"
mail.lyoris.cfd,1,"AS24940 (HETZNER-AS, DE)"
mail.lymphangitomail.com,1,"AS12586 (ASGHOSTNET, DE)"
mail.lymphografl.com,1,"AS12586 (ASGHOSTNET, DE)"
mail.lunar4d.org,1,"AS9808 (CHINAMOBILE-CN China Mobile Communications Group Co., Ltd., CN)"
msolv-com0c.mail.protection.outlook.com,1,"AS8075 (MICROSOFT-CORP-MSN-AS-BLOCK, US)"
mail.lyunsa.com,1,"AS14061 (DIGITALOCEAN-ASN, US)"
mx.lycos.nl.cust.b.hostedemail.com,1,"AS32491 (TUCOWS-3, CA)"
mail.lymphangmalu.ru,1,"AS12586 (ASGHOSTNET, DE)"
mx.lycos.at.cust.b.hostedemail.com,1,"AS32491 (TUCOWS-3, CA)"
longbeachislandcam.com,1,"AS25532 (MASTERHOST-AS Moscow, Russia, RU)"
_dc-mx.2e218f56e006.m2u.io,1,"AS16276 (OVH, FR)"
mx1.lomaschool.org,1,"AS200107 (KL-EXT, CH)"
mail.m88i.click,1,"AS22612 (NAMECHEAP-NET, US)"
m2r60ff.com,1,"AS47583 (AS-HOSTINGER, CY)"
maargasystems-com.mail.protection.outlook.com,1,"AS8075 (MICROSOFT-CORP-MSN-AS-BLOCK, US)"
mail.lookugly.com,1,
mail.1kb.no,1,"AS25148 (BASEFARM-ASN Oslo - Norway, NO)"
macwish.com,1,
mail.macosten.com,1,"AS14061 (DIGITALOCEAN-ASN, US)"
mail.macroecmail.com,1,"AS12586 (ASGHOSTNET, DE)"
a182602.mx.mailhop.org,1,"AS16509 (AMAZON-02, US)"
ma-boite-aux-lettres.infos.st,1,"AS16276 (OVH, FR)"
mail.mafozex.xyz,1,"AS40021 (CONTABO-40021, US)"
mail.macrodmail.ru,1,"AS12586 (ASGHOSTNET, DE)"
mail.maghyg.xyz,1,"AS47583 (AS-HOSTINGER, CY)"
s0.protection.netiyi.com,1,"AS201928 (ASNETIYI, TR)"
mail1.ssadm.org,1,"AS35387 (SYNERGY-AS, RU)"
macstoredigital.id,1,"AS149359 (IDNIC-PDM-AS-ID PT Persada Data Multimedia, ID)"
mail.macrobivegai.ru,1,"AS12586 (ASGHOSTNET, DE)"
mail.magicalcasino.info,1,"AS209605 (HOSTBALTIC, LT)"
magura-shop.mail.protection.outlook.com,1,"AS8075 (MICROSOFT-CORP-MSN-AS-BLOCK, US)"
mail.madibashirts.com,1,"AS37153 (xneelo, ZA)"
mail.madiba-shirt.com,1,"AS37153 (xneelo, ZA)"
mail.magistinf.com,1,"AS12586 (ASGHOSTNET, DE)"
mail.magnetohydrodymy.com,1,"AS12586 (ASGHOSTNET, DE)"
mail.magnetimail.com,1,"AS12586 (ASGHOSTNET, DE)"
mx.mail-data.net,1,"AS14061 (DIGITALOCEAN-ASN, US)"
mail.magistratmail.ru,1,"AS12586 (ASGHOSTNET, DE)"
smtp.mail-filter.com,1,"AS24940 (HETZNER-AS, DE)"
mahoteki.com,1,"AS131965 (XSERVER Xserver Inc., JP)"
mx2.cityemail.com,1,"AS393653 (WIZ1, CA)"
mx.mail-pop3.com,1,"AS16276 (OVH, FR)"
mail-mario.fr.nf,1,"AS16276 (OVH, FR)"
mail.magnetifm.ru,1,"AS12586 (ASGHOSTNET, DE)"
mail-uk.co.uk,1,"AS42831 (UKSERVERS-AS UK Dedicated Servers, Hosting and Co-Location, GB)"
mail-4-uk.co.uk,1,"AS42831 (UKSERVERS-AS UK Dedicated Servers, Hosting and Co-Location, GB)"
mail35.mydevil.net,1,"AS57367 (ECO-ATMAN-PL ECO-ATMAN-, PL)"
mail.magnet-immigration.com,1,"AS51167 (CONTABO, DE)"
mail.tempai.org,1,"AS14061 (DIGITALOCEAN-ASN, US)"
h2.hitme.pl,1,"AS50840 (AS-HITME, PL)"
mx1.mail-server.bid,1,"AS200107 (KL-EXT, CH)"
mx.mail-send.ru,1,"AS216071 (VDSINA, AE)"
mail.burneremailid.com,1,"AS14061 (DIGITALOCEAN-ASN, US)"
smtp1.mail.be,1,"AS3356 (LEVEL3, US)"
chatfunny.com,1,"AS47583 (AS-HOSTINGER, CY)"
mx.mose-mail.jp,1,"AS2497 (IIJ Internet Initiative Japan Inc., JP)"
_dc-mx.b2c82c8a4ea4.mail.com.vc,1,"AS19318 (IS-AS-1, US)"
mail.gnfox.cloudns.be,1,"AS62468 (HKCLOUDX, US)"
_dc-mx.19abca72c8bd.mail.mailifyy.com,1,"AS51167 (CONTABO, DE)"
mx1.seznam.cz,1,"AS43037 (SEZNAM-, CZ)"
mas-fc-r-11.mail.goo.jp,1,"AS4713 (OCN NTT DOCOMO BUSINESS,Inc., JP)"
slapp.lienau.me,1,"AS8560 (IONOS-AS This is the joint network for IONOS, Fasthosts, Arsys, 1&1 Mail and Media and 1&1 Telecom. Formerly known as 1&1 Internet SE., DE)"
mail.tdstoragebay.com,1,"AS13428 (SURFAIRWIRELESS-IN-02, US)"
mail2.space,1,"AS47583 (AS-HOSTINGER, CY)"
mail.tbr.fr.nf,1,"AS16276 (OVH, FR)"
mail.mail4u.info,1,"AS14061 (DIGITALOCEAN-ASN, US)"
mx.mail24.club,1,"AS29873 (BIZLAND-SD, US)"
mail.mail42.shop,1,"AS51167 (CONTABO, DE)"
mx.mail4days.com,1,"AS16276 (OVH, FR)"
_dc-mx.eaed06f07dcf.mailaddress.click,1,"AS200223 (ETHERON, NL)"
_dc-mx.9ffdcf8ed8e7.mail5.info,1,"AS214481 (WCZAPKOWICZ-AS as214481as-wczapkowicz Chunkserve Backbone Transit, PL)"
mailaugust.com,1,"AS47583 (AS-HOSTINGER, CY)"
mx.mail4trash.com,1,"AS16276 (OVH, FR)"
mail.mail56.me,1,"AS47583 (AS-HOSTINGER, CY)"
mail.mail5.su,1,"AS214481 (WCZAPKOWICZ-AS as214481as-wczapkowicz Chunkserve Backbone Transit, PL)"
mail.mailbeaver.net,1,"AS63949 (AKAMAI-LINODE-AP Akamai Connected Cloud, SG)"
mx.mailblog.biz,1,"AS14061 (DIGITALOCEAN-ASN, US)"
mx6.mailairport.com,1,
mailbox92-com.mail.protection.outlook.com,1,"AS8075 (MICROSOFT-CORP-MSN-AS-BLOCK, US)"
mail.mailabconline.com,1,
_dc-mx.34ec5ded2b77.mailaddress.top,1,"AS200223 (ETHERON, NL)"
mail.mailbucket.cc,1,"AS22612 (NAMECHEAP-NET, US)"
mx1.mailasdkr.net,1,"AS200107 (KL-EXT, CH)"
mail2bin.com,1,"AS174 (COGENT-174, US)"
mail2.mailcatch.com,1,"AS16276 (OVH, FR)"
mailboxonline-org.mail.protection.outlook.com,1,"AS8075 (MICROSOFT-CORP-MSN-AS-BLOCK, US)"
mail.mailcker.com,1,"AS14061 (DIGITALOCEAN-ASN, US)"
mx.maildrop.cc,1,"AS24940 (HETZNER-AS, DE)"
mail.maildepot.net,1,"AS63949 (AKAMAI-LINODE-AP Akamai Connected Cloud, SG)"
mail.mailer2.net,1,"AS47583 (AS-HOSTINGER, CY)"
mail.mailerq.net,1,"AS63949 (AKAMAI-LINODE-AP Akamai Connected Cloud, SG)"
mx.forwarding-service.maildim.com,1,"AS13335 (CLOUDFLARENET, US)"
mailcard.net,1,"AS16276 (OVH, FR)"
mailbox.biz.st,1,"AS16276 (OVH, FR)"
mail1.mailforspam.com,1,"AS14061 (DIGITALOCEAN-ASN, US)"
mx.maileto.com,1,"AS14061 (DIGITALOCEAN-ASN, US)"
mailaccs.store,1,"AS24940 (HETZNER-AS, DE)"
mail.mailforspam.net,1,"AS55293 (A2HOSTING, US)"
mail.mailbucket.org,1,"AS32181 (ASN-GIGENET, US)"
mx6.mailerrtts.com,1,
mailexpire.com,1,"AS46475 (LIMESTONENETWORKS, US)"
_dc-mx.364932edcd99.maildax.me,1,"AS16276 (OVH, FR)"
mx1.mailbox1.gdn,1,"AS200107 (KL-EXT, CH)"
mail.mailforminutes.com,1,"AS47583 (AS-HOSTINGER, CY)"
mail.mailesd.com,1,"AS12586 (ASGHOSTNET, DE)"
mail.mailcorplrtgood.com,1,"AS9009 (M247, RO)"
mail.mailhellox.fun,1,"AS47583 (AS-HOSTINGER, CY)"
mail1.mailfs.com,1,"AS44418 (BITDEFENDER-AS, RO)"
kdx.mine.nu,1,"AS21413 (ENVIA-TEL-AS D-09114 Chemnitz, DE)"
mail.mailcore.info,1,"AS8075 (MICROSOFT-CORP-MSN-AS-BLOCK, US)"
_dc-mx.c0fe39ca2719.mailhub2.site,1,"AS216071 (VDSINA, AE)"
mx6.mailhub.pw,1,
mail.mailgutter.com,1,"AS40021 (CONTABO-40021, US)"
mx6.loopy-deals.com,1,
mabal.fr.nf,1,"AS16276 (OVH, FR)"
mail.mailhubbox.shop,1,"AS51167 (CONTABO, DE)"
mail.mailin8r.com,1,"AS24940 (HETZNER-AS, DE)"
_dc-mx.15eba8c7c036.mailifyy.com,1,"AS51167 (CONTABO, DE)"
relay1-new.mail.zp.ua,1,"AS15738 (UAEXPRESS Ukraine, UA)"
mail.mailinator.co.uk,1,"AS14061 (DIGITALOCEAN-ASN, US)"
mail.mailfm.net,1,"AS14061 (DIGITALOCEAN-ASN, US)"
mail.mailingo.net,1,"AS63949 (AKAMAI-LINODE-AP Akamai Connected Cloud, SG)"
mail.mailimpulse.com,1,"AS63410 (PRIVATESYSTEMS, US)"
mail.mailinator.net,1,"AS63949 (AKAMAI-LINODE-AP Akamai Connected Cloud, SG)"
mail.mailinator.us,1,"AS24940 (HETZNER-AS, DE)"
mx.mailhole.de,1,"AS24940 (HETZNER-AS, DE)"
mailgoogle.com,1,"AS11320 (LIGHTEDGE-AS-02, US)"
mx-asgard.mailinblack.com,1,"AS8075 (MICROSOFT-CORP-MSN-AS-BLOCK, US)"
mail.mailify.top,1,"AS202619 (DOVECOM, RU)"
mx.mailhz.me,1,"AS14061 (DIGITALOCEAN-ASN, US)"
_dc-mx.9f6490b49486.mailmail.sbs,1,"AS200223 (ETHERON, NL)"
mx1.mailinatior.com,1,"AS200107 (KL-EXT, CH)"
mx.mailmagnet.co,1,"AS16276 (OVH, FR)"
mail.mailinux.me,1,"AS214481 (WCZAPKOWICZ-AS as214481as-wczapkowicz Chunkserve Backbone Transit, PL)"
mail.mailkv.com,1,"AS132203 (TENCENT-NET-AP-CN Tencent Building, Kejizhongyi Avenue, CN)"
inbound-smtp.us-east-1.amazonaws.comx,1,
mail.mailmelt.cfd,1,"AS24940 (HETZNER-AS, DE)"
mes.maillsk.com,1,"AS12586 (ASGHOSTNET, DE)"
smtp1.mailfence.com,1,"AS3356 (LEVEL3, US)"
mx.mailme24.com,1,"AS16276 (OVH, FR)"
mail.mailforxr.site,1,"AS210079 (EUROBYTE, RU)"
mx1.mailna.in,1,"AS24940 (HETZNER-AS, DE)"
mx.mailloading.com,1,"AS14061 (DIGITALOCEAN-ASN, US)"
_dc-mx.7e2a4728ad04.mailn.site,1,"AS24940 (HETZNER-AS, DE)"
mx1.mailna.biz,1,"AS14061 (DIGITALOCEAN-ASN, US)"
mail.maillv.com,1,"AS12586 (ASGHOSTNET, DE)"
smtp.mailmoat.com,1,"AS22768 (SYNERGYBROADBAND-MI-02, US)"
mx1.mailna.co,1,"AS24940 (HETZNER-AS, DE)"
mx1.mailme.vip,1,"AS200107 (KL-EXT, CH)"
mail.likemail.com,1,"AS32244 (LIQUIDWEB, US)"
_dc-mx.ec1653aca4ca.mailp.site,1,"AS24940 (HETZNER-AS, DE)"
mx1.mailna.me,1,"AS24940 (HETZNER-AS, DE)"
mx1.mailmonster.bid,1,"AS200107 (KL-EXT, CH)"
mailo.edu.pl,1,"AS20068 (HAWKHOST, CA)"
mail.mailper.com,1,"AS213230 (HETZNER-CLOUD2-AS, DE)"
mx1.maillink.info,1,"AS200107 (KL-EXT, CH)"
_dc-mx.b7d10cb374ff.mailpk.site,1,"AS24940 (HETZNER-AS, DE)"
mx.mailorc.com,1,"AS16276 (OVH, FR)"
_dc-mx.da94502b5f19.mailp.org,1,"AS24940 (HETZNER-AS, DE)"
mx1.mailmefast.info,1,"AS200107 (KL-EXT, CH)"
mail.mailrc.biz,1,"AS14061 (DIGITALOCEAN-ASN, US)"
mailprotech.com,1,"AS47583 (AS-HOSTINGER, CY)"
_dc-mx.ba1a9db12592.mailrapidpro.com,1,"AS18450 (WEBNX, US)"
mx.mailref.net,1,"AS14061 (DIGITALOCEAN-ASN, US)"
_dc-mx.4aeb423a363d.mailru.site,1,"AS24940 (HETZNER-AS, DE)"
mail.bridgeasia.group,1,"AS24940 (HETZNER-AS, DE)"
mail.mailretrer.com,1,"AS14061 (DIGITALOCEAN-ASN, US)"
mx6.mailrerrs.com,1,
mailify.org,1,"AS137035 (PWCS-AS-AP Parallel Web Cloud Services, IN)"
mx.mailsadf.net,1,"AS14061 (DIGITALOCEAN-ASN, US)"
mail.mailgojoker.com,1,"AS132203 (TENCENT-NET-AP-CN Tencent Building, Kejizhongyi Avenue, CN)"
mx1.mailrock.biz,1,"AS200107 (KL-EXT, CH)"
mailsafe.fr.nf,1,"AS16276 (OVH, FR)"
mail.mailsd.net,1,"AS14061 (DIGITALOCEAN-ASN, US)"
mx.mailsdfd.net,1,"AS14061 (DIGITALOCEAN-ASN, US)"
mail.mailsecv.com,1,"AS47583 (AS-HOSTINGER, CY)"
mail.mailni.club,1,"AS132203 (TENCENT-NET-AP-CN Tencent Building, Kejizhongyi Avenue, CN)"
mail.devrolab.com,1,
mx.mailslite.com,1,"AS14061 (DIGITALOCEAN-ASN, US)"
mx.mailsdfeer.net,1,"AS14061 (DIGITALOCEAN-ASN, US)"
mail.mailrxcorp.com,1,"AS49981 (WORLDSTREAM, NL)"
mailnej.top,1,"AS53667 (PONYNET, US)"
mail.mailni.biz,1,"AS132203 (TENCENT-NET-AP-CN Tencent Building, Kejizhongyi Avenue, CN)"
w019efd9.kasserver.com,1,"AS34788 (NMM-AS D - 02742 Friedersdorf Hauptstrasse 68, DE)"
mail.mailsphere.space,1,"AS49683 (MASSIVEGRID, GB)"
mx01.mailguard.me,1,"AS16276 (OVH, FR)"
mailsi.online,1,"AS203380 (DAINTERNATIONALGROUP, BG)"
_dc-mx.0583831c3117.mailtelig.site,1,"AS24940 (HETZNER-AS, DE)"
mail.mailthink.net,1,"AS63949 (AKAMAI-LINODE-AP Akamai Connected Cloud, SG)"
mail.mailopenz.com,1,"AS29182 (RU-JSCIOT, RU)"
global.mailtemp.net,1,"AS401696 (COGNETCLOUD, US)"
mail.mailtmk.com,1,"AS14061 (DIGITALOCEAN-ASN, US)"
_dc-mx.4c3854fd3df9.mailtemp.uk,1,"AS49467 (EUROTA-ASN EUROTA INTERNET SERVICES LTD, TR)"
mx1.mailspirit.info,1,"AS200107 (KL-EXT, CH)"
mx1.mailsinabox.bid,1,"AS200107 (KL-EXT, CH)"
mail1.mailsrv.ru,1,"AS12578 (APOLLO-AS Latvia, LV)"
mail.mailtrust.online,1,"AS12586 (ASGHOSTNET, DE)"
api.moeclub.org,1,"AS16276 (OVH, FR)"
mailusek.pl,1,"AS12824 (HOMEPL-AS, PL)"
mailtune.ir,1,"AS12660 (SHARIF-EDU-NET, IR)"
mail.mailvq.net,1,"AS14061 (DIGITALOCEAN-ASN, US)"
m.mailvh.com,1,"AS401696 (COGNETCLOUD, US)"
primary.yourfilter.nl,1,"AS48635 (CLDIN-NL Your Hosting B.V. part of Your.Online, NL)"
_dc-mx.c2476fbd758d.mailw.site,1,"AS24940 (HETZNER-AS, DE)"
mail.mailus.thebillieholiday.click,1,"AS51167 (CONTABO, DE)"
_dc-mx.a768d4d58a88.mailvip.info,1,"AS214481 (WCZAPKOWICZ-AS as214481as-wczapkowicz Chunkserve Backbone Transit, PL)"
mail.mailus.thewisetransfer.click,1,"AS51167 (CONTABO, DE)"
mailv1.theloi.io.vn,1,"AS149089 (CLOUDFLY-VN CLOUDFLY CORPORATION, VN)"
mail.mailzhi.com,1,"AS36007 (KAMATERA, US)"
mail.mailvs.net,1,"AS14061 (DIGITALOCEAN-ASN, US)"
mail.mainlinehosting.net,1,"AS46606 (UNIFIEDLAYER-AS-1, US)"
mail.makeemailgreat.com,1,"AS16276 (OVH, FR)"
mail.maily.website,1,"AS50599 (Autonomous System for Dataspace P.S.A., PL)"
mailzilla-com.p10.spamhero.com,1,"AS13354 (ZC38-AS1, US)"
134-199-163-222.cprapid.com,1,
makeme-fashion.com,1,"AS153528 (ESL-AS-AP ExtentIT Solution Limited, BD)"
mx1.major-jobs.com,1,"AS200107 (KL-EXT, CH)"
mx1.make-bootable-disks.com,1,"AS200107 (KL-EXT, CH)"
maltacp.com,1,"AS47583 (AS-HOSTINGER, CY)"
mail.malassimilmfri.com,1,"AS12586 (ASGHOSTNET, DE)"
mail.malacobgmail.ru,1,"AS12586 (ASGHOSTNET, DE)"
mail.malediaemail.com,1,"AS12586 (ASGHOSTNET, DE)"
mail.malariolmail.ru,1,"AS12586 (ASGHOSTNET, DE)"
mail.malobservfml.com,1,"AS12586 (ASGHOSTNET, DE)"
mail.mamamintaemail.com,1,"AS16276 (OVH, FR)"
maloufco-com.mail.protection.outlook.com,1,"AS8075 (MICROSOFT-CORP-MSN-AS-BLOCK, US)"
mail.makefriends.ru,1,"AS216139 (IRONHOST, GB)"
mamabood.com,1,"AS47583 (AS-HOSTINGER, CY)"
mail.mailfit.top,1,"AS26042 (FIBERSTATE, US)"
maillang.com,1,"AS54290 (HOSTWINDS, US)"
mailell.com,1,"AS54290 (HOSTWINDS, US)"
mailmae.com,1,"AS54290 (HOSTWINDS, US)"
mailals.com,1,"AS54290 (HOSTWINDS, US)"
mailmel.com,1,"AS54290 (HOSTWINDS, US)"
mailfer.com,1,"AS54290 (HOSTWINDS, US)"
mailska.com,1,"AS54290 (HOSTWINDS, US)"
mailgia.com,1,"AS54290 (HOSTWINDS, US)"
mailhair.com,1,"AS54290 (HOSTWINDS, US)"
mailfen.com,1,"AS54290 (HOSTWINDS, US)"
mailanti.com,1,"AS54290 (HOSTWINDS, US)"
mailros.com,1,"AS54290 (HOSTWINDS, US)"
mailrest.com,1,"AS54290 (HOSTWINDS, US)"
mailmit.com,1,"AS54290 (HOSTWINDS, US)"
mailste.com,1,"AS54290 (HOSTWINDS, US)"
mailniu.com,1,"AS54290 (HOSTWINDS, US)"
maillote.com,1,"AS54290 (HOSTWINDS, US)"
mailjean.com,1,"AS54290 (HOSTWINDS, US)"
mailluxe.com,1,"AS54290 (HOSTWINDS, US)"
mailsst.com,1,"AS54290 (HOSTWINDS, US)"
mailersc.com,1,"AS54290 (HOSTWINDS, US)"
mailswim.com,1,"AS54290 (HOSTWINDS, US)"
mailtal.com,1,"AS54290 (HOSTWINDS, US)"
mailhon.com,1,"AS54290 (HOSTWINDS, US)"
mailerie.com,1,"AS54290 (HOSTWINDS, US)"
mailxing.com,1,"AS54290 (HOSTWINDS, US)"
maillap.com,1,"AS54290 (HOSTWINDS, US)"
mail.managemail.ru,1,"AS12586 (ASGHOSTNET, DE)"
mailkon.com,1,"AS54290 (HOSTWINDS, US)"
mailjuan.com,1,"AS54290 (HOSTWINDS, US)"
mailerde.com,1,"AS54290 (HOSTWINDS, US)"
mail.maile.com,1,"AS20773 (GODADDY, DE)"
_dc-mx.8003d431763a.mailengs.com,1,"AS51167 (CONTABO, DE)"
mail1.maildx.com,1,"AS44418 (BITDEFENDER-AS, RO)"
mail.manipulafl.com,1,"AS12586 (ASGHOSTNET, DE)"
manipumail.com,1,"AS9123 (TIMEWEB-AS, RU)"
mail.mailfirst.icu,1,"AS14061 (DIGITALOCEAN-ASN, US)"
mami999.net,1,"AS26496 (AS-26496-GO-DADDY-COM-LLC, US)"
mail.maneuveraomail.ru,1,"AS12586 (ASGHOSTNET, DE)"
manuka-com.mail.protection.outlook.com,1,"AS8075 (MICROSOFT-CORP-MSN-AS-BLOCK, US)"
mx4.m2bp.com,1,"AS24940 (HETZNER-AS, DE)"
mail.manometrifml.com,1,"AS12586 (ASGHOSTNET, DE)"
mail.manomails.ru,1,"AS12586 (ASGHOSTNET, DE)"
mail.manipukl.ru,1,"AS12586 (ASGHOSTNET, DE)"
a015456.mx.mailhop.org,1,"AS16509 (AMAZON-02, US)"
mailer.io.vn,1,"AS20068 (HAWKHOST, CA)"
mailer.edu.pl,1,"AS20068 (HAWKHOST, CA)"
mx.mannbdinfo.org,1,"AS14061 (DIGITALOCEAN-ASN, US)"
mx1.mailimate.com,1,"AS45090 (TENCENT-NET-AP Shenzhen Tencent Computer Systems Company Limited, CN)"
mx.mailtie.com,1,"AS63949 (AKAMAI-LINODE-AP Akamai Connected Cloud, SG)"
marchelloua.mooo.com,1,"AS205727 (ARUBAPL-AS, IT)"
mail.mapcorewards.com,1,"AS209 (CENTURYLINK-US-LEGACY-QWEST, US)"
mg-standard.sakura.ne.jp,1,
_dc-mx.b75a243f5b54.marattok.com,1,"AS16276 (OVH, FR)"
_dc-mx.cc9350db55ee.mailio.site,1,"AS24940 (HETZNER-AS, DE)"
marchfh-com.mail.protection.outlook.com,1,"AS8075 (MICROSOFT-CORP-MSN-AS-BLOCK, US)"
mail.mariewallacerealestateagentfolsomca.com,1,"AS46606 (UNIFIEDLAYER-AS-1, US)"
smtp.mareno.net,1,"AS54290 (HOSTWINDS, US)"
mail.markerting4all.shop,1,
mail.manufactmail.ru,1,"AS12586 (ASGHOSTNET, DE)"
mail.mariecharlesrealestateagenthumbletx.com,1,"AS46606 (UNIFIEDLAYER-AS-1, US)"
mail.mania99.org,1,"AS57344 (TELEHOUSE-AS, BG)"
markellaw-com.mail.protection.outlook.com,1,"AS8075 (MICROSOFT-CORP-MSN-AS-BLOCK, US)"
markarcher.com.au,1,"AS19871 (NETWORK-SOLUTIONS-HOSTING, US)"
margimail.com,1,"AS9123 (TIMEWEB-AS, RU)"
mail.marciszewski.pl,1,"AS41079 (CF-GDA, PL)"
zelda.veridyen.com,1,"AS209853 (VERIDYEN Veridyen Bilisim Teknolojileri Sanayi ve Ticaret Limited Sirketi, TR)"
mail.mark-mail.pro,1,"AS200740 (FIRST-SERVER-EU-AS FIRST-SERVER-US, GB)"
giskailoveyou.marksafii.com,1,
mail.marketing.beachvolleyball.click,1,"AS51167 (CONTABO, DE)"
w01e3f50.kasserver.com,1,"AS34788 (NMM-AS D - 02742 Friedersdorf Hauptstrasse 68, DE)"
156121029.pamx1.hotmail.com,1,"AS8075 (MICROSOFT-CORP-MSN-AS-BLOCK, US)"
mail.marlboro-ez-cigarettes.com,1,"AS16276 (OVH, FR)"
mail.marmaryta.com,1,"AS47583 (AS-HOSTINGER, CY)"
mail.marvelfight.cc,1,"AS45102 (ALIBABA-CN-NET Alibaba US Technology Co., Ltd., CN)"
_dc-mx.f1253c53bdf9.martmerc.com,1,"AS46475 (LIMESTONENETWORKS, US)"
mail.marsipobrinf.com,1,"AS12586 (ASGHOSTNET, DE)"
mail.many-slots.ru,1,"AS50340 (SELECTEL-MSK, RU)"
mashorts.com,1,"AS47583 (AS-HOSTINGER, CY)"
marketlink.info,1,"AS30083 (AS-30083-US-VELIA-NET, DE)"
mail.mashy.com,1,"AS24940 (HETZNER-AS, DE)"
mail.marywesley.com,1,"AS46606 (UNIFIEDLAYER-AS-1, US)"
mail.marsupifml.com,1,"AS12586 (ASGHOSTNET, DE)"
mail.marksearcher.com,1,"AS60781 (LEASEWEB-NL-AMS-01 Netherlands, NL)"
mail.marsipomail.com,1,"AS12586 (ASGHOSTNET, DE)"
mail0.maskmail.net,1,"AS16509 (AMAZON-02, US)"
mail.massazhistki-na-dom.com,1,"AS29182 (RU-JSCIOT, RU)"
marvinlee.net,1,"AS30475 (WEHOSTWEBSITES-COM, US)"
mx1.mashed.site,1,"AS200107 (KL-EXT, CH)"
mail.massazhistki-40.com,1,"AS29182 (RU-JSCIOT, RU)"
mail.martyroml.ru,1,"AS12586 (ASGHOSTNET, DE)"
masterdomino88.club,1,"AS20068 (HAWKHOST, CA)"
mail.massazhistki-50.com,1,"AS29182 (RU-JSCIOT, RU)"
mx.mastplants.com.cust.b.hostedemail.com,1,"AS32491 (TUCOWS-3, CA)"
mail.marksandspencer.com.vn,1,"AS16276 (OVH, FR)"
mail.matanmail.com,1,"AS12586 (ASGHOSTNET, DE)"
mail.massageplanner.com,1,"AS201682 (LIQUID-WEB-BV, US)"
mail.masculmail.ru,1,"AS12586 (ASGHOSTNET, DE)"
mail.mastigophml.com,1,"AS12586 (ASGHOSTNET, DE)"
masterdomino88.net,1,"AS22612 (NAMECHEAP-NET, US)"
mail.matamail.com,1,"AS214996 (NETCUP, DE)"
mail.materfmk.com,1,"AS12586 (ASGHOSTNET, DE)"
mx1.masterhost.site,1,"AS200107 (KL-EXT, CH)"
spf0.materael.com,1,"AS14061 (DIGITALOCEAN-ASN, US)"
maxamba.com,1,
mx004.register.xion.oxcs.net,1,"AS16276 (OVH, FR)"
mail.materifl.com,1,"AS12586 (ASGHOSTNET, DE)"
masterpokerqq.net,1,"AS22612 (NAMECHEAP-NET, US)"
mail.mastopamail.ru,1,"AS12586 (ASGHOSTNET, DE)"
mail.matemails.ru,1,"AS12586 (ASGHOSTNET, DE)"
mail.maulmail.com,1,"AS12586 (ASGHOSTNET, DE)"
mail.materics.ru,1,"AS12586 (ASGHOSTNET, DE)"
mx1-cluster15.immenzaces.com,1,"AS137488 (ICEWARP-AS-AP IceWarp Technologies Pvt. Ltd., IN)"
matydezynfekcyjne.com.pl,1,"AS15967 (NETARTGROUP, PL)"
mx.maxbeautyhair.com.cust.b.hostedemail.com,1,"AS32491 (TUCOWS-3, CA)"
mail.master-crm.ru,1,"AS35278 (SPRINTHOST, RU)"
mail.materifmail.ru,1,"AS12586 (ASGHOSTNET, DE)"
mail.mauritfmail.com,1,"AS12586 (ASGHOSTNET, DE)"
mail.materml.ru,1,"AS12586 (ASGHOSTNET, DE)"
mail.maturmail.com,1,"AS132203 (TENCENT-NET-AP-CN Tencent Building, Kejizhongyi Avenue, CN)"
mail.maxsad.com,1,"AS51167 (CONTABO, DE)"
mail.maxrollspins.co,1,"AS24940 (HETZNER-AS, DE)"
mail.maxric.com,1,"AS14061 (DIGITALOCEAN-ASN, US)"
mail.materimail.ru,1,"AS12586 (ASGHOSTNET, DE)"
mail.matmail.ru,1,"AS12586 (ASGHOSTNET, DE)"
maxillomamail.com,1,"AS9123 (TIMEWEB-AS, RU)"
mx.maxdispatchconnect.com.cust.a.hostedemail.com,1,"AS15348 (TUCOWS, CA)"
maxxedout.net,1,"AS209 (CENTURYLINK-US-LEGACY-QWEST, US)"
mbcannj-com.mail.protection.outlook.com,1,
mail.maylx.com,1,"AS14061 (DIGITALOCEAN-ASN, US)"
ma1l.duckdns.org,1,"AS16276 (OVH, FR)"
mail.mcguide.cc,1,"AS45102 (ALIBABA-CN-NET Alibaba US Technology Co., Ltd., CN)"
mxwl.us,1,"AS7018 (ATT-INTERNET4, US)"
a406698.mx.mailhop.org,1,"AS16509 (AMAZON-02, US)"
mbejci.com,1,"AS24940 (HETZNER-AS, DE)"
mcdomaine.fr.nf,1,"AS16276 (OVH, FR)"
mail.mdamageqdz.com,1,"AS47583 (AS-HOSTINGER, CY)"
mcc-east.mx.a.cloudfilter.net,1,"AS14618 (AMAZON-AES, US)"
mx.mandisa.dpdns.org,1,"AS34119 (WILDCARD-AS Wildcard UK Limited, GB)"
mail.meandu.store,1,"AS47583 (AS-HOSTINGER, CY)"
mx.me-angel.net,1,"AS14061 (DIGITALOCEAN-ASN, US)"
mx1.mail.corp.masterhost.ru,1,"AS25532 (MASTERHOST-AS Moscow, Russia, RU)"
meboxmedia.us,1,"AS14061 (DIGITALOCEAN-ASN, US)"
mx1.hostinger.co,1,"AS13335 (CLOUDFLARENET, US)"
a656183.mx.mailhop.org,1,"AS16509 (AMAZON-02, US)"
a214134.mx.mailhop.org,1,"AS16509 (AMAZON-02, US)"
mx6.meangel.net,1,
mail.me.tempo-mail.pro,1,"AS22612 (NAMECHEAP-NET, US)"
mdo88.org,1,"AS22612 (NAMECHEAP-NET, US)"
mdo88.com,1,"AS22612 (NAMECHEAP-NET, US)"
mail.meefff.com,1,"AS24940 (HETZNER-AS, DE)"
hostmx01.logix.in,1,"AS4755 (TATACOMM-AS TATA Communications formerly VSNL is Leading ISP, IN)"
mail.mediapulsetech.com,1,"AS398101 (GO-DADDY-COM-LLC, US)"
mail.med-tovary.com,1,"AS197695 (AS-REG, RU)"
mail.mechanomail.ru,1,"AS12586 (ASGHOSTNET, DE)"
mail.mechanomails.ru,1,"AS12586 (ASGHOSTNET, DE)"
mecs-de.mail.protection.outlook.com,1,"AS8075 (MICROSOFT-CORP-MSN-AS-BLOCK, US)"
mail.mechanml.ru,1,"AS12586 (ASGHOSTNET, DE)"
_dc-mx.d4ef8ce45444.megastorage.xyz,1,"AS22612 (NAMECHEAP-NET, US)"
mediosmail.com,1,"AS9123 (TIMEWEB-AS, RU)"
mail.mediatml.ru,1,"AS12586 (ASGHOSTNET, DE)"
mx.megape.in,1,"AS14061 (DIGITALOCEAN-ASN, US)"
mail.megaposty.com,1,"AS36352 (AS-COLOCROSSING, US)"
mail.meditermails.ru,1,"AS12586 (ASGHOSTNET, DE)"
megamail.fr.nf,1,"AS16276 (OVH, FR)"
mail.mediterr.ru,1,"AS12586 (ASGHOSTNET, DE)"
mail.megacepfmail.ru,1,"AS12586 (ASGHOSTNET, DE)"
mail.megalosmail.com,1,"AS12586 (ASGHOSTNET, DE)"
mail.megdalomail.com,1,"AS12586 (ASGHOSTNET, DE)"
mail.megathfmail.com,1,"AS12586 (ASGHOSTNET, DE)"
mail.melaptop.net,1,
malibuzz.mellieswelding.com,1,"AS51167 (CONTABO, DE)"
mx1.megahost.info,1,"AS200107 (KL-EXT, CH)"
mail.megakarmails.ru,1,"AS12586 (ASGHOSTNET, DE)"
mail.megalocrsmail.ru,1,"AS12586 (ASGHOSTNET, DE)"
mx0.meltmail.com,1,"AS54290 (HOSTWINDS, US)"
mail.melancholifmail.com,1,"AS12586 (ASGHOSTNET, DE)"
mail.megalomail.ru,1,"AS12586 (ASGHOSTNET, DE)"
mx.melite.shop.cust.b.hostedemail.com,1,"AS32491 (TUCOWS-3, CA)"
melanmail.com,1,"AS9123 (TIMEWEB-AS, RU)"
mx1.mega1.gdn,1,"AS200107 (KL-EXT, CH)"
rmw-002.fmcity.com,1,"AS4766 (KIXS-AS-KR Korea Telecom, KR)"
mail.megalocemail.ru,1,"AS12586 (ASGHOSTNET, DE)"
mail.megalecvegai.ru,1,"AS12586 (ASGHOSTNET, DE)"
mail.megakarml.ru,1,"AS12586 (ASGHOSTNET, DE)"
_dc-mx.d184a5df35a6.meltp.com,1,"AS24940 (HETZNER-AS, DE)"
mail.megachiromail.ru,1,"AS12586 (ASGHOSTNET, DE)"
dhmx01.emig.gmx.net,1,"AS8560 (IONOS-AS This is the joint network for IONOS, Fasthosts, Arsys, 1&1 Mail and Media and 1&1 Telecom. Formerly known as 1&1 Internet SE., DE)"
nas.megatel.md,1,"AS31204 (SUNCOMMUNICATIONS-AS JV Sun Communications Autonomous System, MD)"
mail.medremservis.ru,1,"AS49505 (SELECTEL, RU)"
mail.melanofiml.ru,1,"AS12586 (ASGHOSTNET, DE)"
d.mx.mailshell.com,1,"AS63949 (AKAMAI-LINODE-AP Akamai Connected Cloud, SG)"
megoqo.ru,1,"AS204601 (PODAON, NL)"
meetupmonkey.com,1,"AS54113 (FASTLY, US)"
dmarc.memhers.com,1,"AS14061 (DIGITALOCEAN-ASN, US)"
mxr.memorimail.com,1,"AS14061 (DIGITALOCEAN-ASN, US)"
mail.memorafmk.com,1,"AS12586 (ASGHOSTNET, DE)"
melssa.com,1,"AS33322 (NDCHOST, US)"
mail.melbet-ok.ru,1,"AS58061 (SCALAXY-AS, LV)"
melissachi.com,1,"AS58061 (SCALAXY-AS, LV)"
mail.meinspamschutz.de,1,"AS197540 (NETCUP-AS netcup GmbH, DE)"
mail.menitao.com,1,"AS14061 (DIGITALOCEAN-ASN, US)"
level3mx.memoryence.com,1,"AS14061 (DIGITALOCEAN-ASN, US)"
mail.memorialimy.com,1,"AS12586 (ASGHOSTNET, DE)"
mail.meningoencephli.com,1,"AS12586 (ASGHOSTNET, DE)"
memorisx.com,1,"AS24940 (HETZNER-AS, DE)"
mail.menormail.com,1,"AS12586 (ASGHOSTNET, DE)"
_dc-mx.b3e276e73403.mentalnozdravlje.edu.rs,1,"AS51167 (CONTABO, DE)"
mepo.uk,1,"AS7506 (INTERQ GMO Internet Group, Inc., JP)"
mail.meningoencmail.com,1,"AS12586 (ASGHOSTNET, DE)"
mail.mepost.pw,1,"AS14061 (DIGITALOCEAN-ASN, US)"
mail.mergecraft.shop,1,"AS47583 (AS-HOSTINGER, CY)"
mail.memorifmail.ru,1,"AS12586 (ASGHOSTNET, DE)"
mail.mercadodeactivos.com,1,"AS209341 (WHG-FRA, GB)"
igw18.site4now.net,1,"AS46844 (SHARKTECH, US)"
mail.memes.watch,1,
mx.merchstore.store.cust.b.hostedemail.com,1,"AS32491 (TUCOWS-3, CA)"
6fb66153aa05234083d2f8c710c698.pamx1.hotmail.com,1,"AS8075 (MICROSOFT-CORP-MSN-AS-BLOCK, US)"
mx1.menviagraget.com,1,"AS200107 (KL-EXT, CH)"
mail.mentomeemail.ru,1,"AS12586 (ASGHOSTNET, DE)"
mail.merlinlabs.dev,1,"AS7922 (COMCAST-7922, US)"
a242604.mx.mailhop.org,1,"AS16509 (AMAZON-02, US)"
mail.meritomail.ru,1,"AS12586 (ASGHOSTNET, DE)"
mesemails.fr.nf,1,"AS16276 (OVH, FR)"
mess-mails.fr.nf,1,"AS16276 (OVH, FR)"
metcoat-com.mail.protection.outlook.com,1,"AS8075 (MICROSOFT-CORP-MSN-AS-BLOCK, US)"
mail.mesopomail.com,1,"AS12586 (ASGHOSTNET, DE)"
mes-emails.fr.nf,1,"AS16276 (OVH, FR)"
mail.mesoctomail.com,1,"AS12586 (ASGHOSTNET, DE)"
mail.mercenmil.ru,1,"AS12586 (ASGHOSTNET, DE)"
foxstl-com.snwlhosted.com,1,"AS30021 (SNWL-COLO-SJL, US)"
mail.mail7.fun,1,"AS47583 (AS-HOSTINGER, CY)"
mail.metromailz.com,1,"AS24940 (HETZNER-AS, DE)"
mail.metathml.com,1,"AS12586 (ASGHOSTNET, DE)"
mail.metamatheic.com,1,"AS12586 (ASGHOSTNET, DE)"
mail.metaphtfml.ru,1,"AS12586 (ASGHOSTNET, DE)"
mail.methanomml.com,1,"AS12586 (ASGHOSTNET, DE)"
methyl.fr.nf,1,"AS8560 (IONOS-AS This is the joint network for IONOS, Fasthosts, Arsys, 1&1 Mail and Media and 1&1 Telecom. Formerly known as 1&1 Internet SE., DE)"
mail.metacinnmail.com,1,"AS12586 (ASGHOSTNET, DE)"
mail.metacarpomail.com,1,"AS12586 (ASGHOSTNET, DE)"
mail.meteorfl.com,1,"AS12586 (ASGHOSTNET, DE)"
mail.methylamail.com,1,"AS12586 (ASGHOSTNET, DE)"
mail.metoposcgmail.ru,1,"AS12586 (ASGHOSTNET, DE)"
mettlesphee.ddnsfree.com,1,"AS8708 (DIGI-ROMANIA 75 Dr. Staicovici, RO)"
mail.metabfmail.ru,1,"AS12586 (ASGHOSTNET, DE)"
mail.metallotmail.ru,1,"AS12586 (ASGHOSTNET, DE)"
mail.meteemail.ru,1,"AS12586 (ASGHOSTNET, DE)"
mey-com-tr.mail.protection.outlook.com,1,"AS8075 (MICROSOFT-CORP-MSN-AS-BLOCK, US)"
mail.metallomail.ru,1,"AS12586 (ASGHOSTNET, DE)"
mail.metrificasmail.ru,1,"AS12586 (ASGHOSTNET, DE)"
metroset-net.mail.protection.outlook.com,1,"AS8075 (MICROSOFT-CORP-MSN-AS-BLOCK, US)"
mail.metallograemail.ru,1,"AS12586 (ASGHOSTNET, DE)"
mail.metropoliolml.ru,1,"AS12586 (ASGHOSTNET, DE)"
mail.mgmcasinoonline.us,1,"AS209605 (HOSTBALTIC, LT)"
mail.mgmonlinecasino.us,1,"AS209605 (HOSTBALTIC, LT)"
mail.metapmofml.ru,1,"AS12586 (ASGHOSTNET, DE)"
mail.metropomail.ru,1,"AS12586 (ASGHOSTNET, DE)"
mail.metastmail.ru,1,"AS12586 (ASGHOSTNET, DE)"
mail.metropolmail.ru,1,"AS12586 (ASGHOSTNET, DE)"
mx01.yoncu.com,1,"AS208425 (YONCU, CY)"
mail.metapsmalu.ru,1,"AS12586 (ASGHOSTNET, DE)"
mail.mexvat.com,1,"AS14061 (DIGITALOCEAN-ASN, US)"
mail.metamorphjmail.ru,1,"AS12586 (ASGHOSTNET, DE)"
mail.metrosalpmail.ru,1,"AS12586 (ASGHOSTNET, DE)"
mail.meteormail.ru,1,"AS12586 (ASGHOSTNET, DE)"
mx01.xworks.net,1,
mail.mi-tienda.com.co,1,"AS40824 (WZ-US-40824, US)"
mx.miaferrari.com.cust.hostedemail.com,1,"AS15348 (TUCOWS, CA)"
metabox.info,1,"AS24940 (HETZNER-AS, DE)"
_dc-mx.ee935d36d179.miadz.com,1,"AS32475 (SINGLEHOP-LLC, US)"
mx.metamodel.dev,1,"AS48282 (VDSINA-AS, RU)"
mail.mhimail.com,1,"AS132203 (TENCENT-NET-AP-CN Tencent Building, Kejizhongyi Avenue, CN)"
replies.mxa.mailgun.org,1,"AS396982 (GOOGLE-CLOUD-PLATFORM, US)"
mail.micasafinancial.com,1,"AS15164 (UPNLLC, US)"
miamirheumatology-com.mail.protection.outlook.com,1,"AS8075 (MICROSOFT-CORP-MSN-AS-BLOCK, US)"
mx.mataa.me,1,"AS34119 (WILDCARD-AS Wildcard UK Limited, GB)"
mail.microminimail.com,1,"AS40021 (CONTABO-40021, US)"
microsoft-com.mail.protection.outlook.com,1,"AS8075 (MICROSOFT-CORP-MSN-AS-BLOCK, US)"
mx1.mailhop.co.uk,1,"AS16509 (AMAZON-02, US)"
in.arubabusiness.it,1,"AS31034 (ARUBA-ASN, IT)"
mail.mexicons.com,1,"AS29182 (RU-JSCIOT, RU)"
email.microsoft.fr,1,
mail.microelectfl.com,1,"AS12586 (ASGHOSTNET, DE)"
mail.microinnovation.net,1,"AS6079 (RCN-AS, US)"
mickaben.fr.nf,1,"AS16276 (OVH, FR)"
midcoastmowerandsaw.com,1,"AS16509 (AMAZON-02, US)"
micorreotemp.es,1,"AS23352 (SERVERCENTRAL, US)"
mail.microevolutmail.com,1,"AS12586 (ASGHOSTNET, DE)"
mail.microchirmail.ru,1,"AS12586 (ASGHOSTNET, DE)"
mail.microbimail.ru,1,"AS12586 (ASGHOSTNET, DE)"
mail.micropamail.com,1,"AS12586 (ASGHOSTNET, DE)"
mftboost.net,1,"AS136246 (TOMATTOSTL-AS-AP Tomattos Technologies Ltd., BD)"
mail.microevmail.com,1,"AS12586 (ASGHOSTNET, DE)"
mail.microelectrophmy.com,1,"AS12586 (ASGHOSTNET, DE)"
mail.microspectropmail.com,1,"AS12586 (ASGHOSTNET, DE)"
mail.microelectroli.com,1,"AS12586 (ASGHOSTNET, DE)"
mail.microsmail.com,1,"AS12586 (ASGHOSTNET, DE)"
mail.microphomail.com,1,"AS12586 (ASGHOSTNET, DE)"
mail.microsporfmail.com,1,"AS12586 (ASGHOSTNET, DE)"
mail.microgametmail.ru,1,"AS12586 (ASGHOSTNET, DE)"
microminmail.com,1,"AS9123 (TIMEWEB-AS, RU)"
mail.microseismofkml.ru,1,"AS12586 (ASGHOSTNET, DE)"
mail.micrommail.com,1,"AS12586 (ASGHOSTNET, DE)"
mail.microparmail.ru,1,"AS12586 (ASGHOSTNET, DE)"
mail.britsys.net,1,"AS205787 (PUBLICLOUD, BG)"
mail.microormails.ru,1,"AS12586 (ASGHOSTNET, DE)"
mail.microbacmail.ru,1,"AS12586 (ASGHOSTNET, DE)"
mail.microarcmail.ru,1,"AS12586 (ASGHOSTNET, DE)"
mickaben.biz.st,1,"AS16276 (OVH, FR)"
mikrotik.website,1,"AS22612 (NAMECHEAP-NET, US)"
adraptor.email,1,
mail.micromanmalu.ru,1,"AS12586 (ASGHOSTNET, DE)"
mail.micremails.ru,1,"AS12586 (ASGHOSTNET, DE)"
mail.microbemail.ru,1,"AS12586 (ASGHOSTNET, DE)"
mail.microoemail.ru,1,"AS12586 (ASGHOSTNET, DE)"
mail.microoremail.ru,1,"AS12586 (ASGHOSTNET, DE)"
marvinlee.com,1,"AS30475 (WEHOSTWEBSITES-COM, US)"
mail.microdensif.ru,1,"AS12586 (ASGHOSTNET, DE)"
mail.mifml.com,1,"AS12586 (ASGHOSTNET, DE)"
mickaben.xxl.st,1,"AS16276 (OVH, FR)"
mail.microgamemail.ru,1,"AS12586 (ASGHOSTNET, DE)"
mail.microcircumail.ru,1,"AS12586 (ASGHOSTNET, DE)"
mail2.mih-team.com,1,"AS31898 (ORACLE-BMC-31898, US)"
mail.micrsomali.ru,1,"AS12586 (ASGHOSTNET, DE)"
mail.microleprsmail.ru,1,"AS12586 (ASGHOSTNET, DE)"
malibuzz.miloandpi.com,1,"AS51167 (CONTABO, DE)"
millboard-com.mail.protection.outlook.com,1,"AS8075 (MICROSOFT-CORP-MSN-AS-BLOCK, US)"
mimigo-com01b.mail.protection.outlook.com,1,
w0150a43.kasserver.com,1,"AS34788 (NMM-AS D - 02742 Friedersdorf Hauptstrasse 68, DE)"
miloras.fr.nf,1,"AS16276 (OVH, FR)"
mebeldomoi.com,1,"AS20068 (HAWKHOST, CA)"
mail.militarimail.com,1,"AS12586 (ASGHOSTNET, DE)"
mail.militarget.com,1,"AS48635 (CLDIN-NL Your Hosting B.V. part of Your.Online, NL)"
mail.milliequimale.com,1,"AS12586 (ASGHOSTNET, DE)"
mail.millennmail.com,1,"AS12586 (ASGHOSTNET, DE)"
mail.maily.info,1,"AS24940 (HETZNER-AS, DE)"
mail.mihanmail.com,1,"AS24940 (HETZNER-AS, DE)"
mail.korvanta.cfd,1,"AS203446 (AS203446, GB)"
mx.interia.pl,1,"AS16138 (INTERIA, PL)"
mail.korvax.cfd,1,"AS24940 (HETZNER-AS, DE)"
mail.ministre.rocks,1,"AS16276 (OVH, FR)"
mail.mini-mail-x.com,1,"AS24940 (HETZNER-AS, DE)"
mail.kosla.pl,1,"AS41079 (CF-GDA, PL)"
mail.mineralimail.ru,1,"AS12586 (ASGHOSTNET, DE)"
mx.minimail.eu.org,1,"AS24940 (HETZNER-AS, DE)"
mail.minuteinbox.com,1,"AS16276 (OVH, FR)"
smtp1.minutemail.cc,1,"AS54913 (CLOUDWEBMANAGE-CANADA, US)"
kpsc-com.mail.protection.outlook.com,1,"AS8075 (MICROSOFT-CORP-MSN-AS-BLOCK, US)"
mx1.kotsu01.info,1,"AS200107 (KL-EXT, CH)"
mail.minuteafter.com,1,"AS16276 (OVH, FR)"
mintserver.mintemail.com,1,
mx9.aftermarket.hosting,1,"AS48707 (AS48707-OPS-, PL)"
mail.kravintis.cfd,1,"AS203446 (AS203446, GB)"
mail.miracufmk.com,1,"AS12586 (ASGHOSTNET, DE)"
mail.kreatorzyimprez.pl,1,"AS41079 (CF-GDA, PL)"
mirrormate-com.mail.protection.outlook.com,1,"AS8075 (MICROSOFT-CORP-MSN-AS-BLOCK, US)"
mail.minerhouse.ru,1,"AS35278 (SPRINTHOST, RU)"
mail.mirosend.com,1,"AS47583 (AS-HOSTINGER, CY)"
miracleoilhairelixir.com,1,"AS22612 (NAMECHEAP-NET, US)"
kredohealth-com.mail.protection.outlook.com,1,"AS8075 (MICROSOFT-CORP-MSN-AS-BLOCK, US)"
mail.minefieldmail.com,1,"AS207957 (SERVHOST-AS, GB)"
mail.ct8.pl,1,"AS24940 (HETZNER-AS, DE)"
mail.miranda.pictures,1,"AS16276 (OVH, FR)"
mail.kreuiema.com,1,"AS14061 (DIGITALOCEAN-ASN, US)"
mx1-us2.ppe-hosted.com,1,"AS22843 (PROOFPOINT-ASN-US-EAST, US)"
_dc-mx.67206788df58.krissysummers.com,1,"AS147124 (IDNIC-HOSTINGAN-AS-ID PT Hostingan Awan Indonesia, ID)"
mail.misericmfri.com,1,"AS12586 (ASGHOSTNET, DE)"
mail.misinterprmail.com,1,"AS12586 (ASGHOSTNET, DE)"
mail.misclassirsmail.ru,1,"AS12586 (ASGHOSTNET, DE)"
mail.misimaginaumail.com,1,"AS12586 (ASGHOSTNET, DE)"
mail.misidentific.com,1,"AS12586 (ASGHOSTNET, DE)"
mail.misappromail.ru,1,"AS12586 (ASGHOSTNET, DE)"
mail.misadventvegai.ru,1,"AS12586 (ASGHOSTNET, DE)"
mail.misclassimalu.ru,1,"AS12586 (ASGHOSTNET, DE)"
mail.misclassifmails.ru,1,"AS12586 (ASGHOSTNET, DE)"
mail.miscommunimail.ru,1,"AS12586 (ASGHOSTNET, DE)"
mail.kredyt-dla-ciebie.com.pl,1,"AS197155 (ARTNET, PL)"
smtp,1,
mail.mismails.ru,1,"AS12586 (ASGHOSTNET, DE)"
mail.mirpiknika.ru,1,"AS210079 (EUROBYTE, RU)"
mail.krysentra.cfd,1,"AS203446 (AS203446, GB)"
mail.miuiqke.xyz,1,"AS40021 (CONTABO-40021, US)"
kscommunication-com.mail.protection.outlook.com,1,"AS8075 (MICROSOFT-CORP-MSN-AS-BLOCK, US)"
ksao-us.mail.protection.outlook.com,1,"AS8075 (MICROSOFT-CORP-MSN-AS-BLOCK, US)"
mx37.ksgmac.com,1,"AS26666 (INTERSERVER-LAX, US)"
mixoxo-com.mail.protection.outlook.com,1,
a714079.mx.mailhop.org,1,"AS16509 (AMAZON-02, US)"
mx.mix-good.com,1,"AS14061 (DIGITALOCEAN-ASN, US)"
mail.miwacle.com,1,"AS14061 (DIGITALOCEAN-ASN, US)"
mail.mistreatses.ru,1,"AS12586 (ASGHOSTNET, DE)"
mjepelite-com.mail.protection.outlook.com,1,"AS8075 (MICROSOFT-CORP-MSN-AS-BLOCK, US)"
mail.mitmail.ru,1,"AS12586 (ASGHOSTNET, DE)"
mail.kreditkartenvergleich.jetzt,1,"AS13246 (INETWIRE-AS Key-Systems GmbH PartnerGate, DE)"
mjo-fr.mail.protection.outlook.com,1,"AS8075 (MICROSOFT-CORP-MSN-AS-BLOCK, US)"
_dc-mx.9d1d438e392a.mkeya.com,1,"AS24940 (HETZNER-AS, DE)"
ns01.000webhost.com,1,"AS47583 (AS-HOSTINGER, CY)"
ksignnews.com,1,"AS24940 (HETZNER-AS, DE)"
mx1.onemail.vn,1,"AS135905 (VNPT-AS-VN VIETNAM POSTS AND TELECOMMUNICATIONS GROUP, VN)"
mx01.muumuu-mail.com,1,"AS7506 (INTERQ GMO Internet Group, Inc., JP)"
kt5x.com,1,"AS24940 (HETZNER-AS, DE)"
_dc-mx.f42d607f7f99.mjj.cm,1,"AS36352 (AS-COLOCROSSING, US)"
mail.kudagacor.fun,1,"AS59253 (LEASEWEB-APAC-SIN-11 LEASEWEB SINGAPORE PTE. LTD., SG)"
mail.mkzaso.com,1,"AS24940 (HETZNER-AS, DE)"
mx1.kubrickmail.com,1,"AS200107 (KL-EXT, CH)"
mail.midgame.ru,1,"AS204601 (PODAON, NL)"
oasismediacity-org.mail.protection.outlook.com,1,
mail.oazv.net,1,"AS14061 (DIGITALOCEAN-ASN, US)"
mail.o2stk.org,1,"AS22351 (INTELSAT-1, US)"
mail.obeto.site,1,"AS24940 (HETZNER-AS, DE)"
mail.obelion.cfd,1,"AS203446 (AS203446, GB)"
o2cr.com,1,"AS24940 (HETZNER-AS, DE)"
ob.0sg.net,1,"AS10439 (CARINET, US)"
mail.oaksw.com,1,"AS14061 (DIGITALOCEAN-ASN, US)"
mail.obesemen.shop,1,"AS19318 (IS-AS-1, US)"
webmail.obeamb.com,1,"AS16276 (OVH, FR)"
mail.o88i.ink,1,
obgsdf.site,1,"AS47583 (AS-HOSTINGER, CY)"
mail.oaudienceij.com,1,"AS47583 (AS-HOSTINGER, CY)"
mail.ocassettew.com,1,"AS47583 (AS-HOSTINGER, CY)"
oasismediacityuk-org.mail.protection.outlook.com,1,"AS8075 (MICROSOFT-CORP-MSN-AS-BLOCK, US)"
oasismayfield-org.mail.protection.outlook.com,1,"AS8075 (MICROSOFT-CORP-MSN-AS-BLOCK, US)"
oasisjohnwilliams-org.mail.protection.outlook.com,1,"AS8075 (MICROSOFT-CORP-MSN-AS-BLOCK, US)"
obermail-com.mail.protection.outlook.com,1,"AS8075 (MICROSOFT-CORP-MSN-AS-BLOCK, US)"
oasiswintringham-org.mail.protection.outlook.com,1,"AS8075 (MICROSOFT-CORP-MSN-AS-BLOCK, US)"
oasisimmingham-org.mail.protection.outlook.com,1,"AS8075 (MICROSOFT-CORP-MSN-AS-BLOCK, US)"
oasishadley-org.mail.protection.outlook.com,1,"AS8075 (MICROSOFT-CORP-MSN-AS-BLOCK, US)"
oasisenfield-org.mail.protection.outlook.com,1,"AS8075 (MICROSOFT-CORP-MSN-AS-BLOCK, US)"
oasisbrightstowe-org.mail.protection.outlook.com,1,"AS8075 (MICROSOFT-CORP-MSN-AS-BLOCK, US)"
oasisshirleypark-org.mail.protection.outlook.com,1,"AS8075 (MICROSOFT-CORP-MSN-AS-BLOCK, US)"
obesityhelp-online.mail.protection.outlook.com,1,"AS8075 (MICROSOFT-CORP-MSN-AS-BLOCK, US)"
oasisoldham-org.mail.protection.outlook.com,1,"AS8075 (MICROSOFT-CORP-MSN-AS-BLOCK, US)"
mail.oallenlj.com,1,"AS47583 (AS-HOSTINGER, CY)"
mail.ocliteracy.com,1,"AS31898 (ORACLE-BMC-31898, US)"
mail.octbit.com,1,"AS14061 (DIGITALOCEAN-ASN, US)"
ns3821.banahosting.com,1,"AS23352 (SERVERCENTRAL, US)"
mail.o5o5.ru,1,"AS9123 (TIMEWEB-AS, RU)"
mail.occidentalic.com,1,"AS12586 (ASGHOSTNET, DE)"
mail.octomalu.ru,1,"AS12586 (ASGHOSTNET, DE)"
dc-d336d3ae246b.odzyskiwaniedanych.com,1,
obitoto88.com,1,"AS26496 (AS-26496-GO-DADDY-COM-LLC, US)"
mail.occipitopariml.com,1,"AS12586 (ASGHOSTNET, DE)"
oelmjo.com,1,"AS47583 (AS-HOSTINGER, CY)"
mail.objectifemail.ru,1,"AS12586 (ASGHOSTNET, DE)"
mail.oceanolfl.com,1,"AS12586 (ASGHOSTNET, DE)"
mail.objectifimails.ru,1,"AS12586 (ASGHOSTNET, DE)"
mail.oenanthallity.ru,1,"AS12586 (ASGHOSTNET, DE)"
mx3.ovh.net,1,"AS16276 (OVH, FR)"
mail.oceanbreezehub.top,1,"AS214996 (NETCUP, DE)"
offshorebookies.com,1,"AS22612 (NAMECHEAP-NET, US)"
mail.odontolmyu.ru,1,"AS12586 (ASGHOSTNET, DE)"
mail.ofirit.com,1,"AS14061 (DIGITALOCEAN-ASN, US)"
mail.oftenerey.com,1,"AS47583 (AS-HOSTINGER, CY)"
mail.offthechainfishing.com,1,"AS31898 (ORACLE-BMC-31898, US)"
mail.odzywkidorzes.eu,1,"AS50599 (Autonomous System for Dataspace P.S.A., PL)"
oferta.pl,1,"AS15967 (NETARTGROUP, PL)"
mail.ogchecker.com,1,"AS51167 (CONTABO, DE)"
mx.mailwel.com,1,"AS14061 (DIGITALOCEAN-ASN, US)"
ofisher.net,1,"AS14670 (WHG-USE1, GB)"
w01d7fcb.kasserver.com,1,"AS34788 (NMM-AS D - 02742 Friedersdorf Hauptstrasse 68, DE)"
mw2prrw31p.bizmw.com,1,"AS4713 (OCN NTT DOCOMO BUSINESS,Inc., JP)"
mail.ofomail.com,1,"AS42960 (VH-GLOBAL VH Global Limited, HK)"
mail.officimail.ru,1,"AS12586 (ASGHOSTNET, DE)"
mail.ohforgetit.com,1,"AS47172 (GREENHOST, NL)"
_dc-mx.03b4f3c69165.ohi-design.pl,1,"AS50599 (Autonomous System for Dataspace P.S.A., PL)"
mail.ographicallymail.com,1,"AS132203 (TENCENT-NET-AP-CN Tencent Building, Kejizhongyi Avenue, CN)"
ohym-com.mail.protection.outlook.com,1,"AS8075 (MICROSOFT-CORP-MSN-AS-BLOCK, US)"
mail.ohm.edu.pl,1,"AS24940 (HETZNER-AS, DE)"
mail.domnia.com,1,"AS16509 (AMAZON-02, US)"
ogloszenia.site,1,"AS24940 (HETZNER-AS, DE)"
mail.oirish.com,1,"AS31898 (ORACLE-BMC-31898, US)"
mail.ojooo.com,1,"AS24940 (HETZNER-AS, DE)"
mail.ocenka-krym.ru,1,"AS197695 (AS-REG, RU)"
mx7.oi.com.br,1,"AS15830 (EQUINIX, NL)"
mail.ogrodzenia.pl,1,"AS60713 (TARRCI-AS, PL)"
mail.okhko.com,1,"AS14061 (DIGITALOCEAN-ASN, US)"
mail.okgmail.com,1,"AS47583 (AS-HOSTINGER, CY)"
mx1.oiltempof.icu,1,"AS200107 (KL-EXT, CH)"
mail.okchat365.com,1,"AS63949 (AKAMAI-LINODE-AP Akamai Connected Cloud, SG)"
dnses4a31m.okayion.com,1,"AS14061 (DIGITALOCEAN-ASN, US)"
okrhosting.com,1,"AS202053 (UPCLOUD, FI)"
mail.okymail.site,1,"AS24940 (HETZNER-AS, DE)"
_dc-mx.32889813ce57.oky.ovh,1,"AS24940 (HETZNER-AS, DE)"
mail.okcomputer.ru,1,"AS210079 (EUROBYTE, RU)"
_dc-mx.4ca75f70edcf.okyre.com,1,"AS16276 (OVH, FR)"
_dc-mx.3f1f2b0effa8.oku.ovh,1,"AS24940 (HETZNER-AS, DE)"
okgtd.com,1,"AS52148 (ENIXLTD, GB)"
mail.okna-sochi.ru,1,"AS210079 (EUROBYTE, RU)"
mx1.webhero.com,1,"AS7258 (CATALOG-AS7258, US)"
_dc-mx.4dc989b9ae1b.okulistykakaszubska.pl,1,"AS207668 (ITH-, PL)"
mx.odgcrimes.com,1,"AS16509 (AMAZON-02, US)"
mail.oligomenli.com,1,"AS12586 (ASGHOSTNET, DE)"
mail.ohwowi.cyou,1,"AS60117 (HS, AE)"
mail.oligodemail.com,1,"AS12586 (ASGHOSTNET, DE)"
mail.oligomeio.com,1,"AS12586 (ASGHOSTNET, DE)"
mail.oleoreemail.ru,1,"AS12586 (ASGHOSTNET, DE)"
mail.ollbiz.com,1,"AS54641 (IMH-IAD, US)"
mail.oligosml.ru,1,"AS12586 (ASGHOSTNET, DE)"
mail.oligohymalu.ru,1,"AS12586 (ASGHOSTNET, DE)"
mail.olekpesmailtnew.org,1,"AS9009 (M247, RO)"
olsita.com,1,"AS47583 (AS-HOSTINGER, CY)"
olononmail.com,1,"AS9123 (TIMEWEB-AS, RU)"
mail.emailofsteel.com,1,"AS14061 (DIGITALOCEAN-ASN, US)"
oliq.me,1,"AS14061 (DIGITALOCEAN-ASN, US)"
mail.omailo.top,1,"AS24940 (HETZNER-AS, DE)"
_dc-mx.ecf43c067ef9.omail.edu.pl,1,"AS16276 (OVH, FR)"
mail.omheightsy.com,1,"AS47583 (AS-HOSTINGER, CY)"
mxs.mail.ru,1,"AS47764 (VK-AS, RU)"
olypmall.ru,1,"AS9002 (RETN-AS, GB)"
mail.omegabit.com,1,"AS14589 (DIGITALWEST-AS, US)"
fwd0.hosts.co.uk,1,"AS8622 (ISIONUK Team Blue Internet Services UK Ltd, GB)"
mail.omnisent.cfd,1,"AS203446 (AS203446, GB)"
mail.omnivex.cfd,1,"AS203446 (AS203446, GB)"
mail.omnidirecsemail.com,1,"AS12586 (ASGHOSTNET, DE)"
mail.omnipercipfmals.com,1,"AS12586 (ASGHOSTNET, DE)"
au-smtp-inbound-2.mimecast.com,1,"AS136792 (MIMECAST-AS-AP Mimecast Australia Pty Ltd, AU)"
mail.on-review.com,1,"AS51167 (CONTABO, DE)"
mail.onalismail.com,1,"AS12586 (ASGHOSTNET, DE)"
mail.oncogmails.ru,1,"AS12586 (ASGHOSTNET, DE)"
mail.one.earnlivez.net,1,"AS24940 (HETZNER-AS, DE)"
mx1.oncloud.ws,1,"AS200107 (KL-EXT, CH)"
mail.onehandtyper.com,1,"AS63949 (AKAMAI-LINODE-AP Akamai Connected Cloud, SG)"
aries.kasat.net,1,"AS29686 (PROBENETWORKS-AS, DE)"
oneheartusa-com.mail.protection.outlook.com,1,"AS8075 (MICROSOFT-CORP-MSN-AS-BLOCK, US)"
onecroc.com,1,"AS32613 (IWEB-AS, CA)"
mail.snips.tech,1,"AS24940 (HETZNER-AS, DE)"
one-exposure.com,1,"AS50613 (THORDC-AS, IS)"
post.one.lt,1,
mail.onemail.host,1,"AS14061 (DIGITALOCEAN-ASN, US)"
oneoffemail-com.mail.protection.outlook.com,1,"AS8075 (MICROSOFT-CORP-MSN-AS-BLOCK, US)"
mail.odorifermfri.com,1,"AS12586 (ASGHOSTNET, DE)"
webmail.oeralb.com,1,"AS16276 (OVH, FR)"
s2.obemail.com,1,"AS24971 (MASTER-AS Czech Republic www.master.cz, CZ)"
mail.onepvp.com,1,"AS14061 (DIGITALOCEAN-ASN, US)"
mail.tinyhost.shop,1,"AS51167 (CONTABO, DE)"
mail.oneirolfmail.ru,1,"AS12586 (ASGHOSTNET, DE)"
mail.ofansclub.com,1,"AS32097 (WII, US)"
mail.minutesmail.com.onemails.site,1,
mx6.officemanagementinfo.com,1,
odulonmail.com,1,"AS9123 (TIMEWEB-AS, RU)"
mail.octingemail.com,1,"AS12586 (ASGHOSTNET, DE)"
mail.oetrymail.com,1,"AS12586 (ASGHOSTNET, DE)"
oegmail.store,1,"AS40021 (CONTABO-40021, US)"
onetab-fr.mail.protection.outlook.com,1,"AS8075 (MICROSOFT-CORP-MSN-AS-BLOCK, US)"
mail.oenanthaml.ru,1,"AS12586 (ASGHOSTNET, DE)"
mail.oedogonmail.com,1,"AS12586 (ASGHOSTNET, DE)"
mail.octmail.ru,1,"AS12586 (ASGHOSTNET, DE)"
mail.oniventa.cfd,1,"AS203446 (AS203446, GB)"
mx01.perier.pl,1,"AS46261 (QUICKPACKET, US)"
mail.onionred.com,1,"AS14061 (DIGITALOCEAN-ASN, US)"
mail.odontoblmil.ru,1,"AS12586 (ASGHOSTNET, DE)"
usb-smtp-inbound-1.mimecast.com,1,"AS30031 (MIMECAST-, US)"
mx6.onlinebankingcibc.com,1,
mx.ebola.cz,1,"AS29134 (IGNUM-AS Czech Republic, CZ)"
mail.onlinecasinoindex.us,1,"AS209605 (HOSTBALTIC, LT)"
mail0.serv00.com,1,"AS57367 (ECO-ATMAN-PL ECO-ATMAN-, PL)"
officeinhome.online,1,"AS12824 (HOMEPL-AS, PL)"
mx.mailservice.com,1,"AS24940 (HETZNER-AS, DE)"
onprice-co.mail.protection.outlook.com,1,
onlyapp.net,1,"AS7506 (INTERQ GMO Internet Group, Inc., JP)"
onlinemailbox.cc,1,"AS32244 (LIQUIDWEB, US)"
online-pharmacy-inc.com,1,"AS24940 (HETZNER-AS, DE)"
mail.onlinecasinoslotsix.us,1,"AS58061 (SCALAXY-AS, LV)"
mail.ontasa.com,1,"AS14061 (DIGITALOCEAN-ASN, US)"
onpointpartners-com.mail.protection.outlook.com,1,"AS8075 (MICROSOFT-CORP-MSN-AS-BLOCK, US)"
mail.omsk-viagra.ru,1,"AS29182 (RU-JSCIOT, RU)"
mx1.onlinewcm.com,1,"AS200107 (KL-EXT, CH)"
mail.onomamail.ru,1,"AS12586 (ASGHOSTNET, DE)"
mail.onymi.com,1,"AS14061 (DIGITALOCEAN-ASN, US)"
mail.onsensmail.com,1,"AS12586 (ASGHOSTNET, DE)"
mail.email.brandpolgroup.com,1,"AS24940 (HETZNER-AS, DE)"
lavimail.lavisystems.com,1,"AS24940 (HETZNER-AS, DE)"
mail.ontogenetmail.com,1,"AS12586 (ASGHOSTNET, DE)"
mx01.emig.kundenserver.de,1,"AS8560 (IONOS-AS This is the joint network for IONOS, Fasthosts, Arsys, 1&1 Mail and Media and 1&1 Telecom. Formerly known as 1&1 Internet SE., DE)"
mail.oopi.org,1,"AS24940 (HETZNER-AS, DE)"
mail84.conoha.ne.jp,1,"AS7506 (INTERQ GMO Internet Group, Inc., JP)"
me.oonmail.com,1,"AS12586 (ASGHOSTNET, DE)"
mx1.onlinemail.press,1,"AS200107 (KL-EXT, CH)"
mx1.onshop5.com,1,"AS200107 (KL-EXT, CH)"
mail.oophorosalpingefml.com,1,"AS12586 (ASGHOSTNET, DE)"
mail.onlinedars.com,1,"AS212216 (NETAFRAZ, IR)"
mx.openmail.pro,1,"AS16276 (OVH, FR)"
mail.openskj.com,1,"AS47583 (AS-HOSTINGER, CY)"
mail.onomaemail.ru,1,"AS12586 (ASGHOSTNET, DE)"
mail.onychatrfmail.ru,1,"AS12586 (ASGHOSTNET, DE)"
mail.oophorefmail.ru,1,"AS12586 (ASGHOSTNET, DE)"
mx.mail.outmsg.com,1,"AS24940 (HETZNER-AS, DE)"
mail.onychommails.ru,1,"AS12586 (ASGHOSTNET, DE)"
mx.offersal.es,1,"AS16509 (AMAZON-02, US)"
onion.win,1,"AS14061 (DIGITALOCEAN-ASN, US)"
mail2.onetm.jp,1,"AS7684 (SAKURA-A SAKURA Internet Inc., JP)"
mail.operculmails.ru,1,"AS12586 (ASGHOSTNET, DE)"
mail.operatiopt.ru,1,"AS12586 (ASGHOSTNET, DE)"
mail.ophidinf.com,1,"AS12586 (ASGHOSTNET, DE)"
mail.opinionsbte.com,1,"AS47583 (AS-HOSTINGER, CY)"
mail.opiniatimail.ru,1,"AS12586 (ASGHOSTNET, DE)"
inb.openlinemail.com,1,"AS14061 (DIGITALOCEAN-ASN, US)"
mail.openskynet.click,1,"AS51167 (CONTABO, DE)"
mail.opiniomail.com,1,"AS12586 (ASGHOSTNET, DE)"
mail.opilon.com,1,"AS212317 (HETZNER-CLOUD3-AS, DE)"
mail.ophthalmoomail.com,1,"AS12586 (ASGHOSTNET, DE)"
mail.ophthalmomail.com,1,"AS12586 (ASGHOSTNET, DE)"
mail.opkast.net,1,"AS19871 (NETWORK-SOLUTIONS-HOSTING, US)"
mail.ophthalmodmail.com,1,"AS12586 (ASGHOSTNET, DE)"
mail.ophidiopfml.com,1,"AS12586 (ASGHOSTNET, DE)"
mail.opinionatiml.com,1,"AS12586 (ASGHOSTNET, DE)"
mx1.operabrow.com,1,"AS200107 (KL-EXT, CH)"
mail.ophthalpf.ru,1,"AS12586 (ASGHOSTNET, DE)"
mail.opisthmail.com,1,"AS12586 (ASGHOSTNET, DE)"
mail.opisthoglsemail.com,1,"AS12586 (ASGHOSTNET, DE)"
mail.opisthomil.ru,1,"AS12586 (ASGHOSTNET, DE)"
opmmax.com,1,"AS24940 (HETZNER-AS, DE)"
mail.oppositisemail.com,1,"AS12586 (ASGHOSTNET, DE)"
mail.oo.pl,1,"AS50599 (Autonomous System for Dataspace P.S.A., PL)"
mail.opposmail.ru,1,"AS12586 (ASGHOSTNET, DE)"
mail.open-economy.org,1,"AS64236 (UNREAL-SERVERS, US)"
mail.oqtypical.com,1,"AS47583 (AS-HOSTINGER, CY)"
mail.optovka.net,1,"AS211381 (PODAON, LV)"
mail.oravell.cfd,1,"AS203446 (AS203446, GB)"
mx.12ssl.cn,1,"AS141995 (CAPL-AS-AP Contabo Asia Private Limited, SG)"
orage-com.mail.protection.outlook.com,1,"AS8075 (MICROSOFT-CORP-MSN-AS-BLOCK, US)"
mail.opinionatml.ru,1,"AS12586 (ASGHOSTNET, DE)"
mail.opsonizmil.ru,1,"AS12586 (ASGHOSTNET, DE)"
mail.optimistic.co.uk,1,"AS8622 (ISIONUK Team Blue Internet Services UK Ltd, GB)"
mx1c60.megamailservers.eu,1,"AS9115 (INFB-AS9115, CA)"
mail.ordinarybzi.com,1,"AS47583 (AS-HOSTINGER, CY)"
orderexpress.in.tmes.trendmicro.com,1,"AS14618 (AMAZON-AES, US)"
mail.ordinaryyz1.com,1,"AS47583 (AS-HOSTINGER, CY)"
mail.oraculaml.com,1,"AS12586 (ASGHOSTNET, DE)"
mail.ordite.com,1,"AS14061 (DIGITALOCEAN-ASN, US)"
mail.oravantis.cfd,1,"AS203446 (AS203446, GB)"
organicleanmaine-net.mail.protection.outlook.com,1,"AS8075 (MICROSOFT-CORP-MSN-AS-BLOCK, US)"
mail.orangeindia.tech,1,"AS19318 (IS-AS-1, US)"
mail01.orangeinbox.org,1,"AS36351 (SOFTLAYER, US)"
ormutual-com.mail.protection.outlook.com,1,"AS8075 (MICROSOFT-CORP-MSN-AS-BLOCK, US)"
inc.wanadoo.es,1,"AS12479 (UNI2-AS, ES)"
mail.organoloomail.com,1,"AS12586 (ASGHOSTNET, DE)"
mail.organolotomail.com,1,"AS12586 (ASGHOSTNET, DE)"
mail.oruscorp.us,1,"AS51167 (CONTABO, DE)"
mail.opticien-visual-serris.fr,1,"AS16276 (OVH, FR)"
mail.organosmail.ru,1,"AS12586 (ASGHOSTNET, DE)"
mail.organoemail.ru,1,"AS12586 (ASGHOSTNET, DE)"
ormail.com.a.mxof.com,1,"AS394437 (PSLIGHTWAVE, US)"
mail.ornithodsemail.com,1,"AS12586 (ASGHOSTNET, DE)"
mail.osendingwr.com,1,"AS47583 (AS-HOSTINGER, CY)"
mail.organophosmail.ru,1,"AS12586 (ASGHOSTNET, DE)"
mxr.orviongate.com,1,"AS14061 (DIGITALOCEAN-ASN, US)"
mail.oscillogmail.com,1,"AS12586 (ASGHOSTNET, DE)"
mail.orienmalu.ru,1,"AS12586 (ASGHOSTNET, DE)"
mail.organrsmail.ru,1,"AS12586 (ASGHOSTNET, DE)"
mail.orthogemail.ru,1,"AS12586 (ASGHOSTNET, DE)"
tirte02.ospirun.com,1,"AS14061 (DIGITALOCEAN-ASN, US)"
mail.osteosclmails.ru,1,"AS12586 (ASGHOSTNET, DE)"
mail.ostinmail.com,1,"AS14061 (DIGITALOCEAN-ASN, US)"
mail.osteodli.com,1,"AS12586 (ASGHOSTNET, DE)"
mail.osmoregulmfri.com,1,"AS12586 (ASGHOSTNET, DE)"
mail.osmoreguli.com,1,"AS12586 (ASGHOSTNET, DE)"
smtp.mysportmail.com,1,"AS28573 (Claro NXT Telecomunicacoes Ltda, BR)"
mail.osmanlinetwork.com,1,"AS48678 (TR-PENTECH-AS, TR)"
mail.otakuhub.xyz,1,"AS45102 (ALIBABA-CN-NET Alibaba US Technology Co., Ltd., CN)"
otgtires-com.mail.protection.outlook.com,1,"AS8075 (MICROSOFT-CORP-MSN-AS-BLOCK, US)"
mx1.orgcity.info,1,"AS200107 (KL-EXT, CH)"
mail.osmorept.ru,1,"AS12586 (ASGHOSTNET, DE)"
mail.otakuinsights.xyz,1,"AS45102 (ALIBABA-CN-NET Alibaba US Technology Co., Ltd., CN)"
organics.com.bd,1,"AS138358 (PURPLEITLTD-AS-AP Purple IT Ltd, BD)"
mail.ostemail.com,1,"AS12586 (ASGHOSTNET, DE)"
mx.oswo.net,1,"AS14061 (DIGITALOCEAN-ASN, US)"
mail.orthopsymail.ru,1,"AS12586 (ASGHOSTNET, DE)"
mail.osteologmail.com,1,"AS12586 (ASGHOSTNET, DE)"
mail.oneroyal.cc,1,"AS17561 (LCS-AS-AP LARUS Limited, HK)"
mail.osmodysmail.ru,1,"AS12586 (ASGHOSTNET, DE)"
mail.osimail.com,1,"AS16276 (OVH, FR)"
mail.osmormails.ru,1,"AS12586 (ASGHOSTNET, DE)"
mail.otprmail.com,1,"AS16276 (OVH, FR)"
mail.osteochomail.ru,1,"AS12586 (ASGHOSTNET, DE)"
mail.ossificfmail.ru,1,"AS12586 (ASGHOSTNET, DE)"
otona.uk,1,"AS7506 (INTERQ GMO Internet Group, Inc., JP)"
mail.otherworldliumail.com,1,"AS12586 (ASGHOSTNET, DE)"
mail2.otmail.jp,1,"AS7684 (SAKURA-A SAKURA Internet Inc., JP)"
smtp.otkmail.com,1,"AS49981 (WORLDSTREAM, NL)"
mail.ostrozneinwestowanie.pl,1,"AS16276 (OVH, FR)"
mail.ossicumail.ru,1,"AS12586 (ASGHOSTNET, DE)"
mail.otorhinolarymail.com,1,"AS12586 (ASGHOSTNET, DE)"
mail.otrimail.com,1,"AS12586 (ASGHOSTNET, DE)"
mail.osteoemail.ru,1,"AS12586 (ASGHOSTNET, DE)"
mail.orimail.com,1,"AS24806 (INTERNET-CZ Ktis 2, 384 03 Ktis, CZ)"
mail.oughlmail.com,1,"AS12586 (ASGHOSTNET, DE)"
bslmsn.ouressays.com,1,"AS209605 (HOSTBALTIC, LT)"
otoborsam.com,1,"AS42846 (GUZELHOSTING GNET INTERNET TELEKOMUNIKASYON A.S., TR)"
mail.otolaryngoloeomail.ru,1,"AS12586 (ASGHOSTNET, DE)"
mail.osteophloli.ru,1,"AS12586 (ASGHOSTNET, DE)"
mx.mailbox.orange-business.com,1,"AS2280 (OCBHONEY OCB public cloud network, FR)"
ord.biz.st,1,"AS16276 (OVH, FR)"
mail.ourtimesupport.com,1,"AS14061 (DIGITALOCEAN-ASN, US)"
mail.ototarz.com,1,"AS211567 (BITWISE, TR)"
mx1.otvetinavoprosi.com,1,"AS200107 (KL-EXT, CH)"
mail.oursupaluv.com,1,"AS204601 (PODAON, NL)"
outdoorsd.com,1,"AS30633 (LEASEWEB-USA-WDC, US)"
mail.outlmail.com,1,"AS12586 (ASGHOSTNET, DE)"
outlolk-com.mail.protection.outlook.com,1,"AS8075 (MICROSOFT-CORP-MSN-AS-BLOCK, US)"
mail.oursemail.com,1,"AS12586 (ASGHOSTNET, DE)"
as-mx1.it-smartsolutions.com,1,"AS20860 (IOMART-AS, GB)"
mail.overcomebf.com,1,"AS47583 (AS-HOSTINGER, CY)"
mail.ovbest.com,1,"AS14061 (DIGITALOCEAN-ASN, US)"
mail.ovariecmail.ru,1,"AS12586 (ASGHOSTNET, DE)"
mail.overemom.com,1,"AS12586 (ASGHOSTNET, DE)"
overmetre.com,1,"AS14061 (DIGITALOCEAN-ASN, US)"
mail.overnted.com,1,"AS47583 (AS-HOSTINGER, CY)"
mail.overfamail.ru,1,"AS12586 (ASGHOSTNET, DE)"
mail.overcarsmail.ru,1,"AS12586 (ASGHOSTNET, DE)"
mail.overdetemail.com,1,"AS12586 (ASGHOSTNET, DE)"
mail.overdrafml.com,1,"AS12586 (ASGHOSTNET, DE)"
mail.overmultfmals.com,1,"AS12586 (ASGHOSTNET, DE)"
mail.overestebml.ru,1,"AS12586 (ASGHOSTNET, DE)"
mail.overscrupumail.com,1,"AS12586 (ASGHOSTNET, DE)"
mail.overstimulml.com,1,"AS12586 (ASGHOSTNET, DE)"
mail.owmail.net,1,"AS24940 (HETZNER-AS, DE)"
mail.overzealouaemail.com,1,"AS12586 (ASGHOSTNET, DE)"
overfammail.com,1,"AS9123 (TIMEWEB-AS, RU)"
mail.oxfarm1.com,1,"AS47583 (AS-HOSTINGER, CY)"
_dc-mx.f0a91c0d4e9c.over-craft.ru,1,"AS211381 (PODAON, LV)"
mail.ovovili.com,1,"AS12586 (ASGHOSTNET, DE)"
mx.outlok.cz,1,"AS396982 (GOOGLE-CLOUD-PLATFORM, US)"
mail.overcomcs.ru,1,"AS12586 (ASGHOSTNET, DE)"
mail.ovigefml.com,1,"AS12586 (ASGHOSTNET, DE)"
mail.overscrupt.ru,1,"AS12586 (ASGHOSTNET, DE)"
mail.overdevemails.ru,1,"AS12586 (ASGHOSTNET, DE)"
mail.overscrupmail.ru,1,"AS12586 (ASGHOSTNET, DE)"
mail.overliemail.ru,1,"AS12586 (ASGHOSTNET, DE)"
mail.overscrupulemail.ru,1,"AS12586 (ASGHOSTNET, DE)"
mail.overscrukl.ru,1,"AS12586 (ASGHOSTNET, DE)"
mail.oxfor.edu.pl,1,"AS16276 (OVH, FR)"
mail.ovipoemail.ru,1,"AS12586 (ASGHOSTNET, DE)"
mail.overexrsmail.ru,1,"AS12586 (ASGHOSTNET, DE)"
mail.oxtenda.com,1,"AS14061 (DIGITALOCEAN-ASN, US)"
mail.oxopoha.com,1,"AS14061 (DIGITALOCEAN-ASN, US)"
mail.overemails.ru,1,"AS12586 (ASGHOSTNET, DE)"
mail.overemphamail.ru,1,"AS12586 (ASGHOSTNET, DE)"
owl.com.br,1,"AS33182 (DIMENOC, US)"
mail.overscrupursmail.ru,1,"AS12586 (ASGHOSTNET, DE)"
mail.oversmail.ru,1,"AS12586 (ASGHOSTNET, DE)"
mail.oxidoredumfri.com,1,"AS12586 (ASGHOSTNET, DE)"
mail.oxamail.ru,1,"AS12586 (ASGHOSTNET, DE)"
mail.oviposimail.ru,1,"AS12586 (ASGHOSTNET, DE)"
oxbridgeprograms-com.mail.protection.outlook.com,1,"AS8075 (MICROSOFT-CORP-MSN-AS-BLOCK, US)"
smtp.oxplean.com,1,"AS14061 (DIGITALOCEAN-ASN, US)"
_dc-mx.23b2af0092ca.ozekinci.com,1,"AS20068 (HAWKHOST, CA)"
mail.ozist.us,1,"AS51167 (CONTABO, DE)"
_dc-mx.53541646bebe.ozpokies.online,1,"AS22612 (NAMECHEAP-NET, US)"
mail.ozkadem.edu.pl,1,"AS24940 (HETZNER-AS, DE)"
mail.oxyhaemogemail.ru,1,"AS12586 (ASGHOSTNET, DE)"
mx.outlok.it,1,"AS31034 (ARUBA-ASN, IT)"
mail.oxidamail.ru,1,"AS12586 (ASGHOSTNET, DE)"
mail.oxygeebml.ru,1,"AS12586 (ASGHOSTNET, DE)"
pacificcrestdigital-com.mail.protection.outlook.com,1,"AS8075 (MICROSOFT-CORP-MSN-AS-BLOCK, US)"
mx179.mb5p.com,1,"AS14061 (DIGITALOCEAN-ASN, US)"
mail.packmein.shop,1,"AS19318 (IS-AS-1, US)"
mail.pacifiumail.com,1,"AS12586 (ASGHOSTNET, DE)"
mail.pachyctomail.com,1,"AS12586 (ASGHOSTNET, DE)"
pafnuty.com,1,"AS14061 (DIGITALOCEAN-ASN, US)"
_dc-mx.48e5be76649f.pagonpae.com,1,"AS51167 (CONTABO, DE)"
mail.pacifismail.com,1,"AS12586 (ASGHOSTNET, DE)"
a982513.mx.mailhop.org,1,"AS16509 (AMAZON-02, US)"
paiindustries-com.mail.protection.outlook.com,1,"AS8075 (MICROSOFT-CORP-MSN-AS-BLOCK, US)"
mail.pachymenime.ru,1,"AS12586 (ASGHOSTNET, DE)"
mail.palaeopli.com,1,"AS12586 (ASGHOSTNET, DE)"
mail.ozon888.net,1,"AS396356 (LATITUDE-SH, US)"
mail.paleoanthropomail.com,1,"AS12586 (ASGHOSTNET, DE)"
page1ranker.com,1,"AS54290 (HOSTWINDS, US)"
mail.palaeoemail.com,1,"AS12586 (ASGHOSTNET, DE)"
mail.palatopfmail.ru,1,"AS12586 (ASGHOSTNET, DE)"
mail.palaeofml.com,1,"AS12586 (ASGHOSTNET, DE)"
mail.palaeontofml.com,1,"AS12586 (ASGHOSTNET, DE)"
palsengineering.com,1,"AS24940 (HETZNER-AS, DE)"
mail.palaeoclimail.com,1,"AS12586 (ASGHOSTNET, DE)"
mail.palaeoencemy.com,1,"AS12586 (ASGHOSTNET, DE)"
mail.paleoceanomy.com,1,"AS12586 (ASGHOSTNET, DE)"
mail.paleopmail.com,1,"AS12586 (ASGHOSTNET, DE)"
mail.paleobitomail.com,1,"AS12586 (ASGHOSTNET, DE)"
mail.paleoanthropic.com,1,"AS12586 (ASGHOSTNET, DE)"
mail.paleoencefl.com,1,"AS12586 (ASGHOSTNET, DE)"
mail.palingmail.com,1,"AS12586 (ASGHOSTNET, DE)"
mail.palaefmail.ru,1,"AS12586 (ASGHOSTNET, DE)"
mx6.palosdonar.com,1,
mail.paito4d.org,1,"AS214036 (ULTAHOST-AS, US)"
mail.pamrankinrealestateagentoceansideca.com,1,"AS46606 (UNIFIEDLAYER-AS-1, US)"
mail.xsandi.id,1,"AS133800 (IDNIC-BIZNETGIO-AS-ID PT Biznet Gio Nusantara, ID)"
mail.paleogramalu.ru,1,"AS12586 (ASGHOSTNET, DE)"
mail.palynolmail.com,1,"AS12586 (ASGHOSTNET, DE)"
mail.pamrankinrealestateagentescondidoca.com,1,"AS46606 (UNIFIEDLAYER-AS-1, US)"
mail.palatopmail.ru,1,"AS12586 (ASGHOSTNET, DE)"
mx.serviciodecorreo.es,1,"AS8560 (IONOS-AS This is the joint network for IONOS, Fasthosts, Arsys, 1&1 Mail and Media and 1&1 Telecom. Formerly known as 1&1 Internet SE., DE)"
mail.pamrankinrealestateagentsandiegoca.com,1,"AS46606 (UNIFIEDLAYER-AS-1, US)"
mail.pamrankinrealestateagentcarlsbadca.com,1,"AS46606 (UNIFIEDLAYER-AS-1, US)"
mail.paleobpt.ru,1,"AS12586 (ASGHOSTNET, DE)"
mail.pamrankinrealestateagentvistaca.com,1,"AS46606 (UNIFIEDLAYER-AS-1, US)"
mail.pandai.in,1,"AS42831 (UKSERVERS-AS UK Dedicated Servers, Hosting and Co-Location, GB)"
mail.palamail.ru,1,"AS12586 (ASGHOSTNET, DE)"
mail.pamrankinrealestateagentsanmarcosca.com,1,"AS46606 (UNIFIEDLAYER-AS-1, US)"
mail.paleocmail.ru,1,"AS12586 (ASGHOSTNET, DE)"
mail.palau-nedv.ru,1,"AS56694 (SMARTAPE, RU)"
mail.palaeoclfmail.ru,1,"AS12586 (ASGHOSTNET, DE)"
mail.paleoethmalu.ru,1,"AS12586 (ASGHOSTNET, DE)"
mail.palemail.ru,1,"AS12586 (ASGHOSTNET, DE)"
mail.paleontolmail.ru,1,"AS12586 (ASGHOSTNET, DE)"
mail.pandai.art,1,"AS42831 (UKSERVERS-AS UK Dedicated Servers, Hosting and Co-Location, GB)"
mail.pancremail.com,1,"AS12586 (ASGHOSTNET, DE)"
mail.palmatipafmail.ru,1,"AS12586 (ASGHOSTNET, DE)"
router.pangtiin.com,1,"AS14061 (DIGITALOCEAN-ASN, US)"
mail.paperpapyrus.com,1,"AS47583 (AS-HOSTINGER, CY)"
a435745.mx.mailhop.org,1,"AS16509 (AMAZON-02, US)"
zmail.xceltec.in,1,"AS51167 (CONTABO, DE)"
mail.papulovesf.ru,1,"AS12586 (ASGHOSTNET, DE)"
panen228.org,1,"AS22612 (NAMECHEAP-NET, US)"
mail.paramags.com,1,"AS12586 (ASGHOSTNET, DE)"
mail.papulmail.ru,1,"AS12586 (ASGHOSTNET, DE)"
mail.parallemail.ru,1,"AS12586 (ASGHOSTNET, DE)"
mail.paradigmatfl.com,1,"AS12586 (ASGHOSTNET, DE)"
papertravellers.org,1,"AS63949 (AKAMAI-LINODE-AP Akamai Connected Cloud, SG)"
mail.pantomalary.ru,1,"AS12586 (ASGHOSTNET, DE)"
mail.paracefml.ru,1,"AS12586 (ASGHOSTNET, DE)"
mx-vip-01.uni5.net,1,"AS28299 (CYBERWEB NETWORKS LTDA, BR)"
paratmail.com,1,"AS9123 (TIMEWEB-AS, RU)"
mail.parclan.com,1,"AS14061 (DIGITALOCEAN-ASN, US)"
mail.papodejornal.top,1,"AS16276 (OVH, FR)"
pandemic.cloud,1,"AS14061 (DIGITALOCEAN-ASN, US)"
mail.parapsycmail.com,1,"AS12586 (ASGHOSTNET, DE)"
mail.paradigmaml.ru,1,"AS12586 (ASGHOSTNET, DE)"
mail.parapsychomail.com,1,"AS12586 (ASGHOSTNET, DE)"
mail.paphiopmail.ru,1,"AS12586 (ASGHOSTNET, DE)"
mail.paphiopmails.ru,1,"AS12586 (ASGHOSTNET, DE)"
mail.pankeberlin.de,1,"AS24940 (HETZNER-AS, DE)"
mail.parasluhov.ru,1,"AS35278 (SPRINTHOST, RU)"
mail.paraformalmail.ru,1,"AS12586 (ASGHOSTNET, DE)"
mail.paradoxrsmail.ru,1,"AS12586 (ASGHOSTNET, DE)"
mail.parasalpimails.ru,1,"AS12586 (ASGHOSTNET, DE)"
mail.parasitomail.ru,1,"AS12586 (ASGHOSTNET, DE)"
mail.paradisi.ru,1,"AS12586 (ASGHOSTNET, DE)"
mail.parasrsmail.ru,1,"AS12586 (ASGHOSTNET, DE)"
mail.parasyemail.ru,1,"AS12586 (ASGHOSTNET, DE)"
parelay.org,1,"AS398101 (GO-DADDY-COM-LLC, US)"
mail.paradoxigmail.ru,1,"AS12586 (ASGHOSTNET, DE)"
mail.parelecemail.ru,1,"AS12586 (ASGHOSTNET, DE)"
mail.paralytmail.ru,1,"AS12586 (ASGHOSTNET, DE)"
mail.paraprofmail.ru,1,"AS12586 (ASGHOSTNET, DE)"
parkernorfolk.com,1,"AS15169 (GOOGLE, US)"
mail.parapromail.ru,1,"AS12586 (ASGHOSTNET, DE)"
mail.parietof.ru,1,"AS12586 (ASGHOSTNET, DE)"
mx.parfumpoint.store.cust.a.hostedemail.com,1,"AS15348 (TUCOWS, CA)"
mail.parietosplamail.ru,1,"AS12586 (ASGHOSTNET, DE)"
parsellfuneralhomes-com.mail.protection.outlook.com,1,"AS8075 (MICROSOFT-CORP-MSN-AS-BLOCK, US)"
mail.parietofrvegai.ru,1,"AS12586 (ASGHOSTNET, DE)"
mail.parietosplml.ru,1,"AS12586 (ASGHOSTNET, DE)"
mail.parthxxtoasts.site,1,"AS203446 (AS203446, GB)"
mx01.partiorganizasyon.com,1,"AS51557 (TR-ISIMTESCIL-20201202, TR)"
mail.particularic.com,1,"AS12586 (ASGHOSTNET, DE)"
mail.parliamentmail.ru,1,"AS12586 (ASGHOSTNET, DE)"
mail.parliamenml.ru,1,"AS12586 (ASGHOSTNET, DE)"
mail.parietofmail.ru,1,"AS12586 (ASGHOSTNET, DE)"
mx1.telenet-ops.be,1,"AS6848 (TELENET-AS, BE)"
paschke-org.mail.protection.outlook.com,1,"AS8075 (MICROSOFT-CORP-MSN-AS-BLOCK, US)"
mx.pas.net.id,1,"AS150961 (IDNIC-KLIKPAS-ID PT. Pandeglang Akses Semesta, ID)"
mail.parrsmail.ru,1,"AS12586 (ASGHOSTNET, DE)"
mail.parfum33.ru,1,"AS198068 (PAGM-AS, EE)"
mail.partiemail.ru,1,"AS12586 (ASGHOSTNET, DE)"
partisigeser.com,1,"AS9657 (MELSANET-ID-AP Melsa-i-net AS, ID)"
mail.pettin.com,1,"AS16509 (AMAZON-02, US)"
mail.particulamails.ru,1,"AS12586 (ASGHOSTNET, DE)"
mail.paternalmalary.ru,1,"AS12586 (ASGHOSTNET, DE)"
mail.partner-tex.ru,1,"AS210079 (EUROBYTE, RU)"
patriotcashoffer-com.mail.protection.outlook.com,1,"AS8075 (MICROSOFT-CORP-MSN-AS-BLOCK, US)"
mail.pathoge.com,1,"AS12586 (ASGHOSTNET, DE)"
mail.pathomail.com,1,"AS12586 (ASGHOSTNET, DE)"
mail.wellnesswink.com,1,"AS24940 (HETZNER-AS, DE)"
d298415a.ess.barracudanetworks.com,1,"AS16509 (AMAZON-02, US)"
mail.paterfamail.ru,1,"AS12586 (ASGHOSTNET, DE)"
mail.patroiio.com,1,"AS12586 (ASGHOSTNET, DE)"
pay-mon.com,1,"AS47583 (AS-HOSTINGER, CY)"
mail.paterrsmail.ru,1,"AS12586 (ASGHOSTNET, DE)"
mail.patrilomails.ru,1,"AS12586 (ASGHOSTNET, DE)"
paydayloanaffiliate.com,1,"AS32748 (STEADFAST, US)"
outluok-com.olc.outluok.com,1,"AS26666 (INTERSERVER-LAX, US)"
mail.outliook.com,1,"AS36352 (AS-COLOCROSSING, US)"
mx.pc1520.com,1,"AS14061 (DIGITALOCEAN-ASN, US)"
mail.ozsaip.com,1,"AS24940 (HETZNER-AS, DE)"
mail.popmails.ru,1,"AS24940 (HETZNER-AS, DE)"
peacefulstrings-com.mail.protection.outlook.com,1,"AS8075 (MICROSOFT-CORP-MSN-AS-BLOCK, US)"
pc24-nhs-uk.mail.protection.outlook.com,1,"AS8075 (MICROSOFT-CORP-MSN-AS-BLOCK, US)"
mail.peacefulmindmail.com,1,"AS12586 (ASGHOSTNET, DE)"
mail.peakpharmacy.shop,1,"AS213230 (HETZNER-CLOUD2-AS, DE)"
mx.pecdo.com,1,"AS14061 (DIGITALOCEAN-ASN, US)"
paleopathmail.com,1,"AS9123 (TIMEWEB-AS, RU)"
mail.pedicuumail.com,1,"AS12586 (ASGHOSTNET, DE)"
mail.pegoku.com,1,"AS57269 (DIGISPAINTELECOM, ES)"
mail.pekoi.com,1,"AS14061 (DIGITALOCEAN-ASN, US)"
pamil.fr.nf,1,"AS16276 (OVH, FR)"
pelicanstate-com.mail.protection.outlook.com,1,"AS8075 (MICROSOFT-CORP-MSN-AS-BLOCK, US)"
peluang-vip.com,1,"AS55286 (SERVER-MANIA, CA)"
mail.pemess.com,1,"AS47583 (AS-HOSTINGER, CY)"
mail.pemwe.com,1,"AS24940 (HETZNER-AS, DE)"
mail.penetrafmals.com,1,"AS12586 (ASGHOSTNET, DE)"
mail.penmail.store,1,"AS24086 (VIETTEL-AS-VN Viettel Corporation, VN)"
mail.ovovivipcs.ru,1,
mx1.ovo.sc,1,"AS9009 (M247, RO)"
mail.pentobarfml.com,1,"AS12586 (ASGHOSTNET, DE)"
node39.myfcloudto.com,1,
mail0001.peoplepc.fr,1,"AS24940 (HETZNER-AS, DE)"
ozost.com,1,"AS27589 (MOJOHOST, US)"
mail.pentecomail.ru,1,"AS12586 (ASGHOSTNET, DE)"
perceptium-com.mail.protection.outlook.com,1,"AS8075 (MICROSOFT-CORP-MSN-AS-BLOCK, US)"
mail.pachycml.ru,1,
mail.peno-blok1.ru,1,"AS198068 (PAGM-AS, EE)"
mail.pactdog.com,1,
mail.padvue.com,1,
mail.perfidiaemail.com,1,"AS12586 (ASGHOSTNET, DE)"
mail.percemails.ru,1,"AS12586 (ASGHOSTNET, DE)"
mail.perdmail.ru,1,"AS12586 (ASGHOSTNET, DE)"
mail.perennolml.ru,1,"AS12586 (ASGHOSTNET, DE)"
mail.periodoumail.com,1,"AS12586 (ASGHOSTNET, DE)"
mail.pericfmk.com,1,"AS12586 (ASGHOSTNET, DE)"
_dc-mx.4d61e1a9b84e.perkdaily.com,1,"AS14670 (WHG-USE1, GB)"
mail.perinfml.com,1,"AS12586 (ASGHOSTNET, DE)"
mail.periodfmk.com,1,"AS12586 (ASGHOSTNET, DE)"
mail.periodontumail.com,1,"AS12586 (ASGHOSTNET, DE)"
mail.peripatf.ru,1,"AS12586 (ASGHOSTNET, DE)"
mail.periarmail.ru,1,"AS12586 (ASGHOSTNET, DE)"
mail.perichofmail.ru,1,"AS12586 (ASGHOSTNET, DE)"
mail.periml.ru,1,"AS12586 (ASGHOSTNET, DE)"
mail.perance.com,1,"AS13246 (INETWIRE-AS Key-Systems GmbH PartnerGate, DE)"
mail.permeamail.ru,1,"AS12586 (ASGHOSTNET, DE)"
mx1.glomulser.com,1,"AS14555 (LIQUIDNETLTD1, US)"
mail.pereskazfilma.site,1,"AS209641 (I-SERVERS-EAST, GB)"
mail.perimails.ru,1,"AS12586 (ASGHOSTNET, DE)"
mail.permalu.ru,1,"AS12586 (ASGHOSTNET, DE)"
mail.perrybear.com,1,
mail.perioolml.ru,1,"AS12586 (ASGHOSTNET, DE)"
mail.perivesufml.ru,1,"AS12586 (ASGHOSTNET, DE)"
mx04.ingw.orange.tn,1,
mail.peronospomails.ru,1,"AS12586 (ASGHOSTNET, DE)"
mail.perspicufmail.com,1,"AS12586 (ASGHOSTNET, DE)"
mail.persumail.ru,1,"AS12586 (ASGHOSTNET, DE)"
pdfn.site,1,"AS16276 (OVH, FR)"
mail.pestalozmail.com,1,"AS40021 (CONTABO-40021, US)"
malibuzz.petebrigham.net,1,"AS51167 (CONTABO, DE)"
mail.personifrsmail.ru,1,"AS12586 (ASGHOSTNET, DE)"
mail.personifmails.ru,1,"AS12586 (ASGHOSTNET, DE)"
mail.pessimistolml.ru,1,"AS12586 (ASGHOSTNET, DE)"
mail.personarsmail.ru,1,"AS12586 (ASGHOSTNET, DE)"
mail.personimail.ru,1,"AS12586 (ASGHOSTNET, DE)"
pdvcn-com.mail.protection.outlook.com,1,"AS8075 (MICROSOFT-CORP-MSN-AS-BLOCK, US)"
mail.pestalokl.ru,1,"AS12586 (ASGHOSTNET, DE)"
pet-cam-ac-uk.mail.protection.outlook.com,1,"AS8075 (MICROSOFT-CORP-MSN-AS-BLOCK, US)"
petitlien.fr,1,"AS16276 (OVH, FR)"
mail.has-mail.de,1,"AS24940 (HETZNER-AS, DE)"
www.pedco.com,1,"AS40034 (CONFLUENCE-NETWORK-INC, VG)"
mail.pedasemail.com,1,"AS12586 (ASGHOSTNET, DE)"
mail.paleopatmail.com,1,"AS12586 (ASGHOSTNET, DE)"
mail.paleotrmail.ru,1,"AS12586 (ASGHOSTNET, DE)"
pfvmedia.com,1,"AS36218 (WHG-CAN, GB)"
mx1.pezhub.org,1,"AS200107 (KL-EXT, CH)"
mail.pgrealty.in,1,"AS63023 (AS-GLOBALTELEHOST, US)"
mail.phamay.com,1,"AS14061 (DIGITALOCEAN-ASN, US)"
mail.phaantm.de,1,"AS6724 (STRATO STRATO AG, DE)"
mail9.mymailcheap.com,1,"AS16276 (OVH, FR)"
mail.phantasmail.com,1,"AS12586 (ASGHOSTNET, DE)"
mail.phanemails.ru,1,"AS12586 (ASGHOSTNET, DE)"
multipleorgasmman.com,1,"AS25532 (MASTERHOST-AS Moscow, Russia, RU)"
mail.pelagimail.ru,1,"AS12586 (ASGHOSTNET, DE)"
mail.papyrolofmail.com,1,"AS12586 (ASGHOSTNET, DE)"
mail.multinuclomail.com,1,"AS12586 (ASGHOSTNET, DE)"
mail.tdvolya.ru,1,"AS44927 (TELECOM-MPK, RU)"
mail.pharisaicmail.com,1,"AS12586 (ASGHOSTNET, DE)"
pelung-com.mail.protection.outlook.com,1,"AS8075 (MICROSOFT-CORP-MSN-AS-BLOCK, US)"
mail.phanerofmail.ru,1,"AS12586 (ASGHOSTNET, DE)"
w0150d61.kasserver.com,1,"AS34788 (NMM-AS D - 02742 Friedersdorf Hauptstrasse 68, DE)"
mail.pharmacologimfri.com,1,"AS12586 (ASGHOSTNET, DE)"
mail.multipliemail.ru,1,"AS12586 (ASGHOSTNET, DE)"
mx15.ukraine.com.ua,1,"AS200000 (UKRAINE-AS, UA)"
mail.pharmacoml.ru,1,"AS12586 (ASGHOSTNET, DE)"
mail.pharmacologifmail.ru,1,"AS12586 (ASGHOSTNET, DE)"
munajem-com.mail.protection.outlook.com,1,"AS8075 (MICROSOFT-CORP-MSN-AS-BLOCK, US)"
pgslot78.net,1,"AS31898 (ORACLE-BMC-31898, US)"
mail.multitudinvegai.ru,1,"AS12586 (ASGHOSTNET, DE)"
postmaster21u.penfale.com,1,"AS14061 (DIGITALOCEAN-ASN, US)"
mail.pharyngoepigmy.com,1,"AS12586 (ASGHOSTNET, DE)"
mail.pharyngoesopolml.ru,1,"AS12586 (ASGHOSTNET, DE)"
mail.pharyngogloml.com,1,"AS12586 (ASGHOSTNET, DE)"
mail.pharyngomail.com,1,"AS12586 (ASGHOSTNET, DE)"
mail.pharmamails.ru,1,"AS12586 (ASGHOSTNET, DE)"
mail.pharyngopalfmail.ru,1,"AS12586 (ASGHOSTNET, DE)"
mail.pharyngotonmalu.ru,1,"AS12586 (ASGHOSTNET, DE)"
pdaonmail.com,1,
route.muonwhila.com,1,"AS14061 (DIGITALOCEAN-ASN, US)"
mail.philanthropfml.com,1,"AS12586 (ASGHOSTNET, DE)"
mail.municipmail.ru,1,"AS12586 (ASGHOSTNET, DE)"
mail.phenomenmfri.com,1,"AS12586 (ASGHOSTNET, DE)"
phillies1-com.mail.protection.outlook.com,1,"AS8075 (MICROSOFT-CORP-MSN-AS-BLOCK, US)"
mail.museumpi.com,1,"AS24940 (HETZNER-AS, DE)"
d161553a.ess.barracudanetworks.com,1,"AS16509 (AMAZON-02, US)"
mail.phenylket.ru,1,"AS12586 (ASGHOSTNET, DE)"
mail.pensacola.org,1,"AS55293 (A2HOSTING, US)"
mail.philoprogenfmals.com,1,"AS12586 (ASGHOSTNET, DE)"
mail.phenorsmail.ru,1,"AS12586 (ASGHOSTNET, DE)"
mail.philosophfmals.com,1,"AS12586 (ASGHOSTNET, DE)"
_dc-mx.7cec0cdaf2da.phoenixgreenvillesinn.com,1,"AS46606 (UNIFIEDLAYER-AS-1, US)"
mail.philosophmail.com,1,"AS132203 (TENCENT-NET-AP-CN Tencent Building, Kejizhongyi Avenue, CN)"
mail.philosmail.ru,1,"AS12586 (ASGHOSTNET, DE)"
mail.myexclusivemadosils.com,1,"AS202448 (MVPS www.mvps.net, CY)"
phoenixstyle.com,1,"AS36351 (SOFTLAYER, US)"
philosophyofindia.com,1,"AS24940 (HETZNER-AS, DE)"
mail.phlebecmil.ru,1,"AS12586 (ASGHOSTNET, DE)"
mail.philosomali.ru,1,"AS12586 (ASGHOSTNET, DE)"
mx1.musicalnr.com,1,"AS200107 (KL-EXT, CH)"
mail.phocomgmail.ru,1,"AS12586 (ASGHOSTNET, DE)"
musialowski.pl,1,"AS12824 (HOMEPL-AS, PL)"
mail.phoeniml.ru,1,"AS12586 (ASGHOSTNET, DE)"
mail.pearpplemail.com,1,
b03ccc5a381539b4.mx2.emailprofi.seznam.cz,1,
mail.phonogramail.com,1,"AS12586 (ASGHOSTNET, DE)"
mail.photodisintegmy.com,1,"AS12586 (ASGHOSTNET, DE)"
mail.phosphofructmail.com,1,"AS132203 (TENCENT-NET-AP-CN Tencent Building, Kejizhongyi Avenue, CN)"
mail.photodissoc.com,1,"AS12586 (ASGHOSTNET, DE)"
mx1.muskgrow.com,1,"AS200107 (KL-EXT, CH)"
mail.phonocarmalu.ru,1,"AS12586 (ASGHOSTNET, DE)"
mail.phonofml.ru,1,"AS12586 (ASGHOSTNET, DE)"
exchange.musicnetwork.ch,1,"AS6730 (SUNRISE, CH)"
mail.phonocardml.ru,1,"AS12586 (ASGHOSTNET, DE)"
mail.photocoainf.com,1,"AS12586 (ASGHOSTNET, DE)"
mail.photochrfml.com,1,"AS12586 (ASGHOSTNET, DE)"
mail.phosphatidylml.ru,1,"AS12586 (ASGHOSTNET, DE)"
mail.photodissmali.ru,1,"AS12586 (ASGHOSTNET, DE)"
mail.photoreconnaisfml.com,1,"AS12586 (ASGHOSTNET, DE)"
mail.photoaemail.ru,1,"AS12586 (ASGHOSTNET, DE)"
mail.photobeactruby.ru,1,"AS12586 (ASGHOSTNET, DE)"
mail.photoautomail.ru,1,"AS12586 (ASGHOSTNET, DE)"
plavsnich.grwelch.com,1,"AS63949 (AKAMAI-LINODE-AP Akamai Connected Cloud, SG)"
mail.photokfmk.com,1,"AS12586 (ASGHOSTNET, DE)"
mail.phosphofructokmail.ru,1,"AS12586 (ASGHOSTNET, DE)"
mail.photobmail.ru,1,"AS12586 (ASGHOSTNET, DE)"
mail.pericolgmail.ru,1,"AS12586 (ASGHOSTNET, DE)"
mail.photoelectmail.ru,1,"AS12586 (ASGHOSTNET, DE)"
mail.perinephumail.com,1,"AS12586 (ASGHOSTNET, DE)"
photomorphmail.com,1,"AS9123 (TIMEWEB-AS, RU)"
phse-com.mail.protection.outlook.com,1,"AS8075 (MICROSOFT-CORP-MSN-AS-BLOCK, US)"
mail.photolymail.ru,1,"AS12586 (ASGHOSTNET, DE)"
mail.photommails.ru,1,"AS12586 (ASGHOSTNET, DE)"
mail.photojournebml.ru,1,"AS12586 (ASGHOSTNET, DE)"
mail.photomicrsmail.ru,1,"AS12586 (ASGHOSTNET, DE)"
mail.photoelastmail.ru,1,"AS12586 (ASGHOSTNET, DE)"
mail.peripatmil.ru,1,"AS12586 (ASGHOSTNET, DE)"
mail.phonghoithao.net,1,"AS16276 (OVH, FR)"
mail.photograpfml.ru,1,"AS12586 (ASGHOSTNET, DE)"
mail.perioemail.ru,1,"AS12586 (ASGHOSTNET, DE)"
mail.phototypesfkml.ru,1,"AS12586 (ASGHOSTNET, DE)"
mvlaw-us.mail.protection.outlook.com,1,"AS8075 (MICROSOFT-CORP-MSN-AS-BLOCK, US)"
mx.phreaker.net,1,
mail.photomicrmails.ru,1,"AS12586 (ASGHOSTNET, DE)"
mail.phylactomail.com,1,"AS12586 (ASGHOSTNET, DE)"
mail2,1,
mail.peripnemofml.ru,1,"AS12586 (ASGHOSTNET, DE)"
mail.phronemomail.ru,1,"AS12586 (ASGHOSTNET, DE)"
mail.perichonebml.ru,1,"AS12586 (ASGHOSTNET, DE)"
mail.phototelefml.ru,1,"AS12586 (ASGHOSTNET, DE)"
perpetualblonde.com,1,"AS20248 (TAKE2, US)"
mail.periodimail.ru,1,"AS12586 (ASGHOSTNET, DE)"
bak002.phugruphy.com,1,"AS14061 (DIGITALOCEAN-ASN, US)"
mail.phylactfml.com,1,"AS12586 (ASGHOSTNET, DE)"
dmarc.phyopoc.com,1,"AS14061 (DIGITALOCEAN-ASN, US)"
mail.philipposflavors.com,1,"AS29066 (VELIANET-AS velia.net Internetdienste GmbH, DE)"
mail.perm-master.ru,1,"AS49505 (SELECTEL, RU)"
pianomusicinfo.com,1,"AS36352 (AS-COLOCROSSING, US)"
mail.physiognomail.com,1,"AS12586 (ASGHOSTNET, DE)"
mail.physioloml.com,1,"AS12586 (ASGHOSTNET, DE)"
mail.phytosuccmalis.com,1,"AS12586 (ASGHOSTNET, DE)"
mail.phytopatmail.com,1,"AS12586 (ASGHOSTNET, DE)"
physiothemail.com,1,"AS9123 (TIMEWEB-AS, RU)"
mxicorpa.craigslist.org,1,"AS22414 (CRAIGS-NET-1, US)"
mail.physicocmail.ru,1,"AS12586 (ASGHOSTNET, DE)"
mail.phylactomail.ru,1,"AS12586 (ASGHOSTNET, DE)"
mail.pibox.cloud,1,"AS51167 (CONTABO, DE)"
mail.physiognoml.ru,1,"AS12586 (ASGHOSTNET, DE)"
mail.phylemail.ru,1,"AS12586 (ASGHOSTNET, DE)"
mail.physiothmalu.ru,1,"AS12586 (ASGHOSTNET, DE)"
mwh-group.mail.protection.outlook.com,1,"AS8075 (MICROSOFT-CORP-MSN-AS-BLOCK, US)"
mail.physiochmail.ru,1,"AS12586 (ASGHOSTNET, DE)"
mail.piaemail.ru,1,"AS12586 (ASGHOSTNET, DE)"
mail.physiograpmail.ru,1,"AS12586 (ASGHOSTNET, DE)"
mail.phytopathome.ru,1,"AS12586 (ASGHOSTNET, DE)"
mail.phytosumail.ru,1,"AS12586 (ASGHOSTNET, DE)"
mx6.pichosti.info,1,
picsedate.com,1,"AS14061 (DIGITALOCEAN-ASN, US)"
mx1.pickadulttoys.com,1,"AS200107 (KL-EXT, CH)"
mail.pidge.cfd,1,"AS24940 (HETZNER-AS, DE)"
mail.piala188.com,1,"AS9808 (CHINAMOBILE-CN China Mobile Communications Group Co., Ltd., CN)"
mail.pii.at,1,"AS8560 (IONOS-AS This is the joint network for IONOS, Fasthosts, Arsys, 1&1 Mail and Media and 1&1 Telecom. Formerly known as 1&1 Internet SE., DE)"
piaskowanie24.pl,1,"AS39566 (AS-SMARTHOST-, PL)"
pianounlimited.com,1,"AS60781 (LEASEWEB-NL-AMS-01 Netherlands, NL)"
mx.mxdus.com,1,"AS51167 (CONTABO, DE)"
mxfinancialservices-com.mail.protection.outlook.com,1,"AS8075 (MICROSOFT-CORP-MSN-AS-BLOCK, US)"
pilomaterialy32.ru,1,"AS204601 (PODAON, NL)"
mtavwpb.pinevalleyspeed.com,1,"AS14061 (DIGITALOCEAN-ASN, US)"
spf0pyh.pinevalleytel.com,1,"AS14061 (DIGITALOCEAN-ASN, US)"
mail.pinicho.us.to,1,"AS57269 (DIGISPAINTELECOM, ES)"
mx1.pinemaile.com,1,"AS200107 (KL-EXT, CH)"
mail.piogroup.software,1,"AS49824 (ACTPA-AS Astra LLC, UA)"
mail.peribronml.ru,1,
mail.pilomaterial57.ru,1,"AS44094 (WEBHOST1-AS, RU)"
mail.mxscout.com,1,"AS212772 (ADGUARD, CY)"
west-mail2.pirkong.com,1,"AS14061 (DIGITALOCEAN-ASN, US)"
mail.pipiska6879.cf,1,"AS51167 (CONTABO, DE)"
argw.fsi.ne.jp,1,"AS23824 (FUTURE Future Spirits Co.,Ltd., JP)"
mail.pisem.net,1,"AS58051 (ZUME, GB)"
mail.pissmail.com,1,"AS51167 (CONTABO, DE)"
piscosf.com,1,"AS58487 (CRI-AS-AP CV. Rumahweb Indonesia, ID)"
mail.pisciculmail.ru,1,"AS12586 (ASGHOSTNET, DE)"
mail.mxvia.com,1,"AS14061 (DIGITALOCEAN-ASN, US)"
mail.pistolcrockett.com,1,"AS46606 (UNIFIEDLAYER-AS-1, US)"
malibuzz.pitonresources.org,1,"AS51167 (CONTABO, DE)"
pitimail.xxl.st,1,"AS16276 (OVH, FR)"
mail.photochronomail.ru,1,"AS12586 (ASGHOSTNET, DE)"
mail.photographme.ru,1,"AS12586 (ASGHOSTNET, DE)"
mx1.pixelrate.site,1,"AS200107 (KL-EXT, CH)"
mail.photomicr.com,1,"AS12586 (ASGHOSTNET, DE)"
mutti.com,1,"AS16276 (OVH, FR)"
mail.photopfmail.ru,1,"AS12586 (ASGHOSTNET, DE)"
mail.photolithoemail.ru,1,"AS12586 (ASGHOSTNET, DE)"
mail.photomeemail.ru,1,"AS12586 (ASGHOSTNET, DE)"
mx.pjmanufacturing.com,1,"AS14061 (DIGITALOCEAN-ASN, US)"
mx.myabccompany.info,1,"AS14061 (DIGITALOCEAN-ASN, US)"
mx6.my7km.com,1,
mail.my-e-mail.info,1,"AS24940 (HETZNER-AS, DE)"
myannuityadvisors-com.mail.protection.outlook.com,1,"AS8075 (MICROSOFT-CORP-MSN-AS-BLOCK, US)"
pk2s.com,1,"AS53767 (ICASTCENTER, US)"
mail.phytemail.ru,1,"AS12586 (ASGHOSTNET, DE)"
mx1.my6com.com,1,"AS200107 (KL-EXT, CH)"
_dc-mx.48e0df320fda.pkmail.site,1,"AS24940 (HETZNER-AS, DE)"
mycareint-com.mail.protection.outlook.com,1,
mail.myazg.ru,1,"AS197695 (AS-REG, RU)"
mycareonboard.com,1,"AS398101 (GO-DADDY-COM-LLC, US)"
mx.mycreativeinbox.com,1,"AS16276 (OVH, FR)"
mycommodities.space,1,"AS24940 (HETZNER-AS, DE)"
mail.mycryptocurrency24.com,1,"AS44051 (FORNEX-AS, ES)"
mx.mybestmailbox.com,1,"AS16276 (OVH, FR)"
planetu-agency.mail.protection.outlook.com,1,"AS8075 (MICROSOFT-CORP-MSN-AS-BLOCK, US)"
_dc-mx.a2724dbe25f8.myemail.my,1,"AS32244 (LIQUIDWEB, US)"
myemailmail-com.mail.protection.outlook.com,1,
mydreamspots.net,1,"AS396190 (LEASEWEB-USA-SEA, US)"
mail.mycomyriolml.ru,1,"AS12586 (ASGHOSTNET, DE)"
piletaparvaz.com,1,"AS48715 (SEFROYEKPARDAZENG-AS Sefroyek Pardaz Engineering Company, IR)"
mail.piletaparvaz.ir,1,"AS48715 (SEFROYEKPARDAZENG-AS Sefroyek Pardaz Engineering Company, IR)"
mail.myelencmail.com,1,"AS12586 (ASGHOSTNET, DE)"
mydesign-studio.com,1,"AS131965 (XSERVER Xserver Inc., JP)"
m-04b.th.seeweb.it,1,
mail.myemail.fun,1,"AS29182 (RU-JSCIOT, RU)"
mx6.plavixprime.com,1,
mail.mygrovemail.com,1,"AS47583 (AS-HOSTINGER, CY)"
mychoice.co.uk,1,"AS49981 (WORLDSTREAM, NL)"
mail.platituinf.com,1,"AS12586 (ASGHOSTNET, DE)"
mail.myeloemail.ru,1,"AS12586 (ASGHOSTNET, DE)"
mail.myelence.ru,1,"AS12586 (ASGHOSTNET, DE)"
mail.myhashpower.com,1,"AS47583 (AS-HOSTINGER, CY)"
mail.platinrsmail.ru,1,"AS12586 (ASGHOSTNET, DE)"
mail.mycard.net.ua,1,"AS15738 (UAEXPRESS Ukraine, UA)"
mail.plasmoemail.ru,1,"AS12586 (ASGHOSTNET, DE)"
mail.playmtv.com,1,"AS397373 (H4Y-TECHNOLOGIES, US)"
mail.playfulmail.com,1,"AS12586 (ASGHOSTNET, DE)"
mykidsfuture.com,1,"AS14061 (DIGITALOCEAN-ASN, US)"
mail.play338.org,1,"AS9808 (CHINAMOBILE-CN China Mobile Communications Group Co., Ltd., CN)"
mail.myinbox21.shop,1,"AS51167 (CONTABO, DE)"
mail.plaync.xyz,1,"AS132203 (TENCENT-NET-AP-CN Tencent Building, Kejizhongyi Avenue, CN)"
mail0001.myk-pyk.eu,1,"AS24940 (HETZNER-AS, DE)"
mx1.myimail.bid,1,"AS200107 (KL-EXT, CH)"
mx1.mygeoweb.info,1,"AS200107 (KL-EXT, CH)"
mxa-001d1709.gslb.pphosted.com,1,"AS52129 (PROOFPOINT-ASN-EU, US)"
mx1.myinbox.icu,1,"AS200107 (KL-EXT, CH)"
mymail90.com,1,"AS47583 (AS-HOSTINGER, CY)"
mail.pleasewait.icu,1,"AS214943 (RAILNET, US)"
mail.plenoryx.cfd,1,"AS203446 (AS203446, GB)"
mx1.myhost.trade,1,"AS200107 (KL-EXT, CH)"
pintapartners-com.mail.protection.outlook.com,1,"AS8075 (MICROSOFT-CORP-MSN-AS-BLOCK, US)"
smtp.mylolis.top,1,"AS61112 (AkileCloud Network, GB)"
mail.mymailoasis.com,1,"AS14061 (DIGITALOCEAN-ASN, US)"
mail.mylenobl.ru,1,"AS197695 (AS-REG, RU)"
mail.mymailnow.store,1,"AS24940 (HETZNER-AS, DE)"
mynanaimohomes.com,1,
mail.mylovezya.my.id,1,"AS45102 (ALIBABA-CN-NET Alibaba US Technology Co., Ltd., CN)"
mail.pleuropneumail.ru,1,"AS12586 (ASGHOSTNET, DE)"
mail.plethysmographicumail.com,1,"AS12586 (ASGHOSTNET, DE)"
mail.plesiomail.ru,1,"AS12586 (ASGHOSTNET, DE)"
mail.pleuroperis.com,1,"AS12586 (ASGHOSTNET, DE)"
mail.plethysmogrtomail.com,1,"AS12586 (ASGHOSTNET, DE)"
mail.pleuroperimail.com,1,"AS12586 (ASGHOSTNET, DE)"
v1.mymysmail.space,1,"AS16276 (OVH, FR)"
mymailbox.xxl.st,1,"AS16276 (OVH, FR)"
mymarketinguniversity.com,1,"AS30475 (WEHOSTWEBSITES-COM, US)"
mail.myliomail.ru,1,"AS12586 (ASGHOSTNET, DE)"
mymail.infos.st,1,"AS16276 (OVH, FR)"
mail.pleochrogmail.ru,1,"AS12586 (ASGHOSTNET, DE)"
mail.mynetstore.de,1,"AS24940 (HETZNER-AS, DE)"
mail.myntora.cfd,1,"AS203446 (AS203446, GB)"
plp2.com,1,"AS24940 (HETZNER-AS, DE)"
50.47.186.142,1,
mail.plockton.net,1,"AS63949 (AKAMAI-LINODE-AP Akamai Connected Cloud, SG)"
mail.pinocytemail.ru,1,"AS12586 (ASGHOSTNET, DE)"
pliz.fr.nf,1,"AS16276 (OVH, FR)"
mail-smtp.ployerem.com,1,"AS14061 (DIGITALOCEAN-ASN, US)"
plusance.com,1,"AS47583 (AS-HOSTINGER, CY)"
mx2.mymymymail.net,1,"AS200107 (KL-EXT, CH)"
mail.plurilafml.ru,1,"AS12586 (ASGHOSTNET, DE)"
mail.myopmail.com,1,"AS6389 (BELLSOUTH-NET-BLK, US)"
mail.pleuropersmail.ru,1,"AS12586 (ASGHOSTNET, DE)"
mail.perisalpml.ru,1,
mail.plumdrop.xyz,1,"AS19318 (IS-AS-1, US)"
mx1.mymymymail.com,1,"AS200107 (KL-EXT, CH)"
mymailhub.pro,1,"AS49467 (EUROTA-ASN EUROTA INTERNET SERVICES LTD, TR)"
mail.myodiemail.ru,1,"AS12586 (ASGHOSTNET, DE)"
mail.temp-code.xyz,1,"AS135932 (VNDATA-AS-VN Viet Storage Technology Joint Stock Company, VN)"
mx6.plusonefactory.com,1,
jp1.fcomet.com,1,"AS63949 (AKAMAI-LINODE-AP Akamai Connected Cloud, SG)"
_dc-mx.61fd30c77f72.pmail.site,1,"AS24940 (HETZNER-AS, DE)"
_dc-mx.d3f24f438bee.plymouthhalfmarathon.com,1,"AS38623 (VIETTELCAMBODIA-AS-AP ISPIXP IN CAMBODIA WITH THE BEST VERVICE IN THERE., KH)"
mx.pmheating.com,1,"AS51167 (CONTABO, DE)"
mail.myodiamail.ru,1,"AS12586 (ASGHOSTNET, DE)"
mail.myocofmail.ru,1,"AS12586 (ASGHOSTNET, DE)"
pmsvs-com.mail.protection.outlook.com,1,"AS8075 (MICROSOFT-CORP-MSN-AS-BLOCK, US)"
mypup-nl.mail.protection.outlook.com,1,"AS8075 (MICROSOFT-CORP-MSN-AS-BLOCK, US)"
mail.pmail.asia,1,"AS16276 (OVH, FR)"
mail.pneumatifml.ru,1,"AS12586 (ASGHOSTNET, DE)"
m.myse5.com,1,"AS401696 (COGNETCLOUD, US)"
myself.fr.nf,1,"AS16276 (OVH, FR)"
mail.pneumoperimy.com,1,"AS12586 (ASGHOSTNET, DE)"
myrecovery.casa,1,"AS22612 (NAMECHEAP-NET, US)"
mail.mymailbox.top,1,"AS19437 (SS-ASH, US)"
pneumoiosismail.com,1,"AS9123 (TIMEWEB-AS, RU)"
mail.myriolmail.ru,1,"AS12586 (ASGHOSTNET, DE)"
mail.myrmecolmail.ru,1,"AS12586 (ASGHOSTNET, DE)"
plumber-thatcham.co.uk,1,"AS42831 (UKSERVERS-AS UK Dedicated Servers, Hosting and Co-Location, GB)"
myskaltech.com,1,
mail.pneumoencepmail.ru,1,"AS12586 (ASGHOSTNET, DE)"
mail.pneumasalo.ru,1,"AS12586 (ASGHOSTNET, DE)"
mail.pmeshki.ru,1,"AS29182 (RU-JSCIOT, RU)"
mail.mytemails.com,1,"AS24940 (HETZNER-AS, DE)"
mail.pococemail.ru,1,"AS12586 (ASGHOSTNET, DE)"
mail.mytrashmailr.com,1,"AS47583 (AS-HOSTINGER, CY)"
myukemail.com,1,"AS47583 (AS-HOSTINGER, CY)"
mail.mytrashmailer.com,1,"AS20473 (AS-VULTR, US)"
mail.mythologiomail.com,1,"AS12586 (ASGHOSTNET, DE)"
podium4sport-com.mail.protection.outlook.com,1,"AS8075 (MICROSOFT-CORP-MSN-AS-BLOCK, US)"
mail.plutus.family,1,"AS25504 (CRONON-AS Obermuensterstr. 9, DE)"
relay.paglusch.com,1,"AS212317 (HETZNER-CLOUD3-AS, DE)"
mail.pnpbiz.com,1,"AS3786 (LGDACOM LG DACOM Corporation, KR)"
poesie-de-nuit.com,1,"AS53589 (PLANETHOSTER-8, CA)"
mail.myxentra.cfd,1,"AS203446 (AS203446, GB)"
gy70mx-domain.poemment.com,1,"AS14061 (DIGITALOCEAN-ASN, US)"
podam.pl,1,"AS16276 (OVH, FR)"
mprdmxin.myway.co.uk,1,"AS53316 (ASN-CHEETA-MAIL, US)"
mail.podicrsmail.ru,1,"AS12586 (ASGHOSTNET, DE)"
mail.pokemail.net,1,"AS60781 (LEASEWEB-NL-AMS-01 Netherlands, NL)"
mx1.elorahub.news,1,"AS63949 (AKAMAI-LINODE-AP Akamai Connected Cloud, SG)"
mail1.mytrashmail.com,1,"AS44418 (BITDEFENDER-AS, RO)"
mail.pogonopfmail.ru,1,"AS12586 (ASGHOSTNET, DE)"
mail.mytanks.ru,1,"AS9123 (TIMEWEB-AS, RU)"
mail.myxobmail.ru,1,"AS12586 (ASGHOSTNET, DE)"
mulberry-de.mail.protection.outlook.com,1,"AS8075 (MICROSOFT-CORP-MSN-AS-BLOCK, US)"
mail.multiartmail.com,1,"AS12586 (ASGHOSTNET, DE)"
mail.muhammali.ru,1,"AS12586 (ASGHOSTNET, DE)"
mail.poh.pp.ua,1,"AS16276 (OVH, FR)"
n-system.com,1,"AS9371 (SAKURA-C SAKURA Internet Inc., JP)"
n2crafts-com.mail.protection.outlook.com,1,"AS8075 (MICROSOFT-CORP-MSN-AS-BLOCK, US)"
pokemons1.fr.nf,1,"AS16276 (OVH, FR)"
n2everything-com.mail.protection.outlook.com,1,"AS8075 (MICROSOFT-CORP-MSN-AS-BLOCK, US)"
_dc-mx.ec12d5ed67ee.poko.my,1,"AS214481 (WCZAPKOWICZ-AS as214481as-wczapkowicz Chunkserve Backbone Transit, PL)"
mail.multiceltomail.com,1,"AS12586 (ASGHOSTNET, DE)"
n1c-info.mail.protection.outlook.com,1,"AS8075 (MICROSOFT-CORP-MSN-AS-BLOCK, US)"
n2fun-com.mail.protection.outlook.com,1,"AS8075 (MICROSOFT-CORP-MSN-AS-BLOCK, US)"
mail.multiartmail.ru,1,"AS12586 (ASGHOSTNET, DE)"
mail.multidirecs.com,1,"AS12586 (ASGHOSTNET, DE)"
eve.buynlarge.net,1,"AS24940 (HETZNER-AS, DE)"
mx1.n2chevies.com,1,"AS16509 (AMAZON-02, US)"
mx1.n2dinosaurs.com,1,"AS16509 (AMAZON-02, US)"
mx1.n2fords.com,1,"AS16509 (AMAZON-02, US)"
mx1.n2choir.com,1,"AS16509 (AMAZON-02, US)"
mail.n2medicine.com,1,"AS398101 (GO-DADDY-COM-LLC, US)"
mx1.n2archery.com,1,"AS16509 (AMAZON-02, US)"
mail.pokupai-mili.ru,1,"AS44094 (WEBHOST1-AS, RU)"
mx1.n2california.com,1,"AS16509 (AMAZON-02, US)"
mx1.n2birds.com,1,"AS16509 (AMAZON-02, US)"
pokervizta.com,1,"AS59253 (LEASEWEB-APAC-SIN-11 LEASEWEB SINGAPORE PTE. LTD., SG)"
n2texas.com,1,"AS46606 (UNIFIEDLAYER-AS-1, US)"
mx1.n2acting.com,1,"AS16509 (AMAZON-02, US)"
mx1.n2cmt.com,1,"AS16509 (AMAZON-02, US)"
mx1.n2knitting.com,1,"AS16509 (AMAZON-02, US)"
mx.n2antiques.com,1,"AS29873 (BIZLAND-SD, US)"
mail.policemail.lol,1,"AS203446 (AS203446, GB)"
mail.polandychart.com,1,"AS9009 (M247, RO)"
mx1.n2mustangs.com,1,"AS16509 (AMAZON-02, US)"
mx1.n2stockcars.com,1,"AS16509 (AMAZON-02, US)"
n2rocknroll.com,1,"AS20068 (HAWKHOST, CA)"
s135.cyber-folks.pl,1,AS41079 198414 (Unknown)
mx1.n2sun.com,1,"AS16509 (AMAZON-02, US)"
mail.multianmals.ru,1,"AS12586 (ASGHOSTNET, DE)"
mx1.n2wildlife.com,1,"AS16509 (AMAZON-02, US)"
mx1.n2trouble.com,1,"AS16509 (AMAZON-02, US)"
mail.n2pc.com,1,"AS16556 (TOTALCHOICE-HOSTING, US)"
mx1.n2track.com,1,"AS16509 (AMAZON-02, US)"
pokerbet99.com,1,"AS44259 (ULTAHOST-AP-AS, US)"
mail.n88i.space,1,"AS22612 (NAMECHEAP-NET, US)"
mail.policyofliberty.com,1,"AS34119 (WILDCARD-AS Wildcard UK Limited, GB)"
mail1.poky.ro,1,"AS44418 (BITDEFENDER-AS, RO)"
polkaarsenal-com.mail.protection.outlook.com,1,"AS8075 (MICROSOFT-CORP-MSN-AS-BLOCK, US)"
mail.politiciml.com,1,"AS12586 (ASGHOSTNET, DE)"
polkarsenal-com.mail.protection.outlook.com,1,"AS8075 (MICROSOFT-CORP-MSN-AS-BLOCK, US)"
t1direct10.policiman.com,1,"AS14061 (DIGITALOCEAN-ASN, US)"
na-drakeintl-com.mail.protection.outlook.com,1,"AS8075 (MICROSOFT-CORP-MSN-AS-BLOCK, US)"
na-cat.com,1,"AS7506 (INTERQ GMO Internet Group, Inc., JP)"
mail01.n2money.com,1,"AS36351 (SOFTLAYER, US)"
mail.poker-texas.com.pl,1,"AS24940 (HETZNER-AS, DE)"
mail15.serv00.com,1,"AS197226 (SPRINT-SDC, PL)"
_dc-mx.f0a0f880fd09.na-start.com,1,"AS14061 (DIGITALOCEAN-ASN, US)"
mx1.n8.gs,1,"AS24940 (HETZNER-AS, DE)"
mail.nacho.pw,1,"AS16276 (OVH, FR)"
n7ob.com,1,"AS24940 (HETZNER-AS, DE)"
mail.poliomyemail.ru,1,"AS12586 (ASGHOSTNET, DE)"
mx76.mb1p.com,1,"AS14061 (DIGITALOCEAN-ASN, US)"
mail.polycotylemail.ru,1,"AS12586 (ASGHOSTNET, DE)"
mail.polosmail.com,1,"AS12586 (ASGHOSTNET, DE)"
mail.polydactml.com,1,"AS12586 (ASGHOSTNET, DE)"
mail.polychromatmail.com,1,"AS12586 (ASGHOSTNET, DE)"
mail.polychrommail.com,1,"AS12586 (ASGHOSTNET, DE)"
mail.rainmail.xyz,1,"AS20473 (AS-VULTR, US)"
w00c4076.kasserver.com,1,"AS34788 (NMM-AS D - 02742 Friedersdorf Hauptstrasse 68, DE)"
mail.polyacrymails.ru,1,"AS12586 (ASGHOSTNET, DE)"
mx1.ponycloud.net,1,
mail.polymastmail.ru,1,"AS12586 (ASGHOSTNET, DE)"
mail.polyphonfmals.com,1,"AS12586 (ASGHOSTNET, DE)"
mail.polyphonimfri.com,1,"AS12586 (ASGHOSTNET, DE)"
mail.polyemail.ru,1,"AS12586 (ASGHOSTNET, DE)"
mail.na-beregah-kryma.ru,1,"AS197695 (AS-REG, RU)"
mail.placeright.ru,1,"AS210079 (EUROBYTE, RU)"
mail.polyplacemail.ru,1,"AS12586 (ASGHOSTNET, DE)"
mail.polyplemail.ru,1,"AS12586 (ASGHOSTNET, DE)"
mail.polysylmail.ru,1,"AS12586 (ASGHOSTNET, DE)"
mail.poo.email,1,"AS14061 (DIGITALOCEAN-ASN, US)"
mail.polyunsamail.ru,1,"AS12586 (ASGHOSTNET, DE)"
mail.polina777.ru,1,"AS29182 (RU-JSCIOT, RU)"
mx.ponibo.com.cust.b.hostedemail.com,1,"AS32491 (TUCOWS-3, CA)"
mail.polymermails.ru,1,"AS12586 (ASGHOSTNET, DE)"
mail.polygaemail.ru,1,"AS12586 (ASGHOSTNET, DE)"
mail.polynucmails.ru,1,"AS12586 (ASGHOSTNET, DE)"
mail.polytheistmail.ru,1,"AS12586 (ASGHOSTNET, DE)"
mail.polythmails.ru,1,"AS12586 (ASGHOSTNET, DE)"
popgx-com.mail.protection.outlook.com,1,"AS8075 (MICROSOFT-CORP-MSN-AS-BLOCK, US)"
popol.fr.nf,1,"AS16276 (OVH, FR)"
mail.namemaker.online,1,"AS51167 (CONTABO, DE)"
mail.online.net,1,"AS12876 (Online SAS, FR)"
mail.popsamail.com,1,"AS12586 (ASGHOSTNET, DE)"
mail.najlepszeprzeprowadzki.pl,1,"AS41079 (CF-GDA, PL)"
mail.nakedtruth.biz,1,"AS15456 (INTERNETX-AS, DE)"
mx1.popmaildf.com,1,"AS200107 (KL-EXT, CH)"
mail.nalizatiomail.ru,1,"AS12586 (ASGHOSTNET, DE)"
nanozone-net.mail.protection.outlook.com,1,"AS8075 (MICROSOFT-CORP-MSN-AS-BLOCK, US)"
poczta.pomoc.info.pl,1,"AS24940 (HETZNER-AS, DE)"
smtp.popmail.io,1,"AS20115 (CHARTER-20115, US)"
pornstarhdporn.com,1,"AS63949 (AKAMAI-LINODE-AP Akamai Connected Cloud, SG)"
mail.nanoware.store,1,"AS16276 (OVH, FR)"
aeris.myserverhosts.com,1,"AS46606 (UNIFIEDLAYER-AS-1, US)"
aurinkoinen.halinalle.net,1,"AS24940 (HETZNER-AS, DE)"
mail.nakedgirlsass.com,1,"AS56485 (THEHOST-AS, UA)"
mx0.nardi-furniture.com,1,"AS6364 (ATLANTIC-NET-1, US)"
mail.porphyrimail.com,1,"AS12586 (ASGHOSTNET, DE)"
mail.porquemail.com,1,"AS12586 (ASGHOSTNET, DE)"
mail.porshemail.com,1,"AS12586 (ASGHOSTNET, DE)"
porphyromail.com,1,"AS9123 (TIMEWEB-AS, RU)"
mx.nashvillequote.com,1,"AS29873 (BIZLAND-SD, US)"
mail.narcoanfl.com,1,"AS12586 (ASGHOSTNET, DE)"
mail.porencepmil.ru,1,"AS12586 (ASGHOSTNET, DE)"
mail.narcissisml.ru,1,"AS12586 (ASGHOSTNET, DE)"
mail.portaldenoticias.top,1,"AS16276 (OVH, FR)"
portalsehat.com,1,"AS58487 (CRI-AS-AP CV. Rumahweb Indonesia, ID)"
nationwidedebtconsultants-co-uk.mail.protection.outlook.com,1,"AS8075 (MICROSOFT-CORP-MSN-AS-BLOCK, US)"
mail.portal.academic.edu.rs,1,"AS16276 (OVH, FR)"
mail.nam.su,1,"AS29182 (RU-JSCIOT, RU)"
mail.narcoaml.ru,1,"AS12586 (ASGHOSTNET, DE)"
mail.postdrop.cfd,1,"AS24940 (HETZNER-AS, DE)"
mail.natiret.com,1,"AS14061 (DIGITALOCEAN-ASN, US)"
mail.post-shift.ru,1,"AS29182 (RU-JSCIOT, RU)"
mx1.nate.com,1,"AS4792 (NATECOMMS-AS-KR NATE Communications Corporation, KR)"
mail.nationamail.com,1,"AS12586 (ASGHOSTNET, DE)"
bound.natuanal.com,1,"AS14061 (DIGITALOCEAN-ASN, US)"
mail.postencepfml.com,1,"AS12586 (ASGHOSTNET, DE)"
_dc-mx.961d83866f0d.naturalstonetables.com,1,"AS40476 (SCALAHOSTING, US)"
mail.naturaemail.ru,1,"AS12586 (ASGHOSTNET, DE)"
_dc-mx.738a7bf1e052.postinbox.my,1,"AS214481 (WCZAPKOWICZ-AS as214481as-wczapkowicz Chunkserve Backbone Transit, PL)"
mail.nativejo.ru,1,"AS12586 (ASGHOSTNET, DE)"
mx1.post123.site,1,"AS200107 (KL-EXT, CH)"
mail.postmail.my,1,"AS214481 (WCZAPKOWICZ-AS as214481as-wczapkowicz Chunkserve Backbone Transit, PL)"
_dc-mx.a4c5f147e213.postinbox.shop,1,"AS214481 (WCZAPKOWICZ-AS as214481as-wczapkowicz Chunkserve Backbone Transit, PL)"
_dc-mx.17da36ecd48f.postinbox.pw,1,"AS16276 (OVH, FR)"
mx1.twitter.com,1,"AS13414 (TWITTER, US)"
_dc-mx.0d7ce55b998f.postinbox.website,1,"AS214481 (WCZAPKOWICZ-AS as214481as-wczapkowicz Chunkserve Backbone Transit, PL)"
postm.net,1,"AS7506 (INTERQ GMO Internet Group, Inc., JP)"
_dc-mx.39d9cc8f1c59.nav.urgntx.com,1,"AS46261 (QUICKPACKET, US)"
malibuzz.navendazanist.net,1,"AS51167 (CONTABO, DE)"
nautiq-de.mail.protection.outlook.com,1,"AS8075 (MICROSOFT-CORP-MSN-AS-BLOCK, US)"
_dc-mx.b43ecba6072a.postinbox.ru,1,"AS214481 (WCZAPKOWICZ-AS as214481as-wczapkowicz Chunkserve Backbone Transit, PL)"
postupstand-com.mail.protection.outlook.com,1,"AS8075 (MICROSOFT-CORP-MSN-AS-BLOCK, US)"
mail.postrealy.cfd,1,"AS24940 (HETZNER-AS, DE)"
mail.poststream.cfd,1,"AS24940 (HETZNER-AS, DE)"
mxcluster-01.premium.mailwall.com,1,"AS20860 (IOMART-AS, GB)"
mx.nayobok.net,1,"AS14061 (DIGITALOCEAN-ASN, US)"
east-mailmqkxyvj.potaance.com,1,"AS14061 (DIGITALOCEAN-ASN, US)"
mail.postpositml.ru,1,"AS12586 (ASGHOSTNET, DE)"
mail.postzygapml.ru,1,"AS12586 (ASGHOSTNET, DE)"
mail.postzygapmail.ru,1,"AS12586 (ASGHOSTNET, DE)"
mail.potamog.ru,1,"AS12586 (ASGHOSTNET, DE)"
mail.nbobd.com,1,"AS47583 (AS-HOSTINGER, CY)"
mail.poww.me,1,"AS47583 (AS-HOSTINGER, CY)"
malibuzz.ncaaomg.com,1,"AS51167 (CONTABO, DE)"
mail.pox2.com,1,"AS14061 (DIGITALOCEAN-ASN, US)"
mail.postshift.ru,1,"AS29182 (RU-JSCIOT, RU)"
poubelle.fr.nf,1,"AS16276 (OVH, FR)"
mail.ndarseyco.com,1,"AS47583 (AS-HOSTINGER, CY)"
mail.ncsar.com,1,"AS14061 (DIGITALOCEAN-ASN, US)"
ncced.org,1,"AS14061 (DIGITALOCEAN-ASN, US)"
mail.nebulatools.pro,1,"AS203446 (AS203446, GB)"
mail.pozycjonowanietop.pl,1,"AS50599 (Autonomous System for Dataspace P.S.A., PL)"
mail.necub.com,1,"AS63949 (AKAMAI-LINODE-AP Akamai Connected Cloud, SG)"
mail.neclipspui.com,1,"AS47583 (AS-HOSTINGER, CY)"
mail.postroimkotedg.ru,1,"AS29182 (RU-JSCIOT, RU)"
mail.potolki-voronezh.ru,1,"AS29182 (RU-JSCIOT, RU)"
_dc-mx.843a3be73f82.neert.com,1,"AS16276 (OVH, FR)"
mail.nectarivoml.com,1,"AS12586 (ASGHOSTNET, DE)"
ndsconnect.no.test-google-a.com,1,
wget.ge,1,
mail.powiekszaniepenisaxxl.pl,1,"AS47544 (IQPL-AS, PL)"
gate.nembors.com,1,"AS14061 (DIGITALOCEAN-ASN, US)"
mail.nehomesdeaf.org,1,"AS13335 (CLOUDFLARENET, US)"
neocreative-com.mail.protection.outlook.com,1,"AS8075 (MICROSOFT-CORP-MSN-AS-BLOCK, US)"
mail.neoconser.com,1,"AS12586 (ASGHOSTNET, DE)"
mx01.easyname.eu,1,"AS47692 (NESSUS, AT)"
mail.pozycjonowaniekielce.pl,1,"AS47544 (IQPL-AS, PL)"
mail.pozitiv.ru,1,"AS57494 (ADMAN-AS, RU)"
mail.nerdkul.com,1,"AS32097 (WII, US)"
mail.neocolonifmals.com,1,"AS12586 (ASGHOSTNET, DE)"
mail.neocomail.com,1,"AS12586 (ASGHOSTNET, DE)"
fast3x.neowavehub.com,1,"AS14061 (DIGITALOCEAN-ASN, US)"
mail.neoreaemail.com,1,"AS12586 (ASGHOSTNET, DE)"
mail.nematodruby.ru,1,"AS12586 (ASGHOSTNET, DE)"
mail.poyraz.biz,1,"AS210574 (POYRAZ, TR)"
mail.nepheloaemail.com,1,"AS12586 (ASGHOSTNET, DE)"
mail.nerio.cz,1,"AS24940 (HETZNER-AS, DE)"
dpl55lmodem.nepging.com,1,"AS14061 (DIGITALOCEAN-ASN, US)"
mail1.neomailbox.com,1,"AS50613 (THORDC-AS, IS)"
mail.pozycjanusz.pl,1,"AS47544 (IQPL-AS, PL)"
relay1.net.ua,1,"AS15800 (COORDINATOR-AS East-Ukrainian NIC, UA)"
mail.nematmail.ru,1,"AS12586 (ASGHOSTNET, DE)"
mail.netfacc.com,1,"AS47583 (AS-HOSTINGER, CY)"
mail.neogrammail.ru,1,"AS12586 (ASGHOSTNET, DE)"
smtp1.sfr.com,1,"AS15557 (LDCOMNET --- I3Dnet ---, FR)"
mx.pozycjonowanie.com.pl,1,"AS34360 (OGICOM, PL)"
netricity-nl.mail.protection.outlook.com,1,"AS8075 (MICROSOFT-CORP-MSN-AS-BLOCK, US)"
mail.netinta.com,1,"AS14061 (DIGITALOCEAN-ASN, US)"
mx.netins.net.cust.b.hostedemail.com,1,"AS32491 (TUCOWS-3, CA)"
placebomail10.com,1,"AS51167 (CONTABO, DE)"
mxrouter.netcombase.com,1,"AS14061 (DIGITALOCEAN-ASN, US)"
mx01.agnat.pl,1,"AS60713 (TARRCI-AS, PL)"
mail.nemail.ru,1,"AS8342 (RTCOMM-AS, RU)"
mail.netscapezs.com,1,"AS47583 (AS-HOSTINGER, CY)"
mail.netfxd.com,1,"AS14061 (DIGITALOCEAN-ASN, US)"
mx-asp.netaxistech.com,1,"AS14061 (DIGITALOCEAN-ASN, US)"
mail.nettojuku.xyz,1,"AS196645 (HOSTPRO-AS, UA)"
mail.netgas.info,1,"AS16276 (OVH, FR)"
_dc-mx.77f89c05d604.netnet.help,1,"AS200223 (ETHERON, NL)"
hubmike.com,1,"AS39287 (ABSTRACT, FI)"
netchilee.cl,1,"AS64161 (GRUPO ZGH SPA, CL)"
msn.netstreamcore.com,1,"AS14061 (DIGITALOCEAN-ASN, US)"
mail.neuroanatmail.com,1,"AS12586 (ASGHOSTNET, DE)"
xroute.netsurferzone.com,1,"AS14061 (DIGITALOCEAN-ASN, US)"
mail.neighbour.co.uk,1,"AS24940 (HETZNER-AS, DE)"
mail.nevadaibm.com,1,"AS47583 (AS-HOSTINGER, CY)"
mail1.polizei.nrw.de,1,"AS3320 (DTAG Internet service provider operations, DE)"
mail.neurodegeinf.com,1,"AS12586 (ASGHOSTNET, DE)"
mail.neurobiomail.ru,1,"AS12586 (ASGHOSTNET, DE)"
mx1.networksfs.com,1,"AS200107 (KL-EXT, CH)"
mail.neverover.life,1,"AS203446 (AS203446, GB)"
mail.neurolepmail.com,1,"AS12586 (ASGHOSTNET, DE)"
newaddr.com,1,"AS7506 (INTERQ GMO Internet Group, Inc., JP)"
mail.neurofibmails.ru,1,"AS12586 (ASGHOSTNET, DE)"
mail.neurochoriomail.com,1,"AS12586 (ASGHOSTNET, DE)"
mail.neuroanaic.com,1,"AS12586 (ASGHOSTNET, DE)"
mail.neuropamail.com,1,"AS12586 (ASGHOSTNET, DE)"
mail.neurophli.com,1,"AS12586 (ASGHOSTNET, DE)"
mail.neuropsycmail.com,1,"AS12586 (ASGHOSTNET, DE)"
mail.neuropsychmalis.com,1,"AS12586 (ASGHOSTNET, DE)"
asl.h-e-s.de,1,"AS20676 (PLUSNET *****************, DE)"
networlds.online,1,"AS16276 (OVH, FR)"
mail.neurobimail.ru,1,"AS12586 (ASGHOSTNET, DE)"
mail.neuroparamail.ru,1,"AS12586 (ASGHOSTNET, DE)"
mail.neuropsychmail.ru,1,"AS12586 (ASGHOSTNET, DE)"
mail.neuropsycrsmail.ru,1,"AS12586 (ASGHOSTNET, DE)"
mx2.networkapps.info,1,"AS200107 (KL-EXT, CH)"
mail.polycotylmail.ru,1,"AS12586 (ASGHOSTNET, DE)"
mail.neuropamail.ru,1,"AS12586 (ASGHOSTNET, DE)"
newdelhi.io.vn,1,"AS20068 (HAWKHOST, CA)"
mail.nacion.com.mx,1,"AS3842 (RAMNODE, US)"
mx6.newmedicforum.com,1,
mail.polyeemail.ru,1,"AS12586 (ASGHOSTNET, DE)"
mail.newsoperator.com,1,"AS36444 (NEXCESS-NET, US)"
mx01.ionos.it,1,"AS8560 (IONOS-AS This is the joint network for IONOS, Fasthosts, Arsys, 1&1 Mail and Media and 1&1 Telecom. Formerly known as 1&1 Internet SE., DE)"
mx1.neusp.loan,1,"AS200107 (KL-EXT, CH)"
mx6.newssportsjapan.com,1,
mail.nexentia.cfd,1,"AS203446 (AS203446, GB)"
a113487.mx.mailhop.org,1,"AS16509 (AMAZON-02, US)"
mail.nextstopvalhalla.com,1,"AS14061 (DIGITALOCEAN-ASN, US)"
mail.newpk.com,1,"AS45352 (IPSERVERONE-AS-AP IP ServerOne Solutions Sdn Bhd, MY)"
mail.news21.top,1,"AS200019 (ALEXHOST, MD)"
mx20.013net.net,1,"AS1680 (NV-ASN CELLCOM ltd., IL)"
newyorkinjurynews.com,1,"AS32244 (LIQUIDWEB, US)"
newspro.fun,1,"AS204601 (PODAON, NL)"
nadmorzem.com,1,"AS29522 (CF-KRK, PL)"
nextgenadmin-com.mail.protection.outlook.com,1,"AS8075 (MICROSOFT-CORP-MSN-AS-BLOCK, US)"
mail.nexterazone.click,1,"AS51167 (CONTABO, DE)"
next.ovh,1,"AS397423 (TIER-NET, US)"
mail.netkozlam.ru,1,"AS9009 (M247, RO)"
mail.newross.net,1,"AS29550 (SIMPLYTRANSIT, GB)"
mail.nexusmail.cfd,1,"AS24940 (HETZNER-AS, DE)"
mail.nextmail.online,1,"AS51167 (CONTABO, DE)"
mx6.nflravenssuperbowl.com,1,
mail.nfstripss.com,1,"AS47583 (AS-HOSTINGER, CY)"
ngf1-com.mail.protection.outlook.com,1,"AS8075 (MICROSOFT-CORP-MSN-AS-BLOCK, US)"
nexalyntesto.com,1,"AS63068 (CROCWEB, CA)"
mail.ngem.net,1,"AS14061 (DIGITALOCEAN-ASN, US)"
mail01.nextfash.com,1,"AS36351 (SOFTLAYER, US)"
newyork.io.vn,1,"AS20068 (HAWKHOST, CA)"
mx1.next-mail.info,1,"AS200107 (KL-EXT, CH)"
_dc-mx.f05ac5fcdb36.nhmicrosoft.com,1,"AS51167 (CONTABO, DE)"
mail.nhatu.com,1,"AS14061 (DIGITALOCEAN-ASN, US)"
mail.nexus388.org,1,"AS57344 (TELEHOUSE-AS, BG)"
mail.nexttempmail.com,1,"AS273612 (FABWEB SERVICOS DE INTERNET LTDA, BR)"
_dc-mx.56f4b4ac06e7.nicemail.club,1,"AS60781 (LEASEWEB-NL-AMS-01 Netherlands, NL)"
mail.niceart.club,1,"AS49981 (WORLDSTREAM, NL)"
mail.nicegovmail.com,1,"AS14061 (DIGITALOCEAN-ASN, US)"
mx.niagaslotter-seo.com,1,"AS16276 (OVH, FR)"
mail.nicemaiil.com,1,"AS12586 (ASGHOSTNET, DE)"
mail.nicoric.com,1,"AS63949 (AKAMAI-LINODE-AP Akamai Connected Cloud, SG)"
mail.nicloo.com,1,"AS14061 (DIGITALOCEAN-ASN, US)"
mail.nastase.ddnsfree.com,1,"AS8708 (DIGI-ROMANIA 75 Dr. Staicovici, RO)"
mx.nikejashoes.com,1,"AS14061 (DIGITALOCEAN-ASN, US)"
mx.nikeshoesoutletforsale.com,1,"AS14061 (DIGITALOCEAN-ASN, US)"
mail.nievemail.com,1,"AS12586 (ASGHOSTNET, DE)"
mail.nietamail.com,1,"AS12586 (ASGHOSTNET, DE)"
portugalholidays.org,1,"AS14315 (1GSERVERS, US)"
mail.nhakhoavietsmile.com,1,"AS131353 (NHANHOA-AS-VN NhanHoa Software company, VN)"
nikkifenton-com.mail.protection.outlook.com,1,"AS8075 (MICROSOFT-CORP-MSN-AS-BLOCK, US)"
w019e258.kasserver.com,1,"AS34788 (NMM-AS D - 02742 Friedersdorf Hauptstrasse 68, DE)"
nimapinfotech-net.mail.protection.outlook.com,1,"AS8075 (MICROSOFT-CORP-MSN-AS-BLOCK, US)"
nikora.biz.st,1,"AS16276 (OVH, FR)"
newzealand-impressions.info,1,"AS5539 (SPACENET SpaceNET AG, DE)"
nikora.fr.nf,1,"AS16276 (OVH, FR)"
nik.edu.pl,1,"AS20068 (HAWKHOST, CA)"
mail.meatflavoredbeer.com,1,"AS14061 (DIGITALOCEAN-ASN, US)"
nidokela.biz.st,1,"AS16276 (OVH, FR)"
niko-design.com,1,"AS131965 (XSERVER Xserver Inc., JP)"
nie-podam.pl,1,"AS16276 (OVH, FR)"
mail.nitrohydromalis.com,1,"AS12586 (ASGHOSTNET, DE)"
mail.nixemail.net,1,"AS47583 (AS-HOSTINGER, CY)"
mail.nimsai.com,1,"AS51167 (CONTABO, DE)"
mail.njc65c15z.com,1,"AS47583 (AS-HOSTINGER, CY)"
mail.existiert.ch,1,"AS29222 (INFOMANIAK-AS, CH)"
mail.njtec.com,1,"AS31898 (ORACLE-BMC-31898, US)"
mail.nmagazinec.com,1,"AS47583 (AS-HOSTINGER, CY)"
mail.nitrificfkml.ru,1,"AS12586 (ASGHOSTNET, DE)"
nixonbox.com,1,"AS63068 (CROCWEB, CA)"
mx1.nllfan.com,1,"AS16509 (AMAZON-02, US)"
mail.nitrocmail.ru,1,"AS12586 (ASGHOSTNET, DE)"
mail.nitrobacolml.ru,1,"AS12586 (ASGHOSTNET, DE)"
nomorespam-com0ei.mail.protection.outlook.com,1,"AS8075 (MICROSOFT-CORP-MSN-AS-BLOCK, US)"
nngcapitalfund-com.mail.protection.outlook.com,1,"AS8075 (MICROSOFT-CORP-MSN-AS-BLOCK, US)"
mail.no11.xyz,1,"AS399646 (DARTNODE, US)"
no33-com.mail.protection.outlook.com,1,"AS8075 (MICROSOFT-CORP-MSN-AS-BLOCK, US)"
mail.nobinbox.com,1,"AS11878 (TZULO, US)"
mail.nnvl.com,1,"AS36352 (AS-COLOCROSSING, US)"
relay-avs.poste.it,1,"AS16509 (AMAZON-02, US)"
mail.no1namemail.com,1,"AS12586 (ASGHOSTNET, DE)"
mail.nocturnsgaming.com,1,"AS42846 (GUZELHOSTING GNET INTERNET TELEKOMUNIKASYON A.S., TR)"
mail.nodns.org,1,"AS46606 (UNIFIEDLAYER-AS-1, US)"
mail.nn2.pl,1,"AS47544 (IQPL-AS, PL)"
nm123.com,1,"AS132203 (TENCENT-NET-AP-CN Tencent Building, Kejizhongyi Avenue, CN)"
mail.nolettersbox.com,1,"AS207957 (SERVHOST-AS, GB)"
mail.nomail.site,1,"AS58087 (FLORIANKOLB, DE)"
mx.nogmailspam.info,1,"AS16276 (OVH, FR)"
mail.noideamail.com,1,"AS12586 (ASGHOSTNET, DE)"
mail.noissmail.com,1,"AS12586 (ASGHOSTNET, DE)"
rte01.noisyence.com,1,"AS14061 (DIGITALOCEAN-ASN, US)"
mail.nonageemail.ru,1,"AS12586 (ASGHOSTNET, DE)"
_dc-mx.624bc085a8e3.noexpire.top,1,"AS35916 (MULTA-ASN1, US)"
imx.nom.za,1,"AS12989 (BLACKHOST AS12989.NET, CA)"
mail.noinspect.top,1,"AS203446 (AS203446, GB)"
nomes.fr.nf,1,"AS16276 (OVH, FR)"
mail.nonaemail.ru,1,"AS12586 (ASGHOSTNET, DE)"
mail.nonassessml.com,1,"AS12586 (ASGHOSTNET, DE)"
mail.noncommitfml.com,1,"AS12586 (ASGHOSTNET, DE)"
mail.nonbelligfl.com,1,"AS12586 (ASGHOSTNET, DE)"
mail.nonduaemail.com,1,"AS12586 (ASGHOSTNET, DE)"
mail.norahoguerealestateagentbrokenarrowok.com,1,
mail.nondetereaaemail.ru,1,"AS12586 (ASGHOSTNET, DE)"
mail.nonimisemail.com,1,"AS12586 (ASGHOSTNET, DE)"
nondenomimail.com,1,"AS9123 (TIMEWEB-AS, RU)"
mail.nonhierarcmfri.com,1,"AS12586 (ASGHOSTNET, DE)"
mail.nonoblml.ru,1,"AS12586 (ASGHOSTNET, DE)"
mail.nonmigrfml.com,1,"AS12586 (ASGHOSTNET, DE)"
northdallashomebuyers-com.mail.protection.outlook.com,1,
mail.nonhieremail.ru,1,"AS12586 (ASGHOSTNET, DE)"
mail.nonprognostifl.com,1,"AS12586 (ASGHOSTNET, DE)"
mail.noncontroverml.com,1,"AS12586 (ASGHOSTNET, DE)"
mail.nonrecogniml.com,1,"AS12586 (ASGHOSTNET, DE)"
mail.seitz.solutions,1,"AS197540 (NETCUP-AS netcup GmbH, DE)"
mail.nonsapudp.com,1,"AS12586 (ASGHOSTNET, DE)"
mail.nonvolatiic.com,1,"AS12586 (ASGHOSTNET, DE)"
mail.nooonmail.com,1,"AS12586 (ASGHOSTNET, DE)"
mail.noncommuaemail.ru,1,"AS12586 (ASGHOSTNET, DE)"
normhillaviation-com.mail.protection.outlook.com,1,"AS8075 (MICROSOFT-CORP-MSN-AS-BLOCK, US)"
mail.nonequilifmail.ru,1,"AS12586 (ASGHOSTNET, DE)"
mail.noncompetmail.ru,1,"AS12586 (ASGHOSTNET, DE)"
mail.nonhommalu.ru,1,"AS12586 (ASGHOSTNET, DE)"
mail.noninflrsmail.ru,1,"AS12586 (ASGHOSTNET, DE)"
mail.nonheremails.ru,1,"AS12586 (ASGHOSTNET, DE)"
mail.noninstitumail.ru,1,"AS12586 (ASGHOSTNET, DE)"
mail.nonheredemail.ru,1,"AS12586 (ASGHOSTNET, DE)"
mail.nonreprsmail.ru,1,"AS12586 (ASGHOSTNET, DE)"
_dc-mx.592f37d97b0c.northernbets.co,1,"AS63473 (HOSTHATCH, US)"
mail.nondeterminmail.ru,1,"AS12586 (ASGHOSTNET, DE)"
norcalsecurityca.com,1,"AS59253 (LEASEWEB-APAC-SIN-11 LEASEWEB SINGAPORE PTE. LTD., SG)"
mail.northwestpharmacylabs.com,1,"AS209605 (HOSTBALTIC, LT)"
mail.norvanta.cfd,1,"AS203446 (AS203446, GB)"
mail.nonproliferfmail.ru,1,"AS12586 (ASGHOSTNET, DE)"
mail.nonmail.ru,1,"AS12586 (ASGHOSTNET, DE)"
mail.nolog.cz,1,"AS43541 (VSHOSTING, CZ)"
mail.nonrecipromail.ru,1,"AS12586 (ASGHOSTNET, DE)"
mail.nonparticfmail.ru,1,"AS12586 (ASGHOSTNET, DE)"
mail.nonparticimails.ru,1,"AS12586 (ASGHOSTNET, DE)"
mail.nonteremail.ru,1,"AS12586 (ASGHOSTNET, DE)"
mail.nonoblemail.ru,1,"AS12586 (ASGHOSTNET, DE)"
mail.noninstitulity.ru,1,"AS12586 (ASGHOSTNET, DE)"
mail.nosogfl.com,1,"AS12586 (ASGHOSTNET, DE)"
northstarsaves-com.mail.protection.outlook.com,1,"AS8075 (MICROSOFT-CORP-MSN-AS-BLOCK, US)"
nospamthanks-com.mail.protection.outlook.com,1,"AS8075 (MICROSOFT-CORP-MSN-AS-BLOCK, US)"
mail.notboxletters.com,1,"AS207957 (SERVHOST-AS, GB)"
mx.nosings.com.cust.a.hostedemail.com,1,"AS15348 (TUCOWS, CA)"
nospam.fr.nf,1,"AS16276 (OVH, FR)"
mail.northcoastbconline.com,1,"AS210878 (TREADSTONE-AS, RO)"
mailin.mx-hub.cz,1,"AS29134 (IGNUM-AS Czech Republic, CZ)"
mx1.notsharingmy.info,1,
nothingtoseehere-ca.mail.protection.outlook.com,1,"AS8075 (MICROSOFT-CORP-MSN-AS-BLOCK, US)"
mxb-0077b904.gslb.pphosted.com,1,"AS22843 (PROOFPOINT-ASN-US-EAST, US)"
mail.notipr.com,1,"AS14061 (DIGITALOCEAN-ASN, US)"
email.nameiet.com,1,"AS20473 (AS-VULTR, US)"
mail.novamails.my,1,"AS24940 (HETZNER-AS, DE)"
mail.novstan.com,1,"AS14061 (DIGITALOCEAN-ASN, US)"
mail.novatiz.com,1,"AS14061 (DIGITALOCEAN-ASN, US)"
notbooknotbuk.com,1,"AS63949 (AKAMAI-LINODE-AP Akamai Connected Cloud, SG)"
mail.notreallybutseriously.com,1,"AS16509 (AMAZON-02, US)"
mail.noticiasdobrasil.top,1,"AS16276 (OVH, FR)"
mail.nproxi.com,1,"AS47583 (AS-HOSTINGER, CY)"
ahem.adaptivetelehealth.com,1,"AS14061 (DIGITALOCEAN-ASN, US)"
mail.nowni.com,1,"AS31898 (ORACLE-BMC-31898, US)"
mx3.mailhop.org,1,"AS16509 (AMAZON-02, US)"
mx1.sys.sulinet.hu,1,"AS1955 (HBONE-AS KIFU, HU)"
mail.noticemail.ru,1,"AS12586 (ASGHOSTNET, DE)"
noyp.fr.nf,1,"AS16276 (OVH, FR)"
_dc-mx.2ca538bb9bca.nrehi.com,1,"AS24940 (HETZNER-AS, DE)"
mail.notebooks.ru,1,"AS210079 (EUROBYTE, RU)"
mail.nomail.ch,1,"AS8758 (IWAY, CH)"
mail.nov-vek.ru,1,"AS210079 (EUROBYTE, RU)"
mx1.noyabrsk.me,1,"AS200107 (KL-EXT, CH)"
nsareit-net.mail.protection.outlook.com,1,"AS8075 (MICROSOFT-CORP-MSN-AS-BLOCK, US)"
mx.nscoy.com,1,"AS396982 (GOOGLE-CLOUD-PLATFORM, US)"
npzs.info,1,"AS16276 (OVH, FR)"
mx1.npsis.net,1,"AS200107 (KL-EXT, CH)"
mail.nsvpn.com,1,"AS14061 (DIGITALOCEAN-ASN, US)"
mail.ntercommunimy.com,1,"AS12586 (ASGHOSTNET, DE)"
nsl168.com,1,"AS59253 (LEASEWEB-APAC-SIN-11 LEASEWEB SINGAPORE PTE. LTD., SG)"
mx1.sf.ice-networks.com,1,"AS50613 (THORDC-AS, IS)"
notebooki-lv.mail.protection.outlook.com,1,"AS8075 (MICROSOFT-CORP-MSN-AS-BLOCK, US)"
mail.nterhymail.com,1,"AS12586 (ASGHOSTNET, DE)"
mail.nubix.store,1,"AS16276 (OVH, FR)"
mail.nucleopli.com,1,"AS12586 (ASGHOSTNET, DE)"
mail0001.nterfree.it,1,"AS24940 (HETZNER-AS, DE)"
_dc-mx.37b6614d0c7f.nova.nov.su,1,"AS214481 (WCZAPKOWICZ-AS as214481as-wczapkowicz Chunkserve Backbone Transit, PL)"
mail.nuclene.com,1,"AS14061 (DIGITALOCEAN-ASN, US)"
mail.notlettersmail.com,1,"AS207957 (SERVHOST-AS, GB)"
mail.numbersgh.com,1,"AS47583 (AS-HOSTINGER, CY)"
mail.nukahome.com,1,"AS21499 (GODADDY-SXB, DE)"
nutricompany-com.mail.protection.outlook.com,1,"AS8075 (MICROSOFT-CORP-MSN-AS-BLOCK, US)"
mail.nucleosyntebml.ru,1,"AS12586 (ASGHOSTNET, DE)"
mx-mail4.numllery.com,1,"AS14061 (DIGITALOCEAN-ASN, US)"
smtp-01.tld.t-online.de,1,"AS3320 (DTAG Internet service provider operations, DE)"
smx178.cn4e.com,1,"AS139021 (WEST263GO-HK West263 International Limited, HK)"
numberwork.com.pri-mx.uk0105.smtproutes.com,1,"AS16633 (I-3, US)"
mail.narekvor.com,1,"AS216071 (VDSINA, AE)"
nus.in.tmes.trendmicro.com,1,"AS14618 (AMAZON-AES, US)"
nurminenlogistics-com.mail.protection.outlook.com,1,"AS8075 (MICROSOFT-CORP-MSN-AS-BLOCK, US)"
mx1.nurdea.com,1,"AS200107 (KL-EXT, CH)"
mail.nvestmail.com,1,"AS12586 (ASGHOSTNET, DE)"
nyasan.com,1,"AS7506 (INTERQ GMO Internet Group, Inc., JP)"
nyc2way-com.mail.protection.outlook.com,1,"AS8075 (MICROSOFT-CORP-MSN-AS-BLOCK, US)"
smtp3.daytoncreative.net,1,"AS10796 (TWC-10796-MIDWEST, US)"
mail.nyc360news.com,1,"AS40021 (CONTABO-40021, US)"
spf.nycemore.com,1,"AS14061 (DIGITALOCEAN-ASN, US)"
mailin1.nutrelino.com,1,"AS51013 (WEBSUPPORT-SRO-SK-AS, SK)"
o-ama-o.com,1,"AS42708 (GLESYS glesys.com, SE)"
mail.nvana.xyz,1,"AS210294 (UKRDOMEN, UA)"
sh6.falconinternet.net,1,"AS2711 (SPIRITTEL-AS, US)"
nkasaruparanationalpark.com,1,"AS36454 (WHG-DAL, GB)"
mail.qlillness.com,1,"AS47583 (AS-HOSTINGER, CY)"
mail.qmailv.com,1,"AS14061 (DIGITALOCEAN-ASN, US)"
mail.qmails.website,1,"AS204601 (PODAON, NL)"
mail.qnorfolkx.com,1,"AS47583 (AS-HOSTINGER, CY)"
mail.qkjruledr.com,1,"AS47583 (AS-HOSTINGER, CY)"
qooqle.cc,1,"AS25820 (IT7NET, CA)"
qmoil.com,1,"AS24940 (HETZNER-AS, DE)"
mail.qkrxoals.kro.kr,1,
qseminarb.com,1,"AS47583 (AS-HOSTINGER, CY)"
email.qs2k.com,1,"AS63949 (AKAMAI-LINODE-AP Akamai Connected Cloud, SG)"
mx.qseo.com.cust.a.hostedemail.com,1,"AS15348 (TUCOWS, CA)"
quack-co-uk.mail.protection.outlook.com,1,
mail2.tencent.com,1,
mail.quarvex.cfd,1,"AS203446 (AS203446, GB)"
mail.quentavo.cfd,1,"AS203446 (AS203446, GB)"
colo2.quantyti.com,1,"AS14061 (DIGITALOCEAN-ASN, US)"
qqaonwin.org,1,"AS22612 (NAMECHEAP-NET, US)"
mail.quickemail.info,1,"AS16276 (OVH, FR)"
quasdmail.com,1,"AS9123 (TIMEWEB-AS, RU)"
mail.quicktreage.com,1,"AS47583 (AS-HOSTINGER, CY)"
www376.your-server.de,1,"AS24940 (HETZNER-AS, DE)"
mail.quicklyy.fun,1,"AS203446 (AS203446, GB)"
quickloans-com.mail.protection.outlook.com,1,"AS8075 (MICROSOFT-CORP-MSN-AS-BLOCK, US)"
mx1.quequeremos.com,1,"AS200107 (KL-EXT, CH)"
mail.quiet-branch.com,1,"AS197540 (NETCUP-AS netcup GmbH, DE)"
_dc-mx.aab084b15deb.quickmail.uk,1,"AS18450 (WEBNX, US)"
mail.quikdrop.space,1,"AS19318 (IS-AS-1, US)"
mail.quixentra.cfd,1,"AS203446 (AS203446, GB)"
mail.quickreply.51tiemo.com,1,"AS51167 (CONTABO, DE)"
quirsratio.com,1,"AS47583 (AS-HOSTINGER, CY)"
quicktemp.email,1,"AS12876 (Online SAS, FR)"
mail.quorixia.cfd,1,"AS203446 (AS203446, GB)"
mail.quuradminb.com,1,"AS47583 (AS-HOSTINGER, CY)"
quickinbox.com,1,"AS20068 (HAWKHOST, CA)"
qwarmingu.com,1,"AS47583 (AS-HOSTINGER, CY)"
mail.quecruncher.com,1,"AS41528 (LOOPIA3, SE)"
mail.quickz.top,1,"AS16276 (OVH, FR)"
mx1.qvwthrows.com,1,"AS200107 (KL-EXT, CH)"
mail.qyver.online,1,"AS29066 (VELIANET-AS velia.net Internetdienste GmbH, DE)"
mail.qzlfalleno.com,1,"AS47583 (AS-HOSTINGER, CY)"
mx1.qwfox.com,1,"AS200107 (KL-EXT, CH)"
mail.qwertymail.ru,1,"AS8342 (RTCOMM-AS, RU)"
r-ga.com,1,"AS204800 (WHG-SGP, GB)"
r2ginversiones.com,1,"AS55293 (A2HOSTING, US)"
racarie-com.mail.protection.outlook.com,1,
radeshop.com,1,"AS47583 (AS-HOSTINGER, CY)"
mail.racaho.com,1,"AS14061 (DIGITALOCEAN-ASN, US)"
mail.radexi.com,1,"AS51167 (CONTABO, DE)"
mail.qvaq.ru,1,"AS197695 (AS-REG, RU)"
mx.inbox.eu,1,"AS12993 (DEAC-AS, LV)"
mail.radiant-flow.org,1,"AS197540 (NETCUP-AS netcup GmbH, DE)"
mail.radbandz.com,1,"AS55293 (A2HOSTING, US)"
dns.racycli.com,1,"AS14061 (DIGITALOCEAN-ASN, US)"
radicalsecurity-org.mail.protection.outlook.com,1,"AS8075 (MICROSOFT-CORP-MSN-AS-BLOCK, US)"
mail.rackabzar.com,1,"AS16276 (OVH, FR)"
qbak001.racovor.com,1,"AS14061 (DIGITALOCEAN-ASN, US)"
mail.radexi.info,1,"AS51167 (CONTABO, DE)"
radiobmail.com,1,"AS9123 (TIMEWEB-AS, RU)"
mx.radio-crazy.pl,1,"AS14061 (DIGITALOCEAN-ASN, US)"
r8r4p0cb.com,1,"AS24961 (MYLOC-AS IP Backbone of WIIT AG formerly myLoc managed IT AG, DE)"
mail.rainga.ng,1,"AS203446 (AS203446, GB)"
rajshreetrading.com,1,"AS204800 (WHG-SGP, GB)"
colo2.rainence.com,1,"AS14061 (DIGITALOCEAN-ASN, US)"
mx6.ralphlaurenfemme3.com,1,
mx6.ralph-laurensoldes.com,1,
mail.rambara.com,1,"AS14061 (DIGITALOCEAN-ASN, US)"
mail.ramizan.com,1,"AS14061 (DIGITALOCEAN-ASN, US)"
mx.rain.network,1,"AS37105 (RAIN-GROUP-HOLDINGS, ZA)"
mtrv4xroute.raligaan.com,1,"AS14061 (DIGITALOCEAN-ASN, US)"
mail.ramcen.com,1,"AS14061 (DIGITALOCEAN-ASN, US)"
mail.rando.buzz,1,"AS31863 (DACEN-2, US)"
mail.truocloud.com,1,"AS16276 (OVH, FR)"
ramaakunting.com,1,"AS131775 (IDNIC-JALANET-AS-ID PT. Jupiter Jala Arta, ID)"
ramen.org,1,"AS9371 (SAKURA-C SAKURA Internet Inc., JP)"
mx1.r7.email.locaweb.com.br,1,"AS27715 (Locaweb Servicos de Internet SA, BR)"
mail.rankermath.com.tr,1,"AS213535 (YOTTASRC, SA)"
_dc-mx.a339d0f2a419.rangereviewer.com,1,"AS16276 (OVH, FR)"
s73.srv-console.com,1,"AS213535 (YOTTASRC, SA)"
raja333.net,1,"AS214036 (ULTAHOST-AS, US)"
mail.rapidlyws.com,1,"AS47583 (AS-HOSTINGER, CY)"
rancemail.com,1,"AS9123 (TIMEWEB-AS, RU)"
mail.rapidletter.net,1,"AS212772 (ADGUARD, CY)"
_dc-mx.45f449f75e84.rapidwebmail.com,1,"AS18450 (WEBNX, US)"
mx1.mx-relay.com,1,"AS16633 (I-3, US)"
mail.rapidmail.de,1,"AS58010 (UVENSYS, DE)"
mail.rateliso.com,1,
rapidmail.sbs,1,"AS16276 (OVH, FR)"
rajapoker99.net,1,"AS22612 (NAMECHEAP-NET, US)"
mail.rattasatxqc.fun,1,"AS203446 (AS203446, GB)"
mail.raleighshoebuddy.com,1,"AS29182 (RU-JSCIOT, RU)"
randol.infos.st,1,"AS16276 (OVH, FR)"
mail.rax.la,1,"AS197540 (NETCUP-AS netcup GmbH, DE)"
rapidefr.fr.nf,1,"AS16276 (OVH, FR)"
mail.raja333.org,1,"AS57344 (TELEHOUSE-AS, BG)"
mail.ratixq.com,1,"AS24940 (HETZNER-AS, DE)"
rawlingsfuneralhome-com.mail.protection.outlook.com,1,"AS8075 (MICROSOFT-CORP-MSN-AS-BLOCK, US)"
raspv.com,1,"AS24940 (HETZNER-AS, DE)"
mail.rapzip.com,1,
igw08.site4now.net,1,"AS46844 (SHARKTECH, US)"
mx1.cmlt.us,1,"AS63949 (AKAMAI-LINODE-AP Akamai Connected Cloud, SG)"
mail.rcardiogrammail.com,1,"AS197540 (NETCUP-AS netcup GmbH, DE)"
mx1.reg365.net,1,"AS8622 (ISIONUK Team Blue Internet Services UK Ltd, GB)"
mail.ravenom.ru,1,"AS8926 (MOLDTELECOM-AS Moldtelecom Autonomous System, MD)"
rcdom-org-uk.mail.protection.outlook.com,1,"AS8075 (MICROSOFT-CORP-MSN-AS-BLOCK, US)"
mail.react-mail.com,1,"AS31898 (ORACLE-BMC-31898, US)"
_dc-mx.2e3e6939f355.reactbooks.com,1,"AS46606 (UNIFIEDLAYER-AS-1, US)"
rbtsaratov.ru,1,"AS204601 (PODAON, NL)"
work.timbu.cloud,1,"AS24940 (HETZNER-AS, DE)"
realchristine.com,1,"AS133752 (LEASEWEB-APAC-HKG-10 LEASEWEB HONG KONG LIMITED, HK)"
mx1.reality-concept.club,1,"AS200107 (KL-EXT, CH)"
mail.reactfrin.ru,1,"AS12586 (ASGHOSTNET, DE)"
inbound.realestateinvestorsassociationoftoledo.com.emailmx.com,1,"AS15348 (TUCOWS, CA)"
reattivonews.com,1,"AS24940 (HETZNER-AS, DE)"
mx1.rebekamail.com,1,"AS200107 (KL-EXT, CH)"
mx1.hostinger.it,1,"AS13335 (CLOUDFLARENET, US)"
readmail.biz.st,1,"AS16276 (OVH, FR)"
a346873.mx.mailhop.org,1,"AS16509 (AMAZON-02, US)"
mail.radiomail.ru,1,"AS12586 (ASGHOSTNET, DE)"
mail.quadrivalfml.ru,1,"AS12586 (ASGHOSTNET, DE)"
mail.radifmail.ru,1,"AS12586 (ASGHOSTNET, DE)"
mail.reaggravfml.ru,1,"AS12586 (ASGHOSTNET, DE)"
mail.radiologicumail.com,1,"AS12586 (ASGHOSTNET, DE)"
mail.qualifmail.ru,1,"AS12586 (ASGHOSTNET, DE)"
mail.radiotelinf.com,1,"AS12586 (ASGHOSTNET, DE)"
mail.ratiocmail.ru,1,"AS12586 (ASGHOSTNET, DE)"
mail.radiotept.ru,1,"AS12586 (ASGHOSTNET, DE)"
mail.radiculemfri.com,1,"AS12586 (ASGHOSTNET, DE)"
mail.reassimi.com,1,"AS12586 (ASGHOSTNET, DE)"
mail.ratiocimails.ru,1,"AS12586 (ASGHOSTNET, DE)"
mail.quartmail.com,1,"AS12586 (ASGHOSTNET, DE)"
mail.rdiophmail.com,1,"AS12586 (ASGHOSTNET, DE)"
mail.radioacmail.ru,1,"AS12586 (ASGHOSTNET, DE)"
mail.radioemail.ru,1,"AS12586 (ASGHOSTNET, DE)"
mail.radiofml.ru,1,"AS12586 (ASGHOSTNET, DE)"
mail.radioml.ru,1,"AS12586 (ASGHOSTNET, DE)"
mail.radiaolml.ru,1,"AS12586 (ASGHOSTNET, DE)"
mail.radiochemail.ru,1,"AS12586 (ASGHOSTNET, DE)"
mail.r4temail.com,1,"AS12586 (ASGHOSTNET, DE)"
mail.quinquesylfml.ru,1,"AS12586 (ASGHOSTNET, DE)"
mail.ratiocmail.com,1,"AS12586 (ASGHOSTNET, DE)"
mail.radioautmail.ru,1,"AS12586 (ASGHOSTNET, DE)"
mail.raymanmail.com,1,"AS12586 (ASGHOSTNET, DE)"
mail.radiotransmail.com,1,"AS12586 (ASGHOSTNET, DE)"
mail.quirmail.ru,1,"AS12586 (ASGHOSTNET, DE)"
mail.radiolummail.com,1,"AS12586 (ASGHOSTNET, DE)"
mail.radiotelepmail.ru,1,"AS12586 (ASGHOSTNET, DE)"
mail.radiote.ru,1,"AS12586 (ASGHOSTNET, DE)"
mail.qualifimails.ru,1,"AS12586 (ASGHOSTNET, DE)"
mail.quadrumail.ru,1,"AS12586 (ASGHOSTNET, DE)"
mail.radirsmail.ru,1,"AS12586 (ASGHOSTNET, DE)"
mail.rcosmails.com,1,"AS12586 (ASGHOSTNET, DE)"
mail.radiophotmail.ru,1,"AS12586 (ASGHOSTNET, DE)"
mail.quienmail.com,1,"AS12586 (ASGHOSTNET, DE)"
mail.radiometeinf.com,1,"AS12586 (ASGHOSTNET, DE)"
mail.reassurvegai.ru,1,"AS12586 (ASGHOSTNET, DE)"
mail.quieresmail.com,1,"AS12586 (ASGHOSTNET, DE)"
mail.radiotraemail.ru,1,"AS12586 (ASGHOSTNET, DE)"
mail.radioauemail.ru,1,"AS12586 (ASGHOSTNET, DE)"
network.sufitchi.com,1,"AS13886 (CLOUD-SOUTH, US)"
mx6.quanthax.com,1,
mail.recapiml.ru,1,"AS12586 (ASGHOSTNET, DE)"
quaich-com.mail.protection.outlook.com,1,"AS8075 (MICROSOFT-CORP-MSN-AS-BLOCK, US)"
quantumtoolset-com.mail.protection.outlook.com,1,"AS8075 (MICROSOFT-CORP-MSN-AS-BLOCK, US)"
mail.quadragemail.ru,1,"AS12586 (ASGHOSTNET, DE)"
mail.receptimail.ru,1,"AS12586 (ASGHOSTNET, DE)"
mail.red-pearl-model.de,1,"AS24940 (HETZNER-AS, DE)"
mail.recapitufmail.ru,1,"AS12586 (ASGHOSTNET, DE)"
recurrenta.com,1,"AS14061 (DIGITALOCEAN-ASN, US)"
reddcoin2.com,1,"AS47583 (AS-HOSTINGER, CY)"
recorderxfm.com,1,"AS47583 (AS-HOSTINGER, CY)"
mail.reciprocfml.com,1,"AS12586 (ASGHOSTNET, DE)"
mail.recodificfmail.ru,1,"AS12586 (ASGHOSTNET, DE)"
_dc-mx.7f5098d22653.red-r.org,1,"AS63473 (HOSTHATCH, US)"
mail.recertifml.ru,1,"AS12586 (ASGHOSTNET, DE)"
redf.site,1,"AS15802 (DU-AS1, AE)"
mail.reconfirmafkml.ru,1,"AS12586 (ASGHOSTNET, DE)"
mail.reconsoli.ru,1,"AS12586 (ASGHOSTNET, DE)"
mail.recreatimail.ru,1,"AS12586 (ASGHOSTNET, DE)"
mail.recrimimail.ru,1,"AS12586 (ASGHOSTNET, DE)"
mail.redevtmail.com,1,"AS12586 (ASGHOSTNET, DE)"
mail.rectangml.ru,1,"AS12586 (ASGHOSTNET, DE)"
mail.reciprmails.ru,1,"AS12586 (ASGHOSTNET, DE)"
mail.redmail.shop,1,"AS4766 (KIXS-AS-KR Korea Telecom, KR)"
mail.recrystallifmk.com,1,"AS12586 (ASGHOSTNET, DE)"
mail.questionmail.ru,1,"AS12586 (ASGHOSTNET, DE)"
redrockdigital.net,1,"AS14061 (DIGITALOCEAN-ASN, US)"
mail.reconsomail.ru,1,"AS12586 (ASGHOSTNET, DE)"
mx6.rediffmail.net,1,
mail.reconcilabmails.ru,1,"AS12586 (ASGHOSTNET, DE)"
mail.recurvirosmail.ru,1,"AS12586 (ASGHOSTNET, DE)"
mail.reebnz.com,1,"AS9009 (M247, RO)"
reddmachine-com.mail.protection.outlook.com,1,"AS8075 (MICROSOFT-CORP-MSN-AS-BLOCK, US)"
ns1.dns-parking.com,1,"AS13335 (CLOUDFLARENET, US)"
redrivervalleyacademy.com,1,"AS59253 (LEASEWEB-APAC-SIN-11 LEASEWEB SINGAPORE PTE. LTD., SG)"
mail.redistribmil.ru,1,"AS12586 (ASGHOSTNET, DE)"
mail.recodifimails.ru,1,"AS12586 (ASGHOSTNET, DE)"
reedbusiness-nl.mail.protection.outlook.com,1,"AS8075 (MICROSOFT-CORP-MSN-AS-BLOCK, US)"
mail.redacciones.net,1,"AS56958 (RAIOLANETWORKS Raiola Networks S.L., ES)"
mx1.rediffmailo.com,1,"AS200107 (KL-EXT, CH)"
mail.redfeathercrow.com,1,"AS29182 (RU-JSCIOT, RU)"
redi.fr.nf,1,"AS16276 (OVH, FR)"
mail.reevalmail.com,1,"AS12586 (ASGHOSTNET, DE)"
mail.reevamails.ru,1,"AS12586 (ASGHOSTNET, DE)"
mail.reductiaemail.ru,1,"AS12586 (ASGHOSTNET, DE)"
red-tron.com,1,"AS51191 (XIRRA, DE)"
mail.reevamail.com,1,"AS12586 (ASGHOSTNET, DE)"
regencyop-com.mail.protection.outlook.com,1,"AS8075 (MICROSOFT-CORP-MSN-AS-BLOCK, US)"
mail.reformabgmail.ru,1,"AS12586 (ASGHOSTNET, DE)"
mail.reflexolaemail.com,1,"AS12586 (ASGHOSTNET, DE)"
mail.refrangimail.ru,1,"AS12586 (ASGHOSTNET, DE)"
redrect.site,1,"AS53038 (IDC19 - WDI SOLUCOES EM TEC INFORMACAO LTDA, BR)"
_dc-mx.fc65f059fa79.regadub.ru,1,"AS213038 (DREAMVPS, IL)"
mail.reeval.ru,1,"AS12586 (ASGHOSTNET, DE)"
mail.regionalmgmt.com,1,"AS7922 (COMCAST-7922, US)"
mail.regardermail.com,1,"AS12586 (ASGHOSTNET, DE)"
registry-godaddy.mail.protection.outlook.com,1,"AS8075 (MICROSOFT-CORP-MSN-AS-BLOCK, US)"
au-smtp-inbound-1.mimecast.com,1,"AS136792 (MIMECAST-AS-AP Mimecast Australia Pty Ltd, AU)"
mail.rehabirsmail.ru,1,"AS12586 (ASGHOSTNET, DE)"
mail.reklama.com,1,"AS31898 (ORACLE-BMC-31898, US)"
mail.regulataemail.com,1,"AS12586 (ASGHOSTNET, DE)"
mail.rekaer.com,1,"AS14061 (DIGITALOCEAN-ASN, US)"
mail.reincarnamail.ru,1,"AS12586 (ASGHOSTNET, DE)"
mail.reinvigmail.com,1,"AS12586 (ASGHOSTNET, DE)"
relationshiphotline.com,1,"AS14061 (DIGITALOCEAN-ASN, US)"
mail.reinterpretafmals.com,1,"AS12586 (ASGHOSTNET, DE)"
mail.relayix.cfd,1,"AS24940 (HETZNER-AS, DE)"
mail.reharmonmails.ru,1,"AS12586 (ASGHOSTNET, DE)"
mail.reinvmail.ru,1,"AS12586 (ASGHOSTNET, DE)"
mail.reduplicatmails.ru,1,"AS12586 (ASGHOSTNET, DE)"
mail.relativmail.ru,1,"AS12586 (ASGHOSTNET, DE)"
mail.reinvestimail.ru,1,"AS12586 (ASGHOSTNET, DE)"
reliable1iowa-com.mail.protection.outlook.com,1,"AS8075 (MICROSOFT-CORP-MSN-AS-BLOCK, US)"
reklambladerbjudande.se,1,"AS20857 (TRANSIP-AS Amsterdam, the Netherlands, NL)"
mail.red-paddle.ru,1,"AS29182 (RU-JSCIOT, RU)"
mail.reliable-mail.com,1,"AS32244 (LIQUIDWEB, US)"
mail.rehabmalu.ru,1,"AS12586 (ASGHOSTNET, DE)"
mail.remarkablfmail.ru,1,"AS12586 (ASGHOSTNET, DE)"
rejeki303.org,1,"AS22612 (NAMECHEAP-NET, US)"
mail.relativismail.com,1,"AS12586 (ASGHOSTNET, DE)"
mail.relocfmk.com,1,"AS12586 (ASGHOSTNET, DE)"
mail.reindustml.ru,1,"AS12586 (ASGHOSTNET, DE)"
mail.renakol.com,1,"AS14061 (DIGITALOCEAN-ASN, US)"
removersllc-com.mail.protection.outlook.com,1,"AS8075 (MICROSOFT-CORP-MSN-AS-BLOCK, US)"
mail.remilitarmail.com,1,"AS12586 (ASGHOSTNET, DE)"
mail.remembeli.com,1,"AS12586 (ASGHOSTNET, DE)"
mx3.oderland.com,1,"AS44136 (ASODERLAND, SE)"
mail.remodificmail.ru,1,"AS12586 (ASGHOSTNET, DE)"
mail.remodifimail.com,1,"AS12586 (ASGHOSTNET, DE)"
mail.remunaml.ru,1,"AS12586 (ASGHOSTNET, DE)"
mail.renocemail.ru,1,"AS12586 (ASGHOSTNET, DE)"
rentalcardaily.com,1,"AS24940 (HETZNER-AS, DE)"
mail.renvotra.cfd,1,"AS203446 (AS203446, GB)"
_dc-mx.bea979bbaa13.reparacionbatres.com,1,"AS16276 (OVH, FR)"
mail.renegotsalo.ru,1,"AS12586 (ASGHOSTNET, DE)"
mail.renegmail.ru,1,"AS12586 (ASGHOSTNET, DE)"
in.remailer.it,1,"AS31034 (ARUBA-ASN, IT)"
mail.remuneinf.com,1,"AS12586 (ASGHOSTNET, DE)"
reply.ticketmaster.com,1,"AS46318 (TECHOPS-ASN-4, US)"
mail.representmails.ru,1,"AS12586 (ASGHOSTNET, DE)"
mail.reprehensmalu.ru,1,"AS12586 (ASGHOSTNET, DE)"
mail.replyloop.com,1,"AS16276 (OVH, FR)"
mail.reorganili.com,1,"AS12586 (ASGHOSTNET, DE)"
mail.renomail.ru,1,"AS12586 (ASGHOSTNET, DE)"
mail.repetitiruby.ru,1,"AS12586 (ASGHOSTNET, DE)"
mail.replaceamail.ru,1,"AS12586 (ASGHOSTNET, DE)"
mail.representatmyu.ru,1,"AS12586 (ASGHOSTNET, DE)"
mail.reprehensiml.ru,1,"AS12586 (ASGHOSTNET, DE)"
level2mx.rerdingag.com,1,"AS14061 (DIGITALOCEAN-ASN, US)"
mail.repex.es,1,"AS16276 (OVH, FR)"
spf0.rescueence.com,1,"AS14061 (DIGITALOCEAN-ASN, US)"
repormail.com,1,"AS9123 (TIMEWEB-AS, RU)"
mail.repairalliance.org,1,"AS197540 (NETCUP-AS netcup GmbH, DE)"
mail.reparamails.ru,1,"AS12586 (ASGHOSTNET, DE)"
mail.resmso.com,1,"AS24940 (HETZNER-AS, DE)"
mail.research.gng.edu.pl,1,"AS16276 (OVH, FR)"
mail.representatinf.com,1,"AS12586 (ASGHOSTNET, DE)"
mail.reprobatiml.com,1,"AS12586 (ASGHOSTNET, DE)"
mail.repemail.ru,1,"AS12586 (ASGHOSTNET, DE)"
malibuzz.resetsecure.org,1,"AS51167 (CONTABO, DE)"
mail.representa.ru,1,"AS12586 (ASGHOSTNET, DE)"
mail.representebml.ru,1,"AS12586 (ASGHOSTNET, DE)"
restarteurope-com.mail.protection.outlook.com,1,"AS8075 (MICROSOFT-CORP-MSN-AS-BLOCK, US)"
mail.reorien.ru,1,"AS12586 (ASGHOSTNET, DE)"
mail.responsive.co.il,1,"AS55293 (A2HOSTING, US)"
mail.resorcinolmail.ru,1,"AS12586 (ASGHOSTNET, DE)"
mx.resumeworks4u.com,1,"AS29873 (BIZLAND-SD, US)"
mail.respectamail.ru,1,"AS12586 (ASGHOSTNET, DE)"
mail.respirml.ru,1,"AS12586 (ASGHOSTNET, DE)"
mail.repolarimail.ru,1,"AS12586 (ASGHOSTNET, DE)"
mail.responsibilmfri.com,1,"AS12586 (ASGHOSTNET, DE)"
retailglobal-com.mail.protection.outlook.com,1,"AS8075 (MICROSOFT-CORP-MSN-AS-BLOCK, US)"
mx6.retinaprime.com,1,
resultaatmarketing.com,1,"AS63949 (AKAMAI-LINODE-AP Akamai Connected Cloud, SG)"
mail.retiemail.ru,1,"AS12586 (ASGHOSTNET, DE)"
mail.reticuloenmail.com,1,"AS12586 (ASGHOSTNET, DE)"
mail.reuniofmk.com,1,"AS12586 (ASGHOSTNET, DE)"
mail.retractamail.ru,1,"AS12586 (ASGHOSTNET, DE)"
mail.reverentomail.com,1,"AS12586 (ASGHOSTNET, DE)"
mail.retroactfmail.ru,1,"AS12586 (ASGHOSTNET, DE)"
mail.retirmail.com,1,"AS12586 (ASGHOSTNET, DE)"
mail.retrommail.ru,1,"AS12586 (ASGHOSTNET, DE)"
mail.retragmail.com,1,"AS3842 (RAMNODE, US)"
mail.retroaml.ru,1,"AS12586 (ASGHOSTNET, DE)"
mail.reusmail.com,1,"AS12586 (ASGHOSTNET, DE)"
mx.reusable.email,1,"AS16276 (OVH, FR)"
revolutionalgorithm.com.revolutionalgorithm.com,1,
mail.retrogressaemail.com,1,"AS12586 (ASGHOSTNET, DE)"
mail.retainabmail.ru,1,"AS12586 (ASGHOSTNET, DE)"
mx1.reviewsmr.com,1,"AS200107 (KL-EXT, CH)"
mail.reversimail.ru,1,"AS12586 (ASGHOSTNET, DE)"
mail.reutilmalis.com,1,"AS12586 (ASGHOSTNET, DE)"
mail.retractmail.ru,1,"AS12586 (ASGHOSTNET, DE)"
ressources-solidaires.info,1,"AS131965 (XSERVER Xserver Inc., JP)"
mail.retrocognfml.ru,1,"AS12586 (ASGHOSTNET, DE)"
mail.rexabot.com,1,"AS203446 (AS203446, GB)"
mail.revolumalis.com,1,"AS12586 (ASGHOSTNET, DE)"
mail.revolutimail.ru,1,"AS12586 (ASGHOSTNET, DE)"
mx01.mail.ncse.pl,1,"AS197226 (SPRINT-SDC, PL)"
mail.rezato.com,1,"AS14061 (DIGITALOCEAN-ASN, US)"
mail.reverberatmail.ru,1,"AS12586 (ASGHOSTNET, DE)"
mail.reticemail.ru,1,"AS12586 (ASGHOSTNET, DE)"
mail.rfreedomj.com,1,"AS47583 (AS-HOSTINGER, CY)"
mail.reverrsmail.ru,1,"AS12586 (ASGHOSTNET, DE)"
mail.revolutioaemail.com,1,"AS12586 (ASGHOSTNET, DE)"
mail18.lh.pl,1,"AS203417 (LH, PL)"
mail.revitalility.ru,1,"AS12586 (ASGHOSTNET, DE)"
rgrocks-com.mail.protection.outlook.com,1,
mail.rhabdomyosmail.ru,1,"AS12586 (ASGHOSTNET, DE)"
mail.revistaagora.top,1,"AS16276 (OVH, FR)"
mail.revivmil.ru,1,"AS12586 (ASGHOSTNET, DE)"
mail.reginekarlsen.me,1,"AS15685 (CASABLANCA-AS Internet & Collocation Provider, CZ)"
inbound.rhadryeir.com,1,"AS14061 (DIGITALOCEAN-ASN, US)"
mail.rhemail.ru,1,"AS12586 (ASGHOSTNET, DE)"
mail.rheumamails.ru,1,"AS12586 (ASGHOSTNET, DE)"
mail.rhodymeemail.ru,1,"AS12586 (ASGHOSTNET, DE)"
mail.rgdoubtdhq.com,1,"AS53667 (PONYNET, US)"
rhinolmail.com,1,"AS9123 (TIMEWEB-AS, RU)"
mail.rfzaym.ru,1,"AS201814 (MEVSPACE, PL)"
mail.rhondawilcoxfitness.com,1,"AS46606 (UNIFIEDLAYER-AS-1, US)"
mail.riggambling.com,1,"AS209605 (HOSTBALTIC, LT)"
mail.rhabdomyos.ru,1,"AS12586 (ASGHOSTNET, DE)"
rifkinfox-com.mail.protection.outlook.com,1,"AS8075 (MICROSOFT-CORP-MSN-AS-BLOCK, US)"
mail.rinkmail.com,1,"AS40021 (CONTABO-40021, US)"
mail.ridabmals.ru,1,"AS12586 (ASGHOSTNET, DE)"
mail.rigidifimyu.ru,1,"AS12586 (ASGHOSTNET, DE)"
mail.recalcitromail.com,1,"AS12586 (ASGHOSTNET, DE)"
spf.ringment.com,1,"AS14061 (DIGITALOCEAN-ASN, US)"
_dc-mx.a5428270281c.riversidecfm.com,1,"AS22612 (NAMECHEAP-NET, US)"
rnimail.riviera-networks.com,1,"AS207181 (RNITELCO, FR)"
mx.rizet.in,1,"AS14061 (DIGITALOCEAN-ASN, US)"
mail.risingsuntouch.com,1,
riverviewcontractors-com.mail.protection.outlook.com,1,"AS8075 (MICROSOFT-CORP-MSN-AS-BLOCK, US)"
mx1.rigidmail.top,1,"AS200107 (KL-EXT, CH)"
mail.rjdaum.com,1,"AS20001 (TWC-20001-PACWEST, US)"
ritualimail.com,1,"AS9123 (TIMEWEB-AS, RU)"
rlginc-com.mail.protection.outlook.com,1,"AS8075 (MICROSOFT-CORP-MSN-AS-BLOCK, US)"
mail.ritual-rom.ru,1,"AS211642 (ADMINVPS, RU)"
mail.roalx.com,1,"AS14061 (DIGITALOCEAN-ASN, US)"
robertmowlavi-com.mail.protection.outlook.com,1,
mail.robo3.co,1,"AS47583 (AS-HOSTINGER, CY)"
rntmail.online,1,"AS9123 (TIMEWEB-AS, RU)"
mail.robot2.me,1,"AS47583 (AS-HOSTINGER, CY)"
mail.robo3.me,1,"AS47583 (AS-HOSTINGER, CY)"
mail.robot-mail.com,1,"AS16276 (OVH, FR)"
mail.robotizaemail.com,1,"AS12586 (ASGHOSTNET, DE)"
mx-in.rnvb.com,1,"AS16276 (OVH, FR)"
mta5.am0.rocketmaill.com,1,"AS26666 (INTERSERVER-LAX, US)"
redesdem.com,1,"AS19871 (NETWORK-SOLUTIONS-HOSTING, US)"
mail.robinkikuchi.us,1,"AS29182 (RU-JSCIOT, RU)"
rocketmail.fun,1,"AS16276 (OVH, FR)"
mail.rockstarseo.net,1,"AS46606 (UNIFIEDLAYER-AS-1, US)"
mx1.cloudhosting.net,1,"AS12488 (KRYSTAL, GB)"
mail.rns-50.ru,1,"AS24940 (HETZNER-AS, DE)"
mx6.rodsupersale.com,1,
mail.robinkikuchi.info,1,"AS29182 (RU-JSCIOT, RU)"
mail.roentgenographf.ru,1,"AS12586 (ASGHOSTNET, DE)"
smtp.roethke.info,1,"AS197540 (NETCUP-AS netcup GmbH, DE)"
mx1.rodtookjing.com,1,"AS200107 (KL-EXT, CH)"
mail.robink.info,1,"AS29182 (RU-JSCIOT, RU)"
_dc-mx.2a997846ceca.rohkalby.com,1,"AS965 (WEBHOSTINGHOLDINGS, US)"
roivenue-com.mail.protection.outlook.com,1,"AS8075 (MICROSOFT-CORP-MSN-AS-BLOCK, US)"
mail.roentgenotmyu.ru,1,"AS12586 (ASGHOSTNET, DE)"
mailforward13.cloudns.net,1,"AS35661 (VIRTUASYS-EU Lift weight. Push bytes. Never drop. Repeat., FR)"
mail.rojay.fr,1,"AS50474 (O2SWITCH, FR)"
gdalult4.hostarmada.net,1,"AS394380 (LEASEWEB-USA-DAL, US)"
romaniansalsafestival.com,1,"AS14061 (DIGITALOCEAN-ASN, US)"
mail.roksa.pl,1,"AS16276 (OVH, FR)"
mail.roman.tehsusu.biz.id,1,"AS51167 (CONTABO, DE)"
mail.romanticiolml.ru,1,"AS12586 (ASGHOSTNET, DE)"
ronnierage-net.mail.protection.outlook.com,1,"AS8075 (MICROSOFT-CORP-MSN-AS-BLOCK, US)"
mail.ronaldofmail.com,1,"AS12586 (ASGHOSTNET, DE)"
mail.gwara.de,1,"AS30962 (COMTRANCE-AS, DE)"
roquette-com.mail.protection.outlook.com,1,"AS8075 (MICROSOFT-CORP-MSN-AS-BLOCK, US)"
mail.roridulvegai.ru,1,"AS12586 (ASGHOSTNET, DE)"
mail.roseoftralee.com,1,"AS24940 (HETZNER-AS, DE)"
mail.rotogum.com,1,"AS51167 (CONTABO, DE)"
mail.rotogum.online,1,"AS51167 (CONTABO, DE)"
mail.rotogum.info,1,"AS51167 (CONTABO, DE)"
postj29ouc.rouflav.com,1,"AS14061 (DIGITALOCEAN-ASN, US)"
mx1.rockstmail.com,1,"AS200107 (KL-EXT, CH)"
mail.rm-tour.ru,1,"AS44094 (WEBHOST1-AS, RU)"
mail.royalhost.info,1,"AS22612 (NAMECHEAP-NET, US)"
mail.royalvx.com,1,"AS14061 (DIGITALOCEAN-ASN, US)"
mx1.royalmarket.club,1,"AS200107 (KL-EXT, CH)"
rpocc.ru,1,"AS43865 (INTEK-M-AS, RU)"
ribo-com.mail.protection.outlook.com,1,
ridermail.shop,1,
mail.richmoney.pw,1,"AS35916 (MULTA-ASN1, US)"
mail.romatomail.com,1,"AS12586 (ASGHOSTNET, DE)"
mail.ricrk.com,1,
mail.rs311e8.com,1,"AS47583 (AS-HOSTINGER, CY)"
mx.rrediffmail.com,1,"AS26666 (INTERSERVER-LAX, US)"
rsibanjarmasin.com,1,"AS215117 (HOSTERDADDY, IN)"
mx1.rrrcat.com,1,"AS200107 (KL-EXT, CH)"
mx.rtert.org,1,"AS14061 (DIGITALOCEAN-ASN, US)"
rtjg99.com,1,"AS397423 (TIER-NET, US)"
rtvlansingerland-nl.mail.protection.outlook.com,1,"AS8075 (MICROSOFT-CORP-MSN-AS-BLOCK, US)"
rosary.net,1,"AS22612 (NAMECHEAP-NET, US)"
mail.ru.tempo-mail.pro,1,"AS22612 (NAMECHEAP-NET, US)"
w00ffc10.kasserver.com,1,"AS34788 (NMM-AS D - 02742 Friedersdorf Hauptstrasse 68, DE)"
rtp77.net,1,"AS212238 (CDNEXT, GB)"
mail.rbran.com,1,"AS263108 (OPANET TELECOMUNICACOES LTDA - ME, BR)"
mail.roudar.com,1,"AS14061 (DIGITALOCEAN-ASN, US)"
mail.rundablage.com,1,"AS44133 (IPAX-AS, AT)"
roupr-com.mail.protection.outlook.com,1,"AS8075 (MICROSOFT-CORP-MSN-AS-BLOCK, US)"
run2mail.com,1,"AS24940 (HETZNER-AS, DE)"
mail.ruben.si,1,"AS31898 (ORACLE-BMC-31898, US)"
mail.rus-massaggio.com,1,"AS29182 (RU-JSCIOT, RU)"
mail.rushranch.blog,1,"AS204601 (PODAON, NL)"
mail.runballrally.us,1,"AS34233 (SUPERIOR-AS, NL)"
router.ruralreachnow.com,1,"AS14061 (DIGITALOCEAN-ASN, US)"
mail.rus-service-melitta.ru,1,"AS29182 (RU-JSCIOT, RU)"
mail.rumorcircle.com,1,"AS51167 (CONTABO, DE)"
mail.ruskovka.ru,1,
rvctf.com,1,"AS32475 (SINGLEHOP-LLC, US)"
mx-domain.rvneous.com,1,"AS14061 (DIGITALOCEAN-ASN, US)"
j7hxrte03.rvseice.com,1,"AS14061 (DIGITALOCEAN-ASN, US)"
m.rovsv.com,1,"AS401696 (COGNETCLOUD, US)"
mail.roweryo.com,1,"AS14061 (DIGITALOCEAN-ASN, US)"
mail.rwstatus.com,1,"AS14061 (DIGITALOCEAN-ASN, US)"
mail.rutop.net,1,"AS62082 (HOSTLAND, RU)"
mx1.fabulousemail.com,1,"AS399522 (TP, US)"
mx1.smtp.goog,1,"AS15169 (GOOGLE, US)"
mail.ryzenmail.com,1,"AS24940 (HETZNER-AS, DE)"
mx-post.ryvelide.com,1,"AS14061 (DIGITALOCEAN-ASN, US)"
mx.s-e-arch.com,1,"AS29873 (BIZLAND-SD, US)"
a826007.mx.mailhop.org,1,"AS16509 (AMAZON-02, US)"
mx.rxtx.cx,1,"AS211494 (NARAYANA, EE)"
mail.ipora.org,1,"AS197071 (ACTIVE-SERVERS active-servers.com, DE)"
rygel.infos.st,1,"AS16276 (OVH, FR)"
mail.rzemien1.iswift.eu,1,"AS24940 (HETZNER-AS, DE)"
mail.s1rx4.tobu-wedding.com,1,"AS3462 (HINET Data Communication Business Group, TW)"
mail.rzesomaniak.pl,1,"AS47544 (IQPL-AS, PL)"
mail.s1rx2.tobu-wedding.com,1,"AS3462 (HINET Data Communication Business Group, TW)"
email-temp.com,1,"AS30886 (KOMITEX-AS, UA)"
mail.rzesyodzywka.pl,1,"AS41079 (CF-GDA, PL)"
saccaud.com,1,"AS47583 (AS-HOSTINGER, CY)"
a426624.mx.mailhop.org,1,"AS16509 (AMAZON-02, US)"
mail.sabesmail.com,1,"AS12586 (ASGHOSTNET, DE)"
sabalanmusic.ir,1,"AS24940 (HETZNER-AS, DE)"
mail.richonedai.pw,1,"AS35916 (MULTA-ASN1, US)"
mail.sacramemail.com,1,"AS12586 (ASGHOSTNET, DE)"
mail.sacramenmail.ru,1,"AS12586 (ASGHOSTNET, DE)"
mx1.roundlayout.com,1,
sadas-com.mail.protection.outlook.com,1,"AS8075 (MICROSOFT-CORP-MSN-AS-BLOCK, US)"
ccs.pl,1,"AS12824 (HOMEPL-AS, PL)"
mail.sadomasocmail.ru,1,"AS12586 (ASGHOSTNET, DE)"
_dc-mx.273a6118c72d.sade.com,1,"AS13335 (CLOUDFLARENET, US)"
mail.safeinbox.xyz,1,"AS51167 (CONTABO, DE)"
mail.roundwall.ru,1,
mx.eforw.com,1,"AS14061 (DIGITALOCEAN-ASN, US)"
_dc-mx.9f448b278f89.safinancecenter.org,1,"AS22612 (NAMECHEAP-NET, US)"
mail.rssdevsites.com,1,"AS55293 (A2HOSTING, US)"
mx1.safemail.icu,1,"AS200107 (KL-EXT, CH)"
mail.saga4d.net,1,"AS214036 (ULTAHOST-AS, US)"
mx.arris.pl,1,"AS16276 (OVH, FR)"
mail.safarjo.com,1,"AS16276 (OVH, FR)"
m.kw8.eu,1,"AS24940 (HETZNER-AS, DE)"
_dc-mx.787bc5d38a2d.saint-philip.com,1,"AS22612 (NAMECHEAP-NET, US)"
_dc-mx.1ab5c5fbbc6c.sakibbd.xyz,1,"AS16276 (OVH, FR)"
msn.sailorment.com,1,"AS14061 (DIGITALOCEAN-ASN, US)"
mail.saierw.com,1,"AS14061 (DIGITALOCEAN-ASN, US)"
spamtitan1.salemmedia.com,1,"AS16509 (AMAZON-02, US)"
mail.dmiklorsetj.com,1,"AS202448 (MVPS www.mvps.net, CY)"
mx.salmo-us.com,1,"AS62904 (AS62904, US)"
mail.saldosremates.com,1,"AS23273 (HOSTP-LA, US)"
mail.salmail.ru,1,"AS12586 (ASGHOSTNET, DE)"
mail.salicylamail.ru,1,"AS12586 (ASGHOSTNET, DE)"
mail.sailun.md,1,"AS58061 (SCALAXY-AS, LV)"
mx01.saltel.net,1,"AS19318 (IS-AS-1, US)"
mail.salpingomail.com,1,"AS12586 (ASGHOSTNET, DE)"
mail.salpingomyu.ru,1,"AS12586 (ASGHOSTNET, DE)"
mail.sam1.eu.org,1,"AS22612 (NAMECHEAP-NET, US)"
mailsync.gw-it.eu,1,"AS8560 (IONOS-AS This is the joint network for IONOS, Fasthosts, Arsys, 1&1 Mail and Media and 1&1 Telecom. Formerly known as 1&1 Internet SE., DE)"
mail.mosesmail.net,1,"AS202940 (ITCNG ITC Internet Service Provider, IL)"
mail.runball.us,1,"AS34233 (SUPERIOR-AS, NL)"
mail.salvageabruby.ru,1,"AS12586 (ASGHOSTNET, DE)"
mail.salvatiojmail.ru,1,"AS12586 (ASGHOSTNET, DE)"
mail.sanaglobe.de,1,"AS197540 (NETCUP-AS netcup GmbH, DE)"
sandvpn-com.mail.protection.outlook.com,1,"AS8075 (MICROSOFT-CORP-MSN-AS-BLOCK, US)"
sangamcentre-org-uk.mail.protection.outlook.com,1,"AS8075 (MICROSOFT-CORP-MSN-AS-BLOCK, US)"
sandiegoemergencyplumber.com,1,"AS26042 (FIBERSTATE, US)"
sangqiao.net,1,"AS61207 (ILAIT, SE)"
mail.sandsplace.top,1,"AS31863 (DACEN-2, US)"
sanmateo4cs-org.mail.protection.outlook.com,1,"AS8075 (MICROSOFT-CORP-MSN-AS-BLOCK, US)"
mail.sanibact-errecom.com,1,"AS52030 (SERVERPLAN-AS, IT)"
west.smtp.mx.exch032.serverdata.net,1,"AS16406 (AS-INTERMEDIA, US)"
mail.sanguinopumail.ru,1,"AS12586 (ASGHOSTNET, DE)"
santaland-com.mail.protection.outlook.com,1,"AS8075 (MICROSOFT-CORP-MSN-AS-BLOCK, US)"
mailin.samsung.com,1,"AS6619 (SAMSUNGSDS-AS-KR SamsungSDS Inc., KR)"
mx1.hostinger.com.hk,1,"AS13335 (CLOUDFLARENET, US)"
mail.sanjati.com,1,"AS24940 (HETZNER-AS, DE)"
mail.sanzv.com,1,"AS14061 (DIGITALOCEAN-ASN, US)"
mail.santalmail.com,1,"AS12586 (ASGHOSTNET, DE)"
mail.sanering-stockholm.nu,1,"AS214640 (HOSTUP HOSTUP, SE)"
jupiter.acomsys.de,1,"AS6724 (STRATO STRATO AG, DE)"
bind.sappisi.com,1,"AS14061 (DIGITALOCEAN-ASN, US)"
mx.sapya.com,1,"AS28748 (ALPHACRON-AS AlphaCron Datensysteme, DE)"
_dc-mx.a8b39f6c19d6.satamqx.com,1,"AS51167 (CONTABO, DE)"
mail.sarcomail.com,1,"AS12586 (ASGHOSTNET, DE)"
mail.sarcomails.ru,1,"AS12586 (ASGHOSTNET, DE)"
mail.sarcospmail.com,1,"AS12586 (ASGHOSTNET, DE)"
sapu.me,1,"AS32475 (SINGLEHOP-LLC, US)"
_dc-mx.7e89817e718e.sathinews.com,1,"AS51167 (CONTABO, DE)"
mail.satisfactorfmail.com,1,"AS12586 (ASGHOSTNET, DE)"
log3.outlook.co.im,1,"AS50340 (SELECTEL-MSK, RU)"
mail.saturn.monster,1,"AS203446 (AS203446, GB)"
mail.sarracenmail.ru,1,"AS12586 (ASGHOSTNET, DE)"
mail.saturamail.com,1,"AS12586 (ASGHOSTNET, DE)"
mail.savests.com,1,"AS14061 (DIGITALOCEAN-ASN, US)"
web.sautcuso.com,1,"AS14061 (DIGITALOCEAN-ASN, US)"
mx.rvarb.eu5.net,1,"AS44476 (ZETTA-AS, BG)"
mail.satumalu.ru,1,"AS12586 (ASGHOSTNET, DE)"
mail.saturamails.ru,1,"AS12586 (ASGHOSTNET, DE)"
mail.satiabmil.ru,1,"AS12586 (ASGHOSTNET, DE)"
sayeghlawfirm-com.mail.protection.outlook.com,1,"AS8075 (MICROSOFT-CORP-MSN-AS-BLOCK, US)"
d91814a.ess.barracudanetworks.com,1,"AS16509 (AMAZON-02, US)"
saveonenergy-org01j.mail.protection.outlook.com,1,"AS8075 (MICROSOFT-CORP-MSN-AS-BLOCK, US)"
savimediagroup.com,1,"AS16276 (OVH, FR)"
mail.sayawaka-dea.info,1,"AS14061 (DIGITALOCEAN-ASN, US)"
sbcmx1.sbcbglobal.net,1,"AS63949 (AKAMAI-LINODE-AP Akamai Connected Cloud, SG)"
ff-ip4-mx-vip1.sbeglobal.net,1,"AS63949 (AKAMAI-LINODE-AP Akamai Connected Cloud, SG)"
mx1.saturnrules.com,1,"AS16509 (AMAZON-02, US)"
ff-ip4-mx-vip1.sbcgobla.net,1,"AS63949 (AKAMAI-LINODE-AP Akamai Connected Cloud, SG)"
mail.sburningk.com,1,"AS47583 (AS-HOSTINGER, CY)"
ff-ip4-mx-vip1.sbcgolbal.com,1,"AS63949 (AKAMAI-LINODE-AP Akamai Connected Cloud, SG)"
mail2.sayfa.info,1,"AS12876 (Online SAS, FR)"
saturdaynightspecial.org,1,"AS151704 (BHARATDC-AS BHARAT DATACENTER, IN)"
zimbra.saurik.com,1,"AS16509 (AMAZON-02, US)"
mail.sbuttone.com,1,"AS47583 (AS-HOSTINGER, CY)"
1-grid-mx04.com,1,"AS36943 (ZA-1-Grid, ZA)"
ff-ip4-mx-vip1.sbccglobal.net,1,"AS63949 (AKAMAI-LINODE-AP Akamai Connected Cloud, SG)"
_dc-mx.e756a6d8f56b.282mail.com,1,
sbobet99id.com,1,"AS149020 (WEBHORIZON-AS-AP WebHorizon Internet Services, SG)"
a033999.mx.mailhop.org,1,"AS16509 (AMAZON-02, US)"
mail.scatinc.com,1,"AS14061 (DIGITALOCEAN-ASN, US)"
mx1.sbcgolbel.net,1,"AS200107 (KL-EXT, CH)"
mail.scabiml.ru,1,"AS12586 (ASGHOSTNET, DE)"
sceenic-com.mail.protection.outlook.com,1,"AS8075 (MICROSOFT-CORP-MSN-AS-BLOCK, US)"
mx10.active24.cz,1,"AS51013 (WEBSUPPORT-SRO-SK-AS, SK)"
ff-ip4-mx-vip1.sccglobal.net,1,"AS63949 (AKAMAI-LINODE-AP Akamai Connected Cloud, SG)"
mxr.scaredment.com,1,"AS14061 (DIGITALOCEAN-ASN, US)"
mail.s1rx3.tobu-wedding.com,1,"AS3462 (HINET Data Communication Business Group, TW)"
mail.s16rx2.tobu-wedding.com,1,"AS3462 (HINET Data Communication Business Group, TW)"
a571684.mx.mailhop.org,1,"AS16509 (AMAZON-02, US)"
scalpnet.ru,1,"AS204957 (GREENFLOID-AS, US)"
mail.schillerizfml.ru,1,"AS12586 (ASGHOSTNET, DE)"
scholarconferences-org.mail.protection.outlook.com,1,"AS8075 (MICROSOFT-CORP-MSN-AS-BLOCK, US)"
mail.schistosomail.ru,1,"AS12586 (ASGHOSTNET, DE)"
schoolsupplynetwork-co-uk.mail.protection.outlook.com,1,"AS8075 (MICROSOFT-CORP-MSN-AS-BLOCK, US)"
scarletstream.com,1,"AS24940 (HETZNER-AS, DE)"
mail.sciencejrq.com,1,"AS47583 (AS-HOSTINGER, CY)"
mailstream.domainsure.com,1,"AS16686 (EDNS, CA)"
mail.scmail.net,1,"AS213230 (HETZNER-CLOUD2-AS, DE)"
mail.abcsolar.com,1,"AS14061 (DIGITALOCEAN-ASN, US)"
mail.schizophrenifkml.ru,1,"AS12586 (ASGHOSTNET, DE)"
mail.scopelimit.com,1,"AS40021 (CONTABO-40021, US)"
g.school.vin,1,"AS401696 (COGNETCLOUD, US)"
mail.schulzanallem.de,1,"AS197540 (NETCUP-AS netcup GmbH, DE)"
scholarshipsusa.net,1,"AS6700 (BEOTEL-AS www.beotel.net, RS)"
mail.sclerodmail.com,1,"AS12586 (ASGHOSTNET, DE)"
_dc-mx.05ca1520e41b.scott-lee-heating.com,1,"AS60781 (LEASEWEB-NL-AMS-01 Netherlands, NL)"
_dc-mx.0c27da88e882.scratchcuisine.com,1,"AS46606 (UNIFIEDLAYER-AS-1, US)"
mail.sclerokeramail.ru,1,"AS12586 (ASGHOSTNET, DE)"
scottses-com.mail.protection.outlook.com,1,"AS8075 (MICROSOFT-CORP-MSN-AS-BLOCK, US)"
mail.scienmail.ru,1,"AS12586 (ASGHOSTNET, DE)"
mail.scrophulariamfri.com,1,"AS12586 (ASGHOSTNET, DE)"
mail.scrutinizfml.com,1,"AS12586 (ASGHOSTNET, DE)"
ff-ip4-mx-vip1.sdbcglobal.net,1,"AS63949 (AKAMAI-LINODE-AP Akamai Connected Cloud, SG)"
mail.sdlat.com,1,"AS14061 (DIGITALOCEAN-ASN, US)"
mail.sdf44.com,1,"AS132203 (TENCENT-NET-AP-CN Tencent Building, Kejizhongyi Avenue, CN)"
mail.schlankefigur24.de,1,"AS197706 (KEMINET A datacenter located in TiranaAlbania. Webhosting, Dedicated Servers, VPS, IPv4IPv6 leasing, AL)"
mx.sdf.org,1,"AS14361 (HOPONE-GLOBAL, US)"
seajaymfg.com,1,"AS16276 (OVH, FR)"
sdfbd.com,1,"AS59210 (PHOENIXNAP-AS-SG1 PhoenixNAP, SG)"
seasideorient.com,1,"AS46505 (NIXIHOST, US)"
mail.seattledec.com,1,"AS47583 (AS-HOSTINGER, CY)"
_dc-mx.6f4f8bf9fb3f.secmail.in,1,"AS46606 (UNIFIEDLAYER-AS-1, US)"
dkim.seatence.com,1,"AS14061 (DIGITALOCEAN-ASN, US)"
mail.sdfsdf.nl,1,"AS24940 (HETZNER-AS, DE)"
mail.sebekmail.com,1,"AS12586 (ASGHOSTNET, DE)"
securatrack-io.mail.protection.outlook.com,1,"AS8075 (MICROSOFT-CORP-MSN-AS-BLOCK, US)"
mail.secadoramail.com,1,"AS12586 (ASGHOSTNET, DE)"
mail.secularmail.com,1,"AS12586 (ASGHOSTNET, DE)"
mail.sectionalifl.com,1,"AS12586 (ASGHOSTNET, DE)"
mail.secundogmail.ru,1,"AS12586 (ASGHOSTNET, DE)"
mx1.secretfashionstore.com,1,"AS200107 (KL-EXT, CH)"
mail.sailawayny.com,1,"AS63410 (PRIVATESYSTEMS, US)"
mail.seculari.ru,1,"AS12586 (ASGHOSTNET, DE)"
mail.sedona-vortex-tours.com,1,"AS46606 (UNIFIEDLAYER-AS-1, US)"
seedfields-art.mail.protection.outlook.com,1,"AS8075 (MICROSOFT-CORP-MSN-AS-BLOCK, US)"
mail.sedimentolofmail.ru,1,"AS12586 (ASGHOSTNET, DE)"
mail.seemsence.com,1,"AS47583 (AS-HOSTINGER, CY)"
mail.securespends.net,1,"AS57724 (DDOS-GUARD, RU)"
mail01.seemail.info,1,"AS36351 (SOFTLAYER, US)"
mail.securespend.app,1,"AS57724 (DDOS-GUARD, RU)"
seedingbot.com,1,"AS63760 (AZDIGI-AS-VN AZDIGI Corporation, VN)"
mail.segregafmk.com,1,"AS12586 (ASGHOSTNET, DE)"
mx.sekiyadohaku.xyz,1,"AS20473 (AS-VULTR, US)"
seedscommerce.com,1,"AS58955 (BANGMODENTERPRISE-TH Bangmod Enterprise Co., Ltd., TH)"
seksik.site,1,"AS12824 (HOMEPL-AS, PL)"
seenotice.tech,1,"AS7684 (SAKURA-A SAKURA Internet Inc., JP)"
seikopoker.com,1,"AS26548 (PUREVOLTAGE-INC, US)"
mail.sehier.fr,1,"AS16276 (OVH, FR)"
mail.salvadomail.com,1,"AS12586 (ASGHOSTNET, DE)"
mail.samauil.com,1,"AS14061 (DIGITALOCEAN-ASN, US)"
sampsonteam-com.mail.protection.outlook.com,1,"AS8075 (MICROSOFT-CORP-MSN-AS-BLOCK, US)"
mail.sec-mail.online,1,"AS197540 (NETCUP-AS netcup GmbH, DE)"
mx6.selectyourinfo.com,1,
mail.selenomail.ru,1,"AS12586 (ASGHOSTNET, DE)"
mail.selenotrmail.ru,1,"AS12586 (ASGHOSTNET, DE)"
seksiaki.pl,1,"AS15967 (NETARTGROUP, PL)"
mail.s16rx4.tobu-wedding.com,1,
mail.selenezero.com,1,"AS14956 (ROUTERHOSTING, US)"
mail.s1rx1.tobu-wedding.com,1,
mail.selltub.me,1,"AS203446 (AS203446, GB)"
sellers-me-uk.mail.protection.outlook.com,1,"AS8075 (MICROSOFT-CORP-MSN-AS-BLOCK, US)"
mail.semeiinf.com,1,"AS12586 (ASGHOSTNET, DE)"
mail.semar.edu.pl,1,"AS16276 (OVH, FR)"
mail.semaphoaemail.com,1,"AS12586 (ASGHOSTNET, DE)"
mail.semioffi.ru,1,"AS12586 (ASGHOSTNET, DE)"
mail.semfmail.ru,1,"AS12586 (ASGHOSTNET, DE)"
mail.semiabstrafml.com,1,"AS12586 (ASGHOSTNET, DE)"
mail.semihistmail.com,1,"AS12586 (ASGHOSTNET, DE)"
mail.semiautomli.com,1,"AS12586 (ASGHOSTNET, DE)"
mail.semidiatessaron.com,1,"AS12586 (ASGHOSTNET, DE)"
mail.semidiaomail.com,1,"AS12586 (ASGHOSTNET, DE)"
mail.semimembraaemail.com,1,"AS12586 (ASGHOSTNET, DE)"
mail.semiopfml.ru,1,"AS12586 (ASGHOSTNET, DE)"
mail.semiprofesfl.com,1,"AS12586 (ASGHOSTNET, DE)"
mail.semipamails.ru,1,"AS12586 (ASGHOSTNET, DE)"
mail.semiaemail.ru,1,"AS12586 (ASGHOSTNET, DE)"
mail.semiautml.ru,1,"AS12586 (ASGHOSTNET, DE)"
mail.semiprofessmail.ru,1,"AS12586 (ASGHOSTNET, DE)"
mail.semihisemail.ru,1,"AS12586 (ASGHOSTNET, DE)"
mail.semiterrmails.ru,1,"AS12586 (ASGHOSTNET, DE)"
mail.semiprofessmails.ru,1,"AS12586 (ASGHOSTNET, DE)"
mail.semivertrsmail.ru,1,"AS12586 (ASGHOSTNET, DE)"
mail.semimememail.ru,1,"AS12586 (ASGHOSTNET, DE)"
mail.senatmail.ru,1,"AS12586 (ASGHOSTNET, DE)"
mail1.freekmail.eu,1,
sendos.fr.nf,1,"AS16276 (OVH, FR)"
mail.senoramail.com,1,"AS12586 (ASGHOSTNET, DE)"
sendos.infos.st,1,"AS16276 (OVH, FR)"
mx10.jdm.pl,1,"AS16276 (OVH, FR)"
mail.seo.linksolltd.com,1,
mail.seodonor.ru,1,"AS21100 (ITLDC-EU, US)"
seo4pymes.com,1,"AS23352 (SERVERCENTRAL, US)"
seoarticlepowa.com,1,"AS200719 (MISSDOMAIN, SE)"
mail.seoforum.com,1,"AS58305 (SYN-US SYN, GB)"
mx.seolondon.co.uk.cust.a.hostedemail.com,1,
mail.seoneo.online,1,"AS24940 (HETZNER-AS, DE)"
mail.seoplans.net.au,1,"AS19871 (NETWORK-SOLUTIONS-HOSTING, US)"
seosavants.com,1,"AS54290 (HOSTWINDS, US)"
mail.s16rx1.tobu-wedding.com,1,"AS3462 (HINET Data Communication Business Group, TW)"
mail.seoserwer.com,1,"AS50599 (Autonomous System for Dataspace P.S.A., PL)"
mail.serenith.cfd,1,"AS203446 (AS203446, GB)"
mail.seolove.fr,1,"AS210403 (LWS, FR)"
mail.septentrinf.com,1,"AS12586 (ASGHOSTNET, DE)"
mx.sergw.com,1,"AS14061 (DIGITALOCEAN-ASN, US)"
mx.sergiowatches.com.cust.b.hostedemail.com,1,"AS32491 (TUCOWS-3, CA)"
mail.seriouslydan.com,1,"AS31898 (ORACLE-BMC-31898, US)"
mail.seriesmail.com,1,"AS12586 (ASGHOSTNET, DE)"
mail.seorj.cn,1,"AS25820 (IT7NET, CA)"
mail.serimails.ru,1,"AS12586 (ASGHOSTNET, DE)"
mail.ppppmail.com,1,"AS24940 (HETZNER-AS, DE)"
mail.sequipment.ru,1,"AS210079 (EUROBYTE, RU)"
mx1.series-online.info,1,"AS200107 (KL-EXT, CH)"
mail.serodiemail.ru,1,"AS12586 (ASGHOSTNET, DE)"
mail.seroent.ru,1,"AS12586 (ASGHOSTNET, DE)"
mail.seroentmail.ru,1,"AS12586 (ASGHOSTNET, DE)"
mail1003.conoha.ne.jp,1,"AS58791 (GMOOSK-NET GMO Internet Group, Inc., JP)"
mail.serpentumail.com,1,"AS12586 (ASGHOSTNET, DE)"
mail.serpenteomail.ru,1,"AS12586 (ASGHOSTNET, DE)"
sdj.fr.nf,1,"AS16276 (OVH, FR)"
servermail.cfd,1,"AS16276 (OVH, FR)"
mail.practiils.ru,1,"AS12586 (ASGHOSTNET, DE)"
metamail.skroutz.gr,1,"AS202042 (SKROUTZ-, GR)"
fsmg3.ppz-trzemeszno.com.pl,1,"AS5617 (TPNET, PL)"
mail.praetomalis.com,1,"AS12586 (ASGHOSTNET, DE)"
postmasterunu.pranceville.com,1,"AS14061 (DIGITALOCEAN-ASN, US)"
router.prairieconnectco.com,1,"AS14061 (DIGITALOCEAN-ASN, US)"
xroute.prasenor.com,1,"AS14061 (DIGITALOCEAN-ASN, US)"
servismerkezi.info,1,"AS42846 (GUZELHOSTING GNET INTERNET TELEKOMUNIKASYON A.S., TR)"
mail.s16rx3.tobu-wedding.com,1,
mail.servr.org,1,"AS24940 (HETZNER-AS, DE)"
mail.praxersmail.ru,1,"AS12586 (ASGHOSTNET, DE)"
mail.lh.pl,1,"AS203417 (LH, PL)"
prasannasafetynets.com,1,"AS394695 (PUBLIC-DOMAIN-REGISTRY, US)"
mail.sesquiaemail.ru,1,"AS12586 (ASGHOSTNET, DE)"
mail.sesquipemail.ru,1,"AS12586 (ASGHOSTNET, DE)"
mx4.zenbox.pl,1,"AS31229 (PL-BEYOND-AS, PL)"
mail.sesquipemails.ru,1,"AS12586 (ASGHOSTNET, DE)"
mail.seumnmail.com,1,"AS132203 (TENCENT-NET-AP-CN Tencent Building, Kejizhongyi Avenue, CN)"
mail.seven6s.com,1,"AS47583 (AS-HOSTINGER, CY)"
mail.precemail.com,1,"AS12586 (ASGHOSTNET, DE)"
mail.seven7mail.com,1,"AS12586 (ASGHOSTNET, DE)"
mail.predestmail.com,1,"AS12586 (ASGHOSTNET, DE)"
mail.seslikalbimsin.com,1,"AS210574 (POYRAZ, TR)"
mail.predesemail.ru,1,"AS12586 (ASGHOSTNET, DE)"
mail.predesimail.ru,1,"AS12586 (ASGHOSTNET, DE)"
mail.predestinat.ru,1,"AS12586 (ASGHOSTNET, DE)"
mail.predamail.com,1,"AS12586 (ASGHOSTNET, DE)"
sex-500anhem.net,1,"AS14061 (DIGITALOCEAN-ASN, US)"
prediksitogeljp.com,1,"AS22612 (NAMECHEAP-NET, US)"
mail.predesigmail.ru,1,"AS12586 (ASGHOSTNET, DE)"
mail.predetermimail.ru,1,"AS12586 (ASGHOSTNET, DE)"
_dc-mx.86e2cb013f70.premierinbox.com,1,"AS18450 (WEBNX, US)"
send-email.org,1,"AS14061 (DIGITALOCEAN-ASN, US)"
preklady-polstina.cz,1,"AS209341 (WHG-FRA, GB)"
mail.sexamail.ru,1,"AS12586 (ASGHOSTNET, DE)"
primary.us.email.fireeyecloud.com,1,"AS16509 (AMAZON-02, US)"
mx.sex.si,1,"AS51167 (CONTABO, DE)"
mail.premillemail.com,1,"AS12586 (ASGHOSTNET, DE)"
mail.sexakt.org,1,"AS8075 (MICROSOFT-CORP-MSN-AS-BLOCK, US)"
mail.sexymusclegirls.net,1,"AS14061 (DIGITALOCEAN-ASN, US)"
mail.premillenf.ru,1,"AS12586 (ASGHOSTNET, DE)"
mail.premthings.shop,1,"AS16276 (OVH, FR)"
w00f9157.kasserver.com,1,"AS34788 (NMM-AS D - 02742 Friedersdorf Hauptstrasse 68, DE)"
mail.sexualml.ru,1,"AS12586 (ASGHOSTNET, DE)"
sferrabros-com.mail.protection.outlook.com,1,"AS8075 (MICROSOFT-CORP-MSN-AS-BLOCK, US)"
mail.sfdi.site,1,"AS55293 (A2HOSTING, US)"
mail.preparml.ru,1,"AS12586 (ASGHOSTNET, DE)"
mail.preperiteomail.ru,1,"AS12586 (ASGHOSTNET, DE)"
mail.sfgpros.com,1,"AS27446 (AS-ERCBB, US)"
seo-specialists.lv,1,"AS199558 (MEDPA-AS, LV)"
mx1.sfdgdmail.com,1,"AS200107 (KL-EXT, CH)"
mail.prenotifimail.ru,1,"AS12586 (ASGHOSTNET, DE)"
sfutilities-com.mail.protection.outlook.com,1,"AS8075 (MICROSOFT-CORP-MSN-AS-BLOCK, US)"
mail.presentamail.ru,1,"AS12586 (ASGHOSTNET, DE)"
server3.sgate.net,1,"AS16276 (OVH, FR)"
mail.sfirstmail.com,1,"AS12586 (ASGHOSTNET, DE)"
premiumku.com,1,"AS15169 (GOOGLE, US)"
mail.prenotifmail.ru,1,"AS12586 (ASGHOSTNET, DE)"
mail.seebergs.com,1,
sfy-com.mail.protection.outlook.com,1,"AS8075 (MICROSOFT-CORP-MSN-AS-BLOCK, US)"
mail1.prestoncannabisclub.co.uk,1,"AS30633 (LEASEWEB-USA-WDC, US)"
_dc-mx.00690da88d2b.sgm.ovh,1,"AS24940 (HETZNER-AS, DE)"
sera-com.mail.protection.outlook.com,1,"AS8075 (MICROSOFT-CORP-MSN-AS-BLOCK, US)"
mail.separmail.com,1,"AS12586 (ASGHOSTNET, DE)"
mail.presynapt.com,1,"AS12586 (ASGHOSTNET, DE)"
sft-fr.mail.protection.outlook.com,1,"AS8075 (MICROSOFT-CORP-MSN-AS-BLOCK, US)"
mx.syd120.com,1,"AS8075 (MICROSOFT-CORP-MSN-AS-BLOCK, US)"
mail.serbia.edu.rs,1,"AS42846 (GUZELHOSTING GNET INTERNET TELEKOMUNIKASYON A.S., TR)"
mail.septicfml.com,1,"AS12586 (ASGHOSTNET, DE)"
mail.shadowcraft.online,1,"AS16276 (OVH, FR)"
mx1.agenturserver.de,1,"AS15817 (MITTWALD-AS Mittwald CM Service GmbH und Co. KG, DE)"
west-mail2.preventth.com,1,"AS14061 (DIGITALOCEAN-ASN, US)"
mail.preternaturamail.ru,1,"AS12586 (ASGHOSTNET, DE)"
mail.prestidigimail.ru,1,"AS12586 (ASGHOSTNET, DE)"
mail.primaemi.com,1,"AS12586 (ASGHOSTNET, DE)"
mail.shagni.com,1,"AS14061 (DIGITALOCEAN-ASN, US)"
_dc-mx.715f3b3cab54.shakarianlawgroup.com,1,"AS51167 (CONTABO, DE)"
mx6.priligyprime.com,1,
_dc-mx.adeecff591dd.primemailhub.com,1,"AS18450 (WEBNX, US)"
mail.primalary.ru,1,"AS12586 (ASGHOSTNET, DE)"
mx.priffe.com,1,"AS31034 (ARUBA-ASN, IT)"
smtp0.primemail.vn.ua,1,"AS20473 (AS-VULTR, US)"
mail.shakespmails.ru,1,"AS12586 (ASGHOSTNET, DE)"
mail.shadowpost.store,1,"AS51167 (CONTABO, DE)"
mail.princeroyal.net,1,"AS46606 (UNIFIEDLAYER-AS-1, US)"
mail.prime.gold.edu.pl,1,"AS16276 (OVH, FR)"
mail.princeance.com,1,"AS47583 (AS-HOSTINGER, CY)"
mail.serramontenissan.com,1,"AS46606 (UNIFIEDLAYER-AS-1, US)"
mail.shaole.me,1,"AS16276 (OVH, FR)"
mail.selagimail.ru,1,
mail.primormail.com,1,"AS12586 (ASGHOSTNET, DE)"
prioritycarpetcleaning-net.mail.protection.outlook.com,1,"AS8075 (MICROSOFT-CORP-MSN-AS-BLOCK, US)"
mail.ppnet.ru,1,"AS210079 (EUROBYTE, RU)"
mx1018.onamae.ne.jp,1,"AS58791 (GMOOSK-NET GMO Internet Group, Inc., JP)"
mx.antispams.com,1,"AS16276 (OVH, FR)"
mail.shares.tel,1,"AS29182 (RU-JSCIOT, RU)"
shats.com,1,"AS19122 (ESTRUXTURE-ON-19122, CA)"
mx.private-investigator-fortlauderdale.com,1,"AS29873 (BIZLAND-SD, US)"
mail.prival.io,1,"AS47172 (GREENHOST, NL)"
mx1.priorityxn5.com,1,"AS200107 (KL-EXT, CH)"
mail.shayzam.net,1,"AS47583 (AS-HOSTINGER, CY)"
shchiba.uk,1,"AS7506 (INTERQ GMO Internet Group, Inc., JP)"
_dc-mx.5caee4130143.privatenumbermovie.com,1,"AS14061 (DIGITALOCEAN-ASN, US)"
cloud.mmail.com.tr,1,"AS24961 (MYLOC-AS IP Backbone of WIIT AG formerly myLoc managed IT AG, DE)"
smtp1.privaterelay.appleid.com,1,"AS714 (APPLE-ENGINEERING, US)"
zweb.prisonity.com,1,"AS14061 (DIGITALOCEAN-ASN, US)"
imap.reusable.email,1,"AS16276 (OVH, FR)"
shw-central.mx.a.cloudfilter.net,1,"AS16509 (AMAZON-02, US)"
mail.prime-models.ru,1,"AS8342 (RTCOMM-AS, RU)"
sendmail.privateemail.uz.ua,1,"AS20473 (AS-VULTR, US)"
_dc-mx.96820f99d37b.priyoemail.site,1,"AS24940 (HETZNER-AS, DE)"
_dc-mx.6eb2bc6305ee.priyomail.in,1,"AS24940 (HETZNER-AS, DE)"
mail.privacymail.top,1,"AS16276 (OVH, FR)"
sharonapple.com,1,"AS131965 (XSERVER Xserver Inc., JP)"
_dc-mx.270d99c823d7.priyomail.nl,1,"AS24940 (HETZNER-AS, DE)"
mail.prixfixeny.com,1,"AS31898 (ORACLE-BMC-31898, US)"
_dc-mx.ec2a6491d734.priyp.com,1,"AS24940 (HETZNER-AS, DE)"
w017bceb.kasserver.com,1,"AS34788 (NMM-AS D - 02742 Friedersdorf Hauptstrasse 68, DE)"
_dc-mx.b1ee54206fe9.priyo-mail.com,1,"AS24940 (HETZNER-AS, DE)"
mail.sheinup.com,1,"AS14061 (DIGITALOCEAN-ASN, US)"
mail.sharpland.ru,1,"AS21100 (ITLDC-EU, US)"
_dc-mx.d54fa3528265.priyo.ovh,1,"AS24940 (HETZNER-AS, DE)"
mail.sheelmail.com,1,"AS12586 (ASGHOSTNET, DE)"
mail.shapsugskaya.ru,1,"AS29182 (RU-JSCIOT, RU)"
mail.serviceme79.com,1,"AS132203 (TENCENT-NET-AP-CN Tencent Building, Kejizhongyi Avenue, CN)"
mail.probiv.xyz,1,"AS39798 (MIVOCLOUD, MD)"
_dc-mx.f556b561fec1.priyomail.top,1,"AS24940 (HETZNER-AS, DE)"
mail.processzhq.com,1,"AS47583 (AS-HOSTINGER, CY)"
mail.shieldedpost.net,1,"AS212772 (ADGUARD, CY)"
mail.prntsscr.com,1,"AS42868 (NIOBEBILISIMHIZMETLERI, TR)"
mail.procatalemail.ru,1,"AS12586 (ASGHOSTNET, DE)"
mail.probationumail.com,1,"AS12586 (ASGHOSTNET, DE)"
mail.proctosig.com,1,"AS12586 (ASGHOSTNET, DE)"
mail.shibalabs.live,1,"AS11260 (EASTLINK-HSI, CA)"
mail.processifmk.com,1,"AS12586 (ASGHOSTNET, DE)"
proemail.work.gd,1,"AS57568 (TR_ARVANCLOUD, AE)"
mail.prize4d.net,1,"AS212238 (CDNEXT, GB)"
profesjonalne-pozycjonowanie.com,1,"AS12824 (HOMEPL-AS, PL)"
mta.proeful.com,1,"AS14061 (DIGITALOCEAN-ASN, US)"
mail.procuratomail.com,1,"AS12586 (ASGHOSTNET, DE)"
mail.shiningstarmail.com,1,"AS12586 (ASGHOSTNET, DE)"
proemail.publicvm.com,1,
mail.professionalisgmail.ru,1,"AS12586 (ASGHOSTNET, DE)"
mail.professionfml.com,1,"AS12586 (ASGHOSTNET, DE)"
_dc-mx.416fb10c6343.profissaomaquiadora.com,1,"AS46606 (UNIFIEDLAYER-AS-1, US)"
ce2021091710001.dnssw.net,1,"AS41541 (SWHO-AS swhosting.com, ES)"
smtp.shitmail.me,1,"AS20473 (AS-VULTR, US)"
ff-ip4-mx-vip1.progigy.net,1,"AS26666 (INTERSERVER-LAX, US)"
progem.pl,1,"AS12824 (HOMEPL-AS, PL)"
mx.progiftstore.org,1,"AS14061 (DIGITALOCEAN-ASN, US)"
mail.prohade.com,1,"AS14061 (DIGITALOCEAN-ASN, US)"
mail.professionml.ru,1,"AS12586 (ASGHOSTNET, DE)"
mail.project1.alikando.su,1,"AS212477 (ROYALE-AS, NL)"
e.shockong.com,1,"AS14061 (DIGITALOCEAN-ASN, US)"
project-2501.com,1,"AS11427 (TWC-11427-TEXAS, US)"
25e9498a758d4b930b45132a7e1d17.pamx1.hotmail.com,1,"AS8075 (MICROSOFT-CORP-MSN-AS-BLOCK, US)"
projectearth.earth,1,"AS63949 (AKAMAI-LINODE-AP Akamai Connected Cloud, SG)"
projekty.com,1,"AS12824 (HOMEPL-AS, PL)"
mx1.shoeonlineblog.com,1,"AS200107 (KL-EXT, CH)"
mail.prokuratura-rb.ru,1,"AS204601 (PODAON, NL)"
mailone.promail.co.in,1,"AS47172 (GREENHOST, NL)"
_dc-mx.49b32c9197bb.promailexchange.com,1,"AS18450 (WEBNX, US)"
projectcrankwalk.com,1,"AS29802 (HVC-AS, US)"
_dc-mx.d23188725793.promails.work,1,"AS18450 (WEBNX, US)"
mail.shootingstarrealty.com,1,"AS55293 (A2HOSTING, US)"
projectsgrid-com.mail.protection.outlook.com,1,"AS8075 (MICROSOFT-CORP-MSN-AS-BLOCK, US)"
mail.prognostimail.ru,1,"AS12586 (ASGHOSTNET, DE)"
a928894.mx.mailhop.org,1,"AS16509 (AMAZON-02, US)"
a767673.mx.mailhop.org,1,"AS16509 (AMAZON-02, US)"
mail.proletarianizaml.com,1,"AS12586 (ASGHOSTNET, DE)"
mail.proletarmail.com,1,"AS12586 (ASGHOSTNET, DE)"
progetti.rs,1,"AS31042 (SERBIA-BROADBAND-AS Serbia BroadBand-Srpske Kablovske mreze d.o.o., RS)"
mail.proletarianizaumail.com,1,"AS12586 (ASGHOSTNET, DE)"
mail.galapp.net,1,"AS50728 (GALACTICA-AS, PL)"
mail.claimsite.net,1,"AS16509 (AMAZON-02, US)"
mail.promist-sa.com,1,"AS63949 (AKAMAI-LINODE-AP Akamai Connected Cloud, SG)"
mail.promptly700.com,1,"AS47583 (AS-HOSTINGER, CY)"
promotime-com.mail.protection.outlook.com,1,"AS8075 (MICROSOFT-CORP-MSN-AS-BLOCK, US)"
mail.promyvia.cfd,1,"AS203446 (AS203446, GB)"
mail1.rox.net,1,"AS8823 (AUTONOMOUSSYSTEMROCKENSTEINAG, DE)"
prontobet-com.mail.protection.outlook.com,1,"AS8075 (MICROSOFT-CORP-MSN-AS-BLOCK, US)"
mail.shopnotech.com,1,"AS153528 (ESL-AS-AP ExtentIT Solution Limited, BD)"
mail.promotamails.ru,1,"AS12586 (ASGHOSTNET, DE)"
shoppingcabinets-com.mail.protection.outlook.com,1,"AS8075 (MICROSOFT-CORP-MSN-AS-BLOCK, US)"
level3mx.proncapel.com,1,"AS14061 (DIGITALOCEAN-ASN, US)"
mail.progps.rs,1,"AS24940 (HETZNER-AS, DE)"
fast3x.shoppung.com,1,"AS14061 (DIGITALOCEAN-ASN, US)"
my.mailbux.com,1,"AS24940 (HETZNER-AS, DE)"
mx1.shopnflravenjerseys.com,1,"AS200107 (KL-EXT, CH)"
mail.promtmt.ru,1,"AS50340 (SELECTEL-MSK, RU)"
mail.propionmail.com,1,"AS12586 (ASGHOSTNET, DE)"
mail.propaganmail.com,1,"AS12586 (ASGHOSTNET, DE)"
proslowo.home.pl,1,"AS12824 (HOMEPL-AS, PL)"
mail.prosperformula.com,1,"AS19969 (JOESDATACENTER, US)"
mail.prophylacfmail.ru,1,"AS12586 (ASGHOSTNET, DE)"
mail.shouldpjr.com,1,"AS47583 (AS-HOSTINGER, CY)"
mail.propiomail.com,1,"AS12586 (ASGHOSTNET, DE)"
propagandimail.com,1,"AS9123 (TIMEWEB-AS, RU)"
mail.prohost24.ru,1,"AS29182 (RU-JSCIOT, RU)"
mail.promotmail.ru,1,"AS12586 (ASGHOSTNET, DE)"
mail.propagamails.ru,1,"AS12586 (ASGHOSTNET, DE)"
mail.proselytiumail.com,1,"AS12586 (ASGHOSTNET, DE)"
mail.promenadahotel.pl,1,"AS29522 (CF-KRK, PL)"
propeciabuyonlinenm.com,1,"AS131965 (XSERVER Xserver Inc., JP)"
mail.proselytimail.ru,1,"AS12586 (ASGHOSTNET, DE)"
mail.propifmail.ru,1,"AS12586 (ASGHOSTNET, DE)"
mail.shrib.com,1,"AS21069 (ASN-METANET Routingpeering issues: noc@metanet.ch, CH)"
mail.protestore.co,1,"AS47583 (AS-HOSTINGER, CY)"
mail.protectsmail.com,1,"AS212772 (ADGUARD, CY)"
mail.propionalmail.ru,1,"AS12586 (ASGHOSTNET, DE)"
mail.prostitutki-pskov.xyz,1,"AS57043 (HOSTKEY-AS, NL)"
mail.prosisemail.com,1,"AS12586 (ASGHOSTNET, DE)"
mail.shuptle.biz,1,"AS14061 (DIGITALOCEAN-ASN, US)"
mx-in.showeller.com,1,"AS16276 (OVH, FR)"
mail.prothonotarruby.ru,1,"AS12586 (ASGHOSTNET, DE)"
proto2mail.com,1,"AS47583 (AS-HOSTINGER, CY)"
mail.protectsmail.net,1,"AS212772 (ADGUARD, CY)"
mail.prostitutki-saransk.xyz,1,"AS57043 (HOSTKEY-AS, NL)"
mail.prostatovesmail.com,1,"AS12586 (ASGHOSTNET, DE)"
protodigitalservices-co-uk.mail.protection.outlook.com,1,"AS8075 (MICROSOFT-CORP-MSN-AS-BLOCK, US)"
mail.propitimails.ru,1,"AS12586 (ASGHOSTNET, DE)"
pmg1.poczta-2.pl,1,"AS8323 (CYFRONET-AS2 Metropolitan Area Network Autonomous System, PL)"
protecemail.com,1,"AS9123 (TIMEWEB-AS, RU)"
mail.prosoponemail.ru,1,"AS12586 (ASGHOSTNET, DE)"
mx6.protrendcolorshop.com,1,
mx-asp.shuelder.com,1,"AS14061 (DIGITALOCEAN-ASN, US)"
mx.proveity.com,1,"AS14061 (DIGITALOCEAN-ASN, US)"
shotmail.ru,1,"AS9002 (RETN-AS, GB)"
mail.shutupandbet.com,1,"AS19871 (NETWORK-SOLUTIONS-HOSTING, US)"
mx2.dreamhost.com,1,"AS26347 (DREAMHOST-AS, US)"
mail.proxylust.com,1,"AS33387 (NOCIX, US)"
mx1.shut.ws,1,"AS200107 (KL-EXT, CH)"
mail.provermail.ru,1,"AS12586 (ASGHOSTNET, DE)"
mail.generator.email,1,"AS30886 (KOMITEX-AS, UA)"
mx1.shutenk-shop.com,1,"AS200107 (KL-EXT, CH)"
mail.proste-przetargi.pl,1,"AS16276 (OVH, FR)"
mail.prout.be,1,"AS12392 (ASVOO VOO S.A., BE)"
mail.prostreaming.com,1,"AS8560 (IONOS-AS This is the joint network for IONOS, Fasthosts, Arsys, 1&1 Mail and Media and 1&1 Telecom. Formerly known as 1&1 Internet SE., DE)"
mail.sicmg.com,1,"AS14061 (DIGITALOCEAN-ASN, US)"
mail.proyectoser.org,1,"AS17378 (AS17378, US)"
proudexec.com,1,"AS24940 (HETZNER-AS, DE)"
mx1.prydirect.info,1,"AS14618 (AMAZON-AES, US)"
prpa-org.mail.protection.outlook.com,1,"AS8075 (MICROSOFT-CORP-MSN-AS-BLOCK, US)"
mail.sidler.us,1,"AS46606 (UNIFIEDLAYER-AS-1, US)"
sidement.com,1,"AS47583 (AS-HOSTINGER, CY)"
mail.provincialimail.ru,1,"AS12586 (ASGHOSTNET, DE)"
mail.progonrumarket.ru,1,"AS210079 (EUROBYTE, RU)"
mail.ps5-store.ru,1,"AS35278 (SPRINTHOST, RU)"
sidebyside.co.uk,1,"AS21499 (GODADDY-SXB, DE)"
mail.prtlinuxemail.com,1,"AS9009 (M247, RO)"
mail.signalance.com,1,"AS47583 (AS-HOSTINGER, CY)"
sigismail.com,1,"AS19318 (IS-AS-1, US)"
signaturerealtynj-com.mail.protection.outlook.com,1,"AS8075 (MICROSOFT-CORP-MSN-AS-BLOCK, US)"
mail.pseudonamail.ru,1,"AS12586 (ASGHOSTNET, DE)"
mx1.cogentco.com,1,"AS174 (COGENT-174, US)"
mail.pseudointel.com,1,"AS12586 (ASGHOSTNET, DE)"
mail.sigmoidsemail.com,1,"AS12586 (ASGHOSTNET, DE)"
www546.your-server.de,1,"AS24940 (HETZNER-AS, DE)"
sify-com.mail.protection.outlook.com,1,"AS8075 (MICROSOFT-CORP-MSN-AS-BLOCK, US)"
mail.pseudaposmail.ru,1,"AS12586 (ASGHOSTNET, DE)"
mail.pseudohallucimail.ru,1,"AS12586 (ASGHOSTNET, DE)"
mail.pseudoparemail.ru,1,"AS12586 (ASGHOSTNET, DE)"
ec2-34-220-151-213.us-west-2.compute.amazonaws.com,1,"AS16509 (AMAZON-02, US)"
sickseo.co.uk,1,"AS34931 (AWARESOFT, GB)"
mail.psychmalu.ru,1,"AS12586 (ASGHOSTNET, DE)"
mail.signifimails.ru,1,"AS12586 (ASGHOSTNET, DE)"
mail.cloudformers.pl,1,"AS12831 (TASK-AS, PL)"
sija.pl,1,"AS24940 (HETZNER-AS, DE)"
mail.sigaul.com,1,"AS55688 (BEON-AS-ID PT. Beon Intermedia, ID)"
silaaccounting-com.mail.protection.outlook.com,1,"AS8075 (MICROSOFT-CORP-MSN-AS-BLOCK, US)"
mail.psychoamails.ru,1,"AS12586 (ASGHOSTNET, DE)"
mail.sillylf.com,1,"AS47583 (AS-HOSTINGER, CY)"
mail.psychogmails.ru,1,"AS12586 (ASGHOSTNET, DE)"
mail.psychophysiomail.com,1,"AS12586 (ASGHOSTNET, DE)"
mail.silvaron.cfd,1,"AS203446 (AS203446, GB)"
mail.psychopathomail.ru,1,"AS12586 (ASGHOSTNET, DE)"
pteddyxo.com,1,"AS47583 (AS-HOSTINGER, CY)"
mail.psychosexuaml.com,1,"AS12586 (ASGHOSTNET, DE)"
mail.psychoprophsalo.ru,1,"AS12586 (ASGHOSTNET, DE)"
mail.psychotheomail.ru,1,"AS12586 (ASGHOSTNET, DE)"
mail.psychoanamail.ru,1,"AS12586 (ASGHOSTNET, DE)"
mail.silicoflagmail.com,1,"AS12586 (ASGHOSTNET, DE)"
ptsconnect-com0i.mail.protection.outlook.com,1,"AS8075 (MICROSOFT-CORP-MSN-AS-BLOCK, US)"
mail.psychopanmails.ru,1,"AS12586 (ASGHOSTNET, DE)"
smtp.ptncereio.com,1,"AS14061 (DIGITALOCEAN-ASN, US)"
pubb-site.mail.protection.outlook.com,1,"AS8075 (MICROSOFT-CORP-MSN-AS-BLOCK, US)"
mail.psyans.ru,1,"AS49505 (SELECTEL, RU)"
mail.pubgmcentral.xyz,1,"AS45102 (ALIBABA-CN-NET Alibaba US Technology Co., Ltd., CN)"
mail.pub-mail.com,1,"AS212317 (HETZNER-CLOUD3-AS, DE)"
mail.ptilonorhemail.ru,1,"AS12586 (ASGHOSTNET, DE)"
simmanllc-com.mail.protection.outlook.com,1,"AS8075 (MICROSOFT-CORP-MSN-AS-BLOCK, US)"
mail.psychiatragabinet.pl,1,"AS15967 (NETARTGROUP, PL)"
mx1.simple-mail-server.bid,1,"AS200107 (KL-EXT, CH)"
mail.pt.extra-breast.info,1,"AS41079 (CF-GDA, PL)"
publy.site,1,"AS40676 (AS40676, US)"
mail.pubococcfml.com,1,"AS12586 (ASGHOSTNET, DE)"
mail.pukoni.com,1,"AS24940 (HETZNER-AS, DE)"
mail.singaporeg.sg,1,"AS3758 (SINGNET SingNet, SG)"
simplyshop24.com,1,"AS14618 (AMAZON-AES, US)"
mail.pulawski.biz,1,"AS22611 (INMOTION, US)"
mail.puedemail.com,1,"AS12586 (ASGHOSTNET, DE)"
mail.singledaddydaycare.blog,1,"AS204601 (PODAON, NL)"
mail.puercomail.com,1,"AS12586 (ASGHOSTNET, DE)"
mail.pulwarm.net,1,"AS47583 (AS-HOSTINGER, CY)"
a483290.mx.mailhop.org,1,"AS16509 (AMAZON-02, US)"
mail.pulsedlife.com,1,"AS8001 (COLOGIX, US)"
mail.sinemail.info,1,"AS8075 (MICROSOFT-CORP-MSN-AS-BLOCK, US)"
sindu.org,1,"AS58487 (CRI-AS-AP CV. Rumahweb Indonesia, ID)"
mx.pulseofthestreets.com.cust.b.hostedemail.com,1,"AS32491 (TUCOWS-3, CA)"
mail.sinistromail.ru,1,"AS12586 (ASGHOSTNET, DE)"
simplyina.com,1,"AS22612 (NAMECHEAP-NET, US)"
bak002.sinrasu.com,1,"AS14061 (DIGITALOCEAN-ASN, US)"
mail.moratelindo.net,1,"AS131111 (CEPATNET-AS-ID PT Mora Telematika Indonesia, ID)"
sirtime.com,1,"AS19871 (NETWORK-SOLUTIONS-HOSTING, US)"
mail.siphonobrinf.com,1,"AS12586 (ASGHOSTNET, DE)"
mailcow-iqbn0-u38293.vm.elestio.app,1,"AS24940 (HETZNER-AS, DE)"
mail.purchasamail.ru,1,"AS12586 (ASGHOSTNET, DE)"
mail.siphonobranli.com,1,"AS12586 (ASGHOSTNET, DE)"
siphonobrmail.com,1,"AS9123 (TIMEWEB-AS, RU)"
purecoffeebeanmax.com,1,"AS14555 (LIQUIDNETLTD1, US)"
mail.sisterselement.com,1,"AS151858 (INTERDIGI-VN INTERDIGI JOINT STOCK COMPANY, VN)"
mail.siphonobremail.ru,1,"AS12586 (ASGHOSTNET, DE)"
mx1.pp.ua.uadns.com,1,"AS24940 (HETZNER-AS, DE)"
webmail.sisood.com,1,"AS16276 (OVH, FR)"
mail.siphonosrsmail.ru,1,"AS12586 (ASGHOSTNET, DE)"
s4411.lon1.stableserver.net,1,"AS51713 (WHG-LON, GB)"
mail.purgatgmail.ru,1,"AS12586 (ASGHOSTNET, DE)"
puritygas-com.mail.protection.outlook.com,1,"AS8075 (MICROSOFT-CORP-MSN-AS-BLOCK, US)"
mail1.puppetmail.de,1,"AS24940 (HETZNER-AS, DE)"
mxr.pperspe.com,1,"AS14061 (DIGITALOCEAN-ASN, US)"
mail.purchasmail.ru,1,"AS12586 (ASGHOSTNET, DE)"
a998568.mx.mailhop.org,1,"AS16509 (AMAZON-02, US)"
hegvka0direct10.purmuttad.com,1,"AS14061 (DIGITALOCEAN-ASN, US)"
mail.purittomail.com,1,"AS12586 (ASGHOSTNET, DE)"
mx1.ppetw.com,1,"AS200107 (KL-EXT, CH)"
mx003.bluehost.xion.oxcs.net,1,"AS16276 (OVH, FR)"
mail.put2.net,1,"AS24940 (HETZNER-AS, DE)"
mail.pusillanimomail.com,1,"AS12586 (ASGHOSTNET, DE)"
mail.sixze.com,1,"AS14061 (DIGITALOCEAN-ASN, US)"
mail.pusillanmails.ru,1,"AS12586 (ASGHOSTNET, DE)"
pwpwa.com,1,"AS7506 (INTERQ GMO Internet Group, Inc., JP)"
mx1.pvtnetflix.com,1,"AS200107 (KL-EXT, CH)"
pop.sk2.biz,1,"AS401696 (COGNETCLOUD, US)"
mx1.pwodskdf.net,1,"AS200107 (KL-EXT, CH)"
skeletoncoastnationalpark.com,1,"AS36454 (WHG-DAL, GB)"
skachat-888poker.ru,1,"AS204601 (PODAON, NL)"
mail.sitdown.info,1,"AS37153 (xneelo, ZA)"
mail.pyrosenex.cfd,1,"AS203446 (AS203446, GB)"
mail.pylorogasmail.com,1,"AS40021 (CONTABO-40021, US)"
mx.pyroleech.com,1,"AS14061 (DIGITALOCEAN-ASN, US)"
mail.pylephlefkml.ru,1,"AS12586 (ASGHOSTNET, DE)"
mail.skincareit.com,1,"AS22612 (NAMECHEAP-NET, US)"
mail.pylorostmale.com,1,"AS12586 (ASGHOSTNET, DE)"
mx1.skibidipa.com,1,"AS200107 (KL-EXT, CH)"
mail.pyrogemail.ru,1,"AS12586 (ASGHOSTNET, DE)"
mail.skandiasport.com,1,"AS210878 (TREADSTONE-AS, RO)"
mail.pyrheliarsmail.ru,1,"AS12586 (ASGHOSTNET, DE)"
skola.edu.pl,1,"AS47583 (AS-HOSTINGER, CY)"
mail.pyramfmals.com,1,"AS12586 (ASGHOSTNET, DE)"
mail.pythagomail.ru,1,"AS12586 (ASGHOSTNET, DE)"
mail.pyrhelimail.com,1,"AS12586 (ASGHOSTNET, DE)"
skoozipasta-com.mail.protection.outlook.com,1,"AS8075 (MICROSOFT-CORP-MSN-AS-BLOCK, US)"
mail.skillful.top,1,"AS16276 (OVH, FR)"
mail.pusat.biz.id,1,"AS63949 (AKAMAI-LINODE-AP Akamai Connected Cloud, SG)"
mail.q8cbwendy.com,1,"AS47583 (AS-HOSTINGER, CY)"
mail.pyroanml.ru,1,"AS12586 (ASGHOSTNET, DE)"
mail.qacmemphis.com,1,"AS47583 (AS-HOSTINGER, CY)"
skycustomhomes-com.mail.protection.outlook.com,1,"AS8075 (MICROSOFT-CORP-MSN-AS-BLOCK, US)"
mail.qarea.com,1,"AS49981 (WORLDSTREAM, NL)"
poczta.pystyportfel.pl,1,"AS31242 (TKPSA-AS, PL)"
email.skylinescity.com,1,"AS36352 (AS-COLOCROSSING, US)"
skylinesco-com.mail.protection.outlook.com,1,"AS8075 (MICROSOFT-CORP-MSN-AS-BLOCK, US)"
mail.skylinkdistribution.com,1,"AS14061 (DIGITALOCEAN-ASN, US)"
mail.skyworldtech.com,1,
skynet.infos.st,1,"AS16276 (OVH, FR)"
mxrouter.qaoloty.com,1,"AS14061 (DIGITALOCEAN-ASN, US)"
mail.skyhighdreem.com,1,"AS12586 (ASGHOSTNET, DE)"
mail.qblockingd.com,1,"AS47583 (AS-HOSTINGER, CY)"
mail.qc.to,1,"AS46844 (SHARKTECH, US)"
qbesar.net,1,"AS394380 (LEASEWEB-USA-DAL, US)"
mail.qcmails.ca,1,"AS51167 (CONTABO, DE)"
a628249.mx.mailhop.org,1,"AS16509 (AMAZON-02, US)"
qdproceedsp.com,1,"AS47583 (AS-HOSTINGER, CY)"
mail.qeispacesq.com,1,"AS47583 (AS-HOSTINGER, CY)"
mail.qedwardr.com,1,"AS47583 (AS-HOSTINGER, CY)"
sleepary-com.mail.protection.outlook.com,1,"AS8075 (MICROSOFT-CORP-MSN-AS-BLOCK, US)"
mail.slamemail.com,1,"AS12586 (ASGHOSTNET, DE)"
slfence-com.mail.protection.outlook.com,1,"AS8075 (MICROSOFT-CORP-MSN-AS-BLOCK, US)"
mx.glb.proximus.be,1,"AS5432 (PROXIMUS-ISP-AS, BE)"
mail.slgdaily.xyz,1,"AS45102 (ALIBABA-CN-NET Alibaba US Technology Co., Ltd., CN)"
mail.slicediceandspiceny.com,1,"AS63949 (AKAMAI-LINODE-AP Akamai Connected Cloud, SG)"
mail.qfhometown.com,1,"AS47583 (AS-HOSTINGER, CY)"
racksov9.qeurtor.com,1,"AS14061 (DIGITALOCEAN-ASN, US)"
mail.sleapmail.com,1,"AS12586 (ASGHOSTNET, DE)"
sldmwa-mail.sldmwa.org,1,"AS7018 (ATT-INTERNET4, US)"
mail.qfrwilliam.com,1,"AS47583 (AS-HOSTINGER, CY)"
mail.qhstreetr.com,1,"AS47583 (AS-HOSTINGER, CY)"
mail.qis.net,1,"AS7055 (QIS, US)"
smtp1.level27.eu,1,"AS59943 (LEVEL27-AS, BE)"
mx1.slapmail.top,1,"AS200107 (KL-EXT, CH)"
smtp-gateway.ski.net.id,1,"AS59281 (SKINET-AS-ID PT Sumber Koneksi Indonesia, ID)"
unbanq-com.mail.protection.outlook.com,1,
mail.ssjohnpaulburl.org,1,
mail.unbox.edu.pl,1,"AS214481 (WCZAPKOWICZ-AS as214481as-wczapkowicz Chunkserve Backbone Transit, PL)"
mail.stab-gen.ru,1,"AS62082 (HOSTLAND, RU)"
mail.stacjonarnyinternet.pl,1,"AS63949 (AKAMAI-LINODE-AP Akamai Connected Cloud, SG)"
mail.unbelievamy.com,1,"AS12586 (ASGHOSTNET, DE)"
mail.unappropmail.ru,1,"AS12586 (ASGHOSTNET, DE)"
mail.uncharacterismail.com,1,"AS12586 (ASGHOSTNET, DE)"
mail.unauthentmails.ru,1,"AS12586 (ASGHOSTNET, DE)"
mail.unapologeic.com,1,"AS12586 (ASGHOSTNET, DE)"
mail.unanticmails.ru,1,"AS12586 (ASGHOSTNET, DE)"
mail.uncertifimail.ru,1,"AS12586 (ASGHOSTNET, DE)"
mail.unartimails.ru,1,"AS12586 (ASGHOSTNET, DE)"
mail.unauthenmail.ru,1,"AS12586 (ASGHOSTNET, DE)"
mx.ssgegypt.net,1,"AS29873 (BIZLAND-SD, US)"
ssinvestimentos.com,1,"AS47583 (AS-HOSTINGER, CY)"
mail.stafflazarus.com,1,"AS51167 (CONTABO, DE)"
mail.unarticfmk.com,1,"AS12586 (ASGHOSTNET, DE)"
mail.unattainabfml.ru,1,"AS12586 (ASGHOSTNET, DE)"
mail.unappetiufml.ru,1,"AS12586 (ASGHOSTNET, DE)"
mail.unartifimail.ru,1,"AS12586 (ASGHOSTNET, DE)"
mail.unapprfmail.ru,1,"AS12586 (ASGHOSTNET, DE)"
mail.unassailabmyu.ru,1,"AS12586 (ASGHOSTNET, DE)"
mail.unassailabmail.ru,1,"AS12586 (ASGHOSTNET, DE)"
mail.unapemail.ru,1,"AS12586 (ASGHOSTNET, DE)"
ssfaa-com.mail.protection.outlook.com,1,"AS8075 (MICROSOFT-CORP-MSN-AS-BLOCK, US)"
sstechsystem-com.mail.protection.outlook.com,1,"AS8075 (MICROSOFT-CORP-MSN-AS-BLOCK, US)"
mail.uncamphomil.ru,1,"AS12586 (ASGHOSTNET, DE)"
mail.unapolmity.ru,1,"AS12586 (ASGHOSTNET, DE)"
mail.standasmail.com,1,"AS12586 (ASGHOSTNET, DE)"
mail.unapprectomail.com,1,"AS12586 (ASGHOSTNET, DE)"
mail.staphyloemail.ru,1,"AS12586 (ASGHOSTNET, DE)"
mail.staphylomalu.ru,1,"AS12586 (ASGHOSTNET, DE)"
mx.starikmail.in,1,"AS14061 (DIGITALOCEAN-ASN, US)"
mail.ssoid.in.net,1,"AS51167 (CONTABO, DE)"
mail.statistitomail.com,1,"AS12586 (ASGHOSTNET, DE)"
mail.stempmail.com,1,"AS47583 (AS-HOSTINGER, CY)"
steam-area.ru,1,"AS9123 (TIMEWEB-AS, RU)"
mail.starlit-seas.net,1,"AS6364 (ATLANTIC-NET-1, US)"
mail.stereoraudp.com,1,"AS12586 (ASGHOSTNET, DE)"
mail.stenopersmail.ru,1,"AS12586 (ASGHOSTNET, DE)"
mail.stereologiruby.ru,1,"AS12586 (ASGHOSTNET, DE)"
mail.stereomail.ru,1,"AS12586 (ASGHOSTNET, DE)"
mail.stereopmail.com,1,"AS12586 (ASGHOSTNET, DE)"
mail.stereotypmy.com,1,"AS12586 (ASGHOSTNET, DE)"
mail.stereophotomail.com,1,"AS12586 (ASGHOSTNET, DE)"
mail.stereogrmail.ru,1,"AS12586 (ASGHOSTNET, DE)"
mail.stereotypoemail.ru,1,"AS12586 (ASGHOSTNET, DE)"
_dc-mx.e6e59500c0fe.stevenorbye.com,1,"AS20857 (TRANSIP-AS Amsterdam, the Netherlands, NL)"
sterminshotel-co-uk.mail.protection.outlook.com,1,"AS8075 (MICROSOFT-CORP-MSN-AS-BLOCK, US)"
sthaniyasarkar.com,1,"AS204800 (WHG-SGP, GB)"
mail.stereotrmail.ru,1,"AS12586 (ASGHOSTNET, DE)"
mail.starzip.link,1,
mail.sterefml.com,1,"AS12586 (ASGHOSTNET, DE)"
steninmail.com,1,"AS9123 (TIMEWEB-AS, RU)"
mail.stereograpaemail.com,1,"AS12586 (ASGHOSTNET, DE)"
mail.steveix.com,1,"AS14061 (DIGITALOCEAN-ASN, US)"
mail.stereophotoli.com,1,"AS12586 (ASGHOSTNET, DE)"
mail.stat.org.pl,1,"AS198921 (UNIXSTORM-AS, PL)"
mail.sternocleidommail.com,1,"AS12586 (ASGHOSTNET, DE)"
mail.steklosila.ru,1,"AS12695 (DINET-AS, RU)"
mail.stewamail.com,1,"AS12586 (ASGHOSTNET, DE)"
stitools.net,1,
stgeorgefire-com.mail.protection.outlook.com,1,"AS8075 (MICROSOFT-CORP-MSN-AS-BLOCK, US)"
mx1.stkwiwatch.com,1,"AS8245 (VIDEOBROADCAST-AS, AT)"
malibuzz.stockmount.info,1,"AS51167 (CONTABO, DE)"
stmail.site,1,"AS151858 (INTERDIGI-VN INTERDIGI JOINT STOCK COMPANY, VN)"
stopharlownorth-com.mail.protection.outlook.com,1,
mail.stomach4m.com,1,"AS47583 (AS-HOSTINGER, CY)"
mail.stomatolomail.ru,1,"AS12586 (ASGHOSTNET, DE)"
mail.stomatoml.ru,1,"AS12586 (ASGHOSTNET, DE)"
malibuzz.storm-gain.net,1,
mail.stomatom.com,1,"AS12586 (ASGHOSTNET, DE)"
storestand.net,1,"AS20068 (HAWKHOST, CA)"
mail.stpattys5k.com,1,"AS31898 (ORACLE-BMC-31898, US)"
mail.stravico.cfd,1,"AS203446 (AS203446, GB)"
mail.strategycritique.xyz,1,"AS45102 (ALIBABA-CN-NET Alibaba US Technology Co., Ltd., CN)"
mail.strategyinsights.xyz,1,"AS45102 (ALIBABA-CN-NET Alibaba US Technology Co., Ltd., CN)"
_dc-mx.661d79190d8e.stread.tech,1,"AS133800 (IDNIC-BIZNETGIO-AS-ID PT Biznet Gio Nusantara, ID)"
mail.stread.shop,1,"AS133800 (IDNIC-BIZNETGIO-AS-ID PT Biznet Gio Nusantara, ID)"
mail.stiffberry.ru,1,"AS21100 (ITLDC-EU, US)"
mx1.hc834-32.eu.iphmx.com,1,"AS30238 (AS-IRONP-VEGA, US)"
mxa-0019e702.gslb.pphosted.com,1,"AS26211 (PROOFPOINT-ASN-US-WEST, US)"
strayapps-com01c.mail.protection.outlook.com,1,"AS8075 (MICROSOFT-CORP-MSN-AS-BLOCK, US)"
mail.streetwormail.com,1,"AS12586 (ASGHOSTNET, DE)"
mail.stresspc.com,1,"AS47583 (AS-HOSTINGER, CY)"
mx.stroitel-ru.com,1,"AS14061 (DIGITALOCEAN-ASN, US)"
mail.strivingman.com,1,"AS46606 (UNIFIEDLAYER-AS-1, US)"
mail.storos.ru,1,"AS25446 (ERTH-CLOUD-AS, RU)"
mail.stronggirl.de,1,"AS24940 (HETZNER-AS, DE)"
alinto.cleanmail.net,1,"AS6730 (SUNRISE, CH)"
mail.structurfml.com,1,"AS12586 (ASGHOSTNET, DE)"
studytantra.com,1,"AS22611 (INMOTION, US)"
mail.strona1.pl,1,"AS47544 (IQPL-AS, PL)"
mail.stroydom54.ru,1,"AS29182 (RU-JSCIOT, RU)"
malibuzz.sturgeonpointchurch.com,1,"AS51167 (CONTABO, DE)"
mail0001.stuffmail.de,1,"AS24940 (HETZNER-AS, DE)"
studyhub.edu.pl,1,"AS47583 (AS-HOSTINGER, CY)"
mail3.nestlemart.com,1,"AS45102 (ALIBABA-CN-NET Alibaba US Technology Co., Ltd., CN)"
mail.stonedmail.online,1,"AS132203 (TENCENT-NET-AP-CN Tencent Building, Kejizhongyi Avenue, CN)"
stungun.ru,1,"AS16010 (MAGTICOMAS Magticom, GE)"
stuttgarter.org,1,
mail.stylomemail.ru,1,"AS12586 (ASGHOSTNET, DE)"
mail.studiodesain.me,1,"AS15685 (CASABLANCA-AS Internet & Collocation Provider, CZ)"
mail.stylmail.ru,1,"AS12586 (ASGHOSTNET, DE)"
mail.stylomax.ru,1,"AS12586 (ASGHOSTNET, DE)"
mail.subfactoumail.com,1,"AS12586 (ASGHOSTNET, DE)"
mail.subindicoml.ru,1,"AS12586 (ASGHOSTNET, DE)"
mail.subaponemail.com,1,"AS12586 (ASGHOSTNET, DE)"
mail.subeqmalu.ru,1,"AS12586 (ASGHOSTNET, DE)"
mail.subintegu.ru,1,"AS12586 (ASGHOSTNET, DE)"
submitprofit-com.mail.protection.outlook.com,1,"AS8075 (MICROSOFT-CORP-MSN-AS-BLOCK, US)"
mail.subjectfmail.ru,1,"AS12586 (ASGHOSTNET, DE)"
mail.subaponemails.ru,1,"AS12586 (ASGHOSTNET, DE)"
stwiphone.com,1,"AS54290 (HOSTWINDS, US)"
mail.sublimifmail.com,1,"AS12586 (ASGHOSTNET, DE)"
mail.subdeacofmail.ru,1,"AS12586 (ASGHOSTNET, DE)"
mail.stylomalu.ru,1,"AS12586 (ASGHOSTNET, DE)"
mail.studwork.su,1,"AS47995 (AT-AS, RU)"
mail.sublamail.com,1,"AS12586 (ASGHOSTNET, DE)"
mail.subendocmails.ru,1,"AS12586 (ASGHOSTNET, DE)"
mail.subindimail.ru,1,"AS12586 (ASGHOSTNET, DE)"
mail.subprofessfml.com,1,"AS12586 (ASGHOSTNET, DE)"
mail.subspecialsemail.ru,1,"AS12586 (ASGHOSTNET, DE)"
mail.subsimail.ru,1,"AS12586 (ASGHOSTNET, DE)"
mail.substantifmail.ru,1,"AS12586 (ASGHOSTNET, DE)"
succeedabw.com,1,"AS47583 (AS-HOSTINGER, CY)"
mx.suchance.com,1,"AS14061 (DIGITALOCEAN-ASN, US)"
mail.subterrrsmail.ru,1,"AS12586 (ASGHOSTNET, DE)"
mail.subventsemail.com,1,"AS12586 (ASGHOSTNET, DE)"
mail.sudarin.online,1,"AS51167 (CONTABO, DE)"
mail.subintemalu.ru,1,"AS12586 (ASGHOSTNET, DE)"
mail.substantfml.ru,1,"AS12586 (ASGHOSTNET, DE)"
mx1.subpastore.co,1,"AS200107 (KL-EXT, CH)"
mail.sudarin.com,1,"AS51167 (CONTABO, DE)"
mail.sud.in,1,"AS33387 (NOCIX, US)"
mail.subtartemail.ru,1,"AS12586 (ASGHOSTNET, DE)"
mx1.successlocation.work,1,"AS200107 (KL-EXT, CH)"
mail.sudarin.info,1,"AS51167 (CONTABO, DE)"
sudoorsandesh.com,1,"AS29802 (HVC-AS, US)"
mxhost.suftwari.com,1,"AS14061 (DIGITALOCEAN-ASN, US)"
mail.suggest.carolinensielrestaurants.click,1,"AS51167 (CONTABO, DE)"
_dc-mx.e897b7d1f242.sukipremium.tech,1,"AS214882 (ARENHOST Steven Gusti Hutama, ID)"
suburqq.net,1,"AS22612 (NAMECHEAP-NET, US)"
_dc-mx.697952021b3b.sullivanplastic.com,1,"AS51167 (CONTABO, DE)"
mail.sulfadimmali.ru,1,"AS12586 (ASGHOSTNET, DE)"
mail.sulphantiils.ru,1,"AS12586 (ASGHOSTNET, DE)"
mail.sulphantimolml.ru,1,"AS12586 (ASGHOSTNET, DE)"
mail.sulphantimmals.ru,1,"AS12586 (ASGHOSTNET, DE)"
mail.sukses.club,1,"AS14061 (DIGITALOCEAN-ASN, US)"
sullygames.com,1,"AS23352 (SERVERCENTRAL, US)"
uws8-wpm-5000.cafe24.com,1,"AS4766 (KIXS-AS-KR Korea Telecom, KR)"
summerlinmedia.net,1,"AS14061 (DIGITALOCEAN-ASN, US)"
mail.sulphantiomail.com,1,"AS12586 (ASGHOSTNET, DE)"
mail.summercool.ae,1,"AS51167 (CONTABO, DE)"
summitoftruth-com.mail.protection.outlook.com,1,"AS8075 (MICROSOFT-CORP-MSN-AS-BLOCK, US)"
summitrestaurantandbar.com,1,"AS14061 (DIGITALOCEAN-ASN, US)"
mail.sunclubcasino.com,1,"AS19148 (LEASEWEB-USA-PHX, US)"
mail.sundsmail.com,1,"AS12586 (ASGHOSTNET, DE)"
mail.sunnydaymail.com,1,"AS12586 (ASGHOSTNET, DE)"
mx1.sundriesday.com,1,"AS200107 (KL-EXT, CH)"
sumurborjogjakarta.com,1,"AS131775 (IDNIC-JALANET-AS-ID PT. Jupiter Jala Arta, ID)"
mail.supenc.com,1,"AS14061 (DIGITALOCEAN-ASN, US)"
mail.supemail.ru,1,"AS12586 (ASGHOSTNET, DE)"
mail.superarsmail.ru,1,"AS12586 (ASGHOSTNET, DE)"
mail.supercrsemail.com,1,"AS12586 (ASGHOSTNET, DE)"
mail.superexemail.ru,1,"AS12586 (ASGHOSTNET, DE)"
mail.superelmail.ru,1,"AS12586 (ASGHOSTNET, DE)"
mail.student.neonet.ac.nz,1,"AS16276 (OVH, FR)"
ssi-bsn.infos.st,1,"AS16276 (OVH, FR)"
mail.starpostbox.com,1,"AS16276 (OVH, FR)"
mail.student.semar.edu.pl,1,"AS16276 (OVH, FR)"
custom.mailum.com,1,"AS16276 (OVH, FR)"
mail.stronywww-na-plus.com.pl,1,"AS16276 (OVH, FR)"
storrent.net,1,"AS16276 (OVH, FR)"
mail.startymedia.com,1,"AS16276 (OVH, FR)"
mail.students.academic.edu.rs,1,"AS16276 (OVH, FR)"
mail.student.gold.edu.pl,1,"AS16276 (OVH, FR)"
stronawww.eu,1,"AS16276 (OVH, FR)"
mail.start-up.observer,1,"AS16276 (OVH, FR)"
mail.supercolumnfl.com,1,"AS12586 (ASGHOSTNET, DE)"
mail.starr9.com,1,"AS14061 (DIGITALOCEAN-ASN, US)"
_dc-mx.05cf29754cff.startupschwag.com,1,"AS14061 (DIGITALOCEAN-ASN, US)"
stavki-prognozi-bonusi.ru,1,"AS33724 (BIZNESSHOSTING-DBA-VOLICO, US)"
mx.stardiesel.info,1,"AS13182 (ASN-ADHOC-NETWORK Rimini, Italy, IT)"
mx.stardiesel.biz,1,"AS13182 (ASN-ADHOC-NETWORK Rimini, Italy, IT)"
mx.stardiesel.org,1,"AS13182 (ASN-ADHOC-NETWORK Rimini, Italy, IT)"
_dc-mx.855906d43a56.superhostformula.com,1,"AS51167 (CONTABO, DE)"
unbelievable.co.uk,1,"AS201682 (LIQUID-WEB-BV, US)"
mail.superfecrsmail.ru,1,"AS12586 (ASGHOSTNET, DE)"
mail.supererogamail.com,1,"AS12586 (ASGHOSTNET, DE)"
statdvr-com.mail.protection.outlook.com,1,"AS8075 (MICROSOFT-CORP-MSN-AS-BLOCK, US)"
mail.supergovertomail.com,1,"AS12586 (ASGHOSTNET, DE)"
mail.supererf.ru,1,"AS12586 (ASGHOSTNET, DE)"
mail.superfolmail.ru,1,"AS12586 (ASGHOSTNET, DE)"
mail.supermmw.online,1,"AS24940 (HETZNER-AS, DE)"
mail.supereremail.ru,1,"AS12586 (ASGHOSTNET, DE)"
mail.supererml.ru,1,"AS12586 (ASGHOSTNET, DE)"
mail.superparml.ru,1,"AS12586 (ASGHOSTNET, DE)"
mail.superocomail.com,1,"AS12586 (ASGHOSTNET, DE)"
mail.supersenmail.com,1,"AS12586 (ASGHOSTNET, DE)"
mail.supernmalis.com,1,"AS12586 (ASGHOSTNET, DE)"
mail.superterrmails.ru,1,"AS12586 (ASGHOSTNET, DE)"
mail.steatornmail.ru,1,"AS12586 (ASGHOSTNET, DE)"
mail.superintendefml.ru,1,"AS12586 (ASGHOSTNET, DE)"
mail.supernadmalu.ru,1,"AS12586 (ASGHOSTNET, DE)"
mail.supernainf.com,1,"AS12586 (ASGHOSTNET, DE)"
mail.supernatumail.ru,1,"AS12586 (ASGHOSTNET, DE)"
mail.supernamalu.ru,1,"AS12586 (ASGHOSTNET, DE)"
mail.supersclmail.com,1,"AS12586 (ASGHOSTNET, DE)"
support-com.mail.protection.outlook.com,1,"AS8075 (MICROSOFT-CORP-MSN-AS-BLOCK, US)"
mail.supersaturmail.ru,1,"AS12586 (ASGHOSTNET, DE)"
mail.supersml.ru,1,"AS12586 (ASGHOSTNET, DE)"
mail.superterrml.ru,1,"AS12586 (ASGHOSTNET, DE)"
mail.superintenruby.ru,1,"AS12586 (ASGHOSTNET, DE)"
mail-pod-29.int.zendesk.com,1,"AS16509 (AMAZON-02, US)"
supplycomm-com-au.mail.protection.outlook.com,1,"AS8075 (MICROSOFT-CORP-MSN-AS-BLOCK, US)"
mail.surfeu.se,1,"AS24940 (HETZNER-AS, DE)"
mx1.suomi24.heinlein-hosting.de,1,"AS199118 (HPLS-AS, DE)"
mail.supranatpt.ru,1,"AS12586 (ASGHOSTNET, DE)"
mx-ha.skymail.net.br,1,"AS265262 (Skymail Servicos de Computacao e Provimento de Inf, BR)"
mail.supraventrmail.ru,1,"AS12586 (ASGHOSTNET, DE)"
surveyrnonkey-net.mail.protection.outlook.com,1,
mail.supportfmail.com,1,"AS12586 (ASGHOSTNET, DE)"
mail.supramolemfri.com,1,"AS12586 (ASGHOSTNET, DE)"
mail.sustaingoods.com,1,"AS9891 (CSLOX-IDC-AS-AP CS LOXINFO Public Company Limited., TH)"
mx.yaanimail.com,1,"AS34984 (TELLCOM-AS, TR)"
mx2.superpsychics.org,1,"AS200107 (KL-EXT, CH)"
mx.surmail.com,1,"AS4134 (CHINANET-BACKBONE No.31,Jin-rong Street, CN)"
p.suvvs.com,1,"AS401696 (COGNETCLOUD, US)"
mail.support.51tiemo.com,1,"AS51167 (CONTABO, DE)"
mail.sustentafmail.ru,1,"AS12586 (ASGHOSTNET, DE)"
suryaelectricals.com,1,"AS20068 (HAWKHOST, CA)"
suzy-email.mail.protection.outlook.com,1,"AS8075 (MICROSOFT-CORP-MSN-AS-BLOCK, US)"
mail.suppoint.ru,1,"AS210079 (EUROBYTE, RU)"
malibuzz.swagmami.com,1,"AS51167 (CONTABO, DE)"
mail.surucukursukadikoy.com,1,"AS51557 (TR-ISIMTESCIL-20201202, TR)"
sutterhealth-org.mail.protection.outlook.com,1,"AS8075 (MICROSOFT-CORP-MSN-AS-BLOCK, US)"
swagflavor.com,1,"AS63949 (AKAMAI-LINODE-AP Akamai Connected Cloud, SG)"
sgrmgw5.swatchgroup.com,1,"AS3303 (SWISSCOM Swisscom Switzerland Ltd, CH)"
mail.sviodd.com,1,"AS24940 (HETZNER-AS, DE)"
5f450921631ccd41bbed097a97ac13.pamx1.hotmail.com,1,"AS8075 (MICROSOFT-CORP-MSN-AS-BLOCK, US)"
east-mail.sweatpopi.com,1,"AS14061 (DIGITALOCEAN-ASN, US)"
mx2.sute.jp,1,"AS7684 (SAKURA-A SAKURA Internet Inc., JP)"
swanintl-com01b.mail.protection.outlook.com,1,"AS8075 (MICROSOFT-CORP-MSN-AS-BLOCK, US)"
mail.sweemri.com,1,"AS14061 (DIGITALOCEAN-ASN, US)"
mx.sweetvibes-bakery.com.cust.b.hostedemail.com,1,"AS32491 (TUCOWS-3, CA)"
swedbay.org,1,"AS3842 (RAMNODE, US)"
swipeeat.com,1,"AS7393 (CYBERCON, US)"
mail.swudutchyy.com,1,"AS47583 (AS-HOSTINGER, CY)"
mail.swiatlemmalowane.pl,1,"AS41079 (CF-GDA, PL)"
mail.stroemka.ru,1,"AS20655 (E-STYLEISP-AS, RU)"
smtp.sybilmail.de,1,"AS14061 (DIGITALOCEAN-ASN, US)"
mail.symbolab.ai,1,"AS24940 (HETZNER-AS, DE)"
mail.sybaaemail.ru,1,"AS12586 (ASGHOSTNET, DE)"
mail.synapsehq.cfd,1,"AS24940 (HETZNER-AS, DE)"
mail.synovaris.cfd,1,"AS203446 (AS203446, GB)"
mx1.netsolmail.net,1,"AS19871 (NETWORK-SOLUTIONS-HOSTING, US)"
mail.sydamail.com,1,"AS12586 (ASGHOSTNET, DE)"
mx.sympatico.ca,1,"AS577 (BACOM, CA)"
mail.syllabicaml.com,1,"AS12586 (ASGHOSTNET, DE)"
gatewaymx.swva.net,1,"AS16942 (CITIZENS, US)"
_dc-mx.27bd541940e1.syndicatemortgages.com,1,"AS16509 (AMAZON-02, US)"
synami-com.mail.protection.outlook.com,1,"AS8075 (MICROSOFT-CORP-MSN-AS-BLOCK, US)"
mail.symmetrsmail.ru,1,"AS12586 (ASGHOSTNET, DE)"
mail.symphyseotomy.ru,1,"AS12586 (ASGHOSTNET, DE)"
mail.swiftlist.io,1,"AS31898 (ORACLE-BMC-31898, US)"
mail.syllabificomail.com,1,"AS12586 (ASGHOSTNET, DE)"
mail.synarca.com,1,"AS14061 (DIGITALOCEAN-ASN, US)"
mail.syncax.com,1,"AS14061 (DIGITALOCEAN-ASN, US)"
mail.symmetricalml.com,1,"AS12586 (ASGHOSTNET, DE)"
mail2.no-ip.com,1,"AS32181 (ASN-GIGENET, US)"
mail.syllafmail.ru,1,"AS12586 (ASGHOSTNET, DE)"
mxhostjjgaxa.syslinknet.com,1,"AS14061 (DIGITALOCEAN-ASN, US)"
mail.symbolicfmk.com,1,"AS12586 (ASGHOSTNET, DE)"
systel-us.mail.protection.outlook.com,1,"AS8075 (MICROSOFT-CORP-MSN-AS-BLOCK, US)"
system4northflorida-net01i.mail.protection.outlook.com,1,"AS8075 (MICROSOFT-CORP-MSN-AS-BLOCK, US)"
system4sjv-net.mail.protection.outlook.com,1,"AS8075 (MICROSOFT-CORP-MSN-AS-BLOCK, US)"
mail.symptomatruby.ru,1,"AS12586 (ASGHOSTNET, DE)"
mail.sympathemail.ru,1,"AS12586 (ASGHOSTNET, DE)"
sytolmail.com,1,"AS9123 (TIMEWEB-AS, RU)"
mail.symphysmail.ru,1,"AS12586 (ASGHOSTNET, DE)"
t24e4p7.com,1,"AS47583 (AS-HOSTINGER, CY)"
mail.t3t97d1d.com,1,"AS47583 (AS-HOSTINGER, CY)"
_dc-mx.13074b11bed4.t-email.org,1,"AS47583 (AS-HOSTINGER, CY)"
mail.t-m.pw,1,"AS12586 (ASGHOSTNET, DE)"
mail.t-mail.asia,1,"AS16276 (OVH, FR)"
mail.t-d-ural.ru,1,"AS29648 (COMLINE-AS, RU)"
mail.subarfmail.com,1,"AS12586 (ASGHOSTNET, DE)"
mail.syfilis.ru,1,"AS29182 (RU-JSCIOT, RU)"
mail2.t-b-k.ru,1,"AS16262 (DATACHEAP-LLC-AS, RU)"
mail.tacaaml.ru,1,"AS12586 (ASGHOSTNET, DE)"
smtp.tacomail.de,1,"AS14061 (DIGITALOCEAN-ASN, US)"
taaltoon.nl,1,"AS20857 (TRANSIP-AS Amsterdam, the Netherlands, NL)"
mail.tempemails.xyz,1,"AS24940 (HETZNER-AS, DE)"
mail.tacoblastmail.com,1,"AS12586 (ASGHOSTNET, DE)"
mail.tachyphyfmail.com,1,"AS12586 (ASGHOSTNET, DE)"
tagmymedia.com,1,"AS51713 (WHG-LON, GB)"
tahuisi.buzz,1,"AS47583 (AS-HOSTINGER, CY)"
mtag.tachnuqia.com,1,"AS14061 (DIGITALOCEAN-ASN, US)"
mx.kerjamail.co,1,"AS136052 (IDNIC-IDCLOUDHOST-AS-ID PT Cloud Hosting Indonesia, ID)"
mail.tacemails.com,1,"AS12586 (ASGHOSTNET, DE)"
t.119fk.com,1,"AS132203 (TENCENT-NET-AP-CN Tencent Building, Kejizhongyi Avenue, CN)"
tagara.infos.st,1,"AS16276 (OVH, FR)"
mail.tabernarsmail.ru,1,"AS12586 (ASGHOSTNET, DE)"
_dc-mx.347f1b56eebb.taichungpools.com,1,"AS22612 (NAMECHEAP-NET, US)"
rte01.tabletship.com,1,"AS14061 (DIGITALOCEAN-ASN, US)"
tailfinsports-com.mail.protection.outlook.com,1,"AS8075 (MICROSOFT-CORP-MSN-AS-BLOCK, US)"
mx.t-online.hu,1,"AS5483 (MAGYAR-TELEKOM-MAIN-AS Magyar Telekom Nyrt., HU)"
mail.taimb.com,1,"AS14061 (DIGITALOCEAN-ASN, US)"
mail.taiwanlegacy.com,1,"AS55293 (A2HOSTING, US)"
mail.takeitsocial.com,1,"AS394695 (PUBLIC-DOMAIN-REGISTRY, US)"
mail.talismana.ru,1,"AS13335 (CLOUDFLARENET, US)"
mail.talenmail.com,1,"AS12586 (ASGHOSTNET, DE)"
talkiebuddy.com,1,"AS32475 (SINGLEHOP-LLC, US)"
mail.glinxy.org,1,"AS24940 (HETZNER-AS, DE)"
mail.talonamails.ru,1,"AS12586 (ASGHOSTNET, DE)"
mail.tafoi.gr,1,"AS16276 (OVH, FR)"
mail.tanamail.com,1,"AS24940 (HETZNER-AS, DE)"
tandemgleitschirmflug-de.mail.protection.outlook.com,1,"AS8075 (MICROSOFT-CORP-MSN-AS-BLOCK, US)"
tampabaycoalition.com,1,"AS133752 (LEASEWEB-APAC-HKG-10 LEASEWEB HONG KONG LIMITED, HK)"
mail.unylix.com,1,"AS24940 (HETZNER-AS, DE)"
tampaflcomputerrepair.com,1,"AS33182 (DIMENOC, US)"
depro7.fcomet.com,1,"AS63949 (AKAMAI-LINODE-AP Akamai Connected Cloud, SG)"
taphoa.shop,1,"AS59253 (LEASEWEB-APAC-SIN-11 LEASEWEB SINGAPORE PTE. LTD., SG)"
mx001.tt.xion.oxcs.net,1,"AS16276 (OVH, FR)"
mail.tapinmalis.com,1,"AS12586 (ASGHOSTNET, DE)"
talmo.online,1,"AS24940 (HETZNER-AS, DE)"
mail0001.tariffenet.it,1,"AS24940 (HETZNER-AS, DE)"
mail.taskscbo.com,1,"AS47583 (AS-HOSTINGER, CY)"
mail.tartoor.com,1,"AS47583 (AS-HOSTINGER, CY)"
mail.tarosorge.com,1,"AS12586 (ASGHOSTNET, DE)"
bak002.tasteofriver.com,1,"AS14061 (DIGITALOCEAN-ASN, US)"
taurusbet.org,1,"AS262287 (Latitude.sh LTDA, BR)"
mail.taugr.com,1,"AS14061 (DIGITALOCEAN-ASN, US)"
mail.tautomermail.ru,1,"AS12586 (ASGHOSTNET, DE)"
tatsu.uk,1,"AS7506 (INTERQ GMO Internet Group, Inc., JP)"
mail.tatilbonus.com,1,"AS51557 (TR-ISIMTESCIL-20201202, TR)"
mail.tbuildersw.com,1,"AS47583 (AS-HOSTINGER, CY)"
taupoker.org,1,"AS394380 (LEASEWEB-USA-DAL, US)"
mail.tchatrencontrenc.com,1,"AS22653 (GLOBALCOMPASS, US)"
prefix2.tcc.on.ca,1,"AS395173 (AS-TCCL-18, CA)"
mail.tchatsenegal.com,1,"AS22653 (GLOBALCOMPASS, US)"
mail.tde-ga.com,1,"AS55293 (A2HOSTING, US)"
mail.visbella.store,1,"AS31898 (ORACLE-BMC-31898, US)"
mx2.supremebox.com,1,"AS14555 (LIQUIDNETLTD1, US)"
mail.tdconcreteandconstruction.com,1,"AS55293 (A2HOSTING, US)"
tdict-nl0e.mail.protection.outlook.com,1,"AS8075 (MICROSOFT-CORP-MSN-AS-BLOCK, US)"
mail.tdnlawgroup.com,1,"AS46606 (UNIFIEDLAYER-AS-1, US)"
mail.tdtpowersteel.com.ph,1,"AS9299 (IPG-AS-AP Philippine Long Distance Telephone Company, PH)"
mail.tdubmn.com,1,"AS8739 (ICDSOFT, BG)"
tdsgroup.in,1,"AS46606 (UNIFIEDLAYER-AS-1, US)"
tdisystems.co.uk,1,"AS32475 (SINGLEHOP-LLC, US)"
mail.tdisystems.ca,1,"AS40476 (SCALAHOSTING, US)"
mail.tda-sgft.com,1,"AS8560 (IONOS-AS This is the joint network for IONOS, Fasthosts, Arsys, 1&1 Mail and Media and 1&1 Telecom. Formerly known as 1&1 Internet SE., DE)"
mail.tdd520.com,1,"AS132203 (TENCENT-NET-AP-CN Tencent Building, Kejizhongyi Avenue, CN)"
mail.teacher.semar.edu.pl,1,"AS16276 (OVH, FR)"
mail.tdrrecords.net,1,"AS8739 (ICDSOFT, BG)"
tdibi-com0i.mail.protection.outlook.com,1,"AS8075 (MICROSOFT-CORP-MSN-AS-BLOCK, US)"
mail.tdk-eng.pl,1,"AS29522 (CF-KRK, PL)"
mail.tdvideo.com.br,1,"AS31898 (ORACLE-BMC-31898, US)"
webmail.tdt.it,1,"AS56320 (VIKING-AS, IT)"
tdwcloseouts-com.mail.protection.outlook.com,1,"AS8075 (MICROSOFT-CORP-MSN-AS-BLOCK, US)"
gws-03.tdm.de,1,"AS12312 (ECOTEL, DE)"
mail.tdlawfirm.com,1,"AS31083 (TELEPOINT, BG)"
team-mailsac-com.mail.protection.outlook.com,1,"AS8075 (MICROSOFT-CORP-MSN-AS-BLOCK, US)"
mail.tdstechng.com,1,"AS46606 (UNIFIEDLAYER-AS-1, US)"
tdstech-com.mail.protection.outlook.com,1,"AS8075 (MICROSOFT-CORP-MSN-AS-BLOCK, US)"
teaelcreative-com.mail.protection.outlook.com,1,"AS8075 (MICROSOFT-CORP-MSN-AS-BLOCK, US)"
mail.tdcb.com.tw,1,"AS3462 (HINET Data Communication Business Group, TW)"
mail.tdcsltd.co.uk,1,"AS31898 (ORACLE-BMC-31898, US)"
mail.td-dravlje.si,1,"AS43128 (DHH-AS, SI)"
mail.tdf-ecotech.by,1,"AS6697 (BELPAK-AS BELPAK, BY)"
mail.tdrez.ru,1,"AS35278 (SPRINTHOST, RU)"
techgroup-me.mail.protection.outlook.com,1,"AS8075 (MICROSOFT-CORP-MSN-AS-BLOCK, US)"
mail.tdfc.de,1,"AS42730 (EVANZOAS, DE)"
mail.td-line.de,1,"AS42730 (EVANZOAS, DE)"
mail.td-engineering.pl,1,"AS41079 (CF-GDA, PL)"
mail.tdkd.org.tr,1,"AS56643 (UZAKNET, TR)"
mail.tdhnarath.com,1,"AS9891 (CSLOX-IDC-AS-AP CS LOXINFO Public Company Limited., TH)"
mail.tdkit.ru,1,"AS47655 (LINKINTEL, RU)"
techdf-com.mail.protection.outlook.com,1,"AS8075 (MICROSOFT-CORP-MSN-AS-BLOCK, US)"
mail.tdera.ru,1,"AS60913 (UR-AS, RU)"
mail.techromo.com,1,"AS18779 (EGIHOSTING, US)"
td-pilstanj.si.mcp.controlpanel.si,1,"AS43128 (DHH-AS, SI)"
106422138.pamx1.hotmail.com,1,"AS8075 (MICROSOFT-CORP-MSN-AS-BLOCK, US)"
tdrelectronics.co.uk,1,"AS34282 (UKNOC-AS, GB)"
mail.tdvmedia.es,1,"AS196713 (ABANSYS_AND_HOSTYTEC-AS C. Charles Robert Darwin, 11, ES)"
mail.tdf-online.de,1,"AS31103 (KEYWEB-AS, DE)"
techchamak.com,1,"AS63023 (AS-GLOBALTELEHOST, US)"
mail.tdtkeramiek.be,1,"AS206281 (AS-ZXCS, NL)"
mail.techtary.com,1,"AS14061 (DIGITALOCEAN-ASN, US)"
mail.tdico.net,1,"AS60976 (POL, IR)"
mail.technicalaemail.com,1,"AS12586 (ASGHOSTNET, DE)"
mail.tdpdriussipietro.it,1,"AS60087 (ASSUPERNOVA, IT)"
mail.teearsw.com,1,"AS47583 (AS-HOSTINGER, CY)"
mail.tdmparis.com,1,"AS21409 (IKOULA, FR)"
techblogs.site,1,"AS197540 (NETCUP-AS netcup GmbH, DE)"
pmg.se2e.de,1,"AS24940 (HETZNER-AS, DE)"
techiewall.com,1,"AS24940 (HETZNER-AS, DE)"
mail.tdmgroup.pl,1,"AS47544 (IQPL-AS, PL)"
mail.teeuk.com,1,"AS47583 (AS-HOSTINGER, CY)"
mail.tegar-aja.xyz,1,"AS139416 (LIFI-AS-ID PT Langkat Investama Fideliti, ID)"
mail.tdr.net.au,1,"AS45671 (AS45671-NET-AU Wholesale Services Provider, AU)"
antispam.cybo-cloud.com,1,"AS25052 (OMC-ASN, IL)"
mail.tds.ge,1,"AS35805 (SILKNET-AS Silknet Autonomous System, GE)"
mail.tdmtravel.hu,1,"AS14061 (DIGITALOCEAN-ASN, US)"
mail.tdtdqn.online,1,"AS132203 (TENCENT-NET-AP-CN Tencent Building, Kejizhongyi Avenue, CN)"
mail.tdata.it,1,"AS52030 (SERVERPLAN-AS, IT)"
mail.teiracing.com,1,"AS31898 (ORACLE-BMC-31898, US)"
_dc-mx.73acc77ca988.teligmail.site,1,"AS24940 (HETZNER-AS, DE)"
_dc-mx.7dcc18a7e28e.teliemail.site,1,"AS24940 (HETZNER-AS, DE)"
_dc-mx.6b4a687d9d89.teligmail.store,1,"AS24940 (HETZNER-AS, DE)"
mail.telangrsmail.ru,1,"AS12586 (ASGHOSTNET, DE)"
mx.tecmur2.org,1,
mail.telecommml.ru,1,"AS12586 (ASGHOSTNET, DE)"
mail.telecommunicattmail.ru,1,"AS12586 (ASGHOSTNET, DE)"
mail.telemetmail.ru,1,"AS12586 (ASGHOSTNET, DE)"
tds.net.id,1,"AS38750 (TDS-AS-ID Telemedia Dinamika Sarana, PT, ID)"
mail.telesysbpo.com,1,"AS32097 (WII, US)"
mail.teleolomfri.com,1,"AS12586 (ASGHOSTNET, DE)"
mail.telephomalu.ru,1,"AS12586 (ASGHOSTNET, DE)"
mail.tdqn9.club,1,"AS132203 (TENCENT-NET-AP-CN Tencent Building, Kejizhongyi Avenue, CN)"
mail.tdnaozi.club,1,"AS132203 (TENCENT-NET-AP-CN Tencent Building, Kejizhongyi Avenue, CN)"
teensexgif.com,1,"AS149020 (WEBHORIZON-AS-AP WebHorizon Internet Services, SG)"
mx.a.cronos-painel.com,1,"AS27715 (Locaweb Servicos de Internet SA, BR)"
mail.temp-emails.org,1,"AS51167 (CONTABO, DE)"
mail.teewars.org,1,"AS24940 (HETZNER-AS, DE)"
mail.temp-mail-email.org,1,"AS24940 (HETZNER-AS, DE)"
_dc-mx.5d71931657d7.temp-inbox.me,1,"AS19318 (IS-AS-1, US)"
mail.telemetrfl.com,1,"AS12586 (ASGHOSTNET, DE)"
mail.telomerimail.ru,1,"AS12586 (ASGHOSTNET, DE)"
mail.temp-email.id,1,"AS55688 (BEON-AS-ID PT. Beon Intermedia, ID)"
_dc-mx.6d1feff77b1f.temp-mail.buzz,1,"AS40676 (AS40676, US)"
mail.temp-mail.lol,1,"AS16276 (OVH, FR)"
mx.c.cronos-painel.com,1,"AS27715 (Locaweb Servicos de Internet SA, BR)"
tnetmx.telefonica.net,1,"AS16371 (ACENS_AS Spain Hosting, housing and VPN services, ES)"
mail.televisionjo.ru,1,"AS12586 (ASGHOSTNET, DE)"
protector-node-sec.cloud258.com,1,"AS38283 (CHINANET-SCIDC-AS-AP CHINANET SiChuan Telecom Internet Data Center, CN)"
teknoaiglobal.com,1,"AS58487 (CRI-AS-AP CV. Rumahweb Indonesia, ID)"
mail.tememail.org,1,"AS51167 (CONTABO, DE)"
telsmart-info.mail.protection.outlook.com,1,"AS8075 (MICROSOFT-CORP-MSN-AS-BLOCK, US)"
_dc-mx.5e39744b76c6.tempail.email,1,"AS16276 (OVH, FR)"
mail.temp.edu.pl,1,"AS42846 (GUZELHOSTING GNET INTERNET TELEKOMUNIKASYON A.S., TR)"
mail.temp-mail.snaper24.com,1,"AS16509 (AMAZON-02, US)"
_dc-mx.8c6cffccfc57.temp.ly,1,"AS206216 (ADVIN-AS, US)"
telemessage-com.mail.protection.outlook.com,1,"AS8075 (MICROSOFT-CORP-MSN-AS-BLOCK, US)"
mail.techbike.ru,1,"AS44094 (WEBHOST1-AS, RU)"
mail.telecomix.pl,1,"AS197155 (ARTNET, PL)"
_dc-mx.c197c19096bd.tempathiburan.com,1,"AS22612 (NAMECHEAP-NET, US)"
mx1.temp1.club,1,"AS200107 (KL-EXT, CH)"
mx001.tempemail.biz,1,"AS24940 (HETZNER-AS, DE)"
mx.sapo.pt,1,"AS3243 (MEO-RESIDENCIAL, PT)"
mail.temp-mail-go.info,1,"AS35916 (MULTA-ASN1, US)"
mail.tempemailbox.com,1,"AS47583 (AS-HOSTINGER, CY)"
mail.tdfermer.kz,1,"AS207333 (HOSTER-AST Hoster.KZ - Astana, KZ)"
tempitmail.online,1,"AS47583 (AS-HOSTINGER, CY)"
mail.temperal-mail.store,1,"AS51167 (CONTABO, DE)"
mail.temp-mail.best,1,"AS8560 (IONOS-AS This is the joint network for IONOS, Fasthosts, Arsys, 1&1 Mail and Media and 1&1 Telecom. Formerly known as 1&1 Internet SE., DE)"
mail.tempinbox.xyz,1,"AS46475 (LIMESTONENETWORKS, US)"
mail.tempbox.fr,1,"AS8560 (IONOS-AS This is the joint network for IONOS, Fasthosts, Arsys, 1&1 Mail and Media and 1&1 Telecom. Formerly known as 1&1 Internet SE., DE)"
mail01.tempe-mail.com,1,"AS36351 (SOFTLAYER, US)"
mail.temploop.net,1,"AS47583 (AS-HOSTINGER, CY)"
mail.temp-mail-365.info,1,"AS35916 (MULTA-ASN1, US)"
_dc-mx.00fa934865be.tempizo.com,1,"AS16276 (OVH, FR)"
mail8.serv00.com,1,"AS57367 (ECO-ATMAN-PL ECO-ATMAN-, PL)"
emailfwd.tempmail.ca,1,"AS16276 (OVH, FR)"
_dc-mx.5e5e17bc6c36.tempmail.cc,1,"AS14061 (DIGITALOCEAN-ASN, US)"
mx2.telenet-ops.be,1,"AS6848 (TELENET-AS, BE)"
_dc-mx.60a5fea121b1.tempmail.dev,1,"AS29802 (HVC-AS, US)"
_dc-mx.300bbbb45ac8.tempemailo.org,1,"AS30277 (DFW-DATACENTER, US)"
_dc-mx.8236f27b95b9.temp-mail.asia,1,"AS16276 (OVH, FR)"
mail.tempemail.ninja,1,"AS40676 (AS40676, US)"
tempemails.io,1,"AS46562 (PERFORMIVE, US)"
mail.tempmail.rest,1,"AS24940 (HETZNER-AS, DE)"
mail.tempmail.ws,1,"AS8560 (IONOS-AS This is the joint network for IONOS, Fasthosts, Arsys, 1&1 Mail and Media and 1&1 Telecom. Formerly known as 1&1 Internet SE., DE)"
mail.tempmail.io,1,"AS14061 (DIGITALOCEAN-ASN, US)"
mail.tempmail.us.com,1,"AS16276 (OVH, FR)"
tempemail.in,1,"AS53667 (PONYNET, US)"
mx.delivery.tmail.thehp.in,1,
mail0001.tempmail.it,1,"AS24940 (HETZNER-AS, DE)"
mail.tempmail3.com,1,"AS47583 (AS-HOSTINGER, CY)"
smtp.tempmail365.com,1,"AS132203 (TENCENT-NET-AP-CN Tencent Building, Kejizhongyi Avenue, CN)"
tempmailnow.org,1,"AS204800 (WHG-SGP, GB)"
tempmail.sx,1,"AS14555 (LIQUIDNETLTD1, US)"
tempbox.co.uk,1,"AS34931 (AWARESOFT, GB)"
_dc-mx.31d855f6e4f8.tempmail.edu.kg,1,"AS214996 (NETCUP, DE)"
mail.tempmail.org.pl,1,"AS50599 (Autonomous System for Dataspace P.S.A., PL)"
mail.tempmailt.com,1,"AS16276 (OVH, FR)"
_mx.tempmail.pink,1,"AS40021 (CONTABO-40021, US)"
mail.tempmailpro.in,1,"AS16509 (AMAZON-02, US)"
tempmail.guru,1,"AS46606 (UNIFIEDLAYER-AS-1, US)"
temp-mail.cam,1,"AS16276 (OVH, FR)"
mail.tempmailturbo.com,1,"AS214996 (NETCUP, DE)"
mail.tempmailgenerator.co,1,"AS57344 (TELEHOUSE-AS, BG)"
tempomail.id,1,"AS16276 (OVH, FR)"
tempmail.lat,1,"AS49635 (CLOUDING, ES)"
mx.sendcloud.org,1,AS4808 23724 (Unknown)
tempmaill.io,1,"AS209341 (WHG-FRA, GB)"
mail.tempmailto.com,1,"AS209341 (WHG-FRA, GB)"
mx.imena.ua,1,"AS25393 (MIROHOST, US)"
tempmailninja.com,1,"AS24940 (HETZNER-AS, DE)"
_dc-mx.1d79071d1d54.temporaryemail.org,1,"AS49981 (WORLDSTREAM, NL)"
tempmail.ac.id,1,"AS14061 (DIGITALOCEAN-ASN, US)"
tempmail.host,1,"AS141892 (IDNIC-SENGKED-AS-ID CV Andhika Pratama Sanggoro, ID)"
w0108f4a.kasserver.com,1,"AS34788 (NMM-AS D - 02742 Friedersdorf Hauptstrasse 68, DE)"
mail.tempmailonline.xyz,1,"AS965 (WEBHOSTINGHOLDINGS, US)"
temp.infos.st,1,"AS16276 (OVH, FR)"
mail.temporopmail.com,1,"AS40021 (CONTABO-40021, US)"
mail.temporarify.com,1,"AS401479 (DBM-ASN-KC, US)"
mail.temporaryemail.ai,1,"AS24940 (HETZNER-AS, DE)"
mail.tempsmail.sbs,1,"AS16509 (AMAZON-02, US)"
mail.tempsmail.shop,1,"AS16509 (AMAZON-02, US)"
mail.tempmailr.com,1,"AS53667 (PONYNET, US)"
mail.tempxzy.net,1,"AS51167 (CONTABO, DE)"
tempmail44.com,1,"AS136246 (TOMATTOSTL-AS-AP Tomattos Technologies Ltd., BD)"
tempverify.com,1,"AS204800 (WHG-SGP, GB)"
mail.tempyx.com,1,"AS11878 (TZULO, US)"
mail.temptami.com,1,"AS16276 (OVH, FR)"
mail.temporaryemail.dpdns.org,1,"AS22612 (NAMECHEAP-NET, US)"
mx1.maileroo.com,1,"AS20473 (AS-VULTR, US)"
mail.temz.net,1,"AS31898 (ORACLE-BMC-31898, US)"
mail.temp.ly,1,"AS13335 (CLOUDFLARENET, US)"
mail.tenermail.com,1,"AS12586 (ASGHOSTNET, DE)"
mail.tentmail.ru,1,"AS12586 (ASGHOSTNET, DE)"
mail0001.temporarioemail.com.br,1,"AS24940 (HETZNER-AS, DE)"
mail.tenvil.com,1,"AS14061 (DIGITALOCEAN-ASN, US)"
mail.teratopebml.ru,1,"AS12586 (ASGHOSTNET, DE)"
mail.terato.ru,1,"AS12586 (ASGHOSTNET, DE)"
mail.terarmail.com,1,"AS12586 (ASGHOSTNET, DE)"
mail.terrorqb.com,1,"AS47583 (AS-HOSTINGER, CY)"
mail.terhorst-online.nl,1,"AS20847 (PREVIDER-AS, NL)"
mail.territemails.ru,1,"AS12586 (ASGHOSTNET, DE)"
mail.territormail.com,1,"AS12586 (ASGHOSTNET, DE)"
mail.tenzoves.ru,1,"AS197695 (AS-REG, RU)"
terre.infos.st,1,"AS16276 (OVH, FR)"
mx1.tesiov.info,1,"AS200107 (KL-EXT, CH)"
mx.testform.xyz,1,"AS399820 (ATOMIC-NETWORKS-1, US)"
test-infos.fr.nf,1,"AS16276 (OVH, FR)"
tershaber.com,1,"AS42846 (GUZELHOSTING GNET INTERNET TELEKOMUNIKASYON A.S., TR)"
mx.testing-your-form.info,1,"AS200019 (ALEXHOST, MD)"
mail.testosteroneforman.com,1,"AS46606 (UNIFIEDLAYER-AS-1, US)"
mail.tetrachlorommails.ru,1,"AS12586 (ASGHOSTNET, DE)"
mail.tetractiimail.ru,1,"AS12586 (ASGHOSTNET, DE)"
mail.tetrachloromalu.ru,1,"AS12586 (ASGHOSTNET, DE)"
mail.tetraheemail.ru,1,"AS12586 (ASGHOSTNET, DE)"
mail.tetramastomail.com,1,"AS12586 (ASGHOSTNET, DE)"
mail.tetrakishexahfmail.ru,1,"AS12586 (ASGHOSTNET, DE)"
mail.tetrahydml.ru,1,"AS12586 (ASGHOSTNET, DE)"
mail.tetramethmail.com,1,"AS12586 (ASGHOSTNET, DE)"
mail.tettigonfml.ru,1,"AS12586 (ASGHOSTNET, DE)"
mail.texify.online,1,"AS19318 (IS-AS-1, US)"
textgenerator-ai01b.mail.protection.outlook.com,1,"AS8075 (MICROSOFT-CORP-MSN-AS-BLOCK, US)"
mail.tetrafluoroemail.ru,1,"AS12586 (ASGHOSTNET, DE)"
mail-mx.texasretirementservice.info,1,"AS14618 (AMAZON-AES, US)"
mail.tf7nzhw.com,1,"AS47583 (AS-HOSTINGER, CY)"
mail.th3syracuse.com,1,"AS32097 (WII, US)"
mail.thalarex.cfd,1,"AS203446 (AS203446, GB)"
mail.tgvis.com,1,"AS14061 (DIGITALOCEAN-ASN, US)"
telkomuniversity.duckdns.org,1,"AS16276 (OVH, FR)"
mx6.thaiedvisa.com,1,
mail.thalamocmail.ru,1,"AS12586 (ASGHOSTNET, DE)"
thaibikemart.com,1,"AS12876 (Online SAS, FR)"
taxisrilanka.co.uk,1,"AS25369 (BANDWIDTH-AS, GB)"
mail.tdiradio.com,1,"AS51167 (CONTABO, DE)"
thdesign.pl,1,"AS12824 (HOMEPL-AS, PL)"
mail.thalassoolml.ru,1,"AS12586 (ASGHOSTNET, DE)"
mail.tdhintl.net,1,"AS31898 (ORACLE-BMC-31898, US)"
mail1.thankyou2010.com,1,"AS44418 (BITDEFENDER-AS, RO)"
mail.tdrnetworks.com,1,"AS31641 (ATLAS-COMMUNICATIONS-AS, GB)"
sw-proxy01.stiftung-warentest.de,1,
panel.visit-site.xyz,1,"AS60781 (LEASEWEB-NL-AMS-01 Netherlands, NL)"
the303company-com.mail.protection.outlook.com,1,"AS8075 (MICROSOFT-CORP-MSN-AS-BLOCK, US)"
mail.tdfcantabria.com,1,"AS16276 (OVH, FR)"
av25.tempdukviet.site,1,"AS149124 (THANHPHAT-VN WEBPX SOFTWARE COMPANY LIMITED, VN)"
mailgw.tracenet.cz,1,"AS42422 (SECURITYNET-AS, CZ)"
mail.theavyk.com,1,"AS47583 (AS-HOSTINGER, CY)"
mail.tdproject.pl,1,AS41079 198414 (Unknown)
mail.theatrnmail.com,1,"AS12586 (ASGHOSTNET, DE)"
the-maji.com,1,"AS14555 (LIQUIDNETLTD1, US)"
the-bloggers-exchange.org,1,"AS7684 (SAKURA-A SAKURA Internet Inc., JP)"
mail.theanonymousemail.com,1,"AS32400 (HWSERVICES-32400, US)"
mx.thebestmoneymakingtips.info,1,"AS14061 (DIGITALOCEAN-ASN, US)"
mail.thebillieholiday.click,1,"AS51167 (CONTABO, DE)"
mail.thangmaygiadinh.com,1,"AS131414 (LVSOFT-AS-VN Long Van Soft Solution JSC, VN)"
_dc-mx.5987f60d539f.telimail.online,1,"AS24940 (HETZNER-AS, DE)"
mail.telethfkml.ru,1,"AS12586 (ASGHOSTNET, DE)"
www141.your-server.de,1,"AS24940 (HETZNER-AS, DE)"
thecheesymouse.co.uk,1,"AS8560 (IONOS-AS This is the joint network for IONOS, Fasthosts, Arsys, 1&1 Mail and Media and 1&1 Telecom. Formerly known as 1&1 Internet SE., DE)"
thedocerosa-com.mail.protection.outlook.com,1,"AS8075 (MICROSOFT-CORP-MSN-AS-BLOCK, US)"
tempemail.net,1,"AS36007 (KAMATERA, US)"
mail.tempmail.im,1,"AS42831 (UKSERVERS-AS UK Dedicated Servers, Hosting and Co-Location, GB)"
thefreedomdaily-com.mail.protection.outlook.com,1,"AS8075 (MICROSOFT-CORP-MSN-AS-BLOCK, US)"
mail.theflavorbells.com,1,"AS394303 (BIGSCOOTS, US)"
mail.thehatedestroyer.com,1,"AS22612 (NAMECHEAP-NET, US)"
thehappyclean-net.mail.protection.outlook.com,1,"AS8075 (MICROSOFT-CORP-MSN-AS-BLOCK, US)"
mail.thehubporno.com,1,"AS49981 (WORLDSTREAM, NL)"
mail.temporarly.com,1,"AS19871 (NETWORK-SOLUTIONS-HOSTING, US)"
thehagiasophia.com,1,"AS52030 (SERVERPLAN-AS, IT)"
mx1.spamfiltering.com,1,"AS20860 (IOMART-AS, GB)"
mail.tempmaila.org,1,"AS202376 (ARVID-LOGICUM, EE)"
mail.tdphotography.ca,1,
mail.tdri.com,1,
mail.tdavis2000.com,1,
thekeypeople-net.mail.protection.outlook.com,1,"AS8075 (MICROSOFT-CORP-MSN-AS-BLOCK, US)"
thekphub.com,1,"AS34931 (AWARESOFT, GB)"
theloftbarn-com.mail.protection.outlook.com,1,"AS8075 (MICROSOFT-CORP-MSN-AS-BLOCK, US)"
mail.themanlythings.com,1,"AS13335 (CLOUDFLARENET, US)"
malibuzz.teamster.com,1,
mail.thejokercard.net,1,"AS57724 (DDOS-GUARD, RU)"
thelotstore.cc,1,"AS22612 (NAMECHEAP-NET, US)"
mail.tdmwater.vn,1,
mx.themarketingsolutions.info,1,"AS14061 (DIGITALOCEAN-ASN, US)"
mail.testaceofmk.com,1,"AS12586 (ASGHOSTNET, DE)"
mail.tddblog.com,1,
mail.tess.com.br,1,"AS19871 (NETWORK-SOLUTIONS-HOSTING, US)"
theorlandoblog.com,1,"AS46505 (NIXIHOST, US)"
mail.theophilamail.ru,1,"AS12586 (ASGHOSTNET, DE)"
a859540.mx.mailhop.org,1,"AS16509 (AMAZON-02, US)"
mx.themindgardengroup.com,1,"AS16509 (AMAZON-02, US)"
mail.thepinkbee.com,1,"AS31898 (ORACLE-BMC-31898, US)"
therecoverycompanion-com.mail.protection.outlook.com,1,
mail.thepsx.ru,1,"AS35278 (SPRINTHOST, RU)"
mail.theraphofmail.ru,1,"AS12586 (ASGHOSTNET, DE)"
e.thaotri.com,1,"AS14061 (DIGITALOCEAN-ASN, US)"
mail.thermodynammail.ru,1,"AS12586 (ASGHOSTNET, DE)"
mail.thermodynam.ru,1,"AS12586 (ASGHOSTNET, DE)"
mail.thermodynml.ru,1,"AS12586 (ASGHOSTNET, DE)"
mail.thermometrifmail.ru,1,"AS12586 (ASGHOSTNET, DE)"
mail.thermometmail.ru,1,"AS12586 (ASGHOSTNET, DE)"
mail.minutesmail.com.theree.biz,1,
mail.minutesmail.com.theree.top,1,
a585700.mx.mailhop.org,1,"AS16509 (AMAZON-02, US)"
mx.thebest4ever.com,1,"AS20473 (AS-VULTR, US)"
mail.thebudhound.com,1,
mail.thesugarmakerbakery.com,1,"AS32244 (LIQUIDWEB, US)"
mail.thessaloufml.ru,1,"AS12586 (ASGHOSTNET, DE)"
theswanfactory-com.mail.protection.outlook.com,1,"AS8075 (MICROSOFT-CORP-MSN-AS-BLOCK, US)"
theclinicshield-com.mail.protection.outlook.com,1,"AS8075 (MICROSOFT-CORP-MSN-AS-BLOCK, US)"
smtp.thetips.dev,1,"AS18403 (FPT-AS-AP FPT Telecom Company, VN)"
mail.theclubcasino.com.au,1,"AS38719 (DREAMSCAPE-AS-AP Dreamscape Networks Limited, AU)"
mail.thetravellersrest.click,1,"AS51167 (CONTABO, DE)"
mail.thetulsatimes.com,1,"AS40021 (CONTABO-40021, US)"
thewellnesstechnique-com.mail.protection.outlook.com,1,"AS8075 (MICROSOFT-CORP-MSN-AS-BLOCK, US)"
mx.theweepingdragon.net,1,"AS29873 (BIZLAND-SD, US)"
mx.thewebbusinessresearch.com,1,"AS14061 (DIGITALOCEAN-ASN, US)"
mail.theta.pl,1,"AS50840 (AS-HITME, PL)"
mail.thewhitehursts.org,1,"AS14061 (DIGITALOCEAN-ASN, US)"
mail.thewisetransfer.click,1,"AS51167 (CONTABO, DE)"
mail.thingstodoin.shop,1,"AS19318 (IS-AS-1, US)"
m9zngfmxrouter.thiefness.com,1,"AS14061 (DIGITALOCEAN-ASN, US)"
mail.thinkimpact.com,1,"AS210250 (WPX, BG)"
thinkcomputers-org.mail.protection.outlook.com,1,"AS8075 (MICROSOFT-CORP-MSN-AS-BLOCK, US)"
mx.thismail.net,1,"AS16509 (AMAZON-02, US)"
thinklocalsantacruz-com.mail.protection.outlook.com,1,"AS8075 (MICROSOFT-CORP-MSN-AS-BLOCK, US)"
malibuzz.thiswildsong.com,1,"AS51167 (CONTABO, DE)"
threadedwsw.com,1,"AS47583 (AS-HOSTINGER, CY)"
mail.thoracocsalo.ru,1,"AS12586 (ASGHOSTNET, DE)"
thotwerx.com,1,"AS40092 (ONIAAS, US)"
office.thoughttechnology.com,1,"AS22652 (FIBRENOIRE-INTERNET, CA)"
thornpubbmadh.info,1,"AS131965 (XSERVER Xserver Inc., JP)"
mail.tdplumbing.com,1,
mail.throwaway.io,1,"AS42831 (UKSERVERS-AS UK Dedicated Servers, Hosting and Co-Location, GB)"
_dc-mx.8986c82b7e48.throwawayemail.com,1,"AS14361 (HOPONE-GLOBAL, US)"
thrott.com,1,"AS14061 (DIGITALOCEAN-ASN, US)"
mx.throwam.com,1,"AS16509 (AMAZON-02, US)"
mx1.throwawaymail.app,1,"AS213230 (HETZNER-CLOUD2-AS, DE)"
mail.tdyn.org,1,
mx.throttlehq.com,1,"AS14061 (DIGITALOCEAN-ASN, US)"
mail.thromboarterumail.com,1,"AS12586 (ASGHOSTNET, DE)"
mail.thunkinator.org,1,"AS63949 (AKAMAI-LINODE-AP Akamai Connected Cloud, SG)"
thelotstore.net,1,"AS22612 (NAMECHEAP-NET, US)"
mail2.thunderthrob.com,1,"AS31898 (ORACLE-BMC-31898, US)"
thuughts.com,1,"AS47583 (AS-HOSTINGER, CY)"
webmail.thshyo.org,1,"AS16276 (OVH, FR)"
thscontainers-co-uk.mail.eo.outlook.com,1,"AS8075 (MICROSOFT-CORP-MSN-AS-BLOCK, US)"
mail.thyrogloaemail.com,1,"AS12586 (ASGHOSTNET, DE)"
mail.thyolmails.com,1,"AS12586 (ASGHOSTNET, DE)"
mail.thyroarytmail.ru,1,"AS12586 (ASGHOSTNET, DE)"
mail.tibiotumail.com,1,"AS12586 (ASGHOSTNET, DE)"
mail.tibionli.com,1,"AS12586 (ASGHOSTNET, DE)"
mail.tdm.hu,1,
mail.tikmail.store,1,"AS51167 (CONTABO, DE)"
mx001.register.xion.oxcs.net,1,"AS29838 (AMC, US)"
m.tikokv.com,1,"AS401696 (COGNETCLOUD, US)"
mail.tiempomail.com,1,"AS12586 (ASGHOSTNET, DE)"
mail.tificatimail.com,1,"AS12586 (ASGHOSTNET, DE)"
_dc-mx.f535a36892ec.timail.site,1,"AS24940 (HETZNER-AS, DE)"
tienen-be.mail.protection.outlook.com,1,"AS8075 (MICROSOFT-CORP-MSN-AS-BLOCK, US)"
tillion-com.mail.protection.outlook.com,1,"AS8075 (MICROSOFT-CORP-MSN-AS-BLOCK, US)"
mx6.timberlandfordonline.com,1,
mail.timind.co,1,"AS131392 (RUNSYSTEM-AS-VN GMO-Z.com Runsystem Joint Stock Company, VN)"
mail.timgmail.com,1,"AS14061 (DIGITALOCEAN-ASN, US)"
_dc-mx.3cc7d86f79d5.therealcolonel.press,1,"AS56851 (VPS-UA-AS, UA)"
tinnitusremediesforyou.com,1,"AS399250 (NAMEHERO-KCDC, US)"
mail.tinnermail.com,1,"AS12586 (ASGHOSTNET, DE)"
mail.thermoelept.ru,1,"AS12586 (ASGHOSTNET, DE)"
mail.thermomagnmail.ru,1,"AS12586 (ASGHOSTNET, DE)"
mail.thermometroeomail.ru,1,"AS12586 (ASGHOSTNET, DE)"
mail.thermommails.ru,1,"AS12586 (ASGHOSTNET, DE)"
mail.tirillo.com,1,"AS14061 (DIGITALOCEAN-ASN, US)"
mx.tin.it,1,"AS396982 (GOOGLE-CLOUD-PLATFORM, US)"
titafeminina.com,1,"AS14618 (AMAZON-AES, US)"
mail.tivendra.cfd,1,"AS203446 (AS203446, GB)"
mxr.titenpa.com,1,"AS14061 (DIGITALOCEAN-ASN, US)"
tipobettv10.com,1,"AS31898 (ORACLE-BMC-31898, US)"
mail0001.tisacli.co.uk,1,"AS24940 (HETZNER-AS, DE)"
mail.tdv.at,1,"AS8447 (A1TELEKOM-AT A1 Telekom Austria AG, AT)"
mail.tkhplanesw.com,1,"AS47583 (AS-HOSTINGER, CY)"
mail.tkmy88m.com,1,"AS47583 (AS-HOSTINGER, CY)"
mx.tirv.net.cust.a.hostedemail.com,1,"AS15348 (TUCOWS, CA)"
mail.crooi.io,1,"AS36352 (AS-COLOCROSSING, US)"
tkaniny.com,1,"AS12824 (HOMEPL-AS, PL)"
mail.tm-crea.fr,1,"AS50474 (O2SWITCH, FR)"
mail.tlwpleasure.com,1,"AS47583 (AS-HOSTINGER, CY)"
tm21.in.tmems-jp.trendmicro.com,1,"AS16509 (AMAZON-02, US)"
mail.titmail.com,1,"AS45090 (TENCENT-NET-AP Shenzhen Tencent Computer Systems Company Limited, CN)"
mail.tma-toronto.ca,1,"AS55293 (A2HOSTING, US)"
mail.tmail.bio,1,"AS16276 (OVH, FR)"
tmail.run,1,"AS51167 (CONTABO, DE)"
mail.tm-events.de,1,"AS21499 (GODADDY-SXB, DE)"
tm1-edu-pl.mail.protection.outlook.com,1,"AS8075 (MICROSOFT-CORP-MSN-AS-BLOCK, US)"
tmail.link,1,"AS39287 (ABSTRACT, FI)"
mail.tma-media.de,1,"AS51167 (CONTABO, DE)"
mail.tm-media.co.uk,1,"AS20738 (GD-EMEA-DC-LD5, GB)"
w01e9436.kasserver.com,1,"AS34788 (NMM-AS D - 02742 Friedersdorf Hauptstrasse 68, DE)"
mail.tm-ventures.com,1,"AS21350 (INTERSPACE-AS, IL)"
mail.tmabrasil.org,1,
tmfin-com.mail.protection.outlook.com,1,"AS8075 (MICROSOFT-CORP-MSN-AS-BLOCK, US)"
outlook.tm2i.net,1,"AS34177 (CELESTE-AS CELESTE - Internet services provider, FR)"
mx01.cloud.vadesecure.com,1,"AS12876 (Online SAS, FR)"
tmbclaw-net.mail.protection.outlook.com,1,"AS8075 (MICROSOFT-CORP-MSN-AS-BLOCK, US)"
mail.tmcgee.com,1,"AS12129 (123NET, US)"
mail.tmbcdetroit.org,1,"AS19871 (NETWORK-SOLUTIONS-HOSTING, US)"
tmallbox.com,1,"AS24940 (HETZNER-AS, DE)"
mail.tm-mail.hu,1,"AS62214 (RACKFOREST-AS, HU)"
mail.tm-yug.ru,1,"AS197204 (TELEMAKS, RU)"
mail.tmaxdialer.com,1,"AS46606 (UNIFIEDLAYER-AS-1, US)"
tmfilters-com.mail.protection.outlook.com,1,"AS8075 (MICROSOFT-CORP-MSN-AS-BLOCK, US)"
mail.tmbmeble.pl,1,"AS41079 (CF-GDA, PL)"
mail.tmg-oschatz.de,1,"AS24940 (HETZNER-AS, DE)"
mail.tmd.net,1,"AS24940 (HETZNER-AS, DE)"
mail.tmj.im,1,"AS63949 (AKAMAI-LINODE-AP Akamai Connected Cloud, SG)"
mail.tmhstz.com,1,"AS22611 (INMOTION, US)"
tmail.infos.st,1,"AS16276 (OVH, FR)"
tmma-uk-com.mail.protection.outlook.com,1,"AS8075 (MICROSOFT-CORP-MSN-AS-BLOCK, US)"
mail.tmg.com,1,"AS3209 (VODANET International IP-Backbone of Vodafone, DE)"
mail.tmfadv.com.br,1,"AS19871 (NETWORK-SOLUTIONS-HOSTING, US)"
mail.tmc-moda.com,1,AS41079 198414 (Unknown)
_dc-mx.641aefa29b54.tmre.site,1,"AS24940 (HETZNER-AS, DE)"
tmail.biz.st,1,"AS16276 (OVH, FR)"
mail.tmail.lt,1,"AS8075 (MICROSOFT-CORP-MSN-AS-BLOCK, US)"
mail.tmail.xyz,1,"AS197540 (NETCUP-AS netcup GmbH, DE)"
mail.tms-lite.com,1,"AS136412 (TSI-AS-AP Titan System Integration Sdn Bhd, MY)"
mail.tm-reinigung.de,1,"AS45012 (CLOUDPIT, DE)"
mail.tmj-textiles.pl,1,"AS41079 (CF-GDA, PL)"
tml-de.mail.protection.outlook.com,1,"AS8075 (MICROSOFT-CORP-MSN-AS-BLOCK, US)"
mail.tmkuhlen.de,1,"AS197540 (NETCUP-AS netcup GmbH, DE)"
tmo-west.mx.a.cloudfilter.net,1,"AS16509 (AMAZON-02, US)"
mail.tmrg.com.sg,1,"AS17547 (M1NET-SG-AP M1 NET LTD, SG)"
mail.tmtelcomm.com,1,"AS7018 (ATT-INTERNET4, US)"
mail.tmearchitects.it,1,"AS31034 (ARUBA-ASN, IT)"
mail.tmp-press.ru,1,"AS43727 (KVANT-TELECOM, RU)"
mail.tmoritz.de,1,"AS51167 (CONTABO, DE)"
mail.tml.waw.pl,1,"AS16276 (OVH, FR)"
mx1.precisionservers.in,1,"AS141294 (M21IDC-AS M21 Data Center, IN)"
mail.tmkik.hu,1,"AS47381 (SERVERGARDEN-AS Servergarden Kft., HU)"
smtp.woticorp.com,1,"AS12876 (Online SAS, FR)"
mail.tmp-system-service.org,1,"AS201901 (TMP-NETWORKS, DE)"
mail.tmi.ph,1,"AS6939 (HURRICANE, US)"
mail.tmuk.org,1,"AS46606 (UNIFIEDLAYER-AS-1, US)"
mail.tmp.pl,1,"AS41079 (CF-GDA, PL)"
mail.tmam.de,1,"AS42730 (EVANZOAS, DE)"
mail.tmxnet.com,1,"AS36351 (SOFTLAYER, US)"
mail.tmail.uz,1,"AS48979 (UZINFOCOM, UZ)"
mail.tmvremodeling.com,1,"AS8739 (ICDSOFT, BG)"
mail.tmm-express.com,1,"AS61297 (DATACENTER-UA LIMITED LIABILITY COMPANY ANTE MEDIAM, UA)"
mail.tmrprestigeservices.co.uk,1,"AS8560 (IONOS-AS This is the joint network for IONOS, Fasthosts, Arsys, 1&1 Mail and Media and 1&1 Telecom. Formerly known as 1&1 Internet SE., DE)"
mail.tmsolutionsgroup.com,1,"AS55106 (DATACATE-AS1, US)"
smtp.ds.network,1,"AS38719 (DREAMSCAPE-AS-AP Dreamscape Networks Limited, AU)"
hfe0934ry5x.sn.mynetname.net,1,"AS45899 (VNPT-AS-VN VNPT Corp, VN)"
mail.tmxmarketing.com.br,1,"AS46606 (UNIFIEDLAYER-AS-1, US)"
spam.tibero.com,1,"AS4766 (KIXS-AS-KR Korea Telecom, KR)"
mail.tmr-ueberdachungen.de,1,"AS200548 (WEBHOSTER, DE)"
mail.tmaptrading.com,1,"AS52030 (SERVERPLAN-AS, IT)"
efa.davemx.net,1,"AS16276 (OVH, FR)"
mail.tmn.sk,1,"AS43541 (VSHOSTING, CZ)"
theplug-org.mail.protection.outlook.com,1,
mail.tmselusa.com,1,"AS41528 (LOOPIA3, SE)"
mail.tmw.net,1,"AS42612 (DINAHOSTING-AS, ES)"
mail.tmt4.kz,1,"AS48716 (PSKZ-ALA, KZ)"
mail.tmx.kiev.ua,1,"AS42331 (FREEHOST, UA)"
mail.tmwork.com,1,"AS24940 (HETZNER-AS, DE)"
mx01.mosinfocom.tech,1,"AS47989 (MOSINFOCOM-AS Mosinfocom Llc, RU)"
web2.futureweb.be,1,"AS59827 (FUTUREWEB-AS, BE)"
mail200.itopplus.com,1,"AS4618 (INET-TH-AS Internet Thailand Company Limited, TH)"
_dc-mx.f907e3505116.tochtonado.name,1,"AS60781 (LEASEWEB-NL-AMS-01 Netherlands, NL)"
mail.tocomail.com,1,"AS16509 (AMAZON-02, US)"
tobinproperties-com.mail.protection.outlook.com,1,"AS8075 (MICROSOFT-CORP-MSN-AS-BLOCK, US)"
mail.tmwlsw.com,1,"AS132203 (TENCENT-NET-AP-CN Tencent Building, Kejizhongyi Avenue, CN)"
mail.tmx.ch,1,"AS47302 (CYON, CH)"
todoprestamos.com,1,"AS60458 (ASN-XTUDIONET, ES)"
_dc-mx.4da62705c8ee.togelonline88.org,1,"AS19318 (IS-AS-1, US)"
mx01.tokatinadresi.com,1,"AS51557 (TR-ISIMTESCIL-20201202, TR)"
mail.tocawin.com,1,"AS51167 (CONTABO, DE)"
mailforward53.cloudns.net,1,"AS205787 (PUBLICLOUD, BG)"
thxmail.net,1,"AS7506 (INTERQ GMO Internet Group, Inc., JP)"
mail.toko3d.com,1,"AS31898 (ORACLE-BMC-31898, US)"
smtp.tmw.net.br,1,"AS52968 (TECMIDIAWEB LTDA, BR)"
tommx.tom.com,1,
mail.tmt.at,1,"AS8412 (TMA Magenta Telekom, AT)"
mail.tmn-international.com,1,"AS2514 (INFOSPHERE NTT PC Communications, Inc., JP)"
mail.bluetie.com,1,"AS19133 (BIRD-HOSTING, US)"
tomevault-com.mail.protection.outlook.com,1,"AS8075 (MICROSOFT-CORP-MSN-AS-BLOCK, US)"
_dc-mx.ee9c0620d027.tonightsbang.com,1,"AS48336 (DAZOOT-AS Splaiul Unirii 160, Corp C3, Et. 2, RO)"
frpro3.fcomet.com,1,
mail.toolve.com,1,"AS14061 (DIGITALOCEAN-ASN, US)"
mx6.tomsoutletw.com,1,
topessayunreal.com,1,"AS20473 (AS-VULTR, US)"
smtp.toopitoo.com,1,"AS16276 (OVH, FR)"
mail.topseos.com,1,"AS398101 (GO-DADDY-COM-LLC, US)"
topregal-com.mail.protection.outlook.com,1,"AS8075 (MICROSOFT-CORP-MSN-AS-BLOCK, US)"
topslrcameras.com,1,"AS33182 (DIMENOC, US)"
mail.topessaywritingbase.com,1,"AS50474 (O2SWITCH, FR)"
mail.tonermix.ru,1,"AS29182 (RU-JSCIOT, RU)"
mx.freewebhosting.com.bd,1,"AS34119 (WILDCARD-AS Wildcard UK Limited, GB)"
mail.tormails.com,1,"AS49981 (WORLDSTREAM, NL)"
mx.topwebinfos.info,1,"AS14061 (DIGITALOCEAN-ASN, US)"
topfunkyfinds.co.uk,1,"AS8560 (IONOS-AS This is the joint network for IONOS, Fasthosts, Arsys, 1&1 Mail and Media and 1&1 Telecom. Formerly known as 1&1 Internet SE., DE)"
mail.legitplayer.shop,1,"AS16276 (OVH, FR)"
mail.torcmail.com,1,"AS12586 (ASGHOSTNET, DE)"
mail.tophopstudio.com,1,"AS212317 (HETZNER-CLOUD3-AS, DE)"
mx.torresink.com.cust.b.hostedemail.com,1,
mail.tototogel4d.xyz,1,"AS22612 (NAMECHEAP-NET, US)"
torrent411.fr.nf,1,"AS16276 (OVH, FR)"
mx1.total-research.com,1,"AS197695 (AS-REG, RU)"
mail.tourexam.com,1,"AS19318 (IS-AS-1, US)"
mail.tippy.net,1,"AS36473 (CONTE-25-BLA-RST, US)"
falcon.sliqua.com,1,"AS32740 (SLIQUA, US)"
mail.totumail.com,1,"AS12586 (ASGHOSTNET, DE)"
relay1.nextgen.topsec.com,1,"AS202053 (UPCLOUD, FI)"
mx-inx.townpostmail.com,1,"AS14061 (DIGITALOCEAN-ASN, US)"
toni.io.vn,1,
mail.toto96.com,1,"AS214036 (ULTAHOST-AS, US)"
tipperary.net,1,"AS29550 (SIMPLYTRANSIT, GB)"
totococo.fr.nf,1,"AS16276 (OVH, FR)"
tossy.info,1,"AS9371 (SAKURA-C SAKURA Internet Inc., JP)"
mail.cellica.com,1,"AS29873 (BIZLAND-SD, US)"
townisp-com.mx.av-mx.com,1,"AS31898 (ORACLE-BMC-31898, US)"
mail.toxmail.ru,1,"AS12586 (ASGHOSTNET, DE)"
mail.tpmail.pl,1,"AS47544 (IQPL-AS, PL)"
mx.tp-qa-mail.com,1,"AS16276 (OVH, FR)"
mail.tpsoftwaresolutions.com,1,"AS46606 (UNIFIEDLAYER-AS-1, US)"
tppp.online,1,"AS24940 (HETZNER-AS, DE)"
mx.loomail.com,1,"AS36352 (AS-COLOCROSSING, US)"
mail10.toyota.com,1,"AS22843 (PROOFPOINT-ASN-US-EAST, US)"
tppp.one,1,"AS24940 (HETZNER-AS, DE)"
mail.trackerok.ru,1,"AS207728 (EUROHOSTER Hosting Provider EuroHoster Ltd., BG)"
mail.trackeva.com,1,"AS55293 (A2HOSTING, US)"
mail.tracheobronfl.com,1,"AS12586 (ASGHOSTNET, DE)"
terminus.tracciabi.li,1,"AS24940 (HETZNER-AS, DE)"
mail.tr8mail.com,1,"AS12586 (ASGHOSTNET, DE)"
mail.tracheobronmail.ru,1,"AS12586 (ASGHOSTNET, DE)"
mail.torgovyicenter.ru,1,"AS29182 (RU-JSCIOT, RU)"
mail.tracheosmail.com,1,"AS12586 (ASGHOSTNET, DE)"
mail.trademarkprotectionplus.com,1,"AS16276 (OVH, FR)"
trad.com,1,"AS22611 (INMOTION, US)"
mail.tracheobronebml.ru,1,"AS12586 (ASGHOSTNET, DE)"
mail.trailtoppest.com,1,"AS47583 (AS-HOSTINGER, CY)"
mail.traditionfml.ru,1,"AS12586 (ASGHOSTNET, DE)"
mail.traditionmail.ru,1,"AS12586 (ASGHOSTNET, DE)"
mail.toyotataganka.ru,1,"AS16509 (AMAZON-02, US)"
traffictrapper.site,1,"AS54290 (HOSTWINDS, US)"
traffictrigger.net,1,"AS54290 (HOSTWINDS, US)"
trakable-com.mail.protection.outlook.com,1,"AS8075 (MICROSOFT-CORP-MSN-AS-BLOCK, US)"
mail.transcendeml.ru,1,"AS12586 (ASGHOSTNET, DE)"
mail.transillumimail.ru,1,"AS12586 (ASGHOSTNET, DE)"
mail.transillrsmail.ru,1,"AS12586 (ASGHOSTNET, DE)"
mail.transillummails.ru,1,"AS12586 (ASGHOSTNET, DE)"
mail.transillumimails.ru,1,"AS12586 (ASGHOSTNET, DE)"
mail.transportamail.com,1,"AS12586 (ASGHOSTNET, DE)"
mail.transportemail.ru,1,"AS12586 (ASGHOSTNET, DE)"
trafficxtractor.com,1,"AS54290 (HOSTWINDS, US)"
mail.transsemalis.com,1,"AS12586 (ASGHOSTNET, DE)"
mail.trapezoolml.ru,1,"AS12586 (ASGHOSTNET, DE)"
mail.trashmail-mailbox.com,1,"AS60781 (LEASEWEB-NL-AMS-01 Netherlands, NL)"
mail.transmogrifmail.com,1,"AS12586 (ASGHOSTNET, DE)"
mail.transmutmail.ru,1,"AS12586 (ASGHOSTNET, DE)"
mx.trash-mail.net,1,"AS16276 (OVH, FR)"
mail.trapezfmals.com,1,"AS12586 (ASGHOSTNET, DE)"
_dc-mx.2778bba8934d.trashmail.in,1,"AS24940 (HETZNER-AS, DE)"
mail.transactionuds.ru,1,"AS12586 (ASGHOSTNET, DE)"
mail.trash2010.com,1,"AS24940 (HETZNER-AS, DE)"
mail.traslex.com,1,"AS47583 (AS-HOSTINGER, CY)"
mail.trashimail.com,1,"AS23352 (SERVERCENTRAL, US)"
mail1.trashymail.com,1,"AS44418 (BITDEFENDER-AS, RO)"
mail.tmfservice.com.br,1,"AS19871 (NETWORK-SOLUTIONS-HOSTING, US)"
mail.trashmail.ws,1,"AS207083 (HOSTSLIM-GLOBAL-NETWORK, NL)"
mail.tma.uz,1,"AS35326 (SUVAN-NET, UZ)"
mail.tmgranada.es,1,"AS50926 (AXARNET-AS, ES)"
mx.trashmailr.com,1,"AS197540 (NETCUP-AS netcup GmbH, DE)"
mx1.6v4.it,1,"AS207252 (REALTOX-MEDIA, DE)"
mail1.trash2009.com,1,"AS44418 (BITDEFENDER-AS, RO)"
mail.travionex.cfd,1,"AS203446 (AS203446, GB)"
mail.travile.com,1,"AS14061 (DIGITALOCEAN-ASN, US)"
tmponline-de0i.mail.protection.outlook.com,1,"AS8075 (MICROSOFT-CORP-MSN-AS-BLOCK, US)"
mail.tmp.cash,1,"AS39287 (ABSTRACT, FI)"
treatance.com,1,"AS47583 (AS-HOSTINGER, CY)"
mail.trash247.com,1,"AS39912 (I3B-AS, AT)"
mail.tmlbyg.dk,1,"AS51377 (COMASYS, DK)"
mail.tmsolucoes.com.br,1,"AS19871 (NETWORK-SOLUTIONS-HOSTING, US)"
mail.travelua.ru,1,"AS201814 (MEVSPACE, PL)"
mail.trendbettor.com,1,"AS11320 (LIGHTEDGE-AS-02, US)"
mail.trashmails.it,1,"AS24940 (HETZNER-AS, DE)"
trashmail.hu,1,"AS210772 (NEWPUSH, HU)"
mail6.triger.com.pl,1,"AS24940 (HETZNER-AS, DE)"
mail.treatmentjo.ru,1,"AS12586 (ASGHOSTNET, DE)"
tmpail.fr.nf,1,"AS16276 (OVH, FR)"
mail.treponemails.ru,1,"AS12586 (ASGHOSTNET, DE)"
mail.travodoctor.ru,1,"AS29182 (RU-JSCIOT, RU)"
mail.triakisocemail.ru,1,"AS12586 (ASGHOSTNET, DE)"
mail.trickence.com,1,"AS47583 (AS-HOSTINGER, CY)"
mail.trickyfucm.com,1,"AS47583 (AS-HOSTINGER, CY)"
trevors-org.mail.protection.outlook.com,1,"AS8075 (MICROSOFT-CORP-MSN-AS-BLOCK, US)"
mail.tribolofml.com,1,"AS12586 (ASGHOSTNET, DE)"
mail.trichfml.com,1,"AS12586 (ASGHOSTNET, DE)"
trendnews.eu.org,1,"AS20068 (HAWKHOST, CA)"
treon-org.mail.protection.outlook.com,1,"AS8075 (MICROSOFT-CORP-MSN-AS-BLOCK, US)"
mail.trichopamail.com,1,"AS12586 (ASGHOSTNET, DE)"
mxa2.fwd.astutium.com,1,"AS29527 (ASTUTIUM-AS Astutium Limited, GB)"
mail.trinovia.cfd,1,"AS203446 (AS203446, GB)"
trichic.com.br,1,"AS46606 (UNIFIEDLAYER-AS-1, US)"
trichopatmail.com,1,"AS9123 (TIMEWEB-AS, RU)"
mail.trezvostrus.ru,1,"AS16276 (OVH, FR)"
mail.trilitemail.ru,1,"AS12586 (ASGHOSTNET, DE)"
mail.trigonommails.ru,1,"AS12586 (ASGHOSTNET, DE)"
tripolis-com.mail.protection.outlook.com,1,"AS8075 (MICROSOFT-CORP-MSN-AS-BLOCK, US)"
mx10.websupport.se,1,"AS41528 (LOOPIA3, SE)"
slu21svky.com,1,"AS47583 (AS-HOSTINGER, CY)"
mail.triparish.net,1,"AS19871 (NETWORK-SOLUTIONS-HOSTING, US)"
sltmail-com.mail.protection.outlook.com,1,"AS8075 (MICROSOFT-CORP-MSN-AS-BLOCK, US)"
mail.trinitrofm.ru,1,"AS12586 (ASGHOSTNET, DE)"
mail.trolleyjo.ru,1,"AS12586 (ASGHOSTNET, DE)"
malibuzz.troofer.com,1,"AS51167 (CONTABO, DE)"
smallntm.lol,1,"AS47583 (AS-HOSTINGER, CY)"
mail.trovantis.cfd,1,"AS203446 (AS203446, GB)"
mail.troveniq.cfd,1,"AS203446 (AS203446, GB)"
mail.tropicaemail.ru,1,"AS12586 (ASGHOSTNET, DE)"
mail.smart-thailand.com,1,
mail.smallbutnaughty.com,1,"AS210079 (EUROBYTE, RU)"
smartgrid-com.mail.protection.outlook.com,1,"AS8075 (MICROSOFT-CORP-MSN-AS-BLOCK, US)"
mail.trucert.com,1,"AS852 (TELUS Communications, CA)"
mail.tron.pl,1,"AS16276 (OVH, FR)"
mail.truevfvs.site,1,"AS16509 (AMAZON-02, US)"
mail.smartkeeda.net,1,"AS16509 (AMAZON-02, US)"
mail.tijdelijkmailadres.nl,1,"AS30870 (TRANS-IX-AS Trans-iX Autonomous System, NL)"
mail.smellfear.com,1,
mx1.truckaccidentlawyerpennsylvania.org,1,"AS200107 (KL-EXT, CH)"
mx6.trushsymptomstreatment.com,1,
mail.trufilth.com,1,"AS22489 (DATABANK-CASTLEACCESS, US)"
mail.trust-mailbox.com,1,"AS12586 (ASGHOSTNET, DE)"
mail.trust-mail.ru,1,"AS12586 (ASGHOSTNET, DE)"
mail.trusmail.net,1,"AS12586 (ASGHOSTNET, DE)"
mx.truhealth.shop.cust.b.hostedemail.com,1,"AS32491 (TUCOWS-3, CA)"
smithemail-net.mail.protection.outlook.com,1,"AS8075 (MICROSOFT-CORP-MSN-AS-BLOCK, US)"
trusturs-com.in.shield.security,1,"AS16509 (AMAZON-02, US)"
_dc-mx.f89671dbfa48.smsinbox.shop,1,"AS214481 (WCZAPKOWICZ-AS as214481as-wczapkowicz Chunkserve Backbone Transit, PL)"
trustfb.online,1,"AS328364 (Host-Africa-AS, ZA)"
aravis.smeux.com,1,"AS16276 (OVH, FR)"
a795737.mx.mailhop.org,1,"AS16509 (AMAZON-02, US)"
mail.trysti.us,1,"AS51167 (CONTABO, DE)"
mail.smoothjourneymail.com,1,"AS12586 (ASGHOSTNET, DE)"
mail.tryburner.email,1,"AS63949 (AKAMAI-LINODE-AP Akamai Connected Cloud, SG)"
mail.tryninja.io,1,"AS63949 (AKAMAI-LINODE-AP Akamai Connected Cloud, SG)"
mail.trynta.com,1,"AS14061 (DIGITALOCEAN-ASN, US)"
mail.smiletransport.com,1,"AS56067 (METRABYTE-TH 453 Ladplacout Jorakhaebua, TH)"
mail.trusttravellive.net,1,"AS10297 (ENET-2, US)"
mail.trypanosomfmals.com,1,"AS12586 (ASGHOSTNET, DE)"
mail.trypanopt.ru,1,"AS12586 (ASGHOSTNET, DE)"
sms-at.mail.protection.outlook.com,1,"AS8075 (MICROSOFT-CORP-MSN-AS-BLOCK, US)"
tryzoe.com,1,"AS47583 (AS-HOSTINGER, CY)"
smoug.net,1,"AS2514 (INFOSPHERE NTT PC Communications, Inc., JP)"
trusted.trading,1,"AS14061 (DIGITALOCEAN-ASN, US)"
mx.tsnmw.com,1,"AS14061 (DIGITALOCEAN-ASN, US)"
mail.tsreademail.com,1,"AS12586 (ASGHOSTNET, DE)"
mail.trusttravellive.org,1,"AS10297 (ENET-2, US)"
m02.internetmailserver.net,1,"AS14415 (HOSTCOLLECTIVE, US)"
mail.trusttravellive.info,1,"AS10297 (ENET-2, US)"
mail.smtp33.com,1,"AS47583 (AS-HOSTINGER, CY)"
trydeal.com,1,"AS29802 (HVC-AS, US)"
tualias-com.mail.protection.outlook.com,1,"AS8075 (MICROSOFT-CORP-MSN-AS-BLOCK, US)"
mail.ttsport42.ru,1,"AS198068 (PAGM-AS, EE)"
mail.tubermail.com,1,"AS12586 (ASGHOSTNET, DE)"
mail.snapmail.site,1,"AS24940 (HETZNER-AS, DE)"
mail.snapmail.cc,1,"AS45102 (ALIBABA-CN-NET Alibaba US Technology Co., Ltd., CN)"
mail.tuberfml.com,1,"AS12586 (ASGHOSTNET, DE)"
netcarrier-mx.email-protect.gosecure.net,1,"AS29909 (METROOPTIC, CA)"
mail.snowdaycalculatornow.com,1,"AS31898 (ORACLE-BMC-31898, US)"
mail.sngcom.ru,1,"AS200487 (OOOVPS-AS, RU)"
w01590c9.kasserver.com,1,"AS34788 (NMM-AS D - 02742 Friedersdorf Hauptstrasse 68, DE)"
tunestan.com,1,"AS22612 (NAMECHEAP-NET, US)"
mail.tunelux.com,1,"AS14061 (DIGITALOCEAN-ASN, US)"
mail.sneakers-blog.com,1,"AS48635 (CLDIN-NL Your Hosting B.V. part of Your.Online, NL)"
mail.snapbrentwood.org,1,"AS41000 (FREETHOUGHT-AS, GB)"
mail.snooker.cybranceehost.com,1,"AS24940 (HETZNER-AS, DE)"
mail.soantiy.com,1,"AS47583 (AS-HOSTINGER, CY)"
mail.travelmadeease.com,1,"AS47583 (AS-HOSTINGER, CY)"
mx2.turbospinz.co,1,"AS200107 (KL-EXT, CH)"
mail.tupmail.com,1,"AS16276 (OVH, FR)"
mx1.snos.ru,1,"AS35769 (GPNS, RU)"
sobreplasticosymas-com.mail.protection.outlook.com,1,"AS8075 (MICROSOFT-CORP-MSN-AS-BLOCK, US)"
mail.turf.exchange,1,"AS16276 (OVH, FR)"
email.turkeyth.com,1,"AS14061 (DIGITALOCEAN-ASN, US)"
mail.turkuazballooning.com,1,"AS51557 (TR-ISIMTESCIL-20201202, TR)"
socialmediamonitoring.nl,1,"AS14061 (DIGITALOCEAN-ASN, US)"
turkishad.com,1,"AS56851 (VPS-UA-AS, UA)"
mail.sochidzns.ru,1,"AS8342 (RTCOMM-AS, RU)"
mail.socimail.ru,1,"AS12586 (ASGHOSTNET, DE)"
mail.soeermewh.com,1,"AS47583 (AS-HOSTINGER, CY)"
mail.turual.com,1,"AS14061 (DIGITALOCEAN-ASN, US)"
mail.tuscerrajerosvalladolid.com,1,"AS16276 (OVH, FR)"
mail.turkishairlinesopen.golf,1,"AS31898 (ORACLE-BMC-31898, US)"
mail.sociopomail.com,1,"AS12586 (ASGHOSTNET, DE)"
mx001.sofort-mail.com,1,"AS24940 (HETZNER-AS, DE)"
socmail-net.mail.protection.outlook.com,1,"AS8075 (MICROSOFT-CORP-MSN-AS-BLOCK, US)"
tutuapp.bid,1,"AS47583 (AS-HOSTINGER, CY)"
mail.turkishcitizenshipbyinvestments.com,1,"AS49334 (SH-COM-, TR)"
mail.turkey-nedv.ru,1,"AS59729 (ITL-BG, US)"
pmg.sobat.net.id,1,"AS138117 (IDNIC-SOBAT-AS-ID PT. Solusindo Basis Teknologi, ID)"
softgirl-shop.mail.protection.outlook.com,1,"AS8075 (MICROSOFT-CORP-MSN-AS-BLOCK, US)"
mail.soda55.com,1,"AS21859 (ZEN-ECN, US)"
tusitiowebgratis.com.ar,1,"AS23352 (SERVERCENTRAL, US)"
softovik.biz,1,"AS51167 (CONTABO, DE)"
mail01.gedo.se,1,"AS199950 (HJELM-ENTERPRISES-AB, SE)"
msv.softbank.ne.jp,1,"AS17505 (SBMOBILE SoftBank Corp., JP)"
mail.tverya.com,1,"AS47583 (AS-HOSTINGER, CY)"
da1.v.fozzy.com,1,"AS35415 (WEBZILLA, NL)"
mx.tvm.mail.pl,1,"AS20473 (AS-VULTR, US)"
_dc-mx.9e4ef0eea843.tutor.edu.kg,1,"AS31898 (ORACLE-BMC-31898, US)"
mail.tvoymanager.ru,1,"AS16276 (OVH, FR)"
sokpe.com,1,"AS58487 (CRI-AS-AP CV. Rumahweb Indonesia, ID)"
sohumx2.sohu.com,1,"AS4837 (CHINA169-BACKBONE CHINA UNICOM China169 Backbone, CN)"
mx1.solarnyx.com,1,"AS16276 (OVH, FR)"
solarcraft-net.mail.protection.outlook.com,1,"AS8075 (MICROSOFT-CORP-MSN-AS-BLOCK, US)"
mail.solenox.cfd,1,"AS203446 (AS203446, GB)"
mail.twelfthstatecbd.com,1,"AS20473 (AS-VULTR, US)"
mail.soleciemail.ru,1,"AS12586 (ASGHOSTNET, DE)"
mx1.solar-impact.pro,1,"AS200107 (KL-EXT, CH)"
solarz-net.mail.protection.outlook.com,1,"AS8075 (MICROSOFT-CORP-MSN-AS-BLOCK, US)"
mail.solarflarecorp.com,1,"AS24940 (HETZNER-AS, DE)"
socialmediaguru.co.za,1,"AS328471 (Hero-Telecoms, ZA)"
mail.solecistmail.ru,1,"AS12586 (ASGHOSTNET, DE)"
mail.twins1.com,1,"AS209 (CENTURYLINK-US-LEGACY-QWEST, US)"
mail.solenodomail.ru,1,"AS12586 (ASGHOSTNET, DE)"
_dc-mx.0561cd6e3d55.solidsmm.net,1,"AS399275 (SOLID, US)"
mail.solidungfml.com,1,"AS12586 (ASGHOSTNET, DE)"
mail.solecistml.com,1,"AS12586 (ASGHOSTNET, DE)"
twincreekshosp-com.mail.protection.outlook.com,1,"AS8075 (MICROSOFT-CORP-MSN-AS-BLOCK, US)"
mail.twistabomail.com,1,"AS12586 (ASGHOSTNET, DE)"
soliedmail.com,1,"AS9123 (TIMEWEB-AS, RU)"
mail.solitermail.com,1,"AS12586 (ASGHOSTNET, DE)"
mail.solquira.cfd,1,"AS203446 (AS203446, GB)"
119428174.pamx1.hotmail.com,1,"AS8075 (MICROSOFT-CORP-MSN-AS-BLOCK, US)"
mail.soliloquml.com,1,"AS12586 (ASGHOSTNET, DE)"
eauq59bind.twinoaktelco.com,1,"AS14061 (DIGITALOCEAN-ASN, US)"
inbox.solidmail.org,1,"AS8648 (ONE-NETWORK, DE)"
mxa-00752701.gslb.pphosted.com,1,"AS52129 (PROOFPOINT-ASN-EU, US)"
mail.solstris.com,1,"AS16509 (AMAZON-02, US)"
tweet.fr.nf,1,"AS16276 (OVH, FR)"
mail.smarttickethub.com,1,"AS141995 (CAPL-AS-AP Contabo Asia Private Limited, SG)"
_dc-mx.e970a4722807.twooceanstours.com,1,"AS16276 (OVH, FR)"
mail.twycloudy.com,1,"AS47583 (AS-HOSTINGER, CY)"
mail.txen.de,1,"AS197540 (NETCUP-AS netcup GmbH, DE)"
mail.somatot.com,1,"AS12586 (ASGHOSTNET, DE)"
mx.somdhosting.com,1,"AS14061 (DIGITALOCEAN-ASN, US)"
_dc-mx.05b232066a89.tworcyimprez.pl,1,"AS16276 (OVH, FR)"
twojekonto.pl,1,"AS41966 (SKYNET, PL)"
mail.somatmail.ru,1,"AS12586 (ASGHOSTNET, DE)"
mail.soniot.online,1,"AS203446 (AS203446, GB)"
mail.soniot.store,1,"AS203446 (AS203446, GB)"
bak002.sonrusu.com,1,"AS14061 (DIGITALOCEAN-ASN, US)"
mail.soniot.fr,1,"AS203446 (AS203446, GB)"
mail.twojalawenda.pl,1,"AS15626 (GF-UA, US)"
soniconsultants-com.mail.protection.outlook.com,1,"AS8075 (MICROSOFT-CORP-MSN-AS-BLOCK, US)"
mail.soniot.info,1,"AS203446 (AS203446, GB)"
twinzero.net,1,"AS131965 (XSERVER Xserver Inc., JP)"
email.grolen.com,1,"AS7922 (COMCAST-7922, US)"
mail.sonyymail.com,1,"AS212317 (HETZNER-CLOUD3-AS, DE)"
mail.sooomail.com,1,"AS12586 (ASGHOSTNET, DE)"
mail.sopharmsn.com,1,"AS209605 (HOSTBALTIC, LT)"
sophiecostumes-com.mail.protection.outlook.com,1,"AS8075 (MICROSOFT-CORP-MSN-AS-BLOCK, US)"
mail.sophistsemail.com,1,"AS12586 (ASGHOSTNET, DE)"
mail.sorbabfml.com,1,"AS12586 (ASGHOSTNET, DE)"
mail.sortsml.com,1,"AS47583 (AS-HOSTINGER, CY)"
mail.soporimail.ru,1,"AS12586 (ASGHOSTNET, DE)"
mail.sororifmail.ru,1,"AS12586 (ASGHOSTNET, DE)"
mail.rediffmailpro.com,1,"AS38224 (REDIFF-AS Rediff.com India Limited, IN)"
mail.tydamail.com,1,"AS12586 (ASGHOSTNET, DE)"
mail.sotermails.ru,1,"AS12586 (ASGHOSTNET, DE)"
sopbet.net,1,"AS21859 (ZEN-ECN, US)"
soruvi-com.mail.protection.outlook.com,1,"AS8075 (MICROSOFT-CORP-MSN-AS-BLOCK, US)"
mail.typhommail.ru,1,"AS12586 (ASGHOSTNET, DE)"
mail.soteriotomail.com,1,"AS12586 (ASGHOSTNET, DE)"
mx.tynemouth.net,1,"AS52148 (ENIXLTD, GB)"
mail.sotemail.ru,1,"AS12586 (ASGHOSTNET, DE)"
mx.soulfire.pl,1,"AS14061 (DIGITALOCEAN-ASN, US)"
mail.typhomamail.ru,1,"AS12586 (ASGHOSTNET, DE)"
uwillsuc-pw0ci.mail.protection.outlook.com,1,"AS8075 (MICROSOFT-CORP-MSN-AS-BLOCK, US)"
mail.southeastefiml.ru,1,"AS12586 (ASGHOSTNET, DE)"
mail.tzymail.com,1,"AS132203 (TENCENT-NET-AP-CN Tencent Building, Kejizhongyi Avenue, CN)"
southmiamiroofing-com.mail.protection.outlook.com,1,"AS8075 (MICROSOFT-CORP-MSN-AS-BLOCK, US)"
mail.u4nzbr5q3.com,1,"AS47583 (AS-HOSTINGER, CY)"
mail.u6lvty2.com,1,"AS47583 (AS-HOSTINGER, CY)"
mail.sonophon.ru,1,"AS7018 (ATT-INTERNET4, US)"
mx0.u-s-k.ru,1,"AS44128 (INTERNET-PRO-AS, RU)"
mail.ua3jx7n0w3.com,1,"AS47583 (AS-HOSTINGER, CY)"
mail.southafrica-nedv.ru,1,"AS49505 (SELECTEL, RU)"
tyhe.ro,1,"AS208475 (NRG, RO)"
spa.mail.protection.office365.us,1,"AS8075 (MICROSOFT-CORP-MSN-AS-BLOCK, US)"
mail.uapproves.com,1,"AS47583 (AS-HOSTINGER, CY)"
uam.com,1,"AS40092 (ONIAAS, US)"
mail.spaces.ru,1,"AS24940 (HETZNER-AS, DE)"
mx.uaucriativa.com,1,"AS13335 (CLOUDFLARENET, US)"
mail.spambox.me,1,"AS14061 (DIGITALOCEAN-ASN, US)"
mail.uaxpress.com,1,"AS14061 (DIGITALOCEAN-ASN, US)"
mail.slipperyjo.ru,1,"AS12586 (ASGHOSTNET, DE)"
mail.slippery.email,1,"AS16509 (AMAZON-02, US)"
smtp.spamarrest.com,1,"AS14618 (AMAZON-AES, US)"
mail.ubetoo.com,1,"AS13335 (CLOUDFLARENET, US)"
mail.slingomother.ru,1,"AS198068 (PAGM-AS, EE)"
mail.spam-nicht.de,1,"AS197540 (NETCUP-AS netcup GmbH, DE)"
mail.ubiquitemail.ru,1,"AS12586 (ASGHOSTNET, DE)"
mail.ubiquitoolml.ru,1,"AS12586 (ASGHOSTNET, DE)"
mail.ubiquitmails.ru,1,"AS12586 (ASGHOSTNET, DE)"
mail.spamelka.com,1,"AS24940 (HETZNER-AS, DE)"
mail.spamcon.org,1,"AS40618 (SESAME, US)"
mail.ubiqumail.com,1,"AS12586 (ASGHOSTNET, DE)"
mail.slimz.top,1,"AS16276 (OVH, FR)"
ubmail-com.mail.protection.outlook.com,1,"AS8075 (MICROSOFT-CORP-MSN-AS-BLOCK, US)"
uberlandiacontabil.com.br,1,"AS32244 (LIQUIDWEB, US)"
mail.spamail.de,1,"AS197540 (NETCUP-AS netcup GmbH, DE)"
spammedic.com,1,"AS32475 (SINGLEHOP-LLC, US)"
mail.ubiquitmail.ru,1,"AS12586 (ASGHOSTNET, DE)"
spammotel.com,1,"AS32491 (TUCOWS-3, CA)"
mail.ubars.ru,1,"AS49505 (SELECTEL, RU)"
mail.spamok.com.ua,1,"AS24940 (HETZNER-AS, DE)"
mail.ucemail.com,1,"AS31898 (ORACLE-BMC-31898, US)"
mx.southernsalvation.com,1,"AS16509 (AMAZON-02, US)"
mail.spamok.de,1,"AS24940 (HETZNER-AS, DE)"
webmail.udmissoon.com,1,"AS14061 (DIGITALOCEAN-ASN, US)"
mail.spark0flife.com,1,"AS12586 (ASGHOSTNET, DE)"
mail.spamok.com,1,"AS24940 (HETZNER-AS, DE)"
mail.spamok.fr,1,"AS24940 (HETZNER-AS, DE)"
mail.udo8.com,1,"AS14061 (DIGITALOCEAN-ASN, US)"
m97d.udingclin.com,1,"AS14061 (DIGITALOCEAN-ASN, US)"
mail.spatiotempolml.ru,1,"AS12586 (ASGHOSTNET, DE)"
mail.spamok.nl,1,"AS24940 (HETZNER-AS, DE)"
mx.specialmailmonster.online,1,"AS20473 (AS-VULTR, US)"
ucms.edu.pk,1,"AS36352 (AS-COLOCROSSING, US)"
mail.speakfree.net,1,"AS7018 (ATT-INTERNET4, US)"
mail.speakerion.com,1,"AS14061 (DIGITALOCEAN-ASN, US)"
mail.speakerbookingagency.com,1,"AS16509 (AMAZON-02, US)"
mxtls.expurgate.net,1,"AS29014 (SCALEUP, DE)"
mail.ubm.md,1,"AS201206 (LINEVAST, DE)"
mail.spamok.es,1,"AS24940 (HETZNER-AS, DE)"
udsinimura.online,1,"AS32475 (SINGLEHOP-LLC, US)"
mail.udbbsaa.store,1,"AS132203 (TENCENT-NET-AP-CN Tencent Building, Kejizhongyi Avenue, CN)"
mail.speedlooking.fun,1,"AS40021 (CONTABO-40021, US)"
mail.spectroscopmail.ru,1,"AS12586 (ASGHOSTNET, DE)"
mail.spectrophotooli.ru,1,"AS12586 (ASGHOSTNET, DE)"
_dc-mx.8b9eed65fba0.speedsogolink.com,1,"AS26496 (AS-26496-GO-DADDY-COM-LLC, US)"
spectaculargrove.com,1,"AS24940 (HETZNER-AS, DE)"
mx6.speeddategirls.com,1,
sparkypremium.com,1,"AS199695 (ANYM-NET, ID)"
mail0001.speed-mail.co.uk,1,"AS24940 (HETZNER-AS, DE)"
mail.spfence.net,1,"AS31898 (ORACLE-BMC-31898, US)"
a918482.mx.mailhop.org,1,"AS16509 (AMAZON-02, US)"
mail.ufc.edu.pl,1,"AS24940 (HETZNER-AS, DE)"
mx1.securemail.name,1,"AS44592 (SKYLINK, NL)"
mail.spermatmail.com,1,"AS12586 (ASGHOSTNET, DE)"
mail.sphygemetmail.com,1,"AS12586 (ASGHOSTNET, DE)"
sphiritlab.com,1,"AS23352 (SERVERCENTRAL, US)"
mail.spicysoda.com,1,"AS16276 (OVH, FR)"
mail.spiculigfml.com,1,"AS12586 (ASGHOSTNET, DE)"
ar.vmx.terra.com,1,
slot889.net,1,"AS26496 (AS-26496-GO-DADDY-COM-LLC, US)"
speedmail.lol,1,"AS16276 (OVH, FR)"
mail.sphenopemail.ru,1,"AS12586 (ASGHOSTNET, DE)"
_dc-mx.d471eb002571.ugrafix.com,1,"AS14670 (WHG-USE1, GB)"
mail.udoit2.eu,1,"AS34762 (COMBELL-AS, BE)"
mail.mail.uhq.wtf,1,
mx6.uggbuystorejp.com,1,
mail.spayderhed-2022.ru,1,"AS44094 (WEBHOST1-AS, RU)"
spiritsingles.com,1,"AS29802 (HVC-AS, US)"
mail.spirittomail.com,1,"AS12586 (ASGHOSTNET, DE)"
mail.spirituamail.ru,1,"AS12586 (ASGHOSTNET, DE)"
mail.spblt.ru,1,"AS44094 (WEBHOST1-AS, RU)"
mail.febas.net,1,"AS24940 (HETZNER-AS, DE)"
mail.splenomeml.ru,1,"AS12586 (ASGHOSTNET, DE)"
mail.spiritualifiml.ru,1,"AS12586 (ASGHOSTNET, DE)"
spized-com.mail.protection.outlook.com,1,"AS8075 (MICROSOFT-CORP-MSN-AS-BLOCK, US)"
mail.ujames3nh.com,1,"AS47583 (AS-HOSTINGER, CY)"
mail.sportevia.com,1,"AS209767 (SAMTECO, RO)"
mail.ujxspots.com,1,"AS47583 (AS-HOSTINGER, CY)"
sportarch-site.mail.protection.outlook.com,1,"AS8075 (MICROSOFT-CORP-MSN-AS-BLOCK, US)"
mailserver.uk.to,1,"AS8560 (IONOS-AS This is the joint network for IONOS, Fasthosts, Arsys, 1&1 Mail and Media and 1&1 Telecom. Formerly known as 1&1 Internet SE., DE)"
smtp.uk.org,1,"AS16509 (AMAZON-02, US)"
sporexbet.com,1,"AS46844 (SHARKTECH, US)"
_dc-mx.7631c20b73f9.ukm.ovh,1,"AS24940 (HETZNER-AS, DE)"
uk-is.mail.protection.outlook.com,1,"AS8075 (MICROSOFT-CORP-MSN-AS-BLOCK, US)"
mail.spotale.com,1,"AS14061 (DIGITALOCEAN-ASN, US)"
mx.uk2.net.cust.a.hostedemail.com,1,"AS15348 (TUCOWS, CA)"
sportscentertltc.com,1,"AS46475 (LIMESTONENETWORKS, US)"
zenon.ukraina.net,1,"AS47253 (AS-BNETSET, PS)"
mail.ulaptopsn.com,1,"AS47583 (AS-HOSTINGER, CY)"
mail.uhhu.ru,1,"AS211183 (ADMINVPS, RU)"
mail1.spoofmail.de,1,"AS24940 (HETZNER-AS, DE)"
ukmailhub.pro,1,"AS49467 (EUROTA-ASN EUROTA INTERNET SERVICES LTD, TR)"
gateway.ukrmail.org.ua,1,"AS20473 (AS-VULTR, US)"
7etjtgr9qc8m.mail-manager-smtp.eu-central-1.on.aws,1,"AS16509 (AMAZON-02, US)"
mail.ulteriq.cfd,1,"AS203446 (AS203446, GB)"
ultimateteamsite.com,1,"AS40676 (AS40676, US)"
mail.vas-hosting.cz,1,"AS39392 (SUPERNETWORK _, CZ)"
ultimatebusinessservices-com.mail.protection.outlook.com,1,"AS8075 (MICROSOFT-CORP-MSN-AS-BLOCK, US)"
mail.ultramomail.com,1,"AS12586 (ASGHOSTNET, DE)"
mail.squashship.com,1,"AS47583 (AS-HOSTINGER, CY)"
ultimateturfinc-net.mail.protection.outlook.com,1,"AS8075 (MICROSOFT-CORP-MSN-AS-BLOCK, US)"
mail.ultravex.cfd,1,"AS203446 (AS203446, GB)"
mail.ultimobramails.ru,1,"AS12586 (ASGHOSTNET, DE)"
mail.ultranationamy.com,1,"AS12586 (ASGHOSTNET, DE)"
mail1.spoofmail.es,1,"AS24940 (HETZNER-AS, DE)"
mail.ukrbudservice.site,1,"AS56485 (THEHOST-AS, UA)"
mail.ultramodernfml.ru,1,"AS12586 (ASGHOSTNET, DE)"
mail.ultranatiomail.ru,1,"AS12586 (ASGHOSTNET, DE)"
mail.ultranationalebml.ru,1,"AS12586 (ASGHOSTNET, DE)"
mail.ultrasomail.ru,1,"AS12586 (ASGHOSTNET, DE)"
mail.spoofmail.fr,1,"AS24940 (HETZNER-AS, DE)"
umata.net,1,"AS8075 (MICROSOFT-CORP-MSN-AS-BLOCK, US)"
mail.ultramicremail.ru,1,"AS12586 (ASGHOSTNET, DE)"
mail.ulturmail.com,1,"AS12586 (ASGHOSTNET, DE)"
mail.squizzy.de,1,"AS197540 (NETCUP-AS netcup GmbH, DE)"
mail.squizzy.net,1,"AS197540 (NETCUP-AS netcup GmbH, DE)"
srikandi-id.mail.protection.outlook.com,1,"AS8075 (MICROSOFT-CORP-MSN-AS-BLOCK, US)"
srf-fr.mail.protection.outlook.com,1,"AS8075 (MICROSOFT-CORP-MSN-AS-BLOCK, US)"
mx1.ntchosting.com,1,"AS14555 (LIQUIDNETLTD1, US)"
mail.umbilicumail.com,1,"AS12586 (ASGHOSTNET, DE)"
mail.umail.asia,1,"AS16276 (OVH, FR)"
dhl-com.fortimailcloud.com,1,"AS40934 (FORTINET, US)"
umbrila-com.mail.protection.outlook.com,1,"AS8075 (MICROSOFT-CORP-MSN-AS-BLOCK, US)"
mail.umlimte.com,1,"AS24940 (HETZNER-AS, DE)"
mail.squizzy.eu,1,"AS197540 (NETCUP-AS netcup GmbH, DE)"
mx1.umail4less.bid,1,"AS200107 (KL-EXT, CH)"
mail.unaccountamy.com,1,"AS12586 (ASGHOSTNET, DE)"
mx3.mailpod15-cph3.g1i.one.com,1,"AS51468 (ONECOM, DK)"
mail.unabbremail.ru,1,"AS12586 (ASGHOSTNET, DE)"
mail.unaccustils.ru,1,"AS12586 (ASGHOSTNET, DE)"
mail.unadmittufml.ru,1,"AS12586 (ASGHOSTNET, DE)"
ssahgfemrl.com,1,"AS14061 (DIGITALOCEAN-ASN, US)"
mail.unafforfm.ru,1,"AS12586 (ASGHOSTNET, DE)"
mail.unamali.ru,1,"AS12586 (ASGHOSTNET, DE)"
mail.unaccommomails.ru,1,"AS12586 (ASGHOSTNET, DE)"
mailx.xnsregistrar.com,1,"AS20473 (AS-VULTR, US)"
_dc-mx.fdc05ce12ffa.sprytny.edu.pl,1,"AS51167 (CONTABO, DE)"
_dc-mx.b56fba7dfcd8.splyie.com,1,"AS51167 (CONTABO, DE)"
mail.sqlnex.com,1,"AS51167 (CONTABO, DE)"
mail.africantrust.org,1,"AS26496 (AS-26496-GO-DADDY-COM-LLC, US)"
mail.sova.publicvm.com,1,"AS8075 (MICROSOFT-CORP-MSN-AS-BLOCK, US)"
ulm-dsl.de,1,"AS25538 (IN-ULM, DE)"
mail.urbismail.com,1,"AS32613 (IWEB-AS, CA)"
mail.yyxxi.com,1,"AS14061 (DIGITALOCEAN-ASN, US)"
mail.yyj295r31.com,1,"AS47583 (AS-HOSTINGER, CY)"
mail.yzkrachel.com,1,"AS47583 (AS-HOSTINGER, CY)"
_dc-mx.caba5cd90f6d.urlme.online,1,"AS20068 (HAWKHOST, CA)"
mail21.mymailcheap.com,1,"AS16276 (OVH, FR)"
mail.yzcalo.com,1,"AS24940 (HETZNER-AS, DE)"
mail.z06.nl,1,"AS47172 (GREENHOST, NL)"
mail.ureteromail.com,1,"AS12586 (ASGHOSTNET, DE)"
mail.ureterorromail.com,1,"AS12586 (ASGHOSTNET, DE)"
z7az14m.com,1,"AS47583 (AS-HOSTINGER, CY)"
mailforward104.cloudns.net,1,"AS16276 (OVH, FR)"
mail.uranmails.ru,1,"AS12586 (ASGHOSTNET, DE)"
mail.uranosc.ru,1,"AS12586 (ASGHOSTNET, DE)"
mail.urtitomail.com,1,"AS12586 (ASGHOSTNET, DE)"
mail.urethromail.ru,1,"AS12586 (ASGHOSTNET, DE)"
mail.ureteroenterogmail.ru,1,"AS12586 (ASGHOSTNET, DE)"
mail.urbanmail.ru,1,"AS12586 (ASGHOSTNET, DE)"
mail.uretersmail.ru,1,"AS12586 (ASGHOSTNET, DE)"
mail.urobilmail.ru,1,"AS12586 (ASGHOSTNET, DE)"
mail.z1p.biz,1,"AS57043 (HOSTKEY-AS, NL)"
mx1.postal.machon.dev,1,"AS51167 (CONTABO, DE)"
mail.uricodomail.com,1,"AS12586 (ASGHOSTNET, DE)"
mx.inter.net.il,1,"AS12400 (PARTNER-AS, IL)"
mail.usefulab.com,1,"AS47583 (AS-HOSTINGER, CY)"
w0157741.kasserver.com,1,"AS34788 (NMM-AS D - 02742 Friedersdorf Hauptstrasse 68, DE)"
gsinult4.hostarmada.net,1,"AS59253 (LEASEWEB-APAC-SIN-11 LEASEWEB SINGAPORE PTE. LTD., SG)"
mail.zannichellm.com,1,"AS12586 (ASGHOSTNET, DE)"
poczta.zabankowani.pl,1,"AS31242 (TKPSA-AS, PL)"
mail.use.carolinensielhafen.click,1,"AS51167 (CONTABO, DE)"
zapatos-sk.mail.protection.outlook.com,1,"AS8075 (MICROSOFT-CORP-MSN-AS-BLOCK, US)"
mx8.aftermarket.hosting,1,"AS48707 (AS48707-OPS-, PL)"
mail.zain.com.co,1,"AS53667 (PONYNET, US)"
mx.clean-mailbox.com,1,"AS12876 (Online SAS, FR)"
mx.zapbox.fr.cust.b.hostedemail.com,1,"AS32491 (TUCOWS-3, CA)"
mail.usharingk.com,1,"AS47583 (AS-HOSTINGER, CY)"
w02014e8.kasserver.com,1,"AS34788 (NMM-AS D - 02742 Friedersdorf Hauptstrasse 68, DE)"
mail.zarhq.com,1,"AS14061 (DIGITALOCEAN-ASN, US)"
mail.uralmaxx.ru,1,
mail.usgeek.org,1,"AS3842 (RAMNODE, US)"
_dc-mx.6922a5c5658b.usm.ovh,1,"AS24940 (HETZNER-AS, DE)"
mail.uspeakw.com,1,"AS47583 (AS-HOSTINGER, CY)"
mail.uraplive.com,1,"AS51167 (CONTABO, DE)"
_dc-mx.4dcd580a5622.zawell.xyz,1,"AS24940 (HETZNER-AS, DE)"
mail.zaxoffice.com,1,"AS47583 (AS-HOSTINGER, CY)"
mail.ustudentli.com,1,"AS47583 (AS-HOSTINGER, CY)"
mail.ustilagimy.com,1,"AS12586 (ASGHOSTNET, DE)"
mx3-cluster18.immenzaces.com,1,"AS137488 (ICEWARP-AS-AP IceWarp Technologies Pvt. Ltd., IN)"
mail.usedhospitalbeds.com,1,"AS29182 (RU-JSCIOT, RU)"
mail.dxov.fun,1,
mail.ustilali.com,1,"AS12586 (ASGHOSTNET, DE)"
a860474.mx.mailhop.org,1,"AS16509 (AMAZON-02, US)"
mail.usufrmail.com,1,"AS12586 (ASGHOSTNET, DE)"
mail.usufrmails.ru,1,"AS12586 (ASGHOSTNET, DE)"
ustemp.us,1,"AS24961 (MYLOC-AS IP Backbone of WIIT AG formerly myLoc managed IT AG, DE)"
mail.uterogrml.com,1,"AS12586 (ASGHOSTNET, DE)"
mail.uterovesml.com,1,"AS12586 (ASGHOSTNET, DE)"
mail.uterocesalo.ru,1,"AS12586 (ASGHOSTNET, DE)"
mail.uterfl.com,1,"AS12586 (ASGHOSTNET, DE)"
mail.utiliseremail.com,1,"AS12586 (ASGHOSTNET, DE)"
mail.utoo.email,1,"AS47583 (AS-HOSTINGER, CY)"
mail.zdfpost.net,1,"AS47583 (AS-HOSTINGER, CY)"
zdenka.net,1,"AS47583 (AS-HOSTINGER, CY)"
mail.utemail.ru,1,"AS12586 (ASGHOSTNET, DE)"
mail.uteromalu.ru,1,"AS12586 (ASGHOSTNET, DE)"
mx.utimail.com,1,"AS29873 (BIZLAND-SD, US)"
mail.zealian.com,1,"AS14061 (DIGITALOCEAN-ASN, US)"
mail.ekspreso.net,1,"AS63949 (AKAMAI-LINODE-AP Akamai Connected Cloud, SG)"
mail.utirsmail.ru,1,"AS12586 (ASGHOSTNET, DE)"
_dc-mx.7ccbf0c60908.uuaoo.com,1,
mail.zebrank.com,1,"AS199404 (WHG-IN, GB)"
omzsmtpe04.verizonbusiness.com,1,"AS3378 (MCI-ASN, US)"
mail.zdorove-polar.ru,1,"AS29182 (RU-JSCIOT, RU)"
mx1.uukx.info,1,"AS200107 (KL-EXT, CH)"
mx.uvvc.info,1,"AS14061 (DIGITALOCEAN-ASN, US)"
_dc-mx.549a0755439d.zelenetehnologije.edu.rs,1,"AS51167 (CONTABO, DE)"
mail.zelenkamail.com,1,"AS12586 (ASGHOSTNET, DE)"
mail.zellatrix.cfd,1,"AS203446 (AS203446, GB)"
mail.zehnminuten.de,1,
mail.zelooemail.ru,1,"AS12586 (ASGHOSTNET, DE)"
mail.usa.edu.pl,1,"AS24940 (HETZNER-AS, DE)"
usagica.com,1,"AS7506 (INTERQ GMO Internet Group, Inc., JP)"
zaa-org.mail.protection.outlook.com,1,"AS8075 (MICROSOFT-CORP-MSN-AS-BLOCK, US)"
usach-com.mail.protection.outlook.com,1,"AS8075 (MICROSOFT-CORP-MSN-AS-BLOCK, US)"
mx1.exclusivehosting.net,1,"AS14555 (LIQUIDNETLTD1, US)"
mail.zahacz.pl,1,"AS47544 (IQPL-AS, PL)"
redirect.ovh.net,1,"AS16276 (OVH, FR)"
mail.usako.be,1,"AS8075 (MICROSOFT-CORP-MSN-AS-BLOCK, US)"
mail.uranostaphmail.com,1,"AS12586 (ASGHOSTNET, DE)"
p.usduu.com,1,"AS401696 (COGNETCLOUD, US)"
moscow1.notslow.ru,1,"AS12695 (DINET-AS, RU)"
mail.ureterogmail.ru,1,"AS12586 (ASGHOSTNET, DE)"
zenithinbox.com,1,"AS47583 (AS-HOSTINGER, CY)"
mail.uretercystmail.ru,1,"AS12586 (ASGHOSTNET, DE)"
zemzar.net,1,"AS14670 (WHG-USE1, GB)"
mail.zenthira.cfd,1,"AS203446 (AS203446, GB)"
tabak003.usdatapoint.com,1,"AS14061 (DIGITALOCEAN-ASN, US)"
mail.zenthara.cfd,1,"AS203446 (AS203446, GB)"
d15381a.ess.barracudanetworks.com,1,"AS16509 (AMAZON-02, US)"
mail.zephyros.cfd,1,"AS203446 (AS203446, GB)"
mail.use.beachvolleyball.click,1,"AS51167 (CONTABO, DE)"
mail.zer02.cfd,1,"AS16276 (OVH, FR)"
mx.zendrops.shop.cust.b.hostedemail.com,1,"AS32491 (TUCOWS-3, CA)"
mail.uz6tgwk.com,1,"AS47583 (AS-HOSTINGER, CY)"
zentrum.hopto.org,1,"AS30722 (VODAFONE-IT-ASN, IT)"
racks.zenthranet.com,1,"AS14061 (DIGITALOCEAN-ASN, US)"
mail.zeronerbacomail.com,1,"AS207957 (SERVHOST-AS, GB)"
mail.urules.ru,1,"AS211642 (ADMINVPS, RU)"
zerocoptermail.com,1,"AS20857 (TRANSIP-AS Amsterdam, the Netherlands, NL)"
zeta.edu.pl,1,"AS24940 (HETZNER-AS, DE)"
zerocopter.dev,1,"AS20857 (TRANSIP-AS Amsterdam, the Netherlands, NL)"
mail.zerograv.top,1,"AS132203 (TENCENT-NET-AP-CN Tencent Building, Kejizhongyi Avenue, CN)"
urwifi.guru,1,"AS29757 (WEBLINE19, US)"
mail0001.v21net.co.uk,1,"AS24940 (HETZNER-AS, DE)"
mail.v-kv.com,1,"AS29182 (RU-JSCIOT, RU)"
mx.zeytech.net.cust.b.hostedemail.com,1,"AS32491 (TUCOWS-3, CA)"
mail.vaelix.cfd,1,"AS24940 (HETZNER-AS, DE)"
ancient.vacpocket.com,1,"AS35916 (MULTA-ASN1, US)"
mx1.zfymail.com,1,"AS24940 (HETZNER-AS, DE)"
mail.vaginomail.com,1,"AS12586 (ASGHOSTNET, DE)"
mail.uygunboyaci.com,1,"AS49467 (EUROTA-ASN EUROTA INTERNET SERVICES LTD, TR)"
mail.ysimo.com,1,"AS214986 (ASNERI1, ES)"
_dc-mx.fa59de981630.zige.my,1,"AS214481 (WCZAPKOWICZ-AS as214481as-wczapkowicz Chunkserve Backbone Transit, PL)"
mx4.webhouse.sk,1,"AS29405 (VNET-AS, SK)"
filter1.zenith-2.mailguard.com.au,1,"AS8075 (MICROSOFT-CORP-MSN-AS-BLOCK, US)"
mx6.valtrexprime.com,1,
mx1.zidu.pw,1,"AS200107 (KL-EXT, CH)"
mail.zimlorth.cfd,1,"AS14061 (DIGITALOCEAN-ASN, US)"
mail.vaginmails.ru,1,"AS12586 (ASGHOSTNET, DE)"
mail.vaginomsalo.ru,1,"AS12586 (ASGHOSTNET, DE)"
mail.valuenu.com,1,"AS47583 (AS-HOSTINGER, CY)"
mail.valeriantomail.com,1,"AS12586 (ASGHOSTNET, DE)"
mail.valedictolml.ru,1,"AS12586 (ASGHOSTNET, DE)"
mail.valetufmk.com,1,"AS12586 (ASGHOSTNET, DE)"
mail.vaginoml.ru,1,"AS12586 (ASGHOSTNET, DE)"
vait-se0e.mail.protection.outlook.com,1,"AS8075 (MICROSOFT-CORP-MSN-AS-BLOCK, US)"
mx20.antispam.mailspamprotection.com,1,"AS396982 (GOOGLE-CLOUD-PLATFORM, US)"
valtrexsbl.site,1,"AS63949 (AKAMAI-LINODE-AP Akamai Connected Cloud, SG)"
mail.zingiberomail.com,1,"AS12586 (ASGHOSTNET, DE)"
mail.vemma.xyz,1,
valenciabackpackers.com,1,"AS60494 (UNELINK, ES)"
vandorp-eu.o-v1.mx.microsoft,1,"AS8075 (MICROSOFT-CORP-MSN-AS-BLOCK, US)"
vmail.evestamail.com,1,"AS213230 (HETZNER-CLOUD2-AS, DE)"
mail.zezis.ru,1,"AS56694 (SMARTAPE, RU)"
vapits.net,1,"AS55293 (A2HOSTING, US)"
mail.valersmail.ru,1,"AS12586 (ASGHOSTNET, DE)"
ziplinegear.biz,1,"AS51167 (CONTABO, DE)"
mail.zira.my,1,"AS14061 (DIGITALOCEAN-ASN, US)"
zippyinbox.com,1,"AS47583 (AS-HOSTINGER, CY)"
mail.zizo7.com,1,"AS14061 (DIGITALOCEAN-ASN, US)"
mail.van87.com,1,"AS24940 (HETZNER-AS, DE)"
mail.vamails.ru,1,"AS12586 (ASGHOSTNET, DE)"
mail.vapulfml.ru,1,"AS12586 (ASGHOSTNET, DE)"
mail.vargosmail.com,1,"AS12586 (ASGHOSTNET, DE)"
mail.variofmail.com,1,"AS12586 (ASGHOSTNET, DE)"
inx.varting.com,1,"AS14061 (DIGITALOCEAN-ASN, US)"
mail.vasoinhibmfri.com,1,"AS12586 (ASGHOSTNET, DE)"
mail.zivox.sbs,1,"AS14061 (DIGITALOCEAN-ASN, US)"
vanessa-castro.com,1,"AS37907 (DIGIROCK DigiRock, Inc., JP)"
_dc-mx.54e096260988.varangaofficial.ru,1,"AS211381 (PODAON, LV)"
w0126846.kasserver.com,1,"AS34788 (NMM-AS D - 02742 Friedersdorf Hauptstrasse 68, DE)"
varix.site,1,"AS29802 (HVC-AS, US)"
mail.vaporamail.ru,1,"AS12586 (ASGHOSTNET, DE)"
mail.variamalu.ru,1,"AS12586 (ASGHOSTNET, DE)"
mtain-ac101.asynccomm.zoom.us,1,"AS14618 (AMAZON-AES, US)"
mail.zknow.org,1,"AS19871 (NETWORK-SOLUTIONS-HOSTING, US)"
mail.vasudhaindia.com,1,"AS394695 (PUBLIC-DOMAIN-REGISTRY, US)"
ziza.pl,1,"AS39566 (AS-SMARTHOST-, PL)"
mail.zipzi.site,1,"AS132203 (TENCENT-NET-AP-CN Tencent Building, Kejizhongyi Avenue, CN)"
mail.vbv.cards,1,"AS44486 (SYNLINQ synlinq.de, DE)"
mail.uncompemalu.ru,1,"AS12586 (ASGHOSTNET, DE)"
mail.vavadacasino.icu,1,
mail.znnxguest.com,1,"AS47583 (AS-HOSTINGER, CY)"
mail.uncomplimmail.ru,1,"AS12586 (ASGHOSTNET, DE)"
mail.unconstifmail.ru,1,"AS12586 (ASGHOSTNET, DE)"
p.webcom.ctmail.com,1,
mail.vbroqa.com,1,"AS24940 (HETZNER-AS, DE)"
mail.vcois.com,1,"AS14061 (DIGITALOCEAN-ASN, US)"
mail.undercapimail.com,1,"AS12586 (ASGHOSTNET, DE)"
mail.undepreciumail.com,1,"AS12586 (ASGHOSTNET, DE)"
underdog-co-uk.mail.protection.outlook.com,1,"AS8075 (MICROSOFT-CORP-MSN-AS-BLOCK, US)"
mail.unconqueramail.ru,1,"AS12586 (ASGHOSTNET, DE)"
mail.uncivilimail.ru,1,"AS12586 (ASGHOSTNET, DE)"
mail.underpopulmfri.com,1,"AS12586 (ASGHOSTNET, DE)"
mail.znemail.com,1,"AS12586 (ASGHOSTNET, DE)"
mail.understasmail.com,1,"AS12586 (ASGHOSTNET, DE)"
mail.undercapitafml.ru,1,"AS12586 (ASGHOSTNET, DE)"
mail.undefatmail.ru,1,"AS12586 (ASGHOSTNET, DE)"
mail.uncompromisimail.ru,1,"AS12586 (ASGHOSTNET, DE)"
mail.uncompaebml.ru,1,"AS12586 (ASGHOSTNET, DE)"
mail.uncomfortabmail.ru,1,"AS12586 (ASGHOSTNET, DE)"
mail.uncomails.ru,1,"AS12586 (ASGHOSTNET, DE)"
mail.undiplommalu.ru,1,"AS12586 (ASGHOSTNET, DE)"
mail.uncommunicamail.ru,1,"AS12586 (ASGHOSTNET, DE)"
mail.uncoordmails.ru,1,"AS12586 (ASGHOSTNET, DE)"
mail.uncoorsmail.ru,1,"AS12586 (ASGHOSTNET, DE)"
mail.uncoordmail.ru,1,"AS12586 (ASGHOSTNET, DE)"
mail.unconquerableufml.ru,1,"AS12586 (ASGHOSTNET, DE)"
mail.undistingumails.ru,1,"AS12586 (ASGHOSTNET, DE)"
mail.undemonstremail.ru,1,"AS12586 (ASGHOSTNET, DE)"
mail.veb37.com,1,"AS14061 (DIGITALOCEAN-ASN, US)"
smtpin.zoho.in,1,"AS56201 (ZOHO-IN Zoho Corporation Pvt. Ltd, IN)"
mail.undelivmail.ru,1,"AS12586 (ASGHOSTNET, DE)"
mail.undifferentfml.ru,1,"AS12586 (ASGHOSTNET, DE)"
mail.underestimyu.ru,1,"AS12586 (ASGHOSTNET, DE)"
mail.underempml.ru,1,"AS12586 (ASGHOSTNET, DE)"
mail.undernrsmail.ru,1,"AS12586 (ASGHOSTNET, DE)"
mail.underrepre.ru,1,"AS12586 (ASGHOSTNET, DE)"
mail.veedraw.com,1,"AS14061 (DIGITALOCEAN-ASN, US)"
mail.undiscriemail.ru,1,"AS12586 (ASGHOSTNET, DE)"
mail.vapecentral.ru,1,"AS44094 (WEBHOST1-AS, RU)"
mail.vecinomail.com,1,"AS12586 (ASGHOSTNET, DE)"
mail.zmiev.ru,1,"AS210079 (EUROBYTE, RU)"
mx1.zontero.win,1,"AS200107 (KL-EXT, CH)"
mx6.zoroastersite.com,1,
mail.zoogeographli.com,1,"AS12586 (ASGHOSTNET, DE)"
mail.zosce.com,1,"AS14061 (DIGITALOCEAN-ASN, US)"
mail.zoomofficechairs.co.uk,1,"AS22612 (NAMECHEAP-NET, US)"
mail.velatrix.cfd,1,"AS203446 (AS203446, GB)"
mail.vegymail.com,1,"AS12586 (ASGHOSTNET, DE)"
mail.velocityinbox.cfd,1,"AS24940 (HETZNER-AS, DE)"
webmail.zorrag.com,1,"AS16276 (OVH, FR)"
zpapersek.com,1,"AS47583 (AS-HOSTINGER, CY)"
s12786.usc1.stableserver.net,1,"AS36454 (WHG-DAL, GB)"
mx.undeva.net,1,"AS10439 (CARINET, US)"
mail.zorrodemail.com,1,"AS12586 (ASGHOSTNET, DE)"
uws8-wpm-011.cafe24.com,1,"AS4766 (KIXS-AS-KR Korea Telecom, KR)"
zoophytmail.com,1,"AS9123 (TIMEWEB-AS, RU)"
mail.zplotsuu.com,1,"AS47583 (AS-HOSTINGER, CY)"
mail.vcheaperp.com,1,"AS132203 (TENCENT-NET-AP-CN Tencent Building, Kejizhongyi Avenue, CN)"
velocetterecords.com,1,"AS215117 (HOSTERDADDY, IN)"
mail.venariq.cfd,1,"AS203446 (AS203446, GB)"
mail.veltexline.com,1,"AS141995 (CAPL-AS-AP Contabo Asia Private Limited, SG)"
mail.velismail.com,1,"AS12586 (ASGHOSTNET, DE)"
mail.venaten.com,1,"AS14061 (DIGITALOCEAN-ASN, US)"
_dc-mx.3c827fe1dfc0.vemrecik.com,1,"AS42807 (AEROTEK-AS, TR)"
zouz.fr.nf,1,"AS16276 (OVH, FR)"
mail.ventrovia.cfd,1,"AS203446 (AS203446, GB)"
mail.venerabfml.com,1,"AS12586 (ASGHOSTNET, DE)"
mail.venereolsemail.com,1,"AS12586 (ASGHOSTNET, DE)"
mail.vegasplus.ru,1,"AS204601 (PODAON, NL)"
zubacteriax.com,1,"AS47583 (AS-HOSTINGER, CY)"
mail2.velikovsky.cz,1,"AS49985 (IP4ISP, CZ)"
mail.ventura17.ru,1,"AS58061 (SCALAXY-AS, LV)"
zorg.fr.nf,1,"AS16276 (OVH, FR)"
mail.zudpck.com,1,"AS24940 (HETZNER-AS, DE)"
mxr.zumaroll.com,1,"AS14061 (DIGITALOCEAN-ASN, US)"
mail.veridicalmail.com,1,"AS12586 (ASGHOSTNET, DE)"
zumail-net.mail.protection.outlook.com,1,"AS8075 (MICROSOFT-CORP-MSN-AS-BLOCK, US)"
mta6.verizo.net,1,"AS19318 (IS-AS-1, US)"
vejohy.info,1,"AS131965 (XSERVER Xserver Inc., JP)"
mxa-002d7b01.gslb.pphosted.com,1,"AS26211 (PROOFPOINT-ASN-US-WEST, US)"
mta6.verision.net,1,"AS19318 (IS-AS-1, US)"
zuuel-com.mail.protection.outlook.com,1,"AS8075 (MICROSOFT-CORP-MSN-AS-BLOCK, US)"
mail.verum.email,1,"AS14061 (DIGITALOCEAN-ASN, US)"
mx.zxcvbn.in,1,"AS14061 (DIGITALOCEAN-ASN, US)"
a398867.mx.mailhop.org,1,"AS16509 (AMAZON-02, US)"
mail.verticamail.com,1,"AS12586 (ASGHOSTNET, DE)"
zuza.se,1,"AS20857 (TRANSIP-AS Amsterdam, the Netherlands, NL)"
mail.vetra.cyou,1,"AS14061 (DIGITALOCEAN-ASN, US)"
mail.vernacmail.ru,1,"AS12586 (ASGHOSTNET, DE)"
mail.zpp.su,1,"AS29182 (RU-JSCIOT, RU)"
mail.vexi.my,1,"AS14061 (DIGITALOCEAN-ASN, US)"
mail.vexalor.cfd,1,"AS203446 (AS203446, GB)"
zxcvbnm-co-uk.mail.protection.outlook.com,1,"AS8075 (MICROSOFT-CORP-MSN-AS-BLOCK, US)"
mail.zypherin.cfd,1,"AS203446 (AS203446, GB)"
mail.tdb.de,1,"AS3209 (VODANET International IP-Backbone of Vodafone, DE)"
mail.zyranova.cfd,1,"AS203446 (AS203446, GB)"
mail.zyvenix.cfd,1,"AS203446 (AS203446, GB)"
mx1.zyntramail.com,1,"AS24940 (HETZNER-AS, DE)"
mail.vesiculokl.ru,1,"AS12586 (ASGHOSTNET, DE)"
mail.vertebraraml.ru,1,"AS12586 (ASGHOSTNET, DE)"
mail.vesicovme.ru,1,"AS12586 (ASGHOSTNET, DE)"
mail.wiedabei.de,1,"AS24940 (HETZNER-AS, DE)"
mail.verbee.ru,1,"AS29182 (RU-JSCIOT, RU)"
vhoutdoor.com,1,"AS47583 (AS-HOSTINGER, CY)"
mx.postal.hidemail.app,1,"AS24940 (HETZNER-AS, DE)"
mx.viagra-cheap.org,1,"AS14061 (DIGITALOCEAN-ASN, US)"
mail.zygospor.ru,1,"AS12586 (ASGHOSTNET, DE)"
mx.victoriaalison.com,1,"AS14061 (DIGITALOCEAN-ASN, US)"
victormesquita-dev.mail.protection.outlook.com,1,"AS8075 (MICROSOFT-CORP-MSN-AS-BLOCK, US)"
veo33.io.vn,1,
victoriagatecasino-co-uk.mail.protection.outlook.com,1,"AS8075 (MICROSOFT-CORP-MSN-AS-BLOCK, US)"
vigi-com.mail.protection.outlook.com,1,"AS8075 (MICROSOFT-CORP-MSN-AS-BLOCK, US)"
mail.villabhj.com,1,"AS47583 (AS-HOSTINGER, CY)"
zzrg.org,1,"AS15967 (NETARTGROUP, PL)"
mail.vimto.store,1,"AS16276 (OVH, FR)"
mail01.vigra-tadacip.info,1,"AS36351 (SOFTLAYER, US)"
mail.vigoneo.com,1,"AS19871 (NETWORK-SOLUTIONS-HOSTING, US)"
_dc-mx.52624a285dff.vip-mail.info,1,"AS214481 (WCZAPKOWICZ-AS as214481as-wczapkowicz Chunkserve Backbone Transit, PL)"
mail.vipitv.com,1,"AS3842 (RAMNODE, US)"
mail.vipcherry.com,1,"AS3842 (RAMNODE, US)"
mail.via902.com,1,"AS135905 (VNPT-AS-VN VIETNAM POSTS AND TELECOMMUNICATIONS GROUP, VN)"
viola.gq,1,"AS397423 (TIER-NET, US)"
mail.virelio.cfd,1,"AS203446 (AS203446, GB)"
_dc-mx.607f8a2506a8.vipbirthdaycoupons.com,1,"AS33182 (DIMENOC, US)"
mail.vipmail.club,1,"AS31898 (ORACLE-BMC-31898, US)"
mail.virtuous-studio.com,1,"AS26496 (AS-26496-GO-DADDY-COM-LLC, US)"
mail.violaquemail.ru,1,"AS12586 (ASGHOSTNET, DE)"
mx.vip.sohu.com,1,"AS4837 (CHINA169-BACKBONE CHINA UNICOM China169 Backbone, CN)"
vilnapresa.com,1,"AS24940 (HETZNER-AS, DE)"
163mx.cdn.163.net,1,"AS10032 (HGC-AS-AP BDX DC Services HK Limited, HK)"
visalus-com.mail.protection.outlook.com,1,"AS8075 (MICROSOFT-CORP-MSN-AS-BLOCK, US)"
virgilii.it,1,"AS16509 (AMAZON-02, US)"
mx6.visualimpactreviews.com,1,
visas-uk.com,1,"AS24940 (HETZNER-AS, DE)"
mail.visualarguments.com,1,"AS46606 (UNIFIEDLAYER-AS-1, US)"
mail.violamail.ru,1,"AS12586 (ASGHOSTNET, DE)"
mx.vintange.com,1,"AS31034 (ARUBA-ASN, IT)"
mail.viscerfmk.com,1,"AS12586 (ASGHOSTNET, DE)"
mail.vinbazar.com,1,"AS42655 (BESTHOSTING-AS, UA)"
malibuzz.vitalizehairmen.com,1,"AS51167 (CONTABO, DE)"
malibuzz.vitalizeskinforwomen.com,1,"AS51167 (CONTABO, DE)"
mail.viergroup.ru,1,"AS29182 (RU-JSCIOT, RU)"
primary.emea.email.fireeyecloud.com,1,"AS16509 (AMAZON-02, US)"
mail.viv2.com,1,"AS14061 (DIGITALOCEAN-ASN, US)"
vitengegalore.com,1,"AS13335 (CLOUDFLARENET, US)"
mx.vip555.ru,1,"AS24955 (UBN-AS, RU)"
mx.virgotv.com,1,"AS31034 (ARUBA-ASN, IT)"
mail.vitellomalis.com,1,"AS12586 (ASGHOSTNET, DE)"
mx.visionaryventures.store.cust.b.hostedemail.com,1,"AS32491 (TUCOWS-3, CA)"
viruprotect.ro,1,"AS205275 (ROMARG, RO)"
w012a9a9.kasserver.com,1,"AS34788 (NMM-AS D - 02742 Friedersdorf Hauptstrasse 68, DE)"
vitrifmail.com,1,"AS9123 (TIMEWEB-AS, RU)"
mail.vivomaiil.com,1,"AS12586 (ASGHOSTNET, DE)"
mail.vlemi.com,1,"AS14061 (DIGITALOCEAN-ASN, US)"
mail.vitriolmail.ru,1,"AS12586 (ASGHOSTNET, DE)"
mail.visacz.name,1,"AS29182 (RU-JSCIOT, RU)"
mail.vitellogmail.ru,1,"AS12586 (ASGHOSTNET, DE)"
mail.vipmail.today,1,"AS16276 (OVH, FR)"
server1.ohost.com.br,1,"AS33182 (DIMENOC, US)"
mail.vocationaml.com,1,"AS12586 (ASGHOSTNET, DE)"
mail.vjav.info,1,"AS39572 (ADVANCEDHOSTERS-AS, NL)"
mail.lixqa.cc,1,"AS44486 (SYNLINQ synlinq.de, DE)"
mail.vl.edu.vn,1,"AS150895 (EZTECH-VN EZ TECHNOLOGY COMPANY LIMITED, VN)"
mail.voltravia.cfd,1,"AS203446 (AS203446, GB)"
mail.vofyfuqero.pro,1,"AS24940 (HETZNER-AS, DE)"
mail.voidbx.com,1,"AS51167 (CONTABO, DE)"
mail.vomoto.com,1,"AS16276 (OVH, FR)"
mail.zooblllzz.dpdns.org,1,"AS24164 (UBBNET-AS-TW UNION BROADBAND NETWORK, TW)"
mail.vortalis.cfd,1,"AS203446 (AS203446, GB)"
mail.vingorod.ru,1,"AS3216 (SOVAM-AS, RU)"
mail.volumail.ru,1,"AS12586 (ASGHOSTNET, DE)"
vodka-dice.beauty,1,"AS48753 (AVAHOHST, MD)"
mail.vonlinne.se,1,"AS8075 (MICROSOFT-CORP-MSN-AS-BLOCK, US)"
p.vpnns.com,1,"AS401696 (COGNETCLOUD, US)"
mxa-004cc301.gslb.pphosted.com,1,"AS22843 (PROOFPOINT-ASN-US-EAST, US)"
volcanomail.com.au,1,"AS45638 (SYNERGYWHOLESALE-AP SYNERGY WHOLESALE PTY LTD, AU)"
mail.vogons.ru,1,"AS50340 (SELECTEL-MSK, RU)"
mail.vpanel.ru,1,"AS210079 (EUROBYTE, RU)"
mail.vr5gpowerv.com,1,"AS47583 (AS-HOSTINGER, CY)"
vpsh-com.mail.protection.outlook.com,1,"AS8075 (MICROSOFT-CORP-MSN-AS-BLOCK, US)"
mail.vracv.com,1,"AS16276 (OVH, FR)"
mail.vrmtr.com,1,"AS38320 (MMS-AS-ID PT Maxindo Mitra Solusi, ID)"
mail.vs904a6.com,1,"AS47583 (AS-HOSTINGER, CY)"
mta6.vreizon.net,1,"AS19318 (IS-AS-1, US)"
mail.voron.plus,1,
mail.vsmethodu.com,1,"AS47583 (AS-HOSTINGER, CY)"
mail.vrldmail.com,1,"AS12586 (ASGHOSTNET, DE)"
mail.vteachesb.com,1,"AS47583 (AS-HOSTINGER, CY)"
vsl3-co-uk.mail.protection.outlook.com,1,"AS8075 (MICROSOFT-CORP-MSN-AS-BLOCK, US)"
mail.dnsexit.com,1,"AS54489 (CORESPACE-DAL, US)"
mail.vse-casino.com,1,"AS200081 (SIM-NETWORKS, DE)"
mail.vtunesjge.com,1,"AS47583 (AS-HOSTINGER, CY)"
custom.vsmailpro.live,1,"AS40021 (CONTABO-40021, US)"
mail.vulca.sbs,1,"AS14061 (DIGITALOCEAN-ASN, US)"
vtcuong.site,1,"AS9371 (SAKURA-C SAKURA Internet Inc., JP)"
mail.vsimcard.com,1,"AS3209 (VODANET International IP-Backbone of Vodafone, DE)"
f3747df07b9e409607e326a15cbd34.pamx1.hotmail.com,1,"AS8075 (MICROSOFT-CORP-MSN-AS-BLOCK, US)"
vupwhich.com,1,"AS47583 (AS-HOSTINGER, CY)"
mail.vregion.ru,1,"AS34300 (SPACENET-AS Internet Service Provider, RU)"
mail.vvx046q.com,1,"AS47583 (AS-HOSTINGER, CY)"
mail.vulvovag.ru,1,"AS12586 (ASGHOSTNET, DE)"
mail.vxsolar.com,1,"AS14061 (DIGITALOCEAN-ASN, US)"
mail0001.vw-webmail.de,1,"AS24940 (HETZNER-AS, DE)"
mail.vystella.cfd,1,"AS203446 (AS203446, GB)"
mxa-007ab401.gslb.pphosted.com,1,"AS52129 (PROOFPOINT-ASN-EU, US)"
mail.w22fe21.com,1,"AS47583 (AS-HOSTINGER, CY)"
vtubernews.com,1,"AS131965 (XSERVER Xserver Inc., JP)"
mail.vsevnovosti.ru,1,"AS44094 (WEBHOST1-AS, RU)"
vrz-mms.mx.a.cloudfilter.net,1,"AS16509 (AMAZON-02, US)"
mail.w918bsq.com,1,"AS47583 (AS-HOSTINGER, CY)"
mail.vtormetresyrs.ru,1,"AS56694 (SMARTAPE, RU)"
w7k.com,1,"AS40092 (ONIAAS, US)"
mail.waivey.com,1,"AS14061 (DIGITALOCEAN-ASN, US)"
_dc-mx.aed11ecb2ba7.vinahost.net,1,"AS151858 (INTERDIGI-VN INTERDIGI JOINT STOCK COMPANY, VN)"
wakka-com.mail.protection.outlook.com,1,"AS8075 (MICROSOFT-CORP-MSN-AS-BLOCK, US)"
mail.walk2metro.com,1,"AS46606 (UNIFIEDLAYER-AS-1, US)"
walkritefootclinic-com.mail.protection.outlook.com,1,"AS8075 (MICROSOFT-CORP-MSN-AS-BLOCK, US)"
mail.wakywmail.com,1,"AS12586 (ASGHOSTNET, DE)"
_dc-mx.60c77b1a84ee.virtualprivateserversindia.com,1,"AS32244 (LIQUIDWEB, US)"
mail.vientrongrang.com.vn,1,"AS131392 (RUNSYSTEM-AS-VN GMO-Z.com Runsystem Joint Stock Company, VN)"
bind.walrage.com,1,"AS14061 (DIGITALOCEAN-ASN, US)"
wallstreetview.com,1,"AS32244 (LIQUIDWEB, US)"
walkmail.ru,1,"AS9002 (RETN-AS, GB)"
mx-a.dc2.filter-mail.com,1,"AS396982 (GOOGLE-CLOUD-PLATFORM, US)"
mail.warmence.com,1,"AS47583 (AS-HOSTINGER, CY)"
rainiermx1.ispn.net,1,"AS10320 (ISPN, US)"
mail.warnednl2.com,1,"AS47583 (AS-HOSTINGER, CY)"
www46.your-server.de,1,"AS24940 (HETZNER-AS, DE)"
washingtontimesnewstoday.com,1,"AS63949 (AKAMAI-LINODE-AP Akamai Connected Cloud, SG)"
waterisgone.com,1,"AS47583 (AS-HOSTINGER, CY)"
60f408ad083cb64cb6df3390a42a32.pamx1.hotmail.com,1,"AS8075 (MICROSOFT-CORP-MSN-AS-BLOCK, US)"
warlus.asso.st,1,"AS16276 (OVH, FR)"
mail.waventra.cfd,1,"AS203446 (AS203446, GB)"
watershedmelted.site,1,"AS35916 (MULTA-ASN1, US)"
mail.wawaservice75679.site,1,"AS132203 (TENCENT-NET-AP-CN Tencent Building, Kejizhongyi Avenue, CN)"
mail.waveneyhousehotel.com,1,"AS20738 (GD-EMEA-DC-LD5, GB)"
mail.warmmap.ru,1,"AS21100 (ITLDC-EU, US)"
mail.wawi.es,1,"AS12479 (UNI2-AS, ES)"
waztempe.com,1,"AS55286 (SERVER-MANIA, CA)"
vietnamnationalpark.org,1,"AS46606 (UNIFIEDLAYER-AS-1, US)"
gromsgi.pfizer.com,1,
_dc-mx.2cb2b6ad2ecd.web-design-malta.com,1,"AS51167 (CONTABO, DE)"
wearewynwood-com.mail.protection.outlook.com,1,"AS8075 (MICROSOFT-CORP-MSN-AS-BLOCK, US)"
mx.web-design-ni.co.uk,1,"AS13335 (CLOUDFLARENET, US)"
mail.viktorkedrovskiy.ru,1,
mx.oru.edu.gr,1,"AS214996 (NETCUP, DE)"
web-club.eu,1,"AS201200 (SUPERHOSTING_AS, BG)"
mail.web-contact.info,1,"AS9370 (SAKURA-B SAKURA Internet Inc., JP)"
mail.net-host.nz.eu.org,1,"AS132161 (VGRID-AS-AP vGRID Limited, NZ)"
webdesignspecialist.com.au,1,"AS29802 (HVC-AS, US)"
mail.webgmail.info,1,"AS41745 (FORTIS-AS Hosting services, RU)"
mail.webmail.bcm.edu.pl,1,"AS16276 (OVH, FR)"
mail.webm1.xyz,1,"AS399646 (DARTNODE, US)"
sendco.goix.net,1,"AS3214 (XTOM xTom GmbH, DE)"
mail.w4i3em6r.com,1,"AS47583 (AS-HOSTINGER, CY)"
webhane.com,1,"AS207459 (AS-TEKNOSOS-INT, TR)"
mail.webofip.com,1,"AS14061 (DIGITALOCEAN-ASN, US)"
webmailt.com,1,"AS3842 (RAMNODE, US)"
mail-mx1.weboors.com,1,"AS14061 (DIGITALOCEAN-ASN, US)"
mx.websitebod.com,1,"AS14061 (DIGITALOCEAN-ASN, US)"
mx.websitebooty.com,1,"AS14061 (DIGITALOCEAN-ASN, US)"
webmark.eting.org,1,"AS19624 (SERVERROOM, US)"
websend.net,1,"AS7506 (INTERQ GMO Internet Group, Inc., JP)"
webmaill.info,1,"AS49467 (EUROTA-ASN EUROTA INTERNET SERVICES LTD, TR)"
mx.webgarden.com,1,"AS43541 (VSHOSTING, CZ)"
mx.webgarden.at,1,"AS43541 (VSHOSTING, CZ)"
mail.websiterank.com,1,"AS16276 (OVH, FR)"
webstore.fr.nf,1,"AS16276 (OVH, FR)"
mx.webgarden.ro,1,"AS43541 (VSHOSTING, CZ)"
websterinc.com,1,"AS27229 (WEBHOST-ASN1, US)"
mx.wanmail.store,1,"AS24940 (HETZNER-AS, DE)"
webcare.tips,1,"AS14061 (DIGITALOCEAN-ASN, US)"
mail.webtoteam.shop,1,"AS35042 (LAYER7-NETWORKS-, DE)"
mail.weekfly.com,1,"AS14061 (DIGITALOCEAN-ASN, US)"
mx-in02.natrohost.com,1,"AS34619 (CIZGI, TR)"
mx.weepingdragon.net,1,"AS29873 (BIZLAND-SD, US)"
wegodelivery-com01b.mail.protection.outlook.com,1,"AS8075 (MICROSOFT-CORP-MSN-AS-BLOCK, US)"
blackhole.wanadoo.com,1,
wegwerpmailadres.nl,1,"AS20857 (TRANSIP-AS Amsterdam, the Netherlands, NL)"
weil4feet-com.mail.protection.outlook.com,1,"AS8075 (MICROSOFT-CORP-MSN-AS-BLOCK, US)"
mail.wavleg.com,1,"AS31898 (ORACLE-BMC-31898, US)"
ouchkat.wanadoo.ma,1,"AS36884 (MAROCCONNECT, MA)"
malibuzz.weinjobs.org,1,
mail.weightbalance.ru,1,"AS197695 (AS-REG, RU)"
wegas.ru,1,"AS205090 (FIRST-SERVER-EUROPE, GB)"
ouchkat.inwi.ma,1,"AS36884 (MAROCCONNECT, MA)"
wells-org-uk.p10.spamhero.com,1,"AS13767 (DATABANK-DFW, US)"
mx6.werrmai.com,1,
mail.wertaret.com,1,"AS14061 (DIGITALOCEAN-ASN, US)"
mail.wery-well.net,1,"AS16276 (OVH, FR)"
mail.wesleytatibana.com,1,"AS19871 (NETWORK-SOLUTIONS-HOSTING, US)"
tau10.ceti.pl,1,"AS15541 (CETI-AS CETI ISP, Poland, PL)"
web2mailco.com,1,"AS47583 (AS-HOSTINGER, CY)"
mail.wemail.pics,1,"AS132203 (TENCENT-NET-AP-CN Tencent Building, Kejizhongyi Avenue, CN)"
a792931.mx.mailhop.org,1,"AS16509 (AMAZON-02, US)"
mail.wfought0o.com,1,"AS47583 (AS-HOSTINGER, CY)"
colo1.webcamness.com,1,"AS14061 (DIGITALOCEAN-ASN, US)"
_dc-mx.e41905a3f99f.whaaaaaaaaaat.com,1,"AS20473 (AS-VULTR, US)"
mx1.web3453.de,1,"AS200107 (KL-EXT, CH)"
postmaster.whanuvur.com,1,"AS14061 (DIGITALOCEAN-ASN, US)"
mail.wett.ru,1,"AS50340 (SELECTEL-MSK, RU)"
mail.wetwall.ru,1,"AS21100 (ITLDC-EU, US)"
whiskeynotes-com.mail.protection.outlook.com,1,
webclub.infos.st,1,"AS16276 (OVH, FR)"
dvi08.vas-server.cz,1,"AS39392 (SUPERNETWORK _, CZ)"
wexxon.com,1,"AS22612 (NAMECHEAP-NET, US)"
websitedesignjb.com,1,"AS45668 (AIMS-MY-NET AIMS Data Centre Sdn Bhd, MY)"
_dc-mx.ed965cdf6e59.whoelsewantstoliveinmyhouse.com,1,"AS22612 (NAMECHEAP-NET, US)"
mail.wholemotionfitness.com,1,"AS22612 (NAMECHEAP-NET, US)"
mail.webmailzx.com,1,"AS24940 (HETZNER-AS, DE)"
whodj-com.mail.protection.outlook.com,1,"AS8075 (MICROSOFT-CORP-MSN-AS-BLOCK, US)"
whooshhub-com.mail.protection.outlook.com,1,
smtp.whyspam.me,1,"AS36236 (NETACTUATE, US)"
whyhealth-life.mail.protection.outlook.com,1,"AS8075 (MICROSOFT-CORP-MSN-AS-BLOCK, US)"
mail.whydoihaveacne.com,1,"AS23352 (SERVERCENTRAL, US)"
_dc-mx.3a90f7ad2a54.wifespictures.com,1,"AS51167 (CONTABO, DE)"
mail.wikizs.com,1,"AS14061 (DIGITALOCEAN-ASN, US)"
whoox.com,1,"AS24940 (HETZNER-AS, DE)"
wikiacne.com,1,"AS14061 (DIGITALOCEAN-ASN, US)"
_dc-mx.c288f43346f6.wikipedia.org.mx,1,"AS19318 (IS-AS-1, US)"
mail.wideray.ru,1,"AS21100 (ITLDC-EU, US)"
margarita.hostns.io,1,"AS25369 (BANDWIDTH-AS, GB)"
wifiit-at01b.mail.protection.outlook.com,1,"AS8075 (MICROSOFT-CORP-MSN-AS-BLOCK, US)"
mx.wildblue.net,1,
mail.wildbmail.com,1,"AS12586 (ASGHOSTNET, DE)"
wecemail-com.mail.protection.outlook.com,1,"AS8075 (MICROSOFT-CORP-MSN-AS-BLOCK, US)"
art.willleather.com,1,"AS52148 (ENIXLTD, GB)"
mxa-00256401.gslb.pphosted.com,1,"AS22843 (PROOFPOINT-ASN-US-EAST, US)"
wiltors.com,1,"AS19871 (NETWORK-SOLUTIONS-HOSTING, US)"
mail.wildcardonlinepoker.com,1,"AS36352 (AS-COLOCROSSING, US)"
ezmail.winemakerscorner.com,1,
windowsmanageddedicatedserver.com,1,"AS32244 (LIQUIDWEB, US)"
mxa-00111301.gslb.pphosted.com,1,"AS22843 (PROOFPOINT-ASN-US-EAST, US)"
mail.winocs.com,1,"AS14061 (DIGITALOCEAN-ASN, US)"
node156.myfcloudsg.com,1,"AS63949 (AKAMAI-LINODE-AP Akamai Connected Cloud, SG)"
mail.windt.org,1,"AS206281 (AS-ZXCS, NL)"
mx1.hostinger.ru,1,"AS13335 (CLOUDFLARENET, US)"
win4d.online,1,"AS26496 (AS-26496-GO-DADDY-COM-LLC, US)"
winslot97.net,1,"AS31898 (ORACLE-BMC-31898, US)"
im2.imail-server.net,1,"AS50926 (AXARNET-AS, ES)"
mail.wirlwide.com,1,"AS46606 (UNIFIEDLAYER-AS-1, US)"
winsbet88.org,1,"AS396356 (LATITUDE-SH, US)"
webmail.witusp.com,1,"AS16276 (OVH, FR)"
mail.winplay303.com,1,"AS21859 (ZEN-ECN, US)"
mail.wla9c4em.com,1,"AS47583 (AS-HOSTINGER, CY)"
wmlorgana.com,1,"AS47583 (AS-HOSTINGER, CY)"
mail.wokcy.com,1,"AS47583 (AS-HOSTINGER, CY)"
_dc-mx.9ad9a06644b4.woeemail.com,1,"AS51167 (CONTABO, DE)"
mx1.wmaill.site,1,"AS200107 (KL-EXT, CH)"
mail.wnbaldwy.com,1,"AS24940 (HETZNER-AS, DE)"
mail1.wlist.ro,1,"AS44418 (BITDEFENDER-AS, RO)"
_dc-mx.70c2e1c1c6af.wmlog.ru,1,"AS197695 (AS-REG, RU)"
mail.wiz.net.id,1,"AS138839 (AIL-AS-ID PT Adidaya Infocom Lestari, ID)"
mail.vtshosting21.co.uk,1,"AS46475 (LIMESTONENETWORKS, US)"
mail.wootap.me,1,"AS47583 (AS-HOSTINGER, CY)"
mx1.wonderfish-recipe2.com,1,"AS24940 (HETZNER-AS, DE)"
mail.wordspacemail.com,1,"AS24940 (HETZNER-AS, DE)"
workmanservices.com.pk,1,"AS51167 (CONTABO, DE)"
mx.worldatnet.com,1,"AS29873 (BIZLAND-SD, US)"
worldstrides-com.mail.protection.outlook.com,1,"AS8075 (MICROSOFT-CORP-MSN-AS-BLOCK, US)"
_dc-mx.4d11a9191271.woxgreat.com,1,
mail.wp2romantic.com,1,"AS47583 (AS-HOSTINGER, CY)"
livenet-pl.mail.protection.outlook.com,1,"AS8075 (MICROSOFT-CORP-MSN-AS-BLOCK, US)"
worldstrides-org.mail.protection.outlook.com,1,"AS8075 (MICROSOFT-CORP-MSN-AS-BLOCK, US)"
worldgamehit.com,1,"AS25369 (BANDWIDTH-AS, GB)"
mail.wowauctionguide.com,1,"AS24940 (HETZNER-AS, DE)"
mail.wpgotten.com,1,"AS47583 (AS-HOSTINGER, CY)"
smtp2.trashmail.com,1,
mail.wowhackgold.com,1,"AS24940 (HETZNER-AS, DE)"
wp.company,1,"AS32475 (SINGLEHOP-LLC, US)"
worldstrides-com-au.mail.protection.outlook.com,1,"AS8075 (MICROSOFT-CORP-MSN-AS-BLOCK, US)"
worldtempmail.com,1,"AS47583 (AS-HOSTINGER, CY)"
mail.womclub.su,1,"AS29182 (RU-JSCIOT, RU)"
writersefx.com,1,"AS47583 (AS-HOSTINGER, CY)"
mail.worshmail.ru,1,"AS12586 (ASGHOSTNET, DE)"
wgiguestsl-com.mail.protection.outlook.com,1,"AS8075 (MICROSOFT-CORP-MSN-AS-BLOCK, US)"
mail.writersarticles.be,1,"AS8075 (MICROSOFT-CORP-MSN-AS-BLOCK, US)"
mail.wrightgrid.com,1,"AS210250 (WPX, BG)"
webmail.wo.tc,1,"AS16276 (OVH, FR)"
bslmsn.writingpaperforme.com,1,"AS209605 (HOSTBALTIC, LT)"
remote2.wezel.info,1,"AS24940 (HETZNER-AS, DE)"
a735869.mx.mailhop.org,1,"AS16509 (AMAZON-02, US)"
p.wtwtt.com,1,"AS401696 (COGNETCLOUD, US)"
wstc-info.mail.protection.outlook.com,1,"AS8075 (MICROSOFT-CORP-MSN-AS-BLOCK, US)"
mail.wuthering.cc,1,"AS45102 (ALIBABA-CN-NET Alibaba US Technology Co., Ltd., CN)"
mail.wukonggame.cc,1,"AS45102 (ALIBABA-CN-NET Alibaba US Technology Co., Ltd., CN)"
mail.wrigglejo.ru,1,"AS12586 (ASGHOSTNET, DE)"
wto-com.mail.protection.outlook.com,1,"AS8075 (MICROSOFT-CORP-MSN-AS-BLOCK, US)"
mail1.wupics.com,1,"AS44418 (BITDEFENDER-AS, RO)"
mail.wwc8.com,1,"AS14061 (DIGITALOCEAN-ASN, US)"
wvku.com,1,"AS16276 (OVH, FR)"
mail.wu158.top,1,"AS35916 (MULTA-ASN1, US)"
wwtake.com,1,"AS7506 (INTERQ GMO Internet Group, Inc., JP)"
www129.your-server.de,1,"AS24940 (HETZNER-AS, DE)"
wugne.com,1,"AS63949 (AKAMAI-LINODE-AP Akamai Connected Cloud, SG)"
mail.wwvmail.com,1,"AS12586 (ASGHOSTNET, DE)"
mx2.agenturserver.de,1,"AS15817 (MITTWALD-AS Mittwald CM Service GmbH und Co. KG, DE)"
_dc-mx.cc6930c0db55.x-mail.my,1,"AS200651 (FLOKINET, IS)"
mail.x0q.net,1,"AS44486 (SYNLINQ synlinq.de, DE)"
mail.x1x22716.com,1,"AS47583 (AS-HOSTINGER, CY)"
mail.wifwise.com,1,"AS14061 (DIGITALOCEAN-ASN, US)"
mail.x5a9m8ugq.com,1,"AS47583 (AS-HOSTINGER, CY)"
wxcv.fr.nf,1,"AS16276 (OVH, FR)"
mail.wywnxa.com,1,"AS37963 (ALIBABA-CN-NET Hangzhou Alibaba Advertising Co.,Ltd., CN)"
mail.x8h8x941l.com,1,"AS47583 (AS-HOSTINGER, CY)"
mail.xadoll.com,1,"AS14061 (DIGITALOCEAN-ASN, US)"
mail.xandoria.cfd,1,"AS203446 (AS203446, GB)"
mail.xbpantibody.com,1,"AS47583 (AS-HOSTINGER, CY)"
landing.hostever.com,1,"AS140068 (CFHIL-AS-AP Code For Host Inc Ltd, BD)"
mail-fake.com,1,"AS30886 (KOMITEX-AS, UA)"
mail.www96.ru,1,"AS198068 (PAGM-AS, EE)"
xanaxgeneric.com,1,"AS46606 (UNIFIEDLAYER-AS-1, US)"
xboxlivegenerator.xyz,1,"AS20068 (HAWKHOST, CA)"
xcpy-com.mail.protection.outlook.com,1,"AS8075 (MICROSOFT-CORP-MSN-AS-BLOCK, US)"
mail.xdsedr.tech,1,"AS47583 (AS-HOSTINGER, CY)"
mail.x777.icu,1,
mail.xelu.space,1,"AS203446 (AS203446, GB)"
mail.xeno.gay,1,"AS203446 (AS203446, GB)"
mail.xenloria.cfd,1,"AS203446 (AS203446, GB)"
mx0.xeduh.com,1,"AS36352 (AS-COLOCROSSING, US)"
mail.xenta.cfd,1,"AS14061 (DIGITALOCEAN-ASN, US)"
mail.xenopool.cfd,1,"AS24940 (HETZNER-AS, DE)"
x-noms.com,1,"AS34931 (AWARESOFT, GB)"
mail.xctrl.top,1,"AS51167 (CONTABO, DE)"
xd-solutions.com,1,"AS270179 (PC ONLINE, MX)"
mail.xek.me,1,"AS6849 (UKRTELNET, UA)"
mail.xftmail.com,1,"AS47583 (AS-HOSTINGER, CY)"
mail.xenicalprime.com,1,"AS15456 (INTERNETX-AS, DE)"
mail.xgmailoo.com,1,"AS47583 (AS-HOSTINGER, CY)"
mail.xerodeml.com,1,"AS12586 (ASGHOSTNET, DE)"
d347918a.ess.barracudanetworks.com,1,
mail.xelo.pro,1,"AS12389 (ROSTELECOM-AS PJSC Rostelecom. Technical Team, RU)"
mail.xenaml.ru,1,"AS12586 (ASGHOSTNET, DE)"
mail.xenodiagnruby.ru,1,"AS12586 (ASGHOSTNET, DE)"
mail.xdfav.com,1,"AS29182 (RU-JSCIOT, RU)"
mail.xenophtmail.ru,1,"AS12586 (ASGHOSTNET, DE)"
mail.x6-bmw.biz.ua,1,"AS24940 (HETZNER-AS, DE)"
mail.xidealx.com,1,"AS14061 (DIGITALOCEAN-ASN, US)"
world-at-war.ru,1,"AS204601 (PODAON, NL)"
mail.xenofon.gr,1,"AS34762 (COMBELL-AS, BE)"
mail.ximenor.site,1,"AS40021 (CONTABO-40021, US)"
hermes.hosts.co.uk,1,"AS8622 (ISIONUK Team Blue Internet Services UK Ltd, GB)"
mail.xirentha.cfd,1,"AS203446 (AS203446, GB)"
mail.wollito.com,1,"AS34282 (UKNOC-AS, GB)"
mail.xilor.com,1,"AS5048 (FIBER, US)"
mail.xjltaxesiw.com,1,"AS47583 (AS-HOSTINGER, CY)"
mail.xitro.cfd,1,"AS24940 (HETZNER-AS, DE)"
mail.xlcool.com,1,"AS14061 (DIGITALOCEAN-ASN, US)"
mail.xiphihumefml.ru,1,"AS12586 (ASGHOSTNET, DE)"
workirotech-com01i.mail.protection.outlook.com,1,"AS8075 (MICROSOFT-CORP-MSN-AS-BLOCK, US)"
mail.xmailtm.com,1,"AS14061 (DIGITALOCEAN-ASN, US)"
xmail.com,1,"AS24940 (HETZNER-AS, DE)"
mysrv.kozow.com,1,"AS39927 (ELIGHT-AS, RU)"
mail1.wwwnew.eu,1,"AS44418 (BITDEFENDER-AS, RO)"
mail1.wwwnew.de,1,"AS44418 (BITDEFENDER-AS, RO)"
mail1.wop.ro,1,"AS44418 (BITDEFENDER-AS, RO)"
app.shroud.email,1,"AS24940 (HETZNER-AS, DE)"
_dc-mx.bf3dfb414ad8.worldlylife.store,1,"AS395092 (SHOCK-1, US)"
mail.xmailg.one,1,"AS24940 (HETZNER-AS, DE)"
mail.xkxkud.com,1,"AS24940 (HETZNER-AS, DE)"
xmailer.be,1,"AS7506 (INTERQ GMO Internet Group, Inc., JP)"
mx.xlxe.pl,1,"AS14061 (DIGITALOCEAN-ASN, US)"
woofidog.fr.nf,1,"AS16276 (OVH, FR)"
mx6.wow-hack.com,1,
mail.xinfi.com.pl,1,"AS16276 (OVH, FR)"
_dc-mx.8a08eac41335.xn--ida.online,1,"AS42831 (UKSERVERS-AS UK Dedicated Servers, Hosting and Co-Location, GB)"
xinn.edu.pl,1,"AS24940 (HETZNER-AS, DE)"
xmail.edu.pl,1,"AS16276 (OVH, FR)"
mail.xost.us,1,"AS47583 (AS-HOSTINGER, CY)"
mail.xoxo3.website,1,"AS203446 (AS203446, GB)"
mail.wowhowmy.com.pl,1,"AS50599 (Autonomous System for Dataspace P.S.A., PL)"
xpert-tech.mail.protection.outlook.com,1,
host.i-camz.com,1,"AS13335 (CLOUDFLARENET, US)"
mail.xormail.org,1,"AS24940 (HETZNER-AS, DE)"
mail.xredb.com,1,"AS14061 (DIGITALOCEAN-ASN, US)"
mail.xspiel.com,1,"AS14061 (DIGITALOCEAN-ASN, US)"
mail.xsmega645.com,1,"AS38731 (VTDC-AS-VN Vietel - CHT Compamy Ltd, VN)"
xpathmail.com,1,"AS16276 (OVH, FR)"
mx.emaill.top,1,"AS210329 (CLOUDWEBMANAGE-UK-1, US)"
mail.xtsserv.com,1,"AS47583 (AS-HOSTINGER, CY)"
mail.pototskyy.net,1,"AS24940 (HETZNER-AS, DE)"
xsend.org,1,"AS7506 (INTERQ GMO Internet Group, Inc., JP)"
mail.xtoysphil.com,1,"AS400754 (GO-DADDY-COM-LLC, US)"
mail.xulopy.xyz,1,"AS40021 (CONTABO-40021, US)"
mail.xv9u9m.com,1,"AS47583 (AS-HOSTINGER, CY)"
xtenmail.com,1,"AS9123 (TIMEWEB-AS, RU)"
mail0001.xwanadoo.fr,1,"AS24940 (HETZNER-AS, DE)"
xwkqguild.com,1,"AS47583 (AS-HOSTINGER, CY)"
mail.xtranslator.ru,1,"AS60404 (LITESERVER, NL)"
mail.xxxhi.cc,1,"AS45102 (ALIBABA-CN-NET Alibaba US Technology Co., Ltd., CN)"
s1.ct8.pl,1,"AS24940 (HETZNER-AS, DE)"
xxx.com,1,"AS46652 (SERVERSTACK-ASN, US)"
mail.xylanta.cfd,1,"AS203446 (AS203446, GB)"
xxxn.fun,1,"AS50245 (SERVEREL-AS, US)"
xxl.st,1,"AS16276 (OVH, FR)"
mail.xzcameras.com,1,"AS47583 (AS-HOSTINGER, CY)"
xyzenigma.xyz,1,"AS47583 (AS-HOSTINGER, CY)"
mx.jos.email,1,"AS51167 (CONTABO, DE)"
mta6.am0.yahoodns.net,1,"AS36646 (YAHOO-NE1, US)"
mail.jre1.cn,1,"AS132203 (TENCENT-NET-AP-CN Tencent Building, Kejizhongyi Avenue, CN)"
mta7.am0.yahoodns.net,1,"AS36647 (YAHOO-GQ1, US)"
mail.ya-doctor.ru,1,"AS210079 (EUROBYTE, RU)"
mx2.mail.eu.yahoo.com,1,
mail.yakelu.com,1,"AS14061 (DIGITALOCEAN-ASN, US)"
mail.yalexonyegues.com,1,"AS51167 (CONTABO, DE)"
mail.yahooo.com.mx,1,"AS3842 (RAMNODE, US)"
yaloo.fr.nf,1,"AS16276 (OVH, FR)"
yamanashi.com,1,"AS131965 (XSERVER Xserver Inc., JP)"
mail.connection.fr,1,"AS15557 (LDCOMNET --- I3Dnet ---, FR)"
yahooz.xxl.st,1,"AS16276 (OVH, FR)"
mail.yaqp.com,1,"AS20473 (AS-VULTR, US)"
mail.ybananaulx.com,1,"AS47583 (AS-HOSTINGER, CY)"
_dc-mx.6c50c5adc789.yasdownload.ir,1,"AS24940 (HETZNER-AS, DE)"
yashdigital.shop,1,"AS199695 (ANYM-NET, ID)"
_dc-mx.57cc43fdc511.yddigitalservice.com,1,"AS26496 (AS-26496-GO-DADDY-COM-LLC, US)"
mail.yap.com.au,1,"AS45638 (SYNERGYWHOLESALE-AP SYNERGY WHOLESALE PTY LTD, AU)"
mail.ydeclinegv.com,1,"AS47583 (AS-HOSTINGER, CY)"
yashdigital.email,1,"AS199695 (ANYM-NET, ID)"
mx.ycykly.com,1,"AS14061 (DIGITALOCEAN-ASN, US)"
ycare.de,1,"AS24940 (HETZNER-AS, DE)"
yeahmx01.mxmail.netease.com,1,"AS137263 (NETEASE-AS-AP NETEASE HONG KONG LIMITED, HK)"
_dc-mx.c968fd49d43b.yenge.net,1,"AS200223 (ETHERON, NL)"
yedi-org.mail.protection.outlook.com,1,"AS8075 (MICROSOFT-CORP-MSN-AS-BLOCK, US)"
kingmailer.org,1,"AS14061 (DIGITALOCEAN-ASN, US)"
ybbmx1.mail.yahoo.co.jp,1,"AS23816 (YAHOO LY Corporation, JP)"
mail.yesterevfml.com,1,"AS12586 (ASGHOSTNET, DE)"
_dc-mx.95078ae5bb81.yiqiconsult.com,1,"AS51167 (CONTABO, DE)"
yikulju.com,1,"AS57043 (HOSTKEY-AS, NL)"
mail.3mail.info,1,"AS14061 (DIGITALOCEAN-ASN, US)"
yllw.us,1,"AS32475 (SINGLEHOP-LLC, US)"
mail.ymhis.com,1,"AS14061 (DIGITALOCEAN-ASN, US)"
mail.ying168.org,1,"AS154177 (LIGHT4-AS-AP LIGHT NODE LIMITED, HK)"
mail.yep.it,1,"AS60087 (ASSUPERNOVA, IT)"
mail.ynifewesu.xyz,1,"AS40021 (CONTABO-40021, US)"
mta6.am0.ymeil.com,1,"AS19318 (IS-AS-1, US)"
mail.yone.site,1,
email.ymonthl.com,1,"AS14061 (DIGITALOCEAN-ASN, US)"
mail.yodaat.com,1,"AS31898 (ORACLE-BMC-31898, US)"
mail.yondrix.cfd,1,"AS203446 (AS203446, GB)"
mail.xpresiku.com,1,"AS20473 (AS-VULTR, US)"
mbox01-01.de.lttcs.com,1,"AS24940 (HETZNER-AS, DE)"
mx1.yolomail.in.ua,1,"AS20473 (AS-VULTR, US)"
mail.youbestone.pw,1,"AS35916 (MULTA-ASN1, US)"
_dc-mx.034663e44e59.yorumsizin.com,1,"AS210388 (HAYALHOST, TR)"
mail1.yopweb.com,1,"AS44418 (BITDEFENDER-AS, RO)"
mail.yop.fr,1,AS4455 31216 (Unknown)
mx2.us.opalstack.com,1,"AS7203 (LEASEWEB-USA-SFO, US)"
yoptruc.fr.nf,1,"AS16276 (OVH, FR)"
mail.youmails.online,1,"AS47583 (AS-HOSTINGER, CY)"
yotmail.fr.nf,1,"AS16276 (OVH, FR)"
mx.youpymail.com,1,"AS24940 (HETZNER-AS, DE)"
imap.ymail.net,1,"AS3786 (LGDACOM LG DACOM Corporation, KR)"
mail.yopmail.pp.ua,1,"AS16276 (OVH, FR)"
yodx.ro,1,"AS58247 (NETVEILLANCE, RO)"
mail.your-temp-mail.info,1,"AS35916 (MULTA-ASN1, US)"
_dc-mx.bd038067bec8.youremaillist.com,1,"AS397423 (TIER-NET, US)"
85.13.128.49.yoseek.de,1,"AS34788 (NMM-AS D - 02742 Friedersdorf Hauptstrasse 68, DE)"
ice.unheatedgems.net,1,"AS20473 (AS-VULTR, US)"
mx.yourmail.online,1,"AS2119 (TELENOR-NEXTEL Telenor Norge AS, NO)"
mailstore.unfairship.com,1,"AS14061 (DIGITALOCEAN-ASN, US)"
mail.unelastemail.ru,1,"AS12586 (ASGHOSTNET, DE)"
bak002.unheowave.com,1,"AS14061 (DIGITALOCEAN-ASN, US)"
mail.yours.tools,1,"AS55990 (HWCSNET Huawei Cloud Service data center, CN)"
mail.unenthusmail.com,1,"AS12586 (ASGHOSTNET, DE)"
mail.unfavorabs.com,1,"AS12586 (ASGHOSTNET, DE)"
mail.unexceptiomfri.com,1,"AS12586 (ASGHOSTNET, DE)"
mail.unfathomabmail.ru,1,"AS12586 (ASGHOSTNET, DE)"
mail.unidiremail.com,1,"AS12586 (ASGHOSTNET, DE)"
mx1.yourfreemailbox.co,1,"AS200107 (KL-EXT, CH)"
mail.unexammails.ru,1,"AS12586 (ASGHOSTNET, DE)"
mail.unforgettali.com,1,"AS12586 (ASGHOSTNET, DE)"
mail.ungainfml.com,1,"AS12586 (ASGHOSTNET, DE)"
mail.ungovertomail.com,1,"AS12586 (ASGHOSTNET, DE)"
mail.ungentlemamails.ru,1,"AS12586 (ASGHOSTNET, DE)"
mail.unhabitmfri.com,1,"AS12586 (ASGHOSTNET, DE)"
gwmail.ktbizoffice.com,1,"AS4766 (KIXS-AS-KR Korea Telecom, KR)"
mail.yourewardcard.net,1,"AS57724 (DDOS-GUARD, RU)"
mail.unhygienifmail.com,1,"AS12586 (ASGHOSTNET, DE)"
mail.uniqo.xyz,1,"AS399646 (DARTNODE, US)"
mail.unequmalu.ru,1,"AS12586 (ASGHOSTNET, DE)"
mail.unidentic.com,1,"AS12586 (ASGHOSTNET, DE)"
mail.unexceptmail.ru,1,"AS12586 (ASGHOSTNET, DE)"
mail.unipath.edu.pl,1,"AS16276 (OVH, FR)"
mail.uniquemailx.com,1,"AS16276 (OVH, FR)"
mail.unecomails.ru,1,"AS12586 (ASGHOSTNET, DE)"
mail.unilmail.com,1,"AS12586 (ASGHOSTNET, DE)"
mail.unimpeamail.com,1,"AS12586 (ASGHOSTNET, DE)"
mail.unelaml.ru,1,"AS12586 (ASGHOSTNET, DE)"
mail.uninsuramy.com,1,"AS12586 (ASGHOSTNET, DE)"
mail.uninmail.com,1,"AS12586 (ASGHOSTNET, DE)"
mail.uninhibfl.com,1,"AS12586 (ASGHOSTNET, DE)"
youvegotgeekonyou.com,1,"AS40279 (FORESTRACKS, US)"
mail.unincorpmale.com,1,"AS12586 (ASGHOSTNET, DE)"
mail.unite5.com,1,"AS14061 (DIGITALOCEAN-ASN, US)"
mail.unevangmail.ru,1,"AS12586 (ASGHOSTNET, DE)"
mail.unexmail.ru,1,"AS12586 (ASGHOSTNET, DE)"
mail.unexpmofml.ru,1,"AS12586 (ASGHOSTNET, DE)"
mail.unfavouraml.ru,1,"AS12586 (ASGHOSTNET, DE)"
mail.uniformalu.ru,1,"AS12586 (ASGHOSTNET, DE)"
mail.uninvesmail.com,1,"AS12586 (ASGHOSTNET, DE)"
mail.unintoxmail.com,1,"AS12586 (ASGHOSTNET, DE)"
mail.unipomail.com,1,"AS12586 (ASGHOSTNET, DE)"
mail.ungentlefml.ru,1,"AS12586 (ASGHOSTNET, DE)"
mail.univers.edu.rs,1,"AS16276 (OVH, FR)"
mail.unirmail.com,1,"AS12586 (ASGHOSTNET, DE)"
mail.unificatifkml.ru,1,"AS12586 (ASGHOSTNET, DE)"
mail.unitaic.com,1,"AS12586 (ASGHOSTNET, DE)"
mail.unimaml.ru,1,"AS12586 (ASGHOSTNET, DE)"
mail.unincorml.ru,1,"AS12586 (ASGHOSTNET, DE)"
mail.unilifmail.ru,1,"AS12586 (ASGHOSTNET, DE)"
mail.uniremail.ru,1,"AS12586 (ASGHOSTNET, DE)"
mx.unifique.net,1,"AS28343 (UNIFIQUE TELECOMUNICACOES SA, BR)"
mail.unimpreils.ru,1,"AS12586 (ASGHOSTNET, DE)"
mail.uninteresti.ru,1,"AS12586 (ASGHOSTNET, DE)"
mail.unintoxmails.ru,1,"AS12586 (ASGHOSTNET, DE)"
mail.uniqueseo.pl,1,"AS41079 (CF-GDA, PL)"
mail.unintellimails.ru,1,"AS12586 (ASGHOSTNET, DE)"
universalcreditor.com,1,"AS7393 (CYBERCON, US)"
mail.uninterprmail.ru,1,"AS12586 (ASGHOSTNET, DE)"
mail.uninemail.ru,1,"AS12586 (ASGHOSTNET, DE)"
mail.unipersonmail.ru,1,"AS12586 (ASGHOSTNET, DE)"
webmailezl3rw4.unlikeyth.com,1,"AS14061 (DIGITALOCEAN-ASN, US)"
mx.universeshopping.net.cust.b.hostedemail.com,1,"AS32491 (TUCOWS-3, CA)"
universamail.com,1,"AS9123 (TIMEWEB-AS, RU)"
unionpkg.com,1,"AS36352 (AS-COLOCROSSING, US)"
mail.univerrsmail.ru,1,"AS12586 (ASGHOSTNET, DE)"
mail.maidanchik.online,1,
mail.unisermyu.ru,1,"AS12586 (ASGHOSTNET, DE)"
mail.yourspace.su,1,"AS211642 (ADMINVPS, RU)"
unlimitedlinuxhosting.com,1,"AS32244 (LIQUIDWEB, US)"
mail.unmentionfml.com,1,"AS12586 (ASGHOSTNET, DE)"
mail.unmanagli.com,1,"AS12586 (ASGHOSTNET, DE)"
universenews.site,1,"AS59210 (PHOENIXNAP-AS-SG1 PhoenixNAP, SG)"
universalfish.com.1.0001.arsmtp.com,1,"AS53780 (AS-APPRIVER, US)"
mail.unopeemail.ru,1,"AS12586 (ASGHOSTNET, DE)"
mail.unobjectiotomail.com,1,"AS12586 (ASGHOSTNET, DE)"
mail.unsatisfix.com,1,"AS12586 (ASGHOSTNET, DE)"
mail.unreconcfl.com,1,"AS12586 (ASGHOSTNET, DE)"
mail.uniros.ru,1,"AS198068 (PAGM-AS, EE)"
mail.unsentimmalis.com,1,"AS12586 (ASGHOSTNET, DE)"
mail.unoperml.ru,1,"AS12586 (ASGHOSTNET, DE)"
mail.unprofemail.com,1,"AS12586 (ASGHOSTNET, DE)"
mail.unlikeloemail.ru,1,"AS12586 (ASGHOSTNET, DE)"
mail.universmyu.ru,1,"AS12586 (ASGHOSTNET, DE)"
mail.universomail.ru,1,"AS12586 (ASGHOSTNET, DE)"
mailwash52.pair.com,1,"AS7859 (PAIR-NETWORKS, US)"
mail.unmerifml.ru,1,"AS12586 (ASGHOSTNET, DE)"
mail.unremunes.com,1,"AS12586 (ASGHOSTNET, DE)"
mail.unreadamy.com,1,"AS12586 (ASGHOSTNET, DE)"
mail.unreporfml.com,1,"AS12586 (ASGHOSTNET, DE)"
mail.unrelieaemail.com,1,"AS12586 (ASGHOSTNET, DE)"
mail.unrespecto.com,1,"AS12586 (ASGHOSTNET, DE)"
mail.unrestjo.ru,1,"AS12586 (ASGHOSTNET, DE)"
mail.untransmail.com,1,"AS12586 (ASGHOSTNET, DE)"
mail.unnoticeaml.ru,1,"AS12586 (ASGHOSTNET, DE)"
mail.unreadic.com,1,"AS12586 (ASGHOSTNET, DE)"
mail.ytoof.app,1,"AS203446 (AS203446, GB)"
mx1.hostinger.co.id,1,"AS13335 (CLOUDFLARENET, US)"
mail.unsystemamail.com,1,"AS12586 (ASGHOSTNET, DE)"
mail.unmarrimail.ru,1,"AS12586 (ASGHOSTNET, DE)"
mail.unmeasumail.ru,1,"AS12586 (ASGHOSTNET, DE)"
mail.unmatemail.ru,1,"AS12586 (ASGHOSTNET, DE)"
mail.unspecimale.com,1,"AS12586 (ASGHOSTNET, DE)"
uorak.com,1,"AS14618 (AMAZON-AES, US)"
mail.up.agp.edu.pl,1,"AS16276 (OVH, FR)"
mail.unnecessmails.ru,1,"AS12586 (ASGHOSTNET, DE)"
mail2.g24.pair.com,1,"AS7859 (PAIR-NETWORKS, US)"
mail.untenmail.com,1,"AS12586 (ASGHOSTNET, DE)"
mail.unsanctifimails.ru,1,"AS12586 (ASGHOSTNET, DE)"
mail.unnecessml.ru,1,"AS12586 (ASGHOSTNET, DE)"
mail.untrr.ro,1,"AS16276 (OVH, FR)"
mail.unorthofmail.ru,1,"AS12586 (ASGHOSTNET, DE)"
mail.unseasonaml.ru,1,"AS12586 (ASGHOSTNET, DE)"
mail.unprejumail.ru,1,"AS12586 (ASGHOSTNET, DE)"
mail.unreadablemail.ru,1,"AS12586 (ASGHOSTNET, DE)"
mail.unprohieomail.ru,1,"AS12586 (ASGHOSTNET, DE)"
mail.unpuamali.ru,1,"AS12586 (ASGHOSTNET, DE)"
mail.unpredictab.ru,1,"AS12586 (ASGHOSTNET, DE)"
mail.unsaturemail.ru,1,"AS12586 (ASGHOSTNET, DE)"
mail.unrecovolml.ru,1,"AS12586 (ASGHOSTNET, DE)"
mail.unreciprmail.ru,1,"AS12586 (ASGHOSTNET, DE)"
mail.unrecipr.ru,1,"AS12586 (ASGHOSTNET, DE)"
mail.unwormalu.ru,1,"AS12586 (ASGHOSTNET, DE)"
mail.unreconcmail.ru,1,"AS12586 (ASGHOSTNET, DE)"
mail.yurevia.cfd,1,"AS203446 (AS203446, GB)"
mail.unsatirsmail.ru,1,"AS12586 (ASGHOSTNET, DE)"
mail.yukonrenew.net,1,"AS209767 (SAMTECO, RO)"
mail.unrepml.ru,1,"AS12586 (ASGHOSTNET, DE)"
mail.unscientifmail.ru,1,"AS12586 (ASGHOSTNET, DE)"
mail.upmail.pro,1,"AS197540 (NETCUP-AS netcup GmbH, DE)"
mail.unsysmails.ru,1,"AS12586 (ASGHOSTNET, DE)"
mail.unsatmail.ru,1,"AS12586 (ASGHOSTNET, DE)"
mail.unsanctifimail.ru,1,"AS12586 (ASGHOSTNET, DE)"
mail.yunhlay.com,1,"AS24940 (HETZNER-AS, DE)"
mail.yusolar.com,1,"AS14061 (DIGITALOCEAN-ASN, US)"
mail.unsympathemail.ru,1,"AS12586 (ASGHOSTNET, DE)"
mail.unsubstanmails.ru,1,"AS12586 (ASGHOSTNET, DE)"
uplandscc-com.mail.protection.outlook.com,1,"AS8075 (MICROSOFT-CORP-MSN-AS-BLOCK, US)"
474607876.pamx1.hotmail.com,1,"AS8075 (MICROSOFT-CORP-MSN-AS-BLOCK, US)"
upscalebp-com.mail.protection.outlook.com,1,"AS8075 (MICROSOFT-CORP-MSN-AS-BLOCK, US)"
upc.infos.st,1,"AS16276 (OVH, FR)"
mail.yuurok.com,1,"AS24940 (HETZNER-AS, DE)"
yutep.com,1,"AS23352 (SERVERCENTRAL, US)"
upimage.net,1,"AS42846 (GUZELHOSTING GNET INTERNET TELEKOMUNIKASYON A.S., TR)"
mxin1-upcmail-ie.edge.unified.services,1,
mail.uppror.se,1,"AS206170 (INLEED, SE)"
mail.upstate.dev,1,"AS63410 (PRIVATESYSTEMS, US)"
mail.yuandex.ru,1,"AS12695 (DINET-AS, RU)"
mail.unfalsi.com,1,"AS12586 (ASGHOSTNET, DE)"
unidatame-com01i.mail.protection.outlook.com,1,"AS8075 (MICROSOFT-CORP-MSN-AS-BLOCK, US)"
mx.uhserver.com,1,"AS7162 (Universo Online S.A., BR)"
uptimebee.com,1,"AS19318 (IS-AS-1, US)"
