domain,priority,reason,flame_tp_ids
002046.xyz,0,FLAME:TP-0001,TP-0001
0066bet32.info,0,FLAME:TP-0001,TP-0001
0066betapp.info,0,FLAME:TP-0001,TP-0001
035616.click,0,FLAME:TP-0001,TP-0001
0888vns.com,0,FLAME:TP-0010,TP-0010
099betvip.net,0,FLAME:TP-0001,TP-0001
0live.org,0,FLAME:TP-0010,TP-0010
0nce.net,0,FLAME:TP-0001,TP-0001
0nelce.com,0,FLAME:TP-0010,TP-0010
0nrg.com,0,FLAME:TP-0010,TP-0010
2mail2.ru,0,FLAME:T.0001,T.0001
3.emailfake.com,0,FLAME:TP-0006,TP-0006
301rankit.com,0,FLAME:TP-0004,TP-0004
3032.ru,0,FLAME:TP-0004,TP-0004
30minemail.com,0,FLAME:TP-0006,TP-0006
30rd.com,0,FLAME:TP-0004,TP-0004
3126.com,0,FLAME:TP-0005,TP-0005
314159.anonaddy.me,0,FLAME:TP-0006,TP-0006
31415926535.net,0,FLAME:TP-0004,TP-0004
3158.cd,0,FLAME:TP-0004,TP-0004
317923.xyz,0,FLAME:T.0002,T.0002
321-email.com,0,FLAME:T.0002,T.0002
321betapp.net,0,FLAME:TP-0007,TP-0007
321mail.store,0,FLAME:T.0002,T.0002
32aziino777.live,0,FLAME:TP-0001,TP-0001
334206.com,0,FLAME:T.0002,T.0002
365yahoo.com,0,FLAME:TP-0001,TP-0001
3gly.com,0,FLAME:TP-0006,TP-0006
3hackers.com,0,FLAME:TP-0002,TP-0002
3inthesame.com,0,FLAME:TP-0002,TP-0002
3kho.io,0,FLAME:TP-0006,TP-0006
3l6.com,0,FLAME:TP-0003,TP-0003
3littlemiracles.com,0,FLAME:TP-0002,TP-0002
3mail.rocks,0,FLAME:TP-0005,TP-0005
3rinter-tero.com,0,FLAME:TP-0005,TP-0005
3xk.xyz,0,FLAME:TP-0007,TP-0007
43.com,0,FP-0007: Typosquat Evasion Infrastructure (conf: 80),TP-0012
4385708.ru,0,FLAME:TP-0003,TP-0003
444gege.com,0,FLAME:TP-0003,TP-0003
448440.com,0,FLAME:TP-0003,TP-0003
44hg.app,0,FLAME:TP-0003,TP-0003
450com.com,0,FLAME:TP-0003,TP-0003
4533.top,0,FLAME:TP-0006,TP-0006
45gmail.com,0,FLAME:TP-0005,TP-0005
484.pl,0,FLAME:TP-0005,TP-0005
487.nut.cc,0,FLAME:TP-0005,TP-0005
49com.com,0,FLAME:TP-0007,TP-0007
4bettergolf.com,0,FLAME:TP-0006,TP-0006
4birthday.com,0,FLAME:TP-0006,TP-0006
4caretakers.com,0,FLAME:TP-0006,TP-0006
4cities.com,0,FLAME:TP-0006,TP-0006
4clipart.com,0,"FLAME:TP-0007,TP-0009","TP-0007,TP-0009"
4d2.online,0,FLAME:TP-0006,TP-0006
4dance.com,0,FLAME:TP-0006,TP-0006
4dm.4dy.org,0,FLAME:TP-0001,TP-0001
4dx.pw,0,FLAME:TP-0006,TP-0006
4kentucky.org,0,FLAME:T.0157,T.0157
4ma.ovh,0,FLAME:T.0157,T.0157
4mbet.info,0,FLAME:T.0146,T.0146
4nmv.ru,0,FLAME:T.0174,T.0174
4rfv.ru,0,FLAME:T.0157,T.0157
4senditnow.com,0,FLAME:T.0157,T.0157
4seniors.com,0,FLAME:T.0157,T.0157
4shots.club,0,FLAME:T.0157,T.0157
4signs.com,0,FLAME:T.0157,T.0157
4snacks.com,0,FLAME:T.0157,T.0157
4testimonials.com,0,FLAME:T.0146,T.0146
4virus.com,0,FLAME:T.0146,T.0146
4w1.com,0,FLAME:T.0157,T.0157
4warding.net,0,FLAME:TP-0002,TP-0002
51.com,0,FP-0007: Typosquat Evasion Infrastructure (conf: 60),TP-0012
5cbc.com,0,FLAME:TP-0002,TP-0002
5sbetwin.net,0,FLAME:TP-0001,TP-0001
5se.life,0,FLAME:TP-0002,TP-0002
5se.mobi,0,FLAME:TP-0001,TP-0001
5se01.com,0,FLAME:TP-0002,TP-0002
5se04.com,0,FLAME:TP-0001,TP-0001
5se17.com,0,FLAME:TP-0001,TP-0001
5se24.com,0,FLAME:TP-0001,TP-0001
5se30.com,0,FLAME:TP-0001,TP-0001
5se43.com,0,FLAME:TP-0002,TP-0002
5se46.com,0,FLAME:TP-0002,TP-0002
5se48.com,0,FLAME:TP-0001,TP-0001
5se50.com,0,FLAME:TP-0002,TP-0002
5se56.com,0,FLAME:TP-0002,TP-0002
5se57.com,0,FLAME:TP-0001,TP-0001
5se63.com,0,FLAME:TP-0001,TP-0001
5se68.com,0,FLAME:TP-0001,TP-0001
5se70.com,0,FLAME:TP-0001,TP-0001
5se74.com,0,FLAME:TP-0001,TP-0001
5se79.com,0,FLAME:TP-0001,TP-0001
5se81.com,0,FLAME:TP-0001,TP-0001
5se85.com,0,FLAME:TP-0001,TP-0001
5se89.com,0,FLAME:TP-0001,TP-0001
5se94.com,0,FLAME:TP-0001,TP-0001
655bet3.net,0,FLAME:TP-0001,TP-0001
6600a10.com,0,FLAME:TP-0001,TP-0001
6600a16.com,0,FLAME:TP-0001,TP-0001
6600a18.com,0,FLAME:TP-0001,TP-0001
6600a19.com,0,FLAME:TP-0001,TP-0001
665qs.com,0,FLAME:TP-0001,TP-0001
666jilicomlogin.com,0,FLAME:TP-0001,TP-0001
666wgameapk.net,0,FLAME:TP-0001,TP-0001
666winrealmoney.com,0,FLAME:TP-0001,TP-0001
667bet.info,0,FLAME:TP-0001,TP-0001
667betloginentrar.net,0,FLAME:TP-0001,TP-0001
66betlogin.info,0,FLAME:TP-0001,TP-0001
66clubbet.com,0,FLAME:TP-0001,TP-0001
675hosting.com,0,FLAME:TP-0001,TP-0001
684casinologin.com,0,FLAME:TP-0001,TP-0001
6961666.com,0,FLAME:TP-0001,TP-0001
6l777betapp.com,0,FLAME:TP-0001,TP-0001
7075plataforma.info,0,FLAME:TP-0001,TP-0001
70bet2.net,0,FLAME:TP-0001,TP-0001
70bet4.info,0,FLAME:TP-0001,TP-0001
711phcasino.com,0,FLAME:TP-0001,TP-0001
715bet18.info,0,FLAME:TP-0001,TP-0001
727qs.com,0,FLAME:TP-0001,TP-0001
755gmail.com,0,FLAME:TP-0001,TP-0001
765betcom.net,0,FLAME:TP-0001,TP-0001
765qs.com,0,FLAME:TP-0001,TP-0001
76nbet.info,0,FLAME:TP-0001,TP-0001
77pinas.net,0,FLAME:TP-0001,TP-0001
79f.info,0,FLAME:TP-0001,TP-0001
79mgame.info,0,FLAME:TP-0001,TP-0001
79ok.info,0,FLAME:TP-0001,TP-0001
7f9k.dpdns.org,0,FLAME:TP-0002,TP-0002
7friv.com,0,FLAME:TP-0001,TP-0001
7ggg.info,0,FLAME:TP-0001,TP-0001
7go.info,0,FLAME:TP-0001,TP-0001
7kfortuneflow.top,0,FLAME:TP-0001,TP-0001
7na6i7d.crankymonkey.info,0,FLAME:TP-0004,TP-0004
7tirangagame.info,0,FLAME:TP-0003,TP-0003
7um3.crankymonkey.info,0,FLAME:TP-0004,TP-0004
7vhwimk.crankymonkey.info,0,FLAME:TP-0004,TP-0004
80jilinet.com,0,FLAME:TP-0001,TP-0001
814563.xyz,0,FLAME:TP-0001,TP-0001
814565.xyz,0,FLAME:TP-0001,TP-0001
814566.xyz,0,FLAME:TP-0001,TP-0001
817gmail.com,0,FLAME:TP-0001,TP-0001
82jlcom.net,0,FLAME:TP-0001,TP-0001
847gmail.com,0,FLAME:TP-0001,TP-0001
88122.xyz,0,FLAME:TP-0001,TP-0001
881bet777.com,0,FLAME:TP-0001,TP-0001
88hotmail.com,0,FLAME:TP-0001,TP-0001
8hhcuv7.crankymonkey.info,0,FLAME:TP-0004,TP-0004
8mhe6q1.crankymonkey.info,0,FLAME:TP-0004,TP-0004
8sqi0rl.crankymonkey.info,0,FLAME:TP-0004,TP-0004
8tzdj9i.crankymonkey.info,0,FLAME:TP-0004,TP-0004
91026.club,0,FLAME:TP-0015,TP-0015
94xtyktqtgsw7c7ljxx.co.cc,0,FLAME:TP-0015,TP-0015
963gmail.com,0,FLAME:TP-0001,TP-0001
96553b.com,0,FLAME:TP-0004,TP-0004
96553c.com,0,FLAME:TP-0004,TP-0004
96553d.com,0,FLAME:TP-0004,TP-0004
96553w.com,0,FLAME:TP-0004,TP-0004
96553x.com,0,FLAME:TP-0004,TP-0004
966rh.org,0,FLAME:TP-0004,TP-0004
966rschool.org,0,FLAME:TP-0004,TP-0004
987bet7.net,0,FLAME:TP-0001,TP-0001
9899089.com,0,FLAME:TP-0002,TP-0002
9899090.com,0,FLAME:TP-0002,TP-0002
99129.xyz,0,FLAME:TP-0010,TP-0010
99183.xyz,0,FLAME:TP-0010,TP-0010
99253.xyz,0,FLAME:TP-0001,TP-0001
99278.xyz,0,FLAME:TP-0001,TP-0001
99491.xyz,0,FLAME:TP-0001,TP-0001
a-cmotors.ru,0,FLAME:TP-0004,TP-0004
a.addrs.cc,0,FLAME:TP-0002,TP-0002
a5gamebr.com,0,FLAME:TP-0004,TP-0004
a97bet.info,0,FLAME:TP-0004,TP-0004
aa123bet.info,0,FLAME:TP-0004,TP-0004
aaa-chemicals.com,0,FLAME:TP-0004,TP-0004
aaa117.com,0,FLAME:TP-0004,TP-0004
aaabet1.info,0,FLAME:TP-0004,TP-0004
aaaph.info,0,FLAME:TP-0004,TP-0004
aalianz.com,0,FLAME:TP-0001,TP-0001
aasso.com,0,FLAME:TP-0001,TP-0001
abdcart.shop,0,FLAME:TP-0010,TP-0010
abdgoalys.store,0,FLAME:TP-0010,TP-0010
abu.sytes.net,0,FLAME:TP-0010,TP-0010
ac-jk.com,0,FLAME:TP-0010,TP-0010
accommodate.top,0,FLAME:TP-0002,TP-0002
ajgmail.com,0,FLAME:TP-0001,TP-0001
ajinimoto.me,0,FLAME:TP-0001,TP-0001
aliasaddress.com,0,FLAME:TP-0006,TP-0006
aliasvault.net,0,FLAME:TP-0006,TP-0006
alibaba4india.online,0,FLAME:TP-0001,TP-0001
alibirelax.ru,0,FLAME:TP-0004,TP-0004
alica.it,0,FLAME:TP-0004,TP-0004
alicemchard.com,0,FLAME:TP-0004,TP-0004
alieas.nl,0,FLAME:TP-0004,TP-0004
aliens.onl,0,FLAME:T.0002,T.0002
alifestyle.ru,0,FLAME:TP-0005,TP-0005
alihanlab.com,0,FLAME:TP-0004,TP-0004
alihkan.com,0,FLAME:TP-0004,TP-0004
alilot.com,0,FLAME:TP-0006,TP-0006
alilyaflix.site,0,FLAME:TP-0004,TP-0004
alimli15.site,0,FLAME:TP-0008,TP-0008
alimoda.ru,0,FLAME:TP-0004,TP-0004
alininja.anonaddy.com,0,FLAME:TP-0006,TP-0006
aliquippatirepros.com,0,FLAME:TP-0004,TP-0004
alisonebright.com,0,FLAME:TP-0004,TP-0004
alitma.com,0,FLAME:T.0002,T.0002
alivance.com,0,FLAME:TP-0004,TP-0004
all-file.site,0,FLAME:T.0002,T.0002
all-mail.net,0,FLAME:T.0002,T.0002
all-mychildren.com,0,FLAME:T.0002,T.0002
all-online-casino-games.com,0,FLAME:TP-0007,TP-0007
all.marksypark.com,0,FLAME:T.0002,T.0002
all1n1.com,0,FLAME:T.0002,T.0002
allaboutdogstraining.com,0,FLAME:T.0002,T.0002
allainiche.com,0,FLAME:T.0002,T.0002
allamericanmiss.com,0,FLAME:T.0002,T.0002
allanimal.ru,0,FLAME:T.0002,T.0002
allartworld.com,0,FLAME:T.0002,T.0002
allegrafirm.com,0,FLAME:T.0002,T.0002
allgaiermogensen.com,0,FLAME:T.0002,T.0002
allincludedpuntacana.com,0,FLAME:T.0002,T.0002
alsfw5.bee.pl,0,FLAME:TP-0006,TP-0006
alsjegeloofd.com,0,FLAME:TP-0004,TP-0004
alt.one,0,FLAME:TP-0006,TP-0006
alta-klinik.com,0,FLAME:TP-0004,TP-0004
altacazuela.es,0,FLAME:TP-0005,TP-0005
altadviser.com,0,FLAME:TP-0002,TP-0002
altamed.com,0,FLAME:TP-0006,TP-0006
altamontespringspools.com,0,FLAME:TP-0006,TP-0006
altamotors.com,0,FLAME:TP-0002,TP-0002
altavista.it,0,FLAME:TP-0006,TP-0006
altavista.se,0,FLAME:TP-0006,TP-0006
alter.capital,0,FLAME:TP-0004,TP-0004
alternativa-ug.ru,0,FLAME:TP-0006,TP-0006
alternativapoteknorge.space,0,FLAME:TP-0001,TP-0001
alternavox.net,0,FLAME:TP-0006,TP-0006
altinbasaknesriyat.com,0,FLAME:TP-0002,TP-0002
altincasino.xyz,0,FLAME:TP-0006,TP-0006
altitud.group,0,FLAME:TP-0006,TP-0006
altitudesports.com,0,FLAME:TP-0006,TP-0006
altmails.com,0,FLAME:TP-0006,TP-0006
altoris.pl,0,FLAME:TP-0004,TP-0004
altostima.com,0,FLAME:TP-0002,TP-0002
altrucommunity.com,0,FLAME:TP-0004,TP-0004
altseason.online,0,FLAME:TP-0004,TP-0004
altxiv.com,0,FLAME:TP-0002,TP-0002
aluboats.com,0,FLAME:TP-0006,TP-0006
alula.me,0,FLAME:TP-0006,TP-0006
aluminiumboten.com,0,FLAME:TP-0006,TP-0006
aluminiumjon.com,0,FLAME:TP-0005,TP-0005
aluminiumplaat.net,0,FLAME:TP-0006,TP-0006
alumni.com,0,FLAME:TP-0006,TP-0006
alumnioffer.com,0,FLAME:TP-0002,TP-0002
aluumi.com,0,FLAME:TP-0002,TP-0002
alvechurchacousticroots.com,0,FLAME:TP-0002,TP-0002
always-dependable.com,0,FLAME:TP-0002,TP-0002
am-static.org,0,FLAME:TP-0006,TP-0006
am55d.com,0,FLAME:TP-0004,TP-0004
ambarbeauty.com,0,FLAME:TP-0007,TP-0007
ambassadorwe.us,0,FLAME:TP-0007,TP-0007
amberfield.icu,0,FLAME:TP-0007,TP-0007
ambient.cool,0,FLAME:TP-0007,TP-0007
ambismail.com,0,FLAME:TP-0001,TP-0001
ambm.com,0,FLAME:TP-0007,TP-0007
amdma.com,0,FLAME:TP-0007,TP-0007
amegan.net,0,FLAME:TP-0005,TP-0005
amentarianmail.com,0,FLAME:TP-0001,TP-0001
americanelectricsolutionsaz.com,0,FLAME:TP-0007,TP-0007
amphetaminapotek.com,0,FLAME:TP-0004,TP-0004
amt3security.com,0,FLAME:TP-0006,TP-0006
amthucvietnam.info,0,FLAME:TP-0005,TP-0005
amthucvn.net,0,FLAME:TP-0005,TP-0005
amz.vsmailpro.com,0,FLAME:TP-0006,TP-0006
an0nz.store,0,FLAME:TP-0006,TP-0006
anagotulsa.net,0,FLAME:TP-0006,TP-0006
anahiem.com,0,FLAME:TP-0001,TP-0001
anal.com,0,FLAME:TP-0008,TP-0008
analyticsmonster.com,0,FLAME:TP-0006,TP-0006
anatjosephtherapy.com,0,FLAME:TP-0009,TP-0009
andalanglobal.dev,0,FLAME:TP-0006,TP-0006
andrew375.eu.org,0,FLAME:T.0154,T.0154
androidevolutions.com,0,FLAME:TP-0001,TP-0001
androl.cfd,0,FLAME:TP-0001,TP-0001
angeles.live,0,FLAME:T.0157,T.0157
angelswat.xyz,0,FLAME:T.0157,T.0157
anghamy.com,0,FLAME:T.0157,T.0157
angka69.com,0,FLAME:T.0146,T.0146
angkajitu.site,0,FLAME:T.0146,T.0146
anglepoise-inc.com,0,FLAME:T.0146,T.0146
anglican.xyz,0,FLAME:T.0157,T.0157
angmail.com,0,FLAME:T.0157,T.0157
anhala.com,0,FLAME:T.0157,T.0157
appie.com,0,FP-0007: Typosquat Evasion Infrastructure (conf: 80),TP-0012
athem.com,0,FP-0007: Typosquat Evasion Infrastructure (conf: 60),TP-0012
b1of96u.com,0,FLAME:TP-0002,TP-0002
b3651111.com,0,FLAME:TP-0001,TP-0001
b52cocktail.com,0,FLAME:TP-0001,TP-0001
b52dangnhap.org,0,FLAME:TP-0001,TP-0001
b6vscarmen.com,0,FLAME:TP-0002,TP-0002
b7k.org,0,FLAME:TP-0001,TP-0001
babyfun.fun,0,FLAME:TP-0004,TP-0004
bacardi.cloudns.ph,0,FLAME:TP-0001,TP-0001
backity.com,0,FLAME:TP-0004,TP-0004
backlinkbuilder.biz,0,FLAME:TP-0003,TP-0003
binace.com,0,FP-0007: Typosquat Evasion Infrastructure (conf: 60),TP-0012
bitcoinexchange.cash,0,FP-0003: Crypto/Finance Fraud Co-hosting (conf: 70),TP-0017
blank.com,0,FP-0007: Typosquat Evasion Infrastructure (conf: 85),TP-0012
blockchainanddefinews.com,0,FP-0003: Crypto/Finance Fraud Co-hosting (conf: 70),TP-0017
bxbs.com,0,FP-0007: Typosquat Evasion Infrastructure (conf: 60),TP-0012
cbarato.vip,0,FLAME:TP-0002,TP-0002
cc272.net,0,FLAME:TP-0002,TP-0002
cc3770.com,0,FLAME:TP-0001,TP-0001
cc6ph4.org,0,FLAME:TP-0001,TP-0001
cceks.com,0,FLAME:TP-0002,TP-0002
cconsistwe.com,0,FLAME:TP-0002,TP-0002
cdfbhyu.site,0,FLAME:TP-0003,TP-0003
chise.com,0,FP-0007: Typosquat Evasion Infrastructure (conf: 80),TP-0012
cmail.com,0,FP-0007: Typosquat Evasion Infrastructure (conf: 75),TP-0012
dt.com,0,FP-0007: Typosquat Evasion Infrastructure (conf: 80),TP-0012
email.com,0,FP-0007: Typosquat Evasion Infrastructure (conf: 80),TP-0012
etoreo.com,0,FP-0007: Typosquat Evasion Infrastructure (conf: 60),TP-0012
farmer.com,0,FP-0007: Typosquat Evasion Infrastructure (conf: 80),TP-0012
farmersi.com,0,FP-0007: Typosquat Evasion Infrastructure (conf: 60),TP-0012
g-mail.com,0,FP-0007: Typosquat Evasion Infrastructure (conf: 60),TP-0012
g.mail.com,0,FP-0007: Typosquat Evasion Infrastructure (conf: 60),TP-0012
gail.com,0,FP-0007: Typosquat Evasion Infrastructure (conf: 85),TP-0012
gamil.com,0,FP-0007: Typosquat Evasion Infrastructure (conf: 80),TP-0012
geail.com,0,FP-0007: Typosquat Evasion Infrastructure (conf: 60),TP-0012
ggmail.com,0,FP-0007: Typosquat Evasion Infrastructure (conf: 80),TP-0012
gma2il.com,0,FP-0007: Typosquat Evasion Infrastructure (conf: 60),TP-0012
gmaail.com,0,FP-0007: Typosquat Evasion Infrastructure (conf: 80),TP-0012
gmaal.com,0,FP-0007: Typosquat Evasion Infrastructure (conf: 80),TP-0012
gmai.com,0,FP-0007: Typosquat Evasion Infrastructure (conf: 80),TP-0012
gmai9l.com,0,FP-0007: Typosquat Evasion Infrastructure (conf: 80),TP-0012
gmaiil.com,0,FP-0007: Typosquat Evasion Infrastructure (conf: 80),TP-0012
gmaik.com,0,FP-0007: Typosquat Evasion Infrastructure (conf: 60),TP-0012
gmail0.com,0,FP-0007: Typosquat Evasion Infrastructure (conf: 80),TP-0012
gmail5.com,0,FP-0007: Typosquat Evasion Infrastructure (conf: 80),TP-0012
gmail8.com,0,FP-0007: Typosquat Evasion Infrastructure (conf: 80),TP-0012
gmailg.com,0,FP-0007: Typosquat Evasion Infrastructure (conf: 80),TP-0012
gmailh.com,0,FP-0007: Typosquat Evasion Infrastructure (conf: 60),TP-0012
gmailk.com,0,FP-0007: Typosquat Evasion Infrastructure (conf: 80),TP-0012
gmaill.com,0,FP-0007: Typosquat Evasion Infrastructure (conf: 60),TP-0012
gmailm.com,0,FP-0007: Typosquat Evasion Infrastructure (conf: 80),TP-0012
gmailr.com,0,FP-0007: Typosquat Evasion Infrastructure (conf: 80),TP-0012
gmails.com,0,FP-0007: Typosquat Evasion Infrastructure (conf: 60),TP-0012
gmaim.com,0,FP-0007: Typosquat Evasion Infrastructure (conf: 80),TP-0012
gmain.com,0,FP-0007: Typosquat Evasion Infrastructure (conf: 80),TP-0012
gmaiol.com,0,FP-0007: Typosquat Evasion Infrastructure (conf: 80),TP-0012
gmaip.com,0,FP-0007: Typosquat Evasion Infrastructure (conf: 80),TP-0012
gmaiul.com,0,FP-0007: Typosquat Evasion Infrastructure (conf: 80),TP-0012
gmakil.com,0,FP-0007: Typosquat Evasion Infrastructure (conf: 80),TP-0012
gmakl.com,0,FP-0007: Typosquat Evasion Infrastructure (conf: 80),TP-0012
gmal.com,0,FP-0007: Typosquat Evasion Infrastructure (conf: 60),TP-0012
gmali.com,0,FP-0007: Typosquat Evasion Infrastructure (conf: 60),TP-0012
gmall.com,0,FP-0007: Typosquat Evasion Infrastructure (conf: 60),TP-0012
gmaol.com,0,FP-0007: Typosquat Evasion Infrastructure (conf: 80),TP-0012
gmasil.com,0,FP-0007: Typosquat Evasion Infrastructure (conf: 80),TP-0012
gmauil.com,0,FP-0007: Typosquat Evasion Infrastructure (conf: 60),TP-0012
gmaul.com,0,FP-0007: Typosquat Evasion Infrastructure (conf: 60),TP-0012
gmeil.com,0,FP-0007: Typosquat Evasion Infrastructure (conf: 80),TP-0012
gmial.com,0,FP-0007: Typosquat Evasion Infrastructure (conf: 60),TP-0012
gmil.com,0,FP-0007: Typosquat Evasion Infrastructure (conf: 80),TP-0012
gmkail.com,0,FP-0007: Typosquat Evasion Infrastructure (conf: 60),TP-0012
gmlail.com,0,FP-0007: Typosquat Evasion Infrastructure (conf: 80),TP-0012
gmmail.com,0,FP-0007: Typosquat Evasion Infrastructure (conf: 60),TP-0012
gmpail.com,0,FP-0007: Typosquat Evasion Infrastructure (conf: 80),TP-0012
gmqail.com,0,FP-0007: Typosquat Evasion Infrastructure (conf: 80),TP-0012
gmqil.com,0,FP-0007: Typosquat Evasion Infrastructure (conf: 80),TP-0012
gmsail.com,0,FP-0007: Typosquat Evasion Infrastructure (conf: 60),TP-0012
gmsil.com,0,FP-0007: Typosquat Evasion Infrastructure (conf: 80),TP-0012
gmwail.com,0,FP-0007: Typosquat Evasion Infrastructure (conf: 60),TP-0012
gmzil.com,0,FP-0007: Typosquat Evasion Infrastructure (conf: 80),TP-0012
gnail.com,0,FP-0007: Typosquat Evasion Infrastructure (conf: 80),TP-0012
gnmail.com,0,FP-0007: Typosquat Evasion Infrastructure (conf: 80),TP-0012
goail.com,0,FP-0007: Typosquat Evasion Infrastructure (conf: 60),TP-0012
googlee.com,0,FP-0007: Typosquat Evasion Infrastructure (conf: 60),TP-0012
googlet.com,0,FP-0007: Typosquat Evasion Infrastructure (conf: 80),TP-0012
googli.com,0,FP-0007: Typosquat Evasion Infrastructure (conf: 60),TP-0012
gtmail.com,0,FP-0007: Typosquat Evasion Infrastructure (conf: 80),TP-0012
hubsp0t.com,0,FP-0007: Typosquat Evasion Infrastructure (conf: 85),TP-0012
idrn.com,0,FP-0007: Typosquat Evasion Infrastructure (conf: 60),TP-0012
liquad.com,0,FP-0007: Typosquat Evasion Infrastructure (conf: 60),TP-0012
mta.com,0,FP-0007: Typosquat Evasion Infrastructure (conf: 80),TP-0012
olympuscapital.org,0,FP-0003: Crypto/Finance Fraud Co-hosting (conf: 70),TP-0017
pple.com,0,FP-0007: Typosquat Evasion Infrastructure (conf: 60),TP-0012
progrdessive.com,0,FP-0007: Typosquat Evasion Infrastructure (conf: 60),TP-0012
progressi8ve.com,0,FP-0007: Typosquat Evasion Infrastructure (conf: 60),TP-0012
qmail.com,0,FP-0007: Typosquat Evasion Infrastructure (conf: 80),TP-0012
salesfotce.com,0,FP-0007: Typosquat Evasion Infrastructure (conf: 80),TP-0012
sepotify.com,0,FP-0007: Typosquat Evasion Infrastructure (conf: 80),TP-0012
spa.com,0,FP-0007: Typosquat Evasion Infrastructure (conf: 80),TP-0012
statestret.com,0,FP-0007: Typosquat Evasion Infrastructure (conf: 95),TP-0012
tgmail.com,0,FP-0007: Typosquat Evasion Infrastructure (conf: 80),TP-0012
tmail.com,0,FP-0007: Typosquat Evasion Infrastructure (conf: 60),TP-0012
toogle.com,0,FP-0007: Typosquat Evasion Infrastructure (conf: 60),TP-0012
trav3lers.com,0,FP-0007: Typosquat Evasion Infrastructure (conf: 80),TP-0012
traveleres.com,0,FP-0007: Typosquat Evasion Infrastructure (conf: 60),TP-0012
unurn.com,0,FP-0007: Typosquat Evasion Infrastructure (conf: 60),TP-0012
usa.com,0,FP-0007: Typosquat Evasion Infrastructure (conf: 80),TP-0012
vhc.com,0,FP-0007: Typosquat Evasion Infrastructure (conf: 60),TP-0012
xn--gmal-nza.com,0,FP-0007: Typosquat Evasion Infrastructure (conf: 60),TP-0012
xn--gmal-spa.com,0,FP-0007: Typosquat Evasion Infrastructure (conf: 80),TP-0012
xn--mail-kxa.com,0,FP-0007: Typosquat Evasion Infrastructure (conf: 85),TP-0012
zber.com,0,FP-0007: Typosquat Evasion Infrastructure (conf: 60),TP-0012
zmail.com,0,FP-0007: Typosquat Evasion Infrastructure (conf: 80),TP-0012
00.0.gmail.com.gmail.8.3.gmail.35.cad.creou.dev,1,Combo-squat: gmail,
001gmail.com,1,Combo-squat: gmail,
002gmail.com,1,Combo-squat: gmail,
004gmail.com,1,Combo-squat: gmail,
005gmail.com,1,Combo-squat: gmail,
006gmail.com,1,Combo-squat: gmail,
007gmail.com,1,Combo-squat: gmail,
008gmail.com,1,Combo-squat: gmail,
009gmail.com,1,Combo-squat: gmail,
010gmail.com,1,Combo-squat: gmail,
011gmail.com,1,Combo-squat: gmail,
01252gmail.com,1,Combo-squat: gmail,
012gmail.com,1,Combo-squat: gmail,
014gmail.com,1,Combo-squat: gmail,
016gmail.com,1,Combo-squat: gmail,
017gmail.com,1,Combo-squat: gmail,
019gmail.com,1,Combo-squat: gmail,
01gmail.com,1,Combo-squat: gmail,
0202gmail.com,1,Combo-squat: gmail,
020gmail.com,1,Combo-squat: gmail,
021gmail.com,1,Combo-squat: gmail,
022gmail.com,1,Combo-squat: gmail,
023gmail.com,1,Combo-squat: gmail,
025gmail.com,1,Combo-squat: gmail,
028gmail.com,1,Combo-squat: gmail,
029gmail.com,1,Combo-squat: gmail,
02gmail.com,1,Combo-squat: gmail,
030gmail.com,1,Combo-squat: gmail,
031gmail.com,1,Combo-squat: gmail,
032gmail.com,1,Combo-squat: gmail,
036gmail.com,1,Combo-squat: gmail,
039gmail.com,1,Combo-squat: gmail,
03gmail.com,1,Combo-squat: gmail,
041gmail.com,1,Combo-squat: gmail,
042gmail.com,1,Combo-squat: gmail,
043gmail.com,1,Combo-squat: gmail,
047gmail.com,1,Combo-squat: gmail,
04gmail.com,1,Combo-squat: gmail,
050gmail.com,1,Combo-squat: gmail,
057gmail.com,1,Combo-squat: gmail,
058gmail.com,1,Combo-squat: gmail,
059gmail.com,1,Combo-squat: gmail,
05gmail.com,1,Combo-squat: gmail,
060gmail.com,1,Combo-squat: gmail,
062gmail.com,1,Combo-squat: gmail,
063gmail.com,1,Combo-squat: gmail,
065gmail.com,1,Combo-squat: gmail,
066gmail.com,1,Combo-squat: gmail,
067gmail.com,1,Combo-squat: gmail,
068gmail.com,1,Combo-squat: gmail,
06gmail.com,1,Combo-squat: gmail,
071gmail.com,1,Combo-squat: gmail,
078gmail.com,1,Combo-squat: gmail,
079gmail.com,1,Combo-squat: gmail,
07gmail.com,1,Combo-squat: gmail,
086gmail.com,1,Combo-squat: gmail,
087gmail.com,1,Combo-squat: gmail,
089gmail.com,1,Combo-squat: gmail,
08gmail.com,1,Combo-squat: gmail,
090gmail.com,1,Combo-squat: gmail,
091gmail.com,1,Combo-squat: gmail,
092gmail.com,1,Combo-squat: gmail,
093gmail.com,1,Combo-squat: gmail,
095gmail.com,1,Combo-squat: gmail,
096gmail.com,1,Combo-squat: gmail,
097gmail.com,1,Combo-squat: gmail,
098gmail.com,1,Combo-squat: gmail,
099gmail.com,1,Combo-squat: gmail,
09gmail.com,1,Combo-squat: gmail,
1.a.z.1.gmail.i.0.83.y.9.aiot.ptcu.dev,1,Combo-squat: gmail,
100003901618211.cryptonews24h.xyz,1,Combo-squat: crypto,
100007397087655.cryptonews24h.xyz,1,Combo-squat: crypto,
100014167211170.cryptonews24h.xyz,1,Combo-squat: crypto,
1000gmail.com,1,Combo-squat: gmail,
1001gmail.com,1,Combo-squat: gmail,
100gmail.com,1,Combo-squat: gmail,
1012gmail.com,1,Combo-squat: gmail,
101gmail.com,1,Combo-squat: gmail,
102gmail.com,1,Combo-squat: gmail,
105gmail.com,1,Combo-squat: gmail,
106gmail.com,1,Combo-squat: gmail,
10thblock.com,1,Combo-squat: block,
111gmail.com,1,Combo-squat: gmail,
112gmail.com,1,Combo-squat: gmail,
113gmail.com,1,Combo-squat: gmail,
114gmail.com,1,Combo-squat: gmail,
115gmail.com,1,Combo-squat: gmail,
116gmail.com,1,Combo-squat: gmail,
11gmail.com,1,Combo-squat: gmail,
120gmail.com,1,Combo-squat: gmail,
1212gmail.com,1,Combo-squat: gmail,
1213gmail.com,1,Combo-squat: gmail,
121gmail.com,1,Combo-squat: gmail,
122gmail.com,1,Combo-squat: gmail,
12345gmail.com,1,Combo-squat: gmail,
1234gmail.com,1,Combo-squat: gmail,
123gmail.com,1,Combo-squat: gmail,
124gmail.com,1,Combo-squat: gmail,
125gmail.com,1,Combo-squat: gmail,
127gmail.com,1,Combo-squat: gmail,
128gmail.com,1,Combo-squat: gmail,
129gmail.com,1,Combo-squat: gmail,
12gmail.com,1,Combo-squat: gmail,
13.1955gmail.com,1,Combo-squat: gmail,
130gmail.com,1,Combo-squat: gmail,
1313gmail.com,1,Combo-squat: gmail,
134gmail.com,1,Combo-squat: gmail,
138gmail.com,1,Combo-squat: gmail,
139gmail.com,1,Combo-squat: gmail,
13gmail.com,1,Combo-squat: gmail,
140gmail.com,1,Combo-squat: gmail,
141gmail.com,1,Combo-squat: gmail,
143gmail.com,1,Combo-squat: gmail,
144gmail.com,1,Combo-squat: gmail,
145gmail.com,1,Combo-squat: gmail,
146gmail.com,1,Combo-squat: gmail,
147gmail.com,1,Combo-squat: gmail,
149gmail.com,1,Combo-squat: gmail,
14gmail.com,1,Combo-squat: gmail,
15.02gmail.com,1,Combo-squat: gmail,
150gmail.com,1,Combo-squat: gmail,
151gmail.com,1,Combo-squat: gmail,
152gmail.com,1,Combo-squat: gmail,
153gmail.com,1,Combo-squat: gmail,
154gmail.com,1,Combo-squat: gmail,
155gmail.com,1,Combo-squat: gmail,
156gmail.com,1,Combo-squat: gmail,
157gmail.com,1,Combo-squat: gmail,
15gmail.com,1,Combo-squat: gmail,
161gmail.com,1,Combo-squat: gmail,
164gmail.com,1,Combo-squat: gmail,
166gmail.com,1,Combo-squat: gmail,
167gmail.com,1,Combo-squat: gmail,
168gmail.com,1,Combo-squat: gmail,
16gmail.com,1,Combo-squat: gmail,
170gmail.com,1,Combo-squat: gmail,
171gmail.com,1,Combo-squat: gmail,
174gmail.com,1,Combo-squat: gmail,
175gmail.com,1,Combo-squat: gmail,
176gmail.com,1,Combo-squat: gmail,
178gmail.com,1,Combo-squat: gmail,
179gmail.com,1,Combo-squat: gmail,
17gmail.com,1,Combo-squat: gmail,
182gmail.com,1,Combo-squat: gmail,
183gmail.com,1,Combo-squat: gmail,
185gmail.com,1,Combo-squat: gmail,
186gmail.com,1,Combo-squat: gmail,
187gmail.com,1,Combo-squat: gmail,
188gmail.com,1,Combo-squat: gmail,
189gmail.com,1,Combo-squat: gmail,
18gmail.com,1,Combo-squat: gmail,
190gmail.com,1,Combo-squat: gmail,
1944gmail.com,1,Combo-squat: gmail,
194gmail.com,1,Combo-squat: gmail,
1950gmail.com,1,Combo-squat: gmail,
1953gmail.com,1,Combo-squat: gmail,
1956gmail.com,1,Combo-squat: gmail,
1957gmail.com,1,Combo-squat: gmail,
1959gmail.com,1,Combo-squat: gmail,
1960gmail.com,1,Combo-squat: gmail,
1961gmail.com,1,Combo-squat: gmail,
1963gmail.com,1,Combo-squat: gmail,
1964gmail.com,1,Combo-squat: gmail,
1969gmail.com,1,Combo-squat: gmail,
196gmail.com,1,Combo-squat: gmail,
1970gmail.com,1,Combo-squat: gmail,
1974gmail.com,1,Combo-squat: gmail,
1975gmail.com,1,Combo-squat: gmail,
1978gmail.com,1,Combo-squat: gmail,
1979gmail.com,1,Combo-squat: gmail,
1980gmail.com,1,Combo-squat: gmail,
1981gmail.com,1,Combo-squat: gmail,
1982gmail.com,1,Combo-squat: gmail,
1983gmail.com,1,Combo-squat: gmail,
1984gmail.com,1,Combo-squat: gmail,
1985gmail.com,1,Combo-squat: gmail,
1986gmail.com,1,Combo-squat: gmail,
1987gmail.com,1,Combo-squat: gmail,
1988gmail.com,1,Combo-squat: gmail,
1989gmail.com,1,Combo-squat: gmail,
198gmail.com,1,Combo-squat: gmail,
1990gmail.com,1,Combo-squat: gmail,
1991gmail.com,1,Combo-squat: gmail,
1992gmail.com,1,Combo-squat: gmail,
1993gmail.com,1,Combo-squat: gmail,
1994gmail.com,1,Combo-squat: gmail,
1995gmail.com,1,Combo-squat: gmail,
1996gmail.com,1,Combo-squat: gmail,
1997gmail.com,1,Combo-squat: gmail,
1998gmail.com,1,Combo-squat: gmail,
1999gmail.com,1,Combo-squat: gmail,
199gmail.com,1,Combo-squat: gmail,
19gmail.com,1,Combo-squat: gmail,
1cryptodarkmarket.com,1,Combo-squat: crypto,
1gmail.com,1,Combo-squat: gmail,
1gmail.net,1,Combo-squat: gmail,
1googlemail.com,1,Combo-squat: google,
1liquidators.com,1,Combo-squat: liquid,
2000gmail.com,1,Combo-squat: gmail,
2001gmail.com,1,Combo-squat: gmail,
2002gmail.com,1,Combo-squat: gmail,
2003gmail.com,1,Combo-squat: gmail,
2004gmail.com,1,Combo-squat: gmail,
2005gmail.com,1,Combo-squat: gmail,
2006gmail.com,1,Combo-squat: gmail,
2007gmail.com,1,Combo-squat: gmail,
2008gmail.com,1,Combo-squat: gmail,
2009gmail.com,1,Combo-squat: gmail,
200gmail.com,1,Combo-squat: gmail,
2010gmail.com,1,Combo-squat: gmail,
2011gmail.com,1,Combo-squat: gmail,
2014gmail.com,1,Combo-squat: gmail,
2016gmail.com,1,Combo-squat: gmail,
2017gmail.com,1,Combo-squat: gmail,
2018gmail.com,1,Combo-squat: gmail,
2019gmail.com,1,Combo-squat: gmail,
201gmail.com,1,Combo-squat: gmail,
2020gmail.com,1,Combo-squat: gmail,
204gmail.com,1,Combo-squat: gmail,
206gmail.com,1,Combo-squat: gmail,
208gmail.com,1,Combo-squat: gmail,
20gmail.co.com,1,Combo-squat: gmail,
210gmail.com,1,Combo-squat: gmail,
211gmail.com,1,Combo-squat: gmail,
2121gmail.com,1,Combo-squat: gmail,
212gmail.com,1,Combo-squat: gmail,
216gmail.com,1,Combo-squat: gmail,
218gmail.com,1,Combo-squat: gmail,
219gmail.com,1,Combo-squat: gmail,
220gmail.com,1,Combo-squat: gmail,
221gmail.com,1,Combo-squat: gmail,
2222gmail.com,1,Combo-squat: gmail,
222gmail.com,1,Combo-squat: gmail,
223gmail.com,1,Combo-squat: gmail,
224gmail.com,1,Combo-squat: gmail,
227gmail.com,1,Combo-squat: gmail,
231gmail.com,1,Combo-squat: gmail,
2323gmail.com,1,Combo-squat: gmail,
232gmail.com,1,Combo-squat: gmail,
234gmail.com,1,Combo-squat: gmail,
235francisco.com,1,Combo-squat: cisco,
235gmail.com,1,Combo-squat: gmail,
238gmail.com,1,Combo-squat: gmail,
239gmail.com,1,Combo-squat: gmail,
242gmail.com,1,Combo-squat: gmail,
243gmail.com,1,Combo-squat: gmail,
245gmail.com,1,Combo-squat: gmail,
246gmail.com,1,Combo-squat: gmail,
247gmail.com,1,Combo-squat: gmail,
248gmail.com,1,Combo-squat: gmail,
249gmail.com,1,Combo-squat: gmail,
24gmail.com,1,Combo-squat: gmail,
252gmail.com,1,Combo-squat: gmail,
253gmail.com,1,Combo-squat: gmail,
254gmail.com,1,Combo-squat: gmail,
255gmail.com,1,Combo-squat: gmail,
256gmail.com,1,Combo-squat: gmail,
258gmail.com,1,Combo-squat: gmail,
259gmail.com,1,Combo-squat: gmail,
25gmail.com,1,Combo-squat: gmail,
262gmail.com,1,Combo-squat: gmail,
266gmail.com,1,Combo-squat: gmail,
268gmail.com,1,Combo-squat: gmail,
26gmail.com,1,Combo-squat: gmail,
273gmail.com,1,Combo-squat: gmail,
274gmail.com,1,Combo-squat: gmail,
275gmail.com,1,Combo-squat: gmail,
27gmail.com,1,Combo-squat: gmail,
282gmail.co.com,1,Combo-squat: gmail,
288gmail.com,1,Combo-squat: gmail,
289gmail.com,1,Combo-squat: gmail,
28gmail.com,1,Combo-squat: gmail,
290gmail.com,1,Combo-squat: gmail,
292gmail.com,1,Combo-squat: gmail,
293gmail.com,1,Combo-squat: gmail,
295gmail.com,1,Combo-squat: gmail,
299gmail.com,1,Combo-squat: gmail,
29gmail.com,1,Combo-squat: gmail,
2dgate.com,1,Combo-squat: gate,
2fwww.finance.google.com.mailfranco.com,1,Combo-squat: google,
300gmail.com,1,Combo-squat: gmail,
301gmail.com,1,Combo-squat: gmail,
302gmail.com,1,Combo-squat: gmail,
303gmail.com,1,Combo-squat: gmail,
304gmail.com,1,Combo-squat: gmail,
305gmail.com,1,Combo-squat: gmail,
307gmail.com,1,Combo-squat: gmail,
308gmail.com,1,Combo-squat: gmail,
309gmail.com,1,Combo-squat: gmail,
30gmail.com,1,Combo-squat: gmail,
310gmail.com,1,Combo-squat: gmail,
312gmail.com,1,Combo-squat: gmail,
314gmail.com,1,Combo-squat: gmail,
315gmail.com,1,Combo-squat: gmail,
318gmail.com,1,Combo-squat: gmail,
31gmail.com,1,Combo-squat: gmail,
321gmail.com,1,Combo-squat: gmail,
323gmail.com,1,Combo-squat: gmail,
324gmail.com,1,Combo-squat: gmail,
32gmail.com,1,Combo-squat: gmail,
330gmail.com,1,Combo-squat: gmail,
333gmail.com,1,Combo-squat: gmail,
334gmail.com,1,Combo-squat: gmail,
335gmail.com,1,Combo-squat: gmail,
336gmail.com,1,Combo-squat: gmail,
337gmail.com,1,Combo-squat: gmail,
338gmail.com,1,Combo-squat: gmail,
33gmail.com,1,Combo-squat: gmail,
341gmail.com,1,Combo-squat: gmail,
342gmail.com,1,Combo-squat: gmail,
343gmail.com,1,Combo-squat: gmail,
344gmail.com,1,Combo-squat: gmail,
345gmail.com,1,Combo-squat: gmail,
346gmail.com,1,Combo-squat: gmail,
347gmail.com,1,Combo-squat: gmail,
34gmail.com,1,Combo-squat: gmail,
350gmail.com,1,Combo-squat: gmail,
351gmail.com,1,Combo-squat: gmail,
353gmail.com,1,Combo-squat: gmail,
356gmail.com,1,Combo-squat: gmail,
35gmail.com,1,Combo-squat: gmail,
360gmail.com,1,Combo-squat: gmail,
362gmail.com,1,Combo-squat: gmail,
363gmail.com,1,Combo-squat: gmail,
364gmail.com,1,Combo-squat: gmail,
367gmail.com,1,Combo-squat: gmail,
369gmail.com,1,Combo-squat: gmail,
36gmail.com,1,Combo-squat: gmail,
372gmail.com,1,Combo-squat: gmail,
374gmail.com,1,Combo-squat: gmail,
377gmail.com,1,Combo-squat: gmail,
37gmail.com,1,Combo-squat: gmail,
380gmail.com,1,Combo-squat: gmail,
381gmail.com,1,Combo-squat: gmail,
383gmail.com,1,Combo-squat: gmail,
385gmail.com,1,Combo-squat: gmail,
386gmail.com,1,Combo-squat: gmail,
38gmail.com,1,Combo-squat: gmail,
390gmail.com,1,Combo-squat: gmail,
392gmail.com,1,Combo-squat: gmail,
394gmail.com,1,Combo-squat: gmail,
398gmail.com,1,Combo-squat: gmail,
39gmail.com,1,Combo-squat: gmail,
3dsgateway.eu,1,Combo-squat: gate,
400gmail.com,1,Combo-squat: gmail,
401gmail.com,1,Combo-squat: gmail,
402gmail.com,1,Combo-squat: gmail,
405gmail.com,1,Combo-squat: gmail,
411gmail.com,1,Combo-squat: gmail,
413gmail.com,1,Combo-squat: gmail,
416gmail.com,1,Combo-squat: gmail,
417gmail.com,1,Combo-squat: gmail,
41gmail.com,1,Combo-squat: gmail,
420gmail.com,1,Combo-squat: gmail,
423gmail.com,1,Combo-squat: gmail,
424gmail.com,1,Combo-squat: gmail,
425gmail.com,1,Combo-squat: gmail,
427gmail.com,1,Combo-squat: gmail,
428gmail.com,1,Combo-squat: gmail,
42gmail.com,1,Combo-squat: gmail,
430gmail.com,1,Combo-squat: gmail,
432gmail.com,1,Combo-squat: gmail,
435gmail.com,1,Combo-squat: gmail,
436gmail.com,1,Combo-squat: gmail,
439gmail.com,1,Combo-squat: gmail,
43gmail.com,1,Combo-squat: gmail,
440gmail.com,1,Combo-squat: gmail,
442gmail.com,1,Combo-squat: gmail,
443gmail.com,1,Combo-squat: gmail,
4444gmail.com,1,Combo-squat: gmail,
447gmail.com,1,Combo-squat: gmail,
448gmail.com,1,Combo-squat: gmail,
449gmail.com,1,Combo-squat: gmail,
44gmail.com,1,Combo-squat: gmail,
450gmail.com,1,Combo-squat: gmail,
451gmail.com,1,Combo-squat: gmail,
453gmail.com,1,Combo-squat: gmail,
455gmail.com,1,Combo-squat: gmail,
456gmail.com,1,Combo-squat: gmail,
459gmail.com,1,Combo-squat: gmail,
460gmail.com,1,Combo-squat: gmail,
465gmail.com,1,Combo-squat: gmail,
466gmail.com,1,Combo-squat: gmail,
467gmail.com,1,Combo-squat: gmail,
46gmail.com,1,Combo-squat: gmail,
471gmail.com,1,Combo-squat: gmail,
473gmail.com,1,Combo-squat: gmail,
474gmail.com,1,Combo-squat: gmail,
475gmail.com,1,Combo-squat: gmail,
47gmail.com,1,Combo-squat: gmail,
480gmail.com,1,Combo-squat: gmail,
481gmail.com,1,Combo-squat: gmail,
486gmail.com,1,Combo-squat: gmail,
487gmail.com,1,Combo-squat: gmail,
488gmail.com,1,Combo-squat: gmail,
48gmail.com,1,Combo-squat: gmail,
490gmail.com,1,Combo-squat: gmail,
491gmail.com,1,Combo-squat: gmail,
499gmail.com,1,Combo-squat: gmail,
49gmail.com,1,Combo-squat: gmail,
4gmail.com,1,Combo-squat: gmail,
5.u.gmail3.com.5.6.g.k.h.6.h.cad.creou.dev,1,Combo-squat: gmail,
501gmail.com,1,Combo-squat: gmail,
502gmail.com,1,Combo-squat: gmail,
504gmail.com,1,Combo-squat: gmail,
505gmail.com,1,Combo-squat: gmail,
506gmail.com,1,Combo-squat: gmail,
507gmail.com,1,Combo-squat: gmail,
508gmail.com,1,Combo-squat: gmail,
50gmail.com,1,Combo-squat: gmail,
510gmail.com,1,Combo-squat: gmail,
511gmail.com,1,Combo-squat: gmail,
512gmail.com,1,Combo-squat: gmail,
514gmail.com,1,Combo-squat: gmail,
517gmail.com,1,Combo-squat: gmail,
518gmail.com,1,Combo-squat: gmail,
520gmail.com,1,Combo-squat: gmail,
521gmail.com,1,Combo-squat: gmail,
522gmail.com,1,Combo-squat: gmail,
523gmail.com,1,Combo-squat: gmail,
524gmail.com,1,Combo-squat: gmail,
525gmail.com,1,Combo-squat: gmail,
526gmail.com,1,Combo-squat: gmail,
528gmail.com,1,Combo-squat: gmail,
52gmail.com,1,Combo-squat: gmail,
535gmail.com,1,Combo-squat: gmail,
536gmail.com,1,Combo-squat: gmail,
53gmail.com,1,Combo-squat: gmail,
540gmail.com,1,Combo-squat: gmail,
541gmail.com,1,Combo-squat: gmail,
545gmail.com,1,Combo-squat: gmail,
546gmail.com,1,Combo-squat: gmail,
547gmail.com,1,Combo-squat: gmail,
549gmail.com,1,Combo-squat: gmail,
54gmail.com,1,Combo-squat: gmail,
550gmail.com,1,Combo-squat: gmail,
551gmail.com,1,Combo-squat: gmail,
553gmail.com,1,Combo-squat: gmail,
5555gmail.com,1,Combo-squat: gmail,
555gmail.com,1,Combo-squat: gmail,
556gmail.com,1,Combo-squat: gmail,
55gmail.com,1,Combo-squat: gmail,
560gmail.com,1,Combo-squat: gmail,
563gmail.com,1,Combo-squat: gmail,
565gmail.com,1,Combo-squat: gmail,
566gmail.com,1,Combo-squat: gmail,
567gmail.com,1,Combo-squat: gmail,
568gmail.com,1,Combo-squat: gmail,
569gmail.com,1,Combo-squat: gmail,
56gmail.com,1,Combo-squat: gmail,
570gmail.com,1,Combo-squat: gmail,
573gmail.com,1,Combo-squat: gmail,
574gmail.com,1,Combo-squat: gmail,
575gmail.com,1,Combo-squat: gmail,
576gmail.com,1,Combo-squat: gmail,
577gmail.com,1,Combo-squat: gmail,
578gmail.com,1,Combo-squat: gmail,
57gmail.com,1,Combo-squat: gmail,
580gmail.com,1,Combo-squat: gmail,
581gmail.com,1,Combo-squat: gmail,
587gmail.com,1,Combo-squat: gmail,
588gmail.com,1,Combo-squat: gmail,
58gmail.com,1,Combo-squat: gmail,
590gmail.com,1,Combo-squat: gmail,
594gmail.com,1,Combo-squat: gmail,
595gmail.com,1,Combo-squat: gmail,
59gmail.com,1,Combo-squat: gmail,
5gmail.com,1,Combo-squat: gmail,
602gmail.com,1,Combo-squat: gmail,
603gmail.com,1,Combo-squat: gmail,
605gmail.com,1,Combo-squat: gmail,
608gmail.com,1,Combo-squat: gmail,
60gmail.com,1,Combo-squat: gmail,
611gmail.com,1,Combo-squat: gmail,
613gmail.com,1,Combo-squat: gmail,
619gmail.com,1,Combo-squat: gmail,
61gmail.com,1,Combo-squat: gmail,
620gmail.com,1,Combo-squat: gmail,
622gmail.com,1,Combo-squat: gmail,
623gmail.com,1,Combo-squat: gmail,
624gmail.com,1,Combo-squat: gmail,
625gmail.com,1,Combo-squat: gmail,
626gmail.com,1,Combo-squat: gmail,
627gmail.com,1,Combo-squat: gmail,
628gmail.com,1,Combo-squat: gmail,
62gmail.com,1,Combo-squat: gmail,
631gmail.com,1,Combo-squat: gmail,
634gmail.com,1,Combo-squat: gmail,
638gmail.com,1,Combo-squat: gmail,
639gmail.com,1,Combo-squat: gmail,
63gmail.co.com,1,Combo-squat: gmail,
63gmail.com,1,Combo-squat: gmail,
640gmail.com,1,Combo-squat: gmail,
641gmail.com,1,Combo-squat: gmail,
644gmail.com,1,Combo-squat: gmail,
645gmail.com,1,Combo-squat: gmail,
646gmail.com,1,Combo-squat: gmail,
648gmail.com,1,Combo-squat: gmail,
649gmail.com,1,Combo-squat: gmail,
64gmail.com,1,Combo-squat: gmail,
651gmail.com,1,Combo-squat: gmail,
652gmail.com,1,Combo-squat: gmail,
654gmail.com,1,Combo-squat: gmail,
655gmail.com,1,Combo-squat: gmail,
656gmail.com,1,Combo-squat: gmail,
657gmail.com,1,Combo-squat: gmail,
65gmail.com,1,Combo-squat: gmail,
663gmail.com,1,Combo-squat: gmail,
665gmail.com,1,Combo-squat: gmail,
6666gmail.com,1,Combo-squat: gmail,
666gmail.com,1,Combo-squat: gmail,
667gmail.com,1,Combo-squat: gmail,
668gmail.com,1,Combo-squat: gmail,
671gmail.com,1,Combo-squat: gmail,
672gmail.com,1,Combo-squat: gmail,
673gmail.com,1,Combo-squat: gmail,
675gmail.com,1,Combo-squat: gmail,
676gmail.com,1,Combo-squat: gmail,
678gmail.com,1,Combo-squat: gmail,
67gmail.com,1,Combo-squat: gmail,
683gmail.com,1,Combo-squat: gmail,
684gmail.com,1,Combo-squat: gmail,
687gmail.com,1,Combo-squat: gmail,
689gmail.com,1,Combo-squat: gmail,
68gmail.com,1,Combo-squat: gmail,
693gmail.com,1,Combo-squat: gmail,
694gmail.com,1,Combo-squat: gmail,
6969gmail.com,1,Combo-squat: gmail,
697gmail.com,1,Combo-squat: gmail,
698gmail.com,1,Combo-squat: gmail,
699gmail.com,1,Combo-squat: gmail,
69gmail.com,1,Combo-squat: gmail,
6gmail.co.com,1,Combo-squat: gmail,
7.1.gmail.com.gmail.com.5.01.cad.edu.gr,1,Combo-squat: gmail,
700gmail.com,1,Combo-squat: gmail,
701gmail.com,1,Combo-squat: gmail,
702gmail.com,1,Combo-squat: gmail,
706gmail.com,1,Combo-squat: gmail,
707gmail.com,1,Combo-squat: gmail,
708gmail.com,1,Combo-squat: gmail,
709gmail.com,1,Combo-squat: gmail,
70gmail.com,1,Combo-squat: gmail,
710gmail.com,1,Combo-squat: gmail,
713gmail.com,1,Combo-squat: gmail,
715gmail.com,1,Combo-squat: gmail,
716gmail.com,1,Combo-squat: gmail,
718gmail.com,1,Combo-squat: gmail,
719gmail.com,1,Combo-squat: gmail,
71gmail.com,1,Combo-squat: gmail,
720gmail.com,1,Combo-squat: gmail,
721gmail.com,1,Combo-squat: gmail,
72229rohrdorf.gmail.deail.com,1,Combo-squat: gmail,
723gmail.com,1,Combo-squat: gmail,
727gmail.com,1,Combo-squat: gmail,
728gmail.com,1,Combo-squat: gmail,
72gmail.com,1,Combo-squat: gmail,
730gmail.com,1,Combo-squat: gmail,
733gmail.com,1,Combo-squat: gmail,
735gmail.com,1,Combo-squat: gmail,
738gmail.com,1,Combo-squat: gmail,
739gmail.com,1,Combo-squat: gmail,
73gmail.com,1,Combo-squat: gmail,
743gmail.com,1,Combo-squat: gmail,
745gmail.com,1,Combo-squat: gmail,
747gmail.com,1,Combo-squat: gmail,
74gmail.com,1,Combo-squat: gmail,
756gmail.com,1,Combo-squat: gmail,
758gmail.com,1,Combo-squat: gmail,
75gmail.com,1,Combo-squat: gmail,
760gmail.com,1,Combo-squat: gmail,
76271gmail.com,1,Combo-squat: gmail,
765gmail.com,1,Combo-squat: gmail,
766gmail.com,1,Combo-squat: gmail,
767gmail.com,1,Combo-squat: gmail,
768gmail.com,1,Combo-squat: gmail,
76gmail.com,1,Combo-squat: gmail,
770gmail.com,1,Combo-squat: gmail,
776gmail.com,1,Combo-squat: gmail,
777gmail.com,1,Combo-squat: gmail,
779gmail.com,1,Combo-squat: gmail,
782gmail.com,1,Combo-squat: gmail,
783gmail.com,1,Combo-squat: gmail,
784gmail.com,1,Combo-squat: gmail,
785gmail.com,1,Combo-squat: gmail,
786gmail.com,1,Combo-squat: gmail,
7878gmail.com,1,Combo-squat: gmail,
787gmail.com,1,Combo-squat: gmail,
789gmail.com,1,Combo-squat: gmail,
78gmail.com,1,Combo-squat: gmail,
790gmail.com,1,Combo-squat: gmail,
794gmail.com,1,Combo-squat: gmail,
798gmail.com,1,Combo-squat: gmail,
799gmail.com,1,Combo-squat: gmail,
79gmail.com,1,Combo-squat: gmail,
7gmail.com,1,Combo-squat: gmail,
800gmail.com,1,Combo-squat: gmail,
803gmail.com,1,Combo-squat: gmail,
806gmail.com,1,Combo-squat: gmail,
807gmail.com,1,Combo-squat: gmail,
808gmail.com,1,Combo-squat: gmail,
809gmail.com,1,Combo-squat: gmail,
80gmail.com,1,Combo-squat: gmail,
810gmail.com,1,Combo-squat: gmail,
811gmail.com,1,Combo-squat: gmail,
818gmail.com,1,Combo-squat: gmail,
819gmail.com,1,Combo-squat: gmail,
81gmail.com,1,Combo-squat: gmail,
820gmail.com,1,Combo-squat: gmail,
821gmail.com,1,Combo-squat: gmail,
823gmail.com,1,Combo-squat: gmail,
825gmail.com,1,Combo-squat: gmail,
827gmail.com,1,Combo-squat: gmail,
830gmail.com,1,Combo-squat: gmail,
833gmail.com,1,Combo-squat: gmail,
834gmail.com,1,Combo-squat: gmail,
835gmail.com,1,Combo-squat: gmail,
839gmail.com,1,Combo-squat: gmail,
83gmail.com,1,Combo-squat: gmail,
840gmail.com,1,Combo-squat: gmail,
841gmail.com,1,Combo-squat: gmail,
842gmail.com,1,Combo-squat: gmail,
845gmail.com,1,Combo-squat: gmail,
848gmail.com,1,Combo-squat: gmail,
849gmail.com,1,Combo-squat: gmail,
84gmail.com,1,Combo-squat: gmail,
850gmail.com,1,Combo-squat: gmail,
852gmail.com,1,Combo-squat: gmail,
853gmail.com,1,Combo-squat: gmail,
854gmail.com,1,Combo-squat: gmail,
855gmail.com,1,Combo-squat: gmail,
857gmail.com,1,Combo-squat: gmail,
858gmail.com,1,Combo-squat: gmail,
859gmail.com,1,Combo-squat: gmail,
85gmail.com,1,Combo-squat: gmail,
860gmail.com,1,Combo-squat: gmail,
86gmail.com,1,Combo-squat: gmail,
871gmail.com,1,Combo-squat: gmail,
873gmail.com,1,Combo-squat: gmail,
874gmail.com,1,Combo-squat: gmail,
876gmail.com,1,Combo-squat: gmail,
87gmail.com,1,Combo-squat: gmail,
880gmail.com,1,Combo-squat: gmail,
881gmail.com,1,Combo-squat: gmail,
885gmail.com,1,Combo-squat: gmail,
887gmail.com,1,Combo-squat: gmail,
8888gmail.com,1,Combo-squat: gmail,
888gmail.com,1,Combo-squat: gmail,
890gmail.com,1,Combo-squat: gmail,
891gmail.com,1,Combo-squat: gmail,
892gmail.com,1,Combo-squat: gmail,
893gmail.com,1,Combo-squat: gmail,
894gmail.com,1,Combo-squat: gmail,
899gmail.com,1,Combo-squat: gmail,
89gmail.com,1,Combo-squat: gmail,
901gmail.com,1,Combo-squat: gmail,
902gmail.com,1,Combo-squat: gmail,
903gmail.com,1,Combo-squat: gmail,
905gmail.com,1,Combo-squat: gmail,
906gmail.com,1,Combo-squat: gmail,
908gmail.com,1,Combo-squat: gmail,
909gmail.com,1,Combo-squat: gmail,
90gmail.com,1,Combo-squat: gmail,
911gmail.com,1,Combo-squat: gmail,
913gmail.com,1,Combo-squat: gmail,
916gmail.com,1,Combo-squat: gmail,
91gmail.com,1,Combo-squat: gmail,
920gmail.com,1,Combo-squat: gmail,
922gmail.com,1,Combo-squat: gmail,
925gmail.com,1,Combo-squat: gmail,
928gmail.com,1,Combo-squat: gmail,
930gmail.com,1,Combo-squat: gmail,
935gmail.com,1,Combo-squat: gmail,
936gmail.com,1,Combo-squat: gmail,
937gmail.com,1,Combo-squat: gmail,
939gmail.com,1,Combo-squat: gmail,
93gmail.com,1,Combo-squat: gmail,
942gmail.com,1,Combo-squat: gmail,
943gmail.com,1,Combo-squat: gmail,
944gmail.com,1,Combo-squat: gmail,
945gmail.com,1,Combo-squat: gmail,
94gmail.com,1,Combo-squat: gmail,
950gmail.com,1,Combo-squat: gmail,
951gmail.com,1,Combo-squat: gmail,
957gmail.com,1,Combo-squat: gmail,
958gmail.com,1,Combo-squat: gmail,
959gmail.com,1,Combo-squat: gmail,
95gmail.com,1,Combo-squat: gmail,
96gmail.com,1,Combo-squat: gmail,
970gmail.com,1,Combo-squat: gmail,
971gmail.com,1,Combo-squat: gmail,
973gmail.com,1,Combo-squat: gmail,
974gmail.com,1,Combo-squat: gmail,
975gmail.com,1,Combo-squat: gmail,
977gmail.com,1,Combo-squat: gmail,
97gmail.com,1,Combo-squat: gmail,
980gmail.com,1,Combo-squat: gmail,
985gmail.com,1,Combo-squat: gmail,
986gmail.com,1,Combo-squat: gmail,
987gmail.com,1,Combo-squat: gmail,
988gmail.com,1,Combo-squat: gmail,
989gmail.com,1,Combo-squat: gmail,
98gmail.com,1,Combo-squat: gmail,
991gmail.com,1,Combo-squat: gmail,
994gmail.com,1,Combo-squat: gmail,
996gmail.com,1,Combo-squat: gmail,
a.k.3.gmail.ksd9.jm79.6.gmail.meleni.xyz,1,Combo-squat: gmail,
a.z.1.gmail.i.0.83.y.9.aiot.ptcu.dev,1,Combo-squat: gmail,
aatgmail.com,1,Combo-squat: gmail,
abbeygate-portugal.com,1,Combo-squat: gate,
abc.zoomingabout.com,1,Combo-squat: zoom,
abcofthetriplecities.com,1,Combo-squat: citi,
ac-shopify.top,1,Combo-squat: shopify,
account.meta.com,1,Combo-squat: meta,
accountstripe.com,1,Combo-squat: stripe,
accsstripe.com,1,Combo-squat: stripe,
acerosmetal.nl,1,Combo-squat: meta,
acgmetals.com,1,Combo-squat: meta,
achergmail.ru,1,Combo-squat: gmail,
acroyogateachertraining.online,1,Combo-squat: gate,
activecrypto.online,1,Combo-squat: crypto,
adblockerhyper.us,1,Combo-squat: block,
adifferentlooktaxservices.com,1,Combo-squat: okta,
adminzoom.com,1,Combo-squat: zoom,
adobe-masters.ru,1,Combo-squat: adobe,
adobe.digiwav.store,1,Combo-squat: adobe,
adobeccepdm.com,1,Combo-squat: adobe,
adobee.space,1,Combo-squat: adobe,
adobesignaturemoments.com,1,Combo-squat: adobe,
adsbygoogle.js,1,Combo-squat: google,
adultfacebookinfo.info,1,Combo-squat: facebook,
aeasystabilitybetsnupp20.xyz,1,Combo-squat: stability,
aetnainsurancecoversrehab.com,1,Combo-squat: aetna,
africanprogressiveeconomist.com,1,Combo-squat: progressive,
afriend.gmail.com.gmail.com.m.oazis.site,1,Combo-squat: gmail,
agagmail.com,1,Combo-squat: gmail,
agmail.com,1,Combo-squat: gmail,
agmail.store,1,Combo-squat: gmail,
ahmetamanvermez.com,1,Combo-squat: meta,
aicryptoctrading.com,1,Combo-squat: crypto,
airbnbexperts.net,1,Combo-squat: airbnb,
aiwritingmeta.com,1,Combo-squat: meta,
akapple.com,1,Combo-squat: apple,
akunchatgpt.my.id,1,Combo-squat: chatgpt,
akunzoom.com,1,Combo-squat: zoom,
albigmail.com,1,Combo-squat: gmail,
algmail.com,1,Combo-squat: gmail,
allegmail.ru,1,Combo-squat: gmail,
alreadypurchase.com,1,Combo-squat: chase,
altruistfmk.com,1,Combo-squat: truist,
alunord.com,1,Combo-squat: luno,
alunord.pl,1,Combo-squat: luno,
alxcitizen.com,1,Combo-squat: citi,
amazingbenefitsofapplecidervinegar.com,1,Combo-squat: apple,
amazon-aws-us.com,1,Combo-squat: amazon,
amazon-aws.org,1,Combo-squat: amazon,
amazon-black-friday99.ru,1,Combo-squat: amazon,
amazon-blackfriday.host,1,Combo-squat: amazon,
amazon-center.shop,1,Combo-squat: amazon,
amazon-travel.info,1,Combo-squat: amazon,
amazon.coms.hk,1,Combo-squat: amazon,
amazonbitcoin.net,1,Combo-squat: amazon,
amazondevicesupports.xyz,1,Combo-squat: amazon,
amazonenseapps.online,1,Combo-squat: amazon,
amazong.online,1,Combo-squat: amazon,
amazoniacl.com,1,Combo-squat: amazon,
amazonianseller.com,1,Combo-squat: amazon,
amazonjobs.aleeas.com,1,Combo-squat: amazon,
amazonomat.com,1,Combo-squat: amazon,
amazonsellers.legal,1,Combo-squat: amazon,
amazonses.com,1,Combo-squat: amazon,
amazonshop.fun,1,Combo-squat: amazon,
amazonshopbuy.com,1,Combo-squat: amazon,
amazonshopcash.com,1,Combo-squat: amazon,
amazonshopsite.com,1,Combo-squat: amazon,
amazonshopsource.com,1,Combo-squat: amazon,
amazonshopzen.com,1,Combo-squat: amazon,
amazonwilderness.com,1,Combo-squat: amazon,
amentionq.com,1,Combo-squat: ionq,
americancryptonetwork.com,1,Combo-squat: crypto,
amerinetgate.com,1,Combo-squat: gate,
animalbuildingblocks.com,1,Combo-squat: block,
anthemazrealestate.com,1,Combo-squat: anthem,
anthropic1.33mail.com,1,Combo-squat: anthropic,
api.google.gmail.com.apotekberjalan.com.solaravenue.org,1,Combo-squat: google,
apothegmail.com,1,Combo-squat: gmail,
apple-account.app,1,Combo-squat: apple,
apple-rs.ru,1,Combo-squat: apple,
apple-web.tk,1,Combo-squat: apple,
apple.aleeas.com,1,Combo-squat: apple,
apple.dnsabr.com,1,Combo-squat: apple,
apple.edu.pl,1,Combo-squat: apple,
apple.servemp3.com,1,Combo-squat: apple,
appleaccount.app,1,Combo-squat: apple,
applebeta.cn,1,Combo-squat: apple,
appleblog.com,1,Combo-squat: apple,
applechipchipkll.my,1,Combo-squat: apple,
applechipchipkll.nl,1,Combo-squat: apple,
applecraft.online,1,Combo-squat: apple,
appledev.online,1,Combo-squat: apple,
appledocks.com,1,Combo-squat: apple,
appledress.net,1,Combo-squat: apple,
appleeeeeee.club,1,Combo-squat: apple,
appleeeeeee.fyi,1,Combo-squat: apple,
applefix.ru,1,Combo-squat: apple,
applefordparts.com,1,Combo-squat: apple,
applegift.xyz,1,Combo-squat: apple,
applegranite.com,1,Combo-squat: apple,
applehotelalor.com,1,Combo-squat: apple,
applehotelkl.com,1,Combo-squat: apple,
appleid.apple.com,1,Combo-squat: apple,
appleiiplus.com,1,Combo-squat: apple,
applejftwn.club,1,Combo-squat: apple,
applejftwn.host,1,Combo-squat: apple,
applejftwn.website,1,Combo-squat: apple,
applemeomeo.store,1,Combo-squat: apple,
applemusic.web.id,1,Combo-squat: apple,
appleparcel.com,1,Combo-squat: apple,
applepppp.random-mail.com,1,Combo-squat: apple,
applept.com,1,Combo-squat: apple,
applerewards.live,1,Combo-squat: apple,
applerobot.info,1,Combo-squat: apple,
apples4sale.com,1,Combo-squat: apple,
applesafe3.33mail.com,1,Combo-squat: apple,
appleseedrlty.com,1,Combo-squat: apple,
appleservices.online,1,Combo-squat: apple,
appleshps.website,1,Combo-squat: apple,
applesmokedmeats.com,1,Combo-squat: apple,
applestemcell.org,1,Combo-squat: apple,
applesyard.cloud,1,Combo-squat: apple,
applet.live,1,Combo-squat: apple,
appleton-lettings.com,1,Combo-squat: apple,
appletonafterschool.com,1,Combo-squat: apple,
appletreecabin.com,1,Combo-squat: apple,
applevipp.com,1,Combo-squat: apple,
applevuive.com,1,Combo-squat: apple,
applewatchoutlet.com,1,Combo-squat: apple,
arabicliquidman.site,1,Combo-squat: liquid,
archeologmails.ru,1,Combo-squat: gmail,
arengmail.igg.biz,1,Combo-squat: gmail,
armeta.loseyourip.com,1,Combo-squat: meta,
arnottcapitalbank.com,1,Combo-squat: lbank,
artificialintelligence.productions,1,Combo-squat: intel,
artificialintelligenceseo.com,1,Combo-squat: intel,
aryagate.net,1,Combo-squat: gate,
asawl.m.k.a.w.liquidlogisticsmanagement.com,1,Combo-squat: liquid,
aspotgmail.org,1,Combo-squat: gmail,
assetcrypto.com,1,Combo-squat: crypto,
astabilitybetsnapp.xyz,1,Combo-squat: stability,
astripeofthezebra.com,1,Combo-squat: stripe,
astropaynoktasi.com,1,Combo-squat: okta,
astrophotogmail.ru,1,Combo-squat: gmail,
atariblockchainpartners.com,1,Combo-squat: block,
audoscale.net,1,Combo-squat: scale,
autosuggmail.com,1,Combo-squat: gmail,
autozoomer.ru,1,Combo-squat: zoom,
axiemeta.fun,1,Combo-squat: meta,
ayudafacebook.com,1,Combo-squat: facebook,
azooma.ru,1,Combo-squat: zoom,
azure.cloudns.asia,1,Combo-squat: azure,
azureabyssazure.site,1,Combo-squat: azure,
azureabyssazure.space,1,Combo-squat: azure,
azureabyssazure.store,1,Combo-squat: azure,
azurebfh.me,1,Combo-squat: azure,
azureexplained.com,1,Combo-squat: azure,
azuregiare.com,1,Combo-squat: azure,
azurelend.com,1,Combo-squat: azure,
azures.live,1,Combo-squat: azure,
azuretechtalk.net,1,Combo-squat: azure,
b1gmail.epicgamer.org,1,Combo-squat: gmail,
babygatesshop.life,1,Combo-squat: gate,
bachetesla.ir,1,Combo-squat: tesla,
badungmail.cf,1,Combo-squat: gmail,
bagmail.store,1,Combo-squat: gmail,
balneologmail.com,1,Combo-squat: gmail,
balor.apple.com,1,Combo-squat: apple,
barbecueliquidators.com,1,Combo-squat: liquid,
baremetalnetworks.com,1,Combo-squat: meta,
bastsellstripe.com,1,Combo-squat: stripe,
bbcgmail.com,1,Combo-squat: gmail,
bbruastripe.com,1,Combo-squat: stripe,
becgmail.site,1,Combo-squat: gmail,
begmail.store,1,Combo-squat: gmail,
belugateam.info,1,Combo-squat: gate,
benchmarkmineralintelligence.com,1,Combo-squat: intel,
benefit.travelersinsurance.click,1,Combo-squat: travelers,
bestcryptonews.one,1,Combo-squat: crypto,
bestdealsamazon.shop,1,Combo-squat: amazon,
betusbank.com,1,Combo-squat: usbank,
bicentenebml.ru,1,Combo-squat: centene,
bigatel.info,1,Combo-squat: gate,
bigmail.club,1,Combo-squat: gmail,
bigmail.info,1,Combo-squat: gmail,
bigmail.org,1,Combo-squat: gmail,
bigmail.store,1,Combo-squat: gmail,
bigmailbox.top,1,Combo-squat: gmail,
bilgetrade.com,1,Combo-squat: etrade,
billgatescoin.site,1,Combo-squat: gate,
billgatescoins.site,1,Combo-squat: gate,
binance-crypto-currency-exchanges.trade,1,Combo-squat: binance,
binance-crypto-currencyexchanges.trade,1,Combo-squat: binance,
binance-cryptocurren-cyexchanges.trade,1,Combo-squat: binance,
binance-cryptocurrencyexchanges.trade,1,Combo-squat: binance,
binancebbt.net,1,Combo-squat: binance,
binancecryptocurrencyexchanges.trade,1,Combo-squat: binance,
binanceglobalpoolspro.cloud,1,Combo-squat: binance,
binancepools.cloud,1,Combo-squat: binance,
bingx.gotdns.ch,1,Combo-squat: bingx,
bintz72.truckmetalworks.com,1,Combo-squat: meta,
biohazardeliquid.com,1,Combo-squat: liquid,
biometicsliquidvitamins.com,1,Combo-squat: liquid,
bitbybit.bg,1,Combo-squat: bybit,
bitcoinandmetals.com,1,Combo-squat: meta,
bitcoinsandblockchainssc.com,1,Combo-squat: block,
bitcryptofund.com,1,Combo-squat: crypto,
bitonetrade-tutorial.com,1,Combo-squat: etrade,
bitso.design,1,Combo-squat: bitso,
bitsofshit.com,1,Combo-squat: bitso,
bizcitizens.com,1,Combo-squat: citi,
bizintelligenceadvisors.com,1,Combo-squat: intel,
blackcashledger.com,1,Combo-squat: ledger,
blackgate.tk,1,Combo-squat: gate,
bleubers.com,1,Combo-squat: uber,
block-caching.com,1,Combo-squat: block,
block-coinhub.info,1,Combo-squat: block,
block-node.com,1,Combo-squat: block,
block-node.net,1,Combo-squat: block,
block-node.org,1,Combo-squat: block,
block.bdea.cc,1,Combo-squat: block,
block521.com,1,Combo-squat: block,
blockblocks.bid,1,Combo-squat: block,
blockblocks.party,1,Combo-squat: block,
blockbudg.xyz,1,Combo-squat: block,
blockbusterhits.info,1,Combo-squat: block,
blockbusterkiosk.com,1,Combo-squat: block,
blockchain-wallet.live,1,Combo-squat: block,
blockchainalternativeinvestment.com,1,Combo-squat: block,
blockchaindesktop.com,1,Combo-squat: block,
blockchainlegal.technology,1,Combo-squat: block,
blockchainworldeurope.com,1,Combo-squat: block,
blockchainworldexhibition.com,1,Combo-squat: block,
blockchainworldfund.com,1,Combo-squat: block,
blockchainworldfundmanagement.com,1,Combo-squat: block,
blockchn-fza4i.com,1,Combo-squat: block,
blockcryptoo.com,1,Combo-squat: crypto,
blockdigichain.com,1,Combo-squat: block,
blocked-drains-bushey.co.uk,1,Combo-squat: block,
blockenstock.com,1,Combo-squat: block,
blockersspy.com,1,Combo-squat: block,
blockfilter.com,1,Combo-squat: block,
blockgemini.org,1,Combo-squat: gemini,
blockhousecalifornia.com,1,Combo-squat: block,
blockhouseco.com,1,Combo-squat: block,
blocklattice.xyz,1,Combo-squat: block,
blockmonent.com,1,Combo-squat: block,
blocknames.bid,1,Combo-squat: block,
blockopsteam.com,1,Combo-squat: block,
blockoviacoinpay.com,1,Combo-squat: block,
blockoviapay.com,1,Combo-squat: block,
blocksmith-te.ch,1,Combo-squat: block,
blocksolved.com,1,Combo-squat: block,
blocktapes.com,1,Combo-squat: block,
blockthatmagefcjer.com,1,Combo-squat: block,
blocktrail.org,1,Combo-squat: block,
blockvoice.org,1,Combo-squat: block,
blockzer.com,1,Combo-squat: block,
blog.metal-med.pl,1,Combo-squat: meta,
blongmail.com,1,Combo-squat: gmail,
blunomval.cf,1,Combo-squat: luno,
blunomval.ga,1,Combo-squat: luno,
bo-shopify.com,1,Combo-squat: shopify,
bogmail.store,1,Combo-squat: gmail,
bogmail.top,1,Combo-squat: gmail,
books.google.hu.smtp.gdofui.xyz,1,Combo-squat: google,
books.google.hu.smtp.xhouse.xyz,1,Combo-squat: google,
booktangier.com,1,Combo-squat: okta,
bounces.amazon.com,1,Combo-squat: amazon,
bragatel.pt,1,Combo-squat: gate,
brgmail.com,1,Combo-squat: gmail,
brilliantledger.com,1,Combo-squat: ledger,
britishintelligence.co.uk,1,Combo-squat: intel,
brothersontheblockincva.com,1,Combo-squat: block,
btcpurchases.site,1,Combo-squat: chase,
btsblock.com,1,Combo-squat: block,
business-intelligence-vendor.com,1,Combo-squat: intel,
buy-steroids-paypal.com,1,Combo-squat: paypal,
buy-steroids-paypal.net,1,Combo-squat: paypal,
buycheapfacebooklikes.net,1,Combo-squat: facebook,
buyfacebooklikeslive.com,1,Combo-squat: facebook,
buyliquidatedstock.com,1,Combo-squat: liquid,
bxgmail.com,1,Combo-squat: gmail,
bybit-crypto-currency-exchanges.trade,1,Combo-squat: bybit,
bybit-cryptocurrencyexchanges.trade,1,Combo-squat: bybit,
bybit.gotdns.ch,1,Combo-squat: bybit,
bybitcryptocurrencyexchanges.trade,1,Combo-squat: bybit,
bybite.site,1,Combo-squat: bybit,
byzoomania.my.id,1,Combo-squat: zoom,
byzoometri.com,1,Combo-squat: zoom,
c.gmailri.com,1,Combo-squat: gmail,
cablegateast.com,1,Combo-squat: gate,
caldwellbanker.in,1,Combo-squat: lbank,
calendar-server.bounces.google.com,1,Combo-squat: google,
callwestgate.com,1,Combo-squat: gate,
capitalbankcardct.com,1,Combo-squat: lbank,
capitolcrypto.com,1,Combo-squat: crypto,
carpometacmail.ru,1,Combo-squat: meta,
catdogmail.com,1,Combo-squat: gmail,
catdogmail.live,1,Combo-squat: gmail,
cbyintel.ch,1,Combo-squat: intel,
cc-shopify.com,1,Combo-squat: shopify,
cc.gatewaybayern.click,1,Combo-squat: gate,
cellulemblock.es,1,Combo-squat: block,
cesmetatilcesme.xyz,1,Combo-squat: meta,
chaseabag.org,1,Combo-squat: chase,
chasefreedomactivate.com,1,Combo-squat: chase,
chaseharnack.com,1,Combo-squat: chase,
chaseitc.com,1,Combo-squat: chase,
chatgpt-ar.com,1,Combo-squat: chatgpt,
chatgpt.bounceme.net,1,Combo-squat: chatgpt,
chatgpt.linux-do.academy,1,Combo-squat: chatgpt,
chatgpt.nyhtfhyjj.casacam.net,1,Combo-squat: chatgpt,
chatgptgo.web.id,1,Combo-squat: chatgpt,
chatgptku.pro,1,Combo-squat: chatgpt,
chatgpto.nl,1,Combo-squat: chatgpt,
chatgptt.biz.id,1,Combo-squat: chatgpt,
chatgptuk.pp.ua,1,Combo-squat: chatgpt,
chatgptuy.my.id,1,Combo-squat: chatgpt,
cheapcryptomail.online,1,Combo-squat: crypto,
cheapfacebooklikes.net,1,Combo-squat: facebook,
cheapincometaxprep.com,1,Combo-squat: meta,
chessliquidators.com,1,Combo-squat: liquid,
chockandblock.com,1,Combo-squat: block,
chogmail.com,1,Combo-squat: gmail,
cignainsurancecoversrehab.info,1,Combo-squat: cigna,
circumnavigmails.ru,1,Combo-squat: gmail,
cirocco.apple.com,1,Combo-squat: apple,
ciscoexpertsacademy.com,1,Combo-squat: cisco,
citi.articles.vip,1,Combo-squat: citi,
citibanquesi.space,1,Combo-squat: citi,
citibet88login.com,1,Combo-squat: citi,
cities-countries.ru,1,Combo-squat: citi,
citiesdeskpc.com,1,Combo-squat: citi,
citigatecunningham.com,1,Combo-squat: gate,
citiinter.com.sg,1,Combo-squat: citi,
citippgad.ga,1,Combo-squat: citi,
citippgad.gq,1,Combo-squat: citi,
citippgad.ml,1,Combo-squat: citi,
citippgad.tk,1,Combo-squat: citi,
citizen.mailbo.store,1,Combo-squat: citi,
citizen6y6.com,1,Combo-squat: citi,
citizencheck.com,1,Combo-squat: citi,
citizenguide.earth,1,Combo-squat: citi,
citizenkane.us,1,Combo-squat: citi,
citizenlaw.ru,1,Combo-squat: citi,
citizenpharmacy.us,1,Combo-squat: citi,
citizens.earth,1,Combo-squat: citi,
citizensearth.org,1,Combo-squat: citi,
citizensonline.com,1,Combo-squat: citi,
citizenssouth.com,1,Combo-squat: citi,
citizensvegas.com,1,Combo-squat: citi,
cityhotelbergenopzoom.com,1,Combo-squat: zoom,
classique-prems.com,1,Combo-squat: classiq,
clnd49org.appleid.com,1,Combo-squat: apple,
cloud.apple.com,1,Combo-squat: apple,
cnazure.com,1,Combo-squat: azure,
cndsheetmetal.com,1,Combo-squat: meta,
cnpcapitalbank.com,1,Combo-squat: lbank,
code-gmail.com,1,Combo-squat: gmail,
cogmail.store,1,Combo-squat: gmail,
coincheckup.net,1,Combo-squat: coincheck,
coinex.online,1,Combo-squat: coinex,
coinexchange365.com,1,Combo-squat: coinex,
coloniallifee.com,1,Combo-squat: coloniallife,
com.ya.ru.gmail.com.collegeofpublicspeaking.com,1,Combo-squat: gmail,
comfort.gatewaybayern.click,1,Combo-squat: gate,
commercecrypto.com,1,Combo-squat: crypto,
compassionfatiguetoronto.com,1,Combo-squat: etoro,
congatelephone.com,1,Combo-squat: gate,
congcufacebook.com,1,Combo-squat: facebook,
conspiracyliquids.com,1,Combo-squat: liquid,
contact.travelersinsurance.click,1,Combo-squat: travelers,
coracleansehelp.com,1,Combo-squat: oracle,
coreblockchain.academy,1,Combo-squat: block,
corrective.gatewaybayern.click,1,Combo-squat: gate,
corychase.site,1,Combo-squat: chase,
corychase.xyz,1,Combo-squat: chase,
crashproofcrypto.com,1,Combo-squat: crypto,
crashproofcryptocurrency.com,1,Combo-squat: crypto,
cristianoguardami.ru,1,Combo-squat: guarda,
crypto-boss121.top,1,Combo-squat: crypto,
crypto-boss21.site,1,Combo-squat: crypto,
crypto-boss44.site,1,Combo-squat: crypto,
crypto-boss770.top,1,Combo-squat: crypto,
crypto-faucet.cf,1,Combo-squat: crypto,
crypto-lock.net,1,Combo-squat: crypto,
crypto-mmm.com,1,Combo-squat: crypto,
crypto-net.club,1,Combo-squat: crypto,
crypto-nox.com,1,Combo-squat: crypto,
crypto-rates.info,1,Combo-squat: crypto,
crypto.perseimail.com,1,Combo-squat: crypto,
crypto.tyrex.cf,1,Combo-squat: crypto,
crypto.wissens-wert.net,1,Combo-squat: crypto,
crypto1mail.com,1,Combo-squat: crypto,
crypto1x1.info,1,Combo-squat: crypto,
crypto1x1.org,1,Combo-squat: crypto,
crypto1x1.xyz,1,Combo-squat: crypto,
crypto3pl.net,1,Combo-squat: crypto,
crypto777.com,1,Combo-squat: crypto,
cryptoavalonsolhub.cloud,1,Combo-squat: crypto,
cryptobazar.ru,1,Combo-squat: crypto,
cryptobitbyte.xyz,1,Combo-squat: crypto,
cryptoblad.nl,1,Combo-squat: crypto,
cryptoblad.online,1,Combo-squat: crypto,
cryptoblaze.info,1,Combo-squat: crypto,
cryptoblog.web.id,1,Combo-squat: crypto,
cryptoboss-blaze.top,1,Combo-squat: crypto,
cryptoboss-casin777.top,1,Combo-squat: crypto,
cryptoboss-casino09qw.top,1,Combo-squat: crypto,
cryptoboss-casino665.top,1,Combo-squat: crypto,
cryptoboss-casinonova.pics,1,Combo-squat: crypto,
cryptoboss-casinonova.quest,1,Combo-squat: crypto,
cryptoboss-casinoquest.fun,1,Combo-squat: crypto,
cryptoboss-casinoquest.monster,1,Combo-squat: crypto,
cryptoboss-casinotrail.makeup,1,Combo-squat: crypto,
cryptoboss-casinotrail.motorcycles,1,Combo-squat: crypto,
cryptoboss-efv.top,1,Combo-squat: crypto,
cryptoboss-gold.top,1,Combo-squat: crypto,
cryptoboss-lucky.bond,1,Combo-squat: crypto,
cryptoboss-lucky.digital,1,Combo-squat: crypto,
cryptoboss-mirror.buzz,1,Combo-squat: crypto,
cryptoboss-slt.top,1,Combo-squat: crypto,
cryptoboss-wildcard.beauty,1,Combo-squat: crypto,
cryptoboss-wildcard.click,1,Combo-squat: crypto,
cryptoboss-wildcard.lat,1,Combo-squat: crypto,
cryptoboss-wildcard.top,1,Combo-squat: crypto,
cryptoboss.wiki,1,Combo-squat: crypto,
cryptoboss023.site,1,Combo-squat: crypto,
cryptoboss101.site,1,Combo-squat: crypto,
cryptoboss470.top,1,Combo-squat: crypto,
cryptoboss777power.top,1,Combo-squat: crypto,
cryptoboss777vegas.top,1,Combo-squat: crypto,
cryptoboss7zerkalo.casino,1,Combo-squat: crypto,
cryptoboss888casino8.buzz,1,Combo-squat: crypto,
cryptoboss995.top,1,Combo-squat: crypto,
cryptobosswin7.casino,1,Combo-squat: crypto,
cryptobrancaemail.com,1,Combo-squat: crypto,
cryptocademy.info,1,Combo-squat: crypto,
cryptocapitalism.pro,1,Combo-squat: crypto,
cryptocean.cards,1,Combo-squat: crypto,
cryptocean.info,1,Combo-squat: crypto,
cryptocean.online,1,Combo-squat: crypto,
cryptocitycenter.com,1,Combo-squat: crypto,
cryptoconseils.com,1,Combo-squat: crypto,
cryptocore.site,1,Combo-squat: crypto,
cryptocron.com,1,Combo-squat: crypto,
cryptocrowd.mobi,1,Combo-squat: crypto,
cryptodinbog.com,1,Combo-squat: crypto,
cryptodon.space,1,Combo-squat: crypto,
cryptodough.life,1,Combo-squat: crypto,
cryptoeye.tw,1,Combo-squat: crypto,
cryptofollow.net,1,Combo-squat: crypto,
cryptofree.cf,1,Combo-squat: crypto,
cryptofriends.network,1,Combo-squat: crypto,
cryptofuture.website,1,Combo-squat: crypto,
cryptogamblingguru.com,1,Combo-squat: crypto,
cryptogameshub.com,1,Combo-squat: crypto,
cryptogamming.net,1,Combo-squat: crypto,
cryptogmail.com,1,Combo-squat: crypto,
cryptogoood.com,1,Combo-squat: crypto,
cryptogpt.live,1,Combo-squat: crypto,
cryptogpt.me,1,Combo-squat: crypto,
cryptogrow.global,1,Combo-squat: crypto,
cryptogrow.store,1,Combo-squat: crypto,
cryptogrow.tech,1,Combo-squat: crypto,
cryptohistoryprice.com,1,Combo-squat: crypto,
cryptoinvestar.com,1,Combo-squat: crypto,
cryptoinvestmentsummit.com,1,Combo-squat: crypto,
cryptoiravault.com,1,Combo-squat: crypto,
cryptokoinnews.com,1,Combo-squat: crypto,
cryptoligarch.com,1,Combo-squat: crypto,
cryptolist.cf,1,Combo-squat: crypto,
cryptoloot.life,1,Combo-squat: crypto,
cryptomail.my.id,1,Combo-squat: crypto,
cryptomelli.net,1,Combo-squat: crypto,
cryptomoments24.com,1,Combo-squat: crypto,
cryptone.market,1,Combo-squat: crypto,
cryptone.tel,1,Combo-squat: crypto,
cryptonet.top,1,Combo-squat: crypto,
cryptonews24h.xyz,1,Combo-squat: crypto,
cryptonews44ju.news,1,Combo-squat: crypto,
cryptonewz247.com,1,Combo-squat: crypto,
cryptontrade.ga,1,Combo-squat: crypto,
cryptoomsk.ru,1,Combo-squat: crypto,
cryptopatron.org,1,Combo-squat: crypto,
cryptopda.com,1,Combo-squat: crypto,
cryptope.xyz,1,Combo-squat: crypto,
cryptopiggybank.info,1,Combo-squat: crypto,
cryptopiggybank.mobi,1,Combo-squat: crypto,
cryptopiggybank.org,1,Combo-squat: crypto,
cryptopoolinspro.online,1,Combo-squat: crypto,
cryptoprobes.com,1,Combo-squat: crypto,
cryptoprocessingnow.com,1,Combo-squat: crypto,
cryptoreaper.com,1,Combo-squat: crypto,
cryptormail.com,1,Combo-squat: crypto,
cryptosafehealth.online,1,Combo-squat: crypto,
cryptosimple.club,1,Combo-squat: crypto,
cryptoslant.com,1,Combo-squat: crypto,
cryptosmileys.com,1,Combo-squat: crypto,
cryptosoloira.com,1,Combo-squat: crypto,
cryptostack401k.com,1,Combo-squat: crypto,
cryptostackcapital.com,1,Combo-squat: crypto,
cryptostackfund.com,1,Combo-squat: crypto,
cryptostackfunds.com,1,Combo-squat: crypto,
cryptostackrothira.com,1,Combo-squat: crypto,
cryptostackventurefund.com,1,Combo-squat: crypto,
cryptoszone.ga,1,Combo-squat: crypto,
cryptotrademail.com,1,Combo-squat: crypto,
cryptoupdates.live,1,Combo-squat: crypto,
cryptoveteran.addy.io,1,Combo-squat: crypto,
cryptovilla.info,1,Combo-squat: crypto,
cryptowalletstore.com,1,Combo-squat: crypto,
cryptowned.com,1,Combo-squat: crypto,
crytpogate.com,1,Combo-squat: gate,
cschwabllc.com,1,Combo-squat: schwab,
ctvfacebook.site,1,Combo-squat: facebook,
cure.travelersinsurance.click,1,Combo-squat: travelers,
cvzzoom.com,1,Combo-squat: zoom,
cyberintel.onl,1,Combo-squat: intel,
d6glunokw5.mailbo.store,1,Combo-squat: luno,
dailycryptocurrency.news,1,Combo-squat: crypto,
dailycryptomedia.com,1,Combo-squat: crypto,
dailymicrosoft.com,1,Combo-squat: microsoft,
dandy58.truckmetalworks.com,1,Combo-squat: meta,
dangmail.igg.biz,1,Combo-squat: gmail,
dashmeta.store,1,Combo-squat: meta,
dayzoomeet.biz.id,1,Combo-squat: zoom,
dd-shopify.top,1,Combo-squat: shopify,
ddoubercoun8128.lofteone.ru,1,Combo-squat: uber,
deadapple.simplelogin.com,1,Combo-squat: apple,
dealgongmail.com,1,Combo-squat: gmail,
decryptor.net,1,Combo-squat: crypto,
deeplysimple.org,1,Combo-squat: deepl,
delawaredropbox.com,1,Combo-squat: dropbox,
deletegmail.com,1,Combo-squat: gmail,
deluxewrappingmail.com,1,Combo-squat: gmail,
dengmail.com,1,Combo-squat: gmail,
densdroid-gmail.online,1,Combo-squat: gmail,
dermagmail.ru,1,Combo-squat: gmail,
desertgate.ae,1,Combo-squat: gate,
devblock.com,1,Combo-squat: block,
devnull.facebook.com,1,Combo-squat: facebook,
dextroamphetgmail.ru,1,Combo-squat: gmail,
diegogamingmail.ml,1,Combo-squat: gmail,
diegoyoutuber.tk,1,Combo-squat: uber,
diffusibgmail.ru,1,Combo-squat: gmail,
diggcrypto.com,1,Combo-squat: crypto,
diggmail.club,1,Combo-squat: gmail,
digitalbankingsummits.com,1,Combo-squat: lbank,
digmail.online,1,Combo-squat: gmail,
digmail.space,1,Combo-squat: gmail,
digmail.store,1,Combo-squat: gmail,
diputadobeltrones.com,1,Combo-squat: adobe,
discn-prod.apple.com,1,Combo-squat: apple,
discountappledeals.com,1,Combo-squat: apple,
dkmetalfabrications.com,1,Combo-squat: meta,
dks-metall.com,1,Combo-squat: meta,
dnagoldcrypto.com,1,Combo-squat: crypto,
doanhnhanfacebook.com,1,Combo-squat: facebook,
doclist.bounces.google.com,1,Combo-squat: google,
docs.google.com,1,Combo-squat: google,
docusign-enterprise.com,1,Combo-squat: docusign,
dogmail.club,1,Combo-squat: gmail,
doom-metal.cd,1,Combo-squat: meta,
doranscale.com,1,Combo-squat: scale,
dr-apple-shop.ru,1,Combo-squat: apple,
drawblock.com,1,Combo-squat: block,
drgmail.fr,1,Combo-squat: gmail,
drillbitcrypto.info,1,Combo-squat: crypto,
drillbitcrypto.net,1,Combo-squat: crypto,
drinkchaser.com,1,Combo-squat: chase,
drowblock.com,1,Combo-squat: block,
dsfgdsgmail.com,1,Combo-squat: gmail,
dsfgdsgmail.net,1,Combo-squat: gmail,
dsgate.online,1,Combo-squat: gate,
dugmail.com,1,Combo-squat: gmail,
dugmail.store,1,Combo-squat: gmail,
dyeingmail.online,1,Combo-squat: gmail,
dyson.apple.com,1,Combo-squat: apple,
e-mail-amazon.cf,1,Combo-squat: amazon,
e-n-facebook-com.cf,1,Combo-squat: facebook,
e-n-facebook-com.gq,1,Combo-squat: facebook,
e.appleid.com,1,Combo-squat: apple,
easystabilitybetsnupp20.xyz,1,Combo-squat: stability,
ecocryptolab.com,1,Combo-squat: crypto,
econgate.com,1,Combo-squat: gate,
ed-schmidt-metallbau.store,1,Combo-squat: meta,
edelweisstokio.iigmail.com,1,Combo-squat: gmail,
edhardypurchase.com,1,Combo-squat: chase,
edremitmehmetakif.xyz,1,Combo-squat: meta,
educationsazure.shop,1,Combo-squat: azure,
edugmail.online,1,Combo-squat: gmail,
edugmail.site,1,Combo-squat: gmail,
efsunumma58066.cf,1,Combo-squat: unum,
efsunumma58066.ga,1,Combo-squat: unum,
eggmail.online,1,Combo-squat: gmail,
eggmail.store,1,Combo-squat: gmail,
eggscryptoinvest.xyz,1,Combo-squat: crypto,
egmail.com,1,Combo-squat: gmail,
eiappleshoes.com,1,Combo-squat: apple,
electronicgate-annabi.net,1,Combo-squat: gate,
electrumlove.com,1,Combo-squat: electrum,
electrumly.pro,1,Combo-squat: electrum,
electrumsecuredownload.com,1,Combo-squat: electrum,
electrumtravel.com,1,Combo-squat: electrum,
elenagolunova.site,1,Combo-squat: luno,
elitetrader.biz,1,Combo-squat: etrade,
emailsgateway.store,1,Combo-squat: gate,
embryogmail.ru,1,Combo-squat: gmail,
emgh.zoomingabout.com,1,Combo-squat: zoom,
emwuzoom.com,1,Combo-squat: zoom,
enhancedzoom.com,1,Combo-squat: zoom,
enpaypal.com,1,Combo-squat: paypal,
epexegmail.com,1,Combo-squat: gmail,
epitubermail.com,1,Combo-squat: uber,
epuber.site,1,Combo-squat: uber,
equicrypto.com,1,Combo-squat: crypto,
etoros11.email,1,Combo-squat: etoro,
eucryptoassociation.org,1,Combo-squat: crypto,
eva.bigmail.info,1,Combo-squat: gmail,
evolutionofintelligence.com,1,Combo-squat: intel,
excitingprospects.co.uk,1,Combo-squat: citi,
excitingsupreme.info,1,Combo-squat: citi,
excitingz.club,1,Combo-squat: citi,
expertintel.com,1,Combo-squat: intel,
expertsgate.net,1,Combo-squat: gate,
f3sxu2uber.mailbo.store,1,Combo-squat: uber,
facebgmail.shop,1,Combo-squat: gmail,
facebook-adult.com,1,Combo-squat: facebook,
facebook-egy.com,1,Combo-squat: facebook,
facebook-email.cf,1,Combo-squat: facebook,
facebook-email.ga,1,Combo-squat: facebook,
facebook-email.ml,1,Combo-squat: facebook,
facebook-net.gq,1,Combo-squat: facebook,
facebook-net.ml,1,Combo-squat: facebook,
facebook199.xyz,1,Combo-squat: facebook,
facebookblackhat.com,1,Combo-squat: facebook,
facebookcom.ru,1,Combo-squat: facebook,
facebooklol.ga,1,Combo-squat: facebook,
facebookmail.com,1,Combo-squat: facebook,
facebookmail.gq,1,Combo-squat: facebook,
facebookmail.ml,1,Combo-squat: facebook,
facebookmail.usa.cc,1,Combo-squat: facebook,
facebooktoto.org,1,Combo-squat: facebook,
facebooky.shop,1,Combo-squat: facebook,
faithrelegateframe.site,1,Combo-squat: gate,
farmersandbuilders.net,1,Combo-squat: farmers,
farmersargent.com,1,Combo-squat: farmers,
farmerscatch.com,1,Combo-squat: farmers,
farmersdictionary.com,1,Combo-squat: farmers,
farmersreference.com,1,Combo-squat: farmers,
farmerstopeople.com,1,Combo-squat: farmers,
farmerstrader.adult,1,Combo-squat: farmers,
fashgate.com,1,Combo-squat: gate,
fashionqq59.xyz,1,Combo-squat: ionq,
fastestpurchase.com,1,Combo-squat: chase,
fastmeta.edu.pl,1,Combo-squat: meta,
fckgoogle.pl,1,Combo-squat: google,
fcugmail.space,1,Combo-squat: gmail,
fdeservices.comzrqoxkmlkrbxjjgmail.com.outlook.com.0.0.mail.mujur.id,1,Combo-squat: gmail,
fellowtravelers.com,1,Combo-squat: travelers,
figmail.me,1,Combo-squat: gmail,
figmail.store,1,Combo-squat: gmail,
figurabigmail.ru,1,Combo-squat: gmail,
finance.zoomingabout.com,1,Combo-squat: zoom,
firgmail.com,1,Combo-squat: gmail,
firstmeta.com,1,Combo-squat: meta,
fishslack.com,1,Combo-squat: slack,
fitmapgate.com,1,Combo-squat: gate,
fitmindgate.com,1,Combo-squat: gate,
fitoraclee.com,1,Combo-squat: oracle,
fiu.edu.test-google-a.s-ly.me,1,Combo-squat: google,
fivestarpaintingmail.com,1,Combo-squat: gmail,
fkfgmailer.com,1,Combo-squat: gmail,
fledgeresources.com,1,Combo-squat: ledger,
fleetingmailbox.click,1,Combo-squat: gmail,
fogmail.site,1,Combo-squat: gmail,
fogmail.store,1,Combo-squat: gmail,
foliaapple.pl,1,Combo-squat: apple,
fonts.googleapis.com,1,Combo-squat: google,
forgecrypto.shop,1,Combo-squat: crypto,
fractalblocks.com,1,Combo-squat: block,
franciscochase.com,1,Combo-squat: chase,
freegmail.ga,1,Combo-squat: gmail,
freelancergate.shop,1,Combo-squat: gate,
fregmail.com,1,Combo-squat: gmail,
friends-facebook.com,1,Combo-squat: facebook,
fringmail.com,1,Combo-squat: gmail,
frontlinemetalfab.com,1,Combo-squat: meta,
fucktuber.info,1,Combo-squat: uber,
fullmetal.anonaddy.com,1,Combo-squat: meta,
furnitureliquidationconsultants.com,1,Combo-squat: liquid,
fxsanfrancisco.com,1,Combo-squat: cisco,
galaxygate.store,1,Combo-squat: gate,
gametalks.ru,1,Combo-squat: meta,
gapingmail.com,1,Combo-squat: gmail,
garageamazon.com,1,Combo-squat: amazon,
gate-design.com,1,Combo-squat: gate,
gate-repair-thousandoaks.info,1,Combo-squat: gate,
gate.cdfaq.com,1,Combo-squat: gate,
gate3marketing.com,1,Combo-squat: gate,
gateaxe.maskmy.id,1,Combo-squat: gate,
gatechecker.net,1,Combo-squat: gate,
gatecontrol.com,1,Combo-squat: gate,
gatedsweep.ru,1,Combo-squat: gate,
gatenz-panel.com,1,Combo-squat: gate,
gatenzteam.com,1,Combo-squat: gate,
gaterremeds1975.eu,1,Combo-squat: gate,
gatespassadvisors.com,1,Combo-squat: gate,
gateway.net,1,Combo-squat: gate,
gateway.qm.apple.com,1,Combo-squat: apple,
gateway20.outlook.rest,1,Combo-squat: gate,
gateway3ds.eu,1,Combo-squat: gate,
gatewayrealestate.click,1,Combo-squat: gate,
gatewaytube.com,1,Combo-squat: gate,
gemini-audio.net,1,Combo-squat: gemini,
gemini365.com,1,Combo-squat: gemini,
geminicg.com,1,Combo-squat: gemini,
gen.noxblocks.tk,1,Combo-squat: block,
genuinemicrosoftkeyclub.com,1,Combo-squat: microsoft,
geo-crypto.com,1,Combo-squat: crypto,
getbuilttoscale.com,1,Combo-squat: scale,
getstuffedgoogle.com,1,Combo-squat: google,
getthetailgater.com,1,Combo-squat: gate,
gg.gmail2444.tk,1,Combo-squat: gmail,
gggmail.pl,1,Combo-squat: gmail,
gggmarketingmail.com,1,Combo-squat: gmail,
ggmail.biz.st,1,Combo-squat: gmail,
ggmail.cloud,1,Combo-squat: gmail,
ggmail.guru,1,Combo-squat: gmail,
ggmail.lol,1,Combo-squat: gmail,
ggmail.website,1,Combo-squat: gmail,
ggmails.site,1,Combo-squat: gmail,
ggmails1.igg.biz,1,Combo-squat: gmail,
ggooglecn.com,1,Combo-squat: google,
ggvgmail.com,1,Combo-squat: gmail,
gigmail.store,1,Combo-squat: gmail,
gigpurchase.com,1,Combo-squat: chase,
github.best,1,Combo-squat: github,
glaslack.com,1,Combo-squat: slack,
globalcitizenhub.com,1,Combo-squat: citi,
globalelectrum.com,1,Combo-squat: electrum,
gm-gmail.com,1,Combo-squat: gmail,
gmail-anjim.tk,1,Combo-squat: gmail,
gmail-at.com,1,Combo-squat: gmail,
gmail-b.lol,1,Combo-squat: gmail,
gmail-box.com,1,Combo-squat: gmail,
gmail-c.cc,1,Combo-squat: gmail,
gmail-es.com,1,Combo-squat: gmail,
gmail-fiji.gq,1,Combo-squat: gmail,
gmail-temp.com,1,Combo-squat: gmail,
gmail.10mail.org,1,Combo-squat: gmail,
gmail.adultvidlite.com,1,Combo-squat: gmail,
gmail.aeronyx.cfd,1,Combo-squat: gmail,
gmail.ahsd.com,1,Combo-squat: gmail,
gmail.ax,1,Combo-squat: gmail,
gmail.bangjo.eu.org,1,Combo-squat: gmail,
gmail.bareed.ws,1,Combo-squat: gmail,
gmail.bdfgbth.abrdns.com,1,Combo-squat: gmail,
gmail.bj,1,Combo-squat: gmail,
gmail.bsos4.fh.ht2.cruxsite.com,1,Combo-squat: gmail,
gmail.cambeng.com,1,Combo-squat: gmail,
gmail.cliol.com,1,Combo-squat: gmail,
gmail.co.co.com,1,Combo-squat: gmail,
gmail.co.com,1,Combo-squat: gmail,
gmail.com.0.kasmabirader.com,1,Combo-squat: gmail,
gmail.com.0.lifestyleunrated.com,1,Combo-squat: gmail,
gmail.com.0.marcsplaza.com,1,Combo-squat: gmail,
gmail.com.0.rdupi.org,1,Combo-squat: gmail,
gmail.com.0.tearflakes.com,1,Combo-squat: gmail,
gmail.com.0.thumbpaste.com,1,Combo-squat: gmail,
gmail.com.0.warna222.com,1,Combo-squat: gmail,
gmail.com.0.wybuwy.xyz,1,Combo-squat: gmail,
gmail.com.0zw6yq.steakbeef.site,1,Combo-squat: gmail,
gmail.com.1.0.35.manifietso.org,1,Combo-squat: gmail,
gmail.com.247blog.com,1,Combo-squat: gmail,
gmail.com.56.1.755.t.sahabatasas.com,1,Combo-squat: gmail,
gmail.com.57.liveloveability.com,1,Combo-squat: gmail,
gmail.com.9.p-oops.com,1,Combo-squat: gmail,
gmail.com.9227uu.com,1,Combo-squat: gmail,
gmail.com.appleid.com,1,Combo-squat: apple,
gmail.com.bellwellcharters.com,1,Combo-squat: gmail,
gmail.com.bikelabel.com,1,Combo-squat: gmail,
gmail.com.bktps.com,1,Combo-squat: gmail,
gmail.com.cad.creou.dev,1,Combo-squat: gmail,
gmail.com.chicagoquote.com,1,Combo-squat: gmail,
gmail.com.churchofo.com,1,Combo-squat: gmail,
gmail.com.co,1,Combo-squat: gmail,
gmail.com.co.com,1,Combo-squat: gmail,
gmail.com.codemail1.com,1,Combo-squat: gmail,
gmail.com.codemail1.comil.com.codemail1.com,1,Combo-squat: gmail,
gmail.com.com,1,Combo-squat: gmail,
gmail.com.com.codemail1.comil.codemail1.com.codemail1.com,1,Combo-squat: gmail,
gmail.com.comil.codemail1.comil.com.comil.codemail1.com,1,Combo-squat: gmail,
gmail.com.commercecrypto.com,1,Combo-squat: crypto,
gmail.com.contractnotify.com,1,Combo-squat: gmail,
gmail.com.cookadoo.com,1,Combo-squat: gmail,
gmail.com.court-records.org,1,Combo-squat: gmail,
gmail.com.creditcardforums.org,1,Combo-squat: gmail,
gmail.com.creou.dev,1,Combo-squat: gmail,
gmail.com.digitalmarketingcoursesusa.com,1,Combo-squat: gmail,
gmail.com.dirtypetrol.com,1,Combo-squat: gmail,
gmail.com.elitegunshop.com,1,Combo-squat: gmail,
gmail.com.emltmp.com,1,Combo-squat: gmail,
gmail.com.emvil.com,1,Combo-squat: gmail,
gmail.com.eparts1.com,1,Combo-squat: gmail,
gmail.com.eqsaucege.com,1,Combo-squat: gmail,
gmail.com.facebook.com-youtube.com.facebookmail.com.gemuk.buzz,1,Combo-squat: facebook,
gmail.com.filemakertechniques.com,1,Combo-squat: gmail,
gmail.com.firstrest.com,1,Combo-squat: gmail,
gmail.com.fnaul.com,1,Combo-squat: gmail,
gmail.com.forffives.casa,1,Combo-squat: gmail,
gmail.com.furnitt.com,1,Combo-squat: gmail,
gmail.com.gabrielshmidt.com,1,Combo-squat: gmail,
gmail.com.gamzwe.com,1,Combo-squat: gmail,
gmail.com.gazetecizgi.com,1,Combo-squat: gmail,
gmail.com.gmail.cad.creou.dev,1,Combo-squat: gmail,
gmail.com.gmail.com.jto.kr,1,Combo-squat: gmail,
gmail.com.gmail.com.lbe.kr,1,Combo-squat: gmail,
gmail.com.gmail.com.m.oazis.site,1,Combo-squat: gmail,
gmail.com.gmail.gmail.cad.creou.dev,1,Combo-squat: gmail,
gmail.com.gmail2.asia,1,Combo-squat: gmail,
gmail.com.google.cume.temp.emvil.e.mail.ru.thumoi.com,1,Combo-squat: google,
gmail.com.gsclawnet.com,1,Combo-squat: gmail,
gmail.com.hassle-me.com,1,Combo-squat: gmail,
gmail.com.healthyheartforall.com,1,Combo-squat: gmail,
gmail.com.herbalsoftware.com,1,Combo-squat: gmail,
gmail.com.hitechinfo.com,1,Combo-squat: gmail,
gmail.com.hobbytraining.com,1,Combo-squat: gmail,
gmail.com.homelu.com,1,Combo-squat: gmail,
gmail.com.hrnoedi.com,1,Combo-squat: gmail,
gmail.com.indofood.click,1,Combo-squat: gmail,
gmail.com.innoberg.com,1,Combo-squat: gmail,
gmail.com.jmortgageli.com,1,Combo-squat: gmail,
gmail.com.keitin.site,1,Combo-squat: gmail,
gmail.com.mailboxxx.net,1,Combo-squat: gmail,
gmail.com.marcsplaza.com,1,Combo-squat: gmail,
gmail.com.matt-salesforce.com,1,Combo-squat: salesforce,
gmail.com.networkrank.com,1,Combo-squat: gmail,
gmail.com.nnn.5.airmo.net,1,Combo-squat: gmail,
gmail.com.outlook.com.0.0.mail.mujur.id,1,Combo-squat: gmail,
gmail.com.outlook.com.dbk6.0.mail.mujur.id,1,Combo-squat: gmail,
gmail.com.pl,1,Combo-squat: gmail,
gmail.com.prestamospersonalesfzrz.com,1,Combo-squat: gmail,
gmail.com.qqowl.club,1,Combo-squat: gmail,
gmail.com.rencontre.my.id,1,Combo-squat: gmail,
gmail.com.rockjia.com,1,Combo-squat: gmail,
gmail.com.sahabatasas.com,1,Combo-squat: gmail,
gmail.com.sdfgmail.com,1,Combo-squat: gmail,
gmail.com.skambil.com,1,Combo-squat: gmail,
gmail.com.skvorets.com,1,Combo-squat: gmail,
gmail.com.standeight.com,1,Combo-squat: gmail,
gmail.com.svitup.com,1,Combo-squat: gmail,
gmail.com.thetybeetimes.net,1,Combo-squat: gmail,
gmail.com.tokencoach.com,1,Combo-squat: gmail,
gmail.com.tubidu.com,1,Combo-squat: gmail,
gmail.com.urbanban.com,1,Combo-squat: gmail,
gmail.com.uzbekbazaar.com,1,Combo-squat: gmail,
gmail.com.vay.kr,1,Combo-squat: gmail,
gmail.com.whatistrust.info,1,Combo-squat: gmail,
gmail.com.youredoewcenter.com,1,Combo-squat: gmail,
gmail.com785.ariescc.site,1,Combo-squat: gmail,
gmail.comail.co,1,Combo-squat: gmail,
gmail.comail.com,1,Combo-squat: gmail,
gmail.comicloud.com,1,Combo-squat: gmail,
gmail.commail.com,1,Combo-squat: gmail,
gmail.compfp.luk2.com,1,Combo-squat: gmail,
gmail.comprivaterelay.appleid.com,1,Combo-squat: apple,
gmail.comukhkiisco.mailboxxx.net,1,Combo-squat: gmail,
gmail.con,1,Combo-squat: gmail,
gmail.cu.uk,1,Combo-squat: gmail,
gmail.deail.com,1,Combo-squat: gmail,
gmail.disbox.net,1,Combo-squat: gmail,
gmail.doxy124.com,1,Combo-squat: gmail,
gmail.dropmail.me,1,Combo-squat: gmail,
gmail.dynainbox.com,1,Combo-squat: gmail,
gmail.edu.pl,1,Combo-squat: gmail,
gmail.emlhub.com,1,Combo-squat: gmail,
gmail.emlpro.com,1,Combo-squat: gmail,
gmail.emltmp.com,1,Combo-squat: gmail,
gmail.eragan.com,1,Combo-squat: gmail,
gmail.fhdhdj6782.uploadscript.com,1,Combo-squat: gmail,
gmail.freegivs.tk,1,Combo-squat: gmail,
gmail.freeml.net,1,Combo-squat: gmail,
gmail.freephotoretouch.com,1,Combo-squat: gmail,
gmail.gm9.com,1,Combo-squat: gmail,
gmail.gob.re,1,Combo-squat: gmail,
gmail.google.com.emy.kr,1,Combo-squat: google,
gmail.gpa.lu,1,Combo-squat: gmail,
gmail.gr.com,1,Combo-squat: gmail,
gmail.hks179.atkia.com,1,Combo-squat: gmail,
gmail.hvs.cloudns.be,1,Combo-squat: gmail,
gmail.it,1,Combo-squat: gmail,
gmail.keitin.site,1,Combo-squat: gmail,
gmail.laste.ml,1,Combo-squat: gmail,
gmail.leerling.com,1,Combo-squat: gmail,
gmail.libertydoms.com.br,1,Combo-squat: gmail,
gmail.lize.waroengpt.com,1,Combo-squat: gmail,
gmail.luk2.com,1,Combo-squat: gmail,
gmail.luks.fun,1,Combo-squat: gmail,
gmail.mail10p.com,1,Combo-squat: gmail,
gmail.meleni.xyz,1,Combo-squat: gmail,
gmail.mimimail.me,1,Combo-squat: gmail,
gmail.moakt.co,1,Combo-squat: gmail,
gmail.msdc.co,1,Combo-squat: gmail,
gmail.my.to,1,Combo-squat: gmail,
gmail.necub.com,1,Combo-squat: gmail,
gmail.net,1,Combo-squat: gmail,
gmail.no,1,Combo-squat: gmail,
gmail.ns.8.cuffa.com,1,Combo-squat: gmail,
gmail.nsroussi.ovh,1,Combo-squat: gmail,
gmail.olio.com,1,Combo-squat: gmail,
gmail.pavestonebuilders.com,1,Combo-squat: gmail,
gmail.pm,1,Combo-squat: gmail,
gmail.pp.ua,1,Combo-squat: gmail,
gmail.publicvm.com,1,Combo-squat: gmail,
gmail.re,1,Combo-squat: gmail,
gmail.redds.site,1,Combo-squat: gmail,
gmail.ru.com,1,Combo-squat: gmail,
gmail.ruu.kr,1,Combo-squat: gmail,
gmail.sld.tw,1,Combo-squat: gmail,
gmail.sojaliebe.de,1,Combo-squat: gmail,
gmail.spymail.one,1,Combo-squat: gmail,
gmail.teml.net,1,Combo-squat: gmail,
gmail.tmpeml.com,1,Combo-squat: gmail,
gmail.uk.com,1,Combo-squat: gmail,
gmail.vo.uk,1,Combo-squat: gmail,
gmail.xo.uk,1,Combo-squat: gmail,
gmail.xzsl.rr.nu,1,Combo-squat: gmail,
gmail.yomail.info,1,Combo-squat: gmail,
gmail.yopmail.com,1,Combo-squat: gmail,
gmail.yopmail.fr,1,Combo-squat: gmail,
gmail.zemo.ntp.homes,1,Combo-squat: gmail,
gmail.zmail.space,1,Combo-squat: gmail,
gmail10p.com,1,Combo-squat: gmail,
gmail2.asia,1,Combo-squat: gmail,
gmail2.cf,1,Combo-squat: gmail,
gmail2.gq,1,Combo-squat: gmail,
gmail2.shop,1,Combo-squat: gmail,
gmail24s.xyz,1,Combo-squat: gmail,
gmail40.com,1,Combo-squat: gmail,
gmail4u.eu,1,Combo-squat: gmail,
gmailad.com,1,Combo-squat: gmail,
gmailamz.vsmailpro.com,1,Combo-squat: gmail,
gmailas.com,1,Combo-squat: gmail,
gmailasdf.com,1,Combo-squat: gmail,
gmailasdf.net,1,Combo-squat: gmail,
gmailasdfas.com,1,Combo-squat: gmail,
gmailasdfas.net,1,Combo-squat: gmail,
gmailbete.cf,1,Combo-squat: gmail,
gmailbox.co.kr,1,Combo-squat: gmail,
gmailbox.kr,1,Combo-squat: gmail,
gmailbrt.com,1,Combo-squat: gmail,
gmailbrt.online,1,Combo-squat: gmail,
gmailbrt.xyz,1,Combo-squat: gmail,
gmailc.om,1,Combo-squat: gmail,
gmailcard.com,1,Combo-squat: gmail,
gmailcc.com,1,Combo-squat: gmail,
gmailcity.com,1,Combo-squat: gmail,
gmailcm.com,1,Combo-squat: gmail,
gmailco.ml,1,Combo-squat: gmail,
gmailcomcn.gq,1,Combo-squat: gmail,
gmailcomcom.com,1,Combo-squat: gmail,
gmailcsdnetflix.com,1,Combo-squat: netflix,
gmaildd.com,1,Combo-squat: gmail,
gmaildd.net,1,Combo-squat: gmail,
gmaildfklf.com,1,Combo-squat: gmail,
gmaildfklf.net,1,Combo-squat: gmail,
gmaildk.com,1,Combo-squat: gmail,
gmaildll.com,1,Combo-squat: gmail,
gmaildort.com,1,Combo-squat: gmail,
gmaildotcom.com,1,Combo-squat: gmail,
gmaildottrick.com,1,Combo-squat: gmail,
gmaile.co.com,1,Combo-squat: gmail,
gmaile.design,1,Combo-squat: gmail,
gmaile.usa.cc,1,Combo-squat: gmail,
gmailer.site,1,Combo-squat: gmail,
gmailer.top,1,Combo-squat: gmail,
gmailere.com,1,Combo-squat: gmail,
gmailere.net,1,Combo-squat: gmail,
gmaileria.com,1,Combo-squat: gmail,
gmailerttl.com,1,Combo-squat: gmail,
gmailerttl.net,1,Combo-squat: gmail,
gmailertyq.com,1,Combo-squat: gmail,
gmailfe.com,1,Combo-squat: gmail,
gmailfence.com,1,Combo-squat: gmail,
gmailg.site,1,Combo-squat: gmail,
gmailgirl.net,1,Combo-squat: gmail,
gmailgmail.com,1,Combo-squat: gmail,
gmailhost.net,1,Combo-squat: gmail,
gmailhre.com,1,Combo-squat: gmail,
gmailhre.net,1,Combo-squat: gmail,
gmailil.xyz,1,Combo-squat: gmail,
gmailines.online,1,Combo-squat: gmail,
gmailines.site,1,Combo-squat: gmail,
gmailisberysus.tk,1,Combo-squat: gmail,
gmailix.com,1,Combo-squat: gmail,
gmailiz.com,1,Combo-squat: gmail,
gmailjj.com,1,Combo-squat: gmail,
gmailjl.com,1,Combo-squat: gmail,
gmailkan.web.id,1,Combo-squat: gmail,
gmailkeeper.org,1,Combo-squat: gmail,
gmailkita.biz.id,1,Combo-squat: gmail,
gmailku.biz.id,1,Combo-squat: gmail,
gmailku.com,1,Combo-squat: gmail,
gmailku.my.id,1,Combo-squat: gmail,
gmaill.co,1,Combo-squat: gmail,
gmaill.co.com,1,Combo-squat: gmail,
gmaill.it,1,Combo-squat: gmail,
gmaill.my.id,1,Combo-squat: gmail,
gmaill.site,1,Combo-squat: gmail,
gmailldfdefk.com,1,Combo-squat: gmail,
gmailldfdefk.net,1,Combo-squat: gmail,
gmailler.cf,1,Combo-squat: gmail,
gmailler.com,1,Combo-squat: gmail,
gmailler.ga,1,Combo-squat: gmail,
gmailler.gq,1,Combo-squat: gmail,
gmailler.tk,1,Combo-squat: gmail,
gmaillis.com,1,Combo-squat: gmail,
gmaillk.com,1,Combo-squat: gmail,
gmailll.cf,1,Combo-squat: gmail,
gmailll.ga,1,Combo-squat: gmail,
gmailll.gq,1,Combo-squat: gmail,
gmailll.org,1,Combo-squat: gmail,
gmailll.tech,1,Combo-squat: gmail,
gmaillli.com,1,Combo-squat: gmail,
gmaillll.ga,1,Combo-squat: gmail,
gmaillll.ml,1,Combo-squat: gmail,
gmailllll.ga,1,Combo-squat: gmail,
gmailloc.site,1,Combo-squat: gmail,
gmaills.eu,1,Combo-squat: gmail,
gmaillunge.site,1,Combo-squat: gmail,
gmailmail.emlpro.com,1,Combo-squat: gmail,
gmailmail.ga,1,Combo-squat: gmail,
gmailmail.ru,1,Combo-squat: gmail,
gmailmarina.com,1,Combo-squat: gmail,
gmailnator.com,1,Combo-squat: gmail,
gmailner.com,1,Combo-squat: gmail,
gmailnet.xyz,1,Combo-squat: gmail,
gmailnew.com,1,Combo-squat: gmail,
gmailni.0zw6yq.steakbeef.site,1,Combo-squat: gmail,
gmailni.com,1,Combo-squat: gmail,
gmailni.p44iz.rr.nu,1,Combo-squat: gmail,
gmailnt.com,1,Combo-squat: gmail,
gmailo.net,1,Combo-squat: gmail,
gmailo.site,1,Combo-squat: gmail,
gmailod.com,1,Combo-squat: gmail,
gmailom.co,1,Combo-squat: gmail,
gmailos.com,1,Combo-squat: gmail,
gmailot.com,1,Combo-squat: gmail,
gmailpay.com,1,Combo-squat: gmail,
gmailpop.ml,1,Combo-squat: gmail,
gmailpopnew.com,1,Combo-squat: gmail,
gmailpost.com,1,Combo-squat: gmail,
gmailppwld.com,1,Combo-squat: gmail,
gmailppwld.net,1,Combo-squat: gmail,
gmailpremium.com.br,1,Combo-squat: gmail,
gmailpro.cf,1,Combo-squat: gmail,
gmailpro.gq,1,Combo-squat: gmail,
gmailpro.ml,1,Combo-squat: gmail,
gmailpro.tk,1,Combo-squat: gmail,
gmails.co.com,1,Combo-squat: gmail,
gmails.fun,1,Combo-squat: gmail,
gmails.ru.com,1,Combo-squat: gmail,
gmails.top,1,Combo-squat: gmail,
gmailsdfd.com,1,Combo-squat: gmail,
gmailsdfd.net,1,Combo-squat: gmail,
gmailsdfsd.com,1,Combo-squat: gmail,
gmailsdfsd.net,1,Combo-squat: gmail,
gmailsdfskdf.com,1,Combo-squat: gmail,
gmailsdfskdf.net,1,Combo-squat: gmail,
gmailserver.org,1,Combo-squat: gmail,
gmailskm.com,1,Combo-squat: gmail,
gmailsl.com,1,Combo-squat: gmail,
gmailss.eml.monster,1,Combo-squat: gmail,
gmailssdf.com,1,Combo-squat: gmail,
gmailsucks.usa.cc,1,Combo-squat: gmail,
gmailtemp.com,1,Combo-squat: gmail,
gmailtop.com,1,Combo-squat: gmail,
gmailtube.net,1,Combo-squat: gmail,
gmailu.ru,1,Combo-squat: gmail,
gmailup.com,1,Combo-squat: gmail,
gmailus.top,1,Combo-squat: gmail,
gmailv.top,1,Combo-squat: gmail,
gmailvn.com,1,Combo-squat: gmail,
gmailvn.net,1,Combo-squat: gmail,
gmailvn.work,1,Combo-squat: gmail,
gmailvn.xyz,1,Combo-squat: gmail,
gmailwe.com,1,Combo-squat: gmail,
gmailweerr.com,1,Combo-squat: gmail,
gmailweerr.net,1,Combo-squat: gmail,
gmailx.xyz,1,Combo-squat: gmail,
gmaily.tk,1,Combo-squat: gmail,
gmailya.com,1,Combo-squat: gmail,
gmailya.kmvt.rr.nu,1,Combo-squat: gmail,
gmailzdfsdfds.com,1,Combo-squat: gmail,
gmailzdfsdfds.net,1,Combo-squat: gmail,
gmflsodlgmail.com,1,Combo-squat: gmail,
go.facebookmail.com,1,Combo-squat: facebook,
gogogmail.com,1,Combo-squat: gmail,
gogooglee.com,1,Combo-squat: google,
gogoogleitnow.com,1,Combo-squat: google,
goldblockdead.site,1,Combo-squat: block,
goldfishgateway.com,1,Combo-squat: gate,
gonetflix.vip,1,Combo-squat: netflix,
goodgmail.com,1,Combo-squat: gmail,
goofy.apple.com,1,Combo-squat: apple,
google-ads-akkaunt.fun,1,Combo-squat: google,
google-clicker.com,1,Combo-squat: google,
google-email.ml,1,Combo-squat: google,
google-mail.me,1,Combo-squat: google,
google-mail.ooo,1,Combo-squat: google,
google-plays.com,1,Combo-squat: google,
google-visit-me.com,1,Combo-squat: google,
google.10mail.org,1,Combo-squat: google,
google.442587.xyz,1,Combo-squat: google,
google.ac,1,Combo-squat: google,
google.bareed.ws,1,Combo-squat: google,
google.com.google.com.dko.kr,1,Combo-squat: google,
google.com.google.com.vay.kr,1,Combo-squat: google,
google.com.mntb.my.id,1,Combo-squat: google,
google.disbox.org,1,Combo-squat: google,
google.emlhub.com,1,Combo-squat: google,
google.emltmp.com,1,Combo-squat: google,
google.eu,1,Combo-squat: google,
google.gmail.com.www.dtac.co.th.thumoi.com,1,Combo-squat: google,
google.me,1,Combo-squat: google,
google.teml.net,1,Combo-squat: google,
google.tm,1,Combo-squat: google,
google.tmpeml.com,1,Combo-squat: google,
google.us,1,Combo-squat: google,
google2019.ru,1,Combo-squat: google,
google2u.com,1,Combo-squat: google,
googleamin.spahyyad.ir,1,Combo-squat: google,
googleappmail.com,1,Combo-squat: google,
googleappsmail.com,1,Combo-squat: google,
googlebox.com,1,Combo-squat: google,
googlebox.kr,1,Combo-squat: google,
googlecn.com,1,Combo-squat: google,
googledottrick.com,1,Combo-squat: google,
googlefiabroads.shop,1,Combo-squat: google,
googlefind.com,1,Combo-squat: google,
googlegarbage.com,1,Combo-squat: google,
googlegenie.com,1,Combo-squat: google,
googlegmail.xyz,1,Combo-squat: google,
googlegroups.com,1,Combo-squat: google,
googleis.site,1,Combo-squat: google,
googlelogin.online,1,Combo-squat: google,
googlelogin.site,1,Combo-squat: google,
googlem.ml,1,Combo-squat: google,
googlemail.cloud,1,Combo-squat: google,
googlemail.co.kr,1,Combo-squat: google,
googlemail.emlhub.com,1,Combo-squat: google,
googlemail.press,1,Combo-squat: google,
googlemail.yhayan.giize.com,1,Combo-squat: google,
googlemails.org,1,Combo-squat: google,
googlemarket.com,1,Combo-squat: google,
googlenet.com,1,Combo-squat: google,
googlesite.org,1,Combo-squat: google,
googmail.gdn,1,Combo-squat: gmail,
goole.gmail.com.www.dtac.co.th.thumoi.com,1,Combo-squat: gmail,
gopldropbox1.tk,1,Combo-squat: dropbox,
govcities.com,1,Combo-squat: citi,
grabbyone.com,1,Combo-squat: rabby,
gravitygoogle.com,1,Combo-squat: google,
growintelligence.com,1,Combo-squat: intel,
growithcryptos.com,1,Combo-squat: crypto,
gspcrypto.com,1,Combo-squat: crypto,
guardiola68.truckmetalworks.com,1,Combo-squat: meta,
guerillamailblock.com,1,Combo-squat: block,
guerrillamailblock.com,1,Combo-squat: block,
guest.apple.com,1,Combo-squat: apple,
gwmetabitt.com,1,Combo-squat: meta,
hanesamazon.com,1,Combo-squat: amazon,
happyzoomer.us,1,Combo-squat: zoom,
happyzoomer.xyz,1,Combo-squat: zoom,
harry.apple.com,1,Combo-squat: apple,
hartandhuntingtonnashville.com,1,Combo-squat: huntington,
hashhackers.com.test-google-a.com,1,Combo-squat: google,
hashtagblock.com,1,Combo-squat: block,
hashtagtesla.com,1,Combo-squat: tesla,
hdetrade.com,1,Combo-squat: etrade,
heavydutymetalcutting.ru,1,Combo-squat: meta,
heavymetalparkinglot.net,1,Combo-squat: meta,
hello.gatewayrealestate.click,1,Combo-squat: gate,
help.gatewayrealestate.click,1,Combo-squat: gate,
helpcryptocurrency.com,1,Combo-squat: crypto,
hemetapartments.com,1,Combo-squat: meta,
hemimetamail.com,1,Combo-squat: meta,
hemimetamml.ru,1,Combo-squat: meta,
heteroaggmail.ru,1,Combo-squat: gmail,
heterometamail.com,1,Combo-squat: meta,
hidingmail.com,1,Combo-squat: gmail,
highgates.com,1,Combo-squat: gate,
hl-blocker.site,1,Combo-squat: block,
hlongmail.com,1,Combo-squat: gmail,
holidaygates.com,1,Combo-squat: gate,
holycoweliquid.com,1,Combo-squat: liquid,
homerezioktaya.com,1,Combo-squat: okta,
hometax.xyz,1,Combo-squat: meta,
hophongmail.online,1,Combo-squat: gmail,
hostingmail.me,1,Combo-squat: gmail,
hotmail.com.appleid.com,1,Combo-squat: apple,
hotrometa.com,1,Combo-squat: meta,
hrblock.testinator.com,1,Combo-squat: block,
https.www.shopify.com.sitemap.fpfc.tk,1,Combo-squat: shopify,
hubcrypto.site,1,Combo-squat: crypto,
huber8937.igg.biz,1,Combo-squat: uber,
huberheightsapartments.com,1,Combo-squat: uber,
hubertdumbi.cd,1,Combo-squat: uber,
hubspotmails.com,1,Combo-squat: hubspot,
hubspots.cloud,1,Combo-squat: hubspot,
hubspots.space,1,Combo-squat: hubspot,
hubspots.website,1,Combo-squat: hubspot,
hugmail.store,1,Combo-squat: gmail,
hujk.zoomingabout.com,1,Combo-squat: zoom,
humanadventure.com,1,Combo-squat: humana,
humanairport.com,1,Combo-squat: humana,
humanandculture.com,1,Combo-squat: humana,
huntingtonbeachnewsdaily.com,1,Combo-squat: huntington,
huntingtonbeachquote.com,1,Combo-squat: huntington,
hydra-meta.com,1,Combo-squat: meta,
hydra-meta.net,1,Combo-squat: meta,
hydra-unblock.com,1,Combo-squat: block,
hydrameta.com,1,Combo-squat: meta,
hyperintelmail.com,1,Combo-squat: intel,
hypermetam.ru,1,Combo-squat: meta,
icantbelieveitsnotgmail.com,1,Combo-squat: gmail,
ictuber.info,1,Combo-squat: uber,
idapplevn.co,1,Combo-squat: apple,
idea.truckmetalworks.com,1,Combo-squat: meta,
idzoom.online,1,Combo-squat: zoom,
ieasystabilitybetsnupp20.xyz,1,Combo-squat: stability,
igmail.com,1,Combo-squat: gmail,
igmeta.shop,1,Combo-squat: meta,
ignametag.ru,1,Combo-squat: meta,
igoogle.co.uk,1,Combo-squat: google,
iigmail.com,1,Combo-squat: gmail,
imexcointernational.com,1,Combo-squat: mexc,
inboxgate.rest,1,Combo-squat: gate,
indiagatenutgrove.com,1,Combo-squat: gate,
indiagatetakeaway.com,1,Combo-squat: gate,
indozoom.me,1,Combo-squat: zoom,
indozoom.net,1,Combo-squat: zoom,
industrialmetagenomics.com,1,Combo-squat: meta,
industrialmetal.me,1,Combo-squat: meta,
industrialmetalsuplay.com,1,Combo-squat: meta,
info-netflix.cf,1,Combo-squat: netflix,
infrazoom.com,1,Combo-squat: zoom,
ingcoachepursesoutletusaaonline.com,1,Combo-squat: usaa,
instant-block.com,1,Combo-squat: block,
instantblingmail.info,1,Combo-squat: gmail,
instragmail.online,1,Combo-squat: gmail,
insurrectigmail.ru,1,Combo-squat: gmail,
intel.coms.hk,1,Combo-squat: intel,
inteldet.es,1,Combo-squat: intel,
intelea.shop,1,Combo-squat: intel,
inteliacleantech.com,1,Combo-squat: intel,
intellecemi.com,1,Combo-squat: intel,
intellecmail.com,1,Combo-squat: intel,
intellectkl.ru,1,Combo-squat: intel,
intellectuaemail.com,1,Combo-squat: intel,
intellectuainf.com,1,Combo-squat: intel,
intellectualhouse.ru,1,Combo-squat: intel,
intellectualization195pv.online,1,Combo-squat: intel,
intellectualization225oc.online,1,Combo-squat: intel,
intellectualpropertyagreements.com,1,Combo-squat: intel,
intellectumail.ru,1,Combo-squat: intel,
intellectumy.com,1,Combo-squat: intel,
intelleinf.com,1,Combo-squat: intel,
intelli-network.com,1,Combo-squat: intel,
intelli.solutions,1,Combo-squat: intel,
intelliflexsolutions.com,1,Combo-squat: intel,
intelligebml.ru,1,Combo-squat: intel,
intelligefml.ru,1,Combo-squat: intel,
intelligence-consult.de,1,Combo-squat: intel,
intelligence.zone,1,Combo-squat: intel,
intelligencedictionary.com,1,Combo-squat: intel,
intelligencehome.ru,1,Combo-squat: intel,
intelligencemarketreport.com,1,Combo-squat: intel,
intelligencia.com,1,Combo-squat: intel,
intelligentfoam.com,1,Combo-squat: intel,
intelligentp.com,1,Combo-squat: intel,
intellika.digital,1,Combo-squat: intel,
intellipayment.com,1,Combo-squat: intel,
intellisport.net,1,Combo-squat: intel,
intelliwebconcepts.com,1,Combo-squat: intel,
intelmarketingroup.com,1,Combo-squat: intel,
intelsat.cd,1,Combo-squat: intel,
investcrypto2020.club,1,Combo-squat: crypto,
ionq.pl,1,Combo-squat: ionq,
ionqfionqwioeqw.ga,1,Combo-squat: ionq,
ionqfionqwoepiqwpe.ga,1,Combo-squat: ionq,
ionqofqpoweqw.ga,1,Combo-squat: ionq,
ionqoiwnfioqwe.ga,1,Combo-squat: ionq,
ionqq.org,1,Combo-squat: ionq,
ionqwfionqwpoqweq.ga,1,Combo-squat: ionq,
ionqwiofnioqweqweq.ga,1,Combo-squat: ionq,
ionqwiofnqioweqw.ga,1,Combo-squat: ionq,
ionqwiofnqwioepoqwe.ga,1,Combo-squat: ionq,
ionqwiofqwpoiepqw.ga,1,Combo-squat: ionq,
ionqwofpqowieq.ga,1,Combo-squat: ionq,
ionqwofqopwieqwe.ga,1,Combo-squat: ionq,
ioqnfionqioweq.ga,1,Combo-squat: ionq,
ioqnfionqoeqw.ga,1,Combo-squat: ionq,
ioqnwfionqwopeqwe.ga,1,Combo-squat: ionq,
ioqwfionqioweq.ga,1,Combo-squat: ionq,
ioqwfionqwioeqqwe.ga,1,Combo-squat: ionq,
iowametaldesigns.net,1,Combo-squat: meta,
iowanvidia.com,1,Combo-squat: nvidia,
ipledger.ru,1,Combo-squat: ledger,
irreversiblegmail.ru,1,Combo-squat: gmail,
istabilitybetsnapp.xyz,1,Combo-squat: stability,
istabilitybettingsnapp.xyz,1,Combo-squat: stability,
itsmetavazan.my.id,1,Combo-squat: meta,
izgmail.com,1,Combo-squat: gmail,
jaiwork-google.ml,1,Combo-squat: google,
jasminsusan.paris-gmail.top,1,Combo-squat: gmail,
jasper-robot.com,1,Combo-squat: jasper,
jasper133.store,1,Combo-squat: jasper,
jasperai.one,1,Combo-squat: jasper,
jasperaicontent.com,1,Combo-squat: jasper,
jasperbot.de,1,Combo-squat: jasper,
jasperchatgpt.com,1,Combo-squat: chatgpt,
jasperespcialoffer.com,1,Combo-squat: jasper,
jasperrobot.com,1,Combo-squat: jasper,
jaspertab.com,1,Combo-squat: jasper,
jasperweiss.net,1,Combo-squat: jasper,
jasperwrite.com,1,Combo-squat: jasper,
jasperwrite.xyz,1,Combo-squat: jasper,
jasperyhk.com,1,Combo-squat: jasper,
jg.antiqueras.cfd,1,Combo-squat: quera,
jisumeta.store,1,Combo-squat: meta,
jobscale.shop,1,Combo-squat: scale,
jogmail.store,1,Combo-squat: gmail,
jointeleport.xyz,1,Combo-squat: intel,
journeyliquids.com,1,Combo-squat: liquid,
jszf6lunog.mailbo.store,1,Combo-squat: luno,
jugmail.store,1,Combo-squat: gmail,
junk.googlepedia.me,1,Combo-squat: google,
jupiterblock.com,1,Combo-squat: block,
k.i.w.k.kd.ej.wk.com.4.7.gmail.1.u.gmail.2.h.cad.edu.gr,1,Combo-squat: gmail,
karateslawno.pl,1,Combo-squat: tesla,
keygmail.com,1,Combo-squat: gmail,
kgmail.us,1,Combo-squat: gmail,
khagate.xyz,1,Combo-squat: gate,
kibriscontinentalbank.com,1,Combo-squat: lbank,
kibriscontinentalbank.xyz,1,Combo-squat: lbank,
killgmail.com,1,Combo-squat: gmail,
kimgmail.com,1,Combo-squat: gmail,
kingblocks.com,1,Combo-squat: block,
kingpin-intelligence.com,1,Combo-squat: intel,
kobo.apple.com,1,Combo-squat: apple,
kometa-777-spin.autos,1,Combo-squat: meta,
kometa-jackpot-casino.beauty,1,Combo-squat: meta,
kometa-jackpot-casino.boats,1,Combo-squat: meta,
kometa-payout.autos,1,Combo-squat: meta,
kometa-payout.beauty,1,Combo-squat: meta,
kometa-spinwin.beauty,1,Combo-squat: meta,
kometa.click,1,Combo-squat: meta,
koyunum.com,1,Combo-squat: unum,
koyunum.net,1,Combo-squat: unum,
kraken.simplelogin.com,1,Combo-squat: kraken,
krakenforwin.xyz,1,Combo-squat: kraken,
krakenpost.simplelogin.com,1,Combo-squat: kraken,
krakentickets.us,1,Combo-squat: kraken,
kuberschool.ru,1,Combo-squat: uber,
kucoin.one,1,Combo-squat: kucoin,
kuj.zoomingabout.com,1,Combo-squat: zoom,
lagmail.store,1,Combo-squat: gmail,
lalunametaphysical.com,1,Combo-squat: meta,
lancecrypto.store,1,Combo-squat: crypto,
langleycitizen.com,1,Combo-squat: citi,
laoraclej.com,1,Combo-squat: oracle,
lapalme.truckmetalworks.com,1,Combo-squat: meta,
laryngmails.ru,1,Combo-squat: gmail,
latamgateway.io,1,Combo-squat: gate,
lazernokta.com,1,Combo-squat: okta,
ldnblockchainweek.com,1,Combo-squat: block,
leasidetoronto.com,1,Combo-squat: etoro,
ledgercrpyto.net,1,Combo-squat: ledger,
ledgermail.web.id,1,Combo-squat: ledger,
legmail.store,1,Combo-squat: gmail,
leimodelcitizen.com,1,Combo-squat: citi,
lelverito.gmaillogintips.com,1,Combo-squat: gmail,
lessschwab.com,1,Combo-squat: schwab,
lgmail.biz.id,1,Combo-squat: gmail,
lgmail.com,1,Combo-squat: gmail,
lhzoom.com,1,Combo-squat: zoom,
lifestyletraders.live,1,Combo-squat: etrade,
lionqq.com,1,Combo-squat: ionq,
liquid-sound-dynamics.de,1,Combo-squat: liquid,
liquidacionporsuicidio.es,1,Combo-squat: liquid,
liquidadoresmayoristas.com,1,Combo-squat: liquid,
liquidation-specialists.com,1,Combo-squat: liquid,
liquidationmerchandise.com,1,Combo-squat: liquid,
liquidconsulting.org,1,Combo-squat: liquid,
liquidfastrelief.com,1,Combo-squat: liquid,
liquidherbalincense.com,1,Combo-squat: liquid,
liquidincmarketing.com,1,Combo-squat: liquid,
liquidinformation.net,1,Combo-squat: liquid,
liquidlogisticsmanagement.com,1,Combo-squat: liquid,
liquidmail.de,1,Combo-squat: liquid,
liquidmediahawaii.com,1,Combo-squat: liquid,
liquidthink.net,1,Combo-squat: liquid,
liquidvmoi.ru,1,Combo-squat: liquid,
liquidxs.com,1,Combo-squat: liquid,
liturgmail.ru,1,Combo-squat: gmail,
live.com.au.appleid.com,1,Combo-squat: apple,
livingapple.info,1,Combo-squat: apple,
livingmetaphor.org,1,Combo-squat: meta,
llmetalurgica.com,1,Combo-squat: meta,
login-chatgpt.com,1,Combo-squat: chatgpt,
login.microsoft-office.live,1,Combo-squat: microsoft,
logmail.fr,1,Combo-squat: gmail,
logmail.store,1,Combo-squat: gmail,
logoktafiyanti477.cf,1,Combo-squat: okta,
longyeulq.ffcom.gmail.com.portableblender.club,1,Combo-squat: gmail,
lottogate.live,1,Combo-squat: gate,
lsmetalwerx.com,1,Combo-squat: meta,
lucergmail.ru,1,Combo-squat: gmail,
lucifergmail.tk,1,Combo-squat: gmail,
lugmail.com,1,Combo-squat: gmail,
luno-finance.com,1,Combo-squat: luno,
lunocor3936.a.lofteone.ru,1,Combo-squat: luno,
lunor.cfd,1,Combo-squat: luno,
luxetrader.net,1,Combo-squat: etrade,
luzoom.net,1,Combo-squat: zoom,
m.gmail.com.indofood.click,1,Combo-squat: gmail,
m.gmailri.com,1,Combo-squat: gmail,
m.kkh-rinteln.de,1,Combo-squat: intel,
madobetooko.net,1,Combo-squat: adobe,
madobetooko.org,1,Combo-squat: adobe,
maduracrypto.web.id,1,Combo-squat: crypto,
magic-bbs.corp.apple.com,1,Combo-squat: apple,
magicblocks.ru,1,Combo-squat: block,
mail-amazon.us,1,Combo-squat: amazon,
mail.allegmail.ru,1,Combo-squat: gmail,
mail.astrophotogmail.ru,1,Combo-squat: gmail,
mail.carpometacmail.ru,1,Combo-squat: meta,
mail.drowblock.com,1,Combo-squat: block,
mail.glaslack.com,1,Combo-squat: slack,
mail.gmail.com.cad.edu.gr,1,Combo-squat: gmail,
mail.googlepay101.cc,1,Combo-squat: google,
mail.hemimetamml.ru,1,Combo-squat: meta,
mail.qmeta.net,1,Combo-squat: meta,
mail4gmail.com,1,Combo-squat: gmail,
mailblocks.com,1,Combo-squat: block,
mailchimpreview.com,1,Combo-squat: mailchimp,
mailchimpreviews.com,1,Combo-squat: mailchimp,
mailgate.ru,1,Combo-squat: gate,
mailgate.shop,1,Combo-squat: gate,
mailgate07.outlook.rest,1,Combo-squat: gate,
mailgateway.sbs,1,Combo-squat: gate,
mailgateway.space,1,Combo-squat: gate,
mailgoogle.com,1,Combo-squat: google,
mailingmail.net,1,Combo-squat: gmail,
mailmetal.com,1,Combo-squat: meta,
mailoracle.com,1,Combo-squat: oracle,
mailsgoogle.ru,1,Combo-squat: google,
malacobgmail.ru,1,Combo-squat: gmail,
maltacentralbank.org,1,Combo-squat: lbank,
manyaruralbank.com,1,Combo-squat: lbank,
mapintel.co,1,Combo-squat: intel,
marathifacebook.icu,1,Combo-squat: facebook,
marcmetals.com,1,Combo-squat: meta,
margateschoolofbeauty.net,1,Combo-squat: gate,
margmail.online,1,Combo-squat: gmail,
marketingmail.cf,1,Combo-squat: gmail,
marketingmail.gq,1,Combo-squat: gmail,
marketintelligencesystems.live,1,Combo-squat: intel,
massachusettsadobe.com,1,Combo-squat: adobe,
matt-salesforce.com,1,Combo-squat: salesforce,
mattezoom.biz.id,1,Combo-squat: zoom,
mauimetalartist.com,1,Combo-squat: meta,
maxgate.org,1,Combo-squat: gate,
maxnetflix.host,1,Combo-squat: netflix,
maymetalfest.info,1,Combo-squat: meta,
mazoomail.ru,1,Combo-squat: zoom,
mcoinex.net,1,Combo-squat: coinex,
me.appleid.com,1,Combo-squat: apple,
mediaguardai.com,1,Combo-squat: guarda,
medoc.aux.apple.com,1,Combo-squat: apple,
megatel.pw,1,Combo-squat: gate,
mehmetaktif.shop,1,Combo-squat: meta,
menagoogle.shop,1,Combo-squat: google,
meningmail.com,1,Combo-squat: gmail,
merchondemandamazon.com,1,Combo-squat: amazon,
meta-bet.ru,1,Combo-squat: meta,
meta-forum.ru,1,Combo-squat: meta,
meta-support-12sk6xj81.com,1,Combo-squat: meta,
meta.free.nf,1,Combo-squat: meta,
meta2fa.online,1,Combo-squat: meta,
meta68.xyz,1,Combo-squat: meta,
metabfmail.ru,1,Combo-squat: meta,
metabolicbalance.sk,1,Combo-squat: meta,
metaboliccookingpdf.com,1,Combo-squat: meta,
metabox.info,1,Combo-squat: meta,
metacarpomail.com,1,Combo-squat: meta,
metachmail.com,1,Combo-squat: meta,
metacinnamail.com,1,Combo-squat: meta,
metacinnmail.com,1,Combo-squat: meta,
metacriticc.com,1,Combo-squat: meta,
metacrunch.com,1,Combo-squat: meta,
metaculol.space,1,Combo-squat: meta,
metacv.app,1,Combo-squat: meta,
metadogeunity.com,1,Combo-squat: meta,
metadownload.org,1,Combo-squat: meta,
metafb.metaculol.space,1,Combo-squat: meta,
metaframe.ru,1,Combo-squat: meta,
metagame.wtf,1,Combo-squat: meta,
metahd.ru,1,Combo-squat: meta,
metahero.net,1,Combo-squat: meta,
metaintern.net,1,Combo-squat: meta,
metairienewsdaily.com,1,Combo-squat: meta,
metajeans.com,1,Combo-squat: meta,
metalbet.ru,1,Combo-squat: meta,
metalcasinao.com,1,Combo-squat: meta,
metaldel.com,1,Combo-squat: meta,
metalesdvp.com,1,Combo-squat: meta,
metalfan.com,1,Combo-squat: meta,
metalfestivalseurope.com,1,Combo-squat: meta,
metalhalidegrowlights.com,1,Combo-squat: meta,
metalike.pro,1,Combo-squat: meta,
metalingumail.com,1,Combo-squat: meta,
metalliccut.com,1,Combo-squat: meta,
metallograemail.ru,1,Combo-squat: meta,
metallomail.ru,1,Combo-squat: meta,
metallotmail.ru,1,Combo-squat: meta,
metallqlez.space,1,Combo-squat: meta,
metallymc.shop,1,Combo-squat: meta,
metalmania.cd,1,Combo-squat: meta,
metalourgio.com,1,Combo-squat: meta,
metalproject.com,1,Combo-squat: meta,
metalrika.club,1,Combo-squat: meta,
metalscrapsales.com,1,Combo-squat: meta,
metalstroj.sk,1,Combo-squat: meta,
metalunits.com,1,Combo-squat: meta,
metamail.space,1,Combo-squat: meta,
metamalls.io,1,Combo-squat: meta,
metamatheic.com,1,Combo-squat: meta,
metamaxi.com,1,Combo-squat: meta,
metameto.shop,1,Combo-squat: meta,
metamodel.dev,1,Combo-squat: meta,
metamorphjmail.ru,1,Combo-squat: meta,
metamorphosisproducts.com,1,Combo-squat: meta,
metamusic.blog,1,Combo-squat: meta,
metaochi.com,1,Combo-squat: meta,
metaphila.com,1,Combo-squat: meta,
metaphtfml.ru,1,Combo-squat: meta,
metaping.com,1,Combo-squat: meta,
metapmofml.ru,1,Combo-squat: meta,
metaprice.co,1,Combo-squat: meta,
metapsmalu.ru,1,Combo-squat: meta,
metareview.ru,1,Combo-squat: meta,
metashooting.com,1,Combo-squat: meta,
metaskill.games,1,Combo-squat: meta,
metastmail.ru,1,Combo-squat: meta,
metastockcyprus.com,1,Combo-squat: meta,
metastudio.net,1,Combo-squat: meta,
metatader4.com,1,Combo-squat: meta,
metathml.com,1,Combo-squat: meta,
metatokens.gg,1,Combo-squat: meta,
metatrader5.blog,1,Combo-squat: meta,
metauchia.com,1,Combo-squat: meta,
metaverselabs.dpdns.org,1,Combo-squat: meta,
metaversemind.space,1,Combo-squat: meta,
metavivor.net,1,Combo-squat: meta,
metayer.dev,1,Combo-squat: meta,
metazvn.net,1,Combo-squat: meta,
metometa.shop,1,Combo-squat: meta,
metoposcgmail.ru,1,Combo-squat: gmail,
mexc.gotdns.ch,1,Combo-squat: mexc,
mexcmail.com,1,Combo-squat: mexc,
mexcool.com,1,Combo-squat: mexc,
mgfstripe.com,1,Combo-squat: stripe,
michaelbanksdds.com,1,Combo-squat: lbank,
micicubereptvoi.com,1,Combo-squat: uber,
microsoft.c.io,1,Combo-squat: microsoft,
microsoft.exchange.data.directory.44.kcs-th.com,1,Combo-squat: microsoft,
microsoft.fr,1,Combo-squat: microsoft,
microsoftarticles.info,1,Combo-squat: microsoft,
microsoftopedia.com,1,Combo-squat: microsoft,
microsofts.webhop.me,1,Combo-squat: microsoft,
microsoftt.biz,1,Combo-squat: microsoft,
midjourney.bond,1,Combo-squat: midjourney,
midwestmetalonline.com,1,Combo-squat: meta,
mie-mie-hedjp.appleid.com,1,Combo-squat: apple,
migmail.net,1,Combo-squat: gmail,
migmail.pl,1,Combo-squat: gmail,
minergate.download,1,Combo-squat: gate,
minyoracle.ru,1,Combo-squat: oracle,
miraintelligence.com,1,Combo-squat: intel,
mlgmail.top,1,Combo-squat: gmail,
mlongmail.com,1,Combo-squat: gmail,
mmm-coinex.info,1,Combo-squat: coinex,
mntwincitieshomeloans.com,1,Combo-squat: citi,
mode.adhoczoom.com,1,Combo-squat: zoom,
mongmail.net,1,Combo-squat: gmail,
monomangmail.ru,1,Combo-squat: gmail,
morethanametal.com,1,Combo-squat: meta,
morganstanleychina.com,1,Combo-squat: morganstanley,
mountainhouseairbnb.com,1,Combo-squat: airbnb,
movieblocking.com,1,Combo-squat: block,
mpzoom.com,1,Combo-squat: zoom,
msgmail.store,1,Combo-squat: gmail,
mspotify.com,1,Combo-squat: spotify,
muggmail.com,1,Combo-squat: gmail,
mugmail.store,1,Combo-squat: gmail,
mumetapa.igg.biz,1,Combo-squat: meta,
mutualmetarial.org,1,Combo-squat: meta,
my-google-mail.de,1,Combo-squat: google,
my.google.gmail.com.business.site.email.com.fpfc.cf,1,Combo-squat: google,
myblogmail.xyz,1,Combo-squat: gmail,
mycryptocare.com,1,Combo-squat: crypto,
mycryptocurrency24.com,1,Combo-squat: crypto,
myphantomemail.com,1,Combo-squat: phantom,
myr.zoomingabout.com,1,Combo-squat: zoom,
myspotify.cn,1,Combo-squat: spotify,
nagmail.store,1,Combo-squat: gmail,
nanostripes.com,1,Combo-squat: stripe,
nationwidedebtconsultants.co.uk,1,Combo-squat: nationwide,
nationwideinteriors.net,1,Combo-squat: nationwide,
naturgate.ru,1,Combo-squat: gate,
negated.com,1,Combo-squat: gate,
negociodigitalinteligente.com,1,Combo-squat: intel,
nemecek.truckmetalworks.com,1,Combo-squat: meta,
netflix.ebarg.net,1,Combo-squat: netflix,
netflix.servemp3.com,1,Combo-squat: netflix,
netflixaddons.xyz,1,Combo-squat: netflix,
netflixcostarica.com,1,Combo-squat: netflix,
netflixketu.my.id,1,Combo-squat: netflix,
netflixmexico.net,1,Combo-squat: netflix,
netflixs.redirectme.net,1,Combo-squat: netflix,
netflixvip.xyz,1,Combo-squat: netflix,
netflixweb.com,1,Combo-squat: netflix,
netzgmail.site,1,Combo-squat: gmail,
neuronsforremoteintelligence.net,1,Combo-squat: intel,
newgmail.top,1,Combo-squat: gmail,
newgmaill.com,1,Combo-squat: gmail,
newgmailruner.com,1,Combo-squat: gmail,
newtuber.info,1,Combo-squat: uber,
nexacrypto.store,1,Combo-squat: crypto,
nextscale.asia,1,Combo-squat: scale,
ngmail.web.id,1,Combo-squat: gmail,
nhmicrosoft.com,1,Combo-squat: microsoft,
nickfacebook.click,1,Combo-squat: facebook,
nikezoomkobevenomenon5.website,1,Combo-squat: zoom,
niyplunostragma.space,1,Combo-squat: luno,
nobugmail.com,1,Combo-squat: gmail,
nogmailspam.info,1,Combo-squat: gmail,
noktabet.info,1,Combo-squat: okta,
noktabet111.com,1,Combo-squat: okta,
noktamezat.com.tr,1,Combo-squat: okta,
normandauberjonois.xyz,1,Combo-squat: uber,
notice-microsoft.com,1,Combo-squat: microsoft,
notregmail.com,1,Combo-squat: gmail,
ns.yagatekimi.com,1,Combo-squat: gate,
nspgmail.space,1,Combo-squat: gmail,
numetal.ru,1,Combo-squat: meta,
nusaas.com,1,Combo-squat: usaa,
nvapplelab.com,1,Combo-squat: apple,
nvmetal.pl,1,Combo-squat: meta,
nyccoronavirusbankruptcy.com,1,Combo-squat: usbank,
odontogmail.com,1,Combo-squat: gmail,
oegmail.com,1,Combo-squat: gmail,
oegmail.store,1,Combo-squat: gmail,
oesophagmail.com,1,Combo-squat: gmail,
ofcstripe.com,1,Combo-squat: stripe,
ofgmail.com,1,Combo-squat: gmail,
ogmail.com,1,Combo-squat: gmail,
oigmail.com,1,Combo-squat: gmail,
oinqwfionqiowe.ga,1,Combo-squat: ionq,
oiqnfionqwoepqwe.ga,1,Combo-squat: ionq,
oiqnfionqwpoeqw.ga,1,Combo-squat: ionq,
okgmail.com,1,Combo-squat: gmail,
oktai.ru,1,Combo-squat: okta,
oliveoilbank.org,1,Combo-squat: lbank,
omegazetacryptopool.online,1,Combo-squat: crypto,
oncogmails.ru,1,Combo-squat: gmail,
oogmail.com,1,Combo-squat: gmail,
openaimail.tech,1,Combo-squat: openai,
oqnfioqwnfionqwoqwe.ga,1,Combo-squat: ionq,
oqnwfionqwpoeqw.ga,1,Combo-squat: ionq,
oraclewisdom.net,1,Combo-squat: oracle,
order84.gmailmirror.com,1,Combo-squat: gmail,
orivaterelat.appleid.com,1,Combo-squat: apple,
orviongate.com,1,Combo-squat: gate,
oscillogmail.com,1,Combo-squat: gmail,
osteologmail.com,1,Combo-squat: gmail,
oti.zoomingabout.com,1,Combo-squat: zoom,
otpgmail.com,1,Combo-squat: gmail,
otpmeta.email,1,Combo-squat: meta,
outblock.com,1,Combo-squat: block,
outgmailmail.ru,1,Combo-squat: gmail,
ovogmail.com,1,Combo-squat: gmail,
p.l.9.gmail.com.4.7.gmail.1.u.gmail.2.h.cad.edu.gr,1,Combo-squat: gmail,
pagead2.googlesyndication.com,1,Combo-squat: google,
pages.plusgoogle.com,1,Combo-squat: google,
paleoanthropic.com,1,Combo-squat: anthropic,
palingmail.com,1,Combo-squat: gmail,
panchasefm.com,1,Combo-squat: chase,
paradoxigmail.ru,1,Combo-squat: gmail,
pascale-cervantes.com,1,Combo-squat: scale,
pascaleelie.com,1,Combo-squat: scale,
pass.danubers.com,1,Combo-squat: uber,
paypal.astiva.co.id,1,Combo-squat: paypal,
paypal.comx.cf,1,Combo-squat: paypal,
paysgateway.com,1,Combo-squat: gate,
peabodychase.com,1,Combo-squat: chase,
pegmail.online,1,Combo-squat: gmail,
pegmail.store,1,Combo-squat: gmail,
peliquid.com,1,Combo-squat: liquid,
penelopegemini.co.uk,1,Combo-squat: gemini,
penelopegemini.com,1,Combo-squat: gemini,
penelopegemini.uk,1,Combo-squat: gemini,
penmeta.org,1,Combo-squat: meta,
pericolgmail.ru,1,Combo-squat: gmail,
pgmails.com,1,Combo-squat: gmail,
phanmemfacebook.com,1,Combo-squat: facebook,
phantom-mail.io,1,Combo-squat: phantom,
phantom.to,1,Combo-squat: phantom,
phantomfeuer.slmail.me,1,Combo-squat: phantom,
phantommail.cf,1,Combo-squat: phantom,
phantommailer.com,1,Combo-squat: phantom,
phantompathpangolin.site,1,Combo-squat: phantom,
phantompathpangolin.space,1,Combo-squat: phantom,
phantomsign.com,1,Combo-squat: phantom,
phantomtroupe.anonaddy.me,1,Combo-squat: phantom,
phocomgmail.ru,1,Combo-squat: gmail,
physio.kkh-rinteln.de,1,Combo-squat: intel,
piggybankcrypto.com,1,Combo-squat: crypto,
piggybankcrypto.net,1,Combo-squat: crypto,
piggybankcrypto.org,1,Combo-squat: crypto,
piggybankcryptosavings.net,1,Combo-squat: crypto,
pigmail.store,1,Combo-squat: gmail,
pikchaser.com,1,Combo-squat: chase,
pineapple-berry.pro,1,Combo-squat: apple,
pineappleconsultoria.com,1,Combo-squat: apple,
pineappledisco.com,1,Combo-squat: apple,
pinstripesecretarial.com,1,Combo-squat: stripe,
planeteliquid.co.uk,1,Combo-squat: liquid,
pleasedonotpurchasethedomain.com,1,Combo-squat: chase,
pleochrogmail.ru,1,Combo-squat: gmail,
plowden48.truckmetalworks.com,1,Combo-squat: meta,
plus.google.com,1,Combo-squat: google,
plusfitgate.com,1,Combo-squat: gate,
plusflowgate.com,1,Combo-squat: gate,
plusgmail.ru,1,Combo-squat: gmail,
podgladaczgoogle.pl,1,Combo-squat: google,
poliden.cryptonews24h.xyz,1,Combo-squat: crypto,
poliden.metalcasinao.com,1,Combo-squat: meta,
polygmail.com,1,Combo-squat: gmail,
portalgateway.org,1,Combo-squat: gate,
posliquidators.com,1,Combo-squat: liquid,
post.travelersinsurance.click,1,Combo-squat: travelers,
powertalk.apple.com,1,Combo-squat: apple,
pozycja-w-google.com,1,Combo-squat: google,
pqniwfionqowe.ga,1,Combo-squat: ionq,
precisionmetalsmiths.com,1,Combo-squat: meta,
predesigmail.ru,1,Combo-squat: gmail,
priority.facebookmail.com,1,Combo-squat: facebook,
privatecryptomail.com,1,Combo-squat: crypto,
privateerelay.appleid.com,1,Combo-squat: apple,
privateralay.appleid.com,1,Combo-squat: apple,
privatere.appleid.com,1,Combo-squat: apple,
privaterealy.appleid.com,1,Combo-squat: apple,
privaterela.appleid.com,1,Combo-squat: apple,
privaterelay.appleid.com,1,Combo-squat: apple,
privatereplay.appleid.com,1,Combo-squat: apple,
privaterplay.appleid.com,1,Combo-squat: apple,
priveterelay.appleid.com,1,Combo-squat: apple,
proelectrum.com,1,Combo-squat: electrum,
professionalisgmail.ru,1,Combo-squat: gmail,
progressive-systems.net,1,Combo-squat: progressive,
progressive.tools,1,Combo-squat: progressive,
progressiveenvironment.com,1,Combo-squat: progressive,
progressiveenvironments.com,1,Combo-squat: progressive,
progressivemillwrighting.com,1,Combo-squat: progressive,
progressiveorthopedic.net,1,Combo-squat: progressive,
propay-gate1.com,1,Combo-squat: gate,
proprentalsanfrancisco.com,1,Combo-squat: cisco,
proxy-gateway.net,1,Combo-squat: gate,
prudentialcalifornia.com,1,Combo-squat: prudential,
prudentialltm.com,1,Combo-squat: prudential,
pseudointel.com,1,Combo-squat: intel,
psppaygate.info,1,Combo-squat: gate,
psppaygate.org,1,Combo-squat: gate,
psychogmails.ru,1,Combo-squat: gmail,
ptivaterelay.appleid.com,1,Combo-squat: apple,
puberties.com,1,Combo-squat: uber,
puberties.net,1,Combo-squat: uber,
pubgmail.cn,1,Combo-squat: gmail,
puhetrade37.xyz,1,Combo-squat: etrade,
puhetrade8.xyz,1,Combo-squat: etrade,
purchaseaforeclosure.info,1,Combo-squat: chase,
purgatgmail.ru,1,Combo-squat: gmail,
pvtnetflix.com,1,Combo-squat: netflix,
qblockingd.com,1,Combo-squat: block,
qfionqwofnqioweqw.ga,1,Combo-squat: ionq,
qmgate.corp.apple.com,1,Combo-squat: apple,
qoifionqiowfnioqwrqw.ga,1,Combo-squat: ionq,
quadcitiesphysicaltherapy.com,1,Combo-squat: citi,
questions.travelersinsurance.click,1,Combo-squat: travelers,
quickmail.apple.com,1,Combo-squat: apple,
qwfionqwiofqwoeipo.ga,1,Combo-squat: ionq,
qwfnoqwnfionqeq.ga,1,Combo-squat: ionq,
rabuberkah.cf,1,Combo-squat: uber,
radialchaser.ru,1,Combo-squat: chase,
radugateplo.ru,1,Combo-squat: gate,
randomchangeabledomainnameallowed123456.apple.com,1,Combo-squat: apple,
realcryptostudio.tech,1,Combo-squat: crypto,
realsalesforce.com,1,Combo-squat: salesforce,
reasystabilitybetsnupp20.xyz,1,Combo-squat: stability,
recettesla.store,1,Combo-squat: tesla,
redapplecasino.com,1,Combo-squat: apple,
redfrogmail.com,1,Combo-squat: gmail,
redi-google-mail-top.fun,1,Combo-squat: google,
redi-google-mail-top.monster,1,Combo-squat: google,
redi-google-mail-top.site,1,Combo-squat: google,
redi-google-mail-top.store,1,Combo-squat: google,
redi-google-mail-topik.monster,1,Combo-squat: google,
redi-google-mail-topik.site,1,Combo-squat: google,
redi-google-mail-topik.store,1,Combo-squat: google,
reelslunorth.cf,1,Combo-squat: luno,
reelslunorth.ga,1,Combo-squat: luno,
reelslunorth.gq,1,Combo-squat: luno,
reelslunorth.ml,1,Combo-squat: luno,
reformabgmail.ru,1,Combo-squat: gmail,
regmail.kategoriblog.com,1,Combo-squat: gmail,
regmailproject.info,1,Combo-squat: gmail,
regmails.club,1,Combo-squat: gmail,
reilly.erin.paris-gmail.top,1,Combo-squat: gmail,
reinvigmail.com,1,Combo-squat: gmail,
releasethekraken.online,1,Combo-squat: kraken,
remem.zoomingabout.com,1,Combo-squat: zoom,
remont-dvigateley-inomarok.ru,1,Combo-squat: gate,
renegmail.ru,1,Combo-squat: gmail,
reportgate.net,1,Combo-squat: gate,
resigmail.com,1,Combo-squat: gmail,
resource.calendar.google.com,1,Combo-squat: google,
retailledger.com,1,Combo-squat: ledger,
retnooktapratama.me,1,Combo-squat: okta,
retragmail.com,1,Combo-squat: gmail,
rgmail.my.id,1,Combo-squat: gmail,
rickiemetal.com,1,Combo-squat: meta,
rickymetal.com,1,Combo-squat: meta,
rjfencesandgates.com,1,Combo-squat: gate,
rocketgmail.com,1,Combo-squat: gmail,
rontgateprop.com,1,Combo-squat: gate,
royaltowerssanfrancisco202.com,1,Combo-squat: cisco,
rstabilitybetsnapp.xyz,1,Combo-squat: stability,
rstabilitybettingsnapp.xyz,1,Combo-squat: stability,
rucrypto.net,1,Combo-squat: crypto,
rudgmail.com,1,Combo-squat: gmail,
rugmail.store,1,Combo-squat: gmail,
sacredcitizen.com,1,Combo-squat: citi,
sacredcitizensummit.com,1,Combo-squat: citi,
safeamazon.xyz,1,Combo-squat: amazon,
sagmail.ru,1,Combo-squat: gmail,
saintelizabethhome.com,1,Combo-squat: intel,
salemtwincities.com,1,Combo-squat: citi,
samsungmails.pw,1,Combo-squat: gmail,
samtekmetal.com,1,Combo-squat: meta,
sanfrancisco49ersproteamjerseys.com,1,Combo-squat: cisco,
sanfranciscoairductcleaning.us,1,Combo-squat: cisco,
sanfranciscochimneysweep.us,1,Combo-squat: cisco,
sanfranciscorehabhelpline.com,1,Combo-squat: cisco,
scalech.email,1,Combo-squat: scale,
scaleta.slmail.me,1,Combo-squat: scale,
scaletrai.xyz,1,Combo-squat: scale,
scaleup.show,1,Combo-squat: scale,
scaleyourads.com,1,Combo-squat: scale,
scities.pro,1,Combo-squat: citi,
sdfgmail.com,1,Combo-squat: gmail,
sdgf.zoomingabout.com,1,Combo-squat: zoom,
secondaryblock.ru,1,Combo-squat: block,
secundogmail.ru,1,Combo-squat: gmail,
securblockchain.net,1,Combo-squat: block,
secureblocktech.com,1,Combo-squat: block,
seigaterc.cf,1,Combo-squat: gate,
seigaterc.ga,1,Combo-squat: gate,
seigaterc.gq,1,Combo-squat: gate,
seigaterc.ml,1,Combo-squat: gate,
seigaterc.tk,1,Combo-squat: gate,
selfdestructingmail.com,1,Combo-squat: gmail,
selfdestructingmail.org,1,Combo-squat: gmail,
seo-google.site,1,Combo-squat: google,
serodiagmail.com,1,Combo-squat: gmail,
serverlessintelligence.com,1,Combo-squat: intel,
servicesfacebook.com,1,Combo-squat: facebook,
serwisapple.pl,1,Combo-squat: apple,
seslinokta.xyz,1,Combo-squat: okta,
sessionintel.com,1,Combo-squat: intel,
sgate.net,1,Combo-squat: gate,
sgmail.au,1,Combo-squat: gmail,
sgmail.web.id,1,Combo-squat: gmail,
sharonapple.com,1,Combo-squat: apple,
shenangovalleyareascalemodelers.com,1,Combo-squat: scale,
shiftsanfrancisco.com,1,Combo-squat: cisco,
shigakukan-hedjp.appleid.com,1,Combo-squat: apple,
shirtcitizens.com,1,Combo-squat: citi,
shopazure.vn,1,Combo-squat: azure,
shopifypakistan.org,1,Combo-squat: shopify,
shopifypurs.online,1,Combo-squat: shopify,
shopifypurs.shop,1,Combo-squat: shopify,
silicoflagmail.com,1,Combo-squat: gmail,
singmails.com,1,Combo-squat: gmail,
sintelautoparts.com,1,Combo-squat: intel,
skygmail.ml,1,Combo-squat: gmail,
skynetflix.xyz,1,Combo-squat: netflix,
slaappleks.info,1,Combo-squat: apple,
slack.best,1,Combo-squat: slack,
slugmail.ga,1,Combo-squat: gmail,
smartpurchaseus.com,1,Combo-squat: chase,
smartstripe.net,1,Combo-squat: stripe,
smtp.aspotgmail.org,1,Combo-squat: gmail,
smtp.cryptonews24h.xyz,1,Combo-squat: crypto,
smtp.liquidlogisticsmanagement.com,1,Combo-squat: liquid,
snugmail.net,1,Combo-squat: gmail,
softwareoracle.com,1,Combo-squat: oracle,
soktahu.my.id,1,Combo-squat: okta,
solutions.travelersinsurance.click,1,Combo-squat: travelers,
solvedbycitizens.com,1,Combo-squat: citi,
sometainia.site,1,Combo-squat: meta,
southgatetrucking.com,1,Combo-squat: gate,
spgmail.tk,1,Combo-squat: gmail,
spicetrade.ru,1,Combo-squat: etrade,
sporopollgmail.ru,1,Combo-squat: gmail,
spotify.best,1,Combo-squat: spotify,
spotifygenerator.com,1,Combo-squat: spotify,
spotifyindo.com,1,Combo-squat: spotify,
spotifymusic.com,1,Combo-squat: spotify,
spotifyreseller.biz,1,Combo-squat: spotify,
spotifyseller.co,1,Combo-squat: spotify,
spotifyupgrade.life,1,Combo-squat: spotify,
sso-demo-azure.com,1,Combo-squat: azure,
sso-demo-okta.com,1,Combo-squat: okta,
stabilitybetsnapp.xyz,1,Combo-squat: stability,
stabilitybettingsnapp.xyz,1,Combo-squat: stability,
standardcrypto.com,1,Combo-squat: crypto,
stargate1.com,1,Combo-squat: gate,
stargaterecords.com,1,Combo-squat: gate,
starmetalsatlanta.us,1,Combo-squat: meta,
startimetable.com,1,Combo-squat: meta,
sterley12.truckmetalworks.com,1,Combo-squat: meta,
steroidogmail.com,1,Combo-squat: gmail,
storegmail.com,1,Combo-squat: gmail,
storegmail.net,1,Combo-squat: gmail,
stripehitter.site,1,Combo-squat: stripe,
stripeitrite.net,1,Combo-squat: stripe,
stripers.live,1,Combo-squat: stripe,
stripers.website,1,Combo-squat: stripe,
stroymetals.ru,1,Combo-squat: meta,
studiouberhaupt.com,1,Combo-squat: uber,
submargmail.com,1,Combo-squat: gmail,
suhugatel.cf,1,Combo-squat: gate,
suhugatel.ga,1,Combo-squat: gate,
suhugatel.gq,1,Combo-squat: gate,
suhugatel.ml,1,Combo-squat: gate,
suhugatel.tk,1,Combo-squat: gate,
summergategroup.com,1,Combo-squat: gate,
supermetalart.com,1,Combo-squat: meta,
support.facebook.com,1,Combo-squat: facebook,
supremeairbnb.com,1,Combo-squat: airbnb,
surrogate-mothers.info,1,Combo-squat: gate,
surrogatemothercost.com,1,Combo-squat: gate,
swap-crypto.site,1,Combo-squat: crypto,
tab.zoomingabout.com,1,Combo-squat: zoom,
tagmail.cc,1,Combo-squat: gmail,
tagmail.online,1,Combo-squat: gmail,
tagmail.store,1,Combo-squat: gmail,
taokhienfacebook.com,1,Combo-squat: facebook,
taragateszgj7.store,1,Combo-squat: gate,
tcm.kkh-rinteln.de,1,Combo-squat: intel,
tcp-proxy-nlb-211686afad75e707.elb.us-east-1.amazonaws.com,1,Combo-squat: amazon,
teamliquid.org,1,Combo-squat: liquid,
telegmail.com,1,Combo-squat: gmail,
teligmail.online,1,Combo-squat: gmail,
teligmail.site,1,Combo-squat: gmail,
teligmail.store,1,Combo-squat: gmail,
tempblockchain.com,1,Combo-squat: block,
tempgmail.ga,1,Combo-squat: gmail,
tempmailbank.com,1,Combo-squat: lbank,
teslaenergyoptima.com,1,Combo-squat: tesla,
teslaexecutive.com,1,Combo-squat: tesla,
teslahome.sk,1,Combo-squat: tesla,
teslasteel.com,1,Combo-squat: tesla,
teslax.me,1,Combo-squat: tesla,
test.phantom-mail.io,1,Combo-squat: phantom,
thangapple.com,1,Combo-squat: apple,
thanksapple.com,1,Combo-squat: apple,
the-blockchainnews.xyz,1,Combo-squat: block,
the-cryptovipclub.site,1,Combo-squat: crypto,
the.ubergeek.ro,1,Combo-squat: uber,
thecisco.xyz,1,Combo-squat: cisco,
thecitiescafe.com,1,Combo-squat: citi,
thegatefirm.com,1,Combo-squat: gate,
theimagetrader.com,1,Combo-squat: etrade,
thelightningmail.net,1,Combo-squat: gmail,
theradicalprogressive.com,1,Combo-squat: progressive,
theroarroarwentzoom.xyz,1,Combo-squat: zoom,
thesimpletraders.com,1,Combo-squat: etrade,
thetorontosunnewstoday.com,1,Combo-squat: etoro,
thetradesmanlab.com,1,Combo-squat: etrade,
theupscalecircle.com,1,Combo-squat: scale,
thevisionmeta.com,1,Combo-squat: meta,
timgmail.com,1,Combo-squat: gmail,
todayamazonquiz.com,1,Combo-squat: amazon,
togetherwetrade.net,1,Combo-squat: etrade,
topgoogle.info,1,Combo-squat: google,
tornadobet11.net,1,Combo-squat: adobe,
tornadobet365.net,1,Combo-squat: adobe,
torontoincometax.com,1,Combo-squat: meta,
translate.google.com.au.aunmodon.com,1,Combo-squat: google,
travelers.co,1,Combo-squat: travelers,
travelersglossary.com,1,Combo-squat: travelers,
travelersinsurance.click,1,Combo-squat: travelers,
truckmetalworks.com,1,Combo-squat: meta,
truecryptorothira.com,1,Combo-squat: crypto,
truelovemetaphysical.com,1,Combo-squat: meta,
trungmetax.com,1,Combo-squat: meta,
trustatscale.com,1,Combo-squat: scale,
tubered.site,1,Combo-squat: uber,
tuberfml.com,1,Combo-squat: uber,
tuberkulez.info,1,Combo-squat: uber,
tubermail.com,1,Combo-squat: uber,
tugmail.store,1,Combo-squat: gmail,
tunningmail.gdn,1,Combo-squat: gmail,
turkishcitizenshipbyinvestments.com,1,Combo-squat: citi,
twincitiesoffice.com,1,Combo-squat: citi,
tyrauber.org,1,Combo-squat: uber,
u03.gmailmirror.com,1,Combo-squat: gmail,
u7ld8bcbsy.mailbo.store,1,Combo-squat: bcbs,
uber-mail.com,1,Combo-squat: uber,
uber333.com,1,Combo-squat: uber,
uber69route.com,1,Combo-squat: uber,
uberabit.com,1,Combo-squat: uber,
ubercollab.com,1,Combo-squat: uber,
uberdriver-taxi.ru,1,Combo-squat: uber,
ubergamers.net,1,Combo-squat: uber,
uberketing.com,1,Combo-squat: uber,
uberlandiacontabil.com.br,1,Combo-squat: uber,
uberlin.net,1,Combo-squat: uber,
ubermail.info,1,Combo-squat: uber,
ubermail39.info,1,Combo-squat: uber,
ubermember.com,1,Combo-squat: uber,
ubermore.com,1,Combo-squat: uber,
uberone.info,1,Combo-squat: uber,
uberpie.com,1,Combo-squat: uber,
uberrr.igg.biz,1,Combo-squat: uber,
ubersetzer.nyc,1,Combo-squat: uber,
uberu21.store,1,Combo-squat: uber,
uddyokta.com,1,Combo-squat: okta,
ugmail.com,1,Combo-squat: gmail,
uguf.gmail.keitin.site,1,Combo-squat: gmail,
ukraingate.news,1,Combo-squat: gate,
ukrainigate.news,1,Combo-squat: gate,
ultdeliquid.com,1,Combo-squat: liquid,
umail.com.google.cume.temp.emvil.e.mail.ru.thumoi.com,1,Combo-squat: google,
unblock.dog,1,Combo-squat: block,
unblockedgamesrun.com,1,Combo-squat: block,
unblockit.buzz,1,Combo-squat: block,
unblockit.club,1,Combo-squat: block,
unblockit.link,1,Combo-squat: block,
unblockproxy.one,1,Combo-squat: block,
unconquerableufml.ru,1,Combo-squat: quera,
unconqueramail.ru,1,Combo-squat: quera,
under.ucoz.net.youremailaddress.gmail.com.google.cume.temp.emvil.e.mail.ru.thumoi.com,1,Combo-squat: google,
undergmail.com,1,Combo-squat: gmail,
undergmail.net,1,Combo-squat: gmail,
unevangmail.ru,1,Combo-squat: gmail,
unintellimails.ru,1,Combo-squat: intel,
unitedhealthgroup.in,1,Combo-squat: unitedhealthgroup,
universablockchain.tech,1,Combo-squat: block,
unlockallnetflix.com,1,Combo-squat: netflix,
unslack.info,1,Combo-squat: slack,
unslack.org,1,Combo-squat: slack,
uphold.financial,1,Combo-squat: uphold,
upholdfinancial.financial,1,Combo-squat: uphold,
upholdfinancial.holdings,1,Combo-squat: uphold,
upholdfinancial.management,1,Combo-squat: uphold,
upholdfinancial.ventures,1,Combo-squat: uphold,
upholdpay.com,1,Combo-squat: uphold,
upscalebp.com,1,Combo-squat: scale,
upscalemediallc.com,1,Combo-squat: scale,
uptuber.info,1,Combo-squat: uber,
ureteroenterogmail.ru,1,Combo-squat: gmail,
ureterogmail.ru,1,Combo-squat: gmail,
urringmail.com,1,Combo-squat: gmail,
us.utukgmail.com,1,Combo-squat: gmail,
usaacrdmail.com,1,Combo-squat: usaa,
usaagents.com,1,Combo-squat: usaa,
usaairjordann.com,1,Combo-squat: usaa,
usbankinfo.info,1,Combo-squat: usbank,
ustabilitybettingsnapp.xyz,1,Combo-squat: stability,
ustilagmails.ru,1,Combo-squat: gmail,
utahmicrosoft.com,1,Combo-squat: microsoft,
uugmail.com,1,Combo-squat: gmail,
v3gate.net,1,Combo-squat: gate,
vanaller.truckmetalworks.com,1,Combo-squat: meta,
vanguardappraisal.com,1,Combo-squat: guarda,
velociticommunications.com,1,Combo-squat: citi,
velocities.space,1,Combo-squat: citi,
ventureintelligence.in,1,Combo-squat: intel,
vermontamazon.com,1,Combo-squat: amazon,
via-paypal.com,1,Combo-squat: paypal,
viameta.vn,1,Combo-squat: meta,
viascales.cf,1,Combo-squat: scale,
viascales.ga,1,Combo-squat: scale,
viascales.gq,1,Combo-squat: scale,
viascales.ml,1,Combo-squat: scale,
viascales.tk,1,Combo-squat: scale,
victoriagatecasino.co.uk,1,Combo-squat: gate,
vigorstratagem-intellectualwisdomwisdominsider.com,1,Combo-squat: intel,
villagegate.com,1,Combo-squat: gate,
virginiaintel.com,1,Combo-squat: intel,
virometa.xyz,1,Combo-squat: meta,
visby.apple.com,1,Combo-squat: apple,
vitellogmail.ru,1,Combo-squat: gmail,
vmaryus.iogmail.com.urbanban.com,1,Combo-squat: gmail,
vmgmails.com,1,Combo-squat: gmail,
voxregmail.online,1,Combo-squat: gmail,
vpsscaler.com,1,Combo-squat: scale,
vrce.zoomingabout.com,1,Combo-squat: zoom,
vtuber.fan,1,Combo-squat: uber,
vtuber365.com,1,Combo-squat: uber,
vtubercn.com,1,Combo-squat: uber,
vtuberlist.com,1,Combo-squat: uber,
vtuberlive.com,1,Combo-squat: uber,
vtubernews.com,1,Combo-squat: uber,
vtubershe.com,1,Combo-squat: uber,
vtuberworld.com,1,Combo-squat: uber,
vvgmail.com,1,Combo-squat: gmail,
wab-facebook.tk,1,Combo-squat: facebook,
wagmail.store,1,Combo-squat: gmail,
wameta.cloud,1,Combo-squat: meta,
wameta.xyz,1,Combo-squat: meta,
wap-facebook.ml,1,Combo-squat: facebook,
warehouseliquidations.com,1,Combo-squat: liquid,
waroengmail.app,1,Combo-squat: gmail,
waypayblock.com,1,Combo-squat: block,
webgmail.info,1,Combo-squat: gmail,
wellsfargoclassactionlawsuit.com,1,Combo-squat: wellsfargo,
wellsfargocomcardholders.com,1,Combo-squat: wellsfargo,
wesmumetapa.igg.biz,1,Combo-squat: meta,
westgatepavilion.co,1,Combo-squat: gate,
westgatereservas.com,1,Combo-squat: gate,
wgmail.my.id,1,Combo-squat: gmail,
whatiscryptocurrency.us,1,Combo-squat: crypto,
whispercities.org,1,Combo-squat: citi,
widenmeta.site,1,Combo-squat: meta,
window.adsbygoogle,1,Combo-squat: google,
wingcrypto.org,1,Combo-squat: crypto,
work4uber.us,1,Combo-squat: uber,
www.gmail.com.vay.kr,1,Combo-squat: gmail,
www.google.com.iki.kr,1,Combo-squat: google,
www.google.com.upy.kr,1,Combo-squat: google,
www.xmlucoznet.onmicrosoft.com.ya.ru.gmail.com.9227uu.com,1,Combo-squat: microsoft,
wwwmetatrader5.com,1,Combo-squat: meta,
xdgmail.com,1,Combo-squat: gmail,
xeasystabilitybetsnupp20.xyz,1,Combo-squat: stability,
xgmail.com,1,Combo-squat: gmail,
xgmail.my.id,1,Combo-squat: gmail,
xgmailoo.com,1,Combo-squat: gmail,
xmllucoznet.onmicrosoft.com.account.mail.ru.dayatan.host,1,Combo-squat: microsoft,
xn--blockchaj-t6a.com,1,Combo-squat: block,
xn--blockchan-n5a.site,1,Combo-squat: block,
xstabilitybettingsnapp.xyz,1,Combo-squat: stability,
xxgmail.com,1,Combo-squat: gmail,
xyzgmail.com,1,Combo-squat: gmail,
yadira.jaylyn.paris-gmail.top,1,Combo-squat: gmail,
yagatekimi.com,1,Combo-squat: gate,
yahogmail.com,1,Combo-squat: gmail,
yahoo.com.appleid.com,1,Combo-squat: apple,
yahoo.fr.appleid.com,1,Combo-squat: apple,
ygmail.pl,1,Combo-squat: gmail,
yt-google.com,1,Combo-squat: google,
yttgmail.space,1,Combo-squat: gmail,
yvelinesfr.appleid.com,1,Combo-squat: apple,
z0210.gmailmirror.com,1,Combo-squat: gmail,
zagmail.online,1,Combo-squat: gmail,
zagmail.store,1,Combo-squat: gmail,
zauberfeile.com,1,Combo-squat: uber,
zdfgmail.space,1,Combo-squat: gmail,
zengolar.xyz,1,Combo-squat: zengo,
zingmail.shop,1,Combo-squat: gmail,
zoom-ly.xyz,1,Combo-squat: zoom,
zoom.cd,1,Combo-squat: zoom,
zoom.teml.net,1,Combo-squat: zoom,
zoom163.cyou,1,Combo-squat: zoom,
zooma-casinohub.site,1,Combo-squat: zoom,
zooma-casinohub.website,1,Combo-squat: zoom,
zooma-casinorush.quest,1,Combo-squat: zoom,
zooma-casinorush.website,1,Combo-squat: zoom,
zooma-casinosphere.site,1,Combo-squat: zoom,
zooma-casinosphere.website,1,Combo-squat: zoom,
zooma-games.buzz,1,Combo-squat: zoom,
zooma-legends.top,1,Combo-squat: zoom,
zooma-play.buzz,1,Combo-squat: zoom,
zooma.skin,1,Combo-squat: zoom,
zoomafoo.info,1,Combo-squat: zoom,
zoomail.dk,1,Combo-squat: zoom,
zoomail.store,1,Combo-squat: zoom,
zoomaslots-fortune.top,1,Combo-squat: zoom,
zoombbearhota.xyz,1,Combo-squat: zoom,
zoombdcmi.shop,1,Combo-squat: zoom,
zoombie.servegame.com,1,Combo-squat: zoom,
zoomclick.online,1,Combo-squat: zoom,
zoomclick.ru,1,Combo-squat: zoom,
zoomdayinst.biz.id,1,Combo-squat: zoom,
zoomera.biz.id,1,Combo-squat: zoom,
zoomfield.my.id,1,Combo-squat: zoom,
zoomfm.ru,1,Combo-squat: zoom,
zoomial.info,1,Combo-squat: zoom,
zoomiex.space,1,Combo-squat: zoom,
zoomifyhub.sbs,1,Combo-squat: zoom,
zoomin-me.com,1,Combo-squat: zoom,
zoominaja.my.id,1,Combo-squat: zoom,
zoominroom.biz.id,1,Combo-squat: zoom,
zoomintens.com,1,Combo-squat: zoom,
zoominternet.com,1,Combo-squat: zoom,
zoomiun.com,1,Combo-squat: zoom,
zoomku.pro,1,Combo-squat: zoom,
zoomku.today,1,Combo-squat: zoom,
zoomm.site,1,Combo-squat: zoom,
zoomnation.info,1,Combo-squat: zoom,
zoomnavi.net,1,Combo-squat: zoom,
zoomnet.my.id,1,Combo-squat: zoom,
zoomofficechairs.co.uk,1,Combo-squat: zoom,
zoompro.fun,1,Combo-squat: zoom,
zooms.pro,1,Combo-squat: zoom,
zoomslug.com,1,Combo-squat: zoom,
zoomspace.biz.id,1,Combo-squat: zoom,
zoomx.cloudns.ph,1,Combo-squat: zoom,
zorameta.site,1,Combo-squat: meta,
zouber.site,1,Combo-squat: uber,
00o0sa0.cloud,2,Keyword: cloud,
01g.cloud,2,Keyword: cloud,
07ap.undeadbank.com,2,Keyword: bank,
09hr46c.saucent.online,2,Keyword: hr,
0bqe.undeadbank.com,2,Keyword: bank,
0nedrive.cf,2,Keyword: drive,
0nedrive.ga,2,Keyword: drive,
0nedrive.gq,2,Keyword: drive,
0nedrive.ml,2,Keyword: drive,
0nedrive.tk,2,Keyword: drive,
0pl.undeadbank.com,2,Keyword: bank,
0pxhhrcwli.mailbo.store,2,Keyword: hr,
0rf91fee17.mailbo.store,2,Keyword: fee,
0thc.undeadbank.com,2,Keyword: bank,
10.dns-cloud.net,2,Keyword: cloud,
1001savoirs.net,2,Keyword: irs,
1024.cloudns.org,2,Keyword: cloud,
10mintempmail.com,2,Keyword: mint,
10star.services,2,Keyword: service,
10vpn.info,2,Keyword: vpn,
1113770426.somsupport.xyz,2,Keyword: support,
1122fa.info,2,Keyword: 2fa,
11outlook.com,2,Keyword: outlook,
123.dns-cloud.net,2,Keyword: cloud,
125-jahre-kudamm.de,2,Keyword: hr,
12support.click,2,Keyword: support,
12supportteams.click,2,Keyword: support,
1337.cloudns.nz,2,Keyword: cloud,
1362.simplelogin.com,2,Keyword: login,
150ak.undeadbank.com,2,Keyword: bank,
15eeirsrjm.mailbo.store,2,Keyword: irs,
15sanhrfkg.mailbo.store,2,Keyword: hr,
161betlogin.info,2,Keyword: login,
163qq.cloud,2,Keyword: cloud,
16bankow.pl,2,Keyword: bank,
1709816632.somsupport.xyz,2,Keyword: support,
1776patriotsupportonline.com,2,Keyword: support,
1800banks.com,2,Keyword: bank,
1800numberservice.org,2,Keyword: service,
196fhrddzk.mailbo.store,2,Keyword: hr,
1drive.cf,2,Keyword: drive,
1drive.ga,2,Keyword: drive,
1drive.gq,2,Keyword: drive,
1firstdayofa.online,2,Keyword: irs,
1hl0i.undeadbank.com,2,Keyword: bank,
1mail.x24hr.com,2,Keyword: hr,
1nationservice.in,2,Keyword: service,
1netdrive.com,2,Keyword: drive,
1outlook.com,2,Keyword: outlook,
1s3hrljnoq.mailbo.store,2,Keyword: hr,
1safetyconstruction.com,2,Keyword: safe,
1shein.ph.cloud-ip.cc,2,Keyword: cloud,
1stcallsecurity.com,2,Keyword: security,
1stimme1schritt.com,2,Keyword: hr,
1vko8tax0w.mailbo.store,2,Keyword: tax,
1webmail.gdn,2,Keyword: webmail,
1webmail.info,2,Keyword: webmail,
1webmail.net,2,Keyword: webmail,
1webmail.xyz,2,Keyword: webmail,
1win-casino-spin-bitcoin.lat,2,Keyword: bitcoin,
1win-govno.buzz,2,Keyword: gov,
1win-nodeposit.buzz,2,Keyword: deposit,
1win-nodepositspin.buzz,2,Keyword: deposit,
2.safemail.cf,2,Keyword: safe,
2.safemail.tk,2,Keyword: safe,
20.dns-cloud.net,2,Keyword: cloud,
20.gov,2,Keyword: gov,
212staff.com,2,Keyword: staff,
2137.cloud,2,Keyword: cloud,
222winlogin.net,2,Keyword: login,
22ov17gzgebhrl.cf,2,Keyword: hr,
22ov17gzgebhrl.gq,2,Keyword: hr,
22ov17gzgebhrl.ml,2,Keyword: hr,
22ov17gzgebhrl.tk,2,Keyword: hr,
23uahrhezc.mailbo.store,2,Keyword: hr,
24hrcabling.com,2,Keyword: hr,
24hrcalladoctor.info,2,Keyword: hr,
24hrcallmd.info,2,Keyword: hr,
24hrphoneadoc.info,2,Keyword: hr,
24hrphoneamd.info,2,Keyword: hr,
24hrsmeds.com,2,Keyword: hr,
24hrsofsales.com,2,Keyword: hr,
24hrsshipping.com,2,Keyword: hr,
24support.click,2,Keyword: support,
29betlogin.info,2,Keyword: login,
2bta.undeadbank.com,2,Keyword: bank,
2busnhrjqj.mailbo.store,2,Keyword: hr,
2csx2fasn6.mailbo.store,2,Keyword: 2fa,
2fa.8shield.net,2,Keyword: 2fa,
2fa.vn,2,Keyword: 2fa,
2hryhaks3o.mailbo.store,2,Keyword: hr,
2ke9xd7fee.mailbo.store,2,Keyword: fee,
2mailcloud.com,2,Keyword: cloud,
2mzhrmp3yq.mailbo.store,2,Keyword: hr,
2nd.simplelogin.com,2,Keyword: login,
2ndchancesyouthservices.com,2,Keyword: service,
2outlook.com,2,Keyword: outlook,
2phcasinologin.net,2,Keyword: login,
2qhr6vj3bq.mailbo.store,2,Keyword: hr,
2rhr8il233.mailbo.store,2,Keyword: hr,
2vxdfeeg6n.mailbo.store,2,Keyword: fee,
30.dns-cloud.net,2,Keyword: cloud,
30icloud.com,2,Keyword: cloud,
3141.simplelogin.com,2,Keyword: login,
32bpbyhrut.mailbo.store,2,Keyword: hr,
33czy609.simplelogin.com,2,Keyword: login,
360.delivery,2,Keyword: delivery,
399betlogin.info,2,Keyword: login,
3c3suug8hr.mailbo.store,2,Keyword: hr,
3d-secure.8shield.net,2,Keyword: secure,
3hrb9j5sqf.mailbo.store,2,Keyword: hr,
3ohwhrgn.website,2,Keyword: hr,
3parhreybm.mailbo.store,2,Keyword: hr,
3pjhrdyaoy.mailbo.store,2,Keyword: hr,
417homesservices.xyz,2,Keyword: service,
41plusdrive.xyz,2,Keyword: drive,
43daydrive.xyz,2,Keyword: drive,
43designdrive.xyz,2,Keyword: drive,
456.dns-cloud.net,2,Keyword: cloud,
46designdrive.xyz,2,Keyword: drive,
48hr.email,2,Keyword: hr,
49daydrive.xyz,2,Keyword: drive,
49hrqfqqgt.mailbo.store,2,Keyword: hr,
49thcoffee.club,2,Keyword: fee,
4a.undeadbank.com,2,Keyword: bank,
4banking.com,2,Keyword: banking,
4bfx2hrhyj.mailbo.store,2,Keyword: hr,
4cloud47.xyz,2,Keyword: cloud,
4coffee.com,2,Keyword: fee,
4delivery.com,2,Keyword: delivery,
4fdfeetves.mailbo.store,2,Keyword: fee,
4homesafety.com,2,Keyword: safe,
4m.undeadbank.com,2,Keyword: bank,
4safety.com,2,Keyword: safe,
4search.services,2,Keyword: service,
4security.ru,2,Keyword: security,
4securityguards.com,2,Keyword: security,
4taxes.com,2,Keyword: tax,
4tw3bcwkhr.mailbo.store,2,Keyword: hr,
4up3vtaxujpdm2.cf,2,Keyword: tax,
4up3vtaxujpdm2.ga,2,Keyword: tax,
4up3vtaxujpdm2.gq,2,Keyword: tax,
4up3vtaxujpdm2.ml,2,Keyword: tax,
4up3vtaxujpdm2.tk,2,Keyword: tax,
4wardi.cloud,2,Keyword: cloud,
4yabsgphrm.mailbo.store,2,Keyword: hr,
5.cuavpn.tk,2,Keyword: vpn,
52lotterylogin.com,2,Keyword: login,
54hr5wu8vw.mailbo.store,2,Keyword: hr,
5clouddomain.com,2,Keyword: cloud,
5hrink.click,2,Keyword: hr,
5mqziirsvw.mailbo.store,2,Keyword: irs,
5urhrt.us,2,Keyword: hr,
5vpn1dg22o.mailbo.store,2,Keyword: vpn,
666winapplogin.com,2,Keyword: login,
6ha7.undeadbank.com,2,Keyword: bank,
6hr2hec.cse445.com,2,Keyword: hr,
6hrs.cc,2,Keyword: hr,
6kmfaty0eh.mailbo.store,2,Keyword: mfa,
6mfay0duj5.mailbo.store,2,Keyword: mfa,
6tvuslimfa.mailbo.store,2,Keyword: mfa,
6wichrfxqm.mailbo.store,2,Keyword: hr,
72hremergencypack.com,2,Keyword: hr,
73betlogin.info,2,Keyword: login,
73wire.com,2,Keyword: wire,
750shipping.com,2,Keyword: shipping,
789.dns-cloud.net,2,Keyword: cloud,
78ihrppvoi.mailbo.store,2,Keyword: hr,
7bhr.cse445.com,2,Keyword: hr,
7csthrive.com,2,Keyword: hr,
7e42hrmxv14s.best,2,Keyword: hr,
7gga.undeadbank.com,2,Keyword: bank,
7hrbiz4q6f.mailbo.store,2,Keyword: hr,
7jlbc2ijhr.mailbo.store,2,Keyword: hr,
7kujz1hrle.mailbo.store,2,Keyword: hr,
7outlook.com,2,Keyword: outlook,
7p29u3zshrfe.com,2,Keyword: hr,
7pnhrozsad.mailbo.store,2,Keyword: hr,
7sdfhryw.igg.biz,2,Keyword: hr,
7vh.undeadbank.com,2,Keyword: bank,
7wuzirss3c.mailbo.store,2,Keyword: irs,
8000nkejhr.mailbo.store,2,Keyword: hr,
84lhrs8q39.mailbo.store,2,Keyword: hr,
888.dns-cloud.net,2,Keyword: cloud,
889betlogin.net,2,Keyword: login,
88cloud.cc,2,Keyword: cloud,
88cz.undeadbank.com,2,Keyword: bank,
88org.cloudns.org,2,Keyword: cloud,
8avqxhrc6p.mailbo.store,2,Keyword: hr,
8hrfx372qx.mailbo.store,2,Keyword: hr,
8rhhrze8zx.mailbo.store,2,Keyword: hr,
8v8ouxhjhr.mailbo.store,2,Keyword: hr,
91clublogingame.net,2,Keyword: login,
92glorylogin.net,2,Keyword: login,
92qhrcgltu.mailbo.store,2,Keyword: hr,
99vpn.best,2,Keyword: vpn,
99winlogin.net,2,Keyword: login,
9cdhrx7.cse445.com,2,Keyword: hr,
9iamnkhryw.mailbo.store,2,Keyword: hr,
9nsxe1qshr.mailbo.store,2,Keyword: hr,
a-great-taxprep.fyi,2,Keyword: tax,
a-href.ru,2,Keyword: hr,
a.fm.cloudns.nz,2,Keyword: cloud,
a.itemalerts.com,2,Keyword: alert,
a.poisedtoshrike.com,2,Keyword: hr,
a.safe-mail.gq,2,Keyword: safe,
a.z9.cloudns.nz,2,Keyword: cloud,
a01.simplelogin.com,2,Keyword: login,
a1b2.cloudns.ph,2,Keyword: cloud,
a3service.ru,2,Keyword: service,
a3vhi.undeadbank.com,2,Keyword: bank,
aa.chrum.me,2,Keyword: hr,
aa6mfhr4ol.mailbo.store,2,Keyword: hr,
aakashrelan.com,2,Keyword: hr,
abanksat.us,2,Keyword: bank,
abaspolybank.com,2,Keyword: bank,
abb.dns-cloud.net,2,Keyword: cloud,
abc8viplogin.com,2,Keyword: login,
abednegocoffee.org,2,Keyword: fee,
abetterlifethroughchrist.com,2,Keyword: hr,
abhretyfo.site,2,Keyword: hr,
abi79.simplelogin.com,2,Keyword: login,
abmultitax.com,2,Keyword: tax,
abmushroom.com,2,Keyword: hr,
about.poisedtoshrike.com,2,Keyword: hr,
abusarim.simplelogin.com,2,Keyword: login,
abusea.online,2,Keyword: abuse,
abusedb.net,2,Keyword: abuse,
abuseipdb.ru,2,Keyword: abuse,
abuseknowledge.info,2,Keyword: abuse,
abuselist.com,2,Keyword: abuse,
abusemail.de,2,Keyword: abuse,
abuser.eu,2,Keyword: abuse,
aby1t9ihru.mailbo.store,2,Keyword: hr,
abzaretehran.com,2,Keyword: hr,
ac.sensi.cloudns.be,2,Keyword: cloud,
academybankmw.com,2,Keyword: bank,
acc-me.simplelogin.com,2,Keyword: login,
accessecurity.com,2,Keyword: security,
acchroma.com,2,Keyword: hr,
acclaimwe.us,2,Keyword: claim,
accloud.click,2,Keyword: cloud,
accmt-servicefundsprefer.com,2,Keyword: service,
accompanyyyyyyy.services,2,Keyword: service,
account-3dverify.ga,2,Keyword: verify,
accounts-login.ga,2,Keyword: login,
accountsadtracker.com,2,Keyword: track,
accountsafe.de,2,Keyword: safe,
accountscenter.support,2,Keyword: support,
accountssb.simplelogin.com,2,Keyword: login,
accs.simplelogin.com,2,Keyword: login,
aceh.coffee,2,Keyword: fee,
acemovingservices.com,2,Keyword: service,
acgvpn.com,2,Keyword: vpn,
achromaemail.ru,2,Keyword: hr,
achromml.ru,2,Keyword: hr,
achromnmail.com,2,Keyword: hr,
acidrefluxdiseasecure.com,2,Keyword: secure,
acreno.services,2,Keyword: service,
acrylicchairs.org,2,Keyword: irs,
acttruckstaffing.us,2,Keyword: staff,
acutechrealty.org,2,Keyword: hr,
ad-survey.simplelogin.com,2,Keyword: login,
adaandbitcoin.com,2,Keyword: bitcoin,
adanademirsporkulubu.xyz,2,Keyword: irs,
adaptix.cloud,2,Keyword: cloud,
adcloud.us,2,Keyword: cloud,
adcsdsds.cloud,2,Keyword: cloud,
addressunlock.com,2,Keyword: unlock,
adelarthra.best,2,Keyword: hr,
adgrant.services,2,Keyword: service,
adhgdksfkyts102.cloud,2,Keyword: cloud,
adhreez.xyz,2,Keyword: hr,
admeliora.cloud,2,Keyword: cloud,
admin-jg.com,2,Keyword: admin,
admin-panels.xyz,2,Keyword: admin,
admin-pt.com,2,Keyword: admin,
admin-ru.ru,2,Keyword: admin,
admin.dropmail.me,2,Keyword: admin,
admin.i5wed.com,2,Keyword: admin,
admin.thanhori.click,2,Keyword: admin,
admin4cloud.net,2,Keyword: admin,
adminalsoonline.club,2,Keyword: admin,
adminator.ru,2,Keyword: admin,
adminceo.4wrd.cc,2,Keyword: admin,
admindagelan.igg.biz,2,Keyword: admin,
adminiecqp.online,2,Keyword: admin,
adminiecqp.ru,2,Keyword: admin,
adminis.ru,2,Keyword: admin,
administeemail.ru,2,Keyword: admin,
administmail.com,2,Keyword: admin,
administraemail.ru,2,Keyword: admin,
administramail.ru,2,Keyword: admin,
administramails.ru,2,Keyword: admin,
administraplus.delivery,2,Keyword: admin,
administratiemedewerkers.com,2,Keyword: admin,
administration.mailbo.store,2,Keyword: admin,
administrativo.world,2,Keyword: admin,
adminlette.org,2,Keyword: admin,
admins.page,2,Keyword: admin,
admint.club,2,Keyword: mint,
admintest.com,2,Keyword: mint,
admintong.win,2,Keyword: mint,
admintoplist.com,2,Keyword: mint,
adminunlimitedllc.com,2,Keyword: admin,
adolescenteatingdisorderplan.com,2,Keyword: order,
adolescenteatingdisorderprogram.com,2,Keyword: order,
adolescenteatingdisorderprogramreviews.com,2,Keyword: order,
adolescenteatingdisorderprograms.com,2,Keyword: order,
adolescenteatingdisordertreatmentcenters.com,2,Keyword: order,
adrewire.com,2,Keyword: wire,
adriana.evelin.kyoto-webmail.top,2,Keyword: webmail,
adriveriep.com,2,Keyword: drive,
adry.cloud,2,Keyword: cloud,
adsfafgas.cloud,2,Keyword: cloud,
adsordering.com,2,Keyword: order,
advertisingpro.cloud,2,Keyword: cloud,
ae0ohr3dmi.mailbo.store,2,Keyword: hr,
aefeebie.cf,2,Keyword: fee,
aefeebie.ga,2,Keyword: fee,
aefeebie.tk,2,Keyword: fee,
aeorder.us,2,Keyword: order,
aergaqq.cloud,2,Keyword: cloud,
aerobicservice.com,2,Keyword: service,
aes55.webmail24.vip,2,Keyword: webmail,
aevpn.tech,2,Keyword: vpn,
afeeyah.store,2,Keyword: fee,
affairsa.online,2,Keyword: irs,
affairsprofiles.com,2,Keyword: irs,
affiliatebreakthrough.com,2,Keyword: hr,
afirst.site,2,Keyword: irs,
africanamerican-hairstyles.org,2,Keyword: irs,
ag.gov.au.muzhskaiatema.com,2,Keyword: gov,
agdsfhgfdjsdfg101.cloud,2,Keyword: cloud,
agdssgdgg1002.cloud,2,Keyword: cloud,
agent.poisedtoshrike.com,2,Keyword: hr,
agentshipping.com,2,Keyword: shipping,
aghrskqoem.mailbo.store,2,Keyword: hr,
agilis.cloud,2,Keyword: cloud,
agndhewd.cloud,2,Keyword: cloud,
agonirsmail.ru,2,Keyword: irs,
agoston.simplelogin.com,2,Keyword: login,
agovol.cf,2,Keyword: gov,
agovol.gq,2,Keyword: gov,
agri-bank.net,2,Keyword: bank,
ahasdmd.cloud,2,Keyword: cloud,
ahememdndddd.cloud,2,Keyword: cloud,
ahgnmedhew.cloud,2,Keyword: cloud,
ahjmemdjed.cloud,2,Keyword: cloud,
ahmadahmad.cloud,2,Keyword: cloud,
ahmadggaeg101.cloud,2,Keyword: cloud,
ahmadggagkw101.cloud,2,Keyword: cloud,
ahmadggaweg100.cloud,2,Keyword: cloud,
ahmadgghfk14.cloud,2,Keyword: cloud,
ahmadgghsw862.cloud,2,Keyword: cloud,
ahmadhamed.cloud,2,Keyword: cloud,
ahmadmod.cloud,2,Keyword: cloud,
ahmadne.cloud,2,Keyword: cloud,
ahmdnedhhfhh.cloud,2,Keyword: cloud,
ahmed211.cloud,2,Keyword: cloud,
ahmed805171.cloud,2,Keyword: cloud,
ahmedadhsggg159.cloud,2,Keyword: cloud,
ahmedaggg864.cloud,2,Keyword: cloud,
ahmedahgag852.cloud,2,Keyword: cloud,
ahmedbakr.cloud,2,Keyword: cloud,
ahmedbakr200.cloud,2,Keyword: cloud,
ahmeddggsdfg100.cloud,2,Keyword: cloud,
ahmedexe.cloud,2,Keyword: cloud,
ahmedggad101.cloud,2,Keyword: cloud,
ahmedggadfg108.cloud,2,Keyword: cloud,
ahmedggadkh108.cloud,2,Keyword: cloud,
ahmedggadsgs10.cloud,2,Keyword: cloud,
ahmedggadt102.cloud,2,Keyword: cloud,
ahmedggah123.cloud,2,Keyword: cloud,
ahmedggahas.cloud,2,Keyword: cloud,
ahmedggahd258.cloud,2,Keyword: cloud,
ahmedggahg18.cloud,2,Keyword: cloud,
ahmedggahja58.cloud,2,Keyword: cloud,
ahmedggarf100.cloud,2,Keyword: cloud,
ahmedggas128.cloud,2,Keyword: cloud,
ahmedggasj14.cloud,2,Keyword: cloud,
ahmedggasyh13.cloud,2,Keyword: cloud,
ahmedggeg100.cloud,2,Keyword: cloud,
ahmedggfgdhy100.cloud,2,Keyword: cloud,
ahmedggghfs10.cloud,2,Keyword: cloud,
ahmedggha12.cloud,2,Keyword: cloud,
ahmedgghdreas10.cloud,2,Keyword: cloud,
ahmedgghrs103.cloud,2,Keyword: hr,
ahmedgghrs15.cloud,2,Keyword: hr,
ahmedgghswj258.cloud,2,Keyword: cloud,
ahmedggkhjf10.cloud,2,Keyword: cloud,
ahmedggmd01.cloud,2,Keyword: cloud,
ahmedggmdak17.cloud,2,Keyword: cloud,
ahmedggsdhffg121.cloud,2,Keyword: cloud,
ahmedggsdhfg100.cloud,2,Keyword: cloud,
ahmedggsg741.cloud,2,Keyword: cloud,
ahmedggslfja180.cloud,2,Keyword: cloud,
ahmedggssdfhdf153.cloud,2,Keyword: cloud,
ahmedsafo.cloud,2,Keyword: cloud,
ahmedyhyhee.cloud,2,Keyword: cloud,
ahmeeedkole.cloud,2,Keyword: cloud,
ahmefsf.cloud,2,Keyword: cloud,
ahndhasde.cloud,2,Keyword: cloud,
ahnnmedmehd.cloud,2,Keyword: cloud,
ahrefto.site,2,Keyword: hr,
ahrixthinh.net,2,Keyword: hr,
ahrnsd.site,2,Keyword: hr,
ahrr59qtdff98asg5k.cf,2,Keyword: hr,
ahrr59qtdff98asg5k.ga,2,Keyword: hr,
ahrr59qtdff98asg5k.gq,2,Keyword: hr,
ahrr59qtdff98asg5k.ml,2,Keyword: hr,
ahrr59qtdff98asg5k.tk,2,Keyword: hr,
ahrt.email,2,Keyword: hr,
ahtnafacilityservices.com,2,Keyword: service,
ahtnaprofessionalservices.com,2,Keyword: service,
ahtnaprofessionalservices.net,2,Keyword: service,
ai.aax.cloudns.asia,2,Keyword: cloud,
ai.mintemail.com,2,Keyword: mint,
aichristmas.xyz,2,Keyword: hr,
aiidriver.icu,2,Keyword: drive,
aiirshare.com,2,Keyword: irs,
airbexdelivery.com,2,Keyword: delivery,
airconditioningservicetampafl.com,2,Keyword: service,
airdrop.ooguy.com,2,Keyword: airdrop,
airdrop.theworkpc.com,2,Keyword: airdrop,
airdropnftvn.xyz,2,Keyword: airdrop,
airport-transfers-malaga.com,2,Keyword: transfer,
airportstransfer.shop,2,Keyword: transfer,
airportstransfer.xyz,2,Keyword: transfer,
airporttaxisinloughborough.org,2,Keyword: tax,
airporttaxisinquorn.org,2,Keyword: tax,
airporttransfershuttles.com,2,Keyword: transfer,
airporttransfersistanbul.net,2,Keyword: transfer,
airs.ll47.net,2,Keyword: irs,
airshow-unlimited.com,2,Keyword: irs,
airshowmax.us,2,Keyword: irs,
airsight.app,2,Keyword: irs,
airsmtp.com,2,Keyword: irs,
airsofa.icu,2,Keyword: irs,
airsoftshooters.com,2,Keyword: irs,
airspaskeb.space,2,Keyword: irs,
airsport.top,2,Keyword: irs,
airsuspension.com,2,Keyword: irs,
airsworld.net,2,Keyword: irs,
aj6pmzhrjr.mailbo.store,2,Keyword: hr,
ajirs.site,2,Keyword: irs,
ak.mintemail.com,2,Keyword: mint,
akirbs.cloud,2,Keyword: cloud,
akitaxe.eu,2,Keyword: tax,
akjudjh.cloud,2,Keyword: cloud,
akserviceonline.com,2,Keyword: service,
alaali.cloud,2,Keyword: cloud,
alancate.cloud,2,Keyword: cloud,
albanychristianspirit.com,2,Keyword: hr,
alcohrsmail.ru,2,Keyword: hr,
aldeanvynes.cloud,2,Keyword: cloud,
alefachria854.ml,2,Keyword: hr,
alert-cellphone.club,2,Keyword: alert,
alert-cleaner.club,2,Keyword: alert,
alert-cleaner1.site,2,Keyword: alert,
alert-fixer.club,2,Keyword: alert,
alert-phone.club,2,Keyword: alert,
alert.ong,2,Keyword: alert,
alert24userlk.bar,2,Keyword: alert,
alertbus.org,2,Keyword: alert,
alertdeviceregistration-secure.com,2,Keyword: alert,
alerted-device.registered.com,2,Keyword: alert,
alertslit.top,2,Keyword: alert,
aleveldegree.simplelogin.com,2,Keyword: login,
alexdrivers00.ru,2,Keyword: drive,
alexdrivers2013.ru,2,Keyword: drive,
alias.odell.cloud,2,Keyword: cloud,
aliclaim.click,2,Keyword: claim,
alimoh.cloud,2,Keyword: cloud,
alinedal.cloud,2,Keyword: cloud,
aliorder.pro,2,Keyword: order,
aliorder.ru,2,Keyword: order,
alitsecure.site,2,Keyword: secure,
allbitcoinjobs.com,2,Keyword: bitcoin,
allchristianlouboutinshoesusa.us,2,Keyword: hr,
alledoewservices.com,2,Keyword: service,
allmetrotax.com,2,Keyword: tax,
allmyemployees.net,2,Keyword: employee,
allphasesecurity.com,2,Keyword: security,
allsoftwareservices.com,2,Keyword: service,
allthreefitness.com,2,Keyword: hr,
allwynrefunds.com,2,Keyword: refund,
aloshahreketab.org,2,Keyword: hr,
alphonsebathrick.com,2,Keyword: hr,
alpilenorder.site,2,Keyword: order,
alv2hrwpt8.mailbo.store,2,Keyword: hr,
alydian.simplelogin.com,2,Keyword: login,
amazingchristmasgiftideas.com,2,Keyword: hr,
amdphrepaulezz.anonaddy.me,2,Keyword: hr,
americasserviceline.com,2,Keyword: service,
amiran-services.com,2,Keyword: service,
amistaff.com,2,Keyword: staff,
amplewallet.com,2,Keyword: wallet,
amyhref.com,2,Keyword: hr,
anaphr.com,2,Keyword: hr,
anaphrml.ru,2,Keyword: hr,
ancestryacademy.cloud,2,Keyword: cloud,
anchorandthread.net,2,Keyword: hr,
anchrisbaton.acmetoy.com,2,Keyword: hr,
ancientbank.com,2,Keyword: bank,
and.poisedtoshrike.com,2,Keyword: hr,
andbitcoins.com,2,Keyword: bitcoin,
andhra2america.com,2,Keyword: hr,
andia.services,2,Keyword: service,
andrivers.com,2,Keyword: drive,
andychris.us,2,Keyword: hr,
andysairsoft.com,2,Keyword: irs,
angel-bank.com,2,Keyword: bank,
angelasupport.com,2,Keyword: support,
anggahrm.web.id,2,Keyword: hr,
angiehomeservices.com,2,Keyword: service,
annazahra.cf,2,Keyword: hr,
anonymousfeedback.net,2,Keyword: fee,
anorexiasupport.net,2,Keyword: support,
anotherchriscarter.com,2,Keyword: hr,
ansbanks.ru,2,Keyword: bank,
antabuse.website,2,Keyword: abuse,
antabuse247.video,2,Keyword: abuse,
anthracoml.ru,2,Keyword: hr,
anthroarts.com,2,Keyword: hr,
anthroarts.net,2,Keyword: hr,
anthromga3808.lofteone.ru,2,Keyword: hr,
anthropocentriruby.ru,2,Keyword: hr,
anthropocentsemail.com,2,Keyword: hr,
anthropoemail.ru,2,Keyword: hr,
anthropogeic.com,2,Keyword: hr,
anthropologycommunity.com,2,Keyword: hr,
anthropometfml.ru,2,Keyword: hr,
anthropomfmk.com,2,Keyword: hr,
anthropomoemail.ru,2,Keyword: hr,
anthropomomail.com,2,Keyword: hr,
anthropophanmail.com,2,Keyword: hr,
anthropophfml.com,2,Keyword: hr,
anthropopmofml.ru,2,Keyword: hr,
anthroposimail.ru,2,Keyword: hr,
anthroposomail.ru,2,Keyword: hr,
antichrfml.ru,2,Keyword: hr,
antigovimail.ru,2,Keyword: gov,
antiquebarberchairs.org,2,Keyword: irs,
antirsmail.ru,2,Keyword: irs,
antminers.cloud,2,Keyword: cloud,
antony.simplelogin.com,2,Keyword: login,
anxietydisorders.biz,2,Keyword: order,
anycloudapp.com,2,Keyword: cloud,
anyoptionerfahrungen.net,2,Keyword: hr,
anythingego.cloudns.org,2,Keyword: cloud,
aogservices.com,2,Keyword: service,
aowvihrm.shop,2,Keyword: hr,
apcleaningjservice.org,2,Keyword: service,
apexcloud.xyz,2,Keyword: cloud,
aphroditehalfmarathon.com,2,Keyword: hr,
aphromail.com,2,Keyword: hr,
aplikasi.mywire.org,2,Keyword: wire,
apollo.simplelogin.com,2,Keyword: login,
apollodjservice.com,2,Keyword: service,
apollosclouds.com,2,Keyword: cloud,
app.poisedtoshrike.com,2,Keyword: hr,
apparel.cheristimegister.cloud,2,Keyword: cloud,
appdeliverynetworks.com,2,Keyword: delivery,
appliancerepairburbank.com,2,Keyword: bank,
applianceserviceshouston.com,2,Keyword: service,
apps.health.ny.gov.smtp.wappay.xyz,2,Keyword: gov,
apps.heatl.ny.gov.smtp.wappay.xyz,2,Keyword: gov,
appstrackr.cd,2,Keyword: track,
apptaxiperu.com,2,Keyword: tax,
apptrackernow.com,2,Keyword: track,
aq.mintemail.com,2,Keyword: mint,
aq6p0khrwe.mailbo.store,2,Keyword: hr,
arablawyer.services,2,Keyword: service,
archrarefile.site,2,Keyword: hr,
archrarefiles.site,2,Keyword: hr,
archrarelib.site,2,Keyword: hr,
archraretext.site,2,Keyword: hr,
argorouting4.com,2,Keyword: routing,
ariva.services,2,Keyword: service,
arkehr.info,2,Keyword: hr,
arlingtonwire.com,2,Keyword: wire,
armfatfast.com,2,Keyword: mfa,
armstrongconcreteservices.com,2,Keyword: service,
army.gov,2,Keyword: gov,
array.poisedtoshrike.com,2,Keyword: hr,
arsindo.cloud,2,Keyword: cloud,
arthritisxpert.com,2,Keyword: hr,
arthroaemail.com,2,Keyword: hr,
arthrorenov.com,2,Keyword: hr,
aryavpn.site,2,Keyword: vpn,
arzcloud.shop,2,Keyword: cloud,
as.poisedtoshrike.com,2,Keyword: hr,
asadanin.simplelogin.com,2,Keyword: login,
asafdsgadghaddfsg10.cloud,2,Keyword: cloud,
asafdsgadghadsg1.cloud,2,Keyword: cloud,
asafdsgadghadsgfg101.cloud,2,Keyword: cloud,
asassom.cloud,2,Keyword: cloud,
asdf.simplelogin.com,2,Keyword: login,
asdfcw.cloud,2,Keyword: cloud,
asdfhuw.cloud,2,Keyword: cloud,
asdghasfdh.cloud,2,Keyword: cloud,
asdyfuyi.cloud,2,Keyword: cloud,
aseyreirtiruyewire.co.tv,2,Keyword: wire,
asffhdjkjads5.cloud,2,Keyword: cloud,
asgrfdjdc.cloud,2,Keyword: cloud,
ashgfkghsdfgas100.cloud,2,Keyword: cloud,
ashmaeddfhdfhjfdj100.cloud,2,Keyword: cloud,
ashmaeddfhgfks101.cloud,2,Keyword: cloud,
ashmaedggasdfg100.cloud,2,Keyword: cloud,
ashrraf.site,2,Keyword: hr,
asiaunited.cloud,2,Keyword: cloud,
asiavpn.me,2,Keyword: vpn,
asioservices.fr,2,Keyword: service,
asjgfdqwetd159.cloud,2,Keyword: cloud,
askfirsthand.net,2,Keyword: irs,
askfirsthand.org,2,Keyword: irs,
asli.cloud,2,Keyword: cloud,
asn.services,2,Keyword: service,
asopenhrs.com,2,Keyword: hr,
aspenshipping.com,2,Keyword: shipping,
aspirefinancialservice.com,2,Keyword: service,
assecurity.com,2,Keyword: security,
assettracking.io,2,Keyword: track,
assist-nets-secure.net,2,Keyword: secure,
assist.thewisetransfer.click,2,Keyword: transfer,
assist.wetransfer.click,2,Keyword: transfer,
asteimmobiliarialert.org,2,Keyword: alert,
astonishresults.com,2,Keyword: hr,
astralbound.simplelogin.com,2,Keyword: login,
aszxsfgg.cloud,2,Keyword: cloud,
at0uhr9ybe.mailbo.store,2,Keyword: hr,
atarahrey.com,2,Keyword: hr,
atasehirsuit.com,2,Keyword: irs,
atgeeded.cloud,2,Keyword: cloud,
atisecuritysystems.us,2,Keyword: security,
atkirson.press,2,Keyword: irs,
atoz.support,2,Keyword: support,
atramentalservices.com,2,Keyword: service,
atrzykpdhr.mailbo.store,2,Keyword: hr,
attacks.cloud,2,Keyword: cloud,
attax.site,2,Keyword: tax,
attention-message.support,2,Keyword: support,
attention.support,2,Keyword: support,
attfreak.cloud,2,Keyword: cloud,
attpaygopayment.com,2,Keyword: payment,
attruckingservices.net,2,Keyword: service,
au.mintemail.com,2,Keyword: mint,
au3.support,2,Keyword: support,
audio.delivery,2,Keyword: delivery,
audiz.cloud,2,Keyword: cloud,
aurawire.com,2,Keyword: wire,
auscloudbackup.com.au,2,Keyword: cloud,
autdrive.com,2,Keyword: drive,
auth.simplelogin.com,2,Keyword: login,
auth2fa.com,2,Keyword: 2fa,
authenticate.simplelogin.com,2,Keyword: authenticate,
authenticpayments.net,2,Keyword: payment,
autobirsmail.ru,2,Keyword: irs,
autocloud49.xyz,2,Keyword: cloud,
autoimmunedisorderblog.info,2,Keyword: order,
autoschrsmail.ru,2,Keyword: hr,
autotrackeranalyzer.com,2,Keyword: track,
autowallet.bet,2,Keyword: wallet,
av.jpn.support.panasonic.smtp.huuduc8404.xyz,2,Keyword: support,
avalonminer.cloud,2,Keyword: cloud,
avalonsol.cloud,2,Keyword: cloud,
avatarian.cloud,2,Keyword: cloud,
avenirshoes.ru,2,Keyword: irs,
avito-repayment.online,2,Keyword: payment,
avito-safe-order.online,2,Keyword: order,
avito-safe.online,2,Keyword: safe,
avitosafe.online,2,Keyword: safe,
avr.estaxy.com,2,Keyword: tax,
avr.wirelax.com,2,Keyword: wire,
avtoservis-chrysler.ru,2,Keyword: hr,
awardnningodad.cloud,2,Keyword: cloud,
awchronran.cf,2,Keyword: hr,
awchronran.ga,2,Keyword: hr,
awchronran.gq,2,Keyword: hr,
awchronran.ml,2,Keyword: hr,
awcloud.usa.cc,2,Keyword: cloud,
awewallet.com,2,Keyword: wallet,
awkuhrlryv.mailbo.store,2,Keyword: hr,
ax9hrlrqi4.mailbo.store,2,Keyword: hr,
axcenze.cloud,2,Keyword: cloud,
axisbank.co,2,Keyword: bank,
ayeshageneralservices.com,2,Keyword: service,
ayurvedayogashram.com,2,Keyword: hr,
azdocushred.com,2,Keyword: hr,
azithromaxozz.com,2,Keyword: hr,
azithromaxww.com,2,Keyword: hr,
azzancoffee.com,2,Keyword: fee,
b.cr.cloudns.asia,2,Keyword: cloud,
b.mintemail.com,2,Keyword: mint,
b011wagq.cloud,2,Keyword: cloud,
b012fvao.cloud,2,Keyword: cloud,
b013qxvb.cloud,2,Keyword: cloud,
b014mafv.cloud,2,Keyword: cloud,
b014ohrh.buzz,2,Keyword: hr,
b015hrda.cloud,2,Keyword: hr,
b1mbt.cloud,2,Keyword: cloud,
b9casinologin.com,2,Keyword: login,
baacloud7.com,2,Keyword: cloud,
babakdp.cloud,2,Keyword: cloud,
babau.mywire.org,2,Keyword: wire,
babygrowthtracker.com,2,Keyword: track,
babystaxxx.net,2,Keyword: tax,
backlinkaufbauservice.de,2,Keyword: service,
backlinkservice.me,2,Keyword: service,
backtax.us,2,Keyword: tax,
backtoliferecovery.org,2,Keyword: recover,
badmintonshop.life,2,Keyword: mint,
badriverbobs.net,2,Keyword: drive,
bahiaservice.com,2,Keyword: service,
bahrithe.cf,2,Keyword: hr,
bahrithe.ga,2,Keyword: hr,
bahrithe.gq,2,Keyword: hr,
bahrithe.ml,2,Keyword: hr,
bahrithe.tk,2,Keyword: hr,
bahrulhusna.igg.biz,2,Keyword: hr,
baiducloudfile.com,2,Keyword: cloud,
bailingwiredirect.com,2,Keyword: wire,
bainesbathrooms.co.uk,2,Keyword: hr,
bakacloud.com,2,Keyword: cloud,
bakedthreads.com,2,Keyword: hr,
balanz.coffee,2,Keyword: fee,
balanz.support,2,Keyword: support,
balehrmedical.com,2,Keyword: hr,
balibrewcoffee.com,2,Keyword: fee,
balladothris.pw,2,Keyword: hr,
baltcoalert.com,2,Keyword: alert,
baltimorenewswire.com,2,Keyword: wire,
bamfadmin.com,2,Keyword: mfa,
bancdebinaryerfahrung.com,2,Keyword: hr,
bank-konstancin.pl,2,Keyword: bank,
bank-lokata.edu.pl,2,Keyword: bank,
bank-opros1.ru,2,Keyword: bank,
bank-tinkoff-cabinet.ru,2,Keyword: bank,
bank.mailbo.store,2,Keyword: bank,
bankaccountexpert.tk,2,Keyword: bank,
bankaimodder.anonaddy.com,2,Keyword: bank,
bankcard.org,2,Keyword: bank,
bankcoinreserve.gives,2,Keyword: bank,
bankcommon.com,2,Keyword: bank,
bankcreditcardforcredit.xyz,2,Keyword: bank,
bankermathews.com,2,Keyword: bank,
bankinginasnap.com,2,Keyword: banking,
bankingnews.33mail.com,2,Keyword: banking,
bankingpartneronline.com,2,Keyword: banking,
bankingresources.xyz,2,Keyword: banking,
bankings.top,2,Keyword: banking,
bankinnepal.com,2,Keyword: bank,
bankinpalestine.com,2,Keyword: bank,
bankionline.info,2,Keyword: bank,
bankkadis9357.a.lofteone.ru,2,Keyword: bank,
bankloan-offer.xyz,2,Keyword: bank,
bankofamericsaaa.com,2,Keyword: bank,
bankofearth.earth,2,Keyword: bank,
bankoff.me,2,Keyword: bank,
bankofhapoleem.guru,2,Keyword: bank,
bankofpalestine.blog,2,Keyword: bank,
bankofpalestine.club,2,Keyword: bank,
bankofthecarolinas.com,2,Keyword: bank,
bankonur.com,2,Keyword: bank,
bankoutsider.com,2,Keyword: bank,
bankowepromocje.com.pl,2,Keyword: bank,
bankownedfairfieldcountyhomes.com,2,Keyword: bank,
bankparibas.pl,2,Keyword: bank,
bankpay-cfb.ru,2,Keyword: bank,
bankpln.com,2,Keyword: bank,
bankpravo.ru,2,Keyword: bank,
bankrau.com,2,Keyword: bank,
bankrobbersindicators.com,2,Keyword: bank,
bankrotbankodin.xyz,2,Keyword: bank,
bankrotbud.xyz,2,Keyword: bank,
bankrotfinans.xyz,2,Keyword: bank,
bankrotomstat.xyz,2,Keyword: bank,
bankrotorg.xyz,2,Keyword: bank,
bankrotsdelaem.xyz,2,Keyword: bank,
bankrotstvoufa.ru,2,Keyword: bank,
bankrotsumma.xyz,2,Keyword: bank,
bankrotvzim.xyz,2,Keyword: bank,
bankrtbankkred.xyz,2,Keyword: bank,
bankrupt1.com,2,Keyword: bank,
bankruptcycopies.com,2,Keyword: bank,
banks-review.ru,2,Keyword: bank,
banksnearme.net,2,Keyword: bank,
banktex.ml,2,Keyword: bank,
bantenvpn.live,2,Keyword: vpn,
barbatax.com,2,Keyword: tax,
barnespianoservices.com,2,Keyword: service,
basefeeder.com,2,Keyword: fee,
basic.poisedtoshrike.com,2,Keyword: hr,
basiclifesupport.ru,2,Keyword: support,
basstrackerboats149.antiquerestorationwork.com,2,Keyword: track,
basupport.r-e.kr,2,Keyword: support,
bathroomaustralia.xyz,2,Keyword: hr,
bathrooms1.com,2,Keyword: hr,
bathroomsbristol.com,2,Keyword: hr,
batli.simplelogin.com,2,Keyword: login,
bayareamobileeventservices.com,2,Keyword: service,
bb24hr.com,2,Keyword: hr,
bb24hr.net,2,Keyword: hr,
bbn.cloud,2,Keyword: cloud,
bc.mintemail.com,2,Keyword: mint,
bc0phr2gjf.mailbo.store,2,Keyword: hr,
bcc.simplelogin.com,2,Keyword: login,
bcd.estaxy.com,2,Keyword: tax,
bcdtrack.rocks,2,Keyword: track,
bcooperation.cloud,2,Keyword: cloud,
bcvrycfbestgfhret.usa.cc,2,Keyword: hr,
bd.dns-cloud.net,2,Keyword: cloud,
bdredemptionservices.com,2,Keyword: service,
be-creditcardnofeeca-ok.live,2,Keyword: fee,
be-tax-prep-ok.live,2,Keyword: tax,
beacordbloodbankhelpok.live,2,Keyword: bank,
beanteamstaffing.com,2,Keyword: staff,
beardfirst.com,2,Keyword: irs,
beathris.co,2,Keyword: hr,
becordbloodbankhelpok.live,2,Keyword: bank,
becordbloodbankhelpsok.live,2,Keyword: bank,
befeex.maskmy.id,2,Keyword: fee,
befirstmail.xyz,2,Keyword: irs,
behaviorsupportsolutions.com,2,Keyword: support,
behr8hppts.mailbo.store,2,Keyword: hr,
behrphotography.net,2,Keyword: hr,
belairshowerglass.com,2,Keyword: irs,
belalbelalw.cloud,2,Keyword: cloud,
belicloud.net,2,Keyword: cloud,
bellacheveuxhairstudio.com,2,Keyword: irs,
belle-isle.simplelogin.com,2,Keyword: login,
bellevuestaxi.com,2,Keyword: tax,
belljonestax.com,2,Keyword: tax,
ben-kinney-cracking.services,2,Keyword: service,
benefit.carnivalday.click,2,Keyword: benefit,
benefit.carolinensielrestaurants.click,2,Keyword: benefit,
benefit.catchfoot.click,2,Keyword: benefit,
benefit.celebrationapp.click,2,Keyword: benefit,
benefit.falldown.click,2,Keyword: benefit,
benefit.fetely.click,2,Keyword: benefit,
benefit.fliphq.click,2,Keyword: benefit,
benefit.getcruise.click,2,Keyword: benefit,
benefit.getjourney.click,2,Keyword: benefit,
benefit.losebalance.click,2,Keyword: benefit,
benefit.mailbo.store,2,Keyword: benefit,
benefit.ninjatransfers.click,2,Keyword: transfer,
benefit.openinvestmentapp.com,2,Keyword: benefit,
benefit.quickreply.click,2,Keyword: benefit,
benefit.religiousfestival.click,2,Keyword: benefit,
benefit.runlightly.click,2,Keyword: benefit,
benefit.setoffly.click,2,Keyword: benefit,
benefit.takeaspill.click,2,Keyword: benefit,
benefit.taketriply.com,2,Keyword: benefit,
benefit.theholiday.click,2,Keyword: benefit,
benefit.travelinman.click,2,Keyword: benefit,
benefit.travelokabus.click,2,Keyword: benefit,
benefit.travelpro.click,2,Keyword: benefit,
benefit.tryperegrinate.click,2,Keyword: benefit,
benefit.vodkatourism.click,2,Keyword: benefit,
benefit98.contact24.click,2,Keyword: benefit,
benefitfm.com,2,Keyword: benefit,
benefitsofchamomiletea.com,2,Keyword: benefit,
benefitsofflaxseeds.com,2,Keyword: benefit,
benefitsofglutenfree.com,2,Keyword: benefit,
benefitsofkombucha.com,2,Keyword: benefit,
benefitsquitsmoking.com,2,Keyword: benefit,
benefitstrip.com,2,Keyword: benefit,
benefitturtle.com,2,Keyword: benefit,
ber.estaxy.com,2,Keyword: tax,
bergservices.cf,2,Keyword: service,
best-cloud-mail.com,2,Keyword: cloud,
best-vpn.xyz,2,Keyword: vpn,
best.poisedtoshrike.com,2,Keyword: hr,
bestcloudemail.com,2,Keyword: cloud,
bestcloudhostingforasp.com,2,Keyword: cloud,
bestdirstuff.site,2,Keyword: irs,
bestdogovornyematchi.ru,2,Keyword: gov,
bestenuhren.com,2,Keyword: hr,
bestessayscloud.com,2,Keyword: cloud,
bestgunsafereviews.org,2,Keyword: safe,
bestmailservices.xyz,2,Keyword: service,
bestmms.cloud,2,Keyword: cloud,
bestpornstarfeet.com,2,Keyword: fee,
bestregisteredagentservices.org,2,Keyword: service,
bestservice.me,2,Keyword: service,
bestserviceforwebtraffic.info,2,Keyword: service,
bestservicemail.eu,2,Keyword: service,
besttaxlawfirms.net,2,Keyword: tax,
bestvpn.top,2,Keyword: vpn,
bestvpncanada.pro,2,Keyword: vpn,
bet323service.xyz,2,Keyword: service,
bet669login.com,2,Keyword: login,
betonpolitics.support,2,Keyword: support,
betterwaydelivery.info,2,Keyword: delivery,
betvietbank.com,2,Keyword: bank,
bf7yhr2vae.mailbo.store,2,Keyword: hr,
bfirstmail.com,2,Keyword: irs,
bgfibank.cd,2,Keyword: bank,
bgtservices.com,2,Keyword: service,
bh.mintemail.com,2,Keyword: mint,
bh5mhra2ln.mailbo.store,2,Keyword: hr,
bhfeed.com,2,Keyword: fee,
bhg4hehrq0.mailbo.store,2,Keyword: hr,
bhrenovarb.ru,2,Keyword: hr,
bhrfcy.igg.biz,2,Keyword: hr,
bhrii.anonbox.net,2,Keyword: hr,
bhringraj.net,2,Keyword: hr,
bhrofficial.online,2,Keyword: hr,
bhrpsck8oraayj.cf,2,Keyword: hr,
bhrpsck8oraayj.ga,2,Keyword: hr,
bhrpsck8oraayj.gq,2,Keyword: hr,
bhrpsck8oraayj.ml,2,Keyword: hr,
bhrpsck8oraayj.tk,2,Keyword: hr,
bhrwpq7gzr.mailbo.store,2,Keyword: hr,
bi.mintemail.com,2,Keyword: mint,
bi2hr.anonbox.net,2,Keyword: hr,
bibars.cloud,2,Keyword: cloud,
bicbank.cd,2,Keyword: bank,
bigcloudmail.com,2,Keyword: cloud,
bigcloudproductions.com,2,Keyword: cloud,
biggameservices.com,2,Keyword: service,
bilderservice.org,2,Keyword: service,
billcarpenterservicesinc.com,2,Keyword: service,
billings.systems,2,Keyword: billing,
billingslinkedin.com,2,Keyword: billing,
billmcguil.simplelogin.com,2,Keyword: login,
biofuelsmarketalert.info,2,Keyword: alert,
bir.simplelogin.com,2,Keyword: login,
bird.support,2,Keyword: support,
birminghamfans.com,2,Keyword: mfa,
birsanduskabin.com,2,Keyword: irs,
birsanmimarlik.com,2,Keyword: irs,
birsken.com,2,Keyword: irs,
birthcarestaffing.com,2,Keyword: staff,
birthrite.info,2,Keyword: hr,
bismilahrezekine123.igg.biz,2,Keyword: hr,
bitbaysafe.com,2,Keyword: safe,
bitcoin-gratis.de,2,Keyword: bitcoin,
bitcoin-miner.shop,2,Keyword: bitcoin,
bitcoin-miners.org,2,Keyword: bitcoin,
bitcoin-norge.org,2,Keyword: bitcoin,
bitcoin-payroll.com,2,Keyword: bitcoin,
bitcoin.ngo,2,Keyword: bitcoin,
bitcoin.onthewifi.com,2,Keyword: bitcoin,
bitcoin2014.pl,2,Keyword: bitcoin,
bitcoinadvocacy.com,2,Keyword: bitcoin,
bitcoinarmory.org,2,Keyword: bitcoin,
bitcoinbalance.com,2,Keyword: bitcoin,
bitcoinbattle.fun,2,Keyword: bitcoin,
bitcoinbattle.net,2,Keyword: bitcoin,
bitcoinbattle.org,2,Keyword: bitcoin,
bitcoinbet.us,2,Keyword: bitcoin,
bitcoinblaster.pro,2,Keyword: bitcoin,
bitcoinbonus.org,2,Keyword: bitcoin,
bitcoincodesafe.space,2,Keyword: bitcoin,
bitcoindocumentation.com,2,Keyword: bitcoin,
bitcoinfabric.com,2,Keyword: bitcoin,
bitcoininvestmentforum.com,2,Keyword: bitcoin,
bitcoinisland.org,2,Keyword: bitcoin,
bitcoinplanning.com,2,Keyword: bitcoin,
bitcoinpoke.com,2,Keyword: bitcoin,
bitcoinrevolt.biz,2,Keyword: bitcoin,
bitcoins-circuit.com,2,Keyword: bitcoin,
bitcoinsera.com,2,Keyword: bitcoin,
bitcoinsmining.eu,2,Keyword: bitcoin,
bitcoinsolution.com,2,Keyword: bitcoin,
bitcointopp.com,2,Keyword: bitcoin,
bitcointradenow.site,2,Keyword: bitcoin,
bitcointrader24.site,2,Keyword: bitcoin,
bitofee.com,2,Keyword: fee,
bitz.simplelogin.com,2,Keyword: login,
bizenservices.com,2,Keyword: service,
bizimalem-support.de,2,Keyword: support,
bizpabx.cloud,2,Keyword: cloud,
bizsupportcentral.com,2,Keyword: support,
bjdhrtri09mxn.ml,2,Keyword: hr,
blackservice.org,2,Keyword: service,
blackshipping.com,2,Keyword: shipping,
blarakfight67dhr.ga,2,Keyword: hr,
blastcloud.com,2,Keyword: cloud,
blasthron.ru,2,Keyword: hr,
blog.poisedtoshrike.com,2,Keyword: hr,
blogalert.com,2,Keyword: alert,
bloginator.tk,2,Keyword: login,
bloginc.com,2,Keyword: login,
blogindustry.com,2,Keyword: login,
blogrevenue.com,2,Keyword: revenue,
blogs.nasa.gov.eduheros.com,2,Keyword: gov,
blogsecure.com,2,Keyword: secure,
blogwireless.com,2,Keyword: wire,
bloomintg.tk,2,Keyword: mint,
bloominvoice.com,2,Keyword: invoice,
blop.cloud,2,Keyword: cloud,
blst.gov,2,Keyword: gov,
blu.simplelogin.com,2,Keyword: login,
bluebirddigitalservices.com,2,Keyword: service,
bluecarrotpcservices.com,2,Keyword: service,
bluedelivery.store,2,Keyword: delivery,
bluepearl.cloud,2,Keyword: cloud,
bluestonethreads.com,2,Keyword: hr,
bm2fa.vn,2,Keyword: 2fa,
bmas-service.com,2,Keyword: service,
bmonlinebanking.com,2,Keyword: banking,
bmw-service-mazpol.pl,2,Keyword: service,
bnyhr.us,2,Keyword: hr,
bobkhatt.cloud,2,Keyword: cloud,
bobspoolservice.net,2,Keyword: service,
bold.simplelogin.com,2,Keyword: login,
bole.cloudns.biz,2,Keyword: cloud,
boluda87.tastyarabicacoffee.com,2,Keyword: fee,
bomaieeredbnmmlio.cloud,2,Keyword: cloud,
bomaioortfolio.cloud,2,Keyword: cloud,
bombgovernorbrow.website,2,Keyword: gov,
bongobank.net,2,Keyword: bank,
bongopiggybank.com,2,Keyword: bank,
bonjourtheo.simplelogin.com,2,Keyword: login,
bookgovernment.us,2,Keyword: gov,
booku.cloud,2,Keyword: cloud,
bootax.com,2,Keyword: tax,
borderflowerydivergentqueen.top,2,Keyword: order,
bordermail.com,2,Keyword: order,
bordersequalzero.com,2,Keyword: order,
bordersmile.com,2,Keyword: order,
bort.estaxy.com,2,Keyword: tax,
boss77casinosignin.com,2,Keyword: signin,
boston-towing-service.info,2,Keyword: service,
botbilling.com,2,Keyword: billing,
bothelpdesk.com,2,Keyword: helpdesk,
bothriocepmil.ru,2,Keyword: hr,
bothris.online,2,Keyword: hr,
bothris.pw,2,Keyword: hr,
bothris.pw.lsouth.net,2,Keyword: hr,
bouncebackcloud.com,2,Keyword: cloud,
box.mailrouting.site,2,Keyword: routing,
boxsecure.my,2,Keyword: secure,
bqqhr.anonbox.net,2,Keyword: hr,
br.mintemail.com,2,Keyword: mint,
brainwire.co,2,Keyword: wire,
brainworksrecovery.com,2,Keyword: recover,
brandnamewallet.com,2,Keyword: wallet,
bravohotel.webmailious.top,2,Keyword: webmail,
breakthru.com,2,Keyword: hr,
breanna.alicia.kyoto-webmail.top,2,Keyword: webmail,
breathoflifefamilyservices.com,2,Keyword: service,
brewingstudio.simplelogin.com,2,Keyword: login,
brg.cloudns.org,2,Keyword: cloud,
briansrealestateservicesllc.com,2,Keyword: service,
bridesmailorder.com,2,Keyword: order,
brieffirst.com,2,Keyword: irs,
brightsitefeed.com,2,Keyword: fee,
brilliantdashboard.cloud,2,Keyword: cloud,
brillianthosting.cloud,2,Keyword: cloud,
brisbanevetservices.com,2,Keyword: service,
britepathstaffingservicess.shop,2,Keyword: service,
brlogin.net,2,Keyword: login,
broadbankv2.ga,2,Keyword: bank,
broadbankv2.tk,2,Keyword: bank,
bromailservice.xyz,2,Keyword: service,
brotherprinterdrivershq.com,2,Keyword: drive,
browsesafesearch.com,2,Keyword: safe,
brozzlv.tastyarabicacoffee.com,2,Keyword: fee,
brprp9i9hr.mailbo.store,2,Keyword: hr,
brrvpuitu8hr.cf,2,Keyword: hr,
brrvpuitu8hr.ga,2,Keyword: hr,
brrvpuitu8hr.gq,2,Keyword: hr,
brrvpuitu8hr.ml,2,Keyword: hr,
brrvpuitu8hr.tk,2,Keyword: hr,
brubank.club,2,Keyword: bank,
bryanhoang.simplelogin.com,2,Keyword: login,
bs-internal.com,2,Keyword: internal,
bs.mintemail.com,2,Keyword: mint,
bsecure.ir,2,Keyword: secure,
bsfadmin.org,2,Keyword: admin,
bshrq.anonbox.net,2,Keyword: hr,
bshrum.net,2,Keyword: hr,
bsservice.info,2,Keyword: service,
bsservice.su,2,Keyword: service,
btc-payroll.com,2,Keyword: payroll,
btcairdrops.ru,2,Keyword: airdrop,
btracker.date,2,Keyword: track,
btrcloud.com,2,Keyword: cloud,
btxsvpn.store,2,Keyword: vpn,
bu.mintemail.com,2,Keyword: mint,
bubblybank.com,2,Keyword: bank,
bubu.simplelogin.com,2,Keyword: login,
budbankrot.xyz,2,Keyword: bank,
buhori.cloud,2,Keyword: cloud,
buhr.ll47.net,2,Keyword: hr,
bullosafe.com,2,Keyword: safe,
bunnycloud.de,2,Keyword: cloud,
burgoscatchphrase.com,2,Keyword: hr,
burl.simplelogin.com,2,Keyword: login,
business-bank-account.com,2,Keyword: bank,
businessinfoservicess.com,2,Keyword: service,
businessinfoservicess.info,2,Keyword: service,
bussinessverify.help,2,Keyword: verify,
but.poisedtoshrike.com,2,Keyword: hr,
buy.poisedtoshrike.com,2,Keyword: hr,
buyerlogin.zakatdimas.site,2,Keyword: login,
buyhairstraighteners.org,2,Keyword: irs,
buyreliablezithromaxonline.com,2,Keyword: hr,
buyseo.services,2,Keyword: service,
buyviagracheapmailorder.us,2,Keyword: order,
buyvpn.xyz,2,Keyword: vpn,
buzzpointpoint88.cloud,2,Keyword: cloud,
bv.mintemail.com,2,Keyword: mint,
bvhrk.com,2,Keyword: hr,
bvhrs.com,2,Keyword: hr,
bvimarketingservices.com,2,Keyword: service,
bvmncvyryfhrtesttyry.usa.cc,2,Keyword: hr,
bw.mintemail.com,2,Keyword: mint,
by.poisedtoshrike.com,2,Keyword: hr,
bzyyv2fafx.mailbo.store,2,Keyword: 2fa,
c041jhre.buzz,2,Keyword: hr,
c21service.com,2,Keyword: service,
c2xfuhrfam.mailbo.store,2,Keyword: hr,
c47milnhrr.mailbo.store,2,Keyword: hr,
c7wmfhrjgl.mailbo.store,2,Keyword: hr,
cae.wirelax.com,2,Keyword: wire,
cafeevangeline.com,2,Keyword: fee,
callcenter-support-qapr9h24zdpxlg9x.best,2,Keyword: support,
calltracks.ru,2,Keyword: track,
calvarycloud.com,2,Keyword: cloud,
calxabank.es,2,Keyword: bank,
calypsoservice.com,2,Keyword: service,
camcordershop.life,2,Keyword: order,
camdenchurchofchrist.com,2,Keyword: hr,
canadawebmail.ca.vu,2,Keyword: webmail,
canadianpharmacyfirst.com,2,Keyword: irs,
cancel-paymentonline.co.uk,2,Keyword: payment,
cancelnewlogin.com,2,Keyword: login,
cancelrequestedlogin.com,2,Keyword: login,
cancun-transfers.us,2,Keyword: transfer,
candgdelivery.com,2,Keyword: delivery,
cangacloud.online,2,Keyword: cloud,
cangkirs.igg.biz,2,Keyword: irs,
canonwirelessprinters.com,2,Keyword: wire,
capphra.biz.id,2,Keyword: hr,
captionmediaservices.com,2,Keyword: service,
carcloud49.xyz,2,Keyword: cloud,
cardsagainsthrones.com,2,Keyword: hr,
caredeliveryu.com,2,Keyword: delivery,
caredeliveryuniversity.com,2,Keyword: delivery,
career-enhancement-services.com,2,Keyword: service,
careerunlocked.com,2,Keyword: unlock,
carnegieacademytaxlien.com,2,Keyword: tax,
carolinabank.com,2,Keyword: bank,
carolinashipping.com,2,Keyword: shipping,
carolstaxes.org,2,Keyword: tax,
cartter.cloud,2,Keyword: cloud,
caruarucloud.online,2,Keyword: cloud,
carurucloud.store,2,Keyword: cloud,
cascadeconstructionservices.com,2,Keyword: service,
cashfeed.net,2,Keyword: fee,
cashfeeding.com,2,Keyword: fee,
cashredeemms.shop,2,Keyword: hr,
cashvpn.com,2,Keyword: vpn,
casinothraki.gr,2,Keyword: hr,
castlebranchlogin.com,2,Keyword: login,
catachremail.com,2,Keyword: hr,
catachresml.ru,2,Keyword: hr,
catalystwallet.com,2,Keyword: wallet,
catalystwallet.info,2,Keyword: wallet,
catchall.nvecloud.us,2,Keyword: cloud,
catchthr.xyz,2,Keyword: hr,
caterwire.com,2,Keyword: wire,
cavanglangthang.simplelogin.com,2,Keyword: login,
cawfeetawkmoms.com,2,Keyword: fee,
cbdarthritisrelief.com,2,Keyword: hr,
cc.healthroutinenail.click,2,Keyword: hr,
ccaffee.shop,2,Keyword: fee,
ccbankga.com,2,Keyword: bank,
cch.cloudns.be,2,Keyword: cloud,
ccloudinnovations.com,2,Keyword: cloud,
ccustaffing.com,2,Keyword: staff,
cd.mintemail.com,2,Keyword: mint,
cdcomputerservices.net,2,Keyword: service,
cde.estaxy.com,2,Keyword: tax,
cde.wirelax.com,2,Keyword: wire,
cdwwk2vhr4.mailbo.store,2,Keyword: hr,
ce.mintemail.com,2,Keyword: mint,
cellcashr.com,2,Keyword: hr,
cellphonegpstracking.info,2,Keyword: track,
celymcoffee.com,2,Keyword: fee,
centipede.simplelogin.com,2,Keyword: login,
centralwirelessinc.com,2,Keyword: wire,
ceny-transferowe-szkolenie.pl,2,Keyword: transfer,
ceramicsouvenirs.com,2,Keyword: irs,
cerberushelpdesk.com,2,Keyword: helpdesk,
ceria.cloud,2,Keyword: cloud,
cesitayedrive.live,2,Keyword: drive,
cg.mintemail.com,2,Keyword: mint,
cgfirst.dev,2,Keyword: irs,
ch.mintemail.com,2,Keyword: mint,
cha-cha20.simplelogin.com,2,Keyword: login,
chaexx.cloud,2,Keyword: cloud,
chairs.buzz,2,Keyword: irs,
chamberofshipping.org,2,Keyword: shipping,
chambraycoffee.com,2,Keyword: fee,
chandlerhairsalons.com,2,Keyword: irs,
changethewayyoubank.org,2,Keyword: bank,
chargy.cloud,2,Keyword: cloud,
charlie.omega.webmailious.top,2,Keyword: webmail,
chatterdrive.xyz,2,Keyword: drive,
chbkstore.cloud,2,Keyword: cloud,
chbrhr.icu,2,Keyword: hr,
cheapchristianllouboutinshoes.info,2,Keyword: hr,
cheapchristianlouboutindiscount.com,2,Keyword: hr,
cheapchristinlouboutinshoesusa.com,2,Keyword: hr,
cheapestnewdriverinsurance.co.uk,2,Keyword: drive,
cheapghdahairstraighteneraghduksale.co.uk,2,Keyword: irs,
checkadmin.me,2,Keyword: admin,
checkalertfriends.info,2,Keyword: alert,
chefskitchenfoodservice.com,2,Keyword: service,
chelyabinsktaxi.ru,2,Keyword: tax,
chemotaxonumail.com,2,Keyword: tax,
chesapeakehairsalons.com,2,Keyword: irs,
cheshr.tk,2,Keyword: hr,
cheverebilingualservices.com,2,Keyword: service,
chiasbuy.services,2,Keyword: service,
chicharica.cloud,2,Keyword: cloud,
chidelivery.com,2,Keyword: delivery,
chihairstraightenerv.com,2,Keyword: irs,
childeatingdisordertreatment.com,2,Keyword: order,
childeatingdisordertreatmentcenters.com,2,Keyword: order,
childsclaims.com,2,Keyword: claim,
chile-cloud.com,2,Keyword: cloud,
chinaaccs.cloud,2,Keyword: cloud,
chinabank.com,2,Keyword: bank,
chinashredders.com,2,Keyword: hr,
chipbankasi.com,2,Keyword: bank,
chr-amster.com,2,Keyword: hr,
chr-transactions.com,2,Keyword: hr,
chr.capcud.shop,2,Keyword: hr,
chratechbeest.club,2,Keyword: hr,
chrfeeul.com,2,Keyword: hr,
chrgross.site,2,Keyword: hr,
chris-black.net,2,Keyword: hr,
chris.burgercentral.us,2,Keyword: hr,
chris03.com,2,Keyword: hr,
chris260.store,2,Keyword: hr,
chrisanhill.com,2,Keyword: hr,
chrisburchell.org,2,Keyword: hr,
chriscd.best,2,Keyword: hr,
chrisclarkcollective.com,2,Keyword: hr,
chrisdavegreen.com,2,Keyword: hr,
chrisdrielsma.nl,2,Keyword: hr,
chrisgomabouna.eu,2,Keyword: hr,
chrishartjes.com,2,Keyword: hr,
chrishoffman.info,2,Keyword: hr,
chrisitina.com,2,Keyword: hr,
chrisjoyce.net,2,Keyword: hr,
chriskottom.com,2,Keyword: hr,
chrisllorca.com,2,Keyword: hr,
chrislouie.com,2,Keyword: hr,
chrislyons.net,2,Keyword: hr,
chrismatsumoto.com,2,Keyword: hr,
chrismcharles.com,2,Keyword: hr,
chrispaden.com,2,Keyword: hr,
chrispettus.info,2,Keyword: hr,
chrissellskelowna.com,2,Keyword: hr,
chrissycostanza.com,2,Keyword: hr,
christ-king.org,2,Keyword: hr,
christ.show,2,Keyword: hr,
christ.tools,2,Keyword: hr,
christadonaldphotography.com,2,Keyword: hr,
christbearerthegod.com,2,Keyword: hr,
christchurchcasino.co.nz,2,Keyword: hr,
christensen.dk,2,Keyword: hr,
christian-home.org,2,Keyword: hr,
christian-louboutin.com,2,Keyword: hr,
christian-louboutin4u.com,2,Keyword: hr,
christian-louboutinsaleclearance.com,2,Keyword: hr,
christian-ragot.net,2,Keyword: hr,
christian-topics.info,2,Keyword: hr,
christian.cd,2,Keyword: hr,
christianharmon.com,2,Keyword: hr,
christianity.app,2,Keyword: hr,
christianlouboutin-uk.info,2,Keyword: hr,
christianlouboutinaustralia.info,2,Keyword: hr,
christianlouboutincanada.info,2,Keyword: hr,
christianlouboutinccmagasin.com,2,Keyword: hr,
christianlouboutinmagasinffr.com,2,Keyword: hr,
christianlouboutinmagasinffrance1.com,2,Keyword: hr,
christianlouboutinmagasinfra.com,2,Keyword: hr,
christianlouboutinnoutlet.com,2,Keyword: hr,
christianlouboutinnreplica.com,2,Keyword: hr,
christianlouboutinopascherfr.com,2,Keyword: hr,
christianlouboutinoutletstores.info,2,Keyword: hr,
christianlouboutinpascherenligne.com,2,Keyword: hr,
christianlouboutinpascherffr.com,2,Keyword: hr,
christianlouboutinpascherr.com,2,Keyword: hr,
christianlouboutinportugal.com,2,Keyword: hr,
christianlouboutinppascher.com,2,Keyword: hr,
christianlouboutinppaschers.com,2,Keyword: hr,
christianlouboutinrfrance.com,2,Keyword: hr,
christianlouboutinsale-shoes.info,2,Keyword: hr,
christianlouboutinsaleshoes.info,2,Keyword: hr,
christianlouboutinshoe4sale.com,2,Keyword: hr,
christianlouboutinsuk.net,2,Keyword: hr,
christianlouboutinukshoes.info,2,Keyword: hr,
christianlouboutsshoes.com,2,Keyword: hr,
christianmarket.team,2,Keyword: hr,
christianmason.com,2,Keyword: hr,
christianmason.org,2,Keyword: hr,
christianneighbors.org,2,Keyword: hr,
christianneumann.xyz,2,Keyword: hr,
christianoronaldo.com,2,Keyword: hr,
christianpetzold.com,2,Keyword: hr,
christiansen.dk,2,Keyword: hr,
christiansongshnagu.com,2,Keyword: hr,
christiantorkelson.org,2,Keyword: hr,
christiantube.team,2,Keyword: hr,
christinaaa.igg.biz,2,Keyword: hr,
christinababulal.com,2,Keyword: hr,
christinacare.org,2,Keyword: hr,
christinacarolmiller.com,2,Keyword: hr,
christinaforney.org,2,Keyword: hr,
christinedangrealestateagenthendersonnv.com,2,Keyword: hr,
christinedangrealestateagentlasvegasnv.com,2,Keyword: hr,
christinedangrealestateagentnorthlasvegasnv.com,2,Keyword: hr,
christinedecker81.xyz,2,Keyword: hr,
christinehakkola.com,2,Keyword: hr,
christinejordan.net,2,Keyword: hr,
christinemullen.net,2,Keyword: hr,
christinethalberg.xyz,2,Keyword: hr,
christinyou-ministries.com,2,Keyword: hr,
christis.org.uk,2,Keyword: hr,
christmas-shindig.com,2,Keyword: hr,
christmass.org,2,Keyword: hr,
christmpkz.space,2,Keyword: hr,
christophe284.store,2,Keyword: hr,
christophecoste.com,2,Keyword: hr,
christophepythoud.com,2,Keyword: hr,
christopherbainryan.com,2,Keyword: hr,
christopherconsultancy.com,2,Keyword: hr,
christopherfretz.com,2,Keyword: hr,
christopheriqbal.buzz,2,Keyword: hr,
christopherkaelin.net,2,Keyword: hr,
christopherlittle.buzz,2,Keyword: hr,
christopherma.net,2,Keyword: hr,
christopheron.biz.id,2,Keyword: hr,
christophersosa.com,2,Keyword: hr,
christophtrojer.com,2,Keyword: hr,
christosia.website,2,Keyword: hr,
christriocz.com,2,Keyword: hr,
christyrrel.me,2,Keyword: hr,
chrisusab2037.a.lofteone.ru,2,Keyword: hr,
chrisvince.com,2,Keyword: hr,
chrisvxm.anonaddy.com,2,Keyword: hr,
chriswebconsulting.com,2,Keyword: hr,
chrisycac.gq,2,Keyword: hr,
chrisycac.tk,2,Keyword: hr,
chroeppel.com,2,Keyword: hr,
chrom.cf,2,Keyword: hr,
chromaemail.ru,2,Keyword: hr,
chromail.info,2,Keyword: hr,
chromarsmail.ru,2,Keyword: hr,
chromatest.net,2,Keyword: hr,
chromatichealthcare.com,2,Keyword: hr,
chromatographitomail.com,2,Keyword: hr,
chromatogrfkml.ru,2,Keyword: hr,
chrome.simplelogin.com,2,Keyword: login,
chromentis.cfd,2,Keyword: hr,
chromestreetcars.com,2,Keyword: hr,
chromewebstore.me,2,Keyword: hr,
chromiumemail.com,2,Keyword: hr,
chromolithogrebml.ru,2,Keyword: hr,
chromomail.com,2,Keyword: hr,
chronic-fatigue.us,2,Keyword: hr,
chronicfatigue209.com,2,Keyword: hr,
chronichealing.net,2,Keyword: hr,
chronicjunkie.com,2,Keyword: hr,
chronicle.digital,2,Keyword: hr,
chroniclenewstoday.com,2,Keyword: hr,
chronicradar.com,2,Keyword: hr,
chronicsbooks.com,2,Keyword: hr,
chronisbo.ml,2,Keyword: hr,
chronisbo.tk,2,Keyword: hr,
chronobmails.ru,2,Keyword: hr,
chronocrusade.com,2,Keyword: hr,
chronogolf.business,2,Keyword: hr,
chronogolf.info,2,Keyword: hr,
chronogolf.org,2,Keyword: hr,
chronologee.com,2,Keyword: hr,
chronosport.ru,2,Keyword: hr,
chronostore.org,2,Keyword: hr,
chrshnt.com,2,Keyword: hr,
chrsp.com,2,Keyword: hr,
chrspkk.ru,2,Keyword: hr,
chru.cse445.com,2,Keyword: hr,
chrysaliscareersconsulting.net,2,Keyword: hr,
chrysant.info,2,Keyword: hr,
chrysoaristmofml.ru,2,Keyword: hr,
chrysoaristmy.com,2,Keyword: hr,
chrysobaomail.ru,2,Keyword: hr,
chulavistahairsalons.com,2,Keyword: irs,
chuntianwiremesh.com,2,Keyword: wire,
ci.mintemail.com,2,Keyword: mint,
cialisorderbymail.website,2,Keyword: order,
cincinnatihairsalons.com,2,Keyword: irs,
cipher.simplelogin.com,2,Keyword: login,
circ-bitcoin.com,2,Keyword: bitcoin,
cirruscloud.app,2,Keyword: cloud,
cisalxpahr.mailbo.store,2,Keyword: hr,
citysafe.shop,2,Keyword: safe,
citysafescore.com,2,Keyword: safe,
cj.mintemail.com,2,Keyword: mint,
claddaghring.com,2,Keyword: hr,
claim.mailbo.store,2,Keyword: claim,
claimab.com,2,Keyword: claim,
claimdai.xyz,2,Keyword: claim,
claimdair.xyz,2,Keyword: claim,
claimmea.xyz,2,Keyword: claim,
claimmean.xyz,2,Keyword: claim,
claimspree.club,2,Keyword: claim,
claimspree.xyz,2,Keyword: claim,
claimtaxrebate.com,2,Keyword: tax,
claimtoday.win,2,Keyword: claim,
claimyourprize.life,2,Keyword: claim,
claimyourprize46.life,2,Keyword: claim,
clan.poisedtoshrike.com,2,Keyword: hr,
claracindy.cloud,2,Keyword: cloud,
clarkconstructionservice.com,2,Keyword: service,
clashroyale-br.com,2,Keyword: hr,
classonedrivertraining.com,2,Keyword: onedrive,
claudonsecurity.com,2,Keyword: security,
claycloud.publicvm.com,2,Keyword: cloud,
cleansafemail.com,2,Keyword: safe,
clearwire.net,2,Keyword: wire,
cli.cloudns.cl,2,Keyword: cloud,
clickbank.life,2,Keyword: bank,
clickbank.name,2,Keyword: bank,
clickbank.today,2,Keyword: bank,
clickbank.world,2,Keyword: bank,
clickbankonline.com,2,Keyword: bank,
clicksecurity.com,2,Keyword: security,
clickthruiq.com,2,Keyword: hr,
clicktrack.ru,2,Keyword: track,
clicktrack.xyz,2,Keyword: track,
clients.poisedtoshrike.com,2,Keyword: hr,
clk-safe.com,2,Keyword: safe,
clothedbychris.com,2,Keyword: hr,
clotrack.online,2,Keyword: track,
cloud-casts.com,2,Keyword: cloud,
cloud-ip.cc,2,Keyword: cloud,
cloud-mail.id,2,Keyword: cloud,
cloud-mail.net,2,Keyword: cloud,
cloud-mail.top,2,Keyword: cloud,
cloud-mining.info,2,Keyword: cloud,
cloud-node.online,2,Keyword: cloud,
cloud-server.email,2,Keyword: cloud,
cloud-server.id,2,Keyword: cloud,
cloud-temp.com,2,Keyword: cloud,
cloud.9amail.top,2,Keyword: cloud,
cloud.blatnet.com,2,Keyword: cloud,
cloud.cowsnbullz.com,2,Keyword: cloud,
cloud.gaobo.org,2,Keyword: cloud,
cloud.hellohappy2.com,2,Keyword: cloud,
cloud.jdwrld.site,2,Keyword: cloud,
cloud.maskmy.id,2,Keyword: cloud,
cloud.net,2,Keyword: cloud,
cloud.oldoutnewin.com,2,Keyword: cloud,
cloud.wrengostic.com,2,Keyword: cloud,
cloud22020.xyz,2,Keyword: cloud,
cloud41photography.xyz,2,Keyword: cloud,
cloud41productions.xyz,2,Keyword: cloud,
cloud41service.xyz,2,Keyword: service,
cloud41studios.xyz,2,Keyword: cloud,
cloud43er.xyz,2,Keyword: cloud,
cloud43music.xyz,2,Keyword: cloud,
cloud43productions.xyz,2,Keyword: cloud,
cloud47art.xyz,2,Keyword: cloud,
cloud47design.xyz,2,Keyword: cloud,
cloud47photo.xyz,2,Keyword: cloud,
cloud47photography.xyz,2,Keyword: cloud,
cloud47shop.xyz,2,Keyword: cloud,
cloud49online.xyz,2,Keyword: cloud,
cloud49plus.xyz,2,Keyword: cloud,
cloud99.pro,2,Keyword: cloud,
cloud99.top,2,Keyword: cloud,
cloud9martini.com,2,Keyword: cloud,
cloud9suite.com,2,Keyword: cloud,
cloudadvantage.live,2,Keyword: cloud,
cloudagent.researchforpeopleai.com,2,Keyword: cloud,
cloudaltitude.io,2,Keyword: cloud,
cloudandgaming.site,2,Keyword: cloud,
cloudberrysound.com,2,Keyword: cloud,
cloudbmail.net,2,Keyword: cloud,
cloudbmail.org,2,Keyword: cloud,
cloudbst.com,2,Keyword: cloud,
cloudcamber.com,2,Keyword: cloud,
cloudcarib.net,2,Keyword: cloud,
cloudcasts.xyz,2,Keyword: cloud,
cloudcohol.com,2,Keyword: cloud,
cloudcohol.net,2,Keyword: cloud,
cloudcohol.org,2,Keyword: cloud,
cloudcourier.xyz,2,Keyword: cloud,
cloudcrazed.com,2,Keyword: cloud,
cloudcua.art,2,Keyword: cloud,
cloudcua.cloud,2,Keyword: cloud,
cloudcua.one,2,Keyword: cloud,
clouddelivers.com,2,Keyword: cloud,
clouddisruptor.com,2,Keyword: cloud,
cloudeflare.com,2,Keyword: cloud,
cloudemail.xyz,2,Keyword: cloud,
cloudemailllc.com,2,Keyword: cloud,
cloudera.icu,2,Keyword: cloud,
cloudflare-london.com,2,Keyword: cloud,
cloudflare.com,2,Keyword: cloud,
cloudflare.fpfc.tk.cdn.cloudflare.net,2,Keyword: cloud,
cloudflare.gay,2,Keyword: cloud,
cloudflaremedia.com,2,Keyword: cloud,
cloudflaremedia.net,2,Keyword: cloud,
cloudflaremedia.org,2,Keyword: cloud,
cloudfoundry.store,2,Keyword: cloud,
cloudgen.world,2,Keyword: cloud,
cloudgo5.com,2,Keyword: cloud,
cloudhorizon.org,2,Keyword: cloud,
cloudhosting.info,2,Keyword: cloud,
cloudiberry.space,2,Keyword: cloud,
cloudido.com,2,Keyword: cloud,
cloudinbox.top,2,Keyword: cloud,
cloudinfo.website,2,Keyword: cloud,
cloudkuimages.com,2,Keyword: cloud,
cloudlfront.com,2,Keyword: cloud,
cloudmail.gq,2,Keyword: cloud,
cloudmail.in.net,2,Keyword: cloud,
cloudmail.lol,2,Keyword: cloud,
cloudmail.pw,2,Keyword: cloud,
cloudmail.tk,2,Keyword: cloud,
cloudmailrelay.addy.io,2,Keyword: cloud,
cloudmails.tech,2,Keyword: cloud,
cloudmarriage.com,2,Keyword: cloud,
cloudmchost.tk,2,Keyword: cloud,
cloudminer.center,2,Keyword: cloud,
cloudmining.cloud,2,Keyword: cloud,
cloudnativechicago.com,2,Keyword: cloud,
cloudns.asia,2,Keyword: cloud,
cloudns.cc,2,Keyword: cloud,
cloudns.cf,2,Keyword: cloud,
cloudns.cx,2,Keyword: cloud,
cloudns.gq,2,Keyword: cloud,
cloudoftg.anonaddy.com,2,Keyword: cloud,
cloudonf.com,2,Keyword: cloud,
cloudoom.com,2,Keyword: cloud,
cloudosys.com,2,Keyword: cloud,
cloudparceler.shop,2,Keyword: cloud,
cloudparcels.xyz,2,Keyword: cloud,
cloudpath.dev,2,Keyword: cloud,
cloudpostllc.com,2,Keyword: cloud,
cloudpoststore.com,2,Keyword: cloud,
cloudprivatbay.com,2,Keyword: cloud,
cloudprivatbay.name,2,Keyword: cloud,
cloudpush.com,2,Keyword: cloud,
cloudquarterback.net,2,Keyword: cloud,
cloudrepository.ru,2,Keyword: cloud,
cloudsaveapp.com,2,Keyword: cloud,
cloudsayt.xyz,2,Keyword: cloud,
cloudscredit.com,2,Keyword: cloud,
cloudserver.store,2,Keyword: cloud,
cloudservicesproviders.net,2,Keyword: service,
cloudsigma.aku-dot.ddnsgeek.com,2,Keyword: cloud,
cloudsigma.cloudns.biz,2,Keyword: cloud,
cloudsigma.dot-aja.ooguy.com,2,Keyword: cloud,
cloudsigmastupid.emailpalsu.dns-dynamic.net,2,Keyword: cloud,
cloudsigmatrial.cf,2,Keyword: cloud,
cloudsign.in,2,Keyword: cloud,
cloudsnet.uk,2,Keyword: cloud,
cloudsoftwarekorea.com,2,Keyword: cloud,
cloudsolar.net,2,Keyword: cloud,
cloudsolvd.com,2,Keyword: cloud,
cloudsram.me,2,Keyword: cloud,
cloudssima.myvnc.com,2,Keyword: cloud,
cloudstat.top,2,Keyword: cloud,
cloudstreaming.info,2,Keyword: cloud,
cloudsyou.com,2,Keyword: cloud,
cloudt12server01.com,2,Keyword: cloud,
cloudtechno.top,2,Keyword: cloud,
cloudtemail.com,2,Keyword: cloud,
cloudtempmail.net,2,Keyword: cloud,
cloudts.shop,2,Keyword: cloud,
cloudturnos.com,2,Keyword: cloud,
cloudweb.app,2,Keyword: cloud,
cloudxanh.vn,2,Keyword: cloud,
cloudxyzmail.com,2,Keyword: cloud,
cloudy-inbox.com,2,Keyword: cloud,
cloudyfood.com,2,Keyword: cloud,
cloudymailbox.com,2,Keyword: cloud,
cloudyoume.software,2,Keyword: cloud,
cloudysmart.ga,2,Keyword: cloud,
cloudystream.biz.id,2,Keyword: cloud,
cloudyxx.ml,2,Keyword: cloud,
clowncloudmusic.com,2,Keyword: cloud,
cmail.simplelogin.com,2,Keyword: login,
cmfa.in,2,Keyword: mfa,
cmhr.com,2,Keyword: hr,
cmkservice.com,2,Keyword: service,
cmpjrehrjn.ga,2,Keyword: hr,
cmrzhrjiao.mailbo.store,2,Keyword: hr,
cmservicescompany.com,2,Keyword: service,
cncmachiningservice.us,2,Keyword: service,
cntbank.ru,2,Keyword: bank,
coastalfieldservices.com,2,Keyword: service,
cobaltservicesinc.com,2,Keyword: service,
cochranmail.men,2,Keyword: hr,
cochranstephanie.online,2,Keyword: hr,
cocktailservice-tropical.de,2,Keyword: service,
coclaims.com,2,Keyword: claim,
cocosandcoffee.net,2,Keyword: fee,
cocovpn.com,2,Keyword: vpn,
cod.simplelogin.com,2,Keyword: login,
coffee-time.online,2,Keyword: fee,
coffee.8shield.net,2,Keyword: fee,
coffee.coffee.gcantikored.pw,2,Keyword: fee,
coffee.infoalgers.info,2,Keyword: fee,
coffee.p-oops.com,2,Keyword: fee,
coffee.panels.top,2,Keyword: fee,
coffee.siapabucol.com,2,Keyword: fee,
coffee.w-shoponline.info,2,Keyword: fee,
coffee.wholesalecheapfootballjerseys.com,2,Keyword: fee,
coffee.wpower.info,2,Keyword: fee,
coffeeandsea.com,2,Keyword: fee,
coffeeauthorities.com,2,Keyword: fee,
coffeeazzan.com,2,Keyword: fee,
coffeecat.org,2,Keyword: fee,
coffeecruelty.org,2,Keyword: fee,
coffeeity.com,2,Keyword: fee,
coffeejadore.com,2,Keyword: fee,
coffeejeans.com.ua,2,Keyword: fee,
coffeelovers.life,2,Keyword: fee,
coffeemaker.buzz,2,Keyword: fee,
coffeemakers101.info,2,Keyword: fee,
coffeepancakewafflebacon.com,2,Keyword: fee,
coffeepoint.tech,2,Keyword: fee,
coffeescerini.com,2,Keyword: fee,
coffeeseur.com,2,Keyword: fee,
coffeeshipping.com,2,Keyword: shipping,
coffeetimer24.com,2,Keyword: fee,
coffeetunner.com,2,Keyword: fee,
cogswellestateservices.com,2,Keyword: service,
coleappraisalservices.com,2,Keyword: service,
colework.cloud,2,Keyword: cloud,
collegefees.xyz,2,Keyword: fee,
coloradoapplianceservice.com,2,Keyword: service,
coloradocattlefeeders.com,2,Keyword: fee,
coloshron.ru,2,Keyword: hr,
colossuscloud.us,2,Keyword: cloud,
com-access-wallet.info,2,Keyword: wallet,
com-dailywin.cloud,2,Keyword: cloud,
com-hr0s02qp09.com,2,Keyword: hr,
com-mobilealert.com,2,Keyword: alert,
comfarofa.com,2,Keyword: mfa,
comfort.healthroutine.click,2,Keyword: hr,
comingsoon.support,2,Keyword: support,
commonthreads.space,2,Keyword: hr,
commpeak.cloud,2,Keyword: cloud,
companiespay.cloud,2,Keyword: cloud,
companydsmeun.cloud,2,Keyword: cloud,
companyhub.cloud,2,Keyword: cloud,
companyreg.services,2,Keyword: service,
compareshippingrates.org,2,Keyword: shipping,
comprarbitcoinsenbarcelona.com,2,Keyword: bitcoin,
compute.hwclouds-dns.com,2,Keyword: cloud,
computechrun.xyz,2,Keyword: hr,
computer-service-in-heidelberg.de,2,Keyword: service,
computer-service-in-heilbronn.de,2,Keyword: service,
computer-service-sinsheim.de,2,Keyword: service,
computerserviceandsupport.com,2,Keyword: service,
compwhiz-computer-service.com,2,Keyword: service,
comsafe-mail.net,2,Keyword: safe,
conceptdesigninc.com,2,Keyword: signin,
concordpayments.net,2,Keyword: payment,
confidentialnotification.com,2,Keyword: notification,
congomobileservices.cd,2,Keyword: service,
conidirsmail.ru,2,Keyword: irs,
conor.simplelogin.com,2,Keyword: login,
consultancies.cloud,2,Keyword: cloud,
consultancies.services,2,Keyword: service,
consultancyservices.ltd,2,Keyword: service,
consultancyservices.online,2,Keyword: service,
consultinghubs.services,2,Keyword: service,
consultingservice.shop,2,Keyword: service,
consultingservice.site,2,Keyword: service,
consultservices.ltd,2,Keyword: service,
consultservices.site,2,Keyword: service,
contact.healthroutine.click,2,Keyword: hr,
contact.supportshq.click,2,Keyword: support,
contact.supportshub.click,2,Keyword: support,
contact.thesupport.click,2,Keyword: support,
contacts.supportsly.click,2,Keyword: support,
contactus.wetransfer.click,2,Keyword: transfer,
contractor.tax,2,Keyword: tax,
contractorshub.cloud,2,Keyword: cloud,
contractorshub.services,2,Keyword: service,
contractorsupport.org,2,Keyword: support,
contractortax.contractors,2,Keyword: tax,
convergenceservice.com,2,Keyword: service,
coolc.cloudns.org,2,Keyword: cloud,
coolfish.cloudns.org,2,Keyword: cloud,
coolservicemail.eu,2,Keyword: service,
corcoranslockandsafe.com,2,Keyword: safe,
corestack.simplelogin.com,2,Keyword: login,
corfuspiritualhealthretreat.com,2,Keyword: hr,
coris.bank,2,Keyword: bank,
cornmusihr.space,2,Keyword: hr,
coronacoffee.com,2,Keyword: fee,
coronavirusrecoverycommission.com,2,Keyword: recover,
corpuschristichimneysweep.us,2,Keyword: hr,
corpuschristicocainerehab.com,2,Keyword: hr,
corpuschristiopiaterehab.com,2,Keyword: hr,
corrective.getwisetransfer.click,2,Keyword: transfer,
correspond.simplelogin.com,2,Keyword: login,
cosbbank.com,2,Keyword: bank,
cotnact.opensupports.click,2,Keyword: support,
could.poisedtoshrike.com,2,Keyword: hr,
countertracking.com,2,Keyword: track,
cov-supportgrant.com,2,Keyword: support,
coverification.org,2,Keyword: verification,
covermail.simplelogin.com,2,Keyword: login,
coyote-arts.simplelogin.com,2,Keyword: login,
cr.cloudns.asia,2,Keyword: cloud,
crafttrack.site,2,Keyword: track,
crappertracker.com,2,Keyword: track,
crazylemonssafe.space,2,Keyword: safe,
createdrive.com,2,Keyword: drive,
createdrive.net,2,Keyword: drive,
credentials4u.com,2,Keyword: credential,
creditadvancedservices.com,2,Keyword: service,
creditsafesverige.biz,2,Keyword: safe,
creditsafesverige.info,2,Keyword: safe,
creditsafesverige.net,2,Keyword: safe,
creek.poisedtoshrike.com,2,Keyword: hr,
creekbottomfarm.com,2,Keyword: mfa,
creepfeed.com,2,Keyword: fee,
creo.cloudns.cc,2,Keyword: cloud,
cresek.cloud,2,Keyword: cloud,
cron.cloudns.be,2,Keyword: cloud,
crossborderapps.net,2,Keyword: order,
crosscrewtrucktrailorservices.com,2,Keyword: service,
crosswordtrack.com,2,Keyword: track,
crosswordtracker.net,2,Keyword: track,
crowdpiggybank.com,2,Keyword: bank,
crowdpiggybank.org,2,Keyword: bank,
crypticelement.cloud,2,Keyword: cloud,
csgologin5.site,2,Keyword: login,
cshoesfirst.info,2,Keyword: irs,
csqbwhrkdn.mailbo.store,2,Keyword: hr,
cst-service.biz,2,Keyword: service,
ctax-plan.com,2,Keyword: tax,
ctp8hryjbq.mailbo.store,2,Keyword: hr,
ctrepairsinc.com,2,Keyword: irs,
cuaicloud.space,2,Keyword: cloud,
cubethreegroup.com,2,Keyword: hr,
cuiaba.mt.gov.br.internetaa317.xyz,2,Keyword: gov,
culinaryservices.com,2,Keyword: service,
cumonfeet.org,2,Keyword: fee,
cupidscloud.com,2,Keyword: cloud,
customerservice.mp3download24.info,2,Keyword: service,
customerservice.travelservice4u.com,2,Keyword: service,
customerservicejamaica.org,2,Keyword: service,
customersupportdepartment.ga,2,Keyword: support,
customs.com,2,Keyword: customs,
customs.red,2,Keyword: customs,
customs2g3.com,2,Keyword: customs,
customshop4us.com,2,Keyword: customs,
customsmf.net,2,Keyword: customs,
customsnapbackcap.com,2,Keyword: customs,
customss.com,2,Keyword: customs,
cutecloud.fun,2,Keyword: cloud,
cuteness.cloud,2,Keyword: cloud,
cutthrrcpc.space,2,Keyword: hr,
cx777gamelogin.info,2,Keyword: login,
cy5bhrnwqt.mailbo.store,2,Keyword: hr,
cyber-security-career.com,2,Keyword: security,
cyber-security.lat,2,Keyword: security,
cyberonservices.com,2,Keyword: service,
cyberpointeservices.com,2,Keyword: service,
cybersecurity.lol,2,Keyword: security,
cybersecurity.mba,2,Keyword: security,
cybersecurityforentrepreneurs.com,2,Keyword: security,
cyberservices.com,2,Keyword: service,
cynicalsysadmin.com,2,Keyword: admin,
d-email.simplelogin.com,2,Keyword: login,
d247login.net,2,Keyword: login,
da-first.com,2,Keyword: irs,
dacasjahr.cf,2,Keyword: hr,
dacasjahr.ga,2,Keyword: hr,
dacasjahr.gq,2,Keyword: hr,
dacasjahr.ml,2,Keyword: hr,
dacasjahr.tk,2,Keyword: hr,
dacoh-alias-services.fr,2,Keyword: service,
daig.simplelogin.com,2,Keyword: login,
dailybitcoinlotto.com,2,Keyword: bitcoin,
dailydeliverykw.com,2,Keyword: delivery,
daimlerchrysler.cf,2,Keyword: hr,
daimlerchrysler.gq,2,Keyword: hr,
daimlerchrysler.ml,2,Keyword: hr,
daisuke4410.akihiro16.prowebmail.online,2,Keyword: webmail,
daiteikoku.simplelogin.com,2,Keyword: login,
daithresdoor.cf,2,Keyword: hr,
daithresdoor.gq,2,Keyword: hr,
daithresdoor.ml,2,Keyword: hr,
daithresdoor.tk,2,Keyword: hr,
dalamanporttransfer.xyz,2,Keyword: transfer,
dallas.gov,2,Keyword: gov,
danbouf.simplelogin.com,2,Keyword: login,
dancecloudrecords.com,2,Keyword: cloud,
dani.simplelogin.com,2,Keyword: login,
daniilhram.info,2,Keyword: hr,
dann.mywire.org,2,Keyword: wire,
danoshass.cloud,2,Keyword: cloud,
daqbank.net,2,Keyword: bank,
daqbank.org,2,Keyword: bank,
dark.support,2,Keyword: support,
darkingcoffee.com,2,Keyword: fee,
darrylhumphrey.me,2,Keyword: hr,
das.simplelogin.com,2,Keyword: login,
data-driven.org,2,Keyword: drive,
datacenteritalia.cloud,2,Keyword: cloud,
dataretrievalharddrive.net,2,Keyword: drive,
dataservicehubs.com,2,Keyword: service,
datax.expert,2,Keyword: tax,
datax.network,2,Keyword: tax,
date-christians.co.uk,2,Keyword: hr,
datingcloud.info,2,Keyword: cloud,
datingmint.com,2,Keyword: mint,
davissafety.net,2,Keyword: safe,
dawnandduskcoffee.com,2,Keyword: fee,
dawsonmarineservice.com,2,Keyword: service,
dayalshreeparadise.com,2,Keyword: hr,
dbmail.simplelogin.com,2,Keyword: login,
dcawstwrsv.cloud,2,Keyword: cloud,
dcumi6.cloud,2,Keyword: cloud,
ddhr.com,2,Keyword: hr,
ddigiwirew.site,2,Keyword: wire,
ddiservices.net,2,Keyword: service,
de-register.newdevice-secure.com,2,Keyword: secure,
de4nr2xhr0.mailbo.store,2,Keyword: hr,
dealthrifty.com,2,Keyword: hr,
deathbycounciltax.com,2,Keyword: tax,
deathwishcoffee.us,2,Keyword: fee,
debtor-tax.com,2,Keyword: tax,
dede10hrs.site,2,Keyword: hr,
dedi.poisedtoshrike.com,2,Keyword: hr,
dedifast.taxi,2,Keyword: tax,
deepcloud.one,2,Keyword: cloud,
deepthroat.monster,2,Keyword: hr,
deepvpn.site,2,Keyword: vpn,
deepvpn.space,2,Keyword: vpn,
defibank.technology,2,Keyword: bank,
defibank24.com,2,Keyword: bank,
deficienciese.cloud,2,Keyword: cloud,
deft-service.ru,2,Keyword: service,
deisanvu.gov,2,Keyword: gov,
delawaresecure.com,2,Keyword: secure,
delightfulpayroll.com,2,Keyword: payroll,
delimiter.cloud,2,Keyword: cloud,
delivery-email.ru,2,Keyword: delivery,
delivery136.monster,2,Keyword: delivery,
delivery377.monster,2,Keyword: delivery,
deliveryconcierge.com,2,Keyword: delivery,
deliverydaily.org,2,Keyword: delivery,
deliveryfmail.com,2,Keyword: delivery,
deliveryman.com,2,Keyword: delivery,
deliveryotter.com,2,Keyword: delivery,
deliveryquebec.com,2,Keyword: delivery,
demirse.com,2,Keyword: irs,
dendivpn.me,2,Keyword: vpn,
dendrochromail.com,2,Keyword: hr,
denovocybersecurity.com,2,Keyword: security,
dentalclinic.services,2,Keyword: service,
dentalstaffingsa.com,2,Keyword: staff,
depinpools.cloud,2,Keyword: cloud,
deposit.ml,2,Keyword: deposit,
depositbonustopcasino.com,2,Keyword: deposit,
depositshub1.com,2,Keyword: deposit,
depositshub2.com,2,Keyword: deposit,
descretdelivery.com,2,Keyword: delivery,
design-first.com,2,Keyword: irs,
designforthefirstworld.com,2,Keyword: irs,
designingenium.com,2,Keyword: signin,
designingireland.com,2,Keyword: signin,
designingknights.com,2,Keyword: signin,
designingmind.net,2,Keyword: signin,
designingsolutions.net,2,Keyword: signin,
designmint.site,2,Keyword: mint,
designtechnologyservices.com,2,Keyword: service,
desireemadelyn.kyoto-webmail.top,2,Keyword: webmail,
desktop.poisedtoshrike.com,2,Keyword: hr,
desktopbitcoin.com,2,Keyword: bitcoin,
despairsquid.xyz,2,Keyword: irs,
desultorydrivel.com,2,Keyword: drive,
detran.sp.gov.br.newt.phys.unsw.edu.au.smtp.sml2020.xyz,2,Keyword: gov,
detroithairsalons.com,2,Keyword: irs,
deutestax.xyz,2,Keyword: tax,
dev.poisedtoshrike.com,2,Keyword: hr,
devere-group-banking.com,2,Keyword: banking,
device-secure-new-auth.com,2,Keyword: secure,
devspace.simplelogin.com,2,Keyword: login,
deweyscoffee.com,2,Keyword: fee,
dfahasdfhas.cloud,2,Keyword: cloud,
dfe.simplelogin.com,2,Keyword: login,
dfgmasgsgasgdg89.cloud,2,Keyword: cloud,
dfhjerttrjhrt.usa.cc,2,Keyword: hr,
dfirstmail.com,2,Keyword: irs,
dfryhr56fc.usa.cc,2,Keyword: hr,
dfsxdgfccfg.cloud,2,Keyword: cloud,
dfxgbcxfv.cloud,2,Keyword: cloud,
dgcustomerfirst.site,2,Keyword: irs,
dhahahedfff.cloud,2,Keyword: cloud,
dhedhedjhryge.usa.cc,2,Keyword: hr,
dhr1wm.us,2,Keyword: hr,
dhrs22bt3b.mailbo.store,2,Keyword: hr,
dhruv.slmail.me,2,Keyword: hr,
dhruvseth.com,2,Keyword: hr,
dhrwkf2du9.mailbo.store,2,Keyword: hr,
dianadadmehr.com,2,Keyword: hr,
diaphragmtv.com,2,Keyword: hr,
dicejobalertsa13.com,2,Keyword: alert,
diceservices.com,2,Keyword: service,
diceservices.net,2,Keyword: service,
diceservices.org,2,Keyword: service,
dickmorrisservice.com,2,Keyword: service,
didikselowcoffee.cf,2,Keyword: fee,
didikselowcoffee.ga,2,Keyword: fee,
didikselowcoffee.gq,2,Keyword: fee,
didikselowcoffee.ml,2,Keyword: fee,
diegovts.tk,2,Keyword: gov,
dieseldriver.com,2,Keyword: drive,
diggiesupport.com,2,Keyword: support,
digihairstyles.com,2,Keyword: irs,
digisam.services,2,Keyword: service,
digisamservice.com,2,Keyword: service,
digital-bank.com,2,Keyword: bank,
digitalcoldwallet.com,2,Keyword: wallet,
digitalmailservice.xyz,2,Keyword: service,
diksmet.cloud,2,Keyword: cloud,
dinadina.cloud,2,Keyword: cloud,
dinahehdds.cloud,2,Keyword: cloud,
dinawael.cloud,2,Keyword: cloud,
dinnnnnnnnnnna.cloud,2,Keyword: cloud,
dinoschristou.com,2,Keyword: hr,
dinsfirsgu.cf,2,Keyword: irs,
dinsfirsgu.ga,2,Keyword: irs,
dinsfirsgu.gq,2,Keyword: irs,
dinsfirsgu.ml,2,Keyword: irs,
dinsfirsgu.tk,2,Keyword: irs,
dintughreb.fun,2,Keyword: hr,
dinvpn1nah.mailbo.store,2,Keyword: vpn,
directdepositviaach.com,2,Keyword: deposit,
directpaymentviaach.com,2,Keyword: payment,
disappointments.cloud,2,Keyword: cloud,
disasterserviceleads.com,2,Keyword: service,
discoverblueservices.com,2,Keyword: service,
discreetvpn.com,2,Keyword: vpn,
diseasetrackers.net,2,Keyword: track,
disposablemail.simplelogin.com,2,Keyword: login,
distrackbos.com,2,Keyword: track,
ditcloud.info,2,Keyword: cloud,
ditdrive.info,2,Keyword: drive,
dito777login.net,2,Keyword: login,
diverse.cloudadvantage.live,2,Keyword: cloud,
diversitystaffinginc.com,2,Keyword: staff,
divestfromthebanks.org,2,Keyword: bank,
diytaxes.com,2,Keyword: tax,
djb3scshrl.mailbo.store,2,Keyword: hr,
djdaj.cloud,2,Keyword: cloud,
dlc.simplelogin.com,2,Keyword: login,
dmca-security.com,2,Keyword: security,
dmcasecurity.com,2,Keyword: security,
dmong.cloud,2,Keyword: cloud,
dnatest.services,2,Keyword: service,
dnjrj2fa9q.mailbo.store,2,Keyword: 2fa,
dns-cloud.net,2,Keyword: cloud,
dns53.outlook.rest,2,Keyword: outlook,
dnueuh2822121y822872382888.cloudns.org,2,Keyword: cloud,
do-creditcardnofeecas-ok.live,2,Keyword: fee,
dobfnbhrge.mailbo.store,2,Keyword: hr,
docordbloodbankhelpok.live,2,Keyword: bank,
docordbloodbankhelpsok.live,2,Keyword: bank,
docs.poisedtoshrike.com,2,Keyword: hr,
doctroscares.services,2,Keyword: service,
document.location.href,2,Keyword: hr,
docuswiftpro.com,2,Keyword: swift,
dojacloudsupply.com,2,Keyword: cloud,
domainabuser.com,2,Keyword: abuse,
domainssssssss.services,2,Keyword: service,
dombrugova.ru,2,Keyword: gov,
domcoffee.site,2,Keyword: fee,
domesol.simplelogin.com,2,Keyword: login,
domintecho.work.gd,2,Keyword: mint,
dongaaaaaaa.cloud,2,Keyword: cloud,
donniedealer.simplelogin.com,2,Keyword: login,
donotrackplus.com,2,Keyword: track,
donsproservices.com,2,Keyword: service,
dontrackme.com,2,Keyword: track,
doorandwindowrepairs.com,2,Keyword: irs,
dotslashrage.com,2,Keyword: hr,
doutlook.com,2,Keyword: outlook,
downloaddirstuff.site,2,Keyword: irs,
downloadeguide.mywire.org,2,Keyword: wire,
downloadsecurecloud.com,2,Keyword: cloud,
downrange-services.com,2,Keyword: service,
doxeo.cloud,2,Keyword: cloud,
dpfbilling.com,2,Keyword: billing,
dqdomain.simplelogin.com,2,Keyword: login,
dqservices.com,2,Keyword: service,
draftfirs.icu,2,Keyword: irs,
dragonmint.info,2,Keyword: mint,
dragonmintv2hub.online,2,Keyword: mint,
drainservices.com,2,Keyword: service,
drchriscsi.com,2,Keyword: hr,
dreamingtrack.com,2,Keyword: track,
drinkingcoffee.info,2,Keyword: fee,
dripfeedmaster.xyz,2,Keyword: fee,
drive-v.com,2,Keyword: drive,
drive.mailbo.store,2,Keyword: drive,
drivecompanies.com,2,Keyword: drive,
drivecruzenow.com,2,Keyword: drive,
drivedisputeflood.site,2,Keyword: drive,
driveeurope.org,2,Keyword: drive,
driveguar.email,2,Keyword: drive,
drivegue.id,2,Keyword: drive,
drivehiresouthwest.com,2,Keyword: drive,
drivehublernissan.com,2,Keyword: drive,
driveku.me,2,Keyword: drive,
drivelander.com,2,Keyword: drive,
driveleave.email,2,Keyword: drive,
drivelegalnowga.com,2,Keyword: drive,
drivelinegolf.com,2,Keyword: drive,
drivemail.sbs,2,Keyword: drive,
drivemoe.eu.org,2,Keyword: drive,
drivenbyjam.site,2,Keyword: drive,
drivenelite.com,2,Keyword: drive,
drivenpost.com,2,Keyword: drive,
driventobuyorsellyourgeorgiahome.com,2,Keyword: drive,
drivenyvss.space,2,Keyword: drive,
drivepolitely.com,2,Keyword: drive,
driverakademi.online,2,Keyword: drive,
driverbooster-soft.ru,2,Keyword: drive,
driverimprove.com,2,Keyword: drive,
driversgood.ru,2,Keyword: drive,
driversoft.com,2,Keyword: drive,
driverstorage-bokaxude.tk,2,Keyword: drive,
drivesotp7.com,2,Keyword: drive,
drivetagdev.com,2,Keyword: drive,
drivetomz.com,2,Keyword: drive,
drivewarm.com,2,Keyword: drive,
drivewayrepairburbank.info,2,Keyword: bank,
droidcloud.mobi,2,Keyword: cloud,
dropshipping.bio,2,Keyword: shipping,
dropshipping.click,2,Keyword: shipping,
dropshipping.gratis,2,Keyword: shipping,
dropshippingagents.com,2,Keyword: shipping,
dropshippingrich.com,2,Keyword: shipping,
dropshipunlocked.com,2,Keyword: unlock,
drpphreviews.com,2,Keyword: hr,
dsddded.cloud,2,Keyword: cloud,
dsecurelyx.com,2,Keyword: secure,
dsejhruryu.usa.cc,2,Keyword: hr,
dshfjdafd.cloud,2,Keyword: cloud,
dshrqd1h.mailosaur.net,2,Keyword: hr,
dsjfgsdfjhdf58.cloud,2,Keyword: cloud,
dspwebservices.com,2,Keyword: service,
dtvcloud.net,2,Keyword: cloud,
duckefeetusa.com,2,Keyword: fee,
ducky06.simplelogin.com,2,Keyword: login,
dufeed.com,2,Keyword: fee,
dukcapiloganilir.cloud,2,Keyword: cloud,
duluthmn.gov,2,Keyword: gov,
dumpstrack1.com,2,Keyword: track,
dunefee.com,2,Keyword: fee,
duniavpn.email,2,Keyword: vpn,
duolcxcloud.com,2,Keyword: cloud,
durchreshard9019.a.lofteone.ru,2,Keyword: hr,
dutchmancoffeeroasters.com,2,Keyword: fee,
duwbveirs6.mailbo.store,2,Keyword: irs,
dvd.dns-cloud.net,2,Keyword: cloud,
dvgfdgtyhrbr758.usa.cc,2,Keyword: hr,
dwire.com,2,Keyword: wire,
dx.abuser.eu,2,Keyword: abuse,
dxym1thrbe.mailbo.store,2,Keyword: hr,
dygovil.com,2,Keyword: gov,
dygovil.site,2,Keyword: gov,
dynamicchrome.site,2,Keyword: hr,
dz4ahrt79.pl,2,Keyword: hr,
e0ohrqcfcf.mailbo.store,2,Keyword: hr,
e2betlogin.net,2,Keyword: login,
eaadresddasa.cloud,2,Keyword: cloud,
eahtirski.com,2,Keyword: irs,
eajfciwvbohrdbhyi.cf,2,Keyword: hr,
eajfciwvbohrdbhyi.ga,2,Keyword: hr,
eajfciwvbohrdbhyi.gq,2,Keyword: hr,
eajfciwvbohrdbhyi.ml,2,Keyword: hr,
eajfciwvbohrdbhyi.tk,2,Keyword: hr,
earnosethroatcareers.com,2,Keyword: hr,
easinoschrom.tk,2,Keyword: hr,
eastfirstconsulting.com,2,Keyword: irs,
easy-customs.ru,2,Keyword: customs,
easyiphoneunlock.top,2,Keyword: unlock,
easytaxesandbookkeeping.com,2,Keyword: tax,
easytechroraima.com,2,Keyword: hr,
eataxlady.com,2,Keyword: tax,
eatingdisordersexpert.com,2,Keyword: order,
eauclairecounty.gov,2,Keyword: gov,
eazedeliverynow.com,2,Keyword: delivery,
ebloodbanking.org,2,Keyword: banking,
ecocloud.com,2,Keyword: cloud,
ecommerceservice.cc,2,Keyword: service,
ecomsecure.org,2,Keyword: secure,
ecoutlook.com,2,Keyword: outlook,
ecowireless.com,2,Keyword: wire,
edfore.cloud,2,Keyword: cloud,
edgeserviceworkers.net,2,Keyword: service,
edhardyfeel.com,2,Keyword: fee,
edheherhruj.usa.cc,2,Keyword: hr,
edphrm.com,2,Keyword: hr,
edu-track.net,2,Keyword: track,
edu.hr.eu.org,2,Keyword: hr,
eduardo.simplelogin.com,2,Keyword: login,
educationservice.us,2,Keyword: service,
edufirst.sbs,2,Keyword: irs,
eehr.cse445.com,2,Keyword: hr,
ef74.simplelogin.com,2,Keyword: login,
efasttrackwatches.com,2,Keyword: track,
eherjhrjrj.usa.cc,2,Keyword: hr,
ehrfjtku.usa.cc,2,Keyword: hr,
ehrhrjhrjtj.usa.cc,2,Keyword: hr,
ehrqoooi7k.mailbo.store,2,Keyword: hr,
eisupport.net,2,Keyword: support,
ejdy1hr9b.pl,2,Keyword: hr,
ejhrjhesryeyh.usa.cc,2,Keyword: hr,
ekahrs.se,2,Keyword: hr,
ekogameservice.com,2,Keyword: service,
ekung2024.cloudns.be,2,Keyword: cloud,
electricistaurgente.net,2,Keyword: urgent,
elementsupport.com,2,Keyword: support,
elevationrecoverycenter.info,2,Keyword: recover,
elichristoff.com,2,Keyword: hr,
elie88.tastyarabicacoffee.com,2,Keyword: fee,
eliselifewire.com,2,Keyword: wire,
elitecleaningservice313.com,2,Keyword: service,
elitepharmastaffing.com,2,Keyword: staff,
eliteproposalgrantwritingservices.com,2,Keyword: service,
elixirsd.com,2,Keyword: irs,
elizabethreginalove.com,2,Keyword: hr,
elizabethroberts.org,2,Keyword: hr,
elog.simplelogin.com,2,Keyword: login,
elsethriftexam.website,2,Keyword: hr,
emagrecer-rapido-urgente.com,2,Keyword: urgent,
email-splashbeachresort.com,2,Keyword: hr,
email.zahrobsky.net,2,Keyword: hr,
emailcloudhub.uk,2,Keyword: cloud,
emailcoffeehouse.com,2,Keyword: fee,
emailsecure.top,2,Keyword: secure,
emailsecurer.com,2,Keyword: secure,
emailtaxi.de,2,Keyword: tax,
emailus.getwisetransfer.click,2,Keyword: transfer,
emailus.ninjatransfers.click,2,Keyword: transfer,
emakmintadomain.co,2,Keyword: mint,
embassyofcoffee.de,2,Keyword: fee,
emeraldwebmail.com,2,Keyword: webmail,
emergency-alert.org,2,Keyword: alert,
emergency-alerts.org,2,Keyword: alert,
emergencyredalerts.org,2,Keyword: alert,
emfadgs1.mailosaur.net,2,Keyword: mfa,
emjicloud.xyz,2,Keyword: cloud,
emmajulissa.kyoto-webmail.top,2,Keyword: webmail,
employee.mailbo.store,2,Keyword: employee,
employeedictionary.com,2,Keyword: employee,
employeeglossary.com,2,Keyword: employee,
empoweredservices.org,2,Keyword: service,
empty.support,2,Keyword: support,
en.firstmail.ltd,2,Keyword: irs,
enchantedindiancoffee.com,2,Keyword: fee,
encinowire.com,2,Keyword: wire,
encloudhd.com,2,Keyword: cloud,
encompassfamilyservices.net,2,Keyword: service,
encryptedcake.simplelogin.com,2,Keyword: login,
encryption.support,2,Keyword: support,
enem.inep.gov.br.rotecproperty.xyz,2,Keyword: gov,
englishring.com,2,Keyword: hr,
engsafe.xyz,2,Keyword: safe,
enhancedsurgicalrecovery.com,2,Keyword: recover,
enithbank.com,2,Keyword: bank,
enquiry.getwisetransfer.click,2,Keyword: transfer,
enterprise-secure-registration.com,2,Keyword: secure,
enterprisebitcoin.com,2,Keyword: bitcoin,
entertainmebillings.com,2,Keyword: billing,
entrynotice.pro,2,Keyword: notice,
enuygunbankalar.online,2,Keyword: bank,
enuygunbankalar.xyz,2,Keyword: bank,
eosfeed.com,2,Keyword: fee,
ephrine.com,2,Keyword: hr,
epk.simplelogin.com,2,Keyword: login,
eplhr0rzon.mailbo.store,2,Keyword: hr,
epriv.simplelogin.com,2,Keyword: login,
epropertytaxappeal.net,2,Keyword: tax,
epropertytaxappeal.org,2,Keyword: tax,
epsilonzulu.webmailious.top,2,Keyword: webmail,
equifirst.in,2,Keyword: irs,
equityglobal.cloud,2,Keyword: cloud,
erhrhrjuutru5ru.usa.cc,2,Keyword: hr,
ericsupport.com,2,Keyword: support,
erythroblamail.com,2,Keyword: hr,
erythroblasfmus.ru,2,Keyword: hr,
erythroblmail.ru,2,Keyword: hr,
erythrocinf.com,2,Keyword: hr,
erythrocmail.com,2,Keyword: hr,
erythrocytinf.com,2,Keyword: hr,
erythromycin.website,2,Keyword: hr,
erythrsmail.ru,2,Keyword: hr,
eschrysjoyas.com,2,Keyword: hr,
esiries.cloud,2,Keyword: cloud,
esl.cloud,2,Keyword: cloud,
esparkpayments.co.uk,2,Keyword: payment,
essaywritingserviceahrefs.com,2,Keyword: service,
essaywritingservicebbc.com,2,Keyword: service,
essaywritingservicelinked.com,2,Keyword: service,
essaywritingserviceus.com,2,Keyword: service,
essentialsecurity.com,2,Keyword: security,
est.simplelogin.com,2,Keyword: login,
esupport-j.com,2,Keyword: support,
etaxmail.com,2,Keyword: tax,
etgeyhrhrjn.usa.cc,2,Keyword: hr,
ethereum-code.site,2,Keyword: ethereum,
ethereum.aleeas.com,2,Keyword: ethereum,
ethereum1.top,2,Keyword: ethereum,
ethereumcodes.net,2,Keyword: ethereum,
ethreach.org,2,Keyword: hr,
eticaret.cloud,2,Keyword: cloud,
etrackarchitect.com,2,Keyword: track,
etsrecyclingservices.com,2,Keyword: service,
etuhzoamhr.mailbo.store,2,Keyword: hr,
eu.dns-cloud.net,2,Keyword: cloud,
eubanks.simplelogin.com,2,Keyword: login,
eugenehairsalons.com,2,Keyword: irs,
euhrghedgg.usa.cc,2,Keyword: hr,
eur03.safelinks.protection.outlook.com.dlyemail.com,2,Keyword: outlook,
europeanservicegroup.com,2,Keyword: service,
eurouniversitybahrain.com,2,Keyword: hr,
event-security.net,2,Keyword: security,
evermorefundraising.com,2,Keyword: refund,
everydaycoffee.ph,2,Keyword: fee,
everyhomeforchrist.live,2,Keyword: hr,
everyhomeforchrist.net,2,Keyword: hr,
evolvewithranu.com,2,Keyword: hr,
ewardnningobd.cloud,2,Keyword: cloud,
ewyixh0hrs.mailbo.store,2,Keyword: hr,
excellent-supporting.com,2,Keyword: support,
excellenthrconcept.net,2,Keyword: hr,
exchange-wallet.info,2,Keyword: wallet,
expansivehr.com,2,Keyword: hr,
expertcomplianceservices.com,2,Keyword: service,
expressvpn.email,2,Keyword: vpn,
expressvpn.help,2,Keyword: vpn,
expressvpn.ink,2,Keyword: vpn,
expressvpna.com,2,Keyword: vpn,
extra.poisedtoshrike.com,2,Keyword: hr,
extrachromfmail.ru,2,Keyword: hr,
exvpn.top,2,Keyword: vpn,
eyesandfeet.com,2,Keyword: fee,
ezmspcloud.com,2,Keyword: cloud,
ezriderairshocks.com,2,Keyword: irs,
f2dtransfer10.com,2,Keyword: transfer,
f6kbl.cloud,2,Keyword: cloud,
fabriutils.cloud,2,Keyword: cloud,
face2face-cafe.site,2,Keyword: 2fa,
facilityservices24.de,2,Keyword: service,
factoringfee.ru,2,Keyword: fee,
fahr-zur-hoelle.org,2,Keyword: hr,
fahrapp.net,2,Keyword: hr,
fahrgo.com,2,Keyword: hr,
fahrizal.club,2,Keyword: hr,
failsafe.email,2,Keyword: safe,
fairsmoke.net,2,Keyword: irs,
faithdrivenrevivals.com,2,Keyword: drive,
fallshomeservices.com,2,Keyword: service,
falltrack.net,2,Keyword: track,
fambet.simplelogin.com,2,Keyword: login,
familychristianlifecoach.com,2,Keyword: hr,
familyfirstemail.com,2,Keyword: irs,
familyhomesecurity.com,2,Keyword: security,
fans2fans.info,2,Keyword: 2fa,
fantasticsupport.net,2,Keyword: support,
fantaxanh.art,2,Keyword: tax,
faqoox1hrr.mailbo.store,2,Keyword: hr,
fartqbjhrx.mailbo.store,2,Keyword: hr,
fartwallet.com,2,Keyword: wallet,
fashionufeel.com,2,Keyword: fee,
fashionwallets2012.info,2,Keyword: wallet,
fastchrysler.com,2,Keyword: hr,
fastdownloadcloud.ru,2,Keyword: cloud,
fastemailservices.com,2,Keyword: service,
fastglass.simplelogin.com,2,Keyword: login,
fastmailservice.info,2,Keyword: service,
fastmailservice.xyz,2,Keyword: service,
fastoutlook.ga,2,Keyword: outlook,
fastservice.com,2,Keyword: service,
fastshipping.ru,2,Keyword: shipping,
fastshippingrus.com,2,Keyword: shipping,
fastshippingweed.com,2,Keyword: shipping,
fb77705casinologin.com,2,Keyword: login,
fbkubro2024.cloud,2,Keyword: cloud,
fbooktracking.online,2,Keyword: track,
fbp.simplelogin.com,2,Keyword: login,
fbrthrty65.usa.cc,2,Keyword: hr,
fcoffee.net,2,Keyword: fee,
fdehrbuy2y8712378123879.zya.me,2,Keyword: hr,
fdeservices.com,2,Keyword: service,
fdshasdfh45.cloud,2,Keyword: cloud,
fdshjsjhhssa.cloud,2,Keyword: cloud,
fdvgd9whhr.mailbo.store,2,Keyword: hr,
fea2fa9.servebeer.com,2,Keyword: 2fa,
febhrbl77k.mailbo.store,2,Keyword: hr,
fedemployeeadvisor.com,2,Keyword: employee,
fedemployeeconsultants.com,2,Keyword: employee,
federalemployeeconsultant.com,2,Keyword: employee,
fedorababy.cloud,2,Keyword: cloud,
fee5ufq.cse445.com,2,Keyword: fee,
feeak.space,2,Keyword: fee,
feeblily.xyz,2,Keyword: fee,
feecoins.com,2,Keyword: fee,
feed.cdfaq.com,2,Keyword: fee,
feedback.51tiemo.com,2,Keyword: fee,
feedback.beachvolleyball.click,2,Keyword: fee,
feedback.emailus.click,2,Keyword: fee,
feedback.galaday.click,2,Keyword: fee,
feedback.gambolhq.click,2,Keyword: fee,
feedback.getcaper.click,2,Keyword: fee,
feedback.hikeapp.click,2,Keyword: fee,
feedback.lapsuscalami.click,2,Keyword: fee,
feedback.opencaper.click,2,Keyword: fee,
feedback.religiousfestival.click,2,Keyword: fee,
feedback.traintrips.click,2,Keyword: fee,
feedback.tryhike.click,2,Keyword: fee,
feedback60.website,2,Keyword: fee,
feedbackads.com,2,Keyword: fee,
feedbackadvantage.com,2,Keyword: fee,
feedbackadvantage.net,2,Keyword: fee,
feedbackadvertising.com,2,Keyword: fee,
feedbackadvertising.org,2,Keyword: fee,
feedbackvase.com,2,Keyword: fee,
feedblade.com,2,Keyword: fee,
feedbook.igg.biz,2,Keyword: fee,
feedcr.com,2,Keyword: fee,
feeder-club.ru,2,Keyword: fee,
feedinghungrykids.org,2,Keyword: fee,
feedmecle.com,2,Keyword: fee,
feedmob.org,2,Keyword: fee,
feedmvsk.com,2,Keyword: fee,
feedmycloud.info,2,Keyword: cloud,
feednicu5226.lofteone.ru,2,Keyword: fee,
feedock.com,2,Keyword: fee,
feedon.emlhub.com,2,Keyword: fee,
feedspot.com,2,Keyword: fee,
feedspotmailer.com,2,Keyword: fee,
feedthezombiechildren.org,2,Keyword: fee,
feedwav.com,2,Keyword: fee,
feedxana.com,2,Keyword: fee,
feel.mailbo.store,2,Keyword: fee,
feeladult.com,2,Keyword: fee,
feeldesign.store,2,Keyword: fee,
feelecho.com,2,Keyword: fee,
feelfreebed.host,2,Keyword: fee,
feelgoodsite.tk,2,Keyword: fee,
feelhappydays.com,2,Keyword: fee,
feeling.mailbo.store,2,Keyword: fee,
feelingity.com,2,Keyword: fee,
feelingjy.com,2,Keyword: fee,
feelings.com,2,Keyword: fee,
feelings.io,2,Keyword: fee,
feelitall.org.ua,2,Keyword: fee,
feelmyenergy.com,2,Keyword: fee,
feelmyheartwithsong.com,2,Keyword: fee,
feeloaders.com,2,Keyword: fee,
feelogfd.xyz,2,Keyword: fee,
feelsrelief.shop,2,Keyword: fee,
feelyx.com,2,Keyword: fee,
feemail.club,2,Keyword: fee,
feemail.online,2,Keyword: fee,
feemail.store,2,Keyword: fee,
feerock.com,2,Keyword: fee,
feesearac.cf,2,Keyword: fee,
feesearac.ga,2,Keyword: fee,
feesearac.gq,2,Keyword: fee,
feesearac.ml,2,Keyword: fee,
feesearac.tk,2,Keyword: fee,
feesites.com,2,Keyword: fee,
feespayments.online,2,Keyword: payment,
feespayments.store,2,Keyword: payment,
feestoverpass.buzz,2,Keyword: fee,
feeteves.com,2,Keyword: fee,
feetiture.site,2,Keyword: fee,
feetwel.shop,2,Keyword: fee,
femdomfan.net,2,Keyword: mfa,
feng.cloudns.org,2,Keyword: cloud,
ferstbankrottut.xyz,2,Keyword: bank,
fesafee213214.dralias.com,2,Keyword: safe,
feuerwehr-weiten.de,2,Keyword: hr,
ffeedzonea.site,2,Keyword: fee,
ffirstmail.online,2,Keyword: irs,
fg-globalservice.com,2,Keyword: service,
fgjezxa.cloud,2,Keyword: cloud,
fgr.wirelax.com,2,Keyword: wire,
fhaq.undeadbank.com,2,Keyword: bank,
fhcfgvhcfyhrsdftgf.usa.cc,2,Keyword: hr,
fhddssdf.cloud,2,Keyword: cloud,
fhir.cloud,2,Keyword: cloud,
fhpk.undeadbank.com,2,Keyword: bank,
fhr67rfhnjfg.usa.cc,2,Keyword: hr,
fhrdkarrzp.mailbo.store,2,Keyword: hr,
fhrjwizksi.mailbo.store,2,Keyword: hr,
fhrvm9.online,2,Keyword: hr,
fiat-chrysler.cf,2,Keyword: hr,
fiat-chrysler.ga,2,Keyword: hr,
fiat-chrysler.gq,2,Keyword: hr,
fiat-chrysler.ml,2,Keyword: hr,
fiat-chrysler.tk,2,Keyword: hr,
fichetservice.com,2,Keyword: service,
ficloud.com,2,Keyword: cloud,
file2drive.com,2,Keyword: drive,
files-usb-drive.info,2,Keyword: drive,
filetodrive.com,2,Keyword: drive,
filingsservices.com,2,Keyword: service,
final.poisedtoshrike.com,2,Keyword: hr,
financeand.coffee,2,Keyword: fee,
financeiro.consultapublica.delivery,2,Keyword: delivery,
financialplanner.services,2,Keyword: service,
finansglobaladmin.com,2,Keyword: admin,
finasnbankrot.xyz,2,Keyword: bank,
findbankrates.com,2,Keyword: bank,
findingcomputerrepairsanbernardino.com,2,Keyword: irs,
finlaybanks.xyz,2,Keyword: bank,
finrrhrcnh.mailbo.store,2,Keyword: hr,
firasmo.cloud,2,Keyword: cloud,
fire.tas.gov.au.smtp.elderflame.xyz,2,Keyword: gov,
firewiredigital.com,2,Keyword: wire,
firsatmarketim.com,2,Keyword: irs,
firsharlea.cf,2,Keyword: irs,
firsharlea.ga,2,Keyword: irs,
firsharlea.gq,2,Keyword: irs,
firsharlea.ml,2,Keyword: irs,
firsharlea.tk,2,Keyword: irs,
first-class-oriental-takeaway.com,2,Keyword: irs,
first-email.net,2,Keyword: irs,
first-mail.info,2,Keyword: irs,
first-mood.fun,2,Keyword: irs,
first-state.net,2,Keyword: irs,
first.baburn.com,2,Keyword: irs,
first.lakemneadows.com,2,Keyword: irs,
first.mailbo.store,2,Keyword: irs,
first.next4.ir,2,Keyword: irs,
firstaidglossary.com,2,Keyword: irs,
firstaidkit.services,2,Keyword: service,
firstaidsupplies.futbol,2,Keyword: irs,
firstaidtrainingmelbournecbd.com.au,2,Keyword: irs,
firstalaskansinstitute.net,2,Keyword: irs,
firstalaskansinstitute.org,2,Keyword: irs,
firstanaltube.com,2,Keyword: irs,
firstandbest.site,2,Keyword: irs,
firstaust.com,2,Keyword: irs,
firstbet10.com,2,Keyword: irs,
firstbitelife.com,2,Keyword: irs,
firstbusinessgroup.cd,2,Keyword: irs,
firstc1.com,2,Keyword: irs,
firstcal.net,2,Keyword: irs,
firstcalldecatur.org,2,Keyword: irs,
firstcapitalfibers.com,2,Keyword: irs,
firstcards.com,2,Keyword: irs,
firstclassarticle.com,2,Keyword: irs,
firstclassemail.online,2,Keyword: irs,
firstclasssocial.com,2,Keyword: irs,
firstcoin.world,2,Keyword: irs,
firstcount.com,2,Keyword: irs,
firstcrownmedical.com,2,Keyword: irs,
firstdeals.info,2,Keyword: irs,
firstdibz.com,2,Keyword: irs,
firstduefire.com,2,Keyword: irs,
firste.ml,2,Keyword: irs,
firstelit.icu,2,Keyword: irs,
firstemail.co.uk,2,Keyword: irs,
firstemp.site,2,Keyword: irs,
firstexpertise.com,2,Keyword: irs,
firstflexpay.com,2,Keyword: irs,
firstflight.net,2,Keyword: irs,
firstflooring.biz,2,Keyword: irs,
firstfofa.xyz,2,Keyword: irs,
firsthingsu.net,2,Keyword: irs,
firsthingsu.org,2,Keyword: irs,
firsthome.shop,2,Keyword: irs,
firsthyip.com,2,Keyword: irs,
firstimpressionparties.com,2,Keyword: irs,
firstin.ca,2,Keyword: irs,
firstineu.site,2,Keyword: irs,
firstinforestry.com,2,Keyword: irs,
firstk.co.cc,2,Keyword: irs,
firstlaborotory-fish.com,2,Keyword: irs,
firstlawyer.org,2,Keyword: irs,
firstloannow.com,2,Keyword: irs,
firstmail.eu.org,2,Keyword: irs,
firstmail.fun,2,Keyword: irs,
firstmail.ltd,2,Keyword: irs,
firstmail.monster,2,Keyword: irs,
firstmail.online,2,Keyword: irs,
firstmail.ru,2,Keyword: irs,
firstmail.site,2,Keyword: irs,
firstmail.space,2,Keyword: irs,
firstmail.website,2,Keyword: irs,
firstmailler.com,2,Keyword: irs,
firstmailler.net,2,Keyword: irs,
firstmainweekend.com,2,Keyword: irs,
firstmistake.com,2,Keyword: irs,
firstmovie.club,2,Keyword: irs,
firstnamesmeanings.com,2,Keyword: irs,
firstpagepressrelease.com,2,Keyword: irs,
firstpageranker.com,2,Keyword: irs,
firstpaydayloanuk.co.uk,2,Keyword: irs,
firstpressumter.info,2,Keyword: irs,
firstpressumter.net,2,Keyword: irs,
firstprinciples.io,2,Keyword: irs,
firstpuneproperties.com,2,Keyword: irs,
firstranked.com,2,Keyword: irs,
firstrepublicfinancial.com,2,Keyword: irs,
firstresponderrehab.com,2,Keyword: irs,
firstrest.com,2,Keyword: irs,
firstshoes.club,2,Keyword: irs,
firstshoow.com,2,Keyword: irs,
firststepdetoxcenter.com,2,Keyword: irs,
firststepdetoxcenter.net,2,Keyword: irs,
firststepfloridadetox.com,2,Keyword: irs,
firststepschildrensnursery.com,2,Keyword: irs,
firststopmusic.com,2,Keyword: irs,
firstthingsu.net,2,Keyword: irs,
firsttimes.in,2,Keyword: irs,
firsttradelimited.info,2,Keyword: irs,
firstwavemail.com,2,Keyword: irs,
fivestonetax.com,2,Keyword: tax,
fixed.simplelogin.com,2,Keyword: login,
fjp35schrs.mailbo.store,2,Keyword: hr,
flagstaffdoctors.com,2,Keyword: staff,
flashdelivery.com,2,Keyword: delivery,
flashrews.site,2,Keyword: hr,
flashservice.online,2,Keyword: service,
flavrwire.com,2,Keyword: wire,
fleshrub.xyz,2,Keyword: hr,
fleur5.simplelogin.com,2,Keyword: login,
fli.simplelogin.com,2,Keyword: login,
floorclaims.com,2,Keyword: claim,
flop.cloud,2,Keyword: cloud,
floridabankinglawblog.com,2,Keyword: banking,
floridasecurity.net,2,Keyword: security,
flowfthroughbrush.net,2,Keyword: hr,
flowfthroughbrush.org,2,Keyword: hr,
flowfthroughbrush.us,2,Keyword: hr,
flowthroughbrushes.com,2,Keyword: hr,
flowthroughbrushes.us,2,Keyword: hr,
flowthrubrush.biz,2,Keyword: hr,
flowthrubrush.us,2,Keyword: hr,
flowthrubrushes.com,2,Keyword: hr,
flowthrubrushes.org,2,Keyword: hr,
flowthrubrushes.us,2,Keyword: hr,
fluidvpn.com,2,Keyword: vpn,
flyfff.cloudns.org,2,Keyword: cloud,
flysafely.info,2,Keyword: safe,
fm.cloudns.nz,2,Keyword: cloud,
fmhy.simplelogin.com,2,Keyword: login,
fmvywihrdo.mailbo.store,2,Keyword: hr,
fncrn1yhrn.mailbo.store,2,Keyword: hr,
fontfee.com,2,Keyword: fee,
foodbank150.com,2,Keyword: bank,
foodbank150.net,2,Keyword: bank,
foodezecatering.com.tmailcloud.net,2,Keyword: cloud,
footiethreads.com,2,Keyword: hr,
forgevpn.com,2,Keyword: vpn,
fork.support,2,Keyword: support,
forkai.cloud,2,Keyword: cloud,
forkbot.cloud,2,Keyword: cloud,
formalcoffee.com,2,Keyword: fee,
formswift-next.com,2,Keyword: swift,
fortcollinshairsalons.com,2,Keyword: irs,
fortresssecurity.xyz,2,Keyword: security,
fortwaynehairsalons.com,2,Keyword: irs,
fphruyw20s.mailbo.store,2,Keyword: hr,
fpmurillocustomsbrokerage.com,2,Keyword: customs,
fqrvuhrafq.mailbo.store,2,Keyword: hr,
fqtxk.undeadbank.com,2,Keyword: bank,
fr3e4ever.mywire.org,2,Keyword: wire,
fractalforge.cloud,2,Keyword: cloud,
francistaxes.com,2,Keyword: tax,
franklintransportservices.com,2,Keyword: service,
fredanthropist.com,2,Keyword: hr,
free-webmail.com,2,Keyword: webmail,
free-webmail1.info,2,Keyword: webmail,
free.flyfff.cloudns.org,2,Keyword: cloud,
freebitcoinlottery.xyz,2,Keyword: bitcoin,
freechristianbookstore.com,2,Keyword: hr,
freedomfamilytravels.com,2,Keyword: mfa,
freeemailservice.info,2,Keyword: service,
freefirstmail.xyz,2,Keyword: irs,
freegetvpn.com,2,Keyword: vpn,
freelogin.shop,2,Keyword: login,
freemailservice.tk,2,Keyword: service,
freetraffictracker.com,2,Keyword: track,
freewebmaile.com,2,Keyword: webmail,
freshestcoffeepossible.com,2,Keyword: fee,
freshestcoffeeyoucanbuy.com,2,Keyword: fee,
freshheirsocial.com,2,Keyword: irs,
freshjobalerts.in,2,Keyword: alert,
freshly.cloud,2,Keyword: cloud,
friendlynewswire.com,2,Keyword: wire,
frnkens.cloud,2,Keyword: cloud,
from.eurasia.cloudns.asia,2,Keyword: cloud,
frostmail.cloud,2,Keyword: cloud,
froxy.simplelogin.com,2,Keyword: login,
fruitasingletrack.com,2,Keyword: track,
fruitingbodymushrooms.online,2,Keyword: hr,
fs7k1fknhr.mailbo.store,2,Keyword: hr,
fsasdafdd.cloud,2,Keyword: cloud,
fsdtgfgbhhrtpro.club,2,Keyword: hr,
fsfhfdhsdfa85.cloud,2,Keyword: cloud,
ftsecurity.com,2,Keyword: security,
ftuy6ryyuhrf.usa.cc,2,Keyword: hr,
fufirstmail.online,2,Keyword: irs,
fuhrenmail.com,2,Keyword: hr,
fuhrerscheinfuralleleichtgemacht.com,2,Keyword: hr,
fullsupport.cd,2,Keyword: support,
fummmmelgovbber58.ml,2,Keyword: gov,
funeralservicesgoldcoast.com,2,Keyword: service,
fusioninvoice.net,2,Keyword: invoice,
fusionservices.com,2,Keyword: service,
futuraseoservices.com,2,Keyword: service,
futureprojects.cloudns.org,2,Keyword: cloud,
futuresoundcloud.info,2,Keyword: cloud,
fx-banking.com,2,Keyword: banking,
fxt2.undeadbank.com,2,Keyword: bank,
fy9wphrko9.mailbo.store,2,Keyword: hr,
fycloud.online,2,Keyword: cloud,
fyhrw.anonbox.net,2,Keyword: hr,
fyj.simplelogin.com,2,Keyword: login,
g.mintemail.com,2,Keyword: mint,
g00glechr0me.cf,2,Keyword: hr,
g00glechr0me.ga,2,Keyword: hr,
g00glechr0me.gq,2,Keyword: hr,
g00glechr0me.ml,2,Keyword: hr,
g00glechr0me.tk,2,Keyword: hr,
g00gledrive.ga,2,Keyword: drive,
gabut.cloud,2,Keyword: cloud,
gaessss.cloud,2,Keyword: cloud,
gakahu8hro.mailbo.store,2,Keyword: hr,
galihrezah.com,2,Keyword: hr,
gamacloud.org,2,Keyword: cloud,
game4hr.com,2,Keyword: hr,
gamintor.com,2,Keyword: mint,
gantorbaz.cloud,2,Keyword: cloud,
gassscloud.net,2,Keyword: cloud,
gbp1hrhci7.mailbo.store,2,Keyword: hr,
gchrju0xxa.mailbo.store,2,Keyword: hr,
gcihrk61kc.mailbo.store,2,Keyword: hr,
gcohritfxw.mailbo.store,2,Keyword: hr,
gcscarshipping.com,2,Keyword: shipping,
gdf.undeadbank.com,2,Keyword: bank,
gdfgsd.cloud,2,Keyword: cloud,
gdjdsfkfghsks25.cloud,2,Keyword: cloud,
gdsutzghr.pl,2,Keyword: hr,
gdsygu433t633t81871.luservice.com,2,Keyword: service,
geforce-drivers.com,2,Keyword: drive,
gehretcomputers.com,2,Keyword: hr,
gen.cloudns.cc,2,Keyword: cloud,
genericsingulairsure.com,2,Keyword: irs,
genericzithromaxonline.com,2,Keyword: hr,
genesislanguageservices.com,2,Keyword: service,
genusixhre.space,2,Keyword: hr,
geochronmail.com,2,Keyword: hr,
geochronomfri.com,2,Keyword: hr,
geonaut.cloud,2,Keyword: cloud,
georgiaprobateservices.info,2,Keyword: service,
get-bitcoins.club,2,Keyword: bitcoin,
get-bitcoins.online,2,Keyword: bitcoin,
get-house-security-offer.market,2,Keyword: security,
get.poisedtoshrike.com,2,Keyword: hr,
get.vpn64.de,2,Keyword: vpn,
getahairstyle.com,2,Keyword: irs,
getbitcoine.com,2,Keyword: bitcoin,
getcloudmango.net,2,Keyword: cloud,
getinbox.simplelogin.com,2,Keyword: login,
getllcservices.com,2,Keyword: service,
getmygoods.cloud,2,Keyword: cloud,
getsafesurfer.com,2,Keyword: safe,
getsupport.store,2,Keyword: support,
getsupports.click,2,Keyword: support,
gettoknowphilanthropy.org,2,Keyword: hr,
getvpn.net,2,Keyword: vpn,
getwisetransfer.click,2,Keyword: transfer,
gfb.simplelogin.com,2,Keyword: login,
gfdyhrtyre.site,2,Keyword: hr,
gfgfdhrjolgyu.usa.cc,2,Keyword: hr,
gfhrtgbfgfhtku.usa.cc,2,Keyword: hr,
gfnew9zlhr.mailbo.store,2,Keyword: hr,
gfsbilling.com,2,Keyword: billing,
ggergerherhhrehrgfd.club,2,Keyword: hr,
ggr-supportservices.com,2,Keyword: service,
ggs.simplelogin.com,2,Keyword: login,
ghanalandbank.com,2,Keyword: bank,
ghdhairstraighteneraq.com,2,Keyword: irs,
ghdhairstraightenersuk.info,2,Keyword: irs,
ghgjgyk.cloud,2,Keyword: cloud,
ghgretryhryh.igg.biz,2,Keyword: hr,
ghmcleaningservices.com,2,Keyword: service,
ghnuzhrmy4.mailbo.store,2,Keyword: hr,
ghrebuyhouses.com,2,Keyword: hr,
ghrmw.info,2,Keyword: hr,
ghruaim.net,2,Keyword: hr,
gidabankaciligizirvesi.com,2,Keyword: bank,
gidabankaciligizirvesi.info,2,Keyword: bank,
gidabankaciligizirvesi.net,2,Keyword: bank,
gihtubenauhticate.cloud,2,Keyword: cloud,
gilberthairsalons.com,2,Keyword: irs,
gimail.cloud,2,Keyword: cloud,
give.poisedtoshrike.com,2,Keyword: hr,
gk0y.undeadbank.com,2,Keyword: bank,
gladdelivery.com,2,Keyword: delivery,
glass.simplelogin.com,2,Keyword: login,
glintek-services.com,2,Keyword: service,
globalpayments.careers,2,Keyword: payment,
globepaymentway2.com,2,Keyword: payment,
globeservices.cd,2,Keyword: service,
glojxfeeob.ga,2,Keyword: fee,
glservice.online,2,Keyword: service,
glutesyourunlock.xyz,2,Keyword: unlock,
glywfhr034.mailbo.store,2,Keyword: hr,
gmjoineryservices.com,2,Keyword: service,
gmw-itservices.com,2,Keyword: service,
gmx.dns-cloud.net,2,Keyword: cloud,
gmxoutlook.tk,2,Keyword: outlook,
gnfox.cloudns.be,2,Keyword: cloud,
go-a-creditcardnofeecaok.live,2,Keyword: fee,
go-creditcardnofeeca-ok.live,2,Keyword: fee,
go2farm.io.vn,2,Keyword: 2fa,
go2vpn.net,2,Keyword: vpn,
go4organic.coffee,2,Keyword: fee,
go4vpn.top,2,Keyword: vpn,
godspeedglobalservices.com,2,Keyword: service,
gofirstcpa.com,2,Keyword: irs,
gofsrhr.com,2,Keyword: hr,
gogovintage.it,2,Keyword: gov,
gogovn.online,2,Keyword: gov,
gold365login.info,2,Keyword: login,
goldenlifewire.com,2,Keyword: wire,
goldhitbtcpoolhub.cloud,2,Keyword: cloud,
golfcloud.app,2,Keyword: cloud,
gologin.cc,2,Keyword: login,
gomaxsecurity.com,2,Keyword: security,
gongcoffee.se,2,Keyword: fee,
good.poisedtoshrike.com,2,Keyword: hr,
goodcoffeemaker.com,2,Keyword: fee,
gooddirstuff.site,2,Keyword: irs,
goode.services,2,Keyword: service,
goodelivery.ru,2,Keyword: delivery,
goodemortgageservices.com,2,Keyword: service,
goodhealthbenefits.info,2,Keyword: benefit,
goodlifeenergysaver.com,2,Keyword: fee,
goodwritingservices.website,2,Keyword: service,
gooncloud.click,2,Keyword: cloud,
gooofnow.simplelogin.com,2,Keyword: login,
gopheritsupport.com,2,Keyword: support,
goreadministrativeservices.com,2,Keyword: service,
gorgeousfirst.com,2,Keyword: irs,
goswiftfix.com,2,Keyword: swift,
got.poisedtoshrike.com,2,Keyword: hr,
gotpayments.net,2,Keyword: payment,
gov-mail.com,2,Keyword: gov,
gov-ny.site,2,Keyword: gov,
gov-suppgrnt.com,2,Keyword: gov,
gov.bm.feidnepra.com,2,Keyword: gov,
gov.brashbeat.online,2,Keyword: gov,
gov.en.com,2,Keyword: gov,
gov.rebate-grant.com,2,Keyword: gov,
govacom.com,2,Keyword: gov,
govakydecidi.asia,2,Keyword: gov,
govalvee.com,2,Keyword: gov,
govcp.anonbox.net,2,Keyword: gov,
govdep5012.com,2,Keyword: gov,
goverloe.com,2,Keyword: gov,
governamail.ru,2,Keyword: gov,
governmenfl.com,2,Keyword: gov,
government.mailbo.store,2,Keyword: gov,
government.nl,2,Keyword: gov,
governmentcomplianceservices.com,2,Keyword: service,
governmenteye.us,2,Keyword: gov,
governmentgis.com,2,Keyword: gov,
governmentpromises.com,2,Keyword: gov,
governmentsystem.us,2,Keyword: gov,
governo.ml,2,Keyword: gov,
governorwyatt.com,2,Keyword: gov,
govinput.com,2,Keyword: gov,
govkor.com,2,Keyword: gov,
govmaiil.xyz,2,Keyword: gov,
govnah.com,2,Keyword: gov,
govno.online,2,Keyword: gov,
govnoed.su,2,Keyword: gov,
govnomail.xyz,2,Keyword: gov,
govoxy.com,2,Keyword: gov,
govtop.site,2,Keyword: gov,
govxff-ny.site,2,Keyword: gov,
gpscellphonetracking.info,2,Keyword: track,
gpsmobilephonetracking.info,2,Keyword: track,
gpstrackerandroid.com,2,Keyword: track,
gpstrackingreviews.net,2,Keyword: track,
gr.cloudonf.com,2,Keyword: cloud,
gra.simplelogin.com,2,Keyword: login,
gracesafeplace.org,2,Keyword: safe,
graphriro.cf,2,Keyword: hr,
graphriro.ml,2,Keyword: hr,
graphriro.tk,2,Keyword: hr,
grasspools.cloud,2,Keyword: cloud,
grateful.services,2,Keyword: service,
greasemonkeycustoms.com,2,Keyword: customs,
greatservicemail.eu,2,Keyword: service,
greencoffee.fit,2,Keyword: fee,
greencoffeebeanextractfaq.com,2,Keyword: fee,
greencoffeebeanfaq.com,2,Keyword: fee,
greenthumbdrives.info,2,Keyword: drive,
greenthumbdrives.net,2,Keyword: drive,
greenvillebankruptcyattorneys.com,2,Keyword: bank,
gregorian.simplelogin.com,2,Keyword: login,
grindstaffinc.com,2,Keyword: staff,
gritstoneservices.com,2,Keyword: service,
groups.goverloe.com,2,Keyword: gov,
groups.poisedtoshrike.com,2,Keyword: hr,
gs.cloudns.org,2,Keyword: cloud,
gsasearchengineranker.services,2,Keyword: service,
gsvzsafeuc.mailbo.store,2,Keyword: safe,
gtax.site,2,Keyword: tax,
gtax.space,2,Keyword: tax,
gtax.store,2,Keyword: tax,
guaranty-bank.com,2,Keyword: bank,
guidance.ninjatransfers.click,2,Keyword: transfer,
guild.poisedtoshrike.com,2,Keyword: hr,
gulfcoastdiveservices.com,2,Keyword: service,
gulfcoasthr.org,2,Keyword: hr,
gurutransfer.com,2,Keyword: transfer,
guthrie.k12.ok.us,2,Keyword: hr,
guthriedigitalmedia.com,2,Keyword: hr,
gvpn.com,2,Keyword: vpn,
gvpn.us,2,Keyword: vpn,
gwashii.cloud,2,Keyword: cloud,
gwq-serviceplus.de,2,Keyword: service,
gyagwgwgwgsusiej70029292228.cloudns.cl,2,Keyword: cloud,
gycseniorcareservices.com,2,Keyword: service,
gydhru.us,2,Keyword: hr,
gyrc76ymfa.mailbo.store,2,Keyword: mfa,
h.mintemail.com,2,Keyword: mint,
h2.delivery,2,Keyword: delivery,
h2oilrecovery.com,2,Keyword: recover,
ha86.undeadbank.com,2,Keyword: bank,
hackers.cloudns.nz,2,Keyword: cloud,
had2ct4xhr.mailbo.store,2,Keyword: hr,
hadehhh.anjingcloudsigma.ip-ddns.com,2,Keyword: cloud,
hadmins.com,2,Keyword: admin,
hageyvirtualservices.org,2,Keyword: service,
hahaha777phlogin.com,2,Keyword: login,
hairs-shoponline.info,2,Keyword: irs,
hairs24.ru,2,Keyword: irs,
hairsideas.ru,2,Keyword: irs,
hairsite.website,2,Keyword: irs,
hairstraighteneraustralia.info,2,Keyword: irs,
hairstraightenercheapaustralia.info,2,Keyword: irs,
hairstraightenernv.com,2,Keyword: irs,
hairstrule.online,2,Keyword: irs,
hairstrule.site,2,Keyword: irs,
hairstrule.store,2,Keyword: irs,
hairstrule.website,2,Keyword: irs,
hairstrule.xyz,2,Keyword: irs,
hairsty.info,2,Keyword: irs,
hairstyles360.com,2,Keyword: irs,
hairstylesbase.com,2,Keyword: irs,
hairstylesforshorthair.website,2,Keyword: irs,
hairstyleszon.xyz,2,Keyword: irs,
hairstyletester.com,2,Keyword: irs,
haititransfers.com,2,Keyword: transfer,
halforderfringe.ru,2,Keyword: order,
hamedahmed.cloud,2,Keyword: cloud,
hamedak.cloud,2,Keyword: cloud,
hamish.simplelogin.com,2,Keyword: login,
hammel-shredder-repair.com,2,Keyword: hr,
hand.simplelogin.com,2,Keyword: login,
handsetcloud.com,2,Keyword: cloud,
hangover-over.tk,2,Keyword: gov,
hanhbashr.click,2,Keyword: hr,
happy.poisedtoshrike.com,2,Keyword: hr,
happycloudmail.com,2,Keyword: cloud,
happyfeetpetcare.net,2,Keyword: fee,
happyhr.cloud,2,Keyword: hr,
hardwarewalletira.com,2,Keyword: wallet,
hardwarewalletrothira.com,2,Keyword: wallet,
hareen.simplelogin.com,2,Keyword: login,
harlingsecurity.com,2,Keyword: security,
harmampirs.com,2,Keyword: irs,
harrisburgbankrupctylawyers.com,2,Keyword: bank,
harshitshrivastav.me,2,Keyword: hr,
harshrajput.website,2,Keyword: hr,
harshrastogi.com,2,Keyword: hr,
harshreadinglevel.site,2,Keyword: hr,
hash.poisedtoshrike.com,2,Keyword: hr,
hashfeedback.com,2,Keyword: fee,
hashratehunters.com,2,Keyword: hr,
hashratetest.com,2,Keyword: hr,
hatchroads.info,2,Keyword: hr,
hate.cloud,2,Keyword: cloud,
hawaiiserviceproviders.com,2,Keyword: service,
hawkhomeservices.com,2,Keyword: service,
hay.simplelogin.com,2,Keyword: login,
hayailoveu.cloud,2,Keyword: cloud,
hayamol.cloud,2,Keyword: cloud,
haz.services,2,Keyword: service,
hazirsite.site,2,Keyword: irs,
hazmatshipping.org,2,Keyword: shipping,
hbo.dns-cloud.net,2,Keyword: cloud,
hclgqthr8w.mailbo.store,2,Keyword: hr,
hcyxrnhrl.shop,2,Keyword: hr,
hdehdehrfutu6u.usa.cc,2,Keyword: hr,
hdhr.com,2,Keyword: hr,
hdservice.net,2,Keyword: service,
hdz.hr,2,Keyword: hr,
he-creditcardnofeeca-ok.live,2,Keyword: fee,
headincloud.com,2,Keyword: cloud,
healthdelivery.info,2,Keyword: delivery,
healthrahis.ga,2,Keyword: hr,
healthrahis.gq,2,Keyword: hr,
healthranli.cf,2,Keyword: hr,
healthranli.ga,2,Keyword: hr,
healthranli.gq,2,Keyword: hr,
healthranli.tk,2,Keyword: hr,
healthrender.com,2,Keyword: hr,
healthroutecard.com,2,Keyword: hr,
healthroutine.click,2,Keyword: hr,
healthroutinenail.click,2,Keyword: hr,
healthtips.nvecloud.us,2,Keyword: cloud,
healthychoicescounselingservices.net,2,Keyword: service,
healthyhairsalon.com,2,Keyword: irs,
heartlandcooperativeservices.com,2,Keyword: service,
heartlandfireandsecurity.com,2,Keyword: security,
heathmerecomputerservices.com,2,Keyword: service,
heftrack.com,2,Keyword: track,
hehrseeoi.com,2,Keyword: hr,
heightsafetyproducts.com,2,Keyword: safe,
heimdall.simplelogin.com,2,Keyword: login,
heirsandhers.com,2,Keyword: irs,
heirsinsuranceinc.com,2,Keyword: irs,
helicolsafety.com,2,Keyword: safe,
hellocab.taxi,2,Keyword: tax,
helminthol.com,2,Keyword: mint,
helmintholomail.com,2,Keyword: mint,
help.device-secure-new-auth.com,2,Keyword: secure,
help.device-secure-new.auth.com,2,Keyword: secure,
help.thewisetransfer.click,2,Keyword: transfer,
helpdesk.carenmiosga.click,2,Keyword: helpdesk,
helpdesk.cruisely.click,2,Keyword: helpdesk,
helpdesk.fliphq.click,2,Keyword: helpdesk,
helpdesk.meetflip.click,2,Keyword: helpdesk,
helpdesk.openperegrinate.click,2,Keyword: helpdesk,
helpdesk.slipofthetongue.click,2,Keyword: helpdesk,
helpdesk.thecruise.click,2,Keyword: helpdesk,
helpdesk.travelcircus.click,2,Keyword: helpdesk,
helpdesk.triplewhammy.click,2,Keyword: helpdesk,
helpdesks-support.com,2,Keyword: support,
helpinghandtaxcenter.org,2,Keyword: tax,
helpservices.services,2,Keyword: service,
helpservices.space,2,Keyword: service,
helpwithpillabuse.com,2,Keyword: abuse,
herdtrack.com,2,Keyword: track,
hesoyam.cloud,2,Keyword: cloud,
heterochreomail.ru,2,Keyword: hr,
heterochrsmail.ru,2,Keyword: hr,
hex.cloudns.be,2,Keyword: cloud,
hfghry76rth.usa.cc,2,Keyword: hr,
hhr.luk2.com,2,Keyword: hr,
hhshhgh.cloud,2,Keyword: cloud,
hichinavpn.com,2,Keyword: vpn,
hichristianlouboutinukdiscount.co.uk,2,Keyword: hr,
hichristianlouboutinuksale.co.uk,2,Keyword: hr,
hicloud.life,2,Keyword: cloud,
highregardmerchantprocessing.com,2,Keyword: hr,
highremedy.com,2,Keyword: hr,
highroller.ninja,2,Keyword: hr,
hirschsaeure.info,2,Keyword: irs,
hitbtcpool.cloud,2,Keyword: cloud,
hitechbank.org,2,Keyword: bank,
hitnspinlogin.com,2,Keyword: login,
hitsuji.simplelogin.com,2,Keyword: login,
hivebyte.cloud,2,Keyword: cloud,
hiyyythr9o.mailbo.store,2,Keyword: hr,
hjfsupport.com,2,Keyword: support,
hkaservicesllc.com,2,Keyword: service,
hkirsan.com,2,Keyword: irs,
hl7.cloud,2,Keyword: cloud,
hldrive.com,2,Keyword: drive,
hmhrvmtgmwi.cf,2,Keyword: hr,
hmhrvmtgmwi.ga,2,Keyword: hr,
hmhrvmtgmwi.gq,2,Keyword: hr,
hmhrvmtgmwi.ml,2,Keyword: hr,
hmhrvmtgmwi.tk,2,Keyword: hr,
hoang.cloud,2,Keyword: cloud,
hobbysecurity.com,2,Keyword: security,
hobbytax.com,2,Keyword: tax,
hodihrhxqj.mailbo.store,2,Keyword: hr,
hog.poisedtoshrike.com,2,Keyword: hr,
hohr.emlhub.com,2,Keyword: hr,
holemtelecomservices.com,2,Keyword: service,
holisticfeed.site,2,Keyword: fee,
home411services.xyz,2,Keyword: service,
homelandsecuritykc.us,2,Keyword: security,
homemail.cloudns.be,2,Keyword: cloud,
homesecuritytime.com,2,Keyword: security,
homesecuritytv.org,2,Keyword: security,
honey.cloudns.asia,2,Keyword: cloud,
honey.cloudns.ph,2,Keyword: cloud,
honkai.simplelogin.com,2,Keyword: login,
honoluluhairsalons.com,2,Keyword: irs,
hopechristiancenter-nyc.org,2,Keyword: hr,
hopefulservices.com,2,Keyword: service,
hopethrifting.com,2,Keyword: hr,
hort.estaxy.com,2,Keyword: tax,
hospitalcare.services,2,Keyword: service,
hospitalcares.services,2,Keyword: service,
hospitalmedicareclaims.xyz,2,Keyword: claim,
hospitalvains.services,2,Keyword: service,
host.officesupportonline.com,2,Keyword: support,
host.simplelogin.com,2,Keyword: login,
host.somsupport.xyz,2,Keyword: support,
host.wiremail.host,2,Keyword: wire,
hostcloudservers.com,2,Keyword: cloud,
hotbedbenefit.com,2,Keyword: benefit,
hotchristianlouboutinsalefr.com,2,Keyword: hr,
hotcoffeeclub.com,2,Keyword: fee,
hotel.upsilon.webmailious.top,2,Keyword: webmail,
hotmail04.outlook.rest,2,Keyword: outlook,
hotmail71.outlook.rest,2,Keyword: outlook,
hotmailnet.simplelogin.com,2,Keyword: login,
hotshotstockalerts.com,2,Keyword: alert,
houstonembroideryservice.online,2,Keyword: service,
houtlook.com,2,Keyword: outlook,
houtlook.es,2,Keyword: outlook,
houtlook.fr,2,Keyword: outlook,
houtlook.xyz,2,Keyword: outlook,
hpiinspectionservices.com,2,Keyword: service,
hqngricshr.mailbo.store,2,Keyword: hr,
hqnmhr.com,2,Keyword: hr,
hr-bsg.ru,2,Keyword: hr,
hr.bcm.edu.pl,2,Keyword: hr,
hr.luk2.com,2,Keyword: hr,
hr0ort5mfa.mailbo.store,2,Keyword: mfa,
hr0zxymzks.mailbo.store,2,Keyword: hr,
hr2n5yjefm.mailbo.store,2,Keyword: hr,
hr3xkssvn8ek1ex.xyz,2,Keyword: hr,
hr43.cashbenties.com,2,Keyword: hr,
hr7gsn.site,2,Keyword: hr,
hraff.org,2,Keyword: hr,
hraifi.com,2,Keyword: hr,
hranalyzis.com,2,Keyword: hr,
hrandod.com,2,Keyword: hr,
hrarquitetos.com,2,Keyword: hr,
hrathletesd.com,2,Keyword: hr,
hraukli0aj.mailbo.store,2,Keyword: hr,
hraxisindia.com,2,Keyword: hr,
hrb67.cf,2,Keyword: hr,
hrb67.ga,2,Keyword: hr,
hrb67.gq,2,Keyword: hr,
hrb67.ml,2,Keyword: hr,
hrb67.tk,2,Keyword: hr,
hrbfmd.us,2,Keyword: hr,
hrbru5r5cy.mailbo.store,2,Keyword: hr,
hrbsg.ru,2,Keyword: hr,
hrbuck.site,2,Keyword: hr,
hrc-bg.com,2,Keyword: hr,
hrcabinetry.com,2,Keyword: hr,
hrcpw.info,2,Keyword: hr,
hrcruseassociates.com,2,Keyword: hr,
hrcub.ru,2,Keyword: hr,
hrcworks.com,2,Keyword: hr,
hrczsood2w.mailbo.store,2,Keyword: hr,
hrdc16.xyz,2,Keyword: hr,
hrdfck.me,2,Keyword: hr,
hrdt.emltmp.com,2,Keyword: hr,
hre0qczwlu.mailbo.store,2,Keyword: hr,
hrebdg.com,2,Keyword: hr,
hreduaward.ru,2,Keyword: hr,
hree.com,2,Keyword: hr,
href.re,2,Keyword: hr,
hrepy.com,2,Keyword: hr,
hrex1rxbvn.mailbo.store,2,Keyword: hr,
hrexamcenter.com,2,Keyword: hr,
hrfhtujtjny.usa.cc,2,Keyword: hr,
hrfnobuhjb.mailbo.store,2,Keyword: hr,
hrg.laste.ml,2,Keyword: hr,
hrgdyze8ge.mailbo.store,2,Keyword: hr,
hrgkfnhqcs.mailbo.store,2,Keyword: hr,
hrgmgka.cf,2,Keyword: hr,
hrgmgka.ga,2,Keyword: hr,
hrgmgka.gq,2,Keyword: hr,
hrgmgka.ml,2,Keyword: hr,
hrgy12.com,2,Keyword: hr,
hrhfsfsfrwrgyh.usa.cc,2,Keyword: hr,
hrhwiw9j9v.mailbo.store,2,Keyword: hr,
hrhwuqh8jk.mailbo.store,2,Keyword: hr,
hri.slmail.me,2,Keyword: hr,
hrip.dropmail.me,2,Keyword: hr,
hrisheek.com,2,Keyword: hr,
hrisland.com,2,Keyword: hr,
hrit1.oppoesrt.online,2,Keyword: hr,
hrjhtjkykfrh.igg.biz,2,Keyword: hr,
hrjlufzryg.ga,2,Keyword: hr,
hrjs.com,2,Keyword: hr,
hrjte91wvg.mailbo.store,2,Keyword: hr,
hrjxf.com,2,Keyword: hr,
hrjz.luk2.com,2,Keyword: hr,
hrkdw.info,2,Keyword: hr,
hrke6c1igj.mailbo.store,2,Keyword: hr,
hrkq.emlpro.com,2,Keyword: hr,
hrl0bn.us,2,Keyword: hr,
hrlamp.com,2,Keyword: hr,
hrlt.com.au,2,Keyword: hr,
hrly.com,2,Keyword: hr,
hrm.emlpro.com,2,Keyword: hr,
hrm5v3qjxb.mailbo.store,2,Keyword: hr,
hrma4a4hhs5.gq,2,Keyword: hr,
hrmail.store,2,Keyword: hr,
hrmh.emltmp.com,2,Keyword: hr,
hrmicrowave.us,2,Keyword: hr,
hrn3bt.us,2,Keyword: hr,
hrnoedi.com,2,Keyword: hr,
hro30.com,2,Keyword: hr,
hrof.net,2,Keyword: hr,
hroijugtji.mailbo.store,2,Keyword: hr,
hrommail.net,2,Keyword: hr,
hroncolos.ru,2,Keyword: hr,
hrongods.ru,2,Keyword: hr,
hronhild.ru,2,Keyword: hr,
hronjoy.ru,2,Keyword: hr,
hronopoulos.com,2,Keyword: hr,
hrop.saucent.online,2,Keyword: hr,
hrose.com,2,Keyword: hr,
hroundb.com,2,Keyword: hr,
hroz1rczfc.mailbo.store,2,Keyword: hr,
hrpfd.us,2,Keyword: hr,
hrphovkawk.mailbo.store,2,Keyword: hr,
hrpli3y4.mailosaur.net,2,Keyword: hr,
hrprvypdg9.mailbo.store,2,Keyword: hr,
hrprw.info,2,Keyword: hr,
hrpzvihtsn.mailbo.store,2,Keyword: hr,
hrq3zaecgv.mailbo.store,2,Keyword: hr,
hrqfwgxzie.mailbo.store,2,Keyword: hr,
hrqscgr.779.hadeh.xyz,2,Keyword: hr,
hrqte1lsd5.mailbo.store,2,Keyword: hr,
hrrdka.us,2,Keyword: hr,
hrreliefandconsulting.com,2,Keyword: hr,
hrresourcetoday.com,2,Keyword: hr,
hrrh.emlhub.com,2,Keyword: hr,
hrrxgiiiz9.mailbo.store,2,Keyword: hr,
hrsco.info,2,Keyword: hr,
hrshaiti.com,2,Keyword: hr,
hrske8.us,2,Keyword: hr,
hrsmail.store,2,Keyword: hr,
hrsroute.com,2,Keyword: hr,
hrstudents.com,2,Keyword: hr,
hrsxxbk6sa.mailbo.store,2,Keyword: hr,
hrtds.blasis.io.vn,2,Keyword: hr,
hrtgr.cf,2,Keyword: hr,
hrtgr.ga,2,Keyword: hr,
hrtgr.gq,2,Keyword: hr,
hrtgr.ml,2,Keyword: hr,
hrtgr.tk,2,Keyword: hr,
hrtgre4.cf,2,Keyword: hr,
hrtgre4.ga,2,Keyword: hr,
hrtgre4.gq,2,Keyword: hr,
hrtgre4.ml,2,Keyword: hr,
hrtgre4.tk,2,Keyword: hr,
hrudacas6x.mailbo.store,2,Keyword: hr,
hrustalnye-shtory.ru,2,Keyword: hr,
hruu3gpi.cse445.com,2,Keyword: hr,
hruwcwooq.pl,2,Keyword: hr,
hrva0.saucent.online,2,Keyword: hr,
hrvatski.cloud,2,Keyword: hr,
hrvk.xyz,2,Keyword: hr,
hrwns.live,2,Keyword: hr,
hrwrbi.info,2,Keyword: hr,
hrwu.mailpwr.com,2,Keyword: hr,
hrx6s9gzdw.mailbo.store,2,Keyword: hr,
hrxb6bxo3s.mailbo.store,2,Keyword: hr,
hrxt3qlnnb.mailbo.store,2,Keyword: hr,
hry2z9guun.mailbo.store,2,Keyword: hr,
hrykrbfr6n.mailbo.store,2,Keyword: hr,
hrypci9wlc.mailbo.store,2,Keyword: hr,
hrysyu.com,2,Keyword: hr,
hryuiy.eu.org,2,Keyword: hr,
hrz7zno6.orge.pl,2,Keyword: hr,
hrzkbshj8p.mailbo.store,2,Keyword: hr,
hrzqjknm.shop,2,Keyword: hr,
hsdxr1hrf7.mailbo.store,2,Keyword: hr,
hshr.us,2,Keyword: hr,
hudsonunitedbank.com,2,Keyword: bank,
hugbenefits.ga,2,Keyword: benefit,
hugofairbanks.com,2,Keyword: bank,
hujk.estaxy.com,2,Keyword: tax,
humphrey947091.igg.biz,2,Keyword: hr,
hungry-swift.online,2,Keyword: swift,
huobipools.cloud,2,Keyword: cloud,
hushclouds.com,2,Keyword: cloud,
hushmail21.outlook.rest,2,Keyword: outlook,
huutinhrestaurant.com,2,Keyword: hr,
huyducfullxu.cloud,2,Keyword: cloud,
hxt0gov8i3.mailbo.store,2,Keyword: gov,
hydrofirst.com,2,Keyword: irs,
hynesg.cloudns.be,2,Keyword: cloud,
hyor05hohr.mailbo.store,2,Keyword: hr,
hyperallergicstaff.com,2,Keyword: staff,
hyperx-cloud.online,2,Keyword: cloud,
hyvuokmhrtkucn5.cf,2,Keyword: hr,
hyvuokmhrtkucn5.ga,2,Keyword: hr,
hyvuokmhrtkucn5.gq,2,Keyword: hr,
hyvuokmhrtkucn5.ml,2,Keyword: hr,
i-cloud.com,2,Keyword: cloud,
i.mintemail.com,2,Keyword: mint,
i.shredded.website,2,Keyword: hr,
i.softbank.jp,2,Keyword: bank,
i2y.cloudns.be,2,Keyword: cloud,
i3pv1hrpnytow.cf,2,Keyword: hr,
i3pv1hrpnytow.ga,2,Keyword: hr,
i3pv1hrpnytow.gq,2,Keyword: hr,
i3pv1hrpnytow.ml,2,Keyword: hr,
i3pv1hrpnytow.tk,2,Keyword: hr,
i4unlock.com,2,Keyword: unlock,
i6.cloudns.cc,2,Keyword: cloud,
i6.cloudns.cx,2,Keyword: cloud,
i774uhrksolqvthjbr.cf,2,Keyword: hr,
i774uhrksolqvthjbr.ga,2,Keyword: hr,
i774uhrksolqvthjbr.gq,2,Keyword: hr,
i774uhrksolqvthjbr.ml,2,Keyword: hr,
i774uhrksolqvthjbr.tk,2,Keyword: hr,
i8rj0phr1v.mailbo.store,2,Keyword: hr,
iac.simplelogin.com,2,Keyword: login,
iassafety.com,2,Keyword: safe,
ibq1hrhzjk.mailbo.store,2,Keyword: hr,
ibyhrlc08fokf5f.xyz,2,Keyword: hr,
iccwire.com,2,Keyword: wire,
icesealminer.cloud,2,Keyword: cloud,
icgclaims.com,2,Keyword: claim,
ich.simplelogin.com,2,Keyword: login,
ichairscn.com,2,Keyword: irs,
icloud.cd,2,Keyword: cloud,
icloud.cm,2,Keyword: cloud,
icloud.do,2,Keyword: cloud,
icloud.ee,2,Keyword: cloud,
icloud.hu,2,Keyword: cloud,
icloud.ie,2,Keyword: cloud,
icloud.pt,2,Keyword: cloud,
icloud.si,2,Keyword: cloud,
icloud.sk,2,Keyword: cloud,
icloud19.outlook.rest,2,Keyword: outlook,
icloud2.com,2,Keyword: cloud,
icloudbusiness.net,2,Keyword: cloud,
icloudemail.kr,2,Keyword: cloud,
icloudg.com,2,Keyword: cloud,
icloudh.com,2,Keyword: cloud,
icloudmail.kr,2,Keyword: cloud,
icloudrelay.addy.io,2,Keyword: cloud,
icloudrelay.simplelogin.com,2,Keyword: login,
icloudsendfirefox.online,2,Keyword: cloud,
ideadrive.com,2,Keyword: drive,
idiochron.com,2,Keyword: hr,
idvpn.me,2,Keyword: vpn,
ifbgzhrewk.mailbo.store,2,Keyword: hr,
ifms.undeadbank.com,2,Keyword: bank,
ig.support,2,Keyword: support,
igenservices.com,2,Keyword: service,
ighrzwbcwv.mailbo.store,2,Keyword: hr,
igoville.com,2,Keyword: gov,
iicloud.com.vn,2,Keyword: cloud,
iifl.cloud,2,Keyword: cloud,
iiicloud.asia,2,Keyword: cloud,
iiicloud.best,2,Keyword: cloud,
iiiiiiicloud.com,2,Keyword: cloud,
ilcloud.com,2,Keyword: cloud,
ilwinhrn2t.mailbo.store,2,Keyword: hr,
im-irsyad.tech,2,Keyword: irs,
images.poisedtoshrike.com,2,Keyword: hr,
imagirsmail.ru,2,Keyword: irs,
imailcloud.net,2,Keyword: cloud,
imap.firstmail.ltd,2,Keyword: irs,
imboondelivery.com,2,Keyword: delivery,
imfaya.com,2,Keyword: mfa,
imirsmail.ru,2,Keyword: irs,
immortalizes61hr.online,2,Keyword: hr,
impactfirst.co,2,Keyword: irs,
imunlocked.com,2,Keyword: unlock,
inandout-christchurch.com,2,Keyword: hr,
inbilling.be,2,Keyword: billing,
inbox53.outlook.rest,2,Keyword: outlook,
inboxmail.mywire.org,2,Keyword: wire,
incaltaminteoriginala.info,2,Keyword: mint,
incaltamintesport.info,2,Keyword: mint,
incomservice.com,2,Keyword: service,
increase-speed-wordpress-admin.gq,2,Keyword: admin,
independentclaims.info,2,Keyword: claim,
independentvpn.com,2,Keyword: vpn,
index-raiffein-services-hu.xyz,2,Keyword: service,
indianapolishairsalons.com,2,Keyword: irs,
indianapolisprobateservices.com,2,Keyword: service,
indianembassyusa.gov.in,2,Keyword: gov,
indianmarineservices.com,2,Keyword: service,
indirimfirsatlar.xyz,2,Keyword: irs,
inetcloud.vn,2,Keyword: cloud,
info.travelservice4u.com,2,Keyword: service,
infomail.cloudns.cx,2,Keyword: cloud,
informedivergencia.cloud,2,Keyword: cloud,
inlook.cloud,2,Keyword: cloud,
innovaoemfactory.com,2,Keyword: mfa,
inquiries.ninjatransfers.click,2,Keyword: transfer,
inscopehr.com,2,Keyword: hr,
insecurel.com,2,Keyword: secure,
insta-notion-feed.com,2,Keyword: fee,
instantbreakthrough.com,2,Keyword: hr,
instatempmail.cloud,2,Keyword: cloud,
insurance-company-service.com,2,Keyword: service,
insyghtssecurity.com,2,Keyword: security,
int.poisedtoshrike.com,2,Keyword: hr,
intaketax.com,2,Keyword: tax,
integritypaintservicesllc.com,2,Keyword: service,
integritysupport.net,2,Keyword: support,
interfee.it,2,Keyword: fee,
interfeemail.ru,2,Keyword: fee,
internal-resources.org,2,Keyword: internal,
internalized343wm.online,2,Keyword: internal,
internetoutlook.com,2,Keyword: outlook,
interocoffee.com,2,Keyword: fee,
investigator.cloud,2,Keyword: cloud,
investorsloanservices.com,2,Keyword: service,
invictuswebportalservices.com,2,Keyword: service,
invistechitsupport.com,2,Keyword: support,
inwebmail.com,2,Keyword: webmail,
io-wallet-lite.info,2,Keyword: wallet,
iocloud.su,2,Keyword: cloud,
iodhrvrvof.mailbo.store,2,Keyword: hr,
ip91vpn.com,2,Keyword: vpn,
ipadrecovery.net,2,Keyword: recover,
iparladmin.com,2,Keyword: admin,
iptvservice.info,2,Keyword: service,
iqa2qwfhrh.mailbo.store,2,Keyword: hr,
iqcvthrkjk.mailbo.store,2,Keyword: hr,
irahardwarewallet.com,2,Keyword: wallet,
ircdrive.com,2,Keyword: drive,
ircdrive.net,2,Keyword: drive,
irishrose.us,2,Keyword: hr,
irs7zxu.cse445.com,2,Keyword: irs,
irsanalysis.com,2,Keyword: irs,
irsguidelines.net,2,Keyword: irs,
irssi.tv,2,Keyword: irs,
isap.sejm.gov.pl.smtp.24hschool.xyz,2,Keyword: gov,
isbgpsafe.com,2,Keyword: safe,
isoliman.simplelogin.com,2,Keyword: login,
isrindustrialsafetyandrescue.com,2,Keyword: safe,
issou.cloud,2,Keyword: cloud,
isupportheroes.com,2,Keyword: support,
isuzuserviskirsehir.xyz,2,Keyword: irs,
iswire.com,2,Keyword: wire,
it-expert-service.ru,2,Keyword: service,
it-service-in-heidelberg.de,2,Keyword: service,
it-service-sinsheim.de,2,Keyword: service,
it-support-shanghai.com,2,Keyword: support,
it.poisedtoshrike.com,2,Keyword: hr,
it.vpnseat.com,2,Keyword: vpn,
it.x24hr.com,2,Keyword: hr,
it99hrp8az.mailbo.store,2,Keyword: hr,
itfeed.net,2,Keyword: fee,
itj.cloud,2,Keyword: cloud,
itsupporthq.com,2,Keyword: support,
itxthry0ei.mailbo.store,2,Keyword: hr,
ivoryx.cloud,2,Keyword: cloud,
iwirelessstore.com,2,Keyword: wire,
iwrservices.com,2,Keyword: service,
iwrservices.net,2,Keyword: service,
izgo9taxn026uj.kranjingan.tech,2,Keyword: tax,
izibankrot.xyz,2,Keyword: bank,
izmirseyirtepe.net,2,Keyword: irs,
j1bopgovhi.mailbo.store,2,Keyword: gov,
j3eog.undeadbank.com,2,Keyword: bank,
j7.cloudns.cx,2,Keyword: cloud,
j7mpmeirso.mailbo.store,2,Keyword: irs,
jaamhomeservices.com,2,Keyword: service,
jachref.du.su,2,Keyword: hr,
jaciminta.com,2,Keyword: mint,
jaggov.com,2,Keyword: gov,
jamestownstaffing.com,2,Keyword: staff,
jamierhodes.simplelogin.com,2,Keyword: login,
jan-osing.simplelogin.com,2,Keyword: login,
jancloud.net,2,Keyword: cloud,
jandmprofessionaltaxllc.com,2,Keyword: tax,
janiceaja.atlanta-webmail.top,2,Keyword: webmail,
janitorservices.com,2,Keyword: service,
jarxs-vpn.ml,2,Keyword: vpn,
jasmineplacementservices.com,2,Keyword: service,
jav.support,2,Keyword: support,
javadmin.com,2,Keyword: admin,
jcs.simplelogin.com,2,Keyword: login,
jcscloudcontrol.com,2,Keyword: cloud,
jdmbenefits.info,2,Keyword: benefit,
jecogeo.cloud,2,Keyword: cloud,
jeddunk.simplelogin.com,2,Keyword: login,
jeen.simplelogin.com,2,Keyword: login,
jeeservices.com,2,Keyword: service,
jerseycityhairsalons.com,2,Keyword: irs,
jesuschrist.fund,2,Keyword: hr,
jesuschrist.icu,2,Keyword: hr,
jesuschrist.productions,2,Keyword: hr,
jeta-safety-online.ru,2,Keyword: safe,
jetstardutyfreepreorder.com,2,Keyword: order,
jewishrewj.space,2,Keyword: hr,
jfaria.simplelogin.com,2,Keyword: login,
jhanco.simplelogin.com,2,Keyword: login,
jhbxsjkcj.cloud,2,Keyword: cloud,
jhi4.undeadbank.com,2,Keyword: bank,
jhrseykjerl20604.ml,2,Keyword: hr,
jhrseykjerl20604.tk,2,Keyword: hr,
jhrseykjerl24773.cf,2,Keyword: hr,
jhrseykjerl24773.ga,2,Keyword: hr,
jhrseykjerl24773.ml,2,Keyword: hr,
jhrseykjerl24773.tk,2,Keyword: hr,
jhrseykjerl31756.ml,2,Keyword: hr,
jhrseykjerl31756.tk,2,Keyword: hr,
jhrseykjerl38436.ml,2,Keyword: hr,
jhrseykjerl38436.tk,2,Keyword: hr,
jhrseykjerl42917.cf,2,Keyword: hr,
jhrseykjerl42917.ga,2,Keyword: hr,
jhrseykjerl42917.ml,2,Keyword: hr,
jhrseykjerl42917.tk,2,Keyword: hr,
jhrseykjerl59229.cf,2,Keyword: hr,
jhrseykjerl59229.ga,2,Keyword: hr,
jhrseykjerl59229.ml,2,Keyword: hr,
jhrseykjerl59229.tk,2,Keyword: hr,
jhrseykjerl64041.ml,2,Keyword: hr,
jhrseykjerl66366.cf,2,Keyword: hr,
jhrseykjerl66366.ga,2,Keyword: hr,
jhrseykjerl66366.ml,2,Keyword: hr,
jhrseykjerl66366.tk,2,Keyword: hr,
jhrseykjerl70694.cf,2,Keyword: hr,
jhrseykjerl70694.ga,2,Keyword: hr,
jhrseykjerl70694.ml,2,Keyword: hr,
jhrseykjerl70694.tk,2,Keyword: hr,
jhrseykjerl71731.ml,2,Keyword: hr,
jhrseykjerl71731.tk,2,Keyword: hr,
jhrutrutg.igg.biz,2,Keyword: hr,
jiliwinapplogin.com,2,Keyword: login,
jimfaddismusic.com,2,Keyword: mfa,
jinyuehuan.cloudns.org,2,Keyword: cloud,
jiuhrcj4kn.mailbo.store,2,Keyword: hr,
jj-almeida.simplelogin.com,2,Keyword: login,
jjwinlogin.net,2,Keyword: login,
jk2n51hrqm.mailbo.store,2,Keyword: hr,
jma.simplelogin.com,2,Keyword: login,
jmailservice.com,2,Keyword: service,
jmjhomeservices.com,2,Keyword: service,
jnhtjhrt.tk,2,Keyword: hr,
jnyfyxdhrx85f0rrf.cf,2,Keyword: hr,
jnyfyxdhrx85f0rrf.ga,2,Keyword: hr,
jnyfyxdhrx85f0rrf.gq,2,Keyword: hr,
jnyfyxdhrx85f0rrf.ml,2,Keyword: hr,
jnyfyxdhrx85f0rrf.tk,2,Keyword: hr,
joao.simplelogin.com,2,Keyword: login,
jobmegov.com,2,Keyword: gov,
jobsfeel.com,2,Keyword: fee,
joelstahre.com,2,Keyword: hr,
joeyjasil.cloud,2,Keyword: cloud,
johnb.cloudns.ph,2,Keyword: cloud,
join-taxi.ru,2,Keyword: tax,
joinbadminton.ru,2,Keyword: mint,
jonglass.simplelogin.com,2,Keyword: login,
jonusatracking.com,2,Keyword: track,
joomla-support.com,2,Keyword: support,
josafeth.com,2,Keyword: safe,
jpcservicesinc.com,2,Keyword: service,
jpk.simplelogin.com,2,Keyword: login,
jshrtwg.com,2,Keyword: hr,
jtcloud.de,2,Keyword: cloud,
jtcloud.eu,2,Keyword: cloud,
jualcloud.net,2,Keyword: cloud,
juliaotilia.cloud,2,Keyword: cloud,
juliett.november.webmailious.top,2,Keyword: webmail,
jumpborder.com,2,Keyword: order,
junkmail.simplelogin.com,2,Keyword: login,
just.poisedtoshrike.com,2,Keyword: hr,
justiceacrossborders.org,2,Keyword: order,
justmailorderbrides.com,2,Keyword: order,
justmailservice.info,2,Keyword: service,
juvenileeatingdisordertreatment.com,2,Keyword: order,
jwihrrqg07.mailbo.store,2,Keyword: hr,
jyhrozbnbe.mailbo.store,2,Keyword: hr,
k25k9xhrfz.mailbo.store,2,Keyword: hr,
k3mfa6mhya.mailbo.store,2,Keyword: mfa,
ka9gamelogin.com,2,Keyword: login,
kaapiroyalecoffee.com,2,Keyword: fee,
kabirsolution.in,2,Keyword: irs,
kaciekenya.webmailious.top,2,Keyword: webmail,
kacycloudhosting.host,2,Keyword: cloud,
kadachigov.ru,2,Keyword: gov,
kafarnehbakere.cloud,2,Keyword: cloud,
kaffeeschluerfer.com,2,Keyword: fee,
kaffeeschluerfer.de,2,Keyword: fee,
kahel.cloudns.ph,2,Keyword: cloud,
kahraka5662.lofteone.ru,2,Keyword: hr,
kahramanmarashaberler.xyz,2,Keyword: hr,
kahramanmarasprefabrikyapi.xyz,2,Keyword: hr,
kaisarbahru.tech,2,Keyword: hr,
kakbankrot.xyz,2,Keyword: bank,
kallen.simplelogin.com,2,Keyword: login,
kamershipping.net,2,Keyword: shipping,
kappytravels.simplelogin.com,2,Keyword: login,
karak.simplelogin.com,2,Keyword: login,
karbon.cloud,2,Keyword: cloud,
karenmcgovernlaw.com,2,Keyword: gov,
kasdewhtewhrfasaea.vv.cc,2,Keyword: hr,
kassenbon.cloud,2,Keyword: cloud,
kathrinelarsen.me,2,Keyword: hr,
kathrynbell-design.com,2,Keyword: hr,
kathrynowen.com,2,Keyword: hr,
katoswift.simplelogin.com,2,Keyword: swift,
kawaiistore.cloud,2,Keyword: cloud,
kbe.simplelogin.com,2,Keyword: login,
kcdrivewaysealing.com,2,Keyword: drive,
kcmhradio.com,2,Keyword: hr,
kdc.support,2,Keyword: support,
kdprms.cloud,2,Keyword: cloud,
kdwz.cloudns.ph,2,Keyword: cloud,
keauhoubaybeachresort.com,2,Keyword: hr,
kebabamirsafriedchickenmadrid.com,2,Keyword: irs,
keepitsafeofcalifornia.com,2,Keyword: safe,
keepitsecurity.com,2,Keyword: security,
keija.cloud,2,Keyword: cloud,
kendalraven.webmailious.top,2,Keyword: webmail,
kexuedadao.cloudns.be,2,Keyword: cloud,
keystonemedservices.com,2,Keyword: service,
kezsafe.com,2,Keyword: safe,
kf53lmhrnu.mailbo.store,2,Keyword: hr,
kgbvjuniorcollegeveeraballe.cloud,2,Keyword: cloud,
khaedhdo.cloud,2,Keyword: cloud,
khairnarcleaningservices.com,2,Keyword: service,
khaldcde.cloud,2,Keyword: cloud,
khaledcas.cloud,2,Keyword: cloud,
khaledsa.cloud,2,Keyword: cloud,
khaledswc.cloud,2,Keyword: cloud,
khaledtrs.cloud,2,Keyword: cloud,
khalsdnxw.cloud,2,Keyword: cloud,
khjanfdxd.cloud,2,Keyword: cloud,
khproductsandservices.com,2,Keyword: service,
khrnjbqmts.mailbo.store,2,Keyword: hr,
khro8rhjyh.mailbo.store,2,Keyword: hr,
khruyu.us,2,Keyword: hr,
khrv.com,2,Keyword: hr,
ki7hrs5qsl.cf,2,Keyword: hr,
ki7hrs5qsl.ga,2,Keyword: hr,
ki7hrs5qsl.gq,2,Keyword: hr,
ki7hrs5qsl.ml,2,Keyword: hr,
ki7hrs5qsl.tk,2,Keyword: hr,
kimberley.simplelogin.com,2,Keyword: login,
kimirsen.ru,2,Keyword: irs,
kiness.cloudns.ph,2,Keyword: cloud,
kingssupportservice.com,2,Keyword: service,
kingssupportservices.com,2,Keyword: service,
kingssupportservices.net,2,Keyword: service,
kip.estaxy.com,2,Keyword: tax,
kip4hrovp8.mailbo.store,2,Keyword: hr,
kkiby2.cloud,2,Keyword: cloud,
kkollkeddd.cloud,2,Keyword: cloud,
kliningovq.site,2,Keyword: gov,
klogins.simplelogin.com,2,Keyword: login,
kmdtmfaib1.mailbo.store,2,Keyword: mfa,
kmyihhrlzb.mailbo.store,2,Keyword: hr,
know.poisedtoshrike.com,2,Keyword: hr,
knowythrec6138.lofteone.ru,2,Keyword: hr,
koconshandymanservice.com,2,Keyword: service,
kodikascoffee.com,2,Keyword: fee,
kodyandchris.com,2,Keyword: hr,
kofking.cloudns.org,2,Keyword: cloud,
konopacki.simplelogin.com,2,Keyword: login,
konto-w-banku.net,2,Keyword: bank,
kootenaitreeservice.com,2,Keyword: service,
kopilover.cloud,2,Keyword: cloud,
krausewebservices.com,2,Keyword: service,
kreditbankbankrt.xyz,2,Keyword: bank,
krhr.co.cc,2,Keyword: hr,
kripto.simplelogin.com,2,Keyword: login,
kriptowallet.ml,2,Keyword: wallet,
krlcjmvhri.mailbo.store,2,Keyword: hr,
krqwshrqkl.mailbo.store,2,Keyword: hr,
kryptexsecuremax.club,2,Keyword: secure,
kryptexsecuremax.xyz,2,Keyword: secure,
ksathrifthub.site,2,Keyword: hr,
ksxrhr6b0a.mailbo.store,2,Keyword: hr,
ktiics0dhr.mailbo.store,2,Keyword: hr,
kto.simplelogin.com,2,Keyword: login,
ktqwqhhrvx.mailbo.store,2,Keyword: hr,
kuciemba60.tastyarabicacoffee.com,2,Keyword: fee,
kuehraya.shop,2,Keyword: hr,
kuhrap.com,2,Keyword: hr,
kuihraya.shop,2,Keyword: hr,
kunden-verify-298374-check-sicherung.ru,2,Keyword: verify,
kushriches.top,2,Keyword: hr,
kutahyasairseyhiioo.com,2,Keyword: irs,
kutahyasairseyhiioo.xyz,2,Keyword: irs,
kutahyasiirsevenlerdernegi.com,2,Keyword: irs,
kutahyasiirsevenlerdernegi.xyz,2,Keyword: irs,
kuthrive.com,2,Keyword: hr,
kvhrr.com,2,Keyword: hr,
kvhrs.com,2,Keyword: hr,
kvhrw.com,2,Keyword: hr,
kwthr.com,2,Keyword: hr,
ky5hjhrd0w.mailbo.store,2,Keyword: hr,
kyverify.ga,2,Keyword: verify,
kz-delivery.agency,2,Keyword: delivery,
kzhry49.cse445.com,2,Keyword: hr,
kzkq.undeadbank.com,2,Keyword: bank,
l33t.support,2,Keyword: support,
ladiesbeachresort.com,2,Keyword: hr,
lahainataxi.com,2,Keyword: tax,
laidaidai.cloudns.be,2,Keyword: cloud,
lakocloud.store,2,Keyword: cloud,
lambdaecho.webmailious.top,2,Keyword: webmail,
lamedicalbilling.com,2,Keyword: billing,
lamellirsmail.ru,2,Keyword: irs,
landincoffee.com,2,Keyword: fee,
landloft.cloud,2,Keyword: cloud,
langleyfirst.com,2,Keyword: irs,
langleyfirst.net,2,Keyword: irs,
langleyfirst.org,2,Keyword: irs,
larachristie.site,2,Keyword: hr,
latinservice.net,2,Keyword: service,
launchwithrica.com,2,Keyword: hr,
lauthreadce.cf,2,Keyword: hr,
lauthreadce.ga,2,Keyword: hr,
lauthreadce.gq,2,Keyword: hr,
lauthreadce.ml,2,Keyword: hr,
lauthreadce.tk,2,Keyword: hr,
lawtoffee.com,2,Keyword: fee,
lcefzyh3hr.mailbo.store,2,Keyword: hr,
ldesignreclaimed.com,2,Keyword: claim,
ldh80hrnfauehks.xyz,2,Keyword: hr,
leadsafestlouis.org,2,Keyword: safe,
lecerise.cloud,2,Keyword: cloud,
leelogin.com,2,Keyword: login,
leet.support,2,Keyword: support,
legalwire.news,2,Keyword: wire,
legendselectricalservices.com,2,Keyword: service,
legitimationsservice.info,2,Keyword: service,
legoshi.cloud,2,Keyword: cloud,
legovox.slmail.me,2,Keyword: gov,
lehrxira.cf,2,Keyword: hr,
lehrxira.ga,2,Keyword: hr,
lehrxira.gq,2,Keyword: hr,
lehrxira.ml,2,Keyword: hr,
lenton.cloud,2,Keyword: cloud,
lequangduc.cloud,2,Keyword: cloud,
lerhr5jleu.mailbo.store,2,Keyword: hr,
lernerfahrung.de,2,Keyword: hr,
lexdrive.com,2,Keyword: drive,
lfyepaxhrm.mailbo.store,2,Keyword: hr,
lhrefrigeratedtransport.com,2,Keyword: hr,
lhrnferne.mil.pl,2,Keyword: hr,
lhry.com,2,Keyword: hr,
libertychristianchurch.org,2,Keyword: hr,
lifebeyondservice.com,2,Keyword: service,
lifeely.com,2,Keyword: fee,
lifeeye.us,2,Keyword: fee,
lifesupportband.com,2,Keyword: support,
lifewirekeys.com,2,Keyword: wire,
lift.healthroutine.click,2,Keyword: hr,
lightingnewswire.com,2,Keyword: wire,
lightingvpn.com,2,Keyword: vpn,
lightraygrowthservices.com,2,Keyword: service,
likeatfirstsight.com,2,Keyword: irs,
lilscleaningservice.com,2,Keyword: service,
limaquebec.webmailious.top,2,Keyword: webmail,
limewire.one,2,Keyword: wire,
linashairstudio.com,2,Keyword: irs,
lineahr.website,2,Keyword: hr,
link.cloudns.asia,2,Keyword: cloud,
linkloginjoker123.com,2,Keyword: login,
linkmehrcrom.cf,2,Keyword: hr,
linksysrouterlogin.net,2,Keyword: login,
linktrack.shop,2,Keyword: track,
linodecloud.tech,2,Keyword: cloud,
liporecovery.com,2,Keyword: recover,
lirtual.cloudns.org,2,Keyword: cloud,
liruckbank5964.lofteone.ru,2,Keyword: bank,
littfin89.ceramicsouvenirs.com,2,Keyword: irs,
live-online-support.info,2,Keyword: support,
live-support.us,2,Keyword: support,
live48.outlook.rest,2,Keyword: outlook,
livemintnewstoday.com,2,Keyword: mint,
livens.cloud,2,Keyword: cloud,
ljhr.info,2,Keyword: hr,
llogin.ru,2,Keyword: login,
lloydsbank.device-prevention-safeguard-login.com,2,Keyword: login,
lloydsbank.secure-login-new-dev-auth.com,2,Keyword: login,
lloydsverify.co.uk,2,Keyword: verify,
lmbzkhrfiv.mailbo.store,2,Keyword: hr,
lmpohro4hu.mailbo.store,2,Keyword: hr,
loachrisfal.cf,2,Keyword: hr,
loachrisfal.gq,2,Keyword: hr,
loachrisfal.ml,2,Keyword: hr,
loachrisfal.tk,2,Keyword: hr,
loaeilse.cloud,2,Keyword: cloud,
loanservicepros.com,2,Keyword: service,
lobschrisev3750.a.lofteone.ru,2,Keyword: hr,
localbitcoin.tech,2,Keyword: bitcoin,
localshredding.com,2,Keyword: hr,
locations.simplelogin.com,2,Keyword: login,
lochranza.net,2,Keyword: hr,
lochridge52.cheap3ddigitalcameras.com,2,Keyword: hr,
lodkataxi.ru,2,Keyword: tax,
login-email.cf,2,Keyword: login,
login-email.ga,2,Keyword: login,
login-email.ml,2,Keyword: login,
login-email.tk,2,Keyword: login,
login-moon.xyz,2,Keyword: login,
login-online-co-uk.buzz,2,Keyword: login,
login-to.online,2,Keyword: login,
login.connorbossy.com,2,Keyword: login,
login.feath.rs,2,Keyword: login,
login.gcmail.me,2,Keyword: login,
login.limadeoliveira.me,2,Keyword: login,
login.mailcloud.eu,2,Keyword: login,
login.philaphonh.dev,2,Keyword: login,
login.saetron.eu,2,Keyword: login,
loginadulttoys.com,2,Keyword: login,
logincbet.asia,2,Keyword: login,
logincode.33mail.com,2,Keyword: login,
logindominoonline.com,2,Keyword: login,
loginedv.anonaddy.me,2,Keyword: login,
loginflow.com,2,Keyword: login,
logingar.cf,2,Keyword: login,
logingar.ga,2,Keyword: login,
logingar.gq,2,Keyword: login,
logingar.ml,2,Keyword: login,
loginioeu1.com,2,Keyword: login,
loginioru1.com,2,Keyword: login,
loginiousa1.com,2,Keyword: login,
loginjoker123.link,2,Keyword: login,
loginlapp.com,2,Keyword: login,
loginoff.su,2,Keyword: login,
loginpage-documentneedtoupload.com,2,Keyword: login,
logins.l2w.org,2,Keyword: login,
logins.page,2,Keyword: login,
logintoemail.online,2,Keyword: login,
loginz.net,2,Keyword: login,
logistics-support.ga,2,Keyword: support,
lojas.simplelogin.com,2,Keyword: login,
lokata-w-banku.com.pl,2,Keyword: bank,
lol.ovpn.to,2,Keyword: vpn,
lombokbeachresort.com,2,Keyword: hr,
london-bitcoin.com,2,Keyword: bitcoin,
longandshorthairstyles.com,2,Keyword: irs,
longviewchristmas.com,2,Keyword: hr,
lookfeelflowbetter.com,2,Keyword: fee,
looksecure.net,2,Keyword: secure,
lordmoha.cloud,2,Keyword: cloud,
losangelescountypretrialservices.com,2,Keyword: service,
lottobenefit.com,2,Keyword: benefit,
louisvuittonmenwallet.info,2,Keyword: wallet,
lovelys.cloud,2,Keyword: cloud,
loveshi.cloud,2,Keyword: cloud,
low.poisedtoshrike.com,2,Keyword: hr,
lowerloanpayments.com,2,Keyword: payment,
loydsbank.co.uk,2,Keyword: bank,
lphrx.us,2,Keyword: hr,
lrtax.online,2,Keyword: tax,
lsp.simplelogin.com,2,Keyword: login,
ltaxeg8gsj.mailbo.store,2,Keyword: tax,
ltswireless.com,2,Keyword: wire,
lttcloud.com,2,Keyword: cloud,
lubbockhairsalons.com,2,Keyword: irs,
lucky101login.com,2,Keyword: login,
lucky102login.com,2,Keyword: login,
luckybetlogin.net,2,Keyword: login,
lujzhrc7zw.mailbo.store,2,Keyword: hr,
luvash.cloud,2,Keyword: cloud,
luxuryspanishrentals.com,2,Keyword: hr,
lxwebmail.com,2,Keyword: webmail,
lzyq6bhrgv.mailbo.store,2,Keyword: hr,
m.cloudns.cl,2,Keyword: cloud,
m189ushr.buzz,2,Keyword: hr,
m79hr2q.com,2,Keyword: hr,
m7wmohrdep.mailbo.store,2,Keyword: hr,
m8r.davidfuhr.de,2,Keyword: hr,
m9e4.undeadbank.com,2,Keyword: bank,
m9pxhr33ro.mailbo.store,2,Keyword: hr,
macauvpn.com,2,Keyword: vpn,
machmeschrzec.cf,2,Keyword: hr,
machmeschrzec.ga,2,Keyword: hr,
machmeschrzec.ml,2,Keyword: hr,
machmeschrzec.tk,2,Keyword: hr,
macnotification.com,2,Keyword: notification,
macroclearsecurity.com,2,Keyword: security,
macys-secure-login.com,2,Keyword: login,
madhusudan.simplelogin.com,2,Keyword: login,
madriverschool.org,2,Keyword: drive,
madrivertennis.com,2,Keyword: drive,
magareports.cloud,2,Keyword: cloud,
magentatax.com,2,Keyword: tax,
magnus.simplelogin.com,2,Keyword: login,
maid-service.info,2,Keyword: service,
maidstoneinventoryservices.com,2,Keyword: service,
mail-security.xyz,2,Keyword: security,
mail.achromaemail.ru,2,Keyword: hr,
mail.achromml.ru,2,Keyword: hr,
mail.adminis.ru,2,Keyword: admin,
mail.anaphrml.ru,2,Keyword: hr,
mail.anthracoml.ru,2,Keyword: hr,
mail.anthropoemail.ru,2,Keyword: hr,
mail.apnacloud.app,2,Keyword: cloud,
mail.bitofee.com,2,Keyword: fee,
mail.chrimi8.de,2,Keyword: hr,
mail.chronobmails.ru,2,Keyword: hr,
mail.dfirstmail.com,2,Keyword: irs,
mail.encorejeune.cloud,2,Keyword: cloud,
mail.fm.cloudns.nz,2,Keyword: cloud,
mail.gnfox.cloudns.be,2,Keyword: cloud,
mail.hkirsan.com,2,Keyword: irs,
mail.iswire.com,2,Keyword: wire,
mail.johnscaffee.com,2,Keyword: fee,
mail.mail-internal.mail-internal-prod.rust.u64.space,2,Keyword: internal,
mail.nsvpn.com,2,Keyword: vpn,
mail.scorchedcloud.com,2,Keyword: cloud,
mail.sfirstmail.com,2,Keyword: irs,
mail.shrimpshark.com,2,Keyword: hr,
mail.swiftdigital.ca,2,Keyword: swift,
mail.threatfax.com,2,Keyword: hr,
mail.toprevenue.net,2,Keyword: revenue,
mail.trackden.com,2,Keyword: track,
mail.unnoticeaml.ru,2,Keyword: notice,
mail.wikfee.com,2,Keyword: fee,
mailanddrive.de,2,Keyword: drive,
mailbag.simplelogin.com,2,Keyword: login,
mailbox.r2.dns-cloud.net,2,Keyword: cloud,
mailbox1.1500tbgdrive.uk,2,Keyword: drive,
mailbox62.outlook.rest,2,Keyword: outlook,
mailcloud.fun,2,Keyword: cloud,
mailcloud.pw,2,Keyword: cloud,
mailcloud.website,2,Keyword: cloud,
mailcursor.moxiaoying.cloudns.org,2,Keyword: cloud,
mailer.cloudns.org,2,Keyword: cloud,
mailfirst.icu,2,Keyword: irs,
mailgov.info,2,Keyword: gov,
mailhorders.com,2,Keyword: order,
mailhost89.outlook.rest,2,Keyword: outlook,
mailhub15.outlook.rest,2,Keyword: outlook,
maillogin.site,2,Keyword: login,
mailmeservice.club,2,Keyword: service,
mailmint.art,2,Keyword: mint,
mailorderbrides4u.net,2,Keyword: order,
mailorderbridesreviews.com,2,Keyword: order,
mailsafe.cc,2,Keyword: safe,
mailsafe.fr.nf,2,Keyword: safe,
mailsafe.store,2,Keyword: safe,
mailsdfeer.com,2,Keyword: fee,
mailsdfeer.net,2,Keyword: fee,
mailsecure27.outlook.rest,2,Keyword: outlook,
mailserviceforfree.info,2,Keyword: service,
mailsvc73.outlook.rest,2,Keyword: outlook,
mailswift.net,2,Keyword: swift,
mailus.ninjatransfers.click,2,Keyword: transfer,
mailus.thewisetransfer.click,2,Keyword: transfer,
mailus.wetransfer.click,2,Keyword: transfer,
mainetaxicab.com,2,Keyword: tax,
maintecloud.com,2,Keyword: cloud,
maisdeliveryapp.com,2,Keyword: delivery,
makernerd.simplelogin.com,2,Keyword: login,
maltabitcoinmining.com,2,Keyword: bitcoin,
mamaiuop.cloud,2,Keyword: cloud,
mamamintaemail.com,2,Keyword: mint,
mamamintaemail.hopto.org,2,Keyword: mint,
managerialstaff.ru,2,Keyword: staff,
manateepao.gov,2,Keyword: gov,
mandriya.cloud,2,Keyword: cloud,
mangofuhrer.com,2,Keyword: hr,
mangovision.com,2,Keyword: gov,
maniashrinepatch.site,2,Keyword: hr,
manjushreeinfotech.com,2,Keyword: hr,
manyhaywire.com,2,Keyword: wire,
manysecured.com,2,Keyword: secure,
mao.services,2,Keyword: service,
maocloud.world,2,Keyword: cloud,
maohe.cloud,2,Keyword: cloud,
mar-notification.com,2,Keyword: notification,
mara.jessica.webmailious.top,2,Keyword: webmail,
mariecharlesrealestateagentcorpuschristitx.com,2,Keyword: hr,
marketcloud.me,2,Keyword: cloud,
marketdriven.net,2,Keyword: drive,
markethealthreviews.info,2,Keyword: hr,
marketing-services.net,2,Keyword: service,
marketing4all24.christmas,2,Keyword: hr,
marketingservices24.org,2,Keyword: service,
marketingservicesly.org,2,Keyword: service,
markmkw.cloud,2,Keyword: cloud,
marmaladedrive.com,2,Keyword: drive,
martin.securehost.com.es,2,Keyword: secure,
martu79.cloud,2,Keyword: cloud,
masdjan.cloud,2,Keyword: cloud,
masonryservicesatokatn.com,2,Keyword: service,
masterhost.services,2,Keyword: service,
mastermindsforchrist.com,2,Keyword: hr,
matchendirect.cloud,2,Keyword: cloud,
matthewservices.com,2,Keyword: service,
maxbenefitsllc.com,2,Keyword: benefit,
maxdrive.com,2,Keyword: drive,
maximisereservices.com,2,Keyword: service,
maximiserservices.com,2,Keyword: service,
maximloginov.net,2,Keyword: login,
maxmint.site,2,Keyword: mint,
maxpedia.cloud,2,Keyword: cloud,
mayflowerchristianschool.org,2,Keyword: hr,
mayonaka.cloud,2,Keyword: cloud,
mbahraffi.eu.org,2,Keyword: hr,
mbcservices.net,2,Keyword: service,
mbief2fazk.mailbo.store,2,Keyword: 2fa,
mbmzlwoehr.mailbo.store,2,Keyword: hr,
mbox3.simplelogin.com,2,Keyword: login,
mbuhragagas.com,2,Keyword: hr,
mbzhhr.capcutsda.cyou,2,Keyword: hr,
mcafeemail.com,2,Keyword: fee,
mcdrives.com,2,Keyword: drive,
mcgovernsyellowkittens.com,2,Keyword: gov,
mckinseygovernmentandtheopposite.vision,2,Keyword: gov,
mckissick.ceramicsouvenirs.com,2,Keyword: irs,
mclz.undeadbank.com,2,Keyword: bank,
mcsafedata.com,2,Keyword: safe,
mctaxbusiness.com,2,Keyword: tax,
mddatabank.com,2,Keyword: bank,
mdriver.site,2,Keyword: drive,
mechanicalcomfortservices.com,2,Keyword: service,
media-maghreb.com,2,Keyword: hr,
medicalalert.app,2,Keyword: alert,
medicalbenefitexchange.com,2,Keyword: benefit,
medicalbillingprogramzone.xyz,2,Keyword: billing,
medicalsels.cloud,2,Keyword: cloud,
medicalservice.su,2,Keyword: service,
medilightbilling.com,2,Keyword: billing,
mediumbanking.online,2,Keyword: banking,
medooo2.cloud,2,Keyword: cloud,
medrive.id,2,Keyword: drive,
meetsupport.click,2,Keyword: support,
meetsupportteams.click,2,Keyword: support,
mehr-bitcoin.de,2,Keyword: hr,
mehrad.site,2,Keyword: hr,
mehrd434.club,2,Keyword: hr,
mehrpoy.ir,2,Keyword: hr,
mekongtransfer.com,2,Keyword: transfer,
meltwaterdrive.cd,2,Keyword: drive,
memati.simplelogin.com,2,Keyword: login,
memphistaxgroup.com,2,Keyword: tax,
mendung.cloud,2,Keyword: cloud,
menssubstanceabusetreatment.com,2,Keyword: abuse,
mentalhealthsupport.online,2,Keyword: support,
mentorphrase.com,2,Keyword: hr,
mercevpn.xyz,2,Keyword: vpn,
merituminteractive.net,2,Keyword: mint,
meritumtech.cloud,2,Keyword: cloud,
mesdemarchesadministratives.com,2,Keyword: admin,
messagesafe.co,2,Keyword: safe,
messagesafe.io,2,Keyword: safe,
messagesafe.ninja,2,Keyword: safe,
messerservice.com,2,Keyword: service,
metrofleetservices.com,2,Keyword: service,
mfamxsjkpw.mailbo.store,2,Keyword: mfa,
mfano.cf,2,Keyword: mfa,
mfano.ga,2,Keyword: mfa,
mfano.gq,2,Keyword: mfa,
mfano.tk,2,Keyword: mfa,
mfautxy57ntizy9.xyz,2,Keyword: mfa,
mfayp.site,2,Keyword: mfa,
mfghrtdf5bgfhj7hh.tk,2,Keyword: hr,
mfx.simplelogin.com,2,Keyword: login,
mg.sainotice.com,2,Keyword: notice,
mggovernor.com,2,Keyword: gov,
mhdbilling.com,2,Keyword: billing,
mhm.simplelogin.com,2,Keyword: login,
mhxrubhrkr.ga,2,Keyword: hr,
microservices.ma,2,Keyword: service,
midamericanbuildingservice.com,2,Keyword: service,
midcoastcustoms.com,2,Keyword: customs,
midcoastcustoms.net,2,Keyword: customs,
midsouthbank.com,2,Keyword: bank,
mijnbankbetalingen.com,2,Keyword: bank,
mikaela.kaylin.webmailious.top,2,Keyword: webmail,
mikecloud.info,2,Keyword: cloud,
milionariosdobitcoin.com,2,Keyword: bitcoin,
millvalleyflowerdelivery.com,2,Keyword: delivery,
miltora.simplelogin.com,2,Keyword: login,
milyon888slotlogin.com,2,Keyword: login,
min.edu.gov,2,Keyword: gov,
mindcloud.app,2,Keyword: cloud,
mindwired.io,2,Keyword: wire,
minexpool.cloud,2,Keyword: cloud,
minexpoolprohub.cloud,2,Keyword: cloud,
minhanhvpn.com,2,Keyword: vpn,
mini.poisedtoshrike.com,2,Keyword: hr,
ministrysupport.app,2,Keyword: support,
minoreatingdisordertreatment.com,2,Keyword: order,
minsupportx.ga,2,Keyword: support,
mint-space.info,2,Keyword: mint,
mint2010.mintemail.com,2,Keyword: mint,
mintaa.com,2,Keyword: mint,
mintadomaindong.cf,2,Keyword: mint,
mintadomaindong.ga,2,Keyword: mint,
mintadomaindong.gq,2,Keyword: mint,
mintadomaindong.ml,2,Keyword: mint,
mintadomaindong.tk,2,Keyword: mint,
mintaero.store,2,Keyword: mint,
mintastra.store,2,Keyword: mint,
mintcbg.com,2,Keyword: mint,
mintconditionin.ga,2,Keyword: mint,
mintconditioninc.net,2,Keyword: mint,
mintemail.cf,2,Keyword: mint,
mintemail.com,2,Keyword: mint,
mintemail.ga,2,Keyword: mint,
mintemail.gq,2,Keyword: mint,
mintemail.ml,2,Keyword: mint,
mintemail.tk,2,Keyword: mint,
minterp.com,2,Keyword: mint,
mintmarketing.ie,2,Keyword: mint,
mintmira.store,2,Keyword: mint,
mintsbolts.top,2,Keyword: mint,
mintsnus.com,2,Keyword: mint,
mintstresms.xyz,2,Keyword: mint,
minttrack.xyz,2,Keyword: track,
mirenaclaimevaluation.com,2,Keyword: claim,
mirs.com,2,Keyword: irs,
mirskazki.info,2,Keyword: irs,
mirsky99.instambox.com,2,Keyword: irs,
mirsoglashenie.xyz,2,Keyword: irs,
mirstyle.ru,2,Keyword: irs,
misclassirsmail.ru,2,Keyword: irs,
mishreid.net,2,Keyword: hr,
mitas.simplelogin.com,2,Keyword: login,
mithrabvtd.space,2,Keyword: hr,
mixcloud-downloader.club,2,Keyword: cloud,
miyares.ceramicsouvenirs.com,2,Keyword: irs,
mj.enshroud.me,2,Keyword: hr,
mjtsupport.com,2,Keyword: support,
mka.simplelogin.com,2,Keyword: login,
mkbtelefoonservice.com,2,Keyword: service,
mkscloud.xyz,2,Keyword: cloud,
mmgsupport.com,2,Keyword: support,
mmint99.com,2,Keyword: mint,
mmneda.cloud,2,Keyword: cloud,
mmnr.wirelax.com,2,Keyword: wire,
mmoha.cloud,2,Keyword: cloud,
moathrababah.com,2,Keyword: hr,
mobilebankapp.org,2,Keyword: bank,
mobilecityservices.com,2,Keyword: service,
mobilefirstcms.org,2,Keyword: irs,
mobilephonelocationtracking.info,2,Keyword: track,
mobilephonetrackingsoftware.info,2,Keyword: track,
mobiletracker.com,2,Keyword: track,
mobilevpn.top,2,Keyword: vpn,
mobilevpn.xyz,2,Keyword: vpn,
mobiwireless.com,2,Keyword: wire,
mocbddelivery.com,2,Keyword: delivery,
mochris.com,2,Keyword: hr,
modasupport.org,2,Keyword: support,
moderntransfers.info,2,Keyword: transfer,
mohmedalasse456.cloud,2,Keyword: cloud,
mohmm.cloud,2,Keyword: cloud,
mohmned.cloud,2,Keyword: cloud,
mohnedal.cloud,2,Keyword: cloud,
mohod.cloud,2,Keyword: cloud,
moi-bank.com,2,Keyword: bank,
moko.cloud,2,Keyword: cloud,
momfashionlifestyle.com,2,Keyword: mfa,
mommyyelan.simplelogin.com,2,Keyword: login,
mondayfirst.site,2,Keyword: irs,
money-drives.com,2,Keyword: drive,
monochromamail.ru,2,Keyword: hr,
monochromeapp.com,2,Keyword: hr,
monochromecompany.com,2,Keyword: hr,
monochrvegai.ru,2,Keyword: hr,
moonairse.com,2,Keyword: irs,
moonfee.com,2,Keyword: fee,
moontrack.net,2,Keyword: track,
mormoncoffee.com,2,Keyword: fee,
mortgagecalculatorwithtaxess.com,2,Keyword: tax,
mosaferbaar.com,2,Keyword: safe,
mosaferkade.org,2,Keyword: safe,
mostafa8535.cloud,2,Keyword: cloud,
mostpopulardriver.com,2,Keyword: drive,
movestax.com,2,Keyword: tax,
moxiaoying.cloudns.org,2,Keyword: cloud,
mpa.simplelogin.com,2,Keyword: login,
mpocketbank.com,2,Keyword: bank,
mpqo.8.stage1.order.cargill.com.hobbybeach.com,2,Keyword: order,
mpra.ub.uni-muenchen.de.smtp.ntservices.xyz,2,Keyword: service,
mpsupport247.com,2,Keyword: support,
mpvshrabb6.mailbo.store,2,Keyword: hr,
mrd3588.cloudns.be,2,Keyword: cloud,
mrunlock.run,2,Keyword: unlock,
mrxhb.cloudns.be,2,Keyword: cloud,
mservices.life,2,Keyword: service,
msft.cloudns.asia,2,Keyword: cloud,
msgsafe.io,2,Keyword: safe,
msgsafe.ninja,2,Keyword: safe,
msgsupport.site,2,Keyword: support,
msgsupport.store,2,Keyword: support,
msgwire.com,2,Keyword: wire,
mshri.com,2,Keyword: hr,
mtc-cloud.tech,2,Keyword: cloud,
mthrm.com,2,Keyword: hr,
mtsautoshipping.net,2,Keyword: shipping,
muhrifq.buzz,2,Keyword: hr,
mulitcloud.ninja,2,Keyword: cloud,
multialpha.cloud,2,Keyword: cloud,
multibusinessstaffingllc.com,2,Keyword: staff,
multiplusclouds.com,2,Keyword: cloud,
multisourceproductsandservicesportals.com,2,Keyword: service,
muncloud.online,2,Keyword: cloud,
muryegcbsvd.cloud,2,Keyword: cloud,
mushroomadventure.net,2,Keyword: hr,
mushroomadventures.info,2,Keyword: hr,
mushroomadventures.us,2,Keyword: hr,
mushroombrood.site,2,Keyword: hr,
music-feels-great.com,2,Keyword: fee,
muskokacomputerservices.com,2,Keyword: service,
must.poisedtoshrike.com,2,Keyword: hr,
musttttaff.cloud,2,Keyword: cloud,
mutualmedinsuranceservices.com,2,Keyword: service,
muz-tracker.site,2,Keyword: track,
mvn.wirelax.com,2,Keyword: wire,
mx.bfirstmail.com,2,Keyword: irs,
mx.firstmail.ltd,2,Keyword: irs,
mx0ghr52.igg.biz,2,Keyword: hr,
mx6xfee2.igg.biz,2,Keyword: fee,
mxfinancialservices.com,2,Keyword: service,
mxp.dns-cloud.net,2,Keyword: cloud,
mxthr4p2.igg.biz,2,Keyword: hr,
my-lead-tracker.ru,2,Keyword: track,
my-webmail.cf,2,Keyword: webmail,
my-webmail.ga,2,Keyword: webmail,
my-webmail.gq,2,Keyword: webmail,
my-webmail.ml,2,Keyword: webmail,
my-webmail.tk,2,Keyword: webmail,
my.poisedtoshrike.com,2,Keyword: hr,
my.safe-mail.gq,2,Keyword: safe,
mybandwallet.com,2,Keyword: wallet,
mybankingtips.com,2,Keyword: banking,
mybankloans.org,2,Keyword: bank,
mybitcoin.com,2,Keyword: bitcoin,
mycfee.com,2,Keyword: fee,
mychatscloud.com,2,Keyword: cloud,
mycloudmail.tech,2,Keyword: cloud,
mydirstuff.site,2,Keyword: irs,
myeheterrwallet.com,2,Keyword: wallet,
myeheterwallet.com,2,Keyword: wallet,
myfirstdomainname.cf,2,Keyword: irs,
myfirstdomainname.ga,2,Keyword: irs,
myfirstdomainname.gq,2,Keyword: irs,
myfirstdomainname.ml,2,Keyword: irs,
myfirstdomainname.tk,2,Keyword: irs,
myfirstdomains1x.ml,2,Keyword: irs,
myfirstgoldbear.ru,2,Keyword: irs,
mygamethread.com,2,Keyword: hr,
mygourmetcoffee.net,2,Keyword: fee,
myhomedisorder.com,2,Keyword: order,
myimatics.simplelogin.com,2,Keyword: login,
myindohome.services,2,Keyword: service,
mykcloud.com,2,Keyword: cloud,
mylovelyfeed.info,2,Keyword: fee,
mymintinbox.com,2,Keyword: mint,
myonline-services.net,2,Keyword: service,
myonlinesafeplace.monster,2,Keyword: safe,
myonlinesafeplace.tech,2,Keyword: safe,
myonlinesafeplace.xyz,2,Keyword: safe,
myoutlook.fr,2,Keyword: outlook,
myprecisebilling.com,2,Keyword: billing,
myr.wirelax.com,2,Keyword: wire,
myrecovery.casa,2,Keyword: recover,
myrelay.simplelogin.com,2,Keyword: login,
myri.simplelogin.com,2,Keyword: login,
mysafe.ml,2,Keyword: safe,
mysafemail.cf,2,Keyword: safe,
mysafemail.ga,2,Keyword: safe,
mysafemail.gq,2,Keyword: safe,
mysafemail.ml,2,Keyword: safe,
mysafemail.tk,2,Keyword: safe,
mysecurebox.online,2,Keyword: secure,
mysecuredoctor.com,2,Keyword: secure,
myservices.simplelogin.com,2,Keyword: service,
mystvpn.com,2,Keyword: vpn,
myswisswallet.com,2,Keyword: wallet,
mytaxes.com,2,Keyword: tax,
mythrashmail.net,2,Keyword: hr,
mywallets.ru,2,Keyword: wallet,
mywebsitesecure.com,2,Keyword: secure,
mywheelchairspace.info,2,Keyword: irs,
n2thecloud.net,2,Keyword: cloud,
n2track.com,2,Keyword: track,
n8hr2llxrc.mailbo.store,2,Keyword: hr,
nadailahmed.cloud,2,Keyword: cloud,
nagi.simplelogin.com,2,Keyword: login,
nahrm.org,2,Keyword: hr,
nairspice.com,2,Keyword: irs,
nakorder.online,2,Keyword: order,
nakzvpn.xyz,2,Keyword: vpn,
namify.services,2,Keyword: service,
nanopools.cloud,2,Keyword: cloud,
nanotechranch.com,2,Keyword: hr,
narnia-chronik.com,2,Keyword: hr,
narwhalsecurity.com,2,Keyword: security,
narwhalsecurity.net,2,Keyword: security,
nasa.gov.eduheros.com,2,Keyword: gov,
national-alert.org,2,Keyword: alert,
nationalcprfoundation-support.com,2,Keyword: support,
nationalholdingservice.com,2,Keyword: service,
naturecoastbank.com,2,Keyword: bank,
naughtyrevenue.com,2,Keyword: revenue,
nauticalconsultingservices.com,2,Keyword: service,
navientlogin.net,2,Keyword: login,
navit.cloudns.ph,2,Keyword: cloud,
navmanwirelessoem.com,2,Keyword: wire,
nbhvdsxrf.cloud,2,Keyword: cloud,
nble.cloud,2,Keyword: cloud,
nbq.simplelogin.com,2,Keyword: login,
nbv.wirelax.com,2,Keyword: wire,
nca.x.gsi.gov.uk,2,Keyword: gov,
ncdentalitservices.com,2,Keyword: service,
nclouddns.com,2,Keyword: cloud,
ncseculogin.info,2,Keyword: login,
nebula.trying.cloud,2,Keyword: cloud,
nedalalia.cloud,2,Keyword: cloud,
nedalalii.cloud,2,Keyword: cloud,
nedalmhm.cloud,2,Keyword: cloud,
nedalned.cloud,2,Keyword: cloud,
nedalneda.cloud,2,Keyword: cloud,
nedaned.cloud,2,Keyword: cloud,
nedapa.cloud,2,Keyword: cloud,
nedmoh.cloud,2,Keyword: cloud,
nedtwo.cloud,2,Keyword: cloud,
neltaxip.com,2,Keyword: tax,
nemo.simplelogin.com,2,Keyword: login,
neocybersecurity.com.au,2,Keyword: security,
neonstars.simplelogin.com,2,Keyword: login,
nerd.poisedtoshrike.com,2,Keyword: hr,
nesssiggawiremp.space,2,Keyword: wire,
net-order.biz,2,Keyword: order,
netaxistech.com,2,Keyword: tax,
netfercloud.com,2,Keyword: cloud,
nethives.cloud,2,Keyword: cloud,
netseoservice.com,2,Keyword: service,
network-security-alerts.com,2,Keyword: security,
networkbathrooms.com,2,Keyword: hr,
networkcabletracker.com,2,Keyword: track,
netxservices.net,2,Keyword: service,
netxservices.org,2,Keyword: service,
neujahrsgruesse.info,2,Keyword: hr,
neuro-safety.net,2,Keyword: safe,
neuro-safety.org,2,Keyword: safe,
neutroncloudtesting.com,2,Keyword: cloud,
never7.cloudns.be,2,Keyword: cloud,
new-belstaff-jackets.com,2,Keyword: staff,
new-payeesecurity.com,2,Keyword: security,
newawakeningcoffee.com,2,Keyword: fee,
newbelstaff-jackets.com,2,Keyword: staff,
newchristianlouboutinoutletfr.com,2,Keyword: hr,
newchristianlouboutinshoesusa.us,2,Keyword: hr,
newirelessnetworks.com,2,Keyword: wire,
newjobzalert.com,2,Keyword: alert,
newmansecuritygroup.com,2,Keyword: security,
newnedal.cloud,2,Keyword: cloud,
newnew.cloud,2,Keyword: cloud,
newnewned.cloud,2,Keyword: cloud,
newnodepositcasinobonuses.com,2,Keyword: deposit,
newnxnsupport.ru,2,Keyword: support,
neworderofthenorthandsouthmrcinc.com,2,Keyword: order,
newpayee-registration-secured.com,2,Keyword: secure,
news.hackney.gov.uk,2,Keyword: gov,
newsfeeder.org,2,Keyword: fee,
newsnodewire.com,2,Keyword: wire,
newtelwireless.com,2,Keyword: wire,
nexamint.store,2,Keyword: mint,
next.cloudns.cc,2,Keyword: cloud,
next2cloud.info,2,Keyword: cloud,
nextcloud.design,2,Keyword: cloud,
nextgenadmin.com,2,Keyword: admin,
nghivpn.io.vn,2,Keyword: vpn,
ngidddy5hr.mailbo.store,2,Keyword: hr,
ngocok.cloud,2,Keyword: cloud,
ngscloud.space,2,Keyword: cloud,
nhifswkaidn4hr0dwf4.cf,2,Keyword: hr,
nhifswkaidn4hr0dwf4.ga,2,Keyword: hr,
nhifswkaidn4hr0dwf4.gq,2,Keyword: hr,
nhifswkaidn4hr0dwf4.ml,2,Keyword: hr,
nhifswkaidn4hr0dwf4.tk,2,Keyword: hr,
nhrh.emlhub.com,2,Keyword: hr,
nhrt.luk2.com,2,Keyword: hr,
nhrtiuuij.space,2,Keyword: hr,
nhryw.info,2,Keyword: hr,
niagarabank.com,2,Keyword: bank,
nicbec.simplelogin.com,2,Keyword: login,
nicegovmail.com,2,Keyword: gov,
nichole.essence.webmailious.top,2,Keyword: webmail,
nicolecoachingservices.com,2,Keyword: service,
nilcloud.xyz,2,Keyword: cloud,
nimfa.info,2,Keyword: mfa,
ninjatransfers.click,2,Keyword: transfer,
nitro-service.xyz,2,Keyword: service,
nitzan-hr.com,2,Keyword: hr,
njordcybersecurity.com,2,Keyword: security,
njordsecurity.com,2,Keyword: security,
nkasde.cloud,2,Keyword: cloud,
nlphrg8dxi.mailbo.store,2,Keyword: hr,
nmfvdjf.cloud,2,Keyword: cloud,
nn2jthrzip.mailbo.store,2,Keyword: hr,
nnmjhkj.cloud,2,Keyword: cloud,
no-more-hangover.tk,2,Keyword: gov,
noadmin.top,2,Keyword: admin,
nobitcoin.net,2,Keyword: bitcoin,
noblecloud.dev,2,Keyword: cloud,
noblecloud.io,2,Keyword: cloud,
nodepositecasinous.com,2,Keyword: deposit,
nodepositslotcasino.com,2,Keyword: deposit,
noe2fa.digital,2,Keyword: 2fa,
noemfasten.com,2,Keyword: mfa,
nofaxnoteletrackpaydayloans.us,2,Keyword: track,
nofaxpaydayloansin24hrs.com,2,Keyword: hr,
noifeelings.com,2,Keyword: fee,
nonfirsfoxstreat.tk,2,Keyword: irs,
noorrafet.cloud,2,Keyword: cloud,
norbbbed.cloud,2,Keyword: cloud,
norcalsecurityca.com,2,Keyword: security,
northroyaltonapartments.com,2,Keyword: hr,
noshrwjg.space,2,Keyword: hr,
nospam.cloudns.ph,2,Keyword: cloud,
nosuger.coffee,2,Keyword: fee,
notice-booster1.site,2,Keyword: notice,
notice-cellphone.club,2,Keyword: notice,
notice-cleaner1.site,2,Keyword: notice,
notice-iphone.club,2,Keyword: notice,
notice-phone.club,2,Keyword: notice,
notice-phone1.site,2,Keyword: notice,
notice.mailbo.store,2,Keyword: notice,
notice.simplelogin.com,2,Keyword: notice,
noticemail.ru,2,Keyword: notice,
notification-booster.club,2,Keyword: notification,
notification-cellphone.club,2,Keyword: notification,
notification-cleaner.club,2,Keyword: notification,
notification-iphone.club,2,Keyword: notification,
notification-phone.club,2,Keyword: notification,
notification.agency,2,Keyword: notification,
notification.mirakl.net,2,Keyword: notification,
noumirasjahril.art,2,Keyword: hr,
nova-cloud.org,2,Keyword: cloud,
novembervictor.webmailious.top,2,Keyword: webmail,
now.poisedtoshrike.com,2,Keyword: hr,
npl.simplelogin.com,2,Keyword: login,
nrihometownservices.com,2,Keyword: service,
nrzb5pzhrm.mailbo.store,2,Keyword: hr,
ns1.dfirstmail.com,2,Keyword: irs,
ns1.firstmail.ltd,2,Keyword: irs,
ns2.firstmail.ltd,2,Keyword: irs,
nsagov.us,2,Keyword: gov,
nshoesfirst.info,2,Keyword: irs,
nstarbank.com,2,Keyword: bank,
nsureservices.co.uk,2,Keyword: service,
nsvpn.com,2,Keyword: vpn,
nswgovernment.cf,2,Keyword: gov,
nswgovernment.ga,2,Keyword: gov,
nthrl.com,2,Keyword: hr,
nthrw.com,2,Keyword: hr,
ntpc-gov.myddns.me,2,Keyword: gov,
ntservices.xyz,2,Keyword: service,
nubm.9.fahrizal.club,2,Keyword: hr,
nusuk.cloud,2,Keyword: cloud,
nuvexcloud.com,2,Keyword: cloud,
nvbusinesschronicles.com,2,Keyword: hr,
nvecloud.us,2,Keyword: cloud,
nvhrw.com,2,Keyword: hr,
nvr.services,2,Keyword: service,
nvt.simplelogin.com,2,Keyword: login,
nwds-support.com,2,Keyword: support,
nxhr4la5dm.mailbo.store,2,Keyword: hr,
nyahraegan.miami-mail.top,2,Keyword: hr,
nyatracker.com,2,Keyword: track,
nycbitcoinpro.com,2,Keyword: bitcoin,
nycvpn.com,2,Keyword: vpn,
nyfeel.com,2,Keyword: fee,
nyhrnowiun.mailbo.store,2,Keyword: hr,
o2020-hr.icu,2,Keyword: hr,
o8ha4hrvlj.mailbo.store,2,Keyword: hr,
oakenfieldservices.com,2,Keyword: service,
oaklandhairsalons.com,2,Keyword: irs,
obhrexsxvn.mailbo.store,2,Keyword: hr,
obserwatorbankowy.pl,2,Keyword: bank,
ochronna.pl,2,Keyword: hr,
octobank.com,2,Keyword: bank,
oehrj.anonbox.net,2,Keyword: hr,
officesupport.fun,2,Keyword: support,
officesupportonline.com,2,Keyword: support,
officialsupport.center,2,Keyword: support,
offsetprint.cloud,2,Keyword: cloud,
offthegridtracker.site,2,Keyword: track,
oficinadobitcoin.com,2,Keyword: bitcoin,
ofservicekomp.xyz,2,Keyword: service,
og3e20hrbk.mailbo.store,2,Keyword: hr,
ogxservices.com,2,Keyword: service,
ohioticketpayments.xyz,2,Keyword: payment,
ohrabbi.me,2,Keyword: hr,
ohrana-biysk.ru,2,Keyword: hr,
ohriginal.net,2,Keyword: hr,
ohrt710kgo.mailbo.store,2,Keyword: hr,
ohrzi.us,2,Keyword: hr,
oi5q.undeadbank.com,2,Keyword: bank,
oilrepairs.com,2,Keyword: irs,
oistax.com,2,Keyword: tax,
ojaivalleytaxidermy.com,2,Keyword: tax,
okclouds.club,2,Keyword: cloud,
oklahomaroofingclaims.com,2,Keyword: claim,
oknsxlcfhr.mailbo.store,2,Keyword: hr,
olacoffee.com,2,Keyword: fee,
olchromlei.ga,2,Keyword: hr,
olchromlei.gq,2,Keyword: hr,
olchromlei.ml,2,Keyword: hr,
old.poisedtoshrike.com,2,Keyword: hr,
olidklsnjhxbhj.cloud,2,Keyword: cloud,
omnia.simplelogin.com,2,Keyword: login,
onchainwallet.com,2,Keyword: wallet,
oncloud.ws,2,Keyword: cloud,
oncloudsaves.email,2,Keyword: cloud,
one.cloudns.cc,2,Keyword: cloud,
onealpha.cloud,2,Keyword: cloud,
onebucktwobuckthree.com,2,Keyword: hr,
onecalltrack.com,2,Keyword: track,
onecloud.ws,2,Keyword: cloud,
onecloudmailstore.com,2,Keyword: cloud,
onedrive.web.id,2,Keyword: onedrive,
onedriveonlinereviewingdoc.com,2,Keyword: onedrive,
oneokami.simplelogin.com,2,Keyword: login,
oneraviniadrive.com,2,Keyword: drive,
onhrrzqsubu.pl,2,Keyword: hr,
onion-orders73207778-image8751018.me,2,Keyword: order,
online-dating-service-sg.com,2,Keyword: service,
online-secure-uk.xyz,2,Keyword: secure,
online-secure.monster,2,Keyword: secure,
online-support.tech,2,Keyword: support,
onlinebankingcibc.com,2,Keyword: banking,
onlinebankingpartner.com,2,Keyword: banking,
onlinecasinonodepositbonus.us,2,Keyword: deposit,
onlinechristianlouboutinshoesusa.us,2,Keyword: hr,
onlinechrome.8shield.net,2,Keyword: hr,
onlinehealthreports.com,2,Keyword: hr,
onlinepharmacy-order.com,2,Keyword: order,
onlinesafedating.com,2,Keyword: safe,
onlinesecurity-newpayee.com,2,Keyword: security,
onlineservice.asia,2,Keyword: service,
onlinete-bfirsati.org,2,Keyword: irs,
onlinewebmail.top,2,Keyword: webmail,
onpointsecuritygroup.com,2,Keyword: security,
onr.cloud,2,Keyword: cloud,
oos.cloudns.be,2,Keyword: cloud,
ooutlook.com,2,Keyword: outlook,
opaywallet.info,2,Keyword: wallet,
openinvoice.us,2,Keyword: invoice,
openmailservice.com,2,Keyword: service,
openstaxtutor.com,2,Keyword: tax,
opensupports.click,2,Keyword: support,
opensupportteams.click,2,Keyword: support,
opentimetracker.com,2,Keyword: track,
openwebmail.contractors,2,Keyword: webmail,
opinion-bank.ru,2,Keyword: bank,
opinionbank.biz,2,Keyword: bank,
opinionbank.global,2,Keyword: bank,
opinionbank.online,2,Keyword: bank,
opioidabuseguides.com,2,Keyword: abuse,
opioidsafetyhelp.com,2,Keyword: safe,
opkhronvj.shop,2,Keyword: hr,
order-editing.com,2,Keyword: order,
order-fulfillment.net,2,Keyword: order,
order.cd,2,Keyword: order,
order.mailbo.store,2,Keyword: order,
orderalpilen.online,2,Keyword: order,
orderbagsonline.handbagsluis.net,2,Keyword: order,
ordercelloskinbylittlemonkey.com,2,Keyword: order,
orderchaosonline.com,2,Keyword: order,
orderevdln.ru,2,Keyword: order,
orderexecution.trade,2,Keyword: order,
orderexpress.com,2,Keyword: order,
orderoftheassassins.com,2,Keyword: order,
orderru.website,2,Keyword: order,
ordershoes.com,2,Keyword: order,
organiccoffeeplace.com,2,Keyword: fee,
organicgreencoffeereview.com,2,Keyword: fee,
organizations.services,2,Keyword: service,
orgtracks.com,2,Keyword: track,
orlandopianoservice.com,2,Keyword: service,
oryx.hr,2,Keyword: hr,
ot21.undeadbank.com,2,Keyword: bank,
otaxmail.com,2,Keyword: tax,
othrgiving.com,2,Keyword: hr,
otri.wirelax.com,2,Keyword: wire,
otservicesbd.com,2,Keyword: service,
ottencoffee.net,2,Keyword: fee,
oursecure.com,2,Keyword: secure,
ourtimesupport.com,2,Keyword: support,
outlook-mails.ga,2,Keyword: outlook,
outlook-mails.site,2,Keyword: outlook,
outlook.b.bishop-knot.xyz,2,Keyword: outlook,
outlook.bg,2,Keyword: outlook,
outlook.bz,2,Keyword: outlook,
outlook.cm,2,Keyword: outlook,
outlook.co,2,Keyword: outlook,
outlook.co.cr,2,Keyword: outlook,
outlook.com.ar,2,Keyword: outlook,
outlook.com.es,2,Keyword: outlook,
outlook.com.hotpusssy69.host,2,Keyword: outlook,
outlook.com.hr,2,Keyword: outlook,
outlook.com.py,2,Keyword: outlook,
outlook.com.ua,2,Keyword: outlook,
outlook.dynamailbox.com,2,Keyword: outlook,
outlook.ec,2,Keyword: outlook,
outlook.edu.pl,2,Keyword: outlook,
outlook.emvil.com,2,Keyword: outlook,
outlook.es.1191625244.wedus.xyz,2,Keyword: outlook,
outlook.gpa.lu,2,Keyword: outlook,
outlook.hn,2,Keyword: outlook,
outlook.ht,2,Keyword: outlook,
outlook.la,2,Keyword: outlook,
outlook.mail.outlook.com.jto.kr,2,Keyword: outlook,
outlook.mail.outlook.com.upy.kr,2,Keyword: outlook,
outlook.me.kr,2,Keyword: outlook,
outlook.mx,2,Keyword: outlook,
outlook.pa,2,Keyword: outlook,
outlook.pk,2,Keyword: outlook,
outlook.ro,2,Keyword: outlook,
outlook.sbs,2,Keyword: outlook,
outlook.sfxmailbox.com,2,Keyword: outlook,
outlook.si,2,Keyword: outlook,
outlook.twitpost.info,2,Keyword: outlook,
outlook.uy,2,Keyword: outlook,
outlook2.gq,2,Keyword: outlook,
outlooka.ml,2,Keyword: outlook,
outlookbox.me,2,Keyword: outlook,
outlookk.fr,2,Keyword: outlook,
outlookkk.online,2,Keyword: outlook,
outlookl.com,2,Keyword: outlook,
outlookl.fr,2,Keyword: outlook,
outlooknz.com,2,Keyword: outlook,
outlookonr.com,2,Keyword: outlook,
outlookonr.online,2,Keyword: outlook,
outlookonr.xyz,2,Keyword: outlook,
outlookpro.net,2,Keyword: outlook,
outlookqk.site,2,Keyword: outlook,
outlooks.media,2,Keyword: outlook,
outlooku.id,2,Keyword: outlook,
outloutlook.com,2,Keyword: outlook,
outriggerkeauhoubeachresortandspa.com,2,Keyword: hr,
outriggerkonabeachresort.com,2,Keyword: hr,
outriggerkonabeachresortandspa.com,2,Keyword: hr,
outriggerreefwaikikibeachresort.com,2,Keyword: hr,
outriggerwaikikibeachresort.com,2,Keyword: hr,
overdrivemedia.com,2,Keyword: drive,
ovhii9wtax.mailbo.store,2,Keyword: tax,
ovpn.site,2,Keyword: vpn,
ovpn.to,2,Keyword: vpn,
ovtracker.org,2,Keyword: track,
ow6chrxpwv.mailbo.store,2,Keyword: hr,
owncloud.design,2,Keyword: cloud,
ownerbanking.org,2,Keyword: banking,
owstracker.com,2,Keyword: track,
owv915hr0p.mailbo.store,2,Keyword: hr,
oxford.gov,2,Keyword: gov,
oxyrhrk0vt.mailbo.store,2,Keyword: hr,
p3whhr.igg.biz,2,Keyword: hr,
p5gby.cloud,2,Keyword: cloud,
p777gamelogin.com,2,Keyword: login,
pack.poisedtoshrike.com,2,Keyword: hr,
packagetrackingplus.com,2,Keyword: track,
paennsthaidelivery.se,2,Keyword: delivery,
pafuribordercamp.com,2,Keyword: order,
pagatuadministracion.net,2,Keyword: admin,
pagerankservices.info,2,Keyword: service,
pahrulirfan.net,2,Keyword: hr,
pahrumptourism.com,2,Keyword: hr,
pakservices.info,2,Keyword: service,
pakservices.site,2,Keyword: service,
paleoanthropomail.com,2,Keyword: hr,
palmettospecialtytransfer.com,2,Keyword: transfer,
pandaexpressfeedback.com.co,2,Keyword: fee,
pandemic.cloud,2,Keyword: cloud,
pandoraorderonline.com,2,Keyword: order,
panel-admin.0rg.us,2,Keyword: admin,
panpacificbank.com,2,Keyword: bank,
paparoatrackhike.com,2,Keyword: track,
paparoatrackmtb.com,2,Keyword: track,
paper1.cloudns.org,2,Keyword: cloud,
parashray.com,2,Keyword: hr,
parisprivatetaxi.com,2,Keyword: tax,
parkservice.shop,2,Keyword: service,
parkuhren.ch,2,Keyword: hr,
parkviewchristianchuch.net,2,Keyword: hr,
partnerbetrayalrecovery.com,2,Keyword: recover,
parwehrnumb.ga,2,Keyword: hr,
parwehrnumb.gq,2,Keyword: hr,
parwehrnumb.ml,2,Keyword: hr,
parwehrnumb.tk,2,Keyword: hr,
paserviceslondon.com,2,Keyword: service,
passagehalfdriver.website,2,Keyword: drive,
password.colafanta.cf,2,Keyword: password,
password.la,2,Keyword: password,
password.nafko.cf,2,Keyword: password,
passwordconfirmation.com,2,Keyword: password,
passwordhacking.net,2,Keyword: password,
paulistano.simplelogin.com,2,Keyword: login,
paulmfarnsworth.com,2,Keyword: mfa,
payees-login-verify.com,2,Keyword: verify,
paying-tax.com,2,Keyword: tax,
payment.tj,2,Keyword: payment,
payment1ab1.com,2,Keyword: payment,
paymentfortoday.com,2,Keyword: payment,
paymentfortoday1.com,2,Keyword: payment,
paymentget.online,2,Keyword: payment,
paymentmaster.gq,2,Keyword: payment,
paymentsbotswana.com,2,Keyword: payment,
paymyservice.io,2,Keyword: service,
payrollpie.com,2,Keyword: payroll,
payrolltax.in,2,Keyword: payroll,
pb-officesupport.com,2,Keyword: support,
pbastaff.org,2,Keyword: staff,
pbbilling.com,2,Keyword: billing,
pc-service-in-heidelberg.de,2,Keyword: service,
pces.cloud,2,Keyword: cloud,
pdfinvoice.com,2,Keyword: invoice,
peersupportnetwork.org,2,Keyword: support,
peliscloud.com,2,Keyword: cloud,
pennybank.org,2,Keyword: bank,
peopleconnect.support,2,Keyword: support,
peopledrivecompanies.com,2,Keyword: drive,
peoservicescompany.com,2,Keyword: service,
pep-security.net,2,Keyword: security,
per.simplelogin.com,2,Keyword: login,
percom-track.ru,2,Keyword: track,
perfectfirstimpressions.com,2,Keyword: irs,
perfectsourcestaffing.com,2,Keyword: staff,
performfirst.net,2,Keyword: irs,
perilstaff.net,2,Keyword: staff,
personalinjuryclaimsadvice.com,2,Keyword: claim,
personalmedicalalertalarm.com,2,Keyword: alert,
personalno.simplelogin.com,2,Keyword: login,
perthhousecleaning.services,2,Keyword: service,
perviibankrot.xyz,2,Keyword: bank,
petservices.website,2,Keyword: service,
petsfirst.info,2,Keyword: irs,
pgbrealtyservicesllc.com,2,Keyword: service,
pgribahra.shop,2,Keyword: hr,
pgslotwallets.com,2,Keyword: wallet,
pgwnqt8hrs.mailbo.store,2,Keyword: hr,
ph357login.com,2,Keyword: login,
ph367login.com,2,Keyword: login,
pharaohtrack.com,2,Keyword: track,
phbuwenaslogin.net,2,Keyword: login,
phcash17login.com,2,Keyword: login,
phclaim.ml,2,Keyword: claim,
phelans.cloud,2,Keyword: cloud,
pheneousphreak.com,2,Keyword: hr,
pheuhrjmdv.mailbo.store,2,Keyword: hr,
philanthropfml.com,2,Keyword: hr,
philippines-cloud.center,2,Keyword: cloud,
phillyservsafe.com,2,Keyword: safe,
phka6rmfab.mailbo.store,2,Keyword: mfa,
phone-customer-services.com,2,Keyword: service,
phone.claims,2,Keyword: claim,
phonecalltracking.info,2,Keyword: track,
phonefeeder.com,2,Keyword: fee,
phoneshrub.com,2,Keyword: hr,
photochrfml.com,2,Keyword: hr,
photochronomail.ru,2,Keyword: hr,
phrase-we-had-to-coin.com,2,Keyword: hr,
phrasepaper.com,2,Keyword: hr,
phrastime.site,2,Keyword: hr,
phreaker.net,2,Keyword: hr,
phrg.org,2,Keyword: hr,
phronemomail.ru,2,Keyword: hr,
phrpharmacy.com,2,Keyword: hr,
phrz04.com,2,Keyword: hr,
phslotslogin.net,2,Keyword: login,
phtunnelervpn.com,2,Keyword: vpn,
phviplogin.com,2,Keyword: login,
phwin777login.com,2,Keyword: login,
phwin88viplogin.com,2,Keyword: login,
phwu0khrnt.mailbo.store,2,Keyword: hr,
physicalcloud.co,2,Keyword: cloud,
physicalcloud.com,2,Keyword: cloud,
pibox.cloud,2,Keyword: cloud,
pifee.site,2,Keyword: fee,
pigybankcoin.com,2,Keyword: bank,
pigybankcoin.net,2,Keyword: bank,
pigybankcoin.org,2,Keyword: bank,
pikachu.taxi,2,Keyword: tax,
pincodesafe.com,2,Keyword: safe,
pincoffee.com,2,Keyword: fee,
pinpointadservices.com,2,Keyword: service,
pirogovaov.website,2,Keyword: gov,
pirsie.anonaddy.me,2,Keyword: irs,
pixeltechreview.mobi,2,Keyword: hr,
pizzaslicedelivery.com,2,Keyword: delivery,
planercares.cloud,2,Keyword: cloud,
plantbasedshrimp.com,2,Keyword: hr,
plantfeels.com,2,Keyword: fee,
plantshrimp.com,2,Keyword: hr,
platinhosting.cloud,2,Keyword: cloud,
platinum.poisedtoshrike.com,2,Keyword: hr,
platinumalerts.com,2,Keyword: alert,
playwright.pr-2318-cloud.plotlyuser.example.com,2,Keyword: cloud,
playwright.pr-2319-cloud.ci.example.com,2,Keyword: cloud,
playwright.pr-2322-cloud.ci.example.com,2,Keyword: cloud,
playwright.pr-2322-cloud.scjody.example.com,2,Keyword: cloud,
playwright.pr-2336-cloud.ci.example.com,2,Keyword: cloud,
playwright.pr-2338-cloud.gpaciga.example.com,2,Keyword: cloud,
playwright.pr-2343-cloud.gpaciga.example.com,2,Keyword: cloud,
playwright.pr-2344-cloud.plotlyuser.example.com,2,Keyword: cloud,
playwright.pr-2353-cloud.gpaciga.example.com,2,Keyword: cloud,
playwright.pr-2360-cloud.ci.example.com,2,Keyword: cloud,
playwright.pr-2366-cloud.ci.example.com,2,Keyword: cloud,
playwright.pr-2370-cloud.ci.example.com,2,Keyword: cloud,
playwright.pr-2371-cloud.ci.example.com,2,Keyword: cloud,
playwright.pr-2374-cloud.ci.example.com,2,Keyword: cloud,
playwright.pr-2376-cloud.ci.example.com,2,Keyword: cloud,
playwright.pr-2380-cloud.ci.example.com,2,Keyword: cloud,
playwright.pr-2381-cloud.ci.example.com,2,Keyword: cloud,
playwright.pr-2393-cloud.ci.example.com,2,Keyword: cloud,
playwright.pr-2402-cloud.ci.example.com,2,Keyword: cloud,
playwright.pr-2411-cloud.ci.example.com,2,Keyword: cloud,
playwright.pr-2419-cloud.ci.example.com,2,Keyword: cloud,
playwright.pr-2420-cloud.ci.example.com,2,Keyword: cloud,
pldnzirspn.ga,2,Keyword: irs,
pleinairspring.com,2,Keyword: irs,
plugins.cloud,2,Keyword: cloud,
plusnet.cloudns.ph,2,Keyword: cloud,
plymouthrotarynh.org,2,Keyword: hr,
plymouthrrock.com,2,Keyword: hr,
pm2.simplelogin.com,2,Keyword: login,
pnhrpna.com,2,Keyword: hr,
poczta.simplelogin.com,2,Keyword: login,
pointofsalessupport.com,2,Keyword: support,
poiw.wirelax.com,2,Keyword: wire,
pokerbonuswithoutdeposit.com,2,Keyword: deposit,
pokerewallets.com,2,Keyword: wallet,
pollmate.cloud,2,Keyword: cloud,
poloozz.cloud,2,Keyword: cloud,
polychromatmail.com,2,Keyword: hr,
polychrommail.com,2,Keyword: hr,
polysolext.cloud,2,Keyword: cloud,
polysolextcoin.cloud,2,Keyword: cloud,
ponotaxi.com,2,Keyword: tax,
ponycloud.net,2,Keyword: cloud,
poolins.cloud,2,Keyword: cloud,
poolserviceexperts.com,2,Keyword: service,
pooly.estaxy.com,2,Keyword: tax,
pooly.wirelax.com,2,Keyword: wire,
popmints.app,2,Keyword: mint,
portosharmelsheikhresort.xyz,2,Keyword: hr,
portuguesewithrick.com,2,Keyword: hr,
positionrivverthree.com,2,Keyword: hr,
post.healthroutinenail.click,2,Keyword: hr,
post.ninjatransfers.click,2,Keyword: transfer,
posta.hivatal.govt.hu,2,Keyword: gov,
postcard.delivery,2,Keyword: delivery,
posteo.hr,2,Keyword: hr,
postmate.delivery,2,Keyword: delivery,
posvabotma.x24hr.com,2,Keyword: hr,
power-leveling-service.com,2,Keyword: service,
pp-kk.cloud,2,Keyword: cloud,
pqoiujhy.cloud,2,Keyword: cloud,
pqu2hrlvbz.mailbo.store,2,Keyword: hr,
prasannasafetynets.com,2,Keyword: safe,
premierstaffingrichmond.com,2,Keyword: staff,
premiertrafficservices.com,2,Keyword: service,
premilo.cloud,2,Keyword: cloud,
premiumgreencoffeereview.com,2,Keyword: fee,
premiumseoservices.net,2,Keyword: service,
preorderdiablo3.com,2,Keyword: order,
prescriptiondeliveryservice.org,2,Keyword: service,
president.support,2,Keyword: support,
prestamosurgente.com,2,Keyword: urgent,
prettynewsfeed.com,2,Keyword: fee,
preysecurity.com,2,Keyword: security,
preytracker.com,2,Keyword: track,
prftcshr.site,2,Keyword: hr,
pricealert.uno,2,Keyword: alert,
pricerealestateservices.com,2,Keyword: service,
prijzenfeest.com,2,Keyword: fee,
primasecure.cd,2,Keyword: secure,
primefinancialservices.org,2,Keyword: service,
primetek.cloud,2,Keyword: cloud,
primewire-movies.biz,2,Keyword: wire,
primtech.cloud,2,Keyword: cloud,
printnacho.simplelogin.com,2,Keyword: login,
privacymail.simplelogin.com,2,Keyword: login,
private-email.cloud,2,Keyword: cloud,
privatecomp.services,2,Keyword: service,
privategoldbanking.com,2,Keyword: banking,
privatesecurityservicesinc.com,2,Keyword: service,
pro.cloudns.asia,2,Keyword: cloud,
pro.poisedtoshrike.com,2,Keyword: hr,
process.simplelogin.com,2,Keyword: login,
prochrome.net,2,Keyword: hr,
procom.simplelogin.com,2,Keyword: login,
prodproductsucts.cloud,2,Keyword: cloud,
productfeedmanagement.com,2,Keyword: fee,
professionalseoservicesuk.com,2,Keyword: service,
proffee.mobi,2,Keyword: fee,
proficienthrt.cam,2,Keyword: hr,
profilecoffee.shop,2,Keyword: fee,
profilelinkservices.com,2,Keyword: service,
profound.cloud,2,Keyword: cloud,
progov-int.com,2,Keyword: gov,
programfact.us,2,Keyword: mfa,
programm.simplelogin.com,2,Keyword: login,
promo-claim.com,2,Keyword: claim,
promospainservices.com,2,Keyword: service,
prompt-ai.cloud,2,Keyword: cloud,
promptpaymentsolutions.net,2,Keyword: payment,
proofreadingservices.website,2,Keyword: service,
propertechrepair.com,2,Keyword: hr,
protodigitalservices.co.uk,2,Keyword: service,
protonmail32.outlook.rest,2,Keyword: outlook,
prtaxisy.info,2,Keyword: tax,
prtshr.com,2,Keyword: hr,
prx.simplelogin.com,2,Keyword: login,
pseudochrymail.com,2,Keyword: hr,
psn-wallet.com,2,Keyword: wallet,
pstaxsolutionspros.com,2,Keyword: tax,
ptc.cloudns.nz,2,Keyword: cloud,
pubgbets-login.us,2,Keyword: login,
publichub-vpn.net,2,Keyword: vpn,
publictracker.com,2,Keyword: track,
pubservice-agency.com,2,Keyword: service,
puddles.simplelogin.com,2,Keyword: login,
pueblowireless.com,2,Keyword: wire,
pulsedlifeenergies.com,2,Keyword: fee,
punchratio.buzz,2,Keyword: hr,
purecoffeebeanmax.com,2,Keyword: fee,
puregreencoffeefacts.com,2,Keyword: fee,
purpleheartcoffee.com,2,Keyword: fee,
puthumansfirst.org,2,Keyword: irs,
pvau1wyhry.mailbo.store,2,Keyword: hr,
pw.fm.cloudns.nz,2,Keyword: cloud,
pw.j7.cloudns.cx,2,Keyword: cloud,
pw.mysafe.ml,2,Keyword: safe,
pw.r4.dns-cloud.net,2,Keyword: cloud,
pya.estaxy.com,2,Keyword: tax,
pythoncloud.website,2,Keyword: cloud,
q.mintemail.com,2,Keyword: mint,
q2hro1ki.cse445.com,2,Keyword: hr,
q5vtjmhrd2.mailbo.store,2,Keyword: hr,
qafatwallet.com,2,Keyword: wallet,
qafjvghrlr.mailbo.store,2,Keyword: hr,
qargocoffee.org,2,Keyword: fee,
qbefirst.com,2,Keyword: irs,
qchr9uczem.mailbo.store,2,Keyword: hr,
qddhrbru39.mailbo.store,2,Keyword: hr,
qhfeebenwh.mailbo.store,2,Keyword: fee,
qhfeeomjyr.mailbo.store,2,Keyword: fee,
qhr.luk2.com,2,Keyword: hr,
qhr1yiduyg.mailbo.store,2,Keyword: hr,
qhrgzdqthrqocrge922.cf,2,Keyword: hr,
qhrgzdqthrqocrge922.ga,2,Keyword: hr,
qhrgzdqthrqocrge922.gq,2,Keyword: hr,
qhrgzdqthrqocrge922.ml,2,Keyword: hr,
qhrgzdqthrqocrge922.tk,2,Keyword: hr,
qhrhtlvek.com,2,Keyword: hr,
qhrn4lb1ar.mailbo.store,2,Keyword: hr,
qiwitaxi.ru,2,Keyword: tax,
qjuow7avpn.mailbo.store,2,Keyword: vpn,
qm1iihrqek.mailbo.store,2,Keyword: hr,
qmails.services,2,Keyword: service,
qna.healthroutine.click,2,Keyword: hr,
qnicloud.life,2,Keyword: cloud,
qqfdgerfee.xyz,2,Keyword: fee,
qqservice.com,2,Keyword: service,
qropspensiontransfers.com,2,Keyword: transfer,
qrs.simplelogin.com,2,Keyword: login,
qshr.luk2.com,2,Keyword: hr,
qtthredbo.com,2,Keyword: hr,
quacloudmail.com,2,Keyword: cloud,
quadenviroservice.com,2,Keyword: service,
qualityservice.com,2,Keyword: service,
quap4rhrtj.mailbo.store,2,Keyword: hr,
quebec.alpha.webmailious.top,2,Keyword: webmail,
quebec.victor.webmailious.top,2,Keyword: webmail,
query.ninjatransfers.click,2,Keyword: transfer,
quickhello.simplelogin.com,2,Keyword: login,
quickhelpdesk.in,2,Keyword: helpdesk,
quickhelpdeskk.us,2,Keyword: helpdesk,
quickly.simplelogin.com,2,Keyword: login,
quicksilver.simplelogin.com,2,Keyword: login,
quiet.jsafes.com,2,Keyword: safe,
quirsratio.com,2,Keyword: irs,
quuradminb.com,2,Keyword: admin,
qvwthrows.com,2,Keyword: hr,
qwv9mhtaxn.mailbo.store,2,Keyword: tax,
r4.dns-cloud.net,2,Keyword: cloud,
r5hbb.cloud,2,Keyword: cloud,
r7.undeadbank.com,2,Keyword: bank,
r8lirhrgxggthhh.cf,2,Keyword: hr,
r8lirhrgxggthhh.ga,2,Keyword: hr,
r8lirhrgxggthhh.ml,2,Keyword: hr,
r8lirhrgxggthhh.tk,2,Keyword: hr,
r9edhrag9a.mailbo.store,2,Keyword: hr,
rabidraccoon.simplelogin.com,2,Keyword: login,
rabotagovno.xyz,2,Keyword: gov,
racetrack.cd,2,Keyword: track,
racingwire.info,2,Keyword: wire,
radicalsecurity.info,2,Keyword: security,
radicalsecurity.org,2,Keyword: security,
radirsmail.ru,2,Keyword: irs,
ragevpn.net,2,Keyword: vpn,
rahavpn.men,2,Keyword: vpn,
rainplatform.cloud,2,Keyword: cloud,
rajshreetrading.com,2,Keyword: hr,
ramaitservices.com,2,Keyword: service,
ramdeen.simplelogin.com,2,Keyword: login,
rand57.simplelogin.com,2,Keyword: login,
randomchangeabledomainnameallowed123456.mail.outlook.com.jto.kr,2,Keyword: outlook,
randomchangeabledomainnameallowed123456.simplelogin.com,2,Keyword: login,
rapidwebmail.com,2,Keyword: webmail,
rapiicloud.xyz,2,Keyword: cloud,
ravisysadmin.tk,2,Keyword: admin,
ray-auto-service.com,2,Keyword: service,
raynor.simplelogin.com,2,Keyword: login,
rcaelum.cloud,2,Keyword: cloud,
rcbdeposits.com,2,Keyword: deposit,
rchrd.ca,2,Keyword: hr,
rchrd.ch,2,Keyword: hr,
rcmediaservice.com,2,Keyword: service,
reachandrevenue.com,2,Keyword: revenue,
reachthroughregion.ru,2,Keyword: hr,
readyatuhready.online,2,Keyword: hr,
readyforchristmas.net,2,Keyword: hr,
readyforfirstgradeworkshop.com,2,Keyword: irs,
real-cloud-post.com,2,Keyword: cloud,
realchristine.com,2,Keyword: hr,
realcloudpost.com,2,Keyword: cloud,
realcloudpoststore.com,2,Keyword: cloud,
reallyshittycoffee.com,2,Keyword: fee,
realsecureemail.com,2,Keyword: secure,
realsecuremailstore.com,2,Keyword: secure,
realtyalerts.ca,2,Keyword: alert,
rebekahryburn.com,2,Keyword: hr,
reboot-secure.com,2,Keyword: secure,
reboot-security.com,2,Keyword: security,
rebootsecure.com,2,Keyword: secure,
rebootsecure.net,2,Keyword: secure,
rebootsecurity.net,2,Keyword: security,
reclaimbellydancing.com,2,Keyword: claim,
reclaimyourtimemasterclass.com,2,Keyword: claim,
recorderxfm.com,2,Keyword: order,
recover.cd,2,Keyword: recover,
recovercorrupt.com,2,Keyword: recover,
recoverfmail.com,2,Keyword: recover,
recoverharddisk.org,2,Keyword: recover,
recoverpoint.online,2,Keyword: recover,
recoverwater.com,2,Keyword: recover,
recoveryhealth.club,2,Keyword: recover,
recoveryhealth.site,2,Keyword: recover,
recoveryhealth.space,2,Keyword: recover,
recoveryhealth.xyz,2,Keyword: recover,
recoverysolutionsforyou.com,2,Keyword: recover,
recoverytechnologyservice.com,2,Keyword: service,
recycle.simplelogin.com,2,Keyword: login,
redcarpetautoservice.com,2,Keyword: service,
redcloudvapes.com,2,Keyword: cloud,
redcloudvapestore.com,2,Keyword: cloud,
redefinedcloud.com,2,Keyword: cloud,
redriverfence.net,2,Keyword: drive,
redrivervalleyacademy.com,2,Keyword: drive,
refee.site,2,Keyword: fee,
refeele.live,2,Keyword: fee,
refund.fun,2,Keyword: refund,
regbypass.comsafe-mail.net,2,Keyword: safe,
regclonethree.xyz,2,Keyword: hr,
regional.delivery,2,Keyword: delivery,
registroseguro.cloud,2,Keyword: cloud,
rehabirsmail.ru,2,Keyword: irs,
reinvestors.cloud,2,Keyword: cloud,
relationbreakthrough.com,2,Keyword: hr,
relationbreakthroughsecrets.com,2,Keyword: hr,
relationshipbreakthroughsecrets.net,2,Keyword: hr,
relaxedraccoon.simplelogin.com,2,Keyword: login,
relay51.outlook.rest,2,Keyword: outlook,
relay52.outlook.rest,2,Keyword: outlook,
relayto.simplelogin.com,2,Keyword: login,
remooooa.cloud,2,Keyword: cloud,
rencontre-ado.hairsty.info,2,Keyword: irs,
rennieexpress.delivery,2,Keyword: delivery,
renucloud.com,2,Keyword: cloud,
rep3-payment.site,2,Keyword: payment,
rep6-payment.club,2,Keyword: payment,
repairservices-toronto.com,2,Keyword: service,
reptileextinctrecovery.website,2,Keyword: recover,
research-paper-writingservice.com,2,Keyword: service,
researchsafety.org,2,Keyword: safe,
reservoirsource.com,2,Keyword: irs,
reset-secure.com,2,Keyword: secure,
resetsecure.org,2,Keyword: secure,
resetsecurity.net,2,Keyword: security,
reslifestaff.com,2,Keyword: staff,
resorder.app,2,Keyword: order,
resourcingchristianity.com,2,Keyword: hr,
respondersalerts.com,2,Keyword: alert,
restore7government.org,2,Keyword: gov,
restoregov.org,2,Keyword: gov,
restoregovernment.org,2,Keyword: gov,
retailadservices.com,2,Keyword: service,
retapps.cloud,2,Keyword: cloud,
revenue.com,2,Keyword: revenue,
revenueads.net,2,Keyword: revenue,
revenuecare.net,2,Keyword: revenue,
revenueengineers.group,2,Keyword: revenue,
reviewtable.gov,2,Keyword: gov,
reviveherdriveprogram.com,2,Keyword: drive,
rewtaxi.com,2,Keyword: tax,
rexvisualservices.com,2,Keyword: service,
rf-services.de,2,Keyword: service,
rfcdrive.com,2,Keyword: drive,
rfirstmail.online,2,Keyword: irs,
rh3qqqmfamt3ccdgfa.cf,2,Keyword: mfa,
rh3qqqmfamt3ccdgfa.ga,2,Keyword: mfa,
rh3qqqmfamt3ccdgfa.gq,2,Keyword: mfa,
rh3qqqmfamt3ccdgfa.ml,2,Keyword: mfa,
rh3qqqmfamt3ccdgfa.tk,2,Keyword: mfa,
rhds888.cloud,2,Keyword: cloud,
rheotaxis.site,2,Keyword: tax,
rhr3wwtduj.mailbo.store,2,Keyword: hr,
rhrn.live,2,Keyword: hr,
rhrrsbqp.shop,2,Keyword: hr,
rhrut5co8h.mailbo.store,2,Keyword: hr,
rhservicesllc.net,2,Keyword: service,
ricarda21.ceramicsouvenirs.com,2,Keyword: irs,
richloomfabric.com,2,Keyword: mfa,
richmondhairsalons.com,2,Keyword: irs,
richresponseinc.com,2,Keyword: hr,
ridesharedriver.org,2,Keyword: drive,
rightbank.org,2,Keyword: bank,
rightclaims.org,2,Keyword: claim,
rightmediaservices.com,2,Keyword: service,
rihamfarid.33mail.com,2,Keyword: mfa,
rinoronie.cloudns.org,2,Keyword: cloud,
rivahroots.com,2,Keyword: hr,
riverbankaviary.com,2,Keyword: bank,
rixcloud00010.xyz,2,Keyword: cloud,
rixcloud00040.xyz,2,Keyword: cloud,
rixcloud00050.xyz,2,Keyword: cloud,
rixcloud00080.xyz,2,Keyword: cloud,
rixcloud00090.xyz,2,Keyword: cloud,
rixop.secure24mail.pl,2,Keyword: secure,
rizberkcloud.com,2,Keyword: cloud,
rizberkserviscloud.com,2,Keyword: cloud,
rizzle.services,2,Keyword: service,
rjsgov0zfb.mailbo.store,2,Keyword: gov,
rla1jhr8ln.mailbo.store,2,Keyword: hr,
rmailcloud.com,2,Keyword: cloud,
rmblnaprem.cloud,2,Keyword: cloud,
rmsafetysolutions.com,2,Keyword: safe,
rng.poisedtoshrike.com,2,Keyword: hr,
rnhrhsed5h.mailbo.store,2,Keyword: hr,
road2recovery.online,2,Keyword: recover,
rockstar.simplelogin.com,2,Keyword: login,
roflmfao.de,2,Keyword: mfa,
roguewavecoffee.com,2,Keyword: fee,
rojaai.coffee,2,Keyword: fee,
romaniansalsafestival.com,2,Keyword: safe,
roomfact.us,2,Keyword: mfa,
roomservicemassage.com,2,Keyword: service,
roughreunitesmirk.site,2,Keyword: hr,
roundtripsecurity.com,2,Keyword: security,
rpaymentov.com,2,Keyword: payment,
rrachrnodg.mailbo.store,2,Keyword: hr,
rrw.simplelogin.com,2,Keyword: login,
rsvhr.com,2,Keyword: hr,
rtwqeydgh.cloud,2,Keyword: cloud,
ru.coffee,2,Keyword: fee,
rubbank.ru,2,Keyword: bank,
rubber-borders.com,2,Keyword: order,
rubiconpaintingservice.com,2,Keyword: service,
ruhr-uni-bochum.com,2,Keyword: hr,
ruhrgebet.store,2,Keyword: hr,
rumahcloudindonesia.online,2,Keyword: cloud,
runsarahrun.com,2,Keyword: hr,
rus-service-melitta.ru,2,Keyword: service,
rushdrive.com,2,Keyword: drive,
rushingfeet.com,2,Keyword: fee,
rushranch.blog,2,Keyword: hr,
rustamfamily.site,2,Keyword: mfa,
rustracker.site,2,Keyword: track,
ruthschristokyo.com,2,Keyword: hr,
rutracker.moscow,2,Keyword: track,
rwerghjoyr.cloud,2,Keyword: cloud,
rxcbilling.com,2,Keyword: billing,
ry.cloudns.ph,2,Keyword: cloud,
ryanhumphries.dev,2,Keyword: hr,
ryarshtaxis.co.uk,2,Keyword: tax,
ryhryjurtjutr.igg.biz,2,Keyword: hr,
ryovpn.com,2,Keyword: vpn,
rzemien1.iswift.eu,2,Keyword: swift,
s-tracking.com,2,Keyword: track,
s16vwireb6.mailbo.store,2,Keyword: wire,
s3rttar9hrvh9e.cf,2,Keyword: hr,
s3rttar9hrvh9e.ga,2,Keyword: hr,
s3rttar9hrvh9e.gq,2,Keyword: hr,
s3rttar9hrvh9e.ml,2,Keyword: hr,
s3rttar9hrvh9e.tk,2,Keyword: hr,
s4hghrfg6v.mailbo.store,2,Keyword: hr,
s6plh0bjhr.mailbo.store,2,Keyword: hr,
s8gbhrcxcd.mailbo.store,2,Keyword: hr,
sabria.cloud,2,Keyword: cloud,
sachrooney.my.id,2,Keyword: hr,
sacramentohairsalons.com,2,Keyword: irs,
sacredencountersthroughnaturaldreamwork.com,2,Keyword: hr,
sadasdsa.cloud,2,Keyword: cloud,
sadosad.cloud,2,Keyword: cloud,
sadsadss.cloud,2,Keyword: cloud,
safe-boxxberry.ru,2,Keyword: safe,
safe-buy-cialis.com,2,Keyword: safe,
safe-cart.com,2,Keyword: safe,
safe-file.ru,2,Keyword: safe,
safe-mail.ga,2,Keyword: safe,
safe-mail.gq,2,Keyword: safe,
safe-pay.icu,2,Keyword: safe,
safe-planet.com,2,Keyword: safe,
safe.cd,2,Keyword: safe,
safe.equipment,2,Keyword: safe,
safe.mailbo.store,2,Keyword: safe,
safe.pics,2,Keyword: safe,
safe.singles,2,Keyword: safe,
safeandguaranteed.com,2,Keyword: safe,
safeautobuy.com,2,Keyword: safe,
safebanking.biz,2,Keyword: banking,
safebolt.xyz,2,Keyword: safe,
safebusinessway.net,2,Keyword: safe,
safec0.com,2,Keyword: safe,
safecash.online,2,Keyword: safe,
safecash.site,2,Keyword: safe,
safecash.store,2,Keyword: safe,
safecash.tech,2,Keyword: safe,
safecointalk.com,2,Keyword: safe,
safecointalk.org,2,Keyword: safe,
safecollegealerts.org,2,Keyword: alert,
safecreditunion.coop,2,Keyword: safe,
safecreditunion.info,2,Keyword: safe,
safecreditunion.name,2,Keyword: safe,
safecreditunion.org,2,Keyword: safe,
safecreditunion.us,2,Keyword: safe,
safecu.care,2,Keyword: safe,
safecu.cash,2,Keyword: safe,
safecu.com,2,Keyword: safe,
safecu.community,2,Keyword: safe,
safecu.coop,2,Keyword: safe,
safecu.creditunion,2,Keyword: safe,
safecu.finance,2,Keyword: safe,
safecu.financial,2,Keyword: safe,
safecu.foundation,2,Keyword: safe,
safecu.gives,2,Keyword: safe,
safecu.help,2,Keyword: safe,
safecu.investments,2,Keyword: safe,
safecu.loan,2,Keyword: safe,
safecu.loans,2,Keyword: safe,
safecu.mobi,2,Keyword: safe,
safecu.name,2,Keyword: safe,
safecu.news,2,Keyword: safe,
safecu.us,2,Keyword: safe,
safecuhb.biz,2,Keyword: safe,
safecuhb.com,2,Keyword: safe,
safecuhb.coop,2,Keyword: safe,
safecuhb.info,2,Keyword: safe,
safecuhb.name,2,Keyword: safe,
safedrgh.net,2,Keyword: safe,
safedrilling.ru,2,Keyword: safe,
safedye.com,2,Keyword: safe,
safeemail.xyz,2,Keyword: safe,
safefcu.com,2,Keyword: safe,
safefcu.coop,2,Keyword: safe,
safefcu.net,2,Keyword: safe,
safefcu.us,2,Keyword: safe,
safefoodcongress.org,2,Keyword: safe,
safefree.com,2,Keyword: safe,
safegirldate.com,2,Keyword: safe,
safeguard-international.com,2,Keyword: safe,
safehappyhouses.com,2,Keyword: safe,
safehomesystems.net,2,Keyword: safe,
safehosting.top,2,Keyword: safe,
safehubsa.com,2,Keyword: safe,
safehut.shop,2,Keyword: safe,
safehut.site,2,Keyword: safe,
safeinbox.xyz,2,Keyword: safe,
safeity.tech,2,Keyword: safe,
safekiosk.com,2,Keyword: safe,
safelin03215.igg.biz,2,Keyword: safe,
safelistmarketing.com,2,Keyword: safe,
safelutions.com,2,Keyword: safe,
safelyment.com,2,Keyword: safe,
safemail.cf,2,Keyword: safe,
safemail.icu,2,Keyword: safe,
safemail.tk,2,Keyword: safe,
safemaildesk.info,2,Keyword: safe,
safemailweb.com,2,Keyword: safe,
safemov.site,2,Keyword: safe,
safenord.com,2,Keyword: safe,
safeonlinedata.info,2,Keyword: safe,
safepaydayloans365.co.uk,2,Keyword: safe,
safepla.online,2,Keyword: safe,
safer.gq,2,Keyword: safe,
safermail.info,2,Keyword: safe,
saferoomstogo.com,2,Keyword: safe,
safersignup.com,2,Keyword: safe,
safersignup.de,2,Keyword: safe,
safesafeguard.com,2,Keyword: safe,
safeschoolalert.com,2,Keyword: alert,
safeschoolsalerts.com,2,Keyword: alert,
safeschoolsalerts.org,2,Keyword: alert,
safesextour.com,2,Keyword: safe,
safeshare.app,2,Keyword: safe,
safeshare.email,2,Keyword: safe,
safeshate.com,2,Keyword: safe,
safesneak.maskmy.id,2,Keyword: safe,
safetempmail.com,2,Keyword: safe,
safetm.mobi,2,Keyword: safe,
safetoca.com,2,Keyword: safe,
safety-uk.org,2,Keyword: safe,
safetyadvises.be,2,Keyword: safe,
safetydiary.com,2,Keyword: safe,
safetygs.net,2,Keyword: safe,
safetymagic.net,2,Keyword: safe,
safetymail.com,2,Keyword: safe,
safetymail.info,2,Keyword: safe,
safetymasage.club,2,Keyword: safe,
safetymasage.online,2,Keyword: safe,
safetymasage.site,2,Keyword: safe,
safetymasage.store,2,Keyword: safe,
safetymasage.website,2,Keyword: safe,
safetymasage.xyz,2,Keyword: safe,
safetymobile.ru,2,Keyword: safe,
safetymolecular.com,2,Keyword: safe,
safetynotes.in,2,Keyword: safe,
safetypost.de,2,Keyword: safe,
safetyrzxt.space,2,Keyword: safe,
safetyrzxt.website,2,Keyword: safe,
safewarp.org,2,Keyword: safe,
safewebmail.net,2,Keyword: webmail,
safewithsurfeasy.com,2,Keyword: safe,
safezero.co,2,Keyword: safe,
safezero.xyz,2,Keyword: safe,
sagame.christmas,2,Keyword: hr,
sagame.cloud,2,Keyword: cloud,
sahrlu6vuj.mailbo.store,2,Keyword: hr,
sahrulselow.cf,2,Keyword: hr,
sahrulselow.ga,2,Keyword: hr,
sahrulselow.gq,2,Keyword: hr,
sahrulselow.ml,2,Keyword: hr,
saim.simplelogin.com,2,Keyword: login,
sajhrge.online,2,Keyword: hr,
salahjabder1.cloud,2,Keyword: cloud,
salechristianlouboutinukshoess.co.uk,2,Keyword: hr,
salehww.cloud,2,Keyword: cloud,
salemmohmed.cloud,2,Keyword: cloud,
salewebmail.com,2,Keyword: webmail,
salihhhhhsss.cloud,2,Keyword: cloud,
sallesbank.com,2,Keyword: bank,
salmon.simplelogin.com,2,Keyword: login,
salt.jsafes.com,2,Keyword: safe,
saluanthrop.site,2,Keyword: hr,
samarthr.com,2,Keyword: hr,
samcloudq.com,2,Keyword: cloud,
samefeed.com,2,Keyword: fee,
samintro.com,2,Keyword: mint,
sanctuaryvpn.com,2,Keyword: vpn,
sandhilllservice.net,2,Keyword: service,
sandvpn.com,2,Keyword: vpn,
sandytowingservices.com,2,Keyword: service,
sanjaricacrohr.com,2,Keyword: hr,
santacruz.delivery,2,Keyword: delivery,
santannaenergyservices.biz,2,Keyword: service,
santannawarrantyservices.info,2,Keyword: service,
santi.simplelogin.com,2,Keyword: login,
santossafety.com,2,Keyword: safe,
sanzcloudsolution.com,2,Keyword: cloud,
saoirse.com,2,Keyword: irs,
sarofimfamily.com,2,Keyword: mfa,
sarofimfamilycapital.com,2,Keyword: mfa,
sarofimfamilycapitalpartners.com,2,Keyword: mfa,
sarofimfamilyholdings.com,2,Keyword: mfa,
sarofimfamilyoffice.com,2,Keyword: mfa,
sasportas50.tastyarabicacoffee.com,2,Keyword: fee,
satvpn.club,2,Keyword: vpn,
saudcloud.art,2,Keyword: cloud,
sauditravelservices.com,2,Keyword: service,
savant.simplelogin.com,2,Keyword: login,
sawroutingrum.website,2,Keyword: routing,
sberonlinedelivery.site,2,Keyword: delivery,
sc-outlook.com,2,Keyword: outlook,
sccountybank.us,2,Keyword: bank,
schachrol.com,2,Keyword: hr,
schaumann.tastyarabicacoffee.com,2,Keyword: fee,
schizophrenicnow.com,2,Keyword: hr,
schizophrenicwe.com,2,Keyword: hr,
schizophrenifkml.ru,2,Keyword: hr,
schoolboo.simplelogin.com,2,Keyword: login,
schreib-doch-mal-wieder.de,2,Keyword: hr,
schreiber-group.com,2,Keyword: hr,
schreinermeister24.de,2,Keyword: hr,
schrijf.nu,2,Keyword: hr,
schrott-email.de,2,Keyword: hr,
schweizer-auto-des-jahres.swiss,2,Keyword: hr,
scissor.mywire.org,2,Keyword: wire,
scopehr.net,2,Keyword: hr,
scotbordersfilm.com,2,Keyword: order,
screwdriver.site,2,Keyword: drive,
screwdriveraction.com,2,Keyword: drive,
scroll-through.club,2,Keyword: hr,
scze.cloud,2,Keyword: cloud,
sdafdsa.dunefee.com,2,Keyword: fee,
sdfhsighsd21.cloud,2,Keyword: cloud,
sdghaddsfgds12.cloud,2,Keyword: cloud,
sdjkfhbckd.cloud,2,Keyword: cloud,
search-home-security-now.market,2,Keyword: security,
search-home-security-sites.live,2,Keyword: security,
searchrocketgroup.com,2,Keyword: hr,
sec.the-hub.cloud,2,Keyword: cloud,
securatrack.io,2,Keyword: track,
secure-0nline-uk.xyz,2,Keyword: secure,
secure-box.info,2,Keyword: secure,
secure-box.online,2,Keyword: secure,
secure-fb.com,2,Keyword: secure,
secure-featured-producs.com,2,Keyword: secure,
secure-ls.com,2,Keyword: secure,
secure-mail.biz,2,Keyword: secure,
secure-mail.cc,2,Keyword: secure,
secure-mail.cn,2,Keyword: secure,
secure-mail.ml,2,Keyword: secure,
secure-net-uk.buzz,2,Keyword: secure,
secure-newdevice.com,2,Keyword: secure,
secure-online-uk.buzz,2,Keyword: secure,
secure-online-uk.monster,2,Keyword: secure,
secure-online-uk.xyz,2,Keyword: secure,
secure-online.monster,2,Keyword: secure,
secure-signin.link,2,Keyword: signin,
secure.cowsnbullz.com,2,Keyword: secure,
secure.lakemneadows.com,2,Keyword: secure,
secure.okay.email.safeds.tk,2,Keyword: secure,
secure.oldoutnewin.com,2,Keyword: secure,
secure.wrengostic.com,2,Keyword: secure,
secure07xchs-onlinebanking.com,2,Keyword: banking,
secure10bc-onlinebanking.com,2,Keyword: banking,
secureapay.com,2,Keyword: secure,
securebanking-lloyd.com,2,Keyword: banking,
securebitcoin.agency,2,Keyword: bitcoin,
securebox.slmail.me,2,Keyword: secure,
secureconnectionwireless.com,2,Keyword: wire,
secured-link.net,2,Keyword: secure,
secured-system-uk.com,2,Keyword: secure,
securedconstruction.com,2,Keyword: secure,
securedcontent.biz,2,Keyword: secure,
secureddegrees.com,2,Keyword: secure,
securedmail.cc,2,Keyword: secure,
securedmail.me,2,Keyword: secure,
securedynamics.com,2,Keyword: secure,
securehealthcareit.com,2,Keyword: secure,
securehost.com.es,2,Keyword: secure,
secureim.mailer.me,2,Keyword: secure,
secureinvox.com,2,Keyword: secure,
securemail.cf,2,Keyword: secure,
securemail.flu.cc,2,Keyword: secure,
securemail.gq,2,Keyword: secure,
securemail.igg.biz,2,Keyword: secure,
securemail.nut.cc,2,Keyword: secure,
securemail.solutions,2,Keyword: secure,
securemail.usa.cc,2,Keyword: secure,
securemaill.ga,2,Keyword: secure,
securemailserver.cf,2,Keyword: secure,
securemailserver.ga,2,Keyword: secure,
securemailserver.gq,2,Keyword: secure,
securemailserver.ml,2,Keyword: secure,
securemailserver.tk,2,Keyword: secure,
securemedikal.xyz,2,Keyword: secure,
securenamebadges.com,2,Keyword: secure,
secureninja.maskmy.id,2,Keyword: secure,
secureofficemobile.cyou,2,Keyword: secure,
secureorder.online,2,Keyword: order,
securephoto.host,2,Keyword: secure,
secureschoolalliance.com,2,Keyword: secure,
secureschoolalliance.net,2,Keyword: secure,
secureschoolalliance.org,2,Keyword: secure,
secureschoolsalliance.com,2,Keyword: secure,
secureschoolsalliance.net,2,Keyword: secure,
secureschoolsalliance.us,2,Keyword: secure,
secureserver.rogers.ca,2,Keyword: secure,
secureserver.usa.cc,2,Keyword: secure,
secureserver01.net,2,Keyword: secure,
securesmtp.bid,2,Keyword: secure,
securesmtp.download,2,Keyword: secure,
securesmtp.stream,2,Keyword: secure,
securesmtp.trade,2,Keyword: secure,
securesmtp.website,2,Keyword: secure,
securesmtp.win,2,Keyword: secure,
securespend.app,2,Keyword: secure,
securespends.net,2,Keyword: secure,
securesrvcgye.cam,2,Keyword: secure,
securesys.cf,2,Keyword: secure,
securesys.ga,2,Keyword: secure,
securesys.gq,2,Keyword: secure,
securesys.ml,2,Keyword: secure,
securesys.tk,2,Keyword: secure,
securesystems-corp.cf,2,Keyword: secure,
securesystems-corp.ga,2,Keyword: secure,
securesystems-corp.gq,2,Keyword: secure,
securesystems-corp.ml,2,Keyword: secure,
securesystems-corp.tk,2,Keyword: secure,
securetel-big.tel,2,Keyword: secure,
securetempmail.com,2,Keyword: secure,
securethering.com,2,Keyword: secure,
secureveil.maskmy.id,2,Keyword: secure,
securevp.top,2,Keyword: secure,
security-paired-device.com,2,Keyword: security,
security.mailbo.store,2,Keyword: security,
security7.online,2,Keyword: security,
securitybyprotek.com,2,Keyword: security,
securitycamerasinstallation.net,2,Keyword: security,
securityconsulting.tech,2,Keyword: security,
securitydojo.anonaddy.com,2,Keyword: security,
securityfirstbook.com,2,Keyword: irs,
securityfixed.com,2,Keyword: security,
securityinsight.net,2,Keyword: security,
securityriskexpert.com,2,Keyword: security,
seebwerdsdvvio.cloud,2,Keyword: cloud,
seedbankcoin.com,2,Keyword: bank,
seek-voiceoverip-service.live,2,Keyword: service,
seekkey.cloudns.be,2,Keyword: cloud,
seenotice.tech,2,Keyword: notice,
segoviavegas.com,2,Keyword: gov,
seguridad.simplelogin.com,2,Keyword: login,
sehra-z.com,2,Keyword: hr,
selandor.cloud,2,Keyword: cloud,
selfsafeprotection.com,2,Keyword: safe,
sellamivpn.cf,2,Keyword: vpn,
sellamivpn.ga,2,Keyword: vpn,
sellamivpn.gq,2,Keyword: vpn,
sellamivpn.ml,2,Keyword: vpn,
sellamivpn.tk,2,Keyword: vpn,
sellamivpn007.ml,2,Keyword: vpn,
sellamivpn007.tk,2,Keyword: vpn,
sellamivpnvit.tk,2,Keyword: vpn,
selowcoffee.cf,2,Keyword: fee,
selowcoffee.ga,2,Keyword: fee,
selowcoffee.gq,2,Keyword: fee,
selowcoffee.ml,2,Keyword: fee,
senkita.cloudns.org,2,Keyword: cloud,
sensadrive.com,2,Keyword: drive,
sentry-e3taxservice.com,2,Keyword: service,
seo.beefirst.pl,2,Keyword: irs,
seomarketingservices.nl,2,Keyword: service,
seooffpageservices.xyz,2,Keyword: service,
seosecretservice.online,2,Keyword: service,
seosecretservice.site,2,Keyword: service,
seosecretservice.top,2,Keyword: service,
seoservicespk.com,2,Keyword: service,
server.fotokolor.hr,2,Keyword: hr,
server.poisedtoshrike.com,2,Keyword: hr,
serverwarningalert.com,2,Keyword: alert,
service-911.ru,2,Keyword: service,
service-avito.ru,2,Keyword: service,
service-cleanspb.store,2,Keyword: service,
service-deregistered-new.com,2,Keyword: service,
service-evakuator.ru,2,Keyword: service,
service-telecom.us,2,Keyword: service,
service-xiaomi.ru,2,Keyword: service,
service.anniversaryly.click,2,Keyword: service,
service.beachhotelzoutelande.click,2,Keyword: service,
service.carnivalday.click,2,Keyword: service,
service.carolinensielkarte.click,2,Keyword: service,
service.cd,2,Keyword: service,
service.festivalday.click,2,Keyword: service,
service.fetely.click,2,Keyword: service,
service.mailbo.store,2,Keyword: service,
service.opencaper.click,2,Keyword: service,
service.openinvestmentapp.com,2,Keyword: service,
service.takeatripapp.click,2,Keyword: service,
service.taketriply.com,2,Keyword: service,
service.thetakeatrip.click,2,Keyword: service,
service.tpost.pw,2,Keyword: service,
service.trycaper.click,2,Keyword: service,
service.turnon.click,2,Keyword: service,
service.turnonlabs.click,2,Keyword: service,
service1.anonaddy.com,2,Keyword: service,
service4.ml,2,Keyword: service,
servicebusinessmagazine.com,2,Keyword: service,
serviced.site,2,Keyword: service,
servicee.es,2,Keyword: service,
servicefile.ru,2,Keyword: service,
servicegulino.com,2,Keyword: service,
servicegurus.com,2,Keyword: service,
servicemailfast.com,2,Keyword: service,
serviceme79.com,2,Keyword: service,
servicemercedes.biz,2,Keyword: service,
services-gta.tk,2,Keyword: service,
services-my3gvtnz-auth.icu,2,Keyword: service,
services.blatnet.com,2,Keyword: service,
services.crossandgarlic.com,2,Keyword: service,
services.dacoh-alias.fr,2,Keyword: service,
services.mad-alias.fr,2,Keyword: service,
services.pancingqueen.com,2,Keyword: service,
services.poisedtoshrike.com,2,Keyword: service,
services.reynekeandmuller.co.za,2,Keyword: service,
services.spywhere.me,2,Keyword: service,
services391.com,2,Keyword: service,
services4you.de,2,Keyword: service,
servicesbydeluxe.com,2,Keyword: service,
servicesfor.us,2,Keyword: service,
servicesgtrhub.cam,2,Keyword: service,
servicesllc.live,2,Keyword: service,
servicesllc.website,2,Keyword: service,
servicesp.bid,2,Keyword: service,
servicesrelive.com,2,Keyword: service,
servicetr.me,2,Keyword: service,
servicevideos.org,2,Keyword: service,
servicewhirlpool.ru,2,Keyword: service,
servisy-chrysler.ru,2,Keyword: hr,
ses4services.net,2,Keyword: service,
ses998.cloud,2,Keyword: cloud,
settherapyservices.com,2,Keyword: service,
setyourownfee.com,2,Keyword: fee,
sex.dns-cloud.net,2,Keyword: cloud,
sfbottlebank.com,2,Keyword: bank,
sfdhdsfhad56.cloud,2,Keyword: cloud,
sfee.teml.net,2,Keyword: fee,
sfee.tmpeml.com,2,Keyword: fee,
sfgov.net,2,Keyword: gov,
sfirstmail.com,2,Keyword: irs,
sgdsgahjgw38.cloud,2,Keyword: cloud,
sgov3kxwzz.mailbo.store,2,Keyword: gov,
shahrvandyar.com,2,Keyword: hr,
sham.simplelogin.com,2,Keyword: login,
shammy1992.simplelogin.com,2,Keyword: login,
sharepoint-consultants.sydney,2,Keyword: sharepoint,
shatelvpn.xyz,2,Keyword: vpn,
shattuck.services,2,Keyword: service,
shayfeen.us,2,Keyword: fee,
she.poisedtoshrike.com,2,Keyword: hr,
sheep.poisedtoshrike.com,2,Keyword: hr,
shehrever.com,2,Keyword: hr,
shein.ph.cloud-ip.cc,2,Keyword: cloud,
sherrywilliamsondesigninc.com,2,Keyword: signin,
shiftcoachingservices.com,2,Keyword: service,
shinebathroomnews.com,2,Keyword: hr,
shinecoffee.com,2,Keyword: fee,
shinyandchrome.xyz,2,Keyword: hr,
shipping-regulations.com,2,Keyword: shipping,
shippingcontainerhousing.org,2,Keyword: shipping,
shippingcost.click,2,Keyword: shipping,
shippingcost4all.click,2,Keyword: shipping,
shippingcost4u.click,2,Keyword: shipping,
shippingterms.org,2,Keyword: shipping,
shit.dns-cloud.net,2,Keyword: cloud,
shitservices.online,2,Keyword: service,
shiyiwenhua.cloudns.be,2,Keyword: cloud,
shizzle.simplelogin.com,2,Keyword: login,
shooterxcloud.ezyro.com,2,Keyword: cloud,
shopchrisk.com,2,Keyword: hr,
shopsale.cloud,2,Keyword: cloud,
shopvia2fa.net,2,Keyword: 2fa,
shoulderlengthhairstyles.biz,2,Keyword: irs,
showlogin.com,2,Keyword: login,
shpc.undeadbank.com,2,Keyword: bank,
shraderclothing.com,2,Keyword: hr,
shramukoverseas.net,2,Keyword: hr,
shred50.com,2,Keyword: hr,
shredded.website,2,Keyword: hr,
shreekrupaenterprise.in,2,Keyword: hr,
shreyasvinod.com,2,Keyword: hr,
shrib.com,2,Keyword: hr,
shrineexpress.com,2,Keyword: hr,
shringarmarketing.com,2,Keyword: hr,
shrinkedin.net,2,Keyword: hr,
shrnfnyhlv.mailbo.store,2,Keyword: hr,
shroudofturin2011.info,2,Keyword: hr,
shrrfvxyzh.mailbo.store,2,Keyword: hr,
shrtner.com,2,Keyword: hr,
shrv.com,2,Keyword: hr,
shrxyeh.33mail.com,2,Keyword: hr,
shtaxconsulting.com,2,Keyword: tax,
sibirskiereki.ru,2,Keyword: irs,
sidetrack.org,2,Keyword: track,
sierraairsolutions.com,2,Keyword: irs,
sign-in.social,2,Keyword: sign-in,
signaturemedstaffing.com,2,Keyword: staff,
signings.ru,2,Keyword: signin,
signinid.com,2,Keyword: signin,
sihr.laste.ml,2,Keyword: hr,
siide.simplelogin.com,2,Keyword: login,
silkscreencustoms.com,2,Keyword: customs,
silvergolddepositories.com,2,Keyword: deposit,
simcity.hirsemeier.de,2,Keyword: irs,
simplecoffeehouse.com,2,Keyword: fee,
simpleitsecurity.info,2,Keyword: security,
simplelogin.co,2,Keyword: login,
simplelogin.com,2,Keyword: login,
simplelogin.eyraud.us,2,Keyword: login,
simplelogin.fr,2,Keyword: login,
simplelogin.io,2,Keyword: login,
simplelogin.montilla.fr,2,Keyword: login,
simpleverification.com,2,Keyword: verification,
sinclairservices.com,2,Keyword: service,
singlecoffeecupmaker.com,2,Keyword: fee,
sink.fla-service.net,2,Keyword: service,
sirafee.com,2,Keyword: fee,
sirius.simplelogin.com,2,Keyword: login,
siriuscoffee.online,2,Keyword: fee,
siriuscoffee.org,2,Keyword: fee,
siteadmin.bid,2,Keyword: admin,
sjanqhrhq.com,2,Keyword: hr,
sjhvns.cloud,2,Keyword: cloud,
skg3qvpntq.cf,2,Keyword: vpn,
skg3qvpntq.ga,2,Keyword: vpn,
skg3qvpntq.ml,2,Keyword: vpn,
skg3qvpntq.tk,2,Keyword: vpn,
skibolaservices.com,2,Keyword: service,
skjold.simplelogin.com,2,Keyword: login,
skny.simplelogin.com,2,Keyword: login,
skummi-service.ru,2,Keyword: service,
skwehr.com,2,Keyword: hr,
skydrive.tk,2,Keyword: drive,
skyfiberinternetservice.com,2,Keyword: service,
skymountgovernmentservices.com,2,Keyword: service,
skynet.simplelogin.com,2,Keyword: login,
slapcoffee.com,2,Keyword: fee,
slide2thrive.com,2,Keyword: hr,
slide2unlock.xyz,2,Keyword: unlock,
slimmer.cloud,2,Keyword: cloud,
slmtracker.com,2,Keyword: track,
slotphploginapp.com,2,Keyword: login,
slotsrasafe.space,2,Keyword: safe,
slushpools.cloud,2,Keyword: cloud,
slwx.58.cloudonf.com,2,Keyword: cloud,
small.poisedtoshrike.com,2,Keyword: hr,
smartrepairs.com.au,2,Keyword: irs,
smgov.net.acampadaparis.com,2,Keyword: gov,
smk96.cloudns.be,2,Keyword: cloud,
smncloud.com,2,Keyword: cloud,
smoe.cloudns.org,2,Keyword: cloud,
smsmint.com,2,Keyword: mint,
smtp.bankpln.com,2,Keyword: bank,
smtp.electricistaurgente.net,2,Keyword: urgent,
smtp.fahrizal.club,2,Keyword: hr,
smtp.gofsrhr.com,2,Keyword: hr,
smtp.hairstylesbase.com,2,Keyword: irs,
smtp.hrnoedi.com,2,Keyword: hr,
smtp.ntservices.xyz,2,Keyword: service,
smtp.quuradminb.com,2,Keyword: admin,
smtp.securethering.com,2,Keyword: secure,
smtp.smtp.balladothris.pw,2,Keyword: hr,
smtp.somsupport.xyz,2,Keyword: support,
smtp.vanturtransfer.com,2,Keyword: transfer,
smtp.voirserie-streaming.com,2,Keyword: irs,
smtp.yourssecuremail.com,2,Keyword: secure,
smtp44.outlook.rest,2,Keyword: outlook,
sn3bochroifalv.cf,2,Keyword: hr,
sn3bochroifalv.ga,2,Keyword: hr,
sn3bochroifalv.gq,2,Keyword: hr,
sn3bochroifalv.ml,2,Keyword: hr,
sn3bochroifalv.tk,2,Keyword: hr,
snailmail.simplelogin.com,2,Keyword: login,
sneen.simplelogin.com,2,Keyword: login,
snifualtax3753.lofteone.ru,2,Keyword: tax,
snowbirdsfloridausdaytracker.com,2,Keyword: track,
snowmanonahoe.simplelogin.com,2,Keyword: login,
snowthrowers-reviews.com,2,Keyword: hr,
snslogin.com,2,Keyword: login,
snytax.host,2,Keyword: tax,
socalu2fans.info,2,Keyword: 2fa,
socialcloud99.live,2,Keyword: cloud,
socialtracking.live,2,Keyword: track,
sody.simplelogin.com,2,Keyword: login,
softbank.ne.jp,2,Keyword: bank,
softbank.tk,2,Keyword: bank,
softwiretechnology.com,2,Keyword: wire,
softxcloud.tech,2,Keyword: cloud,
soibelman.ceramicsouvenirs.com,2,Keyword: irs,
solcarteu.cloud,2,Keyword: cloud,
soliahairstyling.in,2,Keyword: irs,
solminers.cloud,2,Keyword: cloud,
solnetwork.cloud,2,Keyword: cloud,
solution.wisetransfer.click,2,Keyword: transfer,
somehr.net,2,Keyword: hr,
somersworthreadytogether.org,2,Keyword: hr,
somsupport.xyz,2,Keyword: support,
son-phrz65.com,2,Keyword: hr,
sonilom.simplelogin.com,2,Keyword: login,
soobin.cloud,2,Keyword: cloud,
soowf22.cloud,2,Keyword: cloud,
sopatrack.com,2,Keyword: track,
soptledelivery.tech,2,Keyword: delivery,
sosejvpn.xyz,2,Keyword: vpn,
soundclouddownloader.info,2,Keyword: cloud,
sourcefirstinc.com,2,Keyword: irs,
southernpetservices.com,2,Keyword: service,
sovereignvpn.com,2,Keyword: vpn,
spacetime.simplelogin.com,2,Keyword: login,
spanienflygplatstransfer.com,2,Keyword: transfer,
sparc.support,2,Keyword: support,
spayment.ru,2,Keyword: payment,
specializatmion.cloud,2,Keyword: cloud,
specsecurity.ru,2,Keyword: security,
speedcloud.tokyo,2,Keyword: cloud,
spendbitcoin.com,2,Keyword: bitcoin,
spendbitcoins.net,2,Keyword: bitcoin,
sphrio.com,2,Keyword: hr,
spolbilstaffanstorp.se,2,Keyword: staff,
sponscloud.tech,2,Keyword: cloud,
sponsored-by-xeovo-vpn.ink,2,Keyword: vpn,
sponsored-by-xeovo-vpn.site,2,Keyword: vpn,
spot.poisedtoshrike.com,2,Keyword: hr,
spotlfy-security.com,2,Keyword: security,
sprawdzlokatybankowe.com.pl,2,Keyword: bank,
springcitychronicle.com,2,Keyword: hr,
spstechservices.com,2,Keyword: service,
squirrel.simplelogin.com,2,Keyword: login,
sreshtahrservices.com,2,Keyword: service,
ssecured.com,2,Keyword: secure,
ssl-verify.xyz,2,Keyword: verify,
ssl.tls.cloudns.asia,2,Keyword: cloud,
sslclaims.com,2,Keyword: claim,
sslimap.firstmail.ltd,2,Keyword: irs,
sslsecurecert.com,2,Keyword: secure,
stack.simplelogin.com,2,Keyword: login,
staff.example.com,2,Keyword: staff,
staff.mailbo.store,2,Keyword: staff,
staff7.ml,2,Keyword: staff,
staffanlindberg.com,2,Keyword: staff,
staffburada.com,2,Keyword: staff,
staffchat.tk,2,Keyword: staff,
stafflazarus.com,2,Keyword: staff,
staffloyal.net,2,Keyword: staff,
staffmessages.com,2,Keyword: staff,
stafforderx.igg.biz,2,Keyword: order,
staffprime.com,2,Keyword: staff,
staffwellgroup.com,2,Keyword: staff,
staffwizard.com,2,Keyword: staff,
staffworksllc.com,2,Keyword: staff,
stanbankrot.xyz,2,Keyword: bank,
staphy.cloud,2,Keyword: cloud,
star.poisedtoshrike.com,2,Keyword: hr,
starshedsecurity.com,2,Keyword: security,
starvalleyranchrvpark.com,2,Keyword: hr,
statdiphri3672.a.lofteone.ru,2,Keyword: hr,
statetaxreview.com,2,Keyword: tax,
staxsystem.com,2,Keyword: tax,
staxu.site,2,Keyword: tax,
stcloudknives.com,2,Keyword: cloud,
steam.poisedtoshrike.com,2,Keyword: hr,
stefanschreiner.xyz,2,Keyword: hr,
sterlingstax.com,2,Keyword: tax,
stevenbtaxman.com,2,Keyword: tax,
stevenstewart.simplelogin.com,2,Keyword: login,
sthub.cloud,2,Keyword: cloud,
stoccifeedb1734.a.lofteone.ru,2,Keyword: fee,
stooof8.cloud,2,Keyword: cloud,
stoooof.cloud,2,Keyword: cloud,
stop-alert.site,2,Keyword: alert,
stoptracking.cool,2,Keyword: track,
store.poisedtoshrike.com,2,Keyword: hr,
storm.cloudwatch.net,2,Keyword: cloud,
stormfai.icu,2,Keyword: mfa,
storybuilding.cloud,2,Keyword: cloud,
storydrivenretail.com,2,Keyword: drive,
streetfeetdance.com,2,Keyword: fee,
streetwatchsecurity.com,2,Keyword: security,
stroimfasad.ru,2,Keyword: mfa,
strongersaferseniors.com,2,Keyword: safe,
student.telkomuniversity.cloudns.cl,2,Keyword: cloud,
studio-three.org,2,Keyword: hr,
sub.ezhub.cloud,2,Keyword: cloud,
subdiaphra.com,2,Keyword: hr,
subdom.gemstax.com,2,Keyword: tax,
subset.support,2,Keyword: support,
substanceabusefacts.com,2,Keyword: abuse,
substanceabusetreatmentrehab.site,2,Keyword: abuse,
successhrc.com,2,Keyword: hr,
sudloisirs-nc.com,2,Keyword: irs,
sugal777login.com,2,Keyword: login,
sugal999login.com,2,Keyword: login,
suggestivenewsfeed.com,2,Keyword: fee,
sui.argovia.au,2,Keyword: gov,
sukatobrud.cloud,2,Keyword: cloud,
summabankrot.xyz,2,Keyword: bank,
summationstaffing.com,2,Keyword: staff,
sunmintec.com,2,Keyword: mint,
sunnybloginsider.com,2,Keyword: login,
sunnydeptrai.cloud,2,Keyword: cloud,
sunsetelectricalservices.com,2,Keyword: service,
super-swift-grey.space,2,Keyword: swift,
supergovertomail.com,2,Keyword: gov,
superjililogin.info,2,Keyword: login,
supplements.gov,2,Keyword: gov,
supplywebmail.net,2,Keyword: webmail,
support-tes.ru,2,Keyword: support,
support.51tiemo.com,2,Keyword: support,
support.beachflag.click,2,Keyword: support,
support.caperhq.click,2,Keyword: support,
support.com,2,Keyword: support,
support.cruiseapp.click,2,Keyword: support,
support.feastday.click,2,Keyword: support,
support.fliply.click,2,Keyword: support,
support.galaday.click,2,Keyword: support,
support.gethlp.site,2,Keyword: support,
support.heating.help,2,Keyword: support,
support.hikelabs.click,2,Keyword: support,
support.jeannetripplehorn.click,2,Keyword: support,
support.jubileehq.click,2,Keyword: support,
support.lapsuslinguae.click,2,Keyword: support,
support.mailbo.store,2,Keyword: support,
support.openinvestmentapp.com,2,Keyword: support,
support.openteams.click,2,Keyword: support,
support.opentravel.click,2,Keyword: support,
support.sandra2034.boats,2,Keyword: support,
support.scamperly.click,2,Keyword: support,
support.setoffly.click,2,Keyword: support,
support.startmail.com,2,Keyword: support,
support.supportshq.click,2,Keyword: support,
support.supportshub.click,2,Keyword: support,
support.switchon.click,2,Keyword: support,
support.thesupport.click,2,Keyword: support,
support.thetrip.click,2,Keyword: support,
support.travellerapp.click,2,Keyword: support,
support.travelly.click,2,Keyword: support,
support.travelservice4u.com,2,Keyword: service,
support.tryhelps.click,2,Keyword: support,
support.tryhike.click,2,Keyword: support,
support.trytravel.click,2,Keyword: support,
support.turnon.click,2,Keyword: support,
support.usetravel.click,2,Keyword: support,
support.useturnon.click,2,Keyword: support,
support.wrld.net,2,Keyword: support,
support1.opensupports.click,2,Keyword: support,
support101.contcthq.click,2,Keyword: support,
support22services.com,2,Keyword: service,
support247live.us,2,Keyword: support,
support47.contactpp.click,2,Keyword: support,
support5.mineweb.in,2,Keyword: support,
support66.contctshq.click,2,Keyword: support,
support68.trylinkbuildng.click,2,Keyword: support,
support71.contcthq.click,2,Keyword: support,
support72.contactslbs.click,2,Keyword: support,
support76.contctly.click,2,Keyword: support,
support76.contctsly.click,2,Keyword: support,
support76.getcontcts.click,2,Keyword: support,
support80.getteams.click,2,Keyword: support,
support80.theteam.click,2,Keyword: support,
support81.boozeclub.click,2,Keyword: support,
support82.customercares24.info,2,Keyword: support,
support87.meethelps.click,2,Keyword: support,
support90.helpsapp.click,2,Keyword: support,
supportain.site,2,Keyword: support,
supportapp.click,2,Keyword: support,
supportfmail.com,2,Keyword: support,
supportgm.com,2,Keyword: support,
supporthpprinters.com,2,Keyword: support,
supporthub.click,2,Keyword: support,
supporticult.site,2,Keyword: support,
supportkreator.pro,2,Keyword: support,
supportlabs.click,2,Keyword: support,
supportlike.online,2,Keyword: support,
supportly.click,2,Keyword: support,
supportpatriotflexgoods.com,2,Keyword: support,
supports.supportsly.click,2,Keyword: support,
supports68.trylinkbuildng.click,2,Keyword: support,
supportshb.click,2,Keyword: support,
supportshq.click,2,Keyword: support,
supportshub.click,2,Keyword: support,
supportslbs.click,2,Keyword: support,
supportsly.click,2,Keyword: support,
supportspp.click,2,Keyword: support,
supporttc.com,2,Keyword: support,
supportteam.click,2,Keyword: support,
supportteam4all.sbs,2,Keyword: support,
supportteam4all.site,2,Keyword: support,
supportteam4all.xyz,2,Keyword: support,
supportteam4u.click,2,Keyword: support,
supportteam4u.sbs,2,Keyword: support,
supportteams.click,2,Keyword: support,
supportteamshub.click,2,Keyword: support,
supportteamsly.click,2,Keyword: support,
supporttheroundhouse.org,2,Keyword: support,
supportumkmkita.web.id,2,Keyword: support,
supportusdad.org,2,Keyword: support,
supportyourbloodsugar.net,2,Keyword: support,
suprememedicalstaffing.com,2,Keyword: staff,
suprultradelivery.com,2,Keyword: delivery,
suresupplysafety.com,2,Keyword: safe,
surguttaxi.ru,2,Keyword: tax,
surigaodigitalservices.net,2,Keyword: service,
suspended.network,2,Keyword: suspended,
sweetswallet.com,2,Keyword: wallet,
swift-auto.info,2,Keyword: swift,
swift-mail.net,2,Keyword: swift,
swift10minutemail.com,2,Keyword: swift,
swiftbinstore.store,2,Keyword: swift,
swiftbrowse.biz.id,2,Keyword: swift,
swiftcloudinbox.com,2,Keyword: swift,
swiftcoin.org,2,Keyword: swift,
swifte.space,2,Keyword: swift,
swiftenvo.com,2,Keyword: swift,
swiftfynd.net,2,Keyword: swift,
swiftinbox.larsylab.org,2,Keyword: swift,
swiftinsight.com,2,Keyword: swift,
swiftlist.io,2,Keyword: swift,
swiftmail.xyz,2,Keyword: swift,
swiftpickkk.org,2,Keyword: swift,
swiftpine.com,2,Keyword: swift,
swiftselect.com,2,Keyword: swift,
swiftsnapshot.com,2,Keyword: swift,
swifttraveltours.com,2,Keyword: swift,
swiss-bank-advisory.org,2,Keyword: bank,
sxzlahra7h.mailbo.store,2,Keyword: hr,
syckcenzvpn.cf,2,Keyword: vpn,
sycloxd.simplelogin.com,2,Keyword: login,
syemultiservices.com,2,Keyword: service,
sykcloud.live,2,Keyword: cloud,
synchrosign.net,2,Keyword: hr,
synchrpny.com,2,Keyword: hr,
synergyrecoveryroom.com,2,Keyword: recover,
syntaxblitz.com,2,Keyword: tax,
syntaxcdn.website,2,Keyword: tax,
syntaxnews.xyz,2,Keyword: tax,
syriaohr.com,2,Keyword: hr,
systemcloud.me,2,Keyword: cloud,
systemfault.net,2,Keyword: mfa,
syswift.com,2,Keyword: swift,
t4vff.undeadbank.com,2,Keyword: bank,
t500track6.com,2,Keyword: track,
t8hhrzkk.mailosaur.net,2,Keyword: hr,
t92j.undeadbank.com,2,Keyword: bank,
t9obpqpfee.mailbo.store,2,Keyword: fee,
tab.poisedtoshrike.com,2,Keyword: hr,
tagtax.ca,2,Keyword: tax,
tahrhvsif5.mailbo.store,2,Keyword: hr,
tainisai.cloud,2,Keyword: cloud,
takeawayonlineordering.com,2,Keyword: order,
takecares.services,2,Keyword: service,
tamilnadugovernmentjobs.in,2,Keyword: gov,
tao04121995.cloud,2,Keyword: cloud,
tappathrun.com,2,Keyword: hr,
tapvpnfree.website,2,Keyword: vpn,
tasty.biscotti.coffee,2,Keyword: fee,
tastyarabicacoffee.com,2,Keyword: fee,
tatbuffremfastgo.com,2,Keyword: mfa,
tatertots.simplelogin.com,2,Keyword: login,
tax.mailbo.store,2,Keyword: tax,
tax315.xyz,2,Keyword: tax,
taxaudits.online,2,Keyword: tax,
taxfilingsite.com,2,Keyword: tax,
taxfreeemail.com,2,Keyword: tax,
taxi-animalier-breuilpont.com,2,Keyword: tax,
taxi-bonus.ru,2,Keyword: tax,
taxi-evpatoriya.ru,2,Keyword: tax,
taxi-france.com,2,Keyword: tax,
taxi-telefon.ru,2,Keyword: tax,
taxi-transfer.ru,2,Keyword: transfer,
taxi-vovrema.info,2,Keyword: tax,
taxi-zero.ru,2,Keyword: tax,
taxi2malagaairport.com,2,Keyword: tax,
taxiant.link,2,Keyword: tax,
taxiaugsburg.de,2,Keyword: tax,
taxibavihanoi.com,2,Keyword: tax,
taxibmt.com,2,Keyword: tax,
taxibmt.net,2,Keyword: tax,
taxidriver.dk,2,Keyword: tax,
taxififes.info,2,Keyword: tax,
taxilodka.ru,2,Keyword: tax,
taximone.ru,2,Keyword: tax,
taxisrilanka.co.uk,2,Keyword: tax,
taxitome.store,2,Keyword: tax,
taxivaeroportvnukovo.ru,2,Keyword: tax,
taxmail.online,2,Keyword: tax,
taxnon.com,2,Keyword: tax,
taxo.10mail.org,2,Keyword: tax,
taxon.com,2,Keyword: tax,
taxos.es,2,Keyword: tax,
taxqueries.com,2,Keyword: tax,
taxsaleclub.com,2,Keyword: tax,
taxslayerinfo.com,2,Keyword: tax,
taxtfire.us,2,Keyword: tax,
taxtfre.us,2,Keyword: tax,
taxvivahormone.com,2,Keyword: tax,
taxy.com,2,Keyword: tax,
taya99comlogin.com,2,Keyword: login,
tayaphcasinologin.com,2,Keyword: login,
tayhumphrey.com,2,Keyword: hr,
taylorswiftfans.love,2,Keyword: swift,
tb.undeadbank.com,2,Keyword: bank,
tbchr.com,2,Keyword: hr,
tcfthreads.com,2,Keyword: hr,
tdais.gov.tw,2,Keyword: gov,
tdpqhr.us,2,Keyword: hr,
tdwoqv0hrl.mailbo.store,2,Keyword: hr,
teachrockandroll.org,2,Keyword: hr,
teacoffeebox.com,2,Keyword: fee,
teal.delivery,2,Keyword: delivery,
tealeafadmins.com,2,Keyword: admin,
team.supportshq.click,2,Keyword: support,
team.supportshub.click,2,Keyword: support,
team.travelservice4u.com,2,Keyword: service,
team1.opensupports.click,2,Keyword: support,
team68.supportapp.click,2,Keyword: support,
teams.supportsly.click,2,Keyword: support,
teamviewerindirsene.com,2,Keyword: irs,
techclouder.tech,2,Keyword: cloud,
techiedevadssecure.club,2,Keyword: secure,
technicalchartalerts.com,2,Keyword: alert,
technicloud.tech,2,Keyword: cloud,
technosurfer.simplelogin.com,2,Keyword: login,
technotrends-tradingservices.site,2,Keyword: service,
techreactor.net,2,Keyword: hr,
techroaster.com,2,Keyword: hr,
techromo.com,2,Keyword: hr,
techservicenation.com,2,Keyword: service,
teeneatingdisordertreatmentcenter.com,2,Keyword: order,
teeneatingdisordertreatmentcenters.com,2,Keyword: order,
teeneatingdisordertreatmentoptions.com,2,Keyword: order,
tefer.gov,2,Keyword: gov,
tehran120.xyz,2,Keyword: hr,
tehranemail.ir,2,Keyword: hr,
telco-support.org,2,Keyword: support,
telebenefit.net,2,Keyword: benefit,
telecomhomeservice.com,2,Keyword: service,
telgreencloud.com,2,Keyword: cloud,
telkomuniversity.cloudns.cl,2,Keyword: cloud,
temp-cloud.net,2,Keyword: cloud,
temp.cloudns.asia,2,Keyword: cloud,
temp.emeraldwebmail.com,2,Keyword: webmail,
tempcloud.in,2,Keyword: cloud,
tempcloud.info,2,Keyword: cloud,
templatecustomizationservice.com,2,Keyword: service,
temporary-mail.paicha.cloud,2,Keyword: cloud,
tempverify.com,2,Keyword: verify,
teodor.simplelogin.com,2,Keyword: login,
terbankvul6963.a.lofteone.ru,2,Keyword: bank,
terraform.cloud,2,Keyword: cloud,
terriblecoffee.org,2,Keyword: fee,
tesecom-cloudit.com,2,Keyword: cloud,
test2.servicekomp.com.ua,2,Keyword: service,
testom.simplelogin.com,2,Keyword: login,
tetraclouds.info,2,Keyword: cloud,
tew.simplelogin.com,2,Keyword: login,
texasdriverhandbook.com,2,Keyword: drive,
texasretirementservice.info,2,Keyword: service,
tfp.coffee,2,Keyword: fee,
tfstaiwan.cloudns.asia,2,Keyword: cloud,
tghrial.com,2,Keyword: hr,
tglservices.com,2,Keyword: service,
than.poisedtoshrike.com,2,Keyword: hr,
thathi.simplelogin.com,2,Keyword: login,
the-bitcoins-era.net,2,Keyword: bitcoin,
the-ethereumcode.site,2,Keyword: ethereum,
the-first.email,2,Keyword: irs,
the.poisedtoshrike.com,2,Keyword: hr,
theatersupport.org,2,Keyword: support,
thebankofwestindies.com,2,Keyword: bank,
thebenefit.xyz,2,Keyword: benefit,
thebestwebtrafficservices.info,2,Keyword: service,
thebitcoincircuit.net,2,Keyword: bitcoin,
thecloudindex.com,2,Keyword: cloud,
thecoffeetender.com,2,Keyword: fee,
thedishrag.com,2,Keyword: hr,
thedriveinn.com,2,Keyword: drive,
thefeelgoodknees.com,2,Keyword: fee,
thefirstpadres.com,2,Keyword: irs,
thefirstticket.com,2,Keyword: irs,
thegreatcommission.cloud,2,Keyword: cloud,
theharmfam.com,2,Keyword: mfa,
thehillscoffee.com,2,Keyword: fee,
theirdisorder.com,2,Keyword: order,
thelastshred.com,2,Keyword: hr,
thelearning.cloud,2,Keyword: cloud,
thelearningbanks.com,2,Keyword: bank,
thelovethread.com,2,Keyword: hr,
them.poisedtoshrike.com,2,Keyword: hr,
themailservice.ink,2,Keyword: service,
themarket-delivery.ru,2,Keyword: delivery,
themintexchange.com,2,Keyword: mint,
thenextstepstaffing.com,2,Keyword: staff,
theocloud.de,2,Keyword: cloud,
theonceandfuturecoffeeaddict.com,2,Keyword: fee,
thepetaclouds.com,2,Keyword: cloud,
thepiratebay.cloud,2,Keyword: cloud,
therapyservicesllc.org,2,Keyword: service,
there.poisedtoshrike.com,2,Keyword: hr,
therecoverycompanion.com,2,Keyword: recover,
thesafetymonitor.com,2,Keyword: safe,
theschreibertimes.org,2,Keyword: hr,
these.poisedtoshrike.com,2,Keyword: hr,
thesimpleservice.de,2,Keyword: service,
thesocialmint.com,2,Keyword: mint,
thespamfather.com,2,Keyword: mfa,
thestellaronhunters.simplelogin.com,2,Keyword: login,
thesugarplumfairie.com,2,Keyword: mfa,
thesupport.click,2,Keyword: support,
thesupportteams.click,2,Keyword: support,
theta.whiskey.webmailious.top,2,Keyword: webmail,
thetayankee.webmailious.top,2,Keyword: webmail,
thethreaderista.it.com,2,Keyword: hr,
thevillageslifeeventcenter.com,2,Keyword: fee,
thewileychronicles.com,2,Keyword: hr,
thewirelessmicrophone.com,2,Keyword: wire,
thewisetransfer.click,2,Keyword: transfer,
thinkbusiness.cloudadvantage.live,2,Keyword: cloud,
thirdbrother.coffee,2,Keyword: fee,
thirdbrothercoffee.com,2,Keyword: fee,
thirdcloud.org,2,Keyword: cloud,
thirstybear.icu,2,Keyword: irs,
thirstycat.icu,2,Keyword: irs,
thirstycow.icu,2,Keyword: irs,
thirstymitten.net,2,Keyword: irs,
thirstytree.org,2,Keyword: irs,
thisischris.ml,2,Keyword: hr,
thisshipping.xyz,2,Keyword: shipping,
thr.laste.ml,2,Keyword: hr,
thraml.com,2,Keyword: hr,
thrashers.net,2,Keyword: hr,
thrdhnd.com,2,Keyword: hr,
threaded.maskmy.id,2,Keyword: hr,
threadedwsw.com,2,Keyword: hr,
threadgenius.co,2,Keyword: hr,
threadlight.org,2,Keyword: hr,
threadnecre.cf,2,Keyword: hr,
threadnecre.ga,2,Keyword: hr,
threadnecre.gq,2,Keyword: hr,
threadnecre.ml,2,Keyword: hr,
threadneedlepress.com,2,Keyword: hr,
threadproof.com,2,Keyword: hr,
threadsnotfound.com,2,Keyword: hr,
threat.mailbo.store,2,Keyword: hr,
threatbridge.com,2,Keyword: hr,
threatfmail.com,2,Keyword: hr,
threatsfmail.com,2,Keyword: hr,
threatstreams.com,2,Keyword: hr,
threatvectorsecurity.org,2,Keyword: hr,
thredbo60.com,2,Keyword: hr,
three-fellas-pizza-waterford.com,2,Keyword: hr,
three.emailfake.ml,2,Keyword: hr,
three.fackme.gq,2,Keyword: hr,
three.icons-eg.net,2,Keyword: hr,
three.mailbo.store,2,Keyword: hr,
three.vietnambrandmatters.com,2,Keyword: hr,
threecreditscoresreview.com,2,Keyword: hr,
threeday.site,2,Keyword: hr,
threedimensionsolutions.com,2,Keyword: hr,
threedollarcafe.net,2,Keyword: hr,
threefellers.com,2,Keyword: hr,
threekitteen.site,2,Keyword: hr,
threelittlebirds.blog,2,Keyword: hr,
threemail.nl,2,Keyword: hr,
threemonks-dublin.com,2,Keyword: hr,
threemountaindojo.com,2,Keyword: hr,
threepagodas.net,2,Keyword: hr,
threepillarsgaming.com,2,Keyword: hr,
threepp.com,2,Keyword: hr,
threesume.com,2,Keyword: hr,
threesunday-news.com,2,Keyword: hr,
threethreather.com,2,Keyword: hr,
threewaysbiz.com,2,Keyword: hr,
thremagforspace20.site,2,Keyword: hr,
thremagforspace20.website,2,Keyword: hr,
thresholdpc.com,2,Keyword: hr,
thriftypixel.com,2,Keyword: hr,
thriftypro.xyz,2,Keyword: hr,
thrillofdriving.com,2,Keyword: hr,
thritorbo.ga,2,Keyword: hr,
thritorbo.gq,2,Keyword: hr,
thritorbo.ml,2,Keyword: hr,
thritorbo.tk,2,Keyword: hr,
thrivedynmo.com,2,Keyword: hr,
thrivelancaster.com,2,Keyword: hr,
thrivetemplates.club,2,Keyword: hr,
thrivingkidstherapy.com,2,Keyword: hr,
thrma.com,2,Keyword: hr,
throam.com,2,Keyword: hr,
thromboarterumail.com,2,Keyword: hr,
thromboembmail.com,2,Keyword: hr,
thronemd.com,2,Keyword: hr,
throopllc.com,2,Keyword: hr,
thropasach.cf,2,Keyword: hr,
thropasach.ga,2,Keyword: hr,
thropasach.ml,2,Keyword: hr,
thropasach.tk,2,Keyword: hr,
thrott.com,2,Keyword: hr,
througerwhit2731.a.lofteone.ru,2,Keyword: hr,
through.mailbo.store,2,Keyword: hr,
throughout.mailbo.store,2,Keyword: hr,
throw.mailbo.store,2,Keyword: hr,
throwam.com,2,Keyword: hr,
throwaway.io,2,Keyword: hr,
throwaway.top,2,Keyword: hr,
throwawayemail.com,2,Keyword: hr,
throwawayemailaddress.com,2,Keyword: hr,
throwawaymail.app,2,Keyword: hr,
throwawaymail.com,2,Keyword: hr,
throwawaymail.pp.ua,2,Keyword: hr,
throwawaymail.uu.gl,2,Keyword: hr,
throwblanket.net,2,Keyword: hr,
throwmail.net,2,Keyword: hr,
throya.com,2,Keyword: hr,
thrrndgkqjf.com,2,Keyword: hr,
thrstmag.vip,2,Keyword: hr,
thrttl.com,2,Keyword: hr,
thrubay.com,2,Keyword: hr,
thrudisanglux.com,2,Keyword: hr,
thrxcannabis.com,2,Keyword: hr,
thrzxdqkbc.mailbo.store,2,Keyword: hr,
thunderthrob.com,2,Keyword: hr,
ticloud.co,2,Keyword: cloud,
timekeeper.simplelogin.com,2,Keyword: login,
timelesstrackzsoundz.com,2,Keyword: track,
timewaste.simplelogin.com,2,Keyword: login,
tinbitcoin.net,2,Keyword: bitcoin,
tinbitcoin.org,2,Keyword: bitcoin,
tiniliveicloud.lol,2,Keyword: cloud,
tiniliveicloud.pics,2,Keyword: cloud,
tiobanklu9924.lofteone.ru,2,Keyword: bank,
tiongbahrusocialclub.com,2,Keyword: hr,
tipsbankforyou.com,2,Keyword: bank,
tirsmail.info,2,Keyword: irs,
tirsmssaiz.mailbo.store,2,Keyword: irs,
tjzehrcocb.mailbo.store,2,Keyword: hr,
tkmailservice.tk,2,Keyword: service,
tkoenig.simplelogin.com,2,Keyword: login,
tlee.simplelogin.com,2,Keyword: login,
tlhconsultingservices.com,2,Keyword: service,
tls.cloudns.asia,2,Keyword: cloud,
tmailcloud.com,2,Keyword: cloud,
tmailcloud.net,2,Keyword: cloud,
tmailservices.com,2,Keyword: service,
tmconcreteservice.com,2,Keyword: service,
tmfadv.com.br,2,Keyword: mfa,
tmfservice.com.br,2,Keyword: service,
tmp-system-service.de,2,Keyword: service,
tmpwebmail.com,2,Keyword: webmail,
tmrprestigeservices.co.uk,2,Keyword: service,
tmtrackr.com,2,Keyword: track,
tntcblgghr.mailbo.store,2,Keyword: hr,
tnvzhr1l1q.mailbo.store,2,Keyword: hr,
toby.simplelogin.com,2,Keyword: login,
today-payment.com,2,Keyword: payment,
todaytaxis.info,2,Keyword: tax,
todestore.cloud,2,Keyword: cloud,
tohru.org,2,Keyword: hr,
token.cloudns.be,2,Keyword: cloud,
tolle-uhren.de,2,Keyword: hr,
tondar-vpn.xyz,2,Keyword: vpn,
tondar-vpns.xyz,2,Keyword: vpn,
tondarvpn-shop.xyz,2,Keyword: vpn,
top777login.net,2,Keyword: login,
topairdrops.site,2,Keyword: airdrop,
topdrivers.top,2,Keyword: drive,
topessayservicescloud.com,2,Keyword: service,
topjobbuildingservices.com,2,Keyword: service,
topservice.com,2,Keyword: service,
toptransfer.cf,2,Keyword: transfer,
toptransfer.ga,2,Keyword: transfer,
toptransfer.gq,2,Keyword: transfer,
toptransfer.ml,2,Keyword: transfer,
toptransfer.tk,2,Keyword: transfer,
topvpnfree.ooo,2,Keyword: vpn,
torgoviy-dom.com,2,Keyword: gov,
torgovyicenter.ru,2,Keyword: gov,
torontofeel.com,2,Keyword: fee,
torressecuritygroup.com,2,Keyword: security,
totalpoolservice.com,2,Keyword: service,
totalwirelessrefill.com,2,Keyword: wire,
tourism.support,2,Keyword: support,
towing-services-sandiego.info,2,Keyword: service,
toyota-chr.club,2,Keyword: hr,
tpbank.gq,2,Keyword: bank,
tpma.simplelogin.com,2,Keyword: login,
track-custom.com,2,Keyword: track,
track.healthme.one,2,Keyword: track,
track1.onlinepaidjobs.me,2,Keyword: track,
track2.onlinepaidjobs.me,2,Keyword: track,
track6.boostsale.live,2,Keyword: track,
trackastra.site,2,Keyword: track,
trackback.link,2,Keyword: track,
trackbillion.live,2,Keyword: track,
trackden.com,2,Keyword: track,
trackdriver.com,2,Keyword: track,
tracker-fb.online,2,Keyword: track,
tracker.peacled.xyz,2,Keyword: track,
trackerad.xyz,2,Keyword: track,
trackerok.ru,2,Keyword: track,
trackerscorp.com,2,Keyword: track,
trackeva.com,2,Keyword: track,
tracking.army,2,Keyword: track,
tracking.democrat,2,Keyword: track,
tracking.navy,2,Keyword: track,
tracking.republican,2,Keyword: track,
trackinghub.org,2,Keyword: track,
trackingsystem.cd,2,Keyword: track,
tracklacker.com,2,Keyword: track,
trackmo.icu,2,Keyword: track,
trackmusic.info,2,Keyword: track,
trackmyflightnow.com,2,Keyword: track,
trackmyhubby.com,2,Keyword: track,
tracknaecouriers.com,2,Keyword: track,
trackpai.fun,2,Keyword: track,
trackprov.icu,2,Keyword: track,
tracksame.com,2,Keyword: track,
tracksnac.xyz,2,Keyword: track,
trackspor.us,2,Keyword: track,
tracktoolbox.com,2,Keyword: track,
tracktrolls.net,2,Keyword: track,
trackworld.fun,2,Keyword: track,
trackworld.online,2,Keyword: track,
trackworld.site,2,Keyword: track,
trackworld.store,2,Keyword: track,
trackworld.website,2,Keyword: track,
trackworld.xyz,2,Keyword: track,
tracky.heatraffic.online,2,Keyword: track,
trackyourcraft.com,2,Keyword: track,
trackzora.store,2,Keyword: track,
tradeswallet.online,2,Keyword: wallet,
tradewithrichard.com,2,Keyword: hr,
trafficmanager.cloud,2,Keyword: cloud,
trafikcafeer.online,2,Keyword: fee,
transferfoil.com,2,Keyword: transfer,
transfergoods.com,2,Keyword: transfer,
transferinn.com,2,Keyword: transfer,
transittechservices.com,2,Keyword: service,
translationserviceonline.com,2,Keyword: service,
travail.simplelogin.com,2,Keyword: login,
travel-first.accesscam.org,2,Keyword: irs,
traveloffers.services,2,Keyword: service,
travelservice4u.com,2,Keyword: service,
travelservicein.com,2,Keyword: service,
trekwire.com,2,Keyword: wire,
trepsels.services,2,Keyword: service,
trgovinanaveliko.info,2,Keyword: gov,
trhrwvnrgz.mailbo.store,2,Keyword: hr,
trimfast.biz.id,2,Keyword: mfa,
trollyshrimp.site,2,Keyword: hr,
true-secure00.ru,2,Keyword: secure,
truebankonline.com,2,Keyword: bank,
truelocksecurity.com,2,Keyword: security,
trumingovn.online,2,Keyword: gov,
trustcloud.engineer,2,Keyword: cloud,
trustinthe.cloud,2,Keyword: cloud,
trustnetsecurity.net,2,Keyword: security,
truthfinderlogin.com,2,Keyword: login,
try.z9.cloudns.nz,2,Keyword: cloud,
try01.simplelogin.com,2,Keyword: login,
tryalert.com,2,Keyword: alert,
trycatchrepeat.info,2,Keyword: hr,
trygmhr.cn,2,Keyword: hr,
trysupport.store,2,Keyword: support,
trysupports.click,2,Keyword: support,
tryvertty.services,2,Keyword: service,
tsdtracker.com,2,Keyword: track,
tsuyoshi.simplelogin.com,2,Keyword: login,
ttcrepairs.com,2,Keyword: irs,
tthom.simplelogin.com,2,Keyword: login,
ttopfeedt.site,2,Keyword: fee,
tuiips.cloud,2,Keyword: cloud,
tulipps.cloud,2,Keyword: cloud,
tulsa.gov,2,Keyword: gov,
tulsabud.delivery,2,Keyword: delivery,
tunehriead.pw,2,Keyword: hr,
turkeyalerts.com,2,Keyword: alert,
turkeyalerts.org,2,Keyword: alert,
turkishrealestates.net,2,Keyword: hr,
turleyprandpublicaffairs.com,2,Keyword: irs,
tutanota86.outlook.rest,2,Keyword: outlook,
tvbank.website,2,Keyword: bank,
tvtaxcos.info,2,Keyword: tax,
twentyseedscoffee.com,2,Keyword: fee,
twhr69jxpe.mailbo.store,2,Keyword: hr,
twomohm.cloud,2,Keyword: cloud,
twycloudy.com,2,Keyword: cloud,
tychoservice.online,2,Keyword: service,
tychoservice.shop,2,Keyword: service,
tychr.com,2,Keyword: hr,
tyhrf.jino.ru,2,Keyword: hr,
tyoii.cloudns.org,2,Keyword: cloud,
u00fg3hr1y.mailbo.store,2,Keyword: hr,
u4jhrqebfodr.cf,2,Keyword: hr,
u4jhrqebfodr.ml,2,Keyword: hr,
u4jhrqebfodr.tk,2,Keyword: hr,
ubeqrsqtax.mailbo.store,2,Keyword: tax,
ubkw.undeadbank.com,2,Keyword: bank,
ubr8zfeeld.mailbo.store,2,Keyword: fee,
ubuntu.dns-cloud.net,2,Keyword: cloud,
uc2zre1hrt.mailbo.store,2,Keyword: hr,
udshrgp6en.mailbo.store,2,Keyword: hr,
udtghr.online,2,Keyword: hr,
ufoairs.info,2,Keyword: irs,
ugafwa6hro.mailbo.store,2,Keyword: hr,
uhfiefhjubwed.cloud,2,Keyword: cloud,
uhjyzglhrs.pl,2,Keyword: hr,
uhrenarmbands.de,2,Keyword: hr,
uhrs.saucent.online,2,Keyword: hr,
uhrx.site,2,Keyword: hr,
ui-feed.com,2,Keyword: fee,
uikkkkeds.cloud,2,Keyword: cloud,
uinkopal.cloud,2,Keyword: cloud,
ujhrxqhfal.mailbo.store,2,Keyword: hr,
ujjivanbank.com,2,Keyword: bank,
ujlzgfhrz2.mailbo.store,2,Keyword: hr,
uk.cloudns.org,2,Keyword: cloud,
ukrbudservice.site,2,Keyword: service,
ukrgov.com,2,Keyword: gov,
uktaxrefund.info,2,Keyword: refund,
ultimatebusinessservices.com,2,Keyword: service,
umanit.cloud,2,Keyword: cloud,
umbrabilisorchis.simplelogin.com,2,Keyword: login,
umibenefits.com,2,Keyword: benefit,
umk.undeadbank.com,2,Keyword: bank,
undeadbank.com,2,Keyword: bank,
undol-kazanskijhram.ru,2,Keyword: hr,
unfairship.com,2,Keyword: irs,
ungovertomail.com,2,Keyword: gov,
unicoelixirs.com,2,Keyword: irs,
unite.cloudns.asia,2,Keyword: cloud,
univcloud.tech,2,Keyword: cloud,
universalsecurity.cd,2,Keyword: security,
university.cloudns.ph,2,Keyword: cloud,
unknownaffairs.com,2,Keyword: irs,
unlimints.com,2,Keyword: mint,
unlockrevenue.info,2,Keyword: unlock,
unnoticeaml.ru,2,Keyword: notice,
unnuetz.cloud,2,Keyword: cloud,
unpacker.x24hr.com,2,Keyword: hr,
unsatirsmail.ru,2,Keyword: irs,
unstoppable.simplelogin.com,2,Keyword: login,
unusual-activity-service.com,2,Keyword: service,
up.poisedtoshrike.com,2,Keyword: hr,
updatesafe.com,2,Keyword: safe,
upjoijhrqf.mailbo.store,2,Keyword: hr,
upliftinghouse.simplelogin.com,2,Keyword: login,
upstairsgallery.org,2,Keyword: irs,
uqqvt0hrgp.mailbo.store,2,Keyword: hr,
urecloud.icu,2,Keyword: cloud,
urethromail.ru,2,Keyword: hr,
urgentmail.com,2,Keyword: urgent,
usa-gov.cf,2,Keyword: gov,
usa-gov.ga,2,Keyword: gov,
usa-gov.gq,2,Keyword: gov,
usa-gov.ml,2,Keyword: gov,
usa-gov.tk,2,Keyword: gov,
usachris.com,2,Keyword: hr,
uschroniclenews.com,2,Keyword: hr,
use.poisedtoshrike.com,2,Keyword: hr,
usechrono.com,2,Keyword: hr,
userloginstatus.email,2,Keyword: login,
userontrack.com,2,Keyword: track,
usfugitiverecovery.org,2,Keyword: recover,
usgov.org,2,Keyword: gov,
usloviyabankrot.xyz,2,Keyword: bank,
usucp5ohrh.mailbo.store,2,Keyword: hr,
utacloud.com,2,Keyword: cloud,
utahrockproducts.com,2,Keyword: hr,
uthruthg.shop,2,Keyword: hr,
utirsmail.ru,2,Keyword: irs,
uwebmail.live,2,Keyword: webmail,
uwyphrtytk.mailbo.store,2,Keyword: hr,
uzvmmfaolo.mailbo.store,2,Keyword: mfa,
v80q.mywire.org,2,Keyword: wire,
va61uehr.saucent.online,2,Keyword: hr,
vagabondvpn.pro,2,Keyword: vpn,
vairs.org,2,Keyword: irs,
validate-secured-registration.com,2,Keyword: secure,
vancouverhairsalons.com,2,Keyword: irs,
vandaelelanguageservices.com,2,Keyword: service,
vantagepayment.com,2,Keyword: payment,
vantaxi.pl,2,Keyword: tax,
vanturtransfer.com,2,Keyword: transfer,
vanturtransfer.xyz,2,Keyword: transfer,
vanzcloud.web.id,2,Keyword: cloud,
vapechroma.com,2,Keyword: hr,
varese-secure.com,2,Keyword: secure,
varthagaminternational.store,2,Keyword: mint,
vbsxewrqgd.cloud,2,Keyword: cloud,
vbucks.staffingzone.xyz,2,Keyword: staff,
vcr.estaxy.com,2,Keyword: tax,
vcxvxcvsxdc.cloud,2,Keyword: cloud,
vdspzhr.saucent.online,2,Keyword: hr,
vecoss.cloud,2,Keyword: cloud,
velar.cloud,2,Keyword: cloud,
velvet.simplelogin.com,2,Keyword: login,
vendorservicescorp.com,2,Keyword: service,
venfee.com,2,Keyword: fee,
ver001.mikirslot.org,2,Keyword: irs,
ver002.mikirslot.org,2,Keyword: irs,
verification.com,2,Keyword: verification,
verificationpayee.com,2,Keyword: verification,
verificationsinc.com,2,Keyword: verification,
verify-dates-online.com,2,Keyword: verify,
verify-mymobiledevice.com,2,Keyword: verify,
verifycenter.net,2,Keyword: verify,
verifyerror.online,2,Keyword: verify,
verifyfb.xyz,2,Keyword: verify,
verifykero.com,2,Keyword: verify,
verifymail.cf,2,Keyword: verify,
verifymail.ga,2,Keyword: verify,
verifymail.gq,2,Keyword: verify,
verifymail.iodomain68826dbmobbil.emlhub.com,2,Keyword: verify,
verifymail.iodomain883.wishy.fr,2,Keyword: verify,
verifymail.ml,2,Keyword: verify,
verifymail.win,2,Keyword: verify,
versaces.cloud,2,Keyword: cloud,
versusxiii.simplelogin.com,2,Keyword: login,
vetechpayments.com,2,Keyword: payment,
veteransbenefitsinc.icu,2,Keyword: benefit,
veye-security.com,2,Keyword: security,
vgcc3ughrw.mailbo.store,2,Keyword: hr,
vgxwhriet.pl,2,Keyword: hr,
vhrrpno2hx.mailbo.store,2,Keyword: hr,
vhrspdeko4.mailbo.store,2,Keyword: hr,
via.cloudns.be,2,Keyword: cloud,
viafordrivers.com,2,Keyword: drive,
vialtis-multiservices.com,2,Keyword: service,
videogamefeed.info,2,Keyword: fee,
videos.poisedtoshrike.com,2,Keyword: hr,
vidya.simplelogin.com,2,Keyword: login,
vigorfeelings.com,2,Keyword: fee,
vigrxplusfeedback.tk,2,Keyword: fee,
villaairsms.com,2,Keyword: irs,
vinohrad.info,2,Keyword: hr,
vintageissuerservices.com,2,Keyword: service,
vip777login.info,2,Keyword: login,
vipchristianlouboutindiscount.com,2,Keyword: hr,
vipfirstpay.com,2,Keyword: irs,
vipphlogin.com,2,Keyword: login,
virtual-bank.live,2,Keyword: bank,
virtualsummeroutings.com,2,Keyword: routing,
virusirto.cloud,2,Keyword: cloud,
visa-securepay.cf,2,Keyword: secure,
visa-securepay.ga,2,Keyword: secure,
visa-securepay.gq,2,Keyword: secure,
visa-securepay.ml,2,Keyword: secure,
visa-securepay.tk,2,Keyword: secure,
visa.dns-cloud.net,2,Keyword: cloud,
visagesalesnservices.com,2,Keyword: service,
visitors-tracker.ru,2,Keyword: track,
vk-ssl-support5.host,2,Keyword: support,
vkae.cloud,2,Keyword: cloud,
vlbohrkn3t.mailbo.store,2,Keyword: hr,
vlogino.pro,2,Keyword: login,
vmailcloud.com,2,Keyword: cloud,
vnpayment.org,2,Keyword: payment,
vnrh2fafnw.mailbo.store,2,Keyword: 2fa,
vnsafe.top,2,Keyword: safe,
voiceseoservices.com,2,Keyword: service,
voidness.simplelogin.com,2,Keyword: login,
voirserie-streaming.com,2,Keyword: irs,
voirseries-streaming.com,2,Keyword: irs,
voirseries.host,2,Keyword: irs,
voirseriestreaming.online,2,Keyword: irs,
voirseriestreaming.xyz,2,Keyword: irs,
volunteerfirstresponder.com,2,Keyword: irs,
volunteerfirstrespondernetwork.com,2,Keyword: irs,
volunteerfirstrespondernetwork.org,2,Keyword: irs,
volunteerfirstresponders.net,2,Keyword: irs,
vory.estaxy.com,2,Keyword: tax,
vpn-ike.net,2,Keyword: vpn,
vpn-tondar.xyz,2,Keyword: vpn,
vpn.luk2.com,2,Keyword: vpn,
vpn.st,2,Keyword: vpn,
vpn33.top,2,Keyword: vpn,
vpnadvisor.org,2,Keyword: vpn,
vpnexpress.best,2,Keyword: vpn,
vpnfinity.com,2,Keyword: vpn,
vpnflix.com,2,Keyword: vpn,
vpnforever.space,2,Keyword: vpn,
vpnforge.com,2,Keyword: vpn,
vpnfreetrial.best,2,Keyword: vpn,
vpngermany.company,2,Keyword: vpn,
vpngratuit.company,2,Keyword: vpn,
vpnhub.top,2,Keyword: vpn,
vpnike.org,2,Keyword: vpn,
vpnkey.top,2,Keyword: vpn,
vpnkeyz.top,2,Keyword: vpn,
vpnlock.top,2,Keyword: vpn,
vpnmax.top,2,Keyword: vpn,
vpnmico.com,2,Keyword: vpn,
vpnnotsafe.zone,2,Keyword: vpn,
vpnns.com,2,Keyword: vpn,
vpnopenvpn.zone,2,Keyword: vpn,
vpnow1.top,2,Keyword: vpn,
vpnpath.top,2,Keyword: vpn,
vpnport.top,2,Keyword: vpn,
vpnprivacy.fund,2,Keyword: vpn,
vpnprivate.fund,2,Keyword: vpn,
vpnquick.top,2,Keyword: vpn,
vpnratings.fail,2,Keyword: vpn,
vpnroute.top,2,Keyword: vpn,
vpnrun.top,2,Keyword: vpn,
vpns.best,2,Keyword: vpn,
vpnsafe.top,2,Keyword: vpn,
vpnseat.com,2,Keyword: vpn,
vpnsellami.tk,2,Keyword: vpn,
vpnset1.top,2,Keyword: vpn,
vpnshot.top,2,Keyword: vpn,
vpnsmail.me,2,Keyword: vpn,
vpnsnap.top,2,Keyword: vpn,
vpnspot.top,2,Keyword: vpn,
vpnsupport.cool,2,Keyword: support,
vpnsurf.top,2,Keyword: vpn,
vpntochina.city,2,Keyword: vpn,
vpntouch.top,2,Keyword: vpn,
vpntracker.band,2,Keyword: track,
vpnup.top,2,Keyword: vpn,
vpnup1.top,2,Keyword: vpn,
vpnvex.top,2,Keyword: vpn,
vpnwayz.top,2,Keyword: vpn,
vpnzap.top,2,Keyword: vpn,
vpnzest.top,2,Keyword: vpn,
vpsadminn.com,2,Keyword: admin,
vpsafe1.top,2,Keyword: safe,
vpscloudvntoday.com,2,Keyword: cloud,
vpsmobilecloudkb.com,2,Keyword: cloud,
vqqhry1j.xyz,2,Keyword: hr,
vrcficirss.mailbo.store,2,Keyword: irs,
vservicecentral.com,2,Keyword: service,
vthreadeda.com,2,Keyword: hr,
vtx.trying.cloud,2,Keyword: cloud,
vux5ndolhr.mailbo.store,2,Keyword: hr,
vw-webmail.de,2,Keyword: webmail,
vwdvpnxsm.shop,2,Keyword: vpn,
vxwhrdlduj.mailbo.store,2,Keyword: hr,
w500casinologin.com,2,Keyword: login,
w88first.com,2,Keyword: irs,
wagerrwallet.com,2,Keyword: wallet,
wahreliebe.li,2,Keyword: hr,
wailo.cloudns.asia,2,Keyword: cloud,
waken.cloudns.be,2,Keyword: cloud,
wall.simplelogin.com,2,Keyword: login,
wallet.slmail.me,2,Keyword: wallet,
walletsshopjp.com,2,Keyword: wallet,
wancloud.ru,2,Keyword: cloud,
want.poisedtoshrike.com,2,Keyword: hr,
warning-10by25.stream,2,Keyword: warning,
warningofrapmusic.com,2,Keyword: warning,
wasatchfugitiverecovery.com,2,Keyword: recover,
waschservice.de,2,Keyword: service,
waservices.dev,2,Keyword: service,
waslangewaehrtwirdendlichwar.love,2,Keyword: hr,
watchreplica.biz,2,Keyword: hr,
watchreplica.org,2,Keyword: hr,
waterservice.xyz,2,Keyword: service,
watertaxionlakegeorge.com,2,Keyword: tax,
wawaservice75679.site,2,Keyword: service,
way.poisedtoshrike.com,2,Keyword: hr,
wbrchristian.com,2,Keyword: hr,
wdnotifications.com,2,Keyword: notification,
we.poisedtoshrike.com,2,Keyword: hr,
wealthru.club,2,Keyword: hr,
wealththruhealthieryou.info,2,Keyword: hr,
web.cloudns.org,2,Keyword: cloud,
web.simplelogin.com,2,Keyword: login,
web20.services,2,Keyword: service,
webanalyticsalert.com,2,Keyword: alert,
webauthn.cloud,2,Keyword: cloud,
webinfoservices.website,2,Keyword: service,
webmail-optibelt.com,2,Keyword: webmail,
webmail.bcm.edu.pl,2,Keyword: webmail,
webmail.chol.com.upy.kr,2,Keyword: webmail,
webmail.flu.cc,2,Keyword: webmail,
webmail.igg.biz,2,Keyword: webmail,
webmail.inc.gs,2,Keyword: webmail,
webmail.js,2,Keyword: webmail,
webmail.kolmpuu.net,2,Keyword: webmail,
webmail.vidwobox.com,2,Keyword: webmail,
webmail.wuaze.com,2,Keyword: webmail,
webmail123.hensailor.hensailor.xyz,2,Keyword: webmail,
webmail2.site,2,Keyword: webmail,
webmail24.to,2,Keyword: webmail,
webmail24.top,2,Keyword: webmail,
webmail360.eu,2,Keyword: webmail,
webmail4.club,2,Keyword: webmail,
webmail4u.eu,2,Keyword: webmail,
webmailaccount.site,2,Keyword: webmail,
webmaild.net,2,Keyword: webmail,
webmaileu.bishop-knot.xyz,2,Keyword: webmail,
webmailforall.info,2,Keyword: webmail,
webmaill.info,2,Keyword: webmail,
webmailn7program.tld.cc,2,Keyword: webmail,
webmailnl.nl,2,Keyword: webmail,
webmailp.xyz,2,Keyword: webmail,
webmails.top,2,Keyword: webmail,
webmails24.com,2,Keyword: webmail,
webmailshark.com,2,Keyword: webmail,
webmailt.com,2,Keyword: webmail,
webmailwc.com,2,Keyword: webmail,
webmailzx.com,2,Keyword: webmail,
webname.cloud,2,Keyword: cloud,
webroot-support-number.com,2,Keyword: support,
websecuremail.com,2,Keyword: secure,
webshopdetour.simplelogin.com,2,Keyword: login,
websitehostingservices.info,2,Keyword: service,
websupport.systems,2,Keyword: support,
webwallet.exchange,2,Keyword: wallet,
wecloud.buzz,2,Keyword: cloud,
wedbank.ru,2,Keyword: bank,
weeklywire.xyz,2,Keyword: wire,
wefeelgood.tk,2,Keyword: fee,
wego-delivery.com,2,Keyword: delivery,
wegovynozaxy.host,2,Keyword: gov,
weguardsecurity.net,2,Keyword: security,
wehelpaddictsrecover.com,2,Keyword: recover,
wehesaxhr1.mailbo.store,2,Keyword: hr,
wehrmannengineering.com,2,Keyword: hr,
weil4feet.com,2,Keyword: fee,
well.poisedtoshrike.com,2,Keyword: hr,
wellnessthroughliving.com,2,Keyword: hr,
wencyphrasepedia.com,2,Keyword: hr,
wephrr.us,2,Keyword: hr,
wesamyezan.cloud,2,Keyword: cloud,
westsideservicecenter.net,2,Keyword: service,
wetransfer.click,2,Keyword: transfer,
wgxathrfhn.mailbo.store,2,Keyword: hr,
whatareliefservices.com,2,Keyword: service,
whatisbitcoin.org,2,Keyword: bitcoin,
whatshalal.delivery,2,Keyword: delivery,
whatsminerelite.cloud,2,Keyword: cloud,
whatsmyfeed.com,2,Keyword: fee,
which.poisedtoshrike.com,2,Keyword: hr,
whiskeyalpha.webmailious.top,2,Keyword: webmail,
whiskeyiota.webmailious.top,2,Keyword: webmail,
whitebeachresort.net,2,Keyword: hr,
whitecloud.com,2,Keyword: cloud,
whitehouse.gov,2,Keyword: gov,
who.poisedtoshrike.com,2,Keyword: hr,
whoisblms.cloud,2,Keyword: cloud,
whyred.simplelogin.com,2,Keyword: login,
wickedsecure.net,2,Keyword: secure,
wicloud.com,2,Keyword: cloud,
wideworldwebmailboxes.com,2,Keyword: webmail,
wikfee.com,2,Keyword: fee,
wiki.services.openoffice.org.smtp.bycy.xyz,2,Keyword: service,
wildpaw.simplelogin.com,2,Keyword: login,
wildrasthr.space,2,Keyword: hr,
will.poisedtoshrike.com,2,Keyword: hr,
williamng.simplelogin.com,2,Keyword: login,
williebcochran.com,2,Keyword: hr,
wilson-cloud.store,2,Keyword: cloud,
windowglassrepairs.xyz,2,Keyword: irs,
windows8service.info,2,Keyword: service,
winetastingdriver.net,2,Keyword: drive,
winetastingdrivers.net,2,Keyword: drive,
winforlife888login.com,2,Keyword: login,
wintersnowremovalservices.com,2,Keyword: service,
wire-shelving.info,2,Keyword: wire,
wire.cd,2,Keyword: wire,
wire.slmail.me,2,Keyword: wire,
wirebrush.biz,2,Keyword: wire,
wirebrush.us,2,Keyword: wire,
wirebrushes.us,2,Keyword: wire,
wirechip.com,2,Keyword: wire,
wireconnected.com,2,Keyword: wire,
wired-usa.com,2,Keyword: wire,
wiredemail.net,2,Keyword: wire,
wiredlifemag.com,2,Keyword: wire,
wiredlifemagazine.com,2,Keyword: wire,
wiredlivingmag.com,2,Keyword: wire,
wiredlivingmagazine.com,2,Keyword: wire,
wirednyc.com,2,Keyword: wire,
wiredparis.com,2,Keyword: wire,
wirefreeemail.com,2,Keyword: wire,
wirelam.com,2,Keyword: wire,
wirelay.com,2,Keyword: wire,
wireless-alarm-system.info,2,Keyword: wire,
wirelesschargers.xyz,2,Keyword: wire,
wirelesspreviews.com,2,Keyword: wire,
wireliws.com,2,Keyword: wire,
wiremail.host,2,Keyword: wire,
wiremails.info,2,Keyword: wire,
wirenblad.se,2,Keyword: wire,
wirepark.us,2,Keyword: wire,
wireps.com,2,Keyword: wire,
wirese.com,2,Keyword: wire,
wirsindcool.de,2,Keyword: irs,
wirsindneuland.vision,2,Keyword: irs,
wirwollenkeingelabermehr.vision,2,Keyword: hr,
wiseeyessecurity.com,2,Keyword: security,
wit.coffee,2,Keyword: fee,
witspayroll.com,2,Keyword: payroll,
wittyfeedindia.com,2,Keyword: fee,
wizseoservicesaustralia.com,2,Keyword: service,
wki.undeadbank.com,2,Keyword: bank,
wlhrygvuwl.mailbo.store,2,Keyword: hr,
wmslegalservices.com,2,Keyword: service,
wo.cloudns.nz,2,Keyword: cloud,
wohlbarkfeeb.cf,2,Keyword: fee,
wohlbarkfeeb.ga,2,Keyword: fee,
wohlbarkfeeb.gq,2,Keyword: fee,
wohlbarkfeeb.ml,2,Keyword: fee,
wohlbarkfeeb.tk,2,Keyword: fee,
wohlgecloud.cc,2,Keyword: cloud,
wohrr.com,2,Keyword: hr,
wolfeesdonuts.com,2,Keyword: fee,
wolfnetworksecurity.com,2,Keyword: security,
wolkesecurity.com,2,Keyword: security,
womenabuse.com,2,Keyword: abuse,
womenshealthreports.com,2,Keyword: hr,
womenssubstanceabusetreatmentprograms.com,2,Keyword: abuse,
wonwoo.cloud,2,Keyword: cloud,
woodchristmasornaments.com,2,Keyword: hr,
woodroastedcoffee.store,2,Keyword: fee,
woofee.ru,2,Keyword: fee,
workmanservices.com.pk,2,Keyword: service,
world777login.net,2,Keyword: login,
worldgovernmentsummit.media,2,Keyword: gov,
worldlawyers.services,2,Keyword: service,
worldlogisticsservices.com,2,Keyword: service,
worldlongdriveseries.com,2,Keyword: drive,
worldtaxback.com,2,Keyword: tax,
worldthroughlens.com,2,Keyword: hr,
worldwidestaffinginc.com,2,Keyword: staff,
worldwidetravelservices.com,2,Keyword: service,
would.poisedtoshrike.com,2,Keyword: hr,
wp-admins.com,2,Keyword: admin,
wpcommentservices.info,2,Keyword: service,
wpnotificationbar.com,2,Keyword: notification,
wpservices.expert,2,Keyword: service,
wptaxi.com,2,Keyword: tax,
write.simplelogin.com,2,Keyword: login,
writersservices.net,2,Keyword: service,
writingservice.cf,2,Keyword: service,
wtqc7xskhr.mailbo.store,2,Keyword: hr,
wujicloud.com,2,Keyword: cloud,
wujlsahrr.shop,2,Keyword: hr,
wvayicloud.online,2,Keyword: cloud,
wvh.wirelax.com,2,Keyword: wire,
www-nrd.nhtsa.dot.gov.fitness-india.xyz,2,Keyword: gov,
wwwsafecu.org,2,Keyword: safe,
wwww-011uspush-notification-af-uss08.xyz,2,Keyword: notification,
wwww-011uspush-notification-af-uss09.xyz,2,Keyword: notification,
wyfeedburner.com,2,Keyword: fee,
wykahrdltt.mailbo.store,2,Keyword: hr,
x-w.simplelogin.com,2,Keyword: login,
x-x.simplelogin.com,2,Keyword: login,
x13.services,2,Keyword: service,
x24hr.com,2,Keyword: hr,
x3f6zi9jhr.mailbo.store,2,Keyword: hr,
x6666gamelogin.com,2,Keyword: login,
x6g4ehrlx5.mailbo.store,2,Keyword: hr,
x6hrnwm2i9.mailbo.store,2,Keyword: hr,
x777login.info,2,Keyword: login,
x8rbn.cloud,2,Keyword: cloud,
xan.simplelogin.com,2,Keyword: login,
xcloud.ovh,2,Keyword: cloud,
xconvict-vpn.technology,2,Keyword: vpn,
xdhrcbnhzf.mailbo.store,2,Keyword: hr,
xengthreview.com,2,Keyword: hr,
xgovui.xyz,2,Keyword: gov,
xhr10.com,2,Keyword: hr,
xhrmtujovv.ga,2,Keyword: hr,
xiaofan.cloudns.org,2,Keyword: cloud,
xipcj6uovohr.cf,2,Keyword: hr,
xipcj6uovohr.ga,2,Keyword: hr,
xipcj6uovohr.gq,2,Keyword: hr,
xipcj6uovohr.ml,2,Keyword: hr,
xipcj6uovohr.tk,2,Keyword: hr,
xjltaxesiw.com,2,Keyword: tax,
xkyvn2hr7t.mailbo.store,2,Keyword: hr,
xmrecoveryblogs.info,2,Keyword: recover,
xn--cloudflae-7n6d.com,2,Keyword: cloud,
xn--cloudflar-3f7d.com,2,Keyword: cloud,
xn--cloudflar-3f7d.net,2,Keyword: cloud,
xn--cloudflre-676d.com,2,Keyword: cloud,
xn--cloudflre-676d.net,2,Keyword: cloud,
xn--kabeldurchfhrung-tzb.info,2,Keyword: hr,
xn--mythrwalle-o12ej8aca.com,2,Keyword: hr,
xn--ruhr-universitt-bochum-e5b.de,2,Keyword: hr,
xn--taxinykping-xfb.se,2,Keyword: tax,
xn--tynnhret-e0a.com,2,Keyword: hr,
xn--uzzfeed-22a.com,2,Keyword: fee,
xohrmjpglr.mailbo.store,2,Keyword: hr,
xomaioosdwlio.cloud,2,Keyword: cloud,
xsecurity.org,2,Keyword: security,
xsiteservice.com,2,Keyword: service,
xsnews.cloudns.org,2,Keyword: cloud,
xswift.shop,2,Keyword: swift,
xsxsk6ohry.mailbo.store,2,Keyword: hr,
xtbanke.com,2,Keyword: bank,
xuseca.cloud,2,Keyword: cloud,
xuysjehrsi.mailbo.store,2,Keyword: hr,
xuzhrh8udt.mailbo.store,2,Keyword: hr,
xwpet8imjuihrlgs.cf,2,Keyword: hr,
xwpet8imjuihrlgs.ga,2,Keyword: hr,
xwpet8imjuihrlgs.gq,2,Keyword: hr,
xwpet8imjuihrlgs.ml,2,Keyword: hr,
xwpet8imjuihrlgs.tk,2,Keyword: hr,
xxiv.simplelogin.com,2,Keyword: login,
xyg.cloudns.org,2,Keyword: cloud,
xyrhrbrlkf.mailbo.store,2,Keyword: hr,
xyz-drive.info,2,Keyword: drive,
xzmail.cloudns.org,2,Keyword: cloud,
y1ybl.cloud,2,Keyword: cloud,
y2afq2faaf.mailbo.store,2,Keyword: 2fa,
y8gbc.cloud,2,Keyword: cloud,
y981ppe1a07kphr.xyz,2,Keyword: hr,
yaahr8jrav.mailbo.store,2,Keyword: hr,
yaelahrid.net,2,Keyword: hr,
yaholo.cloud,2,Keyword: cloud,
yahoo.cloud,2,Keyword: cloud,
yahoo.com.hr,2,Keyword: hr,
yahoo92.outlook.rest,2,Keyword: outlook,
yancyz.cloudns.be,2,Keyword: cloud,
yandexdrive.pro,2,Keyword: drive,
yanxin.cloudns.org,2,Keyword: cloud,
yashraj.tk,2,Keyword: hr,
yasminbanks.buzz,2,Keyword: bank,
yatanyaa.cloud,2,Keyword: cloud,
ycloudmail.com,2,Keyword: cloud,
ycwebmail.com,2,Keyword: webmail,
yddigitalservice.com,2,Keyword: service,
yesbitcoinn.com,2,Keyword: bitcoin,
yezminthomas.com,2,Keyword: mint,
yfacrwjtax.mailbo.store,2,Keyword: tax,
ygov.com,2,Keyword: gov,
ygpqauchrb.mailbo.store,2,Keyword: hr,
yhr93.club,2,Keyword: hr,
yhreibjyky.ga,2,Keyword: hr,
yhrggr5.shop,2,Keyword: hr,
yhrileteranre.ga,2,Keyword: hr,
yhrqf.anonbox.net,2,Keyword: hr,
yhwebmail.com,2,Keyword: webmail,
yigit.simplelogin.com,2,Keyword: login,
yihrqfbc5p.mailbo.store,2,Keyword: hr,
yiyuncloud.services,2,Keyword: service,
yody.cloud,2,Keyword: cloud,
yomuracloud.com,2,Keyword: cloud,
yonmoductseebm.cloud,2,Keyword: cloud,
yono777login.info,2,Keyword: login,
yorkcountygov.co,2,Keyword: gov,
youcloudme.tech,2,Keyword: cloud,
youmecloud.me,2,Keyword: cloud,
yourbox.mywire.org,2,Keyword: wire,
yourcambridgemortgageshrink.com,2,Keyword: hr,
yourchristmasplan.com,2,Keyword: hr,
yourfirststeps.blog,2,Keyword: irs,
yourgovernance.com,2,Keyword: gov,
yourhomesecured.net,2,Keyword: secure,
yournationalservice.com,2,Keyword: service,
yournationalservices.com,2,Keyword: service,
yournotice.xyz,2,Keyword: notice,
yourorder.xyz,2,Keyword: order,
yoursafeinv.website,2,Keyword: safe,
yoursafemail.com,2,Keyword: safe,
yoursaferate.biz,2,Keyword: safe,
yoursaferate.info,2,Keyword: safe,
yoursaferate.mobi,2,Keyword: safe,
yoursaferate.name,2,Keyword: safe,
yoursaferate.net,2,Keyword: safe,
yoursaferate.org,2,Keyword: safe,
yoursaferate.us,2,Keyword: safe,
yourssecuremail.com,2,Keyword: secure,
youtheatingdisordertreatment.com,2,Keyword: order,
youtheatingdisordertreatments.com,2,Keyword: order,
youthfeet.com,2,Keyword: fee,
yoyhrsw3af.mailbo.store,2,Keyword: hr,
ypthripbqi.mailbo.store,2,Keyword: hr,
ysi.simplelogin.com,2,Keyword: login,
ysoundfirst.info,2,Keyword: irs,
ytdownloader.cloud,2,Keyword: cloud,
yuhrd72gpy.mailbo.store,2,Keyword: hr,
yx.dns-cloud.net,2,Keyword: cloud,
yyx.cloudns.cl,2,Keyword: cloud,
yyx68.cloudns.asia,2,Keyword: cloud,
yzbytax0wy.mailbo.store,2,Keyword: tax,
z.6.electricistaurgente.net,2,Keyword: urgent,
z9.z9.cloudns.nz,2,Keyword: cloud,
zabankowani.pl,2,Keyword: bank,
zachrisso.com,2,Keyword: hr,
zahsdfes.cloud,2,Keyword: cloud,
zanairsafety.com,2,Keyword: irs,
zap.simplelogin.com,2,Keyword: login,
zapzap.delivery,2,Keyword: delivery,
zapzap.support,2,Keyword: support,
zapzapcloud.com,2,Keyword: cloud,
zbg8hr6y.luksarcenter.ru,2,Keyword: hr,
zcash-cloud.com,2,Keyword: cloud,
zedo8o.cloud,2,Keyword: cloud,
zeezooooo.cloud,2,Keyword: cloud,
zeft.cloud,2,Keyword: cloud,
zeniaservices.com,2,Keyword: service,
zeno.cloudns.org,2,Keyword: cloud,
zenthranet.com,2,Keyword: hr,
zeomconsultant.services,2,Keyword: service,
zephrmail.info,2,Keyword: hr,
zero.poisedtoshrike.com,2,Keyword: hr,
zetapool.cloud,2,Keyword: cloud,
zeuschimneyservice.com,2,Keyword: service,
zeyadooo.cloud,2,Keyword: cloud,
zeyadooooo.cloud,2,Keyword: cloud,
zfkbbhryti.mailbo.store,2,Keyword: hr,
zgvs.7441.electricistaurgente.net,2,Keyword: urgent,
ziggysdesigndriven.com,2,Keyword: drive,
ziptracker49062.info,2,Keyword: track,
ziptracker56123.info,2,Keyword: track,
ziptracker67311.info,2,Keyword: track,
ziptracker67451.info,2,Keyword: track,
ziptracker75121.info,2,Keyword: track,
ziptracker87612.info,2,Keyword: track,
ziptracker90211.info,2,Keyword: track,
ziptracker90513.info,2,Keyword: track,
zirsc.fun,2,Keyword: irs,
zithromaxdc.com,2,Keyword: hr,
zithromaxonlinesure.com,2,Keyword: hr,
zithromaxprime.com,2,Keyword: hr,
zjqhr6tzmc.mailbo.store,2,Keyword: hr,
zmd323.cloudns.ph,2,Keyword: cloud,
zmedia.cloud,2,Keyword: cloud,
znjjbhr9fu.mailbo.store,2,Keyword: hr,
zoanthropy.xyz,2,Keyword: hr,
zonethreellc.com,2,Keyword: hr,
zoramint.shop,2,Keyword: mint,
zoutlook.com,2,Keyword: outlook,
zp.61.fahrizal.club,2,Keyword: hr,
zstcvhruza.mailbo.store,2,Keyword: hr,
ztrackz.tk,2,Keyword: track,
ztsecurity.org,2,Keyword: security,
zugoservices.com,2,Keyword: service,
zuw8hrfeej.mailbo.store,2,Keyword: hr,
zuworiqhrp.mailbo.store,2,Keyword: hr,
zv3wzfizhr.mailbo.store,2,Keyword: hr,
zvvg97shr4.mailbo.store,2,Keyword: hr,
zxcdse.cloud,2,Keyword: cloud,
zyadoiii.cloud,2,Keyword: cloud,
zylpu4cm6hrwrgrqxb.cf,2,Keyword: hr,
zylpu4cm6hrwrgrqxb.ga,2,Keyword: hr,
zylpu4cm6hrwrgrqxb.gq,2,Keyword: hr,
zylpu4cm6hrwrgrqxb.ml,2,Keyword: hr,
zylpu4cm6hrwrgrqxb.tk,2,Keyword: hr,
